model,case_id,wavelength_nm,state_relative_rmse,routing_eta_rmse,absolute_order_rmse,thresholded_absolute_relative_median,pscale_relative_abs_error
C0,K6V1_S02,440,0.9177680893217465,0.239443347429938,0.0182398026235386,0.9704430284324651,0.35413232384277693
C0,K6V1_S02,441,0.8026571344800882,0.1588781834634333,0.011541679583817742,0.9488945626712573,0.3137598002005692
C0,K6V1_S02,442,0.6955783264956605,0.12002816012847133,0.010591798255810402,0.9067025374951845,0.3160369392063129
C0,K6V1_S02,443,0.6598198434640072,0.13364026069573617,0.015967511713244637,0.8840434872366667,0.346648837656663
C0,K6V1_S02,444,0.6677025918385326,0.1489864073626575,0.021915089672597223,0.718551042984875,0.3117960478405076
C0,K6V1_S02,445,0.7006695240941446,0.1731562197406669,0.03839307634654018,0.768315853180534,0.2331634567731462
C0,K6V1_S02,446,0.7019232369684791,0.1926677015465072,0.04198223786742979,0.7319780193233625,0.29710481502945646
C0,K6V1_S02,447,0.7175915865086699,0.20429484223085348,0.08357963895394886,0.691069234015684,0.12224856061117352
C0,K6V1_S02,448,0.7269072767216977,0.21843367325271318,0.12185473964818769,0.8612973246995089,0.07445908629152517
C0,K6V1_S02,449,0.7506013258746987,0.21392398217693806,0.1331054758072373,0.9034125499161145,0.10137463970575661
C0,K6V1_S02,450,0.7331710375606141,0.20847423391944958,0.13284041635692428,0.9477728857307304,0.1351959233129909
C0,K6V1_S02,451,0.7150671731999825,0.20077319511764868,0.11762950610999419,0.9512051202156337,0.14107806530476072
C0,K6V1_S02,452,0.6855224116293774,0.1925621430336215,0.08631125264757543,0.9472050137258202,0.1891840140066479
C0,K6V1_S02,453,0.6832877667384356,0.17828324052492533,0.06917419398296606,0.9209769022703217,0.1457381263060514
C0,K6V1_S02,454,0.6785945360479262,0.1688957044335628,0.05467053721058725,0.9115406109316029,0.1271829032794665
C0,K6V1_S02,455,0.6694447050001752,0.15991335370516108,0.04659080149184576,0.8917227422385559,0.0888286543623834
C0,K6V1_S02,456,0.667065321729649,0.14997897013727607,0.03305975060577715,0.9212669095536333,0.14477944072187876
C0,K6V1_S02,457,0.669557214580828,0.14492202063414336,0.019358710675590123,0.9085971475583429,0.3536038119049686
C0,K6V1_S02,458,0.7445108671214077,0.19411391269382094,0.025263754167695603,0.9562138729902248,0.48406344283929803
C0,K6V1_S02,459,0.7079854444955397,0.17797976498505852,0.017592689066002296,0.9206873857222493,0.3104267183563467
C0,K6V1_S02,460,0.6880977230154962,0.17259488971053927,0.015463885304192845,0.8794929947216946,0.2983181018494504
C0,K6V1_S03,440,0.8599952247677884,0.2026064084973294,0.019654657469347584,0.9293212606177474,0.01191187137423081
C0,K6V1_S03,441,0.8766381755151789,0.20009100812310085,0.02137370020685459,0.9230459915993462,0.04807788324129526
C0,K6V1_S03,442,0.8665619852933646,0.200340458356961,0.024582261226195664,0.9507771577608364,0.08045176705154708
C0,K6V1_S03,443,0.8634533430690593,0.1946992341298629,0.02862922535481993,0.9422269662381635,0.10591892691840989
C0,K6V1_S03,444,0.8652359898404969,0.1821301877686116,0.03483523721982771,0.918000509255132,0.09130494070286775
C0,K6V1_S03,445,0.8666671552577557,0.16842796393737647,0.04435147835892211,0.9191236027985165,0.0752350344462103
C0,K6V1_S03,446,0.8514046942166178,0.15401807383841498,0.03462847102746202,0.9056925558931712,0.12854013179625465
C0,K6V1_S03,447,0.8371511194076129,0.14302515663176443,0.060544767233178094,0.8823164827581003,0.06265969863362186
C0,K6V1_S03,448,0.8011496233900752,0.11893286652594835,0.05966180305245441,0.8279246615143371,0.08048056238536297
C0,K6V1_S03,449,0.7812720245111785,0.11944765517462921,0.06011850359830093,0.8598935856854066,0.13505852419110506
C0,K6V1_S03,450,0.7474352391427012,0.11331384072329802,0.0633811020706111,0.8702767525316237,0.1126883369234635
C0,K6V1_S03,451,0.7291670448507422,0.11084914790780051,0.0611571589795879,0.8734440630757575,0.09307505365548115
C0,K6V1_S03,452,0.7039993676490742,0.11823946386816359,0.0532207685594689,0.8665703258425297,0.1136403598919039
C0,K6V1_S03,453,0.7065038330156792,0.12209173398699229,0.048109123180880675,0.8496367162404408,0.09776597361654425
C0,K6V1_S03,454,0.721840869868223,0.13417417848606214,0.045469464748415275,0.8500423402319195,0.08167244137048296
C0,K6V1_S03,455,0.7462909518813178,0.15103959630309835,0.04500575309869437,0.9003180800363347,0.04523115382629308
C0,K6V1_S03,456,0.781607431451766,0.17188121316323218,0.044154683535447464,0.8462640750667414,0.005199363746545632
C0,K6V1_S03,457,0.8164785651563912,0.19995534093541995,0.042386213892101926,0.8200542232102872,0.0835449001005202
C0,K6V1_S03,458,0.8483270893549859,0.21674529033743564,0.037535602365206394,0.7797054222221964,0.10903821587430555
C0,K6V1_S03,459,0.8619979287477199,0.21374045519054127,0.029098066884554914,0.9008200583506393,0.011542091931608657
C0,K6V1_S03,460,0.8801044844625057,0.21203862504366877,0.022228672664702125,0.8740066504872464,0.15701504606997677
C0,K6V1_S04,440,0.7301687965645363,0.18727854850761277,0.017675282986191684,0.7898292718850545,0.10850924585172853
C0,K6V1_S04,441,0.7623414937765066,0.24750922316020277,0.024225464458048466,0.9574485651206351,0.4087257545003537
C0,K6V1_S04,442,0.7019358982031946,0.2014145393593103,0.02088430594038656,0.9521503702761783,0.4359902300292928
C0,K6V1_S04,443,0.6480875107152568,0.15966370296922902,0.01812344276302321,0.9377000807049576,0.23262547679286605
C0,K6V1_S04,444,0.6779974253693238,0.18944645534117183,0.031018473369345562,0.9079559575541517,0.35437226683196393
C0,K6V1_S04,445,0.6421499676446872,0.15245931232741025,0.02972290066061382,0.8710030580710278,0.27500980313448214
C0,K6V1_S04,446,0.6225107940196566,0.13519254092964586,0.023711408685496857,0.8597832006918862,0.3517222780960646
C0,K6V1_S04,447,0.6092073160620484,0.12049310077998843,0.03379588878047955,0.812928356013667,0.29434860877973673
C0,K6V1_S04,448,0.6029396185467291,0.11125545612788386,0.039928634998587405,0.9087298188643095,0.2792460769276423
C0,K6V1_S04,449,0.5961582218698268,0.10255339683478525,0.041275342173202736,0.9204554207240301,0.21563517230825374
C0,K6V1_S04,450,0.5765974675526395,0.09000173757545431,0.038947853942247916,0.9367490304838918,0.16848694850874596
C0,K6V1_S04,451,0.5502025593370238,0.0757036439145637,0.03307842517284364,0.9444854735992304,0.144766538130474
C0,K6V1_S04,452,0.6044257600954283,0.12184405155878275,0.04838185539911467,0.7438383304973927,0.18871938901573326
C0,K6V1_S04,453,0.5457854186610448,0.08751023549154752,0.03666041049461815,0.976719255795023,0.28442758225273
C0,K6V1_S04,454,0.5845795841589675,0.09622118706602337,0.03737280348345772,0.6799153217075539,0.3422957659749236
C0,K6V1_S04,455,0.6457763539035747,0.11660722195056501,0.02736702707329264,0.8675667657936436,0.3069868891214878
C0,K6V1_S04,456,0.7022149598217324,0.13721359072100756,0.026291677918098538,0.8103678287914207,0.1982769463371235
C0,K6V1_S04,457,0.727911062116185,0.14678509758659292,0.022904741206815966,0.7264769944791413,0.1364333788172513
C0,K6V1_S04,458,0.7329634997234011,0.14937227438833311,0.020588935095085543,0.6722027419320765,0.0409658779686727
C0,K6V1_S04,459,0.699346742280258,0.11814392987403093,0.01470877729153313,0.5601702457795087,0.04507034472808416
C0,K6V1_S04,460,0.6358482093385961,0.06892981297936866,0.007502288749543862,0.6178838632478048,0.04133957655433761
C0,K6V1_S05,440,0.7974959776026402,0.23800536558943336,0.022831449250112212,0.9549114347428751,0.05571594903402094
C0,K6V1_S05,441,0.7269062054345228,0.16962339418498928,0.016890908978215952,0.9260434462371986,0.08306562762696128
C0,K6V1_S05,442,0.6827084743952916,0.1510519624989863,0.016855271446273253,0.9202497558290565,0.10473616993543579
C0,K6V1_S05,443,0.6710447931142559,0.12995483950626305,0.016674030139046902,0.8751907545099947,0.13178375279023777
C0,K6V1_S05,444,0.658696347462393,0.12907704842726112,0.02060922595100258,0.8300760778972096,0.1865732778422999
C0,K6V1_S05,445,0.6699790575667747,0.1479290620168537,0.034288733504079634,0.9837957201241605,0.2335367790061871
C0,K6V1_S05,446,0.6870177278223405,0.17312135373146217,0.045809156975073456,0.9306150754282247,0.0313284069080828
C0,K6V1_S05,447,0.7164219184880666,0.1992053830343703,0.07745445952371294,0.9669093475952321,0.15442222285844517
C0,K6V1_S05,448,0.7821623184289546,0.24548508407858302,0.12489764670655641,0.9523068606123666,0.08074296746284271
C0,K6V1_S05,449,0.8153104299437564,0.26077769636482956,0.16170068499888576,0.9608840439557648,0.021258300094165253
C0,K6V1_S05,450,0.7875723145515751,0.23319312571182918,0.15474619584919064,0.9618296582953924,0.04287963226865905
C0,K6V1_S05,451,0.7592786400823526,0.20803848556734023,0.12784365979686507,0.9206239572084352,0.062433286942517804
C0,K6V1_S05,452,0.7309485763313837,0.20071101025577548,0.10744865807477111,0.8576707328106586,0.05062030154146939
C0,K6V1_S05,453,0.7375455387701702,0.19823884051602053,0.08670094109311584,0.8823827188226657,0.05459713544995026
C0,K6V1_S05,454,0.754055294007859,0.20782500540671608,0.06471659692838018,0.914151282405211,0.13755230122313392
C0,K6V1_S05,455,0.7708698817918328,0.2236807372432482,0.05528398179511972,0.932468907745377,0.16130152663800518
C0,K6V1_S05,456,0.7889040183296643,0.23731424391331973,0.04822331373240728,0.9474190050978699,0.15181587112064213
C0,K6V1_S05,457,0.806990223802665,0.23484928119717774,0.03729534488849498,0.9425219472229149,0.13028654994437494
C0,K6V1_S05,458,0.809293773601134,0.21399541398733327,0.026969976383385028,0.9165002523708455,0.10400630505677938
C0,K6V1_S05,459,0.7931728766722721,0.17480953590371362,0.019062766060652936,0.8108763984466039,0.04777365585788423
C0,K6V1_S05,460,0.7587486055231758,0.130236942545433,0.011991891864621679,0.7459835235061182,0.042757084836612315
C0,K6V1_S15,440,0.8865641358144324,0.2893006872767438,0.024398523234716002,0.9565145190518032,0.2161816797454999
C0,K6V1_S15,441,0.8949876253585751,0.3119977895919458,0.03257234242865828,0.9548427685158593,0.2418556364372165
C0,K6V1_S15,442,0.9087927320702919,0.3243588000431138,0.04147350303208095,0.9678318074553403,0.25726334247485544
C0,K6V1_S15,443,0.9268734923537932,0.3289265834180184,0.05400078336105447,0.977958866782476,0.2509722525165195
C0,K6V1_S15,444,0.9131306655187338,0.32972662882465387,0.06886378678317208,0.9738993096309883,0.23450989198803526
C0,K6V1_S15,445,0.9149907989552806,0.329861257692543,0.0913872387492115,0.9573073778248259,0.21041448809680058
C0,K6V1_S15,446,0.9158798155214825,0.3318230773347469,0.09133079083584775,0.9186717298320979,0.20642587086710903
C0,K6V1_S15,447,0.9135822802027409,0.3281166685545159,0.15145907072032727,0.8965075846430565,0.11383151875795541
C0,K6V1_S15,448,0.9375077234019964,0.32169416573731324,0.19276878345493523,0.9343260414214385,0.07523790634110163
C0,K6V1_S15,449,0.9405155973882575,0.32061044606135647,0.21853606071649462,0.9524194763546516,0.08008999959799114
C0,K6V1_S15,450,0.9382894320561256,0.29781194043806236,0.20729766861574025,0.9621338900877431,0.053586743348685885
C0,K6V1_S15,451,0.9081412252790002,0.2879347221419145,0.18578077179910957,0.9653076967617288,0.12710270156496
C0,K6V1_S15,452,0.8994894651025862,0.2883837451849272,0.1500863930575196,0.9561609441844934,0.17429115587042404
C0,K6V1_S15,453,0.8851084056203629,0.2770306336285363,0.12255019980097664,0.9608077213936084,0.12947429822597786
C0,K6V1_S15,454,0.8757036164823175,0.26302338596376584,0.09663796427989682,0.9486702175613945,0.09577984657064033
C0,K6V1_S15,455,0.865263540556072,0.24654555626752925,0.0745476942227013,0.9465015645089454,0.08528890405638415
C0,K6V1_S15,456,0.8366229400386724,0.22788954971959086,0.05409770132400578,0.9323359991615771,0.13501534481092192
C0,K6V1_S15,457,0.8113777948491843,0.2078451633275799,0.03647115331550179,0.9088520458517879,0.23841471945037193
C0,K6V1_S15,458,0.792785076465859,0.1902233283072158,0.025472059455618062,0.8571430826367255,0.3483933172374609
C0,K6V1_S15,459,0.8053737760466276,0.19563032162858784,0.023704362779777752,0.6993325226337446,0.3828325481827408
C0,K6V1_S15,460,0.8737054388923247,0.2300168336982994,0.02561599029893099,0.9380580061057415,0.02801218803038631
C0,K6V1_S16,440,0.8340847026540718,0.2531164812342488,0.019070061855628893,0.965248630585889,0.20298135819224267
C0,K6V1_S16,441,0.7743619506043536,0.20717580240806546,0.018633802988133347,0.9418145331278058,0.18773049129279826
C0,K6V1_S16,442,0.7474842547961356,0.18658879742874668,0.02045086609835533,0.937449859319655,0.14071672017826317
C0,K6V1_S16,443,0.7320793997838085,0.16823415544673462,0.022954842186817963,0.9565004941180035,0.1674377463026544
C0,K6V1_S16,444,0.6858372866965418,0.12550872454306689,0.021651424250520922,0.930907194588251,0.11740987622617471
C0,K6V1_S16,445,0.6196889242575793,0.09253352378571239,0.0205076268862336,0.8879299345475576,0.09798195247814812
C0,K6V1_S16,446,0.6477144552141277,0.11333188013077282,0.026341861836347697,0.9430332162807679,0.08160808618659797
C0,K6V1_S16,447,0.6079772266213526,0.08359002728785986,0.02725189351732873,0.8206371269071944,0.09535516662304197
C0,K6V1_S16,448,0.6627568246516411,0.11234336261377809,0.07044766287129116,0.8554195832507064,0.0814561861337032
C0,K6V1_S16,449,0.752474555880414,0.1820708983112227,0.12936652894550582,0.9440645913185192,0.16437122301353096
C0,K6V1_S16,450,0.8359042396980212,0.2380448805697891,0.16245278779312747,0.9705140532363687,0.12061886830725893
C0,K6V1_S16,451,0.7553738234633701,0.18634486440362985,0.10789974317470875,0.906451299574305,0.036321994463998745
C0,K6V1_S16,452,0.702669498161944,0.1435340961949556,0.060270948386104,0.9752204179409251,0.12290521726401303
C0,K6V1_S16,453,0.6805523276317879,0.11816177114261342,0.043995753302862324,0.9459273724173,0.0810198457102377
C0,K6V1_S16,454,0.6908503897726455,0.10173641824600897,0.03221659112038525,0.951348057982044,0.041127901457208224
C0,K6V1_S16,455,0.7046909977288148,0.09172171679764282,0.0382081231661055,0.9008919093689063,0.17008558709670413
C0,K6V1_S16,456,0.7173780865035326,0.1036169462886697,0.045022103950614345,0.9512562605734991,0.4778998069350995
C0,K6V1_S16,457,0.7021597656548327,0.16326669902377527,0.042558022742090654,0.9903762188929199,0.5636340376052587
C0,K6V1_S16,458,0.6815644349392601,0.18884402504691528,0.03114349878390641,0.9307708222710354,0.10768873013556689
C0,K6V1_S16,459,0.6061202201122244,0.12944786156367433,0.014016833566825943,0.6833472067856947,0.29273560948356553
C0,K6V1_S16,460,0.5557814710978493,0.06948248266256939,0.02162059526330933,0.7423921513529871,0.46662892557271923
C0,K6V1_EXT01,440,0.6098335552749586,0.08741886125008677,0.009048737193494184,0.7644436138306339,0.04216752398079364
C0,K6V1_EXT01,441,0.5823599367057981,0.08510226739183549,0.01326137898407589,0.8461089044032006,0.159941344435187
C0,K6V1_EXT01,442,0.6298935801470806,0.09582684331373177,0.01604874955581884,0.9365652217562898,0.10787392918751375
C0,K6V1_EXT01,443,0.46745500363929676,0.037746229306043655,0.004130955562609507,0.915776702212648,0.11023051924973974
C0,K6V1_EXT01,444,0.427971499247959,0.02914738442128359,0.00590549711094645,0.7102398692840735,0.007717983466935098
C0,K6V1_EXT01,445,0.3934268487914641,0.015063089851875006,0.0058679834564377914,0.5112169315229101,0.08021686177082055
C0,K6V1_EXT01,446,0.4217442168246783,0.011657031279129313,0.008777686599063824,1.0848263000269989,0.11419469788023946
C0,K6V1_EXT01,447,0.48610967026386925,0.012194607744548091,0.014291300070467623,0.74114764472359,0.06918854096018291
C0,K6V1_EXT01,448,0.6034643087869772,0.041296896339531326,0.050889474105734966,0.758271104915462,0.1970687438183201
C0,K6V1_EXT01,449,0.6981369158765516,0.08498139303924541,0.08765456250963144,0.7216902704616536,0.23618452076013965
C0,K6V1_EXT01,450,0.6703046279678446,0.08053018359370638,0.10034963396645841,0.7309956434869124,0.3260507883846692
C0,K6V1_EXT01,451,0.6410387400637791,0.0764243158656082,0.08829389649922857,0.6809998069241237,0.30114518946375346
C0,K6V1_EXT01,452,0.7521582682847981,0.08625842992946359,0.1314080895305131,0.6923623609800897,1.2882922574568536
C0,K6V1_EXT01,453,0.5843706892799614,0.06043091207982846,0.045690485083399755,0.9723205887239178,0.16841383427324663
C0,K6V1_EXT01,454,0.5724925608791949,0.06863336234268434,0.037028418589397115,0.9780171664473025,0.14526174001322767
C0,K6V1_EXT01,455,0.5981964524097028,0.09121341280613693,0.036316907104495054,0.922591179642216,0.14600898726329403
C0,K6V1_EXT01,456,0.642689806631261,0.11816052452154155,0.03611862901170636,0.9960267892242786,0.1536190866702859
C0,K6V1_EXT01,457,0.6728381296208095,0.14586809121434574,0.0326068661003904,0.8038872313107159,0.10299706262143886
C0,K6V1_EXT01,458,0.7345485652231089,0.19151906919032843,0.03156166895555036,0.8449930376366499,0.03704812298340403
C0,K6V1_EXT01,459,0.8063245955310434,0.24242977212164074,0.03255011324901743,0.8578364468042882,0.21007703041286674
C0,K6V1_EXT01,460,0.9072513373301638,0.27272995546810713,0.031123601423607063,0.9567226561089524,0.24580094188558002
C0,K6V1_EXT02,440,0.9213198396825656,0.27128426702500136,0.027169181528846176,0.8255992529797653,0.36917309644501584
C0,K6V1_EXT02,441,0.8983418611425699,0.2744511853774784,0.0321438824123549,0.9273925954972518,0.32247230101008806
C0,K6V1_EXT02,442,0.8707433837649132,0.2734544328043147,0.03830889230256826,0.9257539514130144,0.2513622778418799
C0,K6V1_EXT02,443,0.8651500878655528,0.2758994982671318,0.04766973732610621,0.8202028862730779,0.15908931057606426
C0,K6V1_EXT02,444,0.8694247124797196,0.27480085853504566,0.06053789427923653,0.8318732260639912,0.041671298210369426
C0,K6V1_EXT02,445,0.8874987065832324,0.28103783696561246,0.08284706770979497,0.8549177850718938,0.07053905744452571
C0,K6V1_EXT02,446,0.8975590796470067,0.27743320979756275,0.07864748424377901,0.8746290699393154,0.071720764883555
C0,K6V1_EXT02,447,0.9148214892290738,0.2659940847539383,0.11992079051835215,0.8798507927592167,0.037419061865050375
C0,K6V1_EXT02,448,0.9104985260134996,0.24582495516314049,0.1411701125841626,0.8773325957477961,0.017980507738728224
C0,K6V1_EXT02,449,0.8659922486788248,0.21503062230785522,0.14749764175041852,0.8501193868384371,0.07891025252544709
C0,K6V1_EXT02,450,0.8296311693662795,0.20654111452801885,0.14447265052793354,0.9878347580628354,0.011066038207270212
C0,K6V1_EXT02,451,0.8671604529745988,0.24113305205498645,0.1553920264197026,0.982517867264976,0.03658422127983376
C0,K6V1_EXT02,452,0.8797048936926701,0.2560429723684908,0.1401587164590387,0.9333919244720672,0.009265862665357269
C0,K6V1_EXT02,453,0.8732796900194242,0.25959109183738865,0.12261397591440591,0.9233922202183209,0.09300466133125197
C0,K6V1_EXT02,454,0.8717635259565953,0.26054695483899526,0.10051024279125757,0.9388888308851066,0.1585971393037403
C0,K6V1_EXT02,455,0.8816535004136806,0.25602551918101973,0.08250148177570034,0.9284336457201784,0.22766621773267032
C0,K6V1_EXT02,456,0.8727950813295998,0.24629249624928992,0.06662676239775805,0.9330658088539101,0.2761980041421714
C0,K6V1_EXT02,457,0.8527971852682682,0.23746626817883748,0.05190254986922567,0.9045126281909845,0.27265761617904977
C0,K6V1_EXT02,458,0.8477568525723647,0.22710240856962957,0.04079478801592115,0.9072714757320177,0.2460194851018909
C0,K6V1_EXT02,459,0.8481434617342358,0.2239391451066555,0.03313568774305654,0.9458214001390779,0.212604413593754
C0,K6V1_EXT02,460,0.8694424915575711,0.2220750394466147,0.027027870750294964,0.9597802324787712,0.15377168755129533
C0,K6V1_EXT03,440,0.7152674855064415,0.14160536880095162,0.016358602165920146,0.8968358670862753,0.2159251476561144
C0,K6V1_EXT03,441,0.6747205778731885,0.09755308244292901,0.007414872732666169,0.8370822739591994,0.16943763687056726
C0,K6V1_EXT03,442,0.6644358803011677,0.11239543240177677,0.010714026543057354,0.8435638117852935,0.17914521272718475
C0,K6V1_EXT03,443,0.6557435383009595,0.1166944757299148,0.014657794649753548,0.8408369305997047,0.16291592450632003
C0,K6V1_EXT03,444,0.6356048367790614,0.11331043336520501,0.01915789855161935,0.9843521262607366,0.14256154114358044
C0,K6V1_EXT03,445,0.6344661415858913,0.1001497973391083,0.020179524135651595,0.9582269678648714,0.16139091968670216
C0,K6V1_EXT03,446,0.6473838102755703,0.10493840489197523,0.020374551999646634,0.8943402420040935,0.19336116646986476
C0,K6V1_EXT03,447,0.6260122479039357,0.09170353907017766,0.027877113298209806,0.8255608785275665,0.19782878627035438
C0,K6V1_EXT03,448,0.5876463295452794,0.0802898792489196,0.03208567573488463,0.8107253951408769,0.21237200635769757
C0,K6V1_EXT03,449,0.5695815107690246,0.07489681526506528,0.033088365043270285,0.7536876232298725,0.18639675511270565
C0,K6V1_EXT03,450,0.5599175722928948,0.07120639656236348,0.0326634349930407,0.5419662308708745,0.13214183109182276
C0,K6V1_EXT03,451,0.5555993539953115,0.07698613322560133,0.03863483176735905,0.4955539438607958,0.0840953174287491
C0,K6V1_EXT03,452,0.540651966870297,0.06545116390797429,0.03316665209076097,0.9046409642142298,0.021424574934522253
C0,K6V1_EXT03,453,0.5589469778253109,0.06483819681500452,0.020015486160250007,0.7319356487982389,0.14951059197107822
C0,K6V1_EXT03,454,0.6020799329153576,0.07940846545412857,0.025704332613092285,0.8524282326102133,0.27218239946866324
C0,K6V1_EXT03,455,0.6780512267994706,0.10968100698664134,0.02813660566821716,0.7398019459413105,0.3616816319015135
C0,K6V1_EXT03,456,0.7680085409948794,0.15155016332340338,0.027480787262215412,0.7872628897735774,0.2761766575660947
C0,K6V1_EXT03,457,0.7916239140129606,0.16559750660310169,0.03203908231291404,0.7633204388492487,0.060119301986713954
C0,K6V1_EXT03,458,0.765484877809059,0.1518210095603637,0.02828037655206702,0.8509358099334792,0.1230758398543898
C0,K6V1_EXT03,459,0.6875563502612103,0.12541046338760134,0.02177726380765389,0.8377332592635522,0.2046483667357355
C0,K6V1_EXT03,460,0.681617782341976,0.11488409483009773,0.015261225330999547,0.7669646904725069,0.09479192425576366
C0,K6V1_EXT04,440,0.6850162215702988,0.1258807611768453,0.013888105634768673,0.5872542010465437,0.12829924347779076
C0,K6V1_EXT04,441,0.6438048750621087,0.10982136649405795,0.012854604207935598,0.5336159192770213,0.028321325093345527
C0,K6V1_EXT04,442,0.6169627391753553,0.09929479766480002,0.011749715664372495,0.4952923604287737,0.0593821308408654
C0,K6V1_EXT04,443,0.604060779270347,0.08759900664943757,0.010975848903094911,0.7764471086831091,0.12120870910197357
C0,K6V1_EXT04,444,0.588134739123607,0.08342061520928629,0.01287508408652418,0.6711889087070644,0.1702228675411826
C0,K6V1_EXT04,445,0.5824836209344144,0.08434098623682039,0.017981185729560173,0.3150252633340637,0.18744981254090998
C0,K6V1_EXT04,446,0.5992214175133044,0.07808233056909164,0.017029038315475392,0.3716209219810273,0.22045261053505227
C0,K6V1_EXT04,447,0.5615373636103237,0.06892971423175957,0.0291263053874804,0.6195098924360829,0.21354907450433994
C0,K6V1_EXT04,448,0.6242778189184017,0.07564974341329007,0.031877720459852654,0.8459875048700141,0.20242805998420127
C0,K6V1_EXT04,449,0.6452277892935788,0.09025074244919114,0.04293276524989984,0.6661667420100293,0.1779449728260567
C0,K6V1_EXT04,450,0.6427863809396868,0.11394336072069848,0.06616294178181001,0.5416367428712117,0.12408393264229256
C0,K6V1_EXT04,451,0.6333616864689539,0.11282805159842206,0.05954677547150539,0.9652784875453544,0.1347289575356534
C0,K6V1_EXT04,452,0.6083857084381031,0.1000592068637277,0.03927335870541255,0.5881216513751777,0.16547612179133675
C0,K6V1_EXT04,453,0.591215559098628,0.07551708171159983,0.02375417472917447,0.884063367833397,0.14119858887202957
C0,K6V1_EXT04,454,0.5729744898822482,0.05795841529896273,0.01444439423499708,0.9017077086669927,0.14918430972140848
C0,K6V1_EXT04,455,0.5554462652325508,0.042997462309977114,0.011760930986672982,0.8988139706036935,0.15705773125778136
C0,K6V1_EXT04,456,0.5464764746010768,0.029324036845439203,0.016234395445862426,0.8515079372011686,0.1979148494182628
C0,K6V1_EXT04,457,0.5197685565679177,0.026738689494402654,0.030934437579389636,0.8896459896694995,0.3366745135898969
C0,K6V1_EXT04,458,0.5564852838974452,0.0417270499746888,0.012432194259433696,0.5882260271859511,0.19813693209423594
C0,K6V1_EXT04,459,0.5381445874905498,0.037830374435288236,0.007172268096122479,0.8603168033130303,0.15941381753092987
C0,K6V1_EXT04,460,0.5296553709456668,0.04045751585739439,0.004280851011925566,0.42837229404431865,0.136563967334725
C0,K6V1_EXT05,440,0.6407953815437205,0.1272568782266926,0.013881171265893973,0.8486820624270656,0.12528236128661688
C0,K6V1_EXT05,441,0.5867768854821387,0.09385054910696357,0.012102422875548175,0.7783579103107672,0.0766105886592594
C0,K6V1_EXT05,442,0.535925940898228,0.07681941581126768,0.011094376174834155,0.7007581882626781,0.03030326882578858
C0,K6V1_EXT05,443,0.49451320422225914,0.04848812909101661,0.0061945419947134804,0.6897439665914906,0.04148136025114979
C0,K6V1_EXT05,444,0.4691463522170609,0.02704645456551,0.008688370925658148,0.08831535647473916,0.14066860651316387
C0,K6V1_EXT05,445,0.48777917687562583,0.025256563292177358,0.02477543509138474,0.8273808249418757,0.21496871623276861
C0,K6V1_EXT05,446,0.4848190293587162,0.05081614193528701,0.008344569587352819,0.5268382970257754,0.10414268726124852
C0,K6V1_EXT05,447,0.5630567458422481,0.05766577847442362,0.02076721502912855,0.5251571270710311,0.051030683189039305
C0,K6V1_EXT05,448,0.6178167064874315,0.09498525599583556,0.0713829483656876,0.6828471795865465,0.14915095399607387
C0,K6V1_EXT05,449,0.6505916505187866,0.1409116188006046,0.09714758495862033,0.7468221195978588,0.04690992396436667
C0,K6V1_EXT05,450,0.5922500654216005,0.11232916079538634,0.08224560397350102,0.8328977084705036,0.038493313293069445
C0,K6V1_EXT05,451,0.5744133909139837,0.1018616854853083,0.06709419939520131,0.8827864639688989,0.012586204532797879
C0,K6V1_EXT05,452,0.5967601351658586,0.10248360242510444,0.05445437148088426,0.8370253341649374,0.010652314545114786
C0,K6V1_EXT05,453,0.584243191895807,0.10802665643307394,0.051979969279846626,0.9397859132139054,0.02503334569149672
C0,K6V1_EXT05,454,0.614652370747638,0.12469524325613496,0.047858829286296235,0.6915014742819164,0.030274622762716374
C0,K6V1_EXT05,455,0.6382333814516505,0.1407524848723749,0.046100015805784926,0.5800132651789781,0.07377946990167566
C0,K6V1_EXT05,456,0.6741767189006275,0.1479781482686858,0.0400042965249814,0.6599487543359543,0.090545240246456
C0,K6V1_EXT05,457,0.7281282779531237,0.15454366169594852,0.031799593071230106,0.7557341101116396,0.046107638156132565
C0,K6V1_EXT05,458,0.8133667258092102,0.2053745584920003,0.03592649726607003,0.9237175922871885,0.17083569485904138
C0,K6V1_EXT05,459,0.7455885942375783,0.2015912080588645,0.029517289876039916,0.8376532950865658,0.20958728281675018
C0,K6V1_EXT05,460,0.8115435734082724,0.2412036024666928,0.027496026154066874,0.864149274181066,0.034042890395862196
C0,K6V1_EXT06,440,0.9630458691769116,0.3134829644533315,0.03600409760883927,0.9648300151512941,0.33886524840817783
C0,K6V1_EXT06,441,0.9832735836231404,0.31148961311816126,0.04020947587957914,0.9797943676570344,0.32106555969499984
C0,K6V1_EXT06,442,0.9824213707506192,0.305095274058563,0.046882928491773085,0.9721533732113359,0.41671905045984364
C0,K6V1_EXT06,443,0.9275418691098887,0.26735047433126424,0.05396148308041645,0.9754476341584165,0.7261946772052769
C0,K6V1_EXT06,444,0.868973422249024,0.2387506097590271,0.06608544833986824,0.92760667128692,0.8300323749396499
C0,K6V1_EXT06,445,0.8992426871888274,0.2571244578271577,0.08680215923830806,0.9249283862415466,0.5072760069744062
C0,K6V1_EXT06,446,0.9317662333490663,0.28697945218661713,0.0885400319641253,0.9536054023124036,0.28827997604705075
C0,K6V1_EXT06,447,0.9551538965935199,0.2787590200387153,0.13900668530666252,0.9592150231460533,0.260291716777692
C0,K6V1_EXT06,448,0.9229401926373021,0.2731040241016598,0.16996776896852117,0.9752272113038376,0.1607411797888337
C0,K6V1_EXT06,449,0.9491654786008688,0.2904883410062087,0.20479002805511873,0.9659781580535107,0.09940720128253083
C0,K6V1_EXT06,450,0.9497535866585759,0.2905029750921686,0.21779019816405545,0.9513077479811668,0.09277080393555436
C0,K6V1_EXT06,451,0.9498390262949339,0.2926903760978162,0.21158553391726523,0.9581550730895545,0.16126742247166118
C0,K6V1_EXT06,452,0.9604728362402298,0.29833287296221567,0.18619213847074792,0.9711322883878416,0.23609330916121762
C0,K6V1_EXT06,453,0.968071750745452,0.2981279406015732,0.1531547435160855,0.9647734701536315,0.3065163222777319
C0,K6V1_EXT06,454,0.9691895384748416,0.3016171306125713,0.12747648756679889,0.9684640671050073,0.3837328549452643
C0,K6V1_EXT06,455,0.9809048035066075,0.30426203190772594,0.1049333025254518,0.9575415609930763,0.4285768990261664
C0,K6V1_EXT06,456,0.9932408035303729,0.30370877251858314,0.08242124476443734,0.9650942135436269,0.3931151817616348
C0,K6V1_EXT06,457,0.9904692531497663,0.3068725003655862,0.06277553662962049,0.9202428950379558,0.2994147898069695
C0,K6V1_EXT06,458,0.9845753711800408,0.3139650363386785,0.052531450282171516,0.894574457278654,0.34403592631651214
C0,K6V1_EXT06,459,0.947294029709498,0.3173237774036931,0.04118638069287836,0.9364664116996562,0.5290288673170235
C0,K6V1_EXT06,460,0.8701545510805265,0.27738225450071924,0.02989102727134873,0.858534023864744,0.46274556266638855
C0,K6V1_EXT07,440,0.8102925435057012,0.19510790633072184,0.021806823026459907,0.9564186092440031,0.204861498125123
C0,K6V1_EXT07,441,0.8029919863982257,0.1904644319007049,0.02473033655001646,0.9412195241569742,0.20215344433361293
C0,K6V1_EXT07,442,0.7980841784971284,0.1848913446289305,0.029735869621116538,0.9336462021271303,0.2351589031401697
C0,K6V1_EXT07,443,0.7915329693990346,0.1851562620696381,0.03669225104955445,0.9548674261363135,0.20647376295017608
C0,K6V1_EXT07,444,0.7957627169245124,0.17987734590635995,0.046295942618017304,0.9603029891995556,0.1919789697968767
C0,K6V1_EXT07,445,0.8086964421996907,0.18234002529516471,0.06391134657003993,0.9723140620114196,0.1666064818429256
C0,K6V1_EXT07,446,0.8053743611978991,0.18220126478394347,0.05501728540244865,0.9616846305845087,0.08963006457757582
C0,K6V1_EXT07,447,0.8275940783599636,0.18793059444527474,0.07934753334306205,0.8961055703927199,0.03123652351698458
C0,K6V1_EXT07,448,0.8350944944714936,0.2029182294118663,0.1081622353092521,0.9142780139566423,0.06119280209586959
C0,K6V1_EXT07,449,0.791230938303956,0.18912463119929407,0.12099664241158845,0.8754427439676657,0.055578100252937246
C0,K6V1_EXT07,450,0.792105072703444,0.1962798770220983,0.1369939308583162,0.8773899307232756,0.039505755488762694
C0,K6V1_EXT07,451,0.799446205506386,0.20498957550519772,0.13816836321824064,0.9670008497389128,0.007213935313630141
C0,K6V1_EXT07,452,0.7989573700504755,0.2072176919284937,0.12473081494504659,0.9752860023230363,0.032639112497043564
C0,K6V1_EXT07,453,0.8108812653804279,0.20128414651832707,0.09529138530465167,0.9518838454837816,0.010859368101739954
C0,K6V1_EXT07,454,0.8139795150066739,0.2008116623496141,0.07556446166385027,0.9132218088872955,0.0003409954692064612
C0,K6V1_EXT07,455,0.8229281864115074,0.19878877296774744,0.06002544489700433,0.9202789312134614,0.014154890496783782
C0,K6V1_EXT07,456,0.823572423229541,0.19309806849653202,0.045385458028802984,0.9039633452167939,0.058792411545639564
C0,K6V1_EXT07,457,0.8043115386148658,0.19044086335010085,0.032911245437664875,0.843122911525784,0.14406957455849692
C0,K6V1_EXT07,458,0.7880200857696554,0.1897565119102293,0.02506707924746046,0.7914601314639818,0.2136987331151271
C0,K6V1_EXT07,459,0.7665573902506654,0.19609338483320862,0.021732278183535063,0.7780955598872294,0.23034854992235457
C0,K6V1_EXT07,460,0.7633837154350136,0.20379579605763465,0.01862019294893775,0.8353009614377122,0.23689399094745905
C0,K6V1_EXT08,440,0.891511583666553,0.23531596356294018,0.023948349821724477,0.9569899090709462,0.26217685306311
C0,K6V1_EXT08,441,0.8671324838156291,0.23129808848846597,0.027225228999748715,0.9244559091356499,0.2746788376943545
C0,K6V1_EXT08,442,0.8765051666468979,0.2381645627028209,0.033327777902431445,0.9463146057516039,0.24870273317985847
C0,K6V1_EXT08,443,0.8769901698904197,0.23314273778678296,0.04357122944889256,0.947141603229918,0.3219965099465535
C0,K6V1_EXT08,444,0.8924588313333649,0.23618369278523055,0.05893997748211845,0.9528339552479352,0.42148207278269506
C0,K6V1_EXT08,445,0.8749385838940499,0.23577658447397873,0.082036460891747,0.9581711182694621,0.5170385219480914
C0,K6V1_EXT08,446,1.0015653609669175,0.3358243124124055,0.10112187311441541,0.9253913853853648,1.0431341993921082
C0,K6V1_EXT08,447,0.9574354370181186,0.29824477705481484,0.14496142617220903,0.982181402691342,0.14209559989392279
C0,K6V1_EXT08,448,1.052847193810392,0.2905476382933297,0.16393040668496833,0.9717867767652807,0.07963843633518464
C0,K6V1_EXT08,449,1.132481317996446,0.3384558544952668,0.2172461344852029,0.9411851510062973,0.03697996248356878
C0,K6V1_EXT08,450,1.2077215565248376,0.37284756587373064,0.24883541033704556,0.95444734977896,0.02703744750635144
C0,K6V1_EXT08,451,1.2004516266397152,0.4018599463741388,0.25209912730056877,0.9759596961419162,0.010054833724781517
C0,K6V1_EXT08,452,1.163403721593888,0.41721121150786383,0.21219721119591473,0.983861002258394,0.06138101573252364
C0,K6V1_EXT08,453,1.147698415385866,0.4174252234975248,0.18519773961624478,0.9725886422166276,0.008212181865155935
C0,K6V1_EXT08,454,1.1329802323659026,0.4175059095773668,0.15224205662554335,0.9793347040436657,0.07400017687509701
C0,K6V1_EXT08,455,1.120769787441781,0.405347593230914,0.12504723733940307,0.9849527136258376,0.17679686027170702
C0,K6V1_EXT08,456,1.0860118446994151,0.37352541842882325,0.0951579177521887,0.9731676016472216,0.22273480336783036
C0,K6V1_EXT08,457,1.0421230105573573,0.3375798913209009,0.06945232612247217,0.9480909562445656,0.17267465477204766
C0,K6V1_EXT08,458,1.0094467847560857,0.3186224187347522,0.05615039376397691,0.9216294544017853,0.08933508011299326
C0,K6V1_EXT08,459,0.9966900237215062,0.31021015236137345,0.04409814504843036,0.9039987912038657,0.09108904686527407
C0,K6V1_EXT08,460,0.9920120197599934,0.30834765202276115,0.03685346238705281,0.871009776843364,0.08975956683790587
C0,K6V1_EXT09,440,0.9807126749922569,0.3161121121963511,0.031128556083208647,0.921445185626823,0.4973551123554883
C0,K6V1_EXT09,441,0.9914627351652281,0.31703126822972694,0.039113173897890825,0.9641397221092554,0.472102064479636
C0,K6V1_EXT09,442,0.9869685334363849,0.3049062874070728,0.045889511519365406,0.9780636609470517,0.3399942112139136
C0,K6V1_EXT09,443,1.0124542632937745,0.3446899561323868,0.06062144225977935,0.993240952911397,0.16276480442465285
C0,K6V1_EXT09,444,0.9981465116913296,0.2649104458010564,0.06626824676639856,0.9913747477688175,0.37499309110427265
C0,K6V1_EXT09,445,0.9760813410132296,0.2763349707983403,0.088083699401852,0.9851940786574725,0.14464975224497942
C0,K6V1_EXT09,446,0.916207617560602,0.2723355777018195,0.0782680939099579,0.9809119679528654,0.14719044493761188
C0,K6V1_EXT09,447,0.9253542156598141,0.27990919011088516,0.12913494421699423,0.9902165391489657,0.1284732445333152
C0,K6V1_EXT09,448,0.907570410219276,0.2822852843426189,0.1621725639753167,0.9837791631030558,0.15544216957225834
C0,K6V1_EXT09,449,0.8887526178537891,0.28618701845936423,0.19423032619864777,0.943501981095867,0.0936661187892691
C0,K6V1_EXT09,450,0.884858887070469,0.29334096338498405,0.20636122273924848,0.9060921135404026,0.033907962856691724
C0,K6V1_EXT09,451,0.8901920224824229,0.3041363149147324,0.20205413315994303,0.8811398328230597,0.008176493918941397
C0,K6V1_EXT09,452,0.904038894882912,0.32819625091799126,0.18609458665828393,0.9601811792146698,0.03452172272255878
C0,K6V1_EXT09,453,0.8863965867923027,0.2952213792930163,0.14083232729509704,0.991123768871532,0.0059939173407698165
C0,K6V1_EXT09,454,0.9220214711820187,0.32195549385163974,0.12423553670985525,0.9480474668411834,0.015037278353565834
C0,K6V1_EXT09,455,0.921461151021782,0.33819507189808534,0.1054208866480503,0.9547129279648859,0.02947814259381708
C0,K6V1_EXT09,456,0.922033949704995,0.34586050953093184,0.08671921660749919,0.9582999079179184,0.034805062766968174
C0,K6V1_EXT09,457,0.9228003623164216,0.34313170325462494,0.0712930633821836,0.9789976602196317,0.15966612544753844
C0,K6V1_EXT09,458,0.9175364199221019,0.33534655254435203,0.056756659460009115,0.9756522480298567,0.1607193200267907
C0,K6V1_EXT09,459,0.917242658775673,0.3313057379863958,0.04757995093617505,0.9728711178155817,0.12095944786938126
C0,K6V1_EXT09,460,0.9227201235787834,0.3470034919105901,0.039723089809583195,0.9704224697532017,0.06119748055880206
C0,K6V1_EXT10,440,0.8817077802673963,0.28018655005443666,0.032628273245823715,0.932320945848013,0.527072851738657
C0,K6V1_EXT10,441,0.8676444231848565,0.28649029326629327,0.0363095730924656,0.9602398290056944,0.44413289836477077
C0,K6V1_EXT10,442,0.8805626872579978,0.29661672015554436,0.043645036925729935,0.9605757527268112,0.43308681009688926
C0,K6V1_EXT10,443,0.844449815143004,0.28222645854882955,0.05317906051059479,0.9602409758016577,0.39331005577090333
C0,K6V1_EXT10,444,0.843788135734989,0.27279438649025006,0.06632501969545207,0.9658914962673136,0.3975982494263313
C0,K6V1_EXT10,445,0.8332586431180302,0.26797072373040975,0.0872375729306827,0.9385946259930324,0.33793720950259715
C0,K6V1_EXT10,446,0.8732738873397046,0.2972749568528014,0.08486781819886534,0.9675826509977281,0.2645092762943076
C0,K6V1_EXT10,447,0.7469982375320883,0.21227537031150548,0.09484060592281732,0.9445223072765154,0.10679828385109638
C0,K6V1_EXT10,448,0.7689982852900148,0.23259137124128063,0.11590513066419511,0.9316423486109191,0.06844982986445829
C0,K6V1_EXT10,449,0.7731763971613682,0.23615514357323106,0.13702659027489442,0.9360464898066656,0.06893188007489467
C0,K6V1_EXT10,450,0.7747330811934561,0.24170776650130438,0.15318413075424325,0.9251442500540803,0.005111461981970114
C0,K6V1_EXT10,451,0.7902295652527095,0.24719647966902222,0.15440343268903894,0.9133233483752972,0.08721848031525962
C0,K6V1_EXT10,452,0.7993127077559146,0.2549167902486283,0.1293961581099029,0.9534645250283763,0.07130742460331684
C0,K6V1_EXT10,453,0.8140038810404422,0.25122129198757326,0.11753006232035532,0.9224884960848094,0.15319447092520386
C0,K6V1_EXT10,454,0.8143878548622705,0.25161176949313496,0.08967572620369642,0.951440779521683,0.010794737238507227
C0,K6V1_EXT10,455,0.8279840005766057,0.27665945350369436,0.07749103192427169,0.9564269276024401,0.24291727207637664
C0,K6V1_EXT10,456,0.8909930646258066,0.3261754259486955,0.08208016126844844,0.9795911901903328,0.40859839952542587
C0,K6V1_EXT10,457,0.9532489928941792,0.36413495848019123,0.0692869638446693,0.9763126482490987,0.35677710108439575
C0,K6V1_EXT10,458,1.0011722011405917,0.3984238491661413,0.06398524902420366,0.9610406442683485,0.19857700213619822
C0,K6V1_EXT10,459,1.0064430035771577,0.40133880827016444,0.05312331620615902,0.9504387098079048,0.007298864421235651
C0,K6V1_EXT10,460,0.9671111788187444,0.3703809402870139,0.043867368728803834,0.9427978089483143,0.19037037549301666
C0,K6V1_EXT11,440,0.8255835665957696,0.2145127172487189,0.01956870552080654,0.9442023374200526,0.016116737013746635
C0,K6V1_EXT11,441,0.8214120682280914,0.21653804126872206,0.021748952919641688,0.9816464091141908,0.06354874293157514
C0,K6V1_EXT11,442,0.8676846571608865,0.2502957359988135,0.030308709575854277,0.9808308557944191,0.11215593179122142
C0,K6V1_EXT11,443,0.8315092572654089,0.23037771013656028,0.03556078731609387,0.9932047850364285,0.11919393808366764
C0,K6V1_EXT11,444,0.8386921278553754,0.2344540711313123,0.046109800471778484,0.9900565987234633,0.15157489668048635
C0,K6V1_EXT11,445,0.8460645077810531,0.23126461550252114,0.06046364835081993,0.9539942122513108,0.1784127526281465
C0,K6V1_EXT11,446,0.881616751481723,0.2505596626026919,0.05783728329681389,0.9880257946390312,0.27163358975942237
C0,K6V1_EXT11,447,0.8301394542250589,0.23138095014878202,0.08426861523577582,0.9072123380682653,0.28090013130917363
C0,K6V1_EXT11,448,0.8259542841294372,0.2263267162954185,0.10647627656839113,0.8796581899173402,0.2701837300758138
C0,K6V1_EXT11,449,0.8250206061884587,0.2329679511385186,0.13155463638483367,0.8500565907891859,0.22052674245400514
C0,K6V1_EXT11,450,0.8193042223460187,0.23566101186644942,0.1460880114060256,0.983479361382983,0.15787677403745348
C0,K6V1_EXT11,451,0.8360002367111722,0.24592708740940683,0.1466331910696077,0.9723049003580739,0.11159422496943953
C0,K6V1_EXT11,452,0.8829827486884129,0.25885174482207407,0.12713310991794227,0.9824522325767149,0.07650945710622314
C0,K6V1_EXT11,453,0.8545776441815868,0.26122727625171827,0.10972715136909716,0.9820871109384289,0.1567720215953496
C0,K6V1_EXT11,454,0.8829175326221592,0.2780417969677968,0.09165600503440689,0.983964722647761,0.2586373107409228
C0,K6V1_EXT11,455,0.907458184948125,0.29959929600895574,0.08337780654995143,0.9886427211136878,0.3233151300157458
C0,K6V1_EXT11,456,0.9152839238443422,0.31323022095149294,0.07613806205216966,0.9916370035479438,0.34592394336780913
C0,K6V1_EXT11,457,0.9042151268981998,0.3107219558698404,0.0628744711136718,0.9815531096799747,0.36210863702455337
C0,K6V1_EXT11,458,0.9020040398840908,0.306211196091514,0.05241221985742715,0.9700657016747883,0.3578853209273799
C0,K6V1_EXT11,459,0.9038644225735004,0.3056896344967981,0.04427577041551956,0.9634739840037294,0.35095999734151256
C0,K6V1_EXT11,460,0.899921985332809,0.3101221662963862,0.037684566553546614,0.9590178057984137,0.34058340149474703
C0,K6V1_EXT12,440,0.7397282711878492,0.15775582905037716,0.014881653208999245,0.7921565726498343,0.0219435409380881
C0,K6V1_EXT12,441,0.7516283961529355,0.16771438146691714,0.018973182060685115,0.8338916950445511,0.024395079177383316
C0,K6V1_EXT12,442,0.7712131863249598,0.1790034920486411,0.0240031292162082,0.8871009023463858,0.002469875764456184
C0,K6V1_EXT12,443,0.7836117392769453,0.19094441265858556,0.032877686013644346,0.9402085616377,0.021853356097269943
C0,K6V1_EXT12,444,0.8013877227643071,0.20744352306556052,0.04716897582869088,0.9539867633953067,0.06577788551087105
C0,K6V1_EXT12,445,0.8365292348512243,0.23907752026405052,0.07737276458021876,0.9658812065112422,0.2437240876222588
C0,K6V1_EXT12,446,0.9033603087520391,0.28322604926873357,0.08773786964809571,0.8913527308592916,0.7278201478741914
C0,K6V1_EXT12,447,0.869721963256892,0.25773990957056625,0.12662365971232184,0.9073000758267644,0.337854128643296
C0,K6V1_EXT12,448,0.8268822643482541,0.19453492368707553,0.12288115017642014,0.7871356001601674,0.18075701187447726
C0,K6V1_EXT12,449,0.807880563474466,0.19888872158940366,0.14157463134334822,0.8319193576896262,0.1403502237125368
C0,K6V1_EXT12,450,0.8065435663079294,0.20179513978593888,0.14997309294914274,0.8271519259777185,0.15746105166480903
C0,K6V1_EXT12,451,0.7857771505763025,0.18969948876981196,0.13749261667763943,0.7840550644396637,0.21431893773086635
C0,K6V1_EXT12,452,0.7786073567599495,0.18446895678630595,0.11669354790490252,0.7756207681156224,0.26825202112756796
C0,K6V1_EXT12,453,0.7785509855859171,0.1855250392082202,0.10398004155122582,0.8242062353635331,0.3605908504528365
C0,K6V1_EXT12,454,0.8026389804314913,0.20233032430155595,0.08914568202162845,0.8651098856179725,0.36614275528810714
C0,K6V1_EXT12,455,0.8489283629606956,0.23009131846264627,0.07879111842087244,0.8927563845306564,0.3283515970916637
C0,K6V1_EXT12,456,0.8886599024486739,0.24307747127357346,0.06507451989891752,0.9057817615499781,0.1771477456174387
C0,K6V1_EXT12,457,0.8868712067564114,0.21726853898537404,0.04433428781241677,0.9257649973487135,0.03278606799279294
C0,K6V1_EXT12,458,0.8700617731411,0.19307978864527048,0.02967643167414607,0.8677721699439971,0.187109021631904
C0,K6V1_EXT12,459,0.8528614443791864,0.17812627937896175,0.021796063557810958,0.8235605172069432,0.2465606413444972
C0,K6V1_EXT12,460,0.8576471512221736,0.17668466948788017,0.01791741764946932,0.911993221135253,0.29531024293798613
C0,K6V1_EXT13,440,0.5632215797047371,0.11375948760030571,0.014561201716253452,0.8959164453203653,0.18259303957957027
C0,K6V1_EXT13,441,0.580416303756196,0.11725727202099986,0.017589154973170703,0.8619033051639095,0.17691827449547073
C0,K6V1_EXT13,442,0.5705130435198337,0.08019940516459409,0.018945988332957513,0.6958063232553733,0.2659626425545201
C0,K6V1_EXT13,443,0.5811900302254228,0.10280662113483532,0.020824881992451468,0.7577150461917807,0.08843759933230609
C0,K6V1_EXT13,444,0.5774552070657836,0.09351171053781769,0.023173780431459755,0.9140119395334791,0.05772781850584514
C0,K6V1_EXT13,445,0.5788202283136707,0.08637985333839884,0.026804142628055055,0.9266344596241336,0.019233032702915
C0,K6V1_EXT13,446,0.5931996197415601,0.08438343105782412,0.03183357099135116,0.7800052716029331,0.11563330351554586
C0,K6V1_EXT13,447,0.5943993664298163,0.07682203565255015,0.03662650520447028,0.8444003534284201,0.00974887098652374
C0,K6V1_EXT13,448,0.6014803888103611,0.07113227011507967,0.038932858653255534,0.746541530418976,0.023554465820488327
C0,K6V1_EXT13,449,0.602868286829336,0.07285873835174199,0.045616046936687034,0.800440400780696,0.03177423032018243
C0,K6V1_EXT13,450,0.6014921765284079,0.0753191707769317,0.051953937979754804,0.7978638550110806,0.022311883692951326
C0,K6V1_EXT13,451,0.6069370231621415,0.08188641596965587,0.0565113511853822,0.7788931722512731,0.006528388971175685
C0,K6V1_EXT13,452,0.6183231369088936,0.0945853982681458,0.05490847923286679,0.874878315072495,0.014929689234020344
C0,K6V1_EXT13,453,0.6275255353229948,0.1050595282502049,0.04541507742937874,0.8410301908276706,0.04887697753163149
C0,K6V1_EXT13,454,0.6586498525874827,0.1197547356081932,0.04350684922707924,0.8763614574864275,0.03732657772396919
C0,K6V1_EXT13,455,0.6887431932210638,0.13028787296367747,0.04023159219887361,0.8434412828367277,0.0022786052918466523
C0,K6V1_EXT13,456,0.7147751671449216,0.13030496046606962,0.03699152442741398,0.8277099870162286,0.08411855469060024
C0,K6V1_EXT13,457,0.7071694733019662,0.11653841289935284,0.030905460820926222,0.7327166802887951,0.17303882015781363
C0,K6V1_EXT13,458,0.7089319945819795,0.10740415088441711,0.024845754804406164,0.6306014211814844,0.21618808458342706
C0,K6V1_EXT13,459,0.6900790528307362,0.09719366823200193,0.019940569193692727,0.8630013363398833,0.23782730591528495
C0,K6V1_EXT13,460,0.6905780679750199,0.08743499799831536,0.012400240940970537,0.8172127437634771,0.13132391606721083
C0,K6V1_EXT14,440,0.524978274067031,0.04155747381196524,0.002764187855008745,0.4397306952532758,0.05387417737623814
C0,K6V1_EXT14,441,0.5039214339017445,0.049406431851458946,0.0031797546244795596,0.6752186710678725,0.10199659908399931
C0,K6V1_EXT14,442,0.479739184849179,0.05162853904586203,0.004092347718419421,0.6485006809323764,0.1503338845091545
C0,K6V1_EXT14,443,0.5010855625776801,0.06349904964829547,0.006720073966592936,0.7337858868278989,0.19257870076324612
C0,K6V1_EXT14,444,0.5086854045092177,0.06682890793523355,0.009884096738982731,0.7349384784510922,0.20523616867103936
C0,K6V1_EXT14,445,0.5084704753505528,0.0655276055418144,0.01229334609712975,0.7466935779493986,0.16764204014499764
C0,K6V1_EXT14,446,0.5234483877942454,0.06507675448932247,0.013285278038472985,0.6316105106411243,0.0992693561797793
C0,K6V1_EXT14,447,0.5158779291052207,0.06145773392298688,0.02014609597428309,0.6428307074621202,0.08998637816876472
C0,K6V1_EXT14,448,0.5402432741087022,0.05519695251625246,0.021111141030421995,0.5134477649737549,0.09974111206201823
C0,K6V1_EXT14,449,0.5480857185397254,0.05825088202899723,0.02508174824358809,0.6561567360005871,0.0995441396600067
C0,K6V1_EXT14,450,0.5522200223222824,0.0640087853835259,0.03014604087177851,0.609337877532355,0.0981124398483011
C0,K6V1_EXT14,451,0.5623407122498697,0.07227490921214264,0.03154344098574996,0.7177000486316563,0.1131334223316974
C0,K6V1_EXT14,452,0.586745640306173,0.08833983117168376,0.03192547951421651,0.8431939563620898,0.1470687915521738
C0,K6V1_EXT14,453,0.5974962628424714,0.10338899251343349,0.03213476006721886,0.8916572134806519,0.16751318915563462
C0,K6V1_EXT14,454,0.6119387556169978,0.12152044886833362,0.03776337312225364,0.8951697166340113,0.11883166324982129
C0,K6V1_EXT14,455,0.6467814333224273,0.13157632606467803,0.03657590331963225,0.8973771143970082,0.08274930815490597
C0,K6V1_EXT14,456,0.6805359716352251,0.1474355295597947,0.0324532042827915,0.8883386941410757,0.08903133828849602
C0,K6V1_EXT14,457,0.689678083076641,0.15371902924087386,0.02406429245260399,0.8502769928647227,0.12679888423673363
C0,K6V1_EXT14,458,0.6898909966391891,0.15352388057490554,0.019160827149704098,0.848561462527621,0.1181799441800021
C0,K6V1_EXT14,459,0.6768066548410505,0.14828520079451388,0.014266735171201248,0.8041803741727387,0.13094536475222462
C0,K6V1_EXT14,460,0.6718634777302785,0.14005227341834703,0.012073743750249557,0.8453646872965743,0.09483192486998686
C0,K6V1_S35,440,0.8408403704534415,0.2854736658018373,0.025062425870337125,0.972426917498495,0.29342093044257994
C0,K6V1_S35,441,0.8423541547208142,0.2820216406924239,0.029547969864740866,0.9711348199750809,0.25918156740166187
C0,K6V1_S35,442,0.8689995523960506,0.29251017920230815,0.03782705957645131,0.9866902288368807,0.21674705936185668
C0,K6V1_S35,443,0.7916706260911173,0.23216406531072503,0.04061471208976908,0.9519750288342445,0.07057059799717905
C0,K6V1_S35,444,0.7771133445898124,0.22701301480713598,0.050261048655218174,0.9626840727992182,0.009285463476298716
C0,K6V1_S35,445,0.8006091767618541,0.23654999190297885,0.07013377540447516,0.9635019375394476,0.007537432205970914
C0,K6V1_S35,446,0.8484795018160726,0.26881134972287873,0.07340732193648254,0.9799564087085959,0.1271661578107403
C0,K6V1_S35,447,0.8395254660863528,0.2653029604943146,0.1189725704899982,0.9566424030636083,0.047735439367804826
C0,K6V1_S35,448,0.844604606287082,0.26911148521949224,0.15269328564853238,0.9362294928293293,0.04706275449805408
C0,K6V1_S35,449,0.8416105153493837,0.2765382726007456,0.1820833755731466,0.9549047415570917,0.0322022929043765
C0,K6V1_S35,450,0.8400459681670793,0.27947143855564094,0.1940581480399029,0.9544634214357194,0.008117634967538085
C0,K6V1_S35,451,0.8497602868578008,0.28277424205520707,0.18337202901614605,0.9601547553383311,0.00879036695404872
C0,K6V1_S35,452,0.8743091151827862,0.2928670728224563,0.158394458638332,0.979279886814981,0.07174860955918545
C0,K6V1_S35,453,0.881676067407688,0.3028280007692581,0.13794521686114172,0.9618843291763779,0.12990972640552356
C0,K6V1_S35,454,0.8807344168362289,0.29114530946808326,0.10524822659968254,0.9776681111153449,0.1647541168300575
C0,K6V1_S35,455,0.79528643730294,0.2243370867571485,0.0653488549369819,0.9688930549123599,0.07656178637259667
C0,K6V1_S35,456,0.8519191129031087,0.2988708647726677,0.0748762747359054,0.9806581924760724,0.3260383250328467
C0,K6V1_S35,457,0.8523775187500826,0.3294650214955408,0.07571320806624818,0.9732828200142634,0.4202559540641685
C0,K6V1_S35,458,0.8228243668644957,0.3280514735299024,0.06153858648793056,0.9304566267126896,0.38437400042925224
C0,K6V1_S35,459,0.7975448633245208,0.3118870251327858,0.04568735026834075,0.9292374274281086,0.2859032355463589
C0,K6V1_S35,460,0.7775866528883345,0.29383668999911544,0.03442343864424477,0.9258859687572689,0.1923073581583861
C0,K6V1_S39,440,0.6788864222552489,0.21582008770304417,0.017366672955646343,0.9361527668593929,0.26262077838167985
C0,K6V1_S39,441,0.6989034752766146,0.2208567447343231,0.02117598281816279,0.9727569289099163,0.2677186420843812
C0,K6V1_S39,442,0.7105974368071388,0.22019712973462444,0.02561761066529645,0.971877646756759,0.2406750320763445
C0,K6V1_S39,443,0.7121047709856907,0.22177846903435477,0.03371262114464039,0.9643861256506789,0.18512983536779648
C0,K6V1_S39,444,0.7085020721882158,0.21341369344809383,0.04377178582735142,0.9614474689945808,0.11086026843968981
C0,K6V1_S39,445,0.7075725932615592,0.21023034802632087,0.06110997176648944,0.971664808322719,0.045331996726085476
C0,K6V1_S39,446,0.707973598414242,0.2086993769500495,0.05775532194655929,0.9643853038672674,0.03286670985223039
C0,K6V1_S39,447,0.7106258579981741,0.2098056942406743,0.09604404290404193,0.9554474514977415,0.004333123801640132
C0,K6V1_S39,448,0.7058543723866533,0.21450827455270702,0.12019072896987022,0.9387618401799064,0.04370816308821871
C0,K6V1_S39,449,0.6934395162244413,0.20869430083376309,0.13706882426596959,0.9526046871098771,0.016296601462649826
C0,K6V1_S39,450,0.6989409300834375,0.2114124734841791,0.1418558462396789,0.8913586223697064,0.06758313673168123
C0,K6V1_S39,451,0.7068135496101151,0.21453895665295603,0.13383874912145047,0.8612465217905022,0.08843865879406579
C0,K6V1_S39,452,0.7237715407804637,0.22388254228706866,0.1172144089870685,0.9076603655382072,0.11099650782374533
C0,K6V1_S39,453,0.7165176448793001,0.22865087102511034,0.1033298240347007,0.9442167864201347,0.06965667093287237
C0,K6V1_S39,454,0.7221685588718998,0.23378100551475864,0.08663307333920221,0.9501968162361578,0.023730349780575696
C0,K6V1_S39,455,0.7362265379961256,0.23661551493386485,0.07336235820632508,0.9730951217741097,0.033937590393179784
C0,K6V1_S39,456,0.7546044742682593,0.24422966032633717,0.06327761264326513,0.9221651251694769,0.08386570068991762
C0,K6V1_S39,457,0.7538471013628909,0.2506802184154173,0.05238565268004926,0.8320203856618662,0.10341715012715919
C0,K6V1_S39,458,0.7587113941188061,0.2570905080364043,0.04401578173840437,0.8301698494159145,0.12194129425793185
C0,K6V1_S39,459,0.7771061204051385,0.265203862243247,0.037545539202514654,0.9025774865092249,0.13179816586533852
C0,K6V1_S39,460,0.8009091156588327,0.27351612954575627,0.03229614191652844,0.9442899548176393,0.13066021645108614
C0,K6V1_S21,440,0.9017024053620807,0.19983160422000695,0.01903781201895018,0.9432892811858926,0.0072782741452655664
C0,K6V1_S21,441,0.880052534566603,0.1855695941412693,0.020994841429096325,0.8784714965696452,0.0002393708862722916
C0,K6V1_S21,442,0.8522799626239714,0.1760675716406798,0.023964509075138536,0.8831349892862526,0.0019305980051391915
C0,K6V1_S21,443,0.8513692728267876,0.1620547188355762,0.028119393894265526,0.880933657194751,0.015441488296442846
C0,K6V1_S21,444,0.8374520386931282,0.15542879997814332,0.036095689839305556,0.8995504667906012,0.044367721320023826
C0,K6V1_S21,445,0.8399262141412245,0.15359839080839052,0.04887726340744669,0.9080777650216817,0.05583185711898258
C0,K6V1_S21,446,0.8396489850797668,0.14925937894542163,0.04561656578743308,0.7882439236239781,0.06866237282275331
C0,K6V1_S21,447,0.8546652407926102,0.14946588018892434,0.069622028343167,0.7320993075188496,0.022975792091208605
C0,K6V1_S21,448,0.8746688056703243,0.16938936014522077,0.092941598443423,0.6631084732734975,0.05375664600752907
C0,K6V1_S21,449,0.8662903657401083,0.1476327698212793,0.0952171284376626,0.6100936028452297,0.02860156640033865
C0,K6V1_S21,450,0.8552920247057749,0.15360488562280838,0.10400265573113525,0.5914030970711737,0.032955032016070925
C0,K6V1_S21,451,0.8541506744260394,0.15948901623186532,0.1051408454686404,0.6802135254939481,0.003562188130440568
C0,K6V1_S21,452,0.8486238626472716,0.1685078164492092,0.0949465945850467,0.8125472103074248,0.02568744859897183
C0,K6V1_S21,453,0.8722357173980876,0.1692960930437415,0.08519861195216762,0.9301988818736228,0.10038678551294815
C0,K6V1_S21,454,0.8900710011565581,0.16765561986106087,0.069287473936778,0.941165643149452,0.11144848948636987
C0,K6V1_S21,455,0.8929166435180611,0.1656498980516487,0.05593761411332056,0.9040255694278228,0.09705316561465771
C0,K6V1_S21,456,0.9018083261885896,0.16239193656445586,0.045213385854091744,0.8914274363898841,0.08728940574719526
C0,K6V1_S21,457,0.9024944369342992,0.16186297643525158,0.03441955120319574,0.8340131735167577,0.023517965119577006
C0,K6V1_S21,458,0.896887133194845,0.16543567542658905,0.0273766242066253,0.805339018055391,0.03878565730783769
C0,K6V1_S21,459,0.8890312437542349,0.17366098164092114,0.02174031820639019,0.7869668084179996,0.12998702291939676
C0,K6V1_S21,460,0.8926862329283766,0.18380406414069222,0.018159049179684795,0.8131122870433296,0.21713047704295793
C0,K6V1_S42,440,0.8484201599683925,0.2742170390421263,0.02892572871408489,0.9445513680700065,0.7652367541240813
C0,K6V1_S42,441,0.8224992224082479,0.2666565957869137,0.033998357609181414,0.9449947230855327,0.774081606847969
C0,K6V1_S42,442,0.776342836673154,0.2419695707894036,0.039132596553193774,0.948267458650939,0.742621565645513
C0,K6V1_S42,443,0.8332322883821098,0.26592287959588323,0.050438880908404954,0.9492118757810492,0.583450934277645
C0,K6V1_S42,444,0.8481729366109458,0.2722001425444945,0.06682981596223941,0.9179262233514189,0.6650181544889426
C0,K6V1_S42,445,0.8419659470318136,0.27529905294217444,0.09291835289106559,0.9457254182544208,0.8060674076840408
C0,K6V1_S42,446,0.8339923378647319,0.255802753089814,0.07873032657457323,0.9371447826373495,0.3689814572517778
C0,K6V1_S42,447,0.8928887412769204,0.2899457718301716,0.14126423884668723,0.927531014063227,0.5576442365744115
C0,K6V1_S42,448,0.9045227585206562,0.29859816063870614,0.1772618323532943,0.9510738390431779,0.37977304651521465
C0,K6V1_S42,449,0.9435912150999441,0.3220124827963808,0.21457166117058984,0.9558244598599542,0.24485148846031538
C0,K6V1_S42,450,0.8942706590008337,0.3139512524824652,0.21935723647301067,0.9246760169818128,0.3357246433744374
C0,K6V1_S42,451,0.9478747173453257,0.3041974734477086,0.2054799336964358,0.9537121506771331,0.5229372736053083
C0,K6V1_S42,452,0.9846886862212275,0.3634789705932987,0.19346030317071167,0.9656212732634132,0.5148484587802774
C0,K6V1_S42,453,0.8813106080640851,0.2527070964571713,0.12392611327891635,0.9515193717226336,0.22057861190101133
C0,K6V1_S42,454,1.0118905859136615,0.3762954342407248,0.13344392087410667,0.9422059867806897,0.7075210435471067
C0,K6V1_S42,455,0.988473194504164,0.3791254052934349,0.10987105648157894,0.9282814796602585,0.5944783061871943
C0,K6V1_S42,456,0.9514704925894499,0.36408732052405485,0.08807825617248057,0.8956360105270216,0.46809104625264936
C0,K6V1_S42,457,0.9169244769458104,0.3436308403819563,0.06810614464748499,0.8130465810573523,0.29984757515439087
C0,K6V1_S42,458,0.8974188724546394,0.3246894925978415,0.053528704402351454,0.8050095135112068,0.1640906611746195
C0,K6V1_S42,459,0.8962063347974356,0.30878617013742593,0.04262672261597703,0.8923252953328862,0.05851872901354997
C0,K6V1_S42,460,0.9147439059463575,0.3169212872329517,0.036475179328260346,0.9473896287220418,0.13357845212922675
C0,K6V1_S36,440,0.9212167917428777,0.2433338697207422,0.024772990758118972,0.9738512825275631,0.24067375215493306
C0,K6V1_S36,441,0.9245190614586057,0.2378833951234166,0.02825113727917413,0.9687632660130115,0.16862692499603318
C0,K6V1_S36,442,0.9158526188440372,0.2355847598108508,0.03293644954963759,0.9588485245276211,0.10131567847411964
C0,K6V1_S36,443,0.9217323635757005,0.2310805374934808,0.03971818941737284,0.9363407896430386,0.044162671351461805
C0,K6V1_S36,444,0.9444844038843685,0.23133254218557348,0.050204991455687985,0.9288459211475844,0.013005417499114507
C0,K6V1_S36,445,0.973907800393318,0.23985913825016944,0.06903269694579882,0.938813687225535,0.07393192670815256
C0,K6V1_S36,446,1.0428211005278212,0.2715565112644384,0.07810813656781405,0.9330874230459456,0.14995756422234827
C0,K6V1_S36,447,1.0189078795969186,0.27790272271358785,0.13505033572869088,0.9283142351813478,0.5243940193567356
C0,K6V1_S36,448,0.9593509273774434,0.2628867008613745,0.1654975973966086,0.8302624813414471,0.49880920286923547
C0,K6V1_S36,449,1.0097538033115612,0.2963923494685564,0.20211660020643518,0.8989374527761085,0.24238507844379342
C0,K6V1_S36,450,1.0274631824290064,0.3106907190870594,0.21863628682733605,0.9173465689029832,0.1520010616791426
C0,K6V1_S36,451,1.0303127040267592,0.31239912520176377,0.20480690589432815,0.9100760327842102,0.13847642320218934
C0,K6V1_S36,452,0.9804432181408159,0.2912993902751145,0.16032684632247288,0.939945943463454,0.06970618486871925
C0,K6V1_S36,453,1.0038909909803302,0.27984392388979556,0.13326816074164588,0.8991481296058601,0.22187206254517428
C0,K6V1_S36,454,0.9943950022565086,0.2782765373973056,0.106860370824208,0.9301396614968626,0.2053076639095711
C0,K6V1_S36,455,0.9945951620936855,0.2701820900931046,0.08509001494782384,0.9006161470272217,0.17744240176496304
C0,K6V1_S36,456,0.9937376793438103,0.2517955870103641,0.06640322679415026,0.8498577854205618,0.1559491698549187
C0,K6V1_S36,457,0.9825545541944544,0.23564228976820015,0.050325563942885905,0.8610899392911846,0.0957019930361659
C0,K6V1_S36,458,0.9678528945048486,0.21944035366302841,0.03819529381509066,0.8392337373917581,0.037480188768261216
C0,K6V1_S36,459,0.9480042345151832,0.20883570270760485,0.029665024889810453,0.857351497851956,0.014229124355613135
C0,K6V1_S36,460,0.9963914617389955,0.2608526110937845,0.03194736182379901,0.8821080013092477,0.17809121816360246
C0,K6V1_S31,440,1.0717326199610162,0.37434800743095525,0.03362716704825639,0.9248114018338833,0.6676512589147503
C0,K6V1_S31,441,1.0565543763092666,0.35110254765486737,0.0384245990893711,0.9564972682261966,0.48904739544465287
C0,K6V1_S31,442,1.019757737321479,0.3188832221366289,0.043281063143493906,0.9470337175193702,0.4027591834799747
C0,K6V1_S31,443,1.0408501636503702,0.2792046296034082,0.04860859825501959,0.9499708551867124,0.2056951215922036
C0,K6V1_S31,444,1.0978274295106776,0.3020678979651053,0.06632652814445418,0.962044093378843,0.052070218464293994
C0,K6V1_S31,445,1.117469450639067,0.29651865463176363,0.08885512557641971,0.958936652274708,0.07185918619052085
C0,K6V1_S31,446,1.176972498422338,0.31709739734714015,0.08949284580563965,0.9911539689165864,0.12541103088425992
C0,K6V1_S31,447,1.1891142697676562,0.2925320560309491,0.1362465358831462,0.9542368067440914,0.24836010500983988
C0,K6V1_S31,448,1.2788263847869752,0.30019324227573646,0.17536399630875688,0.974740597901783,0.3141106358426742
C0,K6V1_S31,449,1.274091831535692,0.32937324647902244,0.21764584784749041,0.9040065066893078,0.3459251038353914
C0,K6V1_S31,450,1.2925645167615338,0.34407015222664755,0.23636694446830686,0.9108663857778692,0.3145726940146332
C0,K6V1_S31,451,1.297939784679431,0.3534142968870825,0.22622950509113418,0.9101708837762174,0.38187073962236384
C0,K6V1_S31,452,1.273617910839257,0.39051850606611643,0.20765115157991026,0.9713338423046713,0.2864459808068018
C0,K6V1_S31,453,1.2111895586942794,0.3730241065150868,0.16845389704425362,0.9157563037578443,0.30977885366460206
C0,K6V1_S31,454,1.2363212896333238,0.35607607418134835,0.13052696249801832,0.9067607589733355,0.9105514429672497
C0,K6V1_S31,455,1.2451249835735296,0.347162304913176,0.10688960824945147,0.8830686489154321,1.3986167879496394
C0,K6V1_S31,456,1.2477892967599995,0.3509345083150477,0.08795346623222572,0.7996998114232089,1.5348227129848606
C0,K6V1_S31,457,1.2497828710531385,0.3620497845040004,0.07071255776288012,0.671479896413782,1.2905486301024132
C0,K6V1_S31,458,1.2400416663968228,0.3726134783166259,0.05859568913206827,0.6626326172824765,1.041346960112274
C0,K6V1_S31,459,1.2332932548203421,0.3836029690917311,0.04983030685172485,0.7107380188267487,0.8327788564181318
C0,K6V1_S31,460,1.2675883437534767,0.3899582526678068,0.042231733965043795,0.81627567408795,0.8048039528792846
C0,K6V1_S45,440,0.8248923942665477,0.23122281655327626,0.023691967413564243,0.938818455966409,0.23990842214171854
C0,K6V1_S45,441,0.8518019879222339,0.2927908199992552,0.03473024777478831,0.9879457121645799,0.4770808207374566
C0,K6V1_S45,442,0.8303996130010859,0.2964392213338954,0.04225676437744153,0.9645496934555795,0.498263475362708
C0,K6V1_S45,443,0.8165680875064063,0.284459731843253,0.05080383796028606,0.9490340411008799,0.359179138398078
C0,K6V1_S45,444,0.7970285371547399,0.260527737493738,0.05914496242870181,0.9629701254982806,0.14148080989924142
C0,K6V1_S45,445,0.7881179918287358,0.2502596327063067,0.07387787325592338,0.9787761857485899,0.031633384043858265
C0,K6V1_S45,446,0.6554113174079635,0.1431350416998665,0.03982024204438215,0.7921924380018653,0.008549155258472333
C0,K6V1_S45,447,0.7044212449840959,0.170351194363056,0.06486284358498477,0.974714076431083,0.1948840593175514
C0,K6V1_S45,448,0.7216294496584943,0.2029208306873553,0.11999170260462505,0.969899882614932,0.0719964749438022
C0,K6V1_S45,449,0.7459744026305373,0.1984462014968699,0.1482853246139742,0.9619711369126381,0.25387121223588494
C0,K6V1_S45,450,0.7503216888018227,0.17900452422210958,0.14261118919525304,0.9362363010384784,0.19946668648800892
C0,K6V1_S45,451,0.7479259123837669,0.16646953839167375,0.12329072422995437,0.8975141858431086,0.1535432493980159
C0,K6V1_S45,452,0.7089252378213772,0.13312116368040977,0.08041247614910237,0.8562194354305731,0.07117222900717018
C0,K6V1_S45,453,0.7495676925459892,0.15066203559297542,0.08770871267835403,0.8900195993124035,0.258089655556285
C0,K6V1_S45,454,0.7409464255045156,0.1421443270386589,0.0705558241574501,0.8749658951502409,0.3084373404471078
C0,K6V1_S45,455,0.7439799219980268,0.1315186812099697,0.05745848559861201,0.8104266738459769,0.36186466163192677
C0,K6V1_S45,456,0.7425348935225814,0.11652354870683929,0.04493020613946412,0.8355258762886922,0.38183196227657284
C0,K6V1_S45,457,0.7165875506325395,0.10236617490801175,0.03198009164009519,0.6135016313329754,0.32140950769321286
C0,K6V1_S45,458,0.6890804678723574,0.09257655727906029,0.022694681462119375,0.5768912200093294,0.24469753235424407
C0,K6V1_S45,459,0.6653352922544558,0.08992226152325992,0.016617499915757818,0.45469194701380766,0.16616352101917803
C0,K6V1_S45,460,0.644119262862028,0.06304613886139207,0.008045836946741042,0.6030639932998398,0.031009538583744712
C0,K6V1_S32,440,0.47003432838034553,0.023789027137765664,0.002050094828802237,0.4556819390778969,0.10074538176875972
C0,K6V1_S32,441,0.4639390631989108,0.026974337607359518,0.004308682265388187,0.6109298294346108,0.14695618528197735
C0,K6V1_S32,442,0.45175348668864374,0.02162955108323852,0.007886818632774309,0.7594928322258012,0.18111116228375623
C0,K6V1_S32,443,0.44966605617131306,0.03217679126615583,0.00937865112873453,0.7780098626851935,0.19357843632893443
C0,K6V1_S32,444,0.447006675780165,0.03054382744186287,0.012198708793935673,0.8390014362715178,0.18956811661058004
C0,K6V1_S32,445,0.4552870778224624,0.02953919561132839,0.015543187738535542,0.7439419597466477,0.17902458869046925
C0,K6V1_S32,446,0.4900312794459679,0.03360675461768973,0.012054668864139324,0.5576267266539442,0.1681331789296884
C0,K6V1_S32,447,0.48123783655843816,0.035741035770020455,0.01627825523568888,0.5191563166457964,0.15517842857955147
C0,K6V1_S32,448,0.5099173478239631,0.04025338212668532,0.02081515077713213,0.6322125228209685,0.16256251873317076
C0,K6V1_S32,449,0.5407269868281733,0.051559738610153415,0.021930935399488028,0.7406202455103006,0.16321025503958594
C0,K6V1_S32,450,0.5549256131889,0.06288081089033551,0.025506047984130864,0.6810411892010934,0.16711467286500534
C0,K6V1_S32,451,0.5669315132122356,0.07392644572897508,0.027689239419637215,0.7414825841349876,0.17594545167827835
C0,K6V1_S32,452,0.567272231056839,0.08901674011692329,0.028022867991942823,0.8358269498913188,0.20246231146513993
C0,K6V1_S32,453,0.5726324063578077,0.09300830388867655,0.026451673582193774,0.8135234007469346,0.17610176647031778
C0,K6V1_S32,454,0.5675463058897702,0.08716019478100773,0.01918466219597062,0.8580308042960968,0.15634502945766832
C0,K6V1_S32,455,0.5763301818273223,0.09721269117103037,0.01986153094759777,0.8698405737059086,0.13531459977737
C0,K6V1_S32,456,0.5930273426694848,0.10366194871544111,0.021652919474935303,0.8491687068574633,0.07943572488155537
C0,K6V1_S32,457,0.6132194379048985,0.10263821350129966,0.01927177221682694,0.813444565487138,0.0380931661623616
C0,K6V1_S32,458,0.6249638948145595,0.10174420943093342,0.017483397361403002,0.7405983242851033,0.01298310582994456
C0,K6V1_S32,459,0.6242959007632245,0.09917523559060742,0.01475326854390516,0.6279465598086565,0.034407835747062014
C0,K6V1_S32,460,0.6086635143171829,0.09422378164526121,0.011855044015345342,0.6808502112724296,0.03666637527291273
C0,K6V1_S47,440,1.0803009282640967,0.34495907827724065,0.032625937075688734,0.9702656836556603,0.07782504336356835
C0,K6V1_S47,441,1.0626925209789357,0.32983488707050757,0.03695655636456933,0.9794938617605797,0.08775140729045791
C0,K6V1_S47,442,1.0784932031484527,0.3060806489256341,0.040966715850295314,0.9679530293953031,0.07497526526182537
C0,K6V1_S47,443,1.0711797749582386,0.297937432388378,0.050226522151112986,0.932355891429498,0.0310658006283955
C0,K6V1_S47,444,1.0851443757524684,0.2876748042045325,0.0632438771462986,0.9257559924963068,0.03531989928799897
C0,K6V1_S47,445,1.0911182986736658,0.2924759166918444,0.08782346441905767,0.9033092107490897,0.09502409493295472
C0,K6V1_S47,446,1.1299781596613323,0.31389031276342744,0.08873872574445767,0.849859554025065,0.143305309545134
C0,K6V1_S47,447,1.1026022128997213,0.3303517281819525,0.14989887298899726,0.9905847724270713,0.15432877004957982
C0,K6V1_S47,448,1.0914760683675384,0.34657447961264626,0.1961644318144844,0.8976438452551849,0.18261955816194972
C0,K6V1_S47,449,1.002613451610703,0.29901712968088673,0.19922267432563168,0.9247872132639214,0.07838968835563177
C0,K6V1_S47,450,1.0311461211289898,0.2946215598823636,0.20498430049893526,0.9130431427465365,0.025486648374345708
C0,K6V1_S47,451,1.0414361018036948,0.2964301153720598,0.1930719591932168,0.91794942625783,0.04121681286365266
C0,K6V1_S47,452,1.047994100081377,0.29984906974941306,0.16453322770092862,0.9433380591579882,0.05223062353394905
C0,K6V1_S47,453,1.037741936952817,0.2966025177186102,0.13751572659571226,0.9135038936908306,0.016618899618301684
C0,K6V1_S47,454,1.0340832336973578,0.29465438295735213,0.10978137701892665,0.9272938299279093,0.015312631518761452
C0,K6V1_S47,455,1.0199652101199883,0.2928894342237757,0.08966228534394242,0.9679787278449997,0.004078935211206643
C0,K6V1_S47,456,1.0201797083830413,0.28728811958374556,0.07266486420630693,0.935972132803942,0.01820925788659298
C0,K6V1_S47,457,1.0396365737546964,0.281904274191551,0.057521659664333064,0.8620720275328467,0.004873343166959099
C0,K6V1_S47,458,1.053658936678237,0.2750250573555801,0.04580483677944216,0.8146765367899992,0.014137732161714517
C0,K6V1_S47,459,1.0699258786445631,0.2745528353421884,0.037822451134472,0.8745816682809281,0.02584511558534118
C0,K6V1_S47,460,1.0696779978517468,0.2737830419743017,0.03151905438459965,0.891797715234385,0.03459008314434131
C0,K6V1_S33,440,1.1866634913317773,0.26388499805278576,0.02422743160359838,0.9025737799404642,0.297950404648554
C0,K6V1_S33,441,1.223427450988235,0.258274888780238,0.028041509497914688,0.9752417914417361,0.22311469452513785
C0,K6V1_S33,442,1.247237198847255,0.26182338734047,0.03457354263665879,0.9915959931739114,0.15604961675814513
C0,K6V1_S33,443,1.2543773766382336,0.2590686304263252,0.04308478363458873,0.991040056305285,0.10183348801767916
C0,K6V1_S33,444,1.2378106841062524,0.26541651329527305,0.05791936388957435,0.9908216863974741,0.049609279539923314
C0,K6V1_S33,445,1.2287056883793832,0.26792436777675926,0.07995407267731133,0.9883517038701186,0.010004968838642608
C0,K6V1_S33,446,1.2456830896064837,0.2552493613210509,0.07206406729212776,0.9953515358381917,0.027870953909914363
C0,K6V1_S33,447,1.2227864530433712,0.2542895980240554,0.11663255993039429,0.9910938488309604,0.034991221230751136
C0,K6V1_S33,448,1.224311771257794,0.24647606816581075,0.1421069694791955,0.9955090433911855,0.018161865383042552
C0,K6V1_S33,449,1.2395974587589802,0.2433919001847173,0.16159705424599893,0.9916058948882097,0.007779553376648533
C0,K6V1_S33,450,1.2539897830132265,0.241216575652106,0.16671679732141173,0.9905077634017581,0.04398187352589442
C0,K6V1_S33,451,1.2695212762873063,0.24102325652954473,0.15459025387128286,0.9908060341364573,0.073212926003363
C0,K6V1_S33,452,1.2976124547344379,0.24674212005217205,0.13217699623535456,0.9989522652778297,0.10010109683000502
C0,K6V1_S33,453,1.3168076699129525,0.24959977616745774,0.11468831330949637,0.97672274981673,0.04684951732666979
C0,K6V1_S33,454,1.3098643799165504,0.2563458111164771,0.09603865301961874,0.9784410649955045,0.012211119819034609
C0,K6V1_S33,455,1.3164961505073567,0.26437977650701355,0.08248563297370963,0.9784064028499653,0.05188949572254426
C0,K6V1_S33,456,1.3051222546798902,0.2714022599350183,0.07059121578787948,0.9839166963577274,0.1384467409680277
C0,K6V1_S33,457,1.3024024223670445,0.2792409418842317,0.0585691402112849,0.9520816772872086,0.21096249512920465
C0,K6V1_S33,458,1.3055435740552033,0.28756796908047344,0.049699957067457654,0.9309983653914913,0.3307741182874768
C0,K6V1_S33,459,1.3214916376766632,0.2975930464395499,0.042848885263472525,0.9218886254144846,0.5005001368053351
C0,K6V1_S33,460,1.315612957807879,0.3045015022651064,0.03668861354269095,0.9175764812171546,0.7311531879924238
C0,K6V1_S37,440,1.0707803990910272,0.30148234004335966,0.029861218056739375,0.9609587327178652,0.48480462186426587
C0,K6V1_S37,441,1.044530605608785,0.3171424592370997,0.035246975232913216,0.9859701895107734,0.12233425771280308
C0,K6V1_S37,442,1.0106059772524731,0.29543941364765974,0.040243341866527484,0.962429314409339,0.09254985940047426
C0,K6V1_S37,443,0.9751227668873612,0.2982897255773618,0.05242584752945989,0.9484360621918472,0.3060278312052889
C0,K6V1_S37,444,0.9497412402140156,0.29500316886550443,0.06886634948965922,0.8973872554235196,0.4912295984664602
C0,K6V1_S37,445,0.9352214604912653,0.2970042761577871,0.09539415720988402,0.8797646118608057,0.6562023044537821
C0,K6V1_S37,446,0.8909109853163295,0.2729535116421604,0.08514327658478496,0.8912866819816877,0.6286477799222439
C0,K6V1_S37,447,0.8477808108821276,0.2773475057460844,0.1451928041183188,0.8897607202811376,1.1877539776279762
C0,K6V1_S37,448,0.7648774343350719,0.20570243868410737,0.15459720106681907,0.7746187553398478,0.8347183163927114
C0,K6V1_S37,449,0.7651947664755088,0.19898495858195026,0.15565229540903475,0.7767322413207645,0.34598015028935314
C0,K6V1_S37,450,0.7820389730604581,0.20035831450584865,0.15162829447002665,0.8752797998350099,0.14826209234558044
C0,K6V1_S37,451,0.7896088176821965,0.20276561755900635,0.13907457018724179,0.9109536597711986,0.08533596147434737
C0,K6V1_S37,452,0.8010551752427987,0.20999895408213928,0.12058527746455948,0.9644923123856723,0.07888971737180359
C0,K6V1_S37,453,0.8157578703069516,0.21146756260233085,0.10648024885660737,0.935267791620231,0.16139598876843583
C0,K6V1_S37,454,0.8282396233517232,0.21999653860623156,0.0904055640643454,0.9379333004656967,0.21084303776310986
C0,K6V1_S37,455,0.8394516666087122,0.23613834080302482,0.07928632470675094,0.9512900821320681,0.24692138840229783
C0,K6V1_S37,456,0.8740891570235222,0.27330951885727256,0.07294156852952705,0.9612944551838114,0.26600243734694934
C0,K6V1_S37,457,0.8292535866537566,0.259151645095494,0.06165117215933089,0.8845435536011744,0.9224717659921751
C0,K6V1_S37,458,0.7885040188876221,0.21151889017014283,0.0473640668364954,0.6997555396259493,1.128174057310289
C0,K6V1_S37,459,0.7971658510151909,0.2047919676767904,0.03878284128733385,0.7524652098218234,1.1281740410720265
C0,K6V1_S37,460,0.798121087451276,0.202617740212528,0.03229513875374595,0.8005521652975474,1.1380863379411983
C0,K6V1_S48,440,0.7558271451293351,0.14949351101873398,0.018345651415051185,0.9403173906118951,0.31821906444385334
C0,K6V1_S48,441,0.7612387746525524,0.14838959965622367,0.02125964345444114,0.9835759968451661,0.2679220608490054
C0,K6V1_S48,442,0.7379662063760534,0.14768221794988995,0.024402138074453496,0.9280064105894807,0.19925665566839557
C0,K6V1_S48,443,0.6921753761764492,0.13409729733749973,0.024521256467803006,0.8298351790049001,0.053303034267583885
C0,K6V1_S48,444,0.6690986353697,0.12464263489120031,0.02488152789263133,0.7993488451793146,0.058268427472148374
C0,K6V1_S48,445,0.6904257523510694,0.12319712677092898,0.04409056986416005,0.8688417184685777,0.12486977417354561
C0,K6V1_S48,446,0.6670979329405973,0.0995599498749529,0.023484711204187787,0.896682213350122,0.07905867871259323
C0,K6V1_S48,447,0.6247752986425872,0.0951553529728201,0.03877681543275352,0.9270539245307869,0.04909030812584682
C0,K6V1_S48,448,0.6217309100713037,0.08873762652609056,0.04456933082949215,0.7665266139241483,0.05258561548042819
C0,K6V1_S48,449,0.6201500301761911,0.08736701703805153,0.0522939469484824,0.7363975263650335,0.039071931554009044
C0,K6V1_S48,450,0.6133962167778781,0.08279726002070917,0.05385978590009242,0.6053488121557057,0.024253112118189018
C0,K6V1_S48,451,0.6149416931063711,0.07546144736205794,0.04547719208291148,0.7321305278624476,0.024794552436041402
C0,K6V1_S48,452,0.88541476336628,0.1814497412505229,0.10702353292217962,0.8273526257754281,0.10483303568050424
C0,K6V1_S48,453,0.6275381269649118,0.11009085871763023,0.05319807508657153,0.9521029819633531,0.020379877551826398
C0,K6V1_S48,454,0.6264556952220766,0.08966888553366259,0.027701299384878194,0.8811407757969624,0.07518210376143837
C0,K6V1_S48,455,0.6585728012249901,0.08803671270548011,0.020222977036764272,0.8944358312509644,0.12396461031642445
C0,K6V1_S48,456,0.7273165387200312,0.09543938788749684,0.01903098539006441,0.6527069009686134,0.1187932894416673
C0,K6V1_S48,457,0.8000111424215226,0.11492162066992248,0.02283098494167999,0.6370161066707186,0.021406032671669076
C0,K6V1_S48,458,0.8331309358810569,0.15311799423780667,0.029912282574581704,0.8854057498594956,0.1718600916675927
C0,K6V1_S48,459,0.8079147075008551,0.16779325690957425,0.027419289363392503,0.9161233672400363,0.231390112465943
C0,K6V1_S48,460,0.7848003894194392,0.1735213024095201,0.023492897526418605,0.8984551129410924,0.24277124079191517
C1,K6V1_S02,440,1.1951911073593862,0.0967304132358769,0.009195614151028956,0.6117318290252639,0.35413232384277693
C1,K6V1_S02,441,1.0930629969427,0.03909784070546438,0.012160959478294472,0.4116602208027084,0.3137598002005692
C1,K6V1_S02,442,0.9986977770107308,0.047899742554694265,0.01978823201345268,0.4595733446125878,0.3160369392063129
C1,K6V1_S02,443,0.9288487403653187,0.043265020853772304,0.024692742577623113,0.6612533859825064,0.346648837656663
C1,K6V1_S02,444,0.9123206938499353,0.051027675865007026,0.024971832272777248,0.7498264243906878,0.3117960478405076
C1,K6V1_S02,445,0.9218129847186255,0.07469597128257315,0.026098064175675888,0.791122295464371,0.2331634567731462
C1,K6V1_S02,446,0.8013515442378568,0.09576524757568756,0.032975932143545744,0.8751254406177394,0.29710481502945646
C1,K6V1_S02,447,0.8059025938646471,0.11996869400043264,0.051630121280794555,0.9409710129043064,0.12224856061117352
C1,K6V1_S02,448,0.7929544891167023,0.11459222691059621,0.06655970724949949,0.8036429593352041,0.07445908629152517
C1,K6V1_S02,449,0.8449191828807884,0.12006000912972917,0.08119562467999517,0.6388868226002231,0.10137463970575661
C1,K6V1_S02,450,0.8101806957413348,0.11157909015050331,0.08109982900691722,0.6973746522100779,0.1351959233129909
C1,K6V1_S02,451,0.7981652653720278,0.11013393565767231,0.07525761237464922,0.7292219780981642,0.14107806530476072
C1,K6V1_S02,452,0.8021522778979114,0.10177011778437112,0.06165127018846361,0.6776160685609081,0.1891840140066479
C1,K6V1_S02,453,0.7880442933115528,0.09299778169433154,0.045597681596441994,0.9476847704870921,0.1457381263060514
C1,K6V1_S02,454,0.7971140848025656,0.08278125599565726,0.03415532465800613,0.9413494538165731,0.1271829032794665
C1,K6V1_S02,455,0.7934078781008097,0.07181764660829036,0.02542448374111354,0.9258252235660702,0.0888286543623834
C1,K6V1_S02,456,0.8116025169011685,0.061978849507235964,0.022342406737126303,0.9006087429273808,0.14477944072187876
C1,K6V1_S02,457,0.8100608406643466,0.03823085593533895,0.029627331467837054,0.3973026097268986,0.3536038119049686
C1,K6V1_S02,458,0.8437583486926348,0.04629249545702429,0.02825864413856854,0.547078381568214,0.48406344283929803
C1,K6V1_S02,459,0.7726248042508558,0.05608206420180339,0.014367035508979272,0.37718619901062755,0.3104267183563467
C1,K6V1_S02,460,0.7913841273567968,0.06695537479934227,0.013860632188674471,0.6181147399900414,0.2983181018494504
C1,K6V1_S03,440,0.9507837578780773,0.09645975114327264,0.009386421210039133,0.3939791683592041,0.01191187137423081
C1,K6V1_S03,441,0.9563787521718913,0.10926271157377114,0.011493011326967891,0.4810022524133194,0.04807788324129526
C1,K6V1_S03,442,0.9643434824033492,0.11693327571169143,0.013988642682733542,0.5163236734663061,0.08045176705154708
C1,K6V1_S03,443,1.005578550164327,0.100266813891156,0.014064682077461036,0.5199288182297718,0.10591892691840989
C1,K6V1_S03,444,0.9855218805666951,0.09659282114236147,0.017663180516705502,0.4917676442667665,0.09130494070286775
C1,K6V1_S03,445,0.9635538342021261,0.0954972686971058,0.02396321901803194,0.49795168435899717,0.0752350344462103
C1,K6V1_S03,446,0.982420351512295,0.0728082873265843,0.0145723585271451,0.37870426775347354,0.12854013179625465
C1,K6V1_S03,447,1.0146206280951267,0.06169392425761086,0.0241089999653155,0.32612971582405453,0.06265969863362186
C1,K6V1_S03,448,0.9265598372114492,0.05063796049251834,0.021507460234020916,0.3093466526367828,0.08048056238536297
C1,K6V1_S03,449,0.915034541871207,0.035675564220008386,0.01939150234375741,0.2778833554170986,0.13505852419110506
C1,K6V1_S03,450,0.8664008554071332,0.027060186806807565,0.0228681444190627,0.4978394731230451,0.1126883369234635
C1,K6V1_S03,451,0.8910956678990646,0.020636913260573708,0.021397130261393595,0.16880506492395644,0.09307505365548115
C1,K6V1_S03,452,0.9298617406472083,0.041869222624023615,0.02550063909923944,0.5390621191816127,0.1136403598919039
C1,K6V1_S03,453,0.9211409877360344,0.05456943662051377,0.02077458832243299,0.6147266739497586,0.09776597361654425
C1,K6V1_S03,454,0.9560444506733392,0.04871642924422874,0.01651733363929423,0.5020268012015704,0.08167244137048296
C1,K6V1_S03,455,1.0108513434038648,0.05910177730617909,0.01815700469242903,0.6280316578097281,0.04523115382629308
C1,K6V1_S03,456,1.042664881457637,0.09105116673976765,0.023413375308794226,0.5259937353367354,0.005199363746545632
C1,K6V1_S03,457,1.0169982844114358,0.12177918652794215,0.02562480543195821,0.453201842560755,0.0835449001005202
C1,K6V1_S03,458,1.1350758287083185,0.11657310412261059,0.019592026972344533,0.6381022167308493,0.10903821587430555
C1,K6V1_S03,459,1.1597901216214541,0.10569408078837479,0.01440241709833251,0.558654491095711,0.011542091931608657
C1,K6V1_S03,460,1.1537276860201706,0.093128772681807,0.010023515229552237,0.33975099786367796,0.15701504606997677
C1,K6V1_S04,440,0.5976173760628071,0.11126587345935658,0.010784446049268644,0.8837857344188526,0.10850924585172853
C1,K6V1_S04,441,0.7169710837211601,0.17660361819087828,0.02011959138003834,0.6660585041438104,0.4087257545003537
C1,K6V1_S04,442,0.7113506867532169,0.14503813573215232,0.02089044985933522,0.8220594573556435,0.4359902300292928
C1,K6V1_S04,443,0.6963523622004657,0.09995939999664911,0.013682233776936333,0.8926216386735992,0.23262547679286605
C1,K6V1_S04,444,0.6521374291515253,0.1392212947995576,0.0291276568055394,0.5005074422938176,0.35437226683196393
C1,K6V1_S04,445,0.6886492647620088,0.09941228280676703,0.024207147866308034,0.33059387320685335,0.27500980313448214
C1,K6V1_S04,446,0.6812460158349426,0.07000496769378481,0.02572025852389238,0.3368897574596814,0.3517222780960646
C1,K6V1_S04,447,0.749645710724192,0.05743530610586597,0.03916305032966471,0.7026834455939511,0.29434860877973673
C1,K6V1_S04,448,0.6997328537880305,0.037223942974446006,0.05228855589432304,0.4791540245426224,0.2792460769276423
C1,K6V1_S04,449,0.7124972947024621,0.03791356975662801,0.058886629740860535,0.3889248270464166,0.21563517230825374
C1,K6V1_S04,450,0.6517928991813442,0.042553015232997246,0.05861379616961942,0.48631520094389713,0.16848694850874596
C1,K6V1_S04,451,0.5977715032618462,0.05614240209669817,0.06358514510202766,0.5939901178057896,0.144766538130474
C1,K6V1_S04,452,0.6696647026232535,0.04548315886988521,0.046987653993141656,0.8425892817222844,0.18871938901573326
C1,K6V1_S04,453,0.5349548470891727,0.050389509818835714,0.069177646765923,0.957258381520473,0.28442758225273
C1,K6V1_S04,454,0.5059929451333132,0.04414086834673715,0.06510853885850433,0.4606921691826381,0.3422957659749236
C1,K6V1_S04,455,0.5668963636889318,0.040506991905030244,0.04370695307632827,0.5605319010069741,0.3069868891214878
C1,K6V1_S04,456,0.6207883595654944,0.0564592829412377,0.0227494955827086,0.576943447836938,0.1982769463371235
C1,K6V1_S04,457,0.7388795139524472,0.05893775739855799,0.012901991458133233,0.5422139847758795,0.1364333788172513
C1,K6V1_S04,458,0.8170156436294934,0.06845045247454373,0.010531551110984161,0.6177198641044839,0.0409658779686727
C1,K6V1_S04,459,0.8557247654680703,0.07341296634696709,0.007880415077826634,0.6363729454411957,0.04507034472808416
C1,K6V1_S04,460,0.8119895088323006,0.08658618805689856,0.007428235120263372,0.3329164619596406,0.04133957655433761
C1,K6V1_S05,440,0.9448716708972589,0.10921924856164823,0.010556940067655032,0.39835781621605426,0.05571594903402094
C1,K6V1_S05,441,0.8842654593656973,0.045021600945035434,0.005195500930677088,0.5091754807702297,0.08306562762696128
C1,K6V1_S05,442,0.7946567238636426,0.04235274650789437,0.006763282371362438,0.5312410121195189,0.10473616993543579
C1,K6V1_S05,443,0.7567553790818958,0.03761689367956224,0.010250053035880141,0.2557914342255597,0.13178375279023777
C1,K6V1_S05,444,0.7304675230709303,0.044344834325658514,0.01828407812529744,0.4089958643917944,0.1865732778422999
C1,K6V1_S05,445,0.742444650613271,0.05962450552771438,0.030421885979891008,0.2976324394245313,0.2335367790061871
C1,K6V1_S05,446,0.6891629546244128,0.07284968243175287,0.019778184661286405,0.7392225695510158,0.0313284069080828
C1,K6V1_S05,447,0.7651813125987298,0.10604701679394017,0.04755496238765189,0.575864841579127,0.15442222285844517
C1,K6V1_S05,448,0.8216680954762768,0.1497532615766317,0.07878632124368944,0.6112410833058645,0.08074296746284271
C1,K6V1_S05,449,0.8365986779668466,0.15543617312884142,0.0971223339593379,0.8217355125091939,0.021258300094165253
C1,K6V1_S05,450,0.785838705669071,0.12628002271348557,0.08561688696974028,0.7949616399677555,0.04287963226865905
C1,K6V1_S05,451,0.7525691240607343,0.1009856799709135,0.06524466908256735,0.41874716802236334,0.062433286942517804
C1,K6V1_S05,452,0.7114171543715094,0.08270697173016343,0.046695681064500665,0.5259563289526478,0.05062030154146939
C1,K6V1_S05,453,0.7201955761771872,0.08003649998688564,0.03647499406558805,0.7140126814904262,0.05459713544995026
C1,K6V1_S05,454,0.7387875276142649,0.08014866827624216,0.02739378881399844,0.5581445666819768,0.13755230122313392
C1,K6V1_S05,455,0.7550331563956911,0.08474860132412738,0.021447013081309852,0.5457368165819156,0.16130152663800518
C1,K6V1_S05,456,0.8233203285880335,0.09042508032687753,0.018205073871219103,0.4278654019454854,0.15181587112064213
C1,K6V1_S05,457,0.8635659483098587,0.09122405189321514,0.01460766175744416,0.5259335688081515,0.13028654994437494
C1,K6V1_S05,458,0.9463141741012264,0.07191831213917807,0.009587892327272435,0.569099755131088,0.10400630505677938
C1,K6V1_S05,459,0.9473690895608151,0.06175198327033378,0.00728355819281347,0.5744193318789655,0.04777365585788423
C1,K6V1_S05,460,0.9311984445087034,0.06856782795899362,0.00738596684523589,0.3633588491657214,0.042757084836612315
C1,K6V1_S15,440,0.8863231258145712,0.16717971808347334,0.014581697381364864,0.4338315020702982,0.2161816797454999
C1,K6V1_S15,441,0.8696108882375101,0.1868350941275894,0.020557176969629592,0.8263549504036156,0.2418556364372165
C1,K6V1_S15,442,0.8450308706341978,0.20210103922130707,0.02750103418114742,0.6665585178454373,0.25726334247485544
C1,K6V1_S15,443,0.9012475291006786,0.2152562828138194,0.037350443371562375,0.6937546102685439,0.2509722525165195
C1,K6V1_S15,444,0.9112222449853954,0.21987610972283111,0.04830274050338997,0.7251190686113672,0.23450989198803526
C1,K6V1_S15,445,0.9599102393728679,0.22632302537415436,0.06527948654371721,0.6961115126355111,0.21041448809680058
C1,K6V1_S15,446,0.9692262827421598,0.2243499838355205,0.06443393215722754,0.8676495207107187,0.20642587086710903
C1,K6V1_S15,447,1.0026232899040821,0.2359045761384976,0.11097671296701501,0.7575465383158931,0.11383151875795541
C1,K6V1_S15,448,1.025647524153734,0.2146358379689708,0.13029591022637385,0.6405024811741938,0.07523790634110163
C1,K6V1_S15,449,0.9957653641943139,0.2042641488215162,0.14133617511296329,0.6249092889963371,0.08008999959799114
C1,K6V1_S15,450,1.0011351053711597,0.169851361186316,0.11891595862853604,0.510454607513455,0.053586743348685885
C1,K6V1_S15,451,1.013202870354814,0.1614562964713346,0.10927781918973475,0.64861955922865,0.12710270156496
C1,K6V1_S15,452,0.9781355765721762,0.15537080127083142,0.08784734692669204,0.5905969972105412,0.17429115587042404
C1,K6V1_S15,453,1.007313316398165,0.15061729630244458,0.06992686901009092,0.6427366860958423,0.12947429822597786
C1,K6V1_S15,454,1.0010325424059487,0.13820524583158483,0.052455750313507465,0.6023802516930529,0.09577984657064033
C1,K6V1_S15,455,0.9719129315280451,0.1209652638845509,0.03755828189662572,0.49444264313275527,0.08528890405638415
C1,K6V1_S15,456,0.9769195319753212,0.09578577836192194,0.024428062139540966,0.42673030342430723,0.13501534481092192
C1,K6V1_S15,457,0.971722595579368,0.07552538734436011,0.018002890641557707,0.4212757375898593,0.23841471945037193
C1,K6V1_S15,458,1.0276017185658413,0.05957746561468444,0.020068143658057987,0.2758594203098561,0.3483933172374609
C1,K6V1_S15,459,1.012840563575715,0.07019857991927467,0.020579026482979403,0.6458559530209428,0.3828325481827408
C1,K6V1_S15,460,1.0432903413224524,0.09922411379947585,0.01117400141657689,0.5615818060581538,0.02801218803038631
C1,K6V1_S16,440,1.0544003023727933,0.14842862365659332,0.011930685639547437,0.6973640306390796,0.20298135819224267
C1,K6V1_S16,441,0.9517933111093786,0.11704905562274733,0.010863644733179825,0.4480695697103925,0.18773049129279826
C1,K6V1_S16,442,0.9317137246356646,0.10658529338191602,0.011307604007716373,0.6848557289388396,0.14071672017826317
C1,K6V1_S16,443,0.9140246497387526,0.08860405190063977,0.011951561337299485,0.6281311277276435,0.1674377463026544
C1,K6V1_S16,444,0.8939932682210429,0.0516553398885527,0.009614751405874977,0.5441397847921547,0.11740987622617471
C1,K6V1_S16,445,0.8317212389887707,0.03694453023326744,0.011836722056493084,0.49553099594570543,0.09798195247814812
C1,K6V1_S16,446,0.8391360046131503,0.041401755540859314,0.009853382855403953,0.5419945743326402,0.08160808618659797
C1,K6V1_S16,447,0.8336129139316274,0.03599468595192469,0.020584746552006917,0.41230316151230406,0.09535516662304197
C1,K6V1_S16,448,0.9031733709300024,0.04658447306182417,0.02605082686105274,0.48349914967312574,0.0814561861337032
C1,K6V1_S16,449,1.0100512732202909,0.0778410377697273,0.05954813581472838,0.4885912653290606,0.16437122301353096
C1,K6V1_S16,450,1.0930239571767744,0.12511724161248444,0.0877819353230547,0.551619939051441,0.12061886830725893
C1,K6V1_S16,451,1.025075291792324,0.07773570040654688,0.04519456334950277,0.5381829250147137,0.036321994463998745
C1,K6V1_S16,452,0.9495866865187215,0.04970456635464618,0.029454797646330848,0.46414784650133434,0.12290521726401303
C1,K6V1_S16,453,0.9476841984021444,0.036132677630105206,0.021096361182416312,0.13309397107217769,0.0810198457102377
C1,K6V1_S16,454,0.9876178765280508,0.0387281662178424,0.01643435503584675,0.20330481179142776,0.041127901457208224
C1,K6V1_S16,455,1.0010186770291272,0.04590084872304591,0.011333970630862847,0.5519625767338497,0.17008558709670413
C1,K6V1_S16,456,1.0335459591647438,0.06732201473117279,0.01722584589886337,1.308767576008405,0.4778998069350995
C1,K6V1_S16,457,0.9962486119182803,0.09769279031198894,0.02008886216848666,0.5126994158626704,0.5636340376052587
C1,K6V1_S16,458,0.8698284846056319,0.10097468520586433,0.015209455042710837,2.4868023372613473,0.10768873013556689
C1,K6V1_S16,459,0.7721493905672332,0.06704559753968997,0.019681881701244262,0.5433789345518011,0.29273560948356553
C1,K6V1_S16,460,0.7027254062027845,0.07853939707494687,0.034205534753051735,0.5782738966334142,0.46662892557271923
C1,K6V1_EXT01,440,0.5703748100115508,0.06370983927577951,0.005136198430370297,1.3718969810284671,0.04216752398079364
C1,K6V1_EXT01,441,0.5515287203463451,0.05432243076786695,0.0042856721638619396,0.7995309088792679,0.159941344435187
C1,K6V1_EXT01,442,0.7045804819257037,0.04085221174743689,0.004422003767059127,0.6845385272876973,0.10787392918751375
C1,K6V1_EXT01,443,0.48310085018867976,0.05915480343915515,0.01621914819969845,0.5109152675095407,0.11023051924973974
C1,K6V1_EXT01,444,0.5124261908055942,0.06816766126717064,0.015419122677009643,1.8116280945217524,0.007717983466935098
C1,K6V1_EXT01,445,0.4892582943664822,0.07745693161686466,0.031245305460029463,0.680811048735585,0.08021686177082055
C1,K6V1_EXT01,446,0.5524972223715126,0.09558798025359665,0.018421980337444206,3.203074273816283,0.11419469788023946
C1,K6V1_EXT01,447,0.675058043953074,0.0812914089492724,0.02867170487534908,1.1325229116180406,0.06918854096018291
C1,K6V1_EXT01,448,0.803289815247046,0.06735148226198268,0.024787767581608798,0.7331890410481543,0.1970687438183201
C1,K6V1_EXT01,449,0.9110098842292381,0.05453380031689984,0.04154127766666143,0.9562094291679174,0.23618452076013965
C1,K6V1_EXT01,450,0.8653670199720074,0.052466888828760924,0.044505177800465014,0.9475983016749888,0.3260507883846692
C1,K6V1_EXT01,451,0.7799337401499771,0.07325179735271502,0.038149425013185106,1.0129382883351123,0.30114518946375346
C1,K6V1_EXT01,452,1.0239103831081038,0.0562566496429416,0.06825776025979967,1.9592548964671044,1.2882922574568536
C1,K6V1_EXT01,453,0.768619556600315,0.07825754616128705,0.023496377480295018,0.7503003392243623,0.16841383427324663
C1,K6V1_EXT01,454,0.7162315408497337,0.0873658842418898,0.02276989960032755,0.3051035351042198,0.14526174001322767
C1,K6V1_EXT01,455,0.7236089043427237,0.08730966035725615,0.019741899369159724,0.34639165076731687,0.14600898726329403
C1,K6V1_EXT01,456,0.7249650254675545,0.08362024720877899,0.0174343826345018,0.7349261378451867,0.1536190866702859
C1,K6V1_EXT01,457,0.7416812211376914,0.0775425360826414,0.01446960011411747,0.7491447968737317,0.10299706262143886
C1,K6V1_EXT01,458,0.8392838345293165,0.09572906578915924,0.016556118692806973,0.6019034497582767,0.03704812298340403
C1,K6V1_EXT01,459,0.8813004601486698,0.12705982001864194,0.019864730070993465,0.5471077940999536,0.21007703041286674
C1,K6V1_EXT01,460,1.00284366754082,0.14755700904999916,0.018532840067715276,0.6895784534293576,0.24580094188558002
C1,K6V1_EXT02,440,1.1761230343763576,0.15131775537352418,0.014570683942661023,0.7225785287332815,0.36917309644501584
C1,K6V1_EXT02,441,1.1235828429819585,0.15659889371720712,0.017770277480826227,0.7536296653424395,0.32247230101008806
C1,K6V1_EXT02,442,1.091799609583719,0.1588558073516219,0.02211471757301001,0.7430889613107143,0.2513622778418799
C1,K6V1_EXT02,443,1.124776606839613,0.16255257204706813,0.02750813229391427,0.961177839990584,0.15908931057606426
C1,K6V1_EXT02,444,1.1288070799105043,0.16185097973128756,0.035472377000871795,0.8071764534777973,0.041671298210369426
C1,K6V1_EXT02,445,1.1652612303538463,0.16820118849162533,0.05009986727905014,0.7849469011989435,0.07053905744452571
C1,K6V1_EXT02,446,1.207932502606398,0.1683684448927272,0.047105811217234464,0.7371030402024246,0.071720764883555
C1,K6V1_EXT02,447,1.2059004952622108,0.16415053530833992,0.0742943249232835,0.8826582357949531,0.037419061865050375
C1,K6V1_EXT02,448,1.111802026106584,0.138306463107774,0.07947923037632211,0.6030641166644907,0.017980507738728224
C1,K6V1_EXT02,449,1.1493382199073263,0.0960421908025908,0.0671245453309041,0.4902121478103601,0.07891025252544709
C1,K6V1_EXT02,450,1.1583798575126114,0.09220274829423879,0.06438232199951834,0.3718188823071862,0.011066038207270212
C1,K6V1_EXT02,451,1.1926580940932374,0.11945747416712377,0.07737656557220327,0.46187656891358475,0.03658422127983376
C1,K6V1_EXT02,452,1.2213490728234446,0.12299061197235221,0.06742968558012685,0.3335555768298322,0.009265862665357269
C1,K6V1_EXT02,453,1.194364229175728,0.13707069718254478,0.0642764106587895,0.3353746004118506,0.09300466133125197
C1,K6V1_EXT02,454,1.202784543279415,0.13333860104576226,0.051110461117151035,0.39222942555660156,0.1585971393037403
C1,K6V1_EXT02,455,1.2550430877556527,0.1286680891793617,0.04136915605075305,0.34579288081718845,0.22766621773267032
C1,K6V1_EXT02,456,1.2130027928365625,0.11699086829180899,0.03185674220244142,0.5979799238297502,0.2761980041421714
C1,K6V1_EXT02,457,1.1469202768488334,0.10718240358059264,0.02366044846612917,0.7001573449171337,0.27265761617904977
C1,K6V1_EXT02,458,1.1751425226668428,0.09313747918196483,0.01639613992143881,0.5733787237492212,0.2460194851018909
C1,K6V1_EXT02,459,1.1650203719226901,0.09729437713142279,0.014115049958713976,0.5727401598744235,0.212604413593754
C1,K6V1_EXT02,460,1.1945262371029293,0.0990251956322774,0.01180955288969985,0.6119537603344652,0.15377168755129533
C1,K6V1_EXT03,440,0.9269215350329122,0.07323970219937072,0.0075610970457166285,0.6539163342657319,0.2159251476561144
C1,K6V1_EXT03,441,0.9124593662562258,0.06175926245601915,0.011379090352059825,0.3122240227887252,0.16943763687056726
C1,K6V1_EXT03,442,0.9605220911294664,0.050171173642143685,0.012302650911368012,0.4436461383928722,0.17914521272718475
C1,K6V1_EXT03,443,0.869420053911756,0.060076687400878695,0.013363154341629751,0.30129945861818613,0.16291592450632003
C1,K6V1_EXT03,444,0.8417698408456212,0.05541477571155682,0.01586134072856475,0.8093966023983932,0.14256154114358044
C1,K6V1_EXT03,445,0.8597789359541192,0.03245648752589366,0.02014302380838697,0.48837865093830213,0.16139091968670216
C1,K6V1_EXT03,446,0.8694064228876527,0.04071469607321536,0.020964975536343487,0.33205509153625956,0.19336116646986476
C1,K6V1_EXT03,447,0.8633175940896753,0.03204732308909712,0.03427005322881528,0.5211176060171145,0.19782878627035438
C1,K6V1_EXT03,448,0.8149196357744894,0.03304387041457231,0.049868050599941344,0.5048618074236135,0.21237200635769757
C1,K6V1_EXT03,449,0.7628819330474002,0.03570935276966839,0.0602704477525971,0.488457850986918,0.18639675511270565
C1,K6V1_EXT03,450,0.7341918021827275,0.03931790321596197,0.053999262050113905,0.6010503638496234,0.13214183109182276
C1,K6V1_EXT03,451,0.6720917928576725,0.036437945446423245,0.036142327071604696,0.7124285151258595,0.0840953174287491
C1,K6V1_EXT03,452,0.7207548819632833,0.04391266821352404,0.026739337704981412,0.4568735393524886,0.021424574934522253
C1,K6V1_EXT03,453,0.6699445744107371,0.03348250513502318,0.03646822410092074,0.6352480149345022,0.14951059197107822
C1,K6V1_EXT03,454,0.6924052615942323,0.029069452342466138,0.045970157540821247,0.5520743769229909,0.27218239946866324
C1,K6V1_EXT03,455,0.850169889759885,0.025262166138362917,0.04355987170086126,0.47463497039313157,0.3616816319015135
C1,K6V1_EXT03,456,0.9694348122110673,0.05805695706392144,0.018920302612238107,0.5942575180451872,0.2761766575660947
C1,K6V1_EXT03,457,0.9953582296244038,0.067043308729538,0.01266402852369478,0.5040176423819173,0.060119301986713954
C1,K6V1_EXT03,458,1.0150701663019286,0.04245716146920545,0.008392485486460995,0.2577371515382055,0.1230758398543898
C1,K6V1_EXT03,459,0.9515333696021201,0.04256087624421582,0.006680406386153317,0.34544448519508114,0.2046483667357355
C1,K6V1_EXT03,460,0.8263671016809375,0.04034315863295344,0.00474743685341535,0.34138663788711887,0.09479192425576366
C1,K6V1_EXT04,440,0.9620913517865876,0.0564290100629587,0.004680895106650437,0.517664204560349,0.12829924347779076
C1,K6V1_EXT04,441,0.8899916801354406,0.05700877437046588,0.00591156675814525,0.5581763047952837,0.028321325093345527
C1,K6V1_EXT04,442,0.8188948182389076,0.05692258266543813,0.009290306819065234,0.7021320264316038,0.0593821308408654
C1,K6V1_EXT04,443,0.7991197951496409,0.05710999927605234,0.015170753220112788,1.938748989367811,0.12120870910197357
C1,K6V1_EXT04,444,0.7811504123237162,0.05607927412618715,0.023480678763569577,1.3451390248662356,0.1702228675411826
C1,K6V1_EXT04,445,0.7125505516153308,0.055147164811674025,0.03209061728655957,1.2116959849625342,0.18744981254090998
C1,K6V1_EXT04,446,0.7502779589119088,0.056655120673417686,0.03535149316438128,0.8849869563292991,0.22045261053505227
C1,K6V1_EXT04,447,0.6198064099512403,0.06700793043462135,0.06116667635627229,2.003333791448088,0.21354907450433994
C1,K6V1_EXT04,448,0.767265684477277,0.05619124025768205,0.06444020885537756,0.9629032315580394,0.20242805998420127
C1,K6V1_EXT04,449,0.7835948954846296,0.06428703043436858,0.07412619542068416,1.205105843412039,0.1779449728260567
C1,K6V1_EXT04,450,0.7561981520211525,0.07849507303568065,0.07217943004459079,1.623778034411563,0.12408393264229256
C1,K6V1_EXT04,451,0.7961472699946638,0.07359383911849575,0.06725920659643707,3.236044669641985,0.1347289575356534
C1,K6V1_EXT04,452,0.8081164861615179,0.07787662050346385,0.0682685400110651,2.1053214393021946,0.16547612179133675
C1,K6V1_EXT04,453,0.810983921080628,0.07978965677968884,0.056693952939350575,3.147155503014272,0.14119858887202957
C1,K6V1_EXT04,454,0.8059137518157052,0.09604234799282922,0.054302224488925514,1.702854675408618,0.14918430972140848
C1,K6V1_EXT04,455,0.7890132858844022,0.11125244592673038,0.051195382489098155,0.4114449832143269,0.15705773125778136
C1,K6V1_EXT04,456,0.7938089295982798,0.13078109610007704,0.052428507001577966,1.5386365477911093,0.1979148494182628
C1,K6V1_EXT04,457,0.7395468270804206,0.13657933016889642,0.06017419430014491,0.578496492819732,0.3366745135898969
C1,K6V1_EXT04,458,0.6555618528274189,0.1421126542197409,0.03624081230162323,3.952946734590243,0.19813693209423594
C1,K6V1_EXT04,459,0.6194396902454617,0.12164922538954018,0.024727381028062,1.5515131999354492,0.15941381753092987
C1,K6V1_EXT04,460,0.6139731067103305,0.1159250896809517,0.01884756877926558,0.715273333453443,0.136563967334725
C1,K6V1_EXT05,440,0.7310690522733662,0.053739423864868414,0.004204780324751931,0.4820934194319162,0.12528236128661688
C1,K6V1_EXT05,441,0.6523358992575913,0.060824649384576525,0.005263993461378817,0.21556968570482887,0.0766105886592594
C1,K6V1_EXT05,442,0.5695979771287097,0.06700548321719155,0.00793176766190591,0.1540023655612567,0.03030326882578858
C1,K6V1_EXT05,443,0.560430816798043,0.07981934885518507,0.01524350353598566,0.3861294366920908,0.04148136025114979
C1,K6V1_EXT05,444,0.5476468058482277,0.09311744484662901,0.031213901276929922,1.1520281452165033,0.14066860651316387
C1,K6V1_EXT05,445,0.5881964556056869,0.0971264289398238,0.05473192891705747,0.5118325409449952,0.21496871623276861
C1,K6V1_EXT05,446,0.5437262983425779,0.06071022209710434,0.025939861212808786,0.6407629691874216,0.10414268726124852
C1,K6V1_EXT05,447,0.6592545443029532,0.05415374817659628,0.03082405203293303,0.5771892626005388,0.051030683189039305
C1,K6V1_EXT05,448,0.6541352099098818,0.04001283191468811,0.025883572894777492,0.6101226762187472,0.14915095399607387
C1,K6V1_EXT05,449,0.6102566896987617,0.05635335207046921,0.03755572400363029,0.457226918073331,0.04690992396436667
C1,K6V1_EXT05,450,0.5229875116338838,0.050456290112129945,0.03180423754570909,0.5266457641383417,0.038493313293069445
C1,K6V1_EXT05,451,0.48738703015494805,0.05093129280554702,0.031257647197511354,0.3520632513264209,0.012586204532797879
C1,K6V1_EXT05,452,0.5577100393351014,0.05738461066398947,0.031985919587857,0.8839643760973521,0.010652314545114786
C1,K6V1_EXT05,453,0.44692652315312276,0.04505328350368926,0.019514025659756108,0.6114333639668159,0.02503334569149672
C1,K6V1_EXT05,454,0.43862231559307957,0.050813838805179194,0.017859131430197156,0.643896437913603,0.030274622762716374
C1,K6V1_EXT05,455,0.5352421464889772,0.07202732033376391,0.02163569783287496,0.8906243922030298,0.07377946990167566
C1,K6V1_EXT05,456,0.5949073565422784,0.07737994901570154,0.019189702796686543,0.9390374823225378,0.090545240246456
C1,K6V1_EXT05,457,0.730828058956264,0.07075887661538934,0.014063680232956946,0.9481321661965796,0.046107638156132565
C1,K6V1_EXT05,458,0.7404035914001854,0.07746294658072092,0.01504822328459736,0.26622143383867,0.17083569485904138
C1,K6V1_EXT05,459,0.7785217721026032,0.10206333172403244,0.014272742569465022,0.7557859113871679,0.20958728281675018
C1,K6V1_EXT05,460,0.8419777164170592,0.13338099821286467,0.015014817040217312,0.135730103533496,0.034042890395862196
C1,K6V1_EXT06,440,1.213215550306901,0.16278285682449697,0.019006093145199365,0.3143250686296685,0.33886524840817783
C1,K6V1_EXT06,441,1.2279987767820506,0.16782945484536843,0.022026994275079287,0.32723128929137085,0.32106555969499984
C1,K6V1_EXT06,442,1.2566177102447018,0.16942882073044205,0.026832181343473305,0.3232998032718686,0.41671905045984364
C1,K6V1_EXT06,443,1.2032752440541299,0.1417310629675059,0.0316960932930788,0.35918075594666593,0.7261946772052769
C1,K6V1_EXT06,444,1.080162053763495,0.11710410237149327,0.039194758590988955,0.1694096080143995,0.8300323749396499
C1,K6V1_EXT06,445,1.063605379784483,0.13887261991360644,0.05153973318623511,0.3690886273088518,0.5072760069744062
C1,K6V1_EXT06,446,1.0563726205240083,0.1717981218046709,0.05397523497426305,0.5741978859094174,0.28827997604705075
C1,K6V1_EXT06,447,1.1114907437468848,0.17282168415790936,0.08793315963166262,0.7095557746904477,0.260291716777692
C1,K6V1_EXT06,448,1.0392402936083849,0.16378179009494295,0.10277216515917006,0.5667057279215549,0.1607411797888337
C1,K6V1_EXT06,449,1.209656171543018,0.17300598466332687,0.12261713275717516,0.634983483958063,0.09940720128253083
C1,K6V1_EXT06,450,1.18846604022101,0.17036966330138606,0.1284299290389937,0.5909940278347569,0.09277080393555436
C1,K6V1_EXT06,451,1.0789810493310867,0.18382533195228076,0.13403666243753148,0.7356779906775415,0.16126742247166118
C1,K6V1_EXT06,452,1.0665804435188178,0.17465472613956104,0.11076724711501769,0.4725552279668039,0.23609330916121762
C1,K6V1_EXT06,453,1.064900628018916,0.18127886586823,0.0949656524226403,0.41131008627448173,0.3065163222777319
C1,K6V1_EXT06,454,1.0544639678212266,0.17839639990953968,0.07737698551036759,0.28081889354824946,0.3837328549452643
C1,K6V1_EXT06,455,1.0755598857808293,0.17236983578164214,0.061302683670830284,0.22978270493312378,0.4285768990261664
C1,K6V1_EXT06,456,1.105390883554394,0.17966309605244837,0.04993601126980271,0.35631426859376936,0.3931151817616348
C1,K6V1_EXT06,457,1.13968529392949,0.17672369970063528,0.036490319831914066,0.29143632670282416,0.2994147898069695
C1,K6V1_EXT06,458,1.110461884945345,0.17378425819515123,0.028949694928667936,0.5947444049566342,0.34403592631651214
C1,K6V1_EXT06,459,1.022333414663566,0.1844782874335463,0.023348830106585006,0.6609616933182677,0.5290288673170235
C1,K6V1_EXT06,460,0.9336556362501561,0.1394907334568592,0.015596100253472776,0.6132707607358524,0.46274556266638855
C1,K6V1_EXT07,440,0.9271651058772273,0.07695322221232849,0.00844867229267156,0.6217760702486932,0.204861498125123
C1,K6V1_EXT07,441,0.9625999362094958,0.09219045373433274,0.011724229593645311,0.5386860581732537,0.20215344433361293
C1,K6V1_EXT07,442,1.0012906081299475,0.0842586170205167,0.013725409649352382,0.6994340624848638,0.2351589031401697
C1,K6V1_EXT07,443,1.0005704009174918,0.07360299509724115,0.01567873254422183,0.4399559151868684,0.20647376295017608
C1,K6V1_EXT07,444,1.0035898142755943,0.06973178648327268,0.0197393440962814,0.5036623306427633,0.1919789697968767
C1,K6V1_EXT07,445,1.0172750916159072,0.08076074207006384,0.030232851523810923,0.5147404498632345,0.1666064818429256
C1,K6V1_EXT07,446,0.9853565897582741,0.07833029548165706,0.024573710757925665,0.547236375072456,0.08963006457757582
C1,K6V1_EXT07,447,0.9578140561170925,0.09354089032757927,0.03920285544495477,0.6979652542105483,0.03123652351698458
C1,K6V1_EXT07,448,0.8637900410958549,0.09423407588599705,0.04901071630982531,0.3868347977395378,0.06119280209586959
C1,K6V1_EXT07,449,0.9036775268912794,0.07615633828273036,0.04895819144038204,0.5130498605838523,0.055578100252937246
C1,K6V1_EXT07,450,0.9217872930451774,0.07594574980547236,0.05297948820774815,0.5099601349053425,0.039505755488762694
C1,K6V1_EXT07,451,0.8646638542263902,0.08017434388215128,0.05402943715309524,0.5103900510741967,0.007213935313630141
C1,K6V1_EXT07,452,0.8928414886961832,0.08210777669019742,0.04912172786433958,0.6190737347377143,0.032639112497043564
C1,K6V1_EXT07,453,0.8596146847169853,0.08697510327995316,0.04112771434496683,0.5750109521613768,0.010859368101739954
C1,K6V1_EXT07,454,0.8707287966246233,0.08998880559843736,0.03386624686437164,0.7396704854570884,0.0003409954692064612
C1,K6V1_EXT07,455,0.9226253243677742,0.09004217629945876,0.027410169576553074,0.7455642238732977,0.014154890496783782
C1,K6V1_EXT07,456,0.9079379440122264,0.08382235130024528,0.021027640810661778,0.76582769580841,0.058792411545639564
C1,K6V1_EXT07,457,0.8837264665027252,0.07828267771891302,0.017402107884567024,0.7316833872682948,0.14406957455849692
C1,K6V1_EXT07,458,0.8046174519805713,0.08507171091122068,0.017315192539373792,0.8883044888623033,0.2136987331151271
C1,K6V1_EXT07,459,0.7364288727610261,0.08889787956359409,0.015036097015508438,0.7710408000130673,0.23034854992235457
C1,K6V1_EXT07,460,0.7384800395347545,0.09238521731793684,0.012531125927909737,0.7621946651198277,0.23689399094745905
C1,K6V1_EXT08,440,1.0119673526844748,0.09029998562158789,0.010100722494883802,0.22792246486144657,0.26217685306311
C1,K6V1_EXT08,441,0.9619104896888262,0.09578144791257846,0.012122044158725257,0.5546927778516286,0.2746788376943545
C1,K6V1_EXT08,442,0.9194744039001074,0.12103217804815623,0.01749269493691179,0.8633324857289945,0.24870273317985847
C1,K6V1_EXT08,443,0.9281735515649058,0.11223331226075961,0.02229720927104294,0.7818531189003379,0.3219965099465535
C1,K6V1_EXT08,444,0.9316419775918746,0.11829394093545718,0.032169268015285996,0.5132785599163189,0.42148207278269506
C1,K6V1_EXT08,445,0.864155838345967,0.12218905273574086,0.04657941211215173,0.5297105074672532,0.5170385219480914
C1,K6V1_EXT08,446,0.9716133244591991,0.21479476024341326,0.06484686935135162,0.497095407717297,1.0431341993921082
C1,K6V1_EXT08,447,1.0266483932026977,0.18492252322963454,0.08955964707450924,0.7107181336059712,0.14209559989392279
C1,K6V1_EXT08,448,1.1921502676345015,0.1702201572028234,0.09635124465225979,0.5547100325340196,0.07963843633518464
C1,K6V1_EXT08,449,1.1751265548724852,0.22315316678967106,0.14290528388783488,0.5844558436312821,0.03697996248356878
C1,K6V1_EXT08,450,1.2574909815038073,0.24764390768089445,0.1648748254327636,0.7074558647343574,0.02703744750635144
C1,K6V1_EXT08,451,1.2218915299254751,0.2781775322487055,0.17473184564219044,0.6563014522553542,0.010054833724781517
C1,K6V1_EXT08,452,1.2134463405321356,0.2878555338152114,0.14795816969127565,0.6125730588096024,0.06138101573252364
C1,K6V1_EXT08,453,1.20655194685008,0.2944568086874216,0.13046190217589895,0.23230725496307783,0.008212181865155935
C1,K6V1_EXT08,454,1.1879783690658963,0.29109144235694806,0.10765609011660884,0.32792121504422855,0.07400017687509701
C1,K6V1_EXT08,455,1.1421793803599014,0.2741128462715444,0.08754313757860654,0.5345736894921079,0.17679686027170702
C1,K6V1_EXT08,456,1.1193409265009782,0.23028482902299174,0.06108101886309832,0.7890332866381577,0.22273480336783036
C1,K6V1_EXT08,457,1.120714436122362,0.18750537525156424,0.03974172683548954,0.6401248190468856,0.17267465477204766
C1,K6V1_EXT08,458,1.0824084000468552,0.17325313267414819,0.031091636371829354,0.558740084672246,0.08933508011299326
C1,K6V1_EXT08,459,1.1839237626992674,0.1716649280494469,0.024937549687582432,0.5839812053633333,0.09108904686527407
C1,K6V1_EXT08,460,1.1975508507697985,0.17049299260265147,0.020830231136994174,0.5733704711750346,0.08975956683790587
C1,K6V1_EXT09,440,1.0961139551246242,0.18967532681252103,0.018787475666213395,0.6804386969992587,0.4973551123554883
C1,K6V1_EXT09,441,1.12308886028732,0.1888481069893287,0.023240336565064586,0.3622654546179105,0.472102064479636
C1,K6V1_EXT09,442,1.1527454494556593,0.17670174815696144,0.026675262755810315,0.39519878200506686,0.3399942112139136
C1,K6V1_EXT09,443,1.170621158850463,0.22831475999228376,0.039625785647000686,0.7004140995798241,0.16276480442465285
C1,K6V1_EXT09,444,1.1267658248613686,0.15619273718530785,0.039628321781454715,0.5643071292596832,0.37499309110427265
C1,K6V1_EXT09,445,1.1121545081941118,0.1688427265582324,0.053667289045852,0.4283317729878646,0.14464975224497942
C1,K6V1_EXT09,446,1.0245419130531828,0.16661288524645232,0.049179710701503065,0.7136360915742785,0.14719044493761188
C1,K6V1_EXT09,447,1.0130887654906326,0.17948778920892272,0.08414741376844845,0.775122977512843,0.1284732445333152
C1,K6V1_EXT09,448,0.9918354118162865,0.2080220547282532,0.1218210846983815,0.9276981742556869,0.15544216957225834
C1,K6V1_EXT09,449,0.9978672022143448,0.1770250821444607,0.12190329293648834,0.793243304301748,0.0936661187892691
C1,K6V1_EXT09,450,0.9968039697937139,0.1778421456519076,0.1257683549172841,0.7419901873460203,0.033907962856691724
C1,K6V1_EXT09,451,0.9926611465851994,0.18680725211726754,0.12394637820127402,0.6766706935497492,0.008176493918941397
C1,K6V1_EXT09,452,1.0808006863499011,0.19351122249252634,0.11056209264536426,0.6781155019671266,0.03452172272255878
C1,K6V1_EXT09,453,0.9681500008765074,0.16317870371048174,0.07780675284643178,0.423505334696787,0.0059939173407698165
C1,K6V1_EXT09,454,1.0557271775317731,0.1914133013024436,0.07406937015537207,0.8284592913522888,0.015037278353565834
C1,K6V1_EXT09,455,1.053620591960563,0.2007888730365819,0.06296460480539444,0.8043867026151608,0.02947814259381708
C1,K6V1_EXT09,456,1.0174491938927732,0.20763720424053203,0.051745204339771964,0.7508354180313975,0.034805062766968174
C1,K6V1_EXT09,457,0.9337349790914354,0.20587660030565016,0.0419259969194582,0.733375538975196,0.15966612544753844
C1,K6V1_EXT09,458,0.8795687797010138,0.19076009277682895,0.031690306251113756,0.5321342575706547,0.1607193200267907
C1,K6V1_EXT09,459,0.8885743873947437,0.19380885614225518,0.027569562995158458,0.661085466576095,0.12095944786938126
C1,K6V1_EXT09,460,0.8600058980336573,0.1995107237391607,0.02271696577747085,0.6131125563021498,0.06119748055880206
C1,K6V1_EXT10,440,1.0770401007916184,0.14576310178217478,0.01775756705406119,0.33666064428760295,0.527072851738657
C1,K6V1_EXT10,441,1.0664018516273337,0.14803531386779772,0.019416627024622032,0.506387434690835,0.44413289836477077
C1,K6V1_EXT10,442,1.0686262614300244,0.1603668866601303,0.024143539422927827,0.5672674380890858,0.43308681009688926
C1,K6V1_EXT10,443,1.010360987062099,0.1528332868916184,0.02971790703249184,0.5672331090355445,0.39331005577090333
C1,K6V1_EXT10,444,1.0088495539371947,0.1500114657873502,0.037820900567803004,0.5680288021066371,0.3975982494263313
C1,K6V1_EXT10,445,0.992713344328281,0.15070054609807756,0.05005832093660973,0.6924702988230738,0.33793720950259715
C1,K6V1_EXT10,446,1.0057092967261667,0.18066440099372863,0.051356289750102375,0.7862368596709206,0.2645092762943076
C1,K6V1_EXT10,447,0.8636459638868981,0.10462073133252918,0.047348290254240435,0.5758507969069477,0.10679828385109638
C1,K6V1_EXT10,448,0.8707620048911072,0.12042873799098026,0.06043811116919235,0.6671480151373331,0.06844982986445829
C1,K6V1_EXT10,449,0.8069695898327226,0.11017227299816525,0.06342965413623351,0.596399493229587,0.06893188007489467
C1,K6V1_EXT10,450,0.8365172391522167,0.11136456441488388,0.07053692162453697,0.5991773726236059,0.005111461981970114
C1,K6V1_EXT10,451,0.8247823634814287,0.11285548560684257,0.07175751729236463,0.5958237825613595,0.08721848031525962
C1,K6V1_EXT10,452,0.8345289897806912,0.10430123157269121,0.05405256352836011,0.5094239054637346,0.07130742460331684
C1,K6V1_EXT10,453,0.8145576885323217,0.11140871839594008,0.05434080289604939,0.6090450055122983,0.15319447092520386
C1,K6V1_EXT10,454,0.8109852859400767,0.12058688707294862,0.04299722986313642,0.6036554122554451,0.010794737238507227
C1,K6V1_EXT10,455,0.8430539394587709,0.15524627712393538,0.050147651688036005,0.18630997951283385,0.24291727207637664
C1,K6V1_EXT10,456,0.9061321624003453,0.20116297299754543,0.06369316631005052,0.2377057235714422,0.40859839952542587
C1,K6V1_EXT10,457,0.9194171183600046,0.23003306505348053,0.05054909438985261,0.5913127792346097,0.35677710108439575
C1,K6V1_EXT10,458,0.9524247220050046,0.2586666515055345,0.044098350249407815,0.6803533218375161,0.19857700213619822
C1,K6V1_EXT10,459,0.9580752004988748,0.270653748248127,0.0358834691607504,0.7375097888886524,0.007298864421235651
C1,K6V1_EXT10,460,0.9416674807079273,0.24340087938445165,0.027773852513929498,0.8506691519180277,0.19037037549301666
C1,K6V1_EXT11,440,0.9522772375476665,0.05801721591336535,0.00536351037483348,0.3695538088845137,0.016116737013746635
C1,K6V1_EXT11,441,0.9823690295743421,0.06073810887690932,0.005786184016321742,0.37884224164611374,0.06354874293157514
C1,K6V1_EXT11,442,1.028307933269697,0.10211660489463108,0.012049995801309088,0.486765146555362,0.11215593179122142
C1,K6V1_EXT11,443,0.9857200215696709,0.08915493323292047,0.01294653412417058,0.44086151698051157,0.11919393808366764
C1,K6V1_EXT11,444,0.9810883684792892,0.10088095685920882,0.01875719640608404,0.47753439409277637,0.15157489668048635
C1,K6V1_EXT11,445,1.0133871557297585,0.11821531054822407,0.029961326602116905,0.41941746124772805,0.1784127526281465
C1,K6V1_EXT11,446,1.0515304793684475,0.1511968468142012,0.03555345442044256,0.4383241597000314,0.27163358975942237
C1,K6V1_EXT11,447,1.0504702702173137,0.13374871815187458,0.05103086064211932,0.23963573606047642,0.28090013130917363
C1,K6V1_EXT11,448,1.0110322323571086,0.11734585030732622,0.05962423313391654,0.40511993579655103,0.2701837300758138
C1,K6V1_EXT11,449,0.9015172813119382,0.11958171828364647,0.07025427579109271,0.5800355814705858,0.22052674245400514
C1,K6V1_EXT11,450,0.9016556845528882,0.11249814808492206,0.07113959343391278,0.6247146911617385,0.15787677403745348
C1,K6V1_EXT11,451,1.0289840391333462,0.10776895847726213,0.06428828920151511,0.6590769293012557,0.11159422496943953
C1,K6V1_EXT11,452,1.1740208897484181,0.10646524063950497,0.052297981692577274,0.6348999737468184,0.07650945710622314
C1,K6V1_EXT11,453,1.1527462027193007,0.1226754267817221,0.05302346011278211,0.6295141245652849,0.1567720215953496
C1,K6V1_EXT11,454,1.1870392201744189,0.13661443107498633,0.04931342809423734,0.7402099652220301,0.2586373107409228
C1,K6V1_EXT11,455,1.2151179630236468,0.1566235788263073,0.0500453762935929,0.765026022041724,0.3233151300157458
C1,K6V1_EXT11,456,1.2490538158228361,0.16499870286313587,0.04722755425464733,0.7746513464224817,0.34592394336780913
C1,K6V1_EXT11,457,1.2126349744349194,0.167401233181027,0.04030870081333558,0.7635461225237395,0.36210863702455337
C1,K6V1_EXT11,458,1.2191504268851345,0.16203736799008542,0.03307343679011016,0.7386522932227698,0.3578853209273799
C1,K6V1_EXT11,459,1.2047800811631428,0.1593837916650718,0.027726116123376825,0.5135773198456259,0.35095999734151256
C1,K6V1_EXT11,460,1.161658258264767,0.16952397607274924,0.024382138452472932,0.5944290300620687,0.34058340149474703
C1,K6V1_EXT12,440,1.0014928979304405,0.06005711754574775,0.0056343315499255585,0.607734981077841,0.0219435409380881
C1,K6V1_EXT12,441,0.9651821041384396,0.07402863026178447,0.008399926359530652,0.5077279765041963,0.024395079177383316
C1,K6V1_EXT12,442,1.0072543186840797,0.057483327466599614,0.00772834591999002,0.2777395460418316,0.002469875764456184
C1,K6V1_EXT12,443,1.0339317578147877,0.07138748226149334,0.012509864463317488,0.3216509954398341,0.021853356097269943
C1,K6V1_EXT12,444,1.0303022879543153,0.09350211599129389,0.022044009604080435,0.4729013439571132,0.06577788551087105
C1,K6V1_EXT12,445,0.9882898493054595,0.13536502030344832,0.04590452611664954,0.566191616669319,0.2437240876222588
C1,K6V1_EXT12,446,1.002246353092467,0.19191215826028454,0.059715509017044435,0.9969621144524706,0.7278201478741914
C1,K6V1_EXT12,447,0.9226881984241928,0.18182120815466998,0.09117050689501084,0.6536507299102561,0.337854128643296
C1,K6V1_EXT12,448,0.929119035422841,0.11484042509041621,0.0743374015818193,0.7206306496260908,0.18075701187447726
C1,K6V1_EXT12,449,0.9021685346878927,0.12005371739372298,0.08508058262087542,0.6115045264798014,0.1403502237125368
C1,K6V1_EXT12,450,0.9062142425906345,0.12281443852171989,0.08943160198610035,0.5870667725808697,0.15746105166480903
C1,K6V1_EXT12,451,0.9160494421863461,0.10518282540881793,0.07568543493451926,0.562761775910113,0.21431893773086635
C1,K6V1_EXT12,452,0.8549331554766761,0.08345729391950207,0.05313680137434356,0.47457788617869817,0.26825202112756796
C1,K6V1_EXT12,453,0.7817216175706643,0.09287100024688058,0.05539998424272441,0.9073567799306106,0.3605908504528365
C1,K6V1_EXT12,454,0.7624471743942302,0.09855135296434629,0.047140145534817705,0.8654479351268272,0.36614275528810714
C1,K6V1_EXT12,455,0.8386731375147519,0.10773858170164433,0.03956331883725048,0.4965497769377514,0.3283515970916637
C1,K6V1_EXT12,456,0.8891656994438544,0.11749669633084459,0.03181443155729029,0.5810092926032209,0.1771477456174387
C1,K6V1_EXT12,457,0.966807826444815,0.09965088281408849,0.020467376950415964,0.5958917107505648,0.03278606799279294
C1,K6V1_EXT12,458,0.9302510644106273,0.08155236916850264,0.015516234332830576,0.5528726911332632,0.187109021631904
C1,K6V1_EXT12,459,0.8824309585617853,0.07488089385779031,0.01392935299996085,0.5846026303760401,0.2465606413444972
C1,K6V1_EXT12,460,0.9788085212251544,0.07837555460649144,0.014116346285715117,0.5877268516487543,0.29531024293798613
C1,K6V1_EXT13,440,0.6124962966902323,0.054980173243939695,0.004611712976010736,0.39548980604893463,0.18259303957957027
C1,K6V1_EXT13,441,0.5866843156668919,0.05014304236662088,0.005895916101651652,0.17032014244458876,0.17691827449547073
C1,K6V1_EXT13,442,0.6436086886301655,0.06666306976244447,0.005709471777634185,0.33438014430855956,0.2659626425545201
C1,K6V1_EXT13,443,0.5606804147061617,0.04691989412991387,0.006738210567547798,1.789956944333137,0.08843759933230609
C1,K6V1_EXT13,444,0.5697701259531069,0.050046485487851906,0.00912256579877272,1.7722327967314309,0.05772781850584514
C1,K6V1_EXT13,445,0.5294411044231634,0.0378695657391774,0.010317094503974375,0.5209292710285913,0.019233032702915
C1,K6V1_EXT13,446,0.5786401550484793,0.04015639567088773,0.009974596251255501,0.32456802862990225,0.11563330351554586
C1,K6V1_EXT13,447,0.6238403906116711,0.057298340588409685,0.025649684402026356,0.7987848640309203,0.00974887098652374
C1,K6V1_EXT13,448,0.6905683227674215,0.06521974153239354,0.04201136726846253,0.36441755849675916,0.023554465820488327
C1,K6V1_EXT13,449,0.7300289649140341,0.05828152392592666,0.046561434671515495,0.5897041979634772,0.03177423032018243
C1,K6V1_EXT13,450,0.6788981562048171,0.050304334290405726,0.0415909624180113,0.6663415083305422,0.022311883692951326
C1,K6V1_EXT13,451,0.6752302581454701,0.039788642023970734,0.02907503014453786,0.219042587283698,0.006528388971175685
C1,K6V1_EXT13,452,0.5984449818448495,0.039062854297059996,0.02488721653842434,0.5546035317677703,0.014929689234020344
C1,K6V1_EXT13,453,0.6561432753883487,0.03015484410156229,0.018285689876096158,0.33164218111140215,0.04887697753163149
C1,K6V1_EXT13,454,0.7349490248301771,0.04658056299489559,0.02038719707462882,0.5059510203917944,0.03732657772396919
C1,K6V1_EXT13,455,0.7375915013612709,0.044360113941333934,0.013778996100954517,0.7218186992811864,0.0022786052918466523
C1,K6V1_EXT13,456,0.7484062718209297,0.04387255966709533,0.011450678288920314,0.2849606550960836,0.08411855469060024
C1,K6V1_EXT13,457,0.779202856849577,0.05418917693515765,0.00895962927503198,0.7496088327258184,0.17303882015781363
C1,K6V1_EXT13,458,0.8447520052666215,0.08017371165317617,0.008920757393871008,1.8199462465916425,0.21618808458342706
C1,K6V1_EXT13,459,0.8356721233411123,0.08482608750466213,0.007450692748221905,3.6566425009287946,0.23782730591528495
C1,K6V1_EXT13,460,0.8646555176934694,0.0931296945719411,0.007422886452396978,1.7544400639486672,0.13132391606721083
C1,K6V1_EXT14,440,0.7250466990398614,0.11134224208309466,0.012655161782314192,1.6714976011876597,0.05387417737623814
C1,K6V1_EXT14,441,0.70191728859131,0.09876968983457206,0.015415982906738148,1.6690510414156041,0.10199659908399931
C1,K6V1_EXT14,442,0.6207909164168847,0.09210274870568877,0.0198125055196785,1.0720346000032002,0.1503338845091545
C1,K6V1_EXT14,443,0.6881801457925638,0.07406605691254417,0.02380651470376739,0.7403982813909221,0.19257870076324612
C1,K6V1_EXT14,444,0.6814953184736183,0.06649232574152555,0.029599619046247506,0.44612444457462747,0.20523616867103936
C1,K6V1_EXT14,445,0.6647222720630567,0.06413570815272472,0.03526022482629314,0.6902597612896845,0.16764204014499764
C1,K6V1_EXT14,446,0.6713699970933673,0.06676826587606259,0.028700466834356595,1.2092441171210158,0.0992693561797793
C1,K6V1_EXT14,447,0.6863060635642102,0.06090366991671398,0.04188146677244086,1.2095649888118833,0.08998637816876472
C1,K6V1_EXT14,448,0.6781074653618876,0.06396418539522128,0.057029147479062875,0.7251646570085907,0.09974111206201823
C1,K6V1_EXT14,449,0.6781067781940027,0.06949758177463393,0.06947683324580155,1.0692123615262619,0.0995441396600067
C1,K6V1_EXT14,450,0.6894198520038424,0.07014783312151131,0.07305748383444599,1.0290221172607714,0.0981124398483011
C1,K6V1_EXT14,451,0.7047043616803353,0.06137367375489158,0.06517902871613737,0.3992987412132419,0.1131334223316974
C1,K6V1_EXT14,452,0.7497231486044557,0.053889786676028,0.055543839501462265,0.4219288676412703,0.1470687915521738
C1,K6V1_EXT14,453,0.7412138447123818,0.0426174867821371,0.04160914505550741,0.24656478565280637,0.16751318915563462
C1,K6V1_EXT14,454,0.7031523536613407,0.04171998946890669,0.024876583007991514,0.6412555971862908,0.11883166324982129
C1,K6V1_EXT14,455,0.763154174740071,0.02402247442532408,0.010049167602839946,0.37479049735190145,0.08274930815490597
C1,K6V1_EXT14,456,0.8012430893323627,0.025988190269940214,0.0065909548761947,0.2592082884753042,0.08903133828849602
C1,K6V1_EXT14,457,0.7523959174643999,0.028885561866639542,0.005268897884800387,0.1654405216784923,0.12679888423673363
C1,K6V1_EXT14,458,0.7753655306287591,0.019076854939076487,0.004008614453790171,0.1583408709648188,0.1181799441800021
C1,K6V1_EXT14,459,0.8005381169919645,0.014768254133556346,0.003983345251481723,0.09997197417425567,0.13094536475222462
C1,K6V1_EXT14,460,0.7878828210578092,0.014291993357509459,0.0029740045055586285,0.14821744861413785,0.09483192486998686
C1,K6V1_S35,440,0.8497543124337358,0.16636883902127844,0.015832358262464635,0.8364155872911403,0.29342093044257994
C1,K6V1_S35,441,0.9472412216087898,0.1687592223838729,0.018529903364067374,0.65206430403902,0.25918156740166187
C1,K6V1_S35,442,0.9032842365027731,0.18805624171595506,0.025027815005836975,0.8558939666713461,0.21674705936185668
C1,K6V1_S35,443,0.9158972518222206,0.12002322816693121,0.021566011171753986,0.40964236451225705,0.07057059799717905
C1,K6V1_S35,444,0.9213164578460149,0.11122958235209696,0.02473276443427168,0.4470577651145828,0.009285463476298716
C1,K6V1_S35,445,1.0056515525581469,0.13102946315370742,0.038754141120446825,0.5459489680314136,0.007537432205970914
C1,K6V1_S35,446,1.0346335919222358,0.16774247278450904,0.04556970465256617,0.7378062076491614,0.1271661578107403
C1,K6V1_S35,447,1.0334200936442177,0.173025413374072,0.07738272710146762,0.7347977804295264,0.047735439367804826
C1,K6V1_S35,448,0.9464394172998037,0.1690143613191794,0.09571065611956939,0.6745385716780218,0.04706275449805408
C1,K6V1_S35,449,0.8975682494314847,0.16011656119027373,0.10544192112329517,0.6313973239073706,0.0322022929043765
C1,K6V1_S35,450,0.9183011961445317,0.15707492325478023,0.10907387481620819,0.5585767490959673,0.008117634967538085
C1,K6V1_S35,451,0.9537232277611901,0.15903474916531604,0.10314052427522188,0.46875041993787975,0.00879036695404872
C1,K6V1_S35,452,1.041092711127419,0.1637567353538833,0.08896208290814639,0.6499212026878768,0.07174860955918545
C1,K6V1_S35,453,1.0356288091341117,0.18092726845814044,0.08340478273644274,0.7236408975310041,0.12990972640552356
C1,K6V1_S35,454,1.0995041558476877,0.1645113127142642,0.060569427768607874,0.7048949686552118,0.1647541168300575
C1,K6V1_S35,455,1.0460336622581659,0.09001986804331395,0.02488634028593324,0.42994438233008386,0.07656178637259667
C1,K6V1_S35,456,1.0849665371956432,0.16198213802220793,0.04649380717824199,0.48047190264866085,0.3260383250328467
C1,K6V1_S35,457,1.044744569738343,0.20357842987265934,0.05709230644981722,0.3180646160371677,0.4202559540641685
C1,K6V1_S35,458,0.9367165658027868,0.19817583434832808,0.046287339165679446,0.4130165864243953,0.38437400042925224
C1,K6V1_S35,459,0.8716616476592549,0.1872624747005604,0.03212056854706955,0.46602401006611915,0.2859032355463589
C1,K6V1_S35,460,0.8442052145454604,0.16788705165030687,0.0217165437233,0.498394128496999,0.1923073581583861
C1,K6V1_S39,440,0.6352629364242581,0.09643810693920865,0.009357941456915615,0.49834574032914486,0.26262077838167985
C1,K6V1_S39,441,0.6279542580995893,0.0974922131699312,0.01100944012855672,0.44857779845212026,0.2677186420843812
C1,K6V1_S39,442,0.69184140849981,0.10356908659621693,0.013034014191201985,0.4841342868570314,0.2406750320763445
C1,K6V1_S39,443,0.6775037176103759,0.11243761067219721,0.017241346246026,0.47382237328574955,0.18512983536779648
C1,K6V1_S39,444,0.7094013741577179,0.10811182348922366,0.021659112989224686,0.3990097247444546,0.11086026843968981
C1,K6V1_S39,445,0.7056989322010627,0.11360018184668119,0.03258100073493552,0.4669285580435861,0.045331996726085476
C1,K6V1_S39,446,0.7222442542819821,0.11545658286986464,0.031685721231990135,0.492418975237521,0.03286670985223039
C1,K6V1_S39,447,0.7162465047005031,0.14389086599938727,0.06590310916633774,0.6910896017233435,0.004333123801640132
C1,K6V1_S39,448,0.7261546382171041,0.12210689868982086,0.0679397782428757,0.47277320586758453,0.04370816308821871
C1,K6V1_S39,449,0.8420744659727835,0.11469653088260258,0.0754100760110887,0.6913578124030924,0.016296601462649826
C1,K6V1_S39,450,0.8153210745058924,0.11645680793882346,0.07939937699682673,0.5100726445643835,0.06758313673168123
C1,K6V1_S39,451,0.8572501805046394,0.108874336637821,0.07025385294495332,0.4297318310843346,0.08843865879406579
C1,K6V1_S39,452,0.8768991921357648,0.12106555449367243,0.06735373364863388,0.4294774159270193,0.11099650782374533
C1,K6V1_S39,453,0.792752077085915,0.13598246665423577,0.06332807967782467,0.34155626012182433,0.06965667093287237
C1,K6V1_S39,454,0.8059135368997253,0.14060414809294228,0.052512958114643425,0.4284079106757388,0.023730349780575696
C1,K6V1_S39,455,0.8707144378944628,0.14845705489037309,0.045654694164203716,0.5681371694336781,0.033937590393179784
C1,K6V1_S39,456,0.8522946794873762,0.1564902100604385,0.0397018126177005,0.6760882251935868,0.08386570068991762
C1,K6V1_S39,457,0.755178408531221,0.15575197404928653,0.03168256668445206,0.9411545912625351,0.10341715012715919
C1,K6V1_S39,458,0.799673101201328,0.17259786313236622,0.028702740582367225,0.9904044259847362,0.12194129425793185
C1,K6V1_S39,459,0.8625561172438726,0.1479980292354054,0.020417289474370413,0.7935568479783859,0.13179816586533852
C1,K6V1_S39,460,0.9297921105690137,0.15341377445552845,0.017706119189276837,0.7950918540729724,0.13066021645108614
C1,K6V1_S21,440,0.9955138324096267,0.0813099753389257,0.007765459231233557,0.5104728836501808,0.0072782741452655664
C1,K6V1_S21,441,1.0015560120804923,0.07529191593913213,0.008519201144474235,0.5603212729269772,0.0002393708862722916
C1,K6V1_S21,442,0.9746813741259615,0.07670453113273089,0.01045134023178849,0.5840291189440465,0.0019305980051391915
C1,K6V1_S21,443,0.9877202774131265,0.07156414715279817,0.012553297260170213,0.6098403784468192,0.015441488296442846
C1,K6V1_S21,444,0.9650247021105637,0.0731309307060255,0.01756051920905478,0.4936246385985759,0.044367721320023826
C1,K6V1_S21,445,0.9726197507949514,0.08766000841907626,0.02874815299230951,0.604465609349177,0.05583185711898258
C1,K6V1_S21,446,0.9597197058970052,0.08961125275125296,0.028168279726569025,0.7402324410355641,0.06866237282275331
C1,K6V1_S21,447,1.0030671231598198,0.08879640540027804,0.041822544673173895,0.6584677081971679,0.022975792091208605
C1,K6V1_S21,448,0.9823164748081598,0.09147839861982585,0.0496322107442342,0.5921892778401364,0.05375664600752907
C1,K6V1_S21,449,0.9483158481802931,0.06684961239667228,0.04277819965544886,0.7331763199319757,0.02860156640033865
C1,K6V1_S21,450,0.927313483078472,0.0703188212969023,0.047124385713671876,0.7522507920800164,0.032955032016070925
C1,K6V1_S21,451,0.908475141858706,0.07134014906011477,0.04712086888966183,0.784845856521221,0.003562188130440568
C1,K6V1_S21,452,0.917238998115465,0.0693930908761607,0.03967370007277759,0.7377169326371857,0.02568744859897183
C1,K6V1_S21,453,0.9228799048457733,0.07271829267277256,0.039134825188152256,0.7009299683039001,0.10038678551294815
C1,K6V1_S21,454,0.9391146252412176,0.0708176575366235,0.0318964672329698,0.743796584688512,0.11144848948636987
C1,K6V1_S21,455,0.9334206094109537,0.06982097321763431,0.025434487490229533,0.5831202595752406,0.09705316561465771
C1,K6V1_S21,456,0.9609127112889126,0.06853968155494124,0.020131831390037123,0.33197453299733454,0.08728940574719526
C1,K6V1_S21,457,1.0158661696952676,0.07047545810265042,0.015106514761460379,0.39835102138744893,0.023517965119577006
C1,K6V1_S21,458,1.029928158981002,0.06677987759074776,0.011077611606757451,0.5209291196123923,0.03878565730783769
C1,K6V1_S21,459,0.9836651198525769,0.07741341836412116,0.010185899527035074,0.78119058940136,0.12998702291939676
C1,K6V1_S21,460,0.9633264970784793,0.07938536138724,0.009548385225953004,0.7872840875655065,0.21713047704295793
C1,K6V1_S42,440,1.079617351290221,0.149320296910783,0.01687716026403773,0.28501679810855796,0.7652367541240813
C1,K6V1_S42,441,0.975259560010159,0.15375356340618082,0.021152711131103535,0.43506931862414244,0.774081606847969
C1,K6V1_S42,442,0.8729347011707845,0.14123975897881072,0.025450156024641242,0.599308223440603,0.742621565645513
C1,K6V1_S42,443,0.9548426358443088,0.1569929317145744,0.0314628920724659,0.6333548302518999,0.583450934277645
C1,K6V1_S42,444,0.9830930092581341,0.16744498748698494,0.043011718857921356,0.6007330356493595,0.6650181544889426
C1,K6V1_S42,445,0.9659549634002146,0.17944091925348205,0.06332421976754075,0.5296352272931696,0.8060674076840408
C1,K6V1_S42,446,0.9997197759256309,0.15711386982153464,0.04999688533546363,0.6234727877117281,0.3689814572517778
C1,K6V1_S42,447,1.0513379943520407,0.1983924792538144,0.09850524012713247,0.641364187365036,0.5576442365744115
C1,K6V1_S42,448,1.1097217290499122,0.205565531468221,0.1215959275656081,0.8211338948607918,0.37977304651521465
C1,K6V1_S42,449,1.2274476041688422,0.20980607140234578,0.1375058324900644,0.7783038926048697,0.24485148846031538
C1,K6V1_S42,450,1.1594755162654489,0.21019600442330597,0.13977407627603367,1.17018817032904,0.3357246433744374
C1,K6V1_S42,451,1.2333559332682065,0.19005204844736212,0.12565412328881181,0.7806786961723621,0.5229372736053083
C1,K6V1_S42,452,1.2491254343338012,0.24740887520987392,0.12377884775053673,1.6555262447289152,0.5148484587802774
C1,K6V1_S42,453,1.1624601776982224,0.13287332976968566,0.06603353436598003,0.4109035200525514,0.22057861190101133
C1,K6V1_S42,454,1.269348529758807,0.26390356148469923,0.08723810682789788,1.3720178797553737,0.7075210435471067
C1,K6V1_S42,455,1.2624615742785164,0.2685598101711105,0.07200260892635058,1.4113472088325583,0.5944783061871943
C1,K6V1_S42,456,1.2052754787253632,0.25612507841805165,0.057159102696849054,1.1066928173289448,0.46809104625264936
C1,K6V1_S42,457,1.122596548518218,0.2444093158373067,0.04551430411868881,1.2270324722018686,0.29984757515439087
C1,K6V1_S42,458,1.131737577298799,0.21624308954572005,0.03414209558522348,0.8303921867975738,0.1640906611746195
C1,K6V1_S42,459,1.1013140113704158,0.19999383005875881,0.027153921602359365,0.7110387206758161,0.05851872901354997
C1,K6V1_S42,460,1.1242982471291136,0.20284311992185824,0.02253062965599506,0.6174704323630278,0.13357845212922675
C1,K6V1_S36,440,1.0517025085236247,0.1274538239040969,0.013601963115063351,0.7110833623065108,0.24067375215493306
C1,K6V1_S36,441,1.059107245858873,0.13487395830621896,0.0164712760572717,0.7936093739073862,0.16862692499603318
C1,K6V1_S36,442,1.0605240128796711,0.14652874611428854,0.02075412676164318,0.6972588112258357,0.10131567847411964
C1,K6V1_S36,443,1.0568953327133763,0.16070356579348563,0.027737207857634904,0.577096197243183,0.044162671351461805
C1,K6V1_S36,444,1.0743724017473881,0.16948476887008565,0.03675129546912878,0.629362381820209,0.013005417499114507
C1,K6V1_S36,445,1.156815046758069,0.17595699614638458,0.050452912525125806,0.5940164995132254,0.07393192670815256
C1,K6V1_S36,446,1.198653372351984,0.20835091510319217,0.06028218085250404,0.5233069167403223,0.14995756422234827
C1,K6V1_S36,447,1.160859988337944,0.21405050787496657,0.105543783475311,0.6013389756275015,0.5243940193567356
C1,K6V1_S36,448,1.040316804946318,0.18141531721759985,0.11791721106324567,0.5526845759338583,0.49880920286923547
C1,K6V1_S36,449,1.1227706585105839,0.20108805469410065,0.1379591818917434,0.49075110406955735,0.24238507844379342
C1,K6V1_S36,450,1.1270631561149174,0.21513624625053737,0.1515505538568923,0.6060105730225783,0.1520010616791426
C1,K6V1_S36,451,1.0970447045061593,0.21267131008884918,0.13946513924949996,0.5925325497916777,0.13847642320218934
C1,K6V1_S36,452,1.0282171394274398,0.18008424583493043,0.09930326156773082,0.630725647584387,0.06970618486871925
C1,K6V1_S36,453,1.0929493920879694,0.178063515947472,0.08570294644340803,0.6053382992896699,0.22187206254517428
C1,K6V1_S36,454,1.07018183733195,0.17076040304520418,0.06652866952046563,0.524245951771806,0.2053076639095711
C1,K6V1_S36,455,1.0673535078416938,0.16261199944087953,0.05214444642324486,0.4826747575449057,0.17744240176496304
C1,K6V1_S36,456,1.0852211830770422,0.13986029610124778,0.0377054975562614,0.4488566997043681,0.1559491698549187
C1,K6V1_S36,457,1.1069934890383264,0.12494672281307907,0.02706359556667634,0.6492027429357405,0.0957019930361659
C1,K6V1_S36,458,1.0875619733379023,0.09516103260610675,0.016642748554658866,0.503177265785982,0.037480188768261216
C1,K6V1_S36,459,1.053694356821208,0.09215707112045272,0.013082841601915397,0.4032602235259025,0.014229124355613135
C1,K6V1_S36,460,1.0987006728478044,0.147001474974329,0.01797648278358462,0.36342587645378094,0.17809121816360246
C1,K6V1_S31,440,1.2141881426962908,0.2466831041248439,0.021143524246960595,0.791508349068594,0.6676512589147503
C1,K6V1_S31,441,1.2222629074332778,0.22624695168879388,0.02393177401286843,0.8314522837852242,0.48904739544465287
C1,K6V1_S31,442,1.1480376005022723,0.20472461450987975,0.027468707145919043,0.7072794708019177,0.4027591834799747
C1,K6V1_S31,443,1.1974910705461157,0.17735801427883996,0.031018202087203215,0.6215792332567274,0.2056951215922036
C1,K6V1_S31,444,1.2398949580875243,0.2020518037853846,0.044289603276031236,0.47872168330277043,0.052070218464293994
C1,K6V1_S31,445,1.2205645857409904,0.20261019257810867,0.06067396704514099,0.6013769306850657,0.07185918619052085
C1,K6V1_S31,446,1.2923531660646954,0.2280674285029555,0.06404908862890617,0.7509234124353156,0.12541103088425992
C1,K6V1_S31,447,1.3621239724678589,0.20996984755257778,0.09746931266524272,0.8513110937011258,0.24836010500983988
C1,K6V1_S31,448,1.4702683026901746,0.20570022853744468,0.11996136433048227,0.6738155963940147,0.3141106358426742
C1,K6V1_S31,449,1.4544088474155847,0.23269210889263525,0.15176221914793747,0.5977083607717034,0.3459251038353914
C1,K6V1_S31,450,1.464807274989853,0.24334612575052783,0.16469835305150415,0.6148032342702263,0.3145726940146332
C1,K6V1_S31,451,1.447558615978731,0.25016175805119134,0.15746909353155017,0.5335621473316531,0.38187073962236384
C1,K6V1_S31,452,1.396073743368281,0.30063322809047416,0.15808698043028138,0.7364817730483637,0.2864459808068018
C1,K6V1_S31,453,1.35714388323434,0.285399378244629,0.12742288940039073,0.5219308639084574,0.30977885366460206
C1,K6V1_S31,454,1.3966378377759776,0.25180475735084623,0.09059241718910767,0.8862738541302541,0.9105514429672497
C1,K6V1_S31,455,1.3569259144468422,0.2446979399825891,0.07569352652704633,0.710959925362805,1.3986167879496394
C1,K6V1_S31,456,1.4030205895370853,0.26112517428154175,0.06563677865658955,0.5335260803656537,1.5348227129848606
C1,K6V1_S31,457,1.4573723308443363,0.2579437060121612,0.049104999886763284,0.7301003833880438,1.2905486301024132
C1,K6V1_S31,458,1.4169257045141894,0.2491833149405414,0.03711948805289742,0.6835064576190906,1.041346960112274
C1,K6V1_S31,459,1.3576989836561641,0.2582392773705447,0.03165410888846223,0.6737632855410026,0.8327788564181318
C1,K6V1_S31,460,1.3516423149452235,0.26537739037761215,0.026861516441227466,1.4616540387903671,0.8048039528792846
C1,K6V1_S45,440,0.9309643673316776,0.10966081352511524,0.01214162034204991,0.6477305190920847,0.23990842214171854
C1,K6V1_S45,441,0.9358740009991506,0.18097763031794986,0.022048371351627963,0.7077345158711049,0.4770808207374566
C1,K6V1_S45,442,0.8814769524305881,0.19395355338225043,0.027944832005559247,0.7389313611172741,0.498263475362708
C1,K6V1_S45,443,0.8720035193787037,0.18425877491783674,0.03321762289377417,0.7798283416478822,0.359179138398078
C1,K6V1_S45,444,0.840160673183404,0.16086276376771882,0.036715188738920365,0.8269990233437773,0.14148080989924142
C1,K6V1_S45,445,0.8694256096411571,0.16967493821569052,0.05018703696444635,0.8526656654919069,0.031633384043858265
C1,K6V1_S45,446,0.8111801712686121,0.07916972686362861,0.02218527298878696,0.3810914210092671,0.008549155258472333
C1,K6V1_S45,447,0.8806549752685053,0.09427401739891081,0.0410399697445714,0.5216523961492233,0.1948840593175514
C1,K6V1_S45,448,0.8118957556979093,0.14667738597484947,0.08520910173538138,0.9842401936502657,0.0719964749438022
C1,K6V1_S45,449,0.9540772539517323,0.11263127525052444,0.08558587774036261,0.8090183491377002,0.25387121223588494
C1,K6V1_S45,450,0.9614741144318071,0.08042023777046697,0.07129496104758878,0.5625603709846693,0.19946668648800892
C1,K6V1_S45,451,0.9499894885426536,0.06589338519773284,0.05585033895416544,0.43197447945538153,0.1535432493980159
C1,K6V1_S45,452,0.896088528520312,0.045361772266343144,0.028684635996754148,0.5419374761011676,0.07117222900717018
C1,K6V1_S45,453,0.9324308576566968,0.057985630719348556,0.04219239224569244,0.4731945195654917,0.258089655556285
C1,K6V1_S45,454,0.9047280120320442,0.06168870465086337,0.03594619510095158,0.5917347819684593,0.3084373404471078
C1,K6V1_S45,455,0.8154962157641092,0.061864483249703756,0.0301088139793652,0.7785531449753458,0.36186466163192677
C1,K6V1_S45,456,0.870370388538734,0.058973490775464064,0.022422632661606823,1.4848666428723394,0.38183196227657284
C1,K6V1_S45,457,0.9013944300778614,0.061560064131294334,0.013939543363064561,1.7620744118257778,0.32140950769321286
C1,K6V1_S45,458,0.8738087612651453,0.0736076101258165,0.010413596430959645,0.7957414057078054,0.24469753235424407
C1,K6V1_S45,459,0.8494336521850671,0.07323710862677874,0.008640748253932112,0.7793118956584308,0.16616352101917803
C1,K6V1_S45,460,0.8639463009142879,0.0816122215641159,0.008666292295904042,0.43984915650773593,0.031009538583744712
C1,K6V1_S32,440,0.6607909822455363,0.12492557642035047,0.014993687458285004,1.062064661773364,0.10074538176875972
C1,K6V1_S32,441,0.6308542450205048,0.11584628244545359,0.01888123132298164,1.515765124270619,0.14695618528197735
C1,K6V1_S32,442,0.6413477435119562,0.12100922638094722,0.025739107143425418,1.7832711571004483,0.18111116228375623
C1,K6V1_S32,443,0.5941473215340056,0.10388623117071973,0.030222710719938862,1.1966110958750273,0.19357843632893443
C1,K6V1_S32,444,0.5832549076076761,0.10359491378935781,0.03875656581597954,1.305920275452564,0.18956811661058004
C1,K6V1_S32,445,0.5978258101681825,0.0978631796648098,0.0494970522975568,1.666679899775129,0.17902458869046925
C1,K6V1_S32,446,0.5632782331479091,0.0880183840128868,0.04211620237226116,1.7178929118237651,0.1681331789296884
C1,K6V1_S32,447,0.5624402591947804,0.06385368043983998,0.0535283725603914,0.9775395061309667,0.15517842857955147
C1,K6V1_S32,448,0.5766008235873173,0.0751622122725086,0.07607293499413467,0.5002017512058468,0.16256251873317076
C1,K6V1_S32,449,0.5735137469908557,0.07652586196472373,0.08778202261511141,0.347165678718447,0.16321025503958594
C1,K6V1_S32,450,0.559567106121015,0.07397001458809353,0.09005859249479524,0.3447879070003755,0.16711467286500534
C1,K6V1_S32,451,0.5893979285905646,0.06777848122071478,0.08120768961686992,0.3311079403792104,0.17594545167827835
C1,K6V1_S32,452,0.5765404895146629,0.060944634529925,0.06918665174127986,0.3163064342030927,0.20246231146513993
C1,K6V1_S32,453,0.5857678550726243,0.05076989519509803,0.047615341981514424,0.2995542226052649,0.17610176647031778
C1,K6V1_S32,454,0.6054936200327965,0.05532850288298619,0.037882461860233016,0.28692104377343186,0.15634502945766832
C1,K6V1_S32,455,0.5756617499115859,0.04629103972457706,0.025631962098289232,0.24935492687805805,0.13531459977737
C1,K6V1_S32,456,0.5850549745521664,0.045159432929943115,0.016176853759160982,0.25010257550574344,0.07943572488155537
C1,K6V1_S32,457,0.5691719502643098,0.0425931962615536,0.010339658939010777,0.48107141889658955,0.0380931661623616
C1,K6V1_S32,458,0.6472099397042598,0.04377932523474528,0.006896435204175657,0.43199297759244437,0.01298310582994456
C1,K6V1_S32,459,0.6737922559777084,0.048560711662733375,0.00576545961719864,0.5045752331123137,0.034407835747062014
C1,K6V1_S32,460,0.6605214150484914,0.05738561454946933,0.005790017964433394,0.6951113597302313,0.03666637527291273
C1,K6V1_S47,440,1.2207754973559353,0.2340831717447558,0.022474794377222745,0.7321035737468098,0.07782504336356835
C1,K6V1_S47,441,1.2486379803368095,0.21865937304764296,0.024999859993750005,0.3275588674072397,0.08775140729045791
C1,K6V1_S47,442,1.2443807258310708,0.19949950738693886,0.027147976005472318,0.4425544810816428,0.07497526526182537
C1,K6V1_S47,443,1.2521496442308988,0.1969625911521584,0.033403062745197394,0.5566059927458563,0.0310658006283955
C1,K6V1_S47,444,1.2692471178922988,0.1924285449819509,0.04209266535099543,0.7398625419766139,0.03531989928799897
C1,K6V1_S47,445,1.2513860458470547,0.20090569430064667,0.05978423021307783,0.7486980973907187,0.09502409493295472
C1,K6V1_S47,446,1.2533724744038635,0.2294890644510879,0.06407828836487299,0.8683301284095294,0.143305309545134
C1,K6V1_S47,447,1.1636212303247153,0.2548809306484118,0.11431283336196131,1.0370050280949326,0.15432877004957982
C1,K6V1_S47,448,1.2438123416743139,0.2734147881402312,0.15235925934559008,1.1322449896160152,0.18261955816194972
C1,K6V1_S47,449,1.0788422549217125,0.22264353214122656,0.14738012979413956,1.031983255199873,0.07838968835563177
C1,K6V1_S47,450,1.1133450089442292,0.21307505186839903,0.14866540618444912,0.9785761771708157,0.025486648374345708
C1,K6V1_S47,451,1.142505358507341,0.22077518872346646,0.14449915303120897,1.2022571318316433,0.04121681286365266
C1,K6V1_S47,452,1.2538536981095196,0.21036553779150058,0.11644339073662337,1.1202267335603078,0.05223062353394905
C1,K6V1_S47,453,1.1859696064167975,0.2159095263580903,0.10033706584245651,1.3956744196630166,0.016618899618301684
C1,K6V1_S47,454,1.1843763066221538,0.21507150176148446,0.08029147175515029,1.3746113867053515,0.015312631518761452
C1,K6V1_S47,455,1.2022525978744694,0.21416025234235173,0.0655281385440994,1.386312615324601,0.004078935211206643
C1,K6V1_S47,456,1.2172622210795327,0.21102148133188367,0.05325185618847831,1.3549911899105385,0.01820925788659298
C1,K6V1_S47,457,1.240546874273036,0.20601724250346065,0.042007055624386655,0.9672049849060768,0.004873343166959099
C1,K6V1_S47,458,1.2193003948595367,0.1984498675873625,0.03314473255907188,0.9812456039238536,0.014137732161714517
C1,K6V1_S47,459,1.1993241383082696,0.20464171466211356,0.028315554843619778,0.9700177882108713,0.02584511558534118
C1,K6V1_S47,460,1.191695969101667,0.20211518575961473,0.02343885272872635,1.0240369835174263,0.03459008314434131
C1,K6V1_S33,440,1.1556013242879168,0.13945689022089525,0.015532294984012493,0.7704515395370665,0.297950404648554
C1,K6V1_S33,441,1.2331256149058973,0.13526090884286407,0.01688280446333684,0.7670316912381396,0.22311469452513785
C1,K6V1_S33,442,1.319131226132099,0.13981891581358127,0.020243092096046123,0.6961491590146474,0.15604961675814513
C1,K6V1_S33,443,1.3503335165450328,0.14339801524480947,0.02513278494103522,0.6213079688574789,0.10183348801767916
C1,K6V1_S33,444,1.3370348115316897,0.15778768423290349,0.03522805086044693,0.6473922516128647,0.049609279539923314
C1,K6V1_S33,445,1.3467765930069706,0.16601749347839798,0.049753157313660167,0.683794973425488,0.010004968838642608
C1,K6V1_S33,446,1.3727509322814067,0.1585902934495033,0.045404050059349166,0.6293404757303186,0.027870953909914363
C1,K6V1_S33,447,1.3436578193387274,0.16436618686939913,0.07447724110381769,0.7101264366057627,0.034991221230751136
C1,K6V1_S33,448,1.2858321404899662,0.1557957400264886,0.08930715322284853,0.6820526484894771,0.018161865383042552
C1,K6V1_S33,449,1.3360830996005983,0.14342596475883523,0.09551306970084304,0.7993418254838531,0.007779553376648533
C1,K6V1_S33,450,1.3471299588650871,0.13875571000219314,0.0974751162821286,0.840209950055534,0.04398187352589442
C1,K6V1_S33,451,1.381645991821575,0.13249276128465035,0.08717590125258111,0.7770932278069219,0.073212926003363
C1,K6V1_S33,452,1.4447521619467565,0.12214495977447218,0.0681810236892958,0.7543071967127831,0.10010109683000502
C1,K6V1_S33,453,1.4313328551123095,0.13229168569578373,0.061458907598009184,0.8011776456302573,0.04684951732666979
C1,K6V1_S33,454,1.4360644362486277,0.13149873308113108,0.049315688392008235,0.6884978210302104,0.012211119819034609
C1,K6V1_S33,455,1.5008968175059414,0.13271604280953478,0.041235064909826646,0.7829757331206944,0.05188949572254426
C1,K6V1_S33,456,1.454737434895737,0.14013897301400688,0.03604250126574564,0.997808488488556,0.1384467409680277
C1,K6V1_S33,457,1.4667209770678034,0.14237770853228135,0.02928106869577098,1.1552480675154353,0.21096249512920465
C1,K6V1_S33,458,1.5069029160499876,0.14264852494430527,0.023927145347254587,1.298796288970467,0.3307741182874768
C1,K6V1_S33,459,1.4836919198921101,0.16051807523840542,0.02264118512851795,1.2897246215738207,0.5005001368053351
C1,K6V1_S33,460,1.4579664219866117,0.1704037310734752,0.020164045611317516,1.4709951220784463,0.7311531879924238
C1,K6V1_S37,440,1.2947024179883264,0.15920886445846677,0.021246974231961667,0.6822640789639436,0.48480462186426587
C1,K6V1_S37,441,1.2479944967337955,0.18037540392255644,0.020393347699174603,0.7254105815478117,0.12233425771280308
C1,K6V1_S37,442,1.202727061708832,0.16665550482749297,0.022773203232983038,0.5061504099237207,0.09254985940047426
C1,K6V1_S37,443,1.156562458125765,0.17824680984639016,0.031726357264620746,0.5458367930876744,0.3060278312052889
C1,K6V1_S37,444,1.113121994395803,0.18208170882224328,0.04362678191938523,0.5812180514448658,0.4912295984664602
C1,K6V1_S37,445,1.1094206342133153,0.19429443521778073,0.06403213860048143,0.6282242834733278,0.6562023044537821
C1,K6V1_S37,446,1.0165554297097334,0.16737842829813593,0.05487464910156753,0.6257970421649254,0.6286477799222439
C1,K6V1_S37,447,0.8925080477289878,0.1922390872635592,0.10515048259553496,0.8722990454206563,1.1877539776279762
C1,K6V1_S37,448,0.8815622119867592,0.10302874199396447,0.09160075281960357,1.187995133460302,0.8347183163927114
C1,K6V1_S37,449,0.930216836076402,0.09268564183408001,0.08115305953451221,0.6170373771076157,0.34598015028935314
C1,K6V1_S37,450,0.9659532924804246,0.08210355729139678,0.06749203160110888,0.5611026007525981,0.14826209234558044
C1,K6V1_S37,451,0.9218477163926266,0.07418657957631382,0.05433535599575012,0.4601267637975265,0.08533596147434737
C1,K6V1_S37,452,0.9155392605263345,0.06330073593506522,0.03953546670811071,0.39505962594659505,0.07888971737180359
C1,K6V1_S37,453,0.9135300069962274,0.07571551026387036,0.04330076196623803,0.44126452916477577,0.16139598876843583
C1,K6V1_S37,454,0.9265749132462898,0.08228034934108652,0.038969339748683565,0.31500569355921765,0.21084303776310986
C1,K6V1_S37,455,0.907408861595462,0.09667156893841884,0.036515062266472276,0.28439128799976593,0.24692138840229783
C1,K6V1_S37,456,0.9250133364941658,0.1389340216010918,0.03844473019454403,0.24004479769265705,0.26600243734694934
C1,K6V1_S37,457,0.9090181262437206,0.14152917466956383,0.03826863070066135,0.5830815210159793,0.9224717659921751
C1,K6V1_S37,458,0.8460048918123103,0.0778952081565525,0.02515463572997865,1.0627300345646469,1.128174057310289
C1,K6V1_S37,459,0.797596239483626,0.05948565752365448,0.019377575388549763,0.8774369828644583,1.1281740410720265
C1,K6V1_S37,460,0.8437593695290834,0.06123363313176554,0.016324973298226898,0.6596101713907851,1.1380863379411983
C1,K6V1_S48,440,0.8385397483532745,0.055722841914127554,0.007392286753820397,0.35946260018861886,0.31821906444385334
C1,K6V1_S48,441,0.8632809844536554,0.05370989118970011,0.008741895444901025,0.2614338896816845,0.2679220608490054
C1,K6V1_S48,442,0.8691108437863907,0.040893149614199646,0.008210634392837349,0.23385873229987564,0.19925665566839557
C1,K6V1_S48,443,0.7661200911890991,0.04664811805384303,0.008628063820305731,0.3115375844223114,0.053303034267583885
C1,K6V1_S48,444,0.704124376533666,0.03496040963241349,0.008124193908108465,0.4601944544287509,0.058268427472148374
C1,K6V1_S48,445,0.7943423241852087,0.02966185739153883,0.01492209212443709,0.3106431494084155,0.12486977417354561
C1,K6V1_S48,446,0.7192448929291864,0.03509244610328867,0.013275346855088788,0.2655795583561782,0.07905867871259323
C1,K6V1_S48,447,0.6634876308466173,0.02923775454114741,0.015798120356384508,0.43196633995856404,0.04909030812584682
C1,K6V1_S48,448,0.6915860452622823,0.03577793147335913,0.025550451349727495,0.6578662093138791,0.05258561548042819
C1,K6V1_S48,449,0.5624950094356178,0.0381839027690031,0.030513789960996823,0.6296451258523869,0.039071931554009044
C1,K6V1_S48,450,0.5519091374616337,0.04170727304670586,0.032936461869592724,0.4262057540768538,0.024253112118189018
C1,K6V1_S48,451,0.5638428091024833,0.04956941819667839,0.03641793848383276,0.543420384116059,0.024794552436041402
C1,K6V1_S48,452,0.8844769378297602,0.08199950041125953,0.04866626441813293,0.8513230352132967,0.10483303568050424
C1,K6V1_S48,453,0.7244442922445025,0.048613968076179764,0.02195349419731994,0.5374732473463788,0.020379877551826398
C1,K6V1_S48,454,0.767569331958082,0.06253294345980978,0.029832621780931212,0.29955825972878125,0.07518210376143837
C1,K6V1_S48,455,0.8704740027384247,0.07386243770997035,0.03290854190975644,0.3217597644032042,0.12396461031642445
C1,K6V1_S48,456,0.9426974790634032,0.0758854505954843,0.026486763742477323,0.7967530982055466,0.1187932894416673
C1,K6V1_S48,457,0.9049381581252104,0.06018479434892574,0.01283301177917135,0.856219867339696,0.021406032671669076
C1,K6V1_S48,458,0.8979613532657718,0.03432016870404174,0.0081165475432946,0.32779305638326844,0.1718600916675927
C1,K6V1_S48,459,0.9594704777975134,0.050073105819407944,0.00950785151864446,0.4859292060322374,0.231390112465943
C1,K6V1_S48,460,0.8425714530085276,0.06954359229417666,0.010317125790257627,0.7983248785655902,0.24277124079191517
HISTORICAL_FULL,K6V1_S02,440,0.9177680872500174,0.23944334762242797,0.01823980264153623,0.9704430246391232,0.35413232384277693
HISTORICAL_FULL,K6V1_S02,441,0.8026571334266284,0.15887818341123244,0.011541679584062886,0.9488945592854272,0.3137598002005692
HISTORICAL_FULL,K6V1_S02,442,0.6955783254203475,0.12002815996239342,0.010591798256269942,0.9067025320413042,0.3160369392063129
HISTORICAL_FULL,K6V1_S02,443,0.6598198425811613,0.13364026082858918,0.015967511706408356,0.8840434822065193,0.346648837656663
HISTORICAL_FULL,K6V1_S02,444,0.6677025914571004,0.14898640753856413,0.02191508967679813,0.7185510372944021,0.3117960478405076
HISTORICAL_FULL,K6V1_S02,445,0.7006695247735198,0.1731562197930803,0.03839307635481322,0.7683158466570194,0.2331634567731462
HISTORICAL_FULL,K6V1_S02,446,0.701923238640507,0.19266770121955126,0.04198223780601695,0.7319780001925351,0.29710481502945646
HISTORICAL_FULL,K6V1_S02,447,0.7175915884173745,0.20429484219054905,0.08357963893716712,0.6910692191824969,0.12224856061117352
HISTORICAL_FULL,K6V1_S02,448,0.726907278231848,0.21843367357447638,0.12185473982660766,0.8612973264257826,0.07445908629152517
HISTORICAL_FULL,K6V1_S02,449,0.7506013289597132,0.21392398218775538,0.13310547581736237,0.9034125408869011,0.10137463970575661
HISTORICAL_FULL,K6V1_S02,450,0.7331710401253829,0.2084742341504355,0.1328404165085709,0.9477728818501844,0.1351959233129909
HISTORICAL_FULL,K6V1_S02,451,0.7150671748977403,0.2007731955950727,0.11762950639461728,0.9512051173478695,0.14107806530476072
HISTORICAL_FULL,K6V1_S02,452,0.6855224126096107,0.19256214341917713,0.08631125282869344,0.9472050117898747,0.1891840140066479
HISTORICAL_FULL,K6V1_S02,453,0.6832877679034705,0.17828324068662404,0.06917419405364643,0.9209768955855044,0.1457381263060514
HISTORICAL_FULL,K6V1_S02,454,0.6785945366812034,0.16889570467153672,0.054670537297061644,0.9115406052557871,0.1271829032794665
HISTORICAL_FULL,K6V1_S02,455,0.6694447055339581,0.15991335387021313,0.04659080154850576,0.8917227370135911,0.0888286543623834
HISTORICAL_FULL,K6V1_S02,456,0.6670653221044125,0.1499789701449682,0.033059750622693965,0.9212669146153943,0.14477944072187876
HISTORICAL_FULL,K6V1_S02,457,0.6695572139169286,0.14492202078901445,0.019358710706229566,0.9085971538990977,0.3536038119049686
HISTORICAL_FULL,K6V1_S02,458,0.7445108673595934,0.19411391311153003,0.025263754164290466,0.9562138719592653,0.48406344283929803
HISTORICAL_FULL,K6V1_S02,459,0.7079854474926975,0.1779797655793693,0.01759268911902357,0.9206873801142521,0.3104267183563467
HISTORICAL_FULL,K6V1_S02,460,0.6880977257040922,0.17259489009502682,0.01546388533075376,0.8794930066610728,0.2983181018494504
HISTORICAL_FULL,K6V1_S03,440,0.8599952222944607,0.2026064087526888,0.019654657494105974,0.9293212563417785,0.01191187137423081
HISTORICAL_FULL,K6V1_S03,441,0.8766381727274342,0.2000910084663932,0.02137370024382301,0.9230459949248356,0.04807788324129526
HISTORICAL_FULL,K6V1_S03,442,0.8665619825923444,0.2003404584046547,0.024582261230948824,0.9507771606186152,0.08045176705154708
HISTORICAL_FULL,K6V1_S03,443,0.8634533401900665,0.19469923370950326,0.028629225286445126,0.9422269669532689,0.10591892691840989
HISTORICAL_FULL,K6V1_S03,444,0.8652359861035435,0.18213018748019902,0.03483523715876058,0.9180005001304683,0.09130494070286775
HISTORICAL_FULL,K6V1_S03,445,0.8666671509432108,0.16842796382239247,0.044351478325847155,0.9191235934444162,0.0752350344462103
HISTORICAL_FULL,K6V1_S03,446,0.8514046896720554,0.1540180737407725,0.03462847100308198,0.9056925432156803,0.12854013179625465
HISTORICAL_FULL,K6V1_S03,447,0.8371511137554634,0.1430251562740023,0.06054476706979439,0.8823164580005376,0.06265969863362186
HISTORICAL_FULL,K6V1_S03,448,0.801149617587902,0.1189328656004685,0.059661802522996035,0.8279246527019529,0.08048056238536297
HISTORICAL_FULL,K6V1_S03,449,0.7812720176759469,0.11944765384486604,0.0601185027681917,0.8598935761384462,0.13505852419110506
HISTORICAL_FULL,K6V1_S03,450,0.7474352331590439,0.11331383913053594,0.06338110099171616,0.8702767434524806,0.1126883369234635
HISTORICAL_FULL,K6V1_S03,451,0.7291670390603124,0.11084914621881846,0.06115715788592143,0.8734440533602891,0.09307505365548115
HISTORICAL_FULL,K6V1_S03,452,0.7039993617391087,0.1182394630798729,0.05322076812326196,0.8665702930329133,0.1136403598919039
HISTORICAL_FULL,K6V1_S03,453,0.7065038288462141,0.12209173272483814,0.04810912260940071,0.849636681184677,0.09776597361654425
HISTORICAL_FULL,K6V1_S03,454,0.7218408659702538,0.13417417717317567,0.04546946425472329,0.850042375456557,0.08167244137048296
HISTORICAL_FULL,K6V1_S03,455,0.7462909486076483,0.15103959506259465,0.045005752712289966,0.9003180312339178,0.04523115382629308
HISTORICAL_FULL,K6V1_S03,456,0.7816074294475797,0.17188121157036565,0.044154683127349555,0.8462640649338362,0.005199363746545632
HISTORICAL_FULL,K6V1_S03,457,0.8164785646426609,0.19995533865208595,0.04238621341381375,0.8200542154015953,0.0835449001005202
HISTORICAL_FULL,K6V1_S03,458,0.8483270891218191,0.2167452881792819,0.03753560199589129,0.7797054376075101,0.10903821587430555
HISTORICAL_FULL,K6V1_S03,459,0.8619979278909012,0.21374045332321476,0.02909806662933423,0.9008200390092989,0.011542091931608657
HISTORICAL_FULL,K6V1_S03,460,0.8801044825902867,0.21203862359196576,0.02222867249823827,0.8740066276466854,0.15701504606997677
HISTORICAL_FULL,K6V1_S04,440,0.7301687965427737,0.18727854895481053,0.01767528302992888,0.7898292629123191,0.10850924585172853
HISTORICAL_FULL,K6V1_S04,441,0.7623414965496802,0.24750922352433805,0.024225464487817976,0.957448569665597,0.4087257545003537
HISTORICAL_FULL,K6V1_S04,442,0.7019358990381614,0.2014145394876035,0.02088430594072658,0.9521503661156658,0.4359902300292928
HISTORICAL_FULL,K6V1_S04,443,0.648087509294894,0.15966370314115746,0.018123442779188894,0.9377000761759148,0.23262547679286605
HISTORICAL_FULL,K6V1_S04,444,0.6779974262111017,0.1894464555308385,0.031018473392150685,0.9079559655430007,0.35437226683196393
HISTORICAL_FULL,K6V1_S04,445,0.6421499676135362,0.1524593125194393,0.02972290070158236,0.8710030452360595,0.27500980313448214
HISTORICAL_FULL,K6V1_S04,446,0.6225107930406111,0.13519254124649205,0.023711408716100935,0.8597831941658319,0.3517222780960646
HISTORICAL_FULL,K6V1_S04,447,0.6092073155516081,0.12049310122630785,0.03379588884220838,0.8129283476959327,0.29434860877973673
HISTORICAL_FULL,K6V1_S04,448,0.6029396182375127,0.111255456476304,0.039928635040795246,0.9087298238219153,0.2792460769276423
HISTORICAL_FULL,K6V1_S04,449,0.596158221588126,0.10255339713736669,0.04127534225073702,0.9204554225139483,0.21563517230825374
HISTORICAL_FULL,K6V1_S04,450,0.5765974671407205,0.09000173787454287,0.038947854050675884,0.9367490316571213,0.16848694850874596
HISTORICAL_FULL,K6V1_S04,451,0.5502025585732456,0.07570364417675539,0.03307842521359306,0.9444854703387582,0.144766538130474
HISTORICAL_FULL,K6V1_S04,452,0.6044257590938713,0.12184405179739861,0.04838185542800162,0.7438383998661294,0.18871938901573326
HISTORICAL_FULL,K6V1_S04,453,0.5457854175562452,0.0875102357773469,0.036660410417910454,0.9767192496316949,0.28442758225273
HISTORICAL_FULL,K6V1_S04,454,0.5845795827492263,0.0962211873097632,0.037372803385902514,0.6799153064968435,0.3422957659749236
HISTORICAL_FULL,K6V1_S04,455,0.6457763518994983,0.11660722228519624,0.027367027027685543,0.8675667589569863,0.3069868891214878
HISTORICAL_FULL,K6V1_S04,456,0.7022149572482406,0.13721359125253305,0.026291677993041617,0.8103678209117048,0.1982769463371235
HISTORICAL_FULL,K6V1_S04,457,0.7279110589850081,0.1467850981758215,0.022904741292194757,0.7264769849120265,0.1364333788172513
HISTORICAL_FULL,K6V1_S04,458,0.7329634959504204,0.14937227500921024,0.020588935178995574,0.672202731177173,0.0409658779686727
HISTORICAL_FULL,K6V1_S04,459,0.6993467384072218,0.11814393036173321,0.01470877735423301,0.5601702482960479,0.04507034472808416
HISTORICAL_FULL,K6V1_S04,460,0.6358482056489869,0.06892981345699077,0.007502288803235936,0.6178838584590312,0.04133957655433761
HISTORICAL_FULL,K6V1_S05,440,0.7974959764493587,0.2380053654094245,0.02283144923235679,0.9549114305867356,0.05571594903402094
HISTORICAL_FULL,K6V1_S05,441,0.7269062044055087,0.16962339393631082,0.01689090895079265,0.9260434465128538,0.08306562762696128
HISTORICAL_FULL,K6V1_S05,442,0.6827084738558344,0.15105196232848012,0.01685527142398891,0.9202497507887747,0.10473616993543579
HISTORICAL_FULL,K6V1_S05,443,0.6710447927987438,0.1299548393144491,0.01667403010973708,0.8751907559860379,0.13178375279023777
HISTORICAL_FULL,K6V1_S05,444,0.6586963473524784,0.1290770483270431,0.020609225935228178,0.8300760809528199,0.1865732778422999
HISTORICAL_FULL,K6V1_S05,445,0.6699790580085561,0.14792906182526905,0.03428873347301242,0.9837957202850557,0.2335367790061871
HISTORICAL_FULL,K6V1_S05,446,0.6870177272713138,0.17312135338228496,0.04580915688201334,0.9306150773365838,0.0313284069080828
HISTORICAL_FULL,K6V1_S05,447,0.7164219184271771,0.1992053827413621,0.07745445941754381,0.9669093470876734,0.15442222285844517
HISTORICAL_FULL,K6V1_S05,448,0.782162317753262,0.24548508376060185,0.1248976465481074,0.9523068600708993,0.08074296746284271
HISTORICAL_FULL,K6V1_S05,449,0.8153104284030885,0.26077769601276896,0.16170068478160282,0.9608840486831098,0.021258300094165253
HISTORICAL_FULL,K6V1_S05,450,0.787572312497178,0.2331931254566476,0.15474619568039774,0.9618296629407943,0.04287963226865905
HISTORICAL_FULL,K6V1_S05,451,0.7592786378002941,0.2080384852869175,0.12784365962491634,0.9206239584240421,0.062433286942517804
HISTORICAL_FULL,K6V1_S05,452,0.7309485741226524,0.20071100997976865,0.10744865792589504,0.8576707227977644,0.05062030154146939
HISTORICAL_FULL,K6V1_S05,453,0.7375455364742564,0.19823884020802787,0.0867009409564196,0.8823827104505093,0.05459713544995026
HISTORICAL_FULL,K6V1_S05,454,0.7540552917124784,0.20782500500182866,0.06471659679658215,0.914151275864876,0.13755230122313392
HISTORICAL_FULL,K6V1_S05,455,0.7708698795550444,0.22368073669668107,0.055283981651110516,0.9324689021397538,0.16130152663800518
HISTORICAL_FULL,K6V1_S05,456,0.788904016167642,0.2373142433360934,0.04822331360745904,0.9474190009228073,0.15181587112064213
HISTORICAL_FULL,K6V1_S05,457,0.8069902218442794,0.23484928076761055,0.03729534481588557,0.9425219421247608,0.13028654994437494
HISTORICAL_FULL,K6V1_S05,458,0.8092937719764557,0.2139954135254025,0.02696997632164597,0.9165002525290716,0.10400630505677938
HISTORICAL_FULL,K6V1_S05,459,0.7931728753748762,0.17480953530139726,0.019062765992510736,0.8108763880764512,0.04777365585788423
HISTORICAL_FULL,K6V1_S05,460,0.7587486044179398,0.1302369417831604,0.011991891790994726,0.745983508108891,0.042757084836612315
HISTORICAL_FULL,K6V1_S15,440,0.886564136430826,0.28930068712360857,0.02439852322168963,0.9565145197578221,0.2161816797454999
HISTORICAL_FULL,K6V1_S15,441,0.894987625939444,0.31199778956957563,0.032572342426262724,0.9548427699017672,0.2418556364372165
HISTORICAL_FULL,K6V1_S15,442,0.9087927326884414,0.3243588000570118,0.04147350303352502,0.9678318074313962,0.25726334247485544
HISTORICAL_FULL,K6V1_S15,443,0.9268734931548122,0.328926583319248,0.054000783346317,0.977958866254212,0.2509722525165195
HISTORICAL_FULL,K6V1_S15,444,0.9131306663180679,0.32972662872813,0.06886378676448607,0.9738993092416703,0.23450989198803526
HISTORICAL_FULL,K6V1_S15,445,0.9149907996156553,0.329861257713719,0.09138723875400613,0.95730737810683,0.21041448809680058
HISTORICAL_FULL,K6V1_S15,446,0.9158798169402625,0.33182307742237943,0.09133079085814372,0.9186717254399142,0.20642587086710903
HISTORICAL_FULL,K6V1_S15,447,0.913582281267051,0.32811666855472954,0.1514590707208421,0.8965075885274738,0.11383151875795541
HISTORICAL_FULL,K6V1_S15,448,0.9375077246654295,0.32169416550041924,0.192768783317691,0.9343260453848998,0.07523790634110163
HISTORICAL_FULL,K6V1_S15,449,0.9405155991419756,0.32061044559281127,0.21853606040845197,0.9524194806254924,0.08008999959799114
HISTORICAL_FULL,K6V1_S15,450,0.9382894338625432,0.29781193978970344,0.20729766816987882,0.9621338943326765,0.053586743348685885
HISTORICAL_FULL,K6V1_S15,451,0.908141227502306,0.287934721421048,0.1857807713619691,0.9653077002040216,0.12710270156496
HISTORICAL_FULL,K6V1_S15,452,0.8994894675597258,0.2883837446554815,0.15008639280795721,0.9561609470279762,0.17429115587042404
HISTORICAL_FULL,K6V1_S15,453,0.8851084079895514,0.2770306330648472,0.12255019956633792,0.9608077178311055,0.12947429822597786
HISTORICAL_FULL,K6V1_S15,454,0.8757036189630126,0.263023385363815,0.09663796406675972,0.9486702135158349,0.09577984657064033
HISTORICAL_FULL,K6V1_S15,455,0.865263543317225,0.2465455557106869,0.0745476940577996,0.9465015702037772,0.08528890405638415
HISTORICAL_FULL,K6V1_S15,456,0.836622943135244,0.2278895491045666,0.05409770118186585,0.9323359953843776,0.13501534481092192
HISTORICAL_FULL,K6V1_S15,457,0.8113777981286155,0.20784516244829646,0.03647115316541927,0.9088520362636401,0.23841471945037193
HISTORICAL_FULL,K6V1_S15,458,0.7927850793936831,0.19022332730545077,0.025472059340489555,0.8571430693743074,0.3483933172374609
HISTORICAL_FULL,K6V1_S15,459,0.8053737776350998,0.19563032067094413,0.023704362699612357,0.6993325421408424,0.3828325481827408
HISTORICAL_FULL,K6V1_S15,460,0.8737054403048413,0.2300168327712238,0.025615990195582958,0.9380580065198632,0.02801218803038631
HISTORICAL_FULL,K6V1_S16,440,0.8340847028405356,0.2531164802611707,0.01907006178007941,0.9652486338790718,0.20298135819224267
HISTORICAL_FULL,K6V1_S16,441,0.7743619519878354,0.20717580154510887,0.018633802905555052,0.9418145340703339,0.18773049129279826
HISTORICAL_FULL,K6V1_S16,442,0.7474842562403323,0.1865887964295308,0.020450865977327988,0.9374498605346921,0.14071672017826317
HISTORICAL_FULL,K6V1_S16,443,0.7320794016522857,0.1682341542366901,0.02295484199688446,0.9565004790187893,0.1674377463026544
HISTORICAL_FULL,K6V1_S16,444,0.685837289678027,0.1255087234542431,0.021651424026102213,0.9309071727970456,0.11740987622617471
HISTORICAL_FULL,K6V1_S16,445,0.6196889285794395,0.09253352280316904,0.02050762662441705,0.8879298941942558,0.09798195247814812
HISTORICAL_FULL,K6V1_S16,446,0.6477144576131019,0.11333187908114484,0.026341861566928595,0.9430331915556066,0.08160808618659797
HISTORICAL_FULL,K6V1_S16,447,0.6079772302535731,0.08359002627499106,0.02725189316711411,0.820637067218458,0.09535516662304197
HISTORICAL_FULL,K6V1_S16,448,0.662756827051805,0.1123433616341411,0.07044766229605653,0.8554197556512085,0.0814561861337032
HISTORICAL_FULL,K6V1_S16,449,0.7524745548344204,0.18207089728946796,0.1293665282540012,0.9440645911029822,0.16437122301353096
HISTORICAL_FULL,K6V1_S16,450,0.8359042365046953,0.23804487931383903,0.1624527869544494,0.970514043193537,0.12061886830725893
HISTORICAL_FULL,K6V1_S16,451,0.7553738205015785,0.18634486310662912,0.10789974241268567,0.9064512921400484,0.036321994463998745
HISTORICAL_FULL,K6V1_S16,452,0.7026694982317161,0.14353409509712223,0.06027094789211177,0.9752204190043785,0.12290521726401303
HISTORICAL_FULL,K6V1_S16,453,0.6805523297239042,0.1181617699984902,0.043995752839020574,0.9459273720246122,0.0810198457102377
HISTORICAL_FULL,K6V1_S16,454,0.6908503929557841,0.10173641708444452,0.032216590731004247,0.9513480395981653,0.041127901457208224
HISTORICAL_FULL,K6V1_S16,455,0.7046910018624765,0.09172171558854915,0.0382081227634629,0.9008918997325208,0.17008558709670413
HISTORICAL_FULL,K6V1_S16,456,0.7173780899862701,0.10361694491346865,0.04502210349533312,0.9512562549613363,0.4778998069350995
HISTORICAL_FULL,K6V1_S16,457,0.702159765996666,0.16326669739008892,0.04255802232633469,0.9903762185297481,0.5636340376052587
HISTORICAL_FULL,K6V1_S16,458,0.6815644336300357,0.18884402330705155,0.031143498491647506,0.9307708103124548,0.10768873013556689
HISTORICAL_FULL,K6V1_S16,459,0.6061202218394021,0.12944786011516926,0.014016833547276062,0.683347171945663,0.29273560948356553
HISTORICAL_FULL,K6V1_S16,460,0.5557814722054152,0.06948248131720816,0.02162059539468815,0.742392044470644,0.46662892557271923
HISTORICAL_FULL,K6V1_EXT01,440,0.6098335537887075,0.08741886119526018,0.009048737187656631,0.7644436121160032,0.04216752398079364
HISTORICAL_FULL,K6V1_EXT01,441,0.5823599358163352,0.08510226727409692,0.013261378967521947,0.8461088994012618,0.159941344435187
HISTORICAL_FULL,K6V1_EXT01,442,0.6298935825029595,0.09582684299275314,0.0160487495114822,0.9365652208439166,0.10787392918751375
HISTORICAL_FULL,K6V1_EXT01,443,0.46745500303467397,0.03774622893501796,0.004130955583172291,0.9157766939526635,0.11023051924973974
HISTORICAL_FULL,K6V1_EXT01,444,0.42797149874881835,0.029147383958394262,0.005905497011675432,0.7102399131781711,0.007717983466935098
HISTORICAL_FULL,K6V1_EXT01,445,0.39342684887159995,0.015063089463928732,0.00586798355848542,0.5112169298459549,0.08021686177082055
HISTORICAL_FULL,K6V1_EXT01,446,0.4217442182235104,0.011657031511466258,0.008777686499450503,1.0848262989114263,0.11419469788023946
HISTORICAL_FULL,K6V1_EXT01,447,0.4861096714270947,0.012194607434225076,0.014291299891237742,0.741147650842824,0.06918854096018291
HISTORICAL_FULL,K6V1_EXT01,448,0.6034643108386357,0.04129689556461005,0.05088947365559558,0.7582711024705432,0.1970687438183201
HISTORICAL_FULL,K6V1_EXT01,449,0.6981369183513473,0.08498139253006222,0.08765456216812492,0.721690247400302,0.23618452076013965
HISTORICAL_FULL,K6V1_EXT01,450,0.6703046304078334,0.08053018302325572,0.1003496335492314,0.7309956199257235,0.3260507883846692
HISTORICAL_FULL,K6V1_EXT01,451,0.64103874266501,0.07642431522342465,0.08829389601978654,0.6809998235117402,0.30114518946375346
HISTORICAL_FULL,K6V1_EXT01,452,0.7521582701622843,0.0862584292024747,0.13140808914692018,0.6923623341859003,1.2882922574568536
HISTORICAL_FULL,K6V1_EXT01,453,0.58437069264376,0.06043091167268438,0.0456904848679561,0.9723205878009118,0.16841383427324663
HISTORICAL_FULL,K6V1_EXT01,454,0.5724925639513498,0.06863336192772676,0.03702841840205607,0.9780171658351542,0.14526174001322767
HISTORICAL_FULL,K6V1_EXT01,455,0.5981964546565902,0.09121341250064624,0.03631690698887363,0.9225911807995699,0.14600898726329403
HISTORICAL_FULL,K6V1_EXT01,456,0.6426898081090419,0.11816052431152237,0.036118628946726496,0.9960267890219221,0.1536190866702859
HISTORICAL_FULL,K6V1_EXT01,457,0.6728381305302296,0.1458680908714826,0.03260686602376854,0.8038872300600776,0.10299706262143886
HISTORICAL_FULL,K6V1_EXT01,458,0.7345485653920815,0.19151906862021914,0.03156166886286286,0.8449930355651323,0.03704812298340403
HISTORICAL_FULL,K6V1_EXT01,459,0.8063245950532676,0.2424297714013568,0.03255011316470011,0.8578364430158396,0.21007703041286674
HISTORICAL_FULL,K6V1_EXT01,460,0.9072513364503875,0.2727299548380345,0.031123601359806657,0.956722656040043,0.24580094188558002
HISTORICAL_FULL,K6V1_EXT02,440,0.9213198416477829,0.2712842668534152,0.027169181516484047,0.8255992574928931,0.36917309644501584
HISTORICAL_FULL,K6V1_EXT02,441,0.8983418632158554,0.27445118538726915,0.03214388241588562,0.9273926161154036,0.32247230101008806
HISTORICAL_FULL,K6V1_EXT02,442,0.8707433859960637,0.273454432856049,0.038308892311363946,0.9257539650681184,0.2513622778418799
HISTORICAL_FULL,K6V1_EXT02,443,0.8651500901300134,0.2758994985122694,0.04766973736995384,0.8202028910390191,0.15908931057606426
HISTORICAL_FULL,K6V1_EXT02,444,0.8694247148981613,0.2748008587980183,0.0605378943376669,0.8318732293622693,0.041671298210369426
HISTORICAL_FULL,K6V1_EXT02,445,0.8874987088848103,0.2810378372628368,0.08284706779548329,0.854917781538439,0.07053905744452571
HISTORICAL_FULL,K6V1_EXT02,446,0.8975590814483326,0.2774332102826222,0.0786474843847613,0.8746290665113763,0.071720764883555
HISTORICAL_FULL,K6V1_EXT02,447,0.9148214896882153,0.2659940854327618,0.11992079082263728,0.8798507894182482,0.037419061865050375
HISTORICAL_FULL,K6V1_EXT02,448,0.9104985254719692,0.24582495617970154,0.14117011316736866,0.8773325945754801,0.017980507738728224
HISTORICAL_FULL,K6V1_EXT02,449,0.8659922477805924,0.21503062346506485,0.14749764252437372,0.8501193899934382,0.07891025252544709
HISTORICAL_FULL,K6V1_EXT02,450,0.829631168854026,0.2065411157494541,0.14447265137923457,0.987834759669363,0.011066038207270212
HISTORICAL_FULL,K6V1_EXT02,451,0.8671604532376259,0.24113305325440232,0.1553920271954562,0.9825177662384111,0.03658422127983376
HISTORICAL_FULL,K6V1_EXT02,452,0.8797048946064555,0.25604297338853305,0.1401587170175215,0.9333919227360141,0.009265862665357269
HISTORICAL_FULL,K6V1_EXT02,453,0.8732796913599075,0.25959109286182896,0.12261397639667004,0.9233922170731845,0.09300466133125197
HISTORICAL_FULL,K6V1_EXT02,454,0.8717635275256913,0.2605469558955072,0.10051024319757029,0.9388888280208951,0.1585971393037403
HISTORICAL_FULL,K6V1_EXT02,455,0.8816535019603468,0.2560255202635931,0.08250148212297467,0.9284336419230678,0.22766621773267032
HISTORICAL_FULL,K6V1_EXT02,456,0.8727950831147832,0.24629249752742502,0.0666267627371863,0.9330658057785708,0.2761980041421714
HISTORICAL_FULL,K6V1_EXT02,457,0.8527971872738445,0.2374662695008314,0.05190255015092302,0.9045126263725395,0.27265761617904977
HISTORICAL_FULL,K6V1_EXT02,458,0.8477568545976597,0.2271024097910791,0.040794788230743145,0.9072714743659095,0.2460194851018909
HISTORICAL_FULL,K6V1_EXT02,459,0.8481434636415963,0.2239391462910852,0.03313568791647626,0.9458213994080632,0.212604413593754
HISTORICAL_FULL,K6V1_EXT02,460,0.869442492960873,0.222075040563507,0.02702787088676869,0.9597802315485848,0.15377168755129533
HISTORICAL_FULL,K6V1_EXT03,440,0.7152674841469391,0.14160536792343428,0.016358602079685633,0.896835857353425,0.2159251476561144
HISTORICAL_FULL,K6V1_EXT03,441,0.6747205775911898,0.09755308175871963,0.007414872680946127,0.8370822640828354,0.16943763687056726
HISTORICAL_FULL,K6V1_EXT03,442,0.6644358802425767,0.11239543180334907,0.010714026486534205,0.8435638023951944,0.17914521272718475
HISTORICAL_FULL,K6V1_EXT03,443,0.6557435383610097,0.11669447513625643,0.014657794573202307,0.840836926086686,0.16291592450632003
HISTORICAL_FULL,K6V1_EXT03,444,0.6356048368562774,0.1133104329168102,0.01915789847590728,0.9843521256348309,0.14256154114358044
HISTORICAL_FULL,K6V1_EXT03,445,0.6344661416177558,0.10014979683520604,0.020179524016877896,0.9582269663562548,0.16139091968670216
HISTORICAL_FULL,K6V1_EXT03,446,0.6473838104924009,0.10493840429825367,0.020374551876873637,0.8943402396687664,0.19336116646986476
HISTORICAL_FULL,K6V1_EXT03,447,0.6260122482214829,0.09170353860799778,0.02787711316694884,0.8255608758604046,0.19782878627035438
HISTORICAL_FULL,K6V1_EXT03,448,0.5876463297832051,0.08028987859170861,0.03208567559206682,0.8107253858438732,0.21237200635769757
HISTORICAL_FULL,K6V1_EXT03,449,0.569581510984256,0.07489681449004053,0.033088364762480504,0.7536876068948569,0.18639675511270565
HISTORICAL_FULL,K6V1_EXT03,450,0.5599175723609998,0.07120639567677496,0.03266343446206928,0.5419662031880895,0.13214183109182276
HISTORICAL_FULL,K6V1_EXT03,451,0.5555993536068526,0.07698613223899156,0.03863483110516938,0.49555391073064653,0.0840953174287491
HISTORICAL_FULL,K6V1_EXT03,452,0.5406519698224002,0.06545116325062895,0.033166651726850245,0.9046409465317505,0.021424574934522253
HISTORICAL_FULL,K6V1_EXT03,453,0.5589469801275876,0.06483819598513203,0.020015485872075356,0.7319356616062208,0.14951059197107822
HISTORICAL_FULL,K6V1_EXT03,454,0.6020799358411131,0.07940846460386718,0.02570433252966775,0.8524282193899927,0.27218239946866324
HISTORICAL_FULL,K6V1_EXT03,455,0.678051231092773,0.1096810062077238,0.028136605614401112,0.7398019438456804,0.3616816319015135
HISTORICAL_FULL,K6V1_EXT03,456,0.7680085455970197,0.1515501627497115,0.02748078713100158,0.7872628883221902,0.2761766575660947
HISTORICAL_FULL,K6V1_EXT03,457,0.7916239176856508,0.1655975059611024,0.032039082183403435,0.763320437782281,0.060119301986713954
HISTORICAL_FULL,K6V1_EXT03,458,0.7654848802447031,0.15182100881950736,0.02828037642500075,0.8509358058622207,0.1230758398543898
HISTORICAL_FULL,K6V1_EXT03,459,0.687556353085663,0.12541046260481012,0.02177726369224763,0.8377332591593006,0.2046483667357355
HISTORICAL_FULL,K6V1_EXT03,460,0.6816177854726428,0.11488409407786045,0.015261225242289804,0.7669646724642442,0.09479192425576366
HISTORICAL_FULL,K6V1_EXT04,440,0.6850162213775096,0.12588076073892407,0.013888105590597829,0.5872541988389783,0.12829924347779076
HISTORICAL_FULL,K6V1_EXT04,441,0.6438048751625922,0.1098213659367264,0.012854604144629809,0.5336160048319502,0.028321325093345527
HISTORICAL_FULL,K6V1_EXT04,442,0.6169627395922179,0.09929479684319999,0.01174971556147543,0.4952923332571901,0.0593821308408654
HISTORICAL_FULL,K6V1_EXT04,443,0.6040607790329626,0.08759900604051926,0.010975848825673618,0.7764471037556876,0.12120870910197357
HISTORICAL_FULL,K6V1_EXT04,444,0.5881347390038906,0.08342061443461503,0.012875084021253405,0.671188888184152,0.1702228675411826
HISTORICAL_FULL,K6V1_EXT04,445,0.5824836196472564,0.08434098547087421,0.017981185657913887,0.31502536031624173,0.18744981254090998
HISTORICAL_FULL,K6V1_EXT04,446,0.599221416510031,0.0780823297989279,0.017029038336878705,0.3716209248359186,0.22045261053505227
HISTORICAL_FULL,K6V1_EXT04,447,0.5615373613946114,0.06892971366378302,0.02912630551836953,0.6195098940413294,0.21354907450433994
HISTORICAL_FULL,K6V1_EXT04,448,0.6242778193244176,0.07564974307042545,0.03187772055171203,0.8459875055705505,0.20242805998420127
HISTORICAL_FULL,K6V1_EXT04,449,0.6452277865507091,0.09025074240093378,0.04293276527384252,0.6661667400514213,0.1779449728260567
HISTORICAL_FULL,K6V1_EXT04,450,0.6427863777311446,0.11394336067955733,0.06616294178252648,0.5416366980010633,0.12408393264229256
HISTORICAL_FULL,K6V1_EXT04,451,0.6333616851643525,0.1128280515402617,0.059546775471964554,0.9652784873563935,0.1347289575356534
HISTORICAL_FULL,K6V1_EXT04,452,0.6083857086204272,0.10005920674714866,0.039273358703335745,0.5881216790214453,0.16547612179133675
HISTORICAL_FULL,K6V1_EXT04,453,0.5912155600873329,0.0755170815889244,0.02375417474316619,0.88406333471712,0.14119858887202957
HISTORICAL_FULL,K6V1_EXT04,454,0.5729744913642072,0.05795841524880089,0.01444439426516024,0.9017076894522796,0.14918430972140848
HISTORICAL_FULL,K6V1_EXT04,455,0.5554462672261576,0.0429974623725662,0.011760930985238467,0.8988139695203224,0.15705773125778136
HISTORICAL_FULL,K6V1_EXT04,456,0.5464764769289657,0.029324036712899373,0.016234395454900966,0.8515079259542178,0.1979148494182628
HISTORICAL_FULL,K6V1_EXT04,457,0.5197685549446502,0.02673868893419392,0.030934437649122692,0.8896459689157857,0.3366745135898969
HISTORICAL_FULL,K6V1_EXT04,458,0.5564852837238956,0.04172704971599921,0.01243219434599722,0.5882260613364829,0.19813693209423594
HISTORICAL_FULL,K6V1_EXT04,459,0.5381445884162478,0.0378303742334111,0.0071722681399159745,0.8603168134188786,0.15941381753092987
HISTORICAL_FULL,K6V1_EXT04,460,0.5296553726263677,0.04045751577502562,0.00428085102704997,0.42837229328630666,0.136563967334725
HISTORICAL_FULL,K6V1_EXT05,440,0.6407953752442577,0.1272568763821661,0.013881171093977593,0.8486820458612929,0.12528236128661688
HISTORICAL_FULL,K6V1_EXT05,441,0.5867768807965069,0.09385054705752746,0.01210242265080467,0.7783578887812987,0.0766105886592594
HISTORICAL_FULL,K6V1_EXT05,442,0.5359259374901392,0.07681941399212837,0.011094375934425324,0.7007581552485164,0.03030326882578858
HISTORICAL_FULL,K6V1_EXT05,443,0.49451320219685774,0.04848812760328323,0.006194541758346035,0.6897439410810531,0.04148136025114979
HISTORICAL_FULL,K6V1_EXT05,444,0.46914635164123036,0.02704645354300289,0.008688371135712213,0.08831535960798394,0.14066860651316387
HISTORICAL_FULL,K6V1_EXT05,445,0.4877791774267998,0.025256562666299075,0.024775435462575088,0.827380812752509,0.21496871623276861
HISTORICAL_FULL,K6V1_EXT05,446,0.48481902634429036,0.050816140194154064,0.00834456933197232,0.5268382594758027,0.10414268726124852
HISTORICAL_FULL,K6V1_EXT05,447,0.5630567442682998,0.05766577714493509,0.02076721448654394,0.5251571711004354,0.051030683189039305
HISTORICAL_FULL,K6V1_EXT05,448,0.6178167036268293,0.09498525523819455,0.07138294792116251,0.6828471817368023,0.14915095399607387
HISTORICAL_FULL,K6V1_EXT05,449,0.65059164631393,0.14091161801605182,0.09714758444375379,0.746822093196923,0.04690992396436667
HISTORICAL_FULL,K6V1_EXT05,450,0.5922500613725717,0.11232916016353876,0.0822456035372225,0.8328977034309055,0.038493313293069445
HISTORICAL_FULL,K6V1_EXT05,451,0.5744133874277345,0.1018616851078214,0.06709419915153494,0.8827864617848161,0.012586204532797879
HISTORICAL_FULL,K6V1_EXT05,452,0.5967601323717455,0.10248360193770215,0.05445437121900697,0.8370253281598222,0.010652314545114786
HISTORICAL_FULL,K6V1_EXT05,453,0.5842431894946706,0.10802665576028411,0.05197996896420643,0.9397859113472438,0.02503334569149672
HISTORICAL_FULL,K6V1_EXT05,454,0.614652368410624,0.12469524276284376,0.04785882909957386,0.6915014418039571,0.030274622762716374
HISTORICAL_FULL,K6V1_EXT05,455,0.6382333793596967,0.14075248421435618,0.04610001559541748,0.5800132616926629,0.07377946990167566
HISTORICAL_FULL,K6V1_EXT05,456,0.6741767169451295,0.14797814736770573,0.04000429628619717,0.6599489895073535,0.090545240246456
HISTORICAL_FULL,K6V1_EXT05,457,0.7281282752736132,0.15454366084396198,0.031799592897559834,0.7557341389844452,0.046107638156132565
HISTORICAL_FULL,K6V1_EXT05,458,0.8133667217716088,0.20537455780359992,0.035926497150064046,0.9237176035991134,0.17083569485904138
HISTORICAL_FULL,K6V1_EXT05,459,0.745588591187785,0.2015912075732907,0.029517289805975507,0.8376533098492478,0.20958728281675018
HISTORICAL_FULL,K6V1_EXT05,460,0.8115435707592554,0.24120360179242004,0.027496026076928966,0.864149284839462,0.034042890395862196
HISTORICAL_FULL,K6V1_EXT06,440,0.9630458685387966,0.31348296489276484,0.03600409765846464,0.9648300158002676,0.33886524840817783
HISTORICAL_FULL,K6V1_EXT06,441,0.9832735828250103,0.31148961346968296,0.040209475924444564,0.9797943670843317,0.32106555969499984
HISTORICAL_FULL,K6V1_EXT06,442,0.9824213697004632,0.30509527440489576,0.04688292854387775,0.9721533738002854,0.41671905045984364
HISTORICAL_FULL,K6V1_EXT06,443,0.9275418680534426,0.2673504745793837,0.05396148312751699,0.9754476335088201,0.7261946772052769
HISTORICAL_FULL,K6V1_EXT06,444,0.8689734225070095,0.23875060998945252,0.06608544839275117,0.9276066720817467,0.8300323749396499
HISTORICAL_FULL,K6V1_EXT06,445,0.8992426877350964,0.25712445805995116,0.08680215930826153,0.9249283905685745,0.5072760069744062
HISTORICAL_FULL,K6V1_EXT06,446,0.9317662340522421,0.28697945248895995,0.08854003205318796,0.9536054051525431,0.28827997604705075
HISTORICAL_FULL,K6V1_EXT06,447,0.9551538970301566,0.2787590202380084,0.13900668540195757,0.9592150251725955,0.260291716777692
HISTORICAL_FULL,K6V1_EXT06,448,0.9229401929155503,0.2731040242348282,0.1699677690478075,0.9752272128444214,0.1607411797888337
HISTORICAL_FULL,K6V1_EXT06,449,0.9491654784565068,0.29048834108944516,0.20479002811245794,0.9659781596343932,0.09940720128253083
HISTORICAL_FULL,K6V1_EXT06,450,0.94975358638374,0.29050297516023377,0.21779019821370318,0.9513077498286291,0.09277080393555436
HISTORICAL_FULL,K6V1_EXT06,451,0.9498390258431496,0.29269037616089877,0.21158553396037885,0.9581550749920711,0.16126742247166118
HISTORICAL_FULL,K6V1_EXT06,452,0.9604728356547262,0.29833287305620826,0.18619213852665326,0.9711322899234343,0.23609330916121762
HISTORICAL_FULL,K6V1_EXT06,453,0.968071750084652,0.2981279406525009,0.15315474354062628,0.9647734715934422,0.3065163222777319
HISTORICAL_FULL,K6V1_EXT06,454,0.9691895376608968,0.3016171306597508,0.12747648758538846,0.9684640685210891,0.3837328549452643
HISTORICAL_FULL,K6V1_EXT06,455,0.9809048025646459,0.30426203198912805,0.10493330255242068,0.9575415623310258,0.4285768990261664
HISTORICAL_FULL,K6V1_EXT06,456,0.9932408025940445,0.30370877263610874,0.08242124479561332,0.9650942103044591,0.3931151817616348
HISTORICAL_FULL,K6V1_EXT06,457,0.9904692522055947,0.30687250055353726,0.0627755366674143,0.9202428905777325,0.2994147898069695
HISTORICAL_FULL,K6V1_EXT06,458,0.9845753700138266,0.31396503657326436,0.052531450321447085,0.8945744531153941,0.34403592631651214
HISTORICAL_FULL,K6V1_EXT06,459,0.9472940283828228,0.3173237775576361,0.04118638071458922,0.9364664127866742,0.5290288673170235
HISTORICAL_FULL,K6V1_EXT06,460,0.8701545505149804,0.27738225461906696,0.029891027285355323,0.8585340304436786,0.46274556266638855
HISTORICAL_FULL,K6V1_EXT07,440,0.8102925420545722,0.19510790632587513,0.021806823025576752,0.9564186068936235,0.204861498125123
HISTORICAL_FULL,K6V1_EXT07,441,0.8029919850939806,0.19046443212538672,0.024730336575002194,0.9412195218922175,0.20215344433361293
HISTORICAL_FULL,K6V1_EXT07,442,0.7980841773034092,0.18489134501425447,0.029735869672916717,0.93364620005945,0.2351589031401697
HISTORICAL_FULL,K6V1_EXT07,443,0.7915329681676836,0.18515626245631558,0.03669225111557647,0.9548674244150405,0.20647376295017608
HISTORICAL_FULL,K6V1_EXT07,444,0.7957627158736554,0.17987734619844886,0.04629594268209269,0.9603029878515332,0.1919789697968767
HISTORICAL_FULL,K6V1_EXT07,445,0.8086964410530317,0.18234002560194307,0.06391134666294587,0.9723140667046128,0.1666064818429256
HISTORICAL_FULL,K6V1_EXT07,446,0.805374359984261,0.18220126496434058,0.05501728545229709,0.9616846344472186,0.08963006457757582
HISTORICAL_FULL,K6V1_EXT07,447,0.8275940766467829,0.18793059459289002,0.07934753340748042,0.8961055645361715,0.03123652351698458
HISTORICAL_FULL,K6V1_EXT07,448,0.8350944928755231,0.20291822922042263,0.108162235203371,0.9142780139468321,0.06119280209586959
HISTORICAL_FULL,K6V1_EXT07,449,0.7912309365853603,0.18912463089399423,0.12099664220861493,0.8754427391307854,0.055578100252937246
HISTORICAL_FULL,K6V1_EXT07,450,0.7921050707957725,0.19627987668559946,0.13699393061608658,0.8773899257836384,0.039505755488762694
HISTORICAL_FULL,K6V1_EXT07,451,0.7994462033622391,0.204989575204885,0.1381683630147854,0.9670008484326034,0.007213935313630141
HISTORICAL_FULL,K6V1_EXT07,452,0.7989573680758892,0.20721769176905797,0.12473081485129366,0.9752860011621567,0.032639112497043564
HISTORICAL_FULL,K6V1_EXT07,453,0.8108812636702429,0.2012841463152143,0.09529138520923272,0.9518838446091218,0.010859368101739954
HISTORICAL_FULL,K6V1_EXT07,454,0.813979513594217,0.20081166210919527,0.07556446157335894,0.913221807898463,0.0003409954692064612
HISTORICAL_FULL,K6V1_EXT07,455,0.8229281848889284,0.19878877275283074,0.060025444831209064,0.9202789306712411,0.014154890496783782
HISTORICAL_FULL,K6V1_EXT07,456,0.8235724216185039,0.19309806823352083,0.045385457961962604,0.9039633451916231,0.058792411545639564
HISTORICAL_FULL,K6V1_EXT07,457,0.8043115369249629,0.19044086299244747,0.03291124536345117,0.8431229038043384,0.14406957455849692
HISTORICAL_FULL,K6V1_EXT07,458,0.7880200840024865,0.18975651146971514,0.025067079177163953,0.7914601267437231,0.2136987331151271
HISTORICAL_FULL,K6V1_EXT07,459,0.7665573878723402,0.19609338442210542,0.02173227813213581,0.7780955549413975,0.23034854992235457
HISTORICAL_FULL,K6V1_EXT07,460,0.7633837124422902,0.20379579559242444,0.01862019290163009,0.835300957949131,0.23689399094745905
HISTORICAL_FULL,K6V1_EXT08,440,0.8915115864128684,0.23531596325655527,0.023948349793330836,0.9569899089612885,0.26217685306311
HISTORICAL_FULL,K6V1_EXT08,441,0.8671324863391341,0.23129808830039683,0.027225228980312016,0.9244559112847733,0.2746788376943545
HISTORICAL_FULL,K6V1_EXT08,442,0.8765051690032801,0.23816456260778912,0.033327777890844915,0.946314605036026,0.24870273317985847
HISTORICAL_FULL,K6V1_EXT08,443,0.8769901721218265,0.23314273775003724,0.043571229442933804,0.9471416028222301,0.3219965099465535
HISTORICAL_FULL,K6V1_EXT08,444,0.8924588335328267,0.23618369277685589,0.05893997748052781,0.9528339543457227,0.42148207278269506
HISTORICAL_FULL,K6V1_EXT08,445,0.8749385857737089,0.23577658459380296,0.08203646092635097,0.9581711190288089,0.5170385219480914
HISTORICAL_FULL,K6V1_EXT08,446,1.001565361988564,0.3358243126963702,0.10112187319388385,0.9253913869782847,1.0431341993921082
HISTORICAL_FULL,K6V1_EXT08,447,0.9574354379157345,0.2982447773966232,0.14496142633538786,0.9821814039748271,0.14209559989392279
HISTORICAL_FULL,K6V1_EXT08,448,1.0528471945402815,0.2905476385569508,0.163930406835337,0.9717867777463977,0.07963843633518464
HISTORICAL_FULL,K6V1_EXT08,449,1.1324813189066534,0.33845585472802636,0.21724613463504366,0.9411851516926896,0.03697996248356878
HISTORICAL_FULL,K6V1_EXT08,450,1.2077215575439095,0.3728475660597077,0.2488354104617109,0.9544473502269448,0.02703744750635144
HISTORICAL_FULL,K6V1_EXT08,451,1.2004516280501,0.4018599465336673,0.2520991274003237,0.97595969612623,0.010054833724781517
HISTORICAL_FULL,K6V1_EXT08,452,1.1634037231682457,0.41721121158390917,0.21219721123325175,0.9838610014401569,0.06138101573252364
HISTORICAL_FULL,K6V1_EXT08,453,1.1476984168077229,0.41742522366828244,0.1851977396922669,0.9725886405334656,0.008212181865155935
HISTORICAL_FULL,K6V1_EXT08,454,1.1329802334314665,0.41750590978259833,0.15224205669771762,0.9793347027525459,0.07400017687509701
HISTORICAL_FULL,K6V1_EXT08,455,1.1207697879072156,0.40534759351028155,0.12504723741891052,0.9849527135153625,0.17679686027170702
HISTORICAL_FULL,K6V1_EXT08,456,1.0860118445022229,0.3735254188271798,0.09515791784686975,0.9731676014893121,0.22273480336783036
HISTORICAL_FULL,K6V1_EXT08,457,1.0421230099374337,0.33757989178125564,0.06945232621455187,0.9480909586429386,0.17267465477204766
HISTORICAL_FULL,K6V1_EXT08,458,1.0094467840173216,0.3186224192109794,0.056150393847095845,0.921629457591394,0.08933508011299326
HISTORICAL_FULL,K6V1_EXT08,459,0.9966900230659872,0.3102101528433243,0.04409814511606351,0.9039987963445122,0.09108904686527407
HISTORICAL_FULL,K6V1_EXT08,460,0.992012019155361,0.30834765250728735,0.036853462444022336,0.8710097826658437,0.08975956683790587
HISTORICAL_FULL,K6V1_EXT09,440,0.980712673148981,0.3161121129475462,0.031128556157019562,0.9214451873316751,0.4973551123554883
HISTORICAL_FULL,K6V1_EXT09,441,0.9914627330928304,0.31703126895338796,0.03911317398700366,0.9641397293190008,0.472102064479636
HISTORICAL_FULL,K6V1_EXT09,442,0.9869685311925507,0.30490628789695823,0.0458895115919217,0.9780636597004636,0.3399942112139136
HISTORICAL_FULL,K6V1_EXT09,443,1.012454261651921,0.3446899565067124,0.060621442326618605,0.9932409537547915,0.16276480442465285
HISTORICAL_FULL,K6V1_EXT09,444,0.998146508993966,0.2649104460843524,0.06626824683380345,0.9913747488086024,0.37499309110427265
HISTORICAL_FULL,K6V1_EXT09,445,0.9760813380791143,0.27633497104292354,0.08808369948007369,0.9851940776103902,0.14464975224497942
HISTORICAL_FULL,K6V1_EXT09,446,0.9162076140309924,0.2723355781294779,0.07826809402709056,0.9809119706012839,0.14719044493761188
HISTORICAL_FULL,K6V1_EXT09,447,0.9253542124831294,0.279909190313377,0.12913494430481298,0.99021653668387,0.1284732445333152
HISTORICAL_FULL,K6V1_EXT09,448,0.9075704067071789,0.2822852846954915,0.16217256416530923,0.9837791616578699,0.15544216957225834
HISTORICAL_FULL,K6V1_EXT09,449,0.888752614133165,0.28618701902337407,0.19423032657460634,0.9435019725652113,0.0936661187892691
HISTORICAL_FULL,K6V1_EXT09,450,0.8848588834606126,0.2933409639691839,0.20636122314869218,0.9060921229424855,0.033907962856691724
HISTORICAL_FULL,K6V1_EXT09,451,0.8901920188156727,0.30413631543215647,0.20205413350393361,0.8811398442031636,0.008176493918941397
HISTORICAL_FULL,K6V1_EXT09,452,0.9040388914854232,0.32819625134631514,0.18609458689996525,0.960181184035782,0.03452172272255878
HISTORICAL_FULL,K6V1_EXT09,453,0.8863965836970777,0.2952213797284204,0.1408323275029,0.991123767589569,0.0059939173407698165
HISTORICAL_FULL,K6V1_EXT09,454,0.9220214680462893,0.3219554943608422,0.12423553690608509,0.9480474620927539,0.015037278353565834
HISTORICAL_FULL,K6V1_EXT09,455,0.9214611487932886,0.33819507236165436,0.10542088679202163,0.9547129296509156,0.02947814259381708
HISTORICAL_FULL,K6V1_EXT09,456,0.9220339483010397,0.34586050998706924,0.08671921672209772,0.9582999094456696,0.034805062766968174
HISTORICAL_FULL,K6V1_EXT09,457,0.9228003613862465,0.3431317037301678,0.07129306348054232,0.9789976625837061,0.15966612544753844
HISTORICAL_FULL,K6V1_EXT09,458,0.9175364193441233,0.33534655308943156,0.05675665955144915,0.9756522507709782,0.1607193200267907
HISTORICAL_FULL,K6V1_EXT09,459,0.9172426584570393,0.33130573847378614,0.047579951005598746,0.9728711205410792,0.12095944786938126
HISTORICAL_FULL,K6V1_EXT09,460,0.92272012395951,0.3470034924408904,0.03972308987030684,0.9704224716040794,0.06119748055880206
HISTORICAL_FULL,K6V1_EXT10,440,0.8817077811528863,0.2801865507816857,0.03262827332463641,0.9323209526142318,0.527072851738657
HISTORICAL_FULL,K6V1_EXT10,441,0.8676444234255146,0.2864902937804547,0.03630957315503929,0.9602398296469152,0.44413289836477077
HISTORICAL_FULL,K6V1_EXT10,442,0.880562686999754,0.2966167204567454,0.043645036969557946,0.960575752965743,0.43308681009688926
HISTORICAL_FULL,K6V1_EXT10,443,0.8444498146139776,0.2822264587139008,0.05317906054113054,0.9602409754572394,0.39331005577090333
HISTORICAL_FULL,K6V1_EXT10,444,0.8437881344860944,0.2727943866641177,0.06632501973660916,0.9658915047647845,0.3975982494263313
HISTORICAL_FULL,K6V1_EXT10,445,0.8332586414402924,0.26797072399940747,0.08723757301620594,0.9385946260712288,0.33793720950259715
HISTORICAL_FULL,K6V1_EXT10,446,0.8732738856159507,0.2972749573984252,0.08486781835734777,0.967582651363535,0.2645092762943076
HISTORICAL_FULL,K6V1_EXT10,447,0.7469982356841216,0.212275370691438,0.094840606087468,0.9445223081229928,0.10679828385109638
HISTORICAL_FULL,K6V1_EXT10,448,0.7689982835641723,0.23259137171590755,0.11590513090341006,0.9316423500931656,0.06844982986445829
HISTORICAL_FULL,K6V1_EXT10,449,0.7731763957658053,0.23615514424992556,0.13702659067575024,0.9360464925158364,0.06893188007489467
HISTORICAL_FULL,K6V1_EXT10,450,0.7747330799489807,0.2417077671045434,0.15318413113713655,0.925144254579727,0.005111461981970114
HISTORICAL_FULL,K6V1_EXT10,451,0.7902295641775553,0.24719648025285182,0.15440343304420623,0.9133233527151858,0.08721848031525962
HISTORICAL_FULL,K6V1_EXT10,452,0.7993127063837031,0.2549167909702262,0.12939615846854421,0.9534645240319914,0.07130742460331684
HISTORICAL_FULL,K6V1_EXT10,453,0.8140038793802963,0.2512212926294953,0.11753006260698391,0.9224885028966362,0.15319447092520386
HISTORICAL_FULL,K6V1_EXT10,454,0.81438785362375,0.25161177014304487,0.08967572643455284,0.951440780331902,0.010794737238507227
HISTORICAL_FULL,K6V1_EXT10,455,0.8279840000260545,0.27665945422675664,0.07749103211871294,0.9564269269659308,0.24291727207637664
HISTORICAL_FULL,K6V1_EXT10,456,0.890993065061263,0.32617542663258,0.08208016140152904,0.9795911916056531,0.40859839952542587
HISTORICAL_FULL,K6V1_EXT10,457,0.953248993950553,0.36413495896199244,0.06928696392230634,0.9763126493616143,0.35677710108439575
HISTORICAL_FULL,K6V1_EXT10,458,1.0011722023774967,0.39842384963223937,0.06398524909356189,0.9610406434651342,0.19857700213619822
HISTORICAL_FULL,K6V1_EXT10,459,1.0064430049022057,0.40133880876978645,0.053123316272149175,0.9504387121650564,0.007298864421235651
HISTORICAL_FULL,K6V1_EXT10,460,0.9671111803656927,0.3703809410230184,0.04386736881916035,0.9427978126989884,0.19037037549301666
HISTORICAL_FULL,K6V1_EXT11,440,0.8255835694958722,0.21451271684448947,0.019568705484266032,0.9442023384944356,0.016116737013746635
HISTORICAL_FULL,K6V1_EXT11,441,0.8214120713027685,0.2165380408830422,0.02174895287948999,0.9816464080676196,0.06354874293157514
HISTORICAL_FULL,K6V1_EXT11,442,0.8676846608417964,0.2502957355798725,0.03030870952335689,0.980830854970512,0.11215593179122142
HISTORICAL_FULL,K6V1_EXT11,443,0.8315092602248078,0.23037770987370543,0.03556078727303841,0.9932047811780881,0.11919393808366764
HISTORICAL_FULL,K6V1_EXT11,444,0.8386921309269063,0.23445407080537872,0.04610980040309155,0.9900565988453066,0.15157489668048635
HISTORICAL_FULL,K6V1_EXT11,445,0.8460645109352771,0.23126461500770296,0.060463648211091715,0.9539942098630393,0.1784127526281465
HISTORICAL_FULL,K6V1_EXT11,446,0.8816167551634628,0.250559662107803,0.05783728317685713,0.9880257921279245,0.27163358975942237
HISTORICAL_FULL,K6V1_EXT11,447,0.8301394576506744,0.231380949806135,0.08426861509946487,0.9072123334300335,0.28090013130917363
HISTORICAL_FULL,K6V1_EXT11,448,0.8259542874319634,0.2263267162275673,0.10647627653400181,0.879658185066908,0.2701837300758138
HISTORICAL_FULL,K6V1_EXT11,449,0.8250206097144603,0.23296795114290483,0.13155463638978557,0.8500565907874809,0.22052674245400514
HISTORICAL_FULL,K6V1_EXT11,450,0.8193042259622189,0.2356610119697916,0.14608801147241401,0.9834793629205294,0.15787677403745348
HISTORICAL_FULL,K6V1_EXT11,451,0.8360002407833791,0.24592708762851476,0.14663319120207655,0.9723049019148647,0.11159422496943953
HISTORICAL_FULL,K6V1_EXT11,452,0.8829827506519787,0.25885174506553993,0.12713311003800548,0.9824522325272527,0.07650945710622314
HISTORICAL_FULL,K6V1_EXT11,453,0.8545776469234314,0.26122727661340395,0.10972715152220452,0.9820871118944124,0.1567720215953496
HISTORICAL_FULL,K6V1_EXT11,454,0.8829175353000321,0.278041797361234,0.0916560051590579,0.983964723308798,0.2586373107409228
HISTORICAL_FULL,K6V1_EXT11,455,0.9074581872368551,0.29959929643213246,0.08337780665256904,0.9886427222681134,0.3233151300157458
HISTORICAL_FULL,K6V1_EXT11,456,0.9152839258700585,0.3132302214870279,0.07613806216258263,0.9916370044689279,0.34592394336780913
HISTORICAL_FULL,K6V1_EXT11,457,0.9042151288634935,0.31072195647305334,0.06287447121983351,0.9815531109162675,0.36210863702455337
HISTORICAL_FULL,K6V1_EXT11,458,0.9020040417985904,0.30621119666887386,0.0524122199454527,0.9700657030181938,0.3578853209273799
HISTORICAL_FULL,K6V1_EXT11,459,0.9038644244048282,0.3056896352078297,0.04427577050642153,0.9634739852122205,0.35095999734151256
HISTORICAL_FULL,K6V1_EXT11,460,0.8999219869180304,0.3101221670805252,0.03768456663613142,0.9590178066998395,0.34058340149474703
HISTORICAL_FULL,K6V1_EXT12,440,0.7397282632999854,0.15775583055116102,0.014881653348435298,0.7921565717904567,0.0219435409380881
HISTORICAL_FULL,K6V1_EXT12,441,0.7516283880319863,0.1677143828553632,0.018973182215480302,0.8338917299644006,0.024395079177383316
HISTORICAL_FULL,K6V1_EXT12,442,0.7712131783939014,0.1790034932150037,0.024003129372375077,0.8871009155569414,0.002469875764456184
HISTORICAL_FULL,K6V1_EXT12,443,0.7836117313766936,0.1909444138515382,0.03287768621669567,0.9402085680386777,0.021853356097269943
HISTORICAL_FULL,K6V1_EXT12,444,0.8013877159278062,0.2074435241009778,0.047168976057754004,0.9539867566795434,0.06577788551087105
HISTORICAL_FULL,K6V1_EXT12,445,0.8365292296176823,0.23907752131653975,0.07737276490240243,0.9658812097634366,0.2437240876222588
HISTORICAL_FULL,K6V1_EXT12,446,0.9033603050389607,0.28322605067774836,0.08773787007397008,0.8913527372380625,0.7278201478741914
HISTORICAL_FULL,K6V1_EXT12,447,0.8697219605196735,0.2577399108892351,0.12662366033090855,0.9073000920995397,0.337854128643296
HISTORICAL_FULL,K6V1_EXT12,448,0.82688226015383,0.19453492512533616,0.12288115101228382,0.787135607641409,0.18075701187447726
HISTORICAL_FULL,K6V1_EXT12,449,0.8078805601031208,0.19888872280973668,0.141574632177087,0.8319193899356372,0.1403502237125368
HISTORICAL_FULL,K6V1_EXT12,450,0.8065435644002371,0.20179514082062625,0.14997309369580122,0.8271519344101665,0.15746105166480903
HISTORICAL_FULL,K6V1_EXT12,451,0.7857771483457757,0.18969948988909066,0.13749261743119473,0.7840550713660587,0.21431893773086635
HISTORICAL_FULL,K6V1_EXT12,452,0.7786073553446816,0.18446895795051052,0.11669354855431137,0.7756208116455529,0.26825202112756796
HISTORICAL_FULL,K6V1_EXT12,453,0.778550983983091,0.18552504050356336,0.10398004215377998,0.8242062722485575,0.3605908504528365
HISTORICAL_FULL,K6V1_EXT12,454,0.8026389782024903,0.2023303257202658,0.08914568254236373,0.8651098918617223,0.36614275528810714
HISTORICAL_FULL,K6V1_EXT12,455,0.8489283602871418,0.23009132029265253,0.07879111897269,0.8927563899482636,0.3283515970916637
HISTORICAL_FULL,K6V1_EXT12,456,0.8886598986746094,0.24307747331899943,0.06507452041316021,0.9057817743527932,0.1771477456174387
HISTORICAL_FULL,K6V1_EXT12,457,0.8868712007842402,0.21726854095630724,0.04433428822081654,0.9257650083170483,0.03278606799279294
HISTORICAL_FULL,K6V1_EXT12,458,0.8700617659276074,0.19307979065615063,0.029676432012386893,0.8677721875492936,0.187109021631904
HISTORICAL_FULL,K6V1_EXT12,459,0.8528614370281403,0.17812628135673791,0.021796063822210957,0.8235605397017429,0.2465606413444972
HISTORICAL_FULL,K6V1_EXT12,460,0.8576471443486748,0.17668467155971315,0.017917417840973553,0.9119932246851249,0.29531024293798613
HISTORICAL_FULL,K6V1_EXT13,440,0.5632215767216617,0.11375948760697646,0.014561201720529495,0.8959164783679653,0.18259303957957027
HISTORICAL_FULL,K6V1_EXT13,441,0.5804163006351135,0.11725727202515514,0.01758915497494754,0.8619033112137361,0.17691827449547073
HISTORICAL_FULL,K6V1_EXT13,442,0.5705130400653521,0.08019940504779263,0.018945988310546193,0.6958063267913139,0.2659626425545201
HISTORICAL_FULL,K6V1_EXT13,443,0.5811900272616559,0.10280662111588892,0.020824881987022825,0.7577149636139093,0.08843759933230609
HISTORICAL_FULL,K6V1_EXT13,444,0.5774552043479669,0.09351171041193772,0.023173780401085923,0.9140118817665195,0.05772781850584514
HISTORICAL_FULL,K6V1_EXT13,445,0.5788202259944155,0.08637985308281351,0.02680414254974793,0.9266344576975983,0.019233032702915
HISTORICAL_FULL,K6V1_EXT13,446,0.5931996176621835,0.08438343080789734,0.03183357090559298,0.7800052337039853,0.11563330351554586
HISTORICAL_FULL,K6V1_EXT13,447,0.5943993645684068,0.07682203550300265,0.03662650513314356,0.8444003521159725,0.00974887098652374
HISTORICAL_FULL,K6V1_EXT13,448,0.6014803866669283,0.07113227039709097,0.03893285882027181,0.746541535972491,0.023554465820488327
HISTORICAL_FULL,K6V1_EXT13,449,0.6028682845071729,0.07285873879736696,0.045616047249383396,0.8004404127038536,0.03177423032018243
HISTORICAL_FULL,K6V1_EXT13,450,0.6014921739782281,0.07531917130692425,0.05195393837409405,0.797863873989909,0.022311883692951326
HISTORICAL_FULL,K6V1_EXT13,451,0.606937020415997,0.08188641671856887,0.056511351711344075,0.7788930165262331,0.006528388971175685
HISTORICAL_FULL,K6V1_EXT13,452,0.6183231340525661,0.0945853988432054,0.054908479576428144,0.874878089027417,0.014929689234020344
HISTORICAL_FULL,K6V1_EXT13,453,0.6275255323295855,0.10505952892142495,0.04541507774357786,0.8410301895877836,0.04887697753163149
HISTORICAL_FULL,K6V1_EXT13,454,0.6586498497354804,0.11975473638165121,0.04350684952087967,0.876361456260814,0.03732657772396919
HISTORICAL_FULL,K6V1_EXT13,455,0.6887431903404875,0.13028787378580528,0.040231592453208495,0.8434412836499672,0.0022786052918466523
HISTORICAL_FULL,K6V1_EXT13,456,0.7147751644429474,0.13030496123972035,0.03699152463302622,0.8277100213315743,0.08411855469060024
HISTORICAL_FULL,K6V1_EXT13,457,0.7071694710559153,0.11653841370780807,0.03090546100311885,0.7327167219286879,0.17303882015781363
HISTORICAL_FULL,K6V1_EXT13,458,0.7089319923589185,0.10740415177009756,0.02484575497467945,0.6306012447980669,0.21618808458342706
HISTORICAL_FULL,K6V1_EXT13,459,0.6900790504466588,0.09719366929811118,0.01994056937360833,0.863001348583684,0.23782730591528495
HISTORICAL_FULL,K6V1_EXT13,460,0.6905780656700617,0.08743499902134946,0.012400241073499664,0.8172127560991868,0.13132391606721083
HISTORICAL_FULL,K6V1_EXT14,440,0.5249782695194001,0.041557474844456356,0.0027641879432020863,0.4397307132692382,0.05387417737623814
HISTORICAL_FULL,K6V1_EXT14,441,0.5039214290042882,0.049406432815200206,0.0031797546880483014,0.675218734722868,0.10199659908399931
HISTORICAL_FULL,K6V1_EXT14,442,0.47973918010296435,0.0516285397544852,0.004092347715200012,0.6485006864859943,0.1503338845091545
HISTORICAL_FULL,K6V1_EXT14,443,0.5010855574575729,0.0634990505620311,0.0067200739487626735,0.7337858918263129,0.19257870076324612
HISTORICAL_FULL,K6V1_EXT14,444,0.5086853996404204,0.06682890870615643,0.009884096715778674,0.7349384917953093,0.20523616867103936
HISTORICAL_FULL,K6V1_EXT14,445,0.508470470474092,0.06552760636870435,0.0122933461467896,0.7466935850491031,0.16764204014499764
HISTORICAL_FULL,K6V1_EXT14,446,0.5234483826806535,0.06507675534743909,0.01328527822949552,0.6316105209543225,0.0992693561797793
HISTORICAL_FULL,K6V1_EXT14,447,0.5158779243050883,0.06145773486459197,0.020146096327152797,0.6428307157902114,0.08998637816876472
HISTORICAL_FULL,K6V1_EXT14,448,0.5402432694329565,0.05519695378694181,0.021111141553987967,0.5134477848191912,0.09974111206201823
HISTORICAL_FULL,K6V1_EXT14,449,0.5480857142553098,0.05825088321512627,0.02508174890213566,0.6561567417941545,0.0995441396600067
HISTORICAL_FULL,K6V1_EXT14,450,0.5522200182620223,0.06400878650229282,0.030146041579003538,0.6093378874285063,0.0981124398483011
HISTORICAL_FULL,K6V1_EXT14,451,0.5623407083641313,0.07227491036730979,0.03154344167561689,0.71770005754251,0.1131334223316974
HISTORICAL_FULL,K6V1_EXT14,452,0.586745636821916,0.08833983225379051,0.031925480047634604,0.8431939689561807,0.1470687915521738
HISTORICAL_FULL,K6V1_EXT14,453,0.5974962598920243,0.10338899338253552,0.03213476041131693,0.8916572161435208,0.16751318915563462
HISTORICAL_FULL,K6V1_EXT14,454,0.6119387535314266,0.12152044970332071,0.037763373425409995,0.8951697382181024,0.11883166324982129
HISTORICAL_FULL,K6V1_EXT14,455,0.6467814306682989,0.1315763269758471,0.036575903606628636,0.8973771359632589,0.08274930815490597
HISTORICAL_FULL,K6V1_EXT14,456,0.680535969034371,0.14743553042199548,0.0324532044942599,0.8883386990877127,0.08903133828849602
HISTORICAL_FULL,K6V1_EXT14,457,0.6896780803596787,0.15371903003854254,0.024064292594209478,0.8502770052601072,0.12679888423673363
HISTORICAL_FULL,K6V1_EXT14,458,0.6898909938303184,0.1535238814282137,0.019160827268128813,0.848561468714222,0.1181799441800021
HISTORICAL_FULL,K6V1_EXT14,459,0.6768066519628242,0.14828520171350926,0.014266735271627265,0.8041803772453119,0.13094536475222462
HISTORICAL_FULL,K6V1_EXT14,460,0.6718634749647145,0.14005227428526174,0.012073743833910303,0.8453646894936299,0.09483192486998686
HISTORICAL_FULL,K6V1_S35,440,0.8408403695499714,0.28547366618887743,0.025062425904249085,0.9724269198152992,0.29342093044257994
HISTORICAL_FULL,K6V1_S35,441,0.8423541534848313,0.28202164086252596,0.029547969882749554,0.9711348222028626,0.25918156740166187
HISTORICAL_FULL,K6V1_S35,442,0.8689995511278176,0.2925101792683194,0.03782705958368196,0.9866902284401458,0.21674705936185668
HISTORICAL_FULL,K6V1_S35,443,0.7916706249768607,0.23216406544561452,0.04061471211271544,0.9519750300546622,0.07057059799717905
HISTORICAL_FULL,K6V1_S35,444,0.7771133440178156,0.22701301498434215,0.0502610486943163,0.9626840734427934,0.009285463476298716
HISTORICAL_FULL,K6V1_S35,445,0.8006091766499251,0.23654999210189714,0.0701337754635893,0.9635019378238774,0.007537432205970914
HISTORICAL_FULL,K6V1_S35,446,0.848479501478533,0.2688113501011899,0.07340732204035429,0.9799564099088391,0.1271661578107403
HISTORICAL_FULL,K6V1_S35,447,0.8395254657993533,0.2653029608773802,0.11897257066368751,0.9566424056729016,0.047735439367804826
HISTORICAL_FULL,K6V1_S35,448,0.844604605550073,0.2691114859055259,0.15269328604093627,0.9362294967644958,0.04706275449805408
HISTORICAL_FULL,K6V1_S35,449,0.84161051439322,0.2765382731821264,0.1820833759585481,0.9549047457034779,0.0322022929043765
HISTORICAL_FULL,K6V1_S35,450,0.8400459671104048,0.2794714391405146,0.1940581484467929,0.9544634259890865,0.008117634967538085
HISTORICAL_FULL,K6V1_S35,451,0.8497602861469634,0.28277424251962846,0.18337202931797095,0.960154759651429,0.00879036695404872
HISTORICAL_FULL,K6V1_S35,452,0.8743091145874491,0.2928670732259119,0.1583944588598697,0.9792798884159953,0.07174860955918545
HISTORICAL_FULL,K6V1_S35,453,0.8816760672256936,0.30282800111055574,0.13794521702007145,0.9618843328817919,0.12990972640552356
HISTORICAL_FULL,K6V1_S35,454,0.8807344158660261,0.2911453097936106,0.1052482267219975,0.9776681091396138,0.1647541168300575
HISTORICAL_FULL,K6V1_S35,455,0.795286434104232,0.22433708699173982,0.0653488550076336,0.968893053022447,0.07656178637259667
HISTORICAL_FULL,K6V1_S35,456,0.851919110566162,0.29887086497415244,0.07487627477280275,0.9806581946027108,0.3260383250328467
HISTORICAL_FULL,K6V1_S35,457,0.8523775167875787,0.3294650216939321,0.075713208083406,0.9732828227214558,0.4202559540641685
HISTORICAL_FULL,K6V1_S35,458,0.8228243650052359,0.3280514736414313,0.0615385864911511,0.9304566237502039,0.38437400042925224
HISTORICAL_FULL,K6V1_S35,459,0.7975448616803127,0.31188702516546657,0.0456873502669797,0.9292374282530492,0.2859032355463589
HISTORICAL_FULL,K6V1_S35,460,0.7775866517311159,0.29383669005673557,0.034423438648857586,0.925885968004925,0.1923073581583861
HISTORICAL_FULL,K6V1_S39,440,0.6788864193461862,0.2158200872727808,0.017366672917671487,0.9361527545026491,0.26262077838167985
HISTORICAL_FULL,K6V1_S39,441,0.6989034714514326,0.22085674472987857,0.021175982813508493,0.9727569264272575,0.2677186420843812
HISTORICAL_FULL,K6V1_S39,442,0.7105974324275661,0.22019713002073046,0.0256176106959145,0.9718776600154152,0.2406750320763445
HISTORICAL_FULL,K6V1_S39,443,0.7121047664398307,0.22177846927263217,0.03371262117950018,0.9643861379056907,0.18512983536779648
HISTORICAL_FULL,K6V1_S39,444,0.7085020672329887,0.2134136936289568,0.0437717858641945,0.9614474811484391,0.11086026843968981
HISTORICAL_FULL,K6V1_S39,445,0.7075725879600593,0.2102303481799935,0.06110997181097353,0.971664805395426,0.045331996726085476
HISTORICAL_FULL,K6V1_S39,446,0.707973592596598,0.2086993772064744,0.0577553220177934,0.9643853004581247,0.03286670985223039
HISTORICAL_FULL,K6V1_S39,447,0.7106258521809764,0.209805694411424,0.09604404298225917,0.9554474476965704,0.004333123801640132
HISTORICAL_FULL,K6V1_S39,448,0.7058543656294192,0.21450827441134976,0.12019072888698364,0.9387618366979092,0.04370816308821871
HISTORICAL_FULL,K6V1_S39,449,0.6934395105416107,0.20869430062993904,0.13706882413008203,0.9526046848269409,0.016296601462649826
HISTORICAL_FULL,K6V1_S39,450,0.6989409242653355,0.2114124732528921,0.14185584607577909,0.8913586215211915,0.06758313673168123
HISTORICAL_FULL,K6V1_S39,451,0.7068135438701834,0.2145389564172348,0.13383874896651274,0.8612465159167019,0.08843865879406579
HISTORICAL_FULL,K6V1_S39,452,0.7237715349376138,0.22388254217302064,0.11721440892606189,0.9076603650258228,0.11099650782374533
HISTORICAL_FULL,K6V1_S39,453,0.7165176390627579,0.22865087106359797,0.10332982404827164,0.9442167989723903,0.06965667093287237
HISTORICAL_FULL,K6V1_S39,454,0.7221685533332759,0.23378100560227608,0.08663307337112588,0.9501968271974194,0.023730349780575696
HISTORICAL_FULL,K6V1_S39,455,0.7362265329323797,0.236615515081144,0.07336235825220322,0.9730951304877388,0.033937590393179784
HISTORICAL_FULL,K6V1_S39,456,0.7546044692546773,0.24422966062879856,0.06327761272212906,0.9221651441332609,0.08386570068991762
HISTORICAL_FULL,K6V1_S39,457,0.7538470965681423,0.25068021858420897,0.05238565271634979,0.8320204016772123,0.10341715012715919
HISTORICAL_FULL,K6V1_S39,458,0.7587113893565542,0.2570905079796601,0.04401578172908525,0.830169867925472,0.12194129425793185
HISTORICAL_FULL,K6V1_S39,459,0.7771061159666715,0.2652038621181929,0.03754553918445417,0.9025774912181673,0.13179816586533852
HISTORICAL_FULL,K6V1_S39,460,0.8009091115727601,0.2735161295377919,0.032296141914614364,0.9442899604535958,0.13066021645108614
HISTORICAL_FULL,K6V1_S21,440,0.9017023985105224,0.19983160519506804,0.019037812111514778,0.9432892873589939,0.0072782741452655664
HISTORICAL_FULL,K6V1_S21,441,0.8800525281158371,0.18556959522887695,0.02099484155212833,0.8784715169165176,0.0002393708862722916
HISTORICAL_FULL,K6V1_S21,442,0.8522799569657742,0.17606757250716984,0.0239645091929233,0.8831350081832458,0.0019305980051391915
HISTORICAL_FULL,K6V1_S21,443,0.8513692671088117,0.1620547199617544,0.028119394087118357,0.8809336750368392,0.015441488296442846
HISTORICAL_FULL,K6V1_S21,444,0.8374520329439288,0.1554288009044495,0.03609569004620401,0.8995504809426023,0.044367721320023826
HISTORICAL_FULL,K6V1_S21,445,0.839926208959507,0.15359839172863768,0.04887726368568891,0.9080777711516467,0.05583185711898258
HISTORICAL_FULL,K6V1_S21,446,0.8396489799821889,0.14925937997013958,0.04561656608248639,0.7882439357572107,0.06866237282275331
HISTORICAL_FULL,K6V1_S21,447,0.8546652354658963,0.1494658813802536,0.0696220288872204,0.7320993215361058,0.022975792091208605
HISTORICAL_FULL,K6V1_S21,448,0.8746688008096405,0.1693893613867066,0.09294159914270593,0.6631084795184617,0.05375664600752907
HISTORICAL_FULL,K6V1_S21,449,0.8662903616316888,0.14763277108074355,0.09521712926869845,0.6100936232563617,0.02860156640033865
HISTORICAL_FULL,K6V1_S21,450,0.8552920204747065,0.15360488698159158,0.10400265667202323,0.591403119427312,0.032955032016070925
HISTORICAL_FULL,K6V1_S21,451,0.8541506698961842,0.1594890176217108,0.10514084638293898,0.6802135325865195,0.003562188130440568
HISTORICAL_FULL,K6V1_S21,452,0.8486238583378501,0.16850781793465816,0.09494659540929953,0.8125472282783249,0.02568744859897183
HISTORICAL_FULL,K6V1_S21,453,0.872235713149968,0.16929609428076053,0.0851986125401625,0.9301988889883926,0.10038678551294815
HISTORICAL_FULL,K6V1_S21,454,0.8900709976268932,0.16765562117700408,0.0692874744443606,0.9411656506649195,0.11144848948636987
HISTORICAL_FULL,K6V1_S21,455,0.8929166400717317,0.16564989974065816,0.05593761464757511,0.9040255787320131,0.09705316561465771
HISTORICAL_FULL,K6V1_S21,456,0.9018083225989046,0.16239193863384324,0.04521338639655987,0.8914274476387113,0.08728940574719526
HISTORICAL_FULL,K6V1_S21,457,0.9024944329249357,0.16186297859737336,0.03441955165563133,0.8340131716497778,0.023517965119577006
HISTORICAL_FULL,K6V1_S21,458,0.8968871294958535,0.1654356776074911,0.027376624576581323,0.8053390089907739,0.03878565730783769
HISTORICAL_FULL,K6V1_S21,459,0.8890312401509443,0.1736609836916842,0.02174031848067893,0.7869668215642982,0.12998702291939676
HISTORICAL_FULL,K6V1_S21,460,0.8926862293319052,0.18380406611739647,0.01815904938471509,0.8131122986781621,0.21713047704295793
HISTORICAL_FULL,K6V1_S42,440,0.8484201563626458,0.2742170389959856,0.028925728712829363,0.9445513631716123,0.7652367541240813
HISTORICAL_FULL,K6V1_S42,441,0.8224992188011416,0.26665659571595,0.033998357602019476,0.9449947180883453,0.774081606847969
HISTORICAL_FULL,K6V1_S42,442,0.7763428336439746,0.24196957066521224,0.039132596535889685,0.9482674532847644,0.742621565645513
HISTORICAL_FULL,K6V1_S42,443,0.8332322854942718,0.26592287954850685,0.05043888089773633,0.9492118751261363,0.583450934277645
HISTORICAL_FULL,K6V1_S42,444,0.8481729331546813,0.27220014235570794,0.06682981591920721,0.9179262221467906,0.6650181544889426
HISTORICAL_FULL,K6V1_S42,445,0.8419659436017413,0.27529905274447086,0.09291835283110134,0.9457254161647617,0.8060674076840408
HISTORICAL_FULL,K6V1_S42,446,0.8339923347384366,0.2558027528129963,0.078730326494257,0.9371447799617957,0.3689814572517778
HISTORICAL_FULL,K6V1_S42,447,0.8928887380177576,0.28994577163481433,0.14126423875673594,0.927531000888445,0.5576442365744115
HISTORICAL_FULL,K6V1_S42,448,0.9045227544132557,0.2985981604869847,0.17726183226295944,0.9510738378263841,0.37977304651521465
HISTORICAL_FULL,K6V1_S42,449,0.9435912106811896,0.32201248294976814,0.2145716612673055,0.955824461305319,0.24485148846031538
HISTORICAL_FULL,K6V1_S42,450,0.8942706539541557,0.31395125274788477,0.2193572366489408,0.9246760168905088,0.3357246433744374
HISTORICAL_FULL,K6V1_S42,451,0.9478747132053228,0.3041974738400901,0.20547993394227482,0.953712153725544,0.5229372736053083
HISTORICAL_FULL,K6V1_S42,452,0.9846886819793701,0.3634789708967347,0.19346030333087574,0.9656212717609112,0.5148484587802774
HISTORICAL_FULL,K6V1_S42,453,0.8813106035624227,0.2527070967925345,0.12392611343082342,0.9515193742400389,0.22057861190101133
HISTORICAL_FULL,K6V1_S42,454,1.0118905823645998,0.37629543469959764,0.13344392103735067,0.9422059756292307,0.7075210435471067
HISTORICAL_FULL,K6V1_S42,455,0.9884731907671997,0.37912540592974714,0.10987105667553926,0.9282814663346921,0.5944783061871943
HISTORICAL_FULL,K6V1_S42,456,0.9514704890736717,0.3640873211822318,0.0880782563430901,0.8956360243658619,0.46809104625264936
HISTORICAL_FULL,K6V1_S42,457,0.9169244735706377,0.3436308410164684,0.06810614478222675,0.8130465939520373,0.29984757515439087
HISTORICAL_FULL,K6V1_S42,458,0.8974188688729577,0.3246894933576849,0.05352870453240022,0.8050095199624615,0.1640906611746195
HISTORICAL_FULL,K6V1_S42,459,0.8962063310931665,0.3087861710894629,0.04262672274851735,0.8923252960521987,0.05851872901354997
HISTORICAL_FULL,K6V1_S42,460,0.9147439016384583,0.3169212883132808,0.03647517945448573,0.9473896320035187,0.13357845212922675
HISTORICAL_FULL,K6V1_S36,440,0.9212167912776987,0.24333386954228253,0.024772990741476833,0.9738512734317127,0.24067375215493306
HISTORICAL_FULL,K6V1_S36,441,0.9245190610864189,0.23788339525902366,0.0282511372945544,0.9687632649243537,0.16862692499603318
HISTORICAL_FULL,K6V1_S36,442,0.9158526185800906,0.23558475989442043,0.032936449560856014,0.9588485183271642,0.10131567847411964
HISTORICAL_FULL,K6V1_S36,443,0.9217323640479027,0.2310805372673117,0.039718189379092494,0.936340789976473,0.044162671351461805
HISTORICAL_FULL,K6V1_S36,444,0.9444844049036305,0.23133254188576488,0.05020499139047298,0.9288459201332262,0.013005417499114507
HISTORICAL_FULL,K6V1_S36,445,0.9739078019029501,0.23985913773128878,0.06903269679494613,0.9388136862640125,0.07393192670815256
HISTORICAL_FULL,K6V1_S36,446,1.042821099715011,0.27155651068392334,0.07810813639961302,0.9330874248622476,0.14995756422234827
HISTORICAL_FULL,K6V1_S36,447,1.018907879081322,0.277902722002032,0.1350503353888373,0.928314236840915,0.5243940193567356
HISTORICAL_FULL,K6V1_S36,448,0.9593509262133005,0.26288669962109046,0.1654975966804223,0.8302624906330386,0.49880920286923547
HISTORICAL_FULL,K6V1_S36,449,1.009753801298879,0.2963923480805916,0.20211659927623482,0.8989374550963105,0.24238507844379342
HISTORICAL_FULL,K6V1_S36,450,1.0274631803020107,0.3106907176526238,0.2186362858245234,0.9173465708951551,0.1520010616791426
HISTORICAL_FULL,K6V1_S36,451,1.0303127022666698,0.3123991236107177,0.20480690485726596,0.9100760176932723,0.13847642320218934
HISTORICAL_FULL,K6V1_S36,452,0.9804432173537833,0.2912993887749435,0.16032684550739323,0.9399459380250784,0.06970618486871925
HISTORICAL_FULL,K6V1_S36,453,1.0038909912488496,0.279843922460477,0.13326816008745293,0.8991481139936088,0.22187206254517428
HISTORICAL_FULL,K6V1_S36,454,0.9943950022389917,0.27827653597488766,0.10686037029483295,0.9301396568081847,0.2053076639095711
HISTORICAL_FULL,K6V1_S36,455,0.9945951614599308,0.27018208873369076,0.08509001453183261,0.9006161490995366,0.17744240176496304
HISTORICAL_FULL,K6V1_S36,456,0.9937376783290928,0.25179558567327087,0.06640322645192508,0.8498577902813576,0.1559491698549187
HISTORICAL_FULL,K6V1_S36,457,0.9825545529746978,0.23564228838539308,0.050325563653006354,0.861089943894305,0.0957019930361659
HISTORICAL_FULL,K6V1_S36,458,0.9678528933218122,0.21944035234147558,0.03819529358668826,0.8392337417373952,0.037480188768261216
HISTORICAL_FULL,K6V1_S36,459,0.9480042333059155,0.20883570130747442,0.02966502469033895,0.8573514695133722,0.014229124355613135
HISTORICAL_FULL,K6V1_S36,460,0.9963914602284545,0.2608526097204869,0.03194736165634785,0.8821080048261606,0.17809121816360246
HISTORICAL_FULL,K6V1_S31,440,1.071732616542393,0.37434800753329023,0.0336271670612212,0.9248114158789379,0.6676512589147503
HISTORICAL_FULL,K6V1_S31,441,1.0565543729908102,0.3511025477893697,0.038424599107755274,0.9564972799331242,0.48904739544465287
HISTORICAL_FULL,K6V1_S31,442,1.0197577342811588,0.3188832222882392,0.043281063168127146,0.9470337159427714,0.4027591834799747
HISTORICAL_FULL,K6V1_S31,443,1.0408501605840954,0.27920462980054084,0.04860859829173716,0.9499708536272582,0.2056951215922036
HISTORICAL_FULL,K6V1_S31,444,1.0978274258404022,0.3020678981312,0.06632652818162466,0.9620440922321668,0.052070218464293994
HISTORICAL_FULL,K6V1_S31,445,1.1174694469470077,0.2965186548238297,0.08885512563522327,0.9589366509896264,0.07185918619052085
HISTORICAL_FULL,K6V1_S31,446,1.1769724952107807,0.317097397764225,0.08949284592707839,0.9911539687158136,0.12541103088425992
HISTORICAL_FULL,K6V1_S31,447,1.189114267234208,0.2925320562834129,0.13624653600875267,0.9542368054943882,0.24836010500983988
HISTORICAL_FULL,K6V1_S31,448,1.2788263824977886,0.3001932424762534,0.17536399643888556,0.9747405976302839,0.3141106358426742
HISTORICAL_FULL,K6V1_S31,449,1.2740918298010213,0.3293732466592437,0.2176458479876231,0.9040065034981924,0.3459251038353914
HISTORICAL_FULL,K6V1_S31,450,1.2925645151464669,0.3440701523833302,0.23636694458752486,0.9108663827223389,0.3145726940146332
HISTORICAL_FULL,K6V1_S31,451,1.2979397829717472,0.3534142969162103,0.22622950511193282,0.9101708762826809,0.38187073962236384
HISTORICAL_FULL,K6V1_S31,452,1.2736179086026642,0.39051850617553024,0.20765115164778913,0.971333840866583,0.2864459808068018
HISTORICAL_FULL,K6V1_S31,453,1.211189555723919,0.37302410680688136,0.16845389718075757,0.9157563053229849,0.30977885366460206
HISTORICAL_FULL,K6V1_S31,454,1.2363212876459366,0.35607607445497047,0.13052696258974594,0.9067607607951556,0.9105514429672497
HISTORICAL_FULL,K6V1_S31,455,1.245124981251852,0.3471623052875496,0.1068896083504573,0.883068651953989,1.3986167879496394
HISTORICAL_FULL,K6V1_S31,456,1.2477892942432451,0.350934508741063,0.08795346633742317,0.7996998015427418,1.5348227129848606
HISTORICAL_FULL,K6V1_S31,457,1.2497828686053134,0.3620497846149009,0.07071255779041254,0.6714798792791563,1.2905486301024132
HISTORICAL_FULL,K6V1_S31,458,1.2400416642281116,0.3726134780714445,0.05859568909515136,0.6626325968957523,1.041346960112274
HISTORICAL_FULL,K6V1_S31,459,1.2332932527552987,0.3836029687152922,0.0498303068017478,0.7107379999031032,0.8327788564181318
HISTORICAL_FULL,K6V1_S31,460,1.267588341660174,0.389958252467365,0.04223173394382489,0.8162756781171362,0.8048039528792846
HISTORICAL_FULL,K6V1_S45,440,0.8248923927886465,0.23122281715685628,0.023691967469825385,0.9388184578250575,0.23990842214171854
HISTORICAL_FULL,K6V1_S45,441,0.8518019865567005,0.2927908203865446,0.034730247818279374,0.9879457171060831,0.4770808207374566
HISTORICAL_FULL,K6V1_S45,442,0.8303996114846852,0.2964392216761323,0.04225676442497364,0.9645497036682723,0.498263475362708
HISTORICAL_FULL,K6V1_S45,443,0.8165680859887665,0.2844597322587673,0.05080383803350092,0.9490340402605479,0.359179138398078
HISTORICAL_FULL,K6V1_S45,444,0.7970285358142932,0.2605277379380642,0.0591449625287203,0.9629701249476654,0.14148080989924142
HISTORICAL_FULL,K6V1_S45,445,0.7881179905391853,0.25025963321257116,0.07387787340538642,0.9787761881323879,0.031633384043858265
HISTORICAL_FULL,K6V1_S45,446,0.6554113151578355,0.14313504235654617,0.03982024222745651,0.7921924529270298,0.008549155258472333
HISTORICAL_FULL,K6V1_S45,447,0.7044212435630702,0.17035119510806773,0.06486284385469093,0.9747140755985407,0.1948840593175514
HISTORICAL_FULL,K6V1_S45,448,0.721629449012296,0.20292083153002433,0.11999170311197063,0.9698998806092436,0.0719964749438022
HISTORICAL_FULL,K6V1_S45,449,0.7459744016863651,0.1984462024120196,0.1482853252633737,0.9619711365787528,0.25387121223588494
HISTORICAL_FULL,K6V1_S45,450,0.7503216867578327,0.1790045252866198,0.1426111899465728,0.9362362993875749,0.19946668648800892
HISTORICAL_FULL,K6V1_S45,451,0.7479259094671358,0.166469539477993,0.12329072493720312,0.8975141851811063,0.1535432493980159
HISTORICAL_FULL,K6V1_S45,452,0.7089252344668902,0.13312116466402152,0.08041247668661614,0.8562194426464871,0.07117222900717018
HISTORICAL_FULL,K6V1_S45,453,0.7495676889165942,0.150662036695759,0.0877087131778401,0.8900195971742877,0.258089655556285
HISTORICAL_FULL,K6V1_S45,454,0.740946421388734,0.14214432815115222,0.07055582455924785,0.874965892509453,0.3084373404471078
HISTORICAL_FULL,K6V1_S45,455,0.7439799177767817,0.13151868235685743,0.05745848593409858,0.8104266693256983,0.36186466163192677
HISTORICAL_FULL,K6V1_S45,456,0.7425348892976363,0.11652354994639096,0.04493020643519083,0.8355258728629399,0.38183196227657284
HISTORICAL_FULL,K6V1_S45,457,0.7165875464416965,0.10236617612439439,0.031980091877082714,0.6135016321172402,0.32140950769321286
HISTORICAL_FULL,K6V1_S45,458,0.6890804639088912,0.09257655829663625,0.02269468162994171,0.5768912239917315,0.24469753235424407
HISTORICAL_FULL,K6V1_S45,459,0.6653352882284386,0.08992226245192049,0.016617500045172557,0.4546919503966568,0.16616352101917803
HISTORICAL_FULL,K6V1_S45,460,0.6441192596738093,0.06304613966372312,0.008045837041375027,0.6030640071525448,0.031009538583744712
HISTORICAL_FULL,K6V1_S32,440,0.47003432597051426,0.023789026744006535,0.00205009486496881,0.45568192557305254,0.10074538176875972
HISTORICAL_FULL,K6V1_S32,441,0.46393906085433195,0.02697433721817169,0.004308682318332613,0.6109298424805616,0.14695618528197735
HISTORICAL_FULL,K6V1_S32,442,0.45175348430343903,0.02162955068437294,0.007886818700681373,0.7594928385820567,0.18111116228375623
HISTORICAL_FULL,K6V1_S32,443,0.44966605345465843,0.03217679098122752,0.009378651194744366,0.7780098716228971,0.19357843632893443
HISTORICAL_FULL,K6V1_S32,444,0.4470066733249138,0.030543827099997745,0.01219870889121248,0.8390014388925741,0.18956811661058004
HISTORICAL_FULL,K6V1_S32,445,0.45528707508319904,0.029539195366113057,0.015543187837376769,0.7439419631633168,0.17902458869046925
HISTORICAL_FULL,K6V1_S32,446,0.4900312759141051,0.03360675439383901,0.012054668941282966,0.5576267496307117,0.1681331789296884
HISTORICAL_FULL,K6V1_S32,447,0.4812378326088097,0.035741035555963495,0.016278255315486583,0.5191563365466683,0.15517842857955147
HISTORICAL_FULL,K6V1_S32,448,0.5099173428956892,0.04025338215304621,0.020815150734103786,0.6322124992905769,0.16256251873317076
HISTORICAL_FULL,K6V1_S32,449,0.5407269812027592,0.05155973883588695,0.02193093535391229,0.740620236561364,0.16321025503958594
HISTORICAL_FULL,K6V1_S32,450,0.5549256073409418,0.06288081106246773,0.02550604798709514,0.6810411730391213,0.16711467286500534
HISTORICAL_FULL,K6V1_S32,451,0.5669315073859236,0.07392644582194224,0.027689239419727365,0.7414825696437634,0.17594545167827835
HISTORICAL_FULL,K6V1_S32,452,0.567272225559871,0.08901673995398156,0.028022867918796792,0.8358269393921305,0.20246231146513993
HISTORICAL_FULL,K6V1_S32,453,0.572632400865227,0.09300830391972509,0.02645167357604333,0.8135233902245421,0.17610176647031778
HISTORICAL_FULL,K6V1_S32,454,0.567546300888567,0.08716019480425893,0.019184662201089754,0.8580308199164285,0.15634502945766832
HISTORICAL_FULL,K6V1_S32,455,0.5763301769176624,0.0972126910656011,0.019861530916363505,0.8698405790604602,0.13531459977737
HISTORICAL_FULL,K6V1_S32,456,0.5930273379658603,0.10366194836409638,0.02165291938762246,0.8491686847368191,0.07943572488155537
HISTORICAL_FULL,K6V1_S32,457,0.613219433748162,0.10263821301797744,0.019271772119547042,0.8134445854189424,0.0380931661623616
HISTORICAL_FULL,K6V1_S32,458,0.6249638911614628,0.10174420885820622,0.01748339726518938,0.7405983210947461,0.01298310582994456
HISTORICAL_FULL,K6V1_S32,459,0.6242958972918847,0.0991752351673329,0.014753268484642899,0.6279465189100674,0.034407835747062014
HISTORICAL_FULL,K6V1_S32,460,0.6086635108725521,0.0942237812511272,0.011855043968528786,0.68085024661768,0.03666637527291273
HISTORICAL_FULL,K6V1_S47,440,1.0803009274565618,0.3449590781799826,0.032625937066009844,0.9702656798059868,0.07782504336356835
HISTORICAL_FULL,K6V1_S47,441,1.062692519676315,0.329834887228873,0.03695655638111699,0.979493861890648,0.08775140729045791
HISTORICAL_FULL,K6V1_S47,442,1.0784932013834168,0.30608064914129485,0.04096671587779568,0.9679530317425764,0.07497526526182537
HISTORICAL_FULL,K6V1_S47,443,1.0711797730366506,0.29793743260100114,0.05022652218648448,0.9323558928587123,0.0310658006283955
HISTORICAL_FULL,K6V1_S47,444,1.0851443737555106,0.28767480432035686,0.06324387717222735,0.9257559942099928,0.03531989928799897
HISTORICAL_FULL,K6V1_S47,445,1.0911182967165498,0.292475916843955,0.0878234644667654,0.9033092127384581,0.09502409493295472
HISTORICAL_FULL,K6V1_S47,446,1.1299781575053225,0.3138903129190897,0.08873872579101473,0.8498595241305571,0.143305309545134
HISTORICAL_FULL,K6V1_S47,447,1.1026022112356886,0.33035172826709264,0.14989887303025834,0.990584772325193,0.15432877004957982
HISTORICAL_FULL,K6V1_S47,448,1.0914760677417414,0.3465744794632728,0.19616443172626669,0.8976438458493285,0.18261955816194972
HISTORICAL_FULL,K6V1_S47,449,1.0026134500258002,0.2990171294950614,0.19922267420050763,0.9247872146245999,0.07838968835563177
HISTORICAL_FULL,K6V1_S47,450,1.0311461198475935,0.2946215595721139,0.20498430028446105,0.9130431443455025,0.025486648374345708
HISTORICAL_FULL,K6V1_S47,451,1.0414361005325103,0.29643011503739497,0.19307195897748933,0.9179494275095823,0.04121681286365266
HISTORICAL_FULL,K6V1_S47,452,1.0479940988137595,0.29984906943982725,0.1645332275334993,0.9433380592541504,0.05223062353394905
HISTORICAL_FULL,K6V1_S47,453,1.037741935385812,0.2966025174966167,0.13751572649328755,0.9135038967710913,0.016618899618301684
HISTORICAL_FULL,K6V1_S47,454,1.0340832321299838,0.29465438270111455,0.10978137692390548,0.9272938324569664,0.015312631518761452
HISTORICAL_FULL,K6V1_S47,455,1.0199652086321778,0.29288943397665673,0.08966228526818097,0.9679787315971242,0.004078935211206643
HISTORICAL_FULL,K6V1_S47,456,1.020179706829705,0.2872881193359721,0.07266486414307302,0.9359722766196018,0.01820925788659298
HISTORICAL_FULL,K6V1_S47,457,1.0396365719158052,0.28190427394805934,0.057521659614512256,0.862072030943134,0.004873343166959099
HISTORICAL_FULL,K6V1_S47,458,1.0536589348772551,0.2750250570500027,0.04580483672890206,0.8146765437360326,0.014137732161714517
HISTORICAL_FULL,K6V1_S47,459,1.0699258767789537,0.2745528349866422,0.03782245108599975,0.8745816643936284,0.02584511558534118
HISTORICAL_FULL,K6V1_S47,460,1.0696779957400744,0.2737830415792616,0.031519054339786606,0.8917977202198085,0.03459008314434131
HISTORICAL_FULL,K6V1_S33,440,1.186663491670372,0.26388499806113236,0.024227431598418794,0.9025737731087117,0.297950404648554
HISTORICAL_FULL,K6V1_S33,441,1.2234274513526624,0.2582748887992974,0.028041509494025067,0.9752417943863798,0.22311469452513785
HISTORICAL_FULL,K6V1_S33,442,1.2472371990607916,0.26182338748164186,0.03457354264978269,0.9915959924734916,0.15604961675814513
HISTORICAL_FULL,K6V1_S33,443,1.2543773768122783,0.2590686305156354,0.04308478364514293,0.9910400554947183,0.10183348801767916
HISTORICAL_FULL,K6V1_S33,444,1.2378106843744967,0.2654165133590468,0.05791936390129457,0.9908216855714983,0.049609279539923314
HISTORICAL_FULL,K6V1_S33,445,1.2287056885966623,0.26792436781762197,0.07995407268891344,0.9883517029746356,0.010004968838642608
HISTORICAL_FULL,K6V1_S33,446,1.2456830895620927,0.255249361362994,0.0720640673020519,0.9953515352549064,0.027870953909914363
HISTORICAL_FULL,K6V1_S33,447,1.2227864531754375,0.2542895979887165,0.11663255991739012,0.9910938479476321,0.034991221230751136
HISTORICAL_FULL,K6V1_S33,448,1.2243117715923868,0.2464760678690944,0.1421069693096559,0.9955090430613742,0.018161865383042552
HISTORICAL_FULL,K6V1_S33,449,1.2395974591953434,0.24339189987490367,0.16159705403959082,0.9916058944364042,0.007779553376648533
HISTORICAL_FULL,K6V1_S33,450,1.2539897835830622,0.24121657533993532,0.16671679710114987,0.9905077630181524,0.04398187352589442
HISTORICAL_FULL,K6V1_S33,451,1.2695212769619377,0.24102325621990028,0.15459025366627682,0.9908060339830487,0.073212926003363
HISTORICAL_FULL,K6V1_S33,452,1.2976124553561625,0.24674211991908707,0.13217699616111542,0.9989522651570386,0.10010109683000502
HISTORICAL_FULL,K6V1_S33,453,1.3168076705812415,0.24959977598700905,0.11468831322363551,0.9767227481990086,0.04684951732666979
HISTORICAL_FULL,K6V1_S33,454,1.3098643806767056,0.2563458109663881,0.09603865296292059,0.9784410634749553,0.012211119819034609
HISTORICAL_FULL,K6V1_S33,455,1.3164961511909379,0.2643797764537712,0.08248563295846523,0.9784064016166009,0.05188949572254426
HISTORICAL_FULL,K6V1_S33,456,1.3051222552617658,0.2714022600096657,0.07059121581000843,0.9839166955633328,0.1384467409680277
HISTORICAL_FULL,K6V1_S33,457,1.3024024229407942,0.27924094192851767,0.05856914022442315,0.9520816764745152,0.21096249512920465
HISTORICAL_FULL,K6V1_S33,458,1.3055435746629078,0.28756796897852466,0.049699957053727845,0.9309983648609437,0.3307741182874768
HISTORICAL_FULL,K6V1_S33,459,1.3214916384339743,0.29759304616623655,0.04284888522752144,0.9218886251988486,0.5005001368053351
HISTORICAL_FULL,K6V1_S33,460,1.3156129586760597,0.3045015020041638,0.03668861351369776,0.9175764812789977,0.7311531879924238
HISTORICAL_FULL,K6V1_S37,440,1.070780399031292,0.3014823387846823,0.02986121797567484,0.9609587282893646,0.48480462186426587
HISTORICAL_FULL,K6V1_S37,441,1.0445306059224915,0.3171424582038627,0.03524697512099691,0.9859701877448859,0.12233425771280308
HISTORICAL_FULL,K6V1_S37,442,1.0106059775642338,0.2954394127044855,0.0402433417382916,0.9624293130951103,0.09254985940047426
HISTORICAL_FULL,K6V1_S37,443,0.9751227673049956,0.29828972464654274,0.052425847367161243,0.9484360607431096,0.3060278312052889
HISTORICAL_FULL,K6V1_S37,444,0.9497412405897531,0.2950031678678835,0.06886634926272131,0.8973872537881792,0.4912295984664602
HISTORICAL_FULL,K6V1_S37,445,0.9352214608664012,0.2970042753102941,0.09539415694483609,0.8797645977671724,0.6562023044537821
HISTORICAL_FULL,K6V1_S37,446,0.8909109856842238,0.2729535107769486,0.08514327632926108,0.8912866689473686,0.6286477799222439
HISTORICAL_FULL,K6V1_S37,447,0.8477808111912165,0.2773475049490071,0.1451928037224211,0.8897607210242781,1.1877539776279762
HISTORICAL_FULL,K6V1_S37,448,0.7648774362221611,0.20570243760812898,0.15459720038563068,0.7746187571816661,0.8347183163927114
HISTORICAL_FULL,K6V1_S37,449,0.7651947683987397,0.19898495775380837,0.15565229483210713,0.776732215781223,0.34598015028935314
HISTORICAL_FULL,K6V1_S37,450,0.7820389750991775,0.2003583135096366,0.15162829376258485,0.8752798014180203,0.14826209234558044
HISTORICAL_FULL,K6V1_S37,451,0.7896088199733192,0.20276561642223226,0.1390745694401193,0.9109536573816139,0.08533596147434737
HISTORICAL_FULL,K6V1_S37,452,0.801055177890933,0.2099989530597448,0.12058527690107088,0.9644923037311758,0.07888971737180359
HISTORICAL_FULL,K6V1_S37,453,0.8157578726363921,0.21146756162851024,0.10648024840295583,0.9352677857488416,0.16139598876843583
HISTORICAL_FULL,K6V1_S37,454,0.8282396257413939,0.21999653771416067,0.09040556373028097,0.937933297673942,0.21084303776310986
HISTORICAL_FULL,K6V1_S37,455,0.8394516690685915,0.2361383399927146,0.07928632445757737,0.9512900791582752,0.24692138840229783
HISTORICAL_FULL,K6V1_S37,456,0.8740891593761595,0.27330951809577825,0.07294156833452106,0.9612944477340205,0.26600243734694934
HISTORICAL_FULL,K6V1_S37,457,0.8292535881795954,0.2591516440501495,0.06165117194336934,0.8845435499839774,0.9224717659921751
HISTORICAL_FULL,K6V1_S37,458,0.788504021043519,0.2115188888837303,0.04736406661913404,0.6997555348966912,1.128174057310289
HISTORICAL_FULL,K6V1_S37,459,0.7971658536343675,0.20479196638913613,0.038782841106535834,0.7524652022172155,1.1281740410720265
HISTORICAL_FULL,K6V1_S37,460,0.7981210900560435,0.20261773913286213,0.03229513862651722,0.8005521581263821,1.1380863379411983
HISTORICAL_FULL,K6V1_S48,440,0.7558271412917743,0.1494935112116166,0.01834565143233341,0.9403173834392952,0.31821906444385334
HISTORICAL_FULL,K6V1_S48,441,0.7612387711603794,0.14838959980272526,0.021259643470231897,0.9835759961001875,0.2679220608490054
HISTORICAL_FULL,K6V1_S48,442,0.7379662031897547,0.14768221796588674,0.024402138076009123,0.9280064111869597,0.19925665566839557
HISTORICAL_FULL,K6V1_S48,443,0.6921753727226954,0.13409729736617126,0.024521256472947627,0.8298351781662261,0.053303034267583885
HISTORICAL_FULL,K6V1_S48,444,0.6690986309163539,0.12464263489237598,0.02488152789219673,0.7993488464447551,0.058268427472148374
HISTORICAL_FULL,K6V1_S48,445,0.6904257486681786,0.12319712674574461,0.04409056985627828,0.8688417243309344,0.12486977417354561
HISTORICAL_FULL,K6V1_S48,446,0.6670979273901959,0.09955994965177822,0.023484711139805412,0.8966822145348458,0.07905867871259323
HISTORICAL_FULL,K6V1_S48,447,0.6247752925363933,0.09515535262007131,0.038776815269091325,0.927053917474374,0.04909030812584682
HISTORICAL_FULL,K6V1_S48,448,0.6217309035244558,0.08873762614865886,0.04456933060563453,0.7665266294327989,0.05258561548042819
HISTORICAL_FULL,K6V1_S48,449,0.6201500232597388,0.08736701638371284,0.052293946510265574,0.7363975398317505,0.039071931554009044
HISTORICAL_FULL,K6V1_S48,450,0.6133962097428549,0.08279725932863169,0.05385978541491344,0.6053488145070272,0.024253112118189018
HISTORICAL_FULL,K6V1_S48,451,0.6149416858442746,0.07546144670750753,0.045477191655743536,0.7321305297949399,0.024794552436041402
HISTORICAL_FULL,K6V1_S48,452,0.8854147614606103,0.18144974069273317,0.10702353260961164,0.8273526107231232,0.10483303568050424
HISTORICAL_FULL,K6V1_S48,453,0.6275381223438302,0.11009085803013996,0.05319807476683458,0.9521029749223353,0.020379877551826398
HISTORICAL_FULL,K6V1_S48,454,0.6264556891027377,0.089668884826408,0.02770129912993326,0.8811407660529836,0.07518210376143837
HISTORICAL_FULL,K6V1_S48,455,0.6585727941067159,0.08803671197820698,0.020222976850977282,0.8944358225383727,0.12396461031642445
HISTORICAL_FULL,K6V1_S48,456,0.727316530935792,0.0954393870134212,0.019030985193714333,0.6527068391370853,0.1187932894416673
HISTORICAL_FULL,K6V1_S48,457,0.8000111347639153,0.11492161971371812,0.02283098474483617,0.6370161031301984,0.021406032671669076
HISTORICAL_FULL,K6V1_S48,458,0.8331309292304971,0.15311799335070445,0.029912282427433927,0.8854057432494328,0.1718600916675927
HISTORICAL_FULL,K6V1_S48,459,0.8079147008328188,0.16779325618196272,0.02741928926436908,0.91612335934663,0.231390112465943
HISTORICAL_FULL,K6V1_S48,460,0.7848003833724392,0.17352130171213306,0.023492897447641565,0.8984551041661284,0.24277124079191517
