geometry_id,wavelength_nm,metric,p_value,s_value,delta_p_minus_s,abs_delta
K6X_D100_D105_D115_D120_D125_D130,445,T,0.9558855772274175,0.9667532937900248,-0.010867716562607321,0.010867716562607321
K6X_D100_D105_D115_D120_D125_D130,445,R,0.043685748696156955,0.03338315033479617,0.010302598361360785,0.010302598361360785
K6X_D100_D105_D115_D120_D125_D130,445,eta_plus1,0.30819879215492857,0.30988388968507696,-0.001685097530148394,0.001685097530148394
K6X_D100_D105_D115_D120_D125_D130,445,eta_0,0.5122998155365458,0.51266352812286,-0.0003637125863141799,0.0003637125863141799
K6X_D100_D105_D115_D120_D125_D130,445,eta_minus1,0.05258309875405251,0.04750046993702284,0.005082628817029672,0.005082628817029672
K6X_D100_D105_D115_D120_D125_D130,445,directionality,0.8542523888281347,0.8670885598148445,-0.01283617098670975,0.01283617098670975
K6X_D100_D105_D115_D120_D125_D130,445,tx_-3,0.013790109194815159,0.010795987211167812,0.0029941219836473465,0.0029941219836473465
K6X_D100_D105_D115_D120_D125_D130,445,tx_-2,0.027316825464367867,0.030626215040683746,-0.00330938957631588,0.00330938957631588
K6X_D100_D105_D115_D120_D125_D130,445,tx_-1,0.05258309841156006,0.04750046879053116,0.0050826296210289,0.0050826296210289
K6X_D100_D105_D115_D120_D125_D130,445,tx_0,0.5122998356819153,0.5126635432243347,-0.0003637075424194336,0.0003637075424194336
K6X_D100_D105_D115_D120_D125_D130,445,tx_1,0.3081987798213959,0.30988389253616333,-0.001685112714767456,0.001685112714767456
K6X_D100_D105_D115_D120_D125_D130,445,tx_2,0.0328783243894577,0.04870093613862991,-0.01582261174917221,0.01582261174917221
K6X_D100_D105_D115_D120_D125_D130,445,tx_3,0.008818610571324825,0.006582267582416534,0.002236342988908291,0.002236342988908291
K6X_D100_D105_D115_D120_D125_D130,446,T,0.956545459768868,0.9677002905143892,-0.01115483074552126,0.01115483074552126
K6X_D100_D105_D115_D120_D125_D130,446,R,0.04306265167721002,0.03206142254177972,0.0110012291354303,0.0110012291354303
K6X_D100_D105_D115_D120_D125_D130,446,eta_plus1,0.2998694625262098,0.3017413451026836,-0.0018718825764738045,0.0018718825764738045
K6X_D100_D105_D115_D120_D125_D130,446,eta_0,0.5222225096295481,0.5214864955343272,0.0007360140952208383,0.0007360140952208383
K6X_D100_D105_D115_D120_D125_D130,446,eta_minus1,0.05212200338395936,0.0474977043665938,0.004624299017365559,0.004624299017365559
K6X_D100_D105_D115_D120_D125_D130,446,directionality,0.8519225366751896,0.8639965821726583,-0.01207404549746871,0.01207404549746871
K6X_D100_D105_D115_D120_D125_D130,446,tx_-3,0.013778663240373135,0.01096640806645155,0.002812255173921585,0.002812255173921585
K6X_D100_D105_D115_D120_D125_D130,446,tx_-2,0.026889901608228683,0.030678488314151764,-0.0037885867059230804,0.0037885867059230804
K6X_D100_D105_D115_D120_D125_D130,446,tx_-1,0.052122004330158234,0.0474977046251297,0.004624299705028534,0.004624299705028534
K6X_D100_D105_D115_D120_D125_D130,446,tx_0,0.5222225189208984,0.5214865207672119,0.0007359981536865234,0.0007359981536865234
K6X_D100_D105_D115_D120_D125_D130,446,tx_1,0.29986944794654846,0.3017413318157196,-0.0018718838691711426,0.0018718838691711426
K6X_D100_D105_D115_D120_D125_D130,446,tx_2,0.03283070772886276,0.04877330735325813,-0.01594259962439537,0.01594259962439537
K6X_D100_D105_D115_D120_D125_D130,446,tx_3,0.008832212537527084,0.0065565407276153564,0.002275671809911728,0.002275671809911728
K6X_D100_D105_D115_D120_D125_D130,447,T,0.9571615234732055,0.9694069449502604,-0.012245421477054874,0.012245421477054874
K6X_D100_D105_D115_D120_D125_D130,447,R,0.042488445436765755,0.030900630272884554,0.011587815163881202,0.011587815163881202
K6X_D100_D105_D115_D120_D125_D130,447,eta_plus1,0.2918326355016071,0.2938687306625201,-0.0020360951609130207,0.0020360951609130207
K6X_D100_D105_D115_D120_D125_D130,447,eta_0,0.5318476455512297,0.5308321858612921,0.0010154596899375479,0.0010154596899375479
K6X_D100_D105_D115_D120_D125_D130,447,eta_minus1,0.05162626145334849,0.047630833458658664,0.003995427994689826,0.003995427994689826
K6X_D100_D105_D115_D120_D125_D130,447,directionality,0.8496872204765765,0.8605244677801194,-0.010837247303542852,0.010837247303542852
K6X_D100_D105_D115_D120_D125_D130,447,tx_-3,0.013744651339948177,0.011158140376210213,0.0025865109637379646,0.0025865109637379646
K6X_D100_D105_D115_D120_D125_D130,447,tx_-2,0.026476269587874413,0.03073137067258358,-0.0042551010847091675,0.0042551010847091675
K6X_D100_D105_D115_D120_D125_D130,447,tx_-1,0.051626261323690414,0.047630831599235535,0.00399542972445488,0.00399542972445488
K6X_D100_D105_D115_D120_D125_D130,447,tx_0,0.5318476557731628,0.5308321714401245,0.00101548433303833,0.00101548433303833
K6X_D100_D105_D115_D120_D125_D130,447,tx_1,0.2918326258659363,0.2938687205314636,-0.0020360946655273438,0.0020360946655273438
K6X_D100_D105_D115_D120_D125_D130,447,tx_2,0.03278491273522377,0.048622310161590576,-0.015837397426366806,0.015837397426366806
K6X_D100_D105_D115_D120_D125_D130,447,tx_3,0.008849146775901318,0.006563376169651747,0.002285770606249571,0.002285770606249571
K6X_D100_D105_D115_D120_D125_D130,448,T,0.9577136226743289,0.9705323862827021,-0.012818763608373196,0.012818763608373196
K6X_D100_D105_D115_D120_D125_D130,448,R,0.04197778593106984,0.029780908456803437,0.012196877474266406,0.012196877474266406
K6X_D100_D105_D115_D120_D125_D130,448,eta_plus1,0.28406052998030057,0.2859636025800584,-0.0019030725997578046,0.0019030725997578046
K6X_D100_D105_D115_D120_D125_D130,448,eta_0,0.5411938677948444,0.5401537197624918,0.001040148032352528,0.001040148032352528
K6X_D100_D105_D115_D120_D125_D130,448,eta_minus1,0.05110294238413941,0.04765146607569049,0.003451476308448921,0.003451476308448921
K6X_D100_D105_D115_D120_D125_D130,448,directionality,0.8475283060423343,0.8571663256468156,-0.009638019604481296,0.009638019604481296
K6X_D100_D105_D115_D120_D125_D130,448,tx_-3,0.013688881881535053,0.01127661019563675,0.002412271685898304,0.002412271685898304
K6X_D100_D105_D115_D120_D125_D130,448,tx_-2,0.026074036955833435,0.030661311000585556,-0.004587274044752121,0.004587274044752121
K6X_D100_D105_D115_D120_D125_D130,448,tx_-1,0.05110294371843338,0.047651465982198715,0.003451477736234665,0.003451477736234665
K6X_D100_D105_D115_D120_D125_D130,448,tx_0,0.5411938428878784,0.5401537418365479,0.0010401010513305664,0.0010401010513305664
K6X_D100_D105_D115_D120_D125_D130,448,tx_1,0.284060537815094,0.28596359491348267,-0.0019030570983886719,0.0019030570983886719
K6X_D100_D105_D115_D120_D125_D130,448,tx_2,0.03273005783557892,0.048292458057403564,-0.015562400221824646,0.015562400221824646
K6X_D100_D105_D115_D120_D125_D130,448,tx_3,0.008863304741680622,0.006533219013363123,0.002330085728317499,0.002330085728317499
K6X_D100_D105_D115_D120_D125_D130,449,T,0.9581886357675327,0.970903808577386,-0.012715172809853348,0.012715172809853348
K6X_D100_D105_D115_D120_D125_D130,449,R,0.041537612804748845,0.028875656255957814,0.012661956548791032,0.012661956548791032
K6X_D100_D105_D115_D120_D125_D130,449,eta_plus1,0.2765398004190823,0.27845137620807253,-0.0019115757889902052,0.0019115757889902052
K6X_D100_D105_D115_D120_D125_D130,449,eta_0,0.5502671335049925,0.5485464888450534,0.0017206446599390413,0.0017206446599390413
K6X_D100_D105_D115_D120_D125_D130,449,eta_minus1,0.05055522025512507,0.04755180185346474,0.0030034184016603307,0.0030034184016603307
K6X_D100_D105_D115_D120_D125_D130,449,directionality,0.8454417919572094,0.8541369991046874,-0.008695207147478068,0.008695207147478068
K6X_D100_D105_D115_D120_D125_D130,449,tx_-3,0.013612296432256699,0.011361329816281796,0.002250966615974903,0.002250966615974903
K6X_D100_D105_D115_D120_D125_D130,449,tx_-2,0.025682521983981133,0.03052712418138981,-0.004844602197408676,0.004844602197408676
K6X_D100_D105_D115_D120_D125_D130,449,tx_-1,0.05055522173643112,0.047551803290843964,0.003003418445587158,0.003003418445587158
K6X_D100_D105_D115_D120_D125_D130,449,tx_0,0.5502671599388123,0.5485464930534363,0.0017206668853759766,0.0017206668853759766
K6X_D100_D105_D115_D120_D125_D130,449,tx_1,0.27653980255126953,0.2784513831138611,-0.0019115805625915527,0.0019115805625915527
K6X_D100_D105_D115_D120_D125_D130,449,tx_2,0.032661113888025284,0.047985371202230453,-0.01532425731420517,0.01532425731420517
K6X_D100_D105_D115_D120_D125_D130,449,tx_3,0.00887055043131113,0.0064803180284798145,0.002390232402831316,0.002390232402831316
K6X_D100_D105_D115_D120_D125_D130,450,T,0.9585732868336772,0.9719124099742718,-0.0133391231405946,0.0133391231405946
K6X_D100_D105_D115_D120_D125_D130,450,R,0.04117550975826775,0.028142534973686177,0.013032974784581576,0.013032974784581576
K6X_D100_D105_D115_D120_D125_D130,450,eta_plus1,0.26925676584003433,0.271323885105355,-0.0020671192653206605,0.0020671192653206605
K6X_D100_D105_D115_D120_D125_D130,450,eta_0,0.5590734480344098,0.5570881855523064,0.0019852624821034004,0.0019852624821034004
K6X_D100_D105_D115_D120_D125_D130,450,eta_minus1,0.04998555964996369,0.04756155130813419,0.0024240083418295005,0.0024240083418295005
K6X_D100_D105_D115_D120_D125_D130,450,directionality,0.8434243968958628,0.8508506633508889,-0.007426266455026087,0.007426266455026087
K6X_D100_D105_D115_D120_D125_D130,450,tx_-3,0.01351566705852747,0.011473231948912144,0.002042435109615326,0.002042435109615326
K6X_D100_D105_D115_D120_D125_D130,450,tx_-2,0.0253010094165802,0.030421456322073936,-0.005120446905493736,0.005120446905493736
K6X_D100_D105_D115_D120_D125_D130,450,tx_-1,0.04998555779457092,0.04756155237555504,0.0024240054190158844,0.0024240054190158844
K6X_D100_D105_D115_D120_D125_D130,450,tx_0,0.5590734481811523,0.5570881962776184,0.0019852519035339355,0.0019852519035339355
K6X_D100_D105_D115_D120_D125_D130,450,tx_1,0.2692567706108093,0.27132388949394226,-0.0020671188831329346,0.0020671188831329346
K6X_D100_D105_D115_D120_D125_D130,450,tx_2,0.03257385268807411,0.047582462430000305,-0.015008609741926193,0.015008609741926193
K6X_D100_D105_D115_D120_D125_D130,450,tx_3,0.008866985328495502,0.006461638025939465,0.002405347302556038,0.002405347302556038
K6X_D100_D105_D115_D120_D125_D130,451,T,0.9588566161883394,0.9729665417357481,-0.014109925547408753,0.014109925547408753
K6X_D100_D105_D115_D120_D125_D130,451,R,0.04089889319394816,0.02741284551341647,0.013486047680531691,0.013486047680531691
K6X_D100_D105_D115_D120_D125_D130,451,eta_plus1,0.262194623257601,0.26419512865456135,-0.0020005053969603392,0.0020005053969603392
K6X_D100_D105_D115_D120_D125_D130,451,eta_0,0.5676234404814603,0.5659784176890743,0.0016450227923859861,0.0016450227923859861
K6X_D100_D105_D115_D120_D125_D130,451,eta_minus1,0.04939730056440186,0.047552141244057086,0.0018451593203447705,0.0018451593203447705
K6X_D100_D105_D115_D120_D125_D130,451,directionality,0.8414679688790005,0.8474657331898328,-0.00599776431083221,0.00599776431083221
K6X_D100_D105_D115_D120_D125_D130,451,tx_-3,0.013399449177086353,0.011542638763785362,0.001856810413300991,0.001856810413300991
K6X_D100_D105_D115_D120_D125_D130,451,tx_-2,0.02492845617234707,0.030254600569605827,-0.0053261443972587585,0.0053261443972587585
K6X_D100_D105_D115_D120_D125_D130,451,tx_-1,0.0493973009288311,0.047552142292261124,0.0018451586365699768,0.0018451586365699768
K6X_D100_D105_D115_D120_D125_D130,451,tx_0,0.5676234364509583,0.5659784078598022,0.0016450285911560059,0.0016450285911560059
K6X_D100_D105_D115_D120_D125_D130,451,tx_1,0.2621946334838867,0.26419511437416077,-0.002000480890274048,0.002000480890274048
K6X_D100_D105_D115_D120_D125_D130,451,tx_2,0.03246422857046127,0.04701000824570656,-0.014545779675245285,0.014545779675245285
K6X_D100_D105_D115_D120_D125_D130,451,tx_3,0.008849118836224079,0.0064336080104112625,0.0024155108258128166,0.0024155108258128166
K6X_D100_D105_D115_D120_D125_D130,452,T,0.9590353806631189,0.9731737572072198,-0.014138376544100884,0.014138376544100884
K6X_D100_D105_D115_D120_D125_D130,452,R,0.040711121789427984,0.02674424533892076,0.013966876450507225,0.013966876450507225
K6X_D100_D105_D115_D120_D125_D130,452,eta_plus1,0.2553353679648949,0.2572686038471354,-0.0019332358822404805,0.0019332358822404805
K6X_D100_D105_D115_D120_D125_D130,452,eta_0,0.5759330780863976,0.5741261712539387,0.0018069068324588766,0.0018069068324588766
K6X_D100_D105_D115_D120_D125_D130,452,eta_minus1,0.0487953704149922,0.04739744177297309,0.0013979286420191112,0.0013979286420191112
K6X_D100_D105_D115_D120_D125_D130,452,directionality,0.8395579129063819,0.8444282109727663,-0.004870298066384393,0.004870298066384393
K6X_D100_D105_D115_D120_D125_D130,452,tx_-3,0.013263760134577751,0.01155642420053482,0.0017073359340429306,0.0017073359340429306
K6X_D100_D105_D115_D120_D125_D130,452,tx_-2,0.02456352859735489,0.030009815469384193,-0.0054462868720293045,0.0054462868720293045
K6X_D100_D105_D115_D120_D125_D130,452,tx_-1,0.04879537224769592,0.047397442162036896,0.001397930085659027,0.001397930085659027
K6X_D100_D105_D115_D120_D125_D130,452,tx_0,0.5759330987930298,0.5741261839866638,0.0018069148063659668,0.0018069148063659668
K6X_D100_D105_D115_D120_D125_D130,452,tx_1,0.25533536076545715,0.25726860761642456,-0.0019332468509674072,0.0019332468509674072
K6X_D100_D105_D115_D120_D125_D130,452,tx_2,0.03232961893081665,0.046445347368717194,-0.014115728437900543,0.014115728437900543
K6X_D100_D105_D115_D120_D125_D130,452,tx_3,0.008814658038318157,0.006369951646775007,0.00244470639154315,0.00244470639154315
K6X_D100_D105_D115_D120_D125_D130,453,T,0.9591183621227378,0.9736127227522492,-0.014494360629511371,0.014494360629511371
K6X_D100_D105_D115_D120_D125_D130,453,R,0.040607776889788914,0.02621829210826684,0.014389484781522074,0.014389484781522074
K6X_D100_D105_D115_D120_D125_D130,453,eta_plus1,0.2486640326120206,0.2507496671407875,-0.0020856345287668943,0.0020856345287668943
K6X_D100_D105_D115_D120_D125_D130,453,eta_0,0.5840210974583181,0.5819902957550971,0.002030801703221008,0.002030801703221008
K6X_D100_D105_D115_D120_D125_D130,453,eta_minus1,0.048186026131659496,0.04729089320284919,0.0008951329288103063,0.0008951329288103063
K6X_D100_D105_D115_D120_D125_D130,453,directionality,0.8376755378267704,0.8413273242127735,-0.003651786386003053,0.003651786386003053
K6X_D100_D105_D115_D120_D125_D130,453,tx_-3,0.013108490034937859,0.01158798485994339,0.0015205051749944687,0.0015205051749944687
K6X_D100_D105_D115_D120_D125_D130,453,tx_-2,0.024204883724451065,0.029788481071591377,-0.005583597347140312,0.005583597347140312
K6X_D100_D105_D115_D120_D125_D130,453,tx_-1,0.04818602651357651,0.04729089140892029,0.0008951351046562195,0.0008951351046562195
K6X_D100_D105_D115_D120_D125_D130,453,tx_0,0.5840210914611816,0.5819903016090393,0.002030789852142334,0.002030789852142334
K6X_D100_D105_D115_D120_D125_D130,453,tx_1,0.2486640363931656,0.2507496774196625,-0.002085641026496887,0.002085641026496887
K6X_D100_D105_D115_D120_D125_D130,453,tx_2,0.03217053785920143,0.045880027115345,-0.01370948925614357,0.01370948925614357
K6X_D100_D105_D115_D120_D125_D130,453,tx_3,0.008763295598328114,0.006325374357402325,0.002437921240925789,0.002437921240925789
K6X_D100_D105_D115_D120_D125_D130,454,T,0.9591262386670529,0.9745562305077394,-0.015429991840686497,0.015429991840686497
K6X_D100_D105_D115_D120_D125_D130,454,R,0.04057585220199229,0.02573175418615137,0.014844098015840915,0.014844098015840915
K6X_D100_D105_D115_D120_D125_D130,454,eta_plus1,0.24217296829762414,0.24432683914753858,-0.0021538708499144466,0.0021538708499144466
K6X_D100_D105_D115_D120_D125_D130,454,eta_0,0.5919038277239745,0.5903386914017545,0.0015651363222199954,0.0015651363222199954
K6X_D100_D105_D115_D120_D125_D130,454,eta_minus1,0.047575643211159424,0.04724206273289959,0.0003335804782598345,0.0003335804782598345
K6X_D100_D105_D115_D120_D125_D130,454,directionality,0.8358037232226143,0.8379729030489272,-0.002169179826312928,0.002169179826312928
K6X_D100_D105_D115_D120_D125_D130,454,tx_-3,0.012933533638715744,0.011613297276198864,0.00132023636251688,0.00132023636251688
K6X_D100_D105_D115_D120_D125_D130,454,tx_-2,0.023851551115512848,0.029559990391135216,-0.005708439275622368,0.005708439275622368
K6X_D100_D105_D115_D120_D125_D130,454,tx_-1,0.04757564142346382,0.04724206402897835,0.00033357739448547363,0.00033357739448547363
K6X_D100_D105_D115_D120_D125_D130,454,tx_0,0.591903805732727,0.5903387069702148,0.001565098762512207,0.001565098762512207
K6X_D100_D105_D115_D120_D125_D130,454,tx_1,0.242172971367836,0.24432684481143951,-0.0021538734436035156,0.0021538734436035156
K6X_D100_D105_D115_D120_D125_D130,454,tx_2,0.031991809606552124,0.04518001899123192,-0.013188209384679794,0.013188209384679794
K6X_D100_D105_D115_D120_D125_D130,454,tx_3,0.008696908131241798,0.006295331753790379,0.00240157637745142,0.00240157637745142
K6X_D100_D105_D115_D120_D125_D130,455,T,0.9590854189668494,0.9748844354072433,-0.015799016440393943,0.015799016440393943
K6X_D100_D105_D115_D120_D125_D130,455,R,0.04059749253545439,0.02522901308738527,0.015368479448069117,0.015368479448069117
K6X_D100_D105_D115_D120_D125_D130,455,eta_plus1,0.23586374444729077,0.2379612261978367,-0.0020974817505459153,0.0020974817505459153
K6X_D100_D105_D115_D120_D125_D130,455,eta_0,0.5995894319823218,0.5983377959922078,0.0012516359901140195,0.0012516359901140195
K6X_D100_D105_D115_D120_D125_D130,455,eta_minus1,0.046968973301854795,0.047074080028580066,-0.00010510672672527088,0.00010510672672527088
K6X_D100_D105_D115_D120_D125_D130,455,directionality,0.8339337341321549,0.8348482486194642,-0.0009145144873092814,0.0009145144873092814
K6X_D100_D105_D115_D120_D125_D130,455,tx_-3,0.01273904275149107,0.01158144325017929,0.001157599501311779,0.001157599501311779
K6X_D100_D105_D115_D120_D125_D130,455,tx_-2,0.023503251373767853,0.029257088899612427,-0.005753837525844574,0.005753837525844574
K6X_D100_D105_D115_D120_D125_D130,455,tx_-1,0.046968974173069,0.047074079513549805,-0.00010510534048080444,0.00010510534048080444
K6X_D100_D105_D115_D120_D125_D130,455,tx_0,0.5995894074440002,0.5983377695083618,0.0012516379356384277,0.0012516379356384277
K6X_D100_D105_D115_D120_D125_D130,455,tx_1,0.23586374521255493,0.23796123266220093,-0.002097487449645996,0.002097487449645996
K6X_D100_D105_D115_D120_D125_D130,455,tx_2,0.03180216997861862,0.04444045200943947,-0.012638282030820847,0.012638282030820847
K6X_D100_D105_D115_D120_D125_D130,455,tx_3,0.00861880462616682,0.006232349202036858,0.002386455424129963,0.002386455424129963
K6X_D100_D110_D115_D220_D225_D230,445,T,0.8209820919210414,0.8400449841534848,-0.019062892232443396,0.019062892232443396
K6X_D100_D110_D115_D220_D225_D230,445,R,0.1786737410794595,0.16040327716777114,0.01827046391168835,0.01827046391168835
K6X_D100_D110_D115_D220_D225_D230,445,eta_plus1,0.004667102390910194,0.03640650345549894,-0.031739401064588744,0.031739401064588744
K6X_D100_D110_D115_D220_D225_D230,445,eta_0,0.7474264146406144,0.7397332427826518,0.0076931718579625885,0.0076931718579625885
K6X_D100_D110_D115_D220_D225_D230,445,eta_minus1,0.0014363440512976118,0.007122149436667027,-0.005685805385369415,0.005685805385369415
K6X_D100_D110_D115_D220_D225_D230,445,directionality,0.7646667231541985,0.8363802010066608,-0.07171347785246229,0.07171347785246229
K6X_D100_D110_D115_D220_D225_D230,445,tx_-3,0.004547985270619392,0.017209943383932114,-0.012661958113312721,0.012661958113312721
K6X_D100_D110_D115_D220_D225_D230,445,tx_-2,0.01669710874557495,0.010437725111842155,0.006259383633732796,0.006259383633732796
K6X_D100_D110_D115_D220_D225_D230,445,tx_-1,0.0014363439986482263,0.007122149225324392,-0.005685805343091488,0.005685805343091488
K6X_D100_D110_D115_D220_D225_D230,445,tx_0,0.7474263906478882,0.7397332191467285,0.007693171501159668,0.007693171501159668
K6X_D100_D110_D115_D220_D225_D230,445,tx_1,0.004667102359235287,0.0364065021276474,-0.03173939883708954,0.03173939883708954
K6X_D100_D110_D115_D220_D225_D230,445,tx_2,0.0449080653488636,0.021328754723072052,0.02357931062579155,0.02357931062579155
K6X_D100_D110_D115_D220_D225_D230,445,tx_3,0.0012990714749321342,0.007806665264070034,-0.006507593672722578,0.006507593672722578
K6X_D100_D110_D115_D220_D225_D230,446,T,0.8093673854773495,0.8774353647208776,-0.06806797924352803,0.06806797924352803
K6X_D100_D110_D115_D220_D225_D230,446,R,0.1902799162866384,0.12291358035114855,0.06736633593548985,0.06736633593548985
K6X_D100_D110_D115_D220_D225_D230,446,eta_plus1,0.006931307147826272,0.034341040265143015,-0.027409733117316742,0.027409733117316742
K6X_D100_D110_D115_D220_D225_D230,446,eta_0,0.7317393365581168,0.7787808812477511,-0.047041544689634285,0.047041544689634285
K6X_D100_D110_D115_D220_D225_D230,446,eta_minus1,0.0027242366653548104,0.007286425520644231,-0.004562188855289421,0.004562188855289421
K6X_D100_D110_D115_D220_D225_D230,446,directionality,0.7178577697885985,0.8249611072136893,-0.10710333742509082,0.10710333742509082
K6X_D100_D110_D115_D220_D225_D230,446,tx_-3,0.004696060437709093,0.02236665040254593,-0.017670590430498123,0.017670590430498123
K6X_D100_D110_D115_D220_D225_D230,446,tx_-2,0.017658816650509834,0.005188321694731712,0.012470494955778122,0.012470494955778122
K6X_D100_D110_D115_D220_D225_D230,446,tx_-1,0.002724236575886607,0.007286425679922104,-0.004562188871204853,0.004562188871204853
K6X_D100_D110_D115_D220_D225_D230,446,tx_0,0.731739342212677,0.7787808775901794,-0.04704153537750244,0.04704153537750244
K6X_D100_D110_D115_D220_D225_D230,446,tx_1,0.0069313072599470615,0.03434104099869728,-0.027409734204411507,0.027409734204411507
K6X_D100_D110_D115_D220_D225_D230,446,tx_2,0.045227400958538055,0.023917563259601593,0.021309837698936462,0.021309837698936462
K6X_D100_D110_D115_D220_D225_D230,446,tx_3,0.00039022875716909766,0.005554482340812683,-0.0051642535254359245,0.0051642535254359245
K6X_D100_D110_D115_D220_D225_D230,447,T,0.7955316469994199,0.8760425297507571,-0.08051088275133722,0.08051088275133722
K6X_D100_D110_D115_D220_D225_D230,447,R,0.20436517425117517,0.12435983023137945,0.08000534401979573,0.08000534401979573
K6X_D100_D110_D115_D220_D225_D230,447,eta_plus1,0.015501741407022348,0.023623066244768197,-0.00812132483774585,0.00812132483774585
K6X_D100_D110_D115_D220_D225_D230,447,eta_0,0.7033779430318834,0.7998773386438717,-0.09649939561198828,0.09649939561198828
K6X_D100_D110_D115_D220_D225_D230,447,eta_minus1,0.00481768094478116,0.005822720513812201,-0.0010050395690310411,0.0010050395690310411
K6X_D100_D110_D115_D220_D225_D230,447,directionality,0.7629026622228977,0.8022562425805967,-0.03935358035769898,0.03935358035769898
K6X_D100_D110_D115_D220_D225_D230,447,tx_-3,0.006160787306725979,0.0162982065230608,-0.01013741921633482,0.01013741921633482
K6X_D100_D110_D115_D220_D225_D230,447,tx_-2,0.01845984160900116,0.0040503633208572865,0.01440947875380516,0.01440947875380516
K6X_D100_D110_D115_D220_D225_D230,447,tx_-1,0.004817680921405554,0.005822720471769571,-0.0010050395503640175,0.0010050395503640175
K6X_D100_D110_D115_D220_D225_D230,447,tx_0,0.7033779621124268,0.7998773455619812,-0.09649938344955444,0.09649938344955444
K6X_D100_D110_D115_D220_D225_D230,447,tx_1,0.01550174131989479,0.023623066022992134,-0.008121324703097343,0.008121324703097343
K6X_D100_D110_D115_D220_D225_D230,447,tx_2,0.04589603841304779,0.024455400183796883,0.021440638229250908,0.021440638229250908
K6X_D100_D110_D115_D220_D225_D230,447,tx_3,0.0013176130596548319,0.0019154337933287024,-0.0005978207336738706,0.0005978207336738706
K6X_D100_D110_D115_D220_D225_D230,448,T,0.7838247773998458,0.8620828750008611,-0.07825809760101532,0.07825809760101532
K6X_D100_D110_D115_D220_D225_D230,448,R,0.21615966732864578,0.1384050625154302,0.07775460481321558,0.07775460481321558
K6X_D100_D110_D115_D220_D225_D230,448,eta_plus1,0.03507200801273225,0.017498854577985265,0.017573153434746983,0.017573153434746983
K6X_D100_D110_D115_D220_D225_D230,448,eta_0,0.6594761031962563,0.8006605151024891,-0.14118441190623288,0.14118441190623288
K6X_D100_D110_D115_D220_D225_D230,448,eta_minus1,0.00770047826166941,0.005137898276282238,0.0025625799853871726,0.0025625799853871726
K6X_D100_D110_D115_D220_D225_D230,448,directionality,0.8199665501727458,0.7730284767714095,0.04693807340133627,0.04693807340133627
K6X_D100_D110_D115_D220_D225_D230,448,tx_-3,0.009283464401960373,0.010030408389866352,-0.0007469439879059792,0.0007469439879059792
K6X_D100_D110_D115_D220_D225_D230,448,tx_-2,0.018910223618149757,0.004568841308355331,0.014341382309794426,0.014341382309794426
K6X_D100_D110_D115_D220_D225_D230,448,tx_-1,0.007700478192418814,0.005137898493558168,0.0025625796988606453,0.0025625796988606453
K6X_D100_D110_D115_D220_D225_D230,448,tx_0,0.659476101398468,0.8006604909896851,-0.14118438959121704,0.14118438959121704
K6X_D100_D110_D115_D220_D225_D230,448,tx_1,0.03507200628519058,0.01749885454773903,0.017573151737451553,0.017573151737451553
K6X_D100_D110_D115_D220_D225_D230,448,tx_2,0.04671769589185715,0.0238691046833992,0.022848591208457947,0.022848591208457947
K6X_D100_D110_D115_D220_D225_D230,448,tx_3,0.006664805114269257,0.0003172527358401567,0.00634755240753293,0.00634755240753293
K6X_D100_D110_D115_D220_D225_D230,449,T,0.7769763487941743,0.8453088047418263,-0.06833245594765203,0.06833245594765203
K6X_D100_D110_D115_D220_D225_D230,449,R,0.22301343232985157,0.15526894440282402,0.06774448792702756,0.06774448792702756
K6X_D100_D110_D115_D220_D225_D230,449,eta_plus1,0.04014810979038724,0.015982779187492722,0.02416533060289452,0.02416533060289452
K6X_D100_D110_D115_D220_D225_D230,449,eta_0,0.629894660912479,0.7889250876569174,-0.15903042674443835,0.15903042674443835
K6X_D100_D110_D115_D220_D225_D230,449,eta_minus1,0.005290237840683567,0.005005732369278071,0.00028450547140549537,0.00028450547140549537
K6X_D100_D110_D115_D220_D225_D230,449,directionality,0.8835732785963789,0.761501316768542,0.12207196182783686,0.12207196182783686
K6X_D100_D110_D115_D220_D225_D230,449,tx_-3,0.016353510320186615,0.0053253802470862865,0.011028129607439041,0.011028129607439041
K6X_D100_D110_D115_D220_D225_D230,449,tx_-2,0.01963629014790058,0.0061213169246912,0.013514973223209381,0.013514973223209381
K6X_D100_D110_D115_D220_D225_D230,449,tx_-1,0.005290237721055746,0.005005732178688049,0.00028450554236769676,0.00028450554236769676
K6X_D100_D110_D115_D220_D225_D230,449,tx_0,0.6298946738243103,0.7889251112937927,-0.15903043746948242,0.15903043746948242
K6X_D100_D110_D115_D220_D225_D230,449,tx_1,0.04014810919761658,0.01598277874290943,0.024165330454707146,0.024165330454707146
K6X_D100_D110_D115_D220_D225_D230,449,tx_2,0.05928998813033104,0.023801203817129135,0.035488784313201904,0.035488784313201904
K6X_D100_D110_D115_D220_D225_D230,449,tx_3,0.006363551132380962,0.00014730452676303685,0.006216246634721756,0.006216246634721756
K6X_D100_D110_D115_D220_D225_D230,450,T,0.7784499267606438,0.828757234627169,-0.05030730786652515,0.05030730786652515
K6X_D100_D110_D115_D220_D225_D230,450,R,0.221549212394101,0.17191040345534814,0.04963880893875286,0.04963880893875286
K6X_D100_D110_D115_D220_D225_D230,450,eta_plus1,0.05644978471064068,0.017961593480089553,0.038488191230551125,0.038488191230551125
K6X_D100_D110_D115_D220_D225_D230,450,eta_0,0.6153727915428343,0.7683046151045414,-0.1529318235617071,0.1529318235617071
K6X_D100_D110_D115_D220_D225_D230,450,eta_minus1,0.006286422399989639,0.005051528220898774,0.0012348941790908657,0.0012348941790908657
K6X_D100_D110_D115_D220_D225_D230,450,directionality,0.8997959441681892,0.7804935685591133,0.11930237560907586,0.11930237560907586
K6X_D100_D110_D115_D220_D225_D230,450,tx_-3,0.028387004509568214,0.00258133583702147,0.025805668905377388,0.025805668905377388
K6X_D100_D110_D115_D220_D225_D230,450,tx_-2,0.010825020261108875,0.008750075474381447,0.0020749447867274284,0.0020749447867274284
K6X_D100_D110_D115_D220_D225_D230,450,tx_-1,0.00628642225638032,0.005051528103649616,0.0012348941527307034,0.0012348941527307034
K6X_D100_D110_D115_D220_D225_D230,450,tx_0,0.6153727769851685,0.7683045864105225,-0.152931809425354,0.152931809425354
K6X_D100_D110_D115_D220_D225_D230,450,tx_1,0.05644978582859039,0.017961593344807625,0.03848819434642792,0.03848819434642792
K6X_D100_D110_D115_D220_D225_D230,450,tx_2,0.04992886260151863,0.025121379643678665,0.024807482957839966,0.024807482957839966
K6X_D100_D110_D115_D220_D225_D230,450,tx_3,0.011200042441487312,0.0009867061162367463,0.0102133359760046,0.0102133359760046
K6X_D100_D110_D115_D220_D225_D230,451,T,0.7992113131957552,0.8150376794270021,-0.01582636623124689,0.01582636623124689
K6X_D100_D110_D115_D220_D225_D230,451,R,0.2005861681412931,0.18571139575838333,0.014874772382909768,0.014874772382909768
K6X_D100_D110_D115_D220_D225_D230,451,eta_plus1,0.06492891071730834,0.02227630384993789,0.04265260686737045,0.04265260686737045
K6X_D100_D110_D115_D220_D225_D230,451,eta_0,0.6411113691081675,0.7423855248759001,-0.10127415576773269,0.10127415576773269
K6X_D100_D110_D115_D220_D225_D230,451,eta_minus1,0.005931215646915142,0.004980524948870233,0.0009506906980449089,0.0009506906980449089
K6X_D100_D110_D115_D220_D225_D230,451,directionality,0.9162968519639877,0.8172742329772413,0.09902261898674636,0.09902261898674636
K6X_D100_D110_D115_D220_D225_D230,451,tx_-3,0.03116641752421856,0.0025813523679971695,0.02858506515622139,0.02858506515622139
K6X_D100_D110_D115_D220_D225_D230,451,tx_-2,0.0032683201134204865,0.012217455543577671,-0.008949135430157185,0.008949135430157185
K6X_D100_D110_D115_D220_D225_D230,451,tx_-1,0.005931215826421976,0.004980525001883507,0.0009506908245384693,0.0009506908245384693
K6X_D100_D110_D115_D220_D225_D230,451,tx_0,0.6411113739013672,0.7423855066299438,-0.10127413272857666,0.10127413272857666
K6X_D100_D110_D115_D220_D225_D230,451,tx_1,0.06492891162633896,0.02227630466222763,0.04265260696411133,0.04265260696411133
K6X_D100_D110_D115_D220_D225_D230,451,tx_2,0.035136427730321884,0.02801203913986683,0.007124388590455055,0.007124388590455055
K6X_D100_D110_D115_D220_D225_D230,451,tx_3,0.017668651416897774,0.002584479982033372,0.015084171667695045,0.015084171667695045
K6X_D100_D110_D115_D220_D225_D230,452,T,0.8139207880790068,0.8056554064643067,0.00826538161470014,0.00826538161470014
K6X_D100_D110_D115_D220_D225_D230,452,R,0.18594495709545833,0.1951517047741922,-0.009206747678733862,0.009206747678733862
K6X_D100_D110_D115_D220_D225_D230,452,eta_plus1,0.0605522603122423,0.02759157693532295,0.03296068337691935,0.03296068337691935
K6X_D100_D110_D115_D220_D225_D230,452,eta_0,0.6768153658319619,0.7157389368506285,-0.038923571018666614,0.038923571018666614
K6X_D100_D110_D115_D220_D225_D230,452,eta_minus1,0.004756382946258953,0.004619246637021169,0.0001371363092377842,0.0001371363092377842
K6X_D100_D110_D115_D220_D225_D230,452,directionality,0.9271706973389038,0.8565933396069014,0.07057735773200235,0.07057735773200235
K6X_D100_D110_D115_D220_D225_D230,452,tx_-3,0.02809315174818039,0.005916436202824116,0.02217671647667885,0.02217671647667885
K6X_D100_D110_D115_D220_D225_D230,452,tx_-2,0.0002958857803605497,0.01565050147473812,-0.01535461563616991,0.01535461563616991
K6X_D100_D110_D115_D220_D225_D230,452,tx_-1,0.004756383132189512,0.004619246814399958,0.0001371363177895546,0.0001371363177895546
K6X_D100_D110_D115_D220_D225_D230,452,tx_0,0.676815390586853,0.7157389521598816,-0.038923561573028564,0.038923561573028564
K6X_D100_D110_D115_D220_D225_D230,452,tx_1,0.060552261769771576,0.027591576799750328,0.0329606831073761,0.0329606831073761
K6X_D100_D110_D115_D220_D225_D230,452,tx_2,0.024545717984437943,0.03139878064393997,-0.006853062659502029,0.006853062659502029
K6X_D100_D110_D115_D220_D225_D230,452,tx_3,0.018862025812268257,0.004739926662296057,0.014122098684310913,0.014122098684310913
K6X_D100_D110_D115_D220_D225_D230,453,T,0.8165338509022639,0.7996044340878021,0.016929416814461806,0.016929416814461806
K6X_D100_D110_D115_D220_D225_D230,453,R,0.18321412230773446,0.20122476710866977,-0.01801064480093531,0.01801064480093531
K6X_D100_D110_D115_D220_D225_D230,453,eta_plus1,0.055230719167956015,0.03281193653367961,0.022418782634276407,0.022418782634276407
K6X_D100_D110_D115_D220_D225_D230,453,eta_0,0.6967426707080522,0.6923608932277088,0.004381777480343407,0.004381777480343407
K6X_D100_D110_D115_D220_D225_D230,453,eta_minus1,0.004116496008357953,0.003973188184488445,0.00014330782386950784,0.00014330782386950784
K6X_D100_D110_D115_D220_D225_D230,453,directionality,0.9306370821928494,0.8919892697135235,0.038647812479325805,0.038647812479325805
K6X_D100_D110_D115_D220_D225_D230,453,tx_-3,0.02419750951230526,0.011725541204214096,0.012471968308091164,0.012471968308091164
K6X_D100_D110_D115_D220_D225_D230,453,tx_-2,0.0005876025534234941,0.017894208431243896,-0.017306605353951454,0.017306605353951454
K6X_D100_D110_D115_D220_D225_D230,453,tx_-1,0.004116496071219444,0.0039731883443892,0.00014330772683024406,0.00014330772683024406
K6X_D100_D110_D115_D220_D225_D230,453,tx_0,0.6967426538467407,0.6923608779907227,0.004381775856018066,0.004381775856018066
K6X_D100_D110_D115_D220_D225_D230,453,tx_1,0.05523071810603142,0.03281193599104881,0.022418782114982605,0.022418782114982605
K6X_D100_D110_D115_D220_D225_D230,453,tx_2,0.01799701154232025,0.0332694947719574,-0.015272483229637146,0.015272483229637146
K6X_D100_D110_D115_D220_D225_D230,453,tx_3,0.017661841586232185,0.007569172419607639,0.010092669166624546,0.010092669166624546
K6X_D100_D110_D115_D220_D225_D230,454,T,0.8100284937743479,0.7956375458854378,0.014390947888910155,0.014390947888910155
K6X_D100_D110_D115_D220_D225_D230,454,R,0.18987918103590687,0.20517912100108168,-0.015299939965174814,0.015299939965174814
K6X_D100_D110_D115_D220_D225_D230,454,eta_plus1,0.05392952555915561,0.03713459370529028,0.01679493185386533,0.01679493185386533
K6X_D100_D110_D115_D220_D225_D230,454,eta_0,0.6982924012914995,0.6752273116069556,0.023065089684543905,0.023065089684543905
K6X_D100_D110_D115_D220_D225_D230,454,eta_minus1,0.0041304595942659,0.003181767893259047,0.000948691701006853,0.000948691701006853
K6X_D100_D110_D115_D220_D225_D230,454,directionality,0.9288587555895631,0.9210799842272093,0.007778771362353831,0.007778771362353831
K6X_D100_D110_D115_D220_D225_D230,454,tx_-3,0.021183395758271217,0.01742711290717125,0.003756282851099968,0.003756282851099968
K6X_D100_D110_D115_D220_D225_D230,454,tx_-2,0.0026764085050672293,0.018426435068249702,-0.01575002633035183,0.01575002633035183
K6X_D100_D110_D115_D220_D225_D230,454,tx_-1,0.004130459390580654,0.0031817678827792406,0.0009486915078014135,0.0009486915078014135
K6X_D100_D110_D115_D220_D225_D230,454,tx_0,0.6982923746109009,0.6752272844314575,0.02306509017944336,0.02306509017944336
K6X_D100_D110_D115_D220_D225_D230,454,tx_1,0.05392952635884285,0.03713459521532059,0.016794931143522263,0.016794931143522263
K6X_D100_D110_D115_D220_D225_D230,454,tx_2,0.013616743497550488,0.032671015709638596,-0.019054271280765533,0.019054271280765533
K6X_D100_D110_D115_D220_D225_D230,454,tx_3,0.016199558973312378,0.011569310910999775,0.004630248062312603,0.004630248062312603
K6X_D100_D110_D115_D220_D225_D230,455,T,0.7961622559603498,0.7953176791406071,0.0008445768197427039,0.0008445768197427039
K6X_D100_D110_D115_D220_D225_D230,455,R,0.2039751349694607,0.20546856337637595,-0.0014934284069152426,0.0014934284069152426
K6X_D100_D110_D115_D220_D225_D230,455,eta_plus1,0.0582684943649671,0.03943927418219059,0.01882922018277651,0.01882922018277651
K6X_D100_D110_D115_D220_D225_D230,455,eta_0,0.6828033734560439,0.6675457977005836,0.015257575755460273,0.015257575755460273
K6X_D100_D110_D115_D220_D225_D230,455,eta_minus1,0.0044600085366780905,0.002426142801944999,0.0020338657347330914,0.0020338657347330914
K6X_D100_D110_D115_D220_D225_D230,455,directionality,0.9288998090123219,0.9420489994674038,-0.013149190455081894,0.013149190455081894
K6X_D100_D110_D115_D220_D225_D230,455,tx_-3,0.019222352653741837,0.020463189110159874,-0.0012408364564180374,0.0012408364564180374
K6X_D100_D110_D115_D220_D225_D230,455,tx_-2,0.0061689624562859535,0.017729222774505615,-0.011560260318219662,0.011560260318219662
K6X_D100_D110_D115_D220_D225_D230,455,tx_-1,0.0044600083492696285,0.002426142804324627,0.0020338655449450016,0.0020338655449450016
K6X_D100_D110_D115_D220_D225_D230,455,tx_0,0.6828033924102783,0.6675457954406738,0.015257596969604492,0.015257596969604492
K6X_D100_D110_D115_D220_D225_D230,455,tx_1,0.05826849490404129,0.03943927586078644,0.018829219043254852,0.018829219043254852
K6X_D100_D110_D115_D220_D225_D230,455,tx_2,0.010099746286869049,0.030911104753613472,-0.020811358466744423,0.020811358466744423
K6X_D100_D110_D115_D220_D225_D230,455,tx_3,0.015139318071305752,0.016802949830889702,-0.00166363175958395,0.00166363175958395
K6X_D100_D115_D130_D145_D155_D185,445,T,0.8213784020837435,0.9573857482774019,-0.1360073461936584,0.1360073461936584
K6X_D100_D115_D130_D145_D155_D185,445,R,0.1780573403474975,0.04227274237329936,0.13578459797419815,0.13578459797419815
K6X_D100_D115_D130_D145_D155_D185,445,eta_plus1,0.7115703424642538,0.9442404114804946,-0.23267006901624088,0.23267006901624088
K6X_D100_D115_D130_D145_D155_D185,445,eta_0,0.028558292270044243,0.0012280257304548914,0.02733026653958935,0.02733026653958935
K6X_D100_D115_D130_D145_D155_D185,445,eta_minus1,0.010275330173506687,0.0020519353739371507,0.008223394799569538,0.008223394799569538
K6X_D100_D115_D130_D145_D155_D185,445,directionality,0.9857651980707196,0.9978316052319793,-0.012066407161259729,0.012066407161259729
K6X_D100_D115_D130_D145_D155_D185,445,tx_-3,0.002556751947849989,0.0018213805742561817,0.0007353713735938072,0.0007353713735938072
K6X_D100_D115_D130_D145_D155_D185,445,tx_-2,0.0018341258401051164,3.692648533615284e-05,0.0017971993656829,0.0017971993656829
K6X_D100_D115_D130_D145_D155_D185,445,tx_-1,0.010275330394506454,0.0020519352983683348,0.008223394863307476,0.008223394863307476
K6X_D100_D115_D130_D145_D155_D185,445,tx_0,0.028558291494846344,0.001228025765158236,0.027330266311764717,0.027330266311764717
K6X_D100_D115_D130_D145_D155_D185,445,tx_1,0.7115703225135803,0.944240391254425,-0.23267006874084473,0.23267006874084473
K6X_D100_D115_D130_D145_D155_D185,445,tx_2,0.03309357166290283,0.00468108244240284,0.028412489220499992,0.028412489220499992
K6X_D100_D115_D130_D145_D155_D185,445,tx_3,0.03348998725414276,0.0033259864430874586,0.030164001509547234,0.030164001509547234
K6X_D100_D115_D130_D145_D155_D185,446,T,0.8457526545706168,0.9548276842747699,-0.10907502970415317,0.10907502970415317
K6X_D100_D115_D130_D145_D155_D185,446,R,0.15307802019041636,0.045110965211696066,0.10796705497872029,0.10796705497872029
K6X_D100_D115_D130_D145_D155_D185,446,eta_plus1,0.7524238203048712,0.94368292424,-0.1912591039351288,0.1912591039351288
K6X_D100_D115_D130_D145_D155_D185,446,eta_0,0.018301261534436487,0.0007686945554979178,0.01753256697893857,0.01753256697893857
K6X_D100_D115_D130_D145_D155_D185,446,eta_minus1,0.011584099771071707,0.002084881690142871,0.009499218080928837,0.009499218080928837
K6X_D100_D115_D130_D145_D155_D185,446,directionality,0.984837722925804,0.9977955670756921,-0.012957844149888098,0.012957844149888098
K6X_D100_D115_D130_D145_D155_D185,446,tx_-3,0.003006430808454752,0.0018318111542612314,0.0011746196541935205,0.0011746196541935205
K6X_D100_D115_D130_D145_D155_D185,446,tx_-2,0.002492661355063319,4.27644481533207e-05,0.0024498968850821257,0.0024498968850821257
K6X_D100_D115_D130_D145_D155_D185,446,tx_-1,0.011584099382162094,0.002084881765767932,0.009499217383563519,0.009499217383563519
K6X_D100_D115_D130_D145_D155_D185,446,tx_0,0.018301261588931084,0.0007686945609748363,0.01753256656229496,0.01753256656229496
K6X_D100_D115_D130_D145_D155_D185,446,tx_1,0.7524238228797913,0.9436829090118408,-0.19125908613204956,0.19125908613204956
K6X_D100_D115_D130_D145_D155_D185,446,tx_2,0.02626759372651577,0.0035009863786399364,0.022766606882214546,0.022766606882214546
K6X_D100_D115_D130_D145_D155_D185,446,tx_3,0.03167678788304329,0.0029156217351555824,0.02876116707921028,0.02876116707921028
K6X_D100_D115_D130_D145_D155_D185,447,T,0.8643777074809357,0.9513037593728811,-0.08692605189194547,0.08692605189194547
K6X_D100_D115_D130_D145_D155_D185,447,R,0.1360297493788301,0.048654803149691145,0.08737494622913897,0.08737494622913897
K6X_D100_D115_D130_D145_D155_D185,447,eta_plus1,0.7819928022300415,0.9416153009554966,-0.1596224987254551,0.1596224987254551
K6X_D100_D115_D130_D145_D155_D185,447,eta_0,0.011753147589002581,0.0004417365340464643,0.011311411054956116,0.011311411054956116
K6X_D100_D115_D130_D145_D155_D185,447,eta_minus1,0.01234409363711478,0.0020967274896711197,0.01024736614744366,0.01024736614744366
K6X_D100_D115_D130_D145_D155_D185,447,directionality,0.9844598762800272,0.9977782126046166,-0.013318336324589453,0.013318336324589453
K6X_D100_D115_D130_D145_D155_D185,447,tx_-3,0.00345016410574317,0.0018636069726198912,0.0015865571331232786,0.0015865571331232786
K6X_D100_D115_D130_D145_D155_D185,447,tx_-2,0.0029137027449905872,9.25712738535367e-05,0.0028211313765496016,0.0028211313765496016
K6X_D100_D115_D130_D145_D155_D185,447,tx_-1,0.01234409399330616,0.00209672749042511,0.01024736650288105,0.01024736650288105
K6X_D100_D115_D130_D145_D155_D185,447,tx_0,0.011753147467970848,0.00044173654168844223,0.011311410926282406,0.011311410926282406
K6X_D100_D115_D130_D145_D155_D185,447,tx_1,0.7819927930831909,0.9416152834892273,-0.15962249040603638,0.15962249040603638
K6X_D100_D115_D130_D145_D155_D185,447,tx_2,0.021251697093248367,0.0025622802786529064,0.018689416348934174,0.018689416348934174
K6X_D100_D115_D130_D145_D155_D185,447,tx_3,0.0306720994412899,0.00263153575360775,0.028040563687682152,0.028040563687682152
K6X_D100_D115_D130_D145_D155_D185,448,T,0.8737596269278101,0.9464340294605939,-0.07267440253278379,0.07267440253278379
K6X_D100_D115_D130_D145_D155_D185,448,R,0.12329709440124197,0.05323406754218614,0.07006302685905583,0.07006302685905583
K6X_D100_D115_D130_D145_D155_D185,448,eta_plus1,0.8094071518188521,0.9374476881026258,-0.12804053628377365,0.12804053628377365
K6X_D100_D115_D130_D145_D155_D185,448,eta_0,0.006480756479267294,0.0002683886679101383,0.006212367811357156,0.006212367811357156
K6X_D100_D115_D130_D145_D155_D185,448,eta_minus1,0.012278154308352952,0.0021418917193941284,0.010136262588958823,0.010136262588958823
K6X_D100_D115_D130_D145_D155_D185,448,directionality,0.9850573519852475,0.9977203964737456,-0.012663044488498088,0.012663044488498088
K6X_D100_D115_D130_D145_D155_D185,448,tx_-3,0.0038615940138697624,0.001910588820464909,0.0019510051934048533,0.0019510051934048533
K6X_D100_D115_D130_D145_D155_D185,448,tx_-2,0.0033587729558348656,0.00021608851966448128,0.0031426844652742147,0.0031426844652742147
K6X_D100_D115_D130_D145_D155_D185,448,tx_-1,0.012278154492378235,0.002141891745850444,0.010136262513697147,0.010136262513697147
K6X_D100_D115_D130_D145_D155_D185,448,tx_0,0.006480756681412458,0.0002683886559680104,0.00621236814185977,0.00621236814185977
K6X_D100_D115_D130_D145_D155_D185,448,tx_1,0.8094071745872498,0.9374476671218872,-0.12804049253463745,0.12804049253463745
K6X_D100_D115_D130_D145_D155_D185,448,tx_2,0.011602758429944515,0.0018464647000655532,0.009756294079124928,0.009756294079124928
K6X_D100_D115_D130_D145_D155_D185,448,tx_3,0.026770438998937607,0.0026029187720268965,0.02416752092540264,0.02416752092540264
K6X_D100_D115_D130_D145_D155_D185,449,T,0.7088210133351307,0.940714697408479,-0.23189368407334832,0.23189368407334832
K6X_D100_D115_D130_D145_D155_D185,449,R,0.286385374260617,0.05928728541889239,0.2270980888417246,0.2270980888417246
K6X_D100_D115_D130_D145_D155_D185,449,eta_plus1,0.6324226096006061,0.9314536827434439,-0.2990310731428377,0.2990310731428377
K6X_D100_D115_D130_D145_D155_D185,449,eta_0,0.03950534471736689,0.00026554897577788395,0.039239795741589006,0.039239795741589006
K6X_D100_D115_D130_D145_D155_D185,449,eta_minus1,0.002895913062095951,0.002201910819541935,0.0006940022425540164,0.0006940022425540164
K6X_D100_D115_D130_D145_D155_D185,449,directionality,0.995441793433066,0.9976416241334355,-0.002199830700369443,0.002199830700369443
K6X_D100_D115_D130_D145_D155_D185,449,tx_-3,0.005821016151458025,0.002010888885706663,0.003810127265751362,0.003810127265751362
K6X_D100_D115_D130_D145_D155_D185,449,tx_-2,0.0023094438947737217,0.0004687780456151813,0.00184066582005471,0.00184066582005471
K6X_D100_D115_D130_D145_D155_D185,449,tx_-1,0.0028959130868315697,0.0022019108291715384,0.0006940022576600313,0.0006940022576600313
K6X_D100_D115_D130_D145_D155_D185,449,tx_0,0.03950534388422966,0.00026554896612651646,0.0392397940158844,0.0392397940158844
K6X_D100_D115_D130_D145_D155_D185,449,tx_1,0.6324226260185242,0.9314537048339844,-0.2990310788154602,0.2990310788154602
K6X_D100_D115_D130_D145_D155_D185,449,tx_2,0.022037697955965996,0.0014304145006462932,0.02060728333890438,0.02060728333890438
K6X_D100_D115_D130_D145_D155_D185,449,tx_3,0.0038289874792099,0.0028834734112024307,0.0009455140680074692,0.0009455140680074692
K6X_D100_D115_D130_D145_D155_D185,450,T,0.8403045897813614,0.9327224571677596,-0.09241786738639823,0.09241786738639823
K6X_D100_D115_D130_D145_D155_D185,450,R,0.1613387440842232,0.06725426346176541,0.09408448062245778,0.09408448062245778
K6X_D100_D115_D130_D145_D155_D185,450,eta_plus1,0.7582482042225922,0.9217693585975268,-0.16352115437493464,0.16352115437493464
K6X_D100_D115_D130_D145_D155_D185,450,eta_0,0.014665127415892685,0.00045305149665859397,0.014212075919234091,0.014212075919234091
K6X_D100_D115_D130_D145_D155_D185,450,eta_minus1,0.009943423457506696,0.00237220264609574,0.007571220811410956,0.007571220811410956
K6X_D100_D115_D130_D145_D155_D185,450,directionality,0.987056063748657,0.997433074384293,-0.010377010635636008,0.010377010635636008
K6X_D100_D115_D130_D145_D155_D185,450,tx_-3,0.005197765771299601,0.0021423979196697474,0.0030553678516298532,0.0030553678516298532
K6X_D100_D115_D130_D145_D155_D185,450,tx_-2,0.0025970686692744493,0.0009451051591895521,0.0016519634518772364,0.0016519634518772364
K6X_D100_D115_D130_D145_D155_D185,450,tx_-1,0.009943423792719841,0.0023722026962786913,0.007571221329271793,0.007571221329271793
K6X_D100_D115_D130_D145_D155_D185,450,tx_0,0.014665127731859684,0.0004530514997895807,0.014212076552212238,0.014212076552212238
K6X_D100_D115_D130_D145_D155_D185,450,tx_1,0.7582482099533081,0.921769380569458,-0.1635211706161499,0.1635211706161499
K6X_D100_D115_D130_D145_D155_D185,450,tx_2,0.02588578499853611,0.0013869794784113765,0.02449880540370941,0.02449880540370941
K6X_D100_D115_D130_D145_D155_D185,450,tx_3,0.023767216131091118,0.0036533616948872805,0.020113853737711906,0.020113853737711906
K6X_D100_D115_D130_D145_D155_D185,451,T,0.8614882934913696,0.9216548718164382,-0.060166578325068665,0.060166578325068665
K6X_D100_D115_D130_D145_D155_D185,451,R,0.13672356116883047,0.07808747364225581,0.05863608752657466,0.05863608752657466
K6X_D100_D115_D130_D145_D155_D185,451,eta_plus1,0.7892709243015691,0.9069958630282804,-0.1177249387267113,0.1177249387267113
K6X_D100_D115_D130_D145_D155_D185,451,eta_0,0.009300621232750439,0.0008383638419667364,0.008462257390783703,0.008462257390783703
K6X_D100_D115_D130_D145_D155_D185,451,eta_minus1,0.010402026846793117,0.0028122549704282245,0.0075897718763648925,0.0075897718763648925
K6X_D100_D115_D130_D145_D155_D185,451,directionality,0.9869921486879663,0.996908958147555,-0.009916809459588727,0.009916809459588727
K6X_D100_D115_D130_D145_D155_D185,451,tx_-3,0.005365727469325066,0.0022881682962179184,0.003077559173107147,0.003077559173107147
K6X_D100_D115_D130_D145_D155_D185,451,tx_-2,0.0027662955690175295,0.0017439002403989434,0.001022395328618586,0.001022395328618586
K6X_D100_D115_D130_D145_D155_D185,451,tx_-1,0.01040202658623457,0.0028122549410909414,0.0075897714123129845,0.0075897714123129845
K6X_D100_D115_D130_D145_D155_D185,451,tx_0,0.00930062122642994,0.0008383638341911137,0.00846225768327713,0.00846225768327713
K6X_D100_D115_D130_D145_D155_D185,451,tx_1,0.7892709374427795,0.9069958925247192,-0.1177249550819397,0.1177249550819397
K6X_D100_D115_D130_D145_D155_D185,451,tx_2,0.02091328054666519,0.0018715884070843458,0.019041692838072777,0.019041692838072777
K6X_D100_D115_D130_D145_D155_D185,451,tx_3,0.02346941828727722,0.005104733165353537,0.018364684656262398,0.018364684656262398
K6X_D100_D115_D130_D145_D155_D185,452,T,0.8768294731957287,0.9074149322488781,-0.030585459053149466,0.030585459053149466
K6X_D100_D115_D130_D145_D155_D185,452,R,0.12345003606341147,0.09268942822379193,0.030760607839619536,0.030760607839619536
K6X_D100_D115_D130_D145_D155_D185,452,eta_plus1,0.8096271837204816,0.8863628407927241,-0.0767356570722425,0.0767356570722425
K6X_D100_D115_D130_D145_D155_D185,452,eta_0,0.0066266587527612,0.0013812633118365748,0.005245395440924626,0.005245395440924626
K6X_D100_D115_D130_D145_D155_D185,452,eta_minus1,0.010562673531358372,0.0037428383679087985,0.006819835163449573,0.006819835163449573
K6X_D100_D115_D130_D145_D155_D185,452,directionality,0.9871216725762129,0.9957950629284398,-0.008673390352226917,0.008673390352226917
K6X_D100_D115_D130_D145_D155_D185,452,tx_-3,0.005596143193542957,0.002462883247062564,0.0031332599464803934,0.0031332599464803934
K6X_D100_D115_D130_D145_D155_D185,452,tx_-2,0.00281884940341115,0.003008301602676511,-0.00018945219926536083,0.00018945219926536083
K6X_D100_D115_D130_D145_D155_D185,452,tx_-1,0.010562673211097717,0.003742838278412819,0.006819834932684898,0.006819834932684898
K6X_D100_D115_D130_D145_D155_D185,452,tx_0,0.006626658607274294,0.0013812633696943521,0.005245395004749298,0.005245395004749298
K6X_D100_D115_D130_D145_D155_D185,452,tx_1,0.8096271753311157,0.8863628506660461,-0.07673567533493042,0.07673567533493042
K6X_D100_D115_D130_D145_D155_D185,452,tx_2,0.01850999891757965,0.003147575305774808,0.015362423844635487,0.015362423844635487
K6X_D100_D115_D130_D145_D155_D185,452,tx_3,0.023087965324521065,0.007309229578822851,0.015778735280036926,0.015778735280036926
K6X_D100_D115_D130_D145_D155_D185,453,T,0.8839416836036637,0.8895275569498203,-0.005585873346156678,0.005585873346156678
K6X_D100_D115_D130_D145_D155_D185,453,R,0.1149802869897281,0.11054941882944752,0.004430868160280585,0.004430868160280585
K6X_D100_D115_D130_D145_D155_D185,453,eta_plus1,0.8215703787506541,0.8589991864659381,-0.03742880771528401,0.03742880771528401
K6X_D100_D115_D130_D145_D155_D185,453,eta_0,0.005296025456567576,0.0019043651175875682,0.0033916603389800076,0.0033916603389800076
K6X_D100_D115_D130_D145_D155_D185,453,eta_minus1,0.010314692794101021,0.005647304859646317,0.004667387934454704,0.004667387934454704
K6X_D100_D115_D130_D145_D155_D185,453,directionality,0.9876008199366442,0.9934686546278718,-0.005867834691227647,0.005867834691227647
K6X_D100_D115_D130_D145_D155_D185,453,tx_-3,0.005836937576532364,0.0026360878255218267,0.003200849751010537,0.003200849751010537
K6X_D100_D115_D130_D145_D155_D185,453,tx_-2,0.0028043054044246674,0.004761674907058477,-0.00195736950263381,0.00195736950263381
K6X_D100_D115_D130_D145_D155_D185,453,tx_-1,0.010314692743122578,0.005647304933518171,0.004667387809604406,0.004667387809604406
K6X_D100_D115_D130_D145_D155_D185,453,tx_0,0.005296025425195694,0.0019043651409447193,0.0033916602842509747,0.0033916602842509747
K6X_D100_D115_D130_D145_D155_D185,453,tx_1,0.8215703964233398,0.8589991927146912,-0.03742879629135132,0.03742879629135132
K6X_D100_D115_D130_D145_D155_D185,453,tx_2,0.016497788950800896,0.005452439188957214,0.011045349761843681,0.011045349761843681
K6X_D100_D115_D130_D145_D155_D185,453,tx_3,0.021621553227305412,0.010126498527824879,0.011495054699480534,0.011495054699480534
K6X_D100_D115_D130_D145_D155_D185,454,T,0.8929264271534084,0.8726453449122856,0.020281082241122794,0.020281082241122794
K6X_D100_D115_D130_D145_D155_D185,454,R,0.10706728326809947,0.1271691204956646,-0.020101837227565117,0.020101837227565117
K6X_D100_D115_D130_D145_D155_D185,454,eta_plus1,0.8340223295302537,0.8313556348740422,0.002666694656211499,0.002666694656211499
K6X_D100_D115_D130_D145_D155_D185,454,eta_0,0.004259086889155372,0.002100141263236267,0.0021589456259191054,0.0021589456259191054
K6X_D100_D115_D130_D145_D155_D185,454,eta_minus1,0.010202348707200389,0.008758049049708812,0.0014442996574915764,0.0014442996574915764
K6X_D100_D115_D130_D145_D155_D185,454,directionality,0.9879151261859573,0.9895751620080697,-0.0016600358221123823,0.0016600358221123823
K6X_D100_D115_D130_D145_D155_D185,454,tx_-3,0.0060539525002241135,0.0027865523006767035,0.00326740019954741,0.00326740019954741
K6X_D100_D115_D130_D145_D155_D185,454,tx_-2,0.0027790642343461514,0.006509498693048954,-0.0037304344587028027,0.0037304344587028027
K6X_D100_D115_D130_D145_D155_D185,454,tx_-1,0.010202349163591862,0.008758049458265305,0.0014442997053265572,0.0014442997053265572
K6X_D100_D115_D130_D145_D155_D185,454,tx_0,0.004259086679667234,0.002100141253322363,0.0021589454263448715,0.0021589454263448715
K6X_D100_D115_D130_D145_D155_D185,454,tx_1,0.8340223431587219,0.831355631351471,0.0026667118072509766,0.0026667118072509766
K6X_D100_D115_D130_D145_D155_D185,454,tx_2,0.015021180734038353,0.00856009591370821,0.006461084820330143,0.006461084820330143
K6X_D100_D115_D130_D145_D155_D185,454,tx_3,0.0205884650349617,0.01257537305355072,0.00801309198141098,0.00801309198141098
K6X_D100_D115_D130_D145_D155_D185,455,T,0.8983105313606167,0.8649861420457394,0.033324389314877245,0.033324389314877245
K6X_D100_D115_D130_D145_D155_D185,455,R,0.10087188307910494,0.13508410216639227,-0.03421221908728733,0.03421221908728733
K6X_D100_D115_D130_D145_D155_D185,455,eta_plus1,0.8427633120161492,0.8159418755256098,0.026821436490539363,0.026821436490539363
K6X_D100_D115_D130_D145_D155_D185,455,eta_0,0.003750394581786903,0.001860338135488804,0.0018900564462980992,0.0018900564462980992
K6X_D100_D115_D130_D145_D155_D185,455,eta_minus1,0.009973657107862844,0.012414460286557436,-0.002440803178694592,0.002440803178694592
K6X_D100_D115_D130_D145_D155_D185,455,directionality,0.9883039466224757,0.9850131401791167,0.0032908064433589956,0.0032908064433589956
K6X_D100_D115_D130_D145_D155_D185,455,tx_-3,0.00624921265989542,0.002860462060198188,0.0033887505996972322,0.0033887505996972322
K6X_D100_D115_D130_D145_D155_D185,455,tx_-2,0.002729469910264015,0.007423168048262596,-0.004693698137998581,0.004693698137998581
K6X_D100_D115_D130_D145_D155_D185,455,tx_-1,0.009973657317459583,0.012414460070431232,-0.002440802752971649,0.002440802752971649
K6X_D100_D115_D130_D145_D155_D185,455,tx_0,0.0037503945641219616,0.0018603381467983127,0.001890056417323649,0.001890056417323649
K6X_D100_D115_D130_D145_D155_D185,455,tx_1,0.8427633047103882,0.8159418702125549,0.026821434497833252,0.026821434497833252
K6X_D100_D115_D130_D145_D155_D185,455,tx_2,0.013735414482653141,0.011285129934549332,0.0024502845481038094,0.0024502845481038094
K6X_D100_D115_D130_D145_D155_D185,455,tx_3,0.019109070301055908,0.013200707733631134,0.005908362567424774,0.005908362567424774
K6X_D100_D130_D135_D155_D160_D225,445,T,0.8541071177781783,0.8398897035107306,0.014217414267447714,0.014217414267447714
K6X_D100_D130_D135_D155_D160_D225,445,R,0.14574390535878923,0.1599173898771283,-0.01417348451833908,0.01417348451833908
K6X_D100_D130_D135_D155_D160_D225,445,eta_plus1,0.5723249082978095,0.5835137532880088,-0.011188844990199343,0.011188844990199343
K6X_D100_D130_D135_D155_D160_D225,445,eta_0,0.011963960308042301,0.01092767508893958,0.0010362852191027217,0.0010362852191027217
K6X_D100_D130_D135_D155_D160_D225,445,eta_minus1,0.009503699433470021,0.0138767750271974,-0.004373075593727379,0.004373075593727379
K6X_D100_D130_D135_D155_D160_D225,445,directionality,0.9836658092998765,0.9767710159946233,0.006894793305253111,0.006894793305253111
K6X_D100_D130_D135_D155_D160_D225,445,tx_-3,0.021357158198952675,0.017354324460029602,0.004002833738923073,0.004002833738923073
K6X_D100_D130_D135_D155_D160_D225,445,tx_-2,0.15600267052650452,0.09787783026695251,0.058124840259552,0.058124840259552
K6X_D100_D130_D135_D155_D160_D225,445,tx_-1,0.009503699839115143,0.013876775279641151,-0.004373075440526009,0.004373075440526009
K6X_D100_D130_D135_D155_D160_D225,445,tx_0,0.011963960714638233,0.010927675291895866,0.0010362854227423668,0.0010362854227423668
K6X_D100_D130_D135_D155_D160_D225,445,tx_1,0.5723249316215515,0.5835137367248535,-0.011188805103302002,0.011188805103302002
K6X_D100_D130_D135_D155_D160_D225,445,tx_2,0.02853495068848133,0.0546199195086956,-0.02608496882021427,0.02608496882021427
K6X_D100_D130_D135_D155_D160_D225,445,tx_3,0.05441977456212044,0.06171942874789238,-0.007299654185771942,0.007299654185771942
K6X_D100_D130_D135_D155_D160_D225,446,T,0.8461344152133722,0.8497215186206453,-0.0035871034072730845,0.0035871034072730845
K6X_D100_D130_D135_D155_D160_D225,446,R,0.1534247704051309,0.1504467220955512,0.0029780483095796784,0.0029780483095796784
K6X_D100_D130_D135_D155_D160_D225,446,eta_plus1,0.5667730378856092,0.5969194290161967,-0.03014639113058748,0.03014639113058748
K6X_D100_D130_D135_D155_D160_D225,446,eta_0,0.014093290509367487,0.013045273919867779,0.0010480165894997083,0.0010480165894997083
K6X_D100_D130_D135_D155_D160_D225,446,eta_minus1,0.011467823510195811,0.012738872102107108,-0.0012710485919112963,0.0012710485919112963
K6X_D100_D130_D135_D155_D160_D225,446,directionality,0.9801677393006889,0.9791048984673217,0.0010628408333671624,0.0010628408333671624
K6X_D100_D130_D135_D155_D160_D225,446,tx_-3,0.02276565320789814,0.017214640974998474,0.005551012232899666,0.005551012232899666
K6X_D100_D130_D135_D155_D160_D225,446,tx_-2,0.1548832505941391,0.1058444082736969,0.0490388423204422,0.0490388423204422
K6X_D100_D130_D135_D155_D160_D225,446,tx_-1,0.011467823758721352,0.012738872319459915,-0.0012710485607385635,0.0012710485607385635
K6X_D100_D130_D135_D155_D160_D225,446,tx_0,0.014093290083110332,0.013045273721218109,0.0010480163618922234,0.0010480163618922234
K6X_D100_D130_D135_D155_D160_D225,446,tx_1,0.5667730569839478,0.5969194173812866,-0.030146360397338867,0.030146360397338867
K6X_D100_D130_D135_D155_D160_D225,446,tx_2,0.02438514307141304,0.0478961206972599,-0.023510977625846863,0.023510977625846863
K6X_D100_D130_D135_D155_D160_D225,446,tx_3,0.05176621302962303,0.05606277287006378,-0.00429655984044075,0.00429655984044075
K6X_D100_D130_D135_D155_D160_D225,447,T,0.8192509102635384,0.8558821447703331,-0.03663123450679473,0.03663123450679473
K6X_D100_D130_D135_D155_D160_D225,447,R,0.18050844071889155,0.1440918577952689,0.036416582923622653,0.036416582923622653
K6X_D100_D130_D135_D155_D160_D225,447,eta_plus1,0.5298544542145659,0.6069148611990657,-0.07706040698449979,0.07706040698449979
K6X_D100_D130_D135_D155_D160_D225,447,eta_0,0.020846992819094575,0.014715415302991449,0.006131577516103126,0.006131577516103126
K6X_D100_D130_D135_D155_D160_D225,447,eta_minus1,0.016734474875284285,0.0119530635651871,0.004781411310097185,0.004781411310097185
K6X_D100_D130_D135_D155_D160_D225,447,directionality,0.9693838020042785,0.9806855985148359,-0.011301796510557405,0.011301796510557405
K6X_D100_D130_D135_D155_D160_D225,447,tx_-3,0.026701465249061584,0.017145883291959763,0.009555581957101822,0.009555581957101822
K6X_D100_D130_D135_D155_D160_D225,447,tx_-2,0.1512363702058792,0.11305254697799683,0.038183823227882385,0.038183823227882385
K6X_D100_D130_D135_D155_D160_D225,447,tx_-1,0.016734475269913673,0.011953063309192657,0.004781411960721016,0.004781411960721016
K6X_D100_D130_D135_D155_D160_D225,447,tx_0,0.02084699273109436,0.014715415425598621,0.006131577305495739,0.006131577305495739
K6X_D100_D130_D135_D155_D160_D225,447,tx_1,0.5298544764518738,0.6069148778915405,-0.07706040143966675,0.07706040143966675
K6X_D100_D130_D135_D155_D160_D225,447,tx_2,0.022463731467723846,0.04156207665801048,-0.019098345190286636,0.019098345190286636
K6X_D100_D130_D135_D155_D160_D225,447,tx_3,0.05141341686248779,0.05053829774260521,0.0008751191198825836,0.0008751191198825836
K6X_D100_D130_D135_D155_D160_D225,448,T,0.7269062965457966,0.8595280127706865,-0.13262171622488983,0.13262171622488983
K6X_D100_D130_D135_D155_D160_D225,448,R,0.2723518756966284,0.14061454667568368,0.1317373290209447,0.1317373290209447
K6X_D100_D130_D135_D155_D160_D225,448,eta_plus1,0.3792871151414751,0.6152264941939513,-0.23593937905247614,0.23593937905247614
K6X_D100_D130_D135_D155_D160_D225,448,eta_0,0.023967589062393834,0.015718335450381298,0.008249253612012536,0.008249253612012536
K6X_D100_D130_D135_D155_D160_D225,448,eta_minus1,0.021142944722381575,0.011503666477195546,0.009639278245186029,0.009639278245186029
K6X_D100_D130_D135_D155_D160_D225,448,directionality,0.9471994067339249,0.9816449451469247,-0.0344455384129998,0.0344455384129998
K6X_D100_D130_D135_D155_D160_D225,448,tx_-3,0.01989341899752617,0.017156977206468582,0.0027364417910575867,0.0027364417910575867
K6X_D100_D130_D135_D155_D160_D225,448,tx_-2,0.1014629453420639,0.11901899427175522,-0.017556048929691315,0.017556048929691315
K6X_D100_D130_D135_D155_D160_D225,448,tx_-1,0.02114294469356537,0.011503666639328003,0.009639278054237366,0.009639278054237366
K6X_D100_D130_D135_D155_D160_D225,448,tx_0,0.02396758832037449,0.015718335285782814,0.008249253034591675,0.008249253034591675
K6X_D100_D130_D135_D155_D160_D225,448,tx_1,0.37928712368011475,0.6152265071868896,-0.2359393835067749,0.2359393835067749
K6X_D100_D130_D135_D155_D160_D225,448,tx_2,0.06944521516561508,0.035553302615880966,0.033891912549734116,0.033891912549734116
K6X_D100_D130_D135_D155_D160_D225,448,tx_3,0.11170706897974014,0.04535024240612984,0.06635682284832001,0.06635682284832001
K6X_D100_D130_D135_D155_D160_D225,449,T,0.8198063686793358,0.8614459295258033,-0.04163956084646758,0.04163956084646758
K6X_D100_D130_D135_D155_D160_D225,449,R,0.1795647262379819,0.1385987226103205,0.040966003627661396,0.040966003627661396
K6X_D100_D130_D135_D155_D160_D225,449,eta_plus1,0.5506960783734511,0.6227719863495941,-0.07207590797614294,0.07207590797614294
K6X_D100_D130_D135_D155_D160_D225,449,eta_0,0.0007478296841015277,0.01634130252052178,-0.015593472836420253,0.015593472836420253
K6X_D100_D130_D135_D155_D160_D225,449,eta_minus1,0.004296101561036591,0.011029834115020254,-0.006733732553983663,0.006733732553983663
K6X_D100_D130_D135_D155_D160_D225,449,directionality,0.9922591673966583,0.982597345481061,0.00966182191559728,0.00966182191559728
K6X_D100_D130_D135_D155_D160_D225,449,tx_-3,0.00639822194352746,0.017330477014183998,-0.010932255536317825,0.010932255536317825
K6X_D100_D130_D135_D155_D160_D225,449,tx_-2,0.11158711463212967,0.12304560840129852,-0.011458493769168854,0.011458493769168854
K6X_D100_D130_D135_D155_D160_D225,449,tx_-1,0.004296101629734039,0.011029833927750587,-0.006733732298016548,0.006733732298016548
K6X_D100_D130_D135_D155_D160_D225,449,tx_0,0.0007478296756744385,0.016341302543878555,-0.015593472868204117,0.015593472868204117
K6X_D100_D130_D135_D155_D160_D225,449,tx_1,0.550696074962616,0.6227719783782959,-0.07207590341567993,0.07207590341567993
K6X_D100_D130_D135_D155_D160_D225,449,tx_2,0.05331917479634285,0.030162807554006577,0.023156367242336273,0.023156367242336273
K6X_D100_D130_D135_D155_D160_D225,449,tx_3,0.09276185184717178,0.040763914585113525,0.05199793726205826,0.05199793726205826
K6X_D100_D130_D135_D155_D160_D225,450,T,0.8360455951346621,0.8632785092361073,-0.027232914101445127,0.027232914101445127
K6X_D100_D130_D135_D155_D160_D225,450,R,0.16362038637476806,0.13678693315261212,0.02683345322215594,0.02683345322215594
K6X_D100_D130_D135_D155_D160_D225,450,eta_plus1,0.5926708298290977,0.6292901841384309,-0.03661935430933316,0.03661935430933316
K6X_D100_D130_D135_D155_D160_D225,450,eta_0,0.0013072567104778616,0.016532416971571744,-0.015225160261093882,0.015225160261093882
K6X_D100_D130_D135_D155_D160_D225,450,eta_minus1,0.0038493238212511595,0.01063149564565153,-0.006782171824400371,0.006782171824400371
K6X_D100_D130_D135_D155_D160_D225,450,directionality,0.9935470347519768,0.9833862549410128,0.010160779810963971,0.010160779810963971
K6X_D100_D130_D135_D155_D160_D225,450,tx_-3,0.007951013743877411,0.017139965668320656,-0.009188951924443245,0.009188951924443245
K6X_D100_D130_D135_D155_D160_D225,450,tx_-2,0.12070289254188538,0.12514525651931763,-0.004442363977432251,0.004442363977432251
K6X_D100_D130_D135_D155_D160_D225,450,tx_-1,0.0038493238389492035,0.010631496086716652,-0.006782172247767448,0.006782172247767448
K6X_D100_D130_D135_D155_D160_D225,450,tx_0,0.0013072567526251078,0.01653241738677025,-0.015225160866975784,0.015225160866975784
K6X_D100_D130_D135_D155_D160_D225,450,tx_1,0.5926708579063416,0.6292901635169983,-0.03661930561065674,0.03661930561065674
K6X_D100_D130_D135_D155_D160_D225,450,tx_2,0.03653709217905998,0.02631358429789543,0.01022350788116455,0.01022350788116455
K6X_D100_D130_D135_D155_D160_D225,450,tx_3,0.07302718609571457,0.038225602358579636,0.034801583737134933,0.034801583737134933
K6X_D100_D130_D135_D155_D160_D225,451,T,0.8348747526387473,0.8660564388261571,-0.031181686187409796,0.031181686187409796
K6X_D100_D130_D135_D155_D160_D225,451,R,0.16467879739652816,0.13396647520702165,0.030712322189506508,0.030712322189506508
K6X_D100_D130_D135_D155_D160_D225,451,eta_plus1,0.6068207031065066,0.632802594660839,-0.025981891554332393,0.025981891554332393
K6X_D100_D130_D135_D155_D160_D225,451,eta_0,0.0028746874155690153,0.017174508838080506,-0.01429982142251149,0.01429982142251149
K6X_D100_D130_D135_D155_D160_D225,451,eta_minus1,0.004038981257104094,0.010019855940348902,-0.0059808746832448086,0.0059808746832448086
K6X_D100_D130_D135_D155_D160_D225,451,directionality,0.9933880376124152,0.9844127162469543,0.008975321365460975,0.008975321365460975
K6X_D100_D130_D135_D155_D160_D225,451,tx_-3,0.008202699013054371,0.015983961522579193,-0.007781262509524822,0.007781262509524822
K6X_D100_D130_D135_D155_D160_D225,451,tx_-2,0.12057416141033173,0.12573859095573425,-0.005164429545402527,0.005164429545402527
K6X_D100_D130_D135_D155_D160_D225,451,tx_-1,0.004038981162011623,0.010019855573773384,-0.005980874411761761,0.005980874411761761
K6X_D100_D130_D135_D155_D160_D225,451,tx_0,0.0028746873140335083,0.017174508422613144,-0.014299821108579636,0.014299821108579636
K6X_D100_D130_D135_D155_D160_D225,451,tx_1,0.6068207025527954,0.6328026056289673,-0.025981903076171875,0.025981903076171875
K6X_D100_D130_D135_D155_D160_D225,451,tx_2,0.02861892804503441,0.02484789676964283,0.0037710312753915787,0.0037710312753915787
K6X_D100_D130_D135_D155_D160_D225,451,tx_3,0.06374458968639374,0.039489034563302994,0.024255555123090744,0.024255555123090744
K6X_D100_D130_D135_D155_D160_D225,452,T,0.8296690746625012,0.8713951236559875,-0.04172604899348631,0.04172604899348631
K6X_D100_D130_D135_D155_D160_D225,452,R,0.17010002385110798,0.12864682491620139,0.04145319893490659,0.04145319893490659
K6X_D100_D130_D135_D155_D160_D225,452,eta_plus1,0.6157062339379689,0.6346328811699318,-0.018926647231962912,0.018926647231962912
K6X_D100_D130_D135_D155_D160_D225,452,eta_0,0.004656401736088182,0.01827697313616435,-0.013620571400076168,0.013620571400076168
K6X_D100_D130_D135_D155_D160_D225,452,eta_minus1,0.0039044644373137823,0.009459872859624753,-0.0055554084223109704,0.0055554084223109704
K6X_D100_D130_D135_D155_D160_D225,452,directionality,0.9936985199778637,0.9853128717868006,0.008385648191063133,0.008385648191063133
K6X_D100_D130_D135_D155_D160_D225,452,tx_-3,0.007552276831120253,0.013678163290023804,-0.006125886458903551,0.006125886458903551
K6X_D100_D130_D135_D155_D160_D225,452,tx_-2,0.11695240437984467,0.1267981082201004,-0.009845703840255737,0.009845703840255737
K6X_D100_D130_D135_D155_D160_D225,452,tx_-1,0.0039044644217938185,0.009459872730076313,-0.005555408075451851,0.005555408075451851
K6X_D100_D130_D135_D155_D160_D225,452,tx_0,0.004656401928514242,0.018276972696185112,-0.013620570302009583,0.013620570302009583
K6X_D100_D130_D135_D155_D160_D225,452,tx_1,0.615706205368042,0.6346328854560852,-0.018926680088043213,0.018926680088043213
K6X_D100_D130_D135_D155_D160_D225,452,tx_2,0.02352197654545307,0.02504175342619419,-0.0015197768807411194,0.0015197768807411194
K6X_D100_D130_D135_D155_D160_D225,452,tx_3,0.05737531557679176,0.04350736364722252,0.013867951929569244,0.013867951929569244
K6X_D100_D130_D135_D155_D160_D225,453,T,0.8218083452935296,0.8770441031068316,-0.05523575781330192,0.05523575781330192
K6X_D100_D130_D135_D155_D160_D225,453,R,0.17791940263934866,0.12299557660359631,0.054923826035752354,0.054923826035752354
K6X_D100_D130_D135_D155_D160_D225,453,eta_plus1,0.6229877104391418,0.6356649428299536,-0.012677232390811755,0.012677232390811755
K6X_D100_D130_D135_D155_D160_D225,453,eta_0,0.0070156487950027895,0.019823230830372823,-0.012807582035370035,0.012807582035370035
K6X_D100_D130_D135_D155_D160_D225,453,eta_minus1,0.0033842367665675617,0.00886603889448611,-0.005481802127918548,0.005481802127918548
K6X_D100_D130_D135_D155_D160_D225,453,directionality,0.9945970812044428,0.9862442005956563,0.008352880608786473,0.008352880608786473
K6X_D100_D130_D135_D155_D160_D225,453,tx_-3,0.006281164009124041,0.011162442155182362,-0.004881278146058321,0.004881278146058321
K6X_D100_D130_D135_D155_D160_D225,453,tx_-2,0.1109393760561943,0.128630131483078,-0.017690755426883698,0.017690755426883698
K6X_D100_D130_D135_D155_D160_D225,453,tx_-1,0.0033842367120087147,0.008866039104759693,-0.0054818023927509785,0.0054818023927509785
K6X_D100_D130_D135_D155_D160_D225,453,tx_0,0.007015648763626814,0.019823230803012848,-0.012807581573724747,0.012807581573724747
K6X_D100_D130_D135_D155_D160_D225,453,tx_1,0.622987687587738,0.6356649398803711,-0.012677252292633057,0.012677252292633057
K6X_D100_D130_D135_D155_D160_D225,453,tx_2,0.019563425332307816,0.025303738191723824,-0.005740312859416008,0.005740312859416008
K6X_D100_D130_D135_D155_D160_D225,453,tx_3,0.05163678526878357,0.047593582421541214,0.004043202847242355,0.004043202847242355
K6X_D100_D130_D135_D155_D160_D225,454,T,0.8116997884210296,0.8830521378199566,-0.07135234939892698,0.07135234939892698
K6X_D100_D130_D135_D155_D160_D225,454,R,0.18806066198107835,0.11705972841235984,0.0710009335687185,0.0710009335687185
K6X_D100_D130_D135_D155_D160_D225,454,eta_plus1,0.6291412116262127,0.6380561322208477,-0.008914920594634945,0.008914920594634945
K6X_D100_D130_D135_D155_D160_D225,454,eta_0,0.010524003754292657,0.021209860460669437,-0.01068585670637678,0.01068585670637678
K6X_D100_D130_D135_D155_D160_D225,454,eta_minus1,0.0024958044654465974,0.00845065081590984,-0.005954846350463243,0.005954846350463243
K6X_D100_D130_D135_D155_D160_D225,454,directionality,0.9960486728898668,0.9869287515032471,0.009119921386619656,0.009119921386619656
K6X_D100_D130_D135_D155_D160_D225,454,tx_-3,0.004546168725937605,0.009010284207761288,-0.004464115481823683,0.004464115481823683
K6X_D100_D130_D135_D155_D160_D225,454,tx_-2,0.10260490328073502,0.13129925727844238,-0.028694353997707367,0.028694353997707367
K6X_D100_D130_D135_D155_D160_D225,454,tx_-1,0.0024958045687526464,0.008450650610029697,-0.005954845808446407,0.005954845808446407
K6X_D100_D130_D135_D155_D160_D225,454,tx_0,0.010524003766477108,0.02120986022055149,-0.010685856454074383,0.010685856454074383
K6X_D100_D130_D135_D155_D160_D225,454,tx_1,0.6291412115097046,0.6380561590194702,-0.008914947509765625,0.008914947509765625
K6X_D100_D130_D135_D155_D160_D225,454,tx_2,0.01654386892914772,0.024943381547927856,-0.008399512618780136,0.008399512618780136
K6X_D100_D130_D135_D155_D160_D225,454,tx_3,0.045843832194805145,0.05008256435394287,-0.004238732159137726,0.004238732159137726
K6X_D100_D130_D135_D155_D160_D225,455,T,0.7988084687335582,0.8881339866738233,-0.08932551794026511,0.08932551794026511
K6X_D100_D130_D135_D155_D160_D225,455,R,0.20115666857274306,0.11189633823963839,0.08926033033310467,0.08926033033310467
K6X_D100_D130_D135_D155_D160_D225,455,eta_plus1,0.6315916394353355,0.6403063771592482,-0.008714737723912735,0.008714737723912735
K6X_D100_D130_D135_D155_D160_D225,455,eta_0,0.016143731296580068,0.022518162894548135,-0.006374431597968067,0.006374431597968067
K6X_D100_D130_D135_D155_D160_D225,455,eta_minus1,0.001344937538753785,0.008061432790080503,-0.006716495251326718,0.006716495251326718
K6X_D100_D130_D135_D155_D160_D225,455,directionality,0.9978750832426472,0.9875665746103117,0.010308508632335456,0.010308508632335456
K6X_D100_D130_D135_D155_D160_D225,455,tx_-3,0.002605323912575841,0.007291044574230909,-0.004685720428824425,0.004685720428824425
K6X_D100_D130_D135_D155_D160_D225,455,tx_-2,0.09198611229658127,0.1340377926826477,-0.04205168038606644,0.04205168038606644
K6X_D100_D130_D135_D155_D160_D225,455,tx_-1,0.0013449374819174409,0.008061433210968971,-0.006716495845466852,0.006716495845466852
K6X_D100_D130_D135_D155_D160_D225,455,tx_0,0.016143731772899628,0.022518163546919823,-0.006374431774020195,0.006374431774020195
K6X_D100_D130_D135_D155_D160_D225,455,tx_1,0.6315916180610657,0.6403063535690308,-0.008714735507965088,0.008714735507965088
K6X_D100_D130_D135_D155_D160_D225,455,tx_2,0.01479969173669815,0.024246452376246452,-0.009446760639548302,0.009446760639548302
K6X_D100_D130_D135_D155_D160_D225,455,tx_3,0.04033703729510307,0.05167272314429283,-0.011335685849189758,0.011335685849189758
K6X_D100_D140_D145_D155_D225_D230,445,T,0.8075158578181046,0.7795040496974045,0.028011808120700143,0.028011808120700143
K6X_D100_D140_D145_D155_D225_D230,445,R,0.19154258592527995,0.22104092937254877,-0.029498343447268816,0.029498343447268816
K6X_D100_D140_D145_D155_D225_D230,445,eta_plus1,0.3602224368581806,0.24539292368000967,0.11482951317817094,0.11482951317817094
K6X_D100_D140_D145_D155_D225_D230,445,eta_0,0.004007907630794874,0.001989602399694134,0.0020183052311007394,0.0020183052311007394
K6X_D100_D140_D145_D155_D225_D230,445,eta_minus1,0.23819685194407764,0.2915568966670509,-0.05336004472297329,0.05336004472297329
K6X_D100_D140_D145_D155_D225_D230,445,directionality,0.6019565939780603,0.4570127680113545,0.14494382596670585,0.14494382596670585
K6X_D100_D140_D145_D155_D225_D230,445,tx_-3,0.02263885736465454,0.004132491536438465,0.01850636675953865,0.01850636675953865
K6X_D100_D140_D145_D155_D225_D230,445,tx_-2,0.051954202353954315,0.07181976735591888,-0.01986556500196457,0.01986556500196457
K6X_D100_D140_D145_D155_D225_D230,445,tx_-1,0.23819684982299805,0.2915568947792053,-0.053360044956207275,0.053360044956207275
K6X_D100_D140_D145_D155_D225_D230,445,tx_0,0.004007907584309578,0.001989602344110608,0.00201830524019897,0.00201830524019897
K6X_D100_D140_D145_D155_D225_D230,445,tx_1,0.3602224290370941,0.24539291858673096,0.11482951045036316,0.11482951045036316
K6X_D100_D140_D145_D155_D225_D230,445,tx_2,0.08862985670566559,0.13128423690795898,-0.042654380202293396,0.042654380202293396
K6X_D100_D140_D145_D155_D225_D230,445,tx_3,0.041865743696689606,0.03332813084125519,0.008537612855434418,0.008537612855434418
K6X_D100_D140_D145_D155_D225_D230,446,T,0.8105541135916915,0.7757846845976956,0.03476942899399593,0.03476942899399593
K6X_D100_D140_D145_D155_D225_D230,446,R,0.18859806892442954,0.22457656325578385,-0.035978494331354305,0.035978494331354305
K6X_D100_D140_D145_D155_D225_D230,446,eta_plus1,0.3743115210468073,0.26823156501930423,0.10607995602750309,0.10607995602750309
K6X_D100_D140_D145_D155_D225_D230,446,eta_0,0.004330038286164188,0.001638778677956159,0.0026912596082080296,0.0026912596082080296
K6X_D100_D140_D145_D155_D225_D230,446,eta_minus1,0.23493517311252393,0.27920099096366274,-0.04426581785113881,0.04426581785113881
K6X_D100_D140_D145_D155_D225_D230,446,directionality,0.6143841643052341,0.48998102521993614,0.12440313908529799,0.12440313908529799
K6X_D100_D140_D145_D155_D225_D230,446,tx_-3,0.023017290979623795,0.005951481405645609,0.017065810039639473,0.017065810039639473
K6X_D100_D140_D145_D155_D225_D230,446,tx_-2,0.049987081438302994,0.07113855332136154,-0.021151471883058548,0.021151471883058548
K6X_D100_D140_D145_D155_D225_D230,446,tx_-1,0.23493517935276031,0.2792010009288788,-0.04426582157611847,0.04426582157611847
K6X_D100_D140_D145_D155_D225_D230,446,tx_0,0.004330038093030453,0.001638778718188405,0.0026912593748420477,0.0026912593748420477
K6X_D100_D140_D145_D155_D225_D230,446,tx_1,0.37431150674819946,0.2682315707206726,0.10607993602752686,0.10607993602752686
K6X_D100_D140_D145_D155_D225_D230,446,tx_2,0.08252127468585968,0.11047335714101791,-0.027952082455158234,0.027952082455158234
K6X_D100_D140_D145_D155_D225_D230,446,tx_3,0.04145173355937004,0.03914996236562729,0.002301771193742752,0.002301771193742752
K6X_D100_D140_D145_D155_D225_D230,447,T,0.8124464312137587,0.7700027969932572,0.04244363422050146,0.04244363422050146
K6X_D100_D140_D145_D155_D225_D230,447,R,0.18692166367588312,0.23004776147509132,-0.0431260977992082,0.0431260977992082
K6X_D100_D140_D145_D155_D225_D230,447,eta_plus1,0.3900593597707725,0.2886662371793576,0.10139312259141492,0.10139312259141492
K6X_D100_D140_D145_D155_D225_D230,447,eta_0,0.004687582481214739,0.0012027430116040407,0.0034848394696106984,0.0034848394696106984
K6X_D100_D140_D145_D155_D225_D230,447,eta_minus1,0.22977330543827462,0.2623670912209883,-0.03259378578271366,0.03259378578271366
K6X_D100_D140_D145_D155_D225_D230,447,directionality,0.6292978438611647,0.5238634803041006,0.10543436355706415,0.10543436355706415
K6X_D100_D140_D145_D155_D225_D230,447,tx_-3,0.023317065089941025,0.00749018182978034,0.015826882794499397,0.015826882794499397
K6X_D100_D140_D145_D155_D225_D230,447,tx_-2,0.047710686922073364,0.06981314718723297,-0.022102460265159607,0.022102460265159607
K6X_D100_D140_D145_D155_D225_D230,447,tx_-1,0.22977331280708313,0.2623670995235443,-0.03259378671646118,0.03259378671646118
K6X_D100_D140_D145_D155_D225_D230,447,tx_0,0.004687582608312368,0.0012027430348098278,0.0034848395735025406,0.0034848395735025406
K6X_D100_D140_D145_D155_D225_D230,447,tx_1,0.39005935192108154,0.2886662483215332,0.10139310359954834,0.10139310359954834
K6X_D100_D140_D145_D155_D225_D230,447,tx_2,0.07616206258535385,0.0951235368847847,-0.018961474299430847,0.018961474299430847
K6X_D100_D140_D145_D155_D225_D230,447,tx_3,0.0407363660633564,0.045339860022068024,-0.004603493958711624,0.004603493958711624
K6X_D100_D140_D145_D155_D225_D230,448,T,0.8130283577828933,0.7595383333671365,0.05349002441575679,0.05349002441575679
K6X_D100_D140_D145_D155_D225_D230,448,R,0.18655415624048516,0.2401867675391924,-0.05363261129870725,0.05363261129870725
K6X_D100_D140_D145_D155_D225_D230,448,eta_plus1,0.4184880561129392,0.30441897254778527,0.11406908356515394,0.11406908356515394
K6X_D100_D140_D145_D155_D225_D230,448,eta_0,0.00493960596440566,0.0007908625950343234,0.004148743369371336,0.004148743369371336
K6X_D100_D140_D145_D155_D225_D230,448,eta_minus1,0.21753239167833746,0.2406311139727622,-0.02309872229442475,0.02309872229442475
K6X_D100_D140_D145_D155_D225_D230,448,directionality,0.6579789338003718,0.5585155934771312,0.09946334032324056,0.09946334032324056
K6X_D100_D140_D145_D155_D225_D230,448,tx_-3,0.023967435583472252,0.008019417524337769,0.015948018059134483,0.015948018059134483
K6X_D100_D140_D145_D155_D225_D230,448,tx_-2,0.04401841759681702,0.06843094527721405,-0.024412527680397034,0.024412527680397034
K6X_D100_D140_D145_D155_D225_D230,448,tx_-1,0.21753239631652832,0.2406311184167862,-0.023098722100257874,0.023098722100257874
K6X_D100_D140_D145_D155_D225_D230,448,tx_0,0.004939605947583914,0.0007908625993877649,0.004148743115365505,0.004148743115365505
K6X_D100_D140_D145_D155_D225_D230,448,tx_1,0.4184880554676056,0.30441898107528687,0.11406907439231873,0.11406907439231873
K6X_D100_D140_D145_D155_D225_D230,448,tx_2,0.06400130689144135,0.08411068469285965,-0.020109377801418304,0.020109377801418304
K6X_D100_D140_D145_D155_D225_D230,448,tx_3,0.04008113965392113,0.05313633754849434,-0.013055197894573212,0.013055197894573212
K6X_D100_D140_D145_D155_D225_D230,449,T,0.8326802082610053,0.7445298217517887,0.08815038650921658,0.08815038650921658
K6X_D100_D140_D145_D155_D225_D230,449,R,0.16717628858576497,0.25499779538137396,-0.08782150679560899,0.08782150679560899
K6X_D100_D140_D145_D155_D225_D230,449,eta_plus1,0.41651263025736235,0.31197259524549553,0.10454003501186682,0.10454003501186682
K6X_D100_D140_D145_D155_D225_D230,449,eta_0,0.003338906183032768,0.0004383962668655908,0.0029005099161671776,0.0029005099161671776
K6X_D100_D140_D145_D155_D225_D230,449,eta_minus1,0.22748719740134474,0.21466079177636535,0.012826405624979387,0.012826405624979387
K6X_D100_D140_D145_D155_D225_D230,449,directionality,0.6467589157152641,0.5923904616259078,0.05436845408935631,0.05436845408935631
K6X_D100_D140_D145_D155_D225_D230,449,tx_-3,0.029938776046037674,0.0064508975483477116,0.02348787896335125,0.02348787896335125
K6X_D100_D140_D145_D155_D225_D230,449,tx_-2,0.05004056915640831,0.06635510176420212,-0.016314532607793808,0.016314532607793808
K6X_D100_D140_D145_D155_D225_D230,449,tx_-1,0.22748719155788422,0.21466079354286194,0.012826398015022278,0.012826398015022278
K6X_D100_D140_D145_D155_D225_D230,449,tx_0,0.003338906215503812,0.00043839626596309245,0.002900509862229228,0.002900509862229228
K6X_D100_D140_D145_D155_D225_D230,449,tx_1,0.4165126383304596,0.31197258830070496,0.10454005002975464,0.10454005002975464
K6X_D100_D140_D145_D155_D225_D230,449,tx_2,0.05395639315247536,0.08026568591594696,-0.026309292763471603,0.026309292763471603
K6X_D100_D140_D145_D155_D225_D230,449,tx_3,0.051405735313892365,0.06438635289669037,-0.012980617582798004,0.012980617582798004
K6X_D100_D140_D145_D155_D225_D230,450,T,0.8255111324080197,0.7286787992110364,0.09683233319698326,0.09683233319698326
K6X_D100_D140_D145_D155_D225_D230,450,R,0.17444785034822924,0.27091917100885754,-0.0964713206606283,0.0964713206606283
K6X_D100_D140_D145_D155_D225_D230,450,eta_plus1,0.4158740089576789,0.307346886691494,0.10852712226618488,0.10852712226618488
K6X_D100_D140_D145_D155_D225_D230,450,eta_0,0.0048908341588052365,0.00018068494901112727,0.0047101492097941094,0.0047101492097941094
K6X_D100_D140_D145_D155_D225_D230,450,eta_minus1,0.22453544502003128,0.19195389648303618,0.0325815485369951,0.0325815485369951
K6X_D100_D140_D145_D155_D225_D230,450,directionality,0.6493876790459648,0.6155545856295226,0.03383309341644225,0.03383309341644225
K6X_D100_D140_D145_D155_D225_D230,450,tx_-3,0.027398396283388138,0.003818508703261614,0.02357988804578781,0.02357988804578781
K6X_D100_D140_D145_D155_D225_D230,450,tx_-2,0.047190044075250626,0.062102608382701874,-0.014912564307451248,0.014912564307451248
K6X_D100_D140_D145_D155_D225_D230,450,tx_-1,0.22453545033931732,0.1919538974761963,0.03258155286312103,0.03258155286312103
K6X_D100_D140_D145_D155_D225_D230,450,tx_0,0.004890833981335163,0.00018068494682665914,0.004710149019956589,0.004710149019956589
K6X_D100_D140_D145_D155_D225_D230,450,tx_1,0.41587400436401367,0.3073468804359436,0.10852712392807007,0.10852712392807007
K6X_D100_D140_D145_D155_D225_D230,450,tx_2,0.06036824360489845,0.08511821925640106,-0.02474997565150261,0.02474997565150261
K6X_D100_D140_D145_D155_D225_D230,450,tx_3,0.04525415971875191,0.07815799117088318,-0.03290383145213127,0.03290383145213127
K6X_D100_D140_D145_D155_D225_D230,451,T,0.8233912398144391,0.7150406614794635,0.10835057833497552,0.10835057833497552
K6X_D100_D140_D145_D155_D225_D230,451,R,0.1766507201760871,0.28491280702907423,-0.10826208685298713,0.10826208685298713
K6X_D100_D140_D145_D155_D225_D230,451,eta_plus1,0.42864722913315095,0.2925303206893049,0.13611690844384605,0.13611690844384605
K6X_D100_D140_D145_D155_D225_D230,451,eta_0,0.00565699827605299,4.2040314355462705e-05,0.0056149579616975274,0.0056149579616975274
K6X_D100_D140_D145_D155_D225_D230,451,eta_minus1,0.21699660017817485,0.17867052328226157,0.038326076895913275,0.038326076895913275
K6X_D100_D140_D145_D155_D225_D230,451,directionality,0.6639066458520425,0.6208187536840596,0.04308789216798292,0.04308789216798292
K6X_D100_D140_D145_D155_D225_D230,451,tx_-3,0.02734098769724369,0.003876467701047659,0.023464519530534744,0.023464519530534744
K6X_D100_D140_D145_D155_D225_D230,451,tx_-2,0.04526812955737114,0.05699888989329338,-0.011730760335922241,0.011730760335922241
K6X_D100_D140_D145_D155_D225_D230,451,tx_-1,0.21699659526348114,0.17867052555084229,0.038326069712638855,0.038326069712638855
K6X_D100_D140_D145_D155_D225_D230,451,tx_0,0.005656998138874769,4.204031574772671e-05,0.005614957772195339,0.005614957772195339
K6X_D100_D140_D145_D155_D225_D230,451,tx_1,0.4286472201347351,0.2925303280353546,0.1361168920993805,0.1361168920993805
K6X_D100_D140_D145_D155_D225_D230,451,tx_2,0.056034985929727554,0.09085803478956223,-0.03482304885983467,0.03482304885983467
K6X_D100_D140_D145_D155_D225_D230,451,tx_3,0.04344630613923073,0.09206438064575195,-0.048618074506521225,0.048618074506521225
K6X_D100_D140_D145_D155_D225_D230,452,T,0.8215761207648032,0.7030877957134171,0.11848832505138618,0.11848832505138618
K6X_D100_D140_D145_D155_D225_D230,452,R,0.1785340780961135,0.2973129829950154,-0.11877890489890192,0.11877890489890192
K6X_D100_D140_D145_D155_D225_D230,452,eta_plus1,0.4421287702044014,0.27020411707831193,0.17192465312608946,0.17192465312608946
K6X_D100_D140_D145_D155_D225_D230,452,eta_0,0.006461384545255232,6.524163797391166e-07,0.006460732128875493,0.006460732128875493
K6X_D100_D140_D145_D155_D225_D230,452,eta_minus1,0.2086972649745058,0.17231475190282863,0.03638251307167717,0.03638251307167717
K6X_D100_D140_D145_D155_D225_D230,452,directionality,0.6793347934872696,0.6106047357945037,0.06873005769276586,0.06873005769276586
K6X_D100_D140_D145_D155_D225_D230,452,tx_-3,0.02765296772122383,0.007755018305033445,0.0198979489505291,0.0198979489505291
K6X_D100_D140_D145_D155_D225_D230,452,tx_-2,0.04413044452667236,0.053385667502880096,-0.009255222976207733,0.009255222976207733
K6X_D100_D140_D145_D155_D225_D230,452,tx_-1,0.20869725942611694,0.17231474816799164,0.036382511258125305,0.036382511258125305
K6X_D100_D140_D145_D155_D225_D230,452,tx_0,0.006461384706199169,6.524163609356037e-07,0.006460732314735651,0.006460732314735651
K6X_D100_D140_D145_D155_D225_D230,452,tx_1,0.4421287775039673,0.2702041268348694,0.1719246506690979,0.1719246506690979
K6X_D100_D140_D145_D155_D225_D230,452,tx_2,0.05026186630129814,0.09158807247877121,-0.04132620617747307,0.04132620617747307
K6X_D100_D140_D145_D155_D225_D230,452,tx_3,0.04224342480301857,0.10783951729536057,-0.0655960887670517,0.0655960887670517
K6X_D100_D140_D145_D155_D225_D230,453,T,0.8190565430979124,0.6945466633331454,0.12450987976476702,0.12450987976476702
K6X_D100_D140_D145_D155_D225_D230,453,R,0.18111884863543037,0.3061060273762002,-0.12498717874076981,0.12498717874076981
K6X_D100_D140_D145_D155_D225_D230,453,eta_plus1,0.45601735652475617,0.24084694604444595,0.21517041048031021,0.21517041048031021
K6X_D100_D140_D145_D155_D225_D230,453,eta_0,0.007516939072636163,5.6064531650905744e-05,0.007460874540985258,0.007460874540985258
K6X_D100_D140_D145_D155_D225_D230,453,eta_minus1,0.19922397342141265,0.17335958335773669,0.02586439006367597,0.02586439006367597
K6X_D100_D140_D145_D155_D225_D230,453,directionality,0.695953285734006,0.5814658363595966,0.11448744937440947,0.11448744937440947
K6X_D100_D140_D145_D155_D225_D230,453,tx_-3,0.02793266251683235,0.014634978026151657,0.013297684490680695,0.013297684490680695
K6X_D100_D140_D145_D155_D225_D230,453,tx_-2,0.043910425156354904,0.05095280706882477,-0.007042381912469864,0.007042381912469864
K6X_D100_D140_D145_D155_D225_D230,453,tx_-1,0.19922398030757904,0.17335958778858185,0.025864392518997192,0.025864392518997192
K6X_D100_D140_D145_D155_D225_D230,453,tx_0,0.00751693919301033,5.6064531236188486e-05,0.007460874505341053,0.007460874505341053
K6X_D100_D140_D145_D155_D225_D230,453,tx_1,0.4560173451900482,0.24084694683551788,0.21517039835453033,0.21517039835453033
K6X_D100_D140_D145_D155_D225_D230,453,tx_2,0.04354190453886986,0.08774923533201218,-0.04420733079314232,0.04420733079314232
K6X_D100_D140_D145_D155_D225_D230,453,tx_3,0.040913283824920654,0.1269470453262329,-0.08603376150131226,0.08603376150131226
K6X_D100_D140_D145_D155_D225_D230,454,T,0.8152339107481228,0.6962298904667753,0.11900402028134749,0.11900402028134749
K6X_D100_D140_D145_D155_D225_D230,454,R,0.18501041244273858,0.3042551411047815,-0.11924472866204294,0.11924472866204294
K6X_D100_D140_D145_D155_D225_D230,454,eta_plus1,0.46979235586865775,0.21111913068545796,0.2586732251831998,0.2586732251831998
K6X_D100_D140_D145_D155_D225_D230,454,eta_0,0.009017229922480465,0.00028487144134693135,0.008732358481133533,0.008732358481133533
K6X_D100_D140_D145_D155_D225_D230,454,eta_minus1,0.18840526307534153,0.18773346298636634,0.0006718000889751885,0.0006718000889751885
K6X_D100_D140_D145_D155_D225_D230,454,directionality,0.7137557814663389,0.529316178545818,0.18443960292052086,0.18443960292052086
K6X_D100_D140_D145_D155_D225_D230,454,tx_-3,0.027839655056595802,0.02351360023021698,0.004326054826378822,0.004326054826378822
K6X_D100_D140_D145_D155_D225_D230,454,tx_-2,0.045277196913957596,0.04734798148274422,-0.002070784568786621,0.002070784568786621
K6X_D100_D140_D145_D155_D225_D230,454,tx_-1,0.18840526044368744,0.187733456492424,0.0006718039512634277,0.0006718039512634277
K6X_D100_D140_D145_D155_D225_D230,454,tx_0,0.00901723001152277,0.0002848714357241988,0.008732358925044537,0.008732358925044537
K6X_D100_D140_D145_D155_D225_D230,454,tx_1,0.46979236602783203,0.2111191302537918,0.2586732506752014,0.2586732506752014
K6X_D100_D140_D145_D155_D225_D230,454,tx_2,0.03589722141623497,0.08131656795740128,-0.045419346541166306,0.045419346541166306
K6X_D100_D140_D145_D155_D225_D230,454,tx_3,0.039004988968372345,0.14491426944732666,-0.10590928047895432,0.10590928047895432
K6X_D100_D140_D145_D155_D225_D230,455,T,0.8093130946476162,0.7166598149721772,0.09265327967543902,0.09265327967543902
K6X_D100_D140_D145_D155_D225_D230,455,R,0.19099991404890118,0.28329014346339315,-0.09229022941449197,0.09229022941449197
K6X_D100_D140_D145_D155_D225_D230,455,eta_plus1,0.4811257976006626,0.19755808248740395,0.2835677151132586,0.2835677151132586
K6X_D100_D140_D145_D155_D225_D230,455,eta_0,0.011192240610419808,0.0008060168593846909,0.010386223751035116,0.010386223751035116
K6X_D100_D140_D145_D155_D225_D230,455,eta_minus1,0.1768794480942176,0.21839115116134597,-0.04151170306712837,0.04151170306712837
K6X_D100_D140_D145_D155_D225_D230,455,directionality,0.7311883921116378,0.47495719791187957,0.2562311941997582,0.2562311941997582
K6X_D100_D140_D145_D155_D225_D230,455,tx_-3,0.0267475638538599,0.03237717226147652,-0.005629608407616615,0.005629608407616615
K6X_D100_D140_D145_D155_D225_D230,455,tx_-2,0.04960086941719055,0.04053034633398056,0.009070523083209991,0.009070523083209991
K6X_D100_D140_D145_D155_D225_D230,455,tx_-1,0.17687945067882538,0.21839115023612976,-0.04151169955730438,0.04151169955730438
K6X_D100_D140_D145_D155_D225_D230,455,tx_0,0.011192240752279758,0.0008060168474912643,0.010386223904788494,0.010386223904788494
K6X_D100_D140_D145_D155_D225_D230,455,tx_1,0.4811258018016815,0.19755807518959045,0.28356772661209106,0.28356772661209106
K6X_D100_D140_D145_D155_D225_D230,455,tx_2,0.027831794694066048,0.07564405351877213,-0.04781226068735123,0.04781226068735123
K6X_D100_D140_D145_D155_D225_D230,455,tx_3,0.035935379564762115,0.15135298669338226,-0.11541760712862015,0.11541760712862015
K6X_D100_D200_D205_D210_D215_D220,445,T,0.5788727504950051,0.6611960338666876,-0.08232328337168249,0.08232328337168249
K6X_D100_D200_D205_D210_D215_D220,445,R,0.42076731846597853,0.33887812822227154,0.081889190243707,0.081889190243707
K6X_D100_D200_D205_D210_D215_D220,445,eta_plus1,0.005927705325515441,0.020976009236349742,-0.015048303910834301,0.015048303910834301
K6X_D100_D200_D205_D210_D215_D220,445,eta_0,0.5346259542935072,0.5956620418520369,-0.06103608755852963,0.06103608755852963
K6X_D100_D200_D205_D210_D215_D220,445,eta_minus1,0.012830111479572099,0.007159098613030874,0.005671012866541225,0.005671012866541225
K6X_D100_D200_D205_D210_D215_D220,445,directionality,0.3160125395780448,0.7455457199113428,-0.42953318033329796,0.42953318033329796
K6X_D100_D200_D205_D210_D215_D220,445,tx_-3,0.001834136783145368,0.003754989244043827,-0.001920852460898459,0.001920852460898459
K6X_D100_D200_D205_D210_D215_D220,445,tx_-2,0.008672474883496761,0.0014781858772039413,0.00719428900629282,0.00719428900629282
K6X_D100_D200_D205_D210_D215_D220,445,tx_-1,0.01283011119812727,0.007159098517149687,0.005671012680977583,0.005671012680977583
K6X_D100_D200_D205_D210_D215_D220,445,tx_0,0.5346259474754333,0.5956620573997498,-0.061036109924316406,0.061036109924316406
K6X_D100_D200_D205_D210_D215_D220,445,tx_1,0.005927705205976963,0.020976008847355843,-0.01504830364137888,0.01504830364137888
K6X_D100_D200_D205_D210_D215_D220,445,tx_2,0.010851586237549782,0.030961278825998306,-0.020109692588448524,0.020109692588448524
K6X_D100_D200_D205_D210_D215_D220,445,tx_3,0.004130782093852758,0.0012044307077303529,0.0029263515025377274,0.0029263515025377274
K6X_D100_D200_D205_D210_D215_D220,446,T,0.5597379789875444,0.7008162364546345,-0.14107825746709013,0.14107825746709013
K6X_D100_D200_D205_D210_D215_D220,446,R,0.4389660111162136,0.2993001351490873,0.13966587596712626,0.13966587596712626
K6X_D100_D200_D205_D210_D215_D220,446,eta_plus1,0.012054145700861446,0.03344837051011997,-0.021394224809258525,0.021394224809258525
K6X_D100_D200_D205_D210_D215_D220,446,eta_0,0.512239757802156,0.6222734333644134,-0.1100336755622574,0.1100336755622574
K6X_D100_D200_D205_D210_D215_D220,446,eta_minus1,0.01755784900487449,0.011972609510238201,0.005585239494636289,0.005585239494636289
K6X_D100_D200_D205_D210_D215_D220,446,directionality,0.40706969660934456,0.736407943974966,-0.32933824736562145,0.32933824736562145
K6X_D100_D200_D205_D210_D215_D220,446,tx_-3,0.0023088306188583374,0.0022229787427932024,8.5851876065135e-05,8.5851876065135e-05
K6X_D100_D200_D205_D210_D215_D220,446,tx_-2,0.0010058848420158029,0.0005180254811421037,0.0004878593608736992,0.0004878593608736992
K6X_D100_D200_D205_D210_D215_D220,446,tx_-1,0.017557848244905472,0.011972609907388687,0.005585238337516785,0.005585238337516785
K6X_D100_D200_D205_D210_D215_D220,446,tx_0,0.5122397541999817,0.6222734451293945,-0.11003369092941284,0.11003369092941284
K6X_D100_D200_D205_D210_D215_D220,446,tx_1,0.012054145336151123,0.03344837203621864,-0.02139422670006752,0.02139422670006752
K6X_D100_D200_D205_D210_D215_D220,446,tx_2,0.013918638229370117,0.026427848264575005,-0.012509210035204887,0.012509210035204887
K6X_D100_D200_D205_D210_D215_D220,446,tx_3,0.0006528732483275235,0.003952970262616873,-0.0033000970724970102,0.0033000970724970102
K6X_D100_D200_D205_D210_D215_D220,447,T,0.5204011449763855,0.7047609743256659,-0.1843598293492804,0.1843598293492804
K6X_D100_D200_D205_D210_D215_D220,447,R,0.4795246641394105,0.2954370551425663,0.18408760899684418,0.18408760899684418
K6X_D100_D200_D205_D210_D215_D220,447,eta_plus1,0.02020752290748744,0.049307100328130474,-0.029099577420643032,0.029099577420643032
K6X_D100_D200_D205_D210_D215_D220,447,eta_0,0.4600428940359411,0.5964921577852077,-0.13644926374926658,0.13644926374926658
K6X_D100_D200_D205_D210_D215_D220,447,eta_minus1,0.018860709165067744,0.024214817229547547,-0.005354108064479803,0.005354108064479803
K6X_D100_D200_D205_D210_D215_D220,447,directionality,0.5172366865733581,0.6706449174077784,-0.15340823083442034,0.15340823083442034
K6X_D100_D200_D205_D210_D215_D220,447,tx_-3,0.004299050662666559,0.0015086336061358452,0.002790417056530714,0.002790417056530714
K6X_D100_D200_D205_D210_D215_D220,447,tx_-2,0.001184999942779541,0.0005198171711526811,0.0006651827716268599,0.0006651827716268599
K6X_D100_D200_D205_D210_D215_D220,447,tx_-1,0.01886070892214775,0.024214817211031914,-0.005354108288884163,0.005354108288884163
K6X_D100_D200_D205_D210_D215_D220,447,tx_0,0.46004289388656616,0.5964921712875366,-0.13644927740097046,0.13644927740097046
K6X_D100_D200_D205_D210_D215_D220,447,tx_1,0.020207522436976433,0.04930710047483444,-0.02909957803785801,0.02909957803785801
K6X_D100_D200_D205_D210_D215_D220,447,tx_2,0.015215480700135231,0.02455725520849228,-0.009341774508357048,0.009341774508357048
K6X_D100_D200_D205_D210_D215_D220,447,tx_3,0.0005904879071749747,0.008161192759871483,-0.007570704910904169,0.007570704910904169
K6X_D100_D200_D205_D210_D215_D220,448,T,0.49646589126723506,0.7436221415587159,-0.2471562502914808,0.2471562502914808
K6X_D100_D200_D205_D210_D215_D220,448,R,0.5023241920626612,0.25678582541554273,0.24553836664711848,0.24553836664711848
K6X_D100_D200_D205_D210_D215_D220,448,eta_plus1,0.02318281183351657,0.057704504572665544,-0.03452169273914897,0.03452169273914897
K6X_D100_D200_D205_D210_D215_D220,448,eta_0,0.4275272180132291,0.5915551957237893,-0.1640279777105602,0.1640279777105602
K6X_D100_D200_D205_D210_D215_D220,448,eta_minus1,0.017491796227393736,0.053255017049859674,-0.03576322082246594,0.03576322082246594
K6X_D100_D200_D205_D210_D215_D220,448,directionality,0.5699578419735541,0.5200500482416581,0.04990779373189602,0.04990779373189602
K6X_D100_D200_D205_D210_D215_D220,448,tx_-3,0.006619567517191172,0.0014642196474596858,0.005155347753316164,0.005155347753316164
K6X_D100_D200_D205_D210_D215_D220,448,tx_-2,0.003453302662819624,0.006815455388277769,-0.003362152725458145,0.003362152725458145
K6X_D100_D200_D205_D210_D215_D220,448,tx_-1,0.017491796985268593,0.05325501784682274,-0.035763218998909,0.035763218998909
K6X_D100_D200_D205_D210_D215_D220,448,tx_0,0.42752721905708313,0.5915551781654358,-0.16402795910835266,0.16402795910835266
K6X_D100_D200_D205_D210_D215_D220,448,tx_1,0.023182811215519905,0.05770450457930565,-0.034521691501140594,0.034521691501140594
K6X_D100_D200_D205_D210_D215_D220,448,tx_2,0.016417304053902626,0.014145666733384132,0.0022716373205184937,0.0022716373205184937
K6X_D100_D200_D205_D210_D215_D220,448,tx_3,0.001773891388438642,0.018682081252336502,-0.01690818928182125,0.01690818928182125
K6X_D100_D200_D205_D210_D215_D220,449,T,0.48129436658148944,0.8388637686283051,-0.3575694020468157,0.3575694020468157
K6X_D100_D200_D205_D210_D215_D220,449,R,0.5184961664907007,0.1615752887438086,0.35692087774689213,0.35692087774689213
K6X_D100_D200_D205_D210_D215_D220,449,eta_plus1,0.024615862158713378,0.03870017463605662,-0.014084312477343243,0.014084312477343243
K6X_D100_D200_D205_D210_D215_D220,449,eta_0,0.3924035455913001,0.7053207767392552,-0.3129172311479551,0.3129172311479551
K6X_D100_D200_D205_D210_D215_D220,449,eta_minus1,0.0224002847626213,0.05130511941423831,-0.028904834651617008,0.028904834651617008
K6X_D100_D200_D205_D210_D215_D220,449,directionality,0.523561877580048,0.42997664797840646,0.09358522960164156,0.09358522960164156
K6X_D100_D200_D205_D210_D215_D220,449,tx_-3,0.010532003827393055,0.002364502754062414,0.008167501538991928,0.008167501538991928
K6X_D100_D200_D205_D210_D215_D220,449,tx_-2,0.008489662781357765,0.011774038895964622,-0.0032843761146068573,0.0032843761146068573
K6X_D100_D200_D205_D210_D215_D220,449,tx_-1,0.022400284186005592,0.05130511894822121,-0.028904834762215614,0.028904834762215614
K6X_D100_D200_D205_D210_D215_D220,449,tx_0,0.3924035429954529,0.7053207755088806,-0.31291723251342773,0.31291723251342773
K6X_D100_D200_D205_D210_D215_D220,449,tx_1,0.024615861475467682,0.038700174540281296,-0.014084313064813614,0.014084313064813614
K6X_D100_D200_D205_D210_D215_D220,449,tx_2,0.01856144890189171,0.008153526112437248,0.01040792278945446,0.01040792278945446
K6X_D100_D200_D205_D210_D215_D220,449,tx_3,0.004291558172553778,0.021245630457997322,-0.016954071819782257,0.016954071819782257
K6X_D100_D200_D205_D210_D215_D220,450,T,0.47695479902322946,0.873948463833094,-0.39699366480986453,0.39699366480986453
K6X_D100_D200_D205_D210_D215_D220,450,R,0.5223777078580146,0.1264108206307783,0.39596688722723633,0.39596688722723633
K6X_D100_D200_D205_D210_D215_D220,450,eta_plus1,0.026476144481209017,0.03071834160157199,-0.004242197120362973,0.004242197120362973
K6X_D100_D200_D205_D210_D215_D220,450,eta_0,0.3563436184934043,0.7657336415835159,-0.4093900230901116,0.4093900230901116
K6X_D100_D200_D205_D210_D215_D220,450,eta_minus1,0.03725991950135556,0.03752191281827467,-0.00026199331691911104,0.00026199331691911104
K6X_D100_D200_D205_D210_D215_D220,450,directionality,0.41540287910548956,0.4501498692044445,-0.03474699009895493,0.03474699009895493
K6X_D100_D200_D205_D210_D215_D220,450,tx_-3,0.015661990270018578,0.0028544794768095016,0.012807510793209076,0.012807510793209076
K6X_D100_D200_D205_D210_D215_D220,450,tx_-2,0.01500929705798626,0.010468591935932636,0.004540705122053623,0.004540705122053623
K6X_D100_D200_D205_D210_D215_D220,450,tx_-1,0.037259917706251144,0.03752191364765167,-0.00026199594140052795,0.00026199594140052795
K6X_D100_D200_D205_D210_D215_D220,450,tx_0,0.3563436269760132,0.7657336592674255,-0.40939003229141235,0.40939003229141235
K6X_D100_D200_D205_D210_D215_D220,450,tx_1,0.026476144790649414,0.03071834146976471,-0.004242196679115295,0.004242196679115295
K6X_D100_D200_D205_D210_D215_D220,450,tx_2,0.01905418559908867,0.00977433379739523,0.00927985180169344,0.00927985180169344
K6X_D100_D200_D205_D210_D215_D220,450,tx_3,0.007149644661694765,0.01687716133892536,-0.009727517142891884,0.009727517142891884
K6X_D100_D200_D205_D210_D215_D220,451,T,0.4855991633470279,0.8889562740854934,-0.4033571107384655,0.4033571107384655
K6X_D100_D200_D205_D210_D215_D220,451,R,0.5134381309132433,0.11135424631109529,0.402083884602148,0.402083884602148
K6X_D100_D200_D205_D210_D215_D220,451,eta_plus1,0.02612768970576371,0.030475898078726818,-0.0043482083729631076,0.0043482083729631076
K6X_D100_D200_D205_D210_D215_D220,451,eta_0,0.32476970074407924,0.7938598417884908,-0.46909014104441155,0.46909014104441155
K6X_D100_D200_D205_D210_D215_D220,451,eta_minus1,0.06442443481119614,0.02929290637786622,0.03513152843332992,0.03513152843332992
K6X_D100_D200_D205_D210_D215_D220,451,directionality,0.28853756712102496,0.5098963975573557,-0.22135883043633076,0.22135883043633076
K6X_D100_D200_D205_D210_D215_D220,451,tx_-3,0.022690454497933388,0.0031775811221450567,0.019512873142957687,0.019512873142957687
K6X_D100_D200_D205_D210_D215_D220,451,tx_-2,0.022780809551477432,0.008660492487251759,0.014120317064225674,0.014120317064225674
K6X_D100_D200_D205_D210_D215_D220,451,tx_-1,0.06442443281412125,0.02929290570318699,0.03513152897357941,0.03513152897357941
K6X_D100_D200_D205_D210_D215_D220,451,tx_0,0.3247697055339813,0.7938598394393921,-0.46909013390541077,0.46909013390541077
K6X_D100_D200_D205_D210_D215_D220,451,tx_1,0.026127690449357033,0.03047589771449566,-0.004348207265138626,0.004348207265138626
K6X_D100_D200_D205_D210_D215_D220,451,tx_2,0.01649918034672737,0.010564187541604042,0.005934992805123329,0.005934992805123329
K6X_D100_D200_D205_D210_D215_D220,451,tx_3,0.008306894451379776,0.012925366871058941,-0.004618472419679165,0.004618472419679165
K6X_D100_D200_D205_D210_D215_D220,452,T,0.4330088182756743,0.9016065334664345,-0.4685977151907602,0.4685977151907602
K6X_D100_D200_D205_D210_D215_D220,452,R,0.5660787021688997,0.09868927328362107,0.46738942888527857,0.46738942888527857
K6X_D100_D200_D205_D210_D215_D220,452,eta_plus1,0.013892344055764526,0.03336764536282113,-0.019475301307056603,0.019475301307056603
K6X_D100_D200_D205_D210_D215_D220,452,eta_0,0.3147172723041392,0.8141349968144439,-0.4994177245103047,0.4994177245103047
K6X_D100_D200_D205_D210_D215_D220,452,eta_minus1,0.03172909158241052,0.02385846248238494,0.007870629100025575,0.007870629100025575
K6X_D100_D200_D205_D210_D215_D220,452,directionality,0.30451352223864936,0.5830843057347014,-0.278570783496052,0.278570783496052
K6X_D100_D200_D205_D210_D215_D220,452,tx_-3,0.0037761384155601263,0.0036869156174361706,8.922279812395573e-05,8.922279812395573e-05
K6X_D100_D200_D205_D210_D215_D220,452,tx_-2,0.029529036954045296,0.007055017165839672,0.022474020719528198,0.022474020719528198
K6X_D100_D200_D205_D210_D215_D220,452,tx_-1,0.031729090958833694,0.023858463391661644,0.00787062756717205,0.00787062756717205
K6X_D100_D200_D205_D210_D215_D220,452,tx_0,0.31471726298332214,0.8141350150108337,-0.4994177520275116,0.4994177520275116
K6X_D100_D200_D205_D210_D215_D220,452,tx_1,0.013892344199120998,0.033367644995450974,-0.0194752998650074,0.0194752998650074
K6X_D100_D200_D205_D210_D215_D220,452,tx_2,0.03210034593939781,0.010000527836382389,0.022099819034337997,0.022099819034337997
K6X_D100_D200_D205_D210_D215_D220,452,tx_3,0.00726458802819252,0.009502967819571495,-0.002238379791378975,0.002238379791378975
K6X_D100_D200_D205_D210_D215_D220,453,T,0.5336128242368054,0.9121724679956761,-0.37855964375887063,0.37855964375887063
K6X_D100_D200_D205_D210_D215_D220,453,R,0.4642375232436093,0.08814560456657927,0.37609191867703,0.37609191867703
K6X_D100_D200_D205_D210_D215_D220,453,eta_plus1,0.019364369178567403,0.038655041442042376,-0.019290672263474973,0.019290672263474973
K6X_D100_D200_D205_D210_D215_D220,453,eta_0,0.42287745930955095,0.8263548620663416,-0.4034774027567906,0.4034774027567906
K6X_D100_D200_D205_D210_D215_D220,453,eta_minus1,0.04236053344691552,0.021407601462626397,0.02095293198428912,0.02095293198428912
K6X_D100_D200_D205_D210_D215_D220,453,directionality,0.3137205302057923,0.6435787633154194,-0.3298582331096271,0.3298582331096271
K6X_D100_D200_D205_D210_D215_D220,453,tx_-3,0.007644463796168566,0.004960041958838701,0.0026844218373298645,0.0026844218373298645
K6X_D100_D200_D205_D210_D215_D220,453,tx_-2,0.021639039739966393,0.005643853917717934,0.01599518582224846,0.01599518582224846
K6X_D100_D200_D205_D210_D215_D220,453,tx_-1,0.04236053302884102,0.021407602354884148,0.02095293067395687,0.02095293067395687
K6X_D100_D200_D205_D210_D215_D220,453,tx_0,0.4228774607181549,0.8263548612594604,-0.40347740054130554,0.40347740054130554
K6X_D100_D200_D205_D210_D215_D220,453,tx_1,0.01936437003314495,0.03865504264831543,-0.01929067261517048,0.01929067261517048
K6X_D100_D200_D205_D210_D215_D220,453,tx_2,0.016370689496397972,0.00855003111064434,0.007820658385753632,0.007820658385753632
K6X_D100_D200_D205_D210_D215_D220,453,tx_3,0.003356269095093012,0.006601036060601473,-0.003244766965508461,0.003244766965508461
K6X_D100_D200_D205_D210_D215_D220,454,T,0.5771539811902738,0.9076453855531199,-0.3304914043628461,0.3304914043628461
K6X_D100_D200_D205_D210_D215_D220,454,R,0.4218686737809552,0.09269104068882399,0.3291776330921312,0.3291776330921312
K6X_D100_D200_D205_D210_D215_D220,454,eta_plus1,0.014853256725962974,0.04439512935745986,-0.029541872631496886,0.029541872631496886
K6X_D100_D200_D205_D210_D215_D220,454,eta_0,0.46594472504171874,0.8124823122412002,-0.3465375871994814,0.3465375871994814
K6X_D100_D200_D205_D210_D215_D220,454,eta_minus1,0.054728001576941576,0.02712156596515664,0.027606435611784937,0.027606435611784937
K6X_D100_D200_D205_D210_D215_D220,454,directionality,0.2134663426364474,0.6207659506244035,-0.40729960798795617,0.40729960798795617
K6X_D100_D200_D205_D210_D215_D220,454,tx_-3,0.009920013137161732,0.006929272785782814,0.0029907403513789177,0.0029907403513789177
K6X_D100_D200_D205_D210_D215_D220,454,tx_-2,0.021150847896933556,0.004082940053194761,0.017067907378077507,0.017067907378077507
K6X_D100_D200_D205_D210_D215_D220,454,tx_-1,0.05472800135612488,0.027121566236019135,0.027606435120105743,0.027606435120105743
K6X_D100_D200_D205_D210_D215_D220,454,tx_0,0.46594473719596863,0.8124822974205017,-0.3465375602245331,0.3465375602245331
K6X_D100_D200_D205_D210_D215_D220,454,tx_1,0.01485325675457716,0.04439513012766838,-0.029541872441768646,0.029541872441768646
K6X_D100_D200_D205_D210_D215_D220,454,tx_2,0.007610617205500603,0.008447706699371338,-0.0008370894938707352,0.0008370894938707352
K6X_D100_D200_D205_D210_D215_D220,454,tx_3,0.0029465185943990946,0.004186458420008421,-0.0012399398256093264,0.0012399398256093264
K6X_D100_D200_D205_D210_D215_D220,455,T,0.5901774454999537,0.877568259956547,-0.2873908144565933,0.2873908144565933
K6X_D100_D200_D205_D210_D215_D220,455,R,0.4112385463607074,0.12271940684795483,0.28851913951275254,0.28851913951275254
K6X_D100_D200_D205_D210_D215_D220,455,eta_plus1,0.012518683890106316,0.0502534742863662,-0.03773479039625988,0.03773479039625988
K6X_D100_D200_D205_D210_D215_D220,455,eta_0,0.4835571805406832,0.7702963103823852,-0.286739129841702,0.286739129841702
K6X_D100_D200_D205_D210_D215_D220,455,eta_minus1,0.05737283200470777,0.0377610828219586,0.019611749182749168,0.019611749182749168
K6X_D100_D200_D205_D210_D215_D220,455,directionality,0.17911593030757536,0.5709677573508236,-0.3918518270432483,0.3918518270432483
K6X_D100_D200_D205_D210_D215_D220,455,tx_-3,0.01111825741827488,0.007408470381051302,0.0037097870372235775,0.0037097870372235775
K6X_D100_D200_D205_D210_D215_D220,455,tx_-2,0.019278548657894135,0.002486080164089799,0.01679246872663498,0.01679246872663498
K6X_D100_D200_D205_D210_D215_D220,455,tx_-1,0.05737283080816269,0.037761081010103226,0.019611749798059464,0.019611749798059464
K6X_D100_D200_D205_D210_D215_D220,455,tx_0,0.48355719447135925,0.7702963352203369,-0.28673914074897766,0.28673914074897766
K6X_D100_D200_D205_D210_D215_D220,455,tx_1,0.012518683448433876,0.05025347322225571,-0.03773479163646698,0.03773479163646698
K6X_D100_D200_D205_D210_D215_D220,455,tx_2,0.004246727097779512,0.00837472453713417,-0.004127997439354658,0.004127997439354658
K6X_D100_D200_D205_D210_D215_D220,455,tx_3,0.00208521680906415,0.000988116837106645,0.0010970999719575047,0.0010970999719575047
K6X_D125_D135_D150_D175_D190_D210,445,T,0.7715955012725566,0.8918344824016029,-0.1202389811290463,0.1202389811290463
K6X_D125_D135_D150_D175_D190_D210,445,R,0.22723662782696163,0.10793086885681506,0.11930575897014657,0.11930575897014657
K6X_D125_D135_D150_D175_D190_D210,445,eta_plus1,0.6989210177009164,0.8583556819452779,-0.15943466424436148,0.15943466424436148
K6X_D125_D135_D150_D175_D190_D210,445,eta_0,0.015175419457932238,0.007235669776908788,0.007939749681023449,0.007939749681023449
K6X_D125_D135_D150_D175_D190_D210,445,eta_minus1,0.002880265162432663,0.006158525605892005,-0.0032782604434593416,0.0032782604434593416
K6X_D125_D135_D150_D175_D190_D210,445,directionality,0.9958958964128974,0.9928763164883817,0.003019579924515736,0.003019579924515736
K6X_D125_D135_D150_D175_D190_D210,445,tx_-3,0.0088815251365304,0.00221904250793159,0.006662482395768166,0.006662482395768166
K6X_D125_D135_D150_D175_D190_D210,445,tx_-2,0.00020504670101217926,0.002766796387732029,-0.0025617496576160192,0.0025617496576160192
K6X_D125_D135_D150_D175_D190_D210,445,tx_-1,0.002880265237763524,0.006158525589853525,-0.003278260352090001,0.003278260352090001
K6X_D125_D135_D150_D175_D190_D210,445,tx_0,0.015175419859588146,0.007235669996589422,0.007939750328660011,0.007939750328660011
K6X_D125_D135_D150_D175_D190_D210,445,tx_1,0.6989210247993469,0.858355700969696,-0.15943467617034912,0.15943467617034912
K6X_D125_D135_D150_D175_D190_D210,445,tx_2,0.04303964227437973,0.014146794565021992,0.028892848640680313,0.028892848640680313
K6X_D125_D135_D150_D175_D190_D210,445,tx_3,0.0024925849866122007,0.0009519719169475138,0.0015406131278723478,0.0015406131278723478
K6X_D125_D135_D150_D175_D190_D210,446,T,0.781712061211798,0.8911602575516393,-0.10944819633984126,0.10944819633984126
K6X_D125_D135_D150_D175_D190_D210,446,R,0.21764831557122002,0.10903322526314015,0.10861509030807988,0.10861509030807988
K6X_D125_D135_D150_D175_D190_D210,446,eta_plus1,0.7106722488376127,0.8567280642698385,-0.1460558154322258,0.1460558154322258
K6X_D125_D135_D150_D175_D190_D210,446,eta_0,0.01312302469002894,0.006839295868000453,0.0062837288220284875,0.0062837288220284875
K6X_D125_D135_D150_D175_D190_D210,446,eta_minus1,0.003900424193103517,0.006538979711455989,-0.002638555518352472,0.002638555518352472
K6X_D125_D135_D150_D175_D190_D210,446,directionality,0.994541598999916,0.992425310618486,0.002116288381429965,0.002116288381429965
K6X_D125_D135_D150_D175_D190_D210,446,tx_-3,0.008959726430475712,0.0025668381713330746,0.006392888259142637,0.006392888259142637
K6X_D125_D135_D150_D175_D190_D210,446,tx_-2,0.0001579032395966351,0.0022916120942682028,-0.0021337089128792286,0.0021337089128792286
K6X_D125_D135_D150_D175_D190_D210,446,tx_-1,0.003900424111634493,0.006538979709148407,-0.002638555597513914,0.002638555597513914
K6X_D125_D135_D150_D175_D190_D210,446,tx_0,0.013123024255037308,0.006839295849204063,0.006283728405833244,0.006283728405833244
K6X_D125_D135_D150_D175_D190_D210,446,tx_1,0.7106722593307495,0.8567280769348145,-0.14605581760406494,0.14605581760406494
K6X_D125_D135_D150_D175_D190_D210,446,tx_2,0.04281060770153999,0.014976008795201778,0.02783459797501564,0.02783459797501564
K6X_D125_D135_D150_D175_D190_D210,446,tx_3,0.0020881269592791796,0.00121945864520967,0.0008686683140695095,0.0008686683140695095
K6X_D125_D135_D150_D175_D190_D210,447,T,0.7912869801540274,0.888726667937773,-0.09743968778374557,0.09743968778374557
K6X_D125_D135_D150_D175_D190_D210,447,R,0.20809320951487711,0.11101440183554295,0.09707880767933416,0.09707880767933416
K6X_D125_D135_D150_D175_D190_D210,447,eta_plus1,0.7217496448275353,0.852646457816649,-0.1308968129891137,0.1308968129891137
K6X_D125_D135_D150_D175_D190_D210,447,eta_0,0.011293320005333564,0.006413425648463068,0.004879894356870496,0.004879894356870496
K6X_D125_D135_D150_D175_D190_D210,447,eta_minus1,0.00498860431454552,0.006917104030841089,-0.001928499716295569,0.001928499716295569
K6X_D125_D135_D150_D175_D190_D210,447,directionality,0.993135624386862,0.9919527719207013,0.0011828524661606776,0.0011828524661606776
K6X_D125_D135_D150_D175_D190_D210,447,tx_-3,0.008990759029984474,0.002839453052729368,0.006151305977255106,0.006151305977255106
K6X_D125_D135_D150_D175_D190_D210,447,tx_-2,0.0001244285813299939,0.001986834919080138,-0.00186240638140589,0.00186240638140589
K6X_D125_D135_D150_D175_D190_D210,447,tx_-1,0.004988604225218296,0.006917104125022888,-0.0019284998998045921,0.0019284998998045921
K6X_D125_D135_D150_D175_D190_D210,447,tx_0,0.0112933199852705,0.006413425784558058,0.004879894200712442,0.004879894200712442
K6X_D125_D135_D150_D175_D190_D210,447,tx_1,0.7217496633529663,0.8526464700698853,-0.13089680671691895,0.13089680671691895
K6X_D125_D135_D150_D175_D190_D210,447,tx_2,0.04235077649354935,0.01630944013595581,0.026041336357593536,0.026041336357593536
K6X_D125_D135_D150_D175_D190_D210,447,tx_3,0.0017894479678943753,0.0016139528015628457,0.00017549516633152962,0.00017549516633152962
K6X_D125_D135_D150_D175_D190_D210,448,T,0.7996233968401735,0.8863393569183645,-0.08671596007819105,0.08671596007819105
K6X_D125_D135_D150_D175_D190_D210,448,R,0.19957170214405576,0.11368490250050058,0.08588679964355518,0.08588679964355518
K6X_D125_D135_D150_D175_D190_D210,448,eta_plus1,0.7311447106443568,0.8476709266262804,-0.11652621598192359,0.11652621598192359
K6X_D125_D135_D150_D175_D190_D210,448,eta_0,0.009776018338267405,0.005949403960475615,0.00382661437779179,0.00382661437779179
K6X_D125_D135_D150_D175_D190_D210,448,eta_minus1,0.0062396392373503685,0.00745398655198149,-0.0012143473146311217,0.0012143473146311217
K6X_D125_D135_D150_D175_D190_D210,448,directionality,0.9915381452856283,0.9912831605802747,0.000254984705353678,0.000254984705353678
K6X_D125_D135_D150_D175_D190_D210,448,tx_-3,0.009068035520613194,0.0030768541619181633,0.00599118135869503,0.00599118135869503
K6X_D125_D135_D150_D175_D190_D210,448,tx_-2,9.280400263378397e-05,0.0018940629670396447,-0.0018012590007856488,0.0018012590007856488
K6X_D125_D135_D150_D175_D190_D210,448,tx_-1,0.00623963912948966,0.007453986443579197,-0.0012143473140895367,0.0012143473140895367
K6X_D125_D135_D150_D175_D190_D210,448,tx_0,0.009776018559932709,0.005949404090642929,0.0038266144692897797,0.0038266144692897797
K6X_D125_D135_D150_D175_D190_D210,448,tx_1,0.7311447262763977,0.8476709127426147,-0.11652618646621704,0.11652618646621704
K6X_D125_D135_D150_D175_D190_D210,448,tx_2,0.04177588224411011,0.01817448064684868,0.02360140159726143,0.02360140159726143
K6X_D125_D135_D150_D175_D190_D210,448,tx_3,0.0015263062668964267,0.0021196426823735237,-0.000593336415477097,0.000593336415477097
K6X_D125_D135_D150_D175_D190_D210,449,T,0.8080768388615611,0.8796516567998122,-0.07157481793825105,0.07157481793825105
K6X_D125_D135_D150_D175_D190_D210,449,R,0.19160772381224467,0.12046930083658827,0.0711384229756564,0.0711384229756564
K6X_D125_D135_D150_D175_D190_D210,449,eta_plus1,0.7405042504290853,0.8370945396647673,-0.09659028923568203,0.09659028923568203
K6X_D125_D135_D150_D175_D190_D210,449,eta_0,0.008486948499505117,0.005727831650475791,0.002759116849029326,0.002759116849029326
K6X_D125_D135_D150_D175_D190_D210,449,eta_minus1,0.007479098912606892,0.007823359526663243,-0.0003442606140563508,0.0003442606140563508
K6X_D125_D135_D150_D175_D190_D210,449,directionality,0.9900009820817678,0.9907406867174313,-0.0007397046356635295,0.0007397046356635295
K6X_D125_D135_D150_D175_D190_D210,449,tx_-3,0.009107966907322407,0.0033339757937937975,0.005773991346359253,0.005773991346359253
K6X_D125_D135_D150_D175_D190_D210,449,tx_-2,7.320380245801061e-05,0.0019732394721359015,-0.0019000356551259756,0.0019000356551259756
K6X_D125_D135_D150_D175_D190_D210,449,tx_-1,0.007479099091142416,0.007823359221220016,-0.0003442601300776005,0.0003442601300776005
K6X_D125_D135_D150_D175_D190_D210,449,tx_0,0.008486948907375336,0.005727831739932299,0.002759117167443037,0.002759117167443037
K6X_D125_D135_D150_D175_D190_D210,449,tx_1,0.740504264831543,0.8370945453643799,-0.09659028053283691,0.09659028053283691
K6X_D125_D135_D150_D175_D190_D210,449,tx_2,0.041095707565546036,0.020735500380396843,0.020360207185149193,0.020360207185149193
K6X_D125_D135_D150_D175_D190_D210,449,tx_3,0.0013296642573550344,0.002963210688903928,-0.0016335464315488935,0.0016335464315488935
K6X_D125_D135_D150_D175_D190_D210,450,T,0.8158624866324152,0.8669431007992114,-0.05108061416679621,0.05108061416679621
K6X_D125_D135_D150_D175_D190_D210,450,R,0.1833553642602435,0.13283772251596662,0.050517641744276864,0.050517641744276864
K6X_D125_D135_D150_D175_D190_D210,450,eta_plus1,0.7492506215421282,0.8197346556838616,-0.07048403414173343,0.07048403414173343
K6X_D125_D135_D150_D175_D190_D210,450,eta_0,0.007266229813798092,0.005452596334564655,0.001813633479233437,0.001813633479233437
K6X_D125_D135_D150_D175_D190_D210,450,eta_minus1,0.008925532685834776,0.008093003582479972,0.0008325291033548041,0.0008325291033548041
K6X_D125_D135_D150_D175_D190_D210,450,directionality,0.9882276267381115,0.9902238062573889,-0.001996179519277441,0.001996179519277441
K6X_D125_D135_D150_D175_D190_D210,450,tx_-3,0.009120485745370388,0.0033279506023973227,0.005792534910142422,0.005792534910142422
K6X_D125_D135_D150_D175_D190_D210,450,tx_-2,5.0815076974686235e-05,0.0022371530067175627,-0.0021863379515707493,0.0021863379515707493
K6X_D125_D135_D150_D175_D190_D210,450,tx_-1,0.008925532922148705,0.008093003183603287,0.0008325297385454178,0.0008325297385454178
K6X_D125_D135_D150_D175_D190_D210,450,tx_0,0.007266229949891567,0.005452596116811037,0.0018136338330805302,0.0018136338330805302
K6X_D125_D135_D150_D175_D190_D210,450,tx_1,0.7492506504058838,0.8197346329689026,-0.0704839825630188,0.0704839825630188
K6X_D125_D135_D150_D175_D190_D210,450,tx_2,0.04007197171449661,0.02386573888361454,0.016206232830882072,0.016206232830882072
K6X_D125_D135_D150_D175_D190_D210,450,tx_3,0.001176831079646945,0.004232002887874842,-0.0030551718082278967,0.0030551718082278967
K6X_D125_D135_D150_D175_D190_D210,451,T,0.8236385330400573,0.8488256406238274,-0.025187107583770074,0.025187107583770074
K6X_D125_D135_D150_D175_D190_D210,451,R,0.17632668784962047,0.15132108884186868,0.02500559900775179,0.02500559900775179
K6X_D125_D135_D150_D175_D190_D210,451,eta_plus1,0.7576847434785773,0.7982073275426479,-0.04052258406407061,0.04052258406407061
K6X_D125_D135_D150_D175_D190_D210,451,eta_0,0.006247498479226989,0.004907141811861718,0.0013403566673652707,0.0013403566673652707
K6X_D125_D135_D150_D175_D190_D210,451,eta_minus1,0.010458071571954325,0.008308904630406651,0.002149166941547674,0.002149166941547674
K6X_D125_D135_D150_D175_D190_D210,451,directionality,0.9863852510665398,0.9896977837531932,-0.0033125326866533245,0.0033125326866533245
K6X_D125_D135_D150_D175_D190_D210,451,tx_-3,0.00917967688292265,0.0033802916295826435,0.005799385253340006,0.005799385253340006
K6X_D125_D135_D150_D175_D190_D210,451,tx_-2,3.227943670935929e-05,0.002153853652998805,-0.002121574245393276,0.002121574245393276
K6X_D125_D135_D150_D175_D190_D210,451,tx_-1,0.01045807171612978,0.008308904245495796,0.0021491674706339836,0.0021491674706339836
K6X_D125_D135_D150_D175_D190_D210,451,tx_0,0.00624749856069684,0.0049071419052779675,0.0013403566554188728,0.0013403566554188728
K6X_D125_D135_D150_D175_D190_D210,451,tx_1,0.7576847672462463,0.7982073426246643,-0.04052257537841797,0.04052257537841797
K6X_D125_D135_D150_D175_D190_D210,451,tx_2,0.038983333855867386,0.026090499013662338,0.012892834842205048,0.012892834842205048
K6X_D125_D135_D150_D175_D190_D210,451,tx_3,0.001052929786965251,0.005777622573077679,-0.004724692553281784,0.004724692553281784
K6X_D125_D135_D150_D175_D190_D210,452,T,0.8358056214105131,0.832074714008312,0.0037309074022010558,0.0037309074022010558
K6X_D125_D135_D150_D175_D190_D210,452,R,0.1630617913855273,0.1681874033530158,-0.005125611967488508,0.005125611967488508
K6X_D125_D135_D150_D175_D190_D210,452,eta_plus1,0.7734277923702855,0.7792860194492092,-0.0058582270789236945,0.0058582270789236945
K6X_D125_D135_D150_D175_D190_D210,452,eta_0,0.004536848633327783,0.003747364658661923,0.0007894839746658599,0.0007894839746658599
K6X_D125_D135_D150_D175_D190_D210,452,eta_minus1,0.012681914221892635,0.008793643751835976,0.0038882704700566595,0.0038882704700566595
K6X_D125_D135_D150_D175_D190_D210,452,directionality,0.9838675007883195,0.9888416816694422,-0.0049741808811226695,0.0049741808811226695
K6X_D125_D135_D150_D175_D190_D210,452,tx_-3,0.008796010166406631,0.00345121999271214,0.005344790406525135,0.005344790406525135
K6X_D125_D135_D150_D175_D190_D210,452,tx_-2,3.1748659239383414e-05,0.001750364201143384,-0.0017186155309900641,0.0017186155309900641
K6X_D125_D135_D150_D175_D190_D210,452,tx_-1,0.012681914493441582,0.008793643675744534,0.003888270817697048,0.003888270817697048
K6X_D125_D135_D150_D175_D190_D210,452,tx_0,0.0045368485152721405,0.003747364738956094,0.0007894837763160467,0.0007894837763160467
K6X_D125_D135_D150_D175_D190_D210,452,tx_1,0.7734277844429016,0.7792860269546509,-0.005858242511749268,0.005858242511749268
K6X_D125_D135_D150_D175_D190_D210,452,tx_2,0.0351715050637722,0.027679266408085823,0.0074922386556863785,0.0074922386556863785
K6X_D125_D135_D150_D175_D190_D210,452,tx_3,0.0011598023120313883,0.00736683513969183,-0.006207033060491085,0.006207033060491085
K6X_D125_D135_D150_D175_D190_D210,453,T,0.8242335759546499,0.8234097508896207,0.0008238250650292045,0.0008238250650292045
K6X_D125_D135_D150_D175_D190_D210,453,R,0.1737854504634039,0.17615643303766282,-0.002370982574258912,0.002370982574258912
K6X_D125_D135_D150_D175_D190_D210,453,eta_plus1,0.7553560425046477,0.7670152118083562,-0.011659169303708472,0.011659169303708472
K6X_D125_D135_D150_D175_D190_D210,453,eta_0,0.006657722076071947,0.0022888074069390765,0.00436891466913287,0.00436891466913287
K6X_D125_D135_D150_D175_D190_D210,453,eta_minus1,0.00958378430071811,0.00980543946689675,-0.00022165516617863971,0.00022165516617863971
K6X_D125_D135_D150_D175_D190_D210,453,directionality,0.9874711918965664,0.987377473229117,9.371866744944946e-05,9.371866744944946e-05
K6X_D125_D135_D150_D175_D190_D210,453,tx_-3,0.00880361720919609,0.0037977450992912054,0.005005871877074242,0.005005871877074242
K6X_D125_D135_D150_D175_D190_D210,453,tx_-2,0.0003047533391509205,0.001588469254784286,-0.001283715944737196,0.001283715944737196
K6X_D125_D135_D150_D175_D190_D210,453,tx_-1,0.009583784267306328,0.009805439040064812,-0.0002216547727584839,0.0002216547727584839
K6X_D125_D135_D150_D175_D190_D210,453,tx_0,0.006657721940428019,0.0022888074163347483,0.004368914291262627,0.004368914291262627
K6X_D125_D135_D150_D175_D190_D210,453,tx_1,0.7553560137748718,0.7670152187347412,-0.011659204959869385,0.011659204959869385
K6X_D125_D135_D150_D175_D190_D210,453,tx_2,0.04224691912531853,0.03000357560813427,0.012243343517184258,0.012243343517184258
K6X_D125_D135_D150_D175_D190_D210,453,tx_3,0.0012807386228814721,0.00891050323843956,-0.00762976473197341,0.00762976473197341
K6X_D125_D135_D150_D175_D190_D210,454,T,0.8332325680653546,0.8173611341534888,0.01587143391186585,0.01587143391186585
K6X_D125_D135_D150_D175_D190_D210,454,R,0.16674788855971784,0.18303673688334646,-0.01628884832362862,0.01628884832362862
K6X_D125_D135_D150_D175_D190_D210,454,eta_plus1,0.764081566743284,0.7547576674124226,0.009323899330861418,0.009323899330861418
K6X_D125_D135_D150_D175_D190_D210,454,eta_0,0.0051947662277201205,0.0011213596570941236,0.004073406570625997,0.004073406570625997
K6X_D125_D135_D150_D175_D190_D210,454,eta_minus1,0.013547653182430763,0.010567505216033352,0.0029801479663974107,0.0029801479663974107
K6X_D125_D135_D150_D175_D190_D210,454,directionality,0.9825782611618877,0.9861921368929497,-0.0036138757310619773,0.0036138757310619773
K6X_D125_D135_D150_D175_D190_D210,454,tx_-3,0.009473197162151337,0.003968512639403343,0.0055046845227479935,0.0055046845227479935
K6X_D125_D135_D150_D175_D190_D210,454,tx_-2,7.056871254462749e-05,0.002091097179800272,-0.0020205285400152206,0.0020205285400152206
K6X_D125_D135_D150_D175_D190_D210,454,tx_-1,0.013547653332352638,0.010567504912614822,0.002980148419737816,0.002980148419737816
K6X_D125_D135_D150_D175_D190_D210,454,tx_0,0.0051947664469480515,0.0011213596444576979,0.00407340656965971,0.00407340656965971
K6X_D125_D135_D150_D175_D190_D210,454,tx_1,0.7640815377235413,0.7547576427459717,0.00932389497756958,0.00932389497756958
K6X_D125_D135_D150_D175_D190_D210,454,tx_2,0.04011151194572449,0.03385184332728386,0.006259668618440628,0.006259668618440628
K6X_D125_D135_D150_D175_D190_D210,454,tx_3,0.0007533045136369765,0.011003149673342705,-0.010249844752252102,0.010249844752252102
K6X_D125_D135_D150_D175_D190_D210,455,T,0.8393687744227545,0.8193876646739199,0.019981109748834602,0.019981109748834602
K6X_D125_D135_D150_D175_D190_D210,455,R,0.16039311832418834,0.1811112254178311,-0.020718107093642746,0.020718107093642746
K6X_D125_D135_D150_D175_D190_D210,455,eta_plus1,0.7705060507968104,0.7465980776261275,0.02390797317068294,0.02390797317068294
K6X_D125_D135_D150_D175_D190_D210,455,eta_0,0.004269191903420009,0.0002757619274233002,0.003993429975996709,0.003993429975996709
K6X_D125_D135_D150_D175_D190_D210,455,eta_minus1,0.015733955583946396,0.01112769172954867,0.0046062638543977255,0.0046062638543977255
K6X_D125_D135_D150_D175_D190_D210,455,directionality,0.9799883553924286,0.9853143549030793,-0.005325999510650714,0.005325999510650714
K6X_D125_D135_D150_D175_D190_D210,455,tx_-3,0.009464512579143047,0.004554578103125095,0.004909934476017952,0.004909934476017952
K6X_D125_D135_D150_D175_D190_D210,455,tx_-2,4.950595393893309e-05,0.004785530734807253,-0.004736024886369705,0.004736024886369705
K6X_D125_D135_D150_D175_D190_D210,455,tx_-1,0.015733955428004265,0.011127691715955734,0.004606263712048531,0.004606263712048531
K6X_D125_D135_D150_D175_D190_D210,455,tx_0,0.0042691919952631,0.00027576193679124117,0.00399343017488718,0.00399343017488718
K6X_D125_D135_D150_D175_D190_D210,455,tx_1,0.7705060243606567,0.7465980648994446,0.023907959461212158,0.023907959461212158
K6X_D125_D135_D150_D175_D190_D210,455,tx_2,0.03861229121685028,0.0384906530380249,0.00012163817882537842,0.00012163817882537842
K6X_D125_D135_D150_D175_D190_D210,455,tx_3,0.0007332654786296189,0.013555372133851051,-0.01282210648059845,0.01282210648059845
K6X_D130_D145_D155_D180_D195_D230,445,T,0.7714685754729051,0.9232889951891871,-0.1518204197162819,0.1518204197162819
K6X_D130_D145_D155_D180_D195_D230,445,R,0.2274249850221656,0.07717783321031811,0.1502471518118475,0.1502471518118475
K6X_D130_D145_D155_D180_D195_D230,445,eta_plus1,0.6718526258097849,0.8642819524816584,-0.1924293266718735,0.1924293266718735
K6X_D130_D145_D155_D180_D195_D230,445,eta_0,0.05551371459157115,0.018346060266659588,0.037167654324911564,0.037167654324911564
K6X_D130_D145_D155_D180_D195_D230,445,eta_minus1,0.0004979075063314866,0.003487357886889569,-0.0029894503805580827,0.0029894503805580827
K6X_D130_D145_D155_D180_D195_D230,445,directionality,0.9992594525003561,0.9959812385097965,0.0032782139905596086,0.0032782139905596086
K6X_D130_D145_D155_D180_D195_D230,445,tx_-3,0.00039255214505828917,0.0016422249609604478,-0.001249672845005989,0.001249672845005989
K6X_D130_D145_D155_D180_D195_D230,445,tx_-2,0.008020982146263123,0.007424236740916967,0.0005967454053461552,0.0005967454053461552
K6X_D130_D145_D155_D180_D195_D230,445,tx_-1,0.0004979075165465474,0.003487357869744301,-0.0029894504696130753,0.0029894504696130753
K6X_D130_D145_D155_D180_D195_D230,445,tx_0,0.055513713508844376,0.018346060067415237,0.03716765344142914,0.03716765344142914
K6X_D130_D145_D155_D180_D195_D230,445,tx_1,0.6718526482582092,0.864281952381134,-0.1924293041229248,0.1924293041229248
K6X_D130_D145_D155_D180_D195_D230,445,tx_2,0.03311761096119881,0.009426804259419441,0.023690806701779366,0.023690806701779366
K6X_D130_D145_D155_D180_D195_D230,445,tx_3,0.0020731824915856123,0.018680358305573463,-0.016607176512479782,0.016607176512479782
K6X_D130_D145_D155_D180_D195_D230,446,T,0.7683377425907277,0.919821556233092,-0.1514838136423643,0.1514838136423643
K6X_D130_D145_D155_D180_D195_D230,446,R,0.23090959487893675,0.08175262355372118,0.14915697132521558,0.14915697132521558
K6X_D130_D145_D155_D180_D195_D230,446,eta_plus1,0.6656996021966244,0.864761271615089,-0.1990616694184646,0.1990616694184646
K6X_D130_D145_D155_D180_D195_D230,446,eta_0,0.0545606080036974,0.01531245320529127,0.039248154798406126,0.039248154798406126
K6X_D130_D145_D155_D180_D195_D230,446,eta_minus1,0.0006319729582451568,0.003946889083809803,-0.0033149161255646466,0.0033149161255646466
K6X_D130_D145_D155_D180_D195_D230,446,directionality,0.9990515638432739,0.9954565995090521,0.003594964334221795,0.003594964334221795
K6X_D130_D145_D155_D180_D195_D230,446,tx_-3,0.0006629106355831027,0.0018664540257304907,-0.001203543390147388,0.001203543390147388
K6X_D130_D145_D155_D180_D195_D230,446,tx_-2,0.008254274725914001,0.01081057172268629,-0.0025562969967722893,0.0025562969967722893
K6X_D130_D145_D155_D180_D195_D230,446,tx_-1,0.0006319729727692902,0.003946889191865921,-0.0033149162773042917,0.0033149162773042917
K6X_D130_D145_D155_D180_D195_D230,446,tx_0,0.05456060916185379,0.015312452800571918,0.039248157292604446,0.039248157292604446
K6X_D130_D145_D155_D180_D195_D230,446,tx_1,0.6656996011734009,0.8647612929344177,-0.19906169176101685,0.19906169176101685
K6X_D130_D145_D155_D180_D195_D230,446,tx_2,0.035869549959897995,0.010324325412511826,0.02554522454738617,0.02554522454738617
K6X_D130_D145_D155_D180_D195_D230,446,tx_3,0.002658822573721409,0.01279959175735712,-0.010140769183635712,0.010140769183635712
K6X_D130_D145_D155_D180_D195_D230,447,T,0.7640762197468066,0.9064719171937545,-0.1423956974469479,0.1423956974469479
K6X_D130_D145_D155_D180_D195_D230,447,R,0.2345670185918354,0.09537873817346086,0.13918828041837455,0.13918828041837455
K6X_D130_D145_D155_D180_D195_D230,447,eta_plus1,0.6647124616768313,0.8502382367791608,-0.18552577510232948,0.18552577510232948
K6X_D130_D145_D155_D180_D195_D230,447,eta_0,0.049179713859199996,0.014782094574358712,0.03439761928484128,0.03439761928484128
K6X_D130_D145_D155_D180_D195_D230,447,eta_minus1,0.0007048431604870594,0.004948363979280524,-0.004243520818793464,0.004243520818793464
K6X_D130_D145_D155_D180_D195_D230,447,directionality,0.9989407501798299,0.9942137026294706,0.004727047550359242,0.004727047550359242
K6X_D130_D145_D155_D180_D195_D230,447,tx_-3,0.001225861837156117,0.0023638198617845774,-0.0011379580246284604,0.0011379580246284604
K6X_D130_D145_D155_D180_D195_D230,447,tx_-2,0.00878418330103159,0.013560809195041656,-0.004776625894010067,0.004776625894010067
K6X_D130_D145_D155_D180_D195_D230,447,tx_-1,0.0007048431434668601,0.004948364105075598,-0.004243521019816399,0.004243521019816399
K6X_D130_D145_D155_D180_D195_D230,447,tx_0,0.04917971417307854,0.014782094396650791,0.03439762070775032,0.03439762070775032
K6X_D130_D145_D155_D180_D195_D230,447,tx_1,0.6647124886512756,0.8502382636070251,-0.1855257749557495,0.1855257749557495
K6X_D130_D145_D155_D180_D195_D230,447,tx_2,0.03596067428588867,0.011151665821671486,0.024809008464217186,0.024809008464217186
K6X_D130_D145_D155_D180_D195_D230,447,tx_3,0.003508481662720442,0.009426928125321865,-0.005918446462601423,0.005918446462601423
K6X_D130_D145_D155_D180_D195_D230,448,T,0.5017703282746444,0.8877165852250026,-0.3859462569503582,0.3859462569503582
K6X_D130_D145_D155_D180_D195_D230,448,R,0.4937159041124496,0.11390208204192505,0.37981382207052455,0.37981382207052455
K6X_D130_D145_D155_D180_D195_D230,448,eta_plus1,0.4369482676175689,0.8282998912819008,-0.39135162366433196,0.39135162366433196
K6X_D130_D145_D155_D180_D195_D230,448,eta_0,0.0259399392707764,0.014763562438670151,0.011176376832106249,0.011176376832106249
K6X_D130_D145_D155_D180_D195_D230,448,eta_minus1,0.0024840249074800126,0.0062972700143597024,-0.00381324510687969,0.00381324510687969
K6X_D130_D145_D155_D180_D195_D230,448,directionality,0.994347195347874,0.9924547191071449,0.0018924762407290796,0.0018924762407290796
K6X_D130_D145_D155_D180_D195_D230,448,tx_-3,0.0032864639069885015,0.003158668987452984,0.0001277949195355177,0.0001277949195355177
K6X_D130_D145_D155_D180_D195_D230,448,tx_-2,0.014121850952506065,0.016308967024087906,-0.0021871160715818405,0.0021871160715818405
K6X_D130_D145_D155_D180_D195_D230,448,tx_-1,0.0024840249679982662,0.006297269836068153,-0.003813244868069887,0.003813244868069887
K6X_D130_D145_D155_D180_D195_D230,448,tx_0,0.02593993954360485,0.014763562008738518,0.011176377534866333,0.011176377534866333
K6X_D130_D145_D155_D180_D195_D230,448,tx_1,0.4369482696056366,0.828299880027771,-0.3913516104221344,0.3913516104221344
K6X_D130_D145_D155_D180_D195_D230,448,tx_2,0.017518816515803337,0.011814126744866371,0.005704689770936966,0.005704689770936966
K6X_D130_D145_D155_D180_D195_D230,448,tx_3,0.0014709654496982694,0.007074099499732256,-0.005603134166449308,0.005603134166449308
K6X_D130_D145_D155_D180_D195_D230,449,T,0.6616737715478084,0.8651101573300399,-0.20343638578223155,0.20343638578223155
K6X_D130_D145_D155_D180_D195_D230,449,R,0.33701386585977394,0.13602883573493793,0.200985030124836,0.200985030124836
K6X_D130_D145_D155_D180_D195_D230,449,eta_plus1,0.5178569668483581,0.8018033810205912,-0.2839464141722331,0.2839464141722331
K6X_D130_D145_D155_D180_D195_D230,449,eta_0,0.04611304287971799,0.014606433888507289,0.0315066089912107,0.0315066089912107
K6X_D130_D145_D155_D180_D195_D230,449,eta_minus1,0.0013932232793238324,0.00787943527360856,-0.006486211994284728,0.006486211994284728
K6X_D130_D145_D155_D180_D195_D230,449,directionality,0.9973168555239601,0.9902684914202927,0.007048364103667382,0.007048364103667382
K6X_D130_D145_D155_D180_D195_D230,449,tx_-3,0.008345084264874458,0.004297769162803888,0.00404731510207057,0.00404731510207057
K6X_D130_D145_D155_D180_D195_D230,449,tx_-2,0.007646593730896711,0.01906280219554901,-0.011416207998991013,0.011416207998991013
K6X_D130_D145_D155_D180_D195_D230,449,tx_-1,0.0013932232977822423,0.007879435084760189,-0.006486211903393269,0.006486211903393269
K6X_D130_D145_D155_D180_D195_D230,449,tx_0,0.046113044023513794,0.014606433920562267,0.03150660917162895,0.03150660917162895
K6X_D130_D145_D155_D180_D195_D230,449,tx_1,0.5178569555282593,0.8018034100532532,-0.2839464545249939,0.2839464545249939
K6X_D130_D145_D155_D180_D195_D230,449,tx_2,0.07699611037969589,0.012088644318282604,0.06490746885538101,0.06490746885538101
K6X_D130_D145_D155_D180_D195_D230,449,tx_3,0.0033227475360035896,0.005371692590415478,-0.002048945054411888,0.002048945054411888
K6X_D130_D145_D155_D180_D195_D230,450,T,0.7381864216043362,0.8413296886744587,-0.10314326707012245,0.10314326707012245
K6X_D130_D145_D155_D180_D195_D230,450,R,0.26091204471616586,0.15927989692528158,0.10163214779088428,0.10163214779088428
K6X_D130_D145_D155_D180_D195_D230,450,eta_plus1,0.6201621630612836,0.7746563104770713,-0.1544941474157877,0.1544941474157877
K6X_D130_D145_D155_D180_D195_D230,450,eta_0,0.05223277541798286,0.013886572014595516,0.03834620340338735,0.03834620340338735
K6X_D130_D145_D155_D180_D195_D230,450,eta_minus1,0.002896089500717282,0.009508963224194212,-0.00661287372347693,0.00661287372347693
K6X_D130_D145_D155_D180_D195_D230,450,directionality,0.9953518158393558,0.9878737766857337,0.007478039153622107,0.007478039153622107
K6X_D130_D145_D155_D180_D195_D230,450,tx_-3,0.0024365950375795364,0.005796152167022228,-0.003359557129442692,0.003359557129442692
K6X_D130_D145_D155_D180_D195_D230,450,tx_-2,0.005991925019770861,0.0213894322514534,-0.015397507697343826,0.015397507697343826
K6X_D130_D145_D155_D180_D195_D230,450,tx_-1,0.0028960895724594593,0.00950896367430687,-0.00661287410184741,0.00661287410184741
K6X_D130_D145_D155_D180_D195_D230,450,tx_0,0.052232775837183,0.013886571861803532,0.03834620490670204,0.03834620490670204
K6X_D130_D145_D155_D180_D195_D230,450,tx_1,0.6201621890068054,0.7746562957763672,-0.15449410676956177,0.15449410676956177
K6X_D130_D145_D155_D180_D195_D230,450,tx_2,0.05196034535765648,0.011675072833895683,0.040285274386405945,0.040285274386405945
K6X_D130_D145_D155_D180_D195_D230,450,tx_3,0.0025065301451832056,0.004417185205966234,-0.0019106550607830286,0.0019106550607830286
K6X_D130_D145_D155_D180_D195_D230,451,T,0.7464590563065906,0.8203543744882145,-0.07389531818162387,0.07389531818162387
K6X_D130_D145_D155_D180_D195_D230,451,R,0.25286568086009514,0.17980122487964234,0.0730644559804528,0.0730644559804528
K6X_D130_D145_D155_D180_D195_D230,451,eta_plus1,0.6326530886533821,0.7518395062832949,-0.11918641762991278,0.11918641762991278
K6X_D130_D145_D155_D180_D195_D230,451,eta_0,0.04895231969460795,0.012306077003747095,0.03664624269086085,0.03664624269086085
K6X_D130_D145_D155_D180_D195_D230,451,eta_minus1,0.0037148946668496244,0.01094892434362056,-0.007234029676770936,0.007234029676770936
K6X_D130_D145_D155_D180_D195_D230,451,directionality,0.9941623482572658,0.9856461845722778,0.008516163684987976,0.008516163684987976
K6X_D130_D145_D155_D180_D195_D230,451,tx_-3,0.0023396569304168224,0.007626663893461227,-0.005287006963044405,0.005287006963044405
K6X_D130_D145_D155_D180_D195_D230,451,tx_-2,0.005822964012622833,0.02270745486021042,-0.016884490847587585,0.016884490847587585
K6X_D130_D145_D155_D180_D195_D230,451,tx_-1,0.0037148946430534124,0.010948924347758293,-0.007234029471874237,0.007234029471874237
K6X_D130_D145_D155_D180_D195_D230,451,tx_0,0.04895231872797012,0.012306077405810356,0.03664623945951462,0.03664623945951462
K6X_D130_D145_D155_D180_D195_D230,451,tx_1,0.6326531171798706,0.7518395185470581,-0.1191864013671875,0.1191864013671875
K6X_D130_D145_D155_D180_D195_D230,451,tx_2,0.04982788860797882,0.010292368941009045,0.0395355187356472,0.0395355187356472
K6X_D130_D145_D155_D180_D195_D230,451,tx_3,0.0031482430640608072,0.0046333796344697475,-0.0014851365704089403,0.0014851365704089403
K6X_D130_D145_D155_D180_D195_D230,452,T,0.7514025843662324,0.8045922708429888,-0.05318968647675637,0.05318968647675637
K6X_D130_D145_D155_D180_D195_D230,452,R,0.24808230779419996,0.19523308698870828,0.052849220805491676,0.052849220805491676
K6X_D130_D145_D155_D180_D195_D230,452,eta_plus1,0.6405808746985518,0.735538754511113,-0.0949578798125611,0.0949578798125611
K6X_D130_D145_D155_D180_D195_D230,452,eta_0,0.045599230067421274,0.009809289937483905,0.03578994012993737,0.03578994012993737
K6X_D130_D145_D155_D180_D195_D230,452,eta_minus1,0.004565687213575243,0.012050647404411322,-0.007484960190836078,0.007484960190836078
K6X_D130_D145_D155_D180_D195_D230,452,directionality,0.9929230232584002,0.9838806604621009,0.00904236279629933,0.00904236279629933
K6X_D130_D145_D155_D180_D195_D230,452,tx_-3,0.0025316893588751554,0.009806029498577118,-0.007274339906871319,0.007274339906871319
K6X_D130_D145_D155_D180_D195_D230,452,tx_-2,0.0055397022515535355,0.023017385974526405,-0.01747768372297287,0.01747768372297287
K6X_D130_D145_D155_D180_D195_D230,452,tx_-1,0.004565687384456396,0.012050647288560867,-0.007484959904104471,0.007484959904104471
K6X_D130_D145_D155_D180_D195_D230,452,tx_0,0.045599229633808136,0.009809290058910847,0.035789940506219864,0.035789940506219864
K6X_D130_D145_D155_D180_D195_D230,452,tx_1,0.6405808925628662,0.7355387806892395,-0.09495788812637329,0.09495788812637329
K6X_D130_D145_D155_D180_D195_D230,452,tx_2,0.04885169863700867,0.007868586108088493,0.040983110666275024,0.040983110666275024
K6X_D130_D145_D155_D180_D195_D230,452,tx_3,0.0037337010726332664,0.006501577794551849,-0.002767876721918583,0.002767876721918583
K6X_D130_D145_D155_D180_D195_D230,453,T,0.756196141605645,0.791664351414941,-0.03546820980929599,0.03546820980929599
K6X_D130_D145_D155_D180_D195_D230,453,R,0.24315185168817957,0.20794740661400282,0.03520444507417675,0.03520444507417675
K6X_D130_D145_D155_D180_D195_D230,453,eta_plus1,0.6480755827737456,0.7212189913406618,-0.07314340856691626,0.07314340856691626
K6X_D130_D145_D155_D180_D195_D230,453,eta_0,0.04256971249720822,0.006720207471886737,0.035849505025321485,0.035849505025321485
K6X_D130_D145_D155_D180_D195_D230,453,eta_minus1,0.005510902883068261,0.01277036118659366,-0.007259458303525399,0.007259458303525399
K6X_D130_D145_D155_D180_D195_D230,453,directionality,0.9915682116995884,0.9826014353714764,0.008966776328112047,0.008966776328112047
K6X_D130_D145_D155_D180_D195_D230,453,tx_-3,0.0027572603430598974,0.012456403113901615,-0.009699142538011074,0.009699142538011074
K6X_D130_D145_D155_D180_D195_D230,453,tx_-2,0.0051904162392020226,0.02358769252896309,-0.018397275358438492,0.018397275358438492
K6X_D130_D145_D155_D180_D195_D230,453,tx_-1,0.005510902963578701,0.012770361267030239,-0.007259458303451538,0.007259458303451538
K6X_D130_D145_D155_D180_D195_D230,453,tx_0,0.042569711804389954,0.006720207631587982,0.03584950417280197,0.03584950417280197
K6X_D130_D145_D155_D180_D195_D230,453,tx_1,0.6480755805969238,0.721219003200531,-0.07314342260360718,0.07314342260360718
K6X_D130_D145_D155_D180_D195_D230,453,tx_2,0.04780365154147148,0.004813445266336203,0.04299020767211914,0.04299020767211914
K6X_D130_D145_D155_D180_D195_D230,453,tx_3,0.004288613796234131,0.01009725034236908,-0.005808636546134949,0.005808636546134949
K6X_D130_D145_D155_D180_D195_D230,454,T,0.7612681935716138,0.7769776979114256,-0.015709504339811775,0.015709504339811775
K6X_D130_D145_D155_D180_D195_D230,454,R,0.23830572552627832,0.22251258665817714,0.015793138868101186,0.015793138868101186
K6X_D130_D145_D155_D180_D195_D230,454,eta_plus1,0.6550053479399345,0.7010670867671519,-0.046061738827217424,0.046061738827217424
K6X_D130_D145_D155_D180_D195_D230,454,eta_0,0.04008171793136197,0.003968430359879891,0.03611328757148208,0.03611328757148208
K6X_D130_D145_D155_D180_D195_D230,454,eta_minus1,0.006594206636631321,0.01279071990686599,-0.006196513270234669,0.006196513270234669
K6X_D130_D145_D155_D180_D195_D230,454,directionality,0.9900329336816864,0.982082258137009,0.007950675544677432,0.007950675544677432
K6X_D130_D145_D155_D180_D195_D230,454,tx_-3,0.0029506622813642025,0.01544269546866417,-0.01249203272163868,0.01249203272163868
K6X_D130_D145_D155_D180_D195_D230,454,tx_-2,0.004849552176892757,0.026613609865307808,-0.021764058619737625,0.021764058619737625
K6X_D130_D145_D155_D180_D195_D230,454,tx_-1,0.0065942066721618176,0.012790719978511333,-0.006196513306349516,0.006196513306349516
K6X_D130_D145_D155_D180_D195_D230,454,tx_0,0.04008171707391739,0.00396843021735549,0.03611328825354576,0.03611328825354576
K6X_D130_D145_D155_D180_D195_D230,454,tx_1,0.6550053358078003,0.7010670900344849,-0.04606175422668457,0.04606175422668457
K6X_D130_D145_D155_D180_D195_D230,454,tx_2,0.04685064032673836,0.002614924218505621,0.0442357175052166,0.0442357175052166
K6X_D130_D145_D155_D180_D195_D230,454,tx_3,0.004936066921800375,0.014480231329798698,-0.009544163942337036,0.009544163942337036
K6X_D130_D145_D155_D180_D195_D230,455,T,0.7663191867354433,0.763139839204367,0.003179347531076293,0.003179347531076293
K6X_D130_D145_D155_D180_D195_D230,455,R,0.23336134117128826,0.23630573744841163,-0.002944396277123368,0.002944396277123368
K6X_D130_D145_D155_D180_D195_D230,455,eta_plus1,0.661378979364011,0.6764770626503063,-0.01509808328629525,0.01509808328629525
K6X_D130_D145_D155_D180_D195_D230,455,eta_0,0.03797530512104224,0.0031314095286569528,0.034843895592385286,0.034843895592385286
K6X_D130_D145_D155_D180_D195_D230,455,eta_minus1,0.007739094989874803,0.011302937898503203,-0.0035638429086284,0.0035638429086284
K6X_D130_D145_D155_D180_D195_D230,455,directionality,0.9884338874011918,0.983566056166966,0.004867831234225739,0.004867831234225739
K6X_D130_D145_D155_D180_D195_D230,455,tx_-3,0.0031326287426054478,0.017689479514956474,-0.014556851238012314,0.014556851238012314
K6X_D130_D145_D155_D180_D195_D230,455,tx_-2,0.0045239850878715515,0.0330703929066658,-0.02854640781879425,0.02854640781879425
K6X_D130_D145_D155_D180_D195_D230,455,tx_-1,0.007739095017313957,0.011302937753498554,-0.003563842736184597,0.003563842736184597
K6X_D130_D145_D155_D180_D195_D230,455,tx_0,0.03797530382871628,0.003131409641355276,0.034843895584344864,0.034843895584344864
K6X_D130_D145_D155_D180_D195_D230,455,tx_1,0.6613789796829224,0.6764770746231079,-0.015098094940185547,0.015098094940185547
K6X_D130_D145_D155_D180_D195_D230,455,tx_2,0.04591868072748184,0.0041858782060444355,0.041732802987098694,0.041732802987098694
K6X_D130_D145_D155_D180_D195_D230,455,tx_3,0.005650513805449009,0.017282679677009583,-0.011632165871560574,0.011632165871560574
K6X_D200_D205_D215_D220_D225_D230,445,T,0.8027212895412202,0.6549415983582332,0.14777969118298706,0.14777969118298706
K6X_D200_D205_D215_D220_D225_D230,445,R,0.19600795365889503,0.34724236093458416,-0.15123440727568913,0.15123440727568913
K6X_D200_D205_D215_D220_D225_D230,445,eta_plus1,0.008278878019326705,0.03251799738845464,-0.02423911936912794,0.02423911936912794
K6X_D200_D205_D215_D220_D225_D230,445,eta_0,0.6566215415370572,0.4699860832606417,0.18663545827641553,0.18663545827641553
K6X_D200_D205_D215_D220_D225_D230,445,eta_minus1,0.00610470733104562,0.03963045634760703,-0.033525749016561406,0.033525749016561406
K6X_D200_D205_D215_D220_D225_D230,445,directionality,0.5755781898365419,0.4507095537683201,0.12486863606822174,0.12486863606822174
K6X_D200_D205_D215_D220_D225_D230,445,tx_-3,0.0029755928553640842,0.04977792873978615,-0.0468023344874382,0.0468023344874382
K6X_D200_D205_D215_D220_D225_D230,445,tx_-2,0.0339692048728466,0.012240804731845856,0.021728400141000748,0.021728400141000748
K6X_D200_D205_D215_D220_D225_D230,445,tx_-1,0.0061047072522342205,0.0396304577589035,-0.033525750041007996,0.033525750041007996
K6X_D200_D205_D215_D220_D225_D230,445,tx_0,0.656621515750885,0.46998608112335205,0.18663543462753296,0.18663543462753296
K6X_D200_D205_D215_D220_D225_D230,445,tx_1,0.008278878405690193,0.032517995685338974,-0.02423911727964878,0.02423911727964878
K6X_D200_D205_D215_D220_D225_D230,445,tx_2,0.08921917527914047,0.001277873758226633,0.08794130384922028,0.08794130384922028
K6X_D200_D205_D215_D220_D225_D230,445,tx_3,0.005552188493311405,0.04951045289635658,-0.04395826533436775,0.04395826533436775
K6X_D200_D205_D215_D220_D225_D230,446,T,0.7937894321193417,0.7587598436004644,0.035029588518877275,0.035029588518877275
K6X_D200_D205_D215_D220_D225_D230,446,R,0.2056978320263652,0.2404505047431071,-0.0347526727167419,0.0347526727167419
K6X_D200_D205_D215_D220_D225_D230,446,eta_plus1,5.228681366895442e-05,0.02243497018075687,-0.022382683367087916,0.022382683367087916
K6X_D200_D205_D215_D220_D225_D230,446,eta_0,0.6894381387336883,0.6119423090559932,0.07749582967769508,0.07749582967769508
K6X_D200_D205_D215_D220_D225_D230,446,eta_minus1,0.005319301684634264,0.06008792911945042,-0.054768627434816156,0.054768627434816156
K6X_D200_D205_D215_D220_D225_D230,446,directionality,0.009733957410451455,0.27186357206308814,-0.2621296146526367,0.2621296146526367
K6X_D200_D205_D215_D220_D225_D230,446,tx_-3,0.005188329145312309,0.030522819608449936,-0.025334490463137627,0.025334490463137627
K6X_D200_D205_D215_D220_D225_D230,446,tx_-2,0.02073972299695015,0.012499701231718063,0.008240021765232086,0.008240021765232086
K6X_D200_D205_D215_D220_D225_D230,446,tx_-1,0.005319301504641771,0.06008793041110039,-0.054768629372119904,0.054768629372119904
K6X_D200_D205_D215_D220_D225_D230,446,tx_0,0.6894381642341614,0.6119422912597656,0.07749587297439575,0.07749587297439575
K6X_D200_D205_D215_D220_D225_D230,446,tx_1,5.2286814025137573e-05,0.02243497036397457,-0.02238268405199051,0.02238268405199051
K6X_D200_D205_D215_D220_D225_D230,446,tx_2,0.0685964822769165,0.0019846779759973288,0.06661180406808853,0.06661180406808853
K6X_D200_D205_D215_D220_D225_D230,446,tx_3,0.004455171525478363,0.019287437200546265,-0.014832265675067902,0.014832265675067902
K6X_D200_D205_D215_D220_D225_D230,447,T,0.7847599879269597,0.80054659527273,-0.01578660734577031,0.01578660734577031
K6X_D200_D205_D215_D220_D225_D230,447,R,0.21493451055043886,0.1997363653275237,0.015198145222915155,0.015198145222915155
K6X_D200_D205_D215_D220_D225_D230,447,eta_plus1,0.0005653115033242296,0.03846492032479876,-0.03789960882147453,0.03789960882147453
K6X_D200_D205_D215_D220_D225_D230,447,eta_0,0.6717060816613869,0.6710631797012575,0.0006429019601293939,0.0006429019601293939
K6X_D200_D205_D215_D220_D225_D230,447,eta_minus1,0.012114625137806905,0.044787922564633126,-0.03267329742682622,0.03267329742682622
K6X_D200_D205_D215_D220_D225_D230,447,directionality,0.04458314890079766,0.4620253073625849,-0.4174421584617872,0.4174421584617872
K6X_D200_D205_D215_D220_D225_D230,447,tx_-3,0.006962132174521685,0.023639246821403503,-0.016677115112543106,0.016677115112543106
K6X_D200_D205_D215_D220_D225_D230,447,tx_-2,0.017001956701278687,0.013909636065363884,0.0030923206359148026,0.0030923206359148026
K6X_D200_D205_D215_D220_D225_D230,447,tx_-1,0.012114625424146652,0.044787921011447906,-0.032673295587301254,0.032673295587301254
K6X_D200_D205_D215_D220_D225_D230,447,tx_0,0.6717060804367065,0.6710631847381592,0.0006428956985473633,0.0006428956985473633
K6X_D200_D205_D215_D220_D225_D230,447,tx_1,0.0005653115222230554,0.03846491873264313,-0.03789960592985153,0.03789960592985153
K6X_D200_D205_D215_D220_D225_D230,447,tx_2,0.07225726544857025,0.003517366945743561,0.06873989850282669,0.06873989850282669
K6X_D200_D205_D215_D220_D225_D230,447,tx_3,0.004152615554630756,0.005164322908967733,-0.001011707354336977,0.001011707354336977
K6X_D200_D205_D215_D220_D225_D230,448,T,0.7479624449289735,0.7902139766416234,-0.04225153171264995,0.04225153171264995
K6X_D200_D205_D215_D220_D225_D230,448,R,0.25187248968157044,0.20971286086762148,0.04215962881394897,0.04215962881394897
K6X_D200_D205_D215_D220_D225_D230,448,eta_plus1,0.003396732339950668,0.04241164800807059,-0.03901491566811992,0.03901491566811992
K6X_D200_D205_D215_D220_D225_D230,448,eta_0,0.6181704145559418,0.6797048790087957,-0.06153446445285393,0.06153446445285393
K6X_D200_D205_D215_D220_D225_D230,448,eta_minus1,0.021764174931122718,0.03131373321965625,-0.00954955828853353,0.00954955828853353
K6X_D200_D205_D215_D220_D225_D230,448,directionality,0.1350003918124118,0.5752652248357625,-0.4402648330233507,0.4402648330233507
K6X_D200_D205_D215_D220_D225_D230,448,tx_-3,0.009684049524366856,0.015331734903156757,-0.005647685378789902,0.005647685378789902
K6X_D200_D205_D215_D220_D225_D230,448,tx_-2,0.012189491651952267,0.013667411170899868,-0.0014779195189476013,0.0014779195189476013
K6X_D200_D205_D215_D220_D225_D230,448,tx_-1,0.021764174103736877,0.031313732266426086,-0.009549558162689209,0.009549558162689209
K6X_D200_D205_D215_D220_D225_D230,448,tx_0,0.618170440196991,0.6797049045562744,-0.06153446435928345,0.06153446435928345
K6X_D200_D205_D215_D220_D225_D230,448,tx_1,0.0033967322669923306,0.042411647737026215,-0.039014916867017746,0.039014916867017746
K6X_D200_D205_D215_D220_D225_D230,448,tx_2,0.07726280391216278,0.007313092704862356,0.06994970887899399,0.06994970887899399
K6X_D200_D205_D215_D220_D225_D230,448,tx_3,0.005494775716215372,0.0004714782699011266,0.0050232973881065845,0.0050232973881065845
K6X_D200_D205_D215_D220_D225_D230,449,T,0.7319481421983346,0.7892873133220529,-0.057339171123718335,0.057339171123718335
K6X_D200_D205_D215_D220_D225_D230,449,R,0.268085480037059,0.21041211592818762,0.05767336410887139,0.05767336410887139
K6X_D200_D205_D215_D220_D225_D230,449,eta_plus1,0.0014399836643919953,0.04659535420223541,-0.04515537053784341,0.04515537053784341
K6X_D200_D205_D215_D220_D225_D230,449,eta_0,0.6047307468593984,0.6833718952917774,-0.07864114843237902,0.07864114843237902
K6X_D200_D205_D215_D220_D225_D230,449,eta_minus1,0.023316995305241988,0.026706504645964614,-0.003389509340722626,0.003389509340722626
K6X_D200_D205_D215_D220_D225_D230,449,directionality,0.05816475694220314,0.6356640190902825,-0.5774992621480793,0.5774992621480793
K6X_D200_D205_D215_D220_D225_D230,449,tx_-3,0.010644077323377132,0.01081430446356535,-0.00017022714018821716,0.00017022714018821716
K6X_D200_D205_D215_D220_D225_D230,449,tx_-2,0.004403373226523399,0.011950240470468998,-0.007546867243945599,0.007546867243945599
K6X_D200_D205_D215_D220_D225_D230,449,tx_-1,0.023316996172070503,0.026706505566835403,-0.0033895093947649,0.0033895093947649
K6X_D200_D205_D215_D220_D225_D230,449,tx_0,0.6047307252883911,0.683371901512146,-0.07864117622375488,0.07864117622375488
K6X_D200_D205_D215_D220_D225_D230,449,tx_1,0.0014399836072698236,0.04659535363316536,-0.045155368745326996,0.045155368745326996
K6X_D200_D205_D215_D220_D225_D230,449,tx_2,0.08048685640096664,0.009405852295458317,0.0710810050368309,0.0710810050368309
K6X_D200_D205_D215_D220_D225_D230,449,tx_3,0.006926106289029121,0.00044316158164292574,0.0064829448238015175,0.0064829448238015175
K6X_D200_D205_D215_D220_D225_D230,450,T,0.7201820001807265,0.7946506869053298,-0.07446868672460327,0.07446868672460327
K6X_D200_D205_D215_D220_D225_D230,450,R,0.27969502041212696,0.20566705238637153,0.07402796802575543,0.07402796802575543
K6X_D200_D205_D215_D220_D225_D230,450,eta_plus1,0.014641985926250026,0.05445813885514227,-0.03981615292889225,0.03981615292889225
K6X_D200_D205_D215_D220_D225_D230,450,eta_0,0.5487460562746839,0.6867623813675179,-0.138016325092834,0.138016325092834
K6X_D200_D205_D215_D220_D225_D230,450,eta_minus1,0.03921044055398711,0.023186761216964707,0.016023679337022406,0.016023679337022406
K6X_D200_D205_D215_D220_D225_D230,450,directionality,0.27189092271679477,0.7013743182690465,-0.42948339555225173,0.42948339555225173
K6X_D200_D205_D215_D220_D225_D230,450,tx_-3,0.01833103597164154,0.008546987548470497,0.009784048423171043,0.009784048423171043
K6X_D200_D205_D215_D220_D225_D230,450,tx_-2,0.00024762714747339487,0.009883218444883823,-0.009635590948164463,0.009635590948164463
K6X_D200_D205_D215_D220_D225_D230,450,tx_-1,0.03921043872833252,0.023186761885881424,0.016023676842451096,0.016023676842451096
K6X_D200_D205_D215_D220_D225_D230,450,tx_0,0.5487460494041443,0.6867623925209045,-0.13801634311676025,0.13801634311676025
K6X_D200_D205_D215_D220_D225_D230,450,tx_1,0.014641986228525639,0.054458137601614,-0.039816152304410934,0.039816152304410934
K6X_D200_D205_D215_D220_D225_D230,450,tx_2,0.08883260190486908,0.01057770662009716,0.07825489342212677,0.07825489342212677
K6X_D200_D205_D215_D220_D225_D230,450,tx_3,0.010172250680625439,0.0012354927603155375,0.008936758153140545,0.008936758153140545
K6X_D200_D205_D215_D220_D225_D230,451,T,0.7465487633308866,0.7754043139588349,-0.028855550627948312,0.028855550627948312
K6X_D200_D205_D215_D220_D225_D230,451,R,0.2529157985817589,0.2241679640294857,0.0287478345522732,0.0287478345522732
K6X_D200_D205_D215_D220_D225_D230,451,eta_plus1,0.022683337002295335,0.06582457935226951,-0.04314124234997418,0.04314124234997418
K6X_D200_D205_D215_D220_D225_D230,451,eta_0,0.5744561201442054,0.6601987871017944,-0.08574266695758892,0.08574266695758892
K6X_D200_D205_D215_D220_D225_D230,451,eta_minus1,0.039639991116990486,0.018046966369800625,0.02159302474718986,0.02159302474718986
K6X_D200_D205_D215_D220_D225_D230,451,directionality,0.36396222228183644,0.7848261145728269,-0.42086389229099047,0.42086389229099047
K6X_D200_D205_D215_D220_D225_D230,451,tx_-3,0.015700796619057655,0.00880993902683258,0.006890857592225075,0.006890857592225075
K6X_D200_D205_D215_D220_D225_D230,451,tx_-2,0.0034071439877152443,0.0094381058588624,-0.006030961871147156,0.006030961871147156
K6X_D200_D205_D215_D220_D225_D230,451,tx_-1,0.03963999077677727,0.018046965822577477,0.02159302495419979,0.02159302495419979
K6X_D200_D205_D215_D220_D225_D230,451,tx_0,0.5744560956954956,0.6601988077163696,-0.08574271202087402,0.08574271202087402
K6X_D200_D205_D215_D220_D225_D230,451,tx_1,0.022683337330818176,0.06582457572221756,-0.043141238391399384,0.043141238391399384
K6X_D200_D205_D215_D220_D225_D230,451,tx_2,0.08108650892972946,0.011508830823004246,0.06957767903804779,0.06957767903804779
K6X_D200_D205_D215_D220_D225_D230,451,tx_3,0.00957486405968666,0.0015771051403135061,0.007997758686542511,0.007997758686542511
K6X_D200_D205_D215_D220_D225_D230,452,T,0.38297415150024017,0.6242022093413295,-0.24122805784108936,0.24122805784108936
K6X_D200_D205_D215_D220_D225_D230,452,R,0.6117578239838001,0.37623791515246213,0.23551990883133794,0.23551990883133794
K6X_D200_D205_D215_D220_D225_D230,452,eta_plus1,0.0021839196755752644,0.07579602226767808,-0.07361210259210281,0.07361210259210281
K6X_D200_D205_D215_D220_D225_D230,452,eta_0,0.1242320064045319,0.4858959708177391,-0.3616639644132072,0.3616639644132072
K6X_D200_D205_D215_D220_D225_D230,452,eta_minus1,0.05965823004288839,0.009911473650818119,0.04974675639207027,0.04974675639207027
K6X_D200_D205_D215_D220_D225_D230,452,directionality,0.035314420431979764,0.8843569801614148,-0.8490425597294351,0.8490425597294351
K6X_D200_D205_D215_D220_D225_D230,452,tx_-3,0.05016576498746872,0.015214833430945873,0.03495093062520027,0.03495093062520027
K6X_D200_D205_D215_D220_D225_D230,452,tx_-2,0.028559485450387,0.01984473504126072,0.008714750409126282,0.008714750409126282
K6X_D200_D205_D215_D220_D225_D230,452,tx_-1,0.0596582293510437,0.009911473840475082,0.04974675551056862,0.04974675551056862
K6X_D200_D205_D215_D220_D225_D230,452,tx_0,0.12423200905323029,0.48589596152305603,-0.36166393756866455,0.36166393756866455
K6X_D200_D205_D215_D220_D225_D230,452,tx_1,0.00218391977250576,0.07579602301120758,-0.07361210137605667,0.07361210137605667
K6X_D200_D205_D215_D220_D225_D230,452,tx_2,0.08620275557041168,0.01625988818705082,0.06994286924600601,0.06994286924600601
K6X_D200_D205_D215_D220_D225_D230,452,tx_3,0.03197198361158371,0.0012792859924957156,0.030692698433995247,0.030692698433995247
K6X_D200_D205_D215_D220_D225_D230,453,T,0.7449890122222477,0.26651568085487326,0.4784733313673744,0.4784733313673744
K6X_D200_D205_D215_D220_D225_D230,453,R,0.25428084522041494,0.7338219713638774,-0.47954112614346245,0.47954112614346245
K6X_D200_D205_D215_D220_D225_D230,453,eta_plus1,0.03269823094228204,0.04761545269727765,-0.014917221754995609,0.014917221754995609
K6X_D200_D205_D215_D220_D225_D230,453,eta_0,0.6300985825367303,0.08016369103404365,0.5499348915026867,0.5499348915026867
K6X_D200_D205_D215_D220_D225_D230,453,eta_minus1,0.008595759592312745,0.014534155024022532,-0.005938395431709787,0.005938395431709787
K6X_D200_D205_D215_D220_D225_D230,453,directionality,0.7918399389104452,0.7661424495356658,0.025697489374779448,0.025697489374779448
K6X_D200_D205_D215_D220_D225_D230,453,tx_-3,0.02396254427731037,0.028575396165251732,-0.0046128518879413605,0.0046128518879413605
K6X_D200_D205_D215_D220_D225_D230,453,tx_-2,0.004211063496768475,0.053663816303014755,-0.049452751874923706,0.049452751874923706
K6X_D200_D205_D215_D220_D225_D230,453,tx_-1,0.008595759980380535,0.014534154906868935,-0.0059383949264883995,0.0059383949264883995
K6X_D200_D205_D215_D220_D225_D230,453,tx_0,0.6300985813140869,0.08016368746757507,0.5499348640441895,0.5499348640441895
K6X_D200_D205_D215_D220_D225_D230,453,tx_1,0.03269823268055916,0.047615453600883484,-0.014917220920324326,0.014917220920324326
K6X_D200_D205_D215_D220_D225_D230,453,tx_2,0.026122674345970154,0.037599291652441025,-0.011476617306470871,0.011476617306470871
K6X_D200_D205_D215_D220_D225_D230,453,tx_3,0.019300155341625214,0.004363877233117819,0.014936277642846107,0.014936277642846107
K6X_D200_D205_D215_D220_D225_D230,454,T,0.7819841354430157,0.4125597178876785,0.3694244175553372,0.3694244175553372
K6X_D200_D205_D215_D220_D225_D230,454,R,0.21827605111626075,0.5879058261967889,-0.36962977508052813,0.36962977508052813
K6X_D200_D205_D215_D220_D225_D230,454,eta_plus1,0.025739534409933953,0.026383250053723085,-0.0006437156437891327,0.0006437156437891327
K6X_D200_D205_D215_D220_D225_D230,454,eta_0,0.6839649896944164,0.2364328051265452,0.44753218456787125,0.44753218456787125
K6X_D200_D205_D215_D220_D225_D230,454,eta_minus1,0.005275746175453794,0.029853303960366916,-0.02457755778491312,0.02457755778491312
K6X_D200_D205_D215_D220_D225_D230,454,directionality,0.8298984862984163,0.46914770145967327,0.36075078483874307,0.36075078483874307
K6X_D200_D205_D215_D220_D225_D230,454,tx_-3,0.01821453683078289,0.019317150115966797,-0.0011026132851839066,0.0011026132851839066
K6X_D200_D205_D215_D220_D225_D230,454,tx_-2,0.00949489139020443,0.04554368555545807,-0.03604879230260849,0.03604879230260849
K6X_D200_D205_D215_D220_D225_D230,454,tx_-1,0.005275746341794729,0.029853304848074913,-0.024577558040618896,0.024577558040618896
K6X_D200_D205_D215_D220_D225_D230,454,tx_0,0.6839649677276611,0.23643280565738678,0.44753217697143555,0.44753217697143555
K6X_D200_D205_D215_D220_D225_D230,454,tx_1,0.025739533826708794,0.026383250951766968,-0.0006437171250581741,0.0006437171250581741
K6X_D200_D205_D215_D220_D225_D230,454,tx_2,0.024023333564400673,0.04546310752630234,-0.021439773961901665,0.021439773961901665
K6X_D200_D205_D215_D220_D225_D230,454,tx_3,0.015271103009581566,0.009566416963934898,0.0057046860456466675,0.0057046860456466675
K6X_D200_D205_D215_D220_D225_D230,455,T,0.7860331954597607,0.5925152165497583,0.19351797891000244,0.19351797891000244
K6X_D200_D205_D215_D220_D225_D230,455,R,0.2133329511408107,0.4078767377935498,-0.19454378665273914,0.19454378665273914
K6X_D200_D205_D215_D220_D225_D230,455,eta_plus1,0.030165325254468505,0.04197002376464066,-0.011804698510172153,0.011804698510172153
K6X_D200_D205_D215_D220_D225_D230,455,eta_0,0.6864785526698127,0.4264718574336452,0.26000669523616754,0.26000669523616754
K6X_D200_D205_D215_D220_D225_D230,455,eta_minus1,0.0022781145907094236,0.031034334031171066,-0.028756219440461642,0.028756219440461642
K6X_D200_D205_D215_D220_D225_D230,455,directionality,0.9297819651189662,0.5748975134063639,0.3548844517126023,0.3548844517126023
K6X_D200_D205_D215_D220_D225_D230,455,tx_-3,0.016038881614804268,0.008806632831692696,0.007232248783111572,0.007232248783111572
K6X_D200_D205_D215_D220_D225_D230,455,tx_-2,0.014676179736852646,0.028491664677858353,-0.013815484941005707,0.013815484941005707
K6X_D200_D205_D215_D220_D225_D230,455,tx_-1,0.0022781146690249443,0.031034333631396294,-0.028756219893693924,0.028756219893693924
K6X_D200_D205_D215_D220_D225_D230,455,tx_0,0.6864785552024841,0.42647185921669006,0.26000669598579407,0.26000669598579407
K6X_D200_D205_D215_D220_D225_D230,455,tx_1,0.030165325850248337,0.04197002202272415,-0.011804696172475815,0.011804696172475815
K6X_D200_D205_D215_D220_D225_D230,455,tx_2,0.022202512249350548,0.04441456124186516,-0.02221204899251461,0.02221204899251461
K6X_D200_D205_D215_D220_D225_D230,455,tx_3,0.014193628914654255,0.011326142586767673,0.0028674863278865814,0.0028674863278865814
