model,geometry_id,wavelength_nm,true_delta_eta_plus1,pred_delta_eta_plus1,abs_delta_error,true_delta_T,pred_delta_T
LF_global_bias,K6X_D200_D205_D215_D220_D225_D230,445,-0.024239119369170004,0.0,0.024239119369170004,0.1477796911824899,0.0
LF_global_bias,K6X_D200_D205_D215_D220_D225_D230,446,-0.022382683367131,0.0,0.022382683367131,0.03502958851915883,0.0
LF_global_bias,K6X_D200_D205_D215_D220_D225_D230,447,-0.037899608821476,0.0,0.037899608821476,-0.015786607345776082,0.0
LF_global_bias,K6X_D200_D205_D215_D220_D225_D230,448,-0.039014915668150005,0.0,0.039014915668150005,-0.042251531712955925,0.0
LF_global_bias,K6X_D200_D205_D215_D220_D225_D230,449,-0.04515537053781,0.0,0.04515537053781,-0.05733917112437714,0.0
LF_global_bias,K6X_D200_D205_D215_D220_D225_D230,450,-0.0398161529288,0.0,0.0398161529288,-0.07446868672478013,0.0
LF_global_bias,K6X_D200_D205_D215_D220_D225_D230,451,-0.043141242350000004,0.0,0.043141242350000004,-0.028855550628409943,0.0
LF_global_bias,K6X_D200_D205_D215_D220_D225_D230,452,-0.07361210259212,0.0,0.07361210259212,-0.24122805784097,0.0
LF_global_bias,K6X_D200_D205_D215_D220_D225_D230,453,-0.014917221755000001,0.0,0.014917221755000001,0.4784733313676999,0.0
LF_global_bias,K6X_D200_D205_D215_D220_D225_D230,454,-0.000643715643799999,0.0,0.000643715643799999,0.3694244175542999,0.0
LF_global_bias,K6X_D200_D205_D215_D220_D225_D230,455,-0.011804698510099996,0.0,0.011804698510099996,0.19351797890990008,0.0
LF_global_bias,K6X_D100_D140_D145_D155_D225_D230,445,0.11482951317799997,0.0,0.11482951317799997,0.02801180812064985,0.0
LF_global_bias,K6X_D100_D140_D145_D155_D225_D230,446,0.10607995602800002,0.0,0.10607995602800002,0.034769428994260054,0.0
LF_global_bias,K6X_D100_D140_D145_D155_D225_D230,447,0.101393122592,0.0,0.101393122592,0.04244363422085995,0.0
LF_global_bias,K6X_D100_D140_D145_D155_D225_D230,448,0.114069083565,0.0,0.114069083565,0.05349002441504602,0.0
LF_global_bias,K6X_D100_D140_D145_D155_D225_D230,449,0.10454003501200004,0.0,0.10454003501200004,0.08815038650924412,0.0
LF_global_bias,K6X_D100_D140_D145_D155_D225_D230,450,0.10852712226699995,0.0,0.10852712226699995,0.09683233319774898,0.0
LF_global_bias,K6X_D100_D140_D145_D155_D225_D230,451,0.13611690844400004,0.0,0.13611690844400004,0.10835057833538442,0.0
LF_global_bias,K6X_D100_D140_D145_D155_D225_D230,452,0.17192465312599997,0.0,0.17192465312599997,0.11848832505188034,0.0
LF_global_bias,K6X_D100_D140_D145_D155_D225_D230,453,0.21517041048099997,0.0,0.21517041048099997,0.124509879764789,0.0
LF_global_bias,K6X_D100_D140_D145_D155_D225_D230,454,0.258673225184,0.0,0.258673225184,0.11900402028173307,0.0
LF_global_bias,K6X_D100_D140_D145_D155_D225_D230,455,0.28356771511400003,0.0,0.28356771511400003,0.09265327967651493,0.0
LF_global_bias,K6X_D100_D200_D205_D210_D215_D220,445,-0.01504830391078,0.0,0.01504830391078,-0.0823232833710601,0.0
LF_global_bias,K6X_D100_D200_D205_D210_D215_D220,446,-0.021394224809200002,0.0,0.021394224809200002,-0.14107825746674096,0.0
LF_global_bias,K6X_D100_D200_D205_D210_D215_D220,447,-0.029099577420599997,0.0,0.029099577420599997,-0.18435982934888395,0.0
LF_global_bias,K6X_D100_D200_D205_D210_D215_D220,448,-0.0345216927392,0.0,0.0345216927392,-0.24715625029195004,0.0
LF_global_bias,K6X_D100_D200_D205_D210_D215_D220,449,-0.014084312477400003,0.0,0.014084312477400003,-0.35756940204693,0.0
LF_global_bias,K6X_D100_D200_D205_D210_D215_D220,450,-0.004242197120399999,0.0,0.004242197120399999,-0.3969936648106901,0.0
LF_global_bias,K6X_D100_D200_D205_D210_D215_D220,451,-0.004348208372899998,0.0,0.004348208372899998,-0.4033571107379698,0.0
LF_global_bias,K6X_D100_D200_D205_D210_D215_D220,452,-0.019475301307000002,0.0,0.019475301307000002,-0.46859771519047005,0.0
LF_global_bias,K6X_D100_D200_D205_D210_D215_D220,453,-0.0192906722634,0.0,0.0192906722634,-0.37855964375803997,0.0
LF_global_bias,K6X_D100_D200_D205_D210_D215_D220,454,-0.029541872631500002,0.0,0.029541872631500002,-0.33049140436243996,0.0
LF_global_bias,K6X_D100_D200_D205_D210_D215_D220,455,-0.0377347903963,0.0,0.0377347903963,-0.287390814456035,0.0
LF_global_bias,K6X_D100_D110_D115_D220_D225_D230,445,-0.03173940106459,0.0,0.03173940106459,-0.019062892232389994,0.0
LF_global_bias,K6X_D100_D110_D115_D220_D225_D230,446,-0.02740973311727,0.0,0.02740973311727,-0.06806797924372898,0.0
LF_global_bias,K6X_D100_D110_D115_D220_D225_D230,447,-0.0081213248378,0.0,0.0081213248378,-0.08051088275143004,0.0
LF_global_bias,K6X_D100_D110_D115_D220_D225_D230,448,0.017573153434700003,0.0,0.017573153434700003,-0.078258097600867,0.0
LF_global_bias,K6X_D100_D110_D115_D220_D225_D230,449,0.024165330602899996,0.0,0.024165330602899996,-0.06833245594814619,0.0
LF_global_bias,K6X_D100_D110_D115_D220_D225_D230,450,0.0384881912305,0.0,0.0384881912305,-0.050307307866809925,0.0
LF_global_bias,K6X_D100_D110_D115_D220_D225_D230,451,0.04265260686740001,0.0,0.04265260686740001,-0.015826366231489808,0.0
LF_global_bias,K6X_D100_D110_D115_D220_D225_D230,452,0.0329606833769,0.0,0.0329606833769,0.008265381614362854,0.0
LF_global_bias,K6X_D100_D110_D115_D220_D225_D230,453,0.0224187826343,0.0,0.0224187826343,0.01692941681416804,0.0
LF_global_bias,K6X_D100_D110_D115_D220_D225_D230,454,0.0167949318539,0.0,0.0167949318539,0.014390947888489825,0.0
LF_global_bias,K6X_D100_D110_D115_D220_D225_D230,455,0.018829220182799998,0.0,0.018829220182799998,0.0008445768193900971,0.0
LF_global_bias,K6X_D100_D130_D135_D155_D160_D225,445,-0.011188844990000057,0.0,0.011188844990000057,0.014217414267670092,0.0
LF_global_bias,K6X_D100_D130_D135_D155_D160_D225,446,-0.03014639113000006,0.0,0.03014639113000006,-0.0035871034069999697,0.0
LF_global_bias,K6X_D100_D130_D135_D155_D160_D225,447,-0.07706040698399996,0.0,0.07706040698399996,-0.03663123450640016,0.0
LF_global_bias,K6X_D100_D130_D135_D155_D160_D225,448,-0.235939379053,0.0,0.235939379053,-0.1326217162248,0.0
LF_global_bias,K6X_D100_D130_D135_D155_D160_D225,449,-0.07207590797699992,0.0,0.07207590797699992,-0.04163956084658782,0.0
LF_global_bias,K6X_D100_D130_D135_D155_D160_D225,450,-0.036619354308999985,0.0,0.036619354308999985,-0.027232914101090078,0.0
LF_global_bias,K6X_D100_D130_D135_D155_D160_D225,451,-0.02598189155399999,0.0,0.02598189155399999,-0.031181686186440016,0.0
LF_global_bias,K6X_D100_D130_D135_D155_D160_D225,452,-0.018926647232000104,0.0,0.018926647232000104,-0.04172604899303012,0.0
LF_global_bias,K6X_D100_D130_D135_D155_D160_D225,453,-0.012677232390999937,0.0,0.012677232390999937,-0.05523575781298995,0.0
LF_global_bias,K6X_D100_D130_D135_D155_D160_D225,454,-0.008914920594999987,0.0,0.008914920594999987,-0.07135234939973989,0.0
LF_global_bias,K6X_D100_D130_D135_D155_D160_D225,455,-0.008714737723999999,0.0,0.008714737723999999,-0.08932551794079002,0.0
LF_global_bias,K6X_D100_D105_D115_D120_D125_D130,445,-0.0016850975300000126,0.0,0.0016850975300000126,-0.010867716562119933,0.0
LF_global_bias,K6X_D100_D105_D115_D120_D125_D130,446,-0.0018718825769999947,0.0,0.0018718825769999947,-0.011154830745229827,0.0
LF_global_bias,K6X_D100_D105_D115_D120_D125_D130,447,-0.0020360951610000066,0.0,0.0020360951610000066,-0.01224542147719021,0.0
LF_global_bias,K6X_D100_D105_D115_D120_D125_D130,448,-0.0019030725999999998,0.0,0.0019030725999999998,-0.012818763607870043,0.0
LF_global_bias,K6X_D100_D105_D115_D120_D125_D130,449,-0.0019115757889999752,0.0,0.0019115757889999752,-0.01271517280995993,0.0
LF_global_bias,K6X_D100_D105_D115_D120_D125_D130,450,-0.0020671192649999726,0.0,0.0020671192649999726,-0.013339123140110098,0.0
LF_global_bias,K6X_D100_D105_D115_D120_D125_D130,451,-0.002000505396999974,0.0,0.002000505396999974,-0.014109925547859947,0.0
LF_global_bias,K6X_D100_D105_D115_D120_D125_D130,452,-0.0019332358820000062,0.0,0.0019332358820000062,-0.01413837654431005,0.0
LF_global_bias,K6X_D100_D105_D115_D120_D125_D130,453,-0.0020856345289999856,0.0,0.0020856345289999856,-0.014494360630020076,0.0
LF_global_bias,K6X_D100_D105_D115_D120_D125_D130,454,-0.0021538708499999892,0.0,0.0021538708499999892,-0.015429991841069968,0.0
LF_global_bias,K6X_D100_D105_D115_D120_D125_D130,455,-0.0020974817509999966,0.0,0.0020974817509999966,-0.015799016441050084,0.0
LF_global_bias,K6X_D110_D125_D135_D150_D175_D190,445,-0.13520397594400002,0.0,0.13520397594400002,-0.10673573162934913,0.0
LF_global_bias,K6X_D110_D125_D135_D150_D175_D190,446,-0.14219426695000004,0.0,0.14219426695000004,-0.1162973011575611,0.0
LF_global_bias,K6X_D110_D125_D135_D150_D175_D190,447,-0.15953291227599997,0.0,0.15953291227599997,-0.13485123595214288,0.0
LF_global_bias,K6X_D110_D125_D135_D150_D175_D190,448,-0.233370776793,0.0,0.233370776793,-0.19810696724598897,0.0
LF_global_bias,K6X_D110_D125_D135_D150_D175_D190,449,-0.501273205047,0.0,0.501273205047,-0.3861496846394611,0.0
LF_global_bias,K6X_D110_D125_D135_D150_D175_D190,450,-0.19830966961700003,0.0,0.19830966961700003,-0.14562830828970497,0.0
LF_global_bias,K6X_D110_D125_D135_D150_D175_D190,451,-0.080724190295,0.0,0.080724190295,-0.07267756554180316,0.0
LF_global_bias,K6X_D110_D125_D135_D150_D175_D190,452,-0.03420824799400002,0.0,0.03420824799400002,-0.050948954923891954,0.0
LF_global_bias,K6X_D110_D125_D135_D150_D175_D190,453,-0.0032689600829999277,0.0,0.0032689600829999277,-0.041732557506954926,0.0
LF_global_bias,K6X_D110_D125_D135_D150_D175_D190,454,-0.011127285986999969,0.0,0.011127285986999969,-0.06171075962590311,0.0
LF_global_bias,K6X_D110_D125_D135_D150_D175_D190,455,-0.322838665805,0.0,0.322838665805,-0.24513415591852594,0.0
LF_global_bias,K6X_D120_D125_D180_D185_D190_D195,445,-0.21795129345000003,0.0,0.21795129345000003,-0.13187194451625084,0.0
LF_global_bias,K6X_D120_D125_D180_D185_D190_D195,446,-0.17682906055599998,0.0,0.17682906055599998,-0.1483828480651237,0.0
LF_global_bias,K6X_D120_D125_D180_D185_D190_D195,447,-0.166655742166,0.0,0.166655742166,-0.14777562347274487,0.0
LF_global_bias,K6X_D120_D125_D180_D185_D190_D195,448,-0.161499169356,0.0,0.161499169356,-0.14444502043837792,0.0
LF_global_bias,K6X_D120_D125_D180_D185_D190_D195,449,-0.15956487938500002,0.0,0.15956487938500002,-0.14067072882546006,0.0
LF_global_bias,K6X_D120_D125_D180_D185_D190_D195,450,-0.160013086907,0.0,0.160013086907,-0.13730082175522018,0.0
LF_global_bias,K6X_D120_D125_D180_D185_D190_D195,451,-0.16159783983800002,0.0,0.16159783983800002,-0.13369579659078012,0.0
LF_global_bias,K6X_D120_D125_D180_D185_D190_D195,452,-0.16393136584399998,0.0,0.16393136584399998,-0.13010325263126998,0.0
LF_global_bias,K6X_D120_D125_D180_D185_D190_D195,453,-0.166418497499,0.0,0.166418497499,-0.12617777595461988,0.0
LF_global_bias,K6X_D120_D125_D180_D185_D190_D195,454,-0.16915681662000004,0.0,0.16915681662000004,-0.12218232378167004,0.0
LF_global_bias,K6X_D120_D125_D180_D185_D190_D195,455,-0.17203411931899998,0.0,0.17203411931899998,-0.11845301291596988,0.0
LF_global_bias,K6X_D120_D145_D200_D215_D220_D230,445,-0.23806877227380002,0.0,0.23806877227380002,-0.31154060067090006,0.0
LF_global_bias,K6X_D120_D145_D200_D215_D220_D230,446,-0.22707805099779999,0.0,0.22707805099779999,-0.28962385120199996,0.0
LF_global_bias,K6X_D120_D145_D200_D215_D220_D230,447,-0.188651535421,0.0,0.188651535421,-0.24574004137143002,0.0
LF_global_bias,K6X_D120_D145_D200_D215_D220_D230,448,-0.15367536706200002,0.0,0.15367536706200002,-0.20016025540741011,0.0
LF_global_bias,K6X_D120_D145_D200_D215_D220_D230,449,-0.08368074158899999,0.0,0.08368074158899999,-0.07256202058350003,0.0
LF_global_bias,K6X_D120_D145_D200_D215_D220_D230,450,-0.04898153152899999,0.0,0.04898153152899999,-0.013467869999479909,0.0
LF_global_bias,K6X_D120_D145_D200_D215_D220_D230,451,-0.06568821796100001,0.0,0.06568821796100001,-0.10805829360473007,0.0
LF_global_bias,K6X_D120_D145_D200_D215_D220_D230,452,-0.033135087561000004,0.0,0.033135087561000004,-0.12922993765192803,0.0
LF_global_bias,K6X_D120_D145_D200_D215_D220_D230,453,0.01492643414299999,0.0,0.01492643414299999,-0.12634305904423604,0.0
LF_global_bias,K6X_D120_D145_D200_D215_D220_D230,454,0.058873959922999985,0.0,0.058873959922999985,-0.12205493051689997,0.0
LF_global_bias,K6X_D120_D145_D200_D215_D220_D230,455,0.096438466423,0.0,0.096438466423,-0.11947043596544982,0.0
LF_global_bias,K6X_D140_D160_D165_D170_D180_D190,445,-0.07834248321500001,0.0,0.07834248321500001,-0.004180132369096867,0.0
LF_global_bias,K6X_D140_D160_D165_D170_D180_D190,446,-0.017173414785999985,0.0,0.017173414785999985,-0.012653992148089932,0.0
LF_global_bias,K6X_D140_D160_D165_D170_D180_D190,447,0.06826394688099999,0.0,0.06826394688099999,-0.020739289011830087,0.0
LF_global_bias,K6X_D140_D160_D165_D170_D180_D190,448,0.1461783571992,0.0,0.1461783571992,-0.021133890161269875,0.0
LF_global_bias,K6X_D140_D160_D165_D170_D180_D190,449,0.2034531042211,0.0,0.2034531042211,-0.011645607321840057,0.0
LF_global_bias,K6X_D140_D160_D165_D170_D180_D190,450,0.24156997531279997,0.0,0.24156997531279997,-0.0010451838999399055,0.0
LF_global_bias,K6X_D140_D160_D165_D170_D180_D190,451,0.2628472554885,0.0,0.2628472554885,0.004822718528809999,0.0
LF_global_bias,K6X_D140_D160_D165_D170_D180_D190,452,0.27016700033350005,0.0,0.27016700033350005,0.004886971115910188,0.0
LF_global_bias,K6X_D140_D160_D165_D170_D180_D190,453,0.2669774855109,0.0,0.2669774855109,9.549481908988078e-05,0.0
LF_global_bias,K6X_D140_D160_D165_D170_D180_D190,454,0.25812902835400003,0.0,0.25812902835400003,-0.007369438239000048,0.0
LF_global_bias,K6X_D140_D160_D165_D170_D180_D190,455,0.249011541421,0.0,0.249011541421,-0.01348931221687999,0.0
LF_global_bias,K6X_D125_D135_D150_D175_D190_D210,445,-0.159434664244,0.0,0.159434664244,-0.12023898112865905,0.0
LF_global_bias,K6X_D125_D135_D150_D175_D190_D210,446,-0.14605581543200008,0.0,0.14605581543200008,-0.10944819633966607,0.0
LF_global_bias,K6X_D125_D135_D150_D175_D190_D210,447,-0.13089681298900002,0.0,0.13089681298900002,-0.09743968778365308,0.0
LF_global_bias,K6X_D125_D135_D150_D175_D190_D210,448,-0.11652621598199997,0.0,0.11652621598199997,-0.08671596007833904,0.0
LF_global_bias,K6X_D125_D135_D150_D175_D190_D210,449,-0.096590289236,0.0,0.096590289236,-0.07157481793854237,0.0
LF_global_bias,K6X_D125_D135_D150_D175_D190_D210,450,-0.070484034142,0.0,0.070484034142,-0.05108061416705245,0.0
LF_global_bias,K6X_D125_D135_D150_D175_D190_D210,451,-0.040522584064,0.0,0.040522584064,-0.025187107583599655,0.0
LF_global_bias,K6X_D125_D135_D150_D175_D190_D210,452,-0.005858227078999967,0.0,0.005858227078999967,0.0037309074021049105,0.0
LF_global_bias,K6X_D125_D135_D150_D175_D190_D210,453,-0.011659169303000039,0.0,0.011659169303000039,0.0008238250657650603,0.0
LF_global_bias,K6X_D125_D135_D150_D175_D190_D210,454,0.009323899330999974,0.0,0.009323899330999974,0.015871433912044264,0.0
LF_global_bias,K6X_D125_D135_D150_D175_D190_D210,455,0.02390797317100002,0.0,0.02390797317100002,0.019981109749156678,0.0
LF_global_bias,K6X_D100_D115_D130_D145_D155_D185,445,-0.23267006901600007,0.0,0.23267006901600007,-0.13600734619348798,0.0
LF_global_bias,K6X_D100_D115_D130_D145_D155_D185,446,-0.191259103935,0.0,0.191259103935,-0.10907502970400995,0.0
LF_global_bias,K6X_D100_D115_D130_D145_D155_D185,447,-0.159622498725,0.0,0.159622498725,-0.08692605189148572,0.0
LF_global_bias,K6X_D100_D115_D130_D145_D155_D185,448,-0.12804053628400003,0.0,0.12804053628400003,-0.07267440253294599,0.0
LF_global_bias,K6X_D100_D115_D130_D145_D155_D185,449,-0.29903107314199995,0.0,0.29903107314199995,-0.23189368407242694,0.0
LF_global_bias,K6X_D100_D115_D130_D145_D155_D185,450,-0.16352115437500003,0.0,0.16352115437500003,-0.09241786738647406,0.0
LF_global_bias,K6X_D100_D115_D130_D145_D155_D185,451,-0.11772493872599998,0.0,0.11772493872599998,-0.06016657832434691,0.0
LF_global_bias,K6X_D100_D115_D130_D145_D155_D185,452,-0.07673565707300001,0.0,0.07673565707300001,-0.03058545905386001,0.0
LF_global_bias,K6X_D100_D115_D130_D145_D155_D185,453,-0.03742880771500001,0.0,0.03742880771500001,-0.005585873345869907,0.0
LF_global_bias,K6X_D100_D115_D130_D145_D155_D185,454,0.0026666946560000016,0.0,0.0026666946560000016,0.02028108224094982,0.0
LF_global_bias,K6X_D100_D115_D130_D145_D155_D185,455,0.026821436490000017,0.0,0.026821436490000017,0.033324389314270064,0.0
LF_global_bias,K6X_D130_D145_D155_D180_D195_D230,445,0.07995845899800003,0.0,0.07995845899800003,0.03409675308732796,0.0
LF_global_bias,K6X_D130_D145_D155_D180_D195_D230,446,0.07892165262499995,0.0,0.07892165262499995,0.035006128041819906,0.0
LF_global_bias,K6X_D130_D145_D155_D180_D195_D230,447,0.091377064176,0.0,0.091377064176,0.044831842178735704,0.0
LF_global_bias,K6X_D130_D145_D155_D180_D195_D230,448,0.10914779682100006,0.0,0.10914779682100006,0.058717444235876104,0.0
LF_global_bias,K6X_D130_D145_D155_D180_D195_D230,449,0.12965030172199998,0.0,0.12965030172199998,0.0756045400775669,0.0
LF_global_bias,K6X_D130_D145_D155_D180_D195_D230,450,0.147113048121,0.0,0.147113048121,0.09139276849390399,0.0
LF_global_bias,K6X_D130_D145_D155_D180_D195_D230,451,0.15515635674499995,0.0,0.15515635674499995,0.10130049732829682,0.0
LF_global_bias,K6X_D130_D145_D155_D180_D195_D230,452,0.15082408628199995,0.0,0.15082408628199995,0.10282266140633989,0.0
LF_global_bias,K6X_D130_D145_D155_D180_D195_D230,453,0.13778019512500006,0.0,0.13778019512500006,0.09786320553458994,0.0
LF_global_bias,K6X_D130_D145_D155_D180_D195_D230,454,0.13028854810699997,0.0,0.13028854810699997,0.09566764700089003,0.0
LF_global_bias,K6X_D130_D145_D155_D180_D195_D230,455,0.139464812876,0.0,0.139464812876,0.10184630284208995,0.0
LF_global_bias,K6X_D110_D190_D210_D215_D220_D225,445,-0.022326647789844264,0.0,0.022326647789844264,0.05986572869195561,0.0
LF_global_bias,K6X_D110_D190_D210_D215_D220_D225,446,-0.02091519204804919,0.0,0.02091519204804919,-0.011969960076408714,0.0
LF_global_bias,K6X_D110_D190_D210_D215_D220_D225,447,-0.015931359765030993,0.0,0.015931359765030993,-0.08367583363735454,0.0
LF_global_bias,K6X_D110_D190_D210_D215_D220_D225,448,-0.0100829978138215,0.0,0.0100829978138215,-0.19311801276232543,0.0
LF_global_bias,K6X_D110_D190_D210_D215_D220_D225,449,-0.015541943383274007,0.0,0.015541943383274007,-0.2816940330984315,0.0
LF_global_bias,K6X_D110_D190_D210_D215_D220_D225,450,0.01583225231648099,0.0,0.01583225231648099,-0.26239366369851624,0.0
LF_global_bias,K6X_D110_D190_D210_D215_D220_D225,451,0.0072428662374637645,0.0,0.0072428662374637645,-0.23948292654921327,0.0
LF_global_bias,K6X_D110_D190_D210_D215_D220_D225,452,-0.015084286053095843,0.0,0.015084286053095843,-0.1404433883423607,0.0
LF_global_bias,K6X_D110_D190_D210_D215_D220_D225,453,-0.0026390605938245125,0.0,0.0026390605938245125,-0.1340761921956537,0.0
LF_global_bias,K6X_D110_D190_D210_D215_D220_D225,454,-0.005290785946465582,0.0,0.005290785946465582,-0.1486048502858407,0.0
LF_global_bias,K6X_D110_D190_D210_D215_D220_D225,455,-0.0016529227571321324,0.0,0.0016529227571321324,-0.20117913765641782,0.0
LF_global_bias,K6X_D150_D205_D215_D220_D225_D230,445,-0.03578345837882728,0.0,0.03578345837882728,0.19018853796083612,0.0
LF_global_bias,K6X_D150_D205_D215_D220_D225_D230,446,0.006725564945800247,0.0,0.006725564945800247,0.19633140477593714,0.0
LF_global_bias,K6X_D150_D205_D215_D220_D225_D230,447,-0.06398798620540756,0.0,0.06398798620540756,0.04109517213691816,0.0
LF_global_bias,K6X_D150_D205_D215_D220_D225_D230,448,-0.12511752092943818,0.0,0.12511752092943818,-0.04911293711436704,0.0
LF_global_bias,K6X_D150_D205_D215_D220_D225_D230,449,-0.10567231080805983,0.0,0.10567231080805983,0.022728744635029496,0.0
LF_global_bias,K6X_D150_D205_D215_D220_D225_D230,450,-0.1018166837226982,0.0,0.1018166837226982,0.11807434407724327,0.0
LF_global_bias,K6X_D150_D205_D215_D220_D225_D230,451,-0.07998202886759033,0.0,0.07998202886759033,0.3035944666379887,0.0
LF_global_bias,K6X_D150_D205_D215_D220_D225_D230,452,-0.1325844350919738,0.0,0.1325844350919738,0.3330098846980424,0.0
LF_global_bias,K6X_D150_D205_D215_D220_D225_D230,453,-0.13133684478485327,0.0,0.13133684478485327,0.2498276539156189,0.0
LF_global_bias,K6X_D150_D205_D215_D220_D225_D230,454,-0.13910326455112879,0.0,0.13910326455112879,0.1733794987177013,0.0
LF_global_bias,K6X_D150_D205_D215_D220_D225_D230,455,-0.16021552272325576,0.0,0.16021552272325576,0.10359899414006946,0.0
LF_global_bias,K6X_D105_D120_D125_D130_D165_D190,445,-0.07507165292505757,0.0,0.07507165292505757,0.001787062412937357,0.0
LF_global_bias,K6X_D105_D120_D125_D130_D165_D190,446,-0.05198061707784574,0.0,0.05198061707784574,0.014130203141392572,0.0
LF_global_bias,K6X_D105_D120_D125_D130_D165_D190,447,-0.03508817979233558,0.0,0.03508817979233558,0.025154015445206124,0.0
LF_global_bias,K6X_D105_D120_D125_D130_D165_D190,448,-0.024049438342906182,0.0,0.024049438342906182,0.03305439965084833,0.0
LF_global_bias,K6X_D105_D120_D125_D130_D165_D190,449,-0.015750623315036072,0.0,0.015750623315036072,0.040997281582154765,0.0
LF_global_bias,K6X_D105_D120_D125_D130_D165_D190,450,-0.005114812498532517,0.0,0.005114812498532517,0.04854891014776841,0.0
LF_global_bias,K6X_D105_D120_D125_D130_D165_D190,451,-0.07617494409121173,0.0,0.07617494409121173,-0.04079949565319885,0.0
LF_global_bias,K6X_D105_D120_D125_D130_D165_D190,452,-0.06452904159950956,0.0,0.06452904159950956,-0.0025557575759215245,0.0
LF_global_bias,K6X_D105_D120_D125_D130_D165_D190,453,-0.05282850924151561,0.0,0.05282850924151561,0.012960304171196646,0.0
LF_global_bias,K6X_D105_D120_D125_D130_D165_D190,454,-0.05160131803804413,0.0,0.05160131803804413,0.017015397254035447,0.0
LF_global_bias,K6X_D105_D120_D125_D130_D165_D190,455,-0.05192315291585148,0.0,0.05192315291585148,0.019138772588845332,0.0
LF_affine,K6X_D200_D205_D215_D220_D225_D230,445,-0.024239119369170004,-0.02456755788380921,0.0003284385146392066,0.1477796911824899,-0.05136214692049701
LF_affine,K6X_D200_D205_D215_D220_D225_D230,446,-0.022382683367131,-0.024567557883809196,0.0021848745166781966,0.03502958851915883,-0.05136214692049723
LF_affine,K6X_D200_D205_D215_D220_D225_D230,447,-0.037899608821476,-0.024567557883809196,0.013332050937666803,-0.015786607345776082,-0.0513621469204969
LF_affine,K6X_D200_D205_D215_D220_D225_D230,448,-0.039014915668150005,-0.02456755788380921,0.014447357784340795,-0.042251531712955925,-0.05136214692049701
LF_affine,K6X_D200_D205_D215_D220_D225_D230,449,-0.04515537053781,-0.02456755788380921,0.020587812654000788,-0.05733917112437714,-0.05136214692049723
LF_affine,K6X_D200_D205_D215_D220_D225_D230,450,-0.0398161529288,-0.02456755788380921,0.015248595044990793,-0.07446868672478013,-0.05136214692049712
LF_affine,K6X_D200_D205_D215_D220_D225_D230,451,-0.043141242350000004,-0.02456755788380921,0.018573684466190794,-0.028855550628409943,-0.05136214692049712
LF_affine,K6X_D200_D205_D215_D220_D225_D230,452,-0.07361210259212,-0.02456755788380921,0.049044544708310794,-0.24122805784097,-0.05136214692049701
LF_affine,K6X_D200_D205_D215_D220_D225_D230,453,-0.014917221755000001,-0.024567557883809196,0.009650336128809195,0.4784733313676999,-0.0513621469204969
LF_affine,K6X_D200_D205_D215_D220_D225_D230,454,-0.000643715643799999,-0.024567557883809203,0.023923842240009204,0.3694244175542999,-0.05136214692049712
LF_affine,K6X_D200_D205_D215_D220_D225_D230,455,-0.011804698510099996,-0.024567557883809203,0.012762859373709207,0.19351797890990008,-0.05136214692049701
LF_affine,K6X_D100_D140_D145_D155_D225_D230,445,0.11482951317799997,-0.03709797330931536,0.15192748648731533,0.02801180812064985,-0.052225227491734305
LF_affine,K6X_D100_D140_D145_D155_D225_D230,446,0.10607995602800002,-0.03709797330931541,0.14317792933731543,0.034769428994260054,-0.052225227491734194
LF_affine,K6X_D100_D140_D145_D155_D225_D230,447,0.101393122592,-0.03709797330931536,0.13849109590131536,0.04244363422085995,-0.052225227491734305
LF_affine,K6X_D100_D140_D145_D155_D225_D230,448,0.114069083565,-0.03709797330931536,0.15116705687431536,0.05349002441504602,-0.052225227491734194
LF_affine,K6X_D100_D140_D145_D155_D225_D230,449,0.10454003501200004,-0.03709797330931536,0.1416380083213154,0.08815038650924412,-0.052225227491734305
LF_affine,K6X_D100_D140_D145_D155_D225_D230,450,0.10852712226699995,-0.03709797330931541,0.14562509557631537,0.09683233319774898,-0.052225227491734416
LF_affine,K6X_D100_D140_D145_D155_D225_D230,451,0.13611690844400004,-0.03709797330931536,0.1732148817533154,0.10835057833538442,-0.052225227491734416
LF_affine,K6X_D100_D140_D145_D155_D225_D230,452,0.17192465312599997,-0.03709797330931536,0.20902262643531533,0.11848832505188034,-0.05222522749173408
LF_affine,K6X_D100_D140_D145_D155_D225_D230,453,0.21517041048099997,-0.03709797330931536,0.25226838379031535,0.124509879764789,-0.052225227491734194
LF_affine,K6X_D100_D140_D145_D155_D225_D230,454,0.258673225184,-0.03709797330931541,0.2957711984933154,0.11900402028173307,-0.052225227491734194
LF_affine,K6X_D100_D140_D145_D155_D225_D230,455,0.28356771511400003,-0.03709797330931536,0.3206656884233154,0.09265327967651493,-0.052225227491734416
LF_affine,K6X_D100_D200_D205_D210_D215_D220,445,-0.01504830391078,-0.025318137739678448,0.010269833828898447,-0.0823232833710601,-0.026864130455330537
LF_affine,K6X_D100_D200_D205_D210_D215_D220,446,-0.021394224809200002,-0.025318137739678448,0.003923912930478446,-0.14107825746674096,-0.02686413045533076
LF_affine,K6X_D100_D200_D205_D210_D215_D220,447,-0.029099577420599997,-0.025318137739678462,0.0037814396809215355,-0.18435982934888395,-0.02686413045533087
LF_affine,K6X_D100_D200_D205_D210_D215_D220,448,-0.0345216927392,-0.025318137739678448,0.009203554999521552,-0.24715625029195004,-0.02686413045533076
LF_affine,K6X_D100_D200_D205_D210_D215_D220,449,-0.014084312477400003,-0.025318137739678448,0.011233825262278445,-0.35756940204693,-0.02686413045533076
LF_affine,K6X_D100_D200_D205_D210_D215_D220,450,-0.004242197120399999,-0.025318137739678448,0.02107594061927845,-0.3969936648106901,-0.026864130455330648
LF_affine,K6X_D100_D200_D205_D210_D215_D220,451,-0.004348208372899998,-0.025318137739678448,0.02096992936677845,-0.4033571107379698,-0.02686413045533076
LF_affine,K6X_D100_D200_D205_D210_D215_D220,452,-0.019475301307000002,-0.025318137739678455,0.005842836432678453,-0.46859771519047005,-0.02686413045533087
LF_affine,K6X_D100_D200_D205_D210_D215_D220,453,-0.0192906722634,-0.025318137739678462,0.00602746547627846,-0.37855964375803997,-0.02686413045533076
LF_affine,K6X_D100_D200_D205_D210_D215_D220,454,-0.029541872631500002,-0.025318137739678448,0.004223734891821554,-0.33049140436243996,-0.02686413045533087
LF_affine,K6X_D100_D200_D205_D210_D215_D220,455,-0.0377347903963,-0.025318137739678448,0.012416652656621549,-0.287390814456035,-0.026864130455330648
LF_affine,K6X_D100_D110_D115_D220_D225_D230,445,-0.03173940106459,-0.027593250399827754,0.0041461506647622465,-0.019062892232389994,-0.04466983756192766
LF_affine,K6X_D100_D110_D115_D220_D225_D230,446,-0.02740973311727,-0.027593250399827754,0.0001835172825577526,-0.06806797924372898,-0.04466983756192766
LF_affine,K6X_D100_D110_D115_D220_D225_D230,447,-0.0081213248378,-0.027593250399827754,0.019471925562027752,-0.08051088275143004,-0.04466983756192766
LF_affine,K6X_D100_D110_D115_D220_D225_D230,448,0.017573153434700003,-0.027593250399827768,0.045166403834527774,-0.078258097600867,-0.04466983756192766
LF_affine,K6X_D100_D110_D115_D220_D225_D230,449,0.024165330602899996,-0.027593250399827768,0.05175858100272776,-0.06833245594814619,-0.04466983756192755
LF_affine,K6X_D100_D110_D115_D220_D225_D230,450,0.0384881912305,-0.027593250399827768,0.06608144163032777,-0.050307307866809925,-0.04466983756192777
LF_affine,K6X_D100_D110_D115_D220_D225_D230,451,0.04265260686740001,-0.027593250399827768,0.07024585726722778,-0.015826366231489808,-0.04466983756192755
LF_affine,K6X_D100_D110_D115_D220_D225_D230,452,0.0329606833769,-0.02759325039982776,0.06055393377672776,0.008265381614362854,-0.04466983756192766
LF_affine,K6X_D100_D110_D115_D220_D225_D230,453,0.0224187826343,-0.027593250399827754,0.050012033034127754,0.01692941681416804,-0.04466983756192777
LF_affine,K6X_D100_D110_D115_D220_D225_D230,454,0.0167949318539,-0.027593250399827754,0.04438818225372775,0.014390947888489825,-0.04466983756192777
LF_affine,K6X_D100_D110_D115_D220_D225_D230,455,0.018829220182799998,-0.027593250399827754,0.04642247058262775,0.0008445768193900971,-0.04466983756192766
LF_affine,K6X_D100_D130_D135_D155_D160_D225,445,-0.011188844990000057,-0.023442594977245323,0.012253749987245266,0.014217414267670092,-0.04360086293319865
LF_affine,K6X_D100_D130_D135_D155_D160_D225,446,-0.03014639113000006,-0.023442594977245435,0.006703796152754626,-0.0035871034069999697,-0.043600862933198536
LF_affine,K6X_D100_D130_D135_D155_D160_D225,447,-0.07706040698399996,-0.023442594977245323,0.05361781200675464,-0.03663123450640016,-0.043600862933198536
LF_affine,K6X_D100_D130_D135_D155_D160_D225,448,-0.235939379053,-0.023442594977245323,0.21249678407575467,-0.1326217162248,-0.043600862933198425
LF_affine,K6X_D100_D130_D135_D155_D160_D225,449,-0.07207590797699992,-0.023442594977245323,0.0486333129997546,-0.04163956084658782,-0.043600862933198425
LF_affine,K6X_D100_D130_D135_D155_D160_D225,450,-0.036619354308999985,-0.023442594977245323,0.013176759331754662,-0.027232914101090078,-0.043600862933198536
LF_affine,K6X_D100_D130_D135_D155_D160_D225,451,-0.02598189155399999,-0.023442594977245323,0.0025392965767546682,-0.031181686186440016,-0.043600862933198536
LF_affine,K6X_D100_D130_D135_D155_D160_D225,452,-0.018926647232000104,-0.023442594977245435,0.00451594774524533,-0.04172604899303012,-0.04360086293319865
LF_affine,K6X_D100_D130_D135_D155_D160_D225,453,-0.012677232390999937,-0.023442594977245323,0.010765362586245386,-0.05523575781298995,-0.043600862933198536
LF_affine,K6X_D100_D130_D135_D155_D160_D225,454,-0.008914920594999987,-0.023442594977245323,0.014527674382245337,-0.07135234939973989,-0.043600862933198536
LF_affine,K6X_D100_D130_D135_D155_D160_D225,455,-0.008714737723999999,-0.023442594977245323,0.014727857253245324,-0.08932551794079002,-0.043600862933198536
LF_affine,K6X_D100_D105_D115_D120_D125_D130,445,-0.0016850975300000126,-0.02657289882441044,0.024887801294410428,-0.010867716562119933,-0.04583846154053439
LF_affine,K6X_D100_D105_D115_D120_D125_D130,446,-0.0018718825769999947,-0.026572898824410468,0.024701016247410473,-0.011154830745229827,-0.04583846154053439
LF_affine,K6X_D100_D105_D115_D120_D125_D130,447,-0.0020360951610000066,-0.02657289882441044,0.024536803663410434,-0.01224542147719021,-0.0458384615405345
LF_affine,K6X_D100_D105_D115_D120_D125_D130,448,-0.0019030725999999998,-0.026572898824410468,0.024669826224410468,-0.012818763607870043,-0.0458384615405345
LF_affine,K6X_D100_D105_D115_D120_D125_D130,449,-0.0019115757889999752,-0.02657289882441044,0.024661323035410465,-0.01271517280995993,-0.04583846154053428
LF_affine,K6X_D100_D105_D115_D120_D125_D130,450,-0.0020671192649999726,-0.02657289882441044,0.024505779559410468,-0.013339123140110098,-0.04583846154053439
LF_affine,K6X_D100_D105_D115_D120_D125_D130,451,-0.002000505396999974,-0.02657289882441044,0.024572393427410466,-0.014109925547859947,-0.045838461540534614
LF_affine,K6X_D100_D105_D115_D120_D125_D130,452,-0.0019332358820000062,-0.026572898824410468,0.024639662942410462,-0.01413837654431005,-0.0458384615405345
LF_affine,K6X_D100_D105_D115_D120_D125_D130,453,-0.0020856345289999856,-0.02657289882441044,0.024487264295410455,-0.014494360630020076,-0.04583846154053428
LF_affine,K6X_D100_D105_D115_D120_D125_D130,454,-0.0021538708499999892,-0.026572898824410468,0.02441902797441048,-0.015429991841069968,-0.0458384615405345
LF_affine,K6X_D100_D105_D115_D120_D125_D130,455,-0.0020974817509999966,-0.02657289882441044,0.024475417073410444,-0.015799016441050084,-0.04583846154053439
LF_affine,K6X_D110_D125_D135_D150_D175_D190,445,-0.13520397594400002,-0.015661949986939927,0.1195420259570601,-0.10673573162934913,-0.03727567062127657
LF_affine,K6X_D110_D125_D135_D150_D175_D190,446,-0.14219426695000004,-0.015661949986939927,0.1265323169630601,-0.1162973011575611,-0.03727567062127668
LF_affine,K6X_D110_D125_D135_D150_D175_D190,447,-0.15953291227599997,-0.015661949986939927,0.14387096228906004,-0.13485123595214288,-0.03727567062127646
LF_affine,K6X_D110_D125_D135_D150_D175_D190,448,-0.233370776793,-0.015661949986940038,0.21770882680605996,-0.19810696724598897,-0.03727567062127668
LF_affine,K6X_D110_D125_D135_D150_D175_D190,449,-0.501273205047,-0.015661949986940038,0.48561125506006,-0.3861496846394611,-0.03727567062127668
LF_affine,K6X_D110_D125_D135_D150_D175_D190,450,-0.19830966961700003,-0.015661949986939927,0.1826477196300601,-0.14562830828970497,-0.03727567062127668
LF_affine,K6X_D110_D125_D135_D150_D175_D190,451,-0.080724190295,-0.015661949986939927,0.06506224030806007,-0.07267756554180316,-0.03727567062127657
LF_affine,K6X_D110_D125_D135_D150_D175_D190,452,-0.03420824799400002,-0.015661949986939927,0.01854629800706009,-0.050948954923891954,-0.03727567062127668
LF_affine,K6X_D110_D125_D135_D150_D175_D190,453,-0.0032689600829999277,-0.015661949986940038,0.01239298990394011,-0.041732557506954926,-0.03727567062127668
LF_affine,K6X_D110_D125_D135_D150_D175_D190,454,-0.011127285986999969,-0.015661949986940038,0.0045346639999400695,-0.06171075962590311,-0.03727567062127679
LF_affine,K6X_D110_D125_D135_D150_D175_D190,455,-0.322838665805,-0.015661949986939927,0.30717671581806005,-0.24513415591852594,-0.03727567062127646
LF_affine,K6X_D120_D125_D180_D185_D190_D195,445,-0.21795129345000003,-0.01533710323944365,0.20261419021055638,-0.13187194451625084,-0.037753937726052955
LF_affine,K6X_D120_D125_D180_D185_D190_D195,446,-0.17682906055599998,-0.015337103239443706,0.16149195731655627,-0.1483828480651237,-0.03775393772605329
LF_affine,K6X_D120_D125_D180_D185_D190_D195,447,-0.166655742166,-0.015337103239443706,0.15131863892655628,-0.14777562347274487,-0.03775393772605329
LF_affine,K6X_D120_D125_D180_D185_D190_D195,448,-0.161499169356,-0.015337103239443706,0.1461620661165563,-0.14444502043837792,-0.03775393772605318
LF_affine,K6X_D120_D125_D180_D185_D190_D195,449,-0.15956487938500002,-0.015337103239443706,0.14422777614555632,-0.14067072882546006,-0.03775393772605318
LF_affine,K6X_D120_D125_D180_D185_D190_D195,450,-0.160013086907,-0.015337103239443706,0.1446759836675563,-0.13730082175522018,-0.03775393772605318
LF_affine,K6X_D120_D125_D180_D185_D190_D195,451,-0.16159783983800002,-0.01533710323944365,0.14626073659855637,-0.13369579659078012,-0.03775393772605329
LF_affine,K6X_D120_D125_D180_D185_D190_D195,452,-0.16393136584399998,-0.015337103239443706,0.14859426260455627,-0.13010325263126998,-0.03775393772605329
LF_affine,K6X_D120_D125_D180_D185_D190_D195,453,-0.166418497499,-0.015337103239443706,0.1510813942595563,-0.12617777595461988,-0.03775393772605318
LF_affine,K6X_D120_D125_D180_D185_D190_D195,454,-0.16915681662000004,-0.015337103239443706,0.15381971338055633,-0.12218232378167004,-0.03775393772605329
LF_affine,K6X_D120_D125_D180_D185_D190_D195,455,-0.17203411931899998,-0.015337103239443706,0.15669701607955627,-0.11845301291596988,-0.0377539377260534
LF_affine,K6X_D120_D145_D200_D215_D220_D230,445,-0.23806877227380002,-0.02143971785627924,0.21662905441752078,-0.31154060067090006,-0.03619519746439459
LF_affine,K6X_D120_D145_D200_D215_D220_D230,446,-0.22707805099779999,-0.02143971785627924,0.20563833314152075,-0.28962385120199996,-0.0361951974643947
LF_affine,K6X_D120_D145_D200_D215_D220_D230,447,-0.188651535421,-0.02143971785627924,0.16721181756472075,-0.24574004137143002,-0.03619519746439481
LF_affine,K6X_D120_D145_D200_D215_D220_D230,448,-0.15367536706200002,-0.021439717856279267,0.13223564920572076,-0.20016025540741011,-0.03619519746439481
LF_affine,K6X_D120_D145_D200_D215_D220_D230,449,-0.08368074158899999,-0.021439717856279253,0.06224102373272074,-0.07256202058350003,-0.036195197464395035
LF_affine,K6X_D120_D145_D200_D215_D220_D230,450,-0.04898153152899999,-0.021439717856279267,0.027541813672720725,-0.013467869999479909,-0.036195197464394924
LF_affine,K6X_D120_D145_D200_D215_D220_D230,451,-0.06568821796100001,-0.021439717856279253,0.044248500104720756,-0.10805829360473007,-0.03619519746439481
LF_affine,K6X_D120_D145_D200_D215_D220_D230,452,-0.033135087561000004,-0.021439717856279267,0.011695369704720737,-0.12922993765192803,-0.03619519746439481
LF_affine,K6X_D120_D145_D200_D215_D220_D230,453,0.01492643414299999,-0.021439717856279253,0.03636615199927924,-0.12634305904423604,-0.036195197464394924
LF_affine,K6X_D120_D145_D200_D215_D220_D230,454,0.058873959922999985,-0.021439717856279253,0.08031367777927924,-0.12205493051689997,-0.0361951974643947
LF_affine,K6X_D120_D145_D200_D215_D220_D230,455,0.096438466423,-0.02143971785627924,0.11787818427927924,-0.11947043596544982,-0.036195197464394924
LF_affine,K6X_D140_D160_D165_D170_D180_D190,445,-0.07834248321500001,-0.03804457966909405,0.040297903545905955,-0.004180132369096867,-0.046230346616067286
LF_affine,K6X_D140_D160_D165_D170_D180_D190,446,-0.017173414785999985,-0.03804457966909405,0.020871164883094068,-0.012653992148089932,-0.046230346616067175
LF_affine,K6X_D140_D160_D165_D170_D180_D190,447,0.06826394688099999,-0.03804457966909405,0.10630852655009404,-0.020739289011830087,-0.046230346616067175
LF_affine,K6X_D140_D160_D165_D170_D180_D190,448,0.1461783571992,-0.03804457966909405,0.18422293686829405,-0.021133890161269875,-0.046230346616067286
LF_affine,K6X_D140_D160_D165_D170_D180_D190,449,0.2034531042211,-0.03804457966909405,0.24149768389019405,-0.011645607321840057,-0.046230346616067064
LF_affine,K6X_D140_D160_D165_D170_D180_D190,450,0.24156997531279997,-0.03804457966909407,0.279614554981894,-0.0010451838999399055,-0.046230346616067286
LF_affine,K6X_D140_D160_D165_D170_D180_D190,451,0.2628472554885,-0.03804457966909405,0.3008918351575941,0.004822718528809999,-0.046230346616067286
LF_affine,K6X_D140_D160_D165_D170_D180_D190,452,0.27016700033350005,-0.03804457966909405,0.3082115800025941,0.004886971115910188,-0.046230346616067064
LF_affine,K6X_D140_D160_D165_D170_D180_D190,453,0.2669774855109,-0.03804457966909405,0.3050220651799941,9.549481908988078e-05,-0.0462303466160674
LF_affine,K6X_D140_D160_D165_D170_D180_D190,454,0.25812902835400003,-0.03804457966909406,0.2961736080230941,-0.007369438239000048,-0.046230346616067175
LF_affine,K6X_D140_D160_D165_D170_D180_D190,455,0.249011541421,-0.03804457966909406,0.28705612109009404,-0.01348931221687999,-0.046230346616067286
LF_affine,K6X_D125_D135_D150_D175_D190_D210,445,-0.159434664244,-0.02219077544451542,0.13724388879948457,-0.12023898112865905,-0.04357079254735585
LF_affine,K6X_D125_D135_D150_D175_D190_D210,446,-0.14605581543200008,-0.02219077544451542,0.12386503998748466,-0.10944819633966607,-0.04357079254735585
LF_affine,K6X_D125_D135_D150_D175_D190_D210,447,-0.13089681298900002,-0.02219077544451542,0.1087060375444846,-0.09743968778365308,-0.04357079254735574
LF_affine,K6X_D125_D135_D150_D175_D190_D210,448,-0.11652621598199997,-0.02219077544451542,0.09433544053748455,-0.08671596007833904,-0.04357079254735574
LF_affine,K6X_D125_D135_D150_D175_D190_D210,449,-0.096590289236,-0.02219077544451542,0.07439951379148457,-0.07157481793854237,-0.04357079254735585
LF_affine,K6X_D125_D135_D150_D175_D190_D210,450,-0.070484034142,-0.02219077544451531,0.04829325869748469,-0.05108061416705245,-0.04357079254735574
LF_affine,K6X_D125_D135_D150_D175_D190_D210,451,-0.040522584064,-0.02219077544451531,0.01833180861948469,-0.025187107583599655,-0.04357079254735563
LF_affine,K6X_D125_D135_D150_D175_D190_D210,452,-0.005858227078999967,-0.02219077544451531,0.016332548365515343,0.0037309074021049105,-0.04357079254735563
LF_affine,K6X_D125_D135_D150_D175_D190_D210,453,-0.011659169303000039,-0.02219077544451531,0.01053160614151527,0.0008238250657650603,-0.04357079254735552
LF_affine,K6X_D125_D135_D150_D175_D190_D210,454,0.009323899330999974,-0.02219077544451531,0.03151467477551528,0.015871433912044264,-0.04357079254735563
LF_affine,K6X_D125_D135_D150_D175_D190_D210,455,0.02390797317100002,-0.02219077544451531,0.04609874861551533,0.019981109749156678,-0.04357079254735552
LF_affine,K6X_D100_D115_D130_D145_D155_D185,445,-0.23267006901600007,-0.01836198903055153,0.21430807998544854,-0.13600734619348798,-0.04205292146696438
LF_affine,K6X_D100_D115_D130_D145_D155_D185,446,-0.191259103935,-0.01836198903055153,0.17289711490444848,-0.10907502970400995,-0.04205292146696438
LF_affine,K6X_D100_D115_D130_D145_D155_D185,447,-0.159622498725,-0.01836198903055153,0.14126050969444848,-0.08692605189148572,-0.04205292146696449
LF_affine,K6X_D100_D115_D130_D145_D155_D185,448,-0.12804053628400003,-0.01836198903055153,0.1096785472534485,-0.07267440253294599,-0.042052921466964266
LF_affine,K6X_D100_D115_D130_D145_D155_D185,449,-0.29903107314199995,-0.01836198903055153,0.2806690841114484,-0.23189368407242694,-0.04205292146696438
LF_affine,K6X_D100_D115_D130_D145_D155_D185,450,-0.16352115437500003,-0.01836198903055153,0.1451591653444485,-0.09241786738647406,-0.04205292146696449
LF_affine,K6X_D100_D115_D130_D145_D155_D185,451,-0.11772493872599998,-0.01836198903055153,0.09936294969544845,-0.06016657832434691,-0.042052921466964266
LF_affine,K6X_D100_D115_D130_D145_D155_D185,452,-0.07673565707300001,-0.01836198903055153,0.05837366804244848,-0.03058545905386001,-0.04205292146696438
LF_affine,K6X_D100_D115_D130_D145_D155_D185,453,-0.03742880771500001,-0.01836198903055153,0.019066818684448483,-0.005585873345869907,-0.04205292146696438
LF_affine,K6X_D100_D115_D130_D145_D155_D185,454,0.0026666946560000016,-0.01836198903055153,0.02102868368655153,0.02028108224094982,-0.042052921466964266
LF_affine,K6X_D100_D115_D130_D145_D155_D185,455,0.026821436490000017,-0.018361989030551418,0.045183425520551435,0.033324389314270064,-0.042052921466964266
LF_affine,K6X_D130_D145_D155_D180_D195_D230,445,0.07995845899800003,-0.034884582898045524,0.11484304189604555,0.03409675308732796,-0.05181580987163037
LF_affine,K6X_D130_D145_D155_D180_D195_D230,446,0.07892165262499995,-0.034884582898045524,0.11380623552304547,0.035006128041819906,-0.05181580987163048
LF_affine,K6X_D130_D145_D155_D180_D195_D230,447,0.091377064176,-0.034884582898045635,0.12626164707404564,0.044831842178735704,-0.05181580987163048
LF_affine,K6X_D130_D145_D155_D180_D195_D230,448,0.10914779682100006,-0.034884582898045524,0.1440323797190456,0.058717444235876104,-0.05181580987163037
LF_affine,K6X_D130_D145_D155_D180_D195_D230,449,0.12965030172199998,-0.034884582898045524,0.1645348846200455,0.0756045400775669,-0.05181580987163037
LF_affine,K6X_D130_D145_D155_D180_D195_D230,450,0.147113048121,-0.034884582898045524,0.18199763101904554,0.09139276849390399,-0.05181580987163059
LF_affine,K6X_D130_D145_D155_D180_D195_D230,451,0.15515635674499995,-0.034884582898045524,0.19004093964304547,0.10130049732829682,-0.05181580987163059
LF_affine,K6X_D130_D145_D155_D180_D195_D230,452,0.15082408628199995,-0.034884582898045524,0.18570866918004547,0.10282266140633989,-0.05181580987163048
LF_affine,K6X_D130_D145_D155_D180_D195_D230,453,0.13778019512500006,-0.034884582898045524,0.17266477802304558,0.09786320553458994,-0.05181580987163037
LF_affine,K6X_D130_D145_D155_D180_D195_D230,454,0.13028854810699997,-0.034884582898045524,0.1651731310050455,0.09566764700089003,-0.05181580987163048
LF_affine,K6X_D130_D145_D155_D180_D195_D230,455,0.139464812876,-0.034884582898045524,0.1743493957740455,0.10184630284208995,-0.05181580987163037
LF_affine,K6X_D110_D190_D210_D215_D220_D225,445,-0.022326647789844264,-0.02618111394388843,0.003854466154044167,0.05986572869195561,-0.036810221857545455
LF_affine,K6X_D110_D190_D210_D215_D220_D225,446,-0.02091519204804919,-0.026181113943888418,0.005265921895839229,-0.011969960076408714,-0.036810221857545455
LF_affine,K6X_D110_D190_D210_D215_D220_D225,447,-0.015931359765030993,-0.02618111394388843,0.010249754178857439,-0.08367583363735454,-0.036810221857545344
LF_affine,K6X_D110_D190_D210_D215_D220_D225,448,-0.0100829978138215,-0.026181113943888418,0.016098116130066918,-0.19311801276232543,-0.036810221857545455
LF_affine,K6X_D110_D190_D210_D215_D220_D225,449,-0.015541943383274007,-0.026181113943888418,0.01063917056061441,-0.2816940330984315,-0.036810221857545455
LF_affine,K6X_D110_D190_D210_D215_D220_D225,450,0.01583225231648099,-0.026181113943888418,0.0420133662603694,-0.26239366369851624,-0.03681022185754512
LF_affine,K6X_D110_D190_D210_D215_D220_D225,451,0.0072428662374637645,-0.026181113943888418,0.03342398018135218,-0.23948292654921327,-0.036810221857545566
LF_affine,K6X_D110_D190_D210_D215_D220_D225,452,-0.015084286053095843,-0.026181113943888418,0.011096827890792575,-0.1404433883423607,-0.036810221857545455
LF_affine,K6X_D110_D190_D210_D215_D220_D225,453,-0.0026390605938245125,-0.026181113943888425,0.023542053350063912,-0.1340761921956537,-0.036810221857545344
LF_affine,K6X_D110_D190_D210_D215_D220_D225,454,-0.005290785946465582,-0.026181113943888425,0.020890327997422842,-0.1486048502858407,-0.036810221857545566
LF_affine,K6X_D110_D190_D210_D215_D220_D225,455,-0.0016529227571321324,-0.026181113943888425,0.024528191186756292,-0.20117913765641782,-0.036810221857545455
LF_affine,K6X_D150_D205_D215_D220_D225_D230,445,-0.03578345837882728,-0.020226663043071996,0.015556795335755283,0.19018853796083612,-0.05692833085085636
LF_affine,K6X_D150_D205_D215_D220_D225_D230,446,0.006725564945800247,-0.020226663043071996,0.026952227988872243,0.19633140477593714,-0.05692833085085647
LF_affine,K6X_D150_D205_D215_D220_D225_D230,447,-0.06398798620540756,-0.020226663043071996,0.043761323162335566,0.04109517213691816,-0.056928330850856246
LF_affine,K6X_D150_D205_D215_D220_D225_D230,448,-0.12511752092943818,-0.020226663043071996,0.10489085788636618,-0.04911293711436704,-0.05692833085085636
LF_affine,K6X_D150_D205_D215_D220_D225_D230,449,-0.10567231080805983,-0.020226663043071996,0.08544564776498784,0.022728744635029496,-0.05692833085085636
LF_affine,K6X_D150_D205_D215_D220_D225_D230,450,-0.1018166837226982,-0.020226663043071996,0.0815900206796262,0.11807434407724327,-0.05692833085085636
LF_affine,K6X_D150_D205_D215_D220_D225_D230,451,-0.07998202886759033,-0.020226663043071996,0.05975536582451833,0.3035944666379887,-0.05692833085085636
LF_affine,K6X_D150_D205_D215_D220_D225_D230,452,-0.1325844350919738,-0.020226663043071996,0.1123577720489018,0.3330098846980424,-0.05692833085085636
LF_affine,K6X_D150_D205_D215_D220_D225_D230,453,-0.13133684478485327,-0.020226663043071996,0.11111018174178128,0.2498276539156189,-0.05692833085085636
LF_affine,K6X_D150_D205_D215_D220_D225_D230,454,-0.13910326455112879,-0.020226663043072003,0.11887660150805679,0.1733794987177013,-0.056928330850856246
LF_affine,K6X_D150_D205_D215_D220_D225_D230,455,-0.16021552272325576,-0.020226663043071996,0.13998885968018376,0.10359899414006946,-0.05692833085085647
LF_affine,K6X_D105_D120_D125_D130_D165_D190,445,-0.07507165292505757,-0.0236494642110876,0.051422188713969974,0.001787062412937357,-0.047756908738812665
LF_affine,K6X_D105_D120_D125_D130_D165_D190,446,-0.05198061707784574,-0.023649464211087712,0.028331152866758025,0.014130203141392572,-0.047756908738812776
LF_affine,K6X_D105_D120_D125_D130_D165_D190,447,-0.03508817979233558,-0.0236494642110876,0.011438715581247982,0.025154015445206124,-0.047756908738812665
LF_affine,K6X_D105_D120_D125_D130_D165_D190,448,-0.024049438342906182,-0.0236494642110876,0.0003999741318185812,0.03305439965084833,-0.047756908738812665
LF_affine,K6X_D105_D120_D125_D130_D165_D190,449,-0.015750623315036072,-0.023649464211087712,0.00789884089605164,0.040997281582154765,-0.047756908738812665
LF_affine,K6X_D105_D120_D125_D130_D165_D190,450,-0.005114812498532517,-0.0236494642110876,0.018534651712555084,0.04854891014776841,-0.04775690873881289
LF_affine,K6X_D105_D120_D125_D130_D165_D190,451,-0.07617494409121173,-0.023649464211087712,0.052525479880124015,-0.04079949565319885,-0.047756908738812665
LF_affine,K6X_D105_D120_D125_D130_D165_D190,452,-0.06452904159950956,-0.0236494642110876,0.04087957738842196,-0.0025557575759215245,-0.047756908738812665
LF_affine,K6X_D105_D120_D125_D130_D165_D190,453,-0.05282850924151561,-0.023649464211087712,0.029179045030427897,0.012960304171196646,-0.047756908738812776
LF_affine,K6X_D105_D120_D125_D130_D165_D190,454,-0.05160131803804413,-0.0236494642110876,0.02795185382695653,0.017015397254035447,-0.047756908738812665
LF_affine,K6X_D105_D120_D125_D130_D165_D190,455,-0.05192315291585148,-0.023649464211087712,0.028273688704763766,0.019138772588845332,-0.047756908738812776
LF_ridge_residual,K6X_D200_D205_D215_D220_D225_D230,445,-0.024239119369170004,-0.024567186025953647,0.0003280666567836432,0.1477796911824899,-0.05136136949614323
LF_ridge_residual,K6X_D200_D205_D215_D220_D225_D230,446,-0.022382683367131,-0.024567186025953647,0.002184502658822647,0.03502958851915883,-0.05136136949614345
LF_ridge_residual,K6X_D200_D205_D215_D220_D225_D230,447,-0.037899608821476,-0.024567186025953647,0.013332422795522353,-0.015786607345776082,-0.05136136949614334
LF_ridge_residual,K6X_D200_D205_D215_D220_D225_D230,448,-0.039014915668150005,-0.02456718602595362,0.014447729642196386,-0.042251531712955925,-0.05136136949614334
LF_ridge_residual,K6X_D200_D205_D215_D220_D225_D230,449,-0.04515537053781,-0.024567186025953647,0.02058818451185635,-0.05733917112437714,-0.05136136949614345
LF_ridge_residual,K6X_D200_D205_D215_D220_D225_D230,450,-0.0398161529288,-0.02456718602595362,0.015248966902846384,-0.07446868672478013,-0.05136136949614334
LF_ridge_residual,K6X_D200_D205_D215_D220_D225_D230,451,-0.043141242350000004,-0.02456718602595362,0.018574056324046385,-0.028855550628409943,-0.05136136949614312
LF_ridge_residual,K6X_D200_D205_D215_D220_D225_D230,452,-0.07361210259212,-0.024567186025953647,0.04904491656616636,-0.24122805784097,-0.05136136949614312
LF_ridge_residual,K6X_D200_D205_D215_D220_D225_D230,453,-0.014917221755000001,-0.02456718602595362,0.009649964270953618,0.4784733313676999,-0.05136136949614323
LF_ridge_residual,K6X_D200_D205_D215_D220_D225_D230,454,-0.000643715643799999,-0.024567186025953647,0.023923470382153648,0.3694244175542999,-0.05136136949614334
LF_ridge_residual,K6X_D200_D205_D215_D220_D225_D230,455,-0.011804698510099996,-0.024567186025953647,0.012762487515853651,0.19351797890990008,-0.05136136949614334
LF_ridge_residual,K6X_D100_D140_D145_D155_D225_D230,445,0.11482951317799997,-0.03709741178940906,0.15192692496740903,0.02801180812064985,-0.05222443700367696
LF_ridge_residual,K6X_D100_D140_D145_D155_D225_D230,446,0.10607995602800002,-0.03709741178940906,0.14317736781740908,0.034769428994260054,-0.05222443700367707
LF_ridge_residual,K6X_D100_D140_D145_D155_D225_D230,447,0.101393122592,-0.03709741178940906,0.13849053438140907,0.04244363422085995,-0.05222443700367707
LF_ridge_residual,K6X_D100_D140_D145_D155_D225_D230,448,0.114069083565,-0.03709741178940906,0.15116649535440907,0.05349002441504602,-0.05222443700367707
LF_ridge_residual,K6X_D100_D140_D145_D155_D225_D230,449,0.10454003501200004,-0.03709741178940906,0.1416374468014091,0.08815038650924412,-0.05222443700367696
LF_ridge_residual,K6X_D100_D140_D145_D155_D225_D230,450,0.10852712226699995,-0.03709741178940906,0.14562453405640902,0.09683233319774898,-0.05222443700367707
LF_ridge_residual,K6X_D100_D140_D145_D155_D225_D230,451,0.13611690844400004,-0.03709741178940901,0.17321432023340905,0.10835057833538442,-0.05222443700367696
LF_ridge_residual,K6X_D100_D140_D145_D155_D225_D230,452,0.17192465312599997,-0.03709741178940906,0.20902206491540903,0.11848832505188034,-0.05222443700367707
LF_ridge_residual,K6X_D100_D140_D145_D155_D225_D230,453,0.21517041048099997,-0.03709741178940906,0.252267822270409,0.124509879764789,-0.05222443700367707
LF_ridge_residual,K6X_D100_D140_D145_D155_D225_D230,454,0.258673225184,-0.03709741178940906,0.29577063697340905,0.11900402028173307,-0.05222443700367696
LF_ridge_residual,K6X_D100_D140_D145_D155_D225_D230,455,0.28356771511400003,-0.03709741178940906,0.3206651269034091,0.09265327967651493,-0.05222443700367707
LF_ridge_residual,K6X_D100_D200_D205_D210_D215_D220,445,-0.01504830391078,-0.02531775452094539,0.010269450610165388,-0.0823232833710601,-0.026863723836244358
LF_ridge_residual,K6X_D100_D200_D205_D210_D215_D220,446,-0.021394224809200002,-0.025317754520945368,0.003923529711745366,-0.14107825746674096,-0.026863723836244247
LF_ridge_residual,K6X_D100_D200_D205_D210_D215_D220,447,-0.029099577420599997,-0.02531775452094536,0.003781822899654636,-0.18435982934888395,-0.026863723836244247
LF_ridge_residual,K6X_D100_D200_D205_D210_D215_D220,448,-0.0345216927392,-0.025317754520945382,0.009203938218254618,-0.24715625029195004,-0.026863723836244247
LF_ridge_residual,K6X_D100_D200_D205_D210_D215_D220,449,-0.014084312477400003,-0.025317754520945354,0.011233442043545351,-0.35756940204693,-0.026863723836244247
LF_ridge_residual,K6X_D100_D200_D205_D210_D215_D220,450,-0.004242197120399999,-0.025317754520945396,0.021075557400545397,-0.3969936648106901,-0.026863723836244358
LF_ridge_residual,K6X_D100_D200_D205_D210_D215_D220,451,-0.004348208372899998,-0.025317754520945368,0.02096954614804537,-0.4033571107379698,-0.026863723836244247
LF_ridge_residual,K6X_D100_D200_D205_D210_D215_D220,452,-0.019475301307000002,-0.025317754520945368,0.005842453213945366,-0.46859771519047005,-0.026863723836244358
LF_ridge_residual,K6X_D100_D200_D205_D210_D215_D220,453,-0.0192906722634,-0.025317754520945354,0.006027082257545353,-0.37855964375803997,-0.026863723836244247
LF_ridge_residual,K6X_D100_D200_D205_D210_D215_D220,454,-0.029541872631500002,-0.02531775452094534,0.004224118110554662,-0.33049140436243996,-0.026863723836244358
LF_ridge_residual,K6X_D100_D200_D205_D210_D215_D220,455,-0.0377347903963,-0.025317754520945368,0.012417035875354629,-0.287390814456035,-0.026863723836244136
LF_ridge_residual,K6X_D100_D110_D115_D220_D225_D230,445,-0.03173940106459,-0.027592832744683923,0.004146568319906077,-0.019062892232389994,-0.04466916143326716
LF_ridge_residual,K6X_D100_D110_D115_D220_D225_D230,446,-0.02740973311727,-0.02759283274468391,0.0001830996274139081,-0.06806797924372898,-0.04466916143326716
LF_ridge_residual,K6X_D100_D110_D115_D220_D225_D230,447,-0.0081213248378,-0.02759283274468391,0.019471507906883907,-0.08051088275143004,-0.044669161433267046
LF_ridge_residual,K6X_D100_D110_D115_D220_D225_D230,448,0.017573153434700003,-0.02759283274468391,0.045165986179383916,-0.078258097600867,-0.04466916143326716
LF_ridge_residual,K6X_D100_D110_D115_D220_D225_D230,449,0.024165330602899996,-0.027592832744683896,0.05175816334758389,-0.06833245594814619,-0.044669161433267046
LF_ridge_residual,K6X_D100_D110_D115_D220_D225_D230,450,0.0384881912305,-0.027592832744683896,0.0660810239751839,-0.050307307866809925,-0.04466916143326716
LF_ridge_residual,K6X_D100_D110_D115_D220_D225_D230,451,0.04265260686740001,-0.027592832744683923,0.07024543961208393,-0.015826366231489808,-0.04466916143326716
LF_ridge_residual,K6X_D100_D110_D115_D220_D225_D230,452,0.0329606833769,-0.027592832744683896,0.0605535161215839,0.008265381614362854,-0.044669161433267046
LF_ridge_residual,K6X_D100_D110_D115_D220_D225_D230,453,0.0224187826343,-0.027592832744683923,0.05001161537898392,0.01692941681416804,-0.044669161433267046
LF_ridge_residual,K6X_D100_D110_D115_D220_D225_D230,454,0.0167949318539,-0.027592832744683937,0.044387764598583936,0.014390947888489825,-0.04466916143326727
LF_ridge_residual,K6X_D100_D110_D115_D220_D225_D230,455,0.018829220182799998,-0.02759283274468391,0.04642205292748391,0.0008445768193900971,-0.04466916143326727
LF_ridge_residual,K6X_D100_D130_D135_D155_D160_D225,445,-0.011188844990000057,-0.023442240146979376,0.012253395156979319,0.014217414267670092,-0.04360020298468148
LF_ridge_residual,K6X_D100_D130_D135_D155_D160_D225,446,-0.03014639113000006,-0.023442240146979376,0.006704150983020685,-0.0035871034069999697,-0.04360020298468148
LF_ridge_residual,K6X_D100_D130_D135_D155_D160_D225,447,-0.07706040698399996,-0.023442240146979487,0.053618166837020476,-0.03663123450640016,-0.0436002029846817
LF_ridge_residual,K6X_D100_D130_D135_D155_D160_D225,448,-0.235939379053,-0.023442240146979376,0.21249713890602062,-0.1326217162248,-0.04360020298468159
LF_ridge_residual,K6X_D100_D130_D135_D155_D160_D225,449,-0.07207590797699992,-0.023442240146979487,0.04863366783002043,-0.04163956084658782,-0.04360020298468159
LF_ridge_residual,K6X_D100_D130_D135_D155_D160_D225,450,-0.036619354308999985,-0.023442240146979376,0.013177114162020609,-0.027232914101090078,-0.04360020298468159
LF_ridge_residual,K6X_D100_D130_D135_D155_D160_D225,451,-0.02598189155399999,-0.023442240146979376,0.0025396514070206155,-0.031181686186440016,-0.04360020298468159
LF_ridge_residual,K6X_D100_D130_D135_D155_D160_D225,452,-0.018926647232000104,-0.023442240146979376,0.004515592914979272,-0.04172604899303012,-0.04360020298468148
LF_ridge_residual,K6X_D100_D130_D135_D155_D160_D225,453,-0.012677232390999937,-0.023442240146979376,0.010765007755979439,-0.05523575781298995,-0.04360020298468137
LF_ridge_residual,K6X_D100_D130_D135_D155_D160_D225,454,-0.008914920594999987,-0.023442240146979376,0.01452731955197939,-0.07135234939973989,-0.04360020298468137
LF_ridge_residual,K6X_D100_D130_D135_D155_D160_D225,455,-0.008714737723999999,-0.023442240146979376,0.014727502422979377,-0.08932551794079002,-0.04360020298468148
LF_ridge_residual,K6X_D100_D105_D115_D120_D125_D130,445,-0.0016850975300000126,-0.026572496613445074,0.02488739908344506,-0.010867716562119933,-0.045837767723424405
LF_ridge_residual,K6X_D100_D105_D115_D120_D125_D130,446,-0.0018718825769999947,-0.02657249661344513,0.024700614036445134,-0.011154830745229827,-0.045837767723424516
LF_ridge_residual,K6X_D100_D105_D115_D120_D125_D130,447,-0.0020360951610000066,-0.026572496613445018,0.02453640145244501,-0.01224542147719021,-0.045837767723424405
LF_ridge_residual,K6X_D100_D105_D115_D120_D125_D130,448,-0.0019030725999999998,-0.026572496613445074,0.024669424013445074,-0.012818763607870043,-0.045837767723424405
LF_ridge_residual,K6X_D100_D105_D115_D120_D125_D130,449,-0.0019115757889999752,-0.026572496613445074,0.0246609208244451,-0.01271517280995993,-0.045837767723424405
LF_ridge_residual,K6X_D100_D105_D115_D120_D125_D130,450,-0.0020671192649999726,-0.026572496613445074,0.0245053773484451,-0.013339123140110098,-0.04583776772342418
LF_ridge_residual,K6X_D100_D105_D115_D120_D125_D130,451,-0.002000505396999974,-0.02657249661344513,0.024571991216445155,-0.014109925547859947,-0.045837767723424405
LF_ridge_residual,K6X_D100_D105_D115_D120_D125_D130,452,-0.0019332358820000062,-0.026572496613445074,0.024639260731445067,-0.01413837654431005,-0.045837767723424405
LF_ridge_residual,K6X_D100_D105_D115_D120_D125_D130,453,-0.0020856345289999856,-0.026572496613445074,0.024486862084445088,-0.014494360630020076,-0.045837767723424516
LF_ridge_residual,K6X_D100_D105_D115_D120_D125_D130,454,-0.0021538708499999892,-0.026572496613445074,0.024418625763445084,-0.015429991841069968,-0.045837767723424294
LF_ridge_residual,K6X_D100_D105_D115_D120_D125_D130,455,-0.0020974817509999966,-0.026572496613445074,0.024475014862445077,-0.015799016441050084,-0.045837767723424294
LF_ridge_residual,K6X_D110_D125_D135_D150_D175_D190,445,-0.13520397594400002,-0.01566171292556162,0.1195422630184384,-0.10673573162934913,-0.03727510641171994
LF_ridge_residual,K6X_D110_D125_D135_D150_D175_D190,446,-0.14219426695000004,-0.01566171292556151,0.12653255402443853,-0.1162973011575611,-0.03727510641171994
LF_ridge_residual,K6X_D110_D125_D135_D150_D175_D190,447,-0.15953291227599997,-0.01566171292556151,0.14387119935043846,-0.13485123595214288,-0.03727510641172005
LF_ridge_residual,K6X_D110_D125_D135_D150_D175_D190,448,-0.233370776793,-0.01566171292556162,0.21770906386743838,-0.19810696724598897,-0.03727510641171994
LF_ridge_residual,K6X_D110_D125_D135_D150_D175_D190,449,-0.501273205047,-0.01566171292556162,0.4856114921214384,-0.3861496846394611,-0.03727510641171994
LF_ridge_residual,K6X_D110_D125_D135_D150_D175_D190,450,-0.19830966961700003,-0.01566171292556162,0.1826479566914384,-0.14562830828970497,-0.03727510641172005
LF_ridge_residual,K6X_D110_D125_D135_D150_D175_D190,451,-0.080724190295,-0.01566171292556162,0.06506247736943838,-0.07267756554180316,-0.03727510641172005
LF_ridge_residual,K6X_D110_D125_D135_D150_D175_D190,452,-0.03420824799400002,-0.01566171292556151,0.018546535068438508,-0.050948954923891954,-0.03727510641171983
LF_ridge_residual,K6X_D110_D125_D135_D150_D175_D190,453,-0.0032689600829999277,-0.01566171292556162,0.012392752842561694,-0.041732557506954926,-0.03727510641171994
LF_ridge_residual,K6X_D110_D125_D135_D150_D175_D190,454,-0.011127285986999969,-0.01566171292556151,0.004534426938561542,-0.06171075962590311,-0.03727510641171994
LF_ridge_residual,K6X_D110_D125_D135_D150_D175_D190,455,-0.322838665805,-0.01566171292556151,0.30717695287943847,-0.24513415591852594,-0.03727510641171983
LF_ridge_residual,K6X_D120_D125_D180_D185_D190_D195,445,-0.21795129345000003,-0.015336871094989268,0.20261442235501076,-0.13187194451625084,-0.03775336627738146
LF_ridge_residual,K6X_D120_D125_D180_D185_D190_D195,446,-0.17682906055599998,-0.015336871094989268,0.1614921894610107,-0.1483828480651237,-0.03775336627738135
LF_ridge_residual,K6X_D120_D125_D180_D185_D190_D195,447,-0.166655742166,-0.015336871094989268,0.15131887107101072,-0.14777562347274487,-0.03775336627738135
LF_ridge_residual,K6X_D120_D125_D180_D185_D190_D195,448,-0.161499169356,-0.015336871094989268,0.14616229826101074,-0.14444502043837792,-0.03775336627738124
LF_ridge_residual,K6X_D120_D125_D180_D185_D190_D195,449,-0.15956487938500002,-0.015336871094989268,0.14422800829001076,-0.14067072882546006,-0.03775336627738146
LF_ridge_residual,K6X_D120_D125_D180_D185_D190_D195,450,-0.160013086907,-0.015336871094989268,0.14467621581201073,-0.13730082175522018,-0.03775336627738146
LF_ridge_residual,K6X_D120_D125_D180_D185_D190_D195,451,-0.16159783983800002,-0.015336871094989268,0.14626096874301076,-0.13369579659078012,-0.03775336627738135
LF_ridge_residual,K6X_D120_D125_D180_D185_D190_D195,452,-0.16393136584399998,-0.015336871094989268,0.1485944947490107,-0.13010325263126998,-0.03775336627738146
LF_ridge_residual,K6X_D120_D125_D180_D185_D190_D195,453,-0.166418497499,-0.015336871094989268,0.15108162640401074,-0.12617777595461988,-0.03775336627738146
LF_ridge_residual,K6X_D120_D125_D180_D185_D190_D195,454,-0.16915681662000004,-0.015336871094989268,0.15381994552501077,-0.12218232378167004,-0.03775336627738146
LF_ridge_residual,K6X_D120_D125_D180_D185_D190_D195,455,-0.17203411931899998,-0.015336871094989268,0.1566972482240107,-0.11845301291596988,-0.03775336627738135
LF_ridge_residual,K6X_D120_D145_D200_D215_D220_D230,445,-0.23806877227380002,-0.0214393933418304,0.21662937893196962,-0.31154060067090006,-0.036194649609024965
LF_ridge_residual,K6X_D120_D145_D200_D215_D220_D230,446,-0.22707805099779999,-0.02143939334183037,0.20563865765596961,-0.28962385120199996,-0.036194649609024854
LF_ridge_residual,K6X_D120_D145_D200_D215_D220_D230,447,-0.188651535421,-0.021439393341830426,0.16721214207916957,-0.24574004137143002,-0.036194649609024965
LF_ridge_residual,K6X_D120_D145_D200_D215_D220_D230,448,-0.15367536706200002,-0.021439393341830426,0.1322359737201696,-0.20016025540741011,-0.036194649609024965
LF_ridge_residual,K6X_D120_D145_D200_D215_D220_D230,449,-0.08368074158899999,-0.021439393341830412,0.06224134824716958,-0.07256202058350003,-0.036194649609024854
LF_ridge_residual,K6X_D120_D145_D200_D215_D220_D230,450,-0.04898153152899999,-0.021439393341830426,0.027542138187169565,-0.013467869999479909,-0.036194649609025076
LF_ridge_residual,K6X_D120_D145_D200_D215_D220_D230,451,-0.06568821796100001,-0.0214393933418304,0.04424882461916961,-0.10805829360473007,-0.036194649609025076
LF_ridge_residual,K6X_D120_D145_D200_D215_D220_D230,452,-0.033135087561000004,-0.021439393341830426,0.011695694219169578,-0.12922993765192803,-0.036194649609024965
LF_ridge_residual,K6X_D120_D145_D200_D215_D220_D230,453,0.01492643414299999,-0.0214393933418304,0.03636582748483039,-0.12634305904423604,-0.036194649609024965
LF_ridge_residual,K6X_D120_D145_D200_D215_D220_D230,454,0.058873959922999985,-0.0214393933418304,0.08031335326483038,-0.12205493051689997,-0.036194649609024854
LF_ridge_residual,K6X_D120_D145_D200_D215_D220_D230,455,0.096438466423,-0.02143939334183037,0.11787785976483037,-0.11947043596544982,-0.036194649609024854
LF_ridge_residual,K6X_D140_D160_D165_D170_D180_D190,445,-0.07834248321500001,-0.0380440038212268,0.04029847939377321,-0.004180132369096867,-0.04622964686733211
LF_ridge_residual,K6X_D140_D160_D165_D170_D180_D190,446,-0.017173414785999985,-0.0380440038212268,0.020870589035226816,-0.012653992148089932,-0.04622964686733211
LF_ridge_residual,K6X_D140_D160_D165_D170_D180_D190,447,0.06826394688099999,-0.038044003821226774,0.10630795070222676,-0.020739289011830087,-0.04622964686733211
LF_ridge_residual,K6X_D140_D160_D165_D170_D180_D190,448,0.1461783571992,-0.038044003821226774,0.18422236102042677,-0.021133890161269875,-0.04622964686733211
LF_ridge_residual,K6X_D140_D160_D165_D170_D180_D190,449,0.2034531042211,-0.038044003821226774,0.24149710804232677,-0.011645607321840057,-0.046229646867332
LF_ridge_residual,K6X_D140_D160_D165_D170_D180_D190,450,0.24156997531279997,-0.038044003821226774,0.27961397913402675,-0.0010451838999399055,-0.04622964686733211
LF_ridge_residual,K6X_D140_D160_D165_D170_D180_D190,451,0.2628472554885,-0.038044003821226746,0.30089125930972677,0.004822718528809999,-0.04622964686733211
LF_ridge_residual,K6X_D140_D160_D165_D170_D180_D190,452,0.27016700033350005,-0.038044003821226774,0.3082110041547268,0.004886971115910188,-0.046229646867332
LF_ridge_residual,K6X_D140_D160_D165_D170_D180_D190,453,0.2669774855109,-0.038044003821226746,0.30502148933212675,9.549481908988078e-05,-0.04622964686733222
LF_ridge_residual,K6X_D140_D160_D165_D170_D180_D190,454,0.25812902835400003,-0.038044003821226774,0.29617303217522684,-0.007369438239000048,-0.04622964686733233
LF_ridge_residual,K6X_D140_D160_D165_D170_D180_D190,455,0.249011541421,-0.038044003821226746,0.28705554524222676,-0.01348931221687999,-0.046229646867331886
LF_ridge_residual,K6X_D125_D135_D150_D175_D190_D210,445,-0.159434664244,-0.022190439561958097,0.1372442246820419,-0.12023898112865905,-0.04357013305398816
LF_ridge_residual,K6X_D125_D135_D150_D175_D190_D210,446,-0.14605581543200008,-0.022190439561957986,0.1238653758700421,-0.10944819633966607,-0.04357013305398816
LF_ridge_residual,K6X_D125_D135_D150_D175_D190_D210,447,-0.13089681298900002,-0.022190439561957986,0.10870637342704204,-0.09743968778365308,-0.04357013305398816
LF_ridge_residual,K6X_D125_D135_D150_D175_D190_D210,448,-0.11652621598199997,-0.022190439561957986,0.09433577642004198,-0.08671596007833904,-0.04357013305398805
LF_ridge_residual,K6X_D125_D135_D150_D175_D190_D210,449,-0.096590289236,-0.022190439561957986,0.074399849674042,-0.07157481793854237,-0.04357013305398805
LF_ridge_residual,K6X_D125_D135_D150_D175_D190_D210,450,-0.070484034142,-0.022190439561957986,0.04829359458004201,-0.05108061416705245,-0.04357013305398816
LF_ridge_residual,K6X_D125_D135_D150_D175_D190_D210,451,-0.040522584064,-0.022190439561957875,0.018332144502042125,-0.025187107583599655,-0.04357013305398805
LF_ridge_residual,K6X_D125_D135_D150_D175_D190_D210,452,-0.005858227078999967,-0.022190439561958097,0.01633221248295813,0.0037309074021049105,-0.04357013305398816
LF_ridge_residual,K6X_D125_D135_D150_D175_D190_D210,453,-0.011659169303000039,-0.022190439561957875,0.010531270258957837,0.0008238250657650603,-0.04357013305398805
LF_ridge_residual,K6X_D125_D135_D150_D175_D190_D210,454,0.009323899330999974,-0.022190439561957875,0.03151433889295785,0.015871433912044264,-0.043570133053987936
LF_ridge_residual,K6X_D125_D135_D150_D175_D190_D210,455,0.02390797317100002,-0.022190439561957986,0.046098412732958005,0.019981109749156678,-0.04357013305398805
LF_ridge_residual,K6X_D100_D115_D130_D145_D155_D185,445,-0.23267006901600007,-0.018361711101019584,0.21430835791498049,-0.13600734619348798,-0.04205228494829738
LF_ridge_residual,K6X_D100_D115_D130_D145_D155_D185,446,-0.191259103935,-0.018361711101019473,0.17289739283398053,-0.10907502970400995,-0.04205228494829727
LF_ridge_residual,K6X_D100_D115_D130_D145_D155_D185,447,-0.159622498725,-0.018361711101019473,0.14126078762398053,-0.08692605189148572,-0.04205228494829727
LF_ridge_residual,K6X_D100_D115_D130_D145_D155_D185,448,-0.12804053628400003,-0.018361711101019473,0.10967882518298055,-0.07267440253294599,-0.04205228494829738
LF_ridge_residual,K6X_D100_D115_D130_D145_D155_D185,449,-0.29903107314199995,-0.018361711101019473,0.2806693620409805,-0.23189368407242694,-0.04205228494829727
LF_ridge_residual,K6X_D100_D115_D130_D145_D155_D185,450,-0.16352115437500003,-0.018361711101019473,0.14515944327398056,-0.09241786738647406,-0.04205228494829727
LF_ridge_residual,K6X_D100_D115_D130_D145_D155_D185,451,-0.11772493872599998,-0.018361711101019473,0.09936322762498051,-0.06016657832434691,-0.04205228494829738
LF_ridge_residual,K6X_D100_D115_D130_D145_D155_D185,452,-0.07673565707300001,-0.018361711101019473,0.058373945971980534,-0.03058545905386001,-0.04205228494829727
LF_ridge_residual,K6X_D100_D115_D130_D145_D155_D185,453,-0.03742880771500001,-0.018361711101019473,0.01906709661398054,-0.005585873345869907,-0.04205228494829727
LF_ridge_residual,K6X_D100_D115_D130_D145_D155_D185,454,0.0026666946560000016,-0.018361711101019473,0.021028405757019475,0.02028108224094982,-0.04205228494829727
LF_ridge_residual,K6X_D100_D115_D130_D145_D155_D185,455,0.026821436490000017,-0.018361711101019473,0.04518314759101949,0.033324389314270064,-0.04205228494829738
LF_ridge_residual,K6X_D130_D145_D155_D180_D195_D230,445,0.07995845899800003,-0.03488405488031365,0.11484251387831368,0.03409675308732796,-0.05181502558057316
LF_ridge_residual,K6X_D130_D145_D155_D180_D195_D230,446,0.07892165262499995,-0.03488405488031365,0.1138057075053136,0.035006128041819906,-0.05181502558057316
LF_ridge_residual,K6X_D130_D145_D155_D180_D195_D230,447,0.091377064176,-0.03488405488031365,0.12626111905631365,0.044831842178735704,-0.05181502558057327
LF_ridge_residual,K6X_D130_D145_D155_D180_D195_D230,448,0.10914779682100006,-0.034884054880313764,0.14403185170131383,0.058717444235876104,-0.05181502558057327
LF_ridge_residual,K6X_D130_D145_D155_D180_D195_D230,449,0.12965030172199998,-0.034884054880313764,0.16453435660231375,0.0756045400775669,-0.05181502558057316
LF_ridge_residual,K6X_D130_D145_D155_D180_D195_D230,450,0.147113048121,-0.034884054880313764,0.18199710300131378,0.09139276849390399,-0.05181502558057327
LF_ridge_residual,K6X_D130_D145_D155_D180_D195_D230,451,0.15515635674499995,-0.034884054880313764,0.1900404116253137,0.10130049732829682,-0.05181502558057338
LF_ridge_residual,K6X_D130_D145_D155_D180_D195_D230,452,0.15082408628199995,-0.034884054880313764,0.1857081411623137,0.10282266140633989,-0.05181502558057327
LF_ridge_residual,K6X_D130_D145_D155_D180_D195_D230,453,0.13778019512500006,-0.034884054880313764,0.17266425000531382,0.09786320553458994,-0.05181502558057338
LF_ridge_residual,K6X_D130_D145_D155_D180_D195_D230,454,0.13028854810699997,-0.034884054880313764,0.16517260298731373,0.09566764700089003,-0.05181502558057338
LF_ridge_residual,K6X_D130_D145_D155_D180_D195_D230,455,0.139464812876,-0.034884054880313764,0.17434886775631375,0.10184630284208995,-0.05181502558057327
LF_ridge_residual,K6X_D110_D190_D210_D215_D220_D225,445,-0.022326647789844264,-0.026180717663031594,0.0038540698731873296,0.05986572869195561,-0.036809664693083555
LF_ridge_residual,K6X_D110_D190_D210_D215_D220_D225,446,-0.02091519204804919,-0.02618071766303163,0.00526552561498244,-0.011969960076408714,-0.03680966469308378
LF_ridge_residual,K6X_D110_D190_D210_D215_D220_D225,447,-0.015931359765030993,-0.026180717663031636,0.010249357898000643,-0.08367583363735454,-0.03680966469308389
LF_ridge_residual,K6X_D110_D190_D210_D215_D220_D225,448,-0.0100829978138215,-0.026180717663031622,0.016097719849210122,-0.19311801276232543,-0.03680966469308389
LF_ridge_residual,K6X_D110_D190_D210_D215_D220_D225,449,-0.015541943383274007,-0.026180717663031608,0.010638774279757601,-0.2816940330984315,-0.03680966469308389
LF_ridge_residual,K6X_D110_D190_D210_D215_D220_D225,450,0.01583225231648099,-0.026180717663031615,0.04201296997951261,-0.26239366369851624,-0.036809664693083555
LF_ridge_residual,K6X_D110_D190_D210_D215_D220_D225,451,0.0072428662374637645,-0.026180717663031636,0.0334235839004954,-0.23948292654921327,-0.03680966469308378
LF_ridge_residual,K6X_D110_D190_D210_D215_D220_D225,452,-0.015084286053095843,-0.026180717663031622,0.01109643160993578,-0.1404433883423607,-0.03680966469308378
LF_ridge_residual,K6X_D110_D190_D210_D215_D220_D225,453,-0.0026390605938245125,-0.026180717663031643,0.02354165706920713,-0.1340761921956537,-0.03680966469308378
LF_ridge_residual,K6X_D110_D190_D210_D215_D220_D225,454,-0.005290785946465582,-0.026180717663031615,0.020889931716566033,-0.1486048502858407,-0.036809664693083666
LF_ridge_residual,K6X_D110_D190_D210_D215_D220_D225,455,-0.0016529227571321324,-0.026180717663031622,0.02452779490589949,-0.20117913765641782,-0.036809664693083666
LF_ridge_residual,K6X_D150_D205_D215_D220_D225_D230,445,-0.03578345837882728,-0.020226356889583713,0.015557101489243566,0.19018853796083612,-0.05692746917599523
LF_ridge_residual,K6X_D150_D205_D215_D220_D225_D230,446,0.006725564945800247,-0.0202263568895837,0.026951921835383946,0.19633140477593714,-0.05692746917599495
LF_ridge_residual,K6X_D150_D205_D215_D220_D225_D230,447,-0.06398798620540756,-0.020226356889583713,0.04376162931582385,0.04109517213691816,-0.056927469175995116
LF_ridge_residual,K6X_D150_D205_D215_D220_D225_D230,448,-0.12511752092943818,-0.020226356889583727,0.10489116403985445,-0.04911293711436704,-0.056927469175995005
LF_ridge_residual,K6X_D150_D205_D215_D220_D225_D230,449,-0.10567231080805983,-0.020226356889583734,0.08544595391847609,0.022728744635029496,-0.056927469175995116
LF_ridge_residual,K6X_D150_D205_D215_D220_D225_D230,450,-0.1018166837226982,-0.020226356889583727,0.08159032683311447,0.11807434407724327,-0.056927469175995116
LF_ridge_residual,K6X_D150_D205_D215_D220_D225_D230,451,-0.07998202886759033,-0.020226356889583755,0.059755671978006575,0.3035944666379887,-0.05692746917599534
LF_ridge_residual,K6X_D150_D205_D215_D220_D225_D230,452,-0.1325844350919738,-0.020226356889583727,0.11235807820239006,0.3330098846980424,-0.056927469175995005
LF_ridge_residual,K6X_D150_D205_D215_D220_D225_D230,453,-0.13133684478485327,-0.020226356889583755,0.11111048789526952,0.2498276539156189,-0.056927469175995116
LF_ridge_residual,K6X_D150_D205_D215_D220_D225_D230,454,-0.13910326455112879,-0.020226356889583713,0.11887690766154507,0.1733794987177013,-0.056927469175995116
LF_ridge_residual,K6X_D150_D205_D215_D220_D225_D230,455,-0.16021552272325576,-0.020226356889583713,0.13998916583367205,0.10359899414006946,-0.056927469175995116
LF_ridge_residual,K6X_D105_D120_D125_D130_D165_D190,445,-0.07507165292505757,-0.023649106249621243,0.05142254667543633,0.001787062412937357,-0.04775618588382824
LF_ridge_residual,K6X_D105_D120_D125_D130_D165_D190,446,-0.05198061707784574,-0.023649106249621243,0.028331510828224493,0.014130203141392572,-0.04775618588382824
LF_ridge_residual,K6X_D105_D120_D125_D130_D165_D190,447,-0.03508817979233558,-0.023649106249621132,0.01143907354271445,0.025154015445206124,-0.04775618588382813
LF_ridge_residual,K6X_D105_D120_D125_D130_D165_D190,448,-0.024049438342906182,-0.023649106249621243,0.00040033209328493857,0.03305439965084833,-0.04775618588382824
LF_ridge_residual,K6X_D105_D120_D125_D130_D165_D190,449,-0.015750623315036072,-0.023649106249621132,0.00789848293458506,0.040997281582154765,-0.04775618588382813
LF_ridge_residual,K6X_D105_D120_D125_D130_D165_D190,450,-0.005114812498532517,-0.023649106249621243,0.018534293751088726,0.04854891014776841,-0.04775618588382835
LF_ridge_residual,K6X_D105_D120_D125_D130_D165_D190,451,-0.07617494409121173,-0.023649106249621132,0.052525837841590595,-0.04079949565319885,-0.04775618588382813
LF_ridge_residual,K6X_D105_D120_D125_D130_D165_D190,452,-0.06452904159950956,-0.023649106249621132,0.04087993534988843,-0.0025557575759215245,-0.04775618588382813
LF_ridge_residual,K6X_D105_D120_D125_D130_D165_D190,453,-0.05282850924151561,-0.023649106249621132,0.029179402991894476,0.012960304171196646,-0.04775618588382813
LF_ridge_residual,K6X_D105_D120_D125_D130_D165_D190,454,-0.05160131803804413,-0.023649106249621132,0.027952211788422998,0.017015397254035447,-0.04775618588382813
LF_ridge_residual,K6X_D105_D120_D125_D130_D165_D190,455,-0.05192315291585148,-0.023649106249621243,0.028274046666230235,0.019138772588845332,-0.04775618588382835
LF_paired_shared_contrast,K6X_D200_D205_D215_D220_D225_D230,445,-0.024239119369170004,0.40370173865489556,0.42794085802406556,0.1477796911824899,0.2974566986900862
LF_paired_shared_contrast,K6X_D200_D205_D215_D220_D225_D230,446,-0.022382683367131,0.38305876618741996,0.40544144955455097,0.03502958851915883,0.3087224041992257
LF_paired_shared_contrast,K6X_D200_D205_D215_D220_D225_D230,447,-0.037899608821476,0.4078474160097314,0.44574702483120743,-0.015786607345776082,0.18722215011411847
LF_paired_shared_contrast,K6X_D200_D205_D215_D220_D225_D230,448,-0.039014915668150005,0.4608228692792888,0.4998377849474388,-0.042251531712955925,0.15284659895137875
LF_paired_shared_contrast,K6X_D200_D205_D215_D220_D225_D230,449,-0.04515537053781,0.47228180128094344,0.5174371718187535,-0.05733917112437714,0.15837469415290373
LF_paired_shared_contrast,K6X_D200_D205_D215_D220_D225_D230,450,-0.0398161529288,0.48315393334526074,0.5229700862740607,-0.07446868672478013,0.16684560616971034
LF_paired_shared_contrast,K6X_D200_D205_D215_D220_D225_D230,451,-0.043141242350000004,0.49488972513773927,0.5380309674877393,-0.028855550628409943,0.1870304187568148
LF_paired_shared_contrast,K6X_D200_D205_D215_D220_D225_D230,452,-0.07361210259212,0.5054569596441887,0.5790690622363087,-0.24122805784097,0.22025659274990772
LF_paired_shared_contrast,K6X_D200_D205_D215_D220_D225_D230,453,-0.014917221755000001,0.5196626304752807,0.5345798522302807,0.4784733313676999,0.2592703934167162
LF_paired_shared_contrast,K6X_D200_D205_D215_D220_D225_D230,454,-0.000643715643799999,0.5243512753466598,0.5249949909904598,0.3694244175542999,0.29214054753519403
LF_paired_shared_contrast,K6X_D200_D205_D215_D220_D225_D230,455,-0.011804698510099996,0.4482301597430839,0.4600348582531839,0.19351797890990008,0.23452235833109314
LF_paired_shared_contrast,K6X_D100_D140_D145_D155_D225_D230,445,0.11482951317799997,-0.32633984956612205,0.441169362744122,0.02801180812064985,0.17111660169065224
LF_paired_shared_contrast,K6X_D100_D140_D145_D155_D225_D230,446,0.10607995602800002,-0.3147333330494395,0.42081328907743953,0.034769428994260054,0.1639368277089266
LF_paired_shared_contrast,K6X_D100_D140_D145_D155_D225_D230,447,0.101393122592,-0.30193141938454526,0.40332454197654527,0.04244363422085995,0.15472095144508546
LF_paired_shared_contrast,K6X_D100_D140_D145_D155_D225_D230,448,0.114069083565,-0.2871468148753671,0.4012158984403671,0.05349002441504602,0.1436623818720265
LF_paired_shared_contrast,K6X_D100_D140_D145_D155_D225_D230,449,0.10454003501200004,-0.27042178721887133,0.3749618222308714,0.08815038650924412,0.13130980592388775
LF_paired_shared_contrast,K6X_D100_D140_D145_D155_D225_D230,450,0.10852712226699995,-0.25034111486334654,0.3588682371303465,0.09683233319774898,0.12009846099115129
LF_paired_shared_contrast,K6X_D100_D140_D145_D155_D225_D230,451,0.13611690844400004,-0.22639103265693683,0.36250794110093687,0.10835057833538442,0.12009934980146464
LF_paired_shared_contrast,K6X_D100_D140_D145_D155_D225_D230,452,0.17192465312599997,-0.2074973131083584,0.37942196623435837,0.11848832505188034,0.18395105449998173
LF_paired_shared_contrast,K6X_D100_D140_D145_D155_D225_D230,453,0.21517041048099997,-0.25883503973713645,0.47400545021813645,0.124509879764789,0.3841630381251169
LF_paired_shared_contrast,K6X_D100_D140_D145_D155_D225_D230,454,0.258673225184,-0.3039626596337034,0.5626358848177033,0.11900402028173307,0.35176342459012655
LF_paired_shared_contrast,K6X_D100_D140_D145_D155_D225_D230,455,0.28356771511400003,-0.2871877625925003,0.5707554777065003,0.09265327967651493,0.2405160385875732
LF_paired_shared_contrast,K6X_D100_D200_D205_D210_D215_D220,445,-0.01504830391078,-0.07938514904442537,0.06433684513364536,-0.0823232833710601,-0.18535656226206598
LF_paired_shared_contrast,K6X_D100_D200_D205_D210_D215_D220,446,-0.021394224809200002,-0.09065124098392685,0.06925701617472685,-0.14107825746674096,-0.15122854859492774
LF_paired_shared_contrast,K6X_D100_D200_D205_D210_D215_D220,447,-0.029099577420599997,-0.09731384594253953,0.06821426852193953,-0.18435982934888395,-0.19349472790870448
LF_paired_shared_contrast,K6X_D100_D200_D205_D210_D215_D220,448,-0.0345216927392,-0.006971988595839029,0.02754970414336097,-0.24715625029195004,-0.19537915588813193
LF_paired_shared_contrast,K6X_D100_D200_D205_D210_D215_D220,449,-0.014084312477400003,0.01581868614005319,0.029902998617453193,-0.35756940204693,-0.18956414740734107
LF_paired_shared_contrast,K6X_D100_D200_D205_D210_D215_D220,450,-0.004242197120399999,0.02669397090264905,0.03093616802304905,-0.3969936648106901,-0.19004291346193036
LF_paired_shared_contrast,K6X_D100_D200_D205_D210_D215_D220,451,-0.004348208372899998,0.02999592147745722,0.034344129850357216,-0.4033571107379698,-0.19145506341328522
LF_paired_shared_contrast,K6X_D100_D200_D205_D210_D215_D220,452,-0.019475301307000002,0.024754743495794457,0.04423004480279446,-0.46859771519047005,-0.18829344051934527
LF_paired_shared_contrast,K6X_D100_D200_D205_D210_D215_D220,453,-0.0192906722634,0.01658805666703414,0.035878728930434145,-0.37855964375803997,-0.17656663575837683
LF_paired_shared_contrast,K6X_D100_D200_D205_D210_D215_D220,454,-0.029541872631500002,0.007490919610658925,0.03703279224215893,-0.33049140436243996,-0.14802747075700373
LF_paired_shared_contrast,K6X_D100_D200_D205_D210_D215_D220,455,-0.0377347903963,-0.09181702535657371,0.054082234960273715,-0.287390814456035,-0.1671476151881114
LF_paired_shared_contrast,K6X_D100_D110_D115_D220_D225_D230,445,-0.03173940106459,1.10063663630158,1.13237603736617,-0.019062892232389994,-0.027799875289891918
LF_paired_shared_contrast,K6X_D100_D110_D115_D220_D225_D230,446,-0.02740973311727,1.112302856239877,1.139712589357147,-0.06806797924372898,-0.028729615012677012
LF_paired_shared_contrast,K6X_D100_D110_D115_D220_D225_D230,447,-0.0081213248378,1.122453428905994,1.130574753743794,-0.08051088275143004,-0.027806433486944337
LF_paired_shared_contrast,K6X_D100_D110_D115_D220_D225_D230,448,0.017573153434700003,1.1319353374342669,1.114362183999567,-0.078258097600867,-0.024246313561128163
LF_paired_shared_contrast,K6X_D100_D110_D115_D220_D225_D230,449,0.024165330602899996,1.1399375774498197,1.1157722468469198,-0.06833245594814619,-0.017798322029041858
LF_paired_shared_contrast,K6X_D100_D110_D115_D220_D225_D230,450,0.0384881912305,1.1473386660848848,1.1088504748543848,-0.050307307866809925,-0.00677154591832918
LF_paired_shared_contrast,K6X_D100_D110_D115_D220_D225_D230,451,0.04265260686740001,1.1539103394739976,1.1112577326065975,-0.015826366231489808,0.008753268650583457
LF_paired_shared_contrast,K6X_D100_D110_D115_D220_D225_D230,452,0.0329606833769,1.161275031739649,1.128314348362749,0.008265381614362854,0.02808917064674321
LF_paired_shared_contrast,K6X_D100_D110_D115_D220_D225_D230,453,0.0224187826343,1.1716878753999806,1.1492690927656806,0.01692941681416804,0.041015124870493525
LF_paired_shared_contrast,K6X_D100_D110_D115_D220_D225_D230,454,0.0167949318539,1.1849859857124203,1.1681910538585203,0.014390947888489825,0.03671701897593216
LF_paired_shared_contrast,K6X_D100_D110_D115_D220_D225_D230,455,0.018829220182799998,1.1976669257793107,1.1788377055965107,0.0008445768193900971,0.01716339950373824
LF_paired_shared_contrast,K6X_D100_D130_D135_D155_D160_D225,445,-0.011188844990000057,0.2563225294859812,0.2675113744759813,0.014217414267670092,0.2971016250530333
LF_paired_shared_contrast,K6X_D100_D130_D135_D155_D160_D225,446,-0.03014639113000006,0.24271860379011412,0.2728649949201142,-0.0035871034069999697,0.24146434972094588
LF_paired_shared_contrast,K6X_D100_D130_D135_D155_D160_D225,447,-0.07706040698399996,0.2406447358705346,0.31770514285453455,-0.03663123450640016,0.22388960596313434
LF_paired_shared_contrast,K6X_D100_D130_D135_D155_D160_D225,448,-0.235939379053,0.24250838048823464,0.47844775954123464,-0.1326217162248,0.2157561177568631
LF_paired_shared_contrast,K6X_D100_D130_D135_D155_D160_D225,449,-0.07207590797699992,0.246217205904965,0.3182931138819649,-0.04163956084658782,0.21031858694210903
LF_paired_shared_contrast,K6X_D100_D130_D135_D155_D160_D225,450,-0.036619354308999985,0.2508635076502026,0.2874828619592026,-0.027232914101090078,0.20637938385997456
LF_paired_shared_contrast,K6X_D100_D130_D135_D155_D160_D225,451,-0.02598189155399999,0.25613722950450946,0.28211912105850945,-0.031181686186440016,0.20288222126062416
LF_paired_shared_contrast,K6X_D100_D130_D135_D155_D160_D225,452,-0.018926647232000104,0.2618409857068251,0.28076763293882523,-0.04172604899303012,0.19993469650739282
LF_paired_shared_contrast,K6X_D100_D130_D135_D155_D160_D225,453,-0.012677232390999937,0.26782557140697105,0.280502803797971,-0.05523575781298995,0.19705655355947327
LF_paired_shared_contrast,K6X_D100_D130_D135_D155_D160_D225,454,-0.008914920594999987,0.27414809728838296,0.28306301788338295,-0.07135234939973989,0.19442405641687788
LF_paired_shared_contrast,K6X_D100_D130_D135_D155_D160_D225,455,-0.008714737723999999,0.2807475845428571,0.2894623222668571,-0.08932551794079002,0.19187734099057274
LF_paired_shared_contrast,K6X_D100_D105_D115_D120_D125_D130,445,-0.0016850975300000126,-0.16117016745070445,0.15948506992070444,-0.010867716562119933,-0.13541761149485831
LF_paired_shared_contrast,K6X_D100_D105_D115_D120_D125_D130,446,-0.0018718825769999947,-0.14837184443348894,0.14649996185648895,-0.011154830745229827,-0.13614135837474928
LF_paired_shared_contrast,K6X_D100_D105_D115_D120_D125_D130,447,-0.0020360951610000066,-0.1359163998712125,0.1338803047102125,-0.01224542147719021,-0.13686139348565174
LF_paired_shared_contrast,K6X_D100_D105_D115_D120_D125_D130,448,-0.0019030725999999998,-0.12324243785385547,0.12133936525385547,-0.012818763607870043,-0.13765298869739895
LF_paired_shared_contrast,K6X_D100_D105_D115_D120_D125_D130,449,-0.0019115757889999752,-0.11087792074714842,0.10896634495814844,-0.01271517280995993,-0.13830968730201443
LF_paired_shared_contrast,K6X_D100_D105_D115_D120_D125_D130,450,-0.0020671192649999726,-0.09837942231707286,0.09631230305207289,-0.013339123140110098,-0.13913592951951137
LF_paired_shared_contrast,K6X_D100_D105_D115_D120_D125_D130,451,-0.002000505396999974,-0.0860439002542411,0.08404339485724113,-0.014109925547859947,-0.13976031050917814
LF_paired_shared_contrast,K6X_D100_D105_D115_D120_D125_D130,452,-0.0019332358820000062,-0.07372727067495433,0.07179403479295432,-0.01413837654431005,-0.14056648267739558
LF_paired_shared_contrast,K6X_D100_D105_D115_D120_D125_D130,453,-0.0020856345289999856,-0.06141628631668339,0.0593306517876834,-0.014494360630020076,-0.14121125586903505
LF_paired_shared_contrast,K6X_D100_D105_D115_D120_D125_D130,454,-0.0021538708499999892,-0.049260129101249855,0.047106258251249866,-0.015429991841069968,-0.14195793917623656
LF_paired_shared_contrast,K6X_D100_D105_D115_D120_D125_D130,455,-0.0020974817509999966,-0.03699426102444536,0.034896779273445366,-0.015799016441050084,-0.14263507045682478
LF_paired_shared_contrast,K6X_D110_D125_D135_D150_D175_D190,445,-0.13520397594400002,-0.0854686481170075,0.049735327826992526,-0.10673573162934913,-0.05614766565368212
LF_paired_shared_contrast,K6X_D110_D125_D135_D150_D175_D190,446,-0.14219426695000004,-0.075744704190162,0.06644956275983804,-0.1162973011575611,-0.05434331718704566
LF_paired_shared_contrast,K6X_D110_D125_D135_D150_D175_D190,447,-0.15953291227599997,-0.06569650528125748,0.0938364069947425,-0.13485123595214288,-0.05263840065239833
LF_paired_shared_contrast,K6X_D110_D125_D135_D150_D175_D190,448,-0.233370776793,-0.0555535133246976,0.1778172634683024,-0.19810696724598897,-0.05103439199745319
LF_paired_shared_contrast,K6X_D110_D125_D135_D150_D175_D190,449,-0.501273205047,-0.0453657213846137,0.4559074836623863,-0.3861496846394611,-0.04949987392140298
LF_paired_shared_contrast,K6X_D110_D125_D135_D150_D175_D190,450,-0.19830966961700003,-0.03518385136924884,0.1631258182477512,-0.14562830828970497,-0.04803654726082318
LF_paired_shared_contrast,K6X_D110_D125_D135_D150_D175_D190,451,-0.080724190295,-0.024959463470543453,0.055764726824456545,-0.07267756554180316,-0.04657630520635003
LF_paired_shared_contrast,K6X_D110_D125_D135_D150_D175_D190,452,-0.03420824799400002,-0.014726098567642065,0.019482149426357953,-0.050948954923891954,-0.04516777454281684
LF_paired_shared_contrast,K6X_D110_D125_D135_D150_D175_D190,453,-0.0032689600829999277,-0.004441687791092885,0.0011727277080929577,-0.041732557506954926,-0.043738699343941145
LF_paired_shared_contrast,K6X_D110_D125_D135_D150_D175_D190,454,-0.011127285986999969,0.005909860288210833,0.0170371462752108,-0.06171075962590311,-0.04232804330144058
LF_paired_shared_contrast,K6X_D110_D125_D135_D150_D175_D190,455,-0.322838665805,0.016360616581389875,0.33919928238638986,-0.24513415591852594,-0.04089791023791045
LF_paired_shared_contrast,K6X_D120_D125_D180_D185_D190_D195,445,-0.21795129345000003,-0.23430400796029627,0.01635271451029624,-0.13187194451625084,-0.1853677525869395
LF_paired_shared_contrast,K6X_D120_D125_D180_D185_D190_D195,446,-0.17682906055599998,-0.2265261558807895,0.049697095324789525,-0.1483828480651237,-0.18241258043255826
LF_paired_shared_contrast,K6X_D120_D125_D180_D185_D190_D195,447,-0.166655742166,-0.21850202132875807,0.05184627916275808,-0.14777562347274487,-0.179691990588702
LF_paired_shared_contrast,K6X_D120_D125_D180_D185_D190_D195,448,-0.161499169356,-0.21020142194382607,0.04870225258782607,-0.14444502043837792,-0.17648812716394768
LF_paired_shared_contrast,K6X_D120_D125_D180_D185_D190_D195,449,-0.15956487938500002,-0.2019105702046904,0.04234569081969036,-0.14067072882546006,-0.17334024272989212
LF_paired_shared_contrast,K6X_D120_D125_D180_D185_D190_D195,450,-0.160013086907,-0.19359360032114448,0.033580513414144475,-0.13730082175522018,-0.17043656127924245
LF_paired_shared_contrast,K6X_D120_D125_D180_D185_D190_D195,451,-0.16159783983800002,-0.18540347103338362,0.023805631195383592,-0.13369579659078012,-0.16793342119529686
LF_paired_shared_contrast,K6X_D120_D125_D180_D185_D190_D195,452,-0.16393136584399998,-0.17707381813040046,0.013142452286400486,-0.13010325263126998,-0.16544720387214362
LF_paired_shared_contrast,K6X_D120_D125_D180_D185_D190_D195,453,-0.166418497499,-0.16888987570696556,0.0024713782079655577,-0.12617777595461988,-0.16290408775787835
LF_paired_shared_contrast,K6X_D120_D125_D180_D185_D190_D195,454,-0.16915681662000004,-0.1607237225375856,0.008433094082414438,-0.12218232378167004,-0.16060077726324484
LF_paired_shared_contrast,K6X_D120_D125_D180_D185_D190_D195,455,-0.17203411931899998,-0.15265988879265613,0.01937423052634385,-0.11845301291596988,-0.15862234598160307
LF_paired_shared_contrast,K6X_D120_D145_D200_D215_D220_D230,445,-0.23806877227380002,-0.0556223589281406,0.18244641334565942,-0.31154060067090006,-0.12749521894559446
LF_paired_shared_contrast,K6X_D120_D145_D200_D215_D220_D230,446,-0.22707805099779999,-0.049355923965277854,0.17772212703252213,-0.28962385120199996,-0.08578708826607018
LF_paired_shared_contrast,K6X_D120_D145_D200_D215_D220_D230,447,-0.188651535421,-0.09026986625720007,0.09838166916379992,-0.24574004137143002,-0.128982703266449
LF_paired_shared_contrast,K6X_D120_D145_D200_D215_D220_D230,448,-0.15367536706200002,-0.02858725385651112,0.1250881132054889,-0.20016025540741011,-0.07535334999699383
LF_paired_shared_contrast,K6X_D120_D145_D200_D215_D220_D230,449,-0.08368074158899999,-0.028158001154002965,0.055522740434997025,-0.07256202058350003,-0.047949529277566905
LF_paired_shared_contrast,K6X_D120_D145_D200_D215_D220_D230,450,-0.04898153152899999,-0.040098404287891076,0.008883127241108915,-0.013467869999479909,-0.028236087989827463
LF_paired_shared_contrast,K6X_D120_D145_D200_D215_D220_D230,451,-0.06568821796100001,-0.057933432988918676,0.007754784972081333,-0.10805829360473007,-0.008100725037157086
LF_paired_shared_contrast,K6X_D120_D145_D200_D215_D220_D230,452,-0.033135087561000004,-0.08176053381947446,0.04862544625847445,-0.12922993765192803,0.01370519809968318
LF_paired_shared_contrast,K6X_D120_D145_D200_D215_D220_D230,453,0.01492643414299999,-0.10452636806133142,0.11945280220433141,-0.12634305904423604,0.02248939162090069
LF_paired_shared_contrast,K6X_D120_D145_D200_D215_D220_D230,454,0.058873959922999985,-0.10815622209350179,0.16703018201650177,-0.12205493051689997,0.008309209938194173
LF_paired_shared_contrast,K6X_D120_D145_D200_D215_D220_D230,455,0.096438466423,-0.09046182790903301,0.186900294332033,-0.11947043596544982,-0.02443594030328844
LF_paired_shared_contrast,K6X_D140_D160_D165_D170_D180_D190,445,-0.07834248321500001,-0.20936289447885523,0.13102041126385522,-0.004180132369096867,-0.07905897466250156
LF_paired_shared_contrast,K6X_D140_D160_D165_D170_D180_D190,446,-0.017173414785999985,-0.1579717863484162,0.1407983715624162,-0.012653992148089932,-0.04158561063189792
LF_paired_shared_contrast,K6X_D140_D160_D165_D170_D180_D190,447,0.06826394688099999,-0.13115352116633816,0.19941746804733815,-0.020739289011830087,-0.01772750887129393
LF_paired_shared_contrast,K6X_D140_D160_D165_D170_D180_D190,448,0.1461783571992,-0.11277883725835997,0.25895719445755994,-0.021133890161269875,0.007993862580723543
LF_paired_shared_contrast,K6X_D140_D160_D165_D170_D180_D190,449,0.2034531042211,-0.08975835640942101,0.293211460630521,-0.011645607321840057,0.06090178687101211
LF_paired_shared_contrast,K6X_D140_D160_D165_D170_D180_D190,450,0.24156997531279997,-0.0452792063358487,0.2868491816486487,-0.0010451838999399055,0.17579215818553795
LF_paired_shared_contrast,K6X_D140_D160_D165_D170_D180_D190,451,0.2628472554885,-0.019591415672132906,0.2824386711606329,0.004822718528809999,0.2056391738918394
LF_paired_shared_contrast,K6X_D140_D160_D165_D170_D180_D190,452,0.27016700033350005,-0.015611109535531631,0.2857781098690317,0.004886971115910188,0.12953141766301846
LF_paired_shared_contrast,K6X_D140_D160_D165_D170_D180_D190,453,0.2669774855109,0.025420112568051545,0.24155737294284846,9.549481908988078e-05,0.035291614465912446
LF_paired_shared_contrast,K6X_D140_D160_D165_D170_D180_D190,454,0.25812902835400003,0.019161826681507843,0.2389672016724922,-0.007369438239000048,0.009478063804870707
LF_paired_shared_contrast,K6X_D140_D160_D165_D170_D180_D190,455,0.249011541421,-0.0040644709247278366,0.25307601234572785,-0.01348931221687999,0.0638995835631605
LF_paired_shared_contrast,K6X_D125_D135_D150_D175_D190_D210,445,-0.159434664244,-0.17227235585022438,0.012837691606224388,-0.12023898112865905,-0.057708463538925
LF_paired_shared_contrast,K6X_D125_D135_D150_D175_D190_D210,446,-0.14605581543200008,-0.15932211099720917,0.013266295565209085,-0.10944819633966607,-0.05252599517020473
LF_paired_shared_contrast,K6X_D125_D135_D150_D175_D190_D210,447,-0.13089681298900002,-0.1478473441527064,0.016950531163706373,-0.09743968778365308,-0.04915375653794418
LF_paired_shared_contrast,K6X_D125_D135_D150_D175_D190_D210,448,-0.11652621598199997,-0.13729310244018045,0.020766886458180478,-0.08671596007833904,-0.046953713116010265
LF_paired_shared_contrast,K6X_D125_D135_D150_D175_D190_D210,449,-0.096590289236,-0.12713923557041906,0.03054894633441907,-0.07157481793854237,-0.04522117122495639
LF_paired_shared_contrast,K6X_D125_D135_D150_D175_D190_D210,450,-0.070484034142,-0.1175106565594648,0.0470266224174648,-0.05108061416705245,-0.04414175755218663
LF_paired_shared_contrast,K6X_D125_D135_D150_D175_D190_D210,451,-0.040522584064,-0.10797104664486312,0.06744846258086312,-0.025187107583599655,-0.04312591703212043
LF_paired_shared_contrast,K6X_D125_D135_D150_D175_D190_D210,452,-0.005858227078999967,-0.0988796290686369,0.09302140198963693,0.0037309074021049105,-0.04264187817836418
LF_paired_shared_contrast,K6X_D125_D135_D150_D175_D190_D210,453,-0.011659169303000039,-0.08981152209579935,0.0781523527927993,0.0008238250657650603,-0.04221354835385016
LF_paired_shared_contrast,K6X_D125_D135_D150_D175_D190_D210,454,0.009323899330999974,-0.08115342253448432,0.0904773218654843,0.015871433912044264,-0.042161458593585444
LF_paired_shared_contrast,K6X_D125_D135_D150_D175_D190_D210,455,0.02390797317100002,-0.07266610271461427,0.09657407588561429,0.019981109749156678,-0.04243142135913491
LF_paired_shared_contrast,K6X_D100_D115_D130_D145_D155_D185,445,-0.23267006901600007,-0.07707816156946667,0.1555919074465334,-0.13600734619348798,-0.027114092687309133
LF_paired_shared_contrast,K6X_D100_D115_D130_D145_D155_D185,446,-0.191259103935,-0.06930390809748821,0.1219551958375118,-0.10907502970400995,-0.02788856414729024
LF_paired_shared_contrast,K6X_D100_D115_D130_D145_D155_D185,447,-0.159622498725,-0.06141231490994303,0.09821018381505697,-0.08692605189148572,-0.02864432701995845
LF_paired_shared_contrast,K6X_D100_D115_D130_D145_D155_D185,448,-0.12804053628400003,-0.05346005825695266,0.07458047802704737,-0.07267440253294599,-0.029267471602209993
LF_paired_shared_contrast,K6X_D100_D115_D130_D145_D155_D185,449,-0.29903107314199995,-0.045451706727511754,0.2535793664144882,-0.23189368407242694,-0.02994860921870013
LF_paired_shared_contrast,K6X_D100_D115_D130_D145_D155_D185,450,-0.16352115437500003,-0.03738202893915332,0.1261391254358467,-0.09241786738647406,-0.030482842411188482
LF_paired_shared_contrast,K6X_D100_D115_D130_D145_D155_D185,451,-0.11772493872599998,-0.02928732745528273,0.08843761127071725,-0.06016657832434691,-0.031098599397366034
LF_paired_shared_contrast,K6X_D100_D115_D130_D145_D155_D185,452,-0.07673565707300001,-0.021144750611289842,0.055590906461710166,-0.03058545905386001,-0.03160563511438885
LF_paired_shared_contrast,K6X_D100_D115_D130_D145_D155_D185,453,-0.03742880771500001,-0.012990447971314767,0.024438359743685245,-0.005585873345869907,-0.03218576397574879
LF_paired_shared_contrast,K6X_D100_D115_D130_D145_D155_D185,454,0.0026666946560000016,-0.004821116342612619,0.007487810998612621,0.02028108224094982,-0.03273455458872487
LF_paired_shared_contrast,K6X_D100_D115_D130_D145_D155_D185,455,0.026821436490000017,0.0033580820188516824,0.023463354471148334,0.033324389314270064,-0.033342896900771524
LF_paired_shared_contrast,K6X_D130_D145_D155_D180_D195_D230,445,0.07995845899800003,-0.17161173353185055,0.2515701925298506,0.03409675308732796,-0.04980643530128537
LF_paired_shared_contrast,K6X_D130_D145_D155_D180_D195_D230,446,0.07892165262499995,-0.161010618286471,0.23993227091147096,0.035006128041819906,-0.048756580092813695
LF_paired_shared_contrast,K6X_D130_D145_D155_D180_D195_D230,447,0.091377064176,-0.15017662121668285,0.24155368539268285,0.044831842178735704,-0.047347643324850974
LF_paired_shared_contrast,K6X_D130_D145_D155_D180_D195_D230,448,0.10914779682100006,-0.13928606120061526,0.24843385802161533,0.058717444235876104,-0.04591722670513787
LF_paired_shared_contrast,K6X_D130_D145_D155_D180_D195_D230,449,0.12965030172199998,-0.12829676390473055,0.25794706562673053,0.0756045400775669,-0.04432790285855337
LF_paired_shared_contrast,K6X_D130_D145_D155_D180_D195_D230,450,0.147113048121,-0.11730182445041981,0.2644148725714198,0.09139276849390399,-0.04273780240289948
LF_paired_shared_contrast,K6X_D130_D145_D155_D180_D195_D230,451,0.15515635674499995,-0.10635875970094166,0.2615151164459416,0.10130049732829682,-0.04111362874086166
LF_paired_shared_contrast,K6X_D130_D145_D155_D180_D195_D230,452,0.15082408628199995,-0.09542655699203051,0.24625064327403046,0.10282266140633989,-0.03950566756010987
LF_paired_shared_contrast,K6X_D130_D145_D155_D180_D195_D230,453,0.13778019512500006,-0.08457035371265564,0.2223505488376557,0.09786320553458994,-0.03796094965233621
LF_paired_shared_contrast,K6X_D130_D145_D155_D180_D195_D230,454,0.13028854810699997,-0.0737257103119704,0.20401425841897036,0.09566764700089003,-0.03636299845314073
LF_paired_shared_contrast,K6X_D130_D145_D155_D180_D195_D230,455,0.139464812876,-0.06305400600350142,0.2025188188795014,0.10184630284208995,-0.03485757862241312
LF_paired_shared_contrast,K6X_D110_D190_D210_D215_D220_D225,445,-0.022326647789844264,-0.03631912485536721,0.013992477065522944,0.05986572869195561,-0.17357103548212005
LF_paired_shared_contrast,K6X_D110_D190_D210_D215_D220_D225,446,-0.02091519204804919,-0.02899902607992009,0.0080838340318709,-0.011969960076408714,-0.1673964566777708
LF_paired_shared_contrast,K6X_D110_D190_D210_D215_D220_D225,447,-0.015931359765030993,-0.03699506326830419,0.0210637035032732,-0.08367583363735454,-0.1916084113912263
LF_paired_shared_contrast,K6X_D110_D190_D210_D215_D220_D225,448,-0.0100829978138215,-0.04934345539345541,0.03926045757963391,-0.19311801276232543,-0.22824450639127825
LF_paired_shared_contrast,K6X_D110_D190_D210_D215_D220_D225,449,-0.015541943383274007,-0.059362147311099844,0.04382020392782584,-0.2816940330984315,-0.25778787566422035
LF_paired_shared_contrast,K6X_D110_D190_D210_D215_D220_D225,450,0.01583225231648099,-0.06582150394188807,0.08165375625836906,-0.26239366369851624,-0.27498569500077086
LF_paired_shared_contrast,K6X_D110_D190_D210_D215_D220_D225,451,0.0072428662374637645,-0.0663404259825146,0.07358329221997836,-0.23948292654921327,-0.27495297678244723
LF_paired_shared_contrast,K6X_D110_D190_D210_D215_D220_D225,452,-0.015084286053095843,-0.05919125800971503,0.04410697195661919,-0.1404433883423607,-0.2560626461047867
LF_paired_shared_contrast,K6X_D110_D190_D210_D215_D220_D225,453,-0.0026390605938245125,-0.035265734133235124,0.03262667353941061,-0.1340761921956537,-0.22394447606186307
LF_paired_shared_contrast,K6X_D110_D190_D210_D215_D220_D225,454,-0.005290785946465582,-0.0013603889908656644,0.003930396955599918,-0.1486048502858407,-0.201855071437269
LF_paired_shared_contrast,K6X_D110_D190_D210_D215_D220_D225,455,-0.0016529227571321324,0.029556066337673246,0.03120898909480538,-0.20117913765641782,-0.20616497402982925
LF_paired_shared_contrast,K6X_D150_D205_D215_D220_D225_D230,445,-0.03578345837882728,0.03305577618816474,0.06883923456699202,0.19018853796083612,-0.0916333155566399
LF_paired_shared_contrast,K6X_D150_D205_D215_D220_D225_D230,446,0.006725564945800247,0.10251066602582984,0.09578510108002959,0.19633140477593714,-0.03126122668271569
LF_paired_shared_contrast,K6X_D150_D205_D215_D220_D225_D230,447,-0.06398798620540756,0.15501214790404438,0.21900013410945196,0.04109517213691816,0.013357587790431502
LF_paired_shared_contrast,K6X_D150_D205_D215_D220_D225_D230,448,-0.12511752092943818,0.18691603281668007,0.31203355374611824,-0.04911293711436704,0.03670269730445552
LF_paired_shared_contrast,K6X_D150_D205_D215_D220_D225_D230,449,-0.10567231080805983,0.20697423229503803,0.31264654310309786,0.022728744635029496,0.04473830345312502
LF_paired_shared_contrast,K6X_D150_D205_D215_D220_D225_D230,450,-0.1018166837226982,0.2264253528526079,0.3282420365753061,0.11807434407724327,0.047970627355582995
LF_paired_shared_contrast,K6X_D150_D205_D215_D220_D225_D230,451,-0.07998202886759033,0.25057050085376587,0.3305525297213562,0.3035944666379887,0.05021915723539955
LF_paired_shared_contrast,K6X_D150_D205_D215_D220_D225_D230,452,-0.1325844350919738,0.2868232918682509,0.41940772696022466,0.3330098846980424,0.06030283581258461
LF_paired_shared_contrast,K6X_D150_D205_D215_D220_D225_D230,453,-0.13133684478485327,0.32763171992438966,0.45896856470924297,0.2498276539156189,0.08023314665280173
LF_paired_shared_contrast,K6X_D150_D205_D215_D220_D225_D230,454,-0.13910326455112879,0.3858507912316722,0.524954055782801,0.1733794987177013,0.1387843733845388
LF_paired_shared_contrast,K6X_D150_D205_D215_D220_D225_D230,455,-0.16021552272325576,0.4065272557160805,0.5667427784393363,0.10359899414006946,0.2490814747122559
LF_paired_shared_contrast,K6X_D105_D120_D125_D130_D165_D190,445,-0.07507165292505757,0.0804223037344638,0.15549395665952137,0.001787062412937357,-0.062239564700460215
LF_paired_shared_contrast,K6X_D105_D120_D125_D130_D165_D190,446,-0.05198061707784574,0.09189099865846817,0.1438716157363139,0.014130203141392572,-0.06068581332955858
LF_paired_shared_contrast,K6X_D105_D120_D125_D130_D165_D190,447,-0.03508817979233558,0.10479306619461215,0.13988124598694773,0.025154015445206124,-0.06015943407157143
LF_paired_shared_contrast,K6X_D105_D120_D125_D130_D165_D190,448,-0.024049438342906182,0.12046178265993812,0.1445112210028443,0.03305439965084833,-0.0616869787351888
LF_paired_shared_contrast,K6X_D105_D120_D125_D130_D165_D190,449,-0.015750623315036072,0.14275144951864838,0.15850207283368445,0.040997281582154765,-0.06603046401671475
LF_paired_shared_contrast,K6X_D105_D120_D125_D130_D165_D190,450,-0.005114812498532517,0.167197857253363,0.17231266975189552,0.04854891014776841,-0.06523413402947542
LF_paired_shared_contrast,K6X_D105_D120_D125_D130_D165_D190,451,-0.07617494409121173,0.15676780937946927,0.232942753470681,-0.04079949565319885,-0.040248637412709454
LF_paired_shared_contrast,K6X_D105_D120_D125_D130_D165_D190,452,-0.06452904159950956,0.1477453548885172,0.21227439648802676,-0.0025557575759215245,-0.027018156721759667
LF_paired_shared_contrast,K6X_D105_D120_D125_D130_D165_D190,453,-0.05282850924151561,0.15127809536568804,0.20410660460720365,0.012960304171196646,-0.022426514130653663
LF_paired_shared_contrast,K6X_D105_D120_D125_D130_D165_D190,454,-0.05160131803804413,0.15876701062367227,0.2103683286617164,0.017015397254035447,-0.019787033552881472
LF_paired_shared_contrast,K6X_D105_D120_D125_D130_D165_D190,455,-0.05192315291585148,0.16754343998269916,0.21946659289855064,0.019138772588845332,-0.017095072739373385
direct_mlp,K6X_D200_D205_D215_D220_D225_D230,445,-0.024239119369170004,0.011846890673041344,0.03608601004221135,0.1477796911824899,-0.011469524864206992
direct_mlp,K6X_D200_D205_D215_D220_D225_D230,446,-0.022382683367131,0.012393329292535782,0.03477601265966678,0.03502958851915883,-0.012076869370266335
direct_mlp,K6X_D200_D205_D215_D220_D225_D230,447,-0.037899608821476,0.012945863728721932,0.05084547255019793,-0.015786607345776082,-0.012662123885198995
direct_mlp,K6X_D200_D205_D215_D220_D225_D230,448,-0.039014915668150005,0.013500447695453957,0.05251536336360396,-0.042251531712955925,-0.013197279757566655
direct_mlp,K6X_D200_D205_D215_D220_D225_D230,449,-0.04515537053781,0.014051514988144241,0.05920688552595424,-0.05733917112437714,-0.013664103520926424
direct_mlp,K6X_D200_D205_D215_D220_D225_D230,450,-0.0398161529288,0.014592754965027176,0.05440890789382718,-0.07446868672478013,-0.014053885440086233
direct_mlp,K6X_D200_D205_D215_D220_D225_D230,451,-0.043141242350000004,0.015117388839523002,0.05825863118952301,-0.028855550628409943,-0.014368104475282473
direct_mlp,K6X_D200_D205_D215_D220_D225_D230,452,-0.07361210259212,0.015618654588858284,0.08923075718097828,-0.24122805784097,-0.014614689949606269
direct_mlp,K6X_D200_D205_D215_D220_D225_D230,453,-0.014917221755000001,0.016089841102560357,0.031007062857560358,0.4784733313676999,-0.014807922822709596
direct_mlp,K6X_D200_D205_D215_D220_D225_D230,454,-0.000643715643799999,0.01652471162378788,0.01716842726758788,0.3694244175542999,-0.014965200889600905
direct_mlp,K6X_D200_D205_D215_D220_D225_D230,455,-0.011804698510099996,0.016917141775290172,0.02872184028539017,0.19351797890990008,-0.01510501904520059
direct_mlp,K6X_D100_D140_D145_D155_D225_D230,445,0.11482951317799997,-0.04780253767967224,0.1626320508576722,0.02801180812064985,-0.0681878866365413
direct_mlp,K6X_D100_D140_D145_D155_D225_D230,446,0.10607995602800002,-0.03440995017687476,0.14048990620487478,0.034769428994260054,-0.05681922117668603
direct_mlp,K6X_D100_D140_D145_D155_D225_D230,447,0.101393122592,-0.02082929015159607,0.12222241274359608,0.04244363422085995,-0.045703793384779146
direct_mlp,K6X_D100_D140_D145_D155_D225_D230,448,0.114069083565,-0.007063686847686768,0.12113277041268677,0.05349002441504602,-0.034892821387150774
direct_mlp,K6X_D100_D140_D145_D155_D225_D230,449,0.10454003501200004,0.006839295228322384,0.09770073978367766,0.08815038650924412,-0.02444030634958938
direct_mlp,K6X_D100_D140_D145_D155_D225_D230,450,0.10852712226699995,0.02079029877980554,0.08773682348719442,0.09683233319774898,-0.014402389568023977
direct_mlp,K6X_D100_D140_D145_D155_D225_D230,451,0.13611690844400004,0.0346680382887522,0.10144887015524784,0.10835057833538442,-0.004835771843678116
direct_mlp,K6X_D100_D140_D145_D155_D225_D230,452,0.17192465312599997,0.04833377401034045,0.12359087911565952,0.11848832505188034,0.004201722273336372
direct_mlp,K6X_D100_D140_D145_D155_D225_D230,453,0.21517041048099997,0.06164673964182538,0.1535236708391746,0.124509879764789,0.012647709899994086
direct_mlp,K6X_D100_D140_D145_D155_D225_D230,454,0.258673225184,0.07448006669680274,0.18419315848719725,0.11900402028173307,0.020433378106635702
direct_mlp,K6X_D100_D140_D145_D155_D225_D230,455,0.28356771511400003,0.08673693736394245,0.19683077775005758,0.09265327967651493,0.02748828205173237
direct_mlp,K6X_D100_D200_D205_D210_D215_D220,445,-0.01504830391078,-0.00523793154085676,0.00981037236992324,-0.0823232833710601,-0.1398695465658193
direct_mlp,K6X_D100_D200_D205_D210_D215_D220,446,-0.021394224809200002,-0.005082085262984037,0.016312139546215965,-0.14107825746674096,-0.15044818009194694
direct_mlp,K6X_D100_D200_D205_D210_D215_D220,447,-0.029099577420599997,-0.00482667206476132,0.024272905355838675,-0.18435982934888395,-0.16022118929079954
direct_mlp,K6X_D100_D200_D205_D210_D215_D220,448,-0.0345216927392,-0.0044595059007406235,0.030062186838459376,-0.24715625029195004,-0.16910050426607393
direct_mlp,K6X_D100_D200_D205_D210_D215_D220,449,-0.014084312477400003,-0.003973055320481459,0.010111257156918544,-0.35756940204693,-0.17705903338780127
direct_mlp,K6X_D100_D200_D205_D210_D215_D220,450,-0.004242197120399999,-0.0033668655281265582,0.0008753315922734404,-0.3969936648106901,-0.18411703169840632
direct_mlp,K6X_D100_D200_D205_D210_D215_D220,451,-0.004348208372899998,-0.0026490682115157434,0.001699140161384255,-0.4033571107379698,-0.1903183678872059
direct_mlp,K6X_D100_D200_D205_D210_D215_D220,452,-0.019475301307000002,-0.001836441457271576,0.017638859849728426,-0.46859771519047005,-0.19570253598855436
direct_mlp,K6X_D100_D200_D205_D210_D215_D220,453,-0.0192906722634,-0.0009528240188956261,0.018337848244504375,-0.37855964375803997,-0.20028253263080842
direct_mlp,K6X_D100_D200_D205_D210_D215_D220,454,-0.029541872631500002,-2.685096114873886e-05,0.029515021670351263,-0.33049140436243996,-0.20403949881074357
direct_mlp,K6X_D100_D200_D205_D210_D215_D220,455,-0.0377347903963,0.0009109145030379295,0.038645704899337927,-0.287390814456035,-0.20693717072602646
direct_mlp,K6X_D100_D110_D115_D220_D225_D230,445,-0.03173940106459,-0.042892277240753174,0.011152876176163173,-0.019062892232389994,-0.04164741741014777
direct_mlp,K6X_D100_D110_D115_D220_D225_D230,446,-0.02740973311727,-0.03782000144322706,0.010410268325957057,-0.06806797924372898,-0.03667780442238078
direct_mlp,K6X_D100_D110_D115_D220_D225_D230,447,-0.0081213248378,-0.03270224730173743,0.024580922463937428,-0.08051088275143004,-0.03167830772069613
direct_mlp,K6X_D100_D110_D115_D220_D225_D230,448,0.017573153434700003,-0.027501384417215946,0.04507453785191595,-0.078258097600867,-0.026611593275400858
direct_mlp,K6X_D100_D110_D115_D220_D225_D230,449,0.024165330602899996,-0.022175610065460205,0.0463409406683602,-0.06833245594814619,-0.021435738814958083
direct_mlp,K6X_D100_D110_D115_D220_D225_D230,450,0.0384881912305,-0.01668296257654822,0.05517115380704822,-0.050307307866809925,-0.01610803572926056
direct_mlp,K6X_D100_D110_D115_D220_D225_D230,451,0.04265260686740001,-0.010986308256785038,0.053638915124185046,-0.015826366231489808,-0.010589754423127262
direct_mlp,K6X_D100_D110_D115_D220_D225_D230,452,0.0329606833769,-0.005057871341705322,0.038018554718605324,0.008265381614362854,-0.0048507354167289796
direct_mlp,K6X_D100_D110_D115_D220_D225_D230,453,0.0224187826343,0.0011190176010131836,0.021299765033286816,0.01692941681416804,0.0011287194980692528
direct_mlp,K6X_D100_D110_D115_D220_D225_D230,454,0.0167949318539,0.007550835609436035,0.009244096244463963,0.014390947888489825,0.007358488042387701
direct_mlp,K6X_D100_D110_D115_D220_D225_D230,455,0.018829220182799998,0.014235933621724484,0.004593286561075514,0.0008445768193900971,0.013840386694937812
direct_mlp,K6X_D100_D130_D135_D155_D160_D225,445,-0.011188844990000057,-0.031364182631174686,0.02017533764117463,0.014217414267670092,-0.03134281518008453
direct_mlp,K6X_D100_D130_D135_D155_D160_D225,446,-0.03014639113000006,-0.028398116429646847,0.001748274700353214,-0.0035871034069999697,-0.028386315297048825
direct_mlp,K6X_D100_D130_D135_D155_D160_D225,447,-0.07706040698399996,-0.025764445463816288,0.051295961520183675,-0.03663123450640016,-0.025761324838437516
direct_mlp,K6X_D100_D130_D135_D155_D160_D225,448,-0.235939379053,-0.02337125937143958,0.21256811968156042,-0.1326217162248,-0.023376930791847328
direct_mlp,K6X_D100_D130_D135_D155_D160_D225,449,-0.07207590797699992,-0.02112267414728808,0.05095323382971184,-0.04163956084658782,-0.021138504186561713
direct_mlp,K6X_D100_D130_D135_D155_D160_D225,450,-0.036619354308999985,-0.018917322158813477,0.01770203215018651,-0.027232914101090078,-0.01894620416731152
direct_mlp,K6X_D100_D130_D135_D155_D160_D225,451,-0.02598189155399999,-0.016645948092142815,0.009335943461857177,-0.031181686186440016,-0.016692544260583086
direct_mlp,K6X_D100_D130_D135_D155_D160_D225,452,-0.018926647232000104,-0.01419055461883545,0.004736092613164655,-0.04172604899303012,-0.014261556619495575
direct_mlp,K6X_D100_D130_D135_D155_D160_D225,453,-0.012677232390999937,-0.01142086585362756,0.0012563665373723776,-0.05523575781298995,-0.01152524805206756
direct_mlp,K6X_D100_D130_D135_D155_D160_D225,454,-0.008914920594999987,-0.008191982905070061,0.0007229376899299256,-0.07135234939973989,-0.00834131470548305
direct_mlp,K6X_D100_D130_D135_D155_D160_D225,455,-0.008714737723999999,-0.004341145356496101,0.004373592367503898,-0.08932551794079002,-0.004549914119754028
direct_mlp,K6X_D100_D105_D115_D120_D125_D130,445,-0.0016850975300000126,-0.18833150962988537,0.18664641209988536,-0.010867716562119933,-0.187902522156922
direct_mlp,K6X_D100_D105_D115_D120_D125_D130,446,-0.0018718825769999947,-0.17643730342388148,0.17456542084688148,-0.011154830745229827,-0.17620007621976136
direct_mlp,K6X_D100_D105_D115_D120_D125_D130,447,-0.0020360951610000066,-0.16374061504999793,0.16170451988899792,-0.01224542147719021,-0.1636866769598021
direct_mlp,K6X_D100_D105_D115_D120_D125_D130,448,-0.0019030725999999998,-0.15052865445613856,0.14862558185613856,-0.012818763607870043,-0.15064736480901042
direct_mlp,K6X_D100_D105_D115_D120_D125_D130,449,-0.0019115757889999752,-0.1370593706766764,0.13514779488767642,-0.01271517280995993,-0.1373387991140192
direct_mlp,K6X_D100_D105_D115_D120_D125_D130,450,-0.0020671192649999726,-0.12355055411656701,0.12148343485156704,-0.013339123140110098,-0.12397841447575542
direct_mlp,K6X_D100_D105_D115_D120_D125_D130,451,-0.002000505396999974,-0.11017274856567388,0.10817224316867391,-0.014109925547859947,-0.1107372873811927
direct_mlp,K6X_D100_D105_D115_D120_D125_D130,452,-0.0019332358820000062,-0.09704341491063434,0.09511017902863433,-0.01413837654431005,-0.097734344579896
direct_mlp,K6X_D100_D105_D115_D120_D125_D130,453,-0.0020856345289999856,-0.08422615130742389,0.0821405167784239,-0.014494360630020076,-0.08503551953859911
direct_mlp,K6X_D100_D105_D115_D120_D125_D130,454,-0.0021538708499999892,-0.07173166672388714,0.06957779587388715,-0.015429991841069968,-0.07265475902628499
direct_mlp,K6X_D100_D105_D115_D120_D125_D130,455,-0.0020974817509999966,-0.05952538053194684,0.05742789878094684,-0.015799016441050084,-0.060561405184366035
direct_mlp,K6X_D110_D125_D135_D150_D175_D190,445,-0.13520397594400002,-0.10743504762649536,0.02776892831750466,-0.10673573162934913,-0.11179070925295298
direct_mlp,K6X_D110_D125_D135_D150_D175_D190,446,-0.14219426695000004,-0.09337872266769409,0.048815544282305945,-0.1162973011575611,-0.09791628233227812
direct_mlp,K6X_D110_D125_D135_D150_D175_D190,447,-0.15953291227599997,-0.0794583956400553,0.08007451663594467,-0.13485123595214288,-0.08430324539866274
direct_mlp,K6X_D110_D125_D135_D150_D175_D190,448,-0.233370776793,-0.06567694743474328,0.16769382935825672,-0.19810696724598897,-0.07096808425663914
direct_mlp,K6X_D110_D125_D135_D150_D175_D190,449,-0.501273205047,-0.051974594593048096,0.4492986104539519,-0.3861496846394611,-0.057870030486138035
direct_mlp,K6X_D110_D125_D135_D150_D175_D190,450,-0.19830966961700003,-0.03824325402577722,0.1600664155912228,-0.14562830828970497,-0.04492584609886785
direct_mlp,K6X_D110_D125_D135_D150_D175_D190,451,-0.080724190295,-0.024338603019714355,0.05638558727528564,-0.07267756554180316,-0.03202104026573227
direct_mlp,K6X_D110_D125_D135_D150_D175_D190,452,-0.03420824799400002,-0.010093927383422852,0.024114320610577167,-0.050948954923891954,-0.019022859665279612
direct_mlp,K6X_D110_D125_D135_D150_D175_D190,453,-0.0032689600829999277,0.004668215910593632,0.00793717599359356,-0.041732557506954926,-0.005790661948860132
direct_mlp,K6X_D110_D125_D135_D150_D175_D190,454,-0.011127285986999969,0.020123442014058468,0.031250728001058437,-0.06171075962590311,0.0078121456305144665
direct_mlp,K6X_D110_D125_D135_D150_D175_D190,455,-0.322838665805,0.036430617173512814,0.3592692829785128,-0.24513415591852594,0.02190431928664438
direct_mlp,K6X_D120_D125_D180_D185_D190_D195,445,-0.21795129345000003,-0.1110342343648274,0.10691705908517263,-0.13187194451625084,-0.10626313539129717
direct_mlp,K6X_D120_D125_D180_D185_D190_D195,446,-0.17682906055599998,-0.09072411060333252,0.08610494995266746,-0.1483828480651237,-0.09012140892324783
direct_mlp,K6X_D120_D125_D180_D185_D190_D195,447,-0.166655742166,-0.07089896996815992,0.09575677219784007,-0.14777562347274487,-0.07415973107951379
direct_mlp,K6X_D120_D125_D180_D185_D190_D195,448,-0.161499169356,-0.0512995719909668,0.11019959736503321,-0.14444502043837792,-0.05832806451993133
direct_mlp,K6X_D120_D125_D180_D185_D190_D195,449,-0.15956487938500002,-0.031582752863566155,0.12798212652143387,-0.14067072882546006,-0.04255911969812587
direct_mlp,K6X_D120_D125_D180_D185_D190_D195,450,-0.160013086907,-0.01140991846720385,0.14860316843979615,-0.13730082175522018,-0.02676196232399286
direct_mlp,K6X_D120_D125_D180_D185_D190_D195,451,-0.16159783983800002,0.009490589300791386,0.1710884291387914,-0.13369579659078012,-0.010784790152683965
direct_mlp,K6X_D120_D125_D180_D185_D190_D195,452,-0.16393136584399998,0.03128846486409498,0.19521983070809495,-0.13010325263126998,0.0055958151303152626
direct_mlp,K6X_D120_D125_D180_D185_D190_D195,453,-0.166418497499,0.05403480927149451,0.22045330677049452,-0.12617777595461988,0.022622459633566794
direct_mlp,K6X_D120_D125_D180_D185_D190_D195,454,-0.16915681662000004,0.07766280571619666,0.2468196223361967,-0.12218232378167004,0.04046495410148043
direct_mlp,K6X_D120_D125_D180_D185_D190_D195,455,-0.17203411931899998,0.10199431578318274,0.2740284351021827,-0.11845301291596988,0.059138464056256224
direct_mlp,K6X_D120_D145_D200_D215_D220_D230,445,-0.23806877227380002,-0.032770439982414246,0.20529833229138578,-0.31154060067090006,-0.008593247412098548
direct_mlp,K6X_D120_D145_D200_D215_D220_D230,446,-0.22707805099779999,-0.030358376602331802,0.19671967439546817,-0.28962385120199996,-0.01712740475166663
direct_mlp,K6X_D120_D145_D200_D215_D220_D230,447,-0.188651535421,-0.02724075565735498,0.161410779763645,-0.24574004137143002,-0.024249507299221762
direct_mlp,K6X_D120_D145_D200_D215_D220_D230,448,-0.15367536706200002,-0.023510254919528975,0.13016511214247106,-0.20016025540741011,-0.029757011735303707
direct_mlp,K6X_D120_D145_D200_D215_D220_D230,449,-0.08368074158899999,-0.019303262233734117,0.06437747935526587,-0.07256202058350003,-0.03357121015991049
direct_mlp,K6X_D120_D145_D200_D215_D220_D230,450,-0.04898153152899999,-0.01478053381045659,0.0342009977185434,-0.013467869999479909,-0.0357336432160385
direct_mlp,K6X_D120_D145_D200_D215_D220_D230,451,-0.06568821796100001,-0.010105078419049562,0.055583139541950446,-0.10805829360473007,-0.036371451315517334
direct_mlp,K6X_D120_D145_D200_D215_D220_D230,452,-0.033135087561000004,-0.005420707166194916,0.027714380394805088,-0.12922993765192803,-0.03564920586859449
direct_mlp,K6X_D120_D145_D200_D215_D220_D230,453,0.01492643414299999,-0.0008363003532091684,0.015762734496209158,-0.12634305904423604,-0.033731749632352204
direct_mlp,K6X_D120_D145_D200_D215_D220_D230,454,0.058873959922999985,0.003582122425238282,0.0552918374977617,-0.12205493051689997,-0.03077319682931068
direct_mlp,K6X_D120_D145_D200_D215_D220_D230,455,0.096438466423,0.00781075656414032,0.08862770985885968,-0.11947043596544982,-0.026929701298589293
direct_mlp,K6X_D140_D160_D165_D170_D180_D190,445,-0.07834248321500001,-0.17989324529965722,0.10155076208465721,-0.004180132369096867,-0.15168206964760134
direct_mlp,K6X_D140_D160_D165_D170_D180_D190,446,-0.017173414785999985,-0.17225914200146986,0.15508572721546987,-0.012653992148089932,-0.14157137234845618
direct_mlp,K6X_D140_D160_D165_D170_D180_D190,447,0.06826394688099999,-0.16503431399663293,0.23329826087763292,-0.020739289011830087,-0.13049016475148778
direct_mlp,K6X_D140_D160_D165_D170_D180_D190,448,0.1461783571992,-0.15821914871533715,0.3043975059145372,-0.021133890161269875,-0.11856971904004865
direct_mlp,K6X_D140_D160_D165_D170_D180_D190,449,0.2034531042211,-0.15171769261360168,0.35517079683470165,-0.011645607321840057,-0.1060605298359103
direct_mlp,K6X_D140_D160_D165_D170_D180_D190,450,0.24156997531279997,-0.14534925421079004,0.38691922952359004,-0.0010451838999399055,-0.09329272690714185
direct_mlp,K6X_D140_D160_D165_D170_D180_D190,451,0.2628472554885,-0.13887130220731103,0.40171855769581105,0.004822718528809999,-0.0805636583827436
direct_mlp,K6X_D140_D160_D165_D170_D180_D190,452,0.27016700033350005,-0.13200286030769348,0.40216986064119353,0.004886971115910188,-0.06800143484239629
direct_mlp,K6X_D140_D160_D165_D170_D180_D190,453,0.2669774855109,-0.12444821993509925,0.39142570544599925,9.549481908988078e-05,-0.05550164681699232
direct_mlp,K6X_D140_D160_D165_D170_D180_D190,454,0.25812902835400003,-0.11591755350430799,0.374046581858308,-0.007369438239000048,-0.04278659963953624
direct_mlp,K6X_D140_D160_D165_D170_D180_D190,455,0.249011541421,-0.10614745815594984,0.35515899957694985,-0.01348931221687999,-0.02954920933401195
direct_mlp,K6X_D125_D135_D150_D175_D190_D210,445,-0.159434664244,-0.07866299152374268,0.08077167272025731,-0.12023898112865905,-0.07445342896350371
direct_mlp,K6X_D125_D135_D150_D175_D190_D210,446,-0.14605581543200008,-0.06661639610926307,0.07943941932273701,-0.10944819633966607,-0.06336349094484228
direct_mlp,K6X_D125_D135_D150_D175_D190_D210,447,-0.13089681298900002,-0.05521394809087121,0.07568286489812881,-0.09743968778365308,-0.05283665497790935
direct_mlp,K6X_D125_D135_D150_D175_D190_D210,448,-0.11652621598199997,-0.04422309001286817,0.0723031259691318,-0.08671596007833904,-0.04271036053978605
direct_mlp,K6X_D125_D135_D150_D175_D190_D210,449,-0.096590289236,-0.03333296378453565,0.06325732545146434,-0.07157481793854237,-0.0328001117292539
direct_mlp,K6X_D125_D135_D150_D175_D190_D210,450,-0.070484034142,-0.02221415440241492,0.048269879739585075,-0.05108061416705245,-0.022914812865868384
direct_mlp,K6X_D125_D135_D150_D175_D190_D210,451,-0.040522584064,-0.01056329409281409,0.02995928997118591,-0.025187107583599655,-0.01284037039325392
direct_mlp,K6X_D125_D135_D150_D175_D190_D210,452,-0.005858227078999967,0.0018686850865681226,0.0077269121655680895,0.0037309074021049105,-0.002327929579829857
direct_mlp,K6X_D125_D135_D150_D175_D190_D210,453,-0.011659169303000039,0.015260974566141838,0.026920143869141877,0.0008238250657650603,0.008881026237910872
direct_mlp,K6X_D125_D135_D150_D175_D190_D210,454,0.009323899330999974,0.02971893548965454,0.020395036158654567,0.015871433912044264,0.020999176435301026
direct_mlp,K6X_D125_D135_D150_D175_D190_D210,455,0.02390797317100002,0.045272747675577873,0.021364774504577855,0.019981109749156678,0.03413530194787506
direct_mlp,K6X_D100_D115_D130_D145_D155_D185,445,-0.23267006901600007,-0.2061682144800822,0.026501854535917857,-0.13600734619348798,-0.19061870223046484
direct_mlp,K6X_D100_D115_D130_D145_D155_D185,446,-0.191259103935,-0.20089889566103614,0.009639791726036129,-0.10907502970400995,-0.18388725200720457
direct_mlp,K6X_D100_D115_D130_D145_D155_D185,447,-0.159622498725,-0.195147156715393,0.035524657990393005,-0.08692605189148572,-0.1768539421024241
direct_mlp,K6X_D100_D115_D130_D145_D155_D185,448,-0.12804053628400003,-0.18880912661552435,0.06076859033152432,-0.07267440253294599,-0.16947601660334832
direct_mlp,K6X_D100_D115_D130_D145_D155_D185,449,-0.29903107314199995,-0.18177803357442224,0.11725303956757771,-0.23189368407242694,-0.1617121679503476
direct_mlp,K6X_D100_D115_D130_D145_D155_D185,450,-0.16352115437500003,-0.17395097017288202,0.010429815797881992,-0.09241786738647406,-0.15352746521502592
direct_mlp,K6X_D100_D115_D130_D145_D155_D185,451,-0.11772493872599998,-0.1652281483014425,0.04750320957544252,-0.06016657832434691,-0.14489044342076707
direct_mlp,K6X_D100_D115_D130_D145_D155_D185,452,-0.07673565707300001,-0.15551489591598505,0.07877923884298504,-0.03058545905386001,-0.13577089148662025
direct_mlp,K6X_D100_D115_D130_D145_D155_D185,453,-0.03742880771500001,-0.1447216073671977,0.10729279965219768,-0.005585873345869907,-0.12613632835875455
direct_mlp,K6X_D100_D115_D130_D145_D155_D185,454,0.0026666946560000016,-0.13276919722557062,0.13543589188157062,0.02028108224094982,-0.11595303209372843
direct_mlp,K6X_D100_D115_D130_D145_D155_D185,455,0.026821436490000017,-0.11959877610206604,0.14642021259206606,0.033324389314270064,-0.10519214436005153
direct_mlp,K6X_D130_D145_D155_D180_D195_D230,445,0.07995845899800003,-0.12221197287241614,0.20217043187041617,0.03409675308732796,-0.11472189902027208
direct_mlp,K6X_D130_D145_D155_D180_D195_D230,446,0.07892165262499995,-0.10786588986714674,0.18678754249214669,0.035006128041819906,-0.10035360817225092
direct_mlp,K6X_D130_D145_D155_D180_D195_D230,447,0.091377064176,-0.0934285124142964,0.1848055765902964,0.044831842178735704,-0.08526357220277236
direct_mlp,K6X_D130_D145_D155_D180_D195_D230,448,0.10914779682100006,-0.07895565032958984,0.1881034471505899,0.058717444235876104,-0.0698582432426822
direct_mlp,K6X_D130_D145_D155_D180_D195_D230,449,0.12965030172199998,-0.06439081827799475,0.19404111999999474,0.0756045400775669,-0.05463560260250222
direct_mlp,K6X_D130_D145_D155_D180_D195_D230,450,0.147113048121,-0.0496232112248739,0.1967362593458739,0.09139276849390399,-0.0400478455291402
direct_mlp,K6X_D130_D145_D155_D180_D195_D230,451,0.15515635674499995,-0.03453495105107629,0.18969130779607624,0.10130049732829682,-0.026288437258093156
direct_mlp,K6X_D130_D145_D155_D180_D195_D230,452,0.15082408628199995,-0.019032518068949345,0.1698566043509493,0.10282266140633989,-0.013169611973353312
direct_mlp,K6X_D130_D145_D155_D180_D195_D230,453,0.13778019512500006,-0.0030663013458251953,0.14084649647082526,0.09786320553458994,-0.00020519094202120503
direct_mlp,K6X_D130_D145_D155_D180_D195_D230,454,0.13028854810699997,0.01336405674616492,0.11692449136083505,0.09566764700089003,0.013153819581627202
direct_mlp,K6X_D130_D145_D155_D180_D195_D230,455,0.139464812876,0.030214210351308224,0.10925060252469176,0.10184630284208995,0.027285994550159787
direct_mlp,K6X_D110_D190_D210_D215_D220_D225,445,-0.022326647789844264,-0.030731348941723507,0.008404701151879242,0.05986572869195561,-0.11190878320034398
direct_mlp,K6X_D110_D190_D210_D215_D220_D225,446,-0.02091519204804919,-0.029469138632218048,0.008553946584168859,-0.011969960076408714,-0.13066914840586225
direct_mlp,K6X_D110_D190_D210_D215_D220_D225,447,-0.015931359765030993,-0.027304419626792267,0.011373059861761275,-0.08367583363735454,-0.15104542681713917
direct_mlp,K6X_D110_D190_D210_D215_D220_D225,448,-0.0100829978138215,-0.02429359033703804,0.01421059252321654,-0.19311801276232543,-0.17274355721807888
direct_mlp,K6X_D110_D190_D210_D215_D220_D225,449,-0.015541943383274007,-0.020582683384418488,0.0050407400011444805,-0.2816940330984315,-0.1953959970715004
direct_mlp,K6X_D110_D190_D210_D215_D220_D225,450,0.01583225231648099,-0.016378973300258316,0.03221122561673931,-0.26239366369851624,-0.2184956980756093
direct_mlp,K6X_D110_D190_D210_D215_D220_D225,451,0.0072428662374637645,-0.011916142577926322,0.019159008815390087,-0.23948292654921327,-0.2413614500925783
direct_mlp,K6X_D110_D190_D210_D215_D220_D225,452,-0.015084286053095843,-0.007423950980106987,0.007660335072988855,-0.1404433883423607,-0.26317082798050245
direct_mlp,K6X_D110_D190_D210_D215_D220_D225,453,-0.0026390605938245125,-0.0031061420838038103,0.00046708148997929785,-0.1340761921956537,-0.2830543588393084
direct_mlp,K6X_D110_D190_D210_D215_D220_D225,454,-0.005290785946465582,0.0008727908134460449,0.006163576759911627,-0.1486048502858407,-0.30023092967803666
direct_mlp,K6X_D110_D190_D210_D215_D220_D225,455,-0.0016529227571321324,0.004393418629964195,0.006046341387096327,-0.20117913765641782,-0.3141383710146025
direct_mlp,K6X_D150_D205_D215_D220_D225_D230,445,-0.03578345837882728,-0.0002576510111490897,0.035525807367678186,0.19018853796083612,-0.049168889008881056
direct_mlp,K6X_D150_D205_D215_D220_D225_D230,446,0.006725564945800247,0.0007640135784943922,0.005961551367305855,0.19633140477593714,-0.05308607150462186
direct_mlp,K6X_D150_D205_D215_D220_D225_D230,447,-0.06398798620540756,0.002075941301882267,0.06606392750728983,0.04109517213691816,-0.05757903056306202
direct_mlp,K6X_D150_D205_D215_D220_D225_D230,448,-0.12511752092943818,0.0037016735101739577,0.12881919443961212,-0.04911293711436704,-0.06273563762389506
direct_mlp,K6X_D150_D205_D215_D220_D225_D230,449,-0.10567231080805983,0.0056332228705286945,0.11130553367858853,0.022728744635029496,-0.06850967737465663
direct_mlp,K6X_D150_D205_D215_D220_D225_D230,450,-0.1018166837226982,0.007825762033462521,0.10964244575616072,0.11807434407724327,-0.0747424635754233
direct_mlp,K6X_D150_D205_D215_D220_D225_D230,451,-0.07998202886759033,0.01020046416670084,0.09018249303429117,0.3035944666379887,-0.08120665372956398
direct_mlp,K6X_D150_D205_D215_D220_D225_D230,452,-0.1325844350919738,0.012653652578592304,0.1452380876705661,0.3330098846980424,-0.08765369463765182
direct_mlp,K6X_D150_D205_D215_D220_D225_D230,453,-0.13133684478485327,0.015069367674489818,0.1464062124593431,0.2498276539156189,-0.093854898634947
direct_mlp,K6X_D150_D205_D215_D220_D225_D230,454,-0.13910326455112879,0.01733193670709928,0.15643520125822807,0.1733794987177013,-0.09963031218694707
direct_mlp,K6X_D150_D205_D215_D220_D225_D230,455,-0.16021552272325576,0.019336393723885216,0.17955191644714097,0.10359899414006946,-0.10486519099665631
direct_mlp,K6X_D105_D120_D125_D130_D165_D190,445,-0.07507165292505757,-0.0556185245513916,0.019453128373665973,0.001787062412937357,-0.05567871324633544
direct_mlp,K6X_D105_D120_D125_D130_D165_D190,446,-0.05198061707784574,-0.048893749713897705,0.0030868673639480315,0.014130203141392572,-0.04901509047920227
direct_mlp,K6X_D105_D120_D125_D130_D165_D190,447,-0.03508817979233558,-0.04281441370646155,0.007726233914125968,0.025154015445206124,-0.04300534812092316
direct_mlp,K6X_D105_D120_D125_D130_D165_D190,448,-0.024049438342906182,-0.0372255643208822,0.013176125977976016,0.03305439965084833,-0.03749698587336092
direct_mlp,K6X_D105_D120_D125_D130_D165_D190,449,-0.015750623315036072,-0.031967004140218136,0.016216380825182064,0.040997281582154765,-0.03233300396387495
direct_mlp,K6X_D105_D120_D125_D130_D165_D190,450,-0.005114812498532517,-0.026868700981140137,0.02175388848260762,0.04854891014776841,-0.027347316873119754
direct_mlp,K6X_D105_D120_D125_D130_D165_D190,451,-0.07617494409121173,-0.021746397018432617,0.05442854707277911,-0.04079949565319885,-0.02236040051640631
direct_mlp,K6X_D105_D120_D125_D130_D165_D190,452,-0.06452904159950956,-0.016395092010498047,0.048133949589011515,-0.0025557575759215245,-0.01717278173405412
direct_mlp,K6X_D105_D120_D125_D130_D165_D190,453,-0.05282850924151561,-0.010582943757375118,0.04224556548414049,0.012960304171196646,-0.01155902365554562
direct_mlp,K6X_D105_D120_D125_D130_D165_D190,454,-0.05160131803804413,-0.004045963287353516,0.047555354750690615,0.017015397254035447,-0.005262522567075267
direct_mlp,K6X_D105_D120_D125_D130_D165_D190,455,-0.05192315291585148,0.0035158793131511157,0.055439032229002594,0.019138772588845332,0.002008267212208148
resmlp,K6X_D200_D205_D215_D220_D225_D230,445,-0.024239119369170004,-0.01781561784446239,0.006423501524707612,0.1477796911824899,0.28345528132437414
resmlp,K6X_D200_D205_D215_D220_D225_D230,446,-0.022382683367131,-0.019250940764322877,0.0031317426028081227,0.03502958851915883,0.28573681437410403
resmlp,K6X_D200_D205_D215_D220_D225_D230,447,-0.037899608821476,-0.02066884787442784,0.01723076094704816,-0.015786607345776082,0.2876101133103172
resmlp,K6X_D200_D205_D215_D220_D225_D230,448,-0.039014915668150005,-0.022033147358645998,0.016981768309504007,-0.042251531712955925,0.2892470099419976
resmlp,K6X_D200_D205_D215_D220_D225_D230,449,-0.04515537053781,-0.02330778748728335,0.02184758305052665,-0.05733917112437714,0.2908384204298878
resmlp,K6X_D200_D205_D215_D220_D225_D230,450,-0.0398161529288,-0.024459912131230034,0.015356240797569969,-0.07446868672478013,0.29255818917105597
resmlp,K6X_D200_D205_D215_D220_D225_D230,451,-0.043141242350000004,-0.02546131323712568,0.017679929112874325,-0.028855550628409943,0.2945376673402886
resmlp,K6X_D200_D205_D215_D220_D225_D230,452,-0.07361210259212,-0.026288853880638882,0.04732324871148112,-0.24122805784097,0.2968431239326796
resmlp,K6X_D200_D205_D215_D220_D225_D230,453,-0.014917221755000001,-0.026922732824459672,0.01200551106945967,0.4784733313676999,0.2994655947356175
resmlp,K6X_D200_D205_D215_D220_D225_D230,454,-0.000643715643799999,-0.02734342271772524,0.02669970707392524,0.3694244175542999,0.3023303764251371
resmlp,K6X_D200_D205_D215_D220_D225_D230,455,-0.011804698510099996,-0.02752885726901392,0.015724158758913923,0.19351797890990008,0.3053199128868679
resmlp,K6X_D100_D140_D145_D155_D225_D230,445,0.11482951317799997,0.06170115868250531,0.05312835449549466,0.02801180812064985,0.07337763548518217
resmlp,K6X_D100_D140_D145_D155_D225_D230,446,0.10607995602800002,0.07309985160827642,0.0329801044197236,0.034769428994260054,0.07186725347613299
resmlp,K6X_D100_D140_D145_D155_D225_D230,447,0.101393122592,0.08471464117368066,0.016678481418319346,0.04244363422085995,0.06953199688966072
resmlp,K6X_D100_D140_D145_D155_D225_D230,448,0.114069083565,0.09638459483782452,0.017684488727175485,0.05349002441504602,0.0664859820778172
resmlp,K6X_D100_D140_D145_D155_D225_D230,449,0.10454003501200004,0.10791632533073431,0.003376290318734265,0.08815038650924412,0.06284144318973028
resmlp,K6X_D100_D140_D145_D155_D225_D230,450,0.10852712226699995,0.11909494797388714,0.01056782570688719,0.09683233319774898,0.05869292328134179
resmlp,K6X_D100_D140_D145_D155_D225_D230,451,0.13611690844400004,0.12969572345415747,0.0064211849898425655,0.10835057833538442,0.054097406566142814
resmlp,K6X_D100_D140_D145_D155_D225_D230,452,0.17192465312599997,0.13948761423428857,0.0324370388917114,0.11848832505188034,0.04905119538307179
resmlp,K6X_D100_D140_D145_D155_D225_D230,453,0.21517041048099997,0.14822726448376972,0.06694314599723025,0.124509879764789,0.04347167319307721
resmlp,K6X_D100_D140_D145_D155_D225_D230,454,0.258673225184,0.1556489765644074,0.10302424861959258,0.11900402028173307,0.03719240737458074
resmlp,K6X_D100_D140_D145_D155_D225_D230,455,0.28356771511400003,0.16145751873652142,0.12211019637747861,0.09265327967651493,0.029974155438443173
resmlp,K6X_D100_D200_D205_D210_D215_D220,445,-0.01504830391078,0.0003164102478573714,0.015364714158637372,-0.0823232833710601,-0.0793171241724242
resmlp,K6X_D100_D200_D205_D210_D215_D220,446,-0.021394224809200002,0.0009656134837617474,0.02235983829296175,-0.14107825746674096,-0.08982128595622862
resmlp,K6X_D100_D200_D205_D210_D215_D220,447,-0.029099577420599997,0.0016926414488504325,0.03079221886945043,-0.18435982934888395,-0.09909624117426574
resmlp,K6X_D100_D200_D205_D210_D215_D220,448,-0.0345216927392,0.002483392134308815,0.037005084873508814,-0.24715625029195004,-0.10717420636986708
resmlp,K6X_D100_D200_D205_D210_D215_D220,449,-0.014084312477400003,0.0033207605592906475,0.01740507303669065,-0.35756940204693,-0.11411486278908944
resmlp,K6X_D100_D200_D205_D210_D215_D220,450,-0.004242197120399999,0.004185224883258342,0.008427422003658341,-0.3969936648106901,-0.11998763851200533
resmlp,K6X_D100_D200_D205_D210_D215_D220,451,-0.004348208372899998,0.0050557702003667755,0.009403978573266775,-0.4033571107379698,-0.12486124690622102
resmlp,K6X_D100_D200_D205_D210_D215_D220,452,-0.019475301307000002,0.005911087539667885,0.025386388846667888,-0.46859771519047005,-0.12879841456500174
resmlp,K6X_D100_D200_D205_D210_D215_D220,453,-0.0192906722634,0.00673090146544079,0.026021573728840793,-0.37855964375803997,-0.13185483287088562
resmlp,K6X_D100_D200_D205_D210_D215_D220,454,-0.029541872631500002,0.007497456079969804,0.0370393287114698,-0.33049140436243996,-0.13407591334544122
resmlp,K6X_D100_D200_D205_D210_D215_D220,455,-0.0377347903963,0.008196800636748474,0.045931591033048474,-0.287390814456035,-0.13549432065337896
resmlp,K6X_D100_D110_D115_D220_D225_D230,445,-0.03173940106459,-0.045033812522888184,0.013294411458298183,-0.019062892232389994,-0.0016286100334638176
resmlp,K6X_D100_D110_D115_D220_D225_D230,446,-0.02740973311727,-0.042721887429555294,0.015312154312285293,-0.06806797924372898,-0.0022943672107089697
resmlp,K6X_D100_D110_D115_D220_D225_D230,447,-0.0081213248378,-0.039672334988911984,0.03155101015111198,-0.08051088275143004,-0.0022066192008196595
resmlp,K6X_D100_D110_D115_D220_D225_D230,448,0.017573153434700003,-0.0357384284337362,0.05331158186843621,-0.078258097600867,-0.0012435293909524026
resmlp,K6X_D100_D110_D115_D220_D225_D230,449,0.024165330602899996,-0.030821263790130615,0.05498659439303061,-0.06833245594814619,0.0006778688718894754
resmlp,K6X_D100_D110_D115_D220_D225_D230,450,0.0384881912305,-0.024881025155385372,0.06336921638588537,-0.050307307866809925,0.0035899283325306897
resmlp,K6X_D100_D110_D115_D220_D225_D230,451,0.04265260686740001,-0.017945388952890995,0.060597995820291004,-0.015826366231489808,0.007463967242377634
resmlp,K6X_D100_D110_D115_D220_D225_D230,452,0.0329606833769,-0.010110000769297245,0.04307068414619725,0.008265381614362854,0.012206425001901722
resmlp,K6X_D100_D110_D115_D220_D225_D230,453,0.0224187826343,-0.001535634199778202,0.0239544168340782,0.01692941681416804,0.017657899324149184
resmlp,K6X_D100_D110_D115_D220_D225_D230,454,0.0167949318539,0.007561226685841915,0.009233705168058083,0.014390947888489825,0.023599618180772497
resmlp,K6X_D100_D110_D115_D220_D225_D230,455,0.018829220182799998,0.016919155915578243,0.0019100642672217547,0.0008445768193900971,0.02976261031411309
resmlp,K6X_D100_D130_D135_D155_D160_D225,445,-0.011188844990000057,-0.045284946759541755,0.0340961017695417,0.014217414267670092,-0.012227335755596758
resmlp,K6X_D100_D130_D135_D155_D160_D225,446,-0.03014639113000006,-0.04156738519668579,0.01142099406668573,-0.0035871034069999697,-0.011505477581522427
resmlp,K6X_D100_D130_D135_D155_D160_D225,447,-0.07706040698399996,-0.03795723120371497,0.03910317578028499,-0.03663123450640016,-0.010547875839013843
resmlp,K6X_D100_D130_D135_D155_D160_D225,448,-0.235939379053,-0.034347037474314335,0.20159234157868566,-0.1326217162248,-0.00937121789320372
resmlp,K6X_D100_D130_D135_D155_D160_D225,449,-0.07207590797699992,-0.030598143736521366,0.041477764240478554,-0.04163956084658782,-0.007982147745982049
resmlp,K6X_D100_D130_D135_D155_D160_D225,450,-0.036619354308999985,-0.02654343843460083,0.010075915874399155,-0.027232914101090078,-0.0063726748048793525
resmlp,K6X_D100_D130_D135_D155_D160_D225,451,-0.02598189155399999,-0.02199319998423266,0.003988691569767333,-0.031181686186440016,-0.004520010397148666
resmlp,K6X_D100_D130_D135_D155_D160_D225,452,-0.018926647232000104,-0.016745169957478767,0.0021814772745213373,-0.04172604899303012,-0.002389693467800047
resmlp,K6X_D100_D130_D135_D155_D160_D225,453,-0.012677232390999937,-0.010603209336598751,0.002074023054401186,-0.05523575781298995,5.550686425215279e-05
resmlp,K6X_D100_D130_D135_D155_D160_D225,454,-0.008914920594999987,-0.003404676914215088,0.005510243680784899,-0.07135234939973989,0.002842805115506053
resmlp,K6X_D100_D130_D135_D155_D160_D225,455,-0.008714737723999999,0.0049416422843933105,0.01365638000839331,-0.08932551794079002,0.005969646755450531
resmlp,K6X_D100_D105_D115_D120_D125_D130,445,-0.0016850975300000126,-0.019435544808705685,0.017750447278705672,-0.010867716562119933,-0.04214280290436079
resmlp,K6X_D100_D105_D115_D120_D125_D130,446,-0.0018718825769999947,-0.017689396937688173,0.01581751436068818,-0.011154830745229827,-0.04424093409776719
resmlp,K6X_D100_D105_D115_D120_D125_D130,447,-0.0020360951610000066,-0.015882819890975952,0.013846724729975946,-0.01224542147719021,-0.046221815367402996
resmlp,K6X_D100_D105_D115_D120_D125_D130,448,-0.0019030725999999998,-0.013860012094179752,0.011956939494179752,-0.012818763607870043,-0.047933482846739595
resmlp,K6X_D100_D105_D115_D120_D125_D130,449,-0.0019115757889999752,-0.01142615576585132,0.009514579976851345,-0.01271517280995993,-0.0491940281013209
resmlp,K6X_D100_D105_D115_D120_D125_D130,450,-0.0020671192649999726,-0.008382191260655758,0.0063150719956557855,-0.013339123140110098,-0.049821629902832454
resmlp,K6X_D100_D105_D115_D120_D125_D130,451,-0.002000505396999974,-0.004568095008532225,0.0025675896115322505,-0.014109925547859947,-0.049669468683077866
resmlp,K6X_D100_D105_D115_D120_D125_D130,452,-0.0019332358820000062,0.0001009205977122174,0.0020341564797122236,-0.01413837654431005,-0.048656217951020264
resmlp,K6X_D100_D105_D115_D120_D125_D130,453,-0.0020856345289999856,0.005614807208379147,0.007700441737379132,-0.014494360630020076,-0.046781931265134746
resmlp,K6X_D100_D105_D115_D120_D125_D130,454,-0.0021538708499999892,0.01186603307723999,0.01401990392723998,-0.015429991841069968,-0.04412903769192189
resmlp,K6X_D100_D105_D115_D120_D125_D130,455,-0.0020974817509999966,0.018669063846270262,0.02076654559727026,-0.015799016441050084,-0.04084831668327138
resmlp,K6X_D110_D125_D135_D150_D175_D190,445,-0.13520397594400002,-0.1116981108983357,0.02350586504566432,-0.10673573162934913,-0.03987393248826254
resmlp,K6X_D110_D125_D135_D150_D175_D190,446,-0.14219426695000004,-0.09780633449554443,0.0443879324544556,-0.1162973011575611,-0.034655418557425266
resmlp,K6X_D110_D125_D135_D150_D175_D190,447,-0.15953291227599997,-0.08455818891525269,0.07497472336074729,-0.13485123595214288,-0.030196254374459386
resmlp,K6X_D110_D125_D135_D150_D175_D190,448,-0.233370776793,-0.07207765181859338,0.16129312497440662,-0.19810696724598897,-0.026451895634333256
resmlp,K6X_D110_D125_D135_D150_D175_D190,449,-0.501273205047,-0.06045456727345788,0.44081863777354213,-0.3861496846394611,-0.023371737217530608
resmlp,K6X_D110_D125_D135_D150_D175_D190,450,-0.19830966961700003,-0.04974468549092603,0.148564984126074,-0.14562830828970497,-0.020911824190989248
resmlp,K6X_D110_D125_D135_D150_D175_D190,451,-0.080724190295,-0.03996886809666955,0.040755322198330446,-0.07267756554180316,-0.019043886490787143
resmlp,K6X_D110_D125_D135_D150_D175_D190,452,-0.03420824799400002,-0.031111041704813602,0.003097206289186416,-0.050948954923891954,-0.01775919894377398
resmlp,K6X_D110_D125_D135_D150_D175_D190,453,-0.0032689600829999277,-0.02312004566192627,0.019851085578926342,-0.041732557506954926,-0.017069088760763407
resmlp,K6X_D110_D125_D135_D150_D175_D190,454,-0.011127285986999969,-0.015912433465321896,0.004785147478321927,-0.06171075962590311,-0.01700049126520764
resmlp,K6X_D110_D125_D135_D150_D175_D190,455,-0.322838665805,-0.009379804134368896,0.3134588616706311,-0.24513415591852594,-0.017587262981881624
resmlp,K6X_D120_D125_D180_D185_D190_D195,445,-0.21795129345000003,-0.23581643899281812,0.017865145542818095,-0.13187194451625084,-0.05899617386360956
resmlp,K6X_D120_D125_D180_D185_D190_D195,446,-0.17682906055599998,-0.19560305277506507,0.01877399221906509,-0.1483828480651237,-0.04086716511907684
resmlp,K6X_D120_D125_D180_D185_D190_D195,447,-0.166655742166,-0.15345259507497144,0.013203147091028544,-0.14777562347274487,-0.022197990988691574
resmlp,K6X_D120_D125_D180_D185_D190_D195,448,-0.161499169356,-0.10977325836817431,0.051725910987825696,-0.14444502043837792,-0.003223229975750197
resmlp,K6X_D120_D125_D180_D185_D190_D195,449,-0.15956487938500002,-0.06524930397669482,0.09431557540830521,-0.14067072882546006,0.015748599233726623
resmlp,K6X_D120_D125_D180_D185_D190_D195,450,-0.160013086907,-0.020817220211029053,0.13919586669597095,-0.13730082175522018,0.03436288967107737
resmlp,K6X_D120_D125_D180_D185_D190_D195,451,-0.16159783983800002,0.022429823875427246,0.18402766371342727,-0.13369579659078012,0.05225643406932545
resmlp,K6X_D120_D125_D180_D185_D190_D195,452,-0.16393136584399998,0.06338059902191162,0.2273119648659116,-0.13010325263126998,0.06908493225152279
resmlp,K6X_D120_D125_D180_D185_D190_D195,453,-0.166418497499,0.10104524095853162,0.26746373845753163,-0.12617777595461988,0.08453154951954878
resmlp,K6X_D120_D125_D180_D185_D190_D195,454,-0.16915681662000004,0.1346556146939596,0.30381243131395963,-0.12218232378167004,0.0983023247681557
resmlp,K6X_D120_D125_D180_D185_D190_D195,455,-0.17203411931899998,0.16370799144109094,0.3357421107600909,-0.11845301291596988,0.11012105115999782
resmlp,K6X_D120_D145_D200_D215_D220_D230,445,-0.23806877227380002,-0.0945506989955902,0.1435180732782098,-0.31154060067090006,0.02264884692461544
resmlp,K6X_D120_D145_D200_D215_D220_D230,446,-0.22707805099779999,-0.09256583824753761,0.13451221275026237,-0.28962385120199996,0.01378218426058686
resmlp,K6X_D120_D145_D200_D215_D220_D230,447,-0.188651535421,-0.09027753646175067,0.09837399895924932,-0.24574004137143002,0.006688262103125342
resmlp,K6X_D120_D145_D200_D215_D220_D230,448,-0.15367536706200002,-0.08797843630115192,0.06569693076084811,-0.20016025540741011,0.0014088494547953578
resmlp,K6X_D120_D145_D200_D215_D220_D230,449,-0.08368074158899999,-0.08590177694956462,0.00222103536056463,-0.07256202058350003,-0.0020839038770646967
resmlp,K6X_D120_D145_D200_D215_D220_D230,450,-0.04898153152899999,-0.08419414609670638,0.035212614567706385,-0.013467869999479909,-0.003905446035787352
resmlp,K6X_D120_D145_D200_D215_D220_D230,451,-0.06568821796100001,-0.08289830634991328,0.017210088388913275,-0.10805829360473007,-0.004264457461734539
resmlp,K6X_D120_D145_D200_D215_D220_D230,452,-0.033135087561000004,-0.08194843182961146,0.04881334426861146,-0.12922993765192803,-0.003443902280802491
resmlp,K6X_D120_D145_D200_D215_D220_D230,453,0.01492643414299999,-0.08118017017841338,0.09610660432141337,-0.12634305904423604,-0.0017591825841615227
resmlp,K6X_D120_D145_D200_D215_D220_D230,454,0.058873959922999985,-0.08035578082005182,0.1392297407430518,-0.12205493051689997,0.0004986248289545747
resmlp,K6X_D120_D145_D200_D215_D220_D230,455,0.096438466423,-0.07920197645823161,0.1756404428812316,-0.11947043596544982,0.0031136434990912676
resmlp,K6X_D140_D160_D165_D170_D180_D190,445,-0.07834248321500001,-0.21754347284634906,0.13920098963134905,-0.004180132369096867,-0.026241661282256246
resmlp,K6X_D140_D160_D165_D170_D180_D190,446,-0.017173414785999985,-0.21027430891990662,0.19310089413390663,-0.012653992148089932,-0.023034809040837212
resmlp,K6X_D140_D160_D165_D170_D180_D190,447,0.06826394688099999,-0.20303176840146386,0.2712957152824639,-0.020739289011830087,-0.020828510789821397
resmlp,K6X_D140_D160_D165_D170_D180_D190,448,0.1461783571992,-0.19569969177246094,0.34187804897166096,-0.021133890161269875,-0.019433096439267272
resmlp,K6X_D140_D160_D165_D170_D180_D190,449,0.2034531042211,-0.18815719087918603,0.391610295100286,-0.011645607321840057,-0.018623061633358362
resmlp,K6X_D140_D160_D165_D170_D180_D190,450,0.24156997531279997,-0.18033682306607568,0.4219067983788757,-0.0010451838999399055,-0.01819000781203306
resmlp,K6X_D140_D160_D165_D170_D180_D190,451,0.2628472554885,-0.17225700616836548,0.4351042616568655,0.004822718528809999,-0.017982578060279364
resmlp,K6X_D140_D160_D165_D170_D180_D190,452,0.27016700033350005,-0.164023866256078,0.43419086658957806,0.004886971115910188,-0.017926254697764765
resmlp,K6X_D140_D160_D165_D170_D180_D190,453,0.2669774855109,-0.15580499172210693,0.42278247723300694,9.549481908988078e-05,-0.018021039199084044
resmlp,K6X_D140_D160_D165_D170_D180_D190,454,0.25812902835400003,-0.14778575301170355,0.4059147813657036,-0.007369438239000048,-0.01831711906318867
resmlp,K6X_D140_D160_D165_D170_D180_D190,455,0.249011541421,-0.14012499650319415,0.3891365379241941,-0.01348931221687999,-0.018878848757594824
resmlp,K6X_D125_D135_D150_D175_D190_D210,445,-0.159434664244,-0.056898633639017704,0.10253603060498229,-0.12023898112865905,0.05544365911434079
resmlp,K6X_D125_D135_D150_D175_D190_D210,446,-0.14605581543200008,-0.044792453447977776,0.1012633619840223,-0.10944819633966607,0.05390064014742757
resmlp,K6X_D125_D135_D150_D175_D190_D210,447,-0.13089681298900002,-0.0328943133354187,0.09800249965358132,-0.09743968778365308,0.05192864453420054
resmlp,K6X_D125_D135_D150_D175_D190_D210,448,-0.11652621598199997,-0.021089772383372063,0.0954364435986279,-0.08671596007833904,0.049769173221041685
resmlp,K6X_D125_D135_D150_D175_D190_D210,449,-0.096590289236,-0.009312331676483154,0.08727795755951684,-0.07157481793854237,0.047571173713853
resmlp,K6X_D125_D135_D150_D175_D190_D210,450,-0.070484034142,0.0024470090866088867,0.07293104322860888,-0.05108061416705245,0.045404050809641605
resmlp,K6X_D125_D135_D150_D175_D190_D210,451,-0.040522584064,0.014137744903564453,0.05466032896756445,-0.025187107583599655,0.043273510566602225
resmlp,K6X_D125_D135_D150_D175_D190_D210,452,-0.005858227078999967,0.02565711736679077,0.03151534444579074,0.0037309074021049105,0.041133696523805385
resmlp,K6X_D125_D135_D150_D175_D190_D210,453,-0.011659169303000039,0.03686116139094031,0.04852033069394035,0.0008238250657650603,0.038893573607007736
resmlp,K6X_D125_D135_D150_D175_D190_D210,454,0.009323899330999974,0.04757891098658251,0.03825501165558254,0.015871433912044264,0.03642038395628333
resmlp,K6X_D125_D135_D150_D175_D190_D210,455,0.02390797317100002,0.05762435992558801,0.03371638675458799,0.019981109749156678,0.03354195474336552
resmlp,K6X_D100_D115_D130_D145_D155_D185,445,-0.23267006901600007,-0.1417328119277954,0.09093725708820466,-0.13600734619348798,0.00411168291854358
resmlp,K6X_D100_D115_D130_D145_D155_D185,446,-0.191259103935,-0.14212799072265625,0.04913111321234376,-0.10907502970400995,0.001938725666453367
resmlp,K6X_D100_D115_D130_D145_D155_D185,447,-0.159622498725,-0.14199787378311157,0.017624624941888434,-0.08692605189148572,-0.00039821894218516896
resmlp,K6X_D100_D115_D130_D145_D155_D185,448,-0.12804053628400003,-0.1412797371546427,0.013239200870642676,-0.07267440253294599,-0.0028135219278435653
resmlp,K6X_D100_D115_D130_D145_D155_D185,449,-0.29903107314199995,-0.1399482091267903,0.15908286401520966,-0.23189368407242694,-0.0052541100109617656
resmlp,K6X_D100_D115_D130_D145_D155_D185,450,-0.16352115437500003,-0.13801179329554247,0.02550936107945756,-0.09241786738647406,-0.007699960687508223
resmlp,K6X_D100_D115_D130_D145_D155_D185,451,-0.11772493872599998,-0.1355036497116089,0.017778710985608903,-0.06016657832434691,-0.01015721882383025
resmlp,K6X_D100_D115_D130_D145_D155_D185,452,-0.07673565707300001,-0.1324692567189535,0.05573359964595348,-0.03058545905386001,-0.012648331932723522
resmlp,K6X_D100_D115_D130_D145_D155_D185,453,-0.03742880771500001,-0.12895266215006507,0.09152385443506506,-0.005585873345869907,-0.01519943308085192
resmlp,K6X_D100_D115_D130_D145_D155_D185,454,0.0026666946560000016,-0.12498432397842407,0.12765101863442407,0.02028108224094982,-0.01782557725285483
resmlp,K6X_D100_D115_D130_D145_D155_D185,455,0.026821436490000017,-0.12057441473007202,0.14739585122007204,0.033324389314270064,-0.020517924955735678
resmlp,K6X_D130_D145_D155_D180_D195_D230,445,0.07995845899800003,-0.11098162333170569,0.19094008232970572,0.03409675308732796,-0.015037409185121309
resmlp,K6X_D130_D145_D155_D180_D195_D230,446,0.07892165262499995,-0.09739456574122107,0.17631621836622102,0.035006128041819906,-0.015112733468413242
resmlp,K6X_D130_D145_D155_D180_D195_D230,447,0.091377064176,-0.08390619357426965,0.17528325775026965,0.044831842178735704,-0.015764776306847916
resmlp,K6X_D130_D145_D155_D180_D195_D230,448,0.10914779682100006,-0.07061924537022901,0.17976704219122908,0.058717444235876104,-0.016821507985393058
resmlp,K6X_D130_D145_D155_D180_D195_D230,449,0.12965030172199998,-0.057675063610076904,0.1873253653320769,0.0756045400775669,-0.01816487405449152
resmlp,K6X_D130_D145_D155_D180_D195_D230,450,0.147113048121,-0.04523547490437829,0.1923485230253783,0.09139276849390399,-0.019740877517809396
resmlp,K6X_D130_D145_D155_D180_D195_D230,451,0.15515635674499995,-0.03346337874730432,0.18861973549230426,0.10130049732829682,-0.021559692298372624
resmlp,K6X_D130_D145_D155_D180_D195_D230,452,0.15082408628199995,-0.022506773471832275,0.17333085975383222,0.10282266140633989,-0.02368580922484398
resmlp,K6X_D130_D145_D155_D180_D195_D230,453,0.13778019512500006,-0.012489835421244377,0.15027003054624444,0.09786320553458994,-0.026222337037324905
resmlp,K6X_D130_D145_D155_D180_D195_D230,454,0.13028854810699997,-0.003513356049855587,0.13380190415685556,0.09566764700089003,-0.02929401009653998
resmlp,K6X_D130_D145_D155_D180_D195_D230,455,0.139464812876,0.0043363173802694055,0.13512849549573058,0.10184630284208995,-0.03303123467291391
resmlp,K6X_D110_D190_D210_D215_D220_D225,445,-0.022326647789844264,-0.016731617661813893,0.005595030128030372,0.05986572869195561,0.00034470840667688574
resmlp,K6X_D110_D190_D210_D215_D220_D225,446,-0.02091519204804919,-0.012687880545854565,0.008227311502194624,-0.011969960076408714,-0.0055561671033500515
resmlp,K6X_D110_D190_D210_D215_D220_D225,447,-0.015931359765030993,-0.00808633677661419,0.007845022988416803,-0.08367583363735454,-0.011815436339626673
resmlp,K6X_D110_D190_D210_D215_D220_D225,448,-0.0100829978138215,-0.003136516238252323,0.0069464815755691765,-0.19311801276232543,-0.01932857558131229
resmlp,K6X_D110_D190_D210_D215_D220_D225,449,-0.015541943383274007,0.001919909690817196,0.017461853074091205,-0.2816940330984315,-0.02904789413635933
resmlp,K6X_D110_D190_D210_D215_D220_D225,450,0.01583225231648099,0.006832008560498554,0.009000243755982434,-0.26239366369851624,-0.041851718444377184
resmlp,K6X_D110_D190_D210_D215_D220_D225,451,0.0072428662374637645,0.011364504074056942,0.004121637836593178,-0.23948292654921327,-0.058390122683097956
resmlp,K6X_D110_D190_D210_D215_D220_D225,452,-0.015084286053095843,0.015320486699541412,0.030404772752637255,-0.1404433883423607,-0.0789405837034185
resmlp,K6X_D110_D190_D210_D215_D220_D225,453,-0.0026390605938245125,0.01855771243572235,0.021196773029546864,-0.1340761921956537,-0.1033070665628959
resmlp,K6X_D110_D190_D210_D215_D220_D225,454,-0.005290785946465582,0.020996769734968744,0.026287555681434326,-0.1486048502858407,-0.13079128957663955
resmlp,K6X_D110_D190_D210_D215_D220_D225,455,-0.0016529227571321324,0.0226208803554376,0.02427380311256973,-0.20117913765641782,-0.16024156690885627
resmlp,K6X_D150_D205_D215_D220_D225_D230,445,-0.03578345837882728,-0.005842487638195355,0.029940970740631925,0.19018853796083612,0.038033702100316535
resmlp,K6X_D150_D205_D215_D220_D225_D230,446,0.006725564945800247,-0.004946921952068806,0.011672486897869053,0.19633140477593714,0.03564325363064791
resmlp,K6X_D150_D205_D215_D220_D225_D230,447,-0.06398798620540756,-0.0035786529382069894,0.06040933326720058,0.04109517213691816,0.034059687828024265
resmlp,K6X_D150_D205_D215_D220_D225_D230,448,-0.12511752092943818,-0.0016728105644385032,0.12344471036499967,-0.04911293711436704,0.03343266248703003
resmlp,K6X_D150_D205_D215_D220_D225_D230,449,-0.10567231080805983,0.0008100581665833745,0.10648236897464321,0.022728744635029496,0.03390375571325421
resmlp,K6X_D150_D205_D215_D220_D225_D230,450,-0.1018166837226982,0.0038729136188824925,0.10568959734158069,0.11807434407724327,0.035583045954505566
resmlp,K6X_D150_D205_D215_D220_D225_D230,451,-0.07998202886759033,0.007474611202875771,0.08745664007046611,0.3035944666379887,0.03852320881560445
resmlp,K6X_D150_D205_D215_D220_D225_D230,452,-0.1325844350919738,0.011526457965373993,0.14411089305734778,0.3330098846980424,0.042697620267669434
resmlp,K6X_D150_D205_D215_D220_D225_D230,453,-0.13133684478485327,0.01589560074110826,0.14723244552596154,0.2498276539156189,0.04798592068254948
resmlp,K6X_D150_D205_D215_D220_D225_D230,454,-0.13910326455112879,0.020413699870308236,0.15951696442143704,0.1733794987177013,0.05416609300300479
resmlp,K6X_D150_D205_D215_D220_D225_D230,455,-0.16021552272325576,0.024890743196010583,0.18510626591926635,0.10359899414006946,0.06091485358774662
resmlp,K6X_D105_D120_D125_D130_D165_D190,445,-0.07507165292505757,-0.1015740235646565,0.026502370639598927,0.001787062412937357,-0.03886997468816833
resmlp,K6X_D105_D120_D125_D130_D165_D190,446,-0.05198061707784574,-0.09840200344721484,0.0464213863693691,0.014130203141392572,-0.037434135311741557
resmlp,K6X_D105_D120_D125_D130_D165_D190,447,-0.03508817979233558,-0.09529443581899011,0.060206256026654525,0.025154015445206124,-0.03627311534182798
resmlp,K6X_D105_D120_D125_D130_D165_D190,448,-0.024049438342906182,-0.0921297470728556,0.06808030872994941,0.03305439965084833,-0.03524509266935649
resmlp,K6X_D105_D120_D125_D130_D165_D190,449,-0.015750623315036072,-0.08880494038263953,0.07305431706760346,0.040997281582154765,-0.03422909637689975
resmlp,K6X_D105_D120_D125_D130_D165_D190,450,-0.005114812498532517,-0.08523249626159668,0.08011768376306416,0.04854891014776841,-0.033122690817739
resmlp,K6X_D105_D120_D125_D130_D165_D190,451,-0.07617494409121173,-0.08133349816004432,0.005158554068832588,-0.04079949565319885,-0.03183653768246586
resmlp,K6X_D105_D120_D125_D130_D165_D190,452,-0.06452904159950956,-0.07703268527984619,0.012503643680336629,-0.0025557575759215245,-0.030290536347820307
resmlp,K6X_D105_D120_D125_D130_D165_D190,453,-0.05282850924151561,-0.07225469748179114,0.019426188240275533,0.012960304171196646,-0.028411773746483848
resmlp,K6X_D105_D120_D125_D130_D165_D190,454,-0.05160131803804413,-0.06692214806874586,0.015320830030701726,0.017015397254035447,-0.02613491462276818
resmlp,K6X_D105_D120_D125_D130_D165_D190,455,-0.05192315291585148,-0.06095568339029955,0.009032530474448075,0.019138772588845332,-0.02340505968944262
corrected_residual_mlp,K6X_D200_D205_D215_D220_D225_D230,445,-0.024239119369170004,0.07675377279520033,0.10099289216437034,0.1477796911824899,0.1781770922243594
corrected_residual_mlp,K6X_D200_D205_D215_D220_D225_D230,446,-0.022382683367131,0.06278507784008978,0.08516776120722078,0.03502958851915883,0.189580136289199
corrected_residual_mlp,K6X_D200_D205_D215_D220_D225_D230,447,-0.037899608821476,0.0921172300974528,0.1300168389189288,-0.015786607345776082,0.1523670945316553
corrected_residual_mlp,K6X_D200_D205_D215_D220_D225_D230,448,-0.039014915668150005,0.14465512086947757,0.1836700365376276,-0.042251531712955925,0.16970675997436058
corrected_residual_mlp,K6X_D200_D205_D215_D220_D225_D230,449,-0.04515537053781,0.1589941556255023,0.20414952616331228,-0.05733917112437714,0.1752544750149052
corrected_residual_mlp,K6X_D200_D205_D215_D220_D225_D230,450,-0.0398161529288,0.16861243546009064,0.20842858838889064,-0.07446868672478013,0.1765969702973963
corrected_residual_mlp,K6X_D200_D205_D215_D220_D225_D230,451,-0.043141242350000004,0.17434657861789066,0.21748782096789065,-0.028855550628409943,0.17938948050141335
corrected_residual_mlp,K6X_D200_D205_D215_D220_D225_D230,452,-0.07361210259212,0.17312180250883102,0.24673390510095103,-0.24122805784097,0.1835343477626642
corrected_residual_mlp,K6X_D200_D205_D215_D220_D225_D230,453,-0.014917221755000001,0.17265467221538228,0.18757189397038226,0.4784733313676999,0.18434887286275625
corrected_residual_mlp,K6X_D200_D205_D215_D220_D225_D230,454,-0.000643715643799999,0.1572449008623759,0.15788861650617592,0.3694244175542999,0.17936538284023607
corrected_residual_mlp,K6X_D200_D205_D215_D220_D225_D230,455,-0.011804698510099996,0.06202254591820141,0.07382724442830141,0.19351797890990008,0.1149009841028601
corrected_residual_mlp,K6X_D100_D140_D145_D155_D225_D230,445,0.11482951317799997,-0.08138065536816913,0.1962101685461691,0.02801180812064985,0.007588113968570731
corrected_residual_mlp,K6X_D100_D140_D145_D155_D225_D230,446,0.10607995602800002,-0.08306117852528888,0.1891411345532889,0.034769428994260054,0.00615282356739022
corrected_residual_mlp,K6X_D100_D140_D145_D155_D225_D230,447,0.101393122592,-0.08430682619412738,0.1856999487861274,0.04244363422085995,0.006213268886009926
corrected_residual_mlp,K6X_D100_D140_D145_D155_D225_D230,448,0.114069083565,-0.08465133110682171,0.19872041467182172,0.05349002441504602,0.007698966190218481
corrected_residual_mlp,K6X_D100_D140_D145_D155_D225_D230,449,0.10454003501200004,-0.08393261830012005,0.1884726533121201,0.08815038650924412,0.010915119821826691
corrected_residual_mlp,K6X_D100_D140_D145_D155_D225_D230,450,0.10852712226699995,-0.08060495058695483,0.18913207285395478,0.09683233319774898,0.017049192140499603
corrected_residual_mlp,K6X_D100_D140_D145_D155_D225_D230,451,0.13611690844400004,-0.07301652431488037,0.2091334327588804,0.10835057833538442,0.02810632872084784
corrected_residual_mlp,K6X_D100_D140_D145_D155_D225_D230,452,0.17192465312599997,-0.06695681810379028,0.23888147122979025,0.11848832505188034,0.036094229357937824
corrected_residual_mlp,K6X_D100_D140_D145_D155_D225_D230,453,0.21517041048099997,-0.08130711317062378,0.2964775236516237,0.124509879764789,0.038471098911638135
corrected_residual_mlp,K6X_D100_D140_D145_D155_D225_D230,454,0.258673225184,-0.09685431917508447,0.35552754435908446,0.11900402028173307,0.034349797293543816
corrected_residual_mlp,K6X_D100_D140_D145_D155_D225_D230,455,0.28356771511400003,-0.11070641875267029,0.3942741338666703,0.09265327967651493,0.016991881032784706
corrected_residual_mlp,K6X_D100_D200_D205_D210_D215_D220,445,-0.01504830391078,0.0030329128106435094,0.01808121672142351,-0.0823232833710601,-0.17649540196483315
corrected_residual_mlp,K6X_D100_D200_D205_D210_D215_D220,446,-0.021394224809200002,-0.026119473079840347,0.004725248270640345,-0.14107825746674096,-0.17728341184556484
corrected_residual_mlp,K6X_D100_D200_D205_D210_D215_D220,447,-0.029099577420599997,-0.001265281190474827,0.02783429623012517,-0.18435982934888395,-0.23063040439349913
corrected_residual_mlp,K6X_D100_D200_D205_D210_D215_D220,448,-0.0345216927392,0.09060807898640633,0.12512977172560633,-0.24715625029195004,-0.19207555148750544
corrected_residual_mlp,K6X_D100_D200_D205_D210_D215_D220,449,-0.014084312477400003,0.09493639195958772,0.10902070443698772,-0.35756940204693,-0.1682158079929651
corrected_residual_mlp,K6X_D100_D200_D205_D210_D215_D220,450,-0.004242197120399999,0.0977366032699744,0.1019788003903744,-0.3969936648106901,-0.1656732906897862
corrected_residual_mlp,K6X_D100_D200_D205_D210_D215_D220,451,-0.004348208372899998,0.09584672749042511,0.1001949358633251,-0.4033571107379698,-0.17150664546837413
corrected_residual_mlp,K6X_D100_D200_D205_D210_D215_D220,452,-0.019475301307000002,0.08385036885738373,0.10332567016438374,-0.46859771519047005,-0.1786422204847138
corrected_residual_mlp,K6X_D100_D200_D205_D210_D215_D220,453,-0.0192906722634,0.06294578313827515,0.08223645540167515,-0.37855964375803997,-0.1731215504308541
corrected_residual_mlp,K6X_D100_D200_D205_D210_D215_D220,454,-0.029541872631500002,0.03862701108058294,0.06816888371208293,-0.33049140436243996,-0.14704421845575166
corrected_residual_mlp,K6X_D100_D200_D205_D210_D215_D220,455,-0.0377347903963,-0.03063574681679408,0.007099043579505918,-0.287390814456035,-0.15047311379263795
corrected_residual_mlp,K6X_D100_D110_D115_D220_D225_D230,445,-0.03173940106459,0.028689083953698485,0.060428485018288486,-0.019062892232389994,-0.22848676952222968
corrected_residual_mlp,K6X_D100_D110_D115_D220_D225_D230,446,-0.02740973311727,0.0366456334789594,0.0640553665962294,-0.06806797924372898,-0.23824269572893786
corrected_residual_mlp,K6X_D100_D110_D115_D220_D225_D230,447,-0.0081213248378,0.04486536731322606,0.05298669215102606,-0.08051088275143004,-0.24518539942801
corrected_residual_mlp,K6X_D100_D110_D115_D220_D225_D230,448,0.017573153434700003,0.05364370346069336,0.03607055002599335,-0.078258097600867,-0.24899341600636637
corrected_residual_mlp,K6X_D100_D110_D115_D220_D225_D230,449,0.024165330602899996,0.06294337908426921,0.03877804848136922,-0.06833245594814619,-0.24889131286181498
corrected_residual_mlp,K6X_D100_D110_D115_D220_D225_D230,450,0.0384881912305,0.07337556034326552,0.03488736911276552,-0.050307307866809925,-0.24400268588215124
corrected_residual_mlp,K6X_D100_D110_D115_D220_D225_D230,451,0.04265260686740001,0.08450756967067717,0.04185496280327716,-0.015826366231489808,-0.23356919642537843
corrected_residual_mlp,K6X_D100_D110_D115_D220_D225_D230,452,0.0329606833769,0.09619384879867236,0.06323316542177236,0.008265381614362854,-0.21641872295488906
corrected_residual_mlp,K6X_D100_D110_D115_D220_D225_D230,453,0.0224187826343,0.10493311037619908,0.08251432774189908,0.01692941681416804,-0.19545357426007592
corrected_residual_mlp,K6X_D100_D110_D115_D220_D225_D230,454,0.0167949318539,0.10658736278613408,0.08979243093223407,0.014390947888489825,-0.17956439669554425
corrected_residual_mlp,K6X_D100_D110_D115_D220_D225_D230,455,0.018829220182799998,0.10160722335179646,0.08277800316899647,0.0008445768193900971,-0.17704471726513782
corrected_residual_mlp,K6X_D100_D130_D135_D155_D160_D225,445,-0.011188844990000057,-0.040189723173777225,0.029000878183777168,0.014217414267670092,-0.027563162768880378
corrected_residual_mlp,K6X_D100_D130_D135_D155_D160_D225,446,-0.03014639113000006,-0.07674749692281091,0.04660110579281085,-0.0035871034069999697,-0.05861765456696355
corrected_residual_mlp,K6X_D100_D130_D135_D155_D160_D225,447,-0.07706040698399996,-0.09462086359659838,0.01756045661259842,-0.03663123450640016,-0.07332650820414222
corrected_residual_mlp,K6X_D100_D130_D135_D155_D160_D225,448,-0.235939379053,-0.10357095797856652,0.13236842107443347,-0.1326217162248,-0.08337316755205393
corrected_residual_mlp,K6X_D100_D130_D135_D155_D160_D225,449,-0.07207590797699992,-0.10905343294143677,0.03697752496443685,-0.04163956084658782,-0.09173609782010339
corrected_residual_mlp,K6X_D100_D130_D135_D155_D160_D225,450,-0.036619354308999985,-0.11286292473475135,0.07624357042575136,-0.027232914101090078,-0.09884754630426562
corrected_residual_mlp,K6X_D100_D130_D135_D155_D160_D225,451,-0.02598189155399999,-0.11507046222686768,0.08908857067286768,-0.031181686186440016,-0.10482574192186178
corrected_residual_mlp,K6X_D100_D130_D135_D155_D160_D225,452,-0.018926647232000104,-0.11562089125315356,0.09669424402115345,-0.04172604899303012,-0.10942629228035627
corrected_residual_mlp,K6X_D100_D130_D135_D155_D160_D225,453,-0.012677232390999937,-0.11383672555287672,0.10115949316187678,-0.05523575781298995,-0.11241003622611345
corrected_residual_mlp,K6X_D100_D130_D135_D155_D160_D225,454,-0.008914920594999987,-0.10950521628061927,0.10059029568561928,-0.07135234939973989,-0.1134811919182539
corrected_residual_mlp,K6X_D100_D130_D135_D155_D160_D225,455,-0.008714737723999999,-0.10172808170318604,0.09301334397918604,-0.08932551794079002,-0.11188010390227054
corrected_residual_mlp,K6X_D100_D105_D115_D120_D125_D130,445,-0.0016850975300000126,-0.10410489638646447,0.10241979885646446,-0.010867716562119933,-0.05979246459901333
corrected_residual_mlp,K6X_D100_D105_D115_D120_D125_D130,446,-0.0018718825769999947,-0.10078193744023634,0.09891005486323634,-0.011154830745229827,-0.06467188273866942
corrected_residual_mlp,K6X_D100_D105_D115_D120_D125_D130,447,-0.0020360951610000066,-0.0972843964894613,0.0952483013284613,-0.01224542147719021,-0.06884735946853948
corrected_residual_mlp,K6X_D100_D105_D115_D120_D125_D130,448,-0.0019030725999999998,-0.09326718250910437,0.09136410990910437,-0.012818763607870043,-0.0720745393385489
corrected_residual_mlp,K6X_D100_D105_D115_D120_D125_D130,449,-0.0019115757889999752,-0.0890571872393291,0.08714561145032912,-0.01271517280995993,-0.07441624440252781
corrected_residual_mlp,K6X_D100_D105_D115_D120_D125_D130,450,-0.0020671192649999726,-0.08407064278920484,0.08200352352420487,-0.013339123140110098,-0.07569627650082111
corrected_residual_mlp,K6X_D100_D105_D115_D120_D125_D130,451,-0.002000505396999974,-0.07872714598973585,0.07672664059273587,-0.014109925547859947,-0.07599456297854568
corrected_residual_mlp,K6X_D100_D105_D115_D120_D125_D130,452,-0.0019332358820000062,-0.07254282633463538,0.07060959045263537,-0.01413837654431005,-0.07529107977946614
corrected_residual_mlp,K6X_D100_D105_D115_D120_D125_D130,453,-0.0020856345289999856,-0.06576750675837195,0.06368187222937197,-0.014494360630020076,-0.07359937267998862
corrected_residual_mlp,K6X_D100_D105_D115_D120_D125_D130,454,-0.0021538708499999892,-0.05822557210922241,0.05607170125922242,-0.015429991841069968,-0.0710356570780275
corrected_residual_mlp,K6X_D100_D105_D115_D120_D125_D130,455,-0.0020974817509999966,-0.04992864529291785,0.047831163541917854,-0.015799016441050084,-0.06757024675607681
corrected_residual_mlp,K6X_D110_D125_D135_D150_D175_D190,445,-0.13520397594400002,-0.1806268493334452,0.04542287338944517,-0.10673573162934913,-0.0854274442729851
corrected_residual_mlp,K6X_D110_D125_D135_D150_D175_D190,446,-0.14219426695000004,-0.17302173376083374,0.030827466810833704,-0.1162973011575611,-0.0827566258764515
corrected_residual_mlp,K6X_D110_D125_D135_D150_D175_D190,447,-0.15953291227599997,-0.1637929081916809,0.004259995915680936,-0.13485123595214288,-0.07869863595503068
corrected_residual_mlp,K6X_D110_D125_D135_D150_D175_D190,448,-0.233370776793,-0.1530212163925171,0.08034956040048291,-0.19810696724598897,-0.07329268637113262
corrected_residual_mlp,K6X_D110_D125_D135_D150_D175_D190,449,-0.501273205047,-0.14081186056137085,0.36046134448562916,-0.3861496846394611,-0.06660974180946744
corrected_residual_mlp,K6X_D110_D125_D135_D150_D175_D190,450,-0.19830966961700003,-0.12732207775115967,0.07098759186584036,-0.14562830828970497,-0.05879626492969692
corrected_residual_mlp,K6X_D110_D125_D135_D150_D175_D190,451,-0.080724190295,-0.11269072691599535,0.031966536620995356,-0.07267756554180316,-0.050000577544172864
corrected_residual_mlp,K6X_D110_D125_D135_D150_D175_D190,452,-0.03420824799400002,-0.09715900818506873,0.06295076019106871,-0.050948954923891954,-0.04052316242208087
corrected_residual_mlp,K6X_D110_D125_D135_D150_D175_D190,453,-0.0032689600829999277,-0.08093631267547607,0.07766735259247615,-0.041732557506954926,-0.03060506416174269
corrected_residual_mlp,K6X_D110_D125_D135_D150_D175_D190,454,-0.011127285986999969,-0.06426841020584106,0.053141124218841096,-0.06171075962590311,-0.02056985705470049
corrected_residual_mlp,K6X_D110_D125_D135_D150_D175_D190,455,-0.322838665805,-0.04738841454188025,0.2754502512631197,-0.24513415591852594,-0.010656585218384751
corrected_residual_mlp,K6X_D120_D125_D180_D185_D190_D195,445,-0.21795129345000003,-0.044183204571406065,0.17376808887859396,-0.13187194451625084,-0.02747204015031457
corrected_residual_mlp,K6X_D120_D125_D180_D185_D190_D195,446,-0.17682906055599998,-0.0321507453918457,0.14467831516415428,-0.1483828480651237,-0.024402516894042492
corrected_residual_mlp,K6X_D120_D125_D180_D185_D190_D195,447,-0.166655742166,-0.019794772068659483,0.1468609700973405,-0.14777562347274487,-0.02087453566491604
corrected_residual_mlp,K6X_D120_D125_D180_D185_D190_D195,448,-0.161499169356,-0.0068804919719696045,0.1546186773840304,-0.14444502043837792,-0.01605919236317266
corrected_residual_mlp,K6X_D120_D125_D180_D185_D190_D195,449,-0.15956487938500002,0.00614039103190106,0.16570527041690108,-0.14067072882546006,-0.010227044268200869
corrected_residual_mlp,K6X_D120_D125_D180_D185_D190_D195,450,-0.160013086907,0.019048184156417847,0.17906127106341785,-0.13730082175522018,-0.0034539387561380863
corrected_residual_mlp,K6X_D120_D125_D180_D185_D190_D195,451,-0.16159783983800002,0.031434039274851444,0.19303187911285147,-0.13369579659078012,0.003960930121441608
corrected_residual_mlp,K6X_D120_D125_D180_D185_D190_D195,452,-0.16393136584399998,0.043408324321111025,0.207339690165111,-0.13010325263126998,0.01240678271278739
corrected_residual_mlp,K6X_D120_D125_D180_D185_D190_D195,453,-0.166418497499,0.05485134323438007,0.22126984073338007,-0.12617777595461988,0.02144846847901749
corrected_residual_mlp,K6X_D120_D125_D180_D185_D190_D195,454,-0.16915681662000004,0.06553701559702557,0.2346938322170256,-0.12218232378167004,0.030674433646102894
corrected_residual_mlp,K6X_D120_D125_D180_D185_D190_D195,455,-0.17203411931899998,0.07525347669919336,0.24728759601819333,-0.11845301291596988,0.03948274673894048
corrected_residual_mlp,K6X_D120_D145_D200_D215_D220_D230,445,-0.23806877227380002,-0.005537052949269594,0.23253171932453043,-0.31154060067090006,0.05305548633138335
corrected_residual_mlp,K6X_D120_D145_D200_D215_D220_D230,446,-0.22707805099779999,0.010624786218007387,0.23770283721580737,-0.28962385120199996,0.04886392814417673
corrected_residual_mlp,K6X_D120_D145_D200_D215_D220_D230,447,-0.188651535421,-0.04121677080790204,0.14743476461309796,-0.24574004137143002,0.00562027220924699
corrected_residual_mlp,K6X_D120_D145_D200_D215_D220_D230,448,-0.15367536706200002,-0.010555915534496307,0.14311945152750372,-0.20016025540741011,0.035824057956536426
corrected_residual_mlp,K6X_D120_D145_D200_D215_D220_D230,449,-0.08368074158899999,-0.004517324268817888,0.0791634173201821,-0.07256202058350003,0.04048491703967261
corrected_residual_mlp,K6X_D120_D145_D200_D215_D220_D230,450,-0.04898153152899999,-0.011464046935240418,0.03751748459375957,-0.013467869999479909,0.050440317640702004
corrected_residual_mlp,K6X_D120_D145_D200_D215_D220_D230,451,-0.06568821796100001,-0.025324173271656036,0.04036404468934397,-0.10805829360473007,0.0720570795238018
corrected_residual_mlp,K6X_D120_D145_D200_D215_D220_D230,452,-0.033135087561000004,-0.043100806574026734,0.00996571901302673,-0.12922993765192803,0.10493491093317664
corrected_residual_mlp,K6X_D120_D145_D200_D215_D220_D230,453,0.01492643414299999,-0.05066504081090291,0.0655914749539029,-0.12634305904423604,0.12350326714416349
corrected_residual_mlp,K6X_D120_D145_D200_D215_D220_D230,454,0.058873959922999985,-0.03514591604471207,0.09401987596771205,-0.12205493051689997,0.1139190557102362
corrected_residual_mlp,K6X_D120_D145_D200_D215_D220_D230,455,0.096438466423,-0.0058214093248049464,0.10225987574780494,-0.11947043596544982,0.08489422624309839
corrected_residual_mlp,K6X_D140_D160_D165_D170_D180_D190,445,-0.07834248321500001,-0.16327876845995587,0.08493628524495586,-0.004180132369096867,-0.08071601670235407
corrected_residual_mlp,K6X_D140_D160_D165_D170_D180_D190,446,-0.017173414785999985,-0.1438857465982437,0.12671233181224373,-0.012653992148089932,-0.07830189603070425
corrected_residual_mlp,K6X_D140_D160_D165_D170_D180_D190,447,0.06826394688099999,-0.13226873179276785,0.20053267867376784,-0.020739289011830087,-0.07782027497887622
corrected_residual_mlp,K6X_D140_D160_D165_D170_D180_D190,448,0.1461783571992,-0.12182438870271048,0.2680027459019105,-0.021133890161269875,-0.07410012558102608
corrected_residual_mlp,K6X_D140_D160_D165_D170_D180_D190,449,0.2034531042211,-0.10340543091297152,0.3068585351340715,-0.011645607321840057,-0.05202909993628679
corrected_residual_mlp,K6X_D140_D160_D165_D170_D180_D190,450,0.24156997531279997,-0.06346481541792551,0.3050347907307255,-0.0010451838999399055,0.02305856967965758
corrected_residual_mlp,K6X_D140_D160_D165_D170_D180_D190,451,0.2628472554885,-0.050413936376571655,0.3132611918650717,0.004822718528809999,0.07933580875396729
corrected_residual_mlp,K6X_D140_D160_D165_D170_D180_D190,452,0.27016700033350005,-0.04352962474028271,0.31369662507378276,0.004886971115910188,0.03653034505744779
corrected_residual_mlp,K6X_D140_D160_D165_D170_D180_D190,453,0.2669774855109,-0.010917256275812776,0.2778947417867128,9.549481908988078e-05,-0.05055960950752092
corrected_residual_mlp,K6X_D140_D160_D165_D170_D180_D190,454,0.25812902835400003,-0.00556425005197525,0.2636932784059753,-0.007369438239000048,-0.08908821390165644
corrected_residual_mlp,K6X_D140_D160_D165_D170_D180_D190,455,0.249011541421,-0.022980391979217543,0.27199193340021754,-0.01348931221687999,-0.022218002084021804
corrected_residual_mlp,K6X_D125_D135_D150_D175_D190_D210,445,-0.159434664244,-0.050146977106730106,0.10928768713726988,-0.12023898112865905,-0.05536953771176434
corrected_residual_mlp,K6X_D125_D135_D150_D175_D190_D210,446,-0.14605581543200008,-0.041394710540771484,0.1046611048912286,-0.10944819633966607,-0.05118340952321898
corrected_residual_mlp,K6X_D125_D135_D150_D175_D190_D210,447,-0.13089681298900002,-0.03450733423233032,0.0963894787566697,-0.09743968778365308,-0.04720331627565122
corrected_residual_mlp,K6X_D125_D135_D150_D175_D190_D210,448,-0.11652621598199997,-0.027997851371765137,0.08852836461023483,-0.08671596007833904,-0.04290300514549006
corrected_residual_mlp,K6X_D125_D135_D150_D175_D190_D210,449,-0.096590289236,-0.021498044331868527,0.07509224490413147,-0.07157481793854237,-0.0378277318086474
corrected_residual_mlp,K6X_D125_D135_D150_D175_D190_D210,450,-0.070484034142,-0.014749904473622566,0.05573412966837743,-0.05108061416705245,-0.03211149920631806
corrected_residual_mlp,K6X_D125_D135_D150_D175_D190_D210,451,-0.040522584064,-0.007716576258341434,0.032806007805658566,-0.025187107583599655,-0.025483799933378237
corrected_residual_mlp,K6X_D125_D135_D150_D175_D190_D210,452,-0.005858227078999967,-0.0004107356071472168,0.00544749147185275,0.0037309074021049105,-0.01846109761390835
corrected_residual_mlp,K6X_D125_D135_D150_D175_D190_D210,453,-0.011659169303000039,0.007281899452209473,0.01894106875520951,0.0008238250657650603,-0.010991663051148182
corrected_residual_mlp,K6X_D125_D135_D150_D175_D190_D210,454,0.009323899330999974,0.015071292718251583,0.005747393387251609,0.015871433912044264,-0.003651325280467521
corrected_residual_mlp,K6X_D125_D135_D150_D175_D190_D210,455,0.02390797317100002,0.023269236087799072,0.0006387370832009465,0.019981109749156678,0.003362107944364312
corrected_residual_mlp,K6X_D100_D115_D130_D145_D155_D185,445,-0.23267006901600007,-0.2053702473640442,0.02729982165195588,-0.13600734619348798,-0.12672907765954733
corrected_residual_mlp,K6X_D100_D115_D130_D145_D155_D185,446,-0.191259103935,-0.20409174760182702,0.012832643666827015,-0.10907502970400995,-0.12678354227682576
corrected_residual_mlp,K6X_D100_D115_D130_D145_D155_D185,447,-0.159622498725,-0.20117499430974328,0.041552495584743276,-0.08692605189148572,-0.12556120182853203
corrected_residual_mlp,K6X_D100_D115_D130_D145_D155_D185,448,-0.12804053628400003,-0.19663014014561975,0.06858960386161972,-0.07267440253294599,-0.12305634106936247
corrected_residual_mlp,K6X_D100_D115_D130_D145_D155_D185,449,-0.29903107314199995,-0.19053618113199866,0.10849489201000129,-0.23189368407242694,-0.1194954976284256
corrected_residual_mlp,K6X_D100_D115_D130_D145_D155_D185,450,-0.16352115437500003,-0.1829660733540852,0.01944491897908518,-0.09241786738647406,-0.11494612817962957
corrected_residual_mlp,K6X_D100_D115_D130_D145_D155_D185,451,-0.11772493872599998,-0.17403558890024817,0.05631065017424819,-0.06016657832434691,-0.10968746435052401
corrected_residual_mlp,K6X_D100_D115_D130_D145_D155_D185,452,-0.07673565707300001,-0.1638885736465454,0.0871529165735454,-0.03058545905386001,-0.1038577581057325
corrected_residual_mlp,K6X_D100_D115_D130_D145_D155_D185,453,-0.03742880771500001,-0.15269066890080762,0.11526186118580761,-0.005585873345869907,-0.09771950403228391
corrected_residual_mlp,K6X_D100_D115_D130_D145_D155_D185,454,0.0026666946560000016,-0.14064862330754602,0.14331531796354602,0.02028108224094982,-0.09142344087983179
corrected_residual_mlp,K6X_D100_D115_D130_D145_D155_D185,455,0.026821436490000017,-0.12794983386993408,0.1547712703599341,0.033324389314270064,-0.08512357412837446
corrected_residual_mlp,K6X_D130_D145_D155_D180_D195_D230,445,0.07995845899800003,-0.11504038174947107,0.1949988407474711,0.03409675308732796,-0.07723135935763525
corrected_residual_mlp,K6X_D130_D145_D155_D180_D195_D230,446,0.07892165262499995,-0.10836527744928992,0.18728693007428987,0.035006128041819906,-0.07929879318301869
corrected_residual_mlp,K6X_D130_D145_D155_D180_D195_D230,447,0.091377064176,-0.0999765396118164,0.1913536037878164,0.044831842178735704,-0.07980681798653666
corrected_residual_mlp,K6X_D130_D145_D155_D180_D195_D230,448,0.10914779682100006,-0.09013334910074866,0.19928114592174873,0.058717444235876104,-0.0786641277372837
corrected_residual_mlp,K6X_D130_D145_D155_D180_D195_D230,449,0.12965030172199998,-0.07888100544611609,0.20853130716811608,0.0756045400775669,-0.07554275069075334
corrected_residual_mlp,K6X_D130_D145_D155_D180_D195_D230,450,0.147113048121,-0.06653294960657752,0.21364599772757753,0.09139276849390399,-0.07041196905386937
corrected_residual_mlp,K6X_D130_D145_D155_D180_D195_D230,451,0.15515635674499995,-0.053320546944936154,0.2084769036899361,0.10130049732829682,-0.06328425300307583
corrected_residual_mlp,K6X_D130_D145_D155_D180_D195_D230,452,0.15082408628199995,-0.03952312469482422,0.19034721097682417,0.10282266140633989,-0.05429885408375401
corrected_residual_mlp,K6X_D130_D145_D155_D180_D195_D230,453,0.13778019512500006,-0.025422076384226555,0.16320227150922662,0.09786320553458994,-0.04385646867255388
corrected_residual_mlp,K6X_D130_D145_D155_D180_D195_D230,454,0.13028854810699997,-0.011333207289377811,0.14162175539637778,0.09566764700089003,-0.03219368720116711
corrected_residual_mlp,K6X_D130_D145_D155_D180_D195_D230,455,0.139464812876,0.002401888370513916,0.13706292450548607,0.10184630284208995,-0.019928584961841467
corrected_residual_mlp,K6X_D110_D190_D210_D215_D220_D225,445,-0.022326647789844264,-0.1484382211541136,0.1261115733642693,0.05986572869195561,-0.15282954244563962
corrected_residual_mlp,K6X_D110_D190_D210_D215_D220_D225,446,-0.02091519204804919,-0.12838663502285877,0.10747144297480958,-0.011969960076408714,-0.16201469084868825
corrected_residual_mlp,K6X_D110_D190_D210_D215_D220_D225,447,-0.015931359765030993,-0.1086153065164884,0.09268394675145741,-0.08367583363735454,-0.1884070299565791
corrected_residual_mlp,K6X_D110_D190_D210_D215_D220_D225,448,-0.0100829978138215,-0.08152979977118471,0.07144680195736322,-0.19311801276232543,-0.2257957982365042
corrected_residual_mlp,K6X_D110_D190_D210_D215_D220_D225,449,-0.015541943383274007,-0.0523262315740188,0.03678428819074479,-0.2816940330984315,-0.26010951337715
corrected_residual_mlp,K6X_D110_D190_D210_D215_D220_D225,450,0.01583225231648099,-0.02516685208926598,0.04099910440574697,-0.26239366369851624,-0.28589383574823535
corrected_residual_mlp,K6X_D110_D190_D210_D215_D220_D225,451,0.0072428662374637645,-0.005636629958947495,0.01287949619641126,-0.23948292654921327,-0.2999055859011909
corrected_residual_mlp,K6X_D110_D190_D210_D215_D220_D225,452,-0.015084286053095843,0.0012740083038806915,0.016358294356976534,-0.1404433883423607,-0.30159836386640854
corrected_residual_mlp,K6X_D110_D190_D210_D215_D220_D225,453,-0.0026390605938245125,0.00031055634220441414,0.0029496169360289266,-0.1340761921956537,-0.3014456493159135
corrected_residual_mlp,K6X_D110_D190_D210_D215_D220_D225,454,-0.005290785946465582,0.0034113135188817995,0.008702099465347382,-0.1486048502858407,-0.3034728740652402
corrected_residual_mlp,K6X_D110_D190_D210_D215_D220_D225,455,-0.0016529227571321324,0.01391225556532542,0.015565178322457553,-0.20117913765641782,-0.2928803463776908
corrected_residual_mlp,K6X_D150_D205_D215_D220_D225_D230,445,-0.03578345837882728,-0.15678385893503824,0.12100040055621096,0.19018853796083612,-0.18947328316668666
corrected_residual_mlp,K6X_D150_D205_D215_D220_D225_D230,446,0.006725564945800247,-0.12859144806861877,0.135317013014419,0.19633140477593714,-0.16961999672154604
corrected_residual_mlp,K6X_D150_D205_D215_D220_D225_D230,447,-0.06398798620540756,-0.10302804410457611,0.03904005789916855,0.04109517213691816,-0.1278343045463164
corrected_residual_mlp,K6X_D150_D205_D215_D220_D225_D230,448,-0.12511752092943818,-0.08304991573095323,0.042067605198484945,-0.04911293711436704,-0.07968657432744897
corrected_residual_mlp,K6X_D150_D205_D215_D220_D225_D230,449,-0.10567231080805983,-0.06584320465723675,0.03982910615082308,0.022728744635029496,-0.042770229900876644
corrected_residual_mlp,K6X_D150_D205_D215_D220_D225_D230,450,-0.1018166837226982,-0.04582353929678601,0.05599314442591219,0.11807434407724327,-0.013713225722312816
corrected_residual_mlp,K6X_D150_D205_D215_D220_D225_D230,451,-0.07998202886759033,-0.020081480344136565,0.059900548523453764,0.3035944666379887,0.003011948118607277
corrected_residual_mlp,K6X_D150_D205_D215_D220_D225_D230,452,-0.1325844350919738,0.016873647769292177,0.14945808286126597,0.3330098846980424,0.010802486911416054
corrected_residual_mlp,K6X_D150_D205_D215_D220_D225_D230,453,-0.13133684478485327,0.054769366979599,0.18610621176445227,0.2498276539156189,0.012503532382349247
corrected_residual_mlp,K6X_D150_D205_D215_D220_D225_D230,454,-0.13910326455112879,0.10190572341283163,0.24100898796396042,0.1733794987177013,0.044132769728700394
corrected_residual_mlp,K6X_D150_D205_D215_D220_D225_D230,455,-0.16021552272325576,0.092729647954305,0.2529451706775607,0.10359899414006946,0.16392361745238304
corrected_residual_mlp,K6X_D105_D120_D125_D130_D165_D190,445,-0.07507165292505757,-0.03280488650004065,0.04226676642501692,0.001787062412937357,-0.041979989657799366
corrected_residual_mlp,K6X_D105_D120_D125_D130_D165_D190,446,-0.05198061707784574,-0.020094970862070682,0.031885646215775054,0.014130203141392572,-0.03720705645779754
corrected_residual_mlp,K6X_D105_D120_D125_D130_D165_D190,447,-0.03508817979233558,-0.00610882043838501,0.028979359353950573,0.025154015445206124,-0.03085409601529443
corrected_residual_mlp,K6X_D105_D120_D125_D130_D165_D190,448,-0.024049438342906182,0.008758207162221199,0.03280764550512738,0.03305439965084833,-0.02303626256374025
corrected_residual_mlp,K6X_D105_D120_D125_D130_D165_D190,449,-0.015750623315036072,0.023456811904907227,0.0392074352199433,0.040997281582154765,-0.01451832614839077
corrected_residual_mlp,K6X_D105_D120_D125_D130_D165_D190,450,-0.005114812498532517,0.025534629821777344,0.03064944232030986,0.04854891014776841,-0.009780695273851281
corrected_residual_mlp,K6X_D105_D120_D125_D130_D165_D190,451,-0.07617494409121173,0.018034805854161617,0.09420974994537334,-0.04079949565319885,-0.005503477218250397
corrected_residual_mlp,K6X_D105_D120_D125_D130_D165_D190,452,-0.06452904159950956,0.027745157480239868,0.09227419907974943,-0.0025557575759215245,0.0018034537012379115
corrected_residual_mlp,K6X_D105_D120_D125_D130_D165_D190,453,-0.05282850924151561,0.041653672854105595,0.0944821820956212,0.012960304171196646,0.011823948162297482
corrected_residual_mlp,K6X_D105_D120_D125_D130_D165_D190,454,-0.05160131803804413,0.05470917622248328,0.10631049426052741,0.017015397254035447,0.022040172169605743
corrected_residual_mlp,K6X_D105_D120_D125_D130_D165_D190,455,-0.05192315291585148,0.06665782133738207,0.11858097425323355,0.019138772588845332,0.03176731150597345
circular_cnn,K6X_D200_D205_D215_D220_D225_D230,445,-0.024239119369170004,-0.0037624376515547446,0.02047668171761526,0.1477796911824899,-0.06884594496902235
circular_cnn,K6X_D200_D205_D215_D220_D225_D230,446,-0.022382683367131,-0.0037633876005808524,0.018619295766550147,0.03502958851915883,-0.06936726457449055
circular_cnn,K6X_D200_D205_D215_D220_D225_D230,447,-0.037899608821476,-0.003764323890209198,0.0341352849312668,-0.015786607345776082,-0.0698829788865018
circular_cnn,K6X_D200_D205_D215_D220_D225_D230,448,-0.039014915668150005,-0.0037652750809987375,0.03524964058715127,-0.042251531712955925,-0.07039280661653424
circular_cnn,K6X_D200_D205_D215_D220_D225_D230,449,-0.04515537053781,-0.0037662237882614136,0.041389146749548585,-0.05733917112437714,-0.07089694736350782
circular_cnn,K6X_D200_D205_D215_D220_D225_D230,450,-0.0398161529288,-0.0037671849131584167,0.036048968015641586,-0.07446868672478013,-0.07139540266022482
circular_cnn,K6X_D200_D205_D215_D220_D225_D230,451,-0.043141242350000004,-0.0037681336204210894,0.039373108729578915,-0.028855550628409943,-0.07188830637945404
circular_cnn,K6X_D200_D205_D215_D220_D225_D230,452,-0.07361210259212,-0.0037690835694472007,0.0698430190226728,-0.24122805784097,-0.07237565393006662
circular_cnn,K6X_D200_D205_D215_D220_D225_D230,453,-0.014917221755000001,-0.0037700415899356195,0.011147180165064382,0.4784733313676999,-0.07285762618994357
circular_cnn,K6X_D200_D205_D215_D220_D225_D230,454,-0.000643715643799999,-0.0037709946433703116,0.0031272789995703126,0.3694244175542999,-0.07333409692121973
circular_cnn,K6X_D200_D205_D215_D220_D225_D230,455,-0.011804698510099996,-0.0037719539056221656,0.00803274460447783,0.19351797890990008,-0.073805432364073
circular_cnn,K6X_D100_D140_D145_D155_D225_D230,445,0.11482951317799997,-0.04571841160456347,0.16054792478256344,0.02801180812064985,-0.04980377965132565
circular_cnn,K6X_D100_D140_D145_D155_D225_D230,446,0.10607995602800002,-0.0457418362299602,0.15182179225796022,0.034769428994260054,-0.04977218348094603
circular_cnn,K6X_D100_D140_D145_D155_D225_D230,447,0.101393122592,-0.045765022436777825,0.14715814502877783,0.04244363422085995,-0.049741075902305476
circular_cnn,K6X_D100_D140_D145_D155_D225_D230,448,0.114069083565,-0.045788367589314816,0.15985745115431482,0.05349002441504602,-0.0497108239382662
circular_cnn,K6X_D100_D140_D145_D155_D225_D230,449,0.10454003501200004,-0.04581145445505774,0.1503514894670578,0.08815038650924412,-0.04968100601617875
circular_cnn,K6X_D100_D140_D145_D155_D225_D230,450,0.10852712226699995,-0.04583460092544556,0.1543617231924455,0.09683233319774898,-0.04965194041943555
circular_cnn,K6X_D100_D140_D145_D155_D225_D230,451,0.13611690844400004,-0.04585772752761841,0.18197463597161845,0.10835057833538442,-0.049623533553809995
circular_cnn,K6X_D100_D140_D145_D155_D225_D230,452,0.17192465312599997,-0.04588087399800622,0.2178055271240062,0.11848832505188034,-0.049595812514365845
circular_cnn,K6X_D100_D140_D145_D155_D225_D230,453,0.21517041048099997,-0.045904119809468624,0.26107453029046856,0.124509879764789,-0.049568849093122425
circular_cnn,K6X_D100_D140_D145_D155_D225_D230,454,0.258673225184,-0.045927027861277225,0.3046002530452772,0.11900402028173307,-0.04954220697344891
circular_cnn,K6X_D100_D140_D145_D155_D225_D230,455,0.28356771511400003,-0.04595005512237549,0.3295177702363755,0.09265327967651493,-0.049516332268299545
circular_cnn,K6X_D100_D200_D205_D210_D215_D220,445,-0.01504830391078,-0.003018880883852642,0.012029423026927359,-0.0823232833710601,-0.029873947973480197
circular_cnn,K6X_D100_D200_D205_D210_D215_D220,446,-0.021394224809200002,-0.0030198153108358383,0.018374409498364164,-0.14107825746674096,-0.030246266784615727
circular_cnn,K6X_D100_D200_D205_D210_D215_D220,447,-0.029099577420599997,-0.0030207398037115744,0.026078837616888423,-0.18435982934888395,-0.03060703097374562
circular_cnn,K6X_D100_D200_D205_D210_D215_D220,448,-0.0345216927392,-0.00302170030772686,0.03149999243147314,-0.24715625029195004,-0.03095588598489485
circular_cnn,K6X_D100_D200_D205_D210_D215_D220,449,-0.014084312477400003,-0.003022643427054085,0.011061669050345918,-0.35756940204693,-0.031292907137564496
circular_cnn,K6X_D100_D200_D205_D210_D215_D220,450,-0.004242197120399999,-0.00302360827724139,0.0012185888431586085,-0.3969936648106901,-0.0316176740989248
circular_cnn,K6X_D100_D200_D205_D210_D215_D220,451,-0.004348208372899998,-0.003024555742740631,0.0013236526301593672,-0.4033571107379698,-0.03193033079287477
circular_cnn,K6X_D100_D200_D205_D210_D215_D220,452,-0.019475301307000002,-0.0030255218346913644,0.016449779472308638,-0.46859771519047005,-0.03223043449467389
circular_cnn,K6X_D100_D200_D205_D210_D215_D220,453,-0.0192906722634,-0.003026500965158146,0.016264171298241856,-0.37855964375803997,-0.03251810942704947
circular_cnn,K6X_D100_D200_D205_D210_D215_D220,454,-0.029541872631500002,-0.0030274602274099997,0.026514412404090002,-0.33049140436243996,-0.0327931342479435
circular_cnn,K6X_D100_D200_D205_D210_D215_D220,455,-0.0377347903963,-0.003028445566693943,0.03470634482960605,-0.287390814456035,-0.03305544320937781
circular_cnn,K6X_D100_D110_D115_D220_D225_D230,445,-0.03173940106459,-0.02518207828203839,0.006557322782551611,-0.019062892232389994,-0.025248748248806907
circular_cnn,K6X_D100_D110_D115_D220_D225_D230,446,-0.02740973311727,-0.025193651517232296,0.0022160816000377052,-0.06806797924372898,-0.025259491814171586
circular_cnn,K6X_D100_D110_D115_D220_D225_D230,447,-0.0081213248378,-0.025204718112945557,0.017083393275145554,-0.08051088275143004,-0.02526973890316625
circular_cnn,K6X_D100_D110_D115_D220_D225_D230,448,0.017573153434700003,-0.025216013193130493,0.0427891666278305,-0.078258097600867,-0.025280224654522565
circular_cnn,K6X_D100_D110_D115_D220_D225_D230,449,0.024165330602899996,-0.025227059920628847,0.04939239052352884,-0.06833245594814619,-0.02529047232409687
circular_cnn,K6X_D100_D110_D115_D220_D225_D230,450,0.0384881912305,-0.025238176186879457,0.06372636741737946,-0.050307307866809925,-0.025300799218769487
circular_cnn,K6X_D100_D110_D115_D220_D225_D230,451,0.04265260686740001,-0.025249322255452455,0.06790192912285246,-0.015826366231489808,-0.025311165962232374
circular_cnn,K6X_D100_D110_D115_D220_D225_D230,452,0.0329606833769,-0.025260557730992617,0.05822124110789262,0.008265381614362854,-0.025321631679893097
circular_cnn,K6X_D100_D110_D115_D220_D225_D230,453,0.0224187826343,-0.02527169386545819,0.04769047649975819,0.01692941681416804,-0.02533200773638289
circular_cnn,K6X_D100_D110_D115_D220_D225_D230,454,0.0167949318539,-0.025282621383666992,0.04207755323756699,0.014390947888489825,-0.02534218461522869
circular_cnn,K6X_D100_D110_D115_D220_D225_D230,455,0.018829220182799998,-0.02529391646385193,0.04412313664665193,0.0008445768193900971,-0.025352738530522223
circular_cnn,K6X_D100_D130_D135_D155_D160_D225,445,-0.011188844990000057,-0.01803060372670484,0.006841758736704784,0.014217414267670092,-0.020805188594300472
circular_cnn,K6X_D100_D130_D135_D155_D160_D225,446,-0.03014639113000006,-0.01811482508977258,0.012031566040227482,-0.0035871034069999697,-0.020851320121070938
circular_cnn,K6X_D100_D130_D135_D155_D160_D225,447,-0.07706040698399996,-0.018199145793914795,0.05886126119008517,-0.03663123450640016,-0.020898075344947364
circular_cnn,K6X_D100_D130_D135_D155_D160_D225,448,-0.235939379053,-0.018283764521280887,0.2176556145317191,-0.1326217162248,-0.020945623077321174
circular_cnn,K6X_D100_D130_D135_D155_D160_D225,449,-0.07207590797699992,-0.018368522326151604,0.053707385650848316,-0.04163956084658782,-0.020993819519232182
circular_cnn,K6X_D100_D130_D135_D155_D160_D225,450,-0.036619354308999985,-0.018453538417816162,0.018165815891183823,-0.027232914101090078,-0.021042765339088332
circular_cnn,K6X_D100_D130_D135_D155_D160_D225,451,-0.02598189155399999,-0.01853875319163001,0.007443138362369983,-0.031181686186440016,-0.021092399706806764
circular_cnn,K6X_D100_D130_D135_D155_D160_D225,452,-0.018926647232000104,-0.018624285856882805,0.0003023613751172993,-0.04172604899303012,-0.02114282779828991
circular_cnn,K6X_D100_D130_D135_D155_D160_D225,453,-0.012677232390999937,-0.018709858258565304,0.0060326258675653666,-0.05523575781298995,-0.021193764326786435
circular_cnn,K6X_D100_D130_D135_D155_D160_D225,454,-0.008914920594999987,-0.018795688947041755,0.009880768352041769,-0.07135234939973989,-0.02124544214307489
circular_cnn,K6X_D100_D130_D135_D155_D160_D225,455,-0.008714737723999999,-0.018881718317667717,0.010166980593667718,-0.08932551794079002,-0.021297772084975852
circular_cnn,K6X_D100_D105_D115_D120_D125_D130,445,-0.0016850975300000126,-0.030488774180412292,0.02880367665041228,-0.010867716562119933,-0.06306595492451111
circular_cnn,K6X_D100_D105_D115_D120_D125_D130,446,-0.0018718825769999947,-0.030512486894925417,0.028640604317925422,-0.011154830745229827,-0.06257819289682937
circular_cnn,K6X_D100_D105_D115_D120_D125_D130,447,-0.0020360951610000066,-0.03053594132264459,0.028499846161644582,-0.01224542147719021,-0.06209511604261975
circular_cnn,K6X_D100_D105_D115_D120_D125_D130,448,-0.0019030725999999998,-0.030559569597244263,0.028656496997244263,-0.012818763607870043,-0.061617038488920806
circular_cnn,K6X_D100_D105_D115_D120_D125_D130,449,-0.0019115757889999752,-0.03058298428853351,0.028671408499533535,-0.01271517280995993,-0.061143755356280194
circular_cnn,K6X_D100_D105_D115_D120_D125_D130,450,-0.0020671192649999726,-0.03060626983642578,0.02853915057142581,-0.013339123140110098,-0.06067542559458389
circular_cnn,K6X_D100_D105_D115_D120_D125_D130,451,-0.002000505396999974,-0.030629371603329958,0.028628866206329984,-0.014109925547859947,-0.06021196352687552
circular_cnn,K6X_D100_D105_D115_D120_D125_D130,452,-0.0019332358820000062,-0.0306527664264043,0.028719530544404293,-0.01413837654431005,-0.059753945330500435
circular_cnn,K6X_D100_D105_D115_D120_D125_D130,453,-0.0020856345289999856,-0.03067554533481598,0.028589910805815993,-0.014494360630020076,-0.05930058245739517
circular_cnn,K6X_D100_D105_D115_D120_D125_D130,454,-0.0021538708499999892,-0.030698567628860474,0.028544696778860484,-0.015429991841069968,-0.058852585229355325
circular_cnn,K6X_D100_D105_D115_D120_D125_D130,455,-0.0020974817509999966,-0.030721445878346743,0.028623964127346746,-0.015799016441050084,-0.05840969410409147
circular_cnn,K6X_D110_D125_D135_D150_D175_D190,445,-0.13520397594400002,-0.01060275236765551,0.12460122357634451,-0.10673573162934913,-0.022944194479578184
circular_cnn,K6X_D110_D125_D135_D150_D175_D190,446,-0.14219426695000004,-0.01057942708333337,0.13161483986666667,-0.1162973011575611,-0.022769935778872652
circular_cnn,K6X_D110_D125_D135_D150_D175_D190,447,-0.15953291227599997,-0.010556022326151493,0.14897688994984848,-0.13485123595214288,-0.02259864003212897
circular_cnn,K6X_D110_D125_D135_D150_D175_D190,448,-0.233370776793,-0.010532716910044315,0.22283805988295569,-0.19810696724598897,-0.02243050140502112
circular_cnn,K6X_D110_D125_D135_D150_D175_D190,449,-0.501273205047,-0.010509510835011837,0.4907636942119882,-0.3861496846394611,-0.02226552084501532
circular_cnn,K6X_D110_D125_D135_D150_D175_D190,450,-0.19830966961700003,-0.010486245155334473,0.18782342446166556,-0.14562830828970497,-0.022103565840779882
circular_cnn,K6X_D110_D125_D135_D150_D175_D190,451,-0.080724190295,-0.010462979475657108,0.07026121081934289,-0.07267756554180316,-0.021944704025561923
circular_cnn,K6X_D110_D125_D135_D150_D175_D190,452,-0.03420824799400002,-0.010439674059550041,0.023768573934449977,-0.050948954923891954,-0.021788944987823355
circular_cnn,K6X_D110_D125_D135_D150_D175_D190,453,-0.0032689600829999277,-0.010416507720947266,0.007147547637947338,-0.041732557506954926,-0.02163643639259294
circular_cnn,K6X_D110_D125_D135_D150_D175_D190,454,-0.011127285986999969,-0.010393321514129639,0.0007339644728703298,-0.06171075962590311,-0.02148711398929959
circular_cnn,K6X_D110_D125_D135_D150_D175_D190,455,-0.322838665805,-0.01037021478017175,0.31246845102482823,-0.24513415591852594,-0.02134104737960274
circular_cnn,K6X_D120_D125_D180_D185_D190_D195,445,-0.21795129345000003,-0.007321914037068666,0.21062937941293136,-0.13187194451625084,-0.020983230082852855
circular_cnn,K6X_D120_D125_D180_D185_D190_D195,446,-0.17682906055599998,-0.007320374250411987,0.169508686305588,-0.1483828480651237,-0.020778658198906896
circular_cnn,K6X_D120_D125_D180_D185_D190_D195,447,-0.166655742166,-0.007318854331970215,0.15933688783402977,-0.14777562347274487,-0.02057695282360572
circular_cnn,K6X_D120_D125_D180_D185_D190_D195,448,-0.161499169356,-0.007317235072453798,0.1541819342835462,-0.14444502043837792,-0.02037797046330292
circular_cnn,K6X_D120_D125_D180_D185_D190_D195,449,-0.15956487938500002,-0.007315625747044863,0.15224925363795516,-0.14067072882546006,-0.020181781782895147
circular_cnn,K6X_D120_D125_D180_D185_D190_D195,450,-0.160013086907,-0.007313827673594175,0.15269925923340583,-0.13730082175522018,-0.019988182467938542
circular_cnn,K6X_D120_D125_D180_D185_D190_D195,451,-0.16159783983800002,-0.007311950127283695,0.15428588971071633,-0.13369579659078012,-0.01979722915675325
circular_cnn,K6X_D120_D125_D180_D185_D190_D195,452,-0.16393136584399998,-0.0073101023832957135,0.15662126346070426,-0.13010325263126998,-0.019609027476256757
circular_cnn,K6X_D120_D125_D180_D185_D190_D195,453,-0.166418497499,-0.00730829437573749,0.15911020312326252,-0.12617777595461988,-0.019423528097921805
circular_cnn,K6X_D120_D125_D180_D185_D190_D195,454,-0.16915681662000004,-0.007306396961212158,0.16185041965878788,-0.12218232378167004,-0.01924062191631043
circular_cnn,K6X_D120_D125_D180_D185_D190_D195,455,-0.17203411931899998,-0.007304410139719664,0.16472970917928031,-0.11845301291596988,-0.019060269117327777
circular_cnn,K6X_D120_D145_D200_D215_D220_D230,445,-0.23806877227380002,-0.010521749655405685,0.22754702261839432,-0.31154060067090006,-0.07289538145285118
circular_cnn,K6X_D120_D145_D200_D215_D220_D230,446,-0.22707805099779999,-0.010516077280044556,0.21656197371775543,-0.28962385120199996,-0.07258628267243356
circular_cnn,K6X_D120_D145_D200_D215_D220_D230,447,-0.188651535421,-0.010510464509328202,0.1781410709116718,-0.24574004137143002,-0.0722704418170666
circular_cnn,K6X_D120_D145_D200_D215_D220_D230,448,-0.15367536706200002,-0.010504814485708877,0.14317055257629113,-0.20016025540741011,-0.0719479016616304
circular_cnn,K6X_D120_D145_D200_D215_D220_D230,449,-0.08368074158899999,-0.010499147077401474,0.07318159451159852,-0.07256202058350003,-0.07161914128389663
circular_cnn,K6X_D120_D145_D200_D215_D220_D230,450,-0.04898153152899999,-0.010493566592534392,0.0384879649364656,-0.013467869999479909,-0.07128430396252716
circular_cnn,K6X_D120_D145_D200_D215_D220_D230,451,-0.06568821796100001,-0.010487926503022507,0.0552002914579775,-0.10805829360473007,-0.07094349386792231
circular_cnn,K6X_D120_D145_D200_D215_D220_D230,452,-0.033135087561000004,-0.010482313732306167,0.022652773828693837,-0.12922993765192803,-0.07059712717277716
circular_cnn,K6X_D120_D145_D200_D215_D220_D230,453,0.01492643414299999,-0.010476753115653992,0.02540318725865398,-0.12634305904423604,-0.07024528503997846
circular_cnn,K6X_D120_D145_D200_D215_D220_D230,454,0.058873959922999985,-0.010471192499001816,0.0693451524220018,-0.12205493051689997,-0.06988823504005026
circular_cnn,K6X_D120_D145_D200_D215_D220_D230,455,0.096438466423,-0.010465604563554137,0.10690407098655413,-0.11947043596544982,-0.06952621014935428
circular_cnn,K6X_D140_D160_D165_D170_D180_D190,445,-0.07834248321500001,-0.04890445868174237,0.02943802453325764,-0.004180132369096867,-0.08786316964202945
circular_cnn,K6X_D140_D160_D165_D170_D180_D190,446,-0.017173414785999985,-0.04884454607963562,0.031671131293635635,-0.012653992148089932,-0.08756327293182642
circular_cnn,K6X_D140_D160_D165_D170_D180_D190,447,0.06826394688099999,-0.048784385124842344,0.11704833200584233,-0.020739289011830087,-0.0872633010512801
circular_cnn,K6X_D140_D160_D165_D170_D180_D190,448,0.1461783571992,-0.04872389634450275,0.19490225354370275,-0.021133890161269875,-0.08696325334555388
circular_cnn,K6X_D140_D160_D165_D170_D180_D190,449,0.2034531042211,-0.04866326848665875,0.2521163727077588,-0.011645607321840057,-0.08666345870733488
circular_cnn,K6X_D140_D160_D165_D170_D180_D190,450,0.24156997531279997,-0.04860232273737586,0.29017229805017586,-0.0010451838999399055,-0.0863637780591186
circular_cnn,K6X_D140_D160_D165_D170_D180_D190,451,0.2628472554885,-0.04854115843772888,0.3113884139262289,0.004822718528809999,-0.0860644252582764
circular_cnn,K6X_D140_D160_D165_D170_D180_D190,452,0.27016700033350005,-0.048479676246643066,0.3186466765801431,0.004886971115910188,-0.08576542793161934
circular_cnn,K6X_D140_D160_D165_D170_D180_D190,453,0.2669774855109,-0.04841797550519311,0.3153954610160931,9.549481908988078e-05,-0.08546688278147502
circular_cnn,K6X_D140_D160_D165_D170_D180_D190,454,0.25812902835400003,-0.04835611085096991,0.30648513920496995,-0.007369438239000048,-0.0851689360739934
circular_cnn,K6X_D140_D160_D165_D170_D180_D190,455,0.249011541421,-0.04829392830530804,0.297305469726308,-0.01348931221687999,-0.08487162359233474
circular_cnn,K6X_D125_D135_D150_D175_D190_D210,445,-0.159434664244,-0.014152546723683712,0.14528211752031628,-0.12023898112865905,-0.021703707267685557
circular_cnn,K6X_D125_D135_D150_D175_D190_D210,446,-0.14605581543200008,-0.014129320780436161,0.13192649465156392,-0.10944819633966607,-0.02166604574207065
circular_cnn,K6X_D125_D135_D150_D175_D190_D210,447,-0.13089681298900002,-0.014105955759684208,0.11679085722931581,-0.09743968778365308,-0.021631610953287805
circular_cnn,K6X_D125_D135_D150_D175_D190_D210,448,-0.11652621598199997,-0.01408276955286658,0.10244344642913339,-0.08671596007833904,-0.02160077538186067
circular_cnn,K6X_D125_D135_D150_D175_D190_D210,449,-0.096590289236,-0.014059464136759403,0.08253082509924059,-0.07157481793854237,-0.021573317997535923
circular_cnn,K6X_D125_D135_D150_D175_D190_D210,450,-0.070484034142,-0.0140363176663717,0.056447716475628296,-0.05108061416705245,-0.021549649437171636
circular_cnn,K6X_D125_D135_D150_D175_D190_D210,451,-0.040522584064,-0.014013071854909298,0.026509512209090702,-0.025187107583599655,-0.021529558955080574
circular_cnn,K6X_D125_D135_D150_D175_D190_D210,452,-0.005858227078999967,-0.013989905516306522,0.008131678437306555,0.0037309074021049105,-0.021513310769175065
circular_cnn,K6X_D125_D135_D150_D175_D190_D210,453,-0.011659169303000039,-0.01396675904591882,0.002307589742918781,0.0008238250657650603,-0.02150100810710387
circular_cnn,K6X_D125_D135_D150_D175_D190_D210,454,0.009323899330999974,-0.013943612575531006,0.02326751190653098,0.015871433912044264,-0.02149271182255086
circular_cnn,K6X_D125_D135_D150_D175_D190_D210,455,0.02390797317100002,-0.013920466105143192,0.03782843927614321,0.019981109749156678,-0.02148853638330661
circular_cnn,K6X_D100_D115_D130_D145_D155_D185,445,-0.23267006901600007,-0.015032569567362541,0.21763749944863753,-0.13600734619348798,-0.028998586241920976
circular_cnn,K6X_D100_D115_D130_D145_D155_D185,446,-0.191259103935,-0.015036722024281746,0.17622238191071826,-0.10907502970400995,-0.028835867111453695
circular_cnn,K6X_D100_D115_D130_D145_D155_D185,447,-0.159622498725,-0.015041013558705685,0.14458148516629432,-0.08692605189148572,-0.028675750443402648
circular_cnn,K6X_D100_D115_D130_D145_D155_D185,448,-0.12804053628400003,-0.015045305093129402,0.11299523119087063,-0.07267440253294599,-0.028518097590167768
circular_cnn,K6X_D100_D115_D130_D145_D155_D185,449,-0.29903107314199995,-0.015049517154693604,0.28398155598730634,-0.23189368407242694,-0.028362776169414072
circular_cnn,K6X_D100_D115_D130_D145_D155_D185,450,-0.16352115437500003,-0.01505368947982788,0.14846746489517215,-0.09241786738647406,-0.02820987536021846
circular_cnn,K6X_D100_D115_D130_D145_D155_D185,451,-0.11772493872599998,-0.015057921409606934,0.10266701731639305,-0.06016657832434691,-0.028059464164359782
circular_cnn,K6X_D100_D115_D130_D145_D155_D185,452,-0.07673565707300001,-0.015062153339385986,0.06167350373361402,-0.03058545905386001,-0.027911460813669464
circular_cnn,K6X_D100_D115_D130_D145_D155_D185,453,-0.03742880771500001,-0.015066444873809814,0.022362362841190198,-0.005585873345869907,-0.027765927769219045
circular_cnn,K6X_D100_D115_D130_D145_D155_D185,454,0.0026666946560000016,-0.015070637067159054,0.017737331723159055,0.02028108224094982,-0.027622708601268586
circular_cnn,K6X_D100_D115_D130_D145_D155_D185,455,0.026821436490000017,-0.01507490873336792,0.04189634522336794,0.033324389314270064,-0.027481971726710297
circular_cnn,K6X_D130_D145_D155_D180_D195_D230,445,0.07995845899800003,-0.04906725883483887,0.1290257178328389,0.03409675308732796,-0.06649546768555115
circular_cnn,K6X_D130_D145_D155_D180_D195_D230,446,0.07892165262499995,-0.04903044303258264,0.1279520956575826,0.035006128041819906,-0.06669611027852318
circular_cnn,K6X_D130_D145_D155_D180_D195_D230,447,0.091377064176,-0.04899307092030836,0.14037013509630836,0.044831842178735704,-0.06692052539438009
circular_cnn,K6X_D130_D145_D155_D180_D195_D230,448,0.10914779682100006,-0.04895510276158643,0.1581028995825865,0.058717444235876104,-0.06716946983942751
circular_cnn,K6X_D130_D145_D155_D180_D195_D230,449,0.12965030172199998,-0.04891657829284668,0.17856688001484666,0.0756045400775669,-0.06744384632717504
circular_cnn,K6X_D130_D145_D155_D180_D195_D230,450,0.147113048121,-0.048877497514088986,0.195990545635089,0.09139276849390399,-0.06774448580108583
circular_cnn,K6X_D130_D145_D155_D180_D195_D230,451,0.15515635674499995,-0.0488378802935282,0.20399423703852815,0.10130049732829682,-0.06807221610021463
circular_cnn,K6X_D130_D145_D155_D180_D195_D230,452,0.15082408628199995,-0.04879768689473474,0.19962177317673468,0.10282266140633989,-0.0684279047030335
circular_cnn,K6X_D130_D145_D155_D180_D195_D230,453,0.13778019512500006,-0.04875689744949341,0.18653709257449347,0.09786320553458994,-0.06881220452487469
circular_cnn,K6X_D130_D145_D155_D180_D195_D230,454,0.13028854810699997,-0.04871557156244921,0.17900411966944918,0.09566764700089003,-0.0692260486442442
circular_cnn,K6X_D130_D145_D155_D180_D195_D230,455,0.139464812876,-0.048673709233601925,0.1881385221096019,0.10184630284208995,-0.06967021343492275
circular_cnn,K6X_D110_D190_D210_D215_D220_D225,445,-0.022326647789844264,-0.00989851603905359,0.012428131750790675,0.05986572869195561,-0.048178295643689695
circular_cnn,K6X_D110_D190_D210_D215_D220_D225,446,-0.02091519204804919,-0.009891519943873078,0.01102367210417611,-0.011969960076408714,-0.048561510659055784
circular_cnn,K6X_D110_D190_D210_D215_D220_D225,447,-0.015931359765030993,-0.009884494046370193,0.0060468657186607995,-0.08367583363735454,-0.04893862879058963
circular_cnn,K6X_D110_D190_D210_D215_D220_D225,448,-0.0100829978138215,-0.009877562522888184,0.00020543529093331597,-0.19311801276232543,-0.04930973309092235
circular_cnn,K6X_D110_D190_D210_D215_D220_D225,449,-0.015541943383274007,-0.00987062106529872,0.005671322317975286,-0.2816940330984315,-0.04967495147138845
circular_cnn,K6X_D110_D190_D210_D215_D220_D225,450,0.01583225231648099,-0.009863726794719696,0.025695979111200685,-0.26239366369851624,-0.05003458700957697
circular_cnn,K6X_D110_D190_D210_D215_D220_D225,451,0.0072428662374637645,-0.009856817622979477,0.017099683860443242,-0.23948292654921327,-0.05038850553682994
circular_cnn,K6X_D110_D190_D210_D215_D220_D225,452,-0.015084286053095843,-0.009849943220615387,0.0052343428324804556,-0.1404433883423607,-0.05073713218249987
circular_cnn,K6X_D110_D190_D210_D215_D220_D225,453,-0.0026390605938245125,-0.009843106071154267,0.007204045477329755,-0.1340761921956537,-0.05108052624079085
circular_cnn,K6X_D110_D190_D210_D215_D220_D225,454,-0.005290785946465582,-0.009836261471112565,0.004545475524646982,-0.1486048502858407,-0.05141882260795683
circular_cnn,K6X_D110_D190_D210_D215_D220_D225,455,-0.0016529227571321324,-0.009829498827457428,0.008176576070325296,-0.20117913765641782,-0.05175235215574503
circular_cnn,K6X_D150_D205_D215_D220_D225_D230,445,-0.03578345837882728,-0.0078128104408582,0.02797064793796908,0.19018853796083612,-0.07781356324615762
circular_cnn,K6X_D150_D205_D215_D220_D225_D230,446,0.006725564945800247,-0.007808840523163468,0.014534405468963715,0.19633140477593714,-0.07826707349325568
circular_cnn,K6X_D150_D205_D215_D220_D225_D230,447,-0.06398798620540756,-0.007804907858371735,0.05618307834703583,0.04109517213691816,-0.07870327982171454
circular_cnn,K6X_D150_D205_D215_D220_D225_D230,448,-0.12511752092943818,-0.007801008721192687,0.11731651220824549,-0.04911293711436704,-0.07912234087795389
circular_cnn,K6X_D150_D205_D215_D220_D225_D230,449,-0.10567231080805983,-0.007797107100486755,0.09787520370757308,0.022728744635029496,-0.07952424669285074
circular_cnn,K6X_D150_D205_D215_D220_D225_D230,450,-0.1018166837226982,-0.007793217897415161,0.09402346582528304,0.11807434407724327,-0.07990953475139884
circular_cnn,K6X_D150_D205_D215_D220_D225_D230,451,-0.07998202886759033,-0.0077893659472465515,0.07219266292034378,0.3035944666379887,-0.08027795647952496
circular_cnn,K6X_D150_D205_D215_D220_D225_D230,452,-0.1325844350919738,-0.007785522689421967,0.12479891240255182,0.3330098846980424,-0.08063000551358834
circular_cnn,K6X_D150_D205_D215_D220_D225_D230,453,-0.13133684478485327,-0.007781681915124267,0.12355516286972901,0.2498276539156189,-0.08096572880094755
circular_cnn,K6X_D150_D205_D215_D220_D225_D230,454,-0.13910326455112879,-0.0077778647343317575,0.13132539981679703,0.1733794987177013,-0.08128528647891176
circular_cnn,K6X_D150_D205_D215_D220_D225_D230,455,-0.16021552272325576,-0.007774069905281067,0.1524414528179747,0.10359899414006946,-0.08158891110967192
circular_cnn,K6X_D105_D120_D125_D130_D165_D190,445,-0.07507165292505757,-0.027406732241312737,0.04766492068374484,0.001787062412937357,-0.05262745413427872
circular_cnn,K6X_D105_D120_D125_D130_D165_D190,446,-0.05198061707784574,-0.02742956082026171,0.024551056257584025,0.014130203141392572,-0.05239854685249823
circular_cnn,K6X_D105_D120_D125_D130_D165_D190,447,-0.03508817979233558,-0.02745230992635095,0.007635869865984635,0.025154015445206124,-0.05217186987492595
circular_cnn,K6X_D105_D120_D125_D130_D165_D190,448,-0.024049438342906182,-0.02747501929601026,0.0034255809531040793,0.03305439965084833,-0.051947442289946855
circular_cnn,K6X_D105_D120_D125_D130_D165_D190,449,-0.015750623315036072,-0.027497758467992073,0.011747135152956,0.040997281582154765,-0.051725382381011875
circular_cnn,K6X_D105_D120_D125_D130_D165_D190,450,-0.005114812498532517,-0.027520418167114258,0.02240560566858174,0.04854891014776841,-0.05150561213185734
circular_cnn,K6X_D105_D120_D125_D130_D165_D190,451,-0.07617494409121173,-0.027543137470881107,0.04863180662033062,-0.04079949565319885,-0.05128823301310659
circular_cnn,K6X_D105_D120_D125_D130_D165_D190,452,-0.06452904159950956,-0.02756560842196154,0.03696343317754802,-0.0025557575759215245,-0.05107306826387781
circular_cnn,K6X_D105_D120_D125_D130_D165_D190,453,-0.05282850924151561,-0.027588138977686527,0.02524037026382908,0.012960304171196646,-0.05086038236225787
circular_cnn,K6X_D105_D120_D125_D130_D165_D190,454,-0.05160131803804413,-0.027610639731089237,0.023990678306954893,0.017015397254035447,-0.05065011589981194
circular_cnn,K6X_D105_D120_D125_D130_D165_D190,455,-0.05192315291585148,-0.02763316035270691,0.02428999256314457,0.019138772588845332,-0.0504423259344865
LF_only,K6X_D200_D205_D215_D220_D225_D230,445,-0.024239119369170004,0.0,0.024239119369170004,0.1477796911824899,0.0
LF_only,K6X_D200_D205_D215_D220_D225_D230,446,-0.022382683367131,0.0,0.022382683367131,0.03502958851915883,0.0
LF_only,K6X_D200_D205_D215_D220_D225_D230,447,-0.037899608821476,0.0,0.037899608821476,-0.015786607345776082,0.0
LF_only,K6X_D200_D205_D215_D220_D225_D230,448,-0.039014915668150005,0.0,0.039014915668150005,-0.042251531712955925,0.0
LF_only,K6X_D200_D205_D215_D220_D225_D230,449,-0.04515537053781,0.0,0.04515537053781,-0.05733917112437714,0.0
LF_only,K6X_D200_D205_D215_D220_D225_D230,450,-0.0398161529288,0.0,0.0398161529288,-0.07446868672478013,0.0
LF_only,K6X_D200_D205_D215_D220_D225_D230,451,-0.043141242350000004,0.0,0.043141242350000004,-0.028855550628409943,0.0
LF_only,K6X_D200_D205_D215_D220_D225_D230,452,-0.07361210259212,0.0,0.07361210259212,-0.24122805784097,0.0
LF_only,K6X_D200_D205_D215_D220_D225_D230,453,-0.014917221755000001,0.0,0.014917221755000001,0.4784733313676999,0.0
LF_only,K6X_D200_D205_D215_D220_D225_D230,454,-0.000643715643799999,0.0,0.000643715643799999,0.3694244175542999,0.0
LF_only,K6X_D200_D205_D215_D220_D225_D230,455,-0.011804698510099996,0.0,0.011804698510099996,0.19351797890990008,0.0
LF_only,K6X_D100_D140_D145_D155_D225_D230,445,0.11482951317799997,0.0,0.11482951317799997,0.02801180812064985,0.0
LF_only,K6X_D100_D140_D145_D155_D225_D230,446,0.10607995602800002,0.0,0.10607995602800002,0.034769428994260054,0.0
LF_only,K6X_D100_D140_D145_D155_D225_D230,447,0.101393122592,0.0,0.101393122592,0.04244363422085995,0.0
LF_only,K6X_D100_D140_D145_D155_D225_D230,448,0.114069083565,0.0,0.114069083565,0.05349002441504602,0.0
LF_only,K6X_D100_D140_D145_D155_D225_D230,449,0.10454003501200004,0.0,0.10454003501200004,0.08815038650924412,0.0
LF_only,K6X_D100_D140_D145_D155_D225_D230,450,0.10852712226699995,0.0,0.10852712226699995,0.09683233319774898,0.0
LF_only,K6X_D100_D140_D145_D155_D225_D230,451,0.13611690844400004,0.0,0.13611690844400004,0.10835057833538442,0.0
LF_only,K6X_D100_D140_D145_D155_D225_D230,452,0.17192465312599997,0.0,0.17192465312599997,0.11848832505188034,0.0
LF_only,K6X_D100_D140_D145_D155_D225_D230,453,0.21517041048099997,0.0,0.21517041048099997,0.124509879764789,0.0
LF_only,K6X_D100_D140_D145_D155_D225_D230,454,0.258673225184,0.0,0.258673225184,0.11900402028173307,0.0
LF_only,K6X_D100_D140_D145_D155_D225_D230,455,0.28356771511400003,0.0,0.28356771511400003,0.09265327967651493,0.0
LF_only,K6X_D100_D200_D205_D210_D215_D220,445,-0.01504830391078,0.0,0.01504830391078,-0.0823232833710601,0.0
LF_only,K6X_D100_D200_D205_D210_D215_D220,446,-0.021394224809200002,0.0,0.021394224809200002,-0.14107825746674096,0.0
LF_only,K6X_D100_D200_D205_D210_D215_D220,447,-0.029099577420599997,0.0,0.029099577420599997,-0.18435982934888395,0.0
LF_only,K6X_D100_D200_D205_D210_D215_D220,448,-0.0345216927392,0.0,0.0345216927392,-0.24715625029195004,0.0
LF_only,K6X_D100_D200_D205_D210_D215_D220,449,-0.014084312477400003,0.0,0.014084312477400003,-0.35756940204693,0.0
LF_only,K6X_D100_D200_D205_D210_D215_D220,450,-0.004242197120399999,0.0,0.004242197120399999,-0.3969936648106901,0.0
LF_only,K6X_D100_D200_D205_D210_D215_D220,451,-0.004348208372899998,0.0,0.004348208372899998,-0.4033571107379698,0.0
LF_only,K6X_D100_D200_D205_D210_D215_D220,452,-0.019475301307000002,0.0,0.019475301307000002,-0.46859771519047005,0.0
LF_only,K6X_D100_D200_D205_D210_D215_D220,453,-0.0192906722634,0.0,0.0192906722634,-0.37855964375803997,0.0
LF_only,K6X_D100_D200_D205_D210_D215_D220,454,-0.029541872631500002,0.0,0.029541872631500002,-0.33049140436243996,0.0
LF_only,K6X_D100_D200_D205_D210_D215_D220,455,-0.0377347903963,0.0,0.0377347903963,-0.287390814456035,0.0
LF_only,K6X_D100_D110_D115_D220_D225_D230,445,-0.03173940106459,0.0,0.03173940106459,-0.019062892232389994,0.0
LF_only,K6X_D100_D110_D115_D220_D225_D230,446,-0.02740973311727,0.0,0.02740973311727,-0.06806797924372898,0.0
LF_only,K6X_D100_D110_D115_D220_D225_D230,447,-0.0081213248378,0.0,0.0081213248378,-0.08051088275143004,0.0
LF_only,K6X_D100_D110_D115_D220_D225_D230,448,0.017573153434700003,0.0,0.017573153434700003,-0.078258097600867,0.0
LF_only,K6X_D100_D110_D115_D220_D225_D230,449,0.024165330602899996,0.0,0.024165330602899996,-0.06833245594814619,0.0
LF_only,K6X_D100_D110_D115_D220_D225_D230,450,0.0384881912305,0.0,0.0384881912305,-0.050307307866809925,0.0
LF_only,K6X_D100_D110_D115_D220_D225_D230,451,0.04265260686740001,0.0,0.04265260686740001,-0.015826366231489808,0.0
LF_only,K6X_D100_D110_D115_D220_D225_D230,452,0.0329606833769,0.0,0.0329606833769,0.008265381614362854,0.0
LF_only,K6X_D100_D110_D115_D220_D225_D230,453,0.0224187826343,0.0,0.0224187826343,0.01692941681416804,0.0
LF_only,K6X_D100_D110_D115_D220_D225_D230,454,0.0167949318539,0.0,0.0167949318539,0.014390947888489825,0.0
LF_only,K6X_D100_D110_D115_D220_D225_D230,455,0.018829220182799998,0.0,0.018829220182799998,0.0008445768193900971,0.0
LF_only,K6X_D100_D130_D135_D155_D160_D225,445,-0.011188844990000057,0.0,0.011188844990000057,0.014217414267670092,0.0
LF_only,K6X_D100_D130_D135_D155_D160_D225,446,-0.03014639113000006,0.0,0.03014639113000006,-0.0035871034069999697,0.0
LF_only,K6X_D100_D130_D135_D155_D160_D225,447,-0.07706040698399996,0.0,0.07706040698399996,-0.03663123450640016,0.0
LF_only,K6X_D100_D130_D135_D155_D160_D225,448,-0.235939379053,0.0,0.235939379053,-0.1326217162248,0.0
LF_only,K6X_D100_D130_D135_D155_D160_D225,449,-0.07207590797699992,0.0,0.07207590797699992,-0.04163956084658782,0.0
LF_only,K6X_D100_D130_D135_D155_D160_D225,450,-0.036619354308999985,0.0,0.036619354308999985,-0.027232914101090078,0.0
LF_only,K6X_D100_D130_D135_D155_D160_D225,451,-0.02598189155399999,0.0,0.02598189155399999,-0.031181686186440016,0.0
LF_only,K6X_D100_D130_D135_D155_D160_D225,452,-0.018926647232000104,0.0,0.018926647232000104,-0.04172604899303012,0.0
LF_only,K6X_D100_D130_D135_D155_D160_D225,453,-0.012677232390999937,0.0,0.012677232390999937,-0.05523575781298995,0.0
LF_only,K6X_D100_D130_D135_D155_D160_D225,454,-0.008914920594999987,0.0,0.008914920594999987,-0.07135234939973989,0.0
LF_only,K6X_D100_D130_D135_D155_D160_D225,455,-0.008714737723999999,0.0,0.008714737723999999,-0.08932551794079002,0.0
LF_only,K6X_D100_D105_D115_D120_D125_D130,445,-0.0016850975300000126,0.0,0.0016850975300000126,-0.010867716562119933,0.0
LF_only,K6X_D100_D105_D115_D120_D125_D130,446,-0.0018718825769999947,0.0,0.0018718825769999947,-0.011154830745229827,0.0
LF_only,K6X_D100_D105_D115_D120_D125_D130,447,-0.0020360951610000066,0.0,0.0020360951610000066,-0.01224542147719021,0.0
LF_only,K6X_D100_D105_D115_D120_D125_D130,448,-0.0019030725999999998,0.0,0.0019030725999999998,-0.012818763607870043,0.0
LF_only,K6X_D100_D105_D115_D120_D125_D130,449,-0.0019115757889999752,0.0,0.0019115757889999752,-0.01271517280995993,0.0
LF_only,K6X_D100_D105_D115_D120_D125_D130,450,-0.0020671192649999726,0.0,0.0020671192649999726,-0.013339123140110098,0.0
LF_only,K6X_D100_D105_D115_D120_D125_D130,451,-0.002000505396999974,0.0,0.002000505396999974,-0.014109925547859947,0.0
LF_only,K6X_D100_D105_D115_D120_D125_D130,452,-0.0019332358820000062,0.0,0.0019332358820000062,-0.01413837654431005,0.0
LF_only,K6X_D100_D105_D115_D120_D125_D130,453,-0.0020856345289999856,0.0,0.0020856345289999856,-0.014494360630020076,0.0
LF_only,K6X_D100_D105_D115_D120_D125_D130,454,-0.0021538708499999892,0.0,0.0021538708499999892,-0.015429991841069968,0.0
LF_only,K6X_D100_D105_D115_D120_D125_D130,455,-0.0020974817509999966,0.0,0.0020974817509999966,-0.015799016441050084,0.0
LF_only,K6X_D110_D125_D135_D150_D175_D190,445,-0.13520397594400002,0.0,0.13520397594400002,-0.10673573162934913,0.0
LF_only,K6X_D110_D125_D135_D150_D175_D190,446,-0.14219426695000004,0.0,0.14219426695000004,-0.1162973011575611,0.0
LF_only,K6X_D110_D125_D135_D150_D175_D190,447,-0.15953291227599997,0.0,0.15953291227599997,-0.13485123595214288,0.0
LF_only,K6X_D110_D125_D135_D150_D175_D190,448,-0.233370776793,0.0,0.233370776793,-0.19810696724598897,0.0
LF_only,K6X_D110_D125_D135_D150_D175_D190,449,-0.501273205047,0.0,0.501273205047,-0.3861496846394611,0.0
LF_only,K6X_D110_D125_D135_D150_D175_D190,450,-0.19830966961700003,0.0,0.19830966961700003,-0.14562830828970497,0.0
LF_only,K6X_D110_D125_D135_D150_D175_D190,451,-0.080724190295,0.0,0.080724190295,-0.07267756554180316,0.0
LF_only,K6X_D110_D125_D135_D150_D175_D190,452,-0.03420824799400002,0.0,0.03420824799400002,-0.050948954923891954,0.0
LF_only,K6X_D110_D125_D135_D150_D175_D190,453,-0.0032689600829999277,0.0,0.0032689600829999277,-0.041732557506954926,0.0
LF_only,K6X_D110_D125_D135_D150_D175_D190,454,-0.011127285986999969,0.0,0.011127285986999969,-0.06171075962590311,0.0
LF_only,K6X_D110_D125_D135_D150_D175_D190,455,-0.322838665805,0.0,0.322838665805,-0.24513415591852594,0.0
LF_only,K6X_D120_D125_D180_D185_D190_D195,445,-0.21795129345000003,0.0,0.21795129345000003,-0.13187194451625084,0.0
LF_only,K6X_D120_D125_D180_D185_D190_D195,446,-0.17682906055599998,0.0,0.17682906055599998,-0.1483828480651237,0.0
LF_only,K6X_D120_D125_D180_D185_D190_D195,447,-0.166655742166,0.0,0.166655742166,-0.14777562347274487,0.0
LF_only,K6X_D120_D125_D180_D185_D190_D195,448,-0.161499169356,0.0,0.161499169356,-0.14444502043837792,0.0
LF_only,K6X_D120_D125_D180_D185_D190_D195,449,-0.15956487938500002,0.0,0.15956487938500002,-0.14067072882546006,0.0
LF_only,K6X_D120_D125_D180_D185_D190_D195,450,-0.160013086907,0.0,0.160013086907,-0.13730082175522018,0.0
LF_only,K6X_D120_D125_D180_D185_D190_D195,451,-0.16159783983800002,0.0,0.16159783983800002,-0.13369579659078012,0.0
LF_only,K6X_D120_D125_D180_D185_D190_D195,452,-0.16393136584399998,0.0,0.16393136584399998,-0.13010325263126998,0.0
LF_only,K6X_D120_D125_D180_D185_D190_D195,453,-0.166418497499,0.0,0.166418497499,-0.12617777595461988,0.0
LF_only,K6X_D120_D125_D180_D185_D190_D195,454,-0.16915681662000004,0.0,0.16915681662000004,-0.12218232378167004,0.0
LF_only,K6X_D120_D125_D180_D185_D190_D195,455,-0.17203411931899998,0.0,0.17203411931899998,-0.11845301291596988,0.0
LF_only,K6X_D120_D145_D200_D215_D220_D230,445,-0.23806877227380002,0.0,0.23806877227380002,-0.31154060067090006,0.0
LF_only,K6X_D120_D145_D200_D215_D220_D230,446,-0.22707805099779999,0.0,0.22707805099779999,-0.28962385120199996,0.0
LF_only,K6X_D120_D145_D200_D215_D220_D230,447,-0.188651535421,0.0,0.188651535421,-0.24574004137143002,0.0
LF_only,K6X_D120_D145_D200_D215_D220_D230,448,-0.15367536706200002,0.0,0.15367536706200002,-0.20016025540741011,0.0
LF_only,K6X_D120_D145_D200_D215_D220_D230,449,-0.08368074158899999,0.0,0.08368074158899999,-0.07256202058350003,0.0
LF_only,K6X_D120_D145_D200_D215_D220_D230,450,-0.04898153152899999,0.0,0.04898153152899999,-0.013467869999479909,0.0
LF_only,K6X_D120_D145_D200_D215_D220_D230,451,-0.06568821796100001,0.0,0.06568821796100001,-0.10805829360473007,0.0
LF_only,K6X_D120_D145_D200_D215_D220_D230,452,-0.033135087561000004,0.0,0.033135087561000004,-0.12922993765192803,0.0
LF_only,K6X_D120_D145_D200_D215_D220_D230,453,0.01492643414299999,0.0,0.01492643414299999,-0.12634305904423604,0.0
LF_only,K6X_D120_D145_D200_D215_D220_D230,454,0.058873959922999985,0.0,0.058873959922999985,-0.12205493051689997,0.0
LF_only,K6X_D120_D145_D200_D215_D220_D230,455,0.096438466423,0.0,0.096438466423,-0.11947043596544982,0.0
LF_only,K6X_D140_D160_D165_D170_D180_D190,445,-0.07834248321500001,0.0,0.07834248321500001,-0.004180132369096867,0.0
LF_only,K6X_D140_D160_D165_D170_D180_D190,446,-0.017173414785999985,0.0,0.017173414785999985,-0.012653992148089932,0.0
LF_only,K6X_D140_D160_D165_D170_D180_D190,447,0.06826394688099999,0.0,0.06826394688099999,-0.020739289011830087,0.0
LF_only,K6X_D140_D160_D165_D170_D180_D190,448,0.1461783571992,0.0,0.1461783571992,-0.021133890161269875,0.0
LF_only,K6X_D140_D160_D165_D170_D180_D190,449,0.2034531042211,0.0,0.2034531042211,-0.011645607321840057,0.0
LF_only,K6X_D140_D160_D165_D170_D180_D190,450,0.24156997531279997,0.0,0.24156997531279997,-0.0010451838999399055,0.0
LF_only,K6X_D140_D160_D165_D170_D180_D190,451,0.2628472554885,0.0,0.2628472554885,0.004822718528809999,0.0
LF_only,K6X_D140_D160_D165_D170_D180_D190,452,0.27016700033350005,0.0,0.27016700033350005,0.004886971115910188,0.0
LF_only,K6X_D140_D160_D165_D170_D180_D190,453,0.2669774855109,0.0,0.2669774855109,9.549481908988078e-05,0.0
LF_only,K6X_D140_D160_D165_D170_D180_D190,454,0.25812902835400003,0.0,0.25812902835400003,-0.007369438239000048,0.0
LF_only,K6X_D140_D160_D165_D170_D180_D190,455,0.249011541421,0.0,0.249011541421,-0.01348931221687999,0.0
LF_only,K6X_D125_D135_D150_D175_D190_D210,445,-0.159434664244,0.0,0.159434664244,-0.12023898112865905,0.0
LF_only,K6X_D125_D135_D150_D175_D190_D210,446,-0.14605581543200008,0.0,0.14605581543200008,-0.10944819633966607,0.0
LF_only,K6X_D125_D135_D150_D175_D190_D210,447,-0.13089681298900002,0.0,0.13089681298900002,-0.09743968778365308,0.0
LF_only,K6X_D125_D135_D150_D175_D190_D210,448,-0.11652621598199997,0.0,0.11652621598199997,-0.08671596007833904,0.0
LF_only,K6X_D125_D135_D150_D175_D190_D210,449,-0.096590289236,0.0,0.096590289236,-0.07157481793854237,0.0
LF_only,K6X_D125_D135_D150_D175_D190_D210,450,-0.070484034142,0.0,0.070484034142,-0.05108061416705245,0.0
LF_only,K6X_D125_D135_D150_D175_D190_D210,451,-0.040522584064,0.0,0.040522584064,-0.025187107583599655,0.0
LF_only,K6X_D125_D135_D150_D175_D190_D210,452,-0.005858227078999967,0.0,0.005858227078999967,0.0037309074021049105,0.0
LF_only,K6X_D125_D135_D150_D175_D190_D210,453,-0.011659169303000039,0.0,0.011659169303000039,0.0008238250657650603,0.0
LF_only,K6X_D125_D135_D150_D175_D190_D210,454,0.009323899330999974,0.0,0.009323899330999974,0.015871433912044264,0.0
LF_only,K6X_D125_D135_D150_D175_D190_D210,455,0.02390797317100002,0.0,0.02390797317100002,0.019981109749156678,0.0
LF_only,K6X_D100_D115_D130_D145_D155_D185,445,-0.23267006901600007,0.0,0.23267006901600007,-0.13600734619348798,0.0
LF_only,K6X_D100_D115_D130_D145_D155_D185,446,-0.191259103935,0.0,0.191259103935,-0.10907502970400995,0.0
LF_only,K6X_D100_D115_D130_D145_D155_D185,447,-0.159622498725,0.0,0.159622498725,-0.08692605189148572,0.0
LF_only,K6X_D100_D115_D130_D145_D155_D185,448,-0.12804053628400003,0.0,0.12804053628400003,-0.07267440253294599,0.0
LF_only,K6X_D100_D115_D130_D145_D155_D185,449,-0.29903107314199995,0.0,0.29903107314199995,-0.23189368407242694,0.0
LF_only,K6X_D100_D115_D130_D145_D155_D185,450,-0.16352115437500003,0.0,0.16352115437500003,-0.09241786738647406,0.0
LF_only,K6X_D100_D115_D130_D145_D155_D185,451,-0.11772493872599998,0.0,0.11772493872599998,-0.06016657832434691,0.0
LF_only,K6X_D100_D115_D130_D145_D155_D185,452,-0.07673565707300001,0.0,0.07673565707300001,-0.03058545905386001,0.0
LF_only,K6X_D100_D115_D130_D145_D155_D185,453,-0.03742880771500001,0.0,0.03742880771500001,-0.005585873345869907,0.0
LF_only,K6X_D100_D115_D130_D145_D155_D185,454,0.0026666946560000016,0.0,0.0026666946560000016,0.02028108224094982,0.0
LF_only,K6X_D100_D115_D130_D145_D155_D185,455,0.026821436490000017,0.0,0.026821436490000017,0.033324389314270064,0.0
LF_only,K6X_D130_D145_D155_D180_D195_D230,445,0.07995845899800003,0.0,0.07995845899800003,0.03409675308732796,0.0
LF_only,K6X_D130_D145_D155_D180_D195_D230,446,0.07892165262499995,0.0,0.07892165262499995,0.035006128041819906,0.0
LF_only,K6X_D130_D145_D155_D180_D195_D230,447,0.091377064176,0.0,0.091377064176,0.044831842178735704,0.0
LF_only,K6X_D130_D145_D155_D180_D195_D230,448,0.10914779682100006,0.0,0.10914779682100006,0.058717444235876104,0.0
LF_only,K6X_D130_D145_D155_D180_D195_D230,449,0.12965030172199998,0.0,0.12965030172199998,0.0756045400775669,0.0
LF_only,K6X_D130_D145_D155_D180_D195_D230,450,0.147113048121,0.0,0.147113048121,0.09139276849390399,0.0
LF_only,K6X_D130_D145_D155_D180_D195_D230,451,0.15515635674499995,0.0,0.15515635674499995,0.10130049732829682,0.0
LF_only,K6X_D130_D145_D155_D180_D195_D230,452,0.15082408628199995,0.0,0.15082408628199995,0.10282266140633989,0.0
LF_only,K6X_D130_D145_D155_D180_D195_D230,453,0.13778019512500006,0.0,0.13778019512500006,0.09786320553458994,0.0
LF_only,K6X_D130_D145_D155_D180_D195_D230,454,0.13028854810699997,0.0,0.13028854810699997,0.09566764700089003,0.0
LF_only,K6X_D130_D145_D155_D180_D195_D230,455,0.139464812876,0.0,0.139464812876,0.10184630284208995,0.0
LF_only,K6X_D110_D190_D210_D215_D220_D225,445,-0.022326647789844264,0.0,0.022326647789844264,0.05986572869195561,0.0
LF_only,K6X_D110_D190_D210_D215_D220_D225,446,-0.02091519204804919,0.0,0.02091519204804919,-0.011969960076408714,0.0
LF_only,K6X_D110_D190_D210_D215_D220_D225,447,-0.015931359765030993,0.0,0.015931359765030993,-0.08367583363735454,0.0
LF_only,K6X_D110_D190_D210_D215_D220_D225,448,-0.0100829978138215,0.0,0.0100829978138215,-0.19311801276232543,0.0
LF_only,K6X_D110_D190_D210_D215_D220_D225,449,-0.015541943383274007,0.0,0.015541943383274007,-0.2816940330984315,0.0
LF_only,K6X_D110_D190_D210_D215_D220_D225,450,0.01583225231648099,0.0,0.01583225231648099,-0.26239366369851624,0.0
LF_only,K6X_D110_D190_D210_D215_D220_D225,451,0.0072428662374637645,0.0,0.0072428662374637645,-0.23948292654921327,0.0
LF_only,K6X_D110_D190_D210_D215_D220_D225,452,-0.015084286053095843,0.0,0.015084286053095843,-0.1404433883423607,0.0
LF_only,K6X_D110_D190_D210_D215_D220_D225,453,-0.0026390605938245125,0.0,0.0026390605938245125,-0.1340761921956537,0.0
LF_only,K6X_D110_D190_D210_D215_D220_D225,454,-0.005290785946465582,0.0,0.005290785946465582,-0.1486048502858407,0.0
LF_only,K6X_D110_D190_D210_D215_D220_D225,455,-0.0016529227571321324,0.0,0.0016529227571321324,-0.20117913765641782,0.0
LF_only,K6X_D150_D205_D215_D220_D225_D230,445,-0.03578345837882728,0.0,0.03578345837882728,0.19018853796083612,0.0
LF_only,K6X_D150_D205_D215_D220_D225_D230,446,0.006725564945800247,0.0,0.006725564945800247,0.19633140477593714,0.0
LF_only,K6X_D150_D205_D215_D220_D225_D230,447,-0.06398798620540756,0.0,0.06398798620540756,0.04109517213691816,0.0
LF_only,K6X_D150_D205_D215_D220_D225_D230,448,-0.12511752092943818,0.0,0.12511752092943818,-0.04911293711436704,0.0
LF_only,K6X_D150_D205_D215_D220_D225_D230,449,-0.10567231080805983,0.0,0.10567231080805983,0.022728744635029496,0.0
LF_only,K6X_D150_D205_D215_D220_D225_D230,450,-0.1018166837226982,0.0,0.1018166837226982,0.11807434407724327,0.0
LF_only,K6X_D150_D205_D215_D220_D225_D230,451,-0.07998202886759033,0.0,0.07998202886759033,0.3035944666379887,0.0
LF_only,K6X_D150_D205_D215_D220_D225_D230,452,-0.1325844350919738,0.0,0.1325844350919738,0.3330098846980424,0.0
LF_only,K6X_D150_D205_D215_D220_D225_D230,453,-0.13133684478485327,0.0,0.13133684478485327,0.2498276539156189,0.0
LF_only,K6X_D150_D205_D215_D220_D225_D230,454,-0.13910326455112879,0.0,0.13910326455112879,0.1733794987177013,0.0
LF_only,K6X_D150_D205_D215_D220_D225_D230,455,-0.16021552272325576,0.0,0.16021552272325576,0.10359899414006946,0.0
LF_only,K6X_D105_D120_D125_D130_D165_D190,445,-0.07507165292505757,0.0,0.07507165292505757,0.001787062412937357,0.0
LF_only,K6X_D105_D120_D125_D130_D165_D190,446,-0.05198061707784574,0.0,0.05198061707784574,0.014130203141392572,0.0
LF_only,K6X_D105_D120_D125_D130_D165_D190,447,-0.03508817979233558,0.0,0.03508817979233558,0.025154015445206124,0.0
LF_only,K6X_D105_D120_D125_D130_D165_D190,448,-0.024049438342906182,0.0,0.024049438342906182,0.03305439965084833,0.0
LF_only,K6X_D105_D120_D125_D130_D165_D190,449,-0.015750623315036072,0.0,0.015750623315036072,0.040997281582154765,0.0
LF_only,K6X_D105_D120_D125_D130_D165_D190,450,-0.005114812498532517,0.0,0.005114812498532517,0.04854891014776841,0.0
LF_only,K6X_D105_D120_D125_D130_D165_D190,451,-0.07617494409121173,0.0,0.07617494409121173,-0.04079949565319885,0.0
LF_only,K6X_D105_D120_D125_D130_D165_D190,452,-0.06452904159950956,0.0,0.06452904159950956,-0.0025557575759215245,0.0
LF_only,K6X_D105_D120_D125_D130_D165_D190,453,-0.05282850924151561,0.0,0.05282850924151561,0.012960304171196646,0.0
LF_only,K6X_D105_D120_D125_D130_D165_D190,454,-0.05160131803804413,0.0,0.05160131803804413,0.017015397254035447,0.0
LF_only,K6X_D105_D120_D125_D130_D165_D190,455,-0.05192315291585148,0.0,0.05192315291585148,0.019138772588845332,0.0
