candidate_id,polarization,cavity_spacer_nm,normal_error_deg_453,best_offaxis_angle_deg_20_60,best_offaxis_error_deg_453,phase_margin_deg_offaxis_minus_normal,normal_reachable_le_15deg,normal_beats_offaxis
R2_4B_OPT_06361,TE,160.0,65.11365017846853,35.0,8.684796092694974,-56.42885408577355,False,False
R2_4B_OPT_06361,TE,162.0,56.97590183409766,34.0,2.416454315779365,-54.5594475183183,False,False
R2_4B_OPT_06361,TE,164.0,48.83815348972679,33.0,2.439806297261434,-46.398347192465366,False,False
R2_4B_OPT_06361,TE,166.0,40.700405145355916,32.0,0.4212007350998828,-40.27920441025603,False,False
R2_4B_OPT_06361,TE,168.0,32.56265680098504,28.0,0.1291455367093589,-32.43351126427568,False,False
R2_4B_OPT_06361,TE,170.0,24.424908456614173,20.0,0.33559504040354654,-24.089313416210626,False,False
R2_4B_OPT_06361,TE,172.0,16.2871601122433,20.0,7.311387028614497,-8.975773083628804,False,False
R2_4B_OPT_06361,TE,174.0,8.14941176787253,38.0,9.02917045556194,0.8797586876894109,True,True
R2_4B_OPT_06361,TE,176.0,0.011663423501657121,38.0,2.6165372500523483,2.604873826550691,True,True
R2_4B_OPT_06361,TE,178.0,8.126084920869216,38.0,3.7960959554571443,-4.329988965412072,True,False
R2_4B_OPT_06361,TE,180.0,16.263833265240088,38.0,10.208729160966739,-6.055104104273348,False,False
R2_4B_OPT_06361,TE,182.0,24.40158160961096,48.0,8.76143918733081,-15.640142422280148,False,False
R2_4B_OPT_06361,TE,184.0,32.53932995398183,48.0,3.316222703266132,-29.2231072507157,False,False
R2_4B_OPT_06361,TE,186.0,40.677078298352704,48.0,2.1289937807985466,-38.54808451755416,False,False
R2_4B_OPT_06361,TE,188.0,48.81482664272358,48.0,7.5742102648632255,-41.24061637786035,False,False
R2_4B_OPT_06361,TE,190.0,56.952574987094444,48.0,13.019426748927906,-43.93314823816654,False,False
R2_4B_OPT_06361,TE,192.0,65.09032333146533,48.0,18.464643232992582,-46.62568009847274,False,False
R2_4B_OPT_06361,TE,194.0,73.22807167583609,48.0,23.909859717057266,-49.31821195877883,False,False
R2_4B_OPT_06361,TE,196.0,81.36582002020697,40.0,27.06381890003953,-54.30200112016744,False,False
R2_4B_OPT_06361,TE,198.0,89.50356836457784,40.0,20.82994200133352,-68.67362636324432,False,False
R2_4B_OPT_06361,TE,200.0,97.64131670894871,40.0,14.596065102627618,-83.0452516063211,False,False
R2_4B_OPT_06361,TE,202.0,105.77906505331958,40.0,8.362188203921612,-97.41687684939798,False,False
R2_4B_OPT_06361,TE,204.0,113.91681339769046,40.0,2.128311305215707,-111.78850209247476,False,False
R2_4B_OPT_06361,TE,206.0,122.05456174206132,40.0,4.105565593490299,-117.94899614857103,False,False
R2_4B_OPT_06361,TE,208.0,130.1923100864322,40.0,10.339442492196204,-119.852867594236,False,False
R2_4B_OPT_06361,TE,210.0,138.33005843080306,40.0,16.57331939090221,-121.75673903990086,False,False
R2_4B_OPT_06361,TE,212.0,146.46780677517384,47.0,11.630653473983642,-134.8371533011902,False,False
R2_4B_OPT_06361,TE,214.0,154.6055551195447,47.0,6.080722448521426,-148.5248326710233,False,False
R2_4B_OPT_06361,TE,216.0,162.7433034639156,47.0,0.5307914230592095,-162.21251204085638,False,False
R2_4B_OPT_06361,TE,218.0,170.88105180828646,47.0,5.019139602403108,-165.86191220588336,False,False
R2_4B_OPT_06361,TE,220.0,179.01880015265735,47.0,10.569070627865324,-168.44972952479202,False,False
R2_4B_OPT_06361,TE,222.0,172.84345150297182,47.0,16.11900165332754,-156.7244498496443,False,False
R2_4B_OPT_06361,TE,224.0,164.70570315860095,47.0,21.668932678789755,-143.0367704798112,False,False
R2_4B_OPT_06361,TE,226.0,156.56795481423006,45.0,22.56843163144476,-133.9995231827853,False,False
R2_4B_OPT_06361,TE,228.0,148.430206469859,45.0,16.81417459355055,-131.61603187630845,False,False
R2_4B_OPT_06361,TE,230.0,140.2924581254881,45.0,11.05991755565624,-129.23254056983188,False,False
R2_4B_OPT_06361,TE,232.0,132.15470978111725,45.0,5.305660517762031,-126.84904926335523,False,False
R2_4B_OPT_06361,TE,234.0,124.01696143674639,45.0,0.44859652013217816,-123.5683649166142,False,False
R2_4B_OPT_06361,TE,236.0,115.87921309237551,49.0,3.3054737807784034,-112.57373931159711,False,False
R2_4B_OPT_06361,TE,238.0,107.74146474800483,49.0,2.033369496198653,-105.70809525180617,False,False
R2_4B_OPT_06361,TE,240.0,99.60371640363395,43.0,3.8372338325216564,-95.7664825711123,False,False
R2_4B_OPT_06361,TE,242.0,91.46596805926308,54.0,1.1087239659452186,-90.35724409331786,False,False
R2_4B_OPT_06361,TE,244.0,83.32821971489221,53.0,0.39352659117779204,-82.93469312371442,False,False
R2_4B_OPT_06361,TE,246.0,75.19047137052134,57.0,1.2733988698437941,-73.91707250067755,False,False
R2_4B_OPT_06361,TE,248.0,67.05272302615046,52.0,0.059587315063293164,-66.99313571108716,False,False
R2_4B_OPT_06361,TE,250.0,58.91497468177959,58.0,1.1168678345969447,-57.798106847182645,False,False
R2_4B_OPT_06361,TE,252.0,50.77722633740873,59.0,2.004608896661678,-48.77261744074705,False,False
R2_4B_OPT_06361,TE,254.0,42.63947799303785,59.0,2.186641344725629,-40.45283664831222,False,False
R2_4B_OPT_06361,TE,256.0,34.501729648666974,60.0,1.9651289035401462,-32.53660074512683,False,False
R2_4B_OPT_06361,TE,258.0,26.363981304296104,60.0,2.1037452686452895,-24.260236035650816,False,False
R2_4B_OPT_06361,TE,260.0,18.226232959925234,37.0,3.877442335988233,-14.348790623937,False,False
R2_4B_OPT_06361,TE,262.0,10.088484615554359,46.0,2.216265129813812,-7.872219485740547,True,False
R2_4B_OPT_06361,TE,264.0,1.9507362711834875,20.0,0.9274377965553681,-1.0232984746281193,True,False
R2_4B_OPT_06361,TE,266.0,6.187012073187384,24.0,0.5913056695837222,-5.595706403603662,True,False
R2_4B_OPT_06361,TE,268.0,14.324760417558254,39.0,0.5447199496056075,-13.780040467952649,True,False
R2_4B_OPT_06361,TE,270.0,22.46250876192913,31.0,0.4491149040810537,-22.013393857848076,False,False
R2_4B_OPT_06361,TE,272.0,30.6002571063,50.0,1.2209094591679361,-29.379347647132064,False,False
R2_4B_OPT_06361,TE,274.0,38.738005450670876,50.0,4.0099343473407645,-34.72807110333011,False,False
R2_4B_OPT_06361,TE,276.0,46.87575379504154,36.0,1.0011115836613214,-45.87464221138022,False,False
R2_4B_OPT_06361,TE,278.0,55.01350213941241,36.0,5.582465122881437,-49.43103701653098,False,False
R2_4B_OPT_06361,TE,280.0,63.15125048378329,36.0,12.16604182942399,-50.9852086543593,False,False
R2_4B_OPT_06361,TE,282.0,71.28899882815416,36.0,18.74961853596675,-52.53938029218741,False,False
R2_4B_OPT_06361,TE,284.0,79.42674717252504,38.0,16.334344152537334,-63.09240301998771,False,False
R2_4B_OPT_06361,TE,286.0,87.5644955168959,38.0,9.921710947027844,-77.64278456986807,False,False
R2_4B_OPT_06361,TE,288.0,95.70224386126678,38.0,3.5090777415183516,-92.19316611974844,False,False
R2_4B_OPT_06361,TE,290.0,103.83999220563766,38.0,2.9035554639911414,-100.9364367416465,False,False
R2_4B_OPT_06361,TE,292.0,111.97774055000852,38.0,9.316188669500633,-102.66155188050789,False,False
R2_4B_OPT_06361,TE,294.0,120.11548889437938,38.0,15.728821875010329,-104.38666701936906,False,False
R2_4B_OPT_06361,TE,296.0,128.25323723875024,38.0,22.141455080519822,-106.11178215823044,False,False
R2_4B_OPT_06361,TE,298.0,136.39098558312114,38.0,28.554088286029316,-107.83689729709181,False,False
R2_4B_OPT_06361,TE,300.0,144.528733927492,38.0,34.966721491538806,-109.5620124359532,False,False
R2_4B_OPT_06361,TE,302.0,152.66648227186286,38.0,41.3793546970483,-111.28712757481458,False,False
R2_4B_OPT_06361,TE,304.0,160.80423061623375,48.0,36.60323365938602,-124.20099695684772,False,False
R2_4B_OPT_06361,TE,306.0,168.94197896060462,48.0,31.158017175321337,-137.78396178528328,False,False
R2_4B_OPT_06361,TE,308.0,177.0797273049755,48.0,25.712800691256664,-151.36692661371882,False,False
R2_4B_OPT_06361,TE,310.0,174.78252435065363,48.0,20.267584207191984,-154.51494014346164,False,False
R2_4B_OPT_06361,TE,312.0,166.64477600628297,48.0,14.822367723127305,-151.82240828315565,False,False
R2_4B_OPT_06361,TE,314.0,158.5070276619121,48.0,9.377151239062625,-149.12987642284946,False,False
R2_4B_OPT_06361,TE,316.0,150.3692793175412,48.0,3.9319347549979478,-146.43734456254327,False,False
R2_4B_OPT_06361,TE,318.0,142.23153097317035,48.0,1.513281729066731,-140.71824924410362,False,False
R2_4B_OPT_06361,TE,320.0,134.0937826287995,40.0,0.5634511802699097,-133.53033144852955,False,False
R2_4B_OPT_06361,TE,322.0,125.9560342844286,40.0,5.670425718436096,-120.28560856599252,False,False
R2_4B_OPT_06361,TE,324.0,117.81828594005773,40.0,11.904302617142104,-105.91398332291563,False,False
R2_4B_OPT_06361,TE,326.0,109.68053759568686,40.0,18.138179515847902,-91.54235807983896,False,False
R2_4B_OPT_06361,TE,328.0,101.54278925131598,40.0,24.372056414553914,-77.17073283676207,False,False
R2_4B_OPT_06361,TE,330.0,93.40504090694512,40.0,30.605933313259914,-62.79910759368521,False,False
R2_4B_OPT_06361,TE,332.0,85.26729256257424,40.0,36.83981021196592,-48.42748235060832,False,False
R2_4B_OPT_06361,TE,334.0,77.12954421820336,47.0,33.08486092078697,-44.0446832974164,False,False
R2_4B_OPT_06361,TE,336.0,68.9917958738325,47.0,27.53492989532475,-41.45686597850775,False,False
R2_4B_OPT_06361,TE,338.0,60.854047529461624,47.0,21.984998869862533,-38.869048659599095,False,False
R2_4B_OPT_06361,TE,340.0,52.716299185090755,47.0,16.435067844400322,-36.28123134069043,False,False
R2_4B_OPT_06361,TE,342.0,44.578550840719885,47.0,10.885136818938104,-33.69341402178178,False,False
R2_4B_OPT_06361,TE,344.0,36.440802496349015,47.0,5.335205793475889,-31.10559670287312,False,False
R2_4B_OPT_06361,TE,346.0,28.303054151978138,47.0,0.21472523198632743,-28.08832891999181,False,False
R2_4B_OPT_06361,TE,348.0,20.16530580760747,47.0,5.764656257448543,-14.400649550158928,False,False
R2_4B_OPT_06361,TE,350.0,12.0275574632366,47.0,11.314587282910963,-0.7129701803256359,True,False
R2_4B_OPT_06361,TE,352.0,3.889809118865725,47.0,16.864518308373178,12.974709189507454,True,True
R2_4B_OPT_06361,TE,354.0,4.247939225505147,45.0,14.295981206213657,10.048041980708511,True,True
R2_4B_OPT_06361,TE,356.0,12.385687569876017,45.0,8.54172416831945,-3.84396340155657,True,False
R2_4B_OPT_06361,TE,358.0,20.52343591424689,20.0,1.5192805527074953,-19.004155361539393,False,False
R2_4B_OPT_06361,TE,360.0,28.661184258617762,22.0,1.3209738193819567,-27.340210439235804,False,False
R2_4B_OPT_06361,TE,362.0,36.798932602988636,43.0,0.7913189879662998,-36.007613615022336,False,False
R2_4B_OPT_06361,TE,364.0,44.936680947359505,25.0,0.012628244233322136,-44.924052703126186,False,False
R2_4B_OPT_06361,TE,366.0,53.07442929173038,26.0,2.2466700018034715,-50.82775928992691,False,False
R2_4B_OPT_06361,TE,368.0,61.21217763610126,28.0,1.3503232678933907,-59.86185436820787,False,False
R2_4B_OPT_06361,TE,370.0,69.34992598047212,29.0,0.1899007080918196,-69.1600252723803,False,False
R2_4B_OPT_06361,TE,372.0,77.48767432484298,49.0,0.2641309463385966,-77.2235433785044,False,False
R2_4B_OPT_06361,TE,374.0,85.62542266921388,32.0,1.8537922587431854,-83.77163041047069,False,False
R2_4B_OPT_06361,TE,376.0,93.76317101358475,34.0,0.5410470333092262,-93.22212398027553,False,False
R2_4B_OPT_06361,TE,378.0,101.90091935795562,34.0,6.205452100171744,-95.69546725778387,False,False
R2_4B_OPT_06361,TE,380.0,110.03866770232649,39.0,6.3884973234714195,-103.65017037885508,False,False
R2_4B_OPT_06361,TE,382.0,118.17641604669737,39.0,0.06427906229042568,-118.11213698440694,False,False
R2_4B_OPT_06361,TE,384.0,126.31416439106823,36.0,5.4879694303597395,-120.8261949607085,False,False
R2_4B_OPT_06361,TE,386.0,134.4519127354389,36.0,1.0956072761828153,-133.35630545925608,False,False
R2_4B_OPT_06361,TE,388.0,142.5896610798098,41.0,0.8586081946391422,-141.73105288517064,False,False
R2_4B_OPT_06361,TE,390.0,150.72740942418065,46.0,0.42714486702558735,-150.30026455715506,False,False
R2_4B_OPT_06361,TE,392.0,158.8651577685515,52.0,0.7866542248129137,-158.0785035437386,False,False
R2_4B_OPT_06361,TE,394.0,167.0029061129224,54.0,2.4181592743946285,-164.58474683852776,False,False
R2_4B_OPT_06361,TE,396.0,175.14065445729327,55.0,2.526274298472219,-172.61438015882104,False,False
R2_4B_OPT_06361,TE,398.0,176.72159719833587,55.0,2.1413463968136424,-174.58025080152225,False,False
R2_4B_OPT_06361,TE,400.0,168.583848853965,38.0,4.4016182329843545,-164.18223062098065,False,False
R2_4B_OPT_06361,TE,402.0,160.44610050959415,56.0,1.2036921299099455,-159.24240837968418,False,False
R2_4B_OPT_06361,TE,404.0,152.30835216522325,51.0,2.9548295954283814,-149.35352256979488,False,False
R2_4B_OPT_06361,TE,406.0,144.1706038208524,51.0,2.1664213749163017,-142.0041824459361,False,False
R2_4B_OPT_06361,TE,408.0,136.03285547648153,57.0,2.2704310265081697,-133.76242444997334,False,False
R2_4B_OPT_06361,TE,410.0,127.89510713211065,50.0,0.2926868100649459,-127.60242032204569,False,False
R2_4B_OPT_06361,TE,412.0,119.75735878773978,50.0,4.938156996443959,-114.81920179129582,False,False
R2_4B_OPT_06361,TE,414.0,111.61961044336888,58.0,5.270463721956084,-106.34914672141281,False,False
R2_4B_OPT_06361,TE,416.0,103.48186209899804,58.0,0.9581141067919383,-102.5237479922061,False,False
R2_4B_OPT_06361,TE,418.0,95.34411375462716,58.0,3.3542355083720046,-91.98987824625515,False,False
R2_4B_OPT_06361,TE,420.0,87.20636541025628,58.0,7.666585123535946,-79.53978028672033,False,False
R2_4B_OPT_06361,TE,422.0,79.06861706588562,59.0,5.748338378745473,-73.32027868714015,False,False
R2_4B_OPT_06361,TE,424.0,70.93086872151474,59.0,1.557088137358267,-69.37378058415648,False,False
R2_4B_OPT_06361,TE,426.0,62.79312037714387,59.0,2.6341621040289387,-60.15895827311493,False,False
R2_4B_OPT_06361,TE,428.0,54.655372032772995,59.0,6.825412345416144,-47.829959687356855,False,False
R2_4B_OPT_06361,TE,430.0,46.517623688402125,60.0,7.973075923407618,-38.544547764994505,False,False
R2_4B_OPT_06361,TM,160.0,65.11365017846853,26.0,2.379686281969527,-62.733963896499006,False,False
R2_4B_OPT_06361,TM,162.0,56.97590183409766,20.0,2.7193875896192585,-54.25651424447841,False,False
R2_4B_OPT_06361,TM,164.0,48.83815348972679,20.0,4.927594479398786,-43.91055901032801,False,False
R2_4B_OPT_06361,TM,166.0,40.700405145355916,20.0,12.574576548416832,-28.125828596939083,False,False
R2_4B_OPT_06361,TM,168.0,32.56265680098504,20.0,20.221558617434876,-12.341098183550166,False,False
R2_4B_OPT_06361,TM,170.0,24.424908456614173,48.0,19.281568579884063,-5.143339876730109,False,False
R2_4B_OPT_06361,TM,172.0,16.2871601122433,29.0,12.665083387523273,-3.6220767247200274,False,False
R2_4B_OPT_06361,TM,174.0,8.14941176787253,29.0,5.547648313795547,-2.601763454076983,True,False
R2_4B_OPT_06361,TM,176.0,0.011663423501657121,29.0,1.5697867599321782,1.558123336430521,True,True
R2_4B_OPT_06361,TM,178.0,8.126084920869216,46.0,0.5994720309433261,-7.5266128899258895,True,False
R2_4B_OPT_06361,TM,180.0,16.263833265240088,45.0,0.33377215574805946,-15.930061109492026,False,False
R2_4B_OPT_06361,TM,182.0,24.40158160961096,32.0,1.7929439904582483,-22.608637619152713,False,False
R2_4B_OPT_06361,TM,184.0,32.539329953981934,44.0,1.4152675576231144,-31.12406239635882,False,False
R2_4B_OPT_06361,TM,186.0,40.677078298352804,54.0,1.1285691318321789,-39.548509166520624,False,False
R2_4B_OPT_06361,TM,188.0,48.81482664272368,55.0,0.48829012395904436,-48.32653651876464,False,False
R2_4B_OPT_06361,TM,190.0,56.95257498709456,43.0,0.5500142733969112,-56.40256071369764,False,False
R2_4B_OPT_06361,TM,192.0,65.09032333146543,23.0,1.1873565459621422,-63.90296678550329,False,False
R2_4B_OPT_06361,TM,194.0,73.22807167583609,57.0,1.3338287735892347,-71.89424290224686,False,False
R2_4B_OPT_06361,TM,196.0,81.36582002020697,57.0,3.098306631884057,-78.26751338832291,False,False
R2_4B_OPT_06361,TM,198.0,89.50356836457784,58.0,0.7194545006592163,-88.78411386391862,False,False
R2_4B_OPT_06361,TM,200.0,97.64131670894871,58.0,3.592895114504727,-94.04842159444398,False,False
R2_4B_OPT_06361,TM,202.0,105.77906505331958,42.0,0.735335981228425,-105.04372907209115,False,False
R2_4B_OPT_06361,TM,204.0,113.91681339769046,33.0,1.0618950014853952,-112.85491839620506,False,False
R2_4B_OPT_06361,TM,206.0,122.05456174206132,60.0,1.9482740310493414,-120.10628771101199,False,False
R2_4B_OPT_06361,TM,208.0,130.1923100864322,60.0,2.120600141136095,-128.0717099452961,False,False
R2_4B_OPT_06361,TM,210.0,138.33005843080306,25.0,3.341627167092877,-134.9884312637102,False,False
R2_4B_OPT_06361,TM,212.0,146.46780677517395,27.0,0.40072320654953325,-146.0670835686244,False,False
R2_4B_OPT_06361,TM,214.0,154.60555511954482,30.0,0.7323123639821841,-153.87324275556264,False,False
R2_4B_OPT_06361,TM,216.0,162.74330346391568,30.0,6.315184431847752,-156.42811903206794,False,False
R2_4B_OPT_06361,TM,218.0,170.88105180828657,40.0,11.66781162246792,-159.21324018581865,False,False
R2_4B_OPT_06361,TM,220.0,179.01880015265743,40.0,5.433934723761913,-173.5848654288955,False,False
R2_4B_OPT_06361,TM,222.0,172.8434515029717,40.0,0.7999421749439912,-172.0435093280277,False,False
R2_4B_OPT_06361,TM,224.0,164.70570315860084,40.0,7.0338190736499975,-157.67188408495085,False,False
R2_4B_OPT_06361,TM,226.0,156.56795481422986,40.0,13.267695972356005,-143.30025884187387,False,False
R2_4B_OPT_06361,TM,228.0,148.430206469859,40.0,19.501572871061907,-128.9286335987971,False,False
R2_4B_OPT_06361,TM,230.0,140.2924581254881,34.0,16.481272566835887,-123.81118555865223,False,False
R2_4B_OPT_06361,TM,232.0,132.15470978111725,34.0,9.734773433354915,-122.41993634776233,False,False
R2_4B_OPT_06361,TM,234.0,124.01696143674639,34.0,2.9882742998739453,-121.02868713687242,False,False
R2_4B_OPT_06361,TM,236.0,115.87921309237551,34.0,3.7582248336070254,-112.12098825876848,False,False
R2_4B_OPT_06361,TM,238.0,107.74146474800483,34.0,10.504723967088198,-97.23674078091662,False,False
R2_4B_OPT_06361,TM,240.0,99.60371640363395,24.0,5.922909921945037,-93.68080648168892,False,False
R2_4B_OPT_06361,TM,242.0,91.46596805926308,24.0,1.5112931134935172,-89.95467494576955,False,False
R2_4B_OPT_06361,TM,244.0,83.32821971489221,28.0,1.9382034483294448,-81.39001626656275,False,False
R2_4B_OPT_06361,TM,246.0,75.19047137052134,22.0,1.2156535210536177,-73.97481784946771,False,False
R2_4B_OPT_06361,TM,248.0,67.05272302615046,35.0,3.4335223337387535,-63.61920069241171,False,False
R2_4B_OPT_06361,TM,250.0,58.91497468177959,31.0,1.593949472890598,-57.32102520888899,False,False
R2_4B_OPT_06361,TM,252.0,50.77722633740873,37.0,2.2421200610190453,-48.53510627638968,False,False
R2_4B_OPT_06361,TM,254.0,42.63947799303785,38.0,3.100665983118946,-39.53881200991891,False,False
R2_4B_OPT_06361,TM,256.0,34.501729648666974,20.0,3.3112303457712833,-31.19049930289569,False,False
R2_4B_OPT_06361,TM,258.0,26.363981304296104,26.0,0.7735146298397751,-25.59046667445633,False,False
R2_4B_OPT_06361,TM,260.0,18.226232959925234,26.0,8.087674392041219,-10.138558567884017,False,False
R2_4B_OPT_06361,TM,262.0,10.088484615554359,36.0,5.604952259170463,-4.483532356383897,True,False
R2_4B_OPT_06361,TM,264.0,1.9507362711834875,36.0,0.9786244473722955,-0.972111823811192,True,False
R2_4B_OPT_06361,TM,266.0,6.187012073187384,36.0,7.562201153914849,1.3751890807274643,True,True
R2_4B_OPT_06361,TM,268.0,14.324760417558254,36.0,14.145777860457404,-0.17898255710085137,True,False
R2_4B_OPT_06361,TM,270.0,22.46250876192913,36.0,20.72935456699996,-1.733154194929171,False,False
R2_4B_OPT_06361,TM,272.0,30.6002571063,29.0,16.793329701136088,-13.80692740516391,False,False
R2_4B_OPT_06361,TM,274.0,38.738005450670876,29.0,9.675894627408363,-29.06211082326252,False,False
R2_4B_OPT_06361,TM,276.0,46.87575379504154,29.0,2.5584595536806374,-44.317294241360905,False,False
R2_4B_OPT_06361,TM,278.0,55.01350213941241,29.0,4.558975520047292,-50.45452661936512,False,False
R2_4B_OPT_06361,TM,280.0,63.15125048378329,29.0,11.676410593775019,-51.47483989000827,False,False
R2_4B_OPT_06361,TM,282.0,71.28899882815416,32.0,13.146956487350998,-58.14204234080317,False,False
R2_4B_OPT_06361,TM,284.0,79.42674717252504,32.0,6.245754496907014,-73.18099267561803,False,False
R2_4B_OPT_06361,TM,286.0,87.5644955168959,32.0,0.6554474935367652,-86.90904802335915,False,False
R2_4B_OPT_06361,TM,288.0,95.70224386126678,23.0,1.6271878819010352,-94.07505597936574,False,False
R2_4B_OPT_06361,TM,290.0,103.83999220563766,23.0,5.863648965266767,-97.97634324037088,False,False
R2_4B_OPT_06361,TM,292.0,111.97774055000852,23.0,13.354485812434772,-98.62325473757375,False,False
R2_4B_OPT_06361,TM,294.0,120.11548889437938,23.0,20.84532265960278,-99.27016623477661,False,False
R2_4B_OPT_06361,TM,296.0,128.25323723875024,45.0,26.58686395788252,-101.66637328086773,False,False
R2_4B_OPT_06361,TM,298.0,136.39098558312114,45.0,20.832606919988105,-115.55837866313301,False,False
R2_4B_OPT_06361,TM,300.0,144.528733927492,45.0,15.0783498820939,-129.4503840453981,False,False
R2_4B_OPT_06361,TM,302.0,152.66648227186286,45.0,9.324092844199686,-143.3423894276632,False,False
R2_4B_OPT_06361,TM,304.0,160.80423061623375,45.0,3.5698358063054774,-157.23439480992826,False,False
R2_4B_OPT_06361,TM,306.0,168.94197896060462,46.0,1.1896482318448982,-167.75233072875974,False,False
R2_4B_OPT_06361,TM,308.0,177.0797273049755,25.0,1.951697188144964,-175.12803011683053,False,False
R2_4B_OPT_06361,TM,310.0,174.78252435065363,33.0,0.6572763643481979,-174.12524798630545,False,False
R2_4B_OPT_06361,TM,312.0,166.64477600628297,49.0,0.8194542919722939,-165.82532171431066,False,False
R2_4B_OPT_06361,TM,314.0,158.5070276619121,49.0,4.51938898500466,-153.98763867690744,False,False
R2_4B_OPT_06361,TM,316.0,150.3692793175412,50.0,0.1750643128606011,-150.19421500468061,False,False
R2_4B_OPT_06361,TM,318.0,142.23153097317035,50.0,5.405908119369302,-136.82562285380106,False,False
R2_4B_OPT_06361,TM,320.0,134.0937826287995,51.0,0.35505536157892476,-133.73872726722055,False,False
R2_4B_OPT_06361,TM,322.0,125.9560342844286,42.0,3.586870370614495,-122.36916391381412,False,False
R2_4B_OPT_06361,TM,324.0,117.81828594005773,52.0,2.2504031096234347,-115.56788283043429,False,False
R2_4B_OPT_06361,TM,326.0,109.68053759568686,52.0,2.7596950419009123,-106.92084255378595,False,False
R2_4B_OPT_06361,TM,328.0,101.54278925131598,53.0,5.393241713052908,-96.14954753826308,False,False
R2_4B_OPT_06361,TM,330.0,93.40504090694512,53.0,0.495822504779706,-92.90921840216541,False,False
R2_4B_OPT_06361,TM,332.0,85.26729256257424,53.0,4.401596703493293,-80.86569585908094,False,False
R2_4B_OPT_06361,TM,334.0,77.12954421820336,54.0,4.911044555205205,-72.21849966299817,False,False
R2_4B_OPT_06361,TM,336.0,68.9917958738325,54.0,0.12779609151653845,-68.86399978231596,False,False
R2_4B_OPT_06361,TM,338.0,60.854047529461624,24.0,1.6469611854538782,-59.20708634400775,False,False
R2_4B_OPT_06361,TM,340.0,52.716299185090755,22.0,4.160469239817776,-48.555829945272976,False,False
R2_4B_OPT_06361,TM,342.0,44.578550840719885,55.0,1.0814965869473847,-43.4970542537725,False,False
R2_4B_OPT_06361,TM,344.0,36.440802496349015,28.0,1.1984690460279683,-35.24233345032105,False,False
R2_4B_OPT_06361,TM,346.0,28.303054151978138,21.0,6.444778463334209,-21.85827568864393,False,False
R2_4B_OPT_06361,TM,348.0,20.16530580760747,21.0,1.15246410673047,-19.012841700877,False,False
R2_4B_OPT_06361,TM,350.0,12.0275574632366,56.0,1.2440718766747834,-10.783485586561815,True,False
R2_4B_OPT_06361,TM,352.0,3.889809118865725,31.0,2.6600496380992236,-1.2297594807665015,True,False
R2_4B_OPT_06361,TM,354.0,4.247939225505147,35.0,3.2656584796214108,-0.9822807458837359,True,False
R2_4B_OPT_06361,TM,356.0,12.385687569876017,26.0,0.8326570222899765,-11.553030547586042,True,False
R2_4B_OPT_06361,TM,358.0,20.52343591424689,57.0,2.101274475219682,-18.422161439027207,False,False
R2_4B_OPT_06361,TM,360.0,28.661184258617762,57.0,6.533409880693076,-22.127774377924688,False,False
R2_4B_OPT_06361,TM,362.0,36.798932602988636,37.0,4.791906080646505,-32.00702652234213,False,False
R2_4B_OPT_06361,TM,364.0,44.936680947359505,41.0,0.17424154435915923,-44.76243940300035,False,False
R2_4B_OPT_06361,TM,366.0,53.07442929173038,58.0,1.5179131731159454,-51.55651611861444,False,False
R2_4B_OPT_06361,TM,368.0,61.21217763610126,58.0,5.8302627882796845,-55.38191484782158,False,False
R2_4B_OPT_06361,TM,370.0,69.34992598047212,59.0,8.866603506390694,-60.48332247408143,False,False
R2_4B_OPT_06361,TM,372.0,77.48767432484298,36.0,3.5082333993263255,-73.97944092551667,False,False
R2_4B_OPT_06361,TM,374.0,85.62542266921388,59.0,0.484103023616282,-85.1413196455976,False,False
R2_4B_OPT_06361,TM,376.0,93.76317101358475,59.0,3.707147217771127,-90.05602379581362,False,False
R2_4B_OPT_06361,TM,378.0,101.90091935795562,29.0,0.4307292064344761,-101.47019015152114,False,False
R2_4B_OPT_06361,TM,380.0,110.03866770232649,29.0,7.548164280162404,-102.49050342216408,False,False
R2_4B_OPT_06361,TM,382.0,118.17641604669737,60.0,3.8873468787314773,-114.28906916796589,False,False
R2_4B_OPT_06361,TM,384.0,126.31416439106823,60.0,0.18152729345395902,-126.13263709761429,False,False
R2_4B_OPT_06361,TM,386.0,134.4519127354389,60.0,4.250401465639396,-130.2015112697995,False,False
R2_4B_OPT_06361,TM,388.0,142.5896610798098,32.0,7.38325099382865,-135.20641008598113,False,False
R2_4B_OPT_06361,TM,390.0,150.72740942418065,32.0,0.48204900338487067,-150.24536042079578,False,False
R2_4B_OPT_06361,TM,392.0,158.8651577685515,32.0,6.419152987058909,-152.44600478149263,False,False
R2_4B_OPT_06361,TM,394.0,167.0029061129224,32.0,13.320354977502689,-153.68255113541971,False,False
R2_4B_OPT_06361,TM,396.0,175.14065445729327,32.0,20.221556967946672,-154.9190974893466,False,False
R2_4B_OPT_06361,TM,398.0,176.72159719833587,32.0,27.122758958390452,-149.59883823994545,False,False
R2_4B_OPT_06361,TM,400.0,168.583848853965,25.0,22.687681289540684,-145.89616756442433,False,False
R2_4B_OPT_06361,TM,402.0,160.44610050959415,25.0,15.31237659609284,-145.1337239135013,False,False
R2_4B_OPT_06361,TM,404.0,152.30835216522325,25.0,7.937071902644793,-144.37128026257847,False,False
R2_4B_OPT_06361,TM,406.0,144.1706038208524,25.0,0.5617672091969493,-143.60883661165545,False,False
R2_4B_OPT_06361,TM,408.0,136.03285547648153,25.0,6.813537484250895,-129.21931799223063,False,False
R2_4B_OPT_06361,TM,410.0,127.89510713211085,27.0,2.5728233698344303,-125.32228376227643,False,False
R2_4B_OPT_06361,TM,412.0,119.75735878773997,27.0,4.677963497203106,-115.07939529053687,False,False
R2_4B_OPT_06361,TM,414.0,111.61961044336911,33.0,4.448442295588774,-107.17116814778034,False,False
R2_4B_OPT_06361,TM,416.0,103.48186209899823,33.0,2.376447730181588,-101.10541436881664,False,False
R2_4B_OPT_06361,TM,418.0,95.34411375462736,30.0,1.8876391893300666,-93.4564745652973,False,False
R2_4B_OPT_06361,TM,420.0,87.2063654102565,30.0,5.159857606499768,-82.04650780375671,False,False
R2_4B_OPT_06361,TM,422.0,79.06861706588562,39.0,10.342150966599295,-68.72646609928633,False,False
R2_4B_OPT_06361,TM,424.0,70.93086872151474,39.0,4.0179327054183025,-66.91293601609645,False,False
R2_4B_OPT_06361,TM,426.0,62.79312037714387,39.0,2.3062855557626913,-60.48683482138117,False,False
R2_4B_OPT_06361,TM,428.0,54.655372032772995,44.0,4.420367594374258,-50.23500443839873,False,False
R2_4B_OPT_06361,TM,430.0,46.517623688402125,45.0,1.0516424189684836,-45.465981269433634,False,False
R2_4B_OPT_06176,TE,160.0,76.80955421905178,24.0,0.11978436403863628,-76.68976985501314,False,False
R2_4B_OPT_06176,TE,162.0,68.6718058746809,20.0,0.8412614149119076,-67.83054445976899,False,False
R2_4B_OPT_06176,TE,164.0,60.53405753031003,45.0,3.116006745540978,-57.418050784769044,False,False
R2_4B_OPT_06176,TE,166.0,52.39630918593915,40.0,3.421962365889169,-48.97434682004999,False,False
R2_4B_OPT_06176,TE,168.0,44.25856084156828,40.0,2.811914532816735,-41.446646308751546,False,False
R2_4B_OPT_06176,TE,170.0,36.12081249719741,42.0,1.1574442755778391,-34.963368221619575,False,False
R2_4B_OPT_06176,TE,172.0,27.983064152826536,42.0,4.890081297578613,-23.092982855247925,False,False
R2_4B_OPT_06176,TE,174.0,19.84531580845577,42.0,10.937606870735065,-8.907708937720704,False,False
R2_4B_OPT_06176,TE,176.0,11.707567464084896,42.0,16.985132443891516,5.277564979806619,True,True
R2_4B_OPT_06176,TE,178.0,3.569819119714024,42.0,23.03265801704787,19.462838897333846,True,True
R2_4B_OPT_06176,TE,180.0,4.567929224656848,51.0,23.209519582988552,18.641590358331705,True,True
R2_4B_OPT_06176,TE,182.0,12.70567756902772,51.0,18.08826861264397,5.382591043616247,True,True
R2_4B_OPT_06176,TE,184.0,20.843425913398594,51.0,12.967017642299288,-7.876408271099306,False,False
R2_4B_OPT_06176,TE,186.0,28.981174257769464,51.0,7.845766671954602,-21.13540758581486,False,False
R2_4B_OPT_06176,TE,188.0,37.118922602140344,51.0,2.7245157016100205,-34.39440690053032,False,False
R2_4B_OPT_06176,TE,190.0,45.256670946511214,51.0,2.3967352687346626,-42.85993567777655,False,False
R2_4B_OPT_06176,TE,192.0,53.39441929088208,43.0,0.032654860787900454,-53.36176443009418,False,False
R2_4B_OPT_06176,TE,194.0,61.532167635252854,48.0,5.762734184452067,-55.76943345080079,False,False
R2_4B_OPT_06176,TE,196.0,69.66991597962372,48.0,0.3175177003873884,-69.35239827923634,False,False
R2_4B_OPT_06176,TE,198.0,77.8076643239946,48.0,5.127698783677291,-72.67996554031731,False,False
R2_4B_OPT_06176,TE,200.0,85.94541266836548,48.0,10.572915267741969,-75.3724974006235,False,False
R2_4B_OPT_06176,TE,202.0,94.08316101273634,41.0,4.663673691539289,-89.41948732119705,False,False
R2_4B_OPT_06176,TE,204.0,102.22090935710722,41.0,1.4779629453993857,-100.74294641170783,False,False
R2_4B_OPT_06176,TE,206.0,110.3586577014781,41.0,7.61959958233806,-102.73905811914003,False,False
R2_4B_OPT_06176,TE,208.0,118.49640604584896,39.0,6.246117352099194,-112.25028869374977,False,False
R2_4B_OPT_06176,TE,210.0,126.63415439021983,39.0,0.07810090908179873,-126.55605348113804,False,False
R2_4B_OPT_06176,TE,212.0,134.7719027345906,39.0,6.402319170262793,-128.3695835643278,False,False
R2_4B_OPT_06176,TE,214.0,142.90965107896147,39.0,12.726537431443784,-130.1831136475177,False,False
R2_4B_OPT_06176,TE,216.0,151.04739942333237,39.0,19.050755692624783,-131.99664373070758,False,False
R2_4B_OPT_06176,TE,218.0,159.18514776770323,39.0,25.374973953805775,-133.81017381389745,False,False
R2_4B_OPT_06176,TE,220.0,167.3228961120741,49.0,22.00223876542346,-145.32065734665065,False,False
R2_4B_OPT_06176,TE,222.0,175.46064445644498,49.0,16.663395488446408,-158.79724896799857,False,False
R2_4B_OPT_06176,TE,224.0,176.40160719918418,37.0,10.799219168588388,-165.6023880305958,False,False
R2_4B_OPT_06176,TE,226.0,168.26385885481332,37.0,4.300124368945307,-163.963734485868,False,False
R2_4B_OPT_06176,TE,228.0,160.12611051044235,49.0,0.6468656575152383,-159.4792448529271,False,False
R2_4B_OPT_06176,TE,230.0,151.98836216607145,46.0,2.17085275630624,-149.81750940976522,False,False
R2_4B_OPT_06176,TE,232.0,143.8506138217006,50.0,2.3496701658988535,-141.50094365580173,False,False
R2_4B_OPT_06176,TE,234.0,135.71286547732973,50.0,2.881173640609847,-132.83169183671987,False,False
R2_4B_OPT_06176,TE,236.0,127.57511713295885,50.0,8.112017447118548,-119.46309968584029,False,False
R2_4B_OPT_06176,TE,238.0,119.43736878858817,36.0,9.149274802813983,-110.2880939857742,False,False
R2_4B_OPT_06176,TE,240.0,111.2996204442173,36.0,2.5656980962713267,-108.73392234794596,False,False
R2_4B_OPT_06176,TE,242.0,103.16187209984642,54.0,1.536820788272417,-101.62505131157401,False,False
R2_4B_OPT_06176,TE,244.0,95.02412375547554,55.0,0.9379690766386453,-94.0861546788369,False,False
R2_4B_OPT_06176,TE,246.0,86.88637541110468,56.0,1.3713369156229966,-85.51503849548168,False,False
R2_4B_OPT_06176,TE,248.0,78.7486270667338,35.0,0.30722088381333856,-78.44140618292046,False,False
R2_4B_OPT_06176,TE,250.0,70.61087872236293,58.0,1.8355335819455671,-68.77534514041737,False,False
R2_4B_OPT_06176,TE,252.0,62.47313037799206,34.0,0.9693187965740926,-61.50381158141796,False,False
R2_4B_OPT_06176,TE,254.0,54.335382033621194,33.0,0.14435390471566845,-54.19102812890552,False,False
R2_4B_OPT_06176,TE,256.0,46.19763368925032,31.0,1.3518521952923714,-44.845781493957944,False,False
R2_4B_OPT_06176,TE,258.0,38.05988534487945,60.0,0.8206688906974664,-37.239216454181985,False,False
R2_4B_OPT_06176,TE,260.0,29.92213700050857,60.0,3.2482052814879694,-26.6739317190206,False,False
R2_4B_OPT_06176,TE,262.0,21.7843886561377,60.0,7.317079453673405,-14.467309202464294,False,False
R2_4B_OPT_06176,TE,264.0,13.646640311766829,44.0,4.489117891630336,-9.157522420136495,True,False
R2_4B_OPT_06176,TE,266.0,5.5088919673959555,44.0,1.3646883776156058,-4.144203589780349,True,False
R2_4B_OPT_06176,TE,268.0,2.6288563769749165,47.0,0.24426135971629864,-2.3845950172586177,True,False
R2_4B_OPT_06176,TE,270.0,10.76660472134579,47.0,5.305669665746019,-5.46093505559977,True,False
R2_4B_OPT_06176,TE,272.0,18.904353065716663,47.0,10.855600691208235,-8.048752374508428,False,False
R2_4B_OPT_06176,TE,274.0,27.042101410087533,47.0,16.40553171667045,-10.636569693417082,False,False
R2_4B_OPT_06176,TE,276.0,35.1798497544582,40.0,20.558732937061187,-14.621116817397015,False,False
R2_4B_OPT_06176,TE,278.0,43.31759809882908,40.0,14.324856038355383,-28.9927420604737,False,False
R2_4B_OPT_06176,TE,280.0,51.45534644319994,40.0,8.090979139649377,-43.364367303550566,False,False
R2_4B_OPT_06176,TE,282.0,59.59309478757083,40.0,1.857102240943372,-57.73599254662746,False,False
R2_4B_OPT_06176,TE,284.0,67.7308431319417,40.0,4.376774657762633,-63.35406847417906,False,False
R2_4B_OPT_06176,TE,286.0,75.86859147631257,45.0,5.874313942910651,-69.99427753340193,False,False
R2_4B_OPT_06176,TE,288.0,84.00633982068344,45.0,0.12005690501644085,-83.886282915667,False,False
R2_4B_OPT_06176,TE,290.0,92.14408816505431,42.0,1.6940901138084343,-90.44999805124587,False,False
R2_4B_OPT_06176,TE,292.0,100.28183650942519,42.0,7.741615686964682,-92.5402208224605,False,False
R2_4B_OPT_06176,TE,294.0,108.41958485379605,42.0,13.789141260121133,-94.63044359367493,False,False
R2_4B_OPT_06176,TE,296.0,116.55733319816692,42.0,19.836666833277587,-96.72066636488933,False,False
R2_4B_OPT_06176,TE,298.0,124.69508154253779,42.0,25.88419240643404,-98.81088913610375,False,False
R2_4B_OPT_06176,TE,300.0,132.83282988690866,42.0,31.931717979590488,-100.90111190731818,False,False
R2_4B_OPT_06176,TE,302.0,140.97057823127955,43.0,32.696174263238106,-108.27440396804143,False,False
R2_4B_OPT_06176,TE,304.0,149.1083265756504,43.0,26.744601888737108,-122.36372468691329,False,False
R2_4B_OPT_06176,TE,306.0,157.24607492002127,43.0,20.79302951423632,-136.45304540578496,False,False
R2_4B_OPT_06176,TE,308.0,165.38382326439216,43.0,14.841457139735322,-150.5423661246568,False,False
R2_4B_OPT_06176,TE,310.0,173.52157160876303,43.0,8.889884765234532,-164.63168684352848,False,False
R2_4B_OPT_06176,TE,312.0,178.3406800468663,43.0,2.9383123907335382,-175.40236765613275,False,False
R2_4B_OPT_06176,TE,314.0,170.20293170249542,43.0,3.0132599837672527,-167.1896717187282,False,False
R2_4B_OPT_06176,TE,316.0,162.06518335812456,43.0,8.964832358268248,-153.10035099985632,False,False
R2_4B_OPT_06176,TE,318.0,153.9274350137537,41.0,8.448748749095445,-145.47868626465822,False,False
R2_4B_OPT_06176,TE,320.0,145.7896866693828,41.0,2.307112112156872,-143.48257455722595,False,False
R2_4B_OPT_06176,TE,322.0,137.65193832501194,41.0,3.8345245247819046,-133.81741380023004,False,False
R2_4B_OPT_06176,TE,324.0,129.51418998064108,39.0,0.5585417963969805,-128.9556481842441,False,False
R2_4B_OPT_06176,TE,326.0,121.3764416362702,48.0,6.378446236183781,-114.99799540008641,False,False
R2_4B_OPT_06176,TE,328.0,113.23869329189932,48.0,0.9332297521191025,-112.30546353978023,False,False
R2_4B_OPT_06176,TE,330.0,105.10094494752845,51.0,0.8843031928593305,-104.21664175466913,False,False
R2_4B_OPT_06176,TE,332.0,96.96319660315758,51.0,6.005554163203912,-90.95764243995367,False,False
R2_4B_OPT_06176,TE,334.0,88.82544825878671,51.0,11.126805133548595,-77.6986431252381,False,False
R2_4B_OPT_06176,TE,336.0,80.68769991441583,37.0,6.849910388572969,-73.83778952584287,False,False
R2_4B_OPT_06176,TE,338.0,72.54995157004497,37.0,0.3508155889299889,-72.19913598111498,False,False
R2_4B_OPT_06176,TE,340.0,64.4122032256741,37.0,6.148279210713398,-58.2639240149607,False,False
R2_4B_OPT_06176,TE,342.0,56.27445488130323,37.0,12.64737401035638,-43.62708087094685,False,False
R2_4B_OPT_06176,TE,344.0,48.13670653693235,37.0,19.146468809999764,-28.99023772693259,False,False
R2_4B_OPT_06176,TE,346.0,39.99895819256148,36.0,13.6361326495125,-26.36282554304898,False,False
R2_4B_OPT_06176,TE,348.0,31.86120984819081,36.0,7.052555942969948,-24.80865390522086,False,False
R2_4B_OPT_06176,TE,350.0,23.72346150381994,36.0,0.4689792364273935,-23.254482267392547,False,False
R2_4B_OPT_06176,TE,352.0,15.585713159449064,22.0,0.04640245928703096,-15.539310700162032,False,False
R2_4B_OPT_06176,TE,354.0,7.447964815078195,24.0,0.9979100735051267,-6.450054741573068,True,False
R2_4B_OPT_06176,TE,356.0,0.6897835292926786,35.0,0.2740932626536196,-0.41569026663905906,True,False
R2_4B_OPT_06176,TE,358.0,8.82753187366355,46.0,0.38173249351821914,-8.445799380145333,True,False
R2_4B_OPT_06176,TE,360.0,16.965280218034422,32.0,0.601234149203181,-16.364046068831243,False,False
R2_4B_OPT_06176,TE,362.0,25.1030285624053,38.0,2.3077338141424297,-22.79529474826287,False,False
R2_4B_OPT_06176,TE,364.0,33.24077690677617,49.0,2.3944771769243642,-30.846299729851804,False,False
R2_4B_OPT_06176,TE,366.0,41.378525251147046,49.0,7.733320453901522,-33.645204797245526,False,False
R2_4B_OPT_06176,TE,368.0,49.51627359551791,50.0,6.6522913233046665,-42.86398227221324,False,False
R2_4B_OPT_06176,TE,370.0,57.65402193988879,50.0,1.4214475167957619,-56.23257442309303,False,False
R2_4B_OPT_06176,TE,372.0,65.79177028425967,50.0,3.809396289712939,-61.98237399454672,False,False
R2_4B_OPT_06176,TE,374.0,73.92951862863053,50.0,9.04024009622164,-64.8892785324089,False,False
R2_4B_OPT_06176,TE,376.0,82.06726697300141,50.0,14.27108390273034,-67.79618307027107,False,False
R2_4B_OPT_06176,TE,378.0,90.20501531737229,50.0,19.501927709239038,-70.70308760813325,False,False
R2_4B_OPT_06176,TE,380.0,98.34276366174315,53.0,24.64830063263449,-73.69446302910866,False,False
R2_4B_OPT_06176,TE,382.0,106.48051200611403,44.0,19.114548006120703,-87.36596399999333,False,False
R2_4B_OPT_06176,TE,384.0,114.6182603504849,44.0,13.260741736874861,-101.35751861361004,False,False
R2_4B_OPT_06176,TE,386.0,122.75600869485557,44.0,7.40693546762882,-115.34907322722674,False,False
R2_4B_OPT_06176,TE,388.0,130.89375703922644,44.0,1.553129198382979,-129.34062784084344,False,False
R2_4B_OPT_06176,TE,390.0,139.0315053835973,53.0,0.16120459126889028,-138.8703007923284,False,False
R2_4B_OPT_06176,TE,392.0,147.1692537279682,52.0,1.4455026615021396,-145.72375106646606,False,False
R2_4B_OPT_06176,TE,394.0,155.30700207233906,54.0,1.9900624520671248,-153.31693962027194,False,False
R2_4B_OPT_06176,TE,396.0,163.44475041670992,55.0,4.322858081635557,-159.12189233507436,False,False
R2_4B_OPT_06176,TE,398.0,171.5824987610808,40.0,0.29224211599767647,-171.29025664508313,False,False
R2_4B_OPT_06176,TE,400.0,179.72024710545168,55.0,5.012383308936167,-174.7078637965155,False,False
R2_4B_OPT_06176,TE,402.0,172.1420045501775,56.0,3.6841153809424414,-168.45788916923502,False,False
R2_4B_OPT_06176,TE,404.0,164.0042562058066,56.0,0.8664557434605175,-163.1378004623461,False,False
R2_4B_OPT_06176,TE,406.0,155.86650786143574,56.0,5.417026867863477,-150.44948099357228,False,False
R2_4B_OPT_06176,TE,408.0,147.72875951706487,42.0,1.501901069961744,-146.22685844710313,False,False
R2_4B_OPT_06176,TE,410.0,139.59101117269398,57.0,0.653197911308147,-138.93781326138583,False,False
R2_4B_OPT_06176,TE,412.0,131.45326282832312,45.0,3.356120555573961,-128.09714227274915,False,False
R2_4B_OPT_06176,TE,414.0,123.31551448395224,45.0,2.398136482320248,-120.917378001632,False,False
R2_4B_OPT_06176,TE,416.0,115.17776613958137,58.0,3.910515523334552,-111.26725061624683,False,False
R2_4B_OPT_06176,TE,418.0,107.0400177952105,58.0,0.40183409182939117,-106.6381837033811,False,False
R2_4B_OPT_06176,TE,420.0,98.90226945083963,58.0,4.714183706993538,-94.18808574384609,False,False
R2_4B_OPT_06176,TE,422.0,90.76452110646896,59.0,8.721840410202454,-82.0426806962665,False,False
R2_4B_OPT_06176,TE,424.0,82.62677276209808,59.0,4.530590168815249,-78.09618259328285,False,False
R2_4B_OPT_06176,TE,426.0,74.48902441772721,59.0,0.3393399274280437,-74.14968449029918,False,False
R2_4B_OPT_06176,TE,428.0,66.35127607335633,59.0,3.8519103139591624,-62.499365759397165,False,False
R2_4B_OPT_06176,TE,430.0,58.213527728985454,59.0,8.043160555346367,-50.17036717363909,False,False
R2_4B_OPT_06176,TM,160.0,76.80955421905178,38.0,1.4709838120417476,-75.33857040701002,False,False
R2_4B_OPT_06176,TM,162.0,68.6718058746809,38.0,4.941649393467847,-63.73015648121305,False,False
R2_4B_OPT_06176,TM,164.0,60.53405753031003,27.0,1.2611472514894932,-59.27291027882053,False,False
R2_4B_OPT_06176,TM,166.0,52.39630918593915,27.0,5.989639615548043,-46.40666957039111,False,False
R2_4B_OPT_06176,TM,168.0,44.25856084156828,31.0,5.875443533226648,-38.38311730834164,False,False
R2_4B_OPT_06176,TM,170.0,36.12081249719741,31.0,1.0999682489108005,-35.020844248286615,False,False
R2_4B_OPT_06176,TM,172.0,27.983064152826536,31.0,8.075380031048251,-19.907684121778285,False,False
R2_4B_OPT_06176,TM,174.0,19.84531580845577,48.0,12.350221969326768,-7.495093839129002,False,False
R2_4B_OPT_06176,TM,176.0,11.707567464084896,48.0,6.9050054852620875,-4.802561978822809,True,False
R2_4B_OPT_06176,TM,178.0,3.569819119714024,48.0,1.4597890011974086,-2.110030118516615,True,False
R2_4B_OPT_06176,TM,180.0,4.567929224656848,50.0,0.6789948483667773,-3.888934376290071,True,False
R2_4B_OPT_06176,TM,182.0,12.70567756902772,39.0,0.06539598273522355,-12.640281586292497,True,False
R2_4B_OPT_06176,TM,184.0,20.843425913398594,44.0,0.40671045431752045,-20.436715459081075,False,False
R2_4B_OPT_06176,TM,186.0,28.981174257769464,54.0,1.9519142364083841,-27.02926002136108,False,False
R2_4B_OPT_06176,TM,188.0,37.118922602140344,43.0,2.083037253463312,-35.035885348677034,False,False
R2_4B_OPT_06176,TM,190.0,45.256670946511214,55.0,1.2852653942249421,-43.97140555228627,False,False
R2_4B_OPT_06176,TM,192.0,53.39441929088208,28.0,0.7590122974499394,-52.635406993432134,False,False
R2_4B_OPT_06176,TM,194.0,61.532167635252755,56.0,3.5856134386238687,-57.94655419662888,False,False
R2_4B_OPT_06176,TM,196.0,69.66991597962362,57.0,0.5567341001699666,-69.11318187945366,False,False
R2_4B_OPT_06176,TM,198.0,77.8076643239945,41.0,1.062778036705133,-76.74488628728938,False,False
R2_4B_OPT_06176,TM,200.0,85.94541266836538,58.0,1.2150584514999894,-84.73035421686538,False,False
R2_4B_OPT_06176,TM,202.0,94.08316101273624,59.0,3.154618654643724,-90.92854235809253,False,False
R2_4B_OPT_06176,TM,204.0,102.22090935710712,59.0,1.0366315867434814,-101.18427777036364,False,False
R2_4B_OPT_06176,TM,206.0,110.358657701478,60.0,4.0252957970558345,-106.33336190442216,False,False
R2_4B_OPT_06176,TM,208.0,118.49640604584886,60.0,0.04357837512960111,-118.45282767071926,False,False
R2_4B_OPT_06176,TM,210.0,126.63415439021973,33.0,1.354154710567348,-125.27999967965239,False,False
R2_4B_OPT_06176,TM,212.0,134.7719027345906,36.0,0.1988996686161675,-134.57300306597443,False,False
R2_4B_OPT_06176,TM,214.0,142.90965107896147,24.0,3.3097875099125034,-139.59986356904898,False,False
R2_4B_OPT_06176,TM,216.0,151.04739942333237,34.0,3.279424007984047,-147.7679754153483,False,False
R2_4B_OPT_06176,TM,218.0,159.18514776770323,34.0,3.467075125496924,-155.7180726422063,False,False
R2_4B_OPT_06176,TM,220.0,167.3228961120741,29.0,1.7356614895249616,-165.58723462254915,False,False
R2_4B_OPT_06176,TM,222.0,175.46064445644498,29.0,5.381773584202866,-170.0788708722421,False,False
R2_4B_OPT_06176,TM,224.0,176.40160719918418,35.0,10.070506138115539,-166.33110106106864,False,False
R2_4B_OPT_06176,TM,226.0,168.26385885481332,35.0,3.404452945914789,-164.85940590889854,False,False
R2_4B_OPT_06176,TM,228.0,160.12611051044235,35.0,3.261600246285961,-156.86451026415637,False,False
R2_4B_OPT_06176,TM,230.0,151.98836216607145,23.0,2.1829849263395404,-149.80537723973194,False,False
R2_4B_OPT_06176,TM,232.0,143.8506138217006,25.0,2.772464959592259,-141.07814886210835,False,False
R2_4B_OPT_06176,TM,234.0,135.71286547732973,25.0,4.60283973385579,-131.11002574347393,False,False
R2_4B_OPT_06176,TM,236.0,127.57511713295885,26.0,9.090928660918273,-118.48418847204057,False,False
R2_4B_OPT_06176,TM,238.0,119.43736878858817,26.0,1.7767688987168306,-117.66059988987135,False,False
R2_4B_OPT_06176,TM,240.0,111.2996204442173,22.0,4.715002487265269,-106.58461795695202,False,False
R2_4B_OPT_06176,TM,242.0,103.16187209984642,21.0,7.4915921969017845,-95.67027990294464,False,False
R2_4B_OPT_06176,TM,244.0,95.02412375547554,21.0,0.10565037316289462,-94.91847338231265,False,False
R2_4B_OPT_06176,TM,246.0,86.88637541110468,20.0,6.178064759807776,-80.7083106512969,False,False
R2_4B_OPT_06176,TM,248.0,78.7486270667338,30.0,1.3645911998037874,-77.38403586693002,False,False
R2_4B_OPT_06176,TM,250.0,70.61087872236293,30.0,5.682905596026046,-64.92797312633688,False,False
R2_4B_OPT_06176,TM,252.0,62.47313037799206,30.0,12.73040239185588,-49.742727986136174,False,False
R2_4B_OPT_06176,TM,254.0,54.335382033621194,30.0,19.777899187685914,-34.557482845935276,False,False
R2_4B_OPT_06176,TM,256.0,46.19763368925032,30.0,26.82539598351575,-19.37223770573457,False,False
R2_4B_OPT_06176,TM,258.0,38.05988534487945,27.0,20.47416450072558,-17.58572084415387,False,False
R2_4B_OPT_06176,TM,260.0,29.92213700050857,27.0,13.223377633688044,-16.698759366820525,False,False
R2_4B_OPT_06176,TM,262.0,21.7843886561377,27.0,5.972590766650507,-15.811797889487194,False,False
R2_4B_OPT_06176,TM,264.0,13.646640311766829,27.0,1.2781961003870301,-12.3684442113798,True,False
R2_4B_OPT_06176,TM,266.0,5.5088919673959555,27.0,8.528982967424566,3.0200910000286108,True,True
R2_4B_OPT_06176,TM,268.0,2.6288563769749165,38.0,15.188790714526837,12.559934337551919,True,True
R2_4B_OPT_06176,TM,270.0,10.76660472134579,38.0,8.776157509017345,-1.9904472123284451,True,False
R2_4B_OPT_06176,TM,272.0,18.904353065716663,38.0,2.3635243035078535,-16.54082876220881,False,False
R2_4B_OPT_06176,TM,274.0,27.042101410087533,31.0,3.8213809200585294,-23.220720490029002,False,False
R2_4B_OPT_06176,TM,276.0,35.1798497544582,38.0,10.46174210751154,-24.71810764694666,False,False
R2_4B_OPT_06176,TM,278.0,43.31759809882908,38.0,16.87437531302103,-26.44322278580805,False,False
R2_4B_OPT_06176,TM,280.0,51.45534644319994,38.0,23.287008518530524,-28.16833792466942,False,False
R2_4B_OPT_06176,TM,282.0,59.59309478757083,38.0,29.69964172404002,-29.893453063530803,False,False
R2_4B_OPT_06176,TM,284.0,67.7308431319417,28.0,28.72154335266754,-39.00929977927416,False,False
R2_4B_OPT_06176,TM,286.0,75.86859147631257,28.0,21.53633804071349,-54.332253435599085,False,False
R2_4B_OPT_06176,TM,288.0,84.00633982068344,28.0,14.351132728759437,-69.65520709192401,False,False
R2_4B_OPT_06176,TM,290.0,92.14408816505431,28.0,7.165927416805588,-84.97816074824873,False,False
R2_4B_OPT_06176,TM,292.0,100.28183650942519,28.0,0.019277895148462905,-100.26255861427671,False,False
R2_4B_OPT_06176,TM,294.0,108.41958485379605,39.0,5.909173356601238,-102.51041149719482,False,False
R2_4B_OPT_06176,TM,296.0,116.55733319816692,39.0,0.41504490457975474,-116.14228829358717,False,False
R2_4B_OPT_06176,TM,298.0,124.69508154253779,37.0,1.1683564891366027,-123.52672505340118,False,False
R2_4B_OPT_06176,TM,300.0,132.83282988690866,37.0,7.667451288779786,-125.16537859812887,False,False
R2_4B_OPT_06176,TM,302.0,140.97057823127955,45.0,12.067951094620044,-128.90262713665948,False,False
R2_4B_OPT_06176,TM,304.0,149.1083265756504,45.0,6.3136940567258355,-142.79463251892457,False,False
R2_4B_OPT_06176,TM,306.0,157.24607492002127,45.0,0.5594370188316266,-156.68663790118964,False,False
R2_4B_OPT_06176,TM,308.0,165.38382326439216,47.0,1.1443258382003774,-164.23949742619178,False,False
R2_4B_OPT_06176,TM,310.0,173.52157160876303,43.0,0.9628775910917388,-172.5586940176713,False,False
R2_4B_OPT_06176,TM,312.0,178.3406800468663,24.0,0.9661612265786546,-177.37451882028765,False,False
R2_4B_OPT_06176,TM,314.0,170.20293170249542,49.0,0.6028071370926463,-169.6001245654028,False,False
R2_4B_OPT_06176,TM,316.0,162.06518335812456,33.0,0.36501665526634697,-161.7001667028582,False,False
R2_4B_OPT_06176,TM,318.0,153.9274350137537,50.0,1.6072174974697673,-152.32021751628392,False,False
R2_4B_OPT_06176,TM,320.0,145.7896866693828,42.0,0.3571245744373486,-145.43256209494547,False,False
R2_4B_OPT_06176,TM,322.0,137.65193832501194,51.0,1.1267125227249923,-136.52522580228697,False,False
R2_4B_OPT_06176,TM,324.0,129.51418998064108,34.0,1.0315291999914065,-128.48266078064967,False,False
R2_4B_OPT_06176,TM,326.0,121.3764416362702,52.0,0.6995817564742658,-120.67685987979593,False,False
R2_4B_OPT_06176,TM,328.0,113.23869329189932,40.0,0.7599651523114724,-112.47872813958784,False,False
R2_4B_OPT_06176,TM,330.0,105.10094494752845,25.0,1.3825349806442437,-103.71840996688421,False,False
R2_4B_OPT_06176,TM,332.0,96.96319660315758,53.0,1.1311741431330526,-95.83202246002452,False,False
R2_4B_OPT_06176,TM,334.0,88.82544825878671,22.0,0.661120273605921,-88.16432798518079,False,False
R2_4B_OPT_06176,TM,336.0,80.68769991441583,54.0,3.208279459757203,-77.47942045465864,False,False
R2_4B_OPT_06176,TM,338.0,72.54995157004497,54.0,1.5749690039314628,-70.9749825661135,False,False
R2_4B_OPT_06176,TM,340.0,64.4122032256741,21.0,4.773293736265723,-59.63890948940838,False,False
R2_4B_OPT_06176,TM,342.0,56.27445488130323,20.0,0.8770745530581424,-55.397380328245085,False,False
R2_4B_OPT_06176,TM,344.0,48.13670653693235,55.0,0.6920589312363983,-47.444647605695955,False,False
R2_4B_OPT_06176,TM,346.0,39.99895819256148,55.0,5.35967962652226,-34.63927856603922,False,False
R2_4B_OPT_06176,TM,348.0,31.86120984819081,56.0,6.020409982344733,-25.84079986584608,False,False
R2_4B_OPT_06176,TM,350.0,23.72346150381994,56.0,1.469838857941773,-22.253622645878167,False,False
R2_4B_OPT_06176,TM,352.0,15.585713159449064,56.0,3.0807322664611863,-12.504980892987877,False,False
R2_4B_OPT_06176,TM,354.0,7.447964815078195,56.0,7.631303390864348,0.18333857578615306,True,True
R2_4B_OPT_06176,TM,356.0,0.6897835292926786,57.0,4.8724334619677006,4.182649932675022,True,True
R2_4B_OPT_06176,TM,358.0,8.82753187366355,57.0,0.44029805649430703,-8.387233817169244,True,False
R2_4B_OPT_06176,TM,360.0,16.965280218034422,57.0,3.991837348978883,-12.973442869055539,False,False
R2_4B_OPT_06176,TM,362.0,25.1030285624053,27.0,3.433247414774085,-21.669781147631213,False,False
R2_4B_OPT_06176,TM,364.0,33.24077690677617,27.0,3.8175394522632486,-29.423237454512922,False,False
R2_4B_OPT_06176,TM,366.0,41.378525251147046,58.0,0.8599234898889955,-40.51860176125805,False,False
R2_4B_OPT_06176,TM,368.0,49.51627359551791,58.0,3.4524261252751516,-46.06384747024276,False,False
R2_4B_OPT_06176,TM,370.0,57.65402193988879,58.0,7.764775740438891,-49.88924619944989,False,False
R2_4B_OPT_06176,TM,372.0,65.79177028425967,59.0,6.89834813672762,-58.89342214753205,False,False
R2_4B_OPT_06176,TM,374.0,73.92951862863053,59.0,2.7070978953404143,-71.22242073329012,False,False
R2_4B_OPT_06176,TM,376.0,82.06726697300141,31.0,0.4326181909312925,-81.63464878207012,False,False
R2_4B_OPT_06176,TM,378.0,90.20501531737229,59.0,5.675402587434199,-84.52961272993808,False,False
R2_4B_OPT_06176,TM,380.0,98.34276366174315,59.0,9.866652828821405,-88.47611083292175,False,False
R2_4B_OPT_06176,TM,382.0,106.48051200611403,60.0,5.96436864473787,-100.51614336137617,False,False
R2_4B_OPT_06176,TM,384.0,114.6182603504849,60.0,1.8954944725524332,-112.72276587793247,False,False
R2_4B_OPT_06176,TM,386.0,122.75600869485557,60.0,2.1733796996330033,-120.58262899522258,False,False
R2_4B_OPT_06176,TM,388.0,130.89375703922644,60.0,6.2422538718184395,-124.65150316740801,False,False
R2_4B_OPT_06176,TM,390.0,139.0315053835973,28.0,7.905661819107065,-131.12584356449025,False,False
R2_4B_OPT_06176,TM,392.0,147.1692537279682,28.0,0.7204565071530136,-146.44879722081518,False,False
R2_4B_OPT_06176,TM,394.0,155.30700207233906,28.0,6.464748804801038,-148.842253267538,False,False
R2_4B_OPT_06176,TM,396.0,163.44475041670992,28.0,13.649954116754886,-149.79479629995504,False,False
R2_4B_OPT_06176,TM,398.0,171.5824987610808,32.0,11.174910626238848,-160.40758813484194,False,False
R2_4B_OPT_06176,TM,400.0,179.72024710545168,32.0,4.273708635795069,-175.44653846965662,False,False
R2_4B_OPT_06176,TM,402.0,172.1420045501775,32.0,2.627493354648711,-169.51451119552877,False,False
R2_4B_OPT_06176,TM,404.0,164.0042562058066,32.0,9.52869534509249,-154.4755608607141,False,False
R2_4B_OPT_06176,TM,406.0,155.86650786143574,37.0,7.880524330134141,-147.98598353130157,False,False
R2_4B_OPT_06176,TM,408.0,147.72875951706487,37.0,1.381429530490958,-146.3473299865739,False,False
R2_4B_OPT_06176,TM,410.0,139.59101117269418,39.0,0.8954857918949364,-138.69552538079924,False,False
R2_4B_OPT_06176,TM,412.0,131.45326282832332,39.0,7.21970405307593,-124.23355877524739,False,False
R2_4B_OPT_06176,TM,414.0,123.31551448395244,39.0,13.543922314256921,-109.77159216969552,False,False
R2_4B_OPT_06176,TM,416.0,115.17776613958158,33.0,18.390482056211546,-96.78728408337003,False,False
R2_4B_OPT_06176,TM,418.0,107.0400177952107,33.0,11.565592030440985,-95.47442576476972,False,False
R2_4B_OPT_06176,TM,420.0,98.90226945083982,33.0,4.7407020046706245,-94.1615674461692,False,False
R2_4B_OPT_06176,TM,422.0,90.76452110646896,33.0,2.0841880210999397,-88.68033308536901,False,False
R2_4B_OPT_06176,TM,424.0,82.62677276209808,29.0,4.242716030705266,-78.38405673139282,False,False
R2_4B_OPT_06176,TM,426.0,74.48902441772721,25.0,7.367909695144073,-67.12111472258314,False,False
R2_4B_OPT_06176,TM,428.0,66.35127607335633,25.0,0.007394998303770972,-66.34388107505255,False,False
R2_4B_OPT_06176,TM,430.0,58.213527728985454,44.0,0.42488157156629297,-57.78864615741916,False,False
R2_4D2_OPT_13003,TE,160.0,97.85294177896924,43.0,33.18448216272376,-64.66845961624549,False,False
R2_4D2_OPT_13003,TE,162.0,89.71519343459836,43.0,27.232909788222962,-62.4822836463754,False,False
R2_4D2_OPT_13003,TE,164.0,81.57744509022749,43.0,21.28133741372197,-60.29610767650552,False,False
R2_4D2_OPT_13003,TE,166.0,73.43969674585662,43.0,15.32976503922118,-58.10993170663544,False,False
R2_4D2_OPT_13003,TE,168.0,65.30194840148575,43.0,9.378192664720185,-55.923755736765564,False,False
R2_4D2_OPT_13003,TE,170.0,57.164200057114876,43.0,3.426620290219189,-53.737579766895685,False,False
R2_4D2_OPT_13003,TE,172.0,49.026451712744,35.0,1.5222111363095097,-47.50424057643449,False,False
R2_4D2_OPT_13003,TE,174.0,40.88870336837323,33.0,1.1987159509944878,-39.689987417378745,False,False
R2_4D2_OPT_13003,TE,176.0,32.750955024002366,32.0,0.4576990397400689,-32.293255984262295,False,False
R2_4D2_OPT_13003,TE,178.0,24.61320667963149,25.0,0.07526197757822518,-24.537944702053263,False,False
R2_4D2_OPT_13003,TE,180.0,16.475458335260615,46.0,2.752753102097764,-13.722705233162852,False,False
R2_4D2_OPT_13003,TE,182.0,8.337709990889744,46.0,8.405708106203795,0.06799811531405149,True,True
R2_4D2_OPT_13003,TE,184.0,0.1999616465188703,41.0,10.822845728823133,10.622884082304262,True,True
R2_4D2_OPT_13003,TE,186.0,7.937786697852002,41.0,4.681209091884355,-3.2565776059676463,True,False
R2_4D2_OPT_13003,TE,188.0,16.075535042222874,41.0,1.460427545054421,-14.615107497168454,False,False
R2_4D2_OPT_13003,TE,190.0,24.213283386593748,37.0,2.0200247861975384,-22.193258600396213,False,False
R2_4D2_OPT_13003,TE,192.0,32.35103173096462,44.0,2.931449198318121,-29.419582532646505,False,False
R2_4D2_OPT_13003,TE,194.0,40.48878007533539,44.0,2.922357070927821,-37.56642300440757,False,False
R2_4D2_OPT_13003,TE,196.0,48.62652841970627,44.0,8.776163340173763,-39.8503650795325,False,False
R2_4D2_OPT_13003,TE,198.0,56.76427676407714,50.0,9.02070778535116,-47.74356897872598,False,False
R2_4D2_OPT_13003,TE,200.0,64.90202510844802,50.0,3.7898639788423574,-61.11216112960565,False,False
R2_4D2_OPT_13003,TE,202.0,73.03977345281888,50.0,1.4409798276663432,-71.59879362515254,False,False
R2_4D2_OPT_13003,TE,204.0,81.17752179718975,48.0,3.407626984808017,-77.76989481238174,False,False
R2_4D2_OPT_13003,TE,206.0,89.31527014156063,48.0,2.0375894992566614,-87.27768064230396,False,False
R2_4D2_OPT_13003,TE,208.0,97.4530184859315,45.0,4.825339323181504,-92.62767916275,False,False
R2_4D2_OPT_13003,TE,210.0,105.59076683030237,45.0,0.928917714712705,-104.66184911558966,False,False
R2_4D2_OPT_13003,TE,212.0,113.72851517467315,45.0,6.683174752606914,-107.04534042206623,False,False
R2_4D2_OPT_13003,TE,214.0,121.86626351904401,45.0,12.437431790501122,-109.42883172854289,False,False
R2_4D2_OPT_13003,TE,216.0,130.0040118634149,42.0,16.867218930576854,-113.13679293283803,False,False
R2_4D2_OPT_13003,TE,218.0,138.14176020778575,42.0,10.819693357420404,-127.32206685036536,False,False
R2_4D2_OPT_13003,TE,220.0,146.27950855215664,42.0,4.772167784263951,-141.50734076789269,False,False
R2_4D2_OPT_13003,TE,222.0,154.4172568965275,42.0,1.2753577888923984,-153.1418991076351,False,False
R2_4D2_OPT_13003,TE,224.0,162.55500524089837,40.0,1.1073765959560118,-161.44762864494237,False,False
R2_4D2_OPT_13003,TE,226.0,170.69275358526926,51.0,0.08493399368554656,-170.6078195915837,False,False
R2_4D2_OPT_13003,TE,228.0,178.83050192964012,51.0,5.036316976659137,-173.79418495298097,False,False
R2_4D2_OPT_13003,TE,230.0,173.03174972598902,52.0,4.44533228572136,-168.58641744026767,False,False
R2_4D2_OPT_13003,TE,232.0,164.89400138161815,52.0,0.5647658658029875,-164.32923551581516,False,False
R2_4D2_OPT_13003,TE,234.0,156.75625303724738,47.0,0.2901276086058282,-156.46612542864156,False,False
R2_4D2_OPT_13003,TE,236.0,148.6185046928765,53.0,2.18595736371679,-146.43254732915972,False,False
R2_4D2_OPT_13003,TE,238.0,140.48075634850585,55.0,0.2675941779009562,-140.2131621706049,False,False
R2_4D2_OPT_13003,TE,240.0,132.343008004135,56.0,1.3583735249198068,-130.98463447921517,False,False
R2_4D2_OPT_13003,TE,242.0,124.20525965976408,57.0,0.04850088961172111,-124.15675877015235,False,False
R2_4D2_OPT_13003,TE,244.0,116.06751131539323,58.0,2.7188348810121012,-113.34867643438113,False,False
R2_4D2_OPT_13003,TE,246.0,107.92976297102234,54.0,0.24964159100155428,-107.6801213800208,False,False
R2_4D2_OPT_13003,TE,248.0,99.79201462665146,49.0,0.6794375559879484,-99.11257707066352,False,False
R2_4D2_OPT_13003,TE,250.0,91.6542662822806,59.0,1.8970117649960392,-89.75725451728455,False,False
R2_4D2_OPT_13003,TE,252.0,83.51651793790973,60.0,2.905495543371787,-80.61102239453794,False,False
R2_4D2_OPT_13003,TE,254.0,75.37876959353885,60.0,1.1633786288136496,-74.2153909647252,False,False
R2_4D2_OPT_13003,TE,256.0,67.24102124916799,36.0,1.3682885021937645,-65.87273274697422,False,False
R2_4D2_OPT_13003,TE,258.0,59.10327290479711,36.0,5.21528820434879,-53.88798470044832,False,False
R2_4D2_OPT_13003,TE,260.0,50.96552456042624,36.0,11.798864910891345,-39.166659649534886,False,False
R2_4D2_OPT_13003,TE,262.0,42.82777621605536,60.0,17.438875317555397,-25.388900898499966,False,False
R2_4D2_OPT_13003,TE,264.0,34.6900278716845,60.0,21.50774948974083,-13.182278381943664,False,False
R2_4D2_OPT_13003,TE,266.0,26.552279527313623,60.0,25.576623661926266,-0.9756558653873565,False,False
R2_4D2_OPT_13003,TE,268.0,18.41453118294275,20.0,19.88714062861222,1.4726094456694703,False,True
R2_4D2_OPT_13003,TE,270.0,10.276782838571878,20.0,12.240158559594178,1.9633757210222997,True,True
R2_4D2_OPT_13003,TE,272.0,2.1390344942010064,20.0,4.593176490576133,2.4541419963751268,True,True
R2_4D2_OPT_13003,TE,274.0,5.9987138501698665,22.0,0.03714152851008131,-5.961572321659785,True,False
R2_4D2_OPT_13003,TE,276.0,14.136462194540535,26.0,1.071313981678357,-13.065148212862177,True,False
R2_4D2_OPT_13003,TE,278.0,22.274210538911408,28.0,1.0414896560337827,-21.232720882877626,False,False
R2_4D2_OPT_13003,TE,280.0,30.411958883282278,33.0,0.5204554148391054,-29.891503468443176,False,False
R2_4D2_OPT_13003,TE,282.0,38.54970722765316,32.0,6.221404533262315,-32.32830269439084,False,False
R2_4D2_OPT_13003,TE,284.0,46.68745557202402,38.0,13.080220026390357,-33.607235545633664,False,False
R2_4D2_OPT_13003,TE,286.0,54.8252039163949,38.0,6.66758682088066,-48.15761709551424,False,False
R2_4D2_OPT_13003,TE,288.0,62.962952260765775,38.0,0.2549536153711684,-62.70799864539461,False,False
R2_4D2_OPT_13003,TE,290.0,71.10070060513665,38.0,6.157679590138325,-64.94302101499832,False,False
R2_4D2_OPT_13003,TE,292.0,79.23844894950751,43.0,0.3807054456640363,-78.85774350384348,False,False
R2_4D2_OPT_13003,TE,294.0,87.37619729387839,43.0,5.570866928836755,-81.80533036504163,False,False
R2_4D2_OPT_13003,TE,296.0,95.51394563824927,34.0,0.8185564006683645,-94.6953892375809,False,False
R2_4D2_OPT_13003,TE,298.0,103.65169398262013,37.0,7.028856033073003,-96.62283794954713,False,False
R2_4D2_OPT_13003,TE,300.0,111.78944232699101,37.0,0.5297612334298193,-111.2596810935612,False,False
R2_4D2_OPT_13003,TE,302.0,119.92719067136187,37.0,5.969333566213364,-113.9578571051485,False,False
R2_4D2_OPT_13003,TE,304.0,128.06493901573273,41.0,2.3246475125016333,-125.74029150323109,False,False
R2_4D2_OPT_13003,TE,306.0,136.20268736010362,46.0,1.1110816392203464,-135.09160572088325,False,False
R2_4D2_OPT_13003,TE,308.0,144.3404357044745,46.0,4.541873364885683,-139.7985623395888,False,False
R2_4D2_OPT_13003,TE,310.0,152.47818404884535,46.0,10.194828368991713,-142.28335567985366,False,False
R2_4D2_OPT_13003,TE,312.0,160.615932393216,44.0,11.703073043562853,-148.91285934965316,False,False
R2_4D2_OPT_13003,TE,314.0,168.7536807375869,44.0,5.849266774316808,-162.9044139632701,False,False
R2_4D2_OPT_13003,TE,316.0,176.89142908195777,44.0,0.00453949492903233,-176.88688958702875,False,False
R2_4D2_OPT_13003,TE,318.0,174.97082257367134,44.0,5.858345764174873,-169.11247680949648,False,False
R2_4D2_OPT_13003,TE,320.0,166.83307422930048,44.0,11.712152033420915,-155.1209221958796,False,False
R2_4D2_OPT_13003,TE,322.0,158.69532588492962,44.0,17.565958302666758,-141.12936758226286,False,False
R2_4D2_OPT_13003,TE,324.0,150.55757754055873,44.0,23.4197645719128,-127.13781296864595,False,False
R2_4D2_OPT_13003,TE,326.0,142.41982919618786,45.0,25.32417408742155,-117.09565510876631,False,False
R2_4D2_OPT_13003,TE,328.0,134.282080851817,45.0,19.569917049527344,-114.71216380228964,False,False
R2_4D2_OPT_13003,TE,330.0,126.14433250744612,45.0,13.815660011633133,-112.328672495813,False,False
R2_4D2_OPT_13003,TE,332.0,118.00658416307525,45.0,8.061402973738922,-109.94518118933632,False,False
R2_4D2_OPT_13003,TE,334.0,109.86883581870438,45.0,2.307145935844714,-107.56168988285967,False,False
R2_4D2_OPT_13003,TE,336.0,101.7310874743335,45.0,3.4471111020494956,-98.283976372284,False,False
R2_4D2_OPT_13003,TE,338.0,93.59333912996263,48.0,1.421877447524846,-92.17146168243778,False,False
R2_4D2_OPT_13003,TE,340.0,85.45559078559175,42.0,1.9206333948778818,-83.53495739071388,False,False
R2_4D2_OPT_13003,TE,342.0,77.31784244122089,42.0,4.1268921782785695,-73.19095026294231,False,False
R2_4D2_OPT_13003,TE,344.0,69.18009409685001,42.0,10.174417751435023,-59.00567634541499,False,False
R2_4D2_OPT_13003,TE,346.0,61.04234575247916,39.0,4.0449594417641705,-56.99738631071498,False,False
R2_4D2_OPT_13003,TE,348.0,52.90459740810848,39.0,2.279258819416823,-50.62533858869166,False,False
R2_4D2_OPT_13003,TE,350.0,44.76684906373761,39.0,8.603477080597816,-36.16337198313979,False,False
R2_4D2_OPT_13003,TE,352.0,36.62910071936673,39.0,14.927695341778808,-21.70140537758793,False,False
R2_4D2_OPT_13003,TE,354.0,28.49135237499586,39.0,21.251913602959394,-7.239438772036466,False,False
R2_4D2_OPT_13003,TE,356.0,20.35360403062499,47.0,21.164079838197598,0.810475807572609,False,True
R2_4D2_OPT_13003,TE,358.0,12.215855686254116,47.0,15.614148812735383,3.398293126481267,True,True
R2_4D2_OPT_13003,TE,360.0,4.0781073418832445,47.0,10.064217787273167,5.986110445389923,True,True
R2_4D2_OPT_13003,TE,362.0,4.059641002487628,47.0,4.514286761810953,0.4546457593233252,True,True
R2_4D2_OPT_13003,TE,364.0,12.1973893468585,47.0,1.0356442636512635,-11.161745083207236,True,False
R2_4D2_OPT_13003,TE,366.0,20.335137691229374,36.0,0.7284303576503723,-19.606707333579003,False,False
R2_4D2_OPT_13003,TE,368.0,28.472886035600247,21.0,1.3245819319569183,-27.14830410364333,False,False
R2_4D2_OPT_13003,TE,370.0,36.610634379971124,22.0,2.131924588046841,-34.47870979192428,False,False
R2_4D2_OPT_13003,TE,372.0,44.74838272434199,24.0,0.3946082906078134,-44.35377443373417,False,False
R2_4D2_OPT_13003,TE,374.0,52.886131068712864,26.0,2.6774856338081086,-50.20864543490475,False,False
R2_4D2_OPT_13003,TE,376.0,61.02387941308374,27.0,1.0340039097135665,-59.98987550337018,False,False
R2_4D2_OPT_13003,TE,378.0,69.16162775745461,28.0,0.30175525373230644,-68.8598725037223,False,False
R2_4D2_OPT_13003,TE,380.0,77.29937610182549,29.0,1.3981589694039107,-75.90121713242156,False,False
R2_4D2_OPT_13003,TE,382.0,85.43712444619636,53.0,0.30244043234740525,-85.13468401384895,False,False
R2_4D2_OPT_13003,TE,384.0,93.57487279056723,32.0,1.817293954103101,-91.75757883646413,False,False
R2_4D2_OPT_13003,TE,386.0,101.7126211349379,33.0,2.239626780672495,-99.4729943542654,False,False
R2_4D2_OPT_13003,TE,388.0,109.85036947930875,35.0,1.4559558939904786,-108.39441358531828,False,False
R2_4D2_OPT_13003,TE,390.0,117.98811782367964,55.0,5.528421336175463,-112.45969648750419,False,False
R2_4D2_OPT_13003,TE,392.0,126.12586616805052,55.0,0.8608006408896018,-125.2650655271609,False,False
R2_4D2_OPT_13003,TE,394.0,134.26361451242138,55.0,3.80682005439626,-130.45679445802514,False,False
R2_4D2_OPT_13003,TE,396.0,142.40136285679225,54.0,1.5060068143506788,-140.89535604244156,False,False
R2_4D2_OPT_13003,TE,398.0,150.53911120116314,56.0,0.8534923527570224,-149.6856188484061,False,False
R2_4D2_OPT_13003,TE,400.0,158.676859545534,38.0,1.1474941068371718,-157.52936543869683,False,False
R2_4D2_OPT_13003,TE,402.0,166.8146078899049,34.0,1.616989524837153,-165.19761836506774,False,False
R2_4D2_OPT_13003,TE,404.0,174.95235623427575,57.0,0.948531267052756,-174.00382496722298,False,False
R2_4D2_OPT_13003,TE,406.0,176.9098954213534,57.0,3.4836041384206378,-173.42629128293277,False,False
R2_4D2_OPT_13003,TE,408.0,168.77214707698252,57.0,7.915739543893827,-160.8564075330887,False,False
R2_4D2_OPT_13003,TE,410.0,160.63439873261166,37.0,3.07954725305738,-157.5548514795543,False,False
R2_4D2_OPT_13003,TE,412.0,152.4966503882408,58.0,0.48146720723704123,-152.01518318100372,False,False
R2_4D2_OPT_13003,TE,414.0,144.3589020438699,43.0,2.6652093988911165,-141.6936926449788,False,False
R2_4D2_OPT_13003,TE,416.0,136.22115369949904,58.0,8.143232023091048,-128.077921676408,False,False
R2_4D2_OPT_13003,TE,418.0,128.08340535512818,59.0,6.037967958475063,-122.0454373966531,False,False
R2_4D2_OPT_13003,TE,420.0,119.9456570107573,59.0,1.846717717087858,-118.09893929366943,False,False
R2_4D2_OPT_13003,TE,422.0,111.80790866638662,41.0,0.031914066881089366,-111.77599459950554,False,False
R2_4D2_OPT_13003,TE,424.0,103.67016032201575,41.0,6.173550703819867,-97.49660961819588,False,False
R2_4D2_OPT_13003,TE,426.0,95.53241197764487,60.0,8.913442563239256,-86.61896941440561,False,False
R2_4D2_OPT_13003,TE,428.0,87.394663633274,60.0,4.844568391053821,-82.5500952422202,False,False
R2_4D2_OPT_13003,TE,430.0,79.25691528890313,60.0,0.7756942188683845,-78.48122107003475,False,False
R2_4D2_OPT_13003,TM,160.0,97.85294177896925,37.0,1.1411111220174845,-96.71183065695176,False,False
R2_4D2_OPT_13003,TM,162.0,89.71519343459838,33.0,4.809239396154315,-84.90595403844405,False,False
R2_4D2_OPT_13003,TM,164.0,81.5774450902275,22.0,2.260432153352967,-79.31701293687453,False,False
R2_4D2_OPT_13003,TM,166.0,73.43969674585664,40.0,3.4875674913461143,-69.95212925451051,False,False
R2_4D2_OPT_13003,TM,168.0,65.30194840148576,20.0,0.590148204348781,-64.71180019713698,False,False
R2_4D2_OPT_13003,TM,170.0,57.16420005711489,42.0,1.144945616240244,-56.01925444087465,False,False
R2_4D2_OPT_13003,TM,172.0,49.02645171274402,43.0,0.22234301563874806,-48.80410869710527,False,False
R2_4D2_OPT_13003,TM,174.0,40.88870336837315,49.0,0.7752488930015019,-40.11345447537164,False,False
R2_4D2_OPT_13003,TM,176.0,32.750955024002266,51.0,1.2780342019924595,-31.47292082200981,False,False
R2_4D2_OPT_13003,TM,178.0,24.6132066796314,52.0,1.0451510799867267,-23.568055599644673,False,False
R2_4D2_OPT_13003,TM,180.0,16.475458335260527,53.0,1.6082228837739831,-14.867235451486543,False,False
R2_4D2_OPT_13003,TM,182.0,8.337709990889655,31.0,0.4565632731714519,-7.881146717718203,True,False
R2_4D2_OPT_13003,TM,184.0,0.19996164651878257,54.0,1.8888630274577183,1.6889013809389357,True,True
R2_4D2_OPT_13003,TM,186.0,7.937786697852091,55.0,0.18027323812935253,-7.7575134597227375,True,False
R2_4D2_OPT_13003,TM,188.0,16.075535042222963,56.0,2.8744773422650054,-13.201057699957957,False,False
R2_4D2_OPT_13003,TM,190.0,24.213283386593833,25.0,0.5929254737483322,-23.6203579128455,False,False
R2_4D2_OPT_13003,TM,192.0,32.351031730964706,57.0,1.7266128594410484,-30.62441887152366,False,False
R2_4D2_OPT_13003,TM,194.0,40.48878007533517,29.0,2.136905068007987,-38.35187500732718,False,False
R2_4D2_OPT_13003,TM,196.0,48.62652841970604,58.0,1.379873853916364,-47.24665456578968,False,False
R2_4D2_OPT_13003,TM,198.0,56.76427676407692,58.0,2.932475761247579,-53.83180100282933,False,False
R2_4D2_OPT_13003,TM,200.0,64.90202510844779,34.0,1.2294034111317373,-63.67262169731606,False,False
R2_4D2_OPT_13003,TM,202.0,73.03977345281866,41.0,0.7473380576261394,-72.29243539519253,False,False
R2_4D2_OPT_13003,TM,204.0,81.17752179718954,60.0,3.014776485824942,-78.1627453113646,False,False
R2_4D2_OPT_13003,TM,206.0,89.3152701415604,60.0,1.054097686360494,-88.26117245519991,False,False
R2_4D2_OPT_13003,TM,208.0,97.45301848593128,27.0,4.717824230038462,-92.73519425589282,False,False
R2_4D2_OPT_13003,TM,210.0,105.59076683030216,27.0,2.5329626369990748,-103.05780419330308,False,False
R2_4D2_OPT_13003,TM,212.0,113.72851517467302,27.0,9.783749504036612,-103.94476567063641,False,False
R2_4D2_OPT_13003,TM,214.0,121.86626351904388,35.0,9.730037915973186,-112.1362256030707,False,False
R2_4D2_OPT_13003,TM,216.0,130.00401186341475,35.0,3.0639847237723346,-126.94002713964242,False,False
R2_4D2_OPT_13003,TM,218.0,138.14176020778564,35.0,3.6020684684283135,-134.53969173935732,False,False
R2_4D2_OPT_13003,TM,220.0,146.2795085521565,35.0,10.268121660629165,-136.01138689152734,False,False
R2_4D2_OPT_13003,TM,222.0,154.4172568965274,32.0,11.902910166958618,-142.51434672956876,False,False
R2_4D2_OPT_13003,TM,224.0,162.55500524089825,32.0,5.001708176514838,-157.5532970643834,False,False
R2_4D2_OPT_13003,TM,226.0,170.69275358526912,32.0,1.899493813929043,-168.79325977134008,False,False
R2_4D2_OPT_13003,TM,228.0,178.83050192964,32.0,8.800695804372822,-170.02980612526716,False,False
R2_4D2_OPT_13003,TM,230.0,173.03174972598913,23.0,12.188261691578742,-160.8434880344104,False,False
R2_4D2_OPT_13003,TM,232.0,164.89400138161827,23.0,4.697424844410839,-160.19657653720742,False,False
R2_4D2_OPT_13003,TM,234.0,156.75625303724738,23.0,2.7934120027570652,-153.9628410344903,False,False
R2_4D2_OPT_13003,TM,236.0,148.6185046928765,23.0,10.284248849925072,-138.33425584295145,False,False
R2_4D2_OPT_13003,TM,238.0,140.48075634850565,30.0,9.540754695459295,-130.94000165304635,False,False
R2_4D2_OPT_13003,TM,240.0,132.34300800413476,30.0,2.493257899629361,-129.8497501045054,False,False
R2_4D2_OPT_13003,TM,242.0,124.2052596597639,30.0,4.554238896200576,-119.65102076356332,False,False
R2_4D2_OPT_13003,TM,244.0,116.06751131539302,30.0,11.601735692030513,-104.46577562336252,False,False
R2_4D2_OPT_13003,TM,246.0,107.92976297102216,28.0,6.29282035813388,-101.63694261288828,False,False
R2_4D2_OPT_13003,TM,248.0,99.79201462665128,28.0,0.8923849538201728,-98.8996296728311,False,False
R2_4D2_OPT_13003,TM,250.0,91.6542662822804,26.0,6.569633537506337,-85.08463274477407,False,False
R2_4D2_OPT_13003,TM,252.0,83.51651793790954,26.0,0.7445262246951051,-82.77199171321443,False,False
R2_4D2_OPT_13003,TM,254.0,75.37876959353866,21.0,4.751082091414882,-70.62768750212378,False,False
R2_4D2_OPT_13003,TM,256.0,67.24102124916779,21.0,2.8461604786497956,-64.394860770518,False,False
R2_4D2_OPT_13003,TM,258.0,59.10327290479693,22.0,7.636554914224361,-51.466717990572576,False,False
R2_4D2_OPT_13003,TM,260.0,50.965524560426054,22.0,0.09136603679604463,-50.87415852363001,False,False
R2_4D2_OPT_13003,TM,262.0,42.82777621605517,20.0,0.0016945518031933908,-42.82608166425198,False,False
R2_4D2_OPT_13003,TM,264.0,34.69002787168431,36.0,5.584682802984045,-29.10534506870026,False,False
R2_4D2_OPT_13003,TM,266.0,26.552279527313434,33.0,0.2964792637825535,-26.255800263530883,False,False
R2_4D2_OPT_13003,TM,268.0,18.414531182942564,24.0,2.4447355490975884,-15.969795633844974,False,False
R2_4D2_OPT_13003,TM,270.0,10.27678283857169,37.0,1.4086748976099235,-8.868107940961764,True,False
R2_4D2_OPT_13003,TM,272.0,2.1390344942008173,37.0,5.090419902033157,2.9513854078323405,True,True
R2_4D2_OPT_13003,TM,274.0,5.9987138501700565,37.0,11.589514701676341,5.590800851506285,True,True
R2_4D2_OPT_13003,TM,276.0,14.136462194540522,40.0,13.649203079826004,-0.48725911471451716,True,False
R2_4D2_OPT_13003,TM,278.0,22.274210538911394,40.0,7.415326181120202,-14.85888435779119,False,False
R2_4D2_OPT_13003,TM,280.0,30.411958883282264,40.0,1.1814492824139928,-29.23050960086827,False,False
R2_4D2_OPT_13003,TM,282.0,38.54970722765314,40.0,5.052427616291809,-33.49727961136133,False,False
R2_4D2_OPT_13003,TM,284.0,46.687455572024014,31.0,4.710562384161376,-41.976893187862636,False,False
R2_4D2_OPT_13003,TM,286.0,54.82520391639489,31.0,2.264849397976175,-52.56035451841871,False,False
R2_4D2_OPT_13003,TM,288.0,62.962952260765746,25.0,0.7970045051996827,-62.16594775556606,False,False
R2_4D2_OPT_13003,TM,290.0,71.10070060513664,38.0,2.500053346544675,-68.60064725859195,False,False
R2_4D2_OPT_13003,TM,292.0,79.2384489495075,43.0,2.6833145143070936,-76.55513443520042,False,False
R2_4D2_OPT_13003,TM,294.0,87.37619729387838,39.0,1.359225715595616,-86.01697157828276,False,False
R2_4D2_OPT_13003,TM,296.0,95.51394563824925,39.0,4.964992545585377,-90.54895309266387,False,False
R2_4D2_OPT_13003,TM,298.0,103.65169398262012,45.0,5.0179047710410485,-98.63378921157907,False,False
R2_4D2_OPT_13003,TM,300.0,111.78944232699098,45.0,0.7363522668531597,-111.05309006013782,False,False
R2_4D2_OPT_13003,TM,302.0,119.92719067136187,44.0,0.10744788558193231,-119.81974278577992,False,False
R2_4D2_OPT_13003,TM,304.0,128.06493901573273,48.0,3.1271940532085414,-124.93774496252419,False,False
R2_4D2_OPT_13003,TM,306.0,136.20268736010362,48.0,2.3180224308561375,-133.8846649292475,False,False
R2_4D2_OPT_13003,TM,308.0,144.3404357044745,49.0,1.5222515495357478,-142.81818415493873,False,False
R2_4D2_OPT_13003,TM,310.0,152.47818404884535,49.0,3.8165917274412067,-148.66159232140416,False,False
R2_4D2_OPT_13003,TM,312.0,160.61593239321624,50.0,1.4768043092602774,-159.13912808395594,False,False
R2_4D2_OPT_13003,TM,314.0,168.7536807375871,50.0,3.7540394972484235,-164.9996412403387,False,False
R2_4D2_OPT_13003,TM,316.0,176.89142908195797,51.0,2.790466277867894,-174.10096280409007,False,False
R2_4D2_OPT_13003,TM,318.0,174.97082257367117,51.0,2.3307846924765863,-172.6400378811946,False,False
R2_4D2_OPT_13003,TM,320.0,166.8330742293003,41.0,3.10389963700876,-163.72917459229154,False,False
R2_4D2_OPT_13003,TM,322.0,158.69532588492945,52.0,0.318084170237208,-158.37724171469222,False,False
R2_4D2_OPT_13003,TM,324.0,150.55757754055855,35.0,3.0971123449320532,-147.4604651956265,False,False
R2_4D2_OPT_13003,TM,326.0,142.4198291961877,35.0,3.5689408472687987,-138.8508883489189,False,False
R2_4D2_OPT_13003,TM,328.0,134.28208085181683,53.0,0.8007985284348198,-133.481282323382,False,False
R2_4D2_OPT_13003,TM,330.0,126.14433250744594,32.0,0.7619973170075088,-125.38233519043844,False,False
R2_4D2_OPT_13003,TM,332.0,118.00658416307508,54.0,4.15075065957997,-113.8558335034951,False,False
R2_4D2_OPT_13003,TM,334.0,109.8688358187042,54.0,0.6324978041086955,-109.2363380145955,False,False
R2_4D2_OPT_13003,TM,336.0,101.73108747433332,54.0,5.415746267797362,-96.31534120653596,False,False
R2_4D2_OPT_13003,TM,338.0,93.59333912996246,55.0,5.441100396403657,-88.1522387335588,False,False
R2_4D2_OPT_13003,TM,340.0,85.45559078559157,55.0,0.7734797011177946,-84.68211108447377,False,False
R2_4D2_OPT_13003,TM,342.0,77.31784244122069,30.0,3.0709213123033527,-74.24692112891735,False,False
R2_4D2_OPT_13003,TM,344.0,69.18009409684984,30.0,3.976575483526685,-65.20351861332314,False,False
R2_4D2_OPT_13003,TM,346.0,61.04234575247895,56.0,3.379358514427587,-57.66298723805137,False,False
R2_4D2_OPT_13003,TM,348.0,52.90459740810849,28.0,0.1526505515186962,-52.7519468565898,False,False
R2_4D2_OPT_13003,TM,350.0,44.76684906373762,21.0,0.0834387283118506,-44.68341033542577,False,False
R2_4D2_OPT_13003,TM,352.0,36.62910071936675,26.0,6.452514334766694,-30.176586384600057,False,False
R2_4D2_OPT_13003,TM,354.0,28.491352374995873,57.0,2.723645016105628,-25.76770735889025,False,False
R2_4D2_OPT_13003,TM,356.0,20.353604030625004,20.0,0.5935373079553204,-19.760066722669684,False,False
R2_4D2_OPT_13003,TM,358.0,12.21585568625413,57.0,6.14062579484116,-6.07522989141297,True,False
R2_4D2_OPT_13003,TM,360.0,4.078107341883258,58.0,7.767205410469292,3.6890980685860346,True,True
R2_4D2_OPT_13003,TM,362.0,4.059641002487615,58.0,3.454855795305552,-0.6047852071820627,True,False
R2_4D2_OPT_13003,TM,364.0,12.197389346858486,58.0,0.8574938198585943,-11.339895526999891,True,False
R2_4D2_OPT_13003,TM,366.0,20.33513769122936,24.0,1.8312131873937736,-18.503924503835588,False,False
R2_4D2_OPT_13003,TM,368.0,28.472886035600233,24.0,9.265416222832327,-19.207469812767904,False,False
R2_4D2_OPT_13003,TM,370.0,36.6106343799711,33.0,5.402197923719321,-31.208436456251782,False,False
R2_4D2_OPT_13003,TM,372.0,44.74838272434198,59.0,1.3670819386239674,-43.381300785718004,False,False
R2_4D2_OPT_13003,TM,374.0,52.88613106871285,59.0,2.824168302763238,-50.061962765949616,False,False
R2_4D2_OPT_13003,TM,376.0,61.02387941308371,36.0,3.0956127634024426,-57.92826664968127,False,False
R2_4D2_OPT_13003,TM,378.0,69.1616277574546,60.0,9.022723505692412,-60.13890425176219,False,False
R2_4D2_OPT_13003,TM,380.0,77.29937610182546,37.0,3.9584609172374843,-73.34091518458798,False,False
R2_4D2_OPT_13003,TM,382.0,85.43712444619634,60.0,0.8849751613215401,-84.5521492848748,False,False
R2_4D2_OPT_13003,TM,384.0,93.5748727905672,60.0,3.183899010863896,-90.3909737797033,False,False
R2_4D2_OPT_13003,TM,386.0,101.71262113493808,25.0,2.1869344841476974,-99.52568665079038,False,False
R2_4D2_OPT_13003,TM,388.0,109.85036947930897,31.0,1.9891497130136466,-107.86121976629532,False,False
R2_4D2_OPT_13003,TM,390.0,117.98811782367981,31.0,4.986262069123904,-113.00185575455592,False,False
R2_4D2_OPT_13003,TM,392.0,126.12586616805069,31.0,11.96167385126125,-114.16419231678944,False,False
R2_4D2_OPT_13003,TM,394.0,134.26361451242155,40.0,5.8504660561743025,-128.41314845624726,False,False
R2_4D2_OPT_13003,TM,396.0,142.40136285679245,40.0,0.38341084253149915,-142.01795201426094,False,False
R2_4D2_OPT_13003,TM,398.0,150.5391112011633,40.0,6.617287741237302,-143.921823459926,False,False
R2_4D2_OPT_13003,TM,400.0,158.67685954553417,38.0,4.805120350430821,-153.87173919510337,False,False
R2_4D2_OPT_13003,TM,402.0,166.81460788990506,38.0,1.607512855078672,-165.20709503482638,False,False
R2_4D2_OPT_13003,TM,404.0,174.95235623427592,38.0,8.020146060588164,-166.93221017368776,False,False
R2_4D2_OPT_13003,TM,406.0,176.90989542135318,42.0,5.247036751300113,-171.66285867005308,False,False
R2_4D2_OPT_13003,TM,408.0,168.77214707698232,27.0,0.36086247371407537,-168.41128460326826,False,False
R2_4D2_OPT_13003,TM,410.0,160.63439873261146,39.0,5.4454334329005585,-155.1889652997109,False,False
R2_4D2_OPT_13003,TM,412.0,152.496650388241,43.0,5.588972044252731,-146.90767834398827,False,False
R2_4D2_OPT_13003,TM,414.0,144.3589020438701,43.0,0.36260033024805954,-143.99630171362205,False,False
R2_4D2_OPT_13003,TM,416.0,136.22115369949924,43.0,6.314172704749055,-129.90698099475017,False,False
R2_4D2_OPT_13003,TM,418.0,128.08340535512838,43.0,12.265745079250049,-115.81766027587831,False,False
R2_4D2_OPT_13003,TM,420.0,119.9456570107575,45.0,14.008225459492676,-105.93743155126482,False,False
R2_4D2_OPT_13003,TM,422.0,111.80790866638664,45.0,8.253968421598467,-103.55394024478818,False,False
R2_4D2_OPT_13003,TM,424.0,103.67016032201576,45.0,2.4997113837042586,-101.17044893831151,False,False
R2_4D2_OPT_13003,TM,426.0,95.5324119776449,23.0,1.9137493308792792,-93.61866264676561,False,False
R2_4D2_OPT_13003,TM,428.0,87.39466363327402,46.0,0.5367478716921272,-86.85791576158189,False,False
R2_4D2_OPT_13003,TM,430.0,79.25691528890314,47.0,5.866948504312913,-73.38996678459024,False,False
R2_4D2_OPT_13010,TE,160.0,94.03314511330186,37.0,14.879514905557329,-79.15363020774454,False,False
R2_4D2_OPT_13010,TE,162.0,85.895396768931,37.0,8.380420105914148,-77.51497666301684,False,False
R2_4D2_OPT_13010,TE,164.0,77.75764842456012,37.0,1.8813253062709634,-75.87632311828915,False,False
R2_4D2_OPT_13010,TE,166.0,69.61990008018924,37.0,4.617769493372118,-65.00213058681713,False,False
R2_4D2_OPT_13010,TE,168.0,61.48215173581837,50.0,2.623957991479466,-58.85819374433891,False,False
R2_4D2_OPT_13010,TE,170.0,53.34440339144751,36.0,0.20111673582218637,-53.14328665562532,False,False
R2_4D2_OPT_13010,TE,172.0,45.20665504707664,40.0,2.8979199050688087,-42.308735142007826,False,False
R2_4D2_OPT_13010,TE,174.0,37.06890670270586,35.0,0.3431482239580063,-36.725758478747856,False,False
R2_4D2_OPT_13010,TE,176.0,28.931158358334987,33.0,0.4169087955184944,-28.51424956281649,False,False
R2_4D2_OPT_13010,TE,178.0,20.793410013964117,21.0,0.09071095530267692,-20.70269905866144,False,False
R2_4D2_OPT_13010,TE,180.0,12.655661669593243,38.0,0.7617622929377132,-11.89389937665553,True,False
R2_4D2_OPT_13010,TE,182.0,4.517913325222371,46.0,4.581458685958281,0.06354536073591076,True,True
R2_4D2_OPT_13010,TE,184.0,3.619835019148501,46.0,1.071496318147749,-2.548338701000752,True,False
R2_4D2_OPT_13010,TE,186.0,11.757583363519373,43.0,4.51660391612445,-7.240979447394923,True,False
R2_4D2_OPT_13010,TE,188.0,19.895331707890247,43.0,10.468176290625342,-9.427155417264903,False,False
R2_4D2_OPT_13010,TE,190.0,28.03308005226112,43.0,16.419748665126235,-11.613331387134883,False,False
R2_4D2_OPT_13010,TE,192.0,36.17082839663199,43.0,22.371321039627126,-13.79950735700486,False,False
R2_4D2_OPT_13010,TE,194.0,44.30857674100277,39.0,24.59671554319985,-19.711861197802918,False,False
R2_4D2_OPT_13010,TE,196.0,52.44632508537363,39.0,18.272497282018854,-34.173827803354776,False,False
R2_4D2_OPT_13010,TE,198.0,60.58407342974451,39.0,11.94827902083786,-48.63579440890665,False,False
R2_4D2_OPT_13010,TE,200.0,68.72182177411538,39.0,5.624060759656969,-63.09776101445841,False,False
R2_4D2_OPT_13010,TE,202.0,76.85957011848626,39.0,0.7001575015240241,-76.15941261696223,False,False
R2_4D2_OPT_13010,TE,204.0,84.99731846285712,42.0,0.6495410340392933,-84.34777742881784,False,False
R2_4D2_OPT_13010,TE,206.0,93.135066807228,47.0,3.3659200147641055,-89.7691467924639,False,False
R2_4D2_OPT_13010,TE,208.0,101.27281515159888,47.0,2.1840110106981108,-99.08880414090076,False,False
R2_4D2_OPT_13010,TE,210.0,109.41056349596974,47.0,7.733942036160429,-101.67662145980931,False,False
R2_4D2_OPT_13010,TE,212.0,117.54831184034052,41.0,4.200706402975427,-113.34760543736509,False,False
R2_4D2_OPT_13010,TE,214.0,125.68606018471138,41.0,1.9409302339631465,-123.74512995074824,False,False
R2_4D2_OPT_13010,TE,216.0,133.82380852908227,41.0,8.082566870901923,-125.74124165818033,False,False
R2_4D2_OPT_13010,TE,218.0,141.96155687345313,54.0,10.585048080510976,-131.37650879294216,False,False
R2_4D2_OPT_13010,TE,220.0,150.099305217824,54.0,5.801799616822309,-144.2975056010017,False,False
R2_4D2_OPT_13010,TE,222.0,158.2370535621949,54.0,1.018551153133643,-157.21850240906124,False,False
R2_4D2_OPT_13010,TE,224.0,166.37480190656575,49.0,1.5699042403895886,-164.80489766617617,False,False
R2_4D2_OPT_13010,TE,226.0,174.5125502509366,51.0,1.1656534180089924,-173.34689683292763,False,False
R2_4D2_OPT_13010,TE,228.0,177.34970140469252,52.0,1.4445520550329274,-175.9051493496596,False,False
R2_4D2_OPT_13010,TE,230.0,169.21195306032166,52.0,6.454650206557172,-162.7573028537645,False,False
R2_4D2_OPT_13010,TE,232.0,161.07420471595088,52.0,11.46474835808152,-149.60945635786936,False,False
R2_4D2_OPT_13010,TE,234.0,152.93645637158002,52.0,16.47484650960577,-136.46160986197424,False,False
R2_4D2_OPT_13010,TE,236.0,144.79870802720913,56.0,16.097127204611756,-128.70158082259738,False,False
R2_4D2_OPT_13010,TE,238.0,136.66095968283847,56.0,11.546556080208799,-125.11440360262968,False,False
R2_4D2_OPT_13010,TE,240.0,128.5232113384676,56.0,6.995984955805839,-121.52722638266177,False,False
R2_4D2_OPT_13010,TE,242.0,120.38546299409673,56.0,2.445413831402777,-117.94004916269395,False,False
R2_4D2_OPT_13010,TE,244.0,112.24771464972585,57.0,1.1993640320781924,-111.04835061764766,False,False
R2_4D2_OPT_13010,TE,246.0,104.10996630535497,55.0,1.415222450250082,-102.69474385510489,False,False
R2_4D2_OPT_13010,TE,248.0,95.9722179609841,58.0,1.6326819610906635,-94.33953599989343,False,False
R2_4D2_OPT_13010,TE,250.0,87.83446961661323,59.0,1.4842532605774352,-86.35021635603579,False,False
R2_4D2_OPT_13010,TE,252.0,79.69672127224236,53.0,2.4664786773059273,-77.23024259493643,False,False
R2_4D2_OPT_13010,TE,254.0,71.55897292787148,60.0,1.5960439522928616,-69.96292897557862,False,False
R2_4D2_OPT_13010,TE,256.0,63.42122458350061,60.0,2.472830219892575,-60.94839436360803,False,False
R2_4D2_OPT_13010,TE,258.0,55.28347623912974,60.0,6.541704392078011,-48.74177184705172,False,False
R2_4D2_OPT_13010,TE,260.0,47.14572789475887,60.0,10.610578564263447,-36.53514933049543,False,False
R2_4D2_OPT_13010,TE,262.0,39.007979550387994,60.0,14.679452736448884,-24.32852681393911,False,False
R2_4D2_OPT_13010,TE,264.0,30.87023120601712,60.0,18.74832690863432,-12.121904297382802,False,False
R2_4D2_OPT_13010,TE,266.0,22.73248286164625,60.0,22.817201080819757,0.08471821917350447,False,True
R2_4D2_OPT_13010,TE,268.0,14.594734517275379,20.0,16.609072939309776,2.014338422034396,True,True
R2_4D2_OPT_13010,TE,270.0,6.456986172904506,20.0,8.96209087029173,2.5051046973872237,True,True
R2_4D2_OPT_13010,TE,272.0,1.6807621714663659,20.0,1.3151088012736862,-0.3656533701926797,True,False
R2_4D2_OPT_13010,TE,274.0,9.818510515837238,23.0,0.9855489094151882,-8.83296160642205,True,False
R2_4D2_OPT_13010,TE,276.0,17.956258860207907,26.0,1.1463253310295218,-16.809933529178384,False,False
R2_4D2_OPT_13010,TE,278.0,26.09400720457878,29.0,0.516741956664258,-25.57726524791452,False,False
R2_4D2_OPT_13010,TE,280.0,34.23175554894966,31.0,0.16733799105333536,-34.06441755789632,False,False
R2_4D2_OPT_13010,TE,282.0,42.36950389332053,35.0,0.37627584511741985,-41.99322804820311,False,False
R2_4D2_OPT_13010,TE,284.0,50.5072522376914,34.0,6.177222418516559,-44.33002981917484,False,False
R2_4D2_OPT_13010,TE,286.0,58.64500058206227,40.0,7.566936678828813,-51.07806390323346,False,False
R2_4D2_OPT_13010,TE,288.0,66.78274892643314,40.0,1.3330597801228077,-65.44968914631035,False,False
R2_4D2_OPT_13010,TE,290.0,74.92049727080402,40.0,4.900817118583198,-70.01968015222081,False,False
R2_4D2_OPT_13010,TE,292.0,83.05824561517488,38.0,1.6543027844039202,-81.40394283077097,False,False
R2_4D2_OPT_13010,TE,294.0,91.19599395954576,38.0,4.758330421105775,-86.43766353843998,False,False
R2_4D2_OPT_13010,TE,296.0,99.33374230391664,38.0,11.170963626615267,-88.16277867730136,False,False
R2_4D2_OPT_13010,TE,298.0,107.47149064828751,38.0,17.583596832124762,-89.88789381616274,False,False
R2_4D2_OPT_13010,TE,300.0,115.60923899265836,43.0,16.24377073732407,-99.3654682553343,False,False
R2_4D2_OPT_13010,TE,302.0,123.74698733702924,43.0,10.292198362823278,-113.45478897420597,False,False
R2_4D2_OPT_13010,TE,304.0,131.88473568140012,43.0,4.340625988322284,-127.54410969307781,False,False
R2_4D2_OPT_13010,TE,306.0,140.02248402577098,43.0,1.6109463861787108,-138.41153763959227,False,False
R2_4D2_OPT_13010,TE,308.0,148.16023237014187,50.0,3.5351084641323265,-144.62512390600955,False,False
R2_4D2_OPT_13010,TE,310.0,156.29798071451273,46.0,2.792338423170158,-153.50564229134255,False,False
R2_4D2_OPT_13010,TE,312.0,164.4357290588834,46.0,2.8606165809358717,-161.57511247794753,False,False
R2_4D2_OPT_13010,TE,314.0,172.57347740325426,39.0,5.143619872341787,-167.42985753091247,False,False
R2_4D2_OPT_13010,TE,316.0,179.28877425237485,39.0,1.180598388839206,-178.10817586353565,False,False
R2_4D2_OPT_13010,TE,318.0,171.151025908004,39.0,7.5048166500202,-163.6462092579838,False,False
R2_4D2_OPT_13010,TE,320.0,163.01327756363312,42.0,9.893057790965925,-153.12021977266718,False,False
R2_4D2_OPT_13010,TE,322.0,154.87552921926223,42.0,3.845532217809471,-151.02999700145276,False,False
R2_4D2_OPT_13010,TE,324.0,146.73778087489137,42.0,2.20199335534698,-144.53578751954439,False,False
R2_4D2_OPT_13010,TE,326.0,138.6000325305205,42.0,8.24951892850343,-130.35051360201706,False,False
R2_4D2_OPT_13010,TE,328.0,130.46228418614962,41.0,7.985781460531481,-122.47650272561813,False,False
R2_4D2_OPT_13010,TE,330.0,122.32453584177875,41.0,1.844144823592908,-120.48039101818583,False,False
R2_4D2_OPT_13010,TE,332.0,114.18678749740788,41.0,4.297491813345869,-109.889295684062,False,False
R2_4D2_OPT_13010,TE,334.0,106.049039153037,47.0,8.170334385180885,-97.87870476785612,False,False
R2_4D2_OPT_13010,TE,336.0,97.91129080866614,47.0,2.6204033597186704,-95.29088744894747,False,False
R2_4D2_OPT_13010,TE,338.0,89.77354246429526,47.0,2.929527665743545,-86.84401479855171,False,False
R2_4D2_OPT_13010,TE,340.0,81.63579411992438,47.0,8.47945869120576,-73.15633542871862,False,False
R2_4D2_OPT_13010,TE,342.0,73.49804577555352,47.0,14.029389716667978,-59.468656058885536,False,False
R2_4D2_OPT_13010,TE,344.0,65.36029743118264,45.0,17.24731510306761,-48.11298232811504,False,False
R2_4D2_OPT_13010,TE,346.0,57.222549086811775,45.0,11.4930580651734,-45.729491021638374,False,False
R2_4D2_OPT_13010,TE,348.0,49.08480074244111,45.0,5.738801027279193,-43.34599971516191,False,False
R2_4D2_OPT_13010,TE,350.0,40.947052398070234,45.0,0.015456010615016521,-40.93159638745522,False,False
R2_4D2_OPT_13010,TE,352.0,32.80930405369936,45.0,5.769713048509226,-27.03959100519013,False,False
R2_4D2_OPT_13010,TE,354.0,24.67155570932849,45.0,11.523970086403638,-13.147585622924852,False,False
R2_4D2_OPT_13010,TE,356.0,16.533807364957617,49.0,9.206247959903996,-7.327559405053623,False,False
R2_4D2_OPT_13010,TE,358.0,8.396059020586746,49.0,3.8674046829268383,-4.5286543376599075,True,False
R2_4D2_OPT_13010,TE,360.0,0.2583106762158721,48.0,1.3700829402157215,1.1117722639998495,True,True
R2_4D2_OPT_13010,TE,362.0,7.879437668155001,49.0,6.810281871027274,-1.0691557971277268,True,False
R2_4D2_OPT_13010,TE,364.0,16.017186012525872,51.0,5.4680296282112275,-10.549156384314644,False,False
R2_4D2_OPT_13010,TE,366.0,24.154934356896742,51.0,0.3467786578665437,-23.808155699030202,False,False
R2_4D2_OPT_13010,TE,368.0,32.292682701267616,44.0,0.3754881123539913,-31.917194588913627,False,False
R2_4D2_OPT_13010,TE,370.0,40.430431045638485,23.0,0.5457175734761935,-39.8847134721623,False,False
R2_4D2_OPT_13010,TE,372.0,48.56817939000936,52.0,2.1716189647823447,-46.396560425227015,False,False
R2_4D2_OPT_13010,TE,374.0,56.70592773438023,26.0,0.4598463211002297,-56.24608141328,False,False
R2_4D2_OPT_13010,TE,376.0,64.8436760787511,27.0,0.8869449678419429,-63.95673111090915,False,False
R2_4D2_OPT_13010,TE,378.0,72.98142442312198,28.0,1.8538158661008934,-71.12760855702109,False,False
R2_4D2_OPT_13010,TE,380.0,81.11917276749286,29.0,2.472446803450754,-78.6467259640421,False,False
R2_4D2_OPT_13010,TE,382.0,89.25692111186373,30.0,2.791763908307893,-86.46515720355583,False,False
R2_4D2_OPT_13010,TE,384.0,97.3946694562346,31.0,2.888750662201064,-94.50591879403353,False,False
R2_4D2_OPT_13010,TE,386.0,105.53241780060526,37.0,0.4818025458829016,-105.05061525472236,False,False
R2_4D2_OPT_13010,TE,388.0,113.67016614497615,36.0,2.189022251032501,-111.48114389394365,False,False
R2_4D2_OPT_13010,TE,390.0,121.80791448934701,35.0,0.40940346627693514,-121.39851102307009,False,False
R2_4D2_OPT_13010,TE,392.0,129.94566283371788,35.0,6.2566497259237135,-123.68901310779417,False,False
R2_4D2_OPT_13010,TE,394.0,138.08341117808877,53.0,9.816757535304369,-128.26665364278438,False,False
R2_4D2_OPT_13010,TE,396.0,146.22115952245963,53.0,4.91933832703137,-141.30182119542826,False,False
R2_4D2_OPT_13010,TE,398.0,154.3589078668305,53.0,0.021919118758166732,-154.33698874807234,False,False
R2_4D2_OPT_13010,TE,400.0,162.49665621120138,55.0,0.822015987261538,-161.67464022393986,False,False
R2_4D2_OPT_13010,TE,402.0,170.63440455557225,56.0,1.6002761208374991,-169.03412843473475,False,False
R2_4D2_OPT_13010,TE,404.0,178.7721528999431,40.0,0.23180034482288775,-178.54035255512022,False,False
R2_4D2_OPT_13010,TE,406.0,173.09009875568603,57.0,2.1963961887425683,-170.89370256694346,False,False
R2_4D2_OPT_13010,TE,408.0,164.95235041131517,57.0,2.235739216730826,-162.71661119458435,False,False
R2_4D2_OPT_13010,TE,410.0,156.81460206694427,57.0,6.667874622204016,-150.14672744474026,False,False
R2_4D2_OPT_13010,TE,412.0,148.6768537225734,58.0,4.754649595462264,-143.92220412711114,False,False
R2_4D2_OPT_13010,TE,414.0,140.53910537820255,58.0,0.442299980298321,-140.0968053979042,False,False
R2_4D2_OPT_13010,TE,416.0,132.40135703383166,58.0,3.8700496348658255,-128.53130739896585,False,False
R2_4D2_OPT_13010,TE,418.0,124.2636086894608,58.0,8.18239925002977,-116.08120943943103,False,False
R2_4D2_OPT_13010,TE,420.0,116.12586034508992,59.0,5.2279827426613315,-110.8978776024286,False,False
R2_4D2_OPT_13010,TE,422.0,107.98811200071924,59.0,1.0367325012739228,-106.95137949944532,False,False
R2_4D2_OPT_13010,TE,424.0,99.85036365634838,59.0,3.1545177401132825,-96.6958459162351,False,False
R2_4D2_OPT_13010,TE,426.0,91.71261531197752,43.0,1.2947111437669272,-90.41790416821058,False,False
R2_4D2_OPT_13010,TE,428.0,83.57486696760664,43.0,4.656861230733863,-78.91800573687277,False,False
R2_4D2_OPT_13010,TE,430.0,75.43711862323575,39.0,1.6610392761541841,-73.77607934708156,False,False
R2_4D2_OPT_13010,TM,160.0,94.03314511330187,31.0,1.173984574418984,-92.85916053888289,False,False
R2_4D2_OPT_13010,TM,162.0,85.89539676893101,31.0,5.801427207718465,-80.09396956121253,False,False
R2_4D2_OPT_13010,TM,164.0,77.75764842456013,21.0,5.716531732746683,-72.04111669181344,False,False
R2_4D2_OPT_13010,TM,166.0,69.61990008018925,21.0,1.880710837317995,-67.73918924287126,False,False
R2_4D2_OPT_13010,TM,168.0,61.482151735818384,29.0,0.8619466724519337,-60.62020506336645,False,False
R2_4D2_OPT_13010,TM,170.0,53.344403391447514,20.0,0.33345266798419265,-53.01095072346332,False,False
R2_4D2_OPT_13010,TM,172.0,45.206655047076644,48.0,7.0675682563803885,-38.139086790696254,False,False
R2_4D2_OPT_13010,TM,174.0,37.06890670270598,48.0,1.6223517723157093,-35.44655493039027,False,False
R2_4D2_OPT_13010,TM,176.0,28.931158358335107,50.0,0.21038496831702966,-28.720773390018078,False,False
R2_4D2_OPT_13010,TM,178.0,20.793410013964234,51.0,1.2932111715475607,-19.500198842416673,False,False
R2_4D2_OPT_13010,TM,180.0,12.655661669593359,52.0,1.7953922213196465,-10.860269448273712,True,False
R2_4D2_OPT_13010,TM,182.0,4.517913325222486,53.0,1.4242080249165503,-3.093705300305936,True,False
R2_4D2_OPT_13010,TM,184.0,3.6198350191483857,54.0,0.272100092734964,-3.3477349264134215,True,False
R2_4D2_OPT_13010,TM,186.0,11.75758336351926,55.0,1.5917729339293893,-10.165810429589868,True,False
R2_4D2_OPT_13010,TM,188.0,19.895331707890335,55.0,3.075847761356472,-16.819483946533865,False,False
R2_4D2_OPT_13010,TM,190.0,28.033080052261205,56.0,0.436385779201981,-27.596694273059224,False,False
R2_4D2_OPT_13010,TM,192.0,36.170828396632075,39.0,0.688019780107938,-35.48280861652414,False,False
R2_4D2_OPT_13010,TM,194.0,44.308576741002746,57.0,1.6110635989466675,-42.697513142056074,False,False
R2_4D2_OPT_13010,TM,196.0,52.446325085373616,58.0,2.3504457500485194,-50.0958793353251,False,False
R2_4D2_OPT_13010,TM,198.0,60.5840734297445,58.0,1.9619038651154233,-58.62216956462907,False,False
R2_4D2_OPT_13010,TM,200.0,68.72182177411537,32.0,1.513528648375757,-67.20829312573962,False,False
R2_4D2_OPT_13010,TM,202.0,76.85957011848625,59.0,1.5125526037734425,-75.3470175147128,False,False
R2_4D2_OPT_13010,TM,204.0,84.99731846285711,60.0,3.7867379201095797,-81.21058054274754,False,False
R2_4D2_OPT_13010,TM,206.0,93.13506680722799,60.0,0.2821362520758572,-92.85293055515213,False,False
R2_4D2_OPT_13010,TM,208.0,101.27281515159886,60.0,4.351010424261293,-96.92180472733756,False,False
R2_4D2_OPT_13010,TM,210.0,109.41056349596973,60.0,8.41988459644673,-100.990678899523,False,False
R2_4D2_OPT_13010,TM,212.0,117.54831184034039,60.0,12.488758768632165,-105.05955307170822,False,False
R2_4D2_OPT_13010,TM,214.0,125.68606018471127,30.0,7.139890666366843,-118.54616951834441,False,False
R2_4D2_OPT_13010,TM,216.0,133.82380852908213,30.0,0.09239387053700908,-133.7314146585451,False,False
R2_4D2_OPT_13010,TM,218.0,141.961556873453,35.0,1.8568995316823202,-140.1046573417707,False,False
R2_4D2_OPT_13010,TM,220.0,150.09930521782388,28.0,2.6391469470978364,-147.46015827072605,False,False
R2_4D2_OPT_13010,TM,222.0,158.23705356219475,26.0,2.801560432597228,-155.43549312959752,False,False
R2_4D2_OPT_13010,TM,224.0,166.3748019065656,26.0,10.11572019479867,-156.25908171176695,False,False
R2_4D2_OPT_13010,TM,226.0,174.5125502509365,40.0,6.514756356848625,-167.99779389408786,False,False
R2_4D2_OPT_13010,TM,228.0,177.34970140469264,40.0,0.28087945814271953,-177.06882194654992,False,False
R2_4D2_OPT_13010,TM,230.0,169.21195306032175,24.0,3.049863963266133,-166.16208909705563,False,False
R2_4D2_OPT_13010,TM,232.0,161.07420471595088,24.0,4.38433907217242,-156.68986564377846,False,False
R2_4D2_OPT_13010,TM,234.0,152.93645637158002,24.0,11.818542107610975,-141.11791426396903,False,False
R2_4D2_OPT_13010,TM,236.0,144.79870802720913,24.0,19.252745143049733,-125.54596288415941,False,False
R2_4D2_OPT_13010,TM,238.0,136.66095968283827,24.0,26.686948178488286,-109.97401150434999,False,False
R2_4D2_OPT_13010,TM,240.0,128.5232113384674,24.0,34.121151213926844,-94.40206012454055,False,False
R2_4D2_OPT_13010,TM,242.0,120.38546299409653,33.0,38.41172225697944,-81.97374073711708,False,False
R2_4D2_OPT_13010,TM,244.0,112.24771464972565,33.0,31.58683223120908,-80.66088241851656,False,False
R2_4D2_OPT_13010,TM,246.0,104.10996630535477,33.0,24.761942205438512,-79.34802409991627,False,False
R2_4D2_OPT_13010,TM,248.0,95.97221796098391,33.0,17.93705217966815,-78.03516578131575,False,False
R2_4D2_OPT_13010,TM,250.0,87.83446961661303,33.0,11.112162153897588,-76.72230746271545,False,False
R2_4D2_OPT_13010,TM,252.0,79.69672127224216,33.0,4.287272128127227,-75.40944914411494,False,False
R2_4D2_OPT_13010,TM,254.0,71.5589729278713,22.0,2.067050987034598,-69.49192194083669,False,False
R2_4D2_OPT_13010,TM,256.0,63.42122458350042,36.0,8.627568828873112,-54.79365575462731,False,False
R2_4D2_OPT_13010,TM,258.0,55.283476239129556,36.0,2.0439921223304554,-53.2394841167991,False,False
R2_4D2_OPT_13010,TM,260.0,47.14572789475868,21.0,1.0488883696435494,-46.096839525115136,False,False
R2_4D2_OPT_13010,TM,262.0,39.00797955038781,31.0,5.427983685408756,-33.57999586497905,False,False
R2_4D2_OPT_13010,TM,264.0,30.870231206016935,20.0,0.2583900881679344,-30.611841117849004,False,False
R2_4D2_OPT_13010,TM,266.0,22.73248286164606,27.0,1.911097481127746,-20.821385380518315,False,False
R2_4D2_OPT_13010,TM,268.0,14.59473451727519,42.0,1.2275166582244763,-13.367217859050713,True,False
R2_4D2_OPT_13010,TM,270.0,6.456986172904317,29.0,3.8511354325670473,-2.6058507403372704,True,False
R2_4D2_OPT_13010,TM,272.0,1.6807621714665553,29.0,10.968570506294773,9.287808334828219,True,True
R2_4D2_OPT_13010,TM,274.0,9.818510515837428,29.0,18.086005580022498,8.267495064185072,True,True
R2_4D2_OPT_13010,TM,276.0,17.956258860207893,29.0,25.20344065375022,7.24718179354233,False,True
R2_4D2_OPT_13010,TM,278.0,26.094007204578766,37.0,28.122125785565103,2.0281185809863373,False,True
R2_4D2_OPT_13010,TM,280.0,34.231755548949636,37.0,21.62303098592212,-12.608724563027515,False,False
R2_4D2_OPT_13010,TM,282.0,42.369503893320505,37.0,15.123936186278941,-27.245567707041566,False,False
R2_4D2_OPT_13010,TM,284.0,50.50725223769138,37.0,8.624841386635756,-41.882410851055624,False,False
R2_4D2_OPT_13010,TM,286.0,58.64500058206226,37.0,2.125746586992775,-56.519253995069484,False,False
R2_4D2_OPT_13010,TM,288.0,66.78274892643311,37.0,4.373348212650408,-62.40940071378271,False,False
R2_4D2_OPT_13010,TM,290.0,74.920497270804,41.0,7.9072964842505975,-67.01320078655341,False,False
R2_4D2_OPT_13010,TM,292.0,83.05824561517488,41.0,1.7656598473122285,-81.29258576786265,False,False
R2_4D2_OPT_13010,TM,294.0,91.19599395954575,41.0,4.375976789626548,-86.8200171699192,False,False
R2_4D2_OPT_13010,TM,296.0,99.33374230391662,34.0,6.377112728540737,-92.95662957537589,False,False
R2_4D2_OPT_13010,TM,298.0,107.47149064828749,34.0,0.36938640494023317,-107.10210424334724,False,False
R2_4D2_OPT_13010,TM,300.0,115.60923899265836,43.0,5.136500067216804,-110.47273892544156,False,False
R2_4D2_OPT_13010,TM,302.0,123.74698733702924,43.0,0.81507230728419,-122.93191502974506,False,False
R2_4D2_OPT_13010,TM,304.0,131.88473568140012,45.0,0.011568158578995576,-131.87316752282112,False,False
R2_4D2_OPT_13010,TM,306.0,140.02248402577098,39.0,1.1684606674231197,-138.85402335834786,False,False
R2_4D2_OPT_13010,TM,308.0,148.16023237014187,48.0,3.207152660017052,-144.95307971012483,False,False
R2_4D2_OPT_13010,TM,310.0,156.29798071451273,49.0,0.14004837061516381,-156.15793234389758,False,False
R2_4D2_OPT_13010,TM,312.0,164.4357290588836,44.0,3.399901131291388,-161.0358279275922,False,False
R2_4D2_OPT_13010,TM,314.0,172.5734774032545,50.0,0.7178376807858587,-171.85563972246862,False,False
R2_4D2_OPT_13010,TM,316.0,179.28877425237468,38.0,2.95586367537835,-176.33291057699634,False,False
R2_4D2_OPT_13010,TM,318.0,171.15102590800382,51.0,0.21922090432787353,-170.93180500367592,False,False
R2_4D2_OPT_13010,TM,320.0,163.01327756363293,26.0,1.1953887804674768,-161.81788878316547,False,False
R2_4D2_OPT_13010,TM,322.0,154.87552921926206,52.0,2.487639020455284,-152.38789019880676,False,False
R2_4D2_OPT_13010,TM,324.0,146.7377808748912,23.0,0.9246987854089074,-145.81308208948226,False,False
R2_4D2_OPT_13010,TM,326.0,138.6000325305203,35.0,1.8237719105226016,-136.77626061999771,False,False
R2_4D2_OPT_13010,TM,328.0,130.46228418614945,53.0,1.0641897711476453,-129.3980944150018,False,False
R2_4D2_OPT_13010,TM,330.0,122.32453584177857,53.0,3.8332294371253535,-118.49130640465323,False,False
R2_4D2_OPT_13010,TM,332.0,114.18678749740769,54.0,5.767513594302522,-108.41927390310516,False,False
R2_4D2_OPT_13010,TM,334.0,106.04903915303682,54.0,0.9842651306138552,-105.06477402242297,False,False
R2_4D2_OPT_13010,TM,336.0,97.91129080866594,54.0,3.79898333307481,-94.11230747559112,False,False
R2_4D2_OPT_13010,TM,338.0,89.77354246429508,55.0,6.852600092203693,-82.92094237209139,False,False
R2_4D2_OPT_13010,TM,340.0,81.63579411992421,55.0,2.1849793969178317,-79.45081472300639,False,False
R2_4D2_OPT_13010,TM,342.0,73.49804577555332,55.0,2.4826412983680304,-71.01540447718529,False,False
R2_4D2_OPT_13010,TM,344.0,65.36029743118246,40.0,1.2839806668030778,-64.07631676437938,False,False
R2_4D2_OPT_13010,TM,346.0,57.22254908681158,56.0,4.619066517363559,-52.603482569448026,False,False
R2_4D2_OPT_13010,TM,348.0,49.08480074244112,56.0,0.06849539296059974,-49.01630534948052,False,False
R2_4D2_OPT_13010,TM,350.0,40.94705239807025,22.0,4.23611710359152,-36.71093529447873,False,False
R2_4D2_OPT_13010,TM,352.0,32.80930405369938,57.0,8.25023936866419,-24.559064685035185,False,False
R2_4D2_OPT_13010,TM,354.0,24.6715557093285,57.0,3.818103963191,-20.853451746137505,False,False
R2_4D2_OPT_13010,TM,356.0,16.53380736495763,57.0,0.6140314422823937,-15.919775922675235,False,False
R2_4D2_OPT_13010,TM,358.0,8.396059020586758,20.0,0.8502328443200613,-7.545826176266698,True,False
R2_4D2_OPT_13010,TM,360.0,0.2583106762158861,33.0,4.256789263476728,3.998478587260842,True,True
R2_4D2_OPT_13010,TM,362.0,7.879437668154985,58.0,4.4254276914374024,-3.4540099767175825,True,False
R2_4D2_OPT_13010,TM,364.0,16.01718601252586,58.0,0.11307807627366294,-15.904107936252197,False,False
R2_4D2_OPT_13010,TM,366.0,24.15493435689673,27.0,0.6282458707484723,-23.52668848614826,False,False
R2_4D2_OPT_13010,TM,368.0,32.2926827012676,36.0,0.052726737513580056,-32.23995596375403,False,False
R2_4D2_OPT_13010,TM,370.0,40.43043104563868,29.0,0.2771108810456666,-40.15332016459301,False,False
R2_4D2_OPT_13010,TM,372.0,48.568179390009554,59.0,2.2311768783104537,-46.3370025116991,False,False
R2_4D2_OPT_13010,TM,374.0,56.705927734380424,59.0,1.9600733630767513,-54.74585437130368,False,False
R2_4D2_OPT_13010,TM,376.0,64.84367607875129,59.0,6.151323604463956,-58.69235247428733,False,False
R2_4D2_OPT_13010,TM,378.0,72.98142442312216,60.0,9.794684939976845,-63.186739483145324,False,False
R2_4D2_OPT_13010,TM,380.0,81.11917276749304,60.0,5.72581076779141,-75.39336199970163,False,False
R2_4D2_OPT_13010,TM,382.0,89.2569211118639,60.0,1.6569365956059734,-87.59998451625793,False,False
R2_4D2_OPT_13010,TM,384.0,97.39466945623478,60.0,2.411937576579463,-94.98273187965532,False,False
R2_4D2_OPT_13010,TM,386.0,105.53241780060566,42.0,1.968474525545702,-103.56394327505996,False,False
R2_4D2_OPT_13010,TM,388.0,113.67016614497653,42.0,4.07905104761075,-109.59111509736579,False,False
R2_4D2_OPT_13010,TM,390.0,121.8079144893474,42.0,10.1265766207672,-111.68133786858019,False,False
R2_4D2_OPT_13010,TM,392.0,129.94566283371827,42.0,16.174102193923655,-113.77156063979461,False,False
R2_4D2_OPT_13010,TM,394.0,138.08341117808914,37.0,11.174627406263316,-126.90878377182584,False,False
R2_4D2_OPT_13010,TM,396.0,146.22115952246003,37.0,4.675532606620132,-141.54562691583988,False,False
R2_4D2_OPT_13010,TM,398.0,154.3589078668309,37.0,1.8235621930228478,-152.53534567380802,False,False
R2_4D2_OPT_13010,TM,400.0,162.49665621120175,37.0,8.32265699266603,-154.17399921853573,False,False
R2_4D2_OPT_13010,TM,402.0,170.63440455557264,34.0,8.812658654046254,-161.82174590152638,False,False
R2_4D2_OPT_13010,TM,404.0,178.7721528999435,34.0,2.0661595205650807,-176.70599337937844,False,False
R2_4D2_OPT_13010,TM,406.0,173.09009875568563,34.0,4.6803396129158905,-168.40975914276973,False,False
R2_4D2_OPT_13010,TM,408.0,164.95235041131474,32.0,3.7885216422188255,-161.16382876909594,False,False
R2_4D2_OPT_13010,TM,410.0,156.81460206694388,41.0,0.5909017320706975,-156.22370033487317,False,False
R2_4D2_OPT_13010,TM,412.0,148.67685372257301,41.0,6.7325383690094736,-141.94431535356352,False,False
R2_4D2_OPT_13010,TM,414.0,140.53910537820212,41.0,12.87417500594825,-127.66493037225388,False,False
R2_4D2_OPT_13010,TM,416.0,132.40135703383126,26.0,7.724942633863717,-124.67641439996756,False,False
R2_4D2_OPT_13010,TM,418.0,124.26360868946038,26.0,0.4107828716622746,-123.85282581779812,False,False
R2_4D2_OPT_13010,TM,420.0,116.12586034508952,30.0,1.2477206958849933,-114.87813964920451,False,False
R2_4D2_OPT_13010,TM,422.0,107.98811200071947,43.0,2.0905852226614483,-105.89752677805802,False,False
R2_4D2_OPT_13010,TM,424.0,99.85036365634859,24.0,1.932169525722167,-97.91819413062643,False,False
R2_4D2_OPT_13010,TM,426.0,91.71261531197773,38.0,4.349310021597145,-87.36330529038058,False,False
R2_4D2_OPT_13010,TM,428.0,83.57486696760685,38.0,2.0633231839123467,-81.5115437836945,False,False
R2_4D2_OPT_13010,TM,430.0,75.43711862323597,46.0,1.7503405215624392,-73.68677810167354,False,False
R2_4D2_OPT_13013,TE,160.0,90.45119622398371,36.0,14.613960304931544,-75.83723591905216,False,False
R2_4D2_OPT_13013,TE,162.0,82.31344787961284,49.0,15.851481755913344,-66.4619661236995,False,False
R2_4D2_OPT_13013,TE,164.0,74.17569953524196,49.0,10.512638478936289,-63.66306105630568,False,False
R2_4D2_OPT_13013,TE,166.0,66.0379511908711,49.0,5.1737952019592335,-60.86415598891186,False,False
R2_4D2_OPT_13013,TE,168.0,57.90020284650022,49.0,0.16504807501782232,-57.7351547714824,False,False
R2_4D2_OPT_13013,TE,170.0,49.76245450212935,35.0,4.25757325031012,-45.50488125181923,False,False
R2_4D2_OPT_13013,TE,172.0,41.624706157758474,34.0,0.840680061337397,-40.78402609642109,False,False
R2_4D2_OPT_13013,TE,174.0,33.486957813387704,33.0,0.4390931129076525,-33.047864700480055,False,False
R2_4D2_OPT_13013,TE,176.0,25.349209469016838,29.0,0.1584461798236514,-25.19076328919319,False,False
R2_4D2_OPT_13013,TE,178.0,17.21146112464596,20.0,1.561129262691261,-15.650331861954703,False,False
R2_4D2_OPT_13013,TE,180.0,9.073712780275093,38.0,0.19691238157543353,-8.876800398699661,True,False
R2_4D2_OPT_13013,TE,182.0,0.9359644359042203,50.0,4.544848625941739,3.6088841900375197,True,True
R2_4D2_OPT_13013,TE,184.0,7.201783908466653,40.0,0.33865007799092284,-6.86313383047573,True,False
R2_4D2_OPT_13013,TE,186.0,15.339532252837524,42.0,1.7190427868464904,-13.620489465991033,False,False
R2_4D2_OPT_13013,TE,188.0,23.477280597208395,46.0,2.7579619270184237,-20.71931867018997,False,False
R2_4D2_OPT_13013,TE,190.0,31.615028941579272,46.0,2.894993077087606,-28.720035864491663,False,False
R2_4D2_OPT_13013,TE,192.0,39.752777285950145,46.0,8.547948081193736,-31.204829204756404,False,False
R2_4D2_OPT_13013,TE,194.0,47.890525630320916,46.0,14.200903085299766,-33.689622545021145,False,False
R2_4D2_OPT_13013,TE,196.0,56.02827397469178,46.0,19.8538580894058,-36.17441588528598,False,False
R2_4D2_OPT_13013,TE,198.0,64.16602231906266,46.0,25.506813093511926,-38.65920922555073,False,False
R2_4D2_OPT_13013,TE,200.0,72.30377066343353,37.0,26.939455123209793,-45.36431554022374,False,False
R2_4D2_OPT_13013,TE,202.0,80.4415190078044,37.0,20.44036032356661,-60.0011586842378,False,False
R2_4D2_OPT_13013,TE,204.0,88.57926735217528,37.0,13.941265523923526,-74.63800182825176,False,False
R2_4D2_OPT_13013,TE,206.0,96.71701569654616,37.0,7.442170724280341,-89.27484497226581,False,False
R2_4D2_OPT_13013,TE,208.0,104.85476404091702,37.0,0.9430759246372608,-103.91168811627976,False,False
R2_4D2_OPT_13013,TE,210.0,112.9925123852879,43.0,0.4153619255986671,-112.57715045968924,False,False
R2_4D2_OPT_13013,TE,212.0,121.13026072965866,43.0,5.536210448902225,-115.59405028075643,False,False
R2_4D2_OPT_13013,TE,214.0,129.26800907402955,43.0,11.487782823403117,-117.78022625062641,False,False
R2_4D2_OPT_13013,TE,216.0,137.4057574184004,53.0,6.614931185299782,-130.79082623310063,False,False
R2_4D2_OPT_13013,TE,218.0,145.54350576277128,53.0,1.7175119770266825,-143.8259937857446,False,False
R2_4D2_OPT_13013,TE,220.0,153.68125410714217,45.0,0.977269008185611,-152.70398509895654,False,False
R2_4D2_OPT_13013,TE,222.0,161.81900245151303,45.0,4.776988029708598,-157.04201442180442,False,False
R2_4D2_OPT_13013,TE,224.0,169.9567507958839,45.0,10.531245067602908,-159.425505728281,False,False
R2_4D2_OPT_13013,TE,226.0,178.09449914025478,45.0,16.28550210549712,-161.80899703475765,False,False
R2_4D2_OPT_13013,TE,228.0,173.76775251537438,39.0,14.704078247245963,-159.0636742681284,False,False
R2_4D2_OPT_13013,TE,230.0,165.63000417100352,39.0,8.379859986065071,-157.25014418493845,False,False
R2_4D2_OPT_13013,TE,232.0,157.49225582663263,39.0,2.055641724884077,-155.43661410174857,False,False
R2_4D2_OPT_13013,TE,234.0,149.35450748226177,39.0,4.268576536296916,-145.08593094596483,False,False
R2_4D2_OPT_13013,TE,236.0,141.2167591378909,55.0,6.898383093863562,-134.31837604402733,False,False
R2_4D2_OPT_13013,TE,238.0,133.07901079352018,55.0,2.2307623985776996,-130.8482483949425,False,False
R2_4D2_OPT_13013,TE,240.0,124.94126244914935,56.0,0.7926564802917944,-124.14860596885755,False,False
R2_4D2_OPT_13013,TE,242.0,116.80351410477847,57.0,1.8502489632142716,-114.9532651415642,False,False
R2_4D2_OPT_13013,TE,244.0,108.6657657604076,51.0,2.5357987464672704,-106.12996701394032,False,False
R2_4D2_OPT_13013,TE,246.0,100.52801741603672,58.0,0.04420394693700724,-100.48381346909972,False,False
R2_4D2_OPT_13013,TE,248.0,92.39026907166584,59.0,3.7079022461935076,-88.68236682547234,False,False
R2_4D2_OPT_13013,TE,250.0,84.25252072729498,59.0,0.4833479951938,-83.76917273210117,False,False
R2_4D2_OPT_13013,TE,252.0,76.1147723829241,60.0,4.132399710061601,-71.98237267286251,False,False
R2_4D2_OPT_13013,TE,254.0,67.97702403855322,60.0,0.06352553787616494,-67.91349850067706,False,False
R2_4D2_OPT_13013,TE,256.0,59.839275694182355,60.0,4.005348634309271,-55.83392705987308,False,False
R2_4D2_OPT_13013,TE,258.0,51.701527349811485,60.0,8.074222806494708,-43.627304543316775,False,False
R2_4D2_OPT_13013,TE,260.0,43.56377900544062,60.0,12.143096978680143,-31.420682026760478,False,False
R2_4D2_OPT_13013,TE,262.0,35.426030661069746,36.0,9.62362766139494,-25.802402999674808,False,False
R2_4D2_OPT_13013,TE,264.0,27.288282316698872,36.0,3.0400509548523864,-24.248231361846486,False,False
R2_4D2_OPT_13013,TE,266.0,19.150533972328,36.0,3.543525751690168,-15.60700822063783,False,False
R2_4D2_OPT_13013,TE,268.0,11.012785627957125,36.0,10.127102458232924,-0.8856831697242011,True,False
R2_4D2_OPT_13013,TE,270.0,2.8750372835862543,20.0,6.677695562478707,3.8026582788924523,True,True
R2_4D2_OPT_13013,TE,272.0,5.262711060784619,21.0,0.5326799744664772,-4.730031086318141,True,False
R2_4D2_OPT_13013,TE,274.0,13.400459405155491,25.0,0.9759363995028001,-12.424523005652691,True,False
R2_4D2_OPT_13013,TE,276.0,21.53820774952616,28.0,1.306072985077784,-20.232134764448375,False,False
R2_4D2_OPT_13013,TE,278.0,29.675956093897028,30.0,0.5010111502576275,-29.174944943639403,False,False
R2_4D2_OPT_13013,TE,280.0,37.813704438267905,33.0,2.1582644787412457,-35.65543995952667,False,False
R2_4D2_OPT_13013,TE,282.0,45.95145278263878,33.0,8.98315450451181,-36.968298278126966,False,False
R2_4D2_OPT_13013,TE,284.0,54.089201127009645,41.0,3.0455467678961776,-51.04365435911347,False,False
R2_4D2_OPT_13013,TE,286.0,62.22694947138052,41.0,3.096089869042396,-59.13085960233813,False,False
R2_4D2_OPT_13013,TE,288.0,70.3646978157514,52.0,0.6543835133310328,-69.71031430242037,False,False
R2_4D2_OPT_13013,TE,290.0,78.50244616012228,52.0,4.355714638193314,-74.14673152192896,False,False
R2_4D2_OPT_13013,TE,292.0,86.64019450449314,38.0,0.6956281098906717,-85.94456639460248,False,False
R2_4D2_OPT_13013,TE,294.0,94.77794284886401,38.0,5.717005095619024,-89.06093775324499,False,False
R2_4D2_OPT_13013,TE,296.0,102.91569119323489,40.0,10.564243594475087,-92.3514475987598,False,False
R2_4D2_OPT_13013,TE,298.0,111.05343953760575,40.0,4.330366695769286,-106.72307284183648,False,False
R2_4D2_OPT_13013,TE,300.0,119.19118788197662,40.0,1.90351020293672,-117.2876776790399,False,False
R2_4D2_OPT_13013,TE,302.0,127.3289362263475,49.0,2.1324523675194276,-125.19648385882806,False,False
R2_4D2_OPT_13013,TE,304.0,135.46668457071837,42.0,1.4769483969238406,-133.9897361737945,False,False
R2_4D2_OPT_13013,TE,306.0,143.60443291508923,47.0,3.9395985830163536,-139.66483433207287,False,False
R2_4D2_OPT_13013,TE,308.0,151.7421812594601,44.0,5.245984699914765,-146.49619655954533,False,False
R2_4D2_OPT_13013,TE,310.0,159.879929603831,44.0,0.6078215693310749,-159.27210803449992,False,False
R2_4D2_OPT_13013,TE,312.0,168.01767794820165,44.0,6.4616278385769155,-161.55605010962475,False,False
R2_4D2_OPT_13013,TE,314.0,176.1554262925725,46.0,6.621796668336432,-169.53362962423608,False,False
R2_4D2_OPT_13013,TE,316.0,175.7068253630566,46.0,0.9688416642301994,-174.73798369882638,False,False
R2_4D2_OPT_13013,TE,318.0,167.56907701868573,50.0,0.2422274685360296,-167.32684955014972,False,False
R2_4D2_OPT_13013,TE,320.0,159.43132867431487,37.0,3.006232855378057,-156.42509581893682,False,False
R2_4D2_OPT_13013,TE,322.0,151.29358032994398,37.0,9.505327655021444,-141.78825267492255,False,False
R2_4D2_OPT_13013,TE,324.0,143.15583198557312,50.0,15.934758888062337,-127.22107309751078,False,False
R2_4D2_OPT_13013,TE,326.0,135.01808364120225,43.0,15.22416420454589,-119.79391943665635,False,False
R2_4D2_OPT_13013,TE,328.0,126.88033529683138,43.0,9.272591830045094,-117.60774346678626,False,False
R2_4D2_OPT_13013,TE,330.0,118.7425869524605,43.0,3.321019455544305,-115.42156749691618,False,False
R2_4D2_OPT_13013,TE,332.0,110.60483860808962,43.0,2.6305529189564862,-107.97428568913314,False,False
R2_4D2_OPT_13013,TE,334.0,102.46709026371875,43.0,8.582125293457684,-93.88496497026107,False,False
R2_4D2_OPT_13013,TE,336.0,94.32934191934788,43.0,14.533697667958476,-79.7956442513894,False,False
R2_4D2_OPT_13013,TE,338.0,86.191593574977,43.0,20.485270042459263,-65.70632353251776,False,False
R2_4D2_OPT_13013,TE,340.0,78.05384523060613,45.0,15.721846734531345,-62.331998496074796,False,False
R2_4D2_OPT_13013,TE,342.0,69.91609688623528,45.0,9.967589696637136,-59.94850718959814,False,False
R2_4D2_OPT_13013,TE,344.0,61.77834854186439,45.0,4.213332658742927,-57.56501588312147,False,False
R2_4D2_OPT_13013,TE,346.0,53.640600197493534,45.0,1.5409243791512817,-52.09967581834225,False,False
R2_4D2_OPT_13013,TE,348.0,45.502851853122856,39.0,4.749017423611996,-40.75383442951086,False,False
R2_4D2_OPT_13013,TE,350.0,37.365103508751986,48.0,5.072827821654613,-32.292275687097366,False,False
R2_4D2_OPT_13013,TE,352.0,29.22735516438111,48.0,0.3723886624100659,-28.85496650197105,False,False
R2_4D2_OPT_13013,TE,354.0,21.08960682001024,48.0,5.817605146474745,-15.272001673535492,False,False
R2_4D2_OPT_13013,TE,356.0,12.951858475639364,48.0,11.262821630539424,-1.6890368450999398,True,False
R2_4D2_OPT_13013,TE,358.0,4.8141101312684915,48.0,16.708038114604104,11.893927983335612,True,True
R2_4D2_OPT_13013,TE,360.0,3.3236382131023796,53.0,14.000748189636978,10.677109976534597,True,True
R2_4D2_OPT_13013,TE,362.0,11.461386557473253,53.0,9.10332898136398,-2.358057576109274,True,False
R2_4D2_OPT_13013,TE,364.0,19.599134901844124,53.0,4.205909773090776,-15.393225128753349,False,False
R2_4D2_OPT_13013,TE,366.0,27.736883246214997,20.0,0.3774437503872104,-27.359439495827786,False,False
R2_4D2_OPT_13013,TE,368.0,35.87463159058587,22.0,0.051459236698299424,-35.82317235388757,False,False
R2_4D2_OPT_13013,TE,370.0,44.01237993495674,24.0,1.8680245774668147,-42.14435535748993,False,False
R2_4D2_OPT_13013,TE,372.0,52.15012827932761,25.0,0.4139935794452147,-51.7361346998824,False,False
R2_4D2_OPT_13013,TE,374.0,60.28787662369848,36.0,0.943332095008453,-59.34454452869003,False,False
R2_4D2_OPT_13013,TE,376.0,68.42562496806937,28.0,2.0458073873792606,-66.37981758069012,False,False
R2_4D2_OPT_13013,TE,378.0,76.56337331244023,29.0,0.9806113736739489,-75.5827619387663,False,False
R2_4D2_OPT_13013,TE,380.0,84.70112165681111,30.0,0.07665226241636458,-84.62446939439475,False,False
R2_4D2_OPT_13013,TE,382.0,92.83887000118199,31.0,0.815627985148906,-92.02324201603307,False,False
R2_4D2_OPT_13013,TE,384.0,100.97661834555285,51.0,1.0233666705917346,-99.95325167496111,False,False
R2_4D2_OPT_13013,TE,386.0,109.11436668992351,34.0,1.0347272211325385,-108.07963946879097,False,False
R2_4D2_OPT_13013,TE,388.0,117.25211503429439,54.0,7.346930098270861,-109.90518493602355,False,False
R2_4D2_OPT_13013,TE,390.0,125.38986337866527,54.0,2.5636816345821942,-122.82618174408306,False,False
R2_4D2_OPT_13013,TE,392.0,133.52761172303613,54.0,2.2195668291064723,-131.3080448939297,False,False
R2_4D2_OPT_13013,TE,394.0,141.66536006740702,55.0,1.8436518337197199,-139.8217082336873,False,False
R2_4D2_OPT_13013,TE,396.0,149.80310841177788,56.0,5.848108776857233,-143.95499963492065,False,False
R2_4D2_OPT_13013,TE,398.0,157.94085675614875,56.0,1.2975376524542732,-156.64331910369447,False,False
R2_4D2_OPT_13013,TE,400.0,166.07860510051964,56.0,3.2530334719486858,-162.82557162857094,False,False
R2_4D2_OPT_13013,TE,402.0,174.2163534448905,41.0,0.6889851885134552,-173.52736825637706,False,False
R2_4D2_OPT_13013,TE,404.0,177.64589821073864,38.0,1.5881686013566751,-176.05772960938197,False,False
R2_4D2_OPT_13013,TE,406.0,169.50814986636777,57.0,1.584854285594747,-167.92329558077304,False,False
R2_4D2_OPT_13013,TE,408.0,161.3704015219969,57.0,6.016989691067937,-155.35341183092896,False,False
R2_4D2_OPT_13013,TE,410.0,153.23265317762602,58.0,6.4315355034900366,-146.80111767413598,False,False
R2_4D2_OPT_13013,TE,412.0,145.09490483325516,58.0,2.11918588832589,-142.97571894492927,False,False
R2_4D2_OPT_13013,TE,414.0,136.9571564888843,58.0,2.193163726838053,-134.76399276204626,False,False
R2_4D2_OPT_13013,TE,416.0,128.8194081445134,40.0,3.4683703278824156,-125.35103781663099,False,False
R2_4D2_OPT_13013,TE,418.0,120.68165980014254,59.0,7.451631728277403,-113.23002807186515,False,False
R2_4D2_OPT_13013,TE,420.0,112.54391145577166,59.0,3.260381486890198,-109.28352996888148,False,False
R2_4D2_OPT_13013,TE,422.0,104.40616311140099,59.0,0.930868754497211,-103.47529435690377,False,False
R2_4D2_OPT_13013,TE,424.0,96.26841476703012,42.0,1.3745859924624326,-94.8938287745677,False,False
R2_4D2_OPT_13013,TE,426.0,88.13066642265926,42.0,7.422111565618883,-80.70855485704037,False,False
R2_4D2_OPT_13013,TE,428.0,79.99291807828838,37.0,6.042647963892485,-73.9502701143959,False,False
R2_4D2_OPT_13013,TE,430.0,71.85516973391749,37.0,0.456446835750903,-71.3987228981666,False,False
R2_4D2_OPT_13013,TM,160.0,90.45119622398363,28.0,1.3912632682324941,-89.05993295575112,False,False
R2_4D2_OPT_13013,TM,162.0,82.31344787961275,21.0,1.0139616693297058,-81.29948621028305,False,False
R2_4D2_OPT_13013,TM,164.0,74.17569953524188,36.0,1.849702213436085,-72.32599732180579,False,False
R2_4D2_OPT_13013,TM,166.0,66.03795119087101,40.0,3.00645072190235,-63.03150046896865,False,False
R2_4D2_OPT_13013,TM,168.0,57.90020284650014,20.0,3.544336112817954,-54.35586673368219,False,False
R2_4D2_OPT_13013,TM,170.0,49.762454502129266,47.0,9.599780062118917,-40.16267444001035,False,False
R2_4D2_OPT_13013,TM,172.0,41.62470615775839,30.0,3.081204182814229,-38.543501974944164,False,False
R2_4D2_OPT_13013,TM,174.0,33.48695781338772,46.0,0.011260768038992858,-33.47569704534873,False,False
R2_4D2_OPT_13013,TM,176.0,25.349209469016852,45.0,1.0330462056451424,-24.31616326337171,False,False
R2_4D2_OPT_13013,TM,178.0,17.211461124645982,52.0,2.1386744027999947,-15.072786721845986,False,False
R2_4D2_OPT_13013,TM,180.0,9.073712780275105,44.0,1.3682337320460825,-7.705479048229024,True,False
R2_4D2_OPT_13013,TM,182.0,0.9359644359042344,32.0,1.5762219975440506,0.6402575616398162,True,True
R2_4D2_OPT_13013,TM,184.0,7.201783908466639,25.0,0.5526204057465897,-6.649163502720049,True,False
R2_4D2_OPT_13013,TM,186.0,15.339532252837511,55.0,0.9411380626143242,-14.398394190223186,False,False
R2_4D2_OPT_13013,TM,188.0,23.477280597208384,56.0,3.5540115018143488,-19.923269095394033,False,False
R2_4D2_OPT_13013,TM,190.0,31.615028941579258,56.0,0.9965596225886104,-30.618469318990645,False,False
R2_4D2_OPT_13013,TM,192.0,39.752777285950124,57.0,2.3354596007529067,-37.41731768519722,False,False
R2_4D2_OPT_13013,TM,194.0,47.8905256303208,57.0,2.096675804720284,-45.79384982560051,False,False
R2_4D2_OPT_13013,TM,196.0,56.028273974691665,58.0,1.9269497233672215,-54.10132425132445,False,False
R2_4D2_OPT_13013,TM,198.0,64.16602231906255,58.0,2.385399891796721,-61.78062242726582,False,False
R2_4D2_OPT_13013,TM,200.0,72.30377066343341,43.0,2.160043674126338,-70.14372698930708,False,False
R2_4D2_OPT_13013,TM,202.0,80.44151900780429,59.0,1.8838167125567968,-78.5577022952475,False,False
R2_4D2_OPT_13013,TM,204.0,88.57926735217517,60.0,3.4597566946717855,-85.11951065750338,False,False
R2_4D2_OPT_13013,TM,206.0,96.71701569654603,60.0,0.6091174775136505,-96.10789821903238,False,False
R2_4D2_OPT_13013,TM,208.0,104.8547640409169,60.0,4.677991649699086,-100.17677239121782,False,False
R2_4D2_OPT_13013,TM,210.0,112.99251238528778,37.0,1.0668907980953306,-111.92562158719245,False,False
R2_4D2_OPT_13013,TM,212.0,121.13026072965864,37.0,5.432204001547752,-115.6980567281109,False,False
R2_4D2_OPT_13013,TM,214.0,129.26800907402952,35.0,7.944193625764421,-121.3238154482651,False,False
R2_4D2_OPT_13013,TM,216.0,137.40575741840038,35.0,1.2781404335636706,-136.12761698483672,False,False
R2_4D2_OPT_13013,TM,218.0,145.54350576277125,23.0,4.394078912100588,-141.14942685067066,False,False
R2_4D2_OPT_13013,TM,220.0,153.68125410714214,29.0,1.4950536656067768,-152.18620044153536,False,False
R2_4D2_OPT_13013,TM,222.0,161.819002451513,29.0,8.612488739334603,-153.2065137121784,False,False
R2_4D2_OPT_13013,TM,224.0,169.95675079588386,29.0,15.72992381306233,-154.22682698282154,False,False
R2_4D2_OPT_13013,TM,226.0,178.09449914025475,33.0,13.185228139507508,-164.90927100074725,False,False
R2_4D2_OPT_13013,TM,228.0,173.76775251537438,33.0,6.360338113737044,-167.40741440163734,False,False
R2_4D2_OPT_13013,TM,230.0,165.63000417100352,33.0,0.4645519120333163,-165.1654522589702,False,False
R2_4D2_OPT_13013,TM,232.0,157.49225582663263,31.0,3.309524472089128,-154.1827313545435,False,False
R2_4D2_OPT_13013,TM,234.0,149.35450748226177,31.0,10.284936254226475,-139.0695712280353,False,False
R2_4D2_OPT_13013,TM,236.0,141.2167591378909,31.0,17.260348036364025,-123.95641110152687,False,False
R2_4D2_OPT_13013,TM,238.0,133.0790107935202,31.0,24.23575981850137,-108.84325097501885,False,False
R2_4D2_OPT_13013,TM,240.0,124.94126244914935,26.0,18.215550386408665,-106.72571206274068,False,False
R2_4D2_OPT_13013,TM,242.0,116.80351410477847,26.0,10.901390624207226,-105.90212348057125,False,False
R2_4D2_OPT_13013,TM,244.0,108.66576576040762,26.0,3.5872308620058853,-105.07853489840173,False,False
R2_4D2_OPT_13013,TM,246.0,100.52801741603673,26.0,3.726928900195557,-96.80108851584117,False,False
R2_4D2_OPT_13013,TM,248.0,92.39026907166586,22.0,0.9959309056150079,-91.39433816605084,False,False
R2_4D2_OPT_13013,TM,250.0,84.25252072729499,22.0,8.541119783043325,-75.71140094425166,False,False
R2_4D2_OPT_13013,TM,252.0,76.11477238292412,22.0,16.086308660471435,-60.02846372245268,False,False
R2_4D2_OPT_13013,TM,254.0,67.97702403855324,21.0,9.512880107696619,-58.46414393085662,False,False
R2_4D2_OPT_13013,TM,256.0,59.83927569418237,21.0,1.9156375376319412,-57.92363815655043,False,False
R2_4D2_OPT_13013,TM,258.0,51.701527349811506,39.0,2.2962283164071096,-49.4052990334044,False,False
R2_4D2_OPT_13013,TM,260.0,43.56377900544063,28.0,0.6515288659310178,-42.91225013950961,False,False
R2_4D2_OPT_13013,TM,262.0,35.42603066106976,20.0,2.9524933566659795,-32.47353730440378,False,False
R2_4D2_OPT_13013,TM,264.0,27.288282316698886,20.0,10.599475425684023,-16.688806891014863,False,False
R2_4D2_OPT_13013,TM,266.0,19.150533972328013,20.0,18.246457494702067,-0.9040764776259467,False,False
R2_4D2_OPT_13013,TM,268.0,11.012785627957141,36.0,15.804309046347846,4.791523418390705,True,True
R2_4D2_OPT_13013,TM,270.0,2.8750372835862685,36.0,9.220732339805293,6.345695056219025,True,True
R2_4D2_OPT_13013,TM,272.0,5.262711060784604,36.0,2.6371556332625357,-2.6255554275220687,True,False
R2_4D2_OPT_13013,TM,274.0,13.400459405155475,30.0,3.6588675954882204,-9.741591809667254,True,False
R2_4D2_OPT_13013,TM,276.0,21.538207749526144,30.0,3.388629200341817,-18.149578549184326,False,False
R2_4D2_OPT_13013,TM,278.0,29.675956093897017,40.0,7.8964429505638645,-21.77951314333315,False,False
R2_4D2_OPT_13013,TM,280.0,37.81370443826789,40.0,1.6625660518578587,-36.151138386410025,False,False
R2_4D2_OPT_13013,TM,282.0,45.95145278263876,25.0,0.8373095732014252,-45.11414320943734,False,False
R2_4D2_OPT_13013,TM,284.0,54.08920112700963,32.0,6.462476489821365,-47.62672463718827,False,False
R2_4D2_OPT_13013,TM,286.0,62.226949471380514,32.0,0.4387255006224146,-61.7882239707581,False,False
R2_4D2_OPT_13013,TM,288.0,70.36469781575138,32.0,7.339927491066195,-63.024770324685186,False,False
R2_4D2_OPT_13013,TM,290.0,78.50244616012226,32.0,14.241129481509974,-64.26131667861227,False,False
R2_4D2_OPT_13013,TM,292.0,86.64019450449312,32.0,21.142331471953753,-65.49786303253937,False,False
R2_4D2_OPT_13013,TM,294.0,94.777942848864,27.0,16.956899092392092,-77.82104375647191,False,False
R2_4D2_OPT_13013,TM,296.0,102.91569119323488,27.0,9.706112225354762,-93.20957896788012,False,False
R2_4D2_OPT_13013,TM,298.0,111.05343953760574,27.0,2.45532535831702,-108.59811417928873,False,False
R2_4D2_OPT_13013,TM,300.0,119.19118788197662,45.0,2.2030174449122764,-116.98817043706434,False,False
R2_4D2_OPT_13013,TM,302.0,127.3289362263475,44.0,1.549583843952604,-125.77935238239488,False,False
R2_4D2_OPT_13013,TM,304.0,135.46668457071837,47.0,2.245598643851154,-133.22108592686723,False,False
R2_4D2_OPT_13013,TM,306.0,143.60443291508923,48.0,0.40197922817181986,-143.20245368691744,False,False
R2_4D2_OPT_13013,TM,308.0,151.7421812594601,49.0,3.1705909983369707,-148.57159026112313,False,False
R2_4D2_OPT_13013,TM,310.0,159.879929603831,49.0,2.168252278639984,-157.711677325191,False,False
R2_4D2_OPT_13013,TM,312.0,168.01767794820165,50.0,2.9051482863189917,-165.11252966188266,False,False
R2_4D2_OPT_13013,TM,314.0,176.1554262925725,50.0,2.325695520189913,-173.82973077238262,False,False
R2_4D2_OPT_13013,TM,316.0,175.70682536305662,51.0,4.0365159419878625,-171.67030942106877,False,False
R2_4D2_OPT_13013,TM,318.0,167.56907701868576,51.0,1.0847350283568207,-166.48434199032894,False,False
R2_4D2_OPT_13013,TM,320.0,159.4313286743149,29.0,2.6331926480057333,-156.79813602630915,False,False
R2_4D2_OPT_13013,TM,322.0,151.293580329944,42.0,0.7638649637389312,-150.5297153662051,False,False
R2_4D2_OPT_13013,TM,324.0,143.15583198557314,35.0,1.3112680547233895,-141.84456393084974,False,False
R2_4D2_OPT_13013,TM,326.0,135.01808364120228,53.0,5.061332694157746,-129.95675094704453,False,False
R2_4D2_OPT_13013,TM,328.0,126.88033529683139,53.0,0.163913485884747,-126.71642181094664,False,False
R2_4D2_OPT_13013,TM,330.0,118.74258695246053,53.0,4.7335057223882515,-114.00908123007227,False,False
R2_4D2_OPT_13013,TM,332.0,110.60483860808964,54.0,5.005756953462304,-105.59908165462734,False,False
R2_4D2_OPT_13013,TM,334.0,102.46709026371877,54.0,0.22250848977363713,-102.24458177394514,False,False
R2_4D2_OPT_13013,TM,336.0,94.32934191934791,33.0,2.183723277866808,-92.1456186414811,False,False
R2_4D2_OPT_13013,TM,338.0,86.19159357497703,55.0,6.201965220888629,-79.98962835408841,False,False
R2_4D2_OPT_13013,TM,340.0,78.05384523060616,55.0,1.5343445256027666,-76.5195007050034,False,False
R2_4D2_OPT_13013,TM,342.0,69.9160968862353,55.0,3.1332761696830955,-66.7828207165522,False,False
R2_4D2_OPT_13013,TM,344.0,61.7783485418644,26.0,2.120757248065805,-59.657591293798596,False,False
R2_4D2_OPT_13013,TM,346.0,53.640600197493534,56.0,4.058892673977032,-49.581707523516506,False,False
R2_4D2_OPT_13013,TM,348.0,45.50285185312287,56.0,0.4916784504259277,-45.01117340269694,False,False
R2_4D2_OPT_13013,TM,350.0,37.36510350875199,21.0,4.8452367445935876,-32.51986676415841,False,False
R2_4D2_OPT_13013,TM,352.0,29.227355164381123,21.0,2.7520058254708872,-26.475349338910235,False,False
R2_4D2_OPT_13013,TM,354.0,21.089606820010253,57.0,3.332491757417282,-17.757115062592973,False,False
R2_4D2_OPT_13013,TM,356.0,12.951858475639378,57.0,1.0996436480559084,-11.85221482758347,True,False
R2_4D2_OPT_13013,TM,358.0,4.814110131268506,57.0,5.531779053529302,0.717668922260796,True,True
R2_4D2_OPT_13013,TM,360.0,3.323638213102366,28.0,0.08820553637056065,-3.235432676731805,True,False
R2_4D2_OPT_13013,TM,362.0,11.46138655747324,58.0,4.001931664756309,-7.4594548927169315,True,False
R2_4D2_OPT_13013,TM,364.0,19.59913490184411,58.0,0.31041795040783837,-19.28871695143627,False,False
R2_4D2_OPT_13013,TM,366.0,27.736883246214983,58.0,4.622767565571578,-23.114115680643405,False,False
R2_4D2_OPT_13013,TM,368.0,35.87463159058606,58.0,8.935117180735725,-26.939514409850336,False,False
R2_4D2_OPT_13013,TM,370.0,44.01237993495693,59.0,6.051163010914202,-37.96121692404272,False,False
R2_4D2_OPT_13013,TM,372.0,52.1501282793278,39.0,1.8157874290921312,-50.33434085023567,False,False
R2_4D2_OPT_13013,TM,374.0,60.28787662369867,59.0,2.3313374718602073,-57.956539151838456,False,False
R2_4D2_OPT_13013,TM,376.0,68.42562496806954,30.0,4.236531008162009,-64.18909395990754,False,False
R2_4D2_OPT_13013,TM,378.0,76.56337331244043,30.0,2.8109657876678242,-73.7524075247726,False,False
R2_4D2_OPT_13013,TM,380.0,84.70112165681128,25.0,2.2272395521492365,-82.47388210466205,False,False
R2_4D2_OPT_13013,TM,382.0,92.83887000118216,36.0,0.5404367734186023,-92.29843322776357,False,False
R2_4D2_OPT_13013,TM,384.0,100.97661834555304,60.0,2.7389188020171544,-98.23769954353587,False,False
R2_4D2_OPT_13013,TM,386.0,109.1143666899235,34.0,5.9710752652874115,-103.14329142463609,False,False
R2_4D2_OPT_13013,TM,388.0,117.25211503429438,34.0,0.7754238681935595,-116.4766911661008,False,False
R2_4D2_OPT_13013,TM,390.0,125.38986337866524,32.0,0.6987709962990178,-124.69109238236624,False,False
R2_4D2_OPT_13013,TM,392.0,133.5276117230361,32.0,6.202430994144762,-127.32518072889135,False,False
R2_4D2_OPT_13013,TM,394.0,141.665360067407,40.0,6.331582825617966,-135.33377724178902,False,False
R2_4D2_OPT_13013,TM,396.0,149.80310841177786,40.0,0.09770592691195974,-149.7054024848659,False,False
R2_4D2_OPT_13013,TM,398.0,157.94085675614872,27.0,0.08401799355940186,-157.85683876258932,False,False
R2_4D2_OPT_13013,TM,400.0,166.0786051005196,27.0,7.334804860596734,-158.74380023992288,False,False
R2_4D2_OPT_13013,TM,402.0,174.21635344489047,27.0,14.585591727634478,-159.630761717256,False,False
R2_4D2_OPT_13013,TM,404.0,177.64589821073864,23.0,18.958094301281214,-158.68780390945744,False,False
R2_4D2_OPT_13013,TM,406.0,169.50814986636777,23.0,11.467257454113414,-158.04089241225438,False,False
R2_4D2_OPT_13013,TM,408.0,161.3704015219969,23.0,3.976420606945406,-157.39398091505151,False,False
R2_4D2_OPT_13013,TM,410.0,153.23265317762602,23.0,3.5144162402225994,-149.71823693740342,False,False
R2_4D2_OPT_13013,TM,412.0,145.09490483325516,23.0,11.0052530873904,-134.08965174586476,False,False
R2_4D2_OPT_13013,TM,414.0,136.9571564888843,23.0,18.496089934558405,-118.46106655432588,False,False
R2_4D2_OPT_13013,TM,416.0,128.8194081445134,29.0,20.996309109074105,-107.82309903543931,False,False
R2_4D2_OPT_13013,TM,418.0,120.68165980014254,29.0,13.878874035346376,-106.80278576479617,False,False
R2_4D2_OPT_13013,TM,420.0,112.54391145577166,29.0,6.761438961618447,-105.78247249415323,False,False
R2_4D2_OPT_13013,TM,422.0,104.40616311140082,29.0,0.35599611210927795,-104.05016699929153,False,False
R2_4D2_OPT_13013,TM,424.0,96.26841476702994,24.0,1.0873537358605916,-95.18106103116935,False,False
R2_4D2_OPT_13013,TM,426.0,88.13066642265906,45.0,0.3151759424245145,-87.81549048023454,False,False
R2_4D2_OPT_13013,TM,428.0,79.9929180782882,46.0,2.0859752465687773,-77.90694283171942,False,False
R2_4D2_OPT_13013,TM,430.0,71.85516973391732,38.0,2.746000785743258,-69.10916894817407,False,False
R2_4D2_OPT_12232,TE,160.0,5.42457050508414,20.0,22.763016182624092,17.338445677539955,True,True
R2_4D2_OPT_12232,TE,162.0,13.56231884945501,47.0,25.14112231333806,11.578803463883046,True,True
R2_4D2_OPT_12232,TE,164.0,21.700067193825884,47.0,19.591191287875837,-2.108875905950045,False,False
R2_4D2_OPT_12232,TE,166.0,29.837815538196754,47.0,14.041260262413623,-15.79655527578313,False,False
R2_4D2_OPT_12232,TE,168.0,37.97556388256763,47.0,8.491329236951307,-29.48423464561632,False,False
R2_4D2_OPT_12232,TE,170.0,46.113312226938504,47.0,2.9413982114890906,-43.17191401544942,False,False
R2_4D2_OPT_12232,TE,172.0,54.251060571309374,47.0,2.6085328139731248,-51.642527757336254,False,False
R2_4D2_OPT_12232,TE,174.0,62.388808915680045,49.0,3.8202963275920228,-58.568512588088026,False,False
R2_4D2_OPT_12232,TE,176.0,70.52655726005092,49.0,1.5185469493850328,-69.00801031066588,False,False
R2_4D2_OPT_12232,TE,178.0,78.66430560442178,39.0,6.134560352388582,-72.52974525203321,False,False
R2_4D2_OPT_12232,TE,180.0,86.80205394879266,39.0,0.18965790879241112,-86.61239604000025,False,False
R2_4D2_OPT_12232,TE,182.0,94.93980229316354,39.0,6.513876169973405,-88.42592612319012,False,False
R2_4D2_OPT_12232,TE,184.0,103.0775506375344,44.0,8.243437097634327,-94.83411353990009,False,False
R2_4D2_OPT_12232,TE,186.0,111.21529898190528,44.0,2.3896308283884884,-108.82566815351679,False,False
R2_4D2_OPT_12232,TE,188.0,119.35304732627615,44.0,3.464175440857555,-115.8888718854186,False,False
R2_4D2_OPT_12232,TE,190.0,127.49079567064702,37.0,1.4397002727139212,-126.05109539793311,False,False
R2_4D2_OPT_12232,TE,192.0,135.6285440150179,37.0,7.938795072357104,-127.6897489426608,False,False
R2_4D2_OPT_12232,TE,194.0,143.76629235938876,37.0,14.437889872000289,-129.3284024873885,False,False
R2_4D2_OPT_12232,TE,196.0,151.90404070375965,37.0,20.93698467164337,-130.9670560321163,False,False
R2_4D2_OPT_12232,TE,198.0,160.0417890481305,40.0,21.658731075748193,-138.38305797238232,False,False
R2_4D2_OPT_12232,TE,200.0,168.17953739250137,40.0,15.424854177042286,-152.7546832154591,False,False
R2_4D2_OPT_12232,TE,202.0,176.31728573687226,40.0,9.190977278336279,-167.126308458536,False,False
R2_4D2_OPT_12232,TE,204.0,175.5449659187569,40.0,2.957100379630376,-172.5878655391265,False,False
R2_4D2_OPT_12232,TE,206.0,167.407217574386,40.0,3.27677651907563,-164.1304410553104,False,False
R2_4D2_OPT_12232,TE,208.0,159.26946923001515,42.0,1.6682767150374214,-157.60119251497773,False,False
R2_4D2_OPT_12232,TE,210.0,151.13172088564428,42.0,4.3792488581190305,-146.75247202752524,False,False
R2_4D2_OPT_12232,TE,212.0,142.99397254127362,45.0,7.901829130021812,-135.09214341125178,False,False
R2_4D2_OPT_12232,TE,214.0,134.85622419690273,45.0,2.1475720921276045,-132.70865210477513,False,False
R2_4D2_OPT_12232,TE,216.0,126.71847585253187,48.0,0.3708520558418534,-126.34762379669002,False,False
R2_4D2_OPT_12232,TE,218.0,118.58072750816099,50.0,1.9792314181164194,-116.60149609004456,False,False
R2_4D2_OPT_12232,TE,220.0,110.4429791637901,51.0,5.76176621608962,-104.68121294770049,False,False
R2_4D2_OPT_12232,TE,222.0,102.30523081941924,51.0,0.6405152457449358,-101.6647155736743,False,False
R2_4D2_OPT_12232,TE,224.0,94.16748247504836,51.0,4.480735724599646,-89.6867467504487,False,False
R2_4D2_OPT_12232,TE,226.0,86.02973413067748,51.0,9.601986694944328,-76.42774743573315,False,False
R2_4D2_OPT_12232,TE,228.0,77.89198578630662,38.0,3.532968497205266,-74.35901728910135,False,False
R2_4D2_OPT_12232,TE,230.0,69.75423744193574,38.0,2.8796647083042264,-66.87457273363151,False,False
R2_4D2_OPT_12232,TE,232.0,61.61648909756487,36.0,1.8433835846416509,-59.773105512923216,False,False
R2_4D2_OPT_12232,TE,234.0,53.478740753194,52.0,3.9336003401626374,-49.54514041303136,False,False
R2_4D2_OPT_12232,TE,236.0,45.34099240882313,52.0,1.0764978113617103,-44.26449459746142,False,False
R2_4D2_OPT_12232,TE,238.0,37.20324406445246,34.0,3.297150812679694,-33.906093251772774,False,False
R2_4D2_OPT_12232,TE,240.0,29.06549572008159,34.0,10.043649946160665,-19.021845773920926,False,False
R2_4D2_OPT_12232,TE,242.0,20.92774737571072,33.0,4.065430885454045,-16.862316490256674,False,False
R2_4D2_OPT_12232,TE,244.0,12.789999031339843,33.0,2.759459140316315,-10.030539891023526,True,False
R2_4D2_OPT_12232,TE,246.0,4.652250686968971,32.0,0.43331880531280437,-4.218931881656166,True,False
R2_4D2_OPT_12232,TE,248.0,3.4854976574019014,20.0,0.7697727805820691,-2.7157248768198325,True,False
R2_4D2_OPT_12232,TE,250.0,11.623246001772774,27.0,2.8329866100677257,-8.79025939170505,True,False
R2_4D2_OPT_12232,TE,252.0,19.760994346143647,55.0,5.394909616864452,-14.366084729279194,False,False
R2_4D2_OPT_12232,TE,254.0,27.89874269051452,55.0,0.7272889215785907,-27.17145376893593,False,False
R2_4D2_OPT_12232,TE,256.0,36.036491034885394,57.0,0.7468475086550189,-35.28964352623037,False,False
R2_4D2_OPT_12232,TE,258.0,44.174239379256264,58.0,0.5144041524778276,-43.65983522677843,False,False
R2_4D2_OPT_12232,TE,260.0,52.311987723627134,59.0,1.1922459520227633,-51.119741771604374,False,False
R2_4D2_OPT_12232,TE,262.0,60.44973606799801,53.0,0.15134217869666775,-60.298393889301344,False,False
R2_4D2_OPT_12232,TE,264.0,68.58748441236888,60.0,0.03051258090807389,-68.55697183146081,False,False
R2_4D2_OPT_12232,TE,266.0,76.72523275673976,60.0,4.038361591277362,-72.68687116546239,False,False
R2_4D2_OPT_12232,TE,268.0,84.86298110111063,60.0,8.107235763462798,-76.75574533764782,False,False
R2_4D2_OPT_12232,TE,270.0,93.0007294454815,60.0,12.176109935648235,-80.82461950983327,False,False
R2_4D2_OPT_12232,TE,272.0,101.13847778985237,60.0,16.24498410783367,-84.8934936820187,False,False
R2_4D2_OPT_12232,TE,274.0,109.27622613422325,60.0,20.313858280019108,-88.96236785420413,False,False
R2_4D2_OPT_12232,TE,276.0,117.4139744785939,60.0,24.382732452204543,-93.03124202638935,False,False
R2_4D2_OPT_12232,TE,278.0,125.55172282296478,60.0,28.45160662438988,-97.1001161985749,False,False
R2_4D2_OPT_12232,TE,280.0,133.68947116733565,60.0,32.52048079657531,-101.16899037076033,False,False
R2_4D2_OPT_12232,TE,282.0,141.82721951170652,60.0,36.58935496876075,-105.23786454294577,False,False
R2_4D2_OPT_12232,TE,284.0,149.96496785607738,39.0,30.950992509797377,-119.01397534628,False,False
R2_4D2_OPT_12232,TE,286.0,158.10271620044827,39.0,24.626774248616382,-133.47594195183189,False,False
R2_4D2_OPT_12232,TE,288.0,166.24046454481913,39.0,18.302555987435387,-147.93790855738374,False,False
R2_4D2_OPT_12232,TE,290.0,174.37821288919,39.0,11.978337726254395,-162.39987516293561,False,False
R2_4D2_OPT_12232,TE,292.0,177.4840387664391,39.0,5.654119465073401,-171.82991930136572,False,False
R2_4D2_OPT_12232,TE,294.0,169.34629042206825,39.0,0.6700987961073894,-168.67619162596085,False,False
R2_4D2_OPT_12232,TE,296.0,161.20854207769736,39.0,6.994317057288383,-154.214225020409,False,False
R2_4D2_OPT_12232,TE,298.0,153.0707937333265,37.0,7.609180546556722,-145.46161318676977,False,False
R2_4D2_OPT_12232,TE,300.0,144.93304538895563,37.0,1.1100857469135377,-143.8229596420421,False,False
R2_4D2_OPT_12232,TE,302.0,136.79529704458474,47.0,3.3540494690186615,-133.44124757556608,False,False
R2_4D2_OPT_12232,TE,304.0,128.65754870021388,47.0,8.903980494480981,-119.7535682057329,False,False
R2_4D2_OPT_12232,TE,306.0,120.519800355843,44.0,11.161254673632811,-109.3585456822102,False,False
R2_4D2_OPT_12232,TE,308.0,112.38205201147215,44.0,5.307448404386971,-107.07460360708518,False,False
R2_4D2_OPT_12232,TE,310.0,104.24430366710126,44.0,0.5463578648588687,-103.69794580224239,False,False
R2_4D2_OPT_12232,TE,312.0,96.1065553227306,49.0,4.55988978382489,-91.5466655389057,False,False
R2_4D2_OPT_12232,TE,314.0,87.96880697835972,49.0,9.898733060801844,-78.07007391755788,False,False
R2_4D2_OPT_12232,TE,316.0,79.83105863398885,40.0,13.85999405209659,-65.97106458189226,False,False
R2_4D2_OPT_12232,TE,318.0,71.69331028961798,40.0,7.6261171533905845,-64.0671931362274,False,False
R2_4D2_OPT_12232,TE,320.0,63.55556194524712,40.0,1.3922402546845791,-62.16332169056255,False,False
R2_4D2_OPT_12232,TE,322.0,55.417813600876244,40.0,4.841636644021428,-50.576176956854816,False,False
R2_4D2_OPT_12232,TE,324.0,47.28006525650537,42.0,10.911793471964051,-36.368271784541314,False,False
R2_4D2_OPT_12232,TE,326.0,39.14231691213449,42.0,4.8642678988076,-34.278049013326886,False,False
R2_4D2_OPT_12232,TE,328.0,31.004568567763616,42.0,1.1832576743486485,-29.82131089341497,False,False
R2_4D2_OPT_12232,TE,330.0,22.866820223392747,42.0,7.230783247505101,-15.636036975887647,False,False
R2_4D2_OPT_12232,TE,332.0,14.729071879021879,42.0,13.27830882066155,-1.4507630583603277,True,False
R2_4D2_OPT_12232,TE,334.0,6.591323534651004,45.0,16.89214981847334,10.300826283822333,True,True
R2_4D2_OPT_12232,TE,336.0,1.5464248097198672,45.0,11.13789278057913,9.591467970859261,True,True
R2_4D2_OPT_12232,TE,338.0,9.684173154090738,45.0,5.3836357426849215,-4.300537411405817,True,False
R2_4D2_OPT_12232,TE,340.0,17.821921498461613,45.0,0.3706212952094916,-17.45130020325212,False,False
R2_4D2_OPT_12232,TE,342.0,25.959669842832483,20.0,1.3616155367341962,-24.598054306098287,False,False
R2_4D2_OPT_12232,TE,344.0,34.09741818720335,22.0,0.08928881826067551,-34.008129368942676,False,False
R2_4D2_OPT_12232,TE,346.0,42.23516653157423,24.0,0.6726281625917502,-41.56253836898248,False,False
R2_4D2_OPT_12232,TE,348.0,50.3729148759449,48.0,0.9865641075736691,-49.38635076837122,False,False
R2_4D2_OPT_12232,TE,350.0,58.51066322031576,29.0,0.0044718799945862656,-58.50619134032117,False,False
R2_4D2_OPT_12232,TE,352.0,66.64841156468665,31.0,4.809624446008664,-61.83878711867798,False,False
R2_4D2_OPT_12232,TE,354.0,74.78615990905752,50.0,2.323389739289291,-72.46277016976823,False,False
R2_4D2_OPT_12232,TE,356.0,82.9239082534284,50.0,2.9074540672194096,-80.01645418620897,False,False
R2_4D2_OPT_12232,TE,358.0,91.06165659779927,50.0,8.138297873728314,-82.92335872407095,False,False
R2_4D2_OPT_12232,TE,360.0,99.19940494217013,51.0,7.274198291965054,-91.92520665020508,False,False
R2_4D2_OPT_12232,TE,362.0,107.33715328654101,35.0,0.9363061066473028,-106.40084717989372,False,False
R2_4D2_OPT_12232,TE,364.0,115.47490163091189,51.0,2.9683036487241097,-112.50659798218777,False,False
R2_4D2_OPT_12232,TE,366.0,123.61264997528275,43.0,0.26192270944349416,-123.35072726583927,False,False
R2_4D2_OPT_12232,TE,368.0,131.75039831965364,43.0,6.213495083944488,-125.53690323570915,False,False
R2_4D2_OPT_12232,TE,370.0,139.8881466640245,41.0,11.010981994679348,-128.87716466934515,False,False
R2_4D2_OPT_12232,TE,372.0,148.02589500839537,41.0,4.869345357740571,-143.1565496506548,False,False
R2_4D2_OPT_12232,TE,374.0,156.16364335276626,41.0,1.2722912791980017,-154.89135207356824,False,False
R2_4D2_OPT_12232,TE,376.0,164.30139169713712,41.0,7.413927916136779,-156.88746378100035,False,False
R2_4D2_OPT_12232,TE,378.0,172.43914004150798,52.0,3.2065334304133217,-169.23260661109467,False,False
R2_4D2_OPT_12232,TE,380.0,179.42311161412115,52.0,1.8035647211110255,-177.61954689301015,False,False
R2_4D2_OPT_12232,TE,382.0,171.2853632697503,52.0,6.813662872635373,-164.47170039711492,False,False
R2_4D2_OPT_12232,TE,384.0,163.14761492537943,46.0,2.277917391177575,-160.86969753420183,False,False
R2_4D2_OPT_12232,TE,386.0,155.00986658100874,46.0,3.3750376129284545,-151.6348289680803,False,False
R2_4D2_OPT_12232,TE,388.0,146.87211823663787,46.0,9.027992617034485,-137.8441256196034,False,False
R2_4D2_OPT_12232,TE,390.0,138.734369892267,46.0,14.680947621140511,-124.0534222711265,False,False
R2_4D2_OPT_12232,TE,392.0,130.59662154789612,46.0,20.333902625246544,-110.26271892264958,False,False
R2_4D2_OPT_12232,TE,394.0,122.45887320352526,46.0,25.986857629352777,-96.47201557417247,False,False
R2_4D2_OPT_12232,TE,396.0,114.32112485915438,54.0,25.95543080386199,-88.36569405529238,False,False
R2_4D2_OPT_12232,TE,398.0,106.18337651478352,54.0,21.172182340173123,-85.01119417461038,False,False
R2_4D2_OPT_12232,TE,400.0,98.04562817041264,54.0,16.388933876484455,-81.6566942939282,False,False
R2_4D2_OPT_12232,TE,402.0,89.90787982604176,54.0,11.605685412795788,-78.30219441324599,False,False
R2_4D2_OPT_12232,TE,404.0,81.77013148167089,54.0,6.822436949107122,-74.94769453256376,False,False
R2_4D2_OPT_12232,TE,406.0,73.63238313730001,54.0,2.039188485418456,-71.59319465188156,False,False
R2_4D2_OPT_12232,TE,408.0,65.49463479292915,39.0,1.1505396834225712,-64.34409510950658,False,False
R2_4D2_OPT_12232,TE,410.0,57.35688644855828,53.0,2.560363590905471,-54.79652285765281,False,False
R2_4D2_OPT_12232,TE,412.0,49.2191381041874,56.0,1.4477100738655646,-47.771428030321836,False,False
R2_4D2_OPT_12232,TE,414.0,41.081389759816524,56.0,3.1028610505373946,-37.97852870927913,False,False
R2_4D2_OPT_12232,TE,416.0,32.943641415445654,57.0,4.682320053482548,-28.261321361963105,False,False
R2_4D2_OPT_12232,TE,418.0,24.805893071074788,57.0,0.25018464800935664,-24.555708423065433,False,False
R2_4D2_OPT_12232,TE,420.0,16.66814472670391,57.0,4.181950757464037,-12.486193969239874,False,False
R2_4D2_OPT_12232,TE,422.0,8.530396382333242,58.0,5.8729274040752015,-2.6574689782580405,True,False
R2_4D2_OPT_12232,TE,424.0,0.39264803796237036,58.0,1.5605777889110555,1.167929750948685,True,True
R2_4D2_OPT_12232,TE,426.0,7.745100306408502,58.0,2.751771826252684,-4.993328480155818,True,False
R2_4D2_OPT_12232,TE,428.0,15.882848650779374,47.0,7.000295926860029,-8.882552723919346,False,False
R2_4D2_OPT_12232,TE,430.0,24.020596995150246,47.0,1.4503649013978133,-22.570232093752434,False,False
R2_4D2_OPT_12232,TM,160.0,5.424570505084051,25.0,24.051495230789886,18.626924725705837,True,True
R2_4D2_OPT_12232,TM,162.0,13.562318849454924,25.0,31.426799924237734,17.86448107478281,True,True
R2_4D2_OPT_12232,TM,164.0,21.700067193825795,25.0,38.80210461768568,17.102037423859887,False,True
R2_4D2_OPT_12232,TM,166.0,29.837815538196665,25.0,46.17740931113362,16.33959377293696,False,True
R2_4D2_OPT_12232,TM,168.0,37.97556388256754,50.0,42.63520771502383,4.659643832456287,False,True
R2_4D2_OPT_12232,TM,170.0,46.11331222693841,50.0,37.40436390851513,-8.708948318423285,False,False
R2_4D2_OPT_12232,TM,172.0,54.25106057130929,49.0,32.07055309151442,-22.18050747979487,False,False
R2_4D2_OPT_12232,TM,174.0,62.38880891568006,49.0,26.731709814537265,-35.6570991011428,False,False
R2_4D2_OPT_12232,TM,176.0,70.52655726005094,49.0,21.39286653756031,-49.13369072249063,False,False
R2_4D2_OPT_12232,TM,178.0,78.6643056044218,49.0,16.05402326058315,-62.610282343838655,False,False
R2_4D2_OPT_12232,TM,180.0,86.80205394879268,49.0,10.715179983606197,-76.08687396518648,False,False
R2_4D2_OPT_12232,TM,182.0,94.93980229316355,34.0,5.169223154994758,-89.7705791381688,False,False
R2_4D2_OPT_12232,TM,184.0,103.07755063753442,49.0,0.03749342965208448,-103.04005720788234,False,False
R2_4D2_OPT_12232,TM,186.0,111.21529898190529,52.0,0.789434548389488,-110.42586443351581,False,False
R2_4D2_OPT_12232,TM,188.0,119.35304732627615,53.0,0.11724128181080494,-119.23580604446535,False,False
R2_4D2_OPT_12232,TM,190.0,127.49079567064702,54.0,0.058005362155760326,-127.43279030849126,False,False
R2_4D2_OPT_12232,TM,192.0,135.6285440150179,55.0,0.8736847081375604,-134.75485930688035,False,False
R2_4D2_OPT_12232,TM,194.0,143.76629235938867,42.0,1.3930037500394523,-142.3732886093492,False,False
R2_4D2_OPT_12232,TM,196.0,151.90404070375953,44.0,0.05944815236711749,-151.84459255139242,False,False
R2_4D2_OPT_12232,TM,198.0,160.04178904813043,32.0,0.03012204900059201,-160.01166699912983,False,False
R2_4D2_OPT_12232,TM,200.0,168.1795373925013,30.0,0.7431282740427331,-167.43640911845856,False,False
R2_4D2_OPT_12232,TM,202.0,176.31728573687215,58.0,0.3939768474316152,-175.92330888944053,False,False
R2_4D2_OPT_12232,TM,204.0,175.54496591875696,59.0,3.655789505289704,-171.88917641346725,False,False
R2_4D2_OPT_12232,TM,206.0,167.4072175743861,43.0,0.49349025327036916,-166.91372732111572,False,False
R2_4D2_OPT_12232,TM,208.0,159.26946923001523,22.0,1.851822391585814,-157.41764683842942,False,False
R2_4D2_OPT_12232,TM,210.0,151.13172088564434,60.0,0.18558705506292975,-150.94613383058143,False,False
R2_4D2_OPT_12232,TM,212.0,142.9939725412736,60.0,3.8832871171225065,-139.1106854241511,False,False
R2_4D2_OPT_12232,TM,214.0,134.8562241969027,60.0,7.952161289307944,-126.90406290759476,False,False
R2_4D2_OPT_12232,TM,216.0,126.71847585253184,39.0,3.0999159013900806,-123.61855995114175,False,False
R2_4D2_OPT_12232,TM,218.0,118.58072750816096,39.0,3.224302359790913,-115.35642514837006,False,False
R2_4D2_OPT_12232,TM,220.0,110.44297916379008,23.0,7.327836018069747,-103.11514314572035,False,False
R2_4D2_OPT_12232,TM,222.0,102.30523081941922,23.0,0.16300082909825928,-102.14222999032096,False,False
R2_4D2_OPT_12232,TM,224.0,94.16748247504835,21.0,0.9921503925067721,-93.17533208254157,False,False
R2_4D2_OPT_12232,TM,226.0,86.02973413067747,35.0,1.8567462694719836,-84.1729878612055,False,False
R2_4D2_OPT_12232,TM,228.0,77.8919857863066,35.0,4.809306922728868,-73.08267886357773,False,False
R2_4D2_OPT_12232,TM,230.0,69.75423744193573,20.0,2.3710548148247037,-67.38318262711103,False,False
R2_4D2_OPT_12232,TM,232.0,61.61648909756486,20.0,5.27592725419334,-56.34056184337151,False,False
R2_4D2_OPT_12232,TM,234.0,53.47874075319398,20.0,12.922909323211385,-40.5558314299826,False,False
R2_4D2_OPT_12232,TM,236.0,45.34099240882311,27.0,16.866833196309756,-28.474159212513356,False,False
R2_4D2_OPT_12232,TM,238.0,37.20324406445244,27.0,9.61604632927222,-27.587197735180226,False,False
R2_4D2_OPT_12232,TM,240.0,29.06549572008158,27.0,2.365259462234683,-26.700236257846896,False,False
R2_4D2_OPT_12232,TM,242.0,20.9277473757107,27.0,4.885527404802854,-16.042219970907848,False,False
R2_4D2_OPT_12232,TM,244.0,12.78999903133983,33.0,5.324809625781879,-7.46518940555795,True,False
R2_4D2_OPT_12232,TM,246.0,4.652250686968957,33.0,1.5000803999885837,-3.1521702869803727,True,False
R2_4D2_OPT_12232,TM,248.0,3.485497657401916,29.0,4.9541371360281365,1.4686394786262207,True,True
R2_4D2_OPT_12232,TM,250.0,11.623246001772788,31.0,2.0738110033429873,-9.5494349984298,True,False
R2_4D2_OPT_12232,TM,252.0,19.76099434614366,25.0,3.315511129394065,-16.445483216749594,False,False
R2_4D2_OPT_12232,TM,254.0,27.898742690514535,36.0,8.180673067443959,-19.71806962307058,False,False
R2_4D2_OPT_12232,TM,256.0,36.03649103488541,36.0,1.5970963609013034,-34.439394673984104,False,False
R2_4D2_OPT_12232,TM,258.0,44.17423937925618,36.0,4.986480345641352,-39.187759033614824,False,False
R2_4D2_OPT_12232,TM,260.0,52.31198772362705,36.0,11.570057052183907,-40.74193067144314,False,False
R2_4D2_OPT_12232,TM,262.0,60.449736067997925,36.0,18.153633758726563,-42.296102309271355,False,False
R2_4D2_OPT_12232,TM,264.0,68.5874844123688,36.0,24.737210465269218,-43.85027394709957,False,False
R2_4D2_OPT_12232,TM,266.0,76.72523275673967,36.0,31.320787171811777,-45.40444558492789,False,False
R2_4D2_OPT_12232,TM,268.0,84.86298110111053,36.0,37.90436387835443,-46.95861722275611,False,False
R2_4D2_OPT_12232,TM,270.0,93.00072944548141,36.0,44.48794058489698,-48.512788860584436,False,False
R2_4D2_OPT_12232,TM,272.0,101.13847778985229,36.0,51.07151729143963,-50.06696049841265,False,False
R2_4D2_OPT_12232,TM,274.0,109.27622613422315,26.0,51.35004730913164,-57.92617882509152,False,False
R2_4D2_OPT_12232,TM,276.0,117.41397447859383,26.0,44.0358875469302,-73.37808693166363,False,False
R2_4D2_OPT_12232,TM,278.0,125.55172282296469,26.0,36.72172778472876,-88.82999503823595,False,False
R2_4D2_OPT_12232,TM,280.0,133.68947116733557,26.0,29.407568022527315,-104.28190314480825,False,False
R2_4D2_OPT_12232,TM,282.0,141.82721951170643,26.0,22.09340826032608,-119.73381125138037,False,False
R2_4D2_OPT_12232,TM,284.0,149.96496785607732,26.0,14.779248498124636,-135.18571935795268,False,False
R2_4D2_OPT_12232,TM,286.0,158.10271620044819,26.0,7.465088735923193,-150.637627464525,False,False
R2_4D2_OPT_12232,TM,288.0,166.24046454481905,26.0,0.1509289737217509,-166.08953557109731,False,False
R2_4D2_OPT_12232,TM,290.0,174.37821288918994,34.0,0.8582699470192034,-173.51994294217073,False,False
R2_4D2_OPT_12232,TM,292.0,177.48403876643923,24.0,5.64482001680017,-171.83921874963903,False,False
R2_4D2_OPT_12232,TM,294.0,169.34629042206834,24.0,1.7893830186383834,-167.55690740342996,False,False
R2_4D2_OPT_12232,TM,296.0,161.20854207769736,28.0,3.586827637737518,-157.62171443995985,False,False
R2_4D2_OPT_12232,TM,298.0,153.0707937333265,37.0,1.556873645262069,-151.51392008806445,False,False
R2_4D2_OPT_12232,TM,300.0,144.93304538895563,37.0,8.055968444905254,-136.87707694405037,False,False
R2_4D2_OPT_12232,TM,302.0,136.79529704458474,32.0,1.1676185459221262,-135.62767849866262,False,False
R2_4D2_OPT_12232,TM,304.0,128.65754870021388,22.0,0.31724372497100656,-128.34030497524287,False,False
R2_4D2_OPT_12232,TM,306.0,120.519800355843,22.0,7.862432602399323,-112.65736775344368,False,False
R2_4D2_OPT_12232,TM,308.0,112.38205201147213,42.0,13.898038580043528,-98.48401343142861,False,False
R2_4D2_OPT_12232,TM,310.0,104.24430366710125,42.0,7.850513006887077,-96.39379066021418,False,False
R2_4D2_OPT_12232,TM,312.0,96.10655532273059,42.0,1.8029874337306244,-94.30356788899996,False,False
R2_4D2_OPT_12232,TM,314.0,87.96880697835971,46.0,1.711476369181812,-86.2573306091779,False,False
R2_4D2_OPT_12232,TM,316.0,79.83105863398883,45.0,1.1137881711338482,-78.71727046285498,False,False
R2_4D2_OPT_12232,TM,318.0,71.69331028961797,23.0,0.2768305068407354,-71.41647978277723,False,False
R2_4D2_OPT_12232,TM,320.0,63.55556194524709,44.0,2.9954368456144747,-60.560125099632614,False,False
R2_4D2_OPT_12232,TM,322.0,55.41781360087623,50.0,0.13976538614906978,-55.27804821472716,False,False
R2_4D2_OPT_12232,TM,324.0,47.28006525650535,20.0,2.9628975709767285,-44.317167685528624,False,False
R2_4D2_OPT_12232,TM,326.0,39.142316912134476,51.0,0.8266119894285444,-38.31570492270593,False,False
R2_4D2_OPT_12232,TM,328.0,31.00456856776361,43.0,3.539405097825522,-27.465163469938087,False,False
R2_4D2_OPT_12232,TM,330.0,22.866820223392736,52.0,0.062367638640070985,-22.804452584752664,False,False
R2_4D2_OPT_12232,TM,332.0,14.729071879021863,39.0,3.7047432471059922,-11.024328631915871,True,False
R2_4D2_OPT_12232,TM,334.0,6.591323534650991,35.0,1.8898738906312955,-4.701449644019696,True,False
R2_4D2_OPT_12232,TM,336.0,1.5464248097198816,53.0,2.5262626940198114,0.9798378842999299,True,True
R2_4D2_OPT_12232,TM,338.0,9.684173154090754,54.0,5.981608324881726,-3.7025648292090296,True,False
R2_4D2_OPT_12232,TM,340.0,17.821921498461627,27.0,0.17408388964153537,-17.64783760882009,False,False
R2_4D2_OPT_12232,TM,342.0,25.959669842832497,54.0,3.5848886024956066,-22.37478124033689,False,False
R2_4D2_OPT_12232,TM,344.0,34.097418187203374,55.0,6.134511866411865,-27.96290632079151,False,False
R2_4D2_OPT_12232,TM,346.0,42.235166531574244,55.0,1.4668911711260026,-40.768275360448236,False,False
R2_4D2_OPT_12232,TM,348.0,50.37291487594491,25.0,2.6698635851057646,-47.70305129083914,False,False
R2_4D2_OPT_12232,TM,350.0,58.51066322031579,29.0,1.9649483759131245,-56.54571484440266,False,False
R2_4D2_OPT_12232,TM,352.0,66.64841156468665,56.0,3.108604463098001,-63.539807101588664,False,False
R2_4D2_OPT_12232,TM,354.0,74.78615990905753,31.0,0.6476016678047415,-74.13855824125278,False,False
R2_4D2_OPT_12232,TM,356.0,82.92390825342841,56.0,5.992537785707917,-76.93137046772048,False,False
R2_4D2_OPT_12232,TM,358.0,91.06165659779928,57.0,6.069394538447875,-84.9922620593514,False,False
R2_4D2_OPT_12232,TM,360.0,99.19940494217015,57.0,1.63725913297448,-97.56214580919567,False,False
R2_4D2_OPT_12232,TM,362.0,107.33715328654102,57.0,2.79487627249871,-104.54227701404231,False,False
R2_4D2_OPT_12232,TM,364.0,115.47490163091189,36.0,6.083954207599924,-109.39094742331196,False,False
R2_4D2_OPT_12232,TM,366.0,123.61264997528275,36.0,0.49962249894263,-123.11302747634014,False,False
R2_4D2_OPT_12232,TM,368.0,131.75039831965364,58.0,1.681005093957471,-130.06939322569616,False,False
R2_4D2_OPT_12232,TM,370.0,139.8881466640245,58.0,2.6313445212064717,-137.25680214281803,False,False
R2_4D2_OPT_12232,TM,372.0,148.02589500839537,58.0,6.943694136370618,-141.08220087202477,False,False
R2_4D2_OPT_12232,TM,374.0,156.16364335276626,59.0,7.399518987373599,-148.76412436539263,False,False
R2_4D2_OPT_12232,TM,376.0,164.30139169713712,59.0,3.2082687459861914,-161.09312295115092,False,False
R2_4D2_OPT_12232,TM,378.0,172.43914004150798,59.0,0.982981495401014,-171.456158546107,False,False
R2_4D2_OPT_12232,TM,380.0,179.42311161412113,59.0,5.17423173678822,-174.24887987733294,False,False
R2_4D2_OPT_12232,TM,382.0,171.28536326975026,59.0,9.365481978175426,-161.91988129157485,False,False
R2_4D2_OPT_12232,TM,384.0,163.1476149253794,60.0,6.1935340749304,-156.95408085044897,False,False
R2_4D2_OPT_12232,TM,386.0,155.00986658100874,26.0,1.7571006258515023,-153.2527659551572,False,False
R2_4D2_OPT_12232,TM,388.0,146.87211823663785,60.0,1.9442142694404723,-144.92790396719738,False,False
R2_4D2_OPT_12232,TM,390.0,138.73436989226698,24.0,1.368871280309012,-137.36549861195797,False,False
R2_4D2_OPT_12232,TM,392.0,130.5966215478961,24.0,6.0653317551295425,-124.53128979276656,False,False
R2_4D2_OPT_12232,TM,394.0,122.45887320352523,34.0,10.040315006005693,-112.41855819751954,False,False
R2_4D2_OPT_12232,TM,396.0,114.32112485915437,34.0,3.293815872524721,-111.02730898662965,False,False
R2_4D2_OPT_12232,TM,398.0,106.18337651478349,28.0,2.858643271915058,-103.32473324286842,False,False
R2_4D2_OPT_12232,TM,400.0,98.04562817041261,22.0,2.486309841527929,-95.55931832888469,False,False
R2_4D2_OPT_12232,TM,402.0,89.90787982604175,30.0,8.945951895220755,-80.96192793082099,False,False
R2_4D2_OPT_12232,TM,404.0,81.77013148167087,30.0,1.8984550993907172,-79.87167638228016,False,False
R2_4D2_OPT_12232,TM,406.0,73.63238313730001,32.0,2.305115042843966,-71.32726809445604,False,False
R2_4D2_OPT_12232,TM,408.0,65.49463479292913,37.0,0.9929123743654916,-64.50172241856365,False,False
R2_4D2_OPT_12232,TM,410.0,57.356886448558264,37.0,5.506182425277691,-51.85070402328058,False,False
R2_4D2_OPT_12232,TM,412.0,49.21913810418739,21.0,4.8670480214165215,-44.352090082770864,False,False
R2_4D2_OPT_12232,TM,414.0,41.08138975981652,23.0,0.7166618427797301,-40.36472791703679,False,False
R2_4D2_OPT_12232,TM,416.0,32.94364141544564,23.0,6.774175004388276,-26.169466411057364,False,False
R2_4D2_OPT_12232,TM,418.0,24.80589307107477,20.0,3.554740327128652,-21.25115274394612,False,False
R2_4D2_OPT_12232,TM,420.0,16.668144726703897,20.0,4.092241741889392,-12.575902984814507,False,False
R2_4D2_OPT_12232,TM,422.0,8.53039638233323,20.0,11.739223810907438,3.2088274285742076,True,True
R2_4D2_OPT_12232,TM,424.0,0.3926480379623563,41.0,19.38254403248507,18.989895994522715,True,True
R2_4D2_OPT_12232,TM,426.0,7.745100306408516,41.0,13.240907395546499,5.4958070891379815,True,True
R2_4D2_OPT_12232,TM,428.0,15.88284865077939,41.0,7.0992707586077195,-8.783577892171671,False,False
R2_4D2_OPT_12232,TM,430.0,24.020596995150264,41.0,0.9576341216691471,-23.062962873481116,False,False
R2_4D2_OPT_03742,TE,160.0,59.351733799649416,39.0,1.3551566547199503,-57.99657714492946,False,False
R2_4D2_OPT_03742,TE,162.0,51.21398545527854,28.0,1.1234178095044507,-50.09056764577409,False,False
R2_4D2_OPT_03742,TE,164.0,43.07623711090767,26.0,1.605592426063395,-41.47064468484428,False,False
R2_4D2_OPT_03742,TE,166.0,34.93848876653681,24.0,0.23456882678860905,-34.7039199397482,False,False
R2_4D2_OPT_03742,TE,168.0,26.80074042216593,20.0,0.6732601113597194,-26.12748031080621,False,False
R2_4D2_OPT_03742,TE,170.0,18.662992077795057,43.0,4.924712500484022,-13.738279577311035,False,False
R2_4D2_OPT_03742,TE,172.0,10.525243733424183,43.0,10.876284874984814,0.35104114156062965,True,True
R2_4D2_OPT_03742,TE,174.0,2.3874953890534125,38.0,15.420033184608949,13.032537795555536,True,True
R2_4D2_OPT_03742,TE,176.0,5.75025295531746,38.0,9.007399979099356,3.2571470237818954,True,True
R2_4D2_OPT_03742,TE,178.0,13.888001299688332,38.0,2.5947667735898627,-11.293234526098468,True,False
R2_4D2_OPT_03742,TE,180.0,22.025749644059204,33.0,3.5173448643519567,-18.50840477970725,False,False
R2_4D2_OPT_03742,TE,182.0,30.163497988430073,38.0,10.230499637429222,-19.93299835100085,False,False
R2_4D2_OPT_03742,TE,184.0,38.30124633280094,38.0,16.64313284293882,-21.658113489862128,False,False
R2_4D2_OPT_03742,TE,186.0,46.43899467717183,38.0,23.05576604844831,-23.383228628723515,False,False
R2_4D2_OPT_03742,TE,188.0,54.5767430215427,38.0,29.468399253957806,-25.10834376758489,False,False
R2_4D2_OPT_03742,TE,190.0,62.71449136591357,37.0,27.368409350217032,-35.34608201569654,False,False
R2_4D2_OPT_03742,TE,192.0,70.85223971028444,37.0,20.86931455057385,-49.9829251597106,False,False
R2_4D2_OPT_03742,TE,194.0,78.98998805465521,37.0,14.370219750930666,-64.61976830372456,False,False
R2_4D2_OPT_03742,TE,196.0,87.12773639902609,37.0,7.871124951287584,-79.2566114477385,False,False
R2_4D2_OPT_03742,TE,198.0,95.26548474339695,37.0,1.3720301516443998,-93.89345459175256,False,False
R2_4D2_OPT_03742,TE,200.0,103.40323308776783,37.0,5.127064647998682,-98.27616843976915,False,False
R2_4D2_OPT_03742,TE,202.0,111.54098143213871,37.0,11.626159447641866,-99.91482198449684,False,False
R2_4D2_OPT_03742,TE,204.0,119.67872977650957,45.0,16.84031222830908,-102.8384175482005,False,False
R2_4D2_OPT_03742,TE,206.0,127.81647812088045,45.0,11.086055190414871,-116.73042293046558,False,False
R2_4D2_OPT_03742,TE,208.0,135.9542264652513,45.0,5.33179815252056,-130.62242831273076,False,False
R2_4D2_OPT_03742,TE,210.0,144.0919748096222,45.0,0.42245888537364873,-143.66951592424854,False,False
R2_4D2_OPT_03742,TE,212.0,152.22972315399295,41.0,1.7894402302984556,-150.4402829236945,False,False
R2_4D2_OPT_03742,TE,214.0,160.36747149836384,46.0,5.909210191786834,-154.45826130657701,False,False
R2_4D2_OPT_03742,TE,216.0,168.5052198427347,46.0,0.25625518768080424,-168.2489646550539,False,False
R2_4D2_OPT_03742,TE,218.0,176.64296818710548,49.0,3.934038377625959,-172.7089298094795,False,False
R2_4D2_OPT_03742,TE,220.0,175.21928346852368,42.0,0.9993000138375471,-174.21998345468612,False,False
R2_4D2_OPT_03742,TE,222.0,167.0815351241528,52.0,2.7447109997793784,-164.3368241243734,False,False
R2_4D2_OPT_03742,TE,224.0,158.94378677978193,52.0,7.754809151303725,-151.1889776284782,False,False
R2_4D2_OPT_03742,TE,226.0,150.80603843541107,47.0,9.52100796716422,-141.28503046824684,False,False
R2_4D2_OPT_03742,TE,228.0,142.66829009104018,47.0,3.9710769417019023,-138.6972131493383,False,False
R2_4D2_OPT_03742,TE,230.0,134.53054174666931,47.0,1.578854083760313,-132.951687662909,False,False
R2_4D2_OPT_03742,TE,232.0,126.39279340229844,36.0,1.7232431437404017,-124.66955025855803,False,False
R2_4D2_OPT_03742,TE,234.0,118.25504505792756,53.0,0.6005484005591224,-117.65449665736844,False,False
R2_4D2_OPT_03742,TE,236.0,110.11729671355668,48.0,1.1830978155231884,-108.9341988980335,False,False
R2_4D2_OPT_03742,TE,238.0,101.97954836918602,55.0,1.352023670449914,-100.6275246987361,False,False
R2_4D2_OPT_03742,TE,240.0,93.84180002481514,56.0,1.5869760039408676,-92.25482402087428,False,False
R2_4D2_OPT_03742,TE,242.0,85.70405168044427,56.0,2.9635951204621938,-82.74045655998208,False,False
R2_4D2_OPT_03742,TE,244.0,77.56630333607339,57.0,1.1396501175553295,-76.42665321851807,False,False
R2_4D2_OPT_03742,TE,246.0,69.42855499170253,58.0,1.7495495871076912,-67.67900540459483,False,False
R2_4D2_OPT_03742,TE,248.0,61.29080664733165,58.0,2.5628000280562517,-58.7280066192754,False,False
R2_4D2_OPT_03742,TE,250.0,53.15305830296078,59.0,1.3060675949504297,-51.84699070801035,False,False
R2_4D2_OPT_03742,TE,252.0,45.01530995858991,59.0,2.8851826464367756,-42.130127312153135,False,False
R2_4D2_OPT_03742,TE,254.0,36.87756161421904,60.0,1.8462790766343031,-35.03128253758474,False,False
R2_4D2_OPT_03742,TE,256.0,28.739813269848167,60.0,2.2225950955511324,-26.517218174297035,False,False
R2_4D2_OPT_03742,TE,258.0,20.602064925477293,35.0,0.2591739984853094,-20.342890926991984,False,False
R2_4D2_OPT_03742,TE,260.0,12.464316581106422,29.0,1.6030598336450126,-10.86125674746141,True,False
R2_4D2_OPT_03742,TE,262.0,4.326568236735549,28.0,0.3836834072030762,-3.942884829532473,True,False
R2_4D2_OPT_03742,TE,264.0,3.811180107635324,51.0,1.247998102372863,-2.5631820052624605,True,False
R2_4D2_OPT_03742,TE,266.0,11.948928452006195,51.0,6.369249072717547,-5.579679379288649,True,False
R2_4D2_OPT_03742,TE,268.0,20.08667679637707,34.0,10.850346241990566,-9.236330554386504,False,False
R2_4D2_OPT_03742,TE,270.0,28.224425140747943,34.0,4.103847108509393,-24.12057803223855,False,False
R2_4D2_OPT_03742,TE,272.0,36.36217348511881,34.0,2.6426520249715786,-33.719521460147234,False,False
R2_4D2_OPT_03742,TE,274.0,44.499921829489686,39.0,1.835597542034928,-42.66432428745476,False,False
R2_4D2_OPT_03742,TE,276.0,52.63767017386036,39.0,8.159815803215922,-44.47785437064443,False,False
R2_4D2_OPT_03742,TE,278.0,60.775418518231234,39.0,14.484034064396916,-46.29138445383431,False,False
R2_4D2_OPT_03742,TE,280.0,68.9131668626021,33.0,15.238153847125838,-53.67501301547627,False,False
R2_4D2_OPT_03742,TE,282.0,77.05091520697297,33.0,8.413263821355274,-68.6376513856177,False,False
R2_4D2_OPT_03742,TE,284.0,85.18866355134385,33.0,1.5883737955849133,-83.60028975575894,False,False
R2_4D2_OPT_03742,TE,286.0,93.32641189571473,33.0,5.236516230185651,-88.08989566552907,False,False
R2_4D2_OPT_03742,TE,288.0,101.46416024008559,43.0,3.932517403962509,-97.53164283612308,False,False
R2_4D2_OPT_03742,TE,290.0,109.60190858445647,43.0,2.019054970538282,-107.58285361391818,False,False
R2_4D2_OPT_03742,TE,292.0,117.73965692882733,38.0,2.9253259404536265,-114.81433098837371,False,False
R2_4D2_OPT_03742,TE,294.0,125.87740527319819,38.0,9.337959145963321,-116.53944612723488,False,False
R2_4D2_OPT_03742,TE,296.0,134.01515361756907,38.0,15.750592351472811,-118.26456126609627,False,False
R2_4D2_OPT_03742,TE,298.0,142.15290196193993,38.0,22.163225556982308,-119.98967640495765,False,False
R2_4D2_OPT_03742,TE,300.0,150.29065030631082,38.0,28.575858762491798,-121.71479154381902,False,False
R2_4D2_OPT_03742,TE,302.0,158.4283986506817,37.0,23.419100570201206,-135.00929808048048,False,False
R2_4D2_OPT_03742,TE,304.0,166.56614699505255,37.0,16.920005770558227,-149.64614122449433,False,False
R2_4D2_OPT_03742,TE,306.0,174.70389533942344,37.0,10.420910970915042,-164.28298436850838,False,False
R2_4D2_OPT_03742,TE,308.0,177.1583563162057,37.0,3.9218161712718587,-173.23654014493383,False,False
R2_4D2_OPT_03742,TE,310.0,169.02060797183483,37.0,2.577278628371325,-166.44332934346352,False,False
R2_4D2_OPT_03742,TE,312.0,160.88285962746414,37.0,9.076373428014305,-151.80648619944986,False,False
R2_4D2_OPT_03742,TE,314.0,152.74511128309328,37.0,15.57546822765749,-137.1696430554358,False,False
R2_4D2_OPT_03742,TE,316.0,144.60736293872242,32.0,17.254423599531243,-127.35293933919115,False,False
R2_4D2_OPT_03742,TE,318.0,136.46961459435153,32.0,10.35322160908726,-126.11639298526427,False,False
R2_4D2_OPT_03742,TE,320.0,128.33186624998066,32.0,3.4520196186434817,-124.87984663133717,False,False
R2_4D2_OPT_03742,TE,322.0,120.19411790560979,32.0,3.4491823718002976,-116.7449355338095,False,False
R2_4D2_OPT_03742,TE,324.0,112.05636956123892,32.0,10.350384362244078,-101.70598519899484,False,False
R2_4D2_OPT_03742,TE,326.0,103.91862121686805,41.0,8.137271464196374,-95.78134975267167,False,False
R2_4D2_OPT_03742,TE,328.0,95.78087287249717,41.0,1.995634827257598,-93.78523804523958,False,False
R2_4D2_OPT_03742,TE,330.0,87.64312452812631,41.0,4.146001809680975,-83.49712271844533,False,False
R2_4D2_OPT_03742,TE,332.0,79.50537618375543,45.0,8.56786180307808,-70.93751438067736,False,False
R2_4D2_OPT_03742,TE,334.0,71.36762783938455,45.0,2.8136047651838716,-68.55402307420069,False,False
R2_4D2_OPT_03742,TE,336.0,63.229879495013684,45.0,2.9406522727103375,-60.289227222303346,False,False
R2_4D2_OPT_03742,TE,338.0,55.09213115064282,42.0,4.195291197607624,-50.89683995303519,False,False
R2_4D2_OPT_03742,TE,340.0,46.954382806271944,42.0,1.8522343755488284,-45.10214843072312,False,False
R2_4D2_OPT_03742,TE,342.0,38.816634461901074,36.0,3.8199620035844366,-34.99667245831664,False,False
R2_4D2_OPT_03742,TE,344.0,30.6788861175302,46.0,1.5328650751073183,-29.146021042422884,False,False
R2_4D2_OPT_03742,TE,346.0,22.541137773159324,46.0,7.1858200792133475,-15.355317693945977,False,False
R2_4D2_OPT_03742,TE,348.0,14.40338942878866,40.0,5.603493971588459,-8.7998954572002,True,False
R2_4D2_OPT_03742,TE,350.0,6.265641084417786,40.0,0.6303829271175467,-5.63525815730024,True,False
R2_4D2_OPT_03742,TE,352.0,1.872107259953086,31.0,0.2577411929669885,-1.6143660669860975,True,False
R2_4D2_OPT_03742,TE,354.0,10.009855604323958,49.0,0.8926955431863566,-9.117160061137602,True,False
R2_4D2_OPT_03742,TE,356.0,18.147603948694833,20.0,1.8569456236638715,-16.29065832503096,False,False
R2_4D2_OPT_03742,TE,358.0,26.285352293065706,22.0,0.2797449180603849,-26.00560737500532,False,False
R2_4D2_OPT_03742,TE,360.0,34.423100637436576,24.0,0.8831256107553574,-33.53997502668122,False,False
R2_4D2_OPT_03742,TE,362.0,42.560848981807446,28.0,0.3560509950984004,-42.204797986709046,False,False
R2_4D2_OPT_03742,TE,364.0,50.69859732617832,52.0,1.5383202419954498,-49.160277084182866,False,False
R2_4D2_OPT_03742,TE,366.0,58.836345670549186,35.0,0.2923016196448247,-58.54404405090437,False,False
R2_4D2_OPT_03742,TE,368.0,66.97409401492006,48.0,1.7988098672552078,-65.17528414766485,False,False
R2_4D2_OPT_03742,TE,370.0,75.11184235929095,50.0,2.8720393544462675,-72.23980300484467,False,False
R2_4D2_OPT_03742,TE,372.0,83.24959070366181,50.0,2.3588044520624334,-80.89078625159938,False,False
R2_4D2_OPT_03742,TE,374.0,91.38733904803269,50.0,7.589648258571135,-83.79769078946156,False,False
R2_4D2_OPT_03742,TE,376.0,99.52508739240356,34.0,6.5393930340149105,-92.98569435838866,False,False
R2_4D2_OPT_03742,TE,378.0,107.66283573677443,34.0,0.2071060994660606,-107.45572963730835,False,False
R2_4D2_OPT_03742,TE,380.0,115.8005840811453,53.0,1.8878493955050732,-113.91273468564023,False,False
R2_4D2_OPT_03742,TE,382.0,123.93833242551618,44.0,1.9755392869765447,-121.96279313853964,False,False
R2_4D2_OPT_03742,TE,384.0,132.07608076988706,54.0,7.725354725347755,-124.35072604453929,False,False
R2_4D2_OPT_03742,TE,386.0,140.21382911425772,54.0,2.9421062616590876,-137.27172285259863,False,False
R2_4D2_OPT_03742,TE,388.0,148.35157745862858,54.0,1.8411422020295791,-146.510435256599,False,False
R2_4D2_OPT_03742,TE,390.0,156.48932580299947,33.0,0.13079757024867986,-156.35852823275079,False,False
R2_4D2_OPT_03742,TE,392.0,164.62707414737034,55.0,1.945230133438356,-162.68184401393196,False,False
R2_4D2_OPT_03742,TE,394.0,172.7648224917412,55.0,2.7223905618475057,-170.04243192989372,False,False
R2_4D2_OPT_03742,TE,396.0,179.09742916388794,56.0,6.642428300506509,-172.45500086338143,False,False
R2_4D2_OPT_03742,TE,398.0,170.95968081951708,56.0,2.0918571761035496,-168.86782364341352,False,False
R2_4D2_OPT_03742,TE,400.0,162.8219324751462,56.0,2.4587139482994096,-160.3632185268468,False,False
R2_4D2_OPT_03742,TE,402.0,154.68418413077532,38.0,4.37984775652187,-150.30433637425347,False,False
R2_4D2_OPT_03742,TE,404.0,146.54643578640446,51.0,0.2644339735024695,-146.28200181290197,False,False
R2_4D2_OPT_03742,TE,406.0,138.40868744203357,57.0,0.14261796089085219,-138.26606948114275,False,False
R2_4D2_OPT_03742,TE,408.0,130.2709390976627,57.0,4.574753366364246,-125.69618573129847,False,False
R2_4D2_OPT_03742,TE,410.0,122.13319075329184,43.0,0.8866025594073562,-121.24658819388449,False,False
R2_4D2_OPT_03742,TE,412.0,113.99544240892097,58.0,3.8245315284964714,-110.1709108804245,False,False
R2_4D2_OPT_03742,TE,414.0,105.85769406455009,58.0,0.48781808666747056,-105.36987597788261,False,False
R2_4D2_OPT_03742,TE,416.0,97.71994572017923,58.0,4.800167701831414,-92.9197780183478,False,False
R2_4D2_OPT_03742,TE,418.0,89.58219737580835,37.0,6.47160219089942,-83.11059518490893,False,False
R2_4D2_OPT_03742,TE,420.0,81.44444903143747,37.0,0.027492608743764062,-81.4169564226937,False,False
R2_4D2_OPT_03742,TE,422.0,73.3067006870668,59.0,0.8585468356472225,-72.44815385141958,False,False
R2_4D2_OPT_03742,TE,424.0,65.16895234269592,59.0,3.332703405739983,-61.83624893695593,False,False
R2_4D2_OPT_03742,TE,426.0,57.031203998325054,32.0,2.311685874878662,-54.71951812344639,False,False
R2_4D2_OPT_03742,TE,428.0,48.89345565395419,60.0,7.854226096501773,-41.039229557452416,False,False
R2_4D2_OPT_03742,TE,430.0,40.755707309583315,60.0,3.7853519243163367,-36.970355385266984,False,False
R2_4D2_OPT_03742,TM,160.0,59.351733799649416,27.0,7.49619091781791,-51.855542881831504,False,False
R2_4D2_OPT_03742,TM,162.0,51.21398545527854,27.0,0.24540405078037303,-50.968581404498174,False,False
R2_4D2_OPT_03742,TM,164.0,43.07623711090767,27.0,7.005382816257164,-36.0708542946505,False,False
R2_4D2_OPT_03742,TM,166.0,34.93848876653681,27.0,14.2561696832947,-20.682319083242103,False,False
R2_4D2_OPT_03742,TM,168.0,26.80074042216593,22.0,7.656081736931462,-19.144658685234464,False,False
R2_4D2_OPT_03742,TM,170.0,18.662992077795057,22.0,0.11089285950314573,-18.55209921829191,False,False
R2_4D2_OPT_03742,TM,172.0,10.525243733424183,35.0,3.1194026738412943,-7.40584105958289,True,False
R2_4D2_OPT_03742,TM,174.0,2.3874953890534125,47.0,1.4558667493947912,-0.9316286396586215,True,False
R2_4D2_OPT_03742,TM,176.0,5.75025295531746,45.0,0.43323916330826157,-5.317013792009199,True,False
R2_4D2_OPT_03742,TM,178.0,13.888001299688332,51.0,0.004612664961106522,-13.883388634727226,True,False
R2_4D2_OPT_03742,TM,180.0,22.025749644059204,52.0,0.4490361850803443,-21.576713458978862,False,False
R2_4D2_OPT_03742,TM,182.0,30.163497988430073,53.0,0.07890072053231688,-30.084597267897752,False,False
R2_4D2_OPT_03742,TM,184.0,38.30124633280094,54.0,1.0423839409837907,-37.25886239181716,False,False
R2_4D2_OPT_03742,TM,186.0,46.43899467717183,55.0,2.857833024968534,-43.58116165220329,False,False
R2_4D2_OPT_03742,TM,188.0,54.5767430215427,55.0,1.8097876703173277,-52.76695535122536,False,False
R2_4D2_OPT_03742,TM,190.0,62.71449136591357,56.0,0.7713096129723663,-61.94318175294121,False,False
R2_4D2_OPT_03742,TM,192.0,70.85223971028444,42.0,0.024665785100605134,-70.82757392518383,False,False
R2_4D2_OPT_03742,TM,194.0,78.98998805465521,57.0,0.4667820025285074,-78.5232060521267,False,False
R2_4D2_OPT_03742,TM,196.0,87.12773639902609,58.0,3.4294096864676633,-83.69832671255843,False,False
R2_4D2_OPT_03742,TM,198.0,95.26548474339695,36.0,0.5090037380984482,-94.75648100529851,False,False
R2_4D2_OPT_03742,TM,200.0,103.40323308776783,25.0,2.810254162841288,-100.59297892492654,False,False
R2_4D2_OPT_03742,TM,202.0,111.54098143213871,59.0,0.4987913009685819,-111.04219013117012,False,False
R2_4D2_OPT_03742,TM,204.0,119.67872977650957,59.0,4.690041542355889,-114.98868823415368,False,False
R2_4D2_OPT_03742,TM,206.0,127.81647812088045,60.0,0.6678175490824423,-127.148660571798,False,False
R2_4D2_OPT_03742,TM,208.0,135.9542264652513,33.0,0.5033398111540492,-135.45088665409727,False,False
R2_4D2_OPT_03742,TM,210.0,144.0919748096222,33.0,7.328229836924511,-136.76374497269768,False,False
R2_4D2_OPT_03742,TM,212.0,152.22972315399295,60.0,11.538804967473867,-140.6909181865191,False,False
R2_4D2_OPT_03742,TM,214.0,160.36747149836384,60.0,15.607679139659302,-144.75979235870452,False,False
R2_4D2_OPT_03742,TM,216.0,168.5052198427347,26.0,13.749226104126063,-154.75599373860862,False,False
R2_4D2_OPT_03742,TM,218.0,176.64296818710557,26.0,6.435066341924619,-170.20790184518094,False,False
R2_4D2_OPT_03742,TM,220.0,175.21928346852357,26.0,0.8790934202768227,-174.34019004824677,False,False
R2_4D2_OPT_03742,TM,222.0,167.0815351241527,37.0,0.6793999121413751,-166.40213521201133,False,False
R2_4D2_OPT_03742,TM,224.0,158.94378677978193,21.0,5.9118312322351,-153.03195554754683,False,False
R2_4D2_OPT_03742,TM,226.0,150.80603843541107,38.0,0.40992069270963105,-150.39611774270142,False,False
R2_4D2_OPT_03742,TM,228.0,142.66829009104018,24.0,1.850118334541095,-140.81817175649908,False,False
R2_4D2_OPT_03742,TM,230.0,134.53054174666931,24.0,5.58408470089756,-128.94645704577175,False,False
R2_4D2_OPT_03742,TM,232.0,126.39279340229844,24.0,13.018287736336113,-113.37450566596232,False,False
R2_4D2_OPT_03742,TM,234.0,118.25504505792756,31.0,10.331940510152316,-107.92310454777525,False,False
R2_4D2_OPT_03742,TM,236.0,110.11729671355668,31.0,3.356528728014766,-106.76076798554192,False,False
R2_4D2_OPT_03742,TM,238.0,101.97954836918602,31.0,3.618883054122582,-98.36066531506343,False,False
R2_4D2_OPT_03742,TM,240.0,93.84180002481514,23.0,1.400179912908109,-92.44162011190703,False,False
R2_4D2_OPT_03742,TM,242.0,85.70405168044427,20.0,1.27737695266274,-84.42667472778153,False,False
R2_4D2_OPT_03742,TM,244.0,77.56630333607339,20.0,8.924359021680784,-68.6419443143926,False,False
R2_4D2_OPT_03742,TM,246.0,69.42855499170253,29.0,12.11241349148138,-57.31614150022114,False,False
R2_4D2_OPT_03742,TM,248.0,61.29080664733165,29.0,4.994978417753656,-56.295828229578,False,False
R2_4D2_OPT_03742,TM,250.0,53.15305830296078,29.0,2.12245665597407,-51.03060164698671,False,False
R2_4D2_OPT_03742,TM,252.0,45.01530995858991,29.0,9.239891729701897,-35.77541822888802,False,False
R2_4D2_OPT_03742,TM,254.0,36.87756161421904,34.0,5.3414173998519,-31.536144214367138,False,False
R2_4D2_OPT_03742,TM,256.0,28.739813269848167,34.0,1.4050817336290709,-27.334731536219095,False,False
R2_4D2_OPT_03742,TM,258.0,20.602064925477293,34.0,8.151580867110244,-12.450484058367048,False,False
R2_4D2_OPT_03742,TM,260.0,12.464316581106422,27.0,4.956847565941387,-7.507469015165035,True,False
R2_4D2_OPT_03742,TM,262.0,4.326568236735549,27.0,2.29393930109615,-2.032628935639399,True,False
R2_4D2_OPT_03742,TM,264.0,3.811180107635324,22.0,5.48701562037454,1.6758355127392162,True,True
R2_4D2_OPT_03742,TM,266.0,11.948928452006195,22.0,2.0581732570537765,-9.890755194952419,True,False
R2_4D2_OPT_03742,TM,268.0,20.08667679637707,22.0,9.603362134482092,-10.483314661894978,False,False
R2_4D2_OPT_03742,TM,270.0,28.224425140747943,22.0,17.148551011910204,-11.075874128837738,False,False
R2_4D2_OPT_03742,TM,272.0,36.36217348511881,35.0,23.577937716121223,-12.78423576899759,False,False
R2_4D2_OPT_03742,TM,274.0,44.499921829489686,35.0,16.91188452392047,-27.588037305569216,False,False
R2_4D2_OPT_03742,TM,276.0,52.637670173860556,35.0,10.245831331719824,-42.39183884214073,False,False
R2_4D2_OPT_03742,TM,278.0,60.77541851823143,35.0,3.579778139518971,-57.19564037871247,False,False
R2_4D2_OPT_03742,TM,280.0,68.91316686260231,32.0,0.9399442001478762,-67.97322266245443,False,False
R2_4D2_OPT_03742,TM,282.0,77.05091520697317,32.0,7.841146190591657,-69.20976901638151,False,False
R2_4D2_OPT_03742,TM,284.0,85.18866355134405,32.0,14.742348181035638,-70.44631537030841,False,False
R2_4D2_OPT_03742,TM,286.0,93.32641189571493,32.0,21.643550171479422,-71.68286172423551,False,False
R2_4D2_OPT_03742,TM,288.0,101.4641602400858,30.0,25.03999105065631,-76.42416918942949,False,False
R2_4D2_OPT_03742,TM,290.0,109.60190858445667,30.0,17.992494254826276,-91.6094143296304,False,False
R2_4D2_OPT_03742,TM,292.0,117.73965692882753,30.0,10.944997458996443,-106.79465946983109,False,False
R2_4D2_OPT_03742,TM,294.0,125.8774052731984,30.0,3.8975006631664044,-121.979904610032,False,False
R2_4D2_OPT_03742,TM,296.0,134.01515361756927,30.0,3.14999613266343,-130.86515748490586,False,False
R2_4D2_OPT_03742,TM,298.0,142.15290196194016,25.0,1.4203241838932732,-140.73257777804687,False,False
R2_4D2_OPT_03742,TM,300.0,150.29065030631102,45.0,3.6693028138656807,-146.62134749244532,False,False
R2_4D2_OPT_03742,TM,302.0,158.42839865068188,44.0,0.6421619900048843,-157.78623666067702,False,False
R2_4D2_OPT_03742,TM,304.0,166.56614699505278,47.0,0.7103500943491523,-165.8557969007036,False,False
R2_4D2_OPT_03742,TM,306.0,174.70389533942364,43.0,0.779605999699074,-173.92428933972457,False,False
R2_4D2_OPT_03742,TM,308.0,177.1583563162055,28.0,0.46193665455382965,-176.69641966165167,False,False
R2_4D2_OPT_03742,TM,310.0,169.0206079718346,49.0,0.7531227842900012,-168.26748518754462,False,False
R2_4D2_OPT_03742,TM,312.0,160.88285962746414,42.0,2.8762001744869803,-158.00665945297717,False,False
R2_4D2_OPT_03742,TM,314.0,152.74511128309328,50.0,0.4485397872276009,-152.29657149586566,False,False
R2_4D2_OPT_03742,TM,316.0,144.60736293872242,50.0,4.7823040192811,-139.82505891944132,False,False
R2_4D2_OPT_03742,TM,318.0,136.46961459435153,26.0,0.727078231852929,-135.7425363624986,False,False
R2_4D2_OPT_03742,TM,320.0,128.33186624998066,21.0,1.2441878691320682,-127.08767838084859,False,False
R2_4D2_OPT_03742,TM,322.0,120.19411790560979,52.0,3.8339950566946874,-116.3601228489151,False,False
R2_4D2_OPT_03742,TM,324.0,112.05636956123892,52.0,1.1761030948296598,-110.88026646640925,False,False
R2_4D2_OPT_03742,TM,326.0,103.91862121686805,24.0,2.4258304019500634,-101.49279081491798,False,False
R2_4D2_OPT_03742,TM,328.0,95.78087287249717,53.0,2.4094970755318785,-93.3713757969653,False,False
R2_4D2_OPT_03742,TM,330.0,87.64312452812631,53.0,2.487922132741324,-85.15520239538498,False,False
R2_4D2_OPT_03742,TM,332.0,79.50537618375543,37.0,1.8703861074861856,-77.63499007626925,False,False
R2_4D2_OPT_03742,TM,334.0,71.36762783938455,54.0,2.2987491643328135,-69.06887867505175,False,False
R2_4D2_OPT_03742,TM,336.0,63.229879495013684,20.0,0.6855341965107148,-62.54434529850297,False,False
R2_4D2_OPT_03742,TM,338.0,55.09213115064282,38.0,0.48261979875637234,-54.60951135188645,False,False
R2_4D2_OPT_03742,TM,340.0,46.954382806271944,31.0,0.6351160568672409,-46.319266749404704,False,False
R2_4D2_OPT_03742,TM,342.0,38.816634461901074,55.0,1.2165812073289874,-37.60005325457209,False,False
R2_4D2_OPT_03742,TM,344.0,30.6788861175302,55.0,5.8842019026148495,-24.79468421491535,False,False
R2_4D2_OPT_03742,TM,346.0,22.541137773159324,56.0,5.82676190953811,-16.714375863621218,False,False
R2_4D2_OPT_03742,TM,348.0,14.403389428788456,56.0,1.2761907851351506,-13.127198643653307,True,False
R2_4D2_OPT_03742,TM,350.0,6.265641084417582,29.0,2.0057896576384406,-4.259851426779141,True,False
R2_4D2_OPT_03742,TM,352.0,1.8721072599532897,29.0,5.111645416089285,3.239538156135995,True,True
R2_4D2_OPT_03742,TM,354.0,10.00985560432416,57.0,4.962385559609058,-5.047470044715103,True,False
R2_4D2_OPT_03742,TM,356.0,18.147603948695036,57.0,0.5302501541358681,-17.61735379455917,False,False
R2_4D2_OPT_03742,TM,358.0,26.285352293065905,57.0,3.9018852513375255,-22.38346704172838,False,False
R2_4D2_OPT_03742,TM,360.0,34.423100637436775,27.0,2.4175042140649645,-32.00559642337181,False,False
R2_4D2_OPT_03742,TM,362.0,42.56084898180765,34.0,1.0304641918762432,-41.530384789931404,False,False
R2_4D2_OPT_03742,TM,364.0,50.69859732617852,58.0,1.1920420126927047,-49.50655531348582,False,False
R2_4D2_OPT_03742,TM,366.0,58.8363456705494,58.0,3.120307602471238,-55.71603806807816,False,False
R2_4D2_OPT_03742,TM,368.0,66.97409401492027,58.0,7.432657217635383,-59.54143679728489,False,False
R2_4D2_OPT_03742,TM,370.0,75.11184235929115,59.0,7.4361884225025205,-67.67565393678863,False,False
R2_4D2_OPT_03742,TM,372.0,83.24959070366202,59.0,3.2449381811153146,-80.0046525225467,False,False
R2_4D2_OPT_03742,TM,374.0,91.38733904803289,59.0,0.9463120602720945,-90.4410269877608,False,False
R2_4D2_OPT_03742,TM,376.0,99.52508739240376,59.0,5.137562301659299,-94.38752509074446,False,False
R2_4D2_OPT_03742,TM,378.0,107.66283573677464,59.0,9.328812543046505,-98.33402319372813,False,False
R2_4D2_OPT_03742,TM,380.0,115.8005840811455,60.0,6.675764568949913,-109.1248195121956,False,False
R2_4D2_OPT_03742,TM,382.0,123.93833242551638,60.0,2.6068903967644763,-121.3314420287519,False,False
R2_4D2_OPT_03742,TM,384.0,132.07608076988726,32.0,0.19755229677386157,-131.8785284731134,False,False
R2_4D2_OPT_03742,TM,386.0,140.21382911425772,35.0,3.6129057606784865,-136.60092335357922,False,False
R2_4D2_OPT_03742,TM,388.0,148.35157745862858,35.0,3.0531474315221616,-145.29843002710643,False,False
R2_4D2_OPT_03742,TM,390.0,156.48932580299947,35.0,9.719200623723012,-146.77012517927645,False,False
R2_4D2_OPT_03742,TM,392.0,164.62707414737034,25.0,14.781003591841355,-149.846070555529,False,False
R2_4D2_OPT_03742,TM,394.0,172.7648224917412,25.0,7.405698898393306,-165.3591235933479,False,False
R2_4D2_OPT_03742,TM,396.0,179.09742916388794,25.0,0.030394204945462043,-179.0670349589425,False,False
R2_4D2_OPT_03742,TM,398.0,170.95968081951708,30.0,2.5723327199894372,-168.38734809952763,False,False
R2_4D2_OPT_03742,TM,400.0,162.8219324751462,30.0,9.619829515819475,-153.2021029593267,False,False
R2_4D2_OPT_03742,TM,402.0,154.68418413077532,30.0,16.66732631164931,-138.01685781912602,False,False
R2_4D2_OPT_03742,TM,404.0,146.54643578640446,28.0,14.64820837165555,-131.8982274147489,False,False
R2_4D2_OPT_03742,TM,406.0,138.40868744203357,28.0,7.463003059701698,-130.94568438233188,False,False
R2_4D2_OPT_03742,TM,408.0,130.2709390976627,28.0,0.27779774774764693,-129.99314134991508,False,False
R2_4D2_OPT_03742,TM,410.0,122.13319075329184,28.0,6.907407564206201,-115.22578318908563,False,False
R2_4D2_OPT_03742,TM,412.0,113.99544240892097,21.0,11.771029646158292,-102.22441276276268,False,False
R2_4D2_OPT_03742,TM,414.0,105.85769406455009,21.0,4.173787076093612,-101.68390698845649,False,False
R2_4D2_OPT_03742,TM,416.0,97.71994572017923,26.0,2.3332498839826803,-95.38669583619654,False,False
R2_4D2_OPT_03742,TM,418.0,89.58219737580835,33.0,2.883207482949227,-86.69898989285913,False,False
R2_4D2_OPT_03742,TM,420.0,81.44444903143747,40.0,0.2735954588728929,-81.17085357256458,False,False
R2_4D2_OPT_03742,TM,422.0,73.30670068706661,24.0,0.7324238969971286,-72.57427679006948,False,False
R2_4D2_OPT_03742,TM,424.0,65.16895234269573,41.0,1.0200380326728766,-64.14891431002285,False,False
R2_4D2_OPT_03742,TM,426.0,57.03120399832484,45.0,1.1511094265288893,-55.88009457179595,False,False
R2_4D2_OPT_03742,TM,428.0,48.89345565395397,43.0,3.8255208442542274,-45.06793480969974,False,False
R2_4D2_OPT_03742,TM,430.0,40.75570730958311,20.0,0.09369144035879137,-40.66201586922432,False,False
