structure,input_label,IR_out,IL_out,total_out,DoCP_RminusL,DoCP_LminusR,dominant_output_label,conversion_ratio_dominant_to_opposite,T_RR,T_LR,T_RL,T_LL,note
empty,R,0.991697522194169,9.215875710446734e-34,0.991697522194169,1.0,-1.0,R,1.0760751917151203e+33,-0.99576396241-0.0123147618615j,0-3.03576608296e-17j,0+3.12250225676e-17j,-0.99576396241-0.0123147618615j,"T_output,input; CP basis from +z convention"
empty,L,9.750020343460382e-34,0.991697522194169,0.991697522194169,-1.0,1.0,L,1.0171235415517148e+33,-0.99576396241-0.0123147618615j,0-3.03576608296e-17j,0+3.12250225676e-17j,-0.99576396241-0.0123147618615j,"T_output,input; CP basis from +z convention"
frozen_dimer,R,0.0024045077807383066,0.9338176821657366,0.9362221899464749,-0.9948633822044406,0.9948633822044406,L,388.3612644742646,0.048264032052-0.008665505803j,-0.502884284866-0.825181845535j,0.024996828792-0.026645689794j,0.043493072426-0.003226241128j,"T_output,input; CP basis from +z convention"
frozen_dimer,L,0.0013348342342546361,0.001902055980869281,0.003236890215123917,-0.1752366342127949,0.1752366342127949,L,1.4249379676206597,0.048264032052-0.008665505803j,-0.502884284866-0.825181845535j,0.024996828792-0.026645689794j,0.043493072426-0.003226241128j,"T_output,input; CP basis from +z convention"
