candidate_uid,case_uid,polarization,A_nm,base_candidate_uid,solver_entered,solver_replay,Ex_imag,Ex_real,Ey_imag,Ey_real,Ez_imag,Ez_real,complex_source_normalized,extraction_basis,frequency_index,order_efficiency_source_norm,order_fraction_transmitted,order_m,order_n,target_order_convention,theta_deg,total_transmission,ux,uy,wavelength_nm
K6_L0_A_POS_PLUS10,H1F3B_K6_L0_A_POS_PLUS10_x,x,10.0,K6_L0_A,True,False,0.033796636280878735,0.11889677920483974,0.007896020319789802,0.023042623827289114,0.05914348992840234,0.20806716990943333,True,"transverse Cartesian Ex,Ey from authoritative gratingvector; x/y input columns",1,0.06266186597395491,0.09020957093551506,0,-5,"order_n=+1, order_m=0 is physical +x supercell order",60.25485848366181,0.6946254740391992,-0.8682408888086127,0.0,450.0
K6_L0_A_POS_PLUS10,H1F3B_K6_L0_A_POS_PLUS10_x,x,10.0,K6_L0_A,True,False,0.06914049782635447,0.033143299865510296,0.008015033690749624,-0.0027200443264434344,0.06675600797237868,0.032000266986935005,True,"transverse Cartesian Ex,Ey from authoritative gratingvector; x/y input columns",1,0.011430907859496341,0.016456217467848394,0,-4,"order_n=+1, order_m=0 is physical +x supercell order",43.994770425027035,0.6946254740391992,-0.6945927110468901,0.0,450.0
K6_L0_A_POS_PLUS10,H1F3B_K6_L0_A_POS_PLUS10_x,x,10.0,K6_L0_A,True,False,-0.00409523115356234,-0.011042389230479165,0.00027128049763662645,-0.005075051710059171,-0.002499311094158379,-0.006739147284944943,True,"transverse Cartesian Ex,Ey from authoritative gratingvector; x/y input columns",1,0.00021619768316024618,0.00031124352797353024,0,-3,"order_n=+1, order_m=0 is physical +x supercell order",31.39563027100863,0.6946254740391992,-0.5209445332851677,0.0,450.0
K6_L0_A_POS_PLUS10,H1F3B_K6_L0_A_POS_PLUS10_x,x,10.0,K6_L0_A,True,False,0.08892776241974605,0.07021226455118723,0.0027912369204146025,-0.006809713750211766,0.03293426718092989,0.026003009827147934,True,"transverse Cartesian Ex,Ey from authoritative gratingvector; x/y input columns",1,0.01465289470211004,0.02109466935743728,0,-2,"order_n=+1, order_m=0 is physical +x supercell order",20.32203702808953,0.6946254740391992,-0.34729635552344507,0.0,450.0
K6_L0_A_POS_PLUS10,H1F3B_K6_L0_A_POS_PLUS10_x,x,10.0,K6_L0_A,True,False,0.08873251942096923,0.05911539461486117,0.02376507330066612,0.011558965766481301,0.015645937248961184,0.010423639051694952,True,"transverse Cartesian Ex,Ey from authoritative gratingvector; x/y input columns",1,0.012419925885318608,0.017880032261266776,0,-1,"order_n=+1, order_m=0 is physical +x supercell order",10.000000005514977,0.6946254740391992,-0.17364817776172253,0.0,450.0
K6_L0_A_POS_PLUS10,H1F3B_K6_L0_A_POS_PLUS10_x,x,10.0,K6_L0_A,True,False,-0.13623075668104262,0.7046852358622192,0.011512399733100458,0.02312795412148574,0.0,0.0,True,"transverse Cartesian Ex,Ey from authoritative gratingvector; x/y input columns",1,0.5158075383175411,0.7425692802743843,0,0,"order_n=+1, order_m=0 is physical +x supercell order",0.0,0.6946254740391992,0.0,0.0,450.0
K6_L0_A_POS_PLUS10,H1F3B_K6_L0_A_POS_PLUS10_x,x,10.0,K6_L0_A,True,False,0.03754954787967092,0.008866190706048441,0.012725395910399576,-0.009871745712098744,-0.006620998408317004,-0.0015633486384629201,True,"transverse Cartesian Ex,Ey from authoritative gratingvector; x/y input columns",1,0.0017942466269727938,0.0025830417887489406,0,1,"order_n=+1, order_m=0 is physical +x supercell order",10.000000005514977,0.6946254740391992,0.17364817776172253,0.0,450.0
K6_L0_A_POS_PLUS10,H1F3B_K6_L0_A_POS_PLUS10_x,x,10.0,K6_L0_A,True,False,0.04792416603681719,0.10098839794711081,-0.0007216471754675424,0.01759651481018739,-0.01774864503201891,-0.03740090596753506,True,"transverse Cartesian Ex,Ey from authoritative gratingvector; x/y input columns",1,0.014519382486024454,0.02090246187142439,0,2,"order_n=+1, order_m=0 is physical +x supercell order",20.32203702808953,0.6946254740391992,0.34729635552344507,0.0,450.0
K6_L0_A_POS_PLUS10,H1F3B_K6_L0_A_POS_PLUS10_x,x,10.0,K6_L0_A,True,False,-0.006241925352464224,0.005881813807149327,-0.007376434291315254,-0.007311086647965236,0.003809434119183186,-0.0035896587886607243,True,"transverse Cartesian Ex,Ey from authoritative gratingvector; x/y input columns",1,0.00020881857512326134,0.0003006203816698454,0,3,"order_n=+1, order_m=0 is physical +x supercell order",31.39563027100863,0.6946254740391992,0.5209445332851677,0.0,450.0
K6_L0_A_POS_PLUS10,H1F3B_K6_L0_A_POS_PLUS10_x,x,10.0,K6_L0_A,True,False,0.03519701899509587,-0.04874970725651884,0.014888413285118958,0.001929044712535467,-0.03398315827203916,0.04706844683763377,True,"transverse Cartesian Ex,Ey from authoritative gratingvector; x/y input columns",1,0.007211043901238512,0.010381197020182387,0,4,"order_n=+1, order_m=0 is physical +x supercell order",43.994770425027035,0.6946254740391992,0.6945927110468901,0.0,450.0
K6_L0_A_POS_PLUS10,H1F3B_K6_L0_A_POS_PLUS10_x,x,10.0,K6_L0_A,True,False,-0.02364886772965694,0.11202899668940067,-0.02091454455759659,0.002767659964823517,0.04138508219465676,-0.19604867722109035,True,"transverse Cartesian Ex,Ey from authoritative gratingvector; x/y input columns",1,0.05370265202825888,0.07731166511354913,0,5,"order_n=+1, order_m=0 is physical +x supercell order",60.25485848366181,0.6946254740391992,0.8682408888086127,0.0,450.0
K6_L0_A_POS_PLUS10,H1F3B_K6_L0_A_POS_PLUS10_x,x,10.0,K6_L0_A,True,False,0.019508764103479757,-0.10887049791383471,0.004586744919005903,-0.008431073431534717,0.034294870176098655,-0.19138575730157117,True,"transverse Cartesian Ex,Ey from authoritative gratingvector; x/y input columns",2,0.05013014463930283,0.061830541167106935,0,-5,"order_n=+1, order_m=0 is physical +x supercell order",60.36645603081336,0.810766713230248,-0.8692056009072888,0.0,450.5
K6_L0_A_POS_PLUS10,H1F3B_K6_L0_A_POS_PLUS10_x,x,10.0,K6_L0_A,True,False,-0.04132026692038396,-0.01885338185692219,-0.005020130432508363,-0.006085433398885417,-0.039981014680809376,-0.018242315284576746,True,"transverse Cartesian Ex,Ey from authoritative gratingvector; x/y input columns",2,0.004056312276875362,0.005003057242834066,0,-4,"order_n=+1, order_m=0 is physical +x supercell order",44.05626873153628,0.810766713230248,-0.6953644807258311,0.0,450.5
K6_L0_A_POS_PLUS10,H1F3B_K6_L0_A_POS_PLUS10_x,x,10.0,K6_L0_A,True,False,0.0005780091210623497,0.0020086925718090015,-0.0015977020591064056,0.004799036978320906,0.0003532960454719714,0.0012277715287342204,True,"transverse Cartesian Ex,Ey from authoritative gratingvector; x/y input columns",2,3.158458920355272e-05,3.895644540920253e-05,0,-3,"order_n=+1, order_m=0 is physical +x supercell order",31.434491089797294,0.810766713230248,-0.5215233605443733,0.0,450.5
K6_L0_A_POS_PLUS10,H1F3B_K6_L0_A_POS_PLUS10_x,x,10.0,K6_L0_A,True,False,-0.06202389256908926,-0.07068781503092043,-0.002313165290079094,0.0027579199258425217,-0.022999488217883692,-0.026212214384007164,True,"transverse Cartesian Ex,Ey from authoritative gratingvector; x/y input columns",2,0.010072743940441857,0.012423726549293248,0,-2,"order_n=+1, order_m=0 is physical +x supercell order",20.345615946048625,0.810766713230248,-0.34768224036291556,0.0,450.5
K6_L0_A_POS_PLUS10,H1F3B_K6_L0_A_POS_PLUS10_x,x,10.0,K6_L0_A,True,False,-0.030375565464231185,-0.08218759942714425,-0.01825877011660146,0.00024285495177295017,-0.005362168241434113,-0.01450849486265179,True,"transverse Cartesian Ex,Ey from authoritative gratingvector; x/y input columns",2,0.008250167412996048,0.010175759905245519,0,-1,"order_n=+1, order_m=0 is physical +x supercell order",10.011225523725704,0.810766713230248,-0.17384112018145778,0.0,450.5
K6_L0_A_POS_PLUS10,H1F3B_K6_L0_A_POS_PLUS10_x,x,10.0,K6_L0_A,True,False,-0.5599935469852089,-0.6036965085982908,-0.01256625715138469,-0.012360016727950313,0.0,0.0,True,"transverse Cartesian Ex,Ey from authoritative gratingvector; x/y input columns",2,0.6783529279911512,0.8366807824268769,0,0,"order_n=+1, order_m=0 is physical +x supercell order",0.0,0.810766713230248,0.0,0.0,450.5
K6_L0_A_POS_PLUS10,H1F3B_K6_L0_A_POS_PLUS10_x,x,10.0,K6_L0_A,True,False,-0.05826928417555962,-0.02752448916787489,-0.011963664550017277,0.013590898713683191,0.010286218553699381,0.004858870589634685,True,"transverse Cartesian Ex,Ey from authoritative gratingvector; x/y input columns",2,0.004610163695136805,0.005686177811579167,0,1,"order_n=+1, order_m=0 is physical +x supercell order",10.011225523725704,0.810766713230248,0.17384112018145778,0.0,450.5
K6_L0_A_POS_PLUS10,H1F3B_K6_L0_A_POS_PLUS10_x,x,10.0,K6_L0_A,True,False,0.00824143390474129,-0.09525819185189563,0.005792319911366091,-0.01297806228368181,-0.0030560604009079806,0.035323317683006034,True,"transverse Cartesian Ex,Ey from authoritative gratingvector; x/y input columns",2,0.010601101695602072,0.013075403223407233,0,2,"order_n=+1, order_m=0 is physical +x supercell order",20.345615946048625,0.810766713230248,0.34768224036291556,0.0,450.5
K6_L0_A_POS_PLUS10,H1F3B_K6_L0_A_POS_PLUS10_x,x,10.0,K6_L0_A,True,False,0.00386828276643755,-0.002187888401280742,0.0022384413161852224,0.008435504849913615,-0.0023644073326004552,0.0013373012499972286,True,"transverse Cartesian Ex,Ey from authoritative gratingvector; x/y input columns",2,0.00010329762548419666,0.00012740733406856256,0,3,"order_n=+1, order_m=0 is physical +x supercell order",31.434491089797294,0.810766713230248,0.5215233605443733,0.0,450.5
K6_L0_A_POS_PLUS10,H1F3B_K6_L0_A_POS_PLUS10_x,x,10.0,K6_L0_A,True,False,-0.03718777406287264,0.005370234097052963,-0.010440809716973202,-0.006761576240114609,0.03598246215638233,-0.005196176701553178,True,"transverse Cartesian Ex,Ey from authoritative gratingvector; x/y input columns",2,0.0028882372099545864,0.0035623529713588054,0,4,"order_n=+1, order_m=0 is physical +x supercell order",44.05626873153628,0.810766713230248,0.6953644807258311,0.0,450.5
K6_L0_A_POS_PLUS10,H1F3B_K6_L0_A_POS_PLUS10_x,x,10.0,K6_L0_A,True,False,0.058890775708364776,-0.0813016256727543,0.020926073123567566,0.003146623812381845,-0.10352534362378553,0.14292185208470196,True,"transverse Cartesian Ex,Ey from authoritative gratingvector; x/y input columns",2,0.04167003215409943,0.05139583492282032,0,5,"order_n=+1, order_m=0 is physical +x supercell order",60.36645603081336,0.810766713230248,0.8692056009072888,0.0,450.5
K6_L0_A_POS_PLUS10,H1F3B_K6_L0_A_POS_PLUS10_x,x,10.0,K6_L0_A,True,False,0.01617997766618759,-0.05102809849077998,0.005051709772126871,0.003435194935423397,0.02857291808285161,-0.09011271264902102,True,"transverse Cartesian Ex,Ey from authoritative gratingvector; x/y input columns",3,0.011839691477463617,0.01238344296170672,0,-5,"order_n=+1, order_m=0 is physical +x supercell order",60.47843700161232,0.9560904438350026,-0.870170313005965,0.0,451.0
K6_L0_A_POS_PLUS10,H1F3B_K6_L0_A_POS_PLUS10_x,x,10.0,K6_L0_A,True,False,-0.016434946835650006,0.0054898251953378234,-0.000950481940178487,-0.007387593092737984,-0.015936492359283398,0.005323324629777701,True,"transverse Cartesian Ex,Ey from authoritative gratingvector; x/y input columns",3,0.0006380351796199796,0.0006673376810050918,0,-4,"order_n=+1, order_m=0 is physical +x supercell order",44.11783097413837,0.9560904438350026,-0.696136250404772,0.0,451.0
K6_L0_A_POS_PLUS10,H1F3B_K6_L0_A_POS_PLUS10_x,x,10.0,K6_L0_A,True,False,0.0021124993817602487,-0.003870219794262237,-0.0005534092526777931,0.002453501296630929,0.0012931910115018786,-0.0023691999598628014,True,"transverse Cartesian Ex,Ey from authoritative gratingvector; x/y input columns",3,3.305263674939886e-05,3.457061720732241e-05,0,-3,"order_n=+1, order_m=0 is physical +x supercell order",31.473368025635747,0.9560904438350026,-0.522102187803579,0.0,451.0
K6_L0_A_POS_PLUS10,H1F3B_K6_L0_A_POS_PLUS10_x,x,10.0,K6_L0_A,True,False,-0.03429794502420526,-0.025466161995811882,0.0022497755574917644,0.0005498508548013193,-0.012734307307891388,-0.009455200087887116,True,"transverse Cartesian Ex,Ey from authoritative gratingvector; x/y input columns",3,0.00208180165701575,0.0021774107987790085,0,-2,"order_n=+1, order_m=0 is physical +x supercell order",20.369198462748614,0.9560904438350026,-0.348068125202386,0.0,451.0
K6_L0_A_POS_PLUS10,H1F3B_K6_L0_A_POS_PLUS10_x,x,10.0,K6_L0_A,True,False,-0.007309435533651662,-0.050398085159899804,-0.01345334497401763,0.009876399752221592,-0.001291804166753398,-0.008906906163440248,True,"transverse Cartesian Ex,Ey from authoritative gratingvector; x/y input columns",3,0.002952932334070301,0.003088549156736372,0,-1,"order_n=+1, order_m=0 is physical +x supercell order",10.022451430195186,0.9560904438350026,-0.174034062601193,0.0,451.0
K6_L0_A_POS_PLUS10,H1F3B_K6_L0_A_POS_PLUS10_x,x,10.0,K6_L0_A,True,False,-0.828349064957976,-0.48865205679028056,-0.013849856602557836,-0.004313606159944842,0.0,0.0,True,"transverse Cartesian Ex,Ey from authoritative gratingvector; x/y input columns",3,0.9251534317481391,0.9676421699575083,0,0,"order_n=+1, order_m=0 is physical +x supercell order",0.0,0.9560904438350026,0.0,0.0,451.0
K6_L0_A_POS_PLUS10,H1F3B_K6_L0_A_POS_PLUS10_x,x,10.0,K6_L0_A,True,False,-0.028913037335427435,-0.03191565788459928,-0.00606677437817013,0.01347702142368014,0.005109831249136463,0.005640487510997193,True,"transverse Cartesian Ex,Ey from authoritative gratingvector; x/y input columns",3,0.002130934278732927,0.002228799892806661,0,1,"order_n=+1, order_m=0 is physical +x supercell order",10.022451430195186,0.9560904438350026,0.174034062601193,0.0,451.0
K6_L0_A_POS_PLUS10,H1F3B_K6_L0_A_POS_PLUS10_x,x,10.0,K6_L0_A,True,False,0.01419138990982702,-0.038913078837044056,0.002161318646461917,-0.00595468641763523,-0.005269048046765125,0.014447836564476681,True,"transverse Cartesian Ex,Ey from authoritative gratingvector; x/y input columns",3,0.001992255689487608,0.0020837523294306892,0,2,"order_n=+1, order_m=0 is physical +x supercell order",20.369198462748614,0.9560904438350026,0.348068125202386,0.0,451.0
K6_L0_A_POS_PLUS10,H1F3B_K6_L0_A_POS_PLUS10_x,x,10.0,K6_L0_A,True,False,4.32279880163061e-05,7.78705775726552e-05,-0.00019168538387066982,0.0043462812317707385,-2.64625145127462e-05,-4.766937772711086e-05,True,"transverse Cartesian Ex,Ey from authoritative gratingvector; x/y input columns",3,1.893780895207888e-05,1.9807549666657973e-05,0,3,"order_n=+1, order_m=0 is physical +x supercell order",31.473368025635747,0.9560904438350026,0.522102187803579,0.0,451.0
K6_L0_A_POS_PLUS10,H1F3B_K6_L0_A_POS_PLUS10_x,x,10.0,K6_L0_A,True,False,-0.009035595838531937,-0.0058281205323415216,-0.005680697077815765,-0.004279249020442396,0.00876155581653526,0.005651359828628855,True,"transverse Cartesian Ex,Ey from authoritative gratingvector; x/y input columns",3,0.00027489400080456104,0.00028751882479017947,0,4,"order_n=+1, order_m=0 is physical +x supercell order",44.11783097413837,0.9560904438350026,0.696136250404772,0.0,451.0
K6_L0_A_POS_PLUS10,H1F3B_K6_L0_A_POS_PLUS10_x,x,10.0,K6_L0_A,True,False,0.03177359647319911,-0.03328837478804164,0.01587521347677986,0.0008275562472683589,-0.056110359850713984,0.05878537199205481,True,"transverse Cartesian Ex,Ey from authoritative gratingvector; x/y input columns",3,0.008974477023967422,0.009386640230363178,0,5,"order_n=+1, order_m=0 is physical +x supercell order",60.47843700161232,0.9560904438350026,0.870170313005965,0.0,451.0
K6_L0_A_POS_PLUS10,H1F3B_K6_L0_A_POS_PLUS10_x,x,10.0,K6_L0_A,True,False,-0.010459933912243268,0.01669359489949301,-0.0031596141700116647,-0.011326919956097576,-0.018556429038710964,0.029615245349766704,True,"transverse Cartesian Ex,Ey from authoritative gratingvector; x/y input columns",4,0.0017477724213076497,0.0018289101003414764,0,-5,"order_n=+1, order_m=0 is physical +x supercell order",60.59080580770663,0.9556360484757137,-0.8711350251046411,0.0,451.5
K6_L0_A_POS_PLUS10,H1F3B_K6_L0_A_POS_PLUS10_x,x,10.0,K6_L0_A,True,False,0.0021794701600388517,-0.012351146928899425,-0.0029563308855959525,0.007331389652881355,0.0021179222664431826,-0.01200235248752435,True,"transverse Cartesian Ex,Ey from authoritative gratingvector; x/y input columns",4,0.00036833214714674354,0.0003854314074215297,0,-4,"order_n=+1, order_m=0 is physical +x supercell order",44.179457423955,0.9556360484757137,-0.6969080200837129,0.0,451.5
K6_L0_A_POS_PLUS10,H1F3B_K6_L0_A_POS_PLUS10_x,x,10.0,K6_L0_A,True,False,-0.0037206007143845447,0.004781077570015335,0.0012078229923715043,-0.0010891019563209548,-0.0022810823822949737,0.0029312556360006244,True,"transverse Cartesian Ex,Ey from authoritative gratingvector; x/y input columns",4,5.3142148296947835e-05,5.5609191785630273e-05,0,-3,"order_n=+1, order_m=0 is physical +x supercell order",31.512261116515088,0.9556360484757137,-0.5226810150627846,0.0,451.5
K6_L0_A_POS_PLUS10,H1F3B_K6_L0_A_POS_PLUS10_x,x,10.0,K6_L0_A,True,False,0.014433751992879324,0.0020677391828299346,-0.004729863453694287,0.0011087030961766573,0.005365795265174579,0.0007686889120942636,True,"transverse Cartesian Ex,Ey from authoritative gratingvector; x/y input columns",4,0.0002655922142375691,0.0002779219292336258,0,-2,"order_n=+1, order_m=0 is physical +x supercell order",20.392784583834683,0.9556360484757137,-0.34845401004185644,0.0,451.5
K6_L0_A_POS_PLUS10,H1F3B_K6_L0_A_POS_PLUS10_x,x,10.0,K6_L0_A,True,False,0.005243278229311709,0.043706776519977494,0.014067450852850613,-0.013024156595430545,0.0009277095017016197,0.0077331757143192965,True,"transverse Cartesian Ex,Ey from authoritative gratingvector; x/y input columns",4,0.0023659587604249795,0.0024757948009587957,0,-1,"order_n=+1, order_m=0 is physical +x supercell order",10.0336777253947,0.9556360484757137,-0.17422700502092822,0.0,451.5
K6_L0_A_POS_PLUS10,H1F3B_K6_L0_A_POS_PLUS10_x,x,10.0,K6_L0_A,True,False,0.815723197208302,0.5314709458648812,0.013866729283478752,0.004078049118578699,0.0,0.0,True,"transverse Cartesian Ex,Ey from authoritative gratingvector; x/y input columns",4,0.9480746174278806,0.992087541004869,0,0,"order_n=+1, order_m=0 is physical +x supercell order",0.0,0.9556360484757137,0.0,0.0,451.5
K6_L0_A_POS_PLUS10,H1F3B_K6_L0_A_POS_PLUS10_x,x,10.0,K6_L0_A,True,False,-0.01315167203778162,0.03399519462737354,0.004442673855579691,-0.012475807701406381,0.0023269661801477858,-0.006014875367800248,True,"transverse Cartesian Ex,Ey from authoritative gratingvector; x/y input columns",4,0.0015456163612256177,0.0016173692523329896,0,1,"order_n=+1, order_m=0 is physical +x supercell order",10.0336777253947,0.9556360484757137,0.17422700502092822,0.0,451.5
K6_L0_A_POS_PLUS10,H1F3B_K6_L0_A_POS_PLUS10_x,x,10.0,K6_L0_A,True,False,-0.011673828232824606,0.00641433097072102,-0.00044291747102826785,0.002040081903127453,0.004339784436441322,-0.0023845488525046786,True,"transverse Cartesian Ex,Ey from authoritative gratingvector; x/y input columns",4,0.00020629981965381353,0.00021587697532221795,0,2,"order_n=+1, order_m=0 is physical +x supercell order",20.392784583834683,0.9556360484757137,0.34845401004185644,0.0,451.5
K6_L0_A_POS_PLUS10,H1F3B_K6_L0_A_POS_PLUS10_x,x,10.0,K6_L0_A,True,False,0.0015739880420447261,-0.002501942641079269,0.0009755730591258817,-0.002104770364087958,-0.000965004489401412,0.0015339289857182492,True,"transverse Cartesian Ex,Ey from authoritative gratingvector; x/y input columns",4,1.740312821277718e-05,1.8211041997145276e-05,0,3,"order_n=+1, order_m=0 is physical +x supercell order",31.512261116515088,0.9556360484757137,0.5226810150627846,0.0,451.5
K6_L0_A_POS_PLUS10,H1F3B_K6_L0_A_POS_PLUS10_x,x,10.0,K6_L0_A,True,False,-0.006566612563013579,0.001641080888484105,0.0033669578059870304,0.001862792480857544,0.0063811724598533,-0.0015947370230078688,True,"transverse Cartesian Ex,Ey from authoritative gratingvector; x/y input columns",4,0.00010388249586425415,0.00010870508289212385,0,4,"order_n=+1, order_m=0 is physical +x supercell order",44.179457423955,0.9556360484757137,0.6969080200837129,0.0,451.5
K6_L0_A_POS_PLUS10,H1F3B_K6_L0_A_POS_PLUS10_x,x,10.0,K6_L0_A,True,False,-0.012677733560569683,0.0038406313525619885,-0.012611220861320823,0.0008054805475909509,0.022490912960074595,-0.006813465912461069,True,"transverse Cartesian Ex,Ey from authoritative gratingvector; x/y input columns",4,0.0008874315514625581,0.0009286292128452614,0,5,"order_n=+1, order_m=0 is physical +x supercell order",60.59080580770663,0.9556360484757137,0.8711350251046411,0.0,451.5
K6_L0_A_POS_PLUS10,H1F3B_K6_L0_A_POS_PLUS10_x,x,10.0,K6_L0_A,True,False,0.014011727617396809,-0.0038642467329083755,0.006413202372937799,-0.01841662782517799,0.024972247597132766,-0.006887011282662056,True,"transverse Cartesian Ex,Ey from authoritative gratingvector; x/y input columns",5,0.001262606333224306,0.0016240011132286642,0,-5,"order_n=+1, order_m=0 is physical +x supercell order",60.7035669436737,0.7774664210137936,-0.8720997372033175,0.0,452.0
K6_L0_A_POS_PLUS10,H1F3B_K6_L0_A_POS_PLUS10_x,x,10.0,K6_L0_A,True,False,-0.005073242864093551,-0.02228832196260301,-0.010191601054372336,0.0038867934976719565,-0.004940607075962127,-0.021705612001966225,True,"transverse Cartesian Ex,Ey from authoritative gratingvector; x/y input columns",5,0.0011370261754707035,0.0014624762494411712,0,-4,"order_n=+1, order_m=0 is physical +x supercell order",44.24114835382224,0.7774664210137936,-0.697679789762654,0.0,452.0
K6_L0_A_POS_PLUS10,H1F3B_K6_L0_A_POS_PLUS10_x,x,10.0,K6_L0_A,True,False,-0.005669429876574576,0.0004349839458014551,0.0017368973288796469,0.00011387946571908093,-0.003481199637728672,0.0002670931623651587,True,"transverse Cartesian Ex,Ey from authoritative gratingvector; x/y input columns",5,4.755151669738759e-05,6.116214850203022e-05,0,-3,"order_n=+1, order_m=0 is physical +x supercell order",31.551170400535213,0.7774664210137936,-0.5232598423219905,0.0,452.0
K6_L0_A_POS_PLUS10,H1F3B_K6_L0_A_POS_PLUS10_x,x,10.0,K6_L0_A,True,False,0.013318559797789186,-0.021993284550354278,-0.005987292878990763,-0.003324957684774219,0.004957461136163543,-0.008186384644461779,True,"transverse Cartesian Ex,Ey from authoritative gratingvector; x/y input columns",5,0.0007995849344881429,0.0010284494775292126,0,-2,"order_n=+1, order_m=0 is physical +x supercell order",20.416374314958784,0.7774664210137936,-0.348839894881327,0.0,452.0
K6_L0_A_POS_PLUS10,H1F3B_K6_L0_A_POS_PLUS10_x,x,10.0,K6_L0_A,True,False,-0.011113530514285114,0.06165787211094194,0.021326886823622906,-0.006652804451263517,-0.001968597333276027,0.010921778858397497,True,"transverse Cartesian Ex,Ey from authoritative gratingvector; x/y input columns",5,0.004547460291287908,0.005849076138051278,0,-1,"order_n=+1, order_m=0 is physical +x supercell order",10.044904409795663,0.7774664210137936,-0.1744199474406635,0.0,452.0
K6_L0_A_POS_PLUS10,H1F3B_K6_L0_A_POS_PLUS10_x,x,10.0,K6_L0_A,True,False,0.3717603880208757,0.7875051191971195,0.007180115334173925,0.009590941350549342,0.0,0.0,True,"transverse Cartesian Ex,Ey from authoritative gratingvector; x/y input columns",5,0.758513639075303,0.9756223787597453,0,0,"order_n=+1, order_m=0 is physical +x supercell order",0.0,0.7774664210137936,0.0,0.0,452.0
K6_L0_A_POS_PLUS10,H1F3B_K6_L0_A_POS_PLUS10_x,x,10.0,K6_L0_A,True,False,-0.07801570907037604,-0.025857504658662874,0.008732682564539136,-0.010502869730769545,0.013819327407448961,0.0045802739868115215,True,"transverse Cartesian Ex,Ey from authoritative gratingvector; x/y input columns",5,0.007153584146069378,0.009201148696224478,0,1,"order_n=+1, order_m=0 is physical +x supercell order",10.044904409795663,0.7774664210137936,0.1744199474406635,0.0,452.0
K6_L0_A_POS_PLUS10,H1F3B_K6_L0_A_POS_PLUS10_x,x,10.0,K6_L0_A,True,False,0.016700882667550526,-0.011522957444280436,0.0009908944295403323,0.0015625436552016714,-0.006216436162846406,0.004289098413866717,True,"transverse Cartesian Ex,Ey from authoritative gratingvector; x/y input columns",5,0.00047216188835347116,0.0006073084001978964,0,2,"order_n=+1, order_m=0 is physical +x supercell order",20.416374314958784,0.7774664210137936,0.348839894881327,0.0,452.0
K6_L0_A_POS_PLUS10,H1F3B_K6_L0_A_POS_PLUS10_x,x,10.0,K6_L0_A,True,False,0.005616163395224499,-0.003519569140672989,0.00023974985205265766,0.0004516518221476445,-0.0034484924238437024,0.0021611207977184784,True,"transverse Cartesian Ex,Ey from authoritative gratingvector; x/y input columns",5,6.075267067748449e-05,7.814185800881892e-05,0,3,"order_n=+1, order_m=0 is physical +x supercell order",31.551170400535213,0.7774664210137936,0.5232598423219905,0.0,452.0
K6_L0_A_POS_PLUS10,H1F3B_K6_L0_A_POS_PLUS10_x,x,10.0,K6_L0_A,True,False,-0.0032275880689823905,-0.021276060029863614,0.0009949980922127238,0.0008190778857928304,0.0031432054169467575,0.02071981483009893,True,"transverse Cartesian Ex,Ey from authoritative gratingvector; x/y input columns",5,0.0009039394318106103,0.0011626732774283673,0,4,"order_n=+1, order_m=0 is physical +x supercell order",44.24114835382224,0.7774664210137936,0.697679789762654,0.0,452.0
K6_L0_A_POS_PLUS10,H1F3B_K6_L0_A_POS_PLUS10_x,x,10.0,K6_L0_A,True,False,0.02333634427943481,-0.005831869955926839,-0.01093593439452173,-0.005664527483517766,-0.04159094319207498,0.010393786153312462,True,"transverse Cartesian Ex,Ey from authoritative gratingvector; x/y input columns",5,0.0025681145504111613,0.00330318388164265,0,5,"order_n=+1, order_m=0 is physical +x supercell order",60.7035669436737,0.7774664210137936,0.8720997372033175,0.0,452.0
K6_L0_A_POS_PLUS10,H1F3B_K6_L0_A_POS_PLUS10_x,x,10.0,K6_L0_A,True,False,-0.022168018104379104,-0.05769427662212238,-0.023510345157614222,-0.002590404543731901,-0.03969220041443136,-0.10330254963110798,True,"transverse Cartesian Ex,Ey from authoritative gratingvector; x/y input columns",6,0.016626384640783306,0.05525736922514456,0,-5,"order_n=+1, order_m=0 is physical +x supercell order",60.816724989217754,0.3008899061596577,-0.8730644493019938,0.0,452.5
K6_L0_A_POS_PLUS10,H1F3B_K6_L0_A_POS_PLUS10_x,x,10.0,K6_L0_A,True,False,-0.030125412220255346,0.03759351427445517,0.005835978935133633,0.010295370998173601,-0.029401139563068692,0.03668969412827848,True,"transverse Cartesian Ex,Ey from authoritative gratingvector; x/y input columns",6,0.004671426753899007,0.015525368775316318,0,-4,"order_n=+1, order_m=0 is physical +x supercell order",44.30290403830596,0.3008899061596577,-0.698451559441595,0.0,452.5
K6_L0_A_POS_PLUS10,H1F3B_K6_L0_A_POS_PLUS10_x,x,10.0,K6_L0_A,True,False,-0.001892414049268548,0.0025771877886288336,0.001488265441669513,-0.0004045915572726676,-0.0011637700109690362,0.0015848824744252505,True,"transverse Cartesian Ex,Ey from authoritative gratingvector; x/y input columns",6,1.6467969280981805e-05,5.473087977980756e-05,0,-3,"order_n=+1, order_m=0 is physical +x supercell order",31.59009591590528,0.3008899061596577,-0.5238386695811963,0.0,452.5
K6_L0_A_POS_PLUS10,H1F3B_K6_L0_A_POS_PLUS10_x,x,10.0,K6_L0_A,True,False,-0.07117944940069966,-0.0037535054908202125,-0.005268860872649212,0.011000822814185227,-0.02652793436470724,-0.0013988974084009705,True,"transverse Cartesian Ex,Ey from authoritative gratingvector; x/y input columns",6,0.0059350700335582575,0.01972505528453653,0,-2,"order_n=+1, order_m=0 is physical +x supercell order",20.43996766177964,0.3008899061596577,-0.3492257797207975,0.0,452.5
K6_L0_A_POS_PLUS10,H1F3B_K6_L0_A_POS_PLUS10_x,x,10.0,K6_L0_A,True,False,0.10444416673796199,-0.016198128040389247,-0.012770973647049166,-0.018081807277983922,0.01852184592124737,-0.0028725321973168574,True,"transverse Cartesian Ex,Ey from authoritative gratingvector; x/y input columns",6,0.012012323057486875,0.03992265214477788,0,-1,"order_n=+1, order_m=0 is physical +x supercell order",10.056131483869633,0.3008899061596577,-0.17461288986039875,0.0,452.5
K6_L0_A_POS_PLUS10,H1F3B_K6_L0_A_POS_PLUS10_x,x,10.0,K6_L0_A,True,False,0.2914634554202243,-0.3340551088399461,0.005204708617120015,-0.0006959930141613249,0.0,0.0,True,"transverse Cartesian Ex,Ey from authoritative gratingvector; x/y input columns",6,0.19657133498563015,0.6532998647064145,0,0,"order_n=+1, order_m=0 is physical +x supercell order",0.0,0.3008899061596577,0.0,0.0,452.5
K6_L0_A_POS_PLUS10,H1F3B_K6_L0_A_POS_PLUS10_x,x,10.0,K6_L0_A,True,False,-0.0852100452092733,0.15840173024679213,-0.013895219158715996,-0.0016483200958752736,0.015110918853594942,-0.028090534233959293,True,"transverse Cartesian Ex,Ey from authoritative gratingvector; x/y input columns",6,0.03356507200650028,0.11155266866509653,0,1,"order_n=+1, order_m=0 is physical +x supercell order",10.056131483869633,0.3008899061596577,0.17461288986039875,0.0,452.5
K6_L0_A_POS_PLUS10,H1F3B_K6_L0_A_POS_PLUS10_x,x,10.0,K6_L0_A,True,False,-0.026307703821258806,-0.05436821908984593,0.0029187914274759964,-0.00602408576255685,0.009804642296792641,0.020262541501582326,True,"transverse Cartesian Ex,Ey from authoritative gratingvector; x/y input columns",6,0.004199509078691711,0.013956962306550004,0,2,"order_n=+1, order_m=0 is physical +x supercell order",20.43996766177964,0.3008899061596577,0.3492257797207975,0.0,452.5
K6_L0_A_POS_PLUS10,H1F3B_K6_L0_A_POS_PLUS10_x,x,10.0,K6_L0_A,True,False,-0.008685004564459732,-0.008753104150622188,0.002278586308209449,0.0018182059690334115,0.005340981198672725,0.005382860118439728,True,"transverse Cartesian Ex,Ey from authoritative gratingvector; x/y input columns",6,0.00021804522828537847,0.0007246678064689869,0,3,"order_n=+1, order_m=0 is physical +x supercell order",31.59009591590528,0.3008899061596577,0.5238386695811963,0.0,452.5
K6_L0_A_POS_PLUS10,H1F3B_K6_L0_A_POS_PLUS10_x,x,10.0,K6_L0_A,True,False,-0.048518108132083036,-0.004175877276365619,-0.0008489882532656997,-0.0017898809144630465,0.047351639808211735,0.004075481181901388,True,"transverse Cartesian Ex,Ey from authoritative gratingvector; x/y input columns",6,0.004634156561876564,0.015401502233902109,0,4,"order_n=+1, order_m=0 is physical +x supercell order",44.30290403830596,0.3008899061596577,0.698451559441595,0.0,452.5
K6_L0_A_POS_PLUS10,H1F3B_K6_L0_A_POS_PLUS10_x,x,10.0,K6_L0_A,True,False,-0.012270440411141503,-0.07162466901934056,-0.0032867257403888417,0.01480335503212056,0.02197042503660509,0.12824514595517125,True,"transverse Cartesian Ex,Ey from authoritative gratingvector; x/y input columns",6,0.02244011584366526,0.07457915797201294,0,5,"order_n=+1, order_m=0 is physical +x supercell order",60.816724989217754,0.3008899061596577,0.8730644493019938,0.0,452.5
K6_L0_A_POS_PLUS10,H1F3B_K6_L0_A_POS_PLUS10_x,x,10.0,K6_L0_A,True,False,0.07616239580598408,0.019967331729089606,0.010781794285798197,-0.015297460455747067,0.1370071831177913,0.0359188789379722,True,"transverse Cartesian Ex,Ey from authoritative gratingvector; x/y input columns",7,0.02661079834573601,0.10077803629279973,0,-5,"order_n=+1, order_m=0 is physical +x supercell order",60.93028461144274,0.2640535509981679,-0.8740291614006699,0.0,453.0
K6_L0_A_POS_PLUS10,H1F3B_K6_L0_A_POS_PLUS10_x,x,10.0,K6_L0_A,True,False,-0.03173793438380683,-0.04847526434315437,-0.0047367504244669074,-0.0003762609372733178,-0.031041826178300383,-0.04741205623183568,True,"transverse Cartesian Ex,Ey from authoritative gratingvector; x/y input columns",7,0.006591224157580691,0.02496169482540465,0,-4,"order_n=+1, order_m=0 is physical +x supercell order",44.36472475371748,0.2640535509981679,-0.699223329120536,0.0,453.0
K6_L0_A_POS_PLUS10,H1F3B_K6_L0_A_POS_PLUS10_x,x,10.0,K6_L0_A,True,False,0.004464396464704292,-0.0022184439234678747,-0.002000437903649262,0.003508646986813904,0.002749634904104169,-0.0013663461327844022,True,"transverse Cartesian Ex,Ey from authoritative gratingvector; x/y input columns",7,5.059207858051349e-05,0.00019159779669414298,0,-3,"order_n=+1, order_m=0 is physical +x supercell order",31.629037700944195,0.2640535509981679,-0.524417496840402,0.0,453.0
K6_L0_A_POS_PLUS10,H1F3B_K6_L0_A_POS_PLUS10_x,x,10.0,K6_L0_A,True,False,0.03786749568705,-0.07719136785446203,-0.00790698222647191,-0.005863286624561181,0.014130636197752757,-0.028804733900883,True,"transverse Cartesian Ex,Ey from authoritative gratingvector; x/y input columns",7,0.008518740573277046,0.032261412660707416,0,-2,"order_n=+1, order_m=0 is physical +x supercell order",20.463564629962768,0.2640535509981679,-0.349611664560268,0.0,453.0
K6_L0_A_POS_PLUS10,H1F3B_K6_L0_A_POS_PLUS10_x,x,10.0,K6_L0_A,True,False,-0.043432476273191876,0.10771638584752131,0.013733081200228876,-0.004494770585824341,-0.00771097664440155,0.019123904662149294,True,"transverse Cartesian Ex,Ey from authoritative gratingvector; x/y input columns",7,0.01412318314748222,0.05348605649912359,0,-1,"order_n=+1, order_m=0 is physical +x supercell order",10.06735894808831,0.2640535509981679,-0.174805832280134,0.0,453.0
K6_L0_A_POS_PLUS10,H1F3B_K6_L0_A_POS_PLUS10_x,x,10.0,K6_L0_A,True,False,0.24068036099610898,-0.24645190029260647,-0.004911199579554354,-0.003948685735915004,0.0,0.0,True,"transverse Cartesian Ex,Ey from authoritative gratingvector; x/y input columns",7,0.11870528732740539,0.4495500510357803,0,0,"order_n=+1, order_m=0 is physical +x supercell order",0.0,0.2640535509981679,0.0,0.0,453.0
K6_L0_A_POS_PLUS10,H1F3B_K6_L0_A_POS_PLUS10_x,x,10.0,K6_L0_A,True,False,-0.07104701210686959,-0.19712835266597153,0.0033284584497836416,-0.010925911979315495,0.012613645318416572,0.034998053387411646,True,"transverse Cartesian Ex,Ey from authoritative gratingvector; x/y input columns",7,0.04542168733147194,0.172016953226988,0,1,"order_n=+1, order_m=0 is physical +x supercell order",10.06735894808831,0.2640535509981679,0.174805832280134,0.0,453.0
K6_L0_A_POS_PLUS10,H1F3B_K6_L0_A_POS_PLUS10_x,x,10.0,K6_L0_A,True,False,0.06432570065345107,0.01687963167886809,0.007216704260944573,0.006374712323045344,-0.02400378101608427,-0.00629880402911664,True,"transverse Cartesian Ex,Ey from authoritative gratingvector; x/y input columns",7,0.005131291943028508,0.0194327700711895,0,2,"order_n=+1, order_m=0 is physical +x supercell order",20.463564629962768,0.2640535509981679,0.349611664560268,0.0,453.0
K6_L0_A_POS_PLUS10,H1F3B_K6_L0_A_POS_PLUS10_x,x,10.0,K6_L0_A,True,False,0.012684084960906245,-0.0036036979637009254,-0.004458756868809656,-0.0007048357026608892,-0.007812165207742299,0.0022195281676215366,True,"transverse Cartesian Ex,Ey from authoritative gratingvector; x/y input columns",7,0.00026020618701189764,0.0009854296070939907,0,3,"order_n=+1, order_m=0 is physical +x supercell order",31.629037700944195,0.2640535509981679,0.524417496840402,0.0,453.0
K6_L0_A_POS_PLUS10,H1F3B_K6_L0_A_POS_PLUS10_x,x,10.0,K6_L0_A,True,False,0.04193865750260766,-0.034472633333955234,0.005623672211428236,-0.003695208372442364,-0.04101881680779594,0.03371654496856291,True,"transverse Cartesian Ex,Ey from authoritative gratingvector; x/y input columns",7,0.005811842433084359,0.022010090040882214,0,4,"order_n=+1, order_m=0 is physical +x supercell order",44.36472475371748,0.2640535509981679,0.699223329120536,0.0,453.0
K6_L0_A_POS_PLUS10,H1F3B_K6_L0_A_POS_PLUS10_x,x,10.0,K6_L0_A,True,False,0.07736186816060955,0.04163724651142171,-0.008722890972569132,-0.0075588890787142635,-0.13916489266455406,-0.07490050433606187,True,"transverse Cartesian Ex,Ey from authoritative gratingvector; x/y input columns",7,0.03282869747350935,0.12432590794333656,0,5,"order_n=+1, order_m=0 is physical +x supercell order",60.93028461144274,0.2640535509981679,0.8740291614006699,0.0,453.0
K6_L0_A_POS_PLUS10,H1F3B_K6_L0_A_POS_PLUS10_x,x,10.0,K6_L0_A,True,False,0.06686284092222393,-0.016422037843226264,-0.0029620068071110743,-0.013316669210253044,0.12084376897138495,-0.02968017690834559,True,"transverse Cartesian Ex,Ey from authoritative gratingvector; x/y input columns",8,0.020410559386815796,0.03855184222193786,0,-5,"order_n=+1, order_m=0 is physical +x supercell order",61.04425056720387,0.5294314930351423,-0.8749938734993462,0.0,453.5
K6_L0_A_POS_PLUS10,H1F3B_K6_L0_A_POS_PLUS10_x,x,10.0,K6_L0_A,True,False,-0.051191833976129524,-0.014809559672276897,-0.0067482608463929105,0.010383633234236253,-0.05017734502724943,-0.014516072733865763,True,"transverse Cartesian Ex,Ey from authoritative gratingvector; x/y input columns",8,0.005721768108718949,0.010807381472373336,0,-4,"order_n=+1, order_m=0 is physical +x supercell order",44.42661077812934,0.5294314930351423,-0.699995098799477,0.0,453.5
K6_L0_A_POS_PLUS10,H1F3B_K6_L0_A_POS_PLUS10_x,x,10.0,K6_L0_A,True,False,0.006727540372169264,-0.00562438625127171,-0.002716119970526698,0.0009450231977596123,0.004149824129211744,-0.0034693532088025496,True,"transverse Cartesian Ex,Ey from authoritative gratingvector; x/y input columns",8,0.00011442134869207591,0.00021612116052280428,0,-3,"order_n=+1, order_m=0 is physical +x supercell order",31.66799579408111,0.5294314930351423,-0.5249963240996077,0.0,453.5
K6_L0_A_POS_PLUS10,H1F3B_K6_L0_A_POS_PLUS10_x,x,10.0,K6_L0_A,True,False,-0.008448054041512493,-0.08197959920882458,-0.013667866919227183,-0.007813102204079261,-0.0031564411735428,-0.030629986629079783,True,"transverse Cartesian Ex,Ey from authoritative gratingvector; x/y input columns",8,0.00798803865748056,0.015087955217183003,0,-2,"order_n=+1, order_m=0 is physical +x supercell order",20.487165225180483,0.5294314930351423,-0.3499975493997385,0.0,453.5
K6_L0_A_POS_PLUS10,H1F3B_K6_L0_A_POS_PLUS10_x,x,10.0,K6_L0_A,True,False,0.016481554943760034,0.09968050288826195,0.0010971471000119724,-0.008276533999355762,0.0029294573993379784,0.017717368764790332,True,"transverse Cartesian Ex,Ey from authoritative gratingvector; x/y input columns",8,0.010600035932824641,0.02002154400006771,0,-1,"order_n=+1, order_m=0 is physical +x supercell order",10.078586802923537,0.5294314930351423,-0.17499877469986924,0.0,453.5
K6_L0_A_POS_PLUS10,H1F3B_K6_L0_A_POS_PLUS10_x,x,10.0,K6_L0_A,True,False,-0.047719974402009466,-0.6429641458131357,-0.008314320351232534,-0.004604607811160229,0.0,0.0,True,"transverse Cartesian Ex,Ey from authoritative gratingvector; x/y input columns",8,0.4157704190941411,0.7853148604942233,0,0,"order_n=+1, order_m=0 is physical +x supercell order",0.0,0.5294314930351423,0.0,0.0,453.5
K6_L0_A_POS_PLUS10,H1F3B_K6_L0_A_POS_PLUS10_x,x,10.0,K6_L0_A,True,False,-0.13031445985900858,-0.13108277276944846,-0.006160178936087573,-0.004145784976393118,0.02316229627467501,0.023298857415184834,True,"transverse Cartesian Ex,Ey from authoritative gratingvector; x/y input columns",8,0.03529901582843607,0.06667343422672632,0,1,"order_n=+1, order_m=0 is physical +x supercell order",10.078586802923537,0.5294314930351423,0.17499877469986924,0.0,453.5
K6_L0_A_POS_PLUS10,H1F3B_K6_L0_A_POS_PLUS10_x,x,10.0,K6_L0_A,True,False,0.06258775316895805,-0.005261707202721365,0.004529371192632294,0.011650897462942253,-0.023384623262502745,0.0019659283873168735,True,"transverse Cartesian Ex,Ey from authoritative gratingvector; x/y input columns",8,0.004651876504071474,0.008786550413544618,0,2,"order_n=+1, order_m=0 is physical +x supercell order",20.487165225180483,0.5294314930351423,0.3499975493997385,0.0,453.5
K6_L0_A_POS_PLUS10,H1F3B_K6_L0_A_POS_PLUS10_x,x,10.0,K6_L0_A,True,False,0.00803943727558201,-0.00991905597909946,-0.0030941390196683495,0.0022561788716793417,-0.0049590561997232665,0.0061184824711496095,True,"transverse Cartesian Ex,Ey from authoritative gratingvector; x/y input columns",8,0.00023971232874035156,0.00045277308186961234,0,3,"order_n=+1, order_m=0 is physical +x supercell order",31.66799579408111,0.5294314930351423,0.5249963240996077,0.0,453.5
K6_L0_A_POS_PLUS10,H1F3B_K6_L0_A_POS_PLUS10_x,x,10.0,K6_L0_A,True,False,0.022470122983135023,-0.04113753822133072,0.002925392704899155,0.0031956010114078583,-0.02202482361259486,0.040322299253155974,True,"transverse Cartesian Ex,Ey from authoritative gratingvector; x/y input columns",8,0.004326953938317625,0.008172830659377517,0,4,"order_n=+1, order_m=0 is physical +x supercell order",44.42661077812934,0.5294314930351423,0.699995098799477,0.0,453.5
K6_L0_A_POS_PLUS10,H1F3B_K6_L0_A_POS_PLUS10_x,x,10.0,K6_L0_A,True,False,0.07541336883326838,0.0011691232350185706,-0.0062188579122264736,-0.00010452307593132566,-0.1362974650036484,-0.0021130011253336334,True,"transverse Cartesian Ex,Ey from authoritative gratingvector; x/y input columns",8,0.02430869190690352,0.045914707052173744,0,5,"order_n=+1, order_m=0 is physical +x supercell order",61.04425056720387,0.5294314930351423,0.8749938734993462,0.0,453.5
K6_L0_A_POS_PLUS10,H1F3B_K6_L0_A_POS_PLUS10_x,x,10.0,K6_L0_A,True,False,-0.060043810856708575,0.004197424173580393,0.0031988594157354327,0.00872695324252635,-0.10903271934186302,0.007622044059943417,True,"transverse Cartesian Ex,Ey from authoritative gratingvector; x/y input columns",9,0.01565549944908122,0.0228634186588072,0,-5,"order_n=+1, order_m=0 is physical +x supercell order",61.1586277055407,0.6847400943275199,-0.8759585855980222,0.0,454.0
K6_L0_A_POS_PLUS10,H1F3B_K6_L0_A_POS_PLUS10_x,x,10.0,K6_L0_A,True,False,0.04767376914132497,0.015206362238834882,0.0029129174875965505,-8.427488570943513e-05,0.04683017896126175,0.01493728475471279,True,"transverse Cartesian Ex,Ey from authoritative gratingvector; x/y input columns",9,0.004928702044612098,0.00719791653131186,0,-4,"order_n=+1, order_m=0 is physical +x supercell order",44.48856239139124,0.6847400943275199,-0.7007668684784177,0.0,454.0
K6_L0_A_POS_PLUS10,H1F3B_K6_L0_A_POS_PLUS10_x,x,10.0,K6_L0_A,True,False,-0.00824127985390447,0.002464284603091145,0.0015261043000432022,-0.0019726003408284776,-0.0050913032924617425,0.001522387364061737,True,"transverse Cartesian Ex,Ey from authoritative gratingvector; x/y input columns",9,0.00010845057117673734,0.00015838209573991157,0,-3,"order_n=+1, order_m=0 is physical +x supercell order",31.70697023385587,0.6847400943275199,-0.5255751513588133,0.0,454.0
K6_L0_A_POS_PLUS10,H1F3B_K6_L0_A_POS_PLUS10_x,x,10.0,K6_L0_A,True,False,-0.0036399814208119396,0.06927163563282336,0.002300027690169804,0.008742349947330887,-0.0013617131626785352,0.02591444492055842,True,"transverse Cartesian Ex,Ey from authoritative gratingvector; x/y input columns",9,0.00556694049624571,0.008130005154310376,0,-2,"order_n=+1, order_m=0 is physical +x supercell order",20.51076945311192,0.6847400943275199,-0.35038343423920887,0.0,454.0
K6_L0_A_POS_PLUS10,H1F3B_K6_L0_A_POS_PLUS10_x,x,10.0,K6_L0_A,True,False,0.001960743272129216,-0.09017326389287189,0.001699786272799434,0.008009002341327858,0.0003489019808616191,-0.01604576735781209,True,"transverse Cartesian Ex,Ey from authoritative gratingvector; x/y input columns",9,0.008459683809842581,0.012354591004563268,0,-1,"order_n=+1, order_m=0 is physical +x supercell order",10.089815048847298,0.6847400943275199,-0.17519171711960443,0.0,454.0
K6_L0_A_POS_PLUS10,H1F3B_K6_L0_A_POS_PLUS10_x,x,10.0,K6_L0_A,True,False,-0.015842392035112656,0.7738496806747215,0.009073422396881374,0.007172864980962889,0.0,0.0,True,"transverse Cartesian Ex,Ey from authoritative gratingvector; x/y input columns",9,0.5992280866517898,0.8751175688642696,0,0,"order_n=+1, order_m=0 is physical +x supercell order",0.0,0.6847400943275199,0.0,0.0,454.0
K6_L0_A_POS_PLUS10,H1F3B_K6_L0_A_POS_PLUS10_x,x,10.0,K6_L0_A,True,False,0.0898035253663888,0.13502590022639546,0.0076547457979036105,0.005744338825343056,-0.01597997470350365,-0.024027012983425515,True,"transverse Cartesian Ex,Ey from authoritative gratingvector; x/y input columns",9,0.02722091640638131,0.03975364759838526,0,1,"order_n=+1, order_m=0 is physical +x supercell order",10.089815048847298,0.6847400943275199,0.17519171711960443,0.0,454.0
K6_L0_A_POS_PLUS10,H1F3B_K6_L0_A_POS_PLUS10_x,x,10.0,K6_L0_A,True,False,-0.041896790186573184,-0.006174705436392237,-0.0017426430534572604,-0.0034092578304742056,0.01567354447054062,0.002309950710276562,True,"transverse Cartesian Ex,Ey from authoritative gratingvector; x/y input columns",9,0.0020591237274842807,0.0030071610302103554,0,2,"order_n=+1, order_m=0 is physical +x supercell order",20.51076945311192,0.6847400943275199,0.35038343423920887,0.0,454.0
K6_L0_A_POS_PLUS10,H1F3B_K6_L0_A_POS_PLUS10_x,x,10.0,K6_L0_A,True,False,-0.008863788039796925,0.005468349404211373,0.005255578984706319,-0.0015680416090904808,0.005475876809270188,-0.0033782404941390667,True,"transverse Cartesian Ex,Ey from authoritative gratingvector; x/y input columns",9,0.0001799471842398556,0.00026279633065240745,0,3,"order_n=+1, order_m=0 is physical +x supercell order",31.70697023385587,0.6847400943275199,0.5255751513588133,0.0,454.0
K6_L0_A_POS_PLUS10,H1F3B_K6_L0_A_POS_PLUS10_x,x,10.0,K6_L0_A,True,False,-0.02610197016915105,0.029064035508311267,0.004497683039248869,0.0023059772317882248,0.025640094254751996,-0.028549745671584952,True,"transverse Cartesian Ex,Ey from authoritative gratingvector; x/y input columns",9,0.0030240801017594517,0.004416391163320715,0,4,"order_n=+1, order_m=0 is physical +x supercell order",44.48856239139124,0.6847400943275199,0.7007668684784177,0.0,454.0
K6_L0_A_POS_PLUS10,H1F3B_K6_L0_A_POS_PLUS10_x,x,10.0,K6_L0_A,True,False,-0.06367970752710185,-0.013709234638454425,0.00829994005643099,0.0023495160087107204,0.11563509343442469,0.024894408122987138,True,"transverse Cartesian Ex,Ey from authoritative gratingvector; x/y input columns",9,0.018308663884906935,0.02673812156842924,0,5,"order_n=+1, order_m=0 is physical +x supercell order",61.1586277055407,0.6847400943275199,0.8759585855980222,0.0,454.0
K6_L0_A_POS_PLUS10,H1F3B_K6_L0_A_POS_PLUS10_y,y,10.0,K6_L0_A,True,False,0.006806814108307034,-0.0014344071016697342,-0.05156603016246067,-0.013375866538443477,0.011911799100756444,-0.0025101859624660516,True,"transverse Cartesian Ex,Ey from authoritative gratingvector; x/y input columns",1,0.0030345515057913666,0.015520842289423013,0,-5,"order_n=+1, order_m=0 is physical +x supercell order",60.25485848366181,0.19551461507081494,-0.8682408888086127,0.0,450.0
K6_L0_A_POS_PLUS10,H1F3B_K6_L0_A_POS_PLUS10_y,y,10.0,K6_L0_A,True,False,-0.0037350390028572326,-0.0005776877602828905,0.023864528194976396,-0.020477439129677855,-0.003606226470600311,-0.000557764695704731,True,"transverse Cartesian Ex,Ey from authoritative gratingvector; x/y input columns",1,0.0010164414295927634,0.005198800249406474,0,-4,"order_n=+1, order_m=0 is physical +x supercell order",43.994770425027035,0.19551461507081494,-0.6945927110468901,0.0,450.0
K6_L0_A_POS_PLUS10,H1F3B_K6_L0_A_POS_PLUS10_y,y,10.0,K6_L0_A,True,False,-0.0014484342872047762,-0.004646970322995812,-0.004892397167829589,-0.0017832643542248037,-0.000883976446609432,-0.0028360363669301695,True,"transverse Cartesian Ex,Ey from authoritative gratingvector; x/y input columns",1,5.96323935047007e-05,0.0003050022295422876,0,-3,"order_n=+1, order_m=0 is physical +x supercell order",31.39563027100863,0.19551461507081494,-0.5209445332851677,0.0,450.0
K6_L0_A_POS_PLUS10,H1F3B_K6_L0_A_POS_PLUS10_y,y,10.0,K6_L0_A,True,False,-0.01154417092947931,0.0034506821627237833,0.005444468119317341,0.02326397986240718,-0.004275366875635834,0.0012779551088578783,True,"transverse Cartesian Ex,Ey from authoritative gratingvector; x/y input columns",1,0.0007359420131594651,0.003764127878076576,0,-2,"order_n=+1, order_m=0 is physical +x supercell order",20.32203702808953,0.19551461507081494,-0.34729635552344507,0.0,450.0
K6_L0_A_POS_PLUS10,H1F3B_K6_L0_A_POS_PLUS10_y,y,10.0,K6_L0_A,True,False,0.003612085571029899,-0.008195279924243667,-0.0706212644067736,-0.013134835182255103,0.000636908143158803,-0.0014450489659159418,True,"transverse Cartesian Ex,Ey from authoritative gratingvector; x/y input columns",1,0.005242590475382307,0.02681431499882223,0,-1,"order_n=+1, order_m=0 is physical +x supercell order",10.000000005514977,0.19551461507081494,-0.17364817776172253,0.0,450.0
K6_L0_A_POS_PLUS10,H1F3B_K6_L0_A_POS_PLUS10_y,y,10.0,K6_L0_A,True,False,0.01154544470942527,0.02316634839549693,-0.3223693402258755,0.2749482864937177,0.0,0.0,True,"transverse Cartesian Ex,Ey from authoritative gratingvector; x/y input columns",1,0.18018852875501762,0.9216115567102426,0,0,"order_n=+1, order_m=0 is physical +x supercell order",0.0,0.19551461507081494,0.0,0.0,450.0
K6_L0_A_POS_PLUS10,H1F3B_K6_L0_A_POS_PLUS10_y,y,10.0,K6_L0_A,True,False,-0.00963993410885021,0.012574163088479369,0.022224625926913,-0.01955133178697626,0.001699780476598841,-0.0022171642135753442,True,"transverse Cartesian Ex,Ey from authoritative gratingvector; x/y input columns",1,0.0011350315500528786,0.005805353986666279,0,1,"order_n=+1, order_m=0 is physical +x supercell order",10.000000005514977,0.19551461507081494,0.17364817776172253,0.0,450.0
K6_L0_A_POS_PLUS10,H1F3B_K6_L0_A_POS_PLUS10_y,y,10.0,K6_L0_A,True,False,0.0022528689245042885,-0.015003975940624033,-0.040020316682057154,0.001969186973261448,-0.0008343467221521295,0.005556700618107906,True,"transverse Cartesian Ex,Ey from authoritative gratingvector; x/y input columns",1,0.0018672712132976734,0.009550545429155524,0,2,"order_n=+1, order_m=0 is physical +x supercell order",20.32203702808953,0.19551461507081494,0.34729635552344507,0.0,450.0
K6_L0_A_POS_PLUS10,H1F3B_K6_L0_A_POS_PLUS10_y,y,10.0,K6_L0_A,True,False,0.0019214991992352534,0.0019222532414011726,0.02001307951638484,-0.008256686933036102,-0.0011726869829771643,-0.0011731471733498382,True,"transverse Cartesian Ex,Ey from authoritative gratingvector; x/y input columns",1,0.00047883491658643336,0.002449100372435076,0,3,"order_n=+1, order_m=0 is physical +x supercell order",31.39563027100863,0.19551461507081494,0.5209445332851677,0.0,450.0
K6_L0_A_POS_PLUS10,H1F3B_K6_L0_A_POS_PLUS10_y,y,10.0,K6_L0_A,True,False,-0.0047237558723955625,0.00835208303957467,0.004414984860889389,0.03385053933138879,0.004560844867926452,-0.008064039737985395,True,"transverse Cartesian Ex,Ey from authoritative gratingvector; x/y input columns",1,0.0013432523077948231,0.006870342185459129,0,4,"order_n=+1, order_m=0 is physical +x supercell order",43.994770425027035,0.19551461507081494,0.6945927110468901,0.0,450.0
K6_L0_A_POS_PLUS10,H1F3B_K6_L0_A_POS_PLUS10_y,y,10.0,K6_L0_A,True,False,-0.004183928872043731,0.003056419910478973,0.015632796560550142,0.007687010269793451,0.007321798330707605,-0.005348678451016589,True,"transverse Cartesian Ex,Ey from authoritative gratingvector; x/y input columns",1,0.0004125385106348736,0.0021100136707706127,0,5,"order_n=+1, order_m=0 is physical +x supercell order",60.25485848366181,0.19551461507081494,0.8682408888086127,0.0,450.0
K6_L0_A_POS_PLUS10,H1F3B_K6_L0_A_POS_PLUS10_y,y,10.0,K6_L0_A,True,False,-0.009303569496554708,0.005183762670069593,0.04630260269995815,-0.026376304217833116,-0.016354942136070208,0.009112646339397451,True,"transverse Cartesian Ex,Ey from authoritative gratingvector; x/y input columns",2,0.0033035926973598207,0.02084428075234481,0,-5,"order_n=+1, order_m=0 is physical +x supercell order",60.36645603081336,0.15848916720180875,-0.8692056009072888,0.0,450.5
K6_L0_A_POS_PLUS10,H1F3B_K6_L0_A_POS_PLUS10_y,y,10.0,K6_L0_A,True,False,0.0022755674809025266,-0.00030067906127607816,-0.0060684132969366445,0.03194137596681323,0.002201812903010427,-0.000290933598910526,True,"transverse Cartesian Ex,Ey from authoritative gratingvector; x/y input columns",2,0.0010672783762726203,0.006734077761375479,0,-4,"order_n=+1, order_m=0 is physical +x supercell order",44.05626873153628,0.15848916720180875,-0.6953644807258311,0.0,450.5
K6_L0_A_POS_PLUS10,H1F3B_K6_L0_A_POS_PLUS10_y,y,10.0,K6_L0_A,True,False,0.004437111093193526,0.003499976937256027,0.005354607363612992,-0.0013414223200773645,0.002712091808627343,0.0021392880598544613,True,"transverse Cartesian Ex,Ey from authoritative gratingvector; x/y input columns",2,7.434102265538474e-05,0.0004690605923919343,0,-3,"order_n=+1, order_m=0 is physical +x supercell order",31.434491089797294,0.15848916720180875,-0.5215233605443733,0.0,450.5
K6_L0_A_POS_PLUS10,H1F3B_K6_L0_A_POS_PLUS10_y,y,10.0,K6_L0_A,True,False,0.005184550436746851,-0.00958712758508119,-0.02145555213809435,-0.013962781188418469,0.0019225173033465715,-0.0035550659399650815,True,"transverse Cartesian Ex,Ey from authoritative gratingvector; x/y input columns",2,0.000790427121249101,0.004987262758738759,0,-2,"order_n=+1, order_m=0 is physical +x supercell order",20.345615946048625,0.15848916720180875,-0.34768224036291556,0.0,450.5
K6_L0_A_POS_PLUS10,H1F3B_K6_L0_A_POS_PLUS10_y,y,10.0,K6_L0_A,True,False,-0.0014985818491770608,0.009886298894569713,0.06407075831763348,-0.030132762318168967,-0.0002645431575030014,0.0017452184724004983,True,"transverse Cartesian Ex,Ey from authoritative gratingvector; x/y input columns",2,0.005116145860309905,0.03228072902796802,0,-1,"order_n=+1, order_m=0 is physical +x supercell order",10.011225523725704,0.15848916720180875,-0.17384112018145778,0.0,450.5
K6_L0_A_POS_PLUS10,H1F3B_K6_L0_A_POS_PLUS10_y,y,10.0,K6_L0_A,True,False,-0.01257308721997593,-0.01237451683608577,0.10546329785993848,-0.36202603518748283,0.0,0.0,True,"transverse Cartesian Ex,Ey from authoritative gratingvector; x/y input columns",2,0.14249656853823028,0.8990934273557344,0,0,"order_n=+1, order_m=0 is physical +x supercell order",0.0,0.15848916720180875,0.0,0.0,450.5
K6_L0_A_POS_PLUS10,H1F3B_K6_L0_A_POS_PLUS10_y,y,10.0,K6_L0_A,True,False,0.00135951416135365,-0.01279742167394911,-0.008153838424760414,0.03305001390576066,-0.00023999367743045852,0.00225911606989165,True,"transverse Cartesian Ex,Ey from authoritative gratingvector; x/y input columns",2,0.001329571982866305,0.008389040123943129,0,1,"order_n=+1, order_m=0 is physical +x supercell order",10.011225523725704,0.15848916720180875,0.17384112018145778,0.0,450.5
K6_L0_A_POS_PLUS10,H1F3B_K6_L0_A_POS_PLUS10_y,y,10.0,K6_L0_A,True,False,0.0009451236587177341,0.015637951555058663,0.028021397999885254,-0.028091281043531435,-0.0003504675303780411,-0.005798811839192003,True,"transverse Cartesian Ex,Ey from authoritative gratingvector; x/y input columns",2,0.0018535066503394737,0.01169484756001873,0,2,"order_n=+1, order_m=0 is physical +x supercell order",20.345615946048625,0.15848916720180875,0.34768224036291556,0.0,450.5
K6_L0_A_POS_PLUS10,H1F3B_K6_L0_A_POS_PLUS10_y,y,10.0,K6_L0_A,True,False,-0.0026667635992233363,-0.00016565937554808785,-0.009815574697554124,0.018620357565671954,0.001630003748180603,0.00010125584552874614,True,"transverse Cartesian Ex,Ey from authoritative gratingvector; x/y input columns",2,0.0004528694586049276,0.0028574158511936406,0,3,"order_n=+1, order_m=0 is physical +x supercell order",31.434491089797294,0.15848916720180875,0.5215233605443733,0.0,450.5
K6_L0_A_POS_PLUS10,H1F3B_K6_L0_A_POS_PLUS10_y,y,10.0,K6_L0_A,True,False,-0.0022198933932785236,-0.008424408552117171,-0.024871628640606994,-0.02501966276918095,0.002147943296627564,0.00815136075108885,True,"transverse Cartesian Ex,Ey from authoritative gratingvector; x/y input columns",2,0.0013915383649502264,0.008780021937892709,0,4,"order_n=+1, order_m=0 is physical +x supercell order",44.05626873153628,0.15848916720180875,0.6953644807258311,0.0,450.5
K6_L0_A_POS_PLUS10,H1F3B_K6_L0_A_POS_PLUS10_y,y,10.0,K6_L0_A,True,False,-0.0009946954921213557,-0.006166169031987069,-0.019930827234920023,-0.007518166363020938,0.001748596301954759,0.010839639318728403,True,"transverse Cartesian Ex,Ey from authoritative gratingvector; x/y input columns",2,0.0006133271289707044,0.0038698362783983692,0,5,"order_n=+1, order_m=0 is physical +x supercell order",60.36645603081336,0.15848916720180875,0.8692056009072888,0.0,450.5
K6_L0_A_POS_PLUS10,H1F3B_K6_L0_A_POS_PLUS10_y,y,10.0,K6_L0_A,True,False,-0.007263561584884397,0.007140577336060243,0.024583687129584593,-0.04868392064718558,-0.012827035638520229,0.012609852466847685,True,"transverse Cartesian Ex,Ey from authoritative gratingvector; x/y input columns",3,0.003401770196563965,0.02788187321148048,0,-5,"order_n=+1, order_m=0 is physical +x supercell order",60.47843700161232,0.12200651551500749,-0.870170313005965,0.0,451.0
K6_L0_A_POS_PLUS10,H1F3B_K6_L0_A_POS_PLUS10_y,y,10.0,K6_L0_A,True,False,0.0023574485694757693,-1.1009476031565516e-05,0.008738589371693745,0.03359515013558267,0.0022859496590131993,-1.067557032044513e-05,True,"transverse Cartesian Ex,Ey from authoritative gratingvector; x/y input columns",3,0.0012157804216170486,0.009964881108890458,0,-4,"order_n=+1, order_m=0 is physical +x supercell order",44.11783097413837,0.12200651551500749,-0.696136250404772,0.0,451.0
K6_L0_A_POS_PLUS10,H1F3B_K6_L0_A_POS_PLUS10_y,y,10.0,K6_L0_A,True,False,0.005291542828692473,0.0013253525301194012,0.0047326414020141885,-0.004345903858687266,0.0032392793494407522,0.000811329931653537,True,"transverse Cartesian Ex,Ey from authoritative gratingvector; x/y input columns",3,8.219294678770259e-05,0.0006736767003037013,0,-3,"order_n=+1, order_m=0 is physical +x supercell order",31.473368025635747,0.12200651551500749,-0.522102187803579,0.0,451.0
K6_L0_A_POS_PLUS10,H1F3B_K6_L0_A_POS_PLUS10_y,y,10.0,K6_L0_A,True,False,-0.00011921558414219027,-0.01105816046604756,-0.027201438476128072,-0.00039217028650170664,-4.4262940047429355e-05,-0.004105727428720433,True,"transverse Cartesian Ex,Ey from authoritative gratingvector; x/y input columns",3,0.0008792281348793642,0.007206403126652807,0,-2,"order_n=+1, order_m=0 is physical +x supercell order",20.369198462748614,0.12200651551500749,-0.348068125202386,0.0,451.0
K6_L0_A_POS_PLUS10,H1F3B_K6_L0_A_POS_PLUS10_y,y,10.0,K6_L0_A,True,False,-0.0010678201943126434,0.008701626705310573,0.04531721650126034,-0.05298728755584129,-0.0001887169768453194,0.001537847564795081,True,"transverse Cartesian Ex,Ey from authoritative gratingvector; x/y input columns",3,0.004940561890463368,0.04049424630814615,0,-1,"order_n=+1, order_m=0 is physical +x supercell order",10.022451430195186,0.12200651551500749,-0.174034062601193,0.0,451.0
K6_L0_A_POS_PLUS10,H1F3B_K6_L0_A_POS_PLUS10_y,y,10.0,K6_L0_A,True,False,-0.013804237680421242,-0.004412967772765276,-0.03000818325479571,-0.32186500509558047,0.0,0.0,True,"transverse Cartesian Ex,Ey from authoritative gratingvector; x/y input columns",3,0.1047076038299325,0.8582132141709503,0,0,"order_n=+1, order_m=0 is physical +x supercell order",0.0,0.12200651551500749,0.0,0.0,451.0
K6_L0_A_POS_PLUS10,H1F3B_K6_L0_A_POS_PLUS10_y,y,10.0,K6_L0_A,True,False,-0.0021785771391770116,-0.011162966667439407,0.006623983360850513,0.039712461374838165,0.0003850222104054306,0.0019728427438668937,True,"transverse Cartesian Ex,Ey from authoritative gratingvector; x/y input columns",3,0.0017543551177770795,0.014379192048651564,0,1,"order_n=+1, order_m=0 is physical +x supercell order",10.022451430195186,0.12200651551500749,0.174034062601193,0.0,451.0
K6_L0_A_POS_PLUS10,H1F3B_K6_L0_A_POS_PLUS10_y,y,10.0,K6_L0_A,True,False,0.00616339207527968,0.014780694481607572,0.011012548614426475,-0.037779949181816715,-0.002288374090349821,-0.00548784790517363,True,"transverse Cartesian Ex,Ey from authoritative gratingvector; x/y input columns",3,0.001840410249005708,0.015084524307878681,0,2,"order_n=+1, order_m=0 is physical +x supercell order",20.369198462748614,0.12200651551500749,0.348068125202386,0.0,451.0
K6_L0_A_POS_PLUS10,H1F3B_K6_L0_A_POS_PLUS10_y,y,10.0,K6_L0_A,True,False,-0.0017182855098899156,0.0005941402890746053,-0.0005031392539775695,0.021224527968789417,0.0010518684150960611,-0.0003637098727868917,True,"transverse Cartesian Ex,Ey from authoritative gratingvector; x/y input columns",3,0.00045527795641765625,0.0037315872393852154,0,3,"order_n=+1, order_m=0 is physical +x supercell order",31.473368025635747,0.12200651551500749,0.522102187803579,0.0,451.0
K6_L0_A_POS_PLUS10,H1F3B_K6_L0_A_POS_PLUS10_y,y,10.0,K6_L0_A,True,False,-0.007402892129092286,-0.00508447079394237,-0.03580918182910714,-0.013478210015780973,0.00717837027595182,0.0049302641967115006,True,"transverse Cartesian Ex,Ey from authoritative gratingvector; x/y input columns",3,0.001620450808497029,0.013281674356954357,0,4,"order_n=+1, order_m=0 is physical +x supercell order",44.11783097413837,0.12200651551500749,0.696136250404772,0.0,451.0
K6_L0_A_POS_PLUS10,H1F3B_K6_L0_A_POS_PLUS10_y,y,10.0,K6_L0_A,True,False,-0.0030974293657356853,-0.006721803253828444,-0.029357245309026645,-0.0046298215821870764,0.005469883664891247,0.011870321313363099,True,"transverse Cartesian Ex,Ey from authoritative gratingvector; x/y input columns",3,0.0011088839630660793,0.009088727420706317,0,5,"order_n=+1, order_m=0 is physical +x supercell order",60.47843700161232,0.12200651551500749,0.870170313005965,0.0,451.0
K6_L0_A_POS_PLUS10,H1F3B_K6_L0_A_POS_PLUS10_y,y,10.0,K6_L0_A,True,False,0.006607019726792553,-0.006917561086015905,-0.011696540954624593,0.05541951503182369,0.011721172786195532,-0.012272088188181771,True,"transverse Cartesian Ex,Ey from authoritative gratingvector; x/y input columns",4,0.0035876271176970933,0.04012052460109695,0,-5,"order_n=+1, order_m=0 is physical +x supercell order",60.59080580770663,0.0894212414560253,-0.8711350251046411,0.0,451.5
K6_L0_A_POS_PLUS10,H1F3B_K6_L0_A_POS_PLUS10_y,y,10.0,K6_L0_A,True,False,-0.00423637952774731,-0.00020111418427940075,-0.015589602140493352,-0.034390577487583396,-0.004116744838002339,-0.0001954347514330303,True,"transverse Cartesian Ex,Ey from authoritative gratingvector; x/y input columns",4,0.001460720656049875,0.01633527596201193,0,-4,"order_n=+1, order_m=0 is physical +x supercell order",44.179457423955,0.0894212414560253,-0.6969080200837129,0.0,451.5
K6_L0_A_POS_PLUS10,H1F3B_K6_L0_A_POS_PLUS10_y,y,10.0,K6_L0_A,True,False,-0.004949149206908385,-0.0013214615353517058,-0.003584064502354943,0.0056385727017090855,-0.0030342995472695702,-0.0008101817041310427,True,"transverse Cartesian Ex,Ey from authoritative gratingvector; x/y input columns",4,8.074272706742467e-05,0.000902947954565488,0,-3,"order_n=+1, order_m=0 is physical +x supercell order",31.512261116515088,0.0894212414560253,-0.5226810150627846,0.0,451.5
K6_L0_A_POS_PLUS10,H1F3B_K6_L0_A_POS_PLUS10_y,y,10.0,K6_L0_A,True,False,-0.0011284610386275325,0.012797719089881471,0.029048539682320157,-0.004846126123161949,-0.0004195091408657141,0.004757594597121911,True,"transverse Cartesian Ex,Ey from authoritative gratingvector; x/y input columns",4,0.0010551683285659717,0.01179997404850247,0,-2,"order_n=+1, order_m=0 is physical +x supercell order",20.392784583834683,0.0894212414560253,-0.34845401004185644,0.0,451.5
K6_L0_A_POS_PLUS10,H1F3B_K6_L0_A_POS_PLUS10_y,y,10.0,K6_L0_A,True,False,0.001492356535845761,-0.009350836594429746,-0.037990760647896596,0.057862637381355254,0.00026404727685266623,-0.0016544725605092394,True,"transverse Cartesian Ex,Ey from authoritative gratingvector; x/y input columns",4,0.004883854972795679,0.054616273418630776,0,-1,"order_n=+1, order_m=0 is physical +x supercell order",10.0336777253947,0.0894212414560253,-0.17422700502092822,0.0,451.5
K6_L0_A_POS_PLUS10,H1F3B_K6_L0_A_POS_PLUS10_y,y,10.0,K6_L0_A,True,False,0.01387528196838741,0.004195571148959269,0.040725387536584876,0.2612302804911086,0.0,0.0,True,"transverse Cartesian Ex,Ey from authoritative gratingvector; x/y input columns",4,0.07010994290243654,0.7840412609001243,0,0,"order_n=+1, order_m=0 is physical +x supercell order",0.0,0.0894212414560253,0.0,0.0,451.5
K6_L0_A_POS_PLUS10,H1F3B_K6_L0_A_POS_PLUS10_y,y,10.0,K6_L0_A,True,False,0.0019518652912409401,0.011968364860722018,-0.012951132914219414,-0.044858109881991994,-0.0003453495880884279,-0.0021175999661915954,True,"transverse Cartesian Ex,Ey from authoritative gratingvector; x/y input columns",4,0.0023316368974559696,0.026074754269684336,0,1,"order_n=+1, order_m=0 is physical +x supercell order",10.0336777253947,0.0894212414560253,0.17422700502092822,0.0,451.5
K6_L0_A_POS_PLUS10,H1F3B_K6_L0_A_POS_PLUS10_y,y,10.0,K6_L0_A,True,False,-0.00694583412824145,-0.014614729823759016,-0.004873498487348248,0.04091551908859078,0.002582136917441322,0.005433074375174173,True,"transverse Cartesian Ex,Ey from authoritative gratingvector; x/y input columns",4,0.0019958513575801247,0.022319656102757473,0,2,"order_n=+1, order_m=0 is physical +x supercell order",20.392784583834683,0.0894212414560253,0.34845401004185644,0.0,451.5
K6_L0_A_POS_PLUS10,H1F3B_K6_L0_A_POS_PLUS10_y,y,10.0,K6_L0_A,True,False,0.001843373652012168,-0.00019632725455670812,-0.003083195027800955,-0.02202721857734229,-0.0011301635097082077,0.00012036729440012702,True,"transverse Cartesian Ex,Ey from authoritative gratingvector; x/y input columns",4,0.0004994327784895215,0.0055851693664432924,0,3,"order_n=+1, order_m=0 is physical +x supercell order",31.512261116515088,0.0894212414560253,0.5226810150627846,0.0,451.5
K6_L0_A_POS_PLUS10,H1F3B_K6_L0_A_POS_PLUS10_y,y,10.0,K6_L0_A,True,False,0.008516158356759783,0.00475243494400463,0.04045788411988752,0.008697874398195566,-0.008275663387846606,-0.004618226930691554,True,"transverse Cartesian Ex,Ey from authoritative gratingvector; x/y input columns",4,0.0018974186220517483,0.0212188803371159,0,4,"order_n=+1, order_m=0 is physical +x supercell order",44.179457423955,0.0894212414560253,0.6969080200837129,0.0,451.5
K6_L0_A_POS_PLUS10,H1F3B_K6_L0_A_POS_PLUS10_y,y,10.0,K6_L0_A,True,False,0.0030060151797244683,0.006455813227341845,0.03556969004289693,0.006581805920254163,-0.005332816425021003,-0.011452925137521126,True,"transverse Cartesian Ex,Ey from authoritative gratingvector; x/y input columns",4,0.0015188450958353466,0.01698528303906706,0,5,"order_n=+1, order_m=0 is physical +x supercell order",60.59080580770663,0.0894212414560253,0.8711350251046411,0.0,451.5
K6_L0_A_POS_PLUS10,H1F3B_K6_L0_A_POS_PLUS10_y,y,10.0,K6_L0_A,True,False,0.009374323696733298,-0.0042172790539304825,-0.02335547212147962,0.05650008578862511,0.016707285411389192,-0.007516199257984142,True,"transverse Cartesian Ex,Ey from authoritative gratingvector; x/y input columns",5,0.004179027796632405,0.06789787826320617,0,-5,"order_n=+1, order_m=0 is physical +x supercell order",60.7035669436737,0.06154872440096583,-0.8720997372033175,0.0,452.0
K6_L0_A_POS_PLUS10,H1F3B_K6_L0_A_POS_PLUS10_y,y,10.0,K6_L0_A,True,False,-0.0048377397791138105,-0.0022635370874673627,-0.006862782223128654,-0.03873232601256072,-0.0047112610266537396,-0.0022043587603886743,True,"transverse Cartesian Ex,Ey from authoritative gratingvector; x/y input columns",5,0.0016028733625079077,0.026042349018735395,0,-4,"order_n=+1, order_m=0 is physical +x supercell order",44.24114835382224,0.06154872440096583,-0.697679789762654,0.0,452.0
K6_L0_A_POS_PLUS10,H1F3B_K6_L0_A_POS_PLUS10_y,y,10.0,K6_L0_A,True,False,-0.0043833097476393985,-0.0036826154693205657,-0.0050376522069942396,0.004074951149452773,-0.0026914833832911438,-0.0022612361236996996,True,"transverse Cartesian Ex,Ey from authoritative gratingvector; x/y input columns",5,8.71154992773469e-05,0.0014153908163851382,0,-3,"order_n=+1, order_m=0 is physical +x supercell order",31.551170400535213,0.06154872440096583,-0.5232598423219905,0.0,452.0
K6_L0_A_POS_PLUS10,H1F3B_K6_L0_A_POS_PLUS10_y,y,10.0,K6_L0_A,True,False,-0.007280484432573297,0.014954140257329072,0.03385692518551327,0.0031998528213240222,-0.002709956569997681,0.005566260186987596,True,"transverse Cartesian Ex,Ey from authoritative gratingvector; x/y input columns",5,0.0014714893225849072,0.023907714366243088,0,-2,"order_n=+1, order_m=0 is physical +x supercell order",20.416374314958784,0.06154872440096583,-0.348839894881327,0.0,452.0
K6_L0_A_POS_PLUS10,H1F3B_K6_L0_A_POS_PLUS10_y,y,10.0,K6_L0_A,True,False,0.004435498538821545,-0.00732785282843559,-0.051703723733801,0.04472533140456734,0.000785682874047112,-0.0012980205991386016,True,"transverse Cartesian Ex,Ey from authoritative gratingvector; x/y input columns",5,0.004749303546607051,0.07716331398953452,0,-1,"order_n=+1, order_m=0 is physical +x supercell order",10.044904409795663,0.06154872440096583,-0.1744199474406635,0.0,452.0
K6_L0_A_POS_PLUS10,H1F3B_K6_L0_A_POS_PLUS10_y,y,10.0,K6_L0_A,True,False,0.00713947920535633,0.009633265739660698,-0.038975637292752024,0.1941987423421215,0.0,0.0,True,"transverse Cartesian Ex,Ey from authoritative gratingvector; x/y input columns",5,0.03937602380177249,0.639753694085569,0,0,"order_n=+1, order_m=0 is physical +x supercell order",0.0,0.06154872440096583,0.0,0.0,452.0
K6_L0_A_POS_PLUS10,H1F3B_K6_L0_A_POS_PLUS10_y,y,10.0,K6_L0_A,True,False,-0.0034194522602592828,0.011199010571342918,0.0027127055641383096,-0.052484261140014345,0.0006057053239884966,-0.0019837388593784634,True,"transverse Cartesian Ex,Ey from authoritative gratingvector; x/y input columns",5,0.0029033690292298857,0.04717187979909338,0,1,"order_n=+1, order_m=0 is physical +x supercell order",10.044904409795663,0.06154872440096583,0.1744199474406635,0.0,452.0
K6_L0_A_POS_PLUS10,H1F3B_K6_L0_A_POS_PLUS10_y,y,10.0,K6_L0_A,True,False,0.0018529098598045806,-0.017748383642329536,-0.01458911067721402,0.04209819490726903,-0.0006896938376415315,0.00660633908413842,True,"transverse Cartesian Ex,Ey from authoritative gratingvector; x/y input columns",5,0.00234765795535058,0.03814308059508281,0,2,"order_n=+1, order_m=0 is physical +x supercell order",20.416374314958784,0.06154872440096583,0.348839894881327,0.0,452.0
K6_L0_A_POS_PLUS10,H1F3B_K6_L0_A_POS_PLUS10_y,y,10.0,K6_L0_A,True,False,0.002317849906615093,7.204470804199133e-05,0.0021877610324423204,-0.022643210826000782,-0.0014232292189656755,-4.423760713089216e-05,True,"transverse Cartesian Ex,Ey from authoritative gratingvector; x/y input columns",5,0.0005249064518509469,0.00852830756379916,0,3,"order_n=+1, order_m=0 is physical +x supercell order",31.551170400535213,0.06154872440096583,0.5232598423219905,0.0,452.0
K6_L0_A_POS_PLUS10,H1F3B_K6_L0_A_POS_PLUS10_y,y,10.0,K6_L0_A,True,False,0.008508594069833538,0.009428957025318518,0.03737540580000773,0.020753413186886945,-0.008286143832268502,-0.00918244465052924,True,"transverse Cartesian Ex,Ey from authoritative gratingvector; x/y input columns",5,0.0021419039906204885,0.03480013617612646,0,4,"order_n=+1, order_m=0 is physical +x supercell order",44.24114835382224,0.06154872440096583,0.697679789762654,0.0,452.0
K6_L0_A_POS_PLUS10,H1F3B_K6_L0_A_POS_PLUS10_y,y,10.0,K6_L0_A,True,False,0.0005792443775638581,0.006739698874225167,0.034257263075117374,0.028291103107877556,-0.0010323519276675113,-0.012011754268495885,True,"transverse Cartesian Ex,Ey from authoritative gratingvector; x/y input columns",5,0.0021650536445318182,0.03517625532622483,0,5,"order_n=+1, order_m=0 is physical +x supercell order",60.7035669436737,0.06154872440096583,0.8720997372033175,0.0,452.0
K6_L0_A_POS_PLUS10,H1F3B_K6_L0_A_POS_PLUS10_y,y,10.0,K6_L0_A,True,False,-0.009868215694071774,-0.005322089094001048,0.061524185830578844,-0.029979076725396996,-0.01766920223619623,-0.009529287911435766,True,"transverse Cartesian Ex,Ey from authoritative gratingvector; x/y input columns",6,0.0052126848324946864,0.12526869465314844,0,-5,"order_n=+1, order_m=0 is physical +x supercell order",60.816724989217754,0.041612031217598974,-0.8730644493019938,0.0,452.5
K6_L0_A_POS_PLUS10,H1F3B_K6_L0_A_POS_PLUS10_y,y,10.0,K6_L0_A,True,False,-0.0006352714303629905,0.0071589429737366796,-0.025597729739898357,0.03196038872190245,-0.0006199982874250693,0.006986828261668118,True,"transverse Cartesian Ex,Ey from authoritative gratingvector; x/y input columns",6,0.0017775644164178892,0.04271755942704628,0,-4,"order_n=+1, order_m=0 is physical +x supercell order",44.30290403830596,0.041612031217598974,-0.698451559441595,0.0,452.5
K6_L0_A_POS_PLUS10,H1F3B_K6_L0_A_POS_PLUS10_y,y,10.0,K6_L0_A,True,False,0.0001245482301801652,0.0060760187774359644,0.0073254799941459585,0.001863876014394151,7.659290801554211e-05,0.0037365440411932186,True,"transverse Cartesian Ex,Ey from authoritative gratingvector; x/y input columns",6,0.0001080378352323968,0.002596312462312687,0,-3,"order_n=+1, order_m=0 is physical +x supercell order",31.59009591590528,0.041612031217598974,-0.5238386695811963,0.0,452.5
K6_L0_A_POS_PLUS10,H1F3B_K6_L0_A_POS_PLUS10_y,y,10.0,K6_L0_A,True,False,0.01674838470052894,-0.005271194420204084,-0.025150974420487606,-0.02945232172757758,0.006241970874898778,-0.0019645262892608218,True,"transverse Cartesian Ex,Ey from authoritative gratingvector; x/y input columns",6,0.001851126214081544,0.044485360601638865,0,-2,"order_n=+1, order_m=0 is physical +x supercell order",20.43996766177964,0.041612031217598974,-0.3492257797207975,0.0,452.5
K6_L0_A_POS_PLUS10,H1F3B_K6_L0_A_POS_PLUS10_y,y,10.0,K6_L0_A,True,False,-0.006946280802296667,-0.0005215737003600533,0.06722342632890545,0.006260106204884499,-0.0012318346420307506,-9.249446873256997e-05,True,"transverse Cartesian Ex,Ey from authoritative gratingvector; x/y input columns",6,0.004608226805015529,0.11074265471248065,0,-1,"order_n=+1, order_m=0 is physical +x supercell order",10.056131483869633,0.041612031217598974,-0.17461288986039875,0.0,452.5
K6_L0_A_POS_PLUS10,H1F3B_K6_L0_A_POS_PLUS10_y,y,10.0,K6_L0_A,True,False,0.005279094051152458,-0.000621988759436815,0.10792981417520002,-0.05859176657759519,0.0,0.0,True,"transverse Cartesian Ex,Ey from authoritative gratingvector; x/y input columns",6,0.015110095602594392,0.3631184337909436,0,0,"order_n=+1, order_m=0 is physical +x supercell order",0.0,0.041612031217598974,0.0,0.0,452.5
K6_L0_A_POS_PLUS10,H1F3B_K6_L0_A_POS_PLUS10_y,y,10.0,K6_L0_A,True,False,0.009123417661096225,-0.0011040206117741557,-0.048633230191962154,0.034715876220332405,-0.001617922201610057,0.0001957840280009608,True,"transverse Cartesian Ex,Ey from authoritative gratingvector; x/y input columns",6,0.0036574947556159277,0.08789512668800133,0,1,"order_n=+1, order_m=0 is physical +x supercell order",10.056131483869633,0.041612031217598974,0.17461288986039875,0.0,452.5
K6_L0_A_POS_PLUS10,H1F3B_K6_L0_A_POS_PLUS10_y,y,10.0,K6_L0_A,True,False,-0.020390175570406278,0.009748303227043625,0.040964062504816066,-0.021981828303721553,0.007599233258627564,-0.0036331040820292595,True,"transverse Cartesian Ex,Ey from authoritative gratingvector; x/y input columns",6,0.0027429916594610424,0.0659182351641837,0,2,"order_n=+1, order_m=0 is physical +x supercell order",20.43996766177964,0.041612031217598974,0.3492257797207975,0.0,452.5
K6_L0_A_POS_PLUS10,H1F3B_K6_L0_A_POS_PLUS10_y,y,10.0,K6_L0_A,True,False,-0.001641810300661899,-0.0011562267509531447,-0.017965282301909545,0.013924735002326383,0.0010096572641430618,0.0007110399646206001,True,"transverse Cartesian Ex,Ey from authoritative gratingvector; x/y input columns",6,0.0005222070000576217,0.012549423442630811,0,3,"order_n=+1, order_m=0 is physical +x supercell order",31.59009591590528,0.041612031217598974,0.5238386695811963,0.0,452.5
K6_L0_A_POS_PLUS10,H1F3B_K6_L0_A_POS_PLUS10_y,y,10.0,K6_L0_A,True,False,-0.000342155207534211,-0.01638292999810481,-0.00787618980803046,-0.04449352536492506,0.00033392914046766913,0.015989052956506943,True,"transverse Cartesian Ex,Ey from authoritative gratingvector; x/y input columns",6,0.0025659869539170353,0.06166454457603605,0,4,"order_n=+1, order_m=0 is physical +x supercell order",44.30290403830596,0.041612031217598974,0.698451559441595,0.0,452.5
K6_L0_A_POS_PLUS10,H1F3B_K6_L0_A_POS_PLUS10_y,y,10.0,K6_L0_A,True,False,0.004833046132433929,-0.005497939015027063,0.005221502145981553,-0.056594809543159166,-0.0086536484586714,0.009844150082486038,True,"transverse Cartesian Ex,Ey from authoritative gratingvector; x/y input columns",6,0.003455615142710919,0.08304365448157781,0,5,"order_n=+1, order_m=0 is physical +x supercell order",60.816724989217754,0.041612031217598974,0.8730644493019938,0.0,452.5
K6_L0_A_POS_PLUS10,H1F3B_K6_L0_A_POS_PLUS10_y,y,10.0,K6_L0_A,True,False,0.005518171448077124,-0.008528817956322215,0.045414669080939565,0.06226244749540657,0.009926540756254267,-0.015342339367800375,True,"transverse Cartesian Ex,Ey from authoritative gratingvector; x/y input columns",7,0.006376219076374302,0.18862054402825587,0,-5,"order_n=+1, order_m=0 is physical +x supercell order",60.93028461144274,0.03380447824081732,-0.8740291614006699,0.0,453.0
K6_L0_A_POS_PLUS10,H1F3B_K6_L0_A_POS_PLUS10_y,y,10.0,K6_L0_A,True,False,-0.010591732357563922,-0.002151971322989709,-0.036598709943395404,-0.025725642719816665,-0.010359423861507856,-0.0021047721298149955,True,"transverse Cartesian Ex,Ey from authoritative gratingvector; x/y input columns",7,0.0022298377662385072,0.06596279198139146,0,-4,"order_n=+1, order_m=0 is physical +x supercell order",44.36472475371748,0.03380447824081732,-0.699223329120536,0.0,453.0
K6_L0_A_POS_PLUS10,H1F3B_K6_L0_A_POS_PLUS10_y,y,10.0,K6_L0_A,True,False,-0.005538803878008896,2.3584624927110195e-05,-0.00083907697945783,0.008626435981062929,-0.0034113655877938604,1.452583981115621e-05,True,"transverse Cartesian Ex,Ey from authoritative gratingvector; x/y input columns",7,0.00011743597872001892,0.003473976964928288,0,-3,"order_n=+1, order_m=0 is physical +x supercell order",31.629037700944195,0.03380447824081732,-0.524417496840402,0.0,453.0
K6_L0_A_POS_PLUS10,H1F3B_K6_L0_A_POS_PLUS10_y,y,10.0,K6_L0_A,True,False,0.0037734839094870592,0.018669224957439726,0.02950290889014572,-0.029605853997342117,0.0014081134058535195,0.006966608728176459,True,"transverse Cartesian Ex,Ey from authoritative gratingvector; x/y input columns",7,0.002160223785754075,0.06390347960305762,0,-2,"order_n=+1, order_m=0 is physical +x supercell order",20.463564629962768,0.03380447824081732,-0.349611664560268,0.0,453.0
K6_L0_A_POS_PLUS10,H1F3B_K6_L0_A_POS_PLUS10_y,y,10.0,K6_L0_A,True,False,0.00014914607366169996,-0.007599750037712625,0.0015758664062147647,0.067654899659841,2.647930740526138e-05,-0.0013492552134372056,True,"transverse Cartesian Ex,Ey from authoritative gratingvector; x/y input columns",7,0.0046392684388850995,0.1372382796692126,0,-1,"order_n=+1, order_m=0 is physical +x supercell order",10.06735894808831,0.03380447824081732,-0.174805832280134,0.0,453.0
K6_L0_A_POS_PLUS10,H1F3B_K6_L0_A_POS_PLUS10_y,y,10.0,K6_L0_A,True,False,-0.004934537861242828,-0.0038392832895747446,0.027161319650059627,0.03354965200045281,0.0,0.0,True,"transverse Cartesian Ex,Ey from authoritative gratingvector; x/y input columns",7,0.0019024061945658497,0.056276750701887285,0,0,"order_n=+1, order_m=0 is physical +x supercell order",0.0,0.03380447824081732,0.0,0.0,453.0
K6_L0_A_POS_PLUS10,H1F3B_K6_L0_A_POS_PLUS10_y,y,10.0,K6_L0_A,True,False,0.002263515842234535,0.006985359824298191,-0.04129503005029312,-0.054090206693676465,-0.0004018632896710199,-0.0012401767313265327,True,"transverse Cartesian Ex,Ey from authoritative gratingvector; x/y input columns",7,0.00468664825529073,0.13863986368622078,0,1,"order_n=+1, order_m=0 is physical +x supercell order",10.06735894808831,0.03380447824081732,0.174805832280134,0.0,453.0
K6_L0_A_POS_PLUS10,H1F3B_K6_L0_A_POS_PLUS10_y,y,10.0,K6_L0_A,True,False,-0.011585471304696207,-0.022470266344841464,0.027363973593685424,0.039979564896565796,0.0043232349331765296,0.00838500548358544,True,"transverse Cartesian Ex,Ey from authoritative gratingvector; x/y input columns",7,0.00307528735236188,0.09097277971439342,0,2,"order_n=+1, order_m=0 is physical +x supercell order",20.463564629962768,0.03380447824081732,0.349611664560268,0.0,453.0
K6_L0_A_POS_PLUS10,H1F3B_K6_L0_A_POS_PLUS10_y,y,10.0,K6_L0_A,True,False,0.0010832989834192977,-0.0008084904760036429,-0.015988447089155224,-0.01794855671158278,-0.000667207027856914,0.0004979516604385311,True,"transverse Cartesian Ex,Ey from authoritative gratingvector; x/y input columns",7,0.0005803014429630406,0.017166407327131993,0,3,"order_n=+1, order_m=0 is physical +x supercell order",31.629037700944195,0.03380447824081732,0.524417496840402,0.0,453.0
K6_L0_A_POS_PLUS10,H1F3B_K6_L0_A_POS_PLUS10_y,y,10.0,K6_L0_A,True,False,0.019110980009124676,-0.0012914087316031027,0.04844373223081614,-0.011843506059337691,-0.018691818829989815,0.0012630842602036581,True,"transverse Cartesian Ex,Ey from authoritative gratingvector; x/y input columns",7,0.0032049405946713437,0.09480816629796487,0,4,"order_n=+1, order_m=0 is physical +x supercell order",44.36472475371748,0.03380447824081732,0.699223329120536,0.0,453.0
K6_L0_A_POS_PLUS10,H1F3B_K6_L0_A_POS_PLUS10_y,y,10.0,K6_L0_A,True,False,0.005666666824490469,0.005772717019992417,0.06718751211043067,0.006369050376240109,-0.010193666455401588,-0.010384438271348998,True,"transverse Cartesian Ex,Ey from authoritative gratingvector; x/y input columns",7,0.004831909354992482,0.14293696002555598,0,5,"order_n=+1, order_m=0 is physical +x supercell order",60.93028461144274,0.03380447824081732,0.8740291614006699,0.0,453.0
K6_L0_A_POS_PLUS10,H1F3B_K6_L0_A_POS_PLUS10_y,y,10.0,K6_L0_A,True,False,-0.001890952200967254,-0.009348745105898294,0.0860600108941344,0.00012042214861916924,-0.003417590215399694,-0.016896344489215922,True,"transverse Cartesian Ex,Ey from authoritative gratingvector; x/y input columns",8,0.007794481091852462,0.19098534614080262,0,-5,"order_n=+1, order_m=0 is physical +x supercell order",61.04425056720387,0.040811932691977505,-0.8749938734993462,0.0,453.5
K6_L0_A_POS_PLUS10,H1F3B_K6_L0_A_POS_PLUS10_y,y,10.0,K6_L0_A,True,False,-0.010645546940757783,0.007940836532514841,-0.04458262506406315,0.01775250155063862,-0.010434579899975087,0.007783469814400074,True,"transverse Cartesian Ex,Ey from authoritative gratingvector; x/y input columns",8,0.002648609183452899,0.06489791119285909,0,-4,"order_n=+1, order_m=0 is physical +x supercell order",44.42661077812934,0.040811932691977505,-0.699995098799477,0.0,453.5
K6_L0_A_POS_PLUS10,H1F3B_K6_L0_A_POS_PLUS10_y,y,10.0,K6_L0_A,True,False,-0.004751374611957882,0.0032199075521125273,0.004632708387984418,0.0053199966691798994,-0.0029308436547173236,0.0019861716636981196,True,"transverse Cartesian Ex,Ey from authoritative gratingvector; x/y input columns",8,9.524243932156976e-05,0.0023336909829877227,0,-3,"order_n=+1, order_m=0 is physical +x supercell order",31.66799579408111,0.040811932691977505,-0.5249963240996077,0.0,453.5
K6_L0_A_POS_PLUS10,H1F3B_K6_L0_A_POS_PLUS10_y,y,10.0,K6_L0_A,True,False,0.02097816653355559,0.01547226737776373,-0.00397112444889977,-0.04768524710520166,0.007838059305323478,0.005780893630563595,True,"transverse Cartesian Ex,Ey from authoritative gratingvector; x/y input columns",8,0.003063981054633054,0.07507561765716986,0,-2,"order_n=+1, order_m=0 is physical +x supercell order",20.487165225180483,0.040811932691977505,-0.3499975493997385,0.0,453.5
K6_L0_A_POS_PLUS10,H1F3B_K6_L0_A_POS_PLUS10_y,y,10.0,K6_L0_A,True,False,-0.005946152150030227,-0.005735085085785609,0.05605862573349138,0.04007329912258639,-0.0010568783996979822,-0.001019363008994993,True,"transverse Cartesian Ex,Ey from authoritative gratingvector; x/y input columns",8,0.004818842840924309,0.11807436019494269,0,-1,"order_n=+1, order_m=0 is physical +x supercell order",10.078586802923537,0.040811932691977505,-0.17499877469986924,0.0,453.5
K6_L0_A_POS_PLUS10,H1F3B_K6_L0_A_POS_PLUS10_y,y,10.0,K6_L0_A,True,False,-0.008299197071273615,-0.004585634709167446,-0.03547477519141394,-0.031141407097125186,0.0,0.0,True,"transverse Cartesian Ex,Ey from authoritative gratingvector; x/y input columns",8,0.0023181516285839944,0.056800829455442056,0,0,"order_n=+1, order_m=0 is physical +x supercell order",0.0,0.040811932691977505,0.0,0.0,453.5
K6_L0_A_POS_PLUS10,H1F3B_K6_L0_A_POS_PLUS10_y,y,10.0,K6_L0_A,True,False,0.007993098853844239,0.0016599674909018006,-0.07433464466570884,-0.005063767928066666,-0.0014207059140314354,-0.0002950452227035682,True,"transverse Cartesian Ex,Ey from authoritative gratingvector; x/y input columns",8,0.005620031721542293,0.13770560105444443,0,1,"order_n=+1, order_m=0 is physical +x supercell order",10.078586802923537,0.040811932691977505,0.17499877469986924,0.0,453.5
K6_L0_A_POS_PLUS10,H1F3B_K6_L0_A_POS_PLUS10_y,y,10.0,K6_L0_A,True,False,-0.02391623903081583,-0.012648039774598252,0.05515787391705649,0.006539062275397735,0.008935809503846783,0.004725679228964948,True,"transverse Cartesian Ex,Ey from authoritative gratingvector; x/y input columns",8,0.003919290525674478,0.09603295573514709,0,2,"order_n=+1, order_m=0 is physical +x supercell order",20.487165225180483,0.040811932691977505,0.3499975493997385,0.0,453.5
K6_L0_A_POS_PLUS10,H1F3B_K6_L0_A_POS_PLUS10_y,y,10.0,K6_L0_A,True,False,0.0002838248576998813,-0.002438179165113425,-0.0250068279530017,0.001997090780190248,-0.00017507486804917895,0.0015039693812296708,True,"transverse Cartesian Ex,Ey from authoritative gratingvector; x/y input columns",8,0.0006376476651554884,0.015624049710364053,0,3,"order_n=+1, order_m=0 is physical +x supercell order",31.66799579408111,0.040811932691977505,0.5249963240996077,0.0,453.5
K6_L0_A_POS_PLUS10,H1F3B_K6_L0_A_POS_PLUS10_y,y,10.0,K6_L0_A,True,False,0.01729411121188597,-0.016466497722202062,0.023646707417228935,-0.045016765768439784,-0.016951386926732544,0.016140174582973982,True,"transverse Cartesian Ex,Ey from authoritative gratingvector; x/y input columns",8,0.0037037625560796456,0.09075195198505516,0,4,"order_n=+1, order_m=0 is physical +x supercell order",44.42661077812934,0.040811932691977505,0.699995098799477,0.0,453.5
K6_L0_A_POS_PLUS10,H1F3B_K6_L0_A_POS_PLUS10_y,y,10.0,K6_L0_A,True,False,0.007511769090855638,0.0006546254807966679,0.06142395425295196,-0.04665210282725168,-0.013576307498475286,-0.001183129661753284,True,"transverse Cartesian Ex,Ey from authoritative gratingvector; x/y input columns",8,0.006191891984757318,0.15171768589078538,0,5,"order_n=+1, order_m=0 is physical +x supercell order",61.04425056720387,0.040811932691977505,0.8749938734993462,0.0,453.5
K6_L0_A_POS_PLUS10,H1F3B_K6_L0_A_POS_PLUS10_y,y,10.0,K6_L0_A,True,False,0.002032171424749153,0.009102322936449098,-0.09801399083702306,0.0030325742807021986,0.003690191769106748,0.01652878136694705,True,"transverse Cartesian Ex,Ey from authoritative gratingvector; x/y input columns",9,0.00998973903887611,0.14469602159623374,0,-5,"order_n=+1, order_m=0 is physical +x supercell order",61.1586277055407,0.06903948656412907,-0.8759585855980222,0.0,454.0
K6_L0_A_POS_PLUS10,H1F3B_K6_L0_A_POS_PLUS10_y,y,10.0,K6_L0_A,True,False,0.015551093904476057,-0.005522195194440156,0.044286262710550195,-0.016740755719424093,0.015275916373029625,-0.005424479622075562,True,"transverse Cartesian Ex,Ey from authoritative gratingvector; x/y input columns",9,0.002776635728522737,0.04021808195145815,0,-4,"order_n=+1, order_m=0 is physical +x supercell order",44.48856239139124,0.06903948656412907,-0.7007668684784177,0.0,454.0
K6_L0_A_POS_PLUS10,H1F3B_K6_L0_A_POS_PLUS10_y,y,10.0,K6_L0_A,True,False,0.006014533962140639,-0.004154383851209547,-0.003218666972550085,-0.006100590871027971,0.003715662749829071,-0.0025664979899684194,True,"transverse Cartesian Ex,Ey from authoritative gratingvector; x/y input columns",9,0.00012140361162376761,0.0017584663163883584,0,-3,"order_n=+1, order_m=0 is physical +x supercell order",31.70697023385587,0.06903948656412907,-0.5255751513588133,0.0,454.0
K6_L0_A_POS_PLUS10,H1F3B_K6_L0_A_POS_PLUS10_y,y,10.0,K6_L0_A,True,False,-0.03111237906357823,-0.022621958369223618,0.0014213908847149918,0.058525228095838676,-0.011639107785244764,-0.008462850469732983,True,"transverse Cartesian Ex,Ey from authoritative gratingvector; x/y input columns",9,0.005114044475281367,0.07407419622871989,0,-2,"order_n=+1, order_m=0 is physical +x supercell order",20.51076945311192,0.06903948656412907,-0.35038343423920887,0.0,454.0
K6_L0_A_POS_PLUS10,H1F3B_K6_L0_A_POS_PLUS10_y,y,10.0,K6_L0_A,True,False,0.0037219281240565044,0.0076038068990684346,-0.06013970720023606,-0.03802382982050527,0.0006622937911181625,0.0013530497984538775,True,"transverse Cartesian Ex,Ey from authoritative gratingvector; x/y input columns",9,0.005136536021490682,0.07439997423386804,0,-1,"order_n=+1, order_m=0 is physical +x supercell order",10.089815048847298,0.06903948656412907,-0.17519171711960443,0.0,454.0
K6_L0_A_POS_PLUS10,H1F3B_K6_L0_A_POS_PLUS10_y,y,10.0,K6_L0_A,True,False,0.009105459156959544,0.007147306578768865,0.11563411541177562,0.08036642974135406,0.0,0.0,True,"transverse Cartesian Ex,Ey from authoritative gratingvector; x/y input columns",9,0.019964005054225808,0.28916792473075154,0,0,"order_n=+1, order_m=0 is physical +x supercell order",0.0,0.06903948656412907,0.0,0.0,454.0
K6_L0_A_POS_PLUS10,H1F3B_K6_L0_A_POS_PLUS10_y,y,10.0,K6_L0_A,True,False,-0.009897512806526499,-0.004632445740026726,0.08103644304911793,0.011641877209010006,0.0017612003942007034,0.0008243146963213372,True,"transverse Cartesian Ex,Ey from authoritative gratingvector; x/y input columns",9,0.00682564004183935,0.09886574164335914,0,1,"order_n=+1, order_m=0 is physical +x supercell order",10.089815048847298,0.06903948656412907,0.17519171711960443,0.0,454.0
K6_L0_A_POS_PLUS10,H1F3B_K6_L0_A_POS_PLUS10_y,y,10.0,K6_L0_A,True,False,0.0327118972495535,0.025536948344806274,-0.06066101665051041,6.333177034800084e-05,-0.012237485830619616,-0.009553345106912055,True,"transverse Cartesian Ex,Ey from authoritative gratingvector; x/y input columns",9,0.00564298936660366,0.08173567978901504,0,2,"order_n=+1, order_m=0 is physical +x supercell order",20.51076945311192,0.06903948656412907,0.35038343423920887,0.0,454.0
K6_L0_A_POS_PLUS10,H1F3B_K6_L0_A_POS_PLUS10_y,y,10.0,K6_L0_A,True,False,0.0005201617815997092,0.002455147541042079,0.024196857737450027,-0.003633910527998074,-0.0003213458878012351,-0.001516742663855155,True,"transverse Cartesian Ex,Ey from authoritative gratingvector; x/y input columns",9,0.0006073953193071775,0.008797796008273946,0,3,"order_n=+1, order_m=0 is physical +x supercell order",31.70697023385587,0.06903948656412907,0.5255751513588133,0.0,454.0
K6_L0_A_POS_PLUS10,H1F3B_K6_L0_A_POS_PLUS10_y,y,10.0,K6_L0_A,True,False,-0.026469612603280776,0.021256755782085898,-0.023989328915521118,0.04178324366836981,0.026001231234146494,-0.020880616224405613,True,"transverse Cartesian Ex,Ey from authoritative gratingvector; x/y input columns",9,0.004585881570616892,0.0664240393264973,0,4,"order_n=+1, order_m=0 is physical +x supercell order",44.48856239139124,0.06903948656412907,0.7007668684784177,0.0,454.0
K6_L0_A_POS_PLUS10,H1F3B_K6_L0_A_POS_PLUS10_y,y,10.0,K6_L0_A,True,False,-0.006604148954248607,-0.0013265443826107003,-0.07801267075356824,0.04465697293884879,0.011992382048149015,0.0024088534571678924,True,"transverse Cartesian Ex,Ey from authoritative gratingvector; x/y input columns",9,0.008275216335741528,0.11986207817543494,0,5,"order_n=+1, order_m=0 is physical +x supercell order",61.1586277055407,0.06903948656412907,0.8759585855980222,0.0,454.0
K6_L0_A_POS_MINUS10,H1F3B_K6_L0_A_POS_MINUS10_x,x,-10.0,K6_L0_A,True,False,0.06769919361436096,0.020169504760331063,0.02858217887859857,0.019718257737595862,0.1184723397445697,0.03529626119414768,True,"transverse Cartesian Ex,Ey from authoritative gratingvector; x/y input columns",1,0.02147726171480446,0.02318917542932024,0,-5,"order_n=+1, order_m=0 is physical +x supercell order",60.25485848366181,0.9261761713031311,-0.8682408888086127,0.0,450.0
K6_L0_A_POS_MINUS10,H1F3B_K6_L0_A_POS_MINUS10_x,x,-10.0,K6_L0_A,True,False,0.06646831545530023,-0.017111710710950877,-0.005183720194205267,-0.006878287807231937,0.06417598275888144,-0.016521568871404012,True,"transverse Cartesian Ex,Ey from authoritative gratingvector; x/y input columns",1,0.009176548402172297,0.009907994490142066,0,-4,"order_n=+1, order_m=0 is physical +x supercell order",43.994770425027035,0.9261761713031311,-0.6945927110468901,0.0,450.0
K6_L0_A_POS_MINUS10,H1F3B_K6_L0_A_POS_MINUS10_x,x,-10.0,K6_L0_A,True,False,-0.012960315008435282,-0.01198996651900319,0.0027084741038142803,0.005285779078540323,-0.007909653416313943,-0.007317451742245357,True,"transverse Cartesian Ex,Ey from authoritative gratingvector; x/y input columns",1,0.0004631120718491541,0.000500025898094047,0,-3,"order_n=+1, order_m=0 is physical +x supercell order",31.39563027100863,0.9261761713031311,-0.5209445332851677,0.0,450.0
K6_L0_A_POS_MINUS10,H1F3B_K6_L0_A_POS_MINUS10_x,x,-10.0,K6_L0_A,True,False,0.045254973545150026,0.03007523284241045,-0.005130653726719433,-0.00807135580547282,0.016760113483648604,0.011138318642105918,True,"transverse Cartesian Ex,Ey from authoritative gratingvector; x/y input columns",1,0.003448966199457338,0.0037238770617523424,0,-2,"order_n=+1, order_m=0 is physical +x supercell order",20.32203702808953,0.9261761713031311,-0.34729635552344507,0.0,450.0
K6_L0_A_POS_MINUS10,H1F3B_K6_L0_A_POS_MINUS10_x,x,-10.0,K6_L0_A,True,False,0.10304059053373088,-0.04717492307925408,0.024533626418668804,-0.0047650110139757324,0.018168836229456493,-0.00831821175640093,True,"transverse Cartesian Ex,Ey from authoritative gratingvector; x/y input columns",1,0.013866740077044784,0.014972032866635149,0,-1,"order_n=+1, order_m=0 is physical +x supercell order",10.000000005514977,0.9261761713031311,-0.17364817776172253,0.0,450.0
K6_L0_A_POS_MINUS10,H1F3B_K6_L0_A_POS_MINUS10_x,x,-10.0,K6_L0_A,True,False,-0.11404470686938385,0.9180886802697379,0.014923348358757447,0.016271863858599783,0.0,0.0,True,"transverse Cartesian Ex,Ey from authoritative gratingvector; x/y input columns",1,0.8563804998840225,0.9246410417567686,0,0,"order_n=+1, order_m=0 is physical +x supercell order",0.0,0.9261761713031311,0.0,0.0,450.0
K6_L0_A_POS_MINUS10,H1F3B_K6_L0_A_POS_MINUS10_x,x,-10.0,K6_L0_A,True,False,0.005203291399733416,0.014871898022899404,-0.0010757375870402072,0.005495830450882681,-0.0009174806627777277,-0.002622316877258035,True,"transverse Cartesian Ex,Ey from authoritative gratingvector; x/y input columns",1,0.0002873272724664029,0.0003102296100558634,0,1,"order_n=+1, order_m=0 is physical +x supercell order",10.000000005514977,0.9261761713031311,0.17364817776172253,0.0,450.0
K6_L0_A_POS_MINUS10,H1F3B_K6_L0_A_POS_MINUS10_x,x,-10.0,K6_L0_A,True,False,0.05145117728435441,-0.013942114525878384,0.0013479805457109002,0.0067701666829560365,-0.019054868506171482,0.005163441791046851,True,"transverse Cartesian Ex,Ey from authoritative gratingvector; x/y input columns",1,0.0032790075547824158,0.003540371320683891,0,2,"order_n=+1, order_m=0 is physical +x supercell order",20.32203702808953,0.9261761713031311,0.34729635552344507,0.0,450.0
K6_L0_A_POS_MINUS10,H1F3B_K6_L0_A_POS_MINUS10_x,x,-10.0,K6_L0_A,True,False,-0.006425792234661919,0.02142228372207484,-0.0033265863090790166,-0.002210641614179443,0.003921647696706217,-0.013073975402393632,True,"transverse Cartesian Ex,Ey from authoritative gratingvector; x/y input columns",1,0.0007024663120096834,0.0007584586321426434,0,3,"order_n=+1, order_m=0 is physical +x supercell order",31.39563027100863,0.9261761713031311,0.5209445332851677,0.0,450.0
K6_L0_A_POS_MINUS10,H1F3B_K6_L0_A_POS_MINUS10_x,x,-10.0,K6_L0_A,True,False,-0.020241874621484586,-0.04849338075324244,0.004200280601564753,0.0012456464967052611,0.01954378094009975,0.04682096042035013,True,"transverse Cartesian Ex,Ey from authoritative gratingvector; x/y input columns",1,0.005354697165516084,0.00578151039880676,0,4,"order_n=+1, order_m=0 is physical +x supercell order",43.994770425027035,0.9261761713031311,0.6945927110468901,0.0,450.0
K6_L0_A_POS_MINUS10,H1F3B_K6_L0_A_POS_MINUS10_x,x,-10.0,K6_L0_A,True,False,0.030593290886347945,0.041979640388805896,-0.011234635970386472,0.025532396081251536,-0.053537694591136296,-0.07346359613716971,True,"transverse Cartesian Ex,Ey from authoritative gratingvector; x/y input columns",1,0.01173954464900614,0.012675282535598584,0,5,"order_n=+1, order_m=0 is physical +x supercell order",60.25485848366181,0.9261761713031311,0.8682408888086127,0.0,450.0
K6_L0_A_POS_MINUS10,H1F3B_K6_L0_A_POS_MINUS10_x,x,-10.0,K6_L0_A,True,False,-0.10008450317316868,0.008356164402087082,-0.03420813215543929,-0.009410930909069573,-0.1759406708060467,0.014689478627126239,True,"transverse Cartesian Ex,Ey from authoritative gratingvector; x/y input columns",2,0.04251639561109249,0.050690959786273464,0,-5,"order_n=+1, order_m=0 is physical +x supercell order",60.36645603081336,0.8387372381654025,-0.8692056009072888,0.0,450.5
K6_L0_A_POS_MINUS10,H1F3B_K6_L0_A_POS_MINUS10_x,x,-10.0,K6_L0_A,True,False,-0.0578246528154678,0.05622593314603997,0.007529182626780399,0.005920271889488288,-0.05595046850937528,0.05440356575831002,True,"transverse Cartesian Ex,Ey from authoritative gratingvector; x/y input columns",2,0.012686987135282582,0.015126295290087808,0,-4,"order_n=+1, order_m=0 is physical +x supercell order",44.05626873153628,0.8387372381654025,-0.6953644807258311,0.0,450.5
K6_L0_A_POS_MINUS10,H1F3B_K6_L0_A_POS_MINUS10_x,x,-10.0,K6_L0_A,True,False,0.021562428483482526,0.008062737060371418,-0.005548452664621399,-0.004869482651203371,0.013179585643882653,0.004928180222959248,True,"transverse Cartesian Ex,Ey from authoritative gratingvector; x/y input columns",2,0.000782431677326305,0.0009328686526876326,0,-3,"order_n=+1, order_m=0 is physical +x supercell order",31.434491089797294,0.8387372381654025,-0.5215233605443733,0.0,450.5
K6_L0_A_POS_MINUS10,H1F3B_K6_L0_A_POS_MINUS10_x,x,-10.0,K6_L0_A,True,False,-0.07826658695140652,0.0055990273883002924,0.009550053571264453,0.0051965607219746504,-0.029022548728906316,0.00207621223233251,True,"transverse Cartesian Ex,Ey from authoritative gratingvector; x/y input columns",2,0.007121834499223637,0.008491139030385082,0,-2,"order_n=+1, order_m=0 is physical +x supercell order",20.345615946048625,0.8387372381654025,-0.34768224036291556,0.0,450.5
K6_L0_A_POS_MINUS10,H1F3B_K6_L0_A_POS_MINUS10_x,x,-10.0,K6_L0_A,True,False,-0.10107690951845488,0.09641178835673668,-0.022905594356561417,0.01811524002176698,-0.017843005912116804,0.017019476731556717,True,"transverse Cartesian Ex,Ey from authoritative gratingvector; x/y input columns",2,0.0209726381940155,0.025005016159637364,0,-1,"order_n=+1, order_m=0 is physical +x supercell order",10.011225523725704,0.8387372381654025,-0.17384112018145778,0.0,450.5
K6_L0_A_POS_MINUS10,H1F3B_K6_L0_A_POS_MINUS10_x,x,-10.0,K6_L0_A,True,False,-0.3481902934680937,-0.7671360206393822,-0.02613645953828084,-0.00716584682047766,0.0,0.0,True,"transverse Cartesian Ex,Ey from authoritative gratingvector; x/y input columns",2,0.7104686185056748,0.8470693635347658,0,0,"order_n=+1, order_m=0 is physical +x supercell order",0.0,0.8387372381654025,0.0,0.0,450.5
K6_L0_A_POS_MINUS10,H1F3B_K6_L0_A_POS_MINUS10_x,x,-10.0,K6_L0_A,True,False,-0.021423739321785696,-0.006496653308247531,-0.0032261659232041776,-0.004816839810069224,0.003781911310896152,0.0011468477216042003,True,"transverse Cartesian Ex,Ey from authoritative gratingvector; x/y input columns",2,0.0005504113159153348,0.0006562380813319647,0,1,"order_n=+1, order_m=0 is physical +x supercell order",10.011225523725704,0.8387372381654025,0.17384112018145778,0.0,450.5
K6_L0_A_POS_MINUS10,H1F3B_K6_L0_A_POS_MINUS10_x,x,-10.0,K6_L0_A,True,False,-0.07442740790273451,0.035140281616085296,-0.006787645715562339,-0.007437955782102186,0.02759891745329878,-0.013030599330765866,True,"transverse Cartesian Ex,Ey from authoritative gratingvector; x/y input columns",2,0.007807170523267266,0.009308243592885117,0,2,"order_n=+1, order_m=0 is physical +x supercell order",20.345615946048625,0.8387372381654025,0.34768224036291556,0.0,450.5
K6_L0_A_POS_MINUS10,H1F3B_K6_L0_A_POS_MINUS10_x,x,-10.0,K6_L0_A,True,False,-0.004075807530619564,-0.02898475651929329,0.005827979272157983,0.0008622493767159703,0.002491252525610999,0.017716329179050538,True,"transverse Cartesian Ex,Ey from authoritative gratingvector; x/y input columns",2,0.0012115117926205612,0.0014444473638377385,0,3,"order_n=+1, order_m=0 is physical +x supercell order",31.434491089797294,0.8387372381654025,0.5215233605443733,0.0,450.5
K6_L0_A_POS_MINUS10,H1F3B_K6_L0_A_POS_MINUS10_x,x,-10.0,K6_L0_A,True,False,0.03468321623032472,0.05325630811422707,-0.008066589152579733,0.002491827823153418,-0.03355908082477153,-0.05153019075755848,True,"transverse Cartesian Ex,Ey from authoritative gratingvector; x/y input columns",2,0.00789201137380762,0.009409396667626295,0,4,"order_n=+1, order_m=0 is physical +x supercell order",44.05626873153628,0.8387372381654025,0.6953644807258311,0.0,450.5
K6_L0_A_POS_MINUS10,H1F3B_K6_L0_A_POS_MINUS10_x,x,-10.0,K6_L0_A,True,False,-0.06819269325906238,-0.040300259867901575,-0.004375363140640669,-0.03231367840831828,0.11987738176919763,0.07084468154423994,True,"transverse Cartesian Ex,Ey from authoritative gratingvector; x/y input columns",2,0.026727227537176393,0.031866031840481694,0,5,"order_n=+1, order_m=0 is physical +x supercell order",60.36645603081336,0.8387372381654025,0.8692056009072888,0.0,450.5
K6_L0_A_POS_MINUS10,H1F3B_K6_L0_A_POS_MINUS10_x,x,-10.0,K6_L0_A,True,False,-0.1220080722156547,-0.05220404036600928,-0.01752629608204799,-0.021284830008858845,-0.2154592994370902,-0.09218935895622438,True,"transverse Cartesian Ex,Ey from authoritative gratingvector; x/y input columns",3,0.07329303417785926,0.11787137029897345,0,-5,"order_n=+1, order_m=0 is physical +x supercell order",60.47843700161232,0.6218052271043937,-0.870170313005965,0.0,451.0
K6_L0_A_POS_MINUS10,H1F3B_K6_L0_A_POS_MINUS10_x,x,-10.0,K6_L0_A,True,False,-0.07270806903610223,0.04381152329597488,0.0006443176255639509,0.007255279672005122,-0.0705029105502589,0.042482766341559404,True,"transverse Cartesian Ex,Ey from authoritative gratingvector; x/y input columns",3,0.014034412936883319,0.022570432548852003,0,-4,"order_n=+1, order_m=0 is physical +x supercell order",44.11783097413837,0.6218052271043937,-0.696136250404772,0.0,451.0
K6_L0_A_POS_MINUS10,H1F3B_K6_L0_A_POS_MINUS10_x,x,-10.0,K6_L0_A,True,False,0.017744074187277897,0.021371989907392735,-0.0028041464601143715,-0.006436480857786472,0.010862240928700308,0.013083111637703586,True,"transverse Cartesian Ex,Ey from authoritative gratingvector; x/y input columns",3,0.0011100617326854898,0.001785224189662728,0,-3,"order_n=+1, order_m=0 is physical +x supercell order",31.473368025635747,0.6218052271043937,-0.522102187803579,0.0,451.0
K6_L0_A_POS_MINUS10,H1F3B_K6_L0_A_POS_MINUS10_x,x,-10.0,K6_L0_A,True,False,-0.1177308696693017,-0.015621895876133803,0.004421999734992994,0.006073243641811,-0.043711688059915654,-0.005800173237148009,True,"transverse Cartesian Ex,Ey from authoritative gratingvector; x/y input columns",3,0.01610539335647224,0.02590102600370765,0,-2,"order_n=+1, order_m=0 is physical +x supercell order",20.369198462748614,0.6218052271043937,-0.348068125202386,0.0,451.0
K6_L0_A_POS_MINUS10,H1F3B_K6_L0_A_POS_MINUS10_x,x,-10.0,K6_L0_A,True,False,-0.15519141043624113,0.05117120786408959,-0.026559534915547325,0.013725641659398914,-0.027427139855451796,0.009043540945440316,True,"transverse Cartesian Ex,Ey from authoritative gratingvector; x/y input columns",3,0.028430702154834488,0.04572284200187547,0,-1,"order_n=+1, order_m=0 is physical +x supercell order",10.022451430195186,0.6218052271043937,-0.174034062601193,0.0,451.0
K6_L0_A_POS_MINUS10,H1F3B_K6_L0_A_POS_MINUS10_x,x,-10.0,K6_L0_A,True,False,-0.5736428985351473,-0.27873097376226186,-0.02928756313576311,-0.007843988834416928,0.0,0.0,True,"transverse Cartesian Ex,Ey from authoritative gratingvector; x/y input columns",3,0.4076764202895297,0.6556336333613447,0,0,"order_n=+1, order_m=0 is physical +x supercell order",0.0,0.6218052271043937,0.0,0.0,451.0
K6_L0_A_POS_MINUS10,H1F3B_K6_L0_A_POS_MINUS10_x,x,-10.0,K6_L0_A,True,False,-0.02571588044268233,-0.0218848603533066,-0.004363885679883915,-0.004396734271150212,0.004544794376344024,0.0038677341995920233,True,"transverse Cartesian Ex,Ey from authoritative gratingvector; x/y input columns",3,0.001214242913866207,0.001952770515488687,0,1,"order_n=+1, order_m=0 is physical +x supercell order",10.022451430195186,0.6218052271043937,0.174034062601193,0.0,451.0
K6_L0_A_POS_MINUS10,H1F3B_K6_L0_A_POS_MINUS10_x,x,-10.0,K6_L0_A,True,False,-0.11459839829844473,-0.03241173357937939,-0.006566433955681857,-0.015054221281807782,0.04254864890286083,0.012033985578145681,True,"transverse Cartesian Ex,Ey from authoritative gratingvector; x/y input columns",3,0.016408265331839554,0.026388110965630082,0,2,"order_n=+1, order_m=0 is physical +x supercell order",20.369198462748614,0.6218052271043937,0.348068125202386,0.0,451.0
K6_L0_A_POS_MINUS10,H1F3B_K6_L0_A_POS_MINUS10_x,x,-10.0,K6_L0_A,True,False,0.007786845218498116,-0.033492519137888865,0.008376119217078678,0.0037222366461455115,-0.004766807664638169,0.020502834261462568,True,"transverse Cartesian Ex,Ey from authoritative gratingvector; x/y input columns",3,0.001709486883511979,0.0027492320890782356,0,3,"order_n=+1, order_m=0 is physical +x supercell order",31.473368025635747,0.6218052271043937,0.522102187803579,0.0,451.0
K6_L0_A_POS_MINUS10,H1F3B_K6_L0_A_POS_MINUS10_x,x,-10.0,K6_L0_A,True,False,-0.013126029103728917,0.0653812564974965,-0.012929100980455152,0.003326935405074455,0.012727930586642153,-0.06339831245164425,True,"transverse Cartesian Ex,Ey from authoritative gratingvector; x/y input columns",3,0.008806577731310404,0.014162920071162226,0,4,"order_n=+1, order_m=0 is physical +x supercell order",44.11783097413837,0.6218052271043937,0.696136250404772,0.0,451.0
K6_L0_A_POS_MINUS10,H1F3B_K6_L0_A_POS_MINUS10_x,x,-10.0,K6_L0_A,True,False,-0.05712986589846083,-0.0967642374991608,0.0010594348362165146,-0.03177962246194074,0.10088808600844289,0.1708801265647596,True,"transverse Cartesian Ex,Ey from authoritative gratingvector; x/y input columns",3,0.05301662959560103,0.0852624379542248,0,5,"order_n=+1, order_m=0 is physical +x supercell order",60.47843700161232,0.6218052271043937,0.870170313005965,0.0,451.0
K6_L0_A_POS_MINUS10,H1F3B_K6_L0_A_POS_MINUS10_x,x,-10.0,K6_L0_A,True,False,0.011958965487002024,0.056724064572338154,-0.0016338016688847165,-0.006909568142356944,0.021215783607982076,0.10063123609144382,True,"transverse Cartesian Ex,Ey from authoritative gratingvector; x/y input columns",4,0.01398780294832585,0.015189960482159825,0,-5,"order_n=+1, order_m=0 is physical +x supercell order",60.59080580770663,0.920858415975086,-0.8711350251046411,0.0,451.5
K6_L0_A_POS_MINUS10,H1F3B_K6_L0_A_POS_MINUS10_x,x,-10.0,K6_L0_A,True,False,0.028016848909810224,-0.003385022919086624,0.0018707939913715228,0.0038781574956880172,0.027225657515129117,-0.0032894304057029416,True,"transverse Cartesian Ex,Ey from authoritative gratingvector; x/y input columns",4,0.001566998958242459,0.0017016719737346184,0,-4,"order_n=+1, order_m=0 is physical +x supercell order",44.179457423955,0.920858415975086,-0.6969080200837129,0.0,451.5
K6_L0_A_POS_MINUS10,H1F3B_K6_L0_A_POS_MINUS10_x,x,-10.0,K6_L0_A,True,False,0.0039984535093829645,-0.010336858471655731,-0.0003935399846629599,0.0006693582048388601,0.002451432592972487,-0.006337478154215449,True,"transverse Cartesian Ex,Ey from authoritative gratingvector; x/y input columns",4,0.00016961433876869732,0.00018419154978248717,0,-3,"order_n=+1, order_m=0 is physical +x supercell order",31.512261116515088,0.920858415975086,-0.5226810150627846,0.0,451.5
K6_L0_A_POS_MINUS10,H1F3B_K6_L0_A_POS_MINUS10_x,x,-10.0,K6_L0_A,True,False,0.045254117845194966,0.04446963280917048,-0.0008936368611711427,-1.6760945835826587e-05,0.01682336868356844,0.016531733764666063,True,"transverse Cartesian Ex,Ey from authoritative gratingvector; x/y input columns",4,0.004582606247027267,0.004976450415751264,0,-2,"order_n=+1, order_m=0 is physical +x supercell order",20.392784583834683,0.920858415975086,-0.34845401004185644,0.0,451.5
K6_L0_A_POS_MINUS10,H1F3B_K6_L0_A_POS_MINUS10_x,x,-10.0,K6_L0_A,True,False,0.06739170803591805,0.02222743551254555,0.01100777026889355,-0.0052189265621638455,0.011923824208167122,0.003932769199271619,True,"transverse Cartesian Ex,Ey from authoritative gratingvector; x/y input columns",4,0.005341753659538803,0.005800841439758667,0,-1,"order_n=+1, order_m=0 is physical +x supercell order",10.0336777253947,0.920858415975086,-0.17422700502092822,0.0,451.5
K6_L0_A_POS_MINUS10,H1F3B_K6_L0_A_POS_MINUS10_x,x,-10.0,K6_L0_A,True,False,0.9062278331312725,0.23292674431653887,0.01599438476788627,0.009133839113277049,0.0,0.0,True,"transverse Cartesian Ex,Ey from authoritative gratingvector; x/y input columns",4,0.8758430011207542,0.9511158131658431,0,0,"order_n=+1, order_m=0 is physical +x supercell order",0.0,0.920858415975086,0.0,0.0,451.5
K6_L0_A_POS_MINUS10,H1F3B_K6_L0_A_POS_MINUS10_x,x,-10.0,K6_L0_A,True,False,-0.022372340076185715,0.022743651264086544,0.0028406151830477726,0.005074961296924623,0.003958407613761509,-0.00402410485545622,True,"transverse Cartesian Ex,Ey from authoritative gratingvector; x/y input columns",4,0.0010834820108147271,0.0011765999984562675,0,1,"order_n=+1, order_m=0 is physical +x supercell order",10.0336777253947,0.920858415975086,0.17422700502092822,0.0,451.5
K6_L0_A_POS_MINUS10,H1F3B_K6_L0_A_POS_MINUS10_x,x,-10.0,K6_L0_A,True,False,0.0060016888439905405,0.06126412358473936,-0.003273645863326322,0.009903562709669616,-0.002231147770726753,-0.0227751415167892,True,"transverse Cartesian Ex,Ey from authoritative gratingvector; x/y input columns",4,0.004421795510653725,0.0048018190787468005,0,2,"order_n=+1, order_m=0 is physical +x supercell order",20.392784583834683,0.920858415975086,0.34845401004185644,0.0,451.5
K6_L0_A_POS_MINUS10,H1F3B_K6_L0_A_POS_MINUS10_x,x,-10.0,K6_L0_A,True,False,-0.01039730324212578,0.006533708769079555,-0.002435962603727822,-0.004502549011624178,0.006374536551932791,-0.0040057853847557875,True,"transverse Cartesian Ex,Ey from authoritative gratingvector; x/y input columns",4,0.00023368115919735497,0.0002537644822954816,0,3,"order_n=+1, order_m=0 is physical +x supercell order",31.512261116515088,0.920858415975086,0.5226810150627846,0.0,451.5
K6_L0_A_POS_MINUS10,H1F3B_K6_L0_A_POS_MINUS10_x,x,-10.0,K6_L0_A,True,False,0.024915162219166644,0.004858775827501676,0.007466994681445637,0.0034309450634347686,-0.0242115619674629,-0.00472156476440964,True,"transverse Cartesian Ex,Ey from authoritative gratingvector; x/y input columns",4,0.0013203933112791598,0.001433872230923807,0,4,"order_n=+1, order_m=0 is physical +x supercell order",44.179457423955,0.920858415975086,0.6969080200837129,0.0,451.5
K6_L0_A_POS_MINUS10,H1F3B_K6_L0_A_POS_MINUS10_x,x,-10.0,K6_L0_A,True,False,-0.026485907402410358,0.047156720237458614,-0.0006445170948116108,0.013232356433857796,0.046987281694334575,-0.08365830416581269,True,"transverse Cartesian Ex,Ey from authoritative gratingvector; x/y input columns",4,0.012307286710483542,0.013365015182547367,0,5,"order_n=+1, order_m=0 is physical +x supercell order",60.59080580770663,0.920858415975086,0.8711350251046411,0.0,451.5
K6_L0_A_POS_MINUS10,H1F3B_K6_L0_A_POS_MINUS10_x,x,-10.0,K6_L0_A,True,False,-0.0025618813412366134,0.010468940072257042,0.012711053344857802,-0.016283146624157287,-0.004565884872640788,0.01865815341995055,True,"transverse Cartesian Ex,Ey from authoritative gratingvector; x/y input columns",5,0.0009118476770753335,0.0009713688494525901,0,-5,"order_n=+1, order_m=0 is physical +x supercell order",60.7035669436737,0.9387244377758259,-0.8720997372033175,0.0,452.0
K6_L0_A_POS_MINUS10,H1F3B_K6_L0_A_POS_MINUS10_x,x,-10.0,K6_L0_A,True,False,0.007026171159292668,-0.00974927904173368,-0.004819094914158931,0.005168615651224288,0.0068424776570842755,-0.00949439210963634,True,"transverse Cartesian Ex,Ey from authoritative gratingvector; x/y input columns",5,0.0003313167685542392,0.00035294358516887786,0,-4,"order_n=+1, order_m=0 is physical +x supercell order",44.24114835382224,0.9387244377758259,-0.697679789762654,0.0,452.0
K6_L0_A_POS_MINUS10,H1F3B_K6_L0_A_POS_MINUS10_x,x,-10.0,K6_L0_A,True,False,0.0024556641972453387,0.00012462012814084958,0.002173520559736183,-0.00027735798619772396,0.0015078513183760856,7.652048872324028e-05,True,"transverse Cartesian Ex,Ey from authoritative gratingvector; x/y input columns",5,1.312640688559693e-05,1.398323763329107e-05,0,-3,"order_n=+1, order_m=0 is physical +x supercell order",31.551170400535213,0.9387244377758259,-0.5232598423219905,0.0,452.0
K6_L0_A_POS_MINUS10,H1F3B_K6_L0_A_POS_MINUS10_x,x,-10.0,K6_L0_A,True,False,0.013001802301693599,0.015550724818251996,-0.0057187592583384725,0.0007966367232800545,0.004839557023382293,0.0057883220930881,True,"transverse Cartesian Ex,Ey from authoritative gratingvector; x/y input columns",5,0.0005011367278249348,0.0005338486009933938,0,-2,"order_n=+1, order_m=0 is physical +x supercell order",20.416374314958784,0.9387244377758259,-0.348839894881327,0.0,452.0
K6_L0_A_POS_MINUS10,H1F3B_K6_L0_A_POS_MINUS10_x,x,-10.0,K6_L0_A,True,False,0.05023034426813377,0.01434610974280758,0.010316343207608655,-0.007816943232930503,0.008897561548841948,0.0025412008673818716,True,"transverse Cartesian Ex,Ey from authoritative gratingvector; x/y input columns",5,0.002982054192095761,0.0031767088104804374,0,-1,"order_n=+1, order_m=0 is physical +x supercell order",10.044904409795663,0.9387244377758259,-0.1744199474406635,0.0,452.0
K6_L0_A_POS_MINUS10,H1F3B_K6_L0_A_POS_MINUS10_x,x,-10.0,K6_L0_A,True,False,0.7117627975082099,0.6504364086237475,0.011644734529492341,0.011466476117192356,0.0,0.0,True,"transverse Cartesian Ex,Ey from authoritative gratingvector; x/y input columns",5,0.9299408814968803,0.9906430940481777,0,0,"order_n=+1, order_m=0 is physical +x supercell order",0.0,0.9387244377758259,0.0,0.0,452.0
K6_L0_A_POS_MINUS10,H1F3B_K6_L0_A_POS_MINUS10_x,x,-10.0,K6_L0_A,True,False,-0.04462809263835664,-0.02120045985765554,0.0013104725948403556,0.005260243101934509,0.00790520564496922,0.003755347473636806,True,"transverse Cartesian Ex,Ey from authoritative gratingvector; x/y input columns",5,0.002547108557564087,0.002713371949279491,0,1,"order_n=+1, order_m=0 is physical +x supercell order",10.044904409795663,0.9387244377758259,0.1744199474406635,0.0,452.0
K6_L0_A_POS_MINUS10,H1F3B_K6_L0_A_POS_MINUS10_x,x,-10.0,K6_L0_A,True,False,-0.012085233859250557,0.00679064993242075,-0.003910781472173316,0.003846265376166257,0.004498390072823598,-0.002527629386388727,True,"transverse Cartesian Ex,Ey from authoritative gratingvector; x/y input columns",5,0.0002488781965666653,0.00026512380689305034,0,2,"order_n=+1, order_m=0 is physical +x supercell order",20.416374314958784,0.9387244377758259,0.348839894881327,0.0,452.0
K6_L0_A_POS_MINUS10,H1F3B_K6_L0_A_POS_MINUS10_x,x,-10.0,K6_L0_A,True,False,-0.0010070130488882697,0.0024599510298775364,-0.00039805397175614267,-0.0030175356895569974,0.0006183361532457925,-0.001510483561922809,True,"transverse Cartesian Ex,Ey from authoritative gratingvector; x/y input columns",5,1.899330314145769e-05,2.0233097570634912e-05,0,3,"order_n=+1, order_m=0 is physical +x supercell order",31.551170400535213,0.9387244377758259,0.5232598423219905,0.0,452.0
K6_L0_A_POS_MINUS10,H1F3B_K6_L0_A_POS_MINUS10_x,x,-10.0,K6_L0_A,True,False,-0.0049684608356680765,0.006026792243112083,0.005434932508277409,0.004672407094782243,0.004838564488027583,-0.005869226685837633,True,"transverse Cartesian Ex,Ey from authoritative gratingvector; x/y input columns",5,0.0001702372354406558,0.00018134952984073655,0,4,"order_n=+1, order_m=0 is physical +x supercell order",44.24114835382224,0.9387244377758259,0.697679789762654,0.0,452.0
K6_L0_A_POS_MINUS10,H1F3B_K6_L0_A_POS_MINUS10_x,x,-10.0,K6_L0_A,True,False,-0.013694817991384436,-0.003155113011825867,0.003342104211919555,0.014927883691204171,0.024407438898106253,0.005623165499622303,True,"transverse Cartesian Ex,Ey from authoritative gratingvector; x/y input columns",5,0.0010588572137969225,0.0011279744845097825,0,5,"order_n=+1, order_m=0 is physical +x supercell order",60.7035669436737,0.9387244377758259,0.8720997372033175,0.0,452.0
K6_L0_A_POS_MINUS10,H1F3B_K6_L0_A_POS_MINUS10_x,x,-10.0,K6_L0_A,True,False,-0.019848802069870844,-0.0031041285068689724,-0.025941715626072653,-0.007270357831530178,-0.03553960602315015,-0.005557993061294629,True,"transverse Cartesian Ex,Ey from authoritative gratingvector; x/y input columns",6,0.0024233961531687108,0.0028275682148521347,0,-5,"order_n=+1, order_m=0 is physical +x supercell order",60.816724989217754,0.8570601906046111,-0.8730644493019938,0.0,452.5
K6_L0_A_POS_MINUS10,H1F3B_K6_L0_A_POS_MINUS10_x,x,-10.0,K6_L0_A,True,False,-0.010560486217578817,0.01740508372792919,0.008631175716037866,0.0039422794496018826,-0.010306591885509026,0.016986632151299554,True,"transverse Cartesian Ex,Ey from authoritative gratingvector; x/y input columns",6,0.0008992710783657773,0.0010492507856786448,0,-4,"order_n=+1, order_m=0 is physical +x supercell order",44.30290403830596,0.8570601906046111,-0.698451559441595,0.0,452.5
K6_L0_A_POS_MINUS10,H1F3B_K6_L0_A_POS_MINUS10_x,x,-10.0,K6_L0_A,True,False,0.0029066845595612798,-0.0010405362044623573,-0.002493775433784763,-0.0032118404134958596,0.0017875117356434963,-0.0006398942295682542,True,"transverse Cartesian Ex,Ey from authoritative gratingvector; x/y input columns",6,2.9671028307600507e-05,3.461953854917605e-05,0,-3,"order_n=+1, order_m=0 is physical +x supercell order",31.59009591590528,0.8570601906046111,-0.5238386695811963,0.0,452.5
K6_L0_A_POS_MINUS10,H1F3B_K6_L0_A_POS_MINUS10_x,x,-10.0,K6_L0_A,True,False,-0.023111182211086587,0.0026529992057504645,0.0059364530747241595,0.005155223476782359,-0.008613327722375837,0.000988748710369724,True,"transverse Cartesian Ex,Ey from authoritative gratingvector; x/y input columns",6,0.0006781499906490339,0.0007912513007641091,0,-2,"order_n=+1, order_m=0 is physical +x supercell order",20.43996766177964,0.8570601906046111,-0.3492257797207975,0.0,452.5
K6_L0_A_POS_MINUS10,H1F3B_K6_L0_A_POS_MINUS10_x,x,-10.0,K6_L0_A,True,False,-0.035682595927823364,-0.06702938444819143,-0.016680861845078398,-0.0028550250310204303,-0.006327855010834751,-0.011886809667985115,True,"transverse Cartesian Ex,Ey from authoritative gratingvector; x/y input columns",6,0.006233926344595164,0.0072736155674170975,0,-1,"order_n=+1, order_m=0 is physical +x supercell order",10.056131483869633,0.8570601906046111,-0.17461288986039875,0.0,452.5
K6_L0_A_POS_MINUS10,H1F3B_K6_L0_A_POS_MINUS10_x,x,-10.0,K6_L0_A,True,False,0.17349532987020694,-0.8960455790257315,0.0013332749729643197,-0.014546383711256355,0.0,0.0,True,"transverse Cartesian Ex,Ey from authoritative gratingvector; x/y input columns",6,0.833211684079559,0.9721740587341617,0,0,"order_n=+1, order_m=0 is physical +x supercell order",0.0,0.8570601906046111,0.0,0.0,452.5
K6_L0_A_POS_MINUS10,H1F3B_K6_L0_A_POS_MINUS10_x,x,-10.0,K6_L0_A,True,False,-0.015865762693129015,0.09050281259578431,0.002605169327838037,-0.0031728657725722973,0.002813591425957547,-0.016049523900594928,True,"transverse Cartesian Ex,Ey from authoritative gratingvector; x/y input columns",6,0.008724839012167803,0.010179960646652933,0,1,"order_n=+1, order_m=0 is physical +x supercell order",10.056131483869633,0.8570601906046111,0.17461288986039875,0.0,452.5
K6_L0_A_POS_MINUS10,H1F3B_K6_L0_A_POS_MINUS10_x,x,-10.0,K6_L0_A,True,False,-0.026444276083389794,0.004904646921542419,0.0029951118944113297,0.00017566818353805406,0.009855541538587208,-0.0018279173653661586,True,"transverse Cartesian Ex,Ey from authoritative gratingvector; x/y input columns",6,0.0008328298344837143,0.0009717285245697813,0,2,"order_n=+1, order_m=0 is physical +x supercell order",20.43996766177964,0.8570601906046111,0.3492257797207975,0.0,452.5
K6_L0_A_POS_MINUS10,H1F3B_K6_L0_A_POS_MINUS10_x,x,-10.0,K6_L0_A,True,False,0.0002981947250387713,-0.0075321699735575575,-0.0010400291599571144,0.002418383673358289,-0.00018337957201459916,0.0046320272966351266,True,"transverse Cartesian Ex,Ey from authoritative gratingvector; x/y input columns",6,8.524204979393526e-05,9.945865031229773e-05,0,3,"order_n=+1, order_m=0 is physical +x supercell order",31.59009591590528,0.8570601906046111,0.5238386695811963,0.0,452.5
K6_L0_A_POS_MINUS10,H1F3B_K6_L0_A_POS_MINUS10_x,x,-10.0,K6_L0_A,True,False,-0.00010080175814462687,0.018109004673203383,-0.002532878744488507,-0.006513893352154933,9.837829065190882e-05,-0.01767362948770308,True,"transverse Cartesian Ex,Ey from authoritative gratingvector; x/y input columns",6,0.0006891593501427566,0.0008040967923811637,0,4,"order_n=+1, order_m=0 is physical +x supercell order",44.30290403830596,0.8570601906046111,0.698451559441595,0.0,452.5
K6_L0_A_POS_MINUS10,H1F3B_K6_L0_A_POS_MINUS10_x,x,-10.0,K6_L0_A,True,False,-0.02590724361926537,0.003653117299279414,0.010190276232148191,-0.016403639466259154,0.04638734509686474,-0.006540966508493656,True,"transverse Cartesian Ex,Ey from authoritative gratingvector; x/y input columns",6,0.0032520216833776183,0.0037943912446609927,0,5,"order_n=+1, order_m=0 is physical +x supercell order",60.816724989217754,0.8570601906046111,0.8730644493019938,0.0,452.5
K6_L0_A_POS_MINUS10,H1F3B_K6_L0_A_POS_MINUS10_x,x,-10.0,K6_L0_A,True,False,0.013387847058798147,-0.040056000070750955,0.018766394748173956,-0.028716435422313544,0.024083160648074378,-0.07205602815646257,True,"transverse Cartesian Ex,Ey from authoritative gratingvector; x/y input columns",7,0.00873259864623185,0.013731951433939156,0,-5,"order_n=+1, order_m=0 is physical +x supercell order",60.93028461144274,0.635932823404023,-0.8740291614006699,0.0,453.0
K6_L0_A_POS_MINUS10,H1F3B_K6_L0_A_POS_MINUS10_x,x,-10.0,K6_L0_A,True,False,-0.03404847205218568,-0.007819068286196426,-0.0077729940516436434,0.008600392207068083,-0.03330168681739813,-0.007647572639138388,True,"transverse Cartesian Ex,Ey from authoritative gratingvector; x/y input columns",7,0.002522310172749923,0.003966315434464436,0,-4,"order_n=+1, order_m=0 is physical +x supercell order",44.36472475371748,0.635932823404023,-0.699223329120536,0.0,453.0
K6_L0_A_POS_MINUS10,H1F3B_K6_L0_A_POS_MINUS10_x,x,-10.0,K6_L0_A,True,False,-6.093395225393549e-06,0.004625312036550828,0.004482567265489145,-0.0019982084192764426,-3.7529400286706714e-06,0.0028487432777580817,True,"transverse Cartesian Ex,Ey from authoritative gratingvector; x/y input columns",7,5.3595147088560154e-05,8.427800093990416e-05,0,-3,"order_n=+1, order_m=0 is physical +x supercell order",31.629037700944195,0.635932823404023,-0.524417496840402,0.0,453.0
K6_L0_A_POS_MINUS10,H1F3B_K6_L0_A_POS_MINUS10_x,x,-10.0,K6_L0_A,True,False,-0.01473365857411428,-0.06009256590690692,-0.007161678864502926,0.0032267454552684293,-0.005498012619934327,-0.02242414428557985,True,"transverse Cartesian Ex,Ey from authoritative gratingvector; x/y input columns",7,0.004422969092355347,0.006955088540138666,0,-2,"order_n=+1, order_m=0 is physical +x supercell order",20.463564629962768,0.635932823404023,-0.349611664560268,0.0,453.0
K6_L0_A_POS_MINUS10,H1F3B_K6_L0_A_POS_MINUS10_x,x,-10.0,K6_L0_A,True,False,0.11278707137499107,-0.021190223124208336,0.00610543984699757,-0.019220898781981403,0.0200241512294296,-0.003762099922018101,True,"transverse Cartesian Ex,Ey from authoritative gratingvector; x/y input columns",7,0.01399178839939586,0.022001991223696515,0,-1,"order_n=+1, order_m=0 is physical +x supercell order",10.06735894808831,0.635932823404023,-0.174805832280134,0.0,453.0
K6_L0_A_POS_MINUS10,H1F3B_K6_L0_A_POS_MINUS10_x,x,-10.0,K6_L0_A,True,False,0.711435232206211,0.23631186439540164,0.009992875295996741,0.004162122442164432,0.0,0.0,True,"transverse Cartesian Ex,Ey from authoritative gratingvector; x/y input columns",7,0.5621005676982409,0.883899284659388,0,0,"order_n=+1, order_m=0 is physical +x supercell order",0.0,0.635932823404023,0.0,0.0,453.0
K6_L0_A_POS_MINUS10,H1F3B_K6_L0_A_POS_MINUS10_x,x,-10.0,K6_L0_A,True,False,-0.13844630825377852,-0.07216885326557435,0.0015859929233822138,0.0028322472883285706,0.02457967726117056,0.01281281634700562,True,"transverse Cartesian Ex,Ey from authoritative gratingvector; x/y input columns",7,0.025154589446028927,0.039555419252274744,0,1,"order_n=+1, order_m=0 is physical +x supercell order",10.06735894808831,0.635932823404023,0.174805832280134,0.0,453.0
K6_L0_A_POS_MINUS10,H1F3B_K6_L0_A_POS_MINUS10_x,x,-10.0,K6_L0_A,True,False,0.020774134637424373,-0.057013541243932826,0.0011601940705330198,0.0016357006082955397,-0.007752076908137541,0.021275175319795458,True,"transverse Cartesian Ex,Ey from authoritative gratingvector; x/y input columns",7,0.004198857903146457,0.006602675233322285,0,2,"order_n=+1, order_m=0 is physical +x supercell order",20.463564629962768,0.635932823404023,0.349611664560268,0.0,453.0
K6_L0_A_POS_MINUS10,H1F3B_K6_L0_A_POS_MINUS10_x,x,-10.0,K6_L0_A,True,False,0.012561595014676236,-0.0006954280168324851,-0.0026277729945523424,-3.066477613580486e-05,-0.007736723289843953,0.000428316159528452,True,"transverse Cartesian Ex,Ey from authoritative gratingvector; x/y input columns",7,0.00022522376267485546,0.0003541628209553284,0,3,"order_n=+1, order_m=0 is physical +x supercell order",31.629037700944195,0.635932823404023,0.524417496840402,0.0,453.0
K6_L0_A_POS_MINUS10,H1F3B_K6_L0_A_POS_MINUS10_x,x,-10.0,K6_L0_A,True,False,-0.022803997606579713,-0.019800850218947376,0.0054235014119563335,-0.002247267272413804,0.022303837461929953,0.01936655811452971,True,"transverse Cartesian Ex,Ey from authoritative gratingvector; x/y input columns",7,0.0018190852927248828,0.0028604991372951595,0,4,"order_n=+1, order_m=0 is physical +x supercell order",44.36472475371748,0.635932823404023,0.699223329120536,0.0,453.0
K6_L0_A_POS_MINUS10,H1F3B_K6_L0_A_POS_MINUS10_x,x,-10.0,K6_L0_A,True,False,0.01461610210409868,-0.05166163862730765,0.01643197245556161,0.01519173484884197,-0.026292646866647604,0.09293320553632818,True,"transverse Cartesian Ex,Ey from authoritative gratingvector; x/y input columns",7,0.012711237843385478,0.019988334263585778,0,5,"order_n=+1, order_m=0 is physical +x supercell order",60.93028461144274,0.635932823404023,0.8740291614006699,0.0,453.0
K6_L0_A_POS_MINUS10,H1F3B_K6_L0_A_POS_MINUS10_x,x,-10.0,K6_L0_A,True,False,-0.0024745666908866427,-0.057940610342488506,0.004059873331525742,-0.03520225721867023,-0.004472378998158859,-0.1047182804935449,True,"transverse Cartesian Ex,Ey from authoritative gratingvector; x/y input columns",8,0.015604839735353109,0.050019438286559595,0,-5,"order_n=+1, order_m=0 is physical +x supercell order",61.04425056720387,0.3119755093200674,-0.8749938734993462,0.0,453.5
K6_L0_A_POS_MINUS10,H1F3B_K6_L0_A_POS_MINUS10_x,x,-10.0,K6_L0_A,True,False,-0.047399656191719146,0.026423450237762765,-0.0035380881919720246,0.011176285698975679,-0.046460318339325776,0.02589980620754511,True,"transverse Cartesian Ex,Ey from authoritative gratingvector; x/y input columns",8,0.005911714701419888,0.01894929096935887,0,-4,"order_n=+1, order_m=0 is physical +x supercell order",44.42661077812934,0.3119755093200674,-0.699995098799477,0.0,453.5
K6_L0_A_POS_MINUS10,H1F3B_K6_L0_A_POS_MINUS10_x,x,-10.0,K6_L0_A,True,False,0.0024838221708021273,0.0035792506456387707,0.0037693275051415257,-0.0033553218256776847,0.0015321238679898372,0.0022078292915511887,True,"transverse Cartesian Ex,Ey from authoritative gratingvector; x/y input columns",8,5.166833588285478e-05,0.0001656166408557612,0,-3,"order_n=+1, order_m=0 is physical +x supercell order",31.66799579408111,0.3119755093200674,-0.5249963240996077,0.0,453.5
K6_L0_A_POS_MINUS10,H1F3B_K6_L0_A_POS_MINUS10_x,x,-10.0,K6_L0_A,True,False,-0.07408579990890524,-0.07666285304331258,-0.007938933733232015,0.0074217852097842795,-0.027680631309675616,-0.02864349406835117,True,"transverse Cartesian Ex,Ey from authoritative gratingvector; x/y input columns",8,0.01307067545154957,0.04189647924619581,0,-2,"order_n=+1, order_m=0 is physical +x supercell order",20.487165225180483,0.3119755093200674,-0.3499975493997385,0.0,453.5
K6_L0_A_POS_MINUS10,H1F3B_K6_L0_A_POS_MINUS10_x,x,-10.0,K6_L0_A,True,False,0.1410599083067355,-0.07412437478799831,-0.003272199241144914,-0.020345419166788066,0.025072209117960233,-0.013174982514390398,True,"transverse Cartesian Ex,Ey from authoritative gratingvector; x/y input columns",8,0.026619159872471532,0.08532451771770949,0,-1,"order_n=+1, order_m=0 is physical +x supercell order",10.078586802923537,0.3119755093200674,-0.17499877469986924,0.0,453.5
K6_L0_A_POS_MINUS10,H1F3B_K6_L0_A_POS_MINUS10_x,x,-10.0,K6_L0_A,True,False,0.3488689983539448,-0.19126105159918028,0.006429768997899232,0.001107285779041388,0.0,0.0,True,"transverse Cartesian Ex,Ey from authoritative gratingvector; x/y input columns",8,0.15833293588247188,0.5075171965502977,0,0,"order_n=+1, order_m=0 is physical +x supercell order",0.0,0.3119755093200674,0.0,0.0,453.5
K6_L0_A_POS_MINUS10,H1F3B_K6_L0_A_POS_MINUS10_x,x,-10.0,K6_L0_A,True,False,-0.22032986806568108,-0.02406827817357889,0.0020522058380170235,0.0005923924210300288,0.03916177596729356,0.004277933473237586,True,"transverse Cartesian Ex,Ey from authoritative gratingvector; x/y input columns",8,0.050681040665377236,0.16245198469531674,0,1,"order_n=+1, order_m=0 is physical +x supercell order",10.078586802923537,0.3119755093200674,0.17499877469986924,0.0,453.5
K6_L0_A_POS_MINUS10,H1F3B_K6_L0_A_POS_MINUS10_x,x,-10.0,K6_L0_A,True,False,0.012007633408441746,-0.0954212146581123,0.0036910352882739083,-0.0017975664811006966,-0.004486404596960646,0.0356521690434651,True,"transverse Cartesian Ex,Ey from authoritative gratingvector; x/y input columns",8,0.010557451437365771,0.03384064172336837,0,2,"order_n=+1, order_m=0 is physical +x supercell order",20.487165225180483,0.3119755093200674,0.3499975493997385,0.0,453.5
K6_L0_A_POS_MINUS10,H1F3B_K6_L0_A_POS_MINUS10_x,x,-10.0,K6_L0_A,True,False,0.012709583778062479,-0.009311136197491023,-0.002064580235350423,0.001913775327913138,-0.007839795009276956,0.005743492498769797,True,"transverse Cartesian Ex,Ey from authoritative gratingvector; x/y input columns",8,0.0003506058965246539,0.0011238250633480147,0,3,"order_n=+1, order_m=0 is physical +x supercell order",31.66799579408111,0.3119755093200674,0.5249963240996077,0.0,453.5
K6_L0_A_POS_MINUS10,H1F3B_K6_L0_A_POS_MINUS10_x,x,-10.0,K6_L0_A,True,False,-0.0359109762083914,-0.029670348835868627,0.0056593716866532385,-0.005550849986737118,0.035199314099862586,0.029082359723827025,True,"transverse Cartesian Ex,Ey from authoritative gratingvector; x/y input columns",8,0.004317543595951597,0.01383936708801737,0,4,"order_n=+1, order_m=0 is physical +x supercell order",44.42661077812934,0.3119755093200674,0.699995098799477,0.0,453.5
K6_L0_A_POS_MINUS10,H1F3B_K6_L0_A_POS_MINUS10_x,x,-10.0,K6_L0_A,True,False,-0.005934644762929008,-0.0777140703713709,0.022724702819632556,0.006628808979154753,0.01072591039756824,0.14045561086325933,True,"transverse Cartesian Ex,Ey from authoritative gratingvector; x/y input columns",8,0.026477873745699286,0.0848716420189722,0,5,"order_n=+1, order_m=0 is physical +x supercell order",61.04425056720387,0.3119755093200674,0.8749938734993462,0.0,453.5
K6_L0_A_POS_MINUS10,H1F3B_K6_L0_A_POS_MINUS10_x,x,-10.0,K6_L0_A,True,False,-0.024673094809252963,0.05348632052245857,-0.014473539733069198,0.021052910865162824,-0.04480352901071548,0.09712506403151765,True,"transverse Cartesian Ex,Ey from authoritative gratingvector; x/y input columns",9,0.015562890773739213,0.05722147945897469,0,-5,"order_n=+1, order_m=0 is physical +x supercell order",61.1586277055407,0.27197637881588027,-0.8759585855980222,0.0,454.0
K6_L0_A_POS_MINUS10,H1F3B_K6_L0_A_POS_MINUS10_x,x,-10.0,K6_L0_A,True,False,0.06282898927706283,-0.017814206950867773,0.002834620584578753,-0.005419392693578214,0.06171722657543317,-0.01749898349948055,True,"transverse Cartesian Ex,Ey from authoritative gratingvector; x/y input columns",9,0.0084174632335698,0.03094924371821336,0,-4,"order_n=+1, order_m=0 is physical +x supercell order",44.48856239139124,0.27197637881588027,-0.7007668684784177,0.0,454.0
K6_L0_A_POS_MINUS10,H1F3B_K6_L0_A_POS_MINUS10_x,x,-10.0,K6_L0_A,True,False,-0.001959109009533312,-0.0022786396802097057,-0.0035538599639119363,0.0010459290044095124,-0.001210299653372751,-0.0014076995214146657,True,"transverse Cartesian Ex,Ey from authoritative gratingvector; x/y input columns",9,2.620063822236729e-05,9.633424173245693e-05,0,-3,"order_n=+1, order_m=0 is physical +x supercell order",31.70697023385587,0.27197637881588027,-0.5255751513588133,0.0,454.0
K6_L0_A_POS_MINUS10,H1F3B_K6_L0_A_POS_MINUS10_x,x,-10.0,K6_L0_A,True,False,0.04887053680818992,0.11436795333014667,0.004938642736060093,-0.007468549665062423,0.018282415634977026,0.042784929216349236,True,"transverse Cartesian Ex,Ey from authoritative gratingvector; x/y input columns",9,0.01771332443251926,0.06512817219509581,0,-2,"order_n=+1, order_m=0 is physical +x supercell order",20.51076945311192,0.27197637881588027,-0.35038343423920887,0.0,454.0
K6_L0_A_POS_MINUS10,H1F3B_K6_L0_A_POS_MINUS10_x,x,-10.0,K6_L0_A,True,False,-0.1663699679595467,-0.013926983461289927,-0.004254166386334737,0.016287412781600192,-0.02960449346024572,-0.002478219451848185,True,"transverse Cartesian Ex,Ey from authoritative gratingvector; x/y input columns",9,0.029038872458641733,0.10676983267837449,0,-1,"order_n=+1, order_m=0 is physical +x supercell order",10.089815048847298,0.27197637881588027,-0.17519171711960443,0.0,454.0
K6_L0_A_POS_MINUS10,H1F3B_K6_L0_A_POS_MINUS10_x,x,-10.0,K6_L0_A,True,False,-0.0031442853133265575,0.304053223634291,0.000849194116078119,-0.0004372045543979209,0.0,0.0,True,"transverse Cartesian Ex,Ey from authoritative gratingvector; x/y input columns",9,0.09245916161100493,0.33995291066654343,0,0,"order_n=+1, order_m=0 is physical +x supercell order",0.0,0.27197637881588027,0.0,0.0,454.0
K6_L0_A_POS_MINUS10,H1F3B_K6_L0_A_POS_MINUS10_x,x,-10.0,K6_L0_A,True,False,0.19836924609886825,0.1374435063412525,-0.0008038040089659946,0.0009474158219192586,-0.03529856452383139,-0.024457210844821612,True,"transverse Cartesian Ex,Ey from authoritative gratingvector; x/y input columns",9,0.06008676275058685,0.220926401815445,0,1,"order_n=+1, order_m=0 is physical +x supercell order",10.089815048847298,0.27197637881588027,0.17519171711960443,0.0,454.0
K6_L0_A_POS_MINUS10,H1F3B_K6_L0_A_POS_MINUS10_x,x,-10.0,K6_L0_A,True,False,-0.06496020283232425,0.08407084688221769,-0.007563484265668055,0.0036580635340552376,0.024301542513728545,-0.03145081404605393,True,"transverse Cartesian Ex,Ey from authoritative gratingvector; x/y input columns",9,0.012938041643272209,0.047570460712806496,0,2,"order_n=+1, order_m=0 is physical +x supercell order",20.51076945311192,0.27197637881588027,0.35038343423920887,0.0,454.0
K6_L0_A_POS_MINUS10,H1F3B_K6_L0_A_POS_MINUS10_x,x,-10.0,K6_L0_A,True,False,-0.015808485254590984,0.004991570607668,0.0031302904026404717,-0.0018058384061419238,0.00976617642554636,-0.0030836957754001217,True,"transverse Cartesian Ex,Ey from authoritative gratingvector; x/y input columns",9,0.00039277113514003397,0.0014441369388402956,0,3,"order_n=+1, order_m=0 is physical +x supercell order",31.70697023385587,0.27197637881588027,0.5255751513588133,0.0,454.0
K6_L0_A_POS_MINUS10,H1F3B_K6_L0_A_POS_MINUS10_x,x,-10.0,K6_L0_A,True,False,0.013292731552125915,0.05066557343214361,-0.006348198680808435,0.008864247980133346,-0.013057515876806682,-0.04976904309723499,True,"transverse Cartesian Ex,Ey from authoritative gratingvector; x/y input columns",9,0.00551002793375663,0.020259215001486402,0,4,"order_n=+1, order_m=0 is physical +x supercell order",44.48856239139124,0.27197637881588027,0.7007668684784177,0.0,454.0
K6_L0_A_POS_MINUS10,H1F3B_K6_L0_A_POS_MINUS10_x,x,-10.0,K6_L0_A,True,False,-0.03162355987039524,0.07665316238805653,-0.013438175006635498,-0.010104952793530023,0.057424781650982915,-0.13919340931355012,True,"transverse Cartesian Ex,Ey from authoritative gratingvector; x/y input columns",9,0.029830862205427234,0.10968181257248748,0,5,"order_n=+1, order_m=0 is physical +x supercell order",61.1586277055407,0.27197637881588027,0.8759585855980222,0.0,454.0
K6_L0_A_POS_MINUS10,H1F3B_K6_L0_A_POS_MINUS10_y,y,-10.0,K6_L0_A,True,False,0.008744102377696971,0.002868624201179618,0.0022142663013540215,0.011041119452410306,0.015302017828349194,0.005020039424657989,True,"transverse Cartesian Ex,Ey from authoritative gratingvector; x/y input columns",1,0.0004708501706591816,0.0022753234970245392,0,-5,"order_n=+1, order_m=0 is physical +x supercell order",60.25485848366181,0.2069376821691142,-0.8682408888086127,0.0,450.0
K6_L0_A_POS_MINUS10,H1F3B_K6_L0_A_POS_MINUS10_y,y,-10.0,K6_L0_A,True,False,-0.005003344530239857,0.0025878855392350826,0.01100901262460959,-0.02251561360271806,-0.004830791183888993,0.002498635577120917,True,"transverse Cartesian Ex,Ey from authoritative gratingvector; x/y input columns",1,0.0006894615461377731,0.0033317351335477377,0,-4,"order_n=+1, order_m=0 is physical +x supercell order",43.994770425027035,0.2069376821691142,-0.6945927110468901,0.0,450.0
K6_L0_A_POS_MINUS10,H1F3B_K6_L0_A_POS_MINUS10_y,y,-10.0,K6_L0_A,True,False,0.0006267225387898472,-0.007504284376331421,-0.004297254741755307,-0.006025118171222763,0.00038248746784269247,-0.004579849217832194,True,"transverse Cartesian Ex,Ey from authoritative gratingvector; x/y input columns",1,0.00013259682795535113,0.0006407572877277613,0,-3,"order_n=+1, order_m=0 is physical +x supercell order",31.39563027100863,0.2069376821691142,-0.5209445332851677,0.0,450.0
K6_L0_A_POS_MINUS10,H1F3B_K6_L0_A_POS_MINUS10_y,y,-10.0,K6_L0_A,True,False,-0.009893509382698,0.0021269397263760236,0.007585375815004409,0.010453760739831872,-0.003664046777977429,0.0007877090271940519,True,"transverse Cartesian Ex,Ey from authoritative gratingvector; x/y input columns",1,0.0002832701646684037,0.0013688670023708337,0,-2,"order_n=+1, order_m=0 is physical +x supercell order",20.32203702808953,0.2069376821691142,-0.34729635552344507,0.0,450.0
K6_L0_A_POS_MINUS10,H1F3B_K6_L0_A_POS_MINUS10_y,y,-10.0,K6_L0_A,True,False,-1.0038322688968724e-05,-0.004982479372760579,-0.08234930727318916,0.04666459696423354,-1.7700271321193035e-06,-0.0008785455447355762,True,"transverse Cartesian Ex,Ey from authoritative gratingvector; x/y input columns",1,0.008984590065083559,0.043416887494376916,0,-1,"order_n=+1, order_m=0 is physical +x supercell order",10.000000005514977,0.2069376821691142,-0.17364817776172253,0.0,450.0
K6_L0_A_POS_MINUS10,H1F3B_K6_L0_A_POS_MINUS10_y,y,-10.0,K6_L0_A,True,False,0.014876953540215372,0.01627639063073096,-0.32704569642164993,0.2755269335333418,0.0,0.0,True,"transverse Cartesian Ex,Ey from authoritative gratingvector; x/y input columns",1,0.18336022328881044,0.886064932045408,0,0,"order_n=+1, order_m=0 is physical +x supercell order",0.0,0.2069376821691142,0.0,0.0,450.0
K6_L0_A_POS_MINUS10,H1F3B_K6_L0_A_POS_MINUS10_y,y,-10.0,K6_L0_A,True,False,-0.010416907145161412,0.004830972210656049,0.07923536295111401,-0.025513834862801774,0.0018367817862605955,-0.0008518307442709399,True,"transverse Cartesian Ex,Ey from authoritative gratingvector; x/y input columns",1,0.007065148141319362,0.034141428797610486,0,1,"order_n=+1, order_m=0 is physical +x supercell order",10.000000005514977,0.2069376821691142,0.17364817776172253,0.0,450.0
K6_L0_A_POS_MINUS10,H1F3B_K6_L0_A_POS_MINUS10_y,y,-10.0,K6_L0_A,True,False,-0.000827491097552291,-0.01082532198276981,-0.0358825060893189,0.00033321459823348334,0.000306460121733331,0.004009142216097971,True,"transverse Cartesian Ex,Ey from authoritative gratingvector; x/y input columns",1,0.0014217047518807631,0.006870207189809507,0,2,"order_n=+1, order_m=0 is physical +x supercell order",20.32203702808953,0.2069376821691142,0.34729635552344507,0.0,450.0
K6_L0_A_POS_MINUS10,H1F3B_K6_L0_A_POS_MINUS10_y,y,-10.0,K6_L0_A,True,False,0.002012719106242985,0.0014510936394608546,0.007408421866141182,-0.004599052726019584,-0.0012283583033601906,-0.0008855994437853329,True,"transverse Cartesian Ex,Ey from authoritative gratingvector; x/y input columns",1,8.44858619708131e-05,0.0004082671705087009,0,3,"order_n=+1, order_m=0 is physical +x supercell order",31.39563027100863,0.2069376821691142,0.5209445332851677,0.0,450.0
K6_L0_A_POS_MINUS10,H1F3B_K6_L0_A_POS_MINUS10_y,y,-10.0,K6_L0_A,True,False,-0.003498378956062826,0.008079312273525643,0.008650369412918161,0.03473010365139399,0.003377728260908089,-0.007800676181090965,True,"transverse Cartesian Ex,Ey from authoritative gratingvector; x/y input columns",1,0.0014307825298366633,0.006914074395920773,0,4,"order_n=+1, order_m=0 is physical +x supercell order",43.994770425027035,0.2069376821691142,0.6945927110468901,0.0,450.0
K6_L0_A_POS_MINUS10,H1F3B_K6_L0_A_POS_MINUS10_y,y,-10.0,K6_L0_A,True,False,-0.008613024665772328,0.007434759993629597,0.049255919521192806,-0.007905753100769528,0.015072634250923795,-0.013010692814187003,True,"transverse Cartesian Ex,Ey from authoritative gratingvector; x/y input columns",1,0.003014568820791886,0.01456751998569459,0,5,"order_n=+1, order_m=0 is physical +x supercell order",60.25485848366181,0.2069376821691142,0.8682408888086127,0.0,450.0
K6_L0_A_POS_MINUS10,H1F3B_K6_L0_A_POS_MINUS10_y,y,-10.0,K6_L0_A,True,False,-0.007677458131095134,0.003164903124465508,-0.015169810251605768,-0.010012755948422459,-0.01349636647876512,0.0055636503264762625,True,"transverse Cartesian Ex,Ey from authoritative gratingvector; x/y input columns",2,0.0006124445129787976,0.003599968304267532,0,-5,"order_n=+1, order_m=0 is physical +x supercell order",60.36645603081336,0.17012497367068036,-0.8692056009072888,0.0,450.5
K6_L0_A_POS_MINUS10,H1F3B_K6_L0_A_POS_MINUS10_y,y,-10.0,K6_L0_A,True,False,0.00418993840340374,-0.0041476535116691466,0.004423894220321405,0.026154436733863598,0.00405413617344114,-0.0040132217988928165,True,"transverse Cartesian Ex,Ey from authoritative gratingvector; x/y input columns",2,0.0007709259837353583,0.004531527424231549,0,-4,"order_n=+1, order_m=0 is physical +x supercell order",44.05626873153628,0.17012497367068036,-0.6953644807258311,0.0,450.5
K6_L0_A_POS_MINUS10,H1F3B_K6_L0_A_POS_MINUS10_y,y,-10.0,K6_L0_A,True,False,0.0038378129932176257,0.00669134061828933,0.0076920002600721505,0.0018912516558467593,0.0023457833178699575,0.004089942689836186,True,"transverse Cartesian Ex,Ey from authoritative gratingvector; x/y input columns",2,0.00014447687924811335,0.0008492396861602734,0,-3,"order_n=+1, order_m=0 is physical +x supercell order",31.434491089797294,0.17012497367068036,-0.5215233605443733,0.0,450.5
K6_L0_A_POS_MINUS10,H1F3B_K6_L0_A_POS_MINUS10_y,y,-10.0,K6_L0_A,True,False,0.009371006815246512,-0.008744378717298176,-0.015277894883062283,-0.0018816129250889037,0.0034749247734957934,-0.003242560680260211,True,"transverse Cartesian Ex,Ey from authoritative gratingvector; x/y input columns",2,0.00042382376908732083,0.0024912495793106676,0,-2,"order_n=+1, order_m=0 is physical +x supercell order",20.345615946048625,0.17012497367068036,-0.34768224036291556,0.0,450.5
K6_L0_A_POS_MINUS10,H1F3B_K6_L0_A_POS_MINUS10_y,y,-10.0,K6_L0_A,True,False,0.002771895900724838,0.005655119072407529,0.04734951307267723,-0.08975575218445894,0.0004893200156201381,0.0009982925232223155,True,"transverse Cartesian Ex,Ey from authoritative gratingvector; x/y input columns",2,0.01033897123906481,0.06077280140585642,0,-1,"order_n=+1, order_m=0 is physical +x supercell order",10.011225523725704,0.17012497367068036,-0.17384112018145778,0.0,450.5
K6_L0_A_POS_MINUS10,H1F3B_K6_L0_A_POS_MINUS10_y,y,-10.0,K6_L0_A,True,False,-0.02613721922211851,-0.0071768670636834985,0.10956412736065826,-0.36274208906283606,0.0,0.0,True,"transverse Cartesian Ex,Ey from authoritative gratingvector; x/y input columns",2,0.14432078283148794,0.8483221464642638,0,0,"order_n=+1, order_m=0 is physical +x supercell order",0.0,0.17012497367068036,0.0,0.0,450.5
K6_L0_A_POS_MINUS10,H1F3B_K6_L0_A_POS_MINUS10_y,y,-10.0,K6_L0_A,True,False,0.008949159960082682,-0.009977675723668445,-0.05687174377880149,0.06695515313018366,-0.0015797862720276332,0.00176134913280164,True,"transverse Cartesian Ex,Ey from authoritative gratingvector; x/y input columns",2,0.00790262732339873,0.04645189446845265,0,1,"order_n=+1, order_m=0 is physical +x supercell order",10.011225523725704,0.17012497367068036,0.17384112018145778,0.0,450.5
K6_L0_A_POS_MINUS10,H1F3B_K6_L0_A_POS_MINUS10_y,y,-10.0,K6_L0_A,True,False,0.007287149345196225,0.010348839728526705,0.02773304219502804,-0.023632617477692623,-0.002702195856542005,-0.0038375214380471996,True,"transverse Cartesian Ex,Ey from authoritative gratingvector; x/y input columns",2,0.0015098517007786606,0.008874956264218786,0,2,"order_n=+1, order_m=0 is physical +x supercell order",20.345615946048625,0.17012497367068036,0.34768224036291556,0.0,450.5
K6_L0_A_POS_MINUS10,H1F3B_K6_L0_A_POS_MINUS10_y,y,-10.0,K6_L0_A,True,False,-0.0021470712958884335,3.1692388281219664e-05,-0.002820425997516893,0.008460273924794339,0.001312352643829542,-1.9371312741117344e-05,True,"transverse Cartesian Ex,Ey from authoritative gratingvector; x/y input columns",2,8.586460195665094e-05,0.0005047148581657591,0,3,"order_n=+1, order_m=0 is physical +x supercell order",31.434491089797294,0.17012497367068036,0.5215233605443733,0.0,450.5
K6_L0_A_POS_MINUS10,H1F3B_K6_L0_A_POS_MINUS10_y,y,-10.0,K6_L0_A,True,False,-0.001817064440104103,-0.011230890012791192,-0.029262681863486368,-0.024019856537205123,0.001758170638049299,0.010866879910169458,True,"transverse Cartesian Ex,Ey from authoritative gratingvector; x/y input columns",2,0.0016838729145449778,0.009897858487282044,0,4,"order_n=+1, order_m=0 is physical +x supercell order",44.05626873153628,0.17012497367068036,0.6953644807258311,0.0,450.5
K6_L0_A_POS_MINUS10,H1F3B_K6_L0_A_POS_MINUS10_y,y,-10.0,K6_L0_A,True,False,0.004546971977893042,-0.009749113439632834,-0.03459046047538229,0.02571970579899913,-0.007993218476017448,0.01713817328308511,True,"transverse Cartesian Ex,Ey from authoritative gratingvector; x/y input columns",2,0.0023313319143990286,0.013703643057790605,0,5,"order_n=+1, order_m=0 is physical +x supercell order",60.36645603081336,0.17012497367068036,0.8692056009072888,0.0,450.5
K6_L0_A_POS_MINUS10,H1F3B_K6_L0_A_POS_MINUS10_y,y,-10.0,K6_L0_A,True,False,-0.004583049217156933,0.009930966573353442,-0.023214851095844747,-0.00012806278975414033,-0.008093403622253425,0.017537520770313,True,"transverse Cartesian Ex,Ey from authoritative gratingvector; x/y input columns",3,0.0010316419656501746,0.007578103620693569,0,-5,"order_n=+1, order_m=0 is physical +x supercell order",60.47843700161232,0.13613458159018363,-0.870170313005965,0.0,451.0
K6_L0_A_POS_MINUS10,H1F3B_K6_L0_A_POS_MINUS10_y,y,-10.0,K6_L0_A,True,False,0.006034873080458688,-0.004582431939209029,0.01587630037454774,0.024524396948778223,0.005851841791623979,-0.004443451647055641,True,"transverse Cartesian Ex,Ey from authoritative gratingvector; x/y input columns",3,0.0009649096497527536,0.007087909908574847,0,-4,"order_n=+1, order_m=0 is physical +x supercell order",44.11783097413837,0.13613458159018363,-0.696136250404772,0.0,451.0
K6_L0_A_POS_MINUS10,H1F3B_K6_L0_A_POS_MINUS10_y,y,-10.0,K6_L0_A,True,False,0.006445037649440207,0.003963353859356192,0.007618325595141935,-0.0020720715363596446,0.003945404589942354,0.0024262130586045288,True,"transverse Cartesian Ex,Ey from authoritative gratingvector; x/y input columns",3,0.00014103177662664327,0.0010359731890255634,0,-3,"order_n=+1, order_m=0 is physical +x supercell order",31.473368025635747,0.13613458159018363,-0.522102187803579,0.0,451.0
K6_L0_A_POS_MINUS10,H1F3B_K6_L0_A_POS_MINUS10_y,y,-10.0,K6_L0_A,True,False,0.007361146923082171,-0.011016677818596398,-0.016449737455286956,0.007603101619350918,0.0027330823170575525,-0.004090325550263423,True,"transverse Cartesian Ex,Ey from authoritative gratingvector; x/y input columns",3,0.0005281551928229536,0.003879654872800062,0,-2,"order_n=+1, order_m=0 is physical +x supercell order",20.369198462748614,0.13613458159018363,-0.348068125202386,0.0,451.0
K6_L0_A_POS_MINUS10,H1F3B_K6_L0_A_POS_MINUS10_y,y,-10.0,K6_L0_A,True,False,0.009449944112089492,0.006932961776147879,0.011995824341345678,-0.10784947999665472,0.001670098480707895,0.001225269566868401,True,"transverse Cartesian Ex,Ey from authoritative gratingvector; x/y input columns",3,0.011917068054335145,0.087538874510299,0,-1,"order_n=+1, order_m=0 is physical +x supercell order",10.022451430195186,0.13613458159018363,-0.174034062601193,0.0,451.0
K6_L0_A_POS_MINUS10,H1F3B_K6_L0_A_POS_MINUS10_y,y,-10.0,K6_L0_A,True,False,-0.029377331405482644,-0.007862748841496136,-0.028120429884214128,-0.324908392917145,0.0,0.0,True,"transverse Cartesian Ex,Ey from authoritative gratingvector; x/y input columns",3,0.10728107278472689,0.7880515849211872,0,0,"order_n=+1, order_m=0 is physical +x supercell order",0.0,0.13613458159018363,0.0,0.0,451.0
K6_L0_A_POS_MINUS10,H1F3B_K6_L0_A_POS_MINUS10_y,y,-10.0,K6_L0_A,True,False,0.0048221926060441215,-0.011308603143656708,-0.031091345657306868,0.08631928711441891,-0.0008522311295716651,0.0019985812302305336,True,"transverse Cartesian Ex,Ey from authoritative gratingvector; x/y input columns",3,0.00857354977414617,0.0629784855104325,0,1,"order_n=+1, order_m=0 is physical +x supercell order",10.022451430195186,0.13613458159018363,0.174034062601193,0.0,451.0
K6_L0_A_POS_MINUS10,H1F3B_K6_L0_A_POS_MINUS10_y,y,-10.0,K6_L0_A,True,False,0.013595783351632185,0.012863826751325034,0.0133083159622918,-0.034615955159134265,-0.005047908356288164,-0.004776143961139342,True,"transverse Cartesian Ex,Ey from authoritative gratingvector; x/y input columns",3,0.0017739919188750211,0.01303116297235485,0,2,"order_n=+1, order_m=0 is physical +x supercell order",20.369198462748614,0.13613458159018363,0.348068125202386,0.0,451.0
K6_L0_A_POS_MINUS10,H1F3B_K6_L0_A_POS_MINUS10_y,y,-10.0,K6_L0_A,True,False,-0.00289470400196117,0.0008150392492660252,0.0019269558950354671,0.008815584668591484,0.0017720266470210716,-0.0004989357347379727,True,"transverse Cartesian Ex,Ey from authoritative gratingvector; x/y input columns",3,9.386030761248255e-05,0.0006894670444210673,0,3,"order_n=+1, order_m=0 is physical +x supercell order",31.473368025635747,0.13613458159018363,0.522102187803579,0.0,451.0
K6_L0_A_POS_MINUS10,H1F3B_K6_L0_A_POS_MINUS10_y,y,-10.0,K6_L0_A,True,False,-0.005684696513319021,-0.012113406840655415,-0.03869726493402543,-0.00862670285072295,0.005512285707723773,0.01174602008095643,True,"transverse Cartesian Ex,Ey from authoritative gratingvector; x/y input columns",3,0.0019193029966504114,0.014098570504504407,0,4,"order_n=+1, order_m=0 is physical +x supercell order",44.11783097413837,0.13613458159018363,0.696136250404772,0.0,451.0
K6_L0_A_POS_MINUS10,H1F3B_K6_L0_A_POS_MINUS10_y,y,-10.0,K6_L0_A,True,False,0.00022419306950628476,-0.007510030080663924,-0.02756110832591475,0.030296645258798712,-0.0003959121787376061,0.013262284950058463,True,"transverse Cartesian Ex,Ey from authoritative gratingvector; x/y input columns",3,0.0019099971689850097,0.01403021294570707,0,5,"order_n=+1, order_m=0 is physical +x supercell order",60.47843700161232,0.13613458159018363,0.870170313005965,0.0,451.0
K6_L0_A_POS_MINUS10,H1F3B_K6_L0_A_POS_MINUS10_y,y,-10.0,K6_L0_A,True,False,0.008770343785462171,-0.0121292573009528,0.02860019989397892,0.00029382832486981214,0.015559014374797855,-0.021517889528340932,True,"transverse Cartesian Ex,Ey from authoritative gratingvector; x/y input columns",4,0.0017471980799170102,0.01690760352357055,0,-5,"order_n=+1, order_m=0 is physical +x supercell order",60.59080580770663,0.10333800869421124,-0.8711350251046411,0.0,451.5
K6_L0_A_POS_MINUS10,H1F3B_K6_L0_A_POS_MINUS10_y,y,-10.0,K6_L0_A,True,False,-0.00556116556061999,0.0033841480528076454,-0.02077311632127133,-0.025389244487311488,-0.005404119122238449,0.0032885802455097056,True,"transverse Cartesian Ex,Ey from authoritative gratingvector; x/y input columns",4,0.001158534381287994,0.011211115792991784,0,-4,"order_n=+1, order_m=0 is physical +x supercell order",44.179457423955,0.10333800869421124,-0.6969080200837129,0.0,451.5
K6_L0_A_POS_MINUS10,H1F3B_K6_L0_A_POS_MINUS10_y,y,-10.0,K6_L0_A,True,False,-0.008046432320806245,-0.004173821802210296,-0.007213996330670838,0.0034933308161336123,-0.004933228910148229,-0.002558950048859377,True,"transverse Cartesian Ex,Ey from authoritative gratingvector; x/y input columns",4,0.00017729593761228212,0.0017156895110773877,0,-3,"order_n=+1, order_m=0 is physical +x supercell order",31.512261116515088,0.10333800869421124,-0.5226810150627846,0.0,451.5
K6_L0_A_POS_MINUS10,H1F3B_K6_L0_A_POS_MINUS10_y,y,-10.0,K6_L0_A,True,False,-0.004773969639596759,0.009887925112073858,0.017373748913869832,-0.012892067269325277,-0.001774739076913115,0.003675869016936234,True,"transverse Cartesian Ex,Ey from authoritative gratingvector; x/y input columns",4,0.0006052761107615677,0.005857245735716155,0,-2,"order_n=+1, order_m=0 is physical +x supercell order",20.392784583834683,0.10333800869421124,-0.34845401004185644,0.0,451.5
K6_L0_A_POS_MINUS10,H1F3B_K6_L0_A_POS_MINUS10_y,y,-10.0,K6_L0_A,True,False,-0.005347564265224842,-0.009132177985374317,-0.0034855309791279408,0.11533626641620613,-0.0009461611539276186,-0.0016157846136984877,True,"transverse Cartesian Ex,Ey from authoritative gratingvector; x/y input columns",4,0.01343010237621087,0.1299628524481447,0,-1,"order_n=+1, order_m=0 is physical +x supercell order",10.0336777253947,0.10333800869421124,-0.17422700502092822,0.0,451.5
K6_L0_A_POS_MINUS10,H1F3B_K6_L0_A_POS_MINUS10_y,y,-10.0,K6_L0_A,True,False,0.01604189797892395,0.009246593486198768,0.04502014058247384,0.26160271746776814,0.0,0.0,True,"transverse Cartesian Ex,Ey from authoritative gratingvector; x/y input columns",4,0.07080563682645184,0.6851848387747984,0,0,"order_n=+1, order_m=0 is physical +x supercell order",0.0,0.10333800869421124,0.0,0.0,451.5
K6_L0_A_POS_MINUS10,H1F3B_K6_L0_A_POS_MINUS10_y,y,-10.0,K6_L0_A,True,False,-0.004089835522355072,0.009205805857670954,0.02925558320572971,-0.09237374888222297,0.0007236273011939087,-0.001628811821817602,True,"transverse Cartesian Ex,Ey from authoritative gratingvector; x/y input columns",4,0.009493448911774335,0.09186792963919516,0,1,"order_n=+1, order_m=0 is physical +x supercell order",10.0336777253947,0.10333800869421124,0.17422700502092822,0.0,451.5
K6_L0_A_POS_MINUS10,H1F3B_K6_L0_A_POS_MINUS10_y,y,-10.0,K6_L0_A,True,False,-0.010371638255981676,-0.016469821286012626,-0.006357200822199956,0.03826794850952182,0.0038556909855112604,0.006122710790538447,True,"transverse Cartesian Ex,Ey from authoritative gratingvector; x/y input columns",4,0.0019360297191276584,0.01873492380578561,0,2,"order_n=+1, order_m=0 is physical +x supercell order",20.392784583834683,0.10333800869421124,0.34845401004185644,0.0,451.5
K6_L0_A_POS_MINUS10,H1F3B_K6_L0_A_POS_MINUS10_y,y,-10.0,K6_L0_A,True,False,0.0032964260290667736,0.00011505352378737943,-0.004128611332908369,-0.008110725950261669,-0.0020210229252419646,-7.053876142034761e-05,True,"transverse Cartesian Ex,Ey from authoritative gratingvector; x/y input columns",4,9.779847823812861e-05,0.0009463940661709988,0,3,"order_n=+1, order_m=0 is physical +x supercell order",31.512261116515088,0.10333800869421124,0.5226810150627846,0.0,451.5
K6_L0_A_POS_MINUS10,H1F3B_K6_L0_A_POS_MINUS10_y,y,-10.0,K6_L0_A,True,False,0.0072803946110731686,0.00889696942616599,0.04089685648769678,0.003072952300703067,-0.007074797415446118,-0.008645720412710427,True,"transverse Cartesian Ex,Ey from authoritative gratingvector; x/y input columns",4,0.0019389573570050996,0.01876325450341018,0,4,"order_n=+1, order_m=0 is physical +x supercell order",44.179457423955,0.10333800869421124,0.6969080200837129,0.0,451.5
K6_L0_A_POS_MINUS10,H1F3B_K6_L0_A_POS_MINUS10_y,y,-10.0,K6_L0_A,True,False,0.004337899949397511,0.008480283100857867,0.028562950860184642,-0.027488140679466356,-0.007695644471883611,-0.015044432680884899,True,"transverse Cartesian Ex,Ey from authoritative gratingvector; x/y input columns",4,0.0019477305158244452,0.018848152199139025,0,5,"order_n=+1, order_m=0 is physical +x supercell order",60.59080580770663,0.10333800869421124,0.8711350251046411,0.0,451.5
K6_L0_A_POS_MINUS10,H1F3B_K6_L0_A_POS_MINUS10_y,y,-10.0,K6_L0_A,True,False,0.012941076588370716,-0.007031270134607599,0.03395966837321416,0.014447388605103082,0.023064091564055957,-0.012531403943774895,True,"transverse Cartesian Ex,Ey from authoritative gratingvector; x/y input columns",5,0.002267884740974659,0.030153533645185544,0,-5,"order_n=+1, order_m=0 is physical +x supercell order",60.7035669436737,0.07521124282350107,-0.8720997372033175,0.0,452.0
K6_L0_A_POS_MINUS10,H1F3B_K6_L0_A_POS_MINUS10_y,y,-10.0,K6_L0_A,True,False,-0.006948192084412267,0.0006075336473489987,-0.012463247469426317,-0.032319372192494235,-0.006766537281381423,0.0005916501766989314,True,"transverse Cartesian Ex,Ey from authoritative gratingvector; x/y input columns",5,0.001294656903487594,0.017213608695787377,0,-4,"order_n=+1, order_m=0 is physical +x supercell order",44.24114835382224,0.07521124282350107,-0.697679789762654,0.0,452.0
K6_L0_A_POS_MINUS10,H1F3B_K6_L0_A_POS_MINUS10_y,y,-10.0,K6_L0_A,True,False,-0.006394420743066643,-0.007720725066536258,-0.008641898489344784,0.001457316578162602,-0.003926365729687405,-0.0047407562823350066,True,"transverse Cartesian Ex,Ey from authoritative gratingvector; x/y input columns",5,0.0002151955112732919,0.002861214669438361,0,-3,"order_n=+1, order_m=0 is physical +x supercell order",31.551170400535213,0.07521124282350107,-0.5232598423219905,0.0,452.0
K6_L0_A_POS_MINUS10,H1F3B_K6_L0_A_POS_MINUS10_y,y,-10.0,K6_L0_A,True,False,-0.009958179473766598,0.009836462285705278,0.024278406466522316,-0.00900110300292835,-0.0037066536080225536,0.003661347791284226,True,"transverse Cartesian Ex,Ey from authoritative gratingvector; x/y input columns",5,0.0008935269531714556,0.011880231194534355,0,-2,"order_n=+1, order_m=0 is physical +x supercell order",20.416374314958784,0.07521124282350107,-0.348839894881327,0.0,452.0
K6_L0_A_POS_MINUS10,H1F3B_K6_L0_A_POS_MINUS10_y,y,-10.0,K6_L0_A,True,False,0.0009739610779460517,-0.009233565024883211,-0.045274339945824235,0.11403357367342874,0.00017252278007377897,-0.001635589290122639,True,"transverse Cartesian Ex,Ey from authoritative gratingvector; x/y input columns",5,0.015142334021949063,0.20133072468279403,0,-1,"order_n=+1, order_m=0 is physical +x supercell order",10.044904409795663,0.07521124282350107,-0.1744199474406635,0.0,452.0
K6_L0_A_POS_MINUS10,H1F3B_K6_L0_A_POS_MINUS10_y,y,-10.0,K6_L0_A,True,False,0.011611146296764728,0.011570838277501242,-0.031106018845259573,0.1925878805382337,0.0,0.0,True,"transverse Cartesian Ex,Ey from authoritative gratingvector; x/y input columns",5,0.03832637915537957,0.509583111733979,0,0,"order_n=+1, order_m=0 is physical +x supercell order",0.0,0.07521124282350107,0.0,0.0,452.0
K6_L0_A_POS_MINUS10,H1F3B_K6_L0_A_POS_MINUS10_y,y,-10.0,K6_L0_A,True,False,-0.00939020786703684,0.006940131141530694,0.06478475526634406,-0.08046370799647402,0.0016633362496459012,-0.0012293414446689066,True,"transverse Cartesian Ex,Ey from authoritative gratingvector; x/y input columns",5,0.010812092211376698,0.14375632957893725,0,1,"order_n=+1, order_m=0 is physical +x supercell order",10.044904409795663,0.07521124282350107,0.1744199474406635,0.0,452.0
K6_L0_A_POS_MINUS10,H1F3B_K6_L0_A_POS_MINUS10_y,y,-10.0,K6_L0_A,True,False,-0.0018683765971021999,-0.02025091290863554,-0.016112867854989,0.037771561866012354,0.0006954508977306359,0.007537835564852741,True,"transverse Cartesian Ex,Ey from authoritative gratingvector; x/y input columns",5,0.0021572083180059908,0.028681992705111015,0,2,"order_n=+1, order_m=0 is physical +x supercell order",20.416374314958784,0.07521124282350107,0.348839894881327,0.0,452.0
K6_L0_A_POS_MINUS10,H1F3B_K6_L0_A_POS_MINUS10_y,y,-10.0,K6_L0_A,True,False,0.0023544391659257656,0.0013642243037480057,-0.002063977542719479,-0.00921401295159071,-0.0014456961193472062,-0.0008376745555335451,True,"transverse Cartesian Ex,Ey from authoritative gratingvector; x/y input columns",5,9.935426563639749e-05,0.0013210028435449881,0,3,"order_n=+1, order_m=0 is physical +x supercell order",31.551170400535213,0.07521124282350107,0.5232598423219905,0.0,452.0
K6_L0_A_POS_MINUS10,H1F3B_K6_L0_A_POS_MINUS10_y,y,-10.0,K6_L0_A,True,False,0.005690714962474678,0.012394702326000671,0.039864709916526735,0.016548257315463045,-0.005541935871014017,-0.012070652964339129,True,"transverse Cartesian Ex,Ey from authoritative gratingvector; x/y input columns",5,0.0022254665156258417,0.029589545818945774,0,4,"order_n=+1, order_m=0 is physical +x supercell order",44.24114835382224,0.07521124282350107,0.697679789762654,0.0,452.0
K6_L0_A_POS_MINUS10,H1F3B_K6_L0_A_POS_MINUS10_y,y,-10.0,K6_L0_A,True,False,-6.472038824180794e-06,0.010389502768719484,0.03520971979340628,-0.009306679660596328,1.1534720085125808e-05,-0.018516577158510416,True,"transverse Cartesian Ex,Ey from authoritative gratingvector; x/y input columns",5,0.0017771442266204967,0.023628704431742177,0,5,"order_n=+1, order_m=0 is physical +x supercell order",60.7035669436737,0.07521124282350107,0.8720997372033175,0.0,452.0
K6_L0_A_POS_MINUS10,H1F3B_K6_L0_A_POS_MINUS10_y,y,-10.0,K6_L0_A,True,False,-0.013304254777977195,-0.006503505150065501,-0.014201284626188183,-0.04265222508690408,-0.023821486635641546,-0.011644632758653928,True,"transverse Cartesian Ex,Ey from authoritative gratingvector; x/y input columns",6,0.002943248261948161,0.05183181652389864,0,-5,"order_n=+1, order_m=0 is physical +x supercell order",60.816724989217754,0.05678458636677506,-0.8730644493019938,0.0,452.5
K6_L0_A_POS_MINUS10,H1F3B_K6_L0_A_POS_MINUS10_y,y,-10.0,K6_L0_A,True,False,0.005243431090651873,0.00764836399200065,-0.018391986562096986,0.031515438512777376,0.005117368956097974,0.007464482660481727,True,"transverse Cartesian Ex,Ey from authoritative gratingvector; x/y input columns",6,0.0014993850421310215,0.02640478936390244,0,-4,"order_n=+1, order_m=0 is physical +x supercell order",44.30290403830596,0.05678458636677506,-0.698451559441595,0.0,452.5
K6_L0_A_POS_MINUS10,H1F3B_K6_L0_A_POS_MINUS10_y,y,-10.0,K6_L0_A,True,False,-0.0023776343427524918,0.0105436424073946,0.007576813666080294,0.005688247889872385,-0.0014621639203190907,0.006483979996264522,True,"transverse Cartesian Ex,Ey from authoritative gratingvector; x/y input columns",6,0.000250765729591826,0.004416087985076003,0,-3,"order_n=+1, order_m=0 is physical +x supercell order",31.59009591590528,0.05678458636677506,-0.5238386695811963,0.0,452.5
K6_L0_A_POS_MINUS10,H1F3B_K6_L0_A_POS_MINUS10_y,y,-10.0,K6_L0_A,True,False,0.017618778501331058,0.001387045363392386,-0.0270183062901202,-0.0146905304539166,0.006566358739844805,0.0005169392102741247,True,"transverse Cartesian Ex,Ey from authoritative gratingvector; x/y input columns",6,0.0013015301037707283,0.02292048224784217,0,-2,"order_n=+1, order_m=0 is physical +x supercell order",20.43996766177964,0.05678458636677506,-0.3492257797207975,0.0,452.5
K6_L0_A_POS_MINUS10,H1F3B_K6_L0_A_POS_MINUS10_y,y,-10.0,K6_L0_A,True,False,-0.007380482983814437,0.004672519218838365,0.12429278075800042,-0.03854233121473997,-0.001308834882024226,0.0008286119152304516,True,"transverse Cartesian Ex,Ey from authoritative gratingvector; x/y input columns",6,0.017012910255402327,0.29960437055074973,0,-1,"order_n=+1, order_m=0 is physical +x supercell order",10.056131483869633,0.05678458636677506,-0.17461288986039875,0.0,452.5
K6_L0_A_POS_MINUS10,H1F3B_K6_L0_A_POS_MINUS10_y,y,-10.0,K6_L0_A,True,False,0.0014305835628651438,-0.014582320578369631,0.1002793420470319,-0.06584006449160734,0.0,0.0,True,"transverse Cartesian Ex,Ey from authoritative gratingvector; x/y input columns",6,0.014605551176425315,0.25720978369177827,0,0,"order_n=+1, order_m=0 is physical +x supercell order",0.0,0.05678458636677506,0.0,0.0,452.5
K6_L0_A_POS_MINUS10,H1F3B_K6_L0_A_POS_MINUS10_y,y,-10.0,K6_L0_A,True,False,0.011939009649647968,0.0033827787474109356,-0.10872165944540316,-0.0010283354636059247,-0.0021172316663491644,-0.0005998928298447752,True,"transverse Cartesian Ex,Ey from authoritative gratingvector; x/y input columns",6,0.011980282391192542,0.21097771697782874,0,1,"order_n=+1, order_m=0 is physical +x supercell order",10.056131483869633,0.05678458636677506,0.17461288986039875,0.0,452.5
K6_L0_A_POS_MINUS10,H1F3B_K6_L0_A_POS_MINUS10_y,y,-10.0,K6_L0_A,True,False,-0.018717119175908445,0.015074888960037645,0.04040363357345175,-0.01579874887790508,0.00697570033451287,-0.0056182742105223065,True,"transverse Cartesian Ex,Ey from authoritative gratingvector; x/y input columns",6,0.002539862299709031,0.04472802325800011,0,2,"order_n=+1, order_m=0 is physical +x supercell order",20.43996766177964,0.05678458636677506,0.3492257797207975,0.0,452.5
K6_L0_A_POS_MINUS10,H1F3B_K6_L0_A_POS_MINUS10_y,y,-10.0,K6_L0_A,True,False,0.00018615186852569314,-0.002622677059024061,-0.005553404594794131,0.00851347346201752,-0.00011447704172339383,0.0016128568221782113,True,"transverse Cartesian Ex,Ey from authoritative gratingvector; x/y input columns",6,0.00011284703257797237,0.0019872828138447042,0,3,"order_n=+1, order_m=0 is physical +x supercell order",31.59009591590528,0.05678458636677506,0.5238386695811963,0.0,452.5
K6_L0_A_POS_MINUS10,H1F3B_K6_L0_A_POS_MINUS10_y,y,-10.0,K6_L0_A,True,False,0.007096788830453343,-0.015894097376951414,-0.014902516083944668,-0.04338353924846916,-0.00692616842313261,0.015511972808609479,True,"transverse Cartesian Ex,Ey from authoritative gratingvector; x/y input columns",6,0.002695796315928393,0.04747408563507151,0,4,"order_n=+1, order_m=0 is physical +x supercell order",44.30290403830596,0.05678458636677506,0.698451559441595,0.0,452.5
K6_L0_A_POS_MINUS10,H1F3B_K6_L0_A_POS_MINUS10_y,y,-10.0,K6_L0_A,True,False,0.009409270875473691,-0.0061152491060770964,-0.023249410141699123,-0.02778875290904634,-0.016847454002628992,0.01094945393673399,True,"transverse Cartesian Ex,Ey from authoritative gratingvector; x/y input columns",6,0.0018424077580977464,0.032445560952007714,0,5,"order_n=+1, order_m=0 is physical +x supercell order",60.816724989217754,0.05678458636677506,0.8730644493019938,0.0,452.5
K6_L0_A_POS_MINUS10,H1F3B_K6_L0_A_POS_MINUS10_y,y,-10.0,K6_L0_A,True,False,0.007134609510836192,-0.013957619417963127,0.047959134176814446,-0.016993794111079093,0.012834322520724428,-0.025108114040381387,True,"transverse Cartesian Ex,Ey from authoritative gratingvector; x/y input columns",7,0.0036297226071990265,0.0725984957901955,0,-5,"order_n=+1, order_m=0 is physical +x supercell order",60.93028461144274,0.04999721506198512,-0.8740291614006699,0.0,453.0
K6_L0_A_POS_MINUS10,H1F3B_K6_L0_A_POS_MINUS10_y,y,-10.0,K6_L0_A,True,False,-0.010333434572097155,0.0062165659253054645,-0.03483062799808334,-0.01860882305732902,-0.010106791322107615,0.006080217967106749,True,"transverse Cartesian Ex,Ey from authoritative gratingvector; x/y input columns",7,0.0018440027856354865,0.03688211000051392,0,-4,"order_n=+1, order_m=0 is physical +x supercell order",44.36472475371748,0.04999721506198512,-0.699223329120536,0.0,453.0
K6_L0_A_POS_MINUS10,H1F3B_K6_L0_A_POS_MINUS10_y,y,-10.0,K6_L0_A,True,False,-0.01129060861050652,-0.002744653072312526,-0.005268139032650484,0.008336601050133919,-0.006953919027906974,-0.0016904398941609549,True,"transverse Cartesian Ex,Ey from authoritative gratingvector; x/y input columns",7,0.0002834777461018857,0.005669870726808244,0,-3,"order_n=+1, order_m=0 is physical +x supercell order",31.629037700944195,0.04999721506198512,-0.524417496840402,0.0,453.0
K6_L0_A_POS_MINUS10,H1F3B_K6_L0_A_POS_MINUS10_y,y,-10.0,K6_L0_A,True,False,-0.0016975450914256966,0.01992988382324451,0.01516136749544809,-0.03237772332029065,-0.0006334559938808082,0.007437036240715959,True,"transverse Cartesian Ex,Ey from authoritative gratingvector; x/y input columns",7,0.001733976734824677,0.03468146641117794,0,-2,"order_n=+1, order_m=0 is physical +x supercell order",20.463564629962768,0.04999721506198512,-0.349611664560268,0.0,453.0
K6_L0_A_POS_MINUS10,H1F3B_K6_L0_A_POS_MINUS10_y,y,-10.0,K6_L0_A,True,False,-0.0028391913581302716,-0.004879363666102942,0.043930891802060855,0.13022147754635865,-0.0005040683868408022,-0.0008662793949900722,True,"transverse Cartesian Ex,Ey from authoritative gratingvector; x/y input columns",7,0.018920430191164135,0.37842968188742365,0,-1,"order_n=+1, order_m=0 is physical +x supercell order",10.06735894808831,0.04999721506198512,-0.174805832280134,0.0,453.0
K6_L0_A_POS_MINUS10,H1F3B_K6_L0_A_POS_MINUS10_y,y,-10.0,K6_L0_A,True,False,0.009995167804990294,0.004250378641238906,0.04037330297186279,0.022278726656707333,0.0,0.0,True,"transverse Cartesian Ex,Ey from authoritative gratingvector; x/y input columns",7,0.0022443143523459214,0.04488878729672212,0,0,"order_n=+1, order_m=0 is physical +x supercell order",0.0,0.04999721506198512,0.0,0.0,453.0
K6_L0_A_POS_MINUS10,H1F3B_K6_L0_A_POS_MINUS10_y,y,-10.0,K6_L0_A,True,False,-0.004661009939790605,0.00988323546560792,0.0005789939061095119,-0.11337009219844284,0.0008275130010773276,-0.0017546638917630172,True,"transverse Cartesian Ex,Ey from authoritative gratingvector; x/y input columns",7,0.01297628001909423,0.2595400564412759,0,1,"order_n=+1, order_m=0 is physical +x supercell order",10.06735894808831,0.04999721506198512,0.174805832280134,0.0,453.0
K6_L0_A_POS_MINUS10,H1F3B_K6_L0_A_POS_MINUS10_y,y,-10.0,K6_L0_A,True,False,-0.016622951965281248,-0.023189682237922178,0.021167824645834894,0.041056735236605274,0.006203021416978405,0.008653462746881082,True,"transverse Cartesian Ex,Ey from authoritative gratingvector; x/y input columns",7,0.003061176095072524,0.061226932165668935,0,2,"order_n=+1, order_m=0 is physical +x supercell order",20.463564629962768,0.04999721506198512,0.349611664560268,0.0,453.0
K6_L0_A_POS_MINUS10,H1F3B_K6_L0_A_POS_MINUS10_y,y,-10.0,K6_L0_A,True,False,0.0028591712780979745,0.00029265538477069714,-0.009670273719361473,-0.004588984492893557,-0.0017609719936894207,-0.00018024731163585064,True,"transverse Cartesian Ex,Ey from authoritative gratingvector; x/y input columns",7,0.0001259669915110369,0.0025194801621423635,0,3,"order_n=+1, order_m=0 is physical +x supercell order",31.629037700944195,0.04999721506198512,0.524417496840402,0.0,453.0
K6_L0_A_POS_MINUS10,H1F3B_K6_L0_A_POS_MINUS10_y,y,-10.0,K6_L0_A,True,False,0.020133704946315903,0.00715706089135161,0.043560795642569095,-0.018183128802808552,-0.019692112338211994,-0.007000085054375874,True,"transverse Cartesian Ex,Ey from authoritative gratingvector; x/y input columns",7,0.0031215391646502717,0.06243426080393231,0,4,"order_n=+1, order_m=0 is physical +x supercell order",44.36472475371748,0.04999721506198512,0.699223329120536,0.0,453.0
K6_L0_A_POS_MINUS10,H1F3B_K6_L0_A_POS_MINUS10_y,y,-10.0,K6_L0_A,True,False,0.006757524080962975,0.00968134993989389,0.03276746908686647,-0.019802958121694355,-0.012155990228325201,-0.017415608713535816,True,"transverse Cartesian Ex,Ey from authoritative gratingvector; x/y input columns",7,0.002056328374385932,0.04112885831413919,0,5,"order_n=+1, order_m=0 is physical +x supercell order",60.93028461144274,0.04999721506198512,0.8740291614006699,0.0,453.0
K6_L0_A_POS_MINUS10,H1F3B_K6_L0_A_POS_MINUS10_y,y,-10.0,K6_L0_A,True,False,-0.00497569822301141,-0.015547979530729433,0.025890779277107458,-0.05353268305787311,-0.008992769649622631,-0.028100457899610236,True,"transverse Cartesian Ex,Ey from authoritative gratingvector; x/y input columns",8,0.004673083487383992,0.07964387514280905,0,-5,"order_n=+1, order_m=0 is physical +x supercell order",61.04425056720387,0.05867473774982331,-0.8749938734993462,0.0,453.5
K6_L0_A_POS_MINUS10,H1F3B_K6_L0_A_POS_MINUS10_y,y,-10.0,K6_L0_A,True,False,-0.005418591707260119,0.013978527763835374,-0.03791421342359893,0.015638987334658124,-0.0053112093187316686,0.01370150971551468,True,"transverse Cartesian Ex,Ey from authoritative gratingvector; x/y input columns",8,0.0021227661918298353,0.03617853736101662,0,-4,"order_n=+1, order_m=0 is physical +x supercell order",44.42661077812934,0.05867473774982331,-0.699995098799477,0.0,453.5
K6_L0_A_POS_MINUS10,H1F3B_K6_L0_A_POS_MINUS10_y,y,-10.0,K6_L0_A,True,False,-0.011163244778225358,0.00649839373290896,0.002880535273481223,0.009805319211390126,-0.006885949392829757,0.0040084770394694085,True,"transverse Cartesian Ex,Ey from authoritative gratingvector; x/y input columns",8,0.0003347731106020778,0.00570557489373842,0,-3,"order_n=+1, order_m=0 is physical +x supercell order",31.66799579408111,0.05867473774982331,-0.5249963240996077,0.0,453.5
K6_L0_A_POS_MINUS10,H1F3B_K6_L0_A_POS_MINUS10_y,y,-10.0,K6_L0_A,True,False,0.013791408767616154,0.020090203415748985,-0.01569683761591839,-0.03613523043438009,0.005152875474204373,0.007506290198277092,True,"transverse Cartesian Ex,Ey from authoritative gratingvector; x/y input columns",8,0.002228861336961318,0.03798672857243456,0,-2,"order_n=+1, order_m=0 is physical +x supercell order",20.487165225180483,0.05867473774982331,-0.3499975493997385,0.0,453.5
K6_L0_A_POS_MINUS10,H1F3B_K6_L0_A_POS_MINUS10_y,y,-10.0,K6_L0_A,True,False,-0.002007263096399798,-0.0019353962292477864,0.13215220940793518,0.05800580321968133,-0.00035677408777457046,-0.0003440003582045091,True,"transverse Cartesian Ex,Ey from authoritative gratingvector; x/y input columns",8,0.020836900146257647,0.3551255778100243,0,-1,"order_n=+1, order_m=0 is physical +x supercell order",10.078586802923537,0.05867473774982331,-0.17499877469986924,0.0,453.5
K6_L0_A_POS_MINUS10,H1F3B_K6_L0_A_POS_MINUS10_y,y,-10.0,K6_L0_A,True,False,0.006465973588741799,0.0011559575541234858,-0.03690904194054134,-0.055385480505777476,0.0,0.0,True,"transverse Cartesian Ex,Ey from authoritative gratingvector; x/y input columns",8,0.004472973880141737,0.07623338512757488,0,0,"order_n=+1, order_m=0 is physical +x supercell order",0.0,0.05867473774982331,0.0,0.0,453.5
K6_L0_A_POS_MINUS10,H1F3B_K6_L0_A_POS_MINUS10_y,y,-10.0,K6_L0_A,True,False,0.0010524310056026782,0.01029204564161421,-0.08589112473725886,-0.08223775282808612,-0.00018706073590603345,-0.001829324318126055,True,"transverse Cartesian Ex,Ey from authoritative gratingvector; x/y input columns",8,0.014250748532535175,0.24287707246851883,0,1,"order_n=+1, order_m=0 is physical +x supercell order",10.078586802923537,0.05867473774982331,0.17499877469986924,0.0,453.5
K6_L0_A_POS_MINUS10,H1F3B_K6_L0_A_POS_MINUS10_y,y,-10.0,K6_L0_A,True,False,-0.033108231213386595,-0.009189978847871044,0.049031060283646295,0.00878583981053176,0.012370207822013252,0.003433646077175693,True,"transverse Cartesian Ex,Ey from authoritative gratingvector; x/y input columns",8,0.003826658505961366,0.0652181612174805,0,2,"order_n=+1, order_m=0 is physical +x supercell order",20.487165225180483,0.05867473774982331,0.3499975493997385,0.0,453.5
K6_L0_A_POS_MINUS10,H1F3B_K6_L0_A_POS_MINUS10_y,y,-10.0,K6_L0_A,True,False,0.0020616698144599295,-0.0016337066784183531,-0.009650997595716236,0.004812187960793393,-0.0012717228985954954,0.0010077376008326808,True,"transverse Cartesian Ex,Ey from authoritative gratingvector; x/y input columns",8,0.0001258512017004335,0.0021448958534256504,0,3,"order_n=+1, order_m=0 is physical +x supercell order",31.66799579408111,0.05867473774982331,0.5249963240996077,0.0,453.5
K6_L0_A_POS_MINUS10,H1F3B_K6_L0_A_POS_MINUS10_y,y,-10.0,K6_L0_A,True,False,0.023260671712950893,-0.012083374894314939,0.016385026231664747,-0.04576563680884901,-0.02279970572358392,0.011843913844703518,True,"transverse Cartesian Ex,Ey from authoritative gratingvector; x/y input columns",8,0.0037101342707488347,0.06323222587833394,0,4,"order_n=+1, order_m=0 is physical +x supercell order",44.42661077812934,0.05867473774982331,0.699995098799477,0.0,453.5
K6_L0_A_POS_MINUS10,H1F3B_K6_L0_A_POS_MINUS10_y,y,-10.0,K6_L0_A,True,False,0.011918642794823965,0.0015924822540384139,0.014178598256388111,-0.03569404891092947,-0.02154101884521396,-0.002878154067995703,True,"transverse Cartesian Ex,Ey from authoritative gratingvector; x/y input columns",8,0.002091987085700897,0.03565396567464328,0,5,"order_n=+1, order_m=0 is physical +x supercell order",61.04425056720387,0.05867473774982331,0.8749938734993462,0.0,453.5
K6_L0_A_POS_MINUS10,H1F3B_K6_L0_A_POS_MINUS10_y,y,-10.0,K6_L0_A,True,False,0.0026970343140802168,0.016382368258817896,-0.03397144279493361,0.06068321346625087,0.004897507024067022,0.029748514210422853,True,"transverse Cartesian Ex,Ey from authoritative gratingvector; x/y input columns",9,0.006021126978797386,0.06878655610661288,0,-5,"order_n=+1, order_m=0 is physical +x supercell order",61.1586277055407,0.08753348502380594,-0.8759585855980222,0.0,454.0
K6_L0_A_POS_MINUS10,H1F3B_K6_L0_A_POS_MINUS10_y,y,-10.0,K6_L0_A,True,False,0.011905940659297452,-0.016630289502233955,0.03657697289078105,-0.013657741514107622,0.01169526433129777,-0.016336015540506597,True,"transverse Cartesian Ex,Ey from authoritative gratingvector; x/y input columns",9,0.0023463714125485347,0.02680541522950225,0,-4,"order_n=+1, order_m=0 is physical +x supercell order",44.48856239139124,0.08753348502380594,-0.7007668684784177,0.0,454.0
K6_L0_A_POS_MINUS10,H1F3B_K6_L0_A_POS_MINUS10_y,y,-10.0,K6_L0_A,True,False,0.013790074820690525,-0.005889383215425137,-0.002447015113994173,-0.010070340228655984,0.008519241499196549,-0.0036383470391503706,True,"transverse Cartesian Ex,Ey from authoritative gratingvector; x/y input columns",9,0.0004180656784063039,0.004776065734074283,0,-3,"order_n=+1, order_m=0 is physical +x supercell order",31.70697023385587,0.08753348502380594,-0.5255751513588133,0.0,454.0
K6_L0_A_POS_MINUS10,H1F3B_K6_L0_A_POS_MINUS10_y,y,-10.0,K6_L0_A,True,False,-0.014921562340491322,-0.03223129687389866,0.011671660918211162,0.038867404035710935,-0.005582140538025877,-0.012057693743282133,True,"transverse Cartesian Ex,Ey from authoritative gratingvector; x/y input columns",9,0.003084960557312511,0.03524320500290276,0,-2,"order_n=+1, order_m=0 is physical +x supercell order",20.51076945311192,0.08753348502380594,-0.35038343423920887,0.0,454.0
K6_L0_A_POS_MINUS10,H1F3B_K6_L0_A_POS_MINUS10_y,y,-10.0,K6_L0_A,True,False,0.0007873526971889651,-0.0006617124093897731,-0.13451138467322035,-0.06678957906795464,0.00014010447955670245,-0.0001177475775021262,True,"transverse Cartesian Ex,Ey from authoritative gratingvector; x/y input columns",9,0.022555251760121332,0.2576756969517108,0,-1,"order_n=+1, order_m=0 is physical +x supercell order",10.089815048847298,0.08753348502380594,-0.17519171711960443,0.0,454.0
K6_L0_A_POS_MINUS10,H1F3B_K6_L0_A_POS_MINUS10_y,y,-10.0,K6_L0_A,True,False,0.000803626783824208,-0.0004709742920761922,0.11469214458890302,0.10812487321218847,0.0,0.0,True,"transverse Cartesian Ex,Ey from authoritative gratingvector; x/y input columns",9,0.02484614387034514,0.2838473055606993,0,0,"order_n=+1, order_m=0 is physical +x supercell order",0.0,0.08753348502380594,0.0,0.0,454.0
K6_L0_A_POS_MINUS10,H1F3B_K6_L0_A_POS_MINUS10_y,y,-10.0,K6_L0_A,True,False,-0.0010174605937631662,-0.009002313148989733,0.08466848375576466,0.08957366549281388,0.0001810507380841924,0.001601905223730962,True,"transverse Cartesian Ex,Ey from authoritative gratingvector; x/y input columns",9,0.01527686943912661,0.174526004933676,0,1,"order_n=+1, order_m=0 is physical +x supercell order",10.089815048847298,0.08753348502380594,0.17519171711960443,0.0,454.0
K6_L0_A_POS_MINUS10,H1F3B_K6_L0_A_POS_MINUS10_y,y,-10.0,K6_L0_A,True,False,0.04309669520601341,0.02107819814448555,-0.05266743615703921,-0.004584358179835554,-0.016122427657029897,-0.00788533141811747,True,"transverse Cartesian Ex,Ey from authoritative gratingvector; x/y input columns",9,0.005418601871104753,0.06190318904395375,0,2,"order_n=+1, order_m=0 is physical +x supercell order",20.51076945311192,0.08753348502380594,0.35038343423920887,0.0,454.0
K6_L0_A_POS_MINUS10,H1F3B_K6_L0_A_POS_MINUS10_y,y,-10.0,K6_L0_A,True,False,-0.0023833530453891065,0.0006824188946194659,0.009530306454231266,-0.004702334795085407,0.0014723894130763415,-0.0004215851938783662,True,"transverse Cartesian Ex,Ey from authoritative gratingvector; x/y input columns",9,0.00012143042558276901,0.0013872454129953164,0,3,"order_n=+1, order_m=0 is physical +x supercell order",31.70697023385587,0.08753348502380594,0.5255751513588133,0.0,454.0
K6_L0_A_POS_MINUS10,H1F3B_K6_L0_A_POS_MINUS10_y,y,-10.0,K6_L0_A,True,False,-0.03258151037854762,0.01167910684115144,-0.018605500953715166,0.048311593707905554,0.03200497861481205,-0.011472444351053419,True,"transverse Cartesian Ex,Ey from authoritative gratingvector; x/y input columns",9,0.005034066743013466,0.05751018300761568,0,4,"order_n=+1, order_m=0 is physical +x supercell order",44.48856239139124,0.08753348502380594,0.7007668684784177,0.0,454.0
K6_L0_A_POS_MINUS10,H1F3B_K6_L0_A_POS_MINUS10_y,y,-10.0,K6_L0_A,True,False,-0.0128640666416224,-0.0039362061810541684,-0.024674583897724735,0.03200029695864527,0.023359679336114752,0.007147701947745955,True,"transverse Cartesian Ex,Ey from authoritative gratingvector; x/y input columns",9,0.0024105962874471283,0.02753913301625696,0,5,"order_n=+1, order_m=0 is physical +x supercell order",61.1586277055407,0.08753348502380594,0.8759585855980222,0.0,454.0
K6_L1_C_POS_PLUS10,H1F3B_K6_L1_C_POS_PLUS10_x,x,10.0,K6_L1_C,True,False,0.0441185422599093,0.02700264105451427,0.001976087940447367,-0.010583300966204441,0.07720663494789941,0.047254123634531235,True,"transverse Cartesian Ex,Ey from authoritative gratingvector; x/y input columns",1,0.010985316258393753,0.011864401369500073,0,-5,"order_n=+1, order_m=0 is physical +x supercell order",60.25485848366181,0.9259056497054969,-0.8682408888086127,0.0,450.0
K6_L1_C_POS_PLUS10,H1F3B_K6_L1_C_POS_PLUS10_x,x,10.0,K6_L1_C,True,False,-0.05444278520293263,-0.07962791909629578,0.004843996761166718,0.0019536403338273156,-0.05256518418732216,-0.07688174324932424,True,"transverse Cartesian Ex,Ey from authoritative gratingvector; x/y input columns",1,0.01800580440913715,0.019446694611772012,0,-4,"order_n=+1, order_m=0 is physical +x supercell order",43.994770425027035,0.9259056497054969,-0.6945927110468901,0.0,450.0
K6_L1_C_POS_PLUS10,H1F3B_K6_L1_C_POS_PLUS10_x,x,10.0,K6_L1_C,True,False,0.050668708343204256,-0.0028534263396141194,0.0005181973223196533,0.007964263857620828,0.030923007796199095,-0.0017414401872670132,True,"transverse Cartesian Ex,Ey from authoritative gratingvector; x/y input columns",1,0.003598423099392584,0.0038863820525742933,0,-3,"order_n=+1, order_m=0 is physical +x supercell order",31.39563027100863,0.9259056497054969,-0.5209445332851677,0.0,450.0
K6_L1_C_POS_PLUS10,H1F3B_K6_L1_C_POS_PLUS10_x,x,10.0,K6_L1_C,True,False,-0.0917569149582936,0.07363087167887938,0.002019461518523769,-0.0004674426726966986,-0.0339820396994864,0.027269085993538073,True,"transverse Cartesian Ex,Ey from authoritative gratingvector; x/y input columns",1,0.015743515507392628,0.017003369093168588,0,-2,"order_n=+1, order_m=0 is physical +x supercell order",20.32203702808953,0.9259056497054969,-0.34729635552344507,0.0,450.0
K6_L1_C_POS_PLUS10,H1F3B_K6_L1_C_POS_PLUS10_x,x,10.0,K6_L1_C,True,False,-0.029916103437291116,-0.07837474999590645,0.012694842730691665,0.010725341257826631,-0.0052750161966287614,-0.013819583038337432,True,"transverse Cartesian Ex,Ey from authoritative gratingvector; x/y input columns",1,0.007532573330073573,0.008135357347122205,0,-1,"order_n=+1, order_m=0 is physical +x supercell order",10.000000005514977,0.9259056497054969,-0.17364817776172253,0.0,450.0
K6_L1_C_POS_PLUS10,H1F3B_K6_L1_C_POS_PLUS10_x,x,10.0,K6_L1_C,True,False,-0.04254709364458803,0.9179708152176669,-0.0070265189588878665,-0.00042519276651180603,0.0,0.0,True,"transverse Cartesian Ex,Ey from authoritative gratingvector; x/y input columns",1,0.8445302255265574,0.9121126173008852,0,0,"order_n=+1, order_m=0 is physical +x supercell order",0.0,0.9259056497054969,0.0,0.0,450.0
K6_L1_C_POS_PLUS10,H1F3B_K6_L1_C_POS_PLUS10_x,x,10.0,K6_L1_C,True,False,0.007169805815862512,0.07793396453868631,0.002729579666077386,-0.006321845010881924,-0.0012642302124886116,-0.013741860669481859,True,"transverse Cartesian Ex,Ey from authoritative gratingvector; x/y input columns",1,0.006362962286339091,0.006872149757767392,0,1,"order_n=+1, order_m=0 is physical +x supercell order",10.000000005514977,0.9259056497054969,0.17364817776172253,0.0,450.0
K6_L1_C_POS_PLUS10,H1F3B_K6_L1_C_POS_PLUS10_x,x,10.0,K6_L1_C,True,False,-0.0485316252528921,-0.03790214006583263,0.0046427823342956856,-0.007445239838886341,0.017973616667190596,0.014037002322909952,True,"transverse Cartesian Ex,Ey from authoritative gratingvector; x/y input columns",1,0.004388966225631829,0.004740187325812116,0,2,"order_n=+1, order_m=0 is physical +x supercell order",20.32203702808953,0.9259056497054969,0.34729635552344507,0.0,450.0
K6_L1_C_POS_PLUS10,H1F3B_K6_L1_C_POS_PLUS10_x,x,10.0,K6_L1_C,True,False,-0.020830731488094664,-0.03978146285584574,-0.0012524256167393713,0.0010531376764678902,0.012712952298758871,0.02427854441646751,True,"transverse Cartesian Ex,Ey from authoritative gratingvector; x/y input columns",1,0.002770228705304098,0.002991912519580397,0,3,"order_n=+1, order_m=0 is physical +x supercell order",31.39563027100863,0.9259056497054969,0.5209445332851677,0.0,450.0
K6_L1_C_POS_PLUS10,H1F3B_K6_L1_C_POS_PLUS10_x,x,10.0,K6_L1_C,True,False,0.07119858598257953,-0.027532981313811874,0.001475371098736187,0.0003187032619155775,-0.06874311760687785,0.026583434859035485,True,"transverse Cartesian Ex,Ey from authoritative gratingvector; x/y input columns",1,0.01126187722481125,0.01216309375409181,0,4,"order_n=+1, order_m=0 is physical +x supercell order",43.994770425027035,0.9259056497054969,0.6945927110468901,0.0,450.0
K6_L1_C_POS_PLUS10,H1F3B_K6_L1_C_POS_PLUS10_x,x,10.0,K6_L1_C,True,False,0.01051156472340659,0.005033806481398932,-0.0079157652624418,-0.010549324587865182,-0.018395044322866035,-0.008809068466455182,True,"transverse Cartesian Ex,Ey from authoritative gratingvector; x/y input columns",1,0.0007257571324636581,0.0007838348677259933,0,5,"order_n=+1, order_m=0 is physical +x supercell order",60.25485848366181,0.9259056497054969,0.8682408888086127,0.0,450.0
K6_L1_C_POS_PLUS10,H1F3B_K6_L1_C_POS_PLUS10_x,x,10.0,K6_L1_C,True,False,-0.06140953546853467,-0.004914708681370907,0.0011715550199983033,0.010472999850105818,-0.10795312482620417,-0.008639670626336408,True,"transverse Cartesian Ex,Ey from authoritative gratingvector; x/y input columns",2,0.015634862743182758,0.01734193122364407,0,-5,"order_n=+1, order_m=0 is physical +x supercell order",60.36645603081336,0.9015641073392169,-0.8692056009072888,0.0,450.5
K6_L1_C_POS_PLUS10,H1F3B_K6_L1_C_POS_PLUS10_x,x,10.0,K6_L1_C,True,False,0.07119565869287003,0.05911694537820727,-0.0036917030441545587,-0.0005874156075534828,0.0688880998976635,0.05720087591894837,True,"transverse Cartesian Ex,Ey from authoritative gratingvector; x/y input columns",2,0.016595119289429194,0.01840703190636805,0,-4,"order_n=+1, order_m=0 is physical +x supercell order",44.05626873153628,0.9015641073392169,-0.6953644807258311,0.0,450.5
K6_L1_C_POS_PLUS10,H1F3B_K6_L1_C_POS_PLUS10_x,x,10.0,K6_L1_C,True,False,-0.045257562042374945,0.01776067554365351,-0.003817720637308438,-0.006192221455918416,-0.02766274287832337,0.010855843283148954,True,"transverse Cartesian Ex,Ey from authoritative gratingvector; x/y input columns",2,0.0032996837921505386,0.003659954700158688,0,-3,"order_n=+1, order_m=0 is physical +x supercell order",31.434491089797294,0.9015641073392169,-0.5215233605443733,0.0,450.5
K6_L1_C_POS_PLUS10,H1F3B_K6_L1_C_POS_PLUS10_x,x,10.0,K6_L1_C,True,False,0.07362158788426329,-0.10084550662462421,-0.00139359944886287,0.0009763675461701224,0.027300106023495033,-0.03739518668319551,True,"transverse Cartesian Ex,Ey from authoritative gratingvector; x/y input columns",2,0.017736545597951636,0.019673083093666454,0,-2,"order_n=+1, order_m=0 is physical +x supercell order",20.345615946048625,0.9015641073392169,-0.34768224036291556,0.0,450.5
K6_L1_C_POS_PLUS10,H1F3B_K6_L1_C_POS_PLUS10_x,x,10.0,K6_L1_C,True,False,0.06931616362893789,0.06607459207151407,-0.015231028089724654,-0.006302860827142922,0.012236313153308023,0.011664081762981407,True,"transverse Cartesian Ex,Ey from authoritative gratingvector; x/y input columns",2,0.009728070691886328,0.010790215152416339,0,-1,"order_n=+1, order_m=0 is physical +x supercell order",10.011225523725704,0.9015641073392169,-0.17384112018145778,0.0,450.5
K6_L1_C_POS_PLUS10,H1F3B_K6_L1_C_POS_PLUS10_x,x,10.0,K6_L1_C,True,False,-0.487706495790298,-0.7599094295976935,0.00843246294239639,-0.00012528806014312354,0.0,0.0,True,"transverse Cartesian Ex,Ey from authoritative gratingvector; x/y input columns",2,0.8153910893559168,0.9044183133713893,0,0,"order_n=+1, order_m=0 is physical +x supercell order",0.0,0.9015641073392169,0.0,0.0,450.5
K6_L1_C_POS_PLUS10,H1F3B_K6_L1_C_POS_PLUS10_x,x,10.0,K6_L1_C,True,False,-0.00532078557518386,-0.07238790160022082,0.0014024203929346487,0.0034183411916818003,0.0009392729647890286,0.012778563990251826,True,"transverse Cartesian Ex,Ey from authoritative gratingvector; x/y input columns",2,0.005446144828036948,0.006040773788244673,0,1,"order_n=+1, order_m=0 is physical +x supercell order",10.011225523725704,0.9015641073392169,0.17384112018145778,0.0,450.5
K6_L1_C_POS_PLUS10,H1F3B_K6_L1_C_POS_PLUS10_x,x,10.0,K6_L1_C,True,False,0.06355632952417088,0.02263476856057498,-0.0010032238246876599,0.0083365755597935,-0.023567741260915282,-0.008393347648143467,True,"transverse Cartesian Ex,Ey from authoritative gratingvector; x/y input columns",2,0.005248131433366402,0.005821140605136993,0,2,"order_n=+1, order_m=0 is physical +x supercell order",20.345615946048625,0.9015641073392169,0.34768224036291556,0.0,450.5
K6_L1_C_POS_PLUS10,H1F3B_K6_L1_C_POS_PLUS10_x,x,10.0,K6_L1_C,True,False,0.03741963942612709,0.02750388559733804,0.000659204073767345,-0.0022875420258763497,-0.022871975805398584,-0.016811177648535527,True,"transverse Cartesian Ex,Ey from authoritative gratingvector; x/y input columns",2,0.002968103507437205,0.003292171331217875,0,3,"order_n=+1, order_m=0 is physical +x supercell order",31.434491089797294,0.9015641073392169,0.5215233605443733,0.0,450.5
K6_L1_C_POS_PLUS10,H1F3B_K6_L1_C_POS_PLUS10_x,x,10.0,K6_L1_C,True,False,-0.05169047666999836,0.04547189559936512,-0.00013447530767162651,0.0015569543161507618,0.05001511027465635,-0.0439980828058396,True,"transverse Cartesian Ex,Ey from authoritative gratingvector; x/y input columns",2,0.009179383404497712,0.01018162028609235,0,4,"order_n=+1, order_m=0 is physical +x supercell order",44.05626873153628,0.9015641073392169,0.6953644807258311,0.0,450.5
K6_L1_C_POS_PLUS10,H1F3B_K6_L1_C_POS_PLUS10_x,x,10.0,K6_L1_C,True,False,0.0025219952170431274,-0.005304902546399044,0.012566547134831152,0.006158706267367337,-0.004433468880676474,0.009325600697235323,True,"transverse Cartesian Ex,Ey from authoritative gratingvector; x/y input columns",2,0.0003369726953614249,0.00037376454166518597,0,5,"order_n=+1, order_m=0 is physical +x supercell order",60.36645603081336,0.9015641073392169,0.8692056009072888,0.0,450.5
K6_L1_C_POS_PLUS10,H1F3B_K6_L1_C_POS_PLUS10_x,x,10.0,K6_L1_C,True,False,-0.04716237803694794,-0.013007968308151216,0.00677075687583302,0.0013741309986433736,-0.0832860707254433,-0.02297133040361673,True,"transverse Cartesian Ex,Ey from authoritative gratingvector; x/y input columns",3,0.009905480123674601,0.010897620591705574,0,-5,"order_n=+1, order_m=0 is physical +x supercell order",60.47843700161232,0.9089580647736889,-0.870170313005965,0.0,451.0
K6_L1_C_POS_PLUS10,H1F3B_K6_L1_C_POS_PLUS10_x,x,10.0,K6_L1_C,True,False,0.022501521303807805,0.03647241969620657,0.000925083618969398,0.0017952680707061762,0.021819074069198422,0.035366249956608704,True,"transverse Cartesian Ex,Ey from authoritative gratingvector; x/y input columns",3,0.003567478255860227,0.003924799607502743,0,-4,"order_n=+1, order_m=0 is physical +x supercell order",44.11783097413837,0.9089580647736889,-0.696136250404772,0.0,451.0
K6_L1_C_POS_PLUS10,H1F3B_K6_L1_C_POS_PLUS10_x,x,10.0,K6_L1_C,True,False,-0.020852981064150407,0.006805536525933654,-0.0039780929502447795,-0.002164517189113796,-0.01276539435136209,0.004166088160675234,True,"transverse Cartesian Ex,Ey from authoritative gratingvector; x/y input columns",3,0.0006819840883586943,0.0007502921364458038,0,-3,"order_n=+1, order_m=0 is physical +x supercell order",31.473368025635747,0.9089580647736889,-0.522102187803579,0.0,451.0
K6_L1_C_POS_PLUS10,H1F3B_K6_L1_C_POS_PLUS10_x,x,10.0,K6_L1_C,True,False,0.05605114325742768,-0.034143540466131425,-0.0007906371393453869,0.00037435688612633047,0.020810940209245603,-0.01267697923500353,True,"transverse Cartesian Ex,Ey from authoritative gratingvector; x/y input columns",3,0.0049020783011088425,0.005393074214407631,0,-2,"order_n=+1, order_m=0 is physical +x supercell order",20.369198462748614,0.9089580647736889,-0.348068125202386,0.0,451.0
K6_L1_C_POS_PLUS10,H1F3B_K6_L1_C_POS_PLUS10_x,x,10.0,K6_L1_C,True,False,0.045501576882666324,0.0231209795116532,-0.009941283035179549,-0.005238099584613428,0.008041541147776353,0.004086194827913361,True,"transverse Cartesian Ex,Ey from authoritative gratingvector; x/y input columns",3,0.0028126033602344025,0.003094315864763993,0,-1,"order_n=+1, order_m=0 is physical +x supercell order",10.022451430195186,0.9089580647736889,-0.174034062601193,0.0,451.0
K6_L1_C_POS_PLUS10,H1F3B_K6_L1_C_POS_PLUS10_x,x,10.0,K6_L1_C,True,False,-0.7729199489675251,-0.5311555248013616,0.0028084404872047095,0.0023413157709354484,0.0,0.0,True,"transverse Cartesian Ex,Ey from authoritative gratingvector; x/y input columns",3,0.8795448081364808,0.9676406890734488,0,0,"order_n=+1, order_m=0 is physical +x supercell order",0.0,0.9089580647736889,0.0,0.0,451.0
K6_L1_C_POS_PLUS10,H1F3B_K6_L1_C_POS_PLUS10_x,x,10.0,K6_L1_C,True,False,0.012031627089847154,-0.04462349846275882,0.005341954309286457,0.001604185055717861,-0.002126362006468488,0.007886357432652171,True,"transverse Cartesian Ex,Ey from authoritative gratingvector; x/y input columns",3,0.002233842599958575,0.002457585983919681,0,1,"order_n=+1, order_m=0 is physical +x supercell order",10.022451430195186,0.9089580647736889,0.174034062601193,0.0,451.0
K6_L1_C_POS_PLUS10,H1F3B_K6_L1_C_POS_PLUS10_x,x,10.0,K6_L1_C,True,False,0.022402702311285286,0.024904066748206943,0.0009067479763953572,0.007423746344584918,-0.00831778392430746,-0.009246502639271612,True,"transverse Cartesian Ex,Ey from authoritative gratingvector; x/y input columns",3,0.0013327111535981731,0.0014661965224215152,0,2,"order_n=+1, order_m=0 is physical +x supercell order",20.369198462748614,0.9089580647736889,0.348068125202386,0.0,451.0
K6_L1_C_POS_PLUS10,H1F3B_K6_L1_C_POS_PLUS10_x,x,10.0,K6_L1_C,True,False,0.022356108383305907,0.013509005929194965,0.0012090366740151904,-0.0018146618517535288,-0.013685551183150176,-0.008269694747746525,True,"transverse Cartesian Ex,Ey from authoritative gratingvector; x/y input columns",3,0.0009427257529639983,0.0010371498856756574,0,3,"order_n=+1, order_m=0 is physical +x supercell order",31.473368025635747,0.9089580647736889,0.522102187803579,0.0,451.0
K6_L1_C_POS_PLUS10,H1F3B_K6_L1_C_POS_PLUS10_x,x,10.0,K6_L1_C,True,False,-0.022254850220971557,0.014304823889597135,-0.0005594306573007219,0.004429952700780301,0.021579884258231173,-0.013870973779054708,True,"transverse Cartesian Ex,Ey from authoritative gratingvector; x/y input columns",3,0.0013779391066396215,0.0015159545418442367,0,4,"order_n=+1, order_m=0 is physical +x supercell order",44.11783097413837,0.9089580647736889,0.696136250404772,0.0,451.0
K6_L1_C_POS_PLUS10,H1F3B_K6_L1_C_POS_PLUS10_x,x,10.0,K6_L1_C,True,False,0.016575918536187003,0.010403315557982004,0.006111161163089928,0.006457720959518745,-0.029272127085333,-0.018371662146942618,True,"transverse Cartesian Ex,Ey from authoritative gratingvector; x/y input columns",3,0.0016564138948108144,0.0018223215778642395,0,5,"order_n=+1, order_m=0 is physical +x supercell order",60.47843700161232,0.9089580647736889,0.870170313005965,0.0,451.0
K6_L1_C_POS_PLUS10,H1F3B_K6_L1_C_POS_PLUS10_x,x,10.0,K6_L1_C,True,False,0.002326461237052631,-0.009554949419115062,-0.015407450862306707,0.0007190102393553464,0.004127254839167559,-0.016950942745130183,True,"transverse Cartesian Ex,Ey from authoritative gratingvector; x/y input columns",4,0.0006389846905441633,0.0007706852191018639,0,-5,"order_n=+1, order_m=0 is physical +x supercell order",60.59080580770663,0.8291124245107737,-0.8711350251046411,0.0,451.5
K6_L1_C_POS_PLUS10,H1F3B_K6_L1_C_POS_PLUS10_x,x,10.0,K6_L1_C,True,False,-0.014946804596192166,0.021222454932204378,-2.799304380001408e-05,-0.006312800116126211,-0.014524709191653416,0.020623136151908278,True,"transverse Cartesian Ex,Ey from authoritative gratingvector; x/y input columns",4,0.0013499327117451095,0.0016281660626924644,0,-4,"order_n=+1, order_m=0 is physical +x supercell order",44.179457423955,0.8291124245107737,-0.6969080200837129,0.0,451.5
K6_L1_C_POS_PLUS10,H1F3B_K6_L1_C_POS_PLUS10_x,x,10.0,K6_L1_C,True,False,-0.003641418709253572,-0.020508453905959102,0.005461351564761228,-0.0008291191499768158,-0.0022325362762318497,-0.012573634336016184,True,"transverse Cartesian Ex,Ey from authoritative gratingvector; x/y input columns",4,0.0006274509099482658,0.0007567742219259344,0,-3,"order_n=+1, order_m=0 is physical +x supercell order",31.512261116515088,0.8291124245107737,-0.5226810150627846,0.0,451.5
K6_L1_C_POS_PLUS10,H1F3B_K6_L1_C_POS_PLUS10_x,x,10.0,K6_L1_C,True,False,0.0419000916745963,0.021748555415448973,-0.0005539540132398022,0.00028209049506247553,0.015576498309576392,0.008085097743828106,True,"transverse Cartesian Ex,Ey from authoritative gratingvector; x/y input columns",4,0.0025369998902101095,0.0030598985315014333,0,-2,"order_n=+1, order_m=0 is physical +x supercell order",20.392784583834683,0.8291124245107737,-0.34845401004185644,0.0,451.5
K6_L1_C_POS_PLUS10,H1F3B_K6_L1_C_POS_PLUS10_x,x,10.0,K6_L1_C,True,False,-0.0782915952688507,0.06129726454255109,0.006185616774368204,-0.0029485818524716953,-0.013852375109192874,0.010845515392744535,True,"transverse Cartesian Ex,Ey from authoritative gratingvector; x/y input columns",4,0.010243398020261136,0.012354655071422138,0,-1,"order_n=+1, order_m=0 is physical +x supercell order",10.0336777253947,0.8291124245107737,-0.17422700502092822,0.0,451.5
K6_L1_C_POS_PLUS10,H1F3B_K6_L1_C_POS_PLUS10_x,x,10.0,K6_L1_C,True,False,0.7138285895396349,0.5425245349413536,-0.0006492264677078972,0.005257232321760767,0.0,0.0,True,"transverse Cartesian Ex,Ey from authoritative gratingvector; x/y input columns",4,0.803912186244168,0.9696057645240628,0,0,"order_n=+1, order_m=0 is physical +x supercell order",0.0,0.8291124245107737,0.0,0.0,451.5
K6_L1_C_POS_PLUS10,H1F3B_K6_L1_C_POS_PLUS10_x,x,10.0,K6_L1_C,True,False,0.006435698813568456,0.06373656225334011,-0.005463724899773692,-0.007385263933996625,-0.0011386881790976492,-0.011277107912692697,True,"transverse Cartesian Ex,Ey from authoritative gratingvector; x/y input columns",4,0.004316631773891798,0.005206328654933462,0,1,"order_n=+1, order_m=0 is physical +x supercell order",10.0336777253947,0.8291124245107737,0.17422700502092822,0.0,451.5
K6_L1_C_POS_PLUS10,H1F3B_K6_L1_C_POS_PLUS10_x,x,10.0,K6_L1_C,True,False,0.011018386616680939,0.036784972595838496,-0.003233787306770202,-0.006222347728454998,-0.0040961218376771805,-0.01367493579505188,True,"transverse Cartesian Ex,Ey from authoritative gratingvector; x/y input columns",4,0.0017274961272183674,0.0020835487156493815,0,2,"order_n=+1, order_m=0 is physical +x supercell order",20.392784583834683,0.8291124245107737,0.34845401004185644,0.0,451.5
K6_L1_C_POS_PLUS10,H1F3B_K6_L1_C_POS_PLUS10_x,x,10.0,K6_L1_C,True,False,-0.016910958000902507,0.020786619005167505,0.0001196431991857286,-0.00027450081794055584,0.010368026919537372,-0.012744176018901007,True,"transverse Cartesian Ex,Ey from authoritative gratingvector; x/y input columns",4,0.0009880636999734242,0.0011917125720995454,0,3,"order_n=+1, order_m=0 is physical +x supercell order",31.512261116515088,0.8291124245107737,0.5226810150627846,0.0,451.5
K6_L1_C_POS_PLUS10,H1F3B_K6_L1_C_POS_PLUS10_x,x,10.0,K6_L1_C,True,False,-0.02392754297690747,-0.011703305719615193,0.0038645438427055206,-0.0031888609858912627,0.023251832936847874,0.011372806211819393,True,"transverse Cartesian Ex,Ey from authoritative gratingvector; x/y input columns",4,0.0014045866672327463,0.0016940846931120794,0,4,"order_n=+1, order_m=0 is physical +x supercell order",44.179457423955,0.8291124245107737,0.6969080200837129,0.0,451.5
K6_L1_C_POS_PLUS10,H1F3B_K6_L1_C_POS_PLUS10_x,x,10.0,K6_L1_C,True,False,0.015042223735719822,-0.00998522929375218,-0.002036060800073435,-0.003264384679663742,-0.02668563297609169,0.017714280069005953,True,"transverse Cartesian Ex,Ey from authoritative gratingvector; x/y input columns",4,0.0013666937755805327,0.001648381733498885,0,5,"order_n=+1, order_m=0 is physical +x supercell order",60.59080580770663,0.8291124245107737,0.8711350251046411,0.0,451.5
K6_L1_C_POS_PLUS10,H1F3B_K6_L1_C_POS_PLUS10_x,x,10.0,K6_L1_C,True,False,0.016657475396923343,-0.04504487132767821,-0.01436453095914605,-0.012086485939241092,0.0296876025079625,-0.08028072700893345,True,"transverse Cartesian Ex,Ey from authoritative gratingvector; x/y input columns",5,0.009985283683315608,0.016233214397471395,0,-5,"order_n=+1, order_m=0 is physical +x supercell order",60.7035669436737,0.6151143845467223,-0.8720997372033175,0.0,452.0
K6_L1_C_POS_PLUS10,H1F3B_K6_L1_C_POS_PLUS10_x,x,10.0,K6_L1_C,True,False,-0.03784480769923393,0.01431134691255661,0.004797503382106578,-0.0049318413850127,-0.036855386133907986,0.01393718844472455,True,"transverse Cartesian Ex,Ey from authoritative gratingvector; x/y input columns",5,0.003236947927215009,0.005262351212287639,0,-4,"order_n=+1, order_m=0 is physical +x supercell order",44.24114835382224,0.6151143845467223,-0.697679789762654,0.0,452.0
K6_L1_C_POS_PLUS10,H1F3B_K6_L1_C_POS_PLUS10_x,x,10.0,K6_L1_C,True,False,0.010303121718825728,-0.02705940171463713,0.006716759965598676,0.0014210884816421667,0.006326425121377675,-0.016615282576360885,True,"transverse Cartesian Ex,Ey from authoritative gratingvector; x/y input columns",5,0.0012015911651238906,0.0019534434493989976,0,-3,"order_n=+1, order_m=0 is physical +x supercell order",31.551170400535213,0.6151143845467223,-0.5232598423219905,0.0,452.0
K6_L1_C_POS_PLUS10,H1F3B_K6_L1_C_POS_PLUS10_x,x,10.0,K6_L1_C,True,False,0.030101865149527125,0.09167293512690525,-0.001837484931404924,0.00024913704045958883,0.011204576836422482,0.034122684436579474,True,"transverse Cartesian Ex,Ey from authoritative gratingvector; x/y input columns",5,0.010603387875641843,0.01723807496951234,0,-2,"order_n=+1, order_m=0 is physical +x supercell order",20.416374314958784,0.6151143845467223,-0.348839894881327,0.0,452.0
K6_L1_C_POS_PLUS10,H1F3B_K6_L1_C_POS_PLUS10_x,x,10.0,K6_L1_C,True,False,-0.18189533673008618,0.007754616309403422,0.009337387357057166,-0.0024384323090685467,-0.03222006493453411,0.0013736154291966985,True,"transverse Cartesian Ex,Ey from authoritative gratingvector; x/y input columns",5,0.03427919975677208,0.05572817124417016,0,-1,"order_n=+1, order_m=0 is physical +x supercell order",10.044904409795663,0.6151143845467223,-0.1744199474406635,0.0,452.0
K6_L1_C_POS_PLUS10,H1F3B_K6_L1_C_POS_PLUS10_x,x,10.0,K6_L1_C,True,False,0.3285240429268018,0.6397662484451757,-0.012257271056484494,0.005647342249343548,0.0,0.0,True,"transverse Cartesian Ex,Ey from authoritative gratingvector; x/y input columns",5,0.5174110325988188,0.8411623034634428,0,0,"order_n=+1, order_m=0 is physical +x supercell order",0.0,0.6151143845467223,0.0,0.0,452.0
K6_L1_C_POS_PLUS10,H1F3B_K6_L1_C_POS_PLUS10_x,x,10.0,K6_L1_C,True,False,-0.0938779434227106,0.09240737807915587,-0.00025399672796351904,-0.006911348696886204,0.016629087294792358,-0.016368598424040724,True,"transverse Cartesian Ex,Ey from authoritative gratingvector; x/y input columns",5,0.01794448059851481,0.029172591390035685,0,1,"order_n=+1, order_m=0 is physical +x supercell order",10.044904409795663,0.6151143845467223,0.1744199474406635,0.0,452.0
K6_L1_C_POS_PLUS10,H1F3B_K6_L1_C_POS_PLUS10_x,x,10.0,K6_L1_C,True,False,-0.04214400601016904,0.06500305191112427,-0.00113531114935876,-0.00745306469577826,0.01568692674656434,-0.024195566823592418,True,"transverse Cartesian Ex,Ey from authoritative gratingvector; x/y input columns",5,0.0068898562297778,0.011200934985214066,0,2,"order_n=+1, order_m=0 is physical +x supercell order",20.416374314958784,0.6151143845467223,0.348839894881327,0.0,452.0
K6_L1_C_POS_PLUS10,H1F3B_K6_L1_C_POS_PLUS10_x,x,10.0,K6_L1_C,True,False,-0.04541841971486452,0.022045252744476877,0.0026762439554259927,0.0009046863088360688,0.027888269138117344,-0.013536445028592184,True,"transverse Cartesian Ex,Ey from authoritative gratingvector; x/y input columns",5,0.0035177976565219766,0.005718932518728596,0,3,"order_n=+1, order_m=0 is physical +x supercell order",31.551170400535213,0.6151143845467223,0.5232598423219905,0.0,452.0
K6_L1_C_POS_PLUS10,H1F3B_K6_L1_C_POS_PLUS10_x,x,10.0,K6_L1_C,True,False,-0.028789488707964463,-0.032455520881947926,0.00395995041643996,-4.659725731509944e-05,0.02803681105641587,0.03160699781559514,True,"transverse Cartesian Ex,Ey from authoritative gratingvector; x/y input columns",5,0.003682943959517824,0.005987413157687386,0,4,"order_n=+1, order_m=0 is physical +x supercell order",44.24114835382224,0.6151143845467223,0.697679789762654,0.0,452.0
K6_L1_C_POS_PLUS10,H1F3B_K6_L1_C_POS_PLUS10_x,x,10.0,K6_L1_C,True,False,0.011434650896557874,0.037266586413547464,-0.0025296474003433664,-0.003041910312710919,-0.020379280926149667,-0.0664179641819179,True,"transverse Cartesian Ex,Ey from authoritative gratingvector; x/y input columns",5,0.0063618630955026515,0.010342569212051036,0,5,"order_n=+1, order_m=0 is physical +x supercell order",60.7035669436737,0.6151143845467223,0.8720997372033175,0.0,452.0
K6_L1_C_POS_PLUS10,H1F3B_K6_L1_C_POS_PLUS10_x,x,10.0,K6_L1_C,True,False,-0.07934623799671242,0.002251865346165275,-0.006571982514851971,0.020892944296779455,-0.1420707419972079,0.004032001877905745,True,"transverse Cartesian Ex,Ey from authoritative gratingvector; x/y input columns",6,0.02698095522811268,0.06804524135916284,0,-5,"order_n=+1, order_m=0 is physical +x supercell order",60.816724989217754,0.3965149463678032,-0.8730644493019938,0.0,452.5
K6_L1_C_POS_PLUS10,H1F3B_K6_L1_C_POS_PLUS10_x,x,10.0,K6_L1_C,True,False,0.028653847239278177,0.01809653868885179,-0.006071935240343801,-0.0029018020080777713,0.027964953825077573,0.01766146320951136,True,"transverse Cartesian Ex,Ey from authoritative gratingvector; x/y input columns",6,0.0022877824517256555,0.005769725637538848,0,-4,"order_n=+1, order_m=0 is physical +x supercell order",44.30290403830596,0.3965149463678032,-0.698451559441595,0.0,452.5
K6_L1_C_POS_PLUS10,H1F3B_K6_L1_C_POS_PLUS10_x,x,10.0,K6_L1_C,True,False,-0.025701693851853547,0.004918845077807498,-0.0033074443197511545,-0.007390135417121752,-0.01580566395998566,0.0030249217354772896,True,"transverse Cartesian Ex,Ey from authoritative gratingvector; x/y input columns",6,0.0010092945578872815,0.0025454136524555374,0,-3,"order_n=+1, order_m=0 is physical +x supercell order",31.59009591590528,0.3965149463678032,-0.5238386695811963,0.0,452.5
K6_L1_C_POS_PLUS10,H1F3B_K6_L1_C_POS_PLUS10_x,x,10.0,K6_L1_C,True,False,0.09241680031982806,-0.06391060548387789,0.0011082561775270605,0.002403537487431374,0.034442902182052496,-0.02381890225001299,True,"transverse Cartesian Ex,Ey from authoritative gratingvector; x/y input columns",6,0.014386089313997473,0.03628132923053318,0,-2,"order_n=+1, order_m=0 is physical +x supercell order",20.43996766177964,0.3965149463678032,-0.3492257797207975,0.0,452.5
K6_L1_C_POS_PLUS10,H1F3B_K6_L1_C_POS_PLUS10_x,x,10.0,K6_L1_C,True,False,0.08759260588649069,0.22754887426697054,-0.006950883016023203,-0.0077822992108321125,0.015533435717290711,0.040352901654145165,True,"transverse Cartesian Ex,Ey from authoritative gratingvector; x/y input columns",6,0.061429478038953336,0.15492348674789166,0,-1,"order_n=+1, order_m=0 is physical +x supercell order",10.056131483869633,0.3965149463678032,-0.17461288986039875,0.0,452.5
K6_L1_C_POS_PLUS10,H1F3B_K6_L1_C_POS_PLUS10_x,x,10.0,K6_L1_C,True,False,0.13216714543280514,-0.431764659404019,0.01102169069254682,0.015018330302502702,0.0,0.0,True,"transverse Cartesian Ex,Ey from authoritative gratingvector; x/y input columns",6,0.20423590335292197,0.5150774396369786,0,0,"order_n=+1, order_m=0 is physical +x supercell order",0.0,0.3965149463678032,0.0,0.0,452.5
K6_L1_C_POS_PLUS10,H1F3B_K6_L1_C_POS_PLUS10_x,x,10.0,K6_L1_C,True,False,0.15425139354721568,0.1293314647280034,-0.0018696562312142259,0.0006945152467865304,-0.02735452475375811,-0.022935292006026883,True,"transverse Cartesian Ex,Ey from authoritative gratingvector; x/y input columns",6,0.041798395789705414,0.10541442680179236,0,1,"order_n=+1, order_m=0 is physical +x supercell order",10.056131483869633,0.3965149463678032,0.17461288986039875,0.0,452.5
K6_L1_C_POS_PLUS10,H1F3B_K6_L1_C_POS_PLUS10_x,x,10.0,K6_L1_C,True,False,0.09484808569140502,0.029900881458865654,-0.006701176004439362,0.004722837417779937,-0.03534902015995346,-0.011143786970342632,True,"transverse Cartesian Ex,Ey from authoritative gratingvector; x/y input columns",6,0.011331170238767674,0.028576905719606836,0,2,"order_n=+1, order_m=0 is physical +x supercell order",20.43996766177964,0.3965149463678032,0.3492257797207975,0.0,452.5
K6_L1_C_POS_PLUS10,H1F3B_K6_L1_C_POS_PLUS10_x,x,10.0,K6_L1_C,True,False,0.05155352844932519,0.042674472922301226,0.00023569020511210638,-0.005205929083796827,-0.03170365935095092,-0.026243343437489325,True,"transverse Cartesian Ex,Ey from authoritative gratingvector; x/y input columns",6,0.00619986927328906,0.015635903085323106,0,3,"order_n=+1, order_m=0 is physical +x supercell order",31.59009591590528,0.3965149463678032,0.5238386695811963,0.0,452.5
K6_L1_C_POS_PLUS10,H1F3B_K6_L1_C_POS_PLUS10_x,x,10.0,K6_L1_C,True,False,-0.009592463221301912,0.055022832280709984,-0.000957153383897162,-0.0022830545501131435,0.009361842017666185,-0.05369997791939802,True,"transverse Cartesian Ex,Ey from authoritative gratingvector; x/y input columns",6,0.006096987618029843,0.0153764383256674,0,4,"order_n=+1, order_m=0 is physical +x supercell order",44.30290403830596,0.3965149463678032,0.698451559441595,0.0,452.5
K6_L1_C_POS_PLUS10,H1F3B_K6_L1_C_POS_PLUS10_x,x,10.0,K6_L1_C,True,False,0.06829225735728182,-0.01643634678371947,-0.0025296976651406444,0.0007264845332481943,-0.1222784081561032,0.02942954880082909,True,"transverse Cartesian Ex,Ey from authoritative gratingvector; x/y input columns",6,0.02075902050441291,0.05235368980304983,0,5,"order_n=+1, order_m=0 is physical +x supercell order",60.816724989217754,0.3965149463678032,0.8730644493019938,0.0,452.5
K6_L1_C_POS_PLUS10,H1F3B_K6_L1_C_POS_PLUS10_x,x,10.0,K6_L1_C,True,False,0.02146329026406539,-0.08911800653128472,-0.01702225754808245,-0.008085981783857393,0.0386099322165502,-0.1603128014910072,True,"transverse Cartesian Ex,Ey from authoritative gratingvector; x/y input columns",7,0.03594875345817345,0.09405883131059022,0,-5,"order_n=+1, order_m=0 is physical +x supercell order",60.93028461144274,0.38219434536101804,-0.8740291614006699,0.0,453.0
K6_L1_C_POS_PLUS10,H1F3B_K6_L1_C_POS_PLUS10_x,x,10.0,K6_L1_C,True,False,-0.004098903156154162,0.02992442582606644,0.0035708086526438747,-0.0052876829253401935,-0.004009001901520811,0.0292680933089376,True,"transverse Cartesian Ex,Ey from authoritative gratingvector; x/y input columns",7,0.0018256759154430886,0.004776826077106317,0,-4,"order_n=+1, order_m=0 is physical +x supercell order",44.36472475371748,0.38219434536101804,-0.699223329120536,0.0,453.0
K6_L1_C_POS_PLUS10,H1F3B_K6_L1_C_POS_PLUS10_x,x,10.0,K6_L1_C,True,False,-0.00802713887629186,-0.019087837508929808,0.007965851578666463,-0.003728296304051818,-0.004943938426804927,-0.011756255223604697,True,"transverse Cartesian Ex,Ey from authoritative gratingvector; x/y input columns",7,0.0006687875480613042,0.001749862487969497,0,-3,"order_n=+1, order_m=0 is physical +x supercell order",31.629037700944195,0.38219434536101804,-0.524417496840402,0.0,453.0
K6_L1_C_POS_PLUS10,H1F3B_K6_L1_C_POS_PLUS10_x,x,10.0,K6_L1_C,True,False,0.03370861515799682,0.09215122476176332,-0.003758064622731792,-0.00014448247866769077,0.012578708174002681,0.03438715469983236,True,"transverse Cartesian Ex,Ey from authoritative gratingvector; x/y input columns",7,0.010982963193535155,0.028736592591815366,0,-2,"order_n=+1, order_m=0 is physical +x supercell order",20.463564629962768,0.38219434536101804,-0.349611664560268,0.0,453.0
K6_L1_C_POS_PLUS10,H1F3B_K6_L1_C_POS_PLUS10_x,x,10.0,K6_L1_C,True,False,-0.25360599320650434,0.013152022086029442,0.00803992987678131,-0.006045674633587233,-0.0450250609289494,0.0023350023722829576,True,"transverse Cartesian Ex,Ey from authoritative gratingvector; x/y input columns",7,0.06662287447714184,0.17431674561854218,0,-1,"order_n=+1, order_m=0 is physical +x supercell order",10.06735894808831,0.38219434536101804,-0.174805832280134,0.0,453.0
K6_L1_C_POS_PLUS10,H1F3B_K6_L1_C_POS_PLUS10_x,x,10.0,K6_L1_C,True,False,0.35537203042302207,-0.1544914796608515,-0.019598305298407965,0.002971527035563757,0.0,0.0,True,"transverse Cartesian Ex,Ey from authoritative gratingvector; x/y input columns",7,0.15054982083827328,0.3939090744423887,0,0,"order_n=+1, order_m=0 is physical +x supercell order",0.0,0.38219434536101804,0.0,0.0,453.0
K6_L1_C_POS_PLUS10,H1F3B_K6_L1_C_POS_PLUS10_x,x,10.0,K6_L1_C,True,False,-0.21509841325321477,0.08705052255281427,-0.0007196903714575681,0.0003816562454210515,0.038188447520482116,-0.015454899280104326,True,"transverse Cartesian Ex,Ey from authoritative gratingvector; x/y input columns",7,0.05554299591227202,0.14532657687493128,0,1,"order_n=+1, order_m=0 is physical +x supercell order",10.06735894808831,0.38219434536101804,0.174805832280134,0.0,453.0
K6_L1_C_POS_PLUS10,H1F3B_K6_L1_C_POS_PLUS10_x,x,10.0,K6_L1_C,True,False,-0.05737729613118395,0.08140573364696226,-0.003957205148731162,-0.007701819445365378,0.021410914107999973,-0.030377366807749353,True,"transverse Cartesian Ex,Ey from authoritative gratingvector; x/y input columns",7,0.011375236734396598,0.029762964503442957,0,2,"order_n=+1, order_m=0 is physical +x supercell order",20.463564629962768,0.38219434536101804,0.349611664560268,0.0,453.0
K6_L1_C_POS_PLUS10,H1F3B_K6_L1_C_POS_PLUS10_x,x,10.0,K6_L1_C,True,False,-0.05435944653746217,0.0429256463008592,0.00577523510834784,0.002766384787335256,0.033480142892526654,-0.02643803172124642,True,"transverse Cartesian Ex,Ey from authoritative gratingvector; x/y input columns",7,0.006658456252951603,0.017421650356082775,0,3,"order_n=+1, order_m=0 is physical +x supercell order",31.629037700944195,0.38219434536101804,0.524417496840402,0.0,453.0
K6_L1_C_POS_PLUS10,H1F3B_K6_L1_C_POS_PLUS10_x,x,10.0,K6_L1_C,True,False,-0.06392910562367984,-0.014474749736033488,0.0023110951303669035,-6.209840771651174e-05,0.06252694836740809,0.014157275008722754,True,"transverse Cartesian Ex,Ey from authoritative gratingvector; x/y input columns",7,0.008411841650491386,0.02200933046915077,0,4,"order_n=+1, order_m=0 is physical +x supercell order",44.36472475371748,0.38219434536101804,0.699223329120536,0.0,453.0
K6_L1_C_POS_PLUS10,H1F3B_K6_L1_C_POS_PLUS10_x,x,10.0,K6_L1_C,True,False,-0.023745128171682724,0.08579300837463001,0.0033851998613220013,-0.005333404829262351,0.04271468996144093,-0.15433152127398805,True,"transverse Cartesian Ex,Ey from authoritative gratingvector; x/y input columns",7,0.033606939380278325,0.08793154526797996,0,5,"order_n=+1, order_m=0 is physical +x supercell order",60.93028461144274,0.38219434536101804,0.8740291614006699,0.0,453.0
K6_L1_C_POS_PLUS10,H1F3B_K6_L1_C_POS_PLUS10_x,x,10.0,K6_L1_C,True,False,-0.03450093871810527,-0.081062545078094,-0.014102049497294282,0.0032243680215661434,-0.06235486572573761,-0.14650743723325252,True,"transverse Cartesian Ex,Ey from authoritative gratingvector; x/y input columns",8,0.033323273780461314,0.06515216456251562,0,-5,"order_n=+1, order_m=0 is physical +x supercell order",61.04425056720387,0.5114684063717723,-0.8749938734993462,0.0,453.5
K6_L1_C_POS_PLUS10,H1F3B_K6_L1_C_POS_PLUS10_x,x,10.0,K6_L1_C,True,False,0.03207278523230977,0.02244400964759008,0.0013246215994238537,-0.0024272387323102692,0.03143718608200085,0.021999227775413834,True,"transverse Cartesian Ex,Ey from authoritative gratingvector; x/y input columns",8,0.0030123059233331585,0.005889524916507935,0,-4,"order_n=+1, order_m=0 is physical +x supercell order",44.42661077812934,0.5114684063717723,-0.699995098799477,0.0,453.5
K6_L1_C_POS_PLUS10,H1F3B_K6_L1_C_POS_PLUS10_x,x,10.0,K6_L1_C,True,False,-0.02101322402189046,-0.00046383922814284605,0.003907247030817544,-0.00718331047352811,-0.012961822487057819,-0.00028611514974847613,True,"transverse Cartesian Ex,Ey from authoritative gratingvector; x/y input columns",8,0.0006767279634075632,0.0013231080453396926,0,-3,"order_n=+1, order_m=0 is physical +x supercell order",31.66799579408111,0.5114684063717723,-0.5249963240996077,0.0,453.5
K6_L1_C_POS_PLUS10,H1F3B_K6_L1_C_POS_PLUS10_x,x,10.0,K6_L1_C,True,False,0.07029294880095917,0.03673762501240867,-0.0004125790668981066,-0.000792126057973591,0.02626351071084774,0.01372625596824211,True,"transverse Cartesian Ex,Ey from authoritative gratingvector; x/y input columns",8,0.007169731525629303,0.014017936271938218,0,-2,"order_n=+1, order_m=0 is physical +x supercell order",20.487165225180483,0.5114684063717723,-0.3499975493997385,0.0,453.5
K6_L1_C_POS_PLUS10,H1F3B_K6_L1_C_POS_PLUS10_x,x,10.0,K6_L1_C,True,False,-0.18348735084413867,0.13999492597063495,-0.0011474632091601979,-0.008947105754186882,-0.032613329230734484,0.02488291748890584,True,"transverse Cartesian Ex,Ey from authoritative gratingvector; x/y input columns",8,0.055030343416788585,0.10759284978550278,0,-1,"order_n=+1, order_m=0 is physical +x supercell order",10.078586802923537,0.5114684063717723,-0.17499877469986924,0.0,453.5
K6_L1_C_POS_PLUS10,H1F3B_K6_L1_C_POS_PLUS10_x,x,10.0,K6_L1_C,True,False,0.014951354076642435,-0.5473610755608737,-0.014504843537484808,0.012077967074350177,0.0,0.0,True,"transverse Cartesian Ex,Ey from authoritative gratingvector; x/y input columns",8,0.3001839578025775,0.5869061589395261,0,0,"order_n=+1, order_m=0 is physical +x supercell order",0.0,0.5114684063717723,0.0,0.0,453.5
K6_L1_C_POS_PLUS10,H1F3B_K6_L1_C_POS_PLUS10_x,x,10.0,K6_L1_C,True,False,-0.14942112041353736,0.17205532989733766,-0.002544381480577731,0.007001551156153033,0.026558344058339664,-0.030581383915728136,True,"transverse Cartesian Ex,Ey from authoritative gratingvector; x/y input columns",8,0.05362577004875178,0.1048466911752369,0,1,"order_n=+1, order_m=0 is physical +x supercell order",10.078586802923537,0.5114684063717723,0.17499877469986924,0.0,453.5
K6_L1_C_POS_PLUS10,H1F3B_K6_L1_C_POS_PLUS10_x,x,10.0,K6_L1_C,True,False,0.004179263517638554,0.08274244130445806,-0.004535984066474085,0.0004412570607671281,-0.0015614956269619147,-0.030915006846485737,True,"transverse Cartesian Ex,Ey from authoritative gratingvector; x/y input columns",8,0.007842723612727817,0.015333740100120981,0,2,"order_n=+1, order_m=0 is physical +x supercell order",20.487165225180483,0.5114684063717723,0.3499975493997385,0.0,453.5
K6_L1_C_POS_PLUS10,H1F3B_K6_L1_C_POS_PLUS10_x,x,10.0,K6_L1_C,True,False,-0.013118061443238764,0.060594744083977,0.006353016284233752,-0.0013889013663727341,0.008091760865655174,-0.037377335131772244,True,"transverse Cartesian Ex,Ey from authoritative gratingvector; x/y input columns",8,0.00534863818500427,0.010457416564487646,0,3,"order_n=+1, order_m=0 is physical +x supercell order",31.66799579408111,0.5114684063717723,0.5249963240996077,0.0,453.5
K6_L1_C_POS_PLUS10,H1F3B_K6_L1_C_POS_PLUS10_x,x,10.0,K6_L1_C,True,False,-0.057988651798512224,0.03467094880019807,-0.002384836162293405,-0.0013757410982853633,0.05683946760562948,-0.033983860808363485,True,"transverse Cartesian Ex,Ey from authoritative gratingvector; x/y input columns",8,0.008957966408339176,0.017514212601878437,0,4,"order_n=+1, order_m=0 is physical +x supercell order",44.42661077812934,0.5114684063717723,0.699995098799477,0.0,453.5
K6_L1_C_POS_PLUS10,H1F3B_K6_L1_C_POS_PLUS10_x,x,10.0,K6_L1_C,True,False,0.02034417337145971,0.08993730199508579,0.0012135420952397355,-0.004402129711854482,-0.03676880241559304,-0.16254712474520938,True,"transverse Cartesian Ex,Ey from authoritative gratingvector; x/y input columns",8,0.036296967704751784,0.07096619703694566,0,5,"order_n=+1, order_m=0 is physical +x supercell order",61.04425056720387,0.5114684063717723,0.8749938734993462,0.0,453.5
K6_L1_C_POS_PLUS10,H1F3B_K6_L1_C_POS_PLUS10_x,x,10.0,K6_L1_C,True,False,0.021719272203803066,0.07882050595202839,0.013629873336734311,-0.0020640884326420333,0.039439723707047195,0.14312905828646227,True,"transverse Cartesian Ex,Ey from authoritative gratingvector; x/y input columns",9,0.028915851983887565,0.04537895948779595,0,-5,"order_n=+1, order_m=0 is physical +x supercell order",61.1586277055407,0.6372083518500261,-0.8759585855980222,0.0,454.0
K6_L1_C_POS_PLUS10,H1F3B_K6_L1_C_POS_PLUS10_x,x,10.0,K6_L1_C,True,False,-0.03904780420406314,-0.026606499827131924,0.0021920558371569332,0.002804213951090845,-0.03835685098654157,-0.026135696230431067,True,"transverse Cartesian Ex,Ey from authoritative gratingvector; x/y input columns",9,0.004399628205939853,0.006904536315580736,0,-4,"order_n=+1, order_m=0 is physical +x supercell order",44.48856239139124,0.6372083518500261,-0.7007668684784177,0.0,454.0
K6_L1_C_POS_PLUS10,H1F3B_K6_L1_C_POS_PLUS10_x,x,10.0,K6_L1_C,True,False,0.023858474938095616,-0.0019060847312570902,-0.0031592893127338965,0.0075505337979628745,0.014739304350633474,-0.0011775422798392875,True,"transverse Cartesian Ex,Ey from authoritative gratingvector; x/y input columns",9,0.0008584853535316143,0.0013472600461672357,0,-3,"order_n=+1, order_m=0 is physical +x supercell order",31.70697023385587,0.6372083518500261,-0.5255751513588133,0.0,454.0
K6_L1_C_POS_PLUS10,H1F3B_K6_L1_C_POS_PLUS10_x,x,10.0,K6_L1_C,True,False,-0.05618187793431204,-0.029237100247187897,-0.0008944773216254778,-0.00146510275681786,-0.021017580543058495,-0.010937567982494529,True,"transverse Cartesian Ex,Ey from authoritative gratingvector; x/y input columns",9,0.00457552714011263,0.007180582499944272,0,-2,"order_n=+1, order_m=0 is physical +x supercell order",20.51076945311192,0.6372083518500261,-0.35038343423920887,0.0,454.0
K6_L1_C_POS_PLUS10,H1F3B_K6_L1_C_POS_PLUS10_x,x,10.0,K6_L1_C,True,False,0.18106523362348118,-0.09734521760202067,-0.0001384740270326786,0.0071868915006315535,0.032219423916626556,-0.01732197158675867,True,"transverse Cartesian Ex,Ey from authoritative gratingvector; x/y input columns",9,0.04365052277878035,0.06850274741699239,0,-1,"order_n=+1, order_m=0 is physical +x supercell order",10.089815048847298,0.6372083518500261,-0.17519171711960443,0.0,454.0
K6_L1_C_POS_PLUS10,H1F3B_K6_L1_C_POS_PLUS10_x,x,10.0,K6_L1_C,True,False,-0.005789753920888119,0.6736270628183145,0.01469885940502228,-0.009911176156219099,0.0,0.0,True,"transverse Cartesian Ex,Ey from authoritative gratingvector; x/y input columns",9,0.45412122889230216,0.7126730645852937,0,0,"order_n=+1, order_m=0 is physical +x supercell order",0.0,0.6372083518500261,0.0,0.0,454.0
K6_L1_C_POS_PLUS10,H1F3B_K6_L1_C_POS_PLUS10_x,x,10.0,K6_L1_C,True,False,0.1760217416298768,-0.12093671604065456,0.002949795912048798,-0.006276452009291872,-0.03132196611476073,0.02151993092887837,True,"transverse Cartesian Ex,Ey from authoritative gratingvector; x/y input columns",9,0.04710161094733863,0.07391869678196639,0,1,"order_n=+1, order_m=0 is physical +x supercell order",10.089815048847298,0.6372083518500261,0.17519171711960443,0.0,454.0
K6_L1_C_POS_PLUS10,H1F3B_K6_L1_C_POS_PLUS10_x,x,10.0,K6_L1_C,True,False,0.007359826609030994,-0.07408269439662886,0.007514902437944118,0.0005274023915372193,-0.0027533032754638942,0.027714256866750327,True,"transverse Cartesian Ex,Ey from authoritative gratingvector; x/y input columns",9,0.0063748252813166225,0.010004302772881744,0,2,"order_n=+1, order_m=0 is physical +x supercell order",20.51076945311192,0.6372083518500261,0.35038343423920887,0.0,454.0
K6_L1_C_POS_PLUS10,H1F3B_K6_L1_C_POS_PLUS10_x,x,10.0,K6_L1_C,True,False,0.01657584515055181,-0.05095924297993007,-0.007106272073590422,-0.00030612594957518853,-0.010240236527140593,0.03148163466893516,True,"transverse Cartesian Ex,Ey from authoritative gratingvector; x/y input columns",9,0.004018151668983602,0.0063058678645965364,0,3,"order_n=+1, order_m=0 is physical +x supercell order",31.70697023385587,0.6372083518500261,0.5255751513588133,0.0,454.0
K6_L1_C_POS_PLUS10,H1F3B_K6_L1_C_POS_PLUS10_x,x,10.0,K6_L1_C,True,False,0.05977460882451717,-0.027301878058471243,2.480926442170553e-05,0.00461422143112348,-0.05871689356663601,0.02681876970261345,True,"transverse Cartesian Ex,Ey from authoritative gratingvector; x/y input columns",9,0.0085066080590362,0.013349806282888023,0,4,"order_n=+1, order_m=0 is physical +x supercell order",44.48856239139124,0.6372083518500261,0.7007668684784177,0.0,454.0
K6_L1_C_POS_PLUS10,H1F3B_K6_L1_C_POS_PLUS10_x,x,10.0,K6_L1_C,True,False,0.0011244301728181498,-0.0897785833920453,-0.002299958107654785,0.0060803232824006605,-0.002041837080344247,0.16302767839395454,True,"transverse Cartesian Ex,Ey from authoritative gratingvector; x/y input columns",9,0.034685911538796806,0.05443417594589299,0,5,"order_n=+1, order_m=0 is physical +x supercell order",61.1586277055407,0.6372083518500261,0.8759585855980222,0.0,454.0
K6_L1_C_POS_PLUS10,H1F3B_K6_L1_C_POS_PLUS10_y,y,10.0,K6_L1_C,True,False,0.006874585567147776,-0.006177363780604377,-5.808365739699994e-05,0.11849177068555161,0.012030397903313856,-0.010810272640918364,True,"transverse Cartesian Ex,Ey from authoritative gratingvector; x/y input columns",1,0.014387315312189605,0.04652051421043597,0,-5,"order_n=+1, order_m=0 is physical +x supercell order",60.25485848366181,0.3092681918155172,-0.8682408888086127,0.0,450.0
K6_L1_C_POS_PLUS10,H1F3B_K6_L1_C_POS_PLUS10_y,y,10.0,K6_L1_C,True,False,0.0023658182863553062,-0.0003149498588413126,-0.041621117960370796,-0.052534202572542495,0.0022842268908994535,-0.0003040879939932414,True,"transverse Cartesian Ex,Ey from authoritative gratingvector; x/y input columns",1,0.004503166351778868,0.014560716138777923,0,-4,"order_n=+1, order_m=0 is physical +x supercell order",43.994770425027035,0.3092681918155172,-0.6945927110468901,0.0,450.0
K6_L1_C_POS_PLUS10,H1F3B_K6_L1_C_POS_PLUS10_y,y,10.0,K6_L1_C,True,False,0.0035715008517121145,0.0013308224783736276,0.07995927164086072,0.03242966820294973,0.002179679575282444,0.0008121982031859748,True,"transverse Cartesian Ex,Ey from authoritative gratingvector; x/y input columns",1,0.007465105876865248,0.024137968515424595,0,-3,"order_n=+1, order_m=0 is physical +x supercell order",31.39563027100863,0.3092681918155172,-0.5209445332851677,0.0,450.0
K6_L1_C_POS_PLUS10,H1F3B_K6_L1_C_POS_PLUS10_y,y,10.0,K6_L1_C,True,False,-0.0025993104870262363,-0.001719564481067385,-0.025458787161559786,0.06866740454185062,-0.0009626508498194996,-0.0006368381989304983,True,"transverse Cartesian Ex,Ey from authoritative gratingvector; x/y input columns",1,0.005374407866814557,0.017377822902720195,0,-2,"order_n=+1, order_m=0 is physical +x supercell order",20.32203702808953,0.3092681918155172,-0.34729635552344507,0.0,450.0
K6_L1_C_POS_PLUS10,H1F3B_K6_L1_C_POS_PLUS10_y,y,10.0,K6_L1_C,True,False,0.009508105399601468,0.006882507813925875,-0.11804431639157137,-0.16141547756172298,0.0016765355183132324,0.0012135718232150368,True,"transverse Cartesian Ex,Ey from authoritative gratingvector; x/y input columns",1,0.040131473538845434,0.12976269335446053,0,-1,"order_n=+1, order_m=0 is physical +x supercell order",10.000000005514977,0.3092681918155172,-0.17364817776172253,0.0,450.0
K6_L1_C_POS_PLUS10,H1F3B_K6_L1_C_POS_PLUS10_y,y,10.0,K6_L1_C,True,False,-0.007136768747117552,-0.0005211825855225946,-0.23500097480422974,0.3798082041805383,0.0,0.0,True,"transverse Cartesian Ex,Ey from authoritative gratingvector; x/y input columns",1,0.19953093522122095,0.6451712154745094,0,0,"order_n=+1, order_m=0 is physical +x supercell order",0.0,0.3092681918155172,0.0,0.0,450.0
K6_L1_C_POS_PLUS10,H1F3B_K6_L1_C_POS_PLUS10_y,y,10.0,K6_L1_C,True,False,-0.0014864265107125247,0.006963992365086529,-0.07334296726312743,0.07016976625553457,0.000262097098826482,-0.0012279397481036658,True,"transverse Cartesian Ex,Ey from authoritative gratingvector; x/y input columns",1,0.01035527012766346,0.03348313988216584,0,1,"order_n=+1, order_m=0 is physical +x supercell order",10.000000005514977,0.3092681918155172,0.17364817776172253,0.0,450.0
K6_L1_C_POS_PLUS10,H1F3B_K6_L1_C_POS_PLUS10_y,y,10.0,K6_L1_C,True,False,-0.007213022518168968,-0.00020671081969558566,-0.0547672089478908,-0.010388043512155182,0.0026713323750816908,7.655505074905352e-05,True,"transverse Cartesian Ex,Ey from authoritative gratingvector; x/y input columns",1,0.0031665709244969066,0.010238915634705203,0,2,"order_n=+1, order_m=0 is physical +x supercell order",20.32203702808953,0.3092681918155172,0.34729635552344507,0.0,450.0
K6_L1_C_POS_PLUS10,H1F3B_K6_L1_C_POS_PLUS10_y,y,10.0,K6_L1_C,True,False,-0.004080013916100841,0.0021713668306348882,0.01187168782063646,-0.06383349009181967,0.002490024045641746,-0.0013251806810886735,True,"transverse Cartesian Ex,Ey from authoritative gratingvector; x/y input columns",1,0.004244969100067249,0.01372585093587456,0,3,"order_n=+1, order_m=0 is physical +x supercell order",31.39563027100863,0.3092681918155172,0.5209445332851677,0.0,450.0
K6_L1_C_POS_PLUS10,H1F3B_K6_L1_C_POS_PLUS10_y,y,10.0,K6_L1_C,True,False,-0.0037915410142433854,-0.0005224524367852011,0.04520420194386974,-0.022029359530063457,0.0036607798632013076,0.0005044343059665891,True,"transverse Cartesian Ex,Ey from authoritative gratingvector; x/y input columns",1,0.002557017057674203,0.008267960059725443,0,4,"order_n=+1, order_m=0 is physical +x supercell order",43.994770425027035,0.3092681918155172,0.6945927110468901,0.0,450.0
K6_L1_C_POS_PLUS10,H1F3B_K6_L1_C_POS_PLUS10_y,y,10.0,K6_L1_C,True,False,-0.005693883818736398,0.0015338705771730022,0.08625837015769297,0.09985084204254314,0.009964191628072086,-0.002684245209450928,True,"transverse Cartesian Ex,Ey from authoritative gratingvector; x/y input columns",1,0.017551960437900662,0.05675320289120018,0,5,"order_n=+1, order_m=0 is physical +x supercell order",60.25485848366181,0.3092681918155172,0.8682408888086127,0.0,450.0
K6_L1_C_POS_PLUS10,H1F3B_K6_L1_C_POS_PLUS10_y,y,10.0,K6_L1_C,True,False,-0.0032564697349691378,0.009464482178644621,-0.06475840363233076,-0.0962168150262564,-0.00572461721310376,0.016637813952690168,True,"transverse Cartesian Ex,Ey from authoritative gratingvector; x/y input columns",2,0.013861095448210261,0.048884138874878996,0,-5,"order_n=+1, order_m=0 is physical +x supercell order",60.36645603081336,0.28354995643245995,-0.8692056009072888,0.0,450.5
K6_L1_C_POS_PLUS10,H1F3B_K6_L1_C_POS_PLUS10_y,y,10.0,K6_L1_C,True,False,0.0004855113669031979,0.0036373747656515344,0.06222155673374425,0.023116336810771427,0.00046977521043748885,0.0035194819574938074,True,"transverse Cartesian Ex,Ey from authoritative gratingvector; x/y input columns",2,0.004431960808390239,0.015630264466099143,0,-4,"order_n=+1, order_m=0 is physical +x supercell order",44.05626873153628,0.28354995643245995,-0.6953644807258311,0.0,450.5
K6_L1_C_POS_PLUS10,H1F3B_K6_L1_C_POS_PLUS10_y,y,10.0,K6_L1_C,True,False,-0.004316488666369799,0.0003886423234121032,-0.08318141828202905,0.015316053031727785,-0.002638363860677784,0.00023754953159246743,True,"transverse Cartesian Ex,Ey from authoritative gratingvector; x/y input columns",2,0.007179530338784316,0.02532016026069974,0,-3,"order_n=+1, order_m=0 is physical +x supercell order",31.434491089797294,0.28354995643245995,-0.5215233605443733,0.0,450.5
K6_L1_C_POS_PLUS10,H1F3B_K6_L1_C_POS_PLUS10_y,y,10.0,K6_L1_C,True,False,0.009251482673021616,-0.0014062402307064095,-0.008303368644403586,-0.0705705808033441,0.0034306032388905284,-0.0005214572042800929,True,"transverse Cartesian Ex,Ey from authoritative gratingvector; x/y input columns",2,0.005148761205200441,0.01815821546926193,0,-2,"order_n=+1, order_m=0 is physical +x supercell order",20.345615946048625,0.28354995643245995,-0.34768224036291556,0.0,450.5
K6_L1_C_POS_PLUS10,H1F3B_K6_L1_C_POS_PLUS10_y,y,10.0,K6_L1_C,True,False,-0.010991513183590264,0.0010790187971282117,0.18650116791449128,0.09083836771728694,-0.0019403208472861203,0.00019047811085803537,True,"transverse Cartesian Ex,Ey from authoritative gratingvector; x/y input columns",2,0.04316007345354104,0.15221329601516456,0,-1,"order_n=+1, order_m=0 is physical +x supercell order",10.011225523725704,0.28354995643245995,-0.17384112018145778,0.0,450.5
K6_L1_C_POS_PLUS10,H1F3B_K6_L1_C_POS_PLUS10_y,y,10.0,K6_L1_C,True,False,0.00854719609424753,-0.00010272458179120461,-0.018040458594620487,-0.41645909850156476,0.0,0.0,True,"transverse Cartesian Ex,Ey from authoritative gratingvector; x/y input columns",2,0.1738367039844535,0.61307258224129,0,0,"order_n=+1, order_m=0 is physical +x supercell order",0.0,0.28354995643245995,0.0,0.0,450.5
K6_L1_C_POS_PLUS10,H1F3B_K6_L1_C_POS_PLUS10_y,y,10.0,K6_L1_C,True,False,-0.0018338143642391224,-0.00977585645252198,0.04656165917715701,-0.09574434807965476,0.0003237214186576328,0.001725722178382461,True,"transverse Cartesian Ex,Ey from authoritative gratingvector; x/y input columns",2,0.011436981451624488,0.04033497869483438,0,1,"order_n=+1, order_m=0 is physical +x supercell order",10.011225523725704,0.28354995643245995,0.17384112018145778,0.0,450.5
K6_L1_C_POS_PLUS10,H1F3B_K6_L1_C_POS_PLUS10_y,y,10.0,K6_L1_C,True,False,0.008416423113259998,-0.0019170636827299,0.05561570447923195,-0.020990033601848514,-0.003120949302150348,0.0007108790138375296,True,"transverse Cartesian Ex,Ey from authoritative gratingvector; x/y input columns",2,0.003618445080031958,0.01276122601307418,0,2,"order_n=+1, order_m=0 is physical +x supercell order",20.345615946048625,0.28354995643245995,0.34768224036291556,0.0,450.5
K6_L1_C_POS_PLUS10,H1F3B_K6_L1_C_POS_PLUS10_y,y,10.0,K6_L1_C,True,False,0.002477358966002199,-0.0027684083107818013,0.026694823099120486,0.06012778738798237,-0.0015142341080958428,0.0016921319626467402,True,"transverse Cartesian Ex,Ey from authoritative gratingvector; x/y input columns",2,0.004346922004002519,0.015330356804473474,0,3,"order_n=+1, order_m=0 is physical +x supercell order",31.434491089797294,0.28354995643245995,0.5215233605443733,0.0,450.5
K6_L1_C_POS_PLUS10,H1F3B_K6_L1_C_POS_PLUS10_y,y,10.0,K6_L1_C,True,False,0.001455100600270107,-0.0007270632293635431,-0.025054065193363957,0.04603220078882266,-0.0014079385927866382,0.0007034980123209324,True,"transverse Cartesian Ex,Ey from authoritative gratingvector; x/y input columns",2,0.002751792831406614,0.009704790175349845,0,4,"order_n=+1, order_m=0 is physical +x supercell order",44.05626873153628,0.28354995643245995,0.6953644807258311,0.0,450.5
K6_L1_C_POS_PLUS10,H1F3B_K6_L1_C_POS_PLUS10_y,y,10.0,K6_L1_C,True,False,0.005119146652384265,-0.006003620688280507,-0.11091749602126266,-0.03493396803593795,-0.008999056471476523,0.010553892137862028,True,"transverse Cartesian Ex,Ey from authoritative gratingvector; x/y input columns",2,0.013777689826814576,0.04858999098487376,0,5,"order_n=+1, order_m=0 is physical +x supercell order",60.36645603081336,0.28354995643245995,0.8692056009072888,0.0,450.5
K6_L1_C_POS_PLUS10,H1F3B_K6_L1_C_POS_PLUS10_y,y,10.0,K6_L1_C,True,False,-0.002422732093793757,0.005694857966862435,-0.09695426483608,-0.05531064367474183,-0.004278406749431292,0.010056794486229707,True,"transverse Cartesian Ex,Ey from authoritative gratingvector; x/y input columns",3,0.01261714169133187,0.0491202168634771,0,-5,"order_n=+1, order_m=0 is physical +x supercell order",60.47843700161232,0.2568624997401678,-0.870170313005965,0.0,451.0
K6_L1_C_POS_PLUS10,H1F3B_K6_L1_C_POS_PLUS10_y,y,10.0,K6_L1_C,True,False,-0.002442034758892849,0.009599726582232918,0.06400773396362791,-0.0012857476657531655,-0.0023679704391730808,0.009308577074135332,True,"transverse Cartesian Ex,Ey from authoritative gratingvector; x/y input columns",3,0.004289018329581742,0.01669772089705717,0,-4,"order_n=+1, order_m=0 is physical +x supercell order",44.11783097413837,0.2568624997401678,-0.696136250404772,0.0,451.0
K6_L1_C_POS_PLUS10,H1F3B_K6_L1_C_POS_PLUS10_y,y,10.0,K6_L1_C,True,False,-0.005440576666819686,-0.001951332780803838,-0.06956669181050146,0.04348074688850222,-0.003330512142945831,-0.0011945310064336283,True,"transverse Cartesian Ex,Ey from authoritative gratingvector; x/y input columns",3,0.006776026748987912,0.026379976663943858,0,-3,"order_n=+1, order_m=0 is physical +x supercell order",31.473368025635747,0.2568624997401678,-0.522102187803579,0.0,451.0
K6_L1_C_POS_PLUS10,H1F3B_K6_L1_C_POS_PLUS10_y,y,10.0,K6_L1_C,True,False,0.021408499627388985,-0.0023340199859974327,-0.03020694809712306,-0.06274726466596577,0.007948651531852724,-0.0008665862559251215,True,"transverse Cartesian Ex,Ey from authoritative gratingvector; x/y input columns",3,0.005377382474907775,0.02093486780027185,0,-2,"order_n=+1, order_m=0 is physical +x supercell order",20.369198462748614,0.2568624997401678,-0.348068125202386,0.0,451.0
K6_L1_C_POS_PLUS10,H1F3B_K6_L1_C_POS_PLUS10_y,y,10.0,K6_L1_C,True,False,-0.013982542190717364,0.012747849352259007,0.21126928571522344,0.02624310629161706,-0.002471149267356637,0.0022529407140370267,True,"transverse Cartesian Ex,Ey from authoritative gratingvector; x/y input columns",3,0.045692613184239415,0.17788744262187087,0,-1,"order_n=+1, order_m=0 is physical +x supercell order",10.022451430195186,0.2568624997401678,-0.174034062601193,0.0,451.0
K6_L1_C_POS_PLUS10,H1F3B_K6_L1_C_POS_PLUS10_y,y,10.0,K6_L1_C,True,False,0.0028085201421697162,0.0023883809720887487,-0.1653164577163361,-0.3446763039878654,0.0,0.0,True,"transverse Cartesian Ex,Ey from authoritative gratingvector; x/y input columns",3,0.14614487787166938,0.5689615183979908,0,0,"order_n=+1, order_m=0 is physical +x supercell order",0.0,0.2568624997401678,0.0,0.0,451.0
K6_L1_C_POS_PLUS10,H1F3B_K6_L1_C_POS_PLUS10_y,y,10.0,K6_L1_C,True,False,0.0018083842986198503,-0.008004981940058945,0.02867960767210486,-0.11409923831699456,-0.0003195976435243942,0.0014147288087220785,True,"transverse Cartesian Ex,Ey from authoritative gratingvector; x/y input columns",3,0.013910609670632314,0.0541558603716142,0,1,"order_n=+1, order_m=0 is physical +x supercell order",10.022451430195186,0.2568624997401678,0.174034062601193,0.0,451.0
K6_L1_C_POS_PLUS10,H1F3B_K6_L1_C_POS_PLUS10_y,y,10.0,K6_L1_C,True,False,0.007785355750582446,0.0038168490959406896,0.04572937836129472,-0.04147510844186688,-0.00289058462713171,-0.0014171382367443282,True,"transverse Cartesian Ex,Ey from authoritative gratingvector; x/y input columns",3,0.00389690452702803,0.0151711695205411,0,2,"order_n=+1, order_m=0 is physical +x supercell order",20.369198462748614,0.2568624997401678,0.348068125202386,0.0,451.0
K6_L1_C_POS_PLUS10,H1F3B_K6_L1_C_POS_PLUS10_y,y,10.0,K6_L1_C,True,False,0.0010523016834193854,-0.0001238228252569816,0.048705188097910926,0.04496488435351623,-0.0006441786871683386,7.579957940989795e-05,True,"transverse Cartesian Ex,Ey from authoritative gratingvector; x/y input columns",3,0.0043955795552601965,0.017112577973455043,0,3,"order_n=+1, order_m=0 is physical +x supercell order",31.473368025635747,0.2568624997401678,0.522102187803579,0.0,451.0
K6_L1_C_POS_PLUS10,H1F3B_K6_L1_C_POS_PLUS10_y,y,10.0,K6_L1_C,True,False,-0.0014361879955114686,-0.0048042753851577046,-0.0016255601606164848,0.053598196899823446,0.0013926299394723806,0.004658566816984229,True,"transverse Cartesian Ex,Ey from authoritative gratingvector; x/y input columns",3,0.002924194517619532,0.011384279607095371,0,4,"order_n=+1, order_m=0 is physical +x supercell order",44.11783097413837,0.2568624997401678,0.696136250404772,0.0,451.0
K6_L1_C_POS_PLUS10,H1F3B_K6_L1_C_POS_PLUS10_y,y,10.0,K6_L1_C,True,False,0.006597961814398605,-0.007590035885898968,-0.10207877914447096,-0.001231347042506438,-0.011651624391952267,0.013403570640700092,True,"transverse Cartesian Ex,Ey from authoritative gratingvector; x/y input columns",3,0.01083815116890964,0.04219436928268275,0,5,"order_n=+1, order_m=0 is physical +x supercell order",60.47843700161232,0.2568624997401678,0.870170313005965,0.0,451.0
K6_L1_C_POS_PLUS10,H1F3B_K6_L1_C_POS_PLUS10_y,y,10.0,K6_L1_C,True,False,-0.0019603296563746957,-0.002453045550873067,0.09423057063412948,0.03882954439418843,-0.003477719693660689,-0.004351821538778673,True,"transverse Cartesian Ex,Ey from authoritative gratingvector; x/y input columns",4,0.010428027169703294,0.04661057942705666,0,-5,"order_n=+1, order_m=0 is physical +x supercell order",60.59080580770663,0.22372661524241855,-0.8711350251046411,0.0,451.5
K6_L1_C_POS_PLUS10,H1F3B_K6_L1_C_POS_PLUS10_y,y,10.0,K6_L1_C,True,False,0.007731683251952991,-0.00584736560771834,-0.06059224035244257,0.0029947180994921783,0.007513341736280139,-0.005682236925143296,True,"transverse Cartesian Ex,Ey from authoritative gratingvector; x/y input columns",4,0.003863096658402045,0.017267041090378066,0,-4,"order_n=+1, order_m=0 is physical +x supercell order",44.179457423955,0.22372661524241855,-0.6969080200837129,0.0,451.5
K6_L1_C_POS_PLUS10,H1F3B_K6_L1_C_POS_PLUS10_y,y,10.0,K6_L1_C,True,False,0.0020100942756916505,0.002583884710972821,0.06382670813142313,-0.047317446759466565,0.0012323791212814068,0.0015841672741968567,True,"transverse Cartesian Ex,Ey from authoritative gratingvector; x/y input columns",4,0.006327534722176802,0.02828244067126575,0,-3,"order_n=+1, order_m=0 is physical +x supercell order",31.512261116515088,0.22372661524241855,-0.5226810150627846,0.0,451.5
K6_L1_C_POS_PLUS10,H1F3B_K6_L1_C_POS_PLUS10_y,y,10.0,K6_L1_C,True,False,-0.015943575803294096,-0.007956673362093377,0.029649411637174057,0.05708930802023707,-0.005927077283680104,-0.002957919761536969,True,"transverse Cartesian Ex,Ey from authoritative gratingvector; x/y input columns",4,0.004499662495488935,0.02011232544064252,0,-2,"order_n=+1, order_m=0 is physical +x supercell order",20.392784583834683,0.22372661524241855,-0.34845401004185644,0.0,451.5
K6_L1_C_POS_PLUS10,H1F3B_K6_L1_C_POS_PLUS10_y,y,10.0,K6_L1_C,True,False,0.017859931220371487,-0.008385105362764766,-0.21457743194441822,-0.021843040926334375,0.0031600131002491247,-0.0014836027343197527,True,"transverse Cartesian Ex,Ey from authoritative gratingvector; x/y input columns",4,0.04692206663177905,0.20972947979808632,0,-1,"order_n=+1, order_m=0 is physical +x supercell order",10.0336777253947,0.22372661524241855,-0.17422700502092822,0.0,451.5
K6_L1_C_POS_PLUS10,H1F3B_K6_L1_C_POS_PLUS10_y,y,10.0,K6_L1_C,True,False,-0.0006538874220317388,0.0053057508603579,0.17803633350651643,0.2884059457451211,0.0,0.0,True,"transverse Cartesian Ex,Ey from authoritative gratingvector; x/y input columns",4,0.11490350415053417,0.5135888907362707,0,0,"order_n=+1, order_m=0 is physical +x supercell order",0.0,0.22372661524241855,0.0,0.0,451.5
K6_L1_C_POS_PLUS10,H1F3B_K6_L1_C_POS_PLUS10_y,y,10.0,K6_L1_C,True,False,-0.00011434573984009663,0.0036614893875582333,-0.036062584805545105,0.12025237461853011,2.023154688525542e-05,-0.0006478386892055736,True,"transverse Cartesian Ex,Ey from authoritative gratingvector; x/y input columns",4,0.01577498330801858,0.07051008790762613,0,1,"order_n=+1, order_m=0 is physical +x supercell order",10.0336777253947,0.22372661524241855,0.17422700502092822,0.0,451.5
K6_L1_C_POS_PLUS10,H1F3B_K6_L1_C_POS_PLUS10_y,y,10.0,K6_L1_C,True,False,-0.0017472019133832205,-0.004074559699284767,-0.04466738886422162,0.04580389386723486,0.0006495281170662161,0.0015147311075373383,True,"transverse Cartesian Ex,Ey from authoritative gratingvector; x/y input columns",4,0.004115543369720672,0.018395412478132218,0,2,"order_n=+1, order_m=0 is physical +x supercell order",20.392784583834683,0.22372661524241855,0.34845401004185644,0.0,451.5
K6_L1_C_POS_PLUS10,H1F3B_K6_L1_C_POS_PLUS10_y,y,10.0,K6_L1_C,True,False,0.0019136108543498728,0.0021104283325810032,-0.05392978591937692,-0.04025643056896761,-0.0011732256002504144,-0.0012938934484247708,True,"transverse Cartesian Ex,Ey from authoritative gratingvector; x/y input columns",4,0.004540168444277741,0.020293376536172286,0,3,"order_n=+1, order_m=0 is physical +x supercell order",31.512261116515088,0.22372661524241855,0.5226810150627846,0.0,451.5
K6_L1_C_POS_PLUS10,H1F3B_K6_L1_C_POS_PLUS10_y,y,10.0,K6_L1_C,True,False,-0.002257982389555795,0.009766505573243668,-0.005170536984563594,-0.05205303553146824,0.0021942173229807134,-0.009490700996129014,True,"transverse Cartesian Ex,Ey from authoritative gratingvector; x/y input columns",4,0.0029316240713911723,0.013103599981676818,0,4,"order_n=+1, order_m=0 is physical +x supercell order",44.179457423955,0.22372661524241855,0.6969080200837129,0.0,451.5
K6_L1_C_POS_PLUS10,H1F3B_K6_L1_C_POS_PLUS10_y,y,10.0,K6_L1_C,True,False,-0.006068612628047411,0.0036012467545481824,0.09593453917982427,0.0032322999272409157,0.010766012533212653,-0.006388786048967471,True,"transverse Cartesian Ex,Ey from authoritative gratingvector; x/y input columns",4,0.009420404220926095,0.04210676593269261,0,5,"order_n=+1, order_m=0 is physical +x supercell order",60.59080580770663,0.22372661524241855,0.8711350251046411,0.0,451.5
K6_L1_C_POS_PLUS10,H1F3B_K6_L1_C_POS_PLUS10_y,y,10.0,K6_L1_C,True,False,-0.0032956533823964994,-0.005593966808590496,0.07377790783146272,0.06187757356487194,-0.005873642030933489,-0.009969785882850165,True,"transverse Cartesian Ex,Ey from authoritative gratingvector; x/y input columns",5,0.00944806389139389,0.05012851266434104,0,-5,"order_n=+1, order_m=0 is physical +x supercell order",60.7035669436737,0.18847684459855873,-0.8720997372033175,0.0,452.0
K6_L1_C_POS_PLUS10,H1F3B_K6_L1_C_POS_PLUS10_y,y,10.0,K6_L1_C,True,False,0.006269909596566466,0.0008923515970141653,-0.05535090452479277,-0.019573805322297782,0.006105987934794816,0.0008690217938624184,True,"transverse Cartesian Ex,Ey from authoritative gratingvector; x/y input columns",5,0.0035250028317678176,0.018702577705371735,0,-4,"order_n=+1, order_m=0 is physical +x supercell order",44.24114835382224,0.18847684459855873,-0.697679789762654,0.0,452.0
K6_L1_C_POS_PLUS10,H1F3B_K6_L1_C_POS_PLUS10_y,y,10.0,K6_L1_C,True,False,-0.0008106219329560839,0.0011973412610615962,0.07225852700734121,-0.02218881791073194,-0.0004977461298183703,0.0007352033722945706,True,"transverse Cartesian Ex,Ey from authoritative gratingvector; x/y input columns",5,0.005716517374768291,0.03033007787743919,0,-3,"order_n=+1, order_m=0 is physical +x supercell order",31.551170400535213,0.18847684459855873,-0.5232598423219905,0.0,452.0
K6_L1_C_POS_PLUS10,H1F3B_K6_L1_C_POS_PLUS10_y,y,10.0,K6_L1_C,True,False,-0.007858619897887033,-0.014112016579130367,0.0013479342387704536,0.05978300833966416,-0.0029251513165953146,-0.005252803216421894,True,"transverse Cartesian Ex,Ey from authoritative gratingvector; x/y input columns",5,0.003872880383336955,0.02054830868792341,0,-2,"order_n=+1, order_m=0 is physical +x supercell order",20.416374314958784,0.18847684459855873,-0.348839894881327,0.0,452.0
K6_L1_C_POS_PLUS10,H1F3B_K6_L1_C_POS_PLUS10_y,y,10.0,K6_L1_C,True,False,0.015892707312596423,0.002290216306333359,-0.1915023333417772,-0.10609151701286998,0.0028151577209329553,0.0004056778993388256,True,"transverse Cartesian Ex,Ey from authoritative gratingvector; x/y input columns",5,0.048194466581442635,0.2557049736485835,0,-1,"order_n=+1, order_m=0 is physical +x supercell order",10.044904409795663,0.18847684459855873,-0.1744199474406635,0.0,452.0
K6_L1_C_POS_PLUS10,H1F3B_K6_L1_C_POS_PLUS10_y,y,10.0,K6_L1_C,True,False,-0.01237260804283834,0.005743970274526086,0.06540963050970593,0.27711944166656566,0.0,0.0,True,"transverse Cartesian Ex,Ey from authoritative gratingvector; x/y input columns",5,0.08125967933730172,0.4311387932580186,0,0,"order_n=+1, order_m=0 is physical +x supercell order",0.0,0.18847684459855873,0.0,0.0,452.0
K6_L1_C_POS_PLUS10,H1F3B_K6_L1_C_POS_PLUS10_y,y,10.0,K6_L1_C,True,False,0.00035039625812909145,0.005809994571650332,-0.09117412631765819,0.09358148508576918,-6.206750757162057e-05,-0.0010291544892415102,True,"transverse Cartesian Ex,Ey from authoritative gratingvector; x/y input columns",5,0.017105157486444873,0.09075468937777238,0,1,"order_n=+1, order_m=0 is physical +x supercell order",10.044904409795663,0.18847684459855873,0.1744199474406635,0.0,452.0
K6_L1_C_POS_PLUS10,H1F3B_K6_L1_C_POS_PLUS10_y,y,10.0,K6_L1_C,True,False,-0.0010000203009883184,-0.0003226988256488192,-0.06099906618966573,0.028425224234135453,0.0003722295693222841,0.000120115606426544,True,"transverse Cartesian Ex,Ey from authoritative gratingvector; x/y input columns",5,0.004530136606517753,0.024035507471310856,0,2,"order_n=+1, order_m=0 is physical +x supercell order",20.416374314958784,0.18847684459855873,0.348839894881327,0.0,452.0
K6_L1_C_POS_PLUS10,H1F3B_K6_L1_C_POS_PLUS10_y,y,10.0,K6_L1_C,True,False,0.0012902581733148463,0.004555828807031089,-0.03911115977249894,-0.05453882709726928,-0.00079225713754377,-0.0027974152494805726,True,"transverse Cartesian Ex,Ey from authoritative gratingvector; x/y input columns",5,0.00453504002561857,0.02406152350055445,0,3,"order_n=+1, order_m=0 is physical +x supercell order",31.551170400535213,0.18847684459855873,0.5232598423219905,0.0,452.0
K6_L1_C_POS_PLUS10,H1F3B_K6_L1_C_POS_PLUS10_y,y,10.0,K6_L1_C,True,False,-0.007287128471691327,0.007275281912198384,0.012042202661531349,-0.05049939395374259,0.007096612453840403,-0.007085075612962768,True,"transverse Cartesian Ex,Ey from authoritative gratingvector; x/y input columns",5,0.002901795607662985,0.01539603240835015,0,4,"order_n=+1, order_m=0 is physical +x supercell order",44.24114835382224,0.18847684459855873,0.697679789762654,0.0,452.0
K6_L1_C_POS_PLUS10,H1F3B_K6_L1_C_POS_PLUS10_y,y,10.0,K6_L1_C,True,False,-0.005712266675350399,0.001699616073696636,0.07655786055559763,0.037130298651095094,0.010180624520604456,-0.0030291220734067086,True,"transverse Cartesian Ex,Ey from authoritative gratingvector; x/y input columns",5,0.007388104472303269,0.039199003400334755,0,5,"order_n=+1, order_m=0 is physical +x supercell order",60.7035669436737,0.18847684459855873,0.8720997372033175,0.0,452.0
K6_L1_C_POS_PLUS10,H1F3B_K6_L1_C_POS_PLUS10_y,y,10.0,K6_L1_C,True,False,-0.002887294649154394,0.0072610970317391315,-0.008989726411387384,-0.09363410481349581,-0.005169748478647833,0.01300111346243844,True,"transverse Cartesian Ex,Ey from authoritative gratingvector; x/y input columns",6,0.00910497601626736,0.05662334260534173,0,-5,"order_n=+1, order_m=0 is physical +x supercell order",60.816724989217754,0.16079898496505246,-0.8730644493019938,0.0,452.5
K6_L1_C_POS_PLUS10,H1F3B_K6_L1_C_POS_PLUS10_y,y,10.0,K6_L1_C,True,False,-0.00036070816787469104,-0.005717714634574865,0.019900223193808735,0.05301015459739601,-0.0003520360520773885,-0.005580249814470789,True,"transverse Cartesian Ex,Ey from authoritative gratingvector; x/y input columns",6,0.0032701808620018936,0.020337074035091853,0,-4,"order_n=+1, order_m=0 is physical +x supercell order",44.30290403830596,0.16079898496505246,-0.698451559441595,0.0,452.5
K6_L1_C_POS_PLUS10,H1F3B_K6_L1_C_POS_PLUS10_y,y,10.0,K6_L1_C,True,False,0.0018283263190456943,0.000703231556323502,-0.05875232740779404,-0.03905633825732078,0.0011243582455928182,0.00043246339052106515,True,"transverse Cartesian Ex,Ey from authoritative gratingvector; x/y input columns",6,0.004982522051702183,0.030986029251273375,0,-3,"order_n=+1, order_m=0 is physical +x supercell order",31.59009591590528,0.16079898496505246,-0.5238386695811963,0.0,452.5
K6_L1_C_POS_PLUS10,H1F3B_K6_L1_C_POS_PLUS10_y,y,10.0,K6_L1_C,True,False,-0.0023172811007138258,0.01645999728553206,0.04786843710638157,-0.035809413826787866,-0.000863629621497306,0.006134491504363362,True,"transverse Cartesian Ex,Ey from authoritative gratingvector; x/y input columns",6,0.003888380534105435,0.024181623627478267,0,-2,"order_n=+1, order_m=0 is physical +x supercell order",20.43996766177964,0.16079898496505246,-0.3492257797207975,0.0,452.5
K6_L1_C_POS_PLUS10,H1F3B_K6_L1_C_POS_PLUS10_y,y,10.0,K6_L1_C,True,False,-0.008227943112989607,-0.011280417605384448,0.0313266915889854,0.22073988304762102,-0.0014591211682498952,-0.0020004387352569714,True,"transverse Cartesian Ex,Ey from authoritative gratingvector; x/y input columns",6,0.04990853523272841,0.31037842212483724,0,-1,"order_n=+1, order_m=0 is physical +x supercell order",10.056131483869633,0.16079898496505246,-0.17461288986039875,0.0,452.5
K6_L1_C_POS_PLUS10,H1F3B_K6_L1_C_POS_PLUS10_y,y,10.0,K6_L1_C,True,False,0.011151745608899446,0.015079634692616585,0.13041162866031966,-0.18508896107471917,0.0,0.0,True,"transverse Cartesian Ex,Ey from authoritative gratingvector; x/y input columns",6,0.051616873214144376,0.3210024816099593,0,0,"order_n=+1, order_m=0 is physical +x supercell order",0.0,0.16079898496505246,0.0,0.0,452.5
K6_L1_C_POS_PLUS10,H1F3B_K6_L1_C_POS_PLUS10_y,y,10.0,K6_L1_C,True,False,0.00450116812842795,-0.001978651970917829,0.1381477560040061,0.031120264637544602,-0.0007982249765038308,0.0003508887866285405,True,"transverse Cartesian Ex,Ey from authoritative gratingvector; x/y input columns",6,0.0200782092242493,0.12486527342578085,0,1,"order_n=+1, order_m=0 is physical +x supercell order",10.056131483869633,0.16079898496505246,0.17461288986039875,0.0,452.5
K6_L1_C_POS_PLUS10,H1F3B_K6_L1_C_POS_PLUS10_y,y,10.0,K6_L1_C,True,False,0.001954622440551632,0.0003510201200466287,0.06439989644450235,0.030627366729152096,-0.0007284700323943202,-0.00013082201089907686,True,"transverse Cartesian Ex,Ey from authoritative gratingvector; x/y input columns",6,0.005089873801821014,0.031653643851839185,0,2,"order_n=+1, order_m=0 is physical +x supercell order",20.43996766177964,0.16079898496505246,0.3492257797207975,0.0,452.5
K6_L1_C_POS_PLUS10,H1F3B_K6_L1_C_POS_PLUS10_y,y,10.0,K6_L1_C,True,False,0.00290424841803232,-0.002627849164645817,-0.015388183703038025,0.06424288307416198,-0.001786013591801785,0.0016160374904989163,True,"transverse Cartesian Ex,Ey from authoritative gratingvector; x/y input columns",6,0.004385085895185463,0.027270606814704106,0,3,"order_n=+1, order_m=0 is physical +x supercell order",31.59009591590528,0.16079898496505246,0.5238386695811963,0.0,452.5
K6_L1_C_POS_PLUS10,H1F3B_K6_L1_C_POS_PLUS10_y,y,10.0,K6_L1_C,True,False,0.009938249429253256,0.0037003480866730745,-0.04788695755871234,0.02666654949538609,-0.009699314862340701,-0.0036113846254710977,True,"transverse Cartesian Ex,Ey from authoritative gratingvector; x/y input columns",6,0.003223845751612302,0.02004891854456023,0,4,"order_n=+1, order_m=0 is physical +x supercell order",44.30290403830596,0.16079898496505246,0.698451559441595,0.0,452.5
K6_L1_C_POS_PLUS10,H1F3B_K6_L1_C_POS_PLUS10_y,y,10.0,K6_L1_C,True,False,0.005963128614325697,0.003095706951154642,-0.0032296668463146407,-0.07106479719936193,-0.01067707969843682,-0.0055429141275062975,True,"transverse Cartesian Ex,Ey from authoritative gratingvector; x/y input columns",6,0.00525050238123472,0.03265258410913382,0,5,"order_n=+1, order_m=0 is physical +x supercell order",60.816724989217754,0.16079898496505246,0.8730644493019938,0.0,452.5
K6_L1_C_POS_PLUS10,H1F3B_K6_L1_C_POS_PLUS10_y,y,10.0,K6_L1_C,True,False,-0.006882302051070248,-0.0030107827513999076,0.08510295712435835,-0.0238240659885649,-0.012380451105883499,-0.0054160436969411165,True,"transverse Cartesian Ex,Ey from authoritative gratingvector; x/y input columns",7,0.008049139424748513,0.05790700140492942,0,-5,"order_n=+1, order_m=0 is physical +x supercell order",60.93028461144274,0.1390011437211687,-0.8740291614006699,0.0,453.0
K6_L1_C_POS_PLUS10,H1F3B_K6_L1_C_POS_PLUS10_y,y,10.0,K6_L1_C,True,False,0.005473805048720475,0.001281342311542084,-0.04728026877131755,0.0229075983982837,0.005353748066949759,0.001253238626962595,True,"transverse Cartesian Ex,Ey from authoritative gratingvector; x/y input columns",7,0.002822019484716302,0.020302131400998912,0,-4,"order_n=+1, order_m=0 is physical +x supercell order",44.36472475371748,0.1390011437211687,-0.699223329120536,0.0,453.0
K6_L1_C_POS_PLUS10,H1F3B_K6_L1_C_POS_PLUS10_y,y,10.0,K6_L1_C,True,False,-0.001309684249329694,0.0012908590782179513,0.034321455757649263,-0.055362645754912544,-0.0008066383785094507,0.0007950439002918871,True,"transverse Cartesian Ex,Ey from authoritative gratingvector; x/y input columns",7,0.004247649220578046,0.030558376045442315,0,-3,"order_n=+1, order_m=0 is physical +x supercell order",31.629037700944195,0.1390011437211687,-0.524417496840402,0.0,453.0
K6_L1_C_POS_PLUS10,H1F3B_K6_L1_C_POS_PLUS10_y,y,10.0,K6_L1_C,True,False,-0.013243885407940994,0.0026788869299247567,0.03713212167104597,0.04223331151945809,-0.004942088805950286,0.0009996535533937363,True,"transverse Cartesian Ex,Ey from authoritative gratingvector; x/y input columns",7,0.0033704475465676604,0.024247624561483157,0,-2,"order_n=+1, order_m=0 is physical +x supercell order",20.463564629962768,0.1390011437211687,-0.349611664560268,0.0,453.0
K6_L1_C_POS_PLUS10,H1F3B_K6_L1_C_POS_PLUS10_y,y,10.0,K6_L1_C,True,False,0.009291966434029518,-0.010792531043633043,-0.22140842121433998,0.03206217440690913,0.001649690330864001,-0.001916099701245912,True,"transverse Cartesian Ex,Ey from authoritative gratingvector; x/y input columns",7,0.05025888429511743,0.36157173207103205,0,-1,"order_n=+1, order_m=0 is physical +x supercell order",10.06735894808831,0.1390011437211687,-0.174805832280134,0.0,453.0
K6_L1_C_POS_PLUS10,H1F3B_K6_L1_C_POS_PLUS10_y,y,10.0,K6_L1_C,True,False,-0.019711330890489036,0.003033419172224091,0.14911783995377795,0.07121538252398474,0.0,0.0,True,"transverse Cartesian Ex,Ey from authoritative gratingvector; x/y input columns",7,0.027705499097866765,0.1993184973603023,0,0,"order_n=+1, order_m=0 is physical +x supercell order",0.0,0.1390011437211687,0.0,0.0,453.0
K6_L1_C_POS_PLUS10,H1F3B_K6_L1_C_POS_PLUS10_y,y,10.0,K6_L1_C,True,False,-0.0002808980848024006,0.0028402574796482665,-0.042867116521062044,0.14856017910532435,4.987048304002343e-05,-0.0005042576654367,True,"transverse Cartesian Ex,Ey from authoritative gratingvector; x/y input columns",7,0.02391611922377932,0.17205699596079724,0,1,"order_n=+1, order_m=0 is physical +x supercell order",10.06735894808831,0.1390011437211687,0.174805832280134,0.0,453.0
K6_L1_C_POS_PLUS10,H1F3B_K6_L1_C_POS_PLUS10_y,y,10.0,K6_L1_C,True,False,0.0008187935038371032,0.00010216157588240532,-0.028536209190640417,0.07062388577975541,-0.00030554101648084793,-3.812261772243548e-05,True,"transverse Cartesian Ex,Ey from authoritative gratingvector; x/y input columns",7,0.005802824146040177,0.04174659280272135,0,2,"order_n=+1, order_m=0 is physical +x supercell order",20.463564629962768,0.1390011437211687,0.349611664560268,0.0,453.0
K6_L1_C_POS_PLUS10,H1F3B_K6_L1_C_POS_PLUS10_y,y,10.0,K6_L1_C,True,False,0.0013279689318442627,0.004251003853425677,-0.06543703160490728,-0.011988616910688251,-0.0008178999682114421,-0.0026182057676265975,True,"transverse Cartesian Ex,Ey from authoritative gratingvector; x/y input columns",7,0.004453090537738291,0.03203635897177243,0,3,"order_n=+1, order_m=0 is physical +x supercell order",31.629037700944195,0.1390011437211687,0.524417496840402,0.0,453.0
K6_L1_C_POS_PLUS10,H1F3B_K6_L1_C_POS_PLUS10_y,y,10.0,K6_L1_C,True,False,-0.004988569543887279,0.011855151280593692,-0.03621629832548009,-0.0448495958692463,0.00487915523383025,-0.011595132213689574,True,"transverse Cartesian Ex,Ey from authoritative gratingvector; x/y input columns",7,0.0036467901988636035,0.02623568483852862,0,4,"order_n=+1, order_m=0 is physical +x supercell order",44.36472475371748,0.1390011437211687,0.699223329120536,0.0,453.0
K6_L1_C_POS_PLUS10,H1F3B_K6_L1_C_POS_PLUS10_y,y,10.0,K6_L1_C,True,False,-0.004135949324269524,0.005583043604954694,0.06583509556586604,0.013781247189784008,0.007440085890674906,-0.010043238128789819,True,"transverse Cartesian Ex,Ey from authoritative gratingvector; x/y input columns",7,0.004728680545152594,0.034019004581992196,0,5,"order_n=+1, order_m=0 is physical +x supercell order",60.93028461144274,0.1390011437211687,0.8740291614006699,0.0,453.0
K6_L1_C_POS_PLUS10,H1F3B_K6_L1_C_POS_PLUS10_y,y,10.0,K6_L1_C,True,False,-0.0069868069399916756,0.0029458760355300538,0.026548763748060557,-0.07824033412311665,-0.01262752333072629,0.00532419439775268,True,"transverse Cartesian Ex,Ey from authoritative gratingvector; x/y input columns",8,0.007071681788533792,0.06195486232793589,0,-5,"order_n=+1, order_m=0 is physical +x supercell order",61.04425056720387,0.11414248249156579,-0.8749938734993462,0.0,453.5
K6_L1_C_POS_PLUS10,H1F3B_K6_L1_C_POS_PLUS10_y,y,10.0,K6_L1_C,True,False,0.0028386904945648032,0.00041961047040040483,-0.03300540871847926,0.04723733910770841,0.0027824350352005263,0.0004112948826983874,True,"transverse Cartesian Ex,Ey from authoritative gratingvector; x/y input columns",8,0.0033368685555269523,0.029234238494624646,0,-4,"order_n=+1, order_m=0 is physical +x supercell order",44.42661077812934,0.11414248249156579,-0.699995098799477,0.0,453.5
K6_L1_C_POS_PLUS10,H1F3B_K6_L1_C_POS_PLUS10_y,y,10.0,K6_L1_C,True,False,-0.0011947689794993416,0.0012262434919830473,-0.026661118816837887,-0.055597403387404654,-0.000736982740448624,0.0007563975167464202,True,"transverse Cartesian Ex,Ey from authoritative gratingvector; x/y input columns",8,0.003805932946766405,0.033343702219264706,0,-3,"order_n=+1, order_m=0 is physical +x supercell order",31.66799579408111,0.11414248249156579,-0.5249963240996077,0.0,453.5
K6_L1_C_POS_PLUS10,H1F3B_K6_L1_C_POS_PLUS10_y,y,10.0,K6_L1_C,True,False,-0.02732115921888191,0.014356276312428824,0.05175716175899222,0.021995571488127676,-0.010207987714524367,0.005363926583404609,True,"transverse Cartesian Ex,Ey from authoritative gratingvector; x/y input columns",8,0.004248132090630159,0.037217800050424354,0,-2,"order_n=+1, order_m=0 is physical +x supercell order",20.487165225180483,0.11414248249156579,-0.3499975493997385,0.0,453.5
K6_L1_C_POS_PLUS10,H1F3B_K6_L1_C_POS_PLUS10_y,y,10.0,K6_L1_C,True,False,-0.0019803149891180483,-0.012897970473441886,-0.12394070722786588,0.17873926742125462,-0.00035198428896347214,-0.002292505480750908,True,"transverse Cartesian Ex,Ey from authoritative gratingvector; x/y input columns",8,0.04748468339053917,0.41601235888704197,0,-1,"order_n=+1, order_m=0 is physical +x supercell order",10.078586802923537,0.11414248249156579,-0.17499877469986924,0.0,453.5
K6_L1_C_POS_PLUS10,H1F3B_K6_L1_C_POS_PLUS10_y,y,10.0,K6_L1_C,True,False,-0.014570884981650432,0.01222501353115412,0.07305703124350718,-0.06832883667773255,0.0,0.0,True,"transverse Cartesian Ex,Ey from authoritative gratingvector; x/y input columns",8,0.01036792138083242,0.09083315129052433,0,0,"order_n=+1, order_m=0 is physical +x supercell order",0.0,0.11414248249156579,0.0,0.0,453.5
K6_L1_C_POS_PLUS10,H1F3B_K6_L1_C_POS_PLUS10_y,y,10.0,K6_L1_C,True,False,0.002238570128188048,0.0004097272089376954,0.06750059435797034,0.12984206548537286,-0.00039788696202115584,-7.282555608547474e-05,True,"transverse Cartesian Ex,Ey from authoritative gratingvector; x/y input columns",8,0.021420634898387834,0.18766575275748576,0,1,"order_n=+1, order_m=0 is physical +x supercell order",10.078586802923537,0.11414248249156579,0.17499877469986924,0.0,453.5
K6_L1_C_POS_PLUS10,H1F3B_K6_L1_C_POS_PLUS10_y,y,10.0,K6_L1_C,True,False,0.004923945460698814,0.020984307541255017,0.015981875758102716,0.07403650911287289,-0.0018397306778646437,-0.00784035376620811,True,"transverse Cartesian Ex,Ey from authoritative gratingvector; x/y input columns",8,0.00626626719240022,0.054898641203666186,0,2,"order_n=+1, order_m=0 is physical +x supercell order",20.487165225180483,0.11414248249156579,0.3499975493997385,0.0,453.5
K6_L1_C_POS_PLUS10,H1F3B_K6_L1_C_POS_PLUS10_y,y,10.0,K6_L1_C,True,False,0.0035240105295346997,-0.0006543452625845446,-0.046021282000829576,0.04475803643799352,-0.0021737549116102746,0.00040362712214139616,True,"transverse Cartesian Ex,Ey from authoritative gratingvector; x/y input columns",8,0.004138975165989054,0.03626147842276771,0,3,"order_n=+1, order_m=0 is physical +x supercell order",31.66799579408111,0.11414248249156579,0.5249963240996077,0.0,453.5
K6_L1_C_POS_PLUS10,H1F3B_K6_L1_C_POS_PLUS10_y,y,10.0,K6_L1_C,True,False,0.0022361919450237266,0.012568184176283198,-0.047614307828934055,-0.016064227197426784,-0.002191876439217487,-0.012319115468170995,True,"transverse Cartesian Ex,Ey from authoritative gratingvector; x/y input columns",8,0.0028447064416259283,0.024922416084967567,0,4,"order_n=+1, order_m=0 is physical +x supercell order",44.42661077812934,0.11414248249156579,0.699995098799477,0.0,453.5
K6_L1_C_POS_PLUS10,H1F3B_K6_L1_C_POS_PLUS10_y,y,10.0,K6_L1_C,True,False,0.0003353402741652337,0.007521087482786695,0.045415955402623824,-0.029193310895099425,-0.0006060732995949489,-0.013593148984511031,True,"transverse Cartesian Ex,Ey from authoritative gratingvector; x/y input columns",8,0.0031566786403338506,0.027655598261296828,0,5,"order_n=+1, order_m=0 is physical +x supercell order",61.04425056720387,0.11414248249156579,0.8749938734993462,0.0,453.5
K6_L1_C_POS_PLUS10,H1F3B_K6_L1_C_POS_PLUS10_y,y,10.0,K6_L1_C,True,False,0.0068735369131011255,-0.004326986525358883,-0.022295391526619905,0.08409369332779337,0.01248155988833872,-0.007857314528908966,True,"transverse Cartesian Ex,Ey from authoritative gratingvector; x/y input columns",9,0.007852328791773028,0.06718929336403393,0,-5,"order_n=+1, order_m=0 is physical +x supercell order",61.1586277055407,0.1168687509366833,-0.8759585855980222,0.0,454.0
K6_L1_C_POS_PLUS10,H1F3B_K6_L1_C_POS_PLUS10_y,y,10.0,K6_L1_C,True,False,-0.0069122013370818474,-0.0028800124406238256,0.017412249561960254,-0.03347844872035424,-0.006789889523361047,-0.002829050449215762,True,"transverse Cartesian Ex,Ey from authoritative gratingvector; x/y input columns",9,0.0015341720886955347,0.013127307996358348,0,-4,"order_n=+1, order_m=0 is physical +x supercell order",44.48856239139124,0.1168687509366833,-0.7007668684784177,0.0,454.0
K6_L1_C_POS_PLUS10,H1F3B_K6_L1_C_POS_PLUS10_y,y,10.0,K6_L1_C,True,False,0.0017191904741184244,-0.004554619523594324,0.019042048424480124,0.053486698717844984,0.0010620826226524912,-0.0028137558470848543,True,"transverse Cartesian Ex,Ey from authoritative gratingvector; x/y input columns",9,0.0032561719642891186,0.02786178459332756,0,-3,"order_n=+1, order_m=0 is physical +x supercell order",31.70697023385587,0.1168687509366833,-0.5255751513588133,0.0,454.0
K6_L1_C_POS_PLUS10,H1F3B_K6_L1_C_POS_PLUS10_y,y,10.0,K6_L1_C,True,False,0.021262704115527328,-0.0015563207286863573,-0.03495255697662125,-0.01782337052766683,0.007954354904864916,-0.0005822179227302024,True,"transverse Cartesian Ex,Ey from authoritative gratingvector; x/y input columns",9,0.0020574892363475566,0.017605127289006924,0,-2,"order_n=+1, order_m=0 is physical +x supercell order",20.51076945311192,0.1168687509366833,-0.35038343423920887,0.0,454.0
K6_L1_C_POS_PLUS10,H1F3B_K6_L1_C_POS_PLUS10_y,y,10.0,K6_L1_C,True,False,0.0012857121700237735,0.017539912822500597,0.14008784063345323,-0.17610983191779075,0.00022878442543477722,0.003121117596015038,True,"transverse Cartesian Ex,Ey from authoritative gratingvector; x/y input columns",9,0.05095837130642286,0.4360307686870966,0,-1,"order_n=+1, order_m=0 is physical +x supercell order",10.089815048847298,0.1168687509366833,-0.17519171711960443,0.0,454.0
K6_L1_C_POS_PLUS10,H1F3B_K6_L1_C_POS_PLUS10_y,y,10.0,K6_L1_C,True,False,0.014763816591250062,-0.010014954576675677,0.012017257892942513,0.0834203418030819,0.0,0.0,True,"transverse Cartesian Ex,Ey from authoritative gratingvector; x/y input columns",9,0.007421637509321454,0.06350403721985803,0,0,"order_n=+1, order_m=0 is physical +x supercell order",0.0,0.1168687509366833,0.0,0.0,454.0
K6_L1_C_POS_PLUS10,H1F3B_K6_L1_C_POS_PLUS10_y,y,10.0,K6_L1_C,True,False,-0.0018692189656808985,0.004127686156560416,-0.06132741286798935,-0.15506133418859142,0.0003326158039455946,-0.0007344958908542462,True,"transverse Cartesian Ex,Ey from authoritative gratingvector; x/y input columns",9,0.027826250819462297,0.23809829912991795,0,1,"order_n=+1, order_m=0 is physical +x supercell order",10.089815048847298,0.1168687509366833,0.17519171711960443,0.0,454.0
K6_L1_C_POS_PLUS10,H1F3B_K6_L1_C_POS_PLUS10_y,y,10.0,K6_L1_C,True,False,0.012343248332239907,-0.006591551325007003,-0.028445396735796748,-0.06626663054520124,-0.004617596020715885,0.002465892312090709,True,"transverse Cartesian Ex,Ey from authoritative gratingvector; x/y input columns",9,0.005423614065437979,0.046407735360980834,0,2,"order_n=+1, order_m=0 is physical +x supercell order",20.51076945311192,0.1168687509366833,0.35038343423920887,0.0,454.0
K6_L1_C_POS_PLUS10,H1F3B_K6_L1_C_POS_PLUS10_y,y,10.0,K6_L1_C,True,False,-0.005191630315403371,0.0011931466431428347,0.04754256974607769,-0.0470485797565376,0.003207288793321903,-0.0007371029185163271,True,"transverse Cartesian Ex,Ey from authoritative gratingvector; x/y input columns",9,0.004513071441528056,0.038616579755978826,0,3,"order_n=+1, order_m=0 is physical +x supercell order",31.70697023385587,0.1168687509366833,0.5255751513588133,0.0,454.0
K6_L1_C_POS_PLUS10,H1F3B_K6_L1_C_POS_PLUS10_y,y,10.0,K6_L1_C,True,False,-0.003451056020364532,-0.009414436431098194,0.04545364230979609,-0.0012559166768596696,0.0033899893788536125,0.009247847418583562,True,"transverse Cartesian Ex,Ey from authoritative gratingvector; x/y input columns",9,0.002265167036763127,0.01938214465892889,0,4,"order_n=+1, order_m=0 is physical +x supercell order",44.48856239139124,0.1168687509366833,0.7007668684784177,0.0,454.0
K6_L1_C_POS_PLUS10,H1F3B_K6_L1_C_POS_PLUS10_y,y,10.0,K6_L1_C,True,False,0.0021042582299452004,-0.007739403256352861,-0.058050814367970466,0.010683689453639322,-0.003821093194033777,0.01405387451401481,True,"transverse Cartesian Ex,Ey from authoritative gratingvector; x/y input columns",9,0.003760476676642277,0.03217692194451204,0,5,"order_n=+1, order_m=0 is physical +x supercell order",61.1586277055407,0.1168687509366833,0.8759585855980222,0.0,454.0
K6_L1_C_POS_MINUS10,H1F3B_K6_L1_C_POS_MINUS10_x,x,-10.0,K6_L1_C,True,False,0.061807011378348195,0.014360106915472265,0.01514704329745319,-0.010875031156916902,0.10816112954495896,0.02512992215164711,True,"transverse Cartesian Ex,Ey from authoritative gratingvector; x/y input columns",1,0.01670436148125514,0.017311399490248593,0,-5,"order_n=+1, order_m=0 is physical +x supercell order",60.25485848366181,0.9649342036537605,-0.8682408888086127,0.0,450.0
K6_L1_C_POS_MINUS10,H1F3B_K6_L1_C_POS_MINUS10_x,x,-10.0,K6_L1_C,True,False,-0.04169402631812418,-0.06827770114135798,0.004536192413111644,-0.00014145611999109734,-0.04025609940332737,-0.06592296707459948,True,"transverse Cartesian Ex,Ey from authoritative gratingvector; x/y input columns",1,0.012387224482296988,0.012837377341783808,0,-4,"order_n=+1, order_m=0 is physical +x supercell order",43.994770425027035,0.9649342036537605,-0.6945927110468901,0.0,450.0
K6_L1_C_POS_MINUS10,H1F3B_K6_L1_C_POS_MINUS10_x,x,-10.0,K6_L1_C,True,False,0.03067463323784651,-0.013233086186473288,-0.004882592944881594,-0.00640408667492753,0.018720665155591957,-0.008076125101518818,True,"transverse Cartesian Ex,Ey from authoritative gratingvector; x/y input columns",1,0.001596586834823598,0.0016546069449896795,0,-3,"order_n=+1, order_m=0 is physical +x supercell order",31.39563027100863,0.9649342036537605,-0.5209445332851677,0.0,450.0
K6_L1_C_POS_MINUS10,H1F3B_K6_L1_C_POS_MINUS10_x,x,-10.0,K6_L1_C,True,False,-0.07003412099705213,0.08319789988284486,0.0012919464897931,0.004214368072284528,-0.02593703462155631,0.030812220942888015,True,"transverse Cartesian Ex,Ey from authoritative gratingvector; x/y input columns",1,0.01346822139711996,0.01395765778238767,0,-2,"order_n=+1, order_m=0 is physical +x supercell order",20.32203702808953,0.9649342036537605,-0.34729635552344507,0.0,450.0
K6_L1_C_POS_MINUS10,H1F3B_K6_L1_C_POS_MINUS10_x,x,-10.0,K6_L1_C,True,False,0.011671559354363575,-0.0641561463416166,0.009074083049331176,0.010640572103648155,0.0020580108222729397,-0.011312459584675,True,"transverse Cartesian Ex,Ey from authoritative gratingvector; x/y input columns",1,0.004580004319447949,0.004746442091186722,0,-1,"order_n=+1, order_m=0 is physical +x supercell order",10.000000005514977,0.9649342036537605,-0.17364817776172253,0.0,450.0
K6_L1_C_POS_MINUS10,H1F3B_K6_L1_C_POS_MINUS10_x,x,-10.0,K6_L1_C,True,False,-0.01767980986215968,0.9418542272687898,0.009075518120464119,0.012482659307704888,0.0,0.0,True,"transverse Cartesian Ex,Ey from authoritative gratingvector; x/y input columns",1,0.8876401429133984,0.9198970660925013,0,0,"order_n=+1, order_m=0 is physical +x supercell order",0.0,0.9649342036537605,0.0,0.0,450.0
K6_L1_C_POS_MINUS10,H1F3B_K6_L1_C_POS_MINUS10_x,x,-10.0,K6_L1_C,True,False,0.020514568399982922,0.08023690337636237,0.004494333940451093,0.001645024192895303,-0.003617271908542288,-0.0141479309217141,True,"transverse Cartesian Ex,Ey from authoritative gratingvector; x/y input columns",1,0.007094961927654718,0.007352793486632946,0,1,"order_n=+1, order_m=0 is physical +x supercell order",10.000000005514977,0.9649342036537605,0.17364817776172253,0.0,450.0
K6_L1_C_POS_MINUS10,H1F3B_K6_L1_C_POS_MINUS10_x,x,-10.0,K6_L1_C,True,False,-0.03960955692621341,-0.047107027323487684,0.002158622045245254,-0.006571140049548582,0.01466934166822692,0.017446018900691675,True,"transverse Cartesian Ex,Ey from authoritative gratingvector; x/y input columns",1,0.004355381714294228,0.004513656680219654,0,2,"order_n=+1, order_m=0 is physical +x supercell order",20.32203702808953,0.9649342036537605,0.34729635552344507,0.0,450.0
K6_L1_C_POS_MINUS10,H1F3B_K6_L1_C_POS_MINUS10_x,x,-10.0,K6_L1_C,True,False,-0.008294260800780473,-0.026236089793681232,-0.004304009153615965,0.00634741924577573,0.005061970194088105,0.016011831281280274,True,"transverse Cartesian Ex,Ey from authoritative gratingvector; x/y input columns",1,0.001097943678995545,0.0011378430517211837,0,3,"order_n=+1, order_m=0 is physical +x supercell order",31.39563027100863,0.9649342036537605,0.5209445332851677,0.0,450.0
K6_L1_C_POS_MINUS10,H1F3B_K6_L1_C_POS_MINUS10_x,x,-10.0,K6_L1_C,True,False,0.06887999106759893,-0.041411369340071606,0.0026495274382895223,3.325507370523707e-05,-0.06650448546659604,0.0399831905861575,True,"transverse Cartesian Ex,Ey from authoritative gratingvector; x/y input columns",1,0.012487877898264192,0.01294168851200254,0,4,"order_n=+1, order_m=0 is physical +x supercell order",43.994770425027035,0.9649342036537605,0.6945927110468901,0.0,450.0
K6_L1_C_POS_MINUS10,H1F3B_K6_L1_C_POS_MINUS10_x,x,-10.0,K6_L1_C,True,False,0.01051749194297895,0.02605859797763614,-0.017635257773293663,0.0015870606853474868,-0.018405416847757813,-0.04560206566801375,True,"transverse Cartesian Ex,Ey from authoritative gratingvector; x/y input columns",1,0.0035214970062097473,0.0036494685263259025,0,5,"order_n=+1, order_m=0 is physical +x supercell order",60.25485848366181,0.9649342036537605,0.8682408888086127,0.0,450.0
K6_L1_C_POS_MINUS10,H1F3B_K6_L1_C_POS_MINUS10_x,x,-10.0,K6_L1_C,True,False,-0.06763787261848675,0.023610938218376367,-0.009511958637215262,0.016662878847227235,-0.11890205079801806,0.04150616905510033,True,"transverse Cartesian Ex,Ey from authoritative gratingvector; x/y input columns",2,0.021360946858105134,0.022730998146001494,0,-5,"order_n=+1, order_m=0 is physical +x supercell order",60.36645603081336,0.9397276230855987,-0.8692056009072888,0.0,450.5
K6_L1_C_POS_MINUS10,H1F3B_K6_L1_C_POS_MINUS10_x,x,-10.0,K6_L1_C,True,False,0.06256752635554194,0.04950900921207007,-0.0029507077590837662,0.00159237730411386,0.060539618356841074,0.04790434747079573,True,"transverse Cartesian Ex,Ey from authoritative gratingvector; x/y input columns",2,0.012336951586565155,0.013128220649784385,0,-4,"order_n=+1, order_m=0 is physical +x supercell order",44.05626873153628,0.9397276230855987,-0.6953644807258311,0.0,450.5
K6_L1_C_POS_MINUS10,H1F3B_K6_L1_C_POS_MINUS10_x,x,-10.0,K6_L1_C,True,False,-0.025366208552130544,0.02074937448682257,0.007469503295672349,0.005283851672297354,-0.015504567044917478,0.01268262331005789,True,"transverse Cartesian Ex,Ey from authoritative gratingvector; x/y input columns",2,0.0015589341791586492,0.0016589213096023334,0,-3,"order_n=+1, order_m=0 is physical +x supercell order",31.434491089797294,0.9397276230855987,-0.5215233605443733,0.0,450.5
K6_L1_C_POS_MINUS10,H1F3B_K6_L1_C_POS_MINUS10_x,x,-10.0,K6_L1_C,True,False,0.04009079521392312,-0.10894619417457399,-0.003202491000162857,-0.0028219421583671562,0.014866331892038356,-0.04039905600104415,True,"transverse Cartesian Ex,Ey from authoritative gratingvector; x/y input columns",2,0.015347855941859745,0.016332238794327457,0,-2,"order_n=+1, order_m=0 is physical +x supercell order",20.345615946048625,0.9397276230855987,-0.34768224036291556,0.0,450.5
K6_L1_C_POS_MINUS10,H1F3B_K6_L1_C_POS_MINUS10_x,x,-10.0,K6_L1_C,True,False,0.027654453989984947,0.07118925265023444,-0.013684125611236582,-0.006518878195293751,0.004881813149912048,0.012566967687960307,True,"transverse Cartesian Ex,Ey from authoritative gratingvector; x/y input columns",2,0.006244190361553178,0.0066446810843448015,0,-1,"order_n=+1, order_m=0 is physical +x supercell order",10.011225523725704,0.9397276230855987,-0.17384112018145778,0.0,450.5
K6_L1_C_POS_MINUS10,H1F3B_K6_L1_C_POS_MINUS10_x,x,-10.0,K6_L1_C,True,False,-0.5111571056179847,-0.7695629075720508,-0.011785762833475046,-0.006842328044792879,0.0,0.0,True,"transverse Cartesian Ex,Ey from authoritative gratingvector; x/y input columns",2,0.853694376993144,0.9084487419769952,0,0,"order_n=+1, order_m=0 is physical +x supercell order",0.0,0.9397276230855987,0.0,0.0,450.5
K6_L1_C_POS_MINUS10,H1F3B_K6_L1_C_POS_MINUS10_x,x,-10.0,K6_L1_C,True,False,-0.02313977065040384,-0.08041620930304635,-0.005071679410172675,0.00027437633147845715,0.004084840607881836,0.014195793132775756,True,"transverse Cartesian Ex,Ey from authoritative gratingvector; x/y input columns",2,0.007246219384295862,0.007710978379567983,0,1,"order_n=+1, order_m=0 is physical +x supercell order",10.011225523725704,0.9397276230855987,0.17384112018145778,0.0,450.5
K6_L1_C_POS_MINUS10,H1F3B_K6_L1_C_POS_MINUS10_x,x,-10.0,K6_L1_C,True,False,0.06436213380455058,0.02592250092868319,0.0011003453495127729,0.006436896115184834,-0.02386654685477362,-0.0096124933471921,True,"transverse Cartesian Ex,Ey from authoritative gratingvector; x/y input columns",2,0.005519116800879248,0.005873102657935296,0,2,"order_n=+1, order_m=0 is physical +x supercell order",20.345615946048625,0.9397276230855987,0.34768224036291556,0.0,450.5
K6_L1_C_POS_MINUS10,H1F3B_K6_L1_C_POS_MINUS10_x,x,-10.0,K6_L1_C,True,False,0.017091563319976733,0.02163488648336291,0.000942040789153826,-0.008650961435116558,-0.010446862362281338,-0.013223874088282106,True,"transverse Cartesian Ex,Ey from authoritative gratingvector; x/y input columns",2,0.001119924203588267,0.0011917540530637933,0,3,"order_n=+1, order_m=0 is physical +x supercell order",31.434491089797294,0.9397276230855987,0.5215233605443733,0.0,450.5
K6_L1_C_POS_MINUS10,H1F3B_K6_L1_C_POS_MINUS10_x,x,-10.0,K6_L1_C,True,False,-0.041904280262044326,0.06746197346546677,-0.0021225407321814153,0.00198995279231501,0.0405460992682759,-0.06527542904590068,True,"transverse Cartesian Ex,Ey from authoritative gratingvector; x/y input columns",2,0.012220419462410013,0.013004214372547895,0,4,"order_n=+1, order_m=0 is physical +x supercell order",44.05626873153628,0.9397276230855987,0.6953644807258311,0.0,450.5
K6_L1_C_POS_MINUS10,H1F3B_K6_L1_C_POS_MINUS10_x,x,-10.0,K6_L1_C,True,False,-0.009629487129390928,-0.02421139014855548,0.013689873976320354,-0.010691278244533342,0.01692787965517353,0.042561716238061396,True,"transverse Cartesian Ex,Ey from authoritative gratingvector; x/y input columns",2,0.0030786873140395384,0.003276148575829514,0,5,"order_n=+1, order_m=0 is physical +x supercell order",60.36645603081336,0.9397276230855987,0.8692056009072888,0.0,450.5
K6_L1_C_POS_MINUS10,H1F3B_K6_L1_C_POS_MINUS10_x,x,-10.0,K6_L1_C,True,False,-0.06445783243300147,0.031942375141757844,-0.0038659609948506835,0.015815076691272172,-0.1138288571161105,0.05640841335674193,True,"transverse Cartesian Ex,Ey from authoritative gratingvector; x/y input columns",3,0.021579107606607178,0.023505761995738908,0,-5,"order_n=+1, order_m=0 is physical +x supercell order",60.47843700161232,0.9180348039990794,-0.870170313005965,0.0,451.0
K6_L1_C_POS_MINUS10,H1F3B_K6_L1_C_POS_MINUS10_x,x,-10.0,K6_L1_C,True,False,0.04851901051235764,0.04363701521102165,0.0004998135466823982,0.000185068609386436,0.04704748047209592,0.0423135509014183,True,"transverse Cartesian Ex,Ey from authoritative gratingvector; x/y input columns",3,0.008262469550255997,0.0090001702705209,0,-4,"order_n=+1, order_m=0 is physical +x supercell order",44.11783097413837,0.9180348039990794,-0.696136250404772,0.0,451.0
K6_L1_C_POS_MINUS10,H1F3B_K6_L1_C_POS_MINUS10_x,x,-10.0,K6_L1_C,True,False,-0.023982309415027016,0.008493761025440328,0.005909396110771767,0.005713521914424302,-0.0146810490163209,0.005199554379415676,True,"transverse Cartesian Ex,Ey from authoritative gratingvector; x/y input columns",3,0.0009574290022601118,0.0010429114431058889,0,-3,"order_n=+1, order_m=0 is physical +x supercell order",31.473368025635747,0.9180348039990794,-0.522102187803579,0.0,451.0
K6_L1_C_POS_MINUS10,H1F3B_K6_L1_C_POS_MINUS10_x,x,-10.0,K6_L1_C,True,False,0.044812946855199376,-0.08843056159755183,-0.004487934426989478,-0.00202119323509995,0.01663836816531071,-0.032832927628693616,True,"transverse Cartesian Ex,Ey from authoritative gratingvector; x/y input columns",3,0.011207227639695358,0.012207846141426459,0,-2,"order_n=+1, order_m=0 is physical +x supercell order",20.369198462748614,0.9180348039990794,-0.348068125202386,0.0,451.0
K6_L1_C_POS_MINUS10,H1F3B_K6_L1_C_POS_MINUS10_x,x,-10.0,K6_L1_C,True,False,0.026880963378706244,0.07360176458275047,-0.012564968723433148,-0.0049879531385484946,0.0047507006989923155,0.013007716632928556,True,"transverse Cartesian Ex,Ey from authoritative gratingvector; x/y input columns",3,0.006514333906529148,0.007095955271142074,0,-1,"order_n=+1, order_m=0 is physical +x supercell order",10.022451430195186,0.9180348039990794,-0.174034062601193,0.0,451.0
K6_L1_C_POS_MINUS10,H1F3B_K6_L1_C_POS_MINUS10_x,x,-10.0,K6_L1_C,True,False,-0.7768565461425868,-0.49393683854383863,-0.012798942401239043,-0.0046981026548937955,0.0,0.0,True,"transverse Cartesian Ex,Ey from authoritative gratingvector; x/y input columns",3,0.8476655788504174,0.9233479767410511,0,0,"order_n=+1, order_m=0 is physical +x supercell order",0.0,0.9180348039990794,0.0,0.0,451.0
K6_L1_C_POS_MINUS10,H1F3B_K6_L1_C_POS_MINUS10_x,x,-10.0,K6_L1_C,True,False,0.018912428533188225,-0.07895199165887844,-0.0047612055683825425,0.0007971469807267721,-0.0033424132233085095,0.013953267845221159,True,"transverse Cartesian Ex,Ey from authoritative gratingvector; x/y input columns",3,0.0068202668714156724,0.007429202947105818,0,1,"order_n=+1, order_m=0 is physical +x supercell order",10.022451430195186,0.9180348039990794,0.174034062601193,0.0,451.0
K6_L1_C_POS_MINUS10,H1F3B_K6_L1_C_POS_MINUS10_x,x,-10.0,K6_L1_C,True,False,0.060778784568913266,0.02286790726766526,0.0018088771580183163,0.004267445496519,-0.022566241795374233,-0.008490507475864731,True,"transverse Cartesian Ex,Ey from authoritative gratingvector; x/y input columns",3,0.00481980895008048,0.005250137499237243,0,2,"order_n=+1, order_m=0 is physical +x supercell order",20.369198462748614,0.9180348039990794,0.348068125202386,0.0,451.0
K6_L1_C_POS_MINUS10,H1F3B_K6_L1_C_POS_MINUS10_x,x,-10.0,K6_L1_C,True,False,0.00848844773498095,0.019718254815506136,0.00013794772494058437,-0.008188568737412347,-0.005196301787001737,-0.012070758510077587,True,"transverse Cartesian Ex,Ey from authoritative gratingvector; x/y input columns",3,0.0007006397687310854,0.0007631952140365562,0,3,"order_n=+1, order_m=0 is physical +x supercell order",31.473368025635747,0.9180348039990794,0.522102187803579,0.0,451.0
K6_L1_C_POS_MINUS10,H1F3B_K6_L1_C_POS_MINUS10_x,x,-10.0,K6_L1_C,True,False,-0.02776434812508375,0.05815972844081283,-0.0003764912022981965,0.0043120683149633745,0.026922284944427208,-0.056395805668473506,True,"transverse Cartesian Ex,Ey from authoritative gratingvector; x/y input columns",3,0.008077445041523414,0.008798626159201165,0,4,"order_n=+1, order_m=0 is physical +x supercell order",44.11783097413837,0.9180348039990794,0.696136250404772,0.0,451.0
K6_L1_C_POS_MINUS10,H1F3B_K6_L1_C_POS_MINUS10_x,x,-10.0,K6_L1_C,True,False,0.0058210569380813555,-0.01680259617189927,0.007249669463746959,-0.008694995449991388,-0.010279654674369147,0.02967242686633677,True,"transverse Cartesian Ex,Ey from authoritative gratingvector; x/y input columns",3,0.001430496811563649,0.001558216317433956,0,5,"order_n=+1, order_m=0 is physical +x supercell order",60.47843700161232,0.9180348039990794,0.870170313005965,0.0,451.0
K6_L1_C_POS_MINUS10,H1F3B_K6_L1_C_POS_MINUS10_x,x,-10.0,K6_L1_C,True,False,0.033301215854541634,-0.010260057336733382,-0.002331320110431153,-0.01087361786283762,0.059077968760805566,-0.018201838319394047,True,"transverse Cartesian Ex,Ey from authoritative gratingvector; x/y input columns",4,0.005159423683936235,0.005647966236935775,0,-5,"order_n=+1, order_m=0 is physical +x supercell order",60.59080580770663,0.9135011555478787,-0.8711350251046411,0.0,451.5
K6_L1_C_POS_MINUS10,H1F3B_K6_L1_C_POS_MINUS10_x,x,-10.0,K6_L1_C,True,False,-0.016665800066445934,-0.021941769251920637,-0.003941224022136851,-0.0023706439563308595,-0.016195160500929673,-0.021322137148678665,True,"transverse Cartesian Ex,Ey from authoritative gratingvector; x/y input columns",4,0.0014972600855575717,0.0016390346924734644,0,-4,"order_n=+1, order_m=0 is physical +x supercell order",44.179457423955,0.9135011555478787,-0.6969080200837129,0.0,451.5
K6_L1_C_POS_MINUS10,H1F3B_K6_L1_C_POS_MINUS10_x,x,-10.0,K6_L1_C,True,False,0.0029636606400671004,0.011985294845339596,-0.0006818627805758783,-0.0027161858939262055,0.0018170060676012093,0.007348126557256054,True,"transverse Cartesian Ex,Ey from authoritative gratingvector; x/y input columns",4,0.00021756965453225655,0.00023817118698855682,0,-3,"order_n=+1, order_m=0 is physical +x supercell order",31.512261116515088,0.9135011555478787,-0.5226810150627846,0.0,451.5
K6_L1_C_POS_MINUS10,H1F3B_K6_L1_C_POS_MINUS10_x,x,-10.0,K6_L1_C,True,False,-0.02390398446259492,0.021790490989767864,0.003979659699143602,0.0031069860054306173,-0.008886385654365933,0.008100687432928605,True,"transverse Cartesian Ex,Ey from authoritative gratingvector; x/y input columns",4,0.0012163060110061913,0.001331477254975888,0,-2,"order_n=+1, order_m=0 is physical +x supercell order",20.392784583834683,0.9135011555478787,-0.34845401004185644,0.0,451.5
K6_L1_C_POS_MINUS10,H1F3B_K6_L1_C_POS_MINUS10_x,x,-10.0,K6_L1_C,True,False,0.01124279387122318,-0.025607168898876306,0.006343630540819912,0.0033342325223438404,0.001989222437538976,-0.004530755924101369,True,"transverse Cartesian Ex,Ey from authoritative gratingvector; x/y input columns",4,0.0008579710231476582,0.0009392117546179611,0,-1,"order_n=+1, order_m=0 is physical +x supercell order",10.0336777253947,0.9135011555478787,-0.17422700502092822,0.0,451.5
K6_L1_C_POS_MINUS10,H1F3B_K6_L1_C_POS_MINUS10_x,x,-10.0,K6_L1_C,True,False,0.8130755070275725,0.48810090627625735,0.010672220853430161,0.0028105562877563605,0.0,0.0,True,"transverse Cartesian Ex,Ey from authoritative gratingvector; x/y input columns",4,0.8994560703604388,0.9846249946131527,0,0,"order_n=+1, order_m=0 is physical +x supercell order",0.0,0.9135011555478787,0.0,0.0,451.5
K6_L1_C_POS_MINUS10,H1F3B_K6_L1_C_POS_MINUS10_x,x,-10.0,K6_L1_C,True,False,-0.043193738649425155,0.029814753966033655,0.003146807384343695,-0.0006910348603839259,0.0076424023304878875,-0.0052752170179640396,True,"transverse Cartesian Ex,Ey from authoritative gratingvector; x/y input columns",4,0.002851232766430054,0.003121214186883001,0,1,"order_n=+1, order_m=0 is physical +x supercell order",10.0336777253947,0.9135011555478787,0.17422700502092822,0.0,451.5
K6_L1_C_POS_MINUS10,H1F3B_K6_L1_C_POS_MINUS10_x,x,-10.0,K6_L1_C,True,False,-0.016955346647999633,-0.015064370499768994,-0.0023618608392818995,-0.0020091969049344685,0.0063032064572062195,0.005600229790588996,True,"transverse Cartesian Ex,Ey from authoritative gratingvector; x/y input columns",4,0.0005951272826846409,0.0006514795072456248,0,2,"order_n=+1, order_m=0 is physical +x supercell order",20.392784583834683,0.9135011555478787,0.34845401004185644,0.0,451.5
K6_L1_C_POS_MINUS10,H1F3B_K6_L1_C_POS_MINUS10_x,x,-10.0,K6_L1_C,True,False,0.009100228531238524,-0.0006288979228986503,-0.0002679486580975137,0.004137267559630432,-0.0055793062924517755,0.00038557428821633596,True,"transverse Cartesian Ex,Ey from authoritative gratingvector; x/y input columns",4,0.00013167577749826603,0.0001441440732708133,0,3,"order_n=+1, order_m=0 is physical +x supercell order",31.512261116515088,0.9135011555478787,0.5226810150627846,0.0,451.5
K6_L1_C_POS_MINUS10,H1F3B_K6_L1_C_POS_MINUS10_x,x,-10.0,K6_L1_C,True,False,0.006625633603179021,-0.022520654046606994,0.0017529188030624302,-0.004658900780045485,-0.006438526755152665,0.021884674328058903,True,"transverse Cartesian Ex,Ey from authoritative gratingvector; x/y input columns",4,0.0010962505573609864,0.0012000538266462317,0,4,"order_n=+1, order_m=0 is physical +x supercell order",44.179457423955,0.9135011555478787,0.6969080200837129,0.0,451.5
K6_L1_C_POS_MINUS10,H1F3B_K6_L1_C_POS_MINUS10_x,x,-10.0,K6_L1_C,True,False,0.001285086256574145,-0.008880052234500757,-0.0018875930991089607,0.009209983723303786,-0.0022798052194984244,0.015753642473465727,True,"transverse Cartesian Ex,Ey from authoritative gratingvector; x/y input columns",4,0.0004222683452862579,0.00046225266681025655,0,5,"order_n=+1, order_m=0 is physical +x supercell order",60.59080580770663,0.9135011555478787,0.8711350251046411,0.0,451.5
K6_L1_C_POS_MINUS10,H1F3B_K6_L1_C_POS_MINUS10_x,x,-10.0,K6_L1_C,True,False,0.0008780179277044313,-0.02915113754876461,0.000416949772964746,-0.01464374331305988,0.0015648378047353178,-0.05195429460832403,True,"transverse Cartesian Ex,Ey from authoritative gratingvector; x/y input columns",5,0.0037668702468039803,0.004852877348805155,0,-5,"order_n=+1, order_m=0 is physical +x supercell order",60.7035669436737,0.776213775056861,-0.8720997372033175,0.0,452.0
K6_L1_C_POS_MINUS10,H1F3B_K6_L1_C_POS_MINUS10_x,x,-10.0,K6_L1_C,True,False,-0.015770219707914417,-0.010590623362224955,-0.000944321012692951,-0.007181725124782973,-0.015357920203238784,-0.010313740170530411,True,"transverse Cartesian Ex,Ey from authoritative gratingvector; x/y input columns",5,0.0007555690000536123,0.0009734032354659819,0,-4,"order_n=+1, order_m=0 is physical +x supercell order",44.24114835382224,0.776213775056861,-0.697679789762654,0.0,452.0
K6_L1_C_POS_MINUS10,H1F3B_K6_L1_C_POS_MINUS10_x,x,-10.0,K6_L1_C,True,False,-0.02001219932961924,0.0004561997061737499,-0.0023649920110867958,0.0003083661728117445,-0.012288089379900117,0.00028012027424943064,True,"transverse Cartesian Ex,Ey from authoritative gratingvector; x/y input columns",5,0.0005574601250658242,0.0007181786036005196,0,-3,"order_n=+1, order_m=0 is physical +x supercell order",31.551170400535213,0.776213775056861,-0.5232598423219905,0.0,452.0
K6_L1_C_POS_MINUS10,H1F3B_K6_L1_C_POS_MINUS10_x,x,-10.0,K6_L1_C,True,False,0.018771586515848298,0.030651891934047566,0.0004964097617696527,0.004335954594430773,0.006987197717270969,0.011409308913276748,True,"transverse Cartesian Ex,Ey from authoritative gratingvector; x/y input columns",5,0.001489951126173866,0.0019195113176968817,0,-2,"order_n=+1, order_m=0 is physical +x supercell order",20.416374314958784,0.776213775056861,-0.348839894881327,0.0,452.0
K6_L1_C_POS_MINUS10,H1F3B_K6_L1_C_POS_MINUS10_x,x,-10.0,K6_L1_C,True,False,-0.03605758041974271,0.043331737077945603,0.005517214749185211,0.0018986873042960584,-0.006387066339310573,0.007675575457161446,True,"transverse Cartesian Ex,Ey from authoritative gratingvector; x/y input columns",5,0.0033115422910078734,0.004266276118025976,0,-1,"order_n=+1, order_m=0 is physical +x supercell order",10.044904409795663,0.776213775056861,-0.1744199474406635,0.0,452.0
K6_L1_C_POS_MINUS10,H1F3B_K6_L1_C_POS_MINUS10_x,x,-10.0,K6_L1_C,True,False,0.4374022883174854,0.7512590236242357,0.0054295869664339495,0.005714434069980384,0.0,0.0,True,"transverse Cartesian Ex,Ey from authoritative gratingvector; x/y input columns",5,0.7557730175735785,0.9736660722340504,0,0,"order_n=+1, order_m=0 is physical +x supercell order",0.0,0.776213775056861,0.0,0.0,452.0
K6_L1_C_POS_MINUS10,H1F3B_K6_L1_C_POS_MINUS10_x,x,-10.0,K6_L1_C,True,False,-0.034486038816483024,0.03032934648157368,0.0028355698786794135,0.0005772120173522725,0.0061086910196646044,-0.005372394535371576,True,"transverse Cartesian Ex,Ey from authoritative gratingvector; x/y input columns",5,0.0021837084905185896,0.002813282320786724,0,1,"order_n=+1, order_m=0 is physical +x supercell order",10.044904409795663,0.776213775056861,0.1744199474406635,0.0,452.0
K6_L1_C_POS_MINUS10,H1F3B_K6_L1_C_POS_MINUS10_x,x,-10.0,K6_L1_C,True,False,-0.011567866849469281,0.02608681118396851,-0.0033434890495665517,-0.0032504156228855673,0.004305814683061896,-0.009710085367670717,True,"transverse Cartesian Ex,Ey from authoritative gratingvector; x/y input columns",5,0.0009489071798734692,0.0012224817574307512,0,2,"order_n=+1, order_m=0 is physical +x supercell order",20.416374314958784,0.776213775056861,0.348839894881327,0.0,452.0
K6_L1_C_POS_MINUS10,H1F3B_K6_L1_C_POS_MINUS10_x,x,-10.0,K6_L1_C,True,False,-0.004731912216123213,0.022958262352950717,0.002015793984692277,0.003428086732978795,0.0029055357330717547,-0.01409706025577659,True,"transverse Cartesian Ex,Ey from authoritative gratingvector; x/y input columns",5,0.0007724572532767097,0.0009951604546313596,0,3,"order_n=+1, order_m=0 is physical +x supercell order",31.551170400535213,0.776213775056861,0.5232598423219905,0.0,452.0
K6_L1_C_POS_MINUS10,H1F3B_K6_L1_C_POS_MINUS10_x,x,-10.0,K6_L1_C,True,False,-0.02073527250535901,-0.023417202439202433,0.004633856692906135,-0.001826699399007606,0.02019316575341672,0.022804978821181005,True,"transverse Cartesian Ex,Ey from authoritative gratingvector; x/y input columns",5,0.0019309573566742874,0.002487661799782974,0,4,"order_n=+1, order_m=0 is physical +x supercell order",44.24114835382224,0.776213775056861,0.697679789762654,0.0,452.0
K6_L1_C_POS_MINUS10,H1F3B_K6_L1_C_POS_MINUS10_x,x,-10.0,K6_L1_C,True,False,0.027436388323762672,0.017638186470680526,-0.006791295179556015,0.01530128013875961,-0.04889820164227365,-0.031435464043945205,True,"transverse Cartesian Ex,Ey from authoritative gratingvector; x/y input columns",5,0.0047233344138340825,0.0060850948097231055,0,5,"order_n=+1, order_m=0 is physical +x supercell order",60.7035669436737,0.776213775056861,0.8720997372033175,0.0,452.0
K6_L1_C_POS_MINUS10,H1F3B_K6_L1_C_POS_MINUS10_x,x,-10.0,K6_L1_C,True,False,-0.05908717674352104,0.04810935548833749,-0.01662668757762547,0.00728732320803841,-0.10579656016987239,0.08614059095679807,True,"transverse Cartesian Ex,Ey from authoritative gratingvector; x/y input columns",6,0.024748469914529534,0.052593809060608364,0,-5,"order_n=+1, order_m=0 is physical +x supercell order",60.816724989217754,0.47055861434203683,-0.8730644493019938,0.0,452.5
K6_L1_C_POS_MINUS10,H1F3B_K6_L1_C_POS_MINUS10_x,x,-10.0,K6_L1_C,True,False,-0.0024088265209244513,0.017019984854960077,-0.00730273580836735,0.003450812240820951,-0.002350913713881148,0.016610791793432767,True,"transverse Cartesian Ex,Ey from authoritative gratingvector; x/y input columns",6,0.0006421655843740774,0.00136468776641565,0,-4,"order_n=+1, order_m=0 is physical +x supercell order",44.30290403830596,0.47055861434203683,-0.698451559441595,0.0,452.5
K6_L1_C_POS_MINUS10,H1F3B_K6_L1_C_POS_MINUS10_x,x,-10.0,K6_L1_C,True,False,0.0058107046007310394,0.02759791454244786,0.001938901281448541,0.004721595729718112,0.0035733848834742857,0.01697177492536642,True,"transverse Cartesian Ex,Ey from authoritative gratingvector; x/y input columns",6,0.0011222722031060456,0.002384978552938136,0,-3,"order_n=+1, order_m=0 is physical +x supercell order",31.59009591590528,0.47055861434203683,-0.5238386695811963,0.0,452.5
K6_L1_C_POS_MINUS10,H1F3B_K6_L1_C_POS_MINUS10_x,x,-10.0,K6_L1_C,True,False,0.036052131927161626,-0.05633372295374671,0.0033347151272994295,-0.0006458068312537241,0.01343630215636522,-0.02099506694163758,True,"transverse Cartesian Ex,Ey from authoritative gratingvector; x/y input columns",6,0.005106109001287476,0.010851164649120584,0,-2,"order_n=+1, order_m=0 is physical +x supercell order",20.43996766177964,0.47055861434203683,-0.3492257797207975,0.0,452.5
K6_L1_C_POS_MINUS10,H1F3B_K6_L1_C_POS_MINUS10_x,x,-10.0,K6_L1_C,True,False,0.12035848100083912,0.06954591972281278,-0.0029585364678880108,-0.0062173219490213585,0.021344047351211804,0.012333085224272164,True,"transverse Cartesian Ex,Ey from authoritative gratingvector; x/y input columns",6,0.019977880277650805,0.042455667941782495,0,-1,"order_n=+1, order_m=0 is physical +x supercell order",10.056131483869633,0.47055861434203683,-0.17461288986039875,0.0,452.5
K6_L1_C_POS_MINUS10,H1F3B_K6_L1_C_POS_MINUS10_x,x,-10.0,K6_L1_C,True,False,0.315097462753465,-0.5261167757619047,0.004449964948771075,-0.004410636992899542,0.0,0.0,True,"transverse Cartesian Ex,Ey from authoritative gratingvector; x/y input columns",6,0.3761245286785019,0.7993149359393232,0,0,"order_n=+1, order_m=0 is physical +x supercell order",0.0,0.47055861434203683,0.0,0.0,452.5
K6_L1_C_POS_MINUS10,H1F3B_K6_L1_C_POS_MINUS10_x,x,-10.0,K6_L1_C,True,False,0.09806323295053526,0.03334518692514616,-0.00010044264503767011,-0.0026588262259483702,-0.017390268389101265,-0.005913345222929213,True,"transverse Cartesian Ex,Ey from authoritative gratingvector; x/y input columns",6,0.011072767679779126,0.02353111247418503,0,1,"order_n=+1, order_m=0 is physical +x supercell order",10.056131483869633,0.47055861434203683,0.17461288986039875,0.0,452.5
K6_L1_C_POS_MINUS10,H1F3B_K6_L1_C_POS_MINUS10_x,x,-10.0,K6_L1_C,True,False,0.0722391619702249,-0.0009432621595876823,-0.0006260258126607406,0.0055319664731471275,-0.02692287961542935,0.0003515452405003859,True,"transverse Cartesian Ex,Ey from authoritative gratingvector; x/y input columns",6,0.005975345857883255,0.012698409243316777,0,2,"order_n=+1, order_m=0 is physical +x supercell order",20.43996766177964,0.47055861434203683,0.3492257797207975,0.0,452.5
K6_L1_C_POS_MINUS10,H1F3B_K6_L1_C_POS_MINUS10_x,x,-10.0,K6_L1_C,True,False,0.03768484349869344,0.001704214228050927,0.0019075453255104782,-0.007118901721318115,-0.02317489174675712,-0.0010480335482813627,True,"transverse Cartesian Ex,Ey from authoritative gratingvector; x/y input columns",6,0.0020155432483350056,0.004283299012925857,0,3,"order_n=+1, order_m=0 is physical +x supercell order",31.59009591590528,0.47055861434203683,0.5238386695811963,0.0,452.5
K6_L1_C_POS_MINUS10,H1F3B_K6_L1_C_POS_MINUS10_x,x,-10.0,K6_L1_C,True,False,-0.007852836536204178,0.06072133711629269,-0.0032238404312852444,-0.002980189945328284,0.007664039292769121,-0.0592614797752677,True,"transverse Cartesian Ex,Ey from authoritative gratingvector; x/y input columns",6,0.007338682985527001,0.015595683007075296,0,4,"order_n=+1, order_m=0 is physical +x supercell order",44.30290403830596,0.47055861434203683,0.698451559441595,0.0,452.5
K6_L1_C_POS_MINUS10,H1F3B_K6_L1_C_POS_MINUS10_x,x,-10.0,K6_L1_C,True,False,0.04206488336156944,-0.0453360686036162,0.018629665596123147,-0.0009020214281732802,-0.07531786436367391,0.08117497525237362,True,"transverse Cartesian Ex,Ey from authoritative gratingvector; x/y input columns",6,0.016434848911062734,0.034926252352308805,0,5,"order_n=+1, order_m=0 is physical +x supercell order",60.816724989217754,0.47055861434203683,0.8730644493019938,0.0,452.5
K6_L1_C_POS_MINUS10,H1F3B_K6_L1_C_POS_MINUS10_x,x,-10.0,K6_L1_C,True,False,-0.04126014906550477,-0.10128659164491444,-0.0026582720817351245,-0.015131693056739549,-0.0742221504282147,-0.18220265344884837,True,"transverse Cartesian Ex,Ey from authoritative gratingvector; x/y input columns",7,0.0509041426311649,0.2043414534919836,0,-5,"order_n=+1, order_m=0 is physical +x supercell order",60.93028461144274,0.24911314743663546,-0.8740291614006699,0.0,453.0
K6_L1_C_POS_MINUS10,H1F3B_K6_L1_C_POS_MINUS10_x,x,-10.0,K6_L1_C,True,False,0.000761452165149003,-0.005386985087548463,-0.000576558791900973,-0.006982277732252154,0.0007447512326355339,-0.005268832328234154,True,"transverse Cartesian Ex,Ey from authoritative gratingvector; x/y input columns",7,0.00010699928860565971,0.000429520841058283,0,-4,"order_n=+1, order_m=0 is physical +x supercell order",44.36472475371748,0.24911314743663546,-0.699223329120536,0.0,453.0
K6_L1_C_POS_MINUS10,H1F3B_K6_L1_C_POS_MINUS10_x,x,-10.0,K6_L1_C,True,False,-0.03106320714844852,-0.0027142055852226185,-0.0050134588351988,-0.0012772562762853462,-0.019131920581889825,-0.001671687197372809,True,"transverse Cartesian Ex,Ey from authoritative gratingvector; x/y input columns",7,0.0013678808266314193,0.005491002143832469,0,-3,"order_n=+1, order_m=0 is physical +x supercell order",31.629037700944195,0.24911314743663546,-0.524417496840402,0.0,453.0
K6_L1_C_POS_MINUS10,H1F3B_K6_L1_C_POS_MINUS10_x,x,-10.0,K6_L1_C,True,False,0.041646662667165615,0.05340956911190722,-0.0010687543278550986,0.0014685138841760918,0.015540870298468222,0.019930316935566232,True,"transverse Cartesian Ex,Ey from authoritative gratingvector; x/y input columns",7,0.005229061535659538,0.02099070879825644,0,-2,"order_n=+1, order_m=0 is physical +x supercell order",20.463564629962768,0.24911314743663546,-0.349611664560268,0.0,453.0
K6_L1_C_POS_MINUS10,H1F3B_K6_L1_C_POS_MINUS10_x,x,-10.0,K6_L1_C,True,False,-0.16364075030044395,0.10701636520137658,0.004995448206976055,-0.0017103929340415375,-0.02905268388802223,0.01899962340268187,True,"transverse Cartesian Ex,Ey from authoritative gratingvector; x/y input columns",7,0.039463721657125125,0.15841685620853527,0,-1,"order_n=+1, order_m=0 is physical +x supercell order",10.06735894808831,0.24911314743663546,-0.174805832280134,0.0,453.0
K6_L1_C_POS_MINUS10,H1F3B_K6_L1_C_POS_MINUS10_x,x,-10.0,K6_L1_C,True,False,0.26314744642785043,0.0328918864443563,-0.0007315352968482948,0.002788817640706578,0.0,0.0,True,"transverse Cartesian Ex,Ey from authoritative gratingvector; x/y input columns",7,0.0703367674030905,0.28234867620136905,0,0,"order_n=+1, order_m=0 is physical +x supercell order",0.0,0.24911314743663546,0.0,0.0,453.0
K6_L1_C_POS_MINUS10,H1F3B_K6_L1_C_POS_MINUS10_x,x,-10.0,K6_L1_C,True,False,-0.11776450087517586,0.10617255753283775,0.0006288834921052651,0.0010611947199494804,0.020907841175719172,-0.01884981427866272,True,"transverse Cartesian Ex,Ey from authoritative gratingvector; x/y input columns",7,0.0259350645890925,0.10410957773992782,0,1,"order_n=+1, order_m=0 is physical +x supercell order",10.06735894808831,0.24911314743663546,0.174805832280134,0.0,453.0
K6_L1_C_POS_MINUS10,H1F3B_K6_L1_C_POS_MINUS10_x,x,-10.0,K6_L1_C,True,False,-0.031090695820409787,0.09247305373677649,-0.0050832153442205135,-0.001211025719025944,0.011601805289792275,-0.034507248412957464,True,"transverse Cartesian Ex,Ey from authoritative gratingvector; x/y input columns",7,0.010870554774545666,0.043637017501497816,0,2,"order_n=+1, order_m=0 is physical +x supercell order",20.463564629962768,0.24911314743663546,0.349611664560268,0.0,453.0
K6_L1_C_POS_MINUS10,H1F3B_K6_L1_C_POS_MINUS10_x,x,-10.0,K6_L1_C,True,False,-0.019427543325212383,0.03882237531337193,0.008404209595863677,0.00414400042918166,0.011965481034296588,-0.02391081505995909,True,"transverse Cartesian Ex,Ey from authoritative gratingvector; x/y input columns",7,0.002687309556327257,0.010787505934470209,0,3,"order_n=+1, order_m=0 is physical +x supercell order",31.629037700944195,0.24911314743663546,0.524417496840402,0.0,453.0
K6_L1_C_POS_MINUS10,H1F3B_K6_L1_C_POS_MINUS10_x,x,-10.0,K6_L1_C,True,False,-0.07846366005873502,-0.025468412375299312,0.0022857134997533364,-0.0016536698557581856,0.07674271637851805,0.024909813613915744,True,"transverse Cartesian Ex,Ey from authoritative gratingvector; x/y input columns",7,0.013323088420359513,0.053482076548161235,0,4,"order_n=+1, order_m=0 is physical +x supercell order",44.36472475371748,0.24911314743663546,0.699223329120536,0.0,453.0
K6_L1_C_POS_MINUS10,H1F3B_K6_L1_C_POS_MINUS10_x,x,-10.0,K6_L1_C,True,False,0.008664419648335987,0.081787945999338,-0.005707776450332172,0.014226224366019394,-0.01558627084674362,-0.14712688559462184,True,"transverse Cartesian Ex,Ey from authoritative gratingvector; x/y input columns",7,0.028888556754033373,0.11596560459090775,0,5,"order_n=+1, order_m=0 is physical +x supercell order",60.93028461144274,0.24911314743663546,0.8740291614006699,0.0,453.0
K6_L1_C_POS_MINUS10,H1F3B_K6_L1_C_POS_MINUS10_x,x,-10.0,K6_L1_C,True,False,-0.09224479752549813,-0.06492783978705423,-0.006742505714261351,-0.0066695329648348185,-0.1667175496468975,-0.1173465674329428,True,"transverse Cartesian Ex,Ey from authoritative gratingvector; x/y input columns",8,0.05437962935176933,0.15849360437132406,0,-5,"order_n=+1, order_m=0 is physical +x supercell order",61.04425056720387,0.3431029887134558,-0.8749938734993462,0.0,453.5
K6_L1_C_POS_MINUS10,H1F3B_K6_L1_C_POS_MINUS10_x,x,-10.0,K6_L1_C,True,False,0.015676990599367984,-0.007410127964614631,-0.003481965913070999,-0.003983574469586643,0.015366313437026586,-0.007263278509418433,True,"transverse Cartesian Ex,Ey from authoritative gratingvector; x/y input columns",8,0.0006175497862294903,0.0017998962601437438,0,-4,"order_n=+1, order_m=0 is physical +x supercell order",44.42661077812934,0.3431029887134558,-0.699995098799477,0.0,453.5
K6_L1_C_POS_MINUS10,H1F3B_K6_L1_C_POS_MINUS10_x,x,-10.0,K6_L1_C,True,False,-0.024305528221903218,0.016539082902899925,-0.003887460258978121,-0.0007645300787589005,-0.014992651386492976,0.010201987875006497,True,"transverse Cartesian Ex,Ey from authoritative gratingvector; x/y input columns",8,0.001208856971119881,0.0035233064440877374,0,-3,"order_n=+1, order_m=0 is physical +x supercell order",31.66799579408111,0.3431029887134558,-0.5249963240996077,0.0,453.5
K6_L1_C_POS_MINUS10,H1F3B_K6_L1_C_POS_MINUS10_x,x,-10.0,K6_L1_C,True,False,0.051844841283108505,0.012812513534327266,-0.0006178936126605678,-0.00035851876598546445,0.01937075578087772,0.004787131457445614,True,"transverse Cartesian Ex,Ey from authoritative gratingvector; x/y input columns",8,0.003250701206073434,0.009474418215541321,0,-2,"order_n=+1, order_m=0 is physical +x supercell order",20.487165225180483,0.3431029887134558,-0.3499975493997385,0.0,453.5
K6_L1_C_POS_MINUS10,H1F3B_K6_L1_C_POS_MINUS10_x,x,-10.0,K6_L1_C,True,False,-0.10043416471929281,0.17605340008680515,0.0010606023173901273,-0.0025949232458923445,-0.01785132579949038,0.03129200717546143,True,"transverse Cartesian Ex,Ey from authoritative gratingvector; x/y input columns",8,0.042387539174783134,0.12354173693946835,0,-1,"order_n=+1, order_m=0 is physical +x supercell order",10.078586802923537,0.3431029887134558,-0.17499877469986924,0.0,453.5
K6_L1_C_POS_MINUS10,H1F3B_K6_L1_C_POS_MINUS10_x,x,-10.0,K6_L1_C,True,False,-0.04231201566690105,-0.38945318431069126,-0.004175502697880427,0.0030609795207161687,0.0,0.0,True,"transverse Cartesian Ex,Ey from authoritative gratingvector; x/y input columns",8,0.15349089385793954,0.44736099336671253,0,0,"order_n=+1, order_m=0 is physical +x supercell order",0.0,0.3431029887134558,0.0,0.0,453.5
K6_L1_C_POS_MINUS10,H1F3B_K6_L1_C_POS_MINUS10_x,x,-10.0,K6_L1_C,True,False,-0.07390881341518138,0.15502689194342698,-6.957861108738672e-05,0.001815328730315541,0.013136668298239998,-0.027554722673298605,True,"transverse Cartesian Ex,Ey from authoritative gratingvector; x/y input columns",8,0.030430984981241693,0.08869344185939541,0,1,"order_n=+1, order_m=0 is physical +x supercell order",10.078586802923537,0.3431029887134558,0.17499877469986924,0.0,453.5
K6_L1_C_POS_MINUS10,H1F3B_K6_L1_C_POS_MINUS10_x,x,-10.0,K6_L1_C,True,False,0.020956847680721587,0.0953684996394211,-0.004298969847187626,0.0027809001455555895,-0.007830093955607756,-0.03563247316384082,True,"transverse Cartesian Ex,Ey from authoritative gratingvector; x/y input columns",8,0.010891538250679289,0.0317442243552574,0,2,"order_n=+1, order_m=0 is physical +x supercell order",20.487165225180483,0.3431029887134558,0.3499975493997385,0.0,453.5
K6_L1_C_POS_MINUS10,H1F3B_K6_L1_C_POS_MINUS10_x,x,-10.0,K6_L1_C,True,False,0.003492684151516595,0.03863795241603863,0.008972342866730392,-0.0013738809933818994,-0.0021544315107551695,-0.023833481238212356,True,"transverse Cartesian Ex,Ey from authoritative gratingvector; x/y input columns",8,0.0021601570980552195,0.0062959436936274715,0,3,"order_n=+1, order_m=0 is physical +x supercell order",31.66799579408111,0.3431029887134558,0.5249963240996077,0.0,453.5
K6_L1_C_POS_MINUS10,H1F3B_K6_L1_C_POS_MINUS10_x,x,-10.0,K6_L1_C,True,False,-0.0800290641551467,0.02587698754031241,0.00046984785762064097,-0.0024212386794942664,0.0784430963382392,-0.02536417297886896,True,"transverse Cartesian Ex,Ey from authoritative gratingvector; x/y input columns",8,0.013877013381494724,0.04044562081353416,0,4,"order_n=+1, order_m=0 is physical +x supercell order",44.42661077812934,0.3431029887134558,0.699995098799477,0.0,453.5
K6_L1_C_POS_MINUS10,H1F3B_K6_L1_C_POS_MINUS10_x,x,-10.0,K6_L1_C,True,False,0.03228092881729864,0.07783498798765569,0.0029339831532024774,0.010300595945819191,-0.05834255694754299,-0.14067414989458596,True,"transverse Cartesian Ex,Ey from authoritative gratingvector; x/y input columns",8,0.03040812465407005,0.08862681368090777,0,5,"order_n=+1, order_m=0 is physical +x supercell order",61.04425056720387,0.3431029887134558,0.8749938734993462,0.0,453.5
K6_L1_C_POS_MINUS10,H1F3B_K6_L1_C_POS_MINUS10_x,x,-10.0,K6_L1_C,True,False,0.07405959540340787,0.0724253306725868,0.004478847856083415,0.004894262406340433,0.13448378717103873,0.13151614862206062,True,"transverse Cartesian Ex,Ey from authoritative gratingvector; x/y input columns",9,0.046156652437215236,0.09066618009756512,0,-5,"order_n=+1, order_m=0 is physical +x supercell order",61.1586277055407,0.5090834574429677,-0.8759585855980222,0.0,454.0
K6_L1_C_POS_MINUS10,H1F3B_K6_L1_C_POS_MINUS10_x,x,-10.0,K6_L1_C,True,False,-0.029858681888184788,0.00044247146995750656,0.0023716497365652315,0.002847204513107215,-0.029330330736509848,0.0004346419109833096,True,"transverse Cartesian Ex,Ey from authoritative gratingvector; x/y input columns",9,0.0017659251758177861,0.00346883236923019,0,-4,"order_n=+1, order_m=0 is physical +x supercell order",44.48856239139124,0.5090834574429677,-0.7007668684784177,0.0,454.0
K6_L1_C_POS_MINUS10,H1F3B_K6_L1_C_POS_MINUS10_x,x,-10.0,K6_L1_C,True,False,0.022899842098219506,-0.014528213640752512,0.0019198049064475804,0.0030545828351618647,0.014147079523853578,-0.008975249385289017,True,"transverse Cartesian Ex,Ey from authoritative gratingvector; x/y input columns",9,0.0010291828474727868,0.002021638755739938,0,-3,"order_n=+1, order_m=0 is physical +x supercell order",31.70697023385587,0.5090834574429677,-0.5255751513588133,0.0,454.0
K6_L1_C_POS_MINUS10,H1F3B_K6_L1_C_POS_MINUS10_x,x,-10.0,K6_L1_C,True,False,-0.04484495849625038,-0.004987585971160438,-0.00020165752163466485,0.002724985171324233,-0.016776451087075955,-0.0018658505859639833,True,"transverse Cartesian Ex,Ey from authoritative gratingvector; x/y input columns",9,0.0023283432357762974,0.004573598300504865,0,-2,"order_n=+1, order_m=0 is physical +x supercell order",20.51076945311192,0.5090834574429677,-0.35038343423920887,0.0,454.0
K6_L1_C_POS_MINUS10,H1F3B_K6_L1_C_POS_MINUS10_x,x,-10.0,K6_L1_C,True,False,0.12688809452032163,-0.1367893457882013,0.0007137532331769092,0.0014473380878544126,0.022578941442864837,-0.024340807072841187,True,"transverse Cartesian Ex,Ey from authoritative gratingvector; x/y input columns",9,0.035916801369018196,0.07055189251173406,0,-1,"order_n=+1, order_m=0 is physical +x supercell order",10.089815048847298,0.5090834574429677,-0.17519171711960443,0.0,454.0
K6_L1_C_POS_MINUS10,H1F3B_K6_L1_C_POS_MINUS10_x,x,-10.0,K6_L1_C,True,False,0.08740232532128156,0.5806551309941853,0.006381848697548394,-0.003258043846342817,0.0,0.0,True,"transverse Cartesian Ex,Ey from authoritative gratingvector; x/y input columns",9,0.3448508904639447,0.6773955928485029,0,0,"order_n=+1, order_m=0 is physical +x supercell order",0.0,0.5090834574429677,0.0,0.0,454.0
K6_L1_C_POS_MINUS10,H1F3B_K6_L1_C_POS_MINUS10_x,x,-10.0,K6_L1_C,True,False,0.1128377598515318,-0.11686654267949453,0.0005852739000942299,-0.0017732946565022023,-0.020078772416459823,0.02079566907963748,True,"transverse Cartesian Ex,Ey from authoritative gratingvector; x/y input columns",9,0.02722925291986876,0.0534868154165454,0,1,"order_n=+1, order_m=0 is physical +x supercell order",10.089815048847298,0.5090834574429677,0.17519171711960443,0.0,454.0
K6_L1_C_POS_MINUS10,H1F3B_K6_L1_C_POS_MINUS10_x,x,-10.0,K6_L1_C,True,False,-0.002657167219241702,-0.0931087641734997,0.0042285729179868635,-0.0037590115693581757,0.0009940434193403788,0.0348318892538481,True,"transverse Cartesian Ex,Ey from authoritative gratingvector; x/y input columns",9,0.009922562131760567,0.019491032337997715,0,2,"order_n=+1, order_m=0 is physical +x supercell order",20.51076945311192,0.5090834574429677,0.35038343423920887,0.0,454.0
K6_L1_C_POS_MINUS10,H1F3B_K6_L1_C_POS_MINUS10_x,x,-10.0,K6_L1_C,True,False,0.0010270437981648984,-0.030952144930012294,-0.008613720304038118,-0.0003227351741993779,-0.0006344877936188543,0.019121636467212648,True,"transverse Cartesian Ex,Ey from authoritative gratingvector; x/y input columns",9,0.0013994299861451861,0.0027489205663335926,0,3,"order_n=+1, order_m=0 is physical +x supercell order",31.70697023385587,0.5090834574429677,0.5255751513588133,0.0,454.0
K6_L1_C_POS_MINUS10,H1F3B_K6_L1_C_POS_MINUS10_x,x,-10.0,K6_L1_C,True,False,0.07796838415093289,-0.009774008564386457,-0.00013559108534477176,0.003108833033310144,-0.0765887289566867,0.009601056901589924,True,"transverse Cartesian Ex,Ey from authoritative gratingvector; x/y input columns",9,0.012142297095123954,0.02385128983784402,0,4,"order_n=+1, order_m=0 is physical +x supercell order",44.48856239139124,0.5090834574429677,0.7007668684784177,0.0,454.0
K6_L1_C_POS_MINUS10,H1F3B_K6_L1_C_POS_MINUS10_x,x,-10.0,K6_L1_C,True,False,-0.0026429583203062467,-0.07821126235189228,-0.0028588133714526525,-0.004058046166311209,0.0047993111805959675,0.14202274132362003,True,"transverse Cartesian Ex,Ey from authoritative gratingvector; x/y input columns",9,0.026342119780824194,0.05174420695800214,0,5,"order_n=+1, order_m=0 is physical +x supercell order",61.1586277055407,0.5090834574429677,0.8759585855980222,0.0,454.0
K6_L1_C_POS_MINUS10,H1F3B_K6_L1_C_POS_MINUS10_y,y,-10.0,K6_L1_C,True,False,0.0020602099859811027,-0.006526674099999364,0.03261858340634816,0.10467237274193028,0.0036053294636663497,-0.011421559254927131,True,"transverse Cartesian Ex,Ey from authoritative gratingvector; x/y input columns",1,0.012210569955211813,0.043841002763891204,0,-5,"order_n=+1, order_m=0 is physical +x supercell order",60.25485848366181,0.27851940387797913,-0.8682408888086127,0.0,450.0
K6_L1_C_POS_MINUS10,H1F3B_K6_L1_C_POS_MINUS10_y,y,-10.0,K6_L1_C,True,False,0.004933591695748521,0.004877701573799896,-0.03749917108505453,-0.04966008163774065,0.004763443957273785,0.004709481351511964,True,"transverse Cartesian Ex,Ey from authoritative gratingvector; x/y input columns",1,0.003965313452930991,0.014237117406255172,0,-4,"order_n=+1, order_m=0 is physical +x supercell order",43.994770425027035,0.27851940387797913,-0.6945927110468901,0.0,450.0
K6_L1_C_POS_MINUS10,H1F3B_K6_L1_C_POS_MINUS10_y,y,-10.0,K6_L1_C,True,False,-0.00835165040057526,-0.0008810783971437425,0.0764908874753478,0.054062593917375196,-0.0050969949480221145,-0.0005377203215718593,True,"transverse Cartesian Ex,Ey from authoritative gratingvector; x/y input columns",1,0.008870414792041068,0.03184846250757899,0,-3,"order_n=+1, order_m=0 is physical +x supercell order",31.39563027100863,0.27851940387797913,-0.5209445332851677,0.0,450.0
K6_L1_C_POS_MINUS10,H1F3B_K6_L1_C_POS_MINUS10_y,y,-10.0,K6_L1_C,True,False,0.007610318794836183,-0.006429722480952674,-0.051705897299317106,0.045244870350651036,0.002818470472001144,-0.0023812383481258796,True,"transverse Cartesian Ex,Ey from authoritative gratingvector; x/y input columns",1,0.004833470463787981,0.017354160595236486,0,-2,"order_n=+1, order_m=0 is physical +x supercell order",20.32203702808953,0.27851940387797913,-0.34729635552344507,0.0,450.0
K6_L1_C_POS_MINUS10,H1F3B_K6_L1_C_POS_MINUS10_y,y,-10.0,K6_L1_C,True,False,0.014874957887008858,0.01649361194658682,-0.06497307025102096,-0.12926513875290638,0.002622856413858137,0.0029082687971556656,True,"transverse Cartesian Ex,Ey from authoritative gratingvector; x/y input columns",1,0.021439616965001355,0.07697710344947517,0,-1,"order_n=+1, order_m=0 is physical +x supercell order",10.000000005514977,0.27851940387797913,-0.17364817776172253,0.0,450.0
K6_L1_C_POS_MINUS10,H1F3B_K6_L1_C_POS_MINUS10_y,y,-10.0,K6_L1_C,True,False,0.009073031732937895,0.012551500506904466,-0.30003433867549173,0.33573565561303076,0.0,0.0,True,"transverse Cartesian Ex,Ey from authoritative gratingvector; x/y input columns",1,0.20297889490415294,0.7287782900507682,0,0,"order_n=+1, order_m=0 is physical +x supercell order",0.0,0.27851940387797913,0.0,0.0,450.0
K6_L1_C_POS_MINUS10,H1F3B_K6_L1_C_POS_MINUS10_y,y,-10.0,K6_L1_C,True,False,0.010361137960085701,-0.0016205766170815942,-0.04718970020670594,0.01513684833395259,-0.0018269481742340889,0.0002857513820575733,True,"transverse Cartesian Ex,Ey from authoritative gratingvector; x/y input columns",1,0.002569390824967311,0.009225177094278772,0,1,"order_n=+1, order_m=0 is physical +x supercell order",10.000000005514977,0.27851940387797913,0.17364817776172253,0.0,450.0
K6_L1_C_POS_MINUS10,H1F3B_K6_L1_C_POS_MINUS10_y,y,-10.0,K6_L1_C,True,False,-0.0013368869453752477,0.000492285682563489,-0.03986229535893759,-0.02994213994150778,0.0004951141314212252,-0.00018231728492577412,True,"transverse Cartesian Ex,Ey from authoritative gratingvector; x/y input columns",1,0.0024878423250534994,0.008932384208833926,0,2,"order_n=+1, order_m=0 is physical +x supercell order",20.32203702808953,0.27851940387797913,0.34729635552344507,0.0,450.0
K6_L1_C_POS_MINUS10,H1F3B_K6_L1_C_POS_MINUS10_y,y,-10.0,K6_L1_C,True,False,-0.005951468862354071,0.008073875811470248,0.025865376486757786,-0.06266444811040597,0.003632169124636751,-0.004927469691402221,True,"transverse Cartesian Ex,Ey from authoritative gratingvector; x/y input columns",1,0.004733930820131752,0.016996772053288298,0,3,"order_n=+1, order_m=0 is physical +x supercell order",31.39563027100863,0.27851940387797913,0.5209445332851677,0.0,450.0
K6_L1_C_POS_MINUS10,H1F3B_K6_L1_C_POS_MINUS10_y,y,-10.0,K6_L1_C,True,False,-0.005505453415122807,-0.0029448879405679146,0.0459440959282398,-0.00905340470325399,0.0053155835382401335,0.0028433258223283897,True,"transverse Cartesian Ex,Ey from authoritative gratingvector; x/y input columns",1,0.0022681463997567203,0.00814358485683966,0,4,"order_n=+1, order_m=0 is physical +x supercell order",43.994770425027035,0.27851940387797913,0.6945927110468901,0.0,450.0
K6_L1_C_POS_MINUS10,H1F3B_K6_L1_C_POS_MINUS10_y,y,-10.0,K6_L1_C,True,False,-0.0058492442177112665,-0.005755965556198367,0.05821242048679216,0.09219296711484022,0.010236069459808888,0.010072833523194557,True,"transverse Cartesian Ex,Ey from authoritative gratingvector; x/y input columns",1,0.012161812974943705,0.04366594501355411,0,5,"order_n=+1, order_m=0 is physical +x supercell order",60.25485848366181,0.27851940387797913,0.8682408888086127,0.0,450.0
K6_L1_C_POS_MINUS10,H1F3B_K6_L1_C_POS_MINUS10_y,y,-10.0,K6_L1_C,True,False,0.0032239643566718073,0.007203915525026976,-0.08667240403147786,-0.05248671750902677,0.005667475319192956,0.012663915888260411,True,"transverse Cartesian Ex,Ey from authoritative gratingvector; x/y input columns",2,0.010521746522651526,0.04473065040085388,0,-5,"order_n=+1, order_m=0 is physical +x supercell order",60.36645603081336,0.23522453683013456,-0.8692056009072888,0.0,450.5
K6_L1_C_POS_MINUS10,H1F3B_K6_L1_C_POS_MINUS10_y,y,-10.0,K6_L1_C,True,False,-0.005901715310465543,-0.002159829422185978,0.0541688435852119,0.019153966378804035,-0.005710431806365684,-0.002089826089527575,True,"transverse Cartesian Ex,Ey from authoritative gratingvector; x/y input columns",2,0.0033776095546378545,0.014359086854433758,0,-4,"order_n=+1, order_m=0 is physical +x supercell order",44.05626873153628,0.23522453683013456,-0.6953644807258311,0.0,450.5
K6_L1_C_POS_MINUS10,H1F3B_K6_L1_C_POS_MINUS10_y,y,-10.0,K6_L1_C,True,False,0.007947756444213866,-0.0034184785048182215,-0.09081140607034678,-0.0038409160099717506,0.004857900714359569,-0.002089473839207699,True,"transverse Cartesian Ex,Ey from authoritative gratingvector; x/y input columns",2,0.00836428203632883,0.03555871402297213,0,-3,"order_n=+1, order_m=0 is physical +x supercell order",31.434491089797294,0.23522453683013456,-0.5215233605443733,0.0,450.5
K6_L1_C_POS_MINUS10,H1F3B_K6_L1_C_POS_MINUS10_y,y,-10.0,K6_L1_C,True,False,-0.002032164022693649,0.009307266651924644,0.022122038630710068,-0.06390459715289143,-0.000753560129182263,0.0034512888636132545,True,"transverse Cartesian Ex,Ey from authoritative gratingvector; x/y input columns",2,0.00467641628128552,0.019880648270390922,0,-2,"order_n=+1, order_m=0 is physical +x supercell order",20.345615946048625,0.23522453683013456,-0.34768224036291556,0.0,450.5
K6_L1_C_POS_MINUS10,H1F3B_K6_L1_C_POS_MINUS10_y,y,-10.0,K6_L1_C,True,False,-0.02018830047250482,-0.0032052307799531705,0.12645024753314008,0.08064757833596033,-0.0035638205244168464,-0.0005658161891659453,True,"transverse Cartesian Ex,Ey from authoritative gratingvector; x/y input columns",2,0.022924558937658324,0.09745819567374939,0,-1,"order_n=+1, order_m=0 is physical +x supercell order",10.011225523725704,0.23522453683013456,-0.17384112018145778,0.0,450.5
K6_L1_C_POS_MINUS10,H1F3B_K6_L1_C_POS_MINUS10_y,y,-10.0,K6_L1_C,True,False,-0.011805221414360682,-0.006917818682201302,0.05772300960818228,-0.4007527732301929,0.0,0.0,True,"transverse Cartesian Ex,Ey from authoritative gratingvector; x/y input columns",2,0.16412195055787862,0.6977246199294163,0,0,"order_n=+1, order_m=0 is physical +x supercell order",0.0,0.23522453683013456,0.0,0.0,450.5
K6_L1_C_POS_MINUS10,H1F3B_K6_L1_C_POS_MINUS10_y,y,-10.0,K6_L1_C,True,False,-0.008471901895485927,0.00574944840134744,0.04371368776591129,-0.036611658956175665,0.0014955363824259882,-0.0010149443854723535,True,"transverse Cartesian Ex,Ey from authoritative gratingvector; x/y input columns",2,0.003359396089442154,0.014281656729833904,0,1,"order_n=+1, order_m=0 is physical +x supercell order",10.011225523725704,0.23522453683013456,0.17384112018145778,0.0,450.5
K6_L1_C_POS_MINUS10,H1F3B_K6_L1_C_POS_MINUS10_y,y,-10.0,K6_L1_C,True,False,0.0011026605943051594,-0.0011825183321311644,0.05042928766382945,0.005234745111036003,-0.0004088848393189219,0.00043849741318616403,True,"transverse Cartesian Ex,Ey from authoritative gratingvector; x/y input columns",2,0.0025734892874440312,0.010940564798741448,0,2,"order_n=+1, order_m=0 is physical +x supercell order",20.345615946048625,0.23522453683013456,0.34768224036291556,0.0,450.5
K6_L1_C_POS_MINUS10,H1F3B_K6_L1_C_POS_MINUS10_y,y,-10.0,K6_L1_C,True,False,0.0007422913248830688,-0.009505071537349682,0.014020603075129052,0.06466692519075806,-0.00045371012344466087,0.005809777153519342,True,"transverse Cartesian Ex,Ey from authoritative gratingvector; x/y input columns",2,0.004503245269008222,0.01914445376189731,0,3,"order_n=+1, order_m=0 is physical +x supercell order",31.434491089797294,0.23522453683013456,0.5215233605443733,0.0,450.5
K6_L1_C_POS_MINUS10,H1F3B_K6_L1_C_POS_MINUS10_y,y,-10.0,K6_L1_C,True,False,0.00801421922619015,0.0010665079543570523,-0.029408540218626704,0.03396865286285823,-0.007754466280552181,-0.0010319408212562694,True,"transverse Cartesian Ex,Ey from authoritative gratingvector; x/y input columns",2,0.00214529341328489,0.00912019401629897,0,4,"order_n=+1, order_m=0 is physical +x supercell order",44.05626873153628,0.23522453683013456,0.6953644807258311,0.0,450.5
K6_L1_C_POS_MINUS10,H1F3B_K6_L1_C_POS_MINUS10_y,y,-10.0,K6_L1_C,True,False,0.007850669847700565,0.0019226419934290483,-0.08161943875459993,-0.041564400770827674,-0.013800859029008372,-0.003379853137288367,True,"transverse Cartesian Ex,Ey from authoritative gratingvector; x/y input columns",2,0.008656548880514562,0.03680121554141189,0,5,"order_n=+1, order_m=0 is physical +x supercell order",60.36645603081336,0.23522453683013456,0.8692056009072888,0.0,450.5
K6_L1_C_POS_MINUS10,H1F3B_K6_L1_C_POS_MINUS10_y,y,-10.0,K6_L1_C,True,False,0.0069142571169283325,0.0061580923420852945,-0.09690131810584289,-0.0006779973001906148,0.012210183863147265,0.01087483998230377,True,"transverse Cartesian Ex,Ey from authoritative gratingvector; x/y input columns",3,0.009743404918374044,0.05117630589730985,0,-5,"order_n=+1, order_m=0 is physical +x supercell order",60.47843700161232,0.1903889846587426,-0.870170313005965,0.0,451.0
K6_L1_C_POS_MINUS10,H1F3B_K6_L1_C_POS_MINUS10_y,y,-10.0,K6_L1_C,True,False,-0.004203756689259659,-0.000786837097808362,0.05246357016190859,0.00032893494436755645,-0.004076261215117186,-0.000762973164599698,True,"transverse Cartesian Ex,Ey from authoritative gratingvector; x/y input columns",3,0.002788023108795883,0.01464382571183515,0,-4,"order_n=+1, order_m=0 is physical +x supercell order",44.11783097413837,0.1903889846587426,-0.696136250404772,0.0,451.0
K6_L1_C_POS_MINUS10,H1F3B_K6_L1_C_POS_MINUS10_y,y,-10.0,K6_L1_C,True,False,0.006675558081590902,-0.005029418908745598,-0.08312847580478766,0.029514492658492656,0.004086520347607764,-0.003078817149971382,True,"transverse Cartesian Ex,Ey from authoritative gratingvector; x/y input columns",3,0.007877485660370102,0.04137574279567634,0,-3,"order_n=+1, order_m=0 is physical +x supercell order",31.473368025635747,0.1903889846587426,-0.522102187803579,0.0,451.0
K6_L1_C_POS_MINUS10,H1F3B_K6_L1_C_POS_MINUS10_y,y,-10.0,K6_L1_C,True,False,-0.0009786422139804623,0.007309836650863307,0.0016266730659126375,-0.06598652030939055,-0.00036335502574592497,0.0027140315904316445,True,"transverse Cartesian Ex,Ey from authoritative gratingvector; x/y input columns",3,0.004418756374598862,0.02320909680000205,0,-2,"order_n=+1, order_m=0 is physical +x supercell order",20.369198462748614,0.1903889846587426,-0.348068125202386,0.0,451.0
K6_L1_C_POS_MINUS10,H1F3B_K6_L1_C_POS_MINUS10_y,y,-10.0,K6_L1_C,True,False,-0.01541719784550667,0.0005202073691725907,0.15170979517274943,0.02983870931806579,-0.0027246974577990906,9.1936791011994e-05,True,"transverse Cartesian Ex,Ey from authoritative gratingvector; x/y input columns",3,0.024151603558850137,0.1268539963178017,0,-1,"order_n=+1, order_m=0 is physical +x supercell order",10.022451430195186,0.1903889846587426,-0.174034062601193,0.0,451.0
K6_L1_C_POS_MINUS10,H1F3B_K6_L1_C_POS_MINUS10_y,y,-10.0,K6_L1_C,True,False,-0.012869924362262327,-0.00478476420289414,-0.08137909118102217,-0.3402393092138684,0.0,0.0,True,"transverse Cartesian Ex,Ey from authoritative gratingvector; x/y input columns",3,0.1225738729373472,0.6438075876976355,0,0,"order_n=+1, order_m=0 is physical +x supercell order",0.0,0.1903889846587426,0.0,0.0,451.0
K6_L1_C_POS_MINUS10,H1F3B_K6_L1_C_POS_MINUS10_y,y,-10.0,K6_L1_C,True,False,-0.010211506112774509,0.00597581163519758,0.03865339458742512,-0.05172045814925969,0.0018046901275179299,-0.0010561114240000835,True,"transverse Cartesian Ex,Ey from authoritative gratingvector; x/y input columns",3,0.004313448163887367,0.022655975457923087,0,1,"order_n=+1, order_m=0 is physical +x supercell order",10.022451430195186,0.1903889846587426,0.174034062601193,0.0,451.0
K6_L1_C_POS_MINUS10,H1F3B_K6_L1_C_POS_MINUS10_y,y,-10.0,K6_L1_C,True,False,0.0013078900765840487,-0.0029710298411330027,0.05025158056017684,-0.012207823741833606,-0.0004855997683945439,0.0011030983632168807,True,"transverse Cartesian Ex,Ey from authoritative gratingvector; x/y input columns",3,0.002686242537210945,0.01410923295812426,0,2,"order_n=+1, order_m=0 is physical +x supercell order",20.369198462748614,0.1903889846587426,0.348068125202386,0.0,451.0
K6_L1_C_POS_MINUS10,H1F3B_K6_L1_C_POS_MINUS10_y,y,-10.0,K6_L1_C,True,False,-0.00170916883710193,-0.009490677238471253,0.037303971902089415,0.052669539852050806,0.0010462875380524877,0.005809828208153012,True,"transverse Cartesian Ex,Ey from authoritative gratingvector; x/y input columns",3,0.004293509781877737,0.02255125100632013,0,3,"order_n=+1, order_m=0 is physical +x supercell order",31.473368025635747,0.1903889846587426,0.522102187803579,0.0,451.0
K6_L1_C_POS_MINUS10,H1F3B_K6_L1_C_POS_MINUS10_y,y,-10.0,K6_L1_C,True,False,0.009831808569885973,-0.0028321494104009445,-0.012080970359315274,0.04066296469697596,-0.00953362026167625,0.002746253327774672,True,"transverse Cartesian Ex,Ey from authoritative gratingvector; x/y input columns",3,0.0020025438954420433,0.01051817099099219,0,4,"order_n=+1, order_m=0 is physical +x supercell order",44.11783097413837,0.1903889846587426,0.696136250404772,0.0,451.0
K6_L1_C_POS_MINUS10,H1F3B_K6_L1_C_POS_MINUS10_y,y,-10.0,K6_L1_C,True,False,0.006649623939064619,-0.00163979712680753,-0.07152086019353834,-0.015220826904498313,-0.011742856758678762,0.0028957882355227574,True,"transverse Cartesian Ex,Ey from authoritative gratingvector; x/y input columns",3,0.0055400937219882655,0.02909881436637971,0,5,"order_n=+1, order_m=0 is physical +x supercell order",60.47843700161232,0.1903889846587426,0.870170313005965,0.0,451.0
K6_L1_C_POS_MINUS10,H1F3B_K6_L1_C_POS_MINUS10_y,y,-10.0,K6_L1_C,True,False,-0.007399949829575517,-0.0070201120587383235,0.09410477273051283,-0.02432954007886685,-0.013127869167682934,-0.01245401857743088,True,"transverse Cartesian Ex,Ey from authoritative gratingvector; x/y input columns",4,0.009879119529518934,0.06559241419389131,0,-5,"order_n=+1, order_m=0 is physical +x supercell order",60.59080580770663,0.1506137508571683,-0.8711350251046411,0.0,451.5
K6_L1_C_POS_MINUS10,H1F3B_K6_L1_C_POS_MINUS10_y,y,-10.0,K6_L1_C,True,False,0.002310203680234635,0.000945118789509239,-0.049845065060565165,0.0020311336241774767,0.0022449638926465942,0.000918428783948004,True,"transverse Cartesian Ex,Ey from authoritative gratingvector; x/y input columns",4,0.002500769679572163,0.016603860307175543,0,-4,"order_n=+1, order_m=0 is physical +x supercell order",44.179457423955,0.1506137508571683,-0.6969080200837129,0.0,451.5
K6_L1_C_POS_MINUS10,H1F3B_K6_L1_C_POS_MINUS10_y,y,-10.0,K6_L1_C,True,False,-0.006442188302121645,0.004641333511865204,0.0768925917157944,-0.03474390999677195,-0.003949674627159582,0.0028455792268540434,True,"transverse Cartesian Ex,Ey from authoritative gratingvector; x/y input columns",4,0.007206350960320731,0.04784656725769175,0,-3,"order_n=+1, order_m=0 is physical +x supercell order",31.512261116515088,0.1506137508571683,-0.5226810150627846,0.0,451.5
K6_L1_C_POS_MINUS10,H1F3B_K6_L1_C_POS_MINUS10_y,y,-10.0,K6_L1_C,True,False,0.0002838132600459914,-0.007021900509466332,-0.00209764930192636,0.06549619065766919,0.00010550852250335424,-0.0026104148474221617,True,"transverse Cartesian Ex,Ey from authoritative gratingvector; x/y input columns",4,0.004350364157715009,0.02888424285934287,0,-2,"order_n=+1, order_m=0 is physical +x supercell order",20.392784583834683,0.1506137508571683,-0.34845401004185644,0.0,451.5
K6_L1_C_POS_MINUS10,H1F3B_K6_L1_C_POS_MINUS10_y,y,-10.0,K6_L1_C,True,False,0.015958147684029533,0.0007377500144123954,-0.15582975977363547,-0.019459019874970042,0.002823524632599042,0.00013053240135622762,True,"transverse Cartesian Ex,Ey from authoritative gratingvector; x/y input columns",4,0.02492476356825118,0.16548796790731352,0,-1,"order_n=+1, order_m=0 is physical +x supercell order",10.0336777253947,0.1506137508571683,-0.17422700502092822,0.0,451.5
K6_L1_C_POS_MINUS10,H1F3B_K6_L1_C_POS_MINUS10_y,y,-10.0,K6_L1_C,True,False,0.010720368765214589,0.0028781709936605802,0.08623637530208661,0.27624015089268206,0.0,0.0,True,"transverse Cartesian Ex,Ey from authoritative gratingvector; x/y input columns",4,0.08386854356518504,0.5568451956602567,0,0,"order_n=+1, order_m=0 is physical +x supercell order",0.0,0.1506137508571683,0.0,0.0,451.5
K6_L1_C_POS_MINUS10,H1F3B_K6_L1_C_POS_MINUS10_y,y,-10.0,K6_L1_C,True,False,0.012050513972025594,-0.004180651485609112,-0.0463152639937333,0.05597070940255286,-0.0021321348635934974,0.0007396956516289415,True,"transverse Cartesian Ex,Ey from authoritative gratingvector; x/y input columns",4,0.005445609872401928,0.03615612679061535,0,1,"order_n=+1, order_m=0 is physical +x supercell order",10.0336777253947,0.1506137508571683,0.17422700502092822,0.0,451.5
K6_L1_C_POS_MINUS10,H1F3B_K6_L1_C_POS_MINUS10_y,y,-10.0,K6_L1_C,True,False,-0.002356187587593405,0.003330439997615102,-0.05067767162724294,0.014679898916002534,0.0008759205650484334,-0.0012381021358110682,True,"transverse Cartesian Ex,Ey from authoritative gratingvector; x/y input columns",4,0.002802669418003334,0.018608323622862247,0,2,"order_n=+1, order_m=0 is physical +x supercell order",20.392784583834683,0.1506137508571683,0.34845401004185644,0.0,451.5
K6_L1_C_POS_MINUS10,H1F3B_K6_L1_C_POS_MINUS10_y,y,-10.0,K6_L1_C,True,False,0.001990440391754544,0.009261773900452566,-0.041778085697084605,-0.04720495522265812,-0.0012203294196783095,-0.005678348980432456,True,"transverse Cartesian Ex,Ey from authoritative gratingvector; x/y input columns",4,0.004097191401858447,0.02720330234484327,0,3,"order_n=+1, order_m=0 is physical +x supercell order",31.512261116515088,0.1506137508571683,0.5226810150627846,0.0,451.5
K6_L1_C_POS_MINUS10,H1F3B_K6_L1_C_POS_MINUS10_y,y,-10.0,K6_L1_C,True,False,-0.008526854344195358,0.0031667952334494456,0.0065861128725537,-0.041200401626237726,0.008286057322283866,-0.003077365435491509,True,"transverse Cartesian Ex,Ey from authoritative gratingvector; x/y input columns",4,0.001901714737962764,0.012626435017651337,0,4,"order_n=+1, order_m=0 is physical +x supercell order",44.179457423955,0.1506137508571683,0.6969080200837129,0.0,451.5
K6_L1_C_POS_MINUS10,H1F3B_K6_L1_C_POS_MINUS10_y,y,-10.0,K6_L1_C,True,False,-0.0061186930308116845,0.0025832649259967815,0.055665797785290703,0.018842264534770493,0.010854857591692186,-0.004582837013084885,True,"transverse Cartesian Ex,Ey from authoritative gratingvector; x/y input columns",4,0.0036366539663787536,0.024145564038356004,0,5,"order_n=+1, order_m=0 is physical +x supercell order",60.59080580770663,0.1506137508571683,0.8711350251046411,0.0,451.5
K6_L1_C_POS_MINUS10,H1F3B_K6_L1_C_POS_MINUS10_y,y,-10.0,K6_L1_C,True,False,-0.004742040822527204,-0.009678716615448,0.09950026709032317,-0.010390985273754321,-0.008451450154428648,-0.017249786346357387,True,"transverse Cartesian Ex,Ey from authoritative gratingvector; x/y input columns",5,0.010493422371197462,0.09141071839784819,0,-5,"order_n=+1, order_m=0 is physical +x supercell order",60.7035669436737,0.11479422276856843,-0.8720997372033175,0.0,452.0
K6_L1_C_POS_MINUS10,H1F3B_K6_L1_C_POS_MINUS10_y,y,-10.0,K6_L1_C,True,False,0.0016089404247174332,0.0019094846841170648,-0.04339082903277043,-0.012582797931865394,0.0015668759923601156,0.001859562767743758,True,"transverse Cartesian Ex,Ey from authoritative gratingvector; x/y input columns",5,0.00205323874305705,0.017886255018220682,0,-4,"order_n=+1, order_m=0 is physical +x supercell order",44.24114835382224,0.11479422276856843,-0.697679789762654,0.0,452.0
K6_L1_C_POS_MINUS10,H1F3B_K6_L1_C_POS_MINUS10_y,y,-10.0,K6_L1_C,True,False,-0.007863862921929154,0.0023671556129966375,0.07951627238922898,-0.006125527673748605,-0.004828647209850996,0.00145350439846875,True,"transverse Cartesian Ex,Ey from authoritative gratingvector; x/y input columns",5,0.006453231938624522,0.05621565077917377,0,-3,"order_n=+1, order_m=0 is physical +x supercell order",31.551170400535213,0.11479422276856843,-0.5232598423219905,0.0,452.0
K6_L1_C_POS_MINUS10,H1F3B_K6_L1_C_POS_MINUS10_y,y,-10.0,K6_L1_C,True,False,-0.0005806350729363744,-0.0081532257155007,-0.028023762314900058,0.05874685142993922,-0.00021612515557826024,-0.0030348100870240717,True,"transverse Cartesian Ex,Ey from authoritative gratingvector; x/y input columns",5,0.004312592816216367,0.03756803009948327,0,-2,"order_n=+1, order_m=0 is physical +x supercell order",20.416374314958784,0.11479422276856843,-0.348839894881327,0.0,452.0
K6_L1_C_POS_MINUS10,H1F3B_K6_L1_C_POS_MINUS10_y,y,-10.0,K6_L1_C,True,False,0.016516944778409027,0.0040441471477442835,-0.1425768081351519,-0.07456460154975027,0.0029257321427109944,0.0007163607712411417,True,"transverse Cartesian Ex,Ey from authoritative gratingvector; x/y input columns",5,0.026186263694572016,0.2281148220095099,0,-1,"order_n=+1, order_m=0 is physical +x supercell order",10.044904409795663,0.11479422276856843,-0.1744199474406635,0.0,452.0
K6_L1_C_POS_MINUS10,H1F3B_K6_L1_C_POS_MINUS10_y,y,-10.0,K6_L1_C,True,False,0.005409832706713448,0.005773441044602633,-0.006492673064199435,0.21876045045141368,0.0,0.0,True,"transverse Cartesian Ex,Ey from authoritative gratingvector; x/y input columns",5,0.047960888396634135,0.41779879892846145,0,0,"order_n=+1, order_m=0 is physical +x supercell order",0.0,0.11479422276856843,0.0,0.0,452.0
K6_L1_C_POS_MINUS10,H1F3B_K6_L1_C_POS_MINUS10_y,y,-10.0,K6_L1_C,True,False,0.010312941415029074,0.0015538230051796522,-0.07384767459701673,0.03347724648649003,-0.0018267848314954735,-0.00027523673241800325,True,"transverse Cartesian Ex,Ey from authoritative gratingvector; x/y input columns",5,0.006686389100344779,0.05824673872155495,0,1,"order_n=+1, order_m=0 is physical +x supercell order",10.044904409795663,0.11479422276856843,0.1744199474406635,0.0,452.0
K6_L1_C_POS_MINUS10,H1F3B_K6_L1_C_POS_MINUS10_y,y,-10.0,K6_L1_C,True,False,-0.0041214740820585535,0.0008089515772060376,-0.05284698245859452,-0.005109917785646225,0.0015341033787228408,-0.00030110958436383107,True,"transverse Cartesian Ex,Ey from authoritative gratingvector; x/y input columns",5,0.0028389999061768094,0.02473120892068229,0,2,"order_n=+1, order_m=0 is physical +x supercell order",20.416374314958784,0.11479422276856843,0.348839894881327,0.0,452.0
K6_L1_C_POS_MINUS10,H1F3B_K6_L1_C_POS_MINUS10_y,y,-10.0,K6_L1_C,True,False,-0.0009415461444532751,0.008708101251376249,-0.024664327519343075,-0.055506847816635944,0.0005781375144119315,-0.005347034813297922,True,"transverse Cartesian Ex,Ey from authoritative gratingvector; x/y input columns",5,0.003794981767347152,0.03305899613953611,0,3,"order_n=+1, order_m=0 is physical +x supercell order",31.551170400535213,0.11479422276856843,0.5232598423219905,0.0,452.0
K6_L1_C_POS_MINUS10,H1F3B_K6_L1_C_POS_MINUS10_y,y,-10.0,K6_L1_C,True,False,-0.008953613825473423,-0.001089784101711503,0.015603890872239394,-0.03760094496440229,0.0087195289101284,0.0010612925870933816,True,"transverse Cartesian Ex,Ey from authoritative gratingvector; x/y input columns",5,0.0018158238288628022,0.015818076773110826,0,4,"order_n=+1, order_m=0 is physical +x supercell order",44.24114835382224,0.11479422276856843,0.697679789762654,0.0,452.0
K6_L1_C_POS_MINUS10,H1F3B_K6_L1_C_POS_MINUS10_y,y,-10.0,K6_L1_C,True,False,-0.007445471502397053,-0.00021921160576987081,0.026636525505955442,0.035456557002210225,0.01326960978062451,0.00039068747587225075,True,"transverse Cartesian Ex,Ey from authoritative gratingvector; x/y input columns",5,0.002198390205535358,0.019150704212418733,0,5,"order_n=+1, order_m=0 is physical +x supercell order",60.7035669436737,0.11479422276856843,0.8720997372033175,0.0,452.0
K6_L1_C_POS_MINUS10,H1F3B_K6_L1_C_POS_MINUS10_y,y,-10.0,K6_L1_C,True,False,-0.004493764275149718,0.01051248561042387,-0.08695020125850489,-0.06047910691594864,-0.008046158722200767,0.01882277810032748,True,"transverse Cartesian Ex,Ey from authoritative gratingvector; x/y input columns",6,0.01176780378891225,0.13495042267905136,0,-5,"order_n=+1, order_m=0 is physical +x supercell order",60.816724989217754,0.08720094057726127,-0.8730644493019938,0.0,452.5
K6_L1_C_POS_MINUS10,H1F3B_K6_L1_C_POS_MINUS10_y,y,-10.0,K6_L1_C,True,False,0.000903529801850586,-0.0020327435086128095,0.014547975932377041,0.03523014391080668,0.00088180721343755,-0.001983872458099117,True,"transverse Cartesian Ex,Ey from authoritative gratingvector; x/y input columns",6,0.001462468389871485,0.01677124558737663,0,-4,"order_n=+1, order_m=0 is physical +x supercell order",44.30290403830596,0.08720094057726127,-0.698451559441595,0.0,452.5
K6_L1_C_POS_MINUS10,H1F3B_K6_L1_C_POS_MINUS10_y,y,-10.0,K6_L1_C,True,False,0.006779090665650597,0.004840539349240435,-0.051923447311418104,-0.05420802209482757,0.0041689092412802815,0.0029767663866895056,True,"transverse Cartesian Ex,Ey from authoritative gratingvector; x/y input columns",6,0.005730181873962539,0.06571238608241291,0,-3,"order_n=+1, order_m=0 is physical +x supercell order",31.59009591590528,0.08720094057726127,-0.5238386695811963,0.0,452.5
K6_L1_C_POS_MINUS10,H1F3B_K6_L1_C_POS_MINUS10_y,y,-10.0,K6_L1_C,True,False,-0.00456554318323949,0.005917332557217324,0.061762504138449505,-0.01063548327586114,-0.0017015364817225351,0.0022053361049244563,True,"transverse Cartesian Ex,Ey from authoritative gratingvector; x/y input columns",6,0.003991338164848159,0.045771732947212616,0,-2,"order_n=+1, order_m=0 is physical +x supercell order",20.43996766177964,0.08720094057726127,-0.3492257797207975,0.0,452.5
K6_L1_C_POS_MINUS10,H1F3B_K6_L1_C_POS_MINUS10_y,y,-10.0,K6_L1_C,True,False,-0.005799497810896966,-0.012033688776471109,0.03411923289268102,0.16253453975999538,-0.0010284672493346852,-0.002134021806514446,True,"transverse Cartesian Ex,Ey from authoritative gratingvector; x/y input columns",6,0.02776565430255973,0.3184100322628856,0,-1,"order_n=+1, order_m=0 is physical +x supercell order",10.056131483869633,0.08720094057726127,-0.17461288986039875,0.0,452.5
K6_L1_C_POS_MINUS10,H1F3B_K6_L1_C_POS_MINUS10_y,y,-10.0,K6_L1_C,True,False,0.004514091039495909,-0.004426819385813672,0.10297746905533792,-0.09124071059722441,0.0,0.0,True,"transverse Cartesian Ex,Ey from authoritative gratingvector; x/y input columns",6,0.018969200151117017,0.21753435256022308,0,0,"order_n=+1, order_m=0 is physical +x supercell order",0.0,0.08720094057726127,0.0,0.0,452.5
K6_L1_C_POS_MINUS10,H1F3B_K6_L1_C_POS_MINUS10_y,y,-10.0,K6_L1_C,True,False,-0.0020118350717649542,-0.009165023809168936,0.07592951931746013,0.04690653818266162,0.0003567733879449707,0.0016253005233301469,True,"transverse Cartesian Ex,Ey from authoritative gratingvector; x/y input columns",6,0.008056329258882146,0.09238810046715176,0,1,"order_n=+1, order_m=0 is physical +x supercell order",10.056131483869633,0.08720094057726127,0.17461288986039875,0.0,452.5
K6_L1_C_POS_MINUS10,H1F3B_K6_L1_C_POS_MINUS10_y,y,-10.0,K6_L1_C,True,False,0.0037984693044222054,0.004516416481645983,0.027874593804234134,0.045576571506256124,-0.001415655013384761,-0.0016832274061902048,True,"transverse Cartesian Ex,Ey from authoritative gratingvector; x/y input columns",6,0.002893880570526118,0.03318634582802577,0,2,"order_n=+1, order_m=0 is physical +x supercell order",20.43996766177964,0.08720094057726127,0.3492257797207975,0.0,452.5
K6_L1_C_POS_MINUS10,H1F3B_K6_L1_C_POS_MINUS10_y,y,-10.0,K6_L1_C,True,False,0.00741078701202094,-0.003948278766293845,-0.02432303594871731,0.053010543990673245,-0.00455738092073577,0.002428056600475255,True,"transverse Cartesian Ex,Ey from authoritative gratingvector; x/y input columns",6,0.0034989017010154016,0.04012458670575147,0,3,"order_n=+1, order_m=0 is physical +x supercell order",31.59009591590528,0.08720094057726127,0.5238386695811963,0.0,452.5
K6_L1_C_POS_MINUS10,H1F3B_K6_L1_C_POS_MINUS10_y,y,-10.0,K6_L1_C,True,False,0.0064069748220505676,0.009360405081516815,-0.035076834169090604,0.015422199186329323,-0.006252938865796515,-0.009135363000393843,True,"transverse Cartesian Ex,Ey from authoritative gratingvector; x/y input columns",6,0.0017194491343375275,0.019718240685879657,0,4,"order_n=+1, order_m=0 is physical +x supercell order",44.30290403830596,0.08720094057726127,0.698451559441595,0.0,452.5
K6_L1_C_POS_MINUS10,H1F3B_K6_L1_C_POS_MINUS10_y,y,-10.0,K6_L1_C,True,False,0.004896806737117935,0.006199716657416171,0.02341221303250437,-0.02313193374946932,-0.008767812868306324,-0.011100694474362592,True,"transverse Cartesian Ex,Ey from authoritative gratingvector; x/y input columns",6,0.0013457332412289147,0.015432554194029318,0,5,"order_n=+1, order_m=0 is physical +x supercell order",60.816724989217754,0.08720094057726127,0.8730644493019938,0.0,452.5
K6_L1_C_POS_MINUS10,H1F3B_K6_L1_C_POS_MINUS10_y,y,-10.0,K6_L1_C,True,False,-0.010866335455311755,-0.004889152947124627,0.04943201186303409,-0.10578980875935304,-0.019547258142164077,-0.008795010530182962,True,"transverse Cartesian Ex,Ey from authoritative gratingvector; x/y input columns",7,0.014236436008037798,0.18987019858973272,0,-5,"order_n=+1, order_m=0 is physical +x supercell order",60.93028461144274,0.07497983419082828,-0.8740291614006699,0.0,453.0
K6_L1_C_POS_MINUS10,H1F3B_K6_L1_C_POS_MINUS10_y,y,-10.0,K6_L1_C,True,False,0.001311497062407908,0.0024190010174904896,-0.030337519256087332,0.012637618768143661,0.0012827319935915353,0.00236594506126346,True,"transverse Cartesian Ex,Ey from authoritative gratingvector; x/y input columns",7,0.0010948891706100312,0.014602448544010795,0,-4,"order_n=+1, order_m=0 is physical +x supercell order",44.36472475371748,0.07497983419082828,-0.699223329120536,0.0,453.0
K6_L1_C_POS_MINUS10,H1F3B_K6_L1_C_POS_MINUS10_y,y,-10.0,K6_L1_C,True,False,-0.005610259339804629,0.006546886710215506,0.0476835740387321,-0.05060156585857424,-0.0034553752167315642,0.004032246767047973,True,"transverse Cartesian Ex,Ey from authoritative gratingvector; x/y input columns",7,0.004936777067781902,0.06584139750452771,0,-3,"order_n=+1, order_m=0 is physical +x supercell order",31.629037700944195,0.07497983419082828,-0.524417496840402,0.0,453.0
K6_L1_C_POS_MINUS10,H1F3B_K6_L1_C_POS_MINUS10_y,y,-10.0,K6_L1_C,True,False,-0.005858566976158592,-0.006600578411197375,0.0059143704541574724,0.05971813402640434,-0.002186183086001554,-0.0024630721026335993,True,"transverse Cartesian Ex,Ey from authoritative gratingvector; x/y input columns",7,0.0036899718725093944,0.04921285719461835,0,-2,"order_n=+1, order_m=0 is physical +x supercell order",20.463564629962768,0.07497983419082828,-0.349611664560268,0.0,453.0
K6_L1_C_POS_MINUS10,H1F3B_K6_L1_C_POS_MINUS10_y,y,-10.0,K6_L1_C,True,False,0.011432071520997214,-0.0027546108562539946,-0.1639508573741278,0.04211825932100569,0.002029643346629733,-0.0004890520135988672,True,"transverse Cartesian Ex,Ey from authoritative gratingvector; x/y input columns",7,0.02879647016616018,0.38405619960256776,0,-1,"order_n=+1, order_m=0 is physical +x supercell order",10.06735894808831,0.07497983419082828,-0.174805832280134,0.0,453.0
K6_L1_C_POS_MINUS10,H1F3B_K6_L1_C_POS_MINUS10_y,y,-10.0,K6_L1_C,True,False,-0.0007150913041976241,0.002820320061906495,0.05252636640447429,0.02199176348669676,0.0,0.0,True,"transverse Cartesian Ex,Ey from authoritative gratingvector; x/y input columns",7,0.003251122389736824,0.04335995704475043,0,0,"order_n=+1, order_m=0 is physical +x supercell order",0.0,0.07497983419082828,0.0,0.0,453.0
K6_L1_C_POS_MINUS10,H1F3B_K6_L1_C_POS_MINUS10_y,y,-10.0,K6_L1_C,True,False,0.009147650431912582,-0.0011648501823873102,-0.05548514536976287,0.07918187071971797,-0.0016240685515590998,0.00020680682570612579,True,"transverse Cartesian Ex,Ey from authoritative gratingvector; x/y input columns",7,0.009436086759473042,0.1258483279045086,0,1,"order_n=+1, order_m=0 is physical +x supercell order",10.06735894808831,0.07497983419082828,0.174805832280134,0.0,453.0
K6_L1_C_POS_MINUS10,H1F3B_K6_L1_C_POS_MINUS10_y,y,-10.0,K6_L1_C,True,False,-0.005980934651226523,0.0046658022267400175,-0.045760109747466665,0.028142768715599984,0.0022318458125002885,-0.0017410909446350065,True,"transverse Cartesian Ex,Ey from authoritative gratingvector; x/y input columns",7,0.002951556898209505,0.03936467625011829,0,2,"order_n=+1, order_m=0 is physical +x supercell order",20.463564629962768,0.07497983419082828,0.349611664560268,0.0,453.0
K6_L1_C_POS_MINUS10,H1F3B_K6_L1_C_POS_MINUS10_y,y,-10.0,K6_L1_C,True,False,0.003579600768429485,0.007903378652299056,-0.05316018038461467,-0.018939000381505904,-0.0022046866342287893,-0.004867714141098953,True,"transverse Cartesian Ex,Ey from authoritative gratingvector; x/y input columns",7,0.003288522733873008,0.043858762417419005,0,3,"order_n=+1, order_m=0 is physical +x supercell order",31.629037700944195,0.07497983419082828,0.524417496840402,0.0,453.0
K6_L1_C_POS_MINUS10,H1F3B_K6_L1_C_POS_MINUS10_y,y,-10.0,K6_L1_C,True,False,-0.008722135281330333,0.008171509982802017,-0.019373687661930292,-0.03135881936191142,0.008530832663288211,-0.007992284231005503,True,"transverse Cartesian Ex,Ey from authoritative gratingvector; x/y input columns",7,0.0016382162578180849,0.021848758076054475,0,4,"order_n=+1, order_m=0 is physical +x supercell order",44.36472475371748,0.07497983419082828,0.699223329120536,0.0,453.0
K6_L1_C_POS_MINUS10,H1F3B_K6_L1_C_POS_MINUS10_y,y,-10.0,K6_L1_C,True,False,-0.006478537075282432,0.004893113151235642,0.004587688513114386,0.036871774713075456,0.011654125451485343,-0.00880213447112626,True,"transverse Cartesian Ex,Ey from authoritative gratingvector; x/y input columns",7,0.001659784866618503,0.022136416871691777,0,5,"order_n=+1, order_m=0 is physical +x supercell order",60.93028461144274,0.07497983419082828,0.8740291614006699,0.0,453.0
K6_L1_C_POS_MINUS10,H1F3B_K6_L1_C_POS_MINUS10_y,y,-10.0,K6_L1_C,True,False,-0.01167077225191398,0.004433270200222942,-0.06496864473446362,-0.1141615522082483,-0.021093032935415895,0.00801241874371807,True,"transverse Cartesian Ex,Ey from authoritative gratingvector; x/y input columns",8,0.017918760503393014,0.21809762390013787,0,-5,"order_n=+1, order_m=0 is physical +x supercell order",61.04425056720387,0.08215935681902532,-0.8749938734993462,0.0,453.5
K6_L1_C_POS_MINUS10,H1F3B_K6_L1_C_POS_MINUS10_y,y,-10.0,K6_L1_C,True,False,0.004150557684342575,0.002600263912156246,-0.007194163069975321,0.026702508514505632,0.0040683044307393106,0.0025487334472722523,True,"transverse Cartesian Ex,Ey from authoritative gratingvector; x/y input columns",8,0.0008118155878749777,0.009880987623396155,0,-4,"order_n=+1, order_m=0 is physical +x supercell order",44.42661077812934,0.08215935681902532,-0.699995098799477,0.0,453.5
K6_L1_C_POS_MINUS10,H1F3B_K6_L1_C_POS_MINUS10_y,y,-10.0,K6_L1_C,True,False,0.00031952393288253587,0.009615652053116333,-0.006877471413112882,-0.06259668752285946,0.00019709552870494722,0.005931330426971483,True,"transverse Cartesian Ex,Ey from authoritative gratingvector; x/y input columns",8,0.004093427289104334,0.04982302013538202,0,-3,"order_n=+1, order_m=0 is physical +x supercell order",31.66799579408111,0.08215935681902532,-0.5249963240996077,0.0,453.5
K6_L1_C_POS_MINUS10,H1F3B_K6_L1_C_POS_MINUS10_y,y,-10.0,K6_L1_C,True,False,-0.013159008481634269,0.001249896831852521,0.043844492650419536,0.03939937296989994,-0.004916592148952813,0.00046699817536130224,True,"transverse Cartesian Ex,Ey from authoritative gratingvector; x/y input columns",8,0.0036737628381589083,0.04471508761018184,0,-2,"order_n=+1, order_m=0 is physical +x supercell order",20.487165225180483,0.08215935681902532,-0.3499975493997385,0.0,453.5
K6_L1_C_POS_MINUS10,H1F3B_K6_L1_C_POS_MINUS10_y,y,-10.0,K6_L1_C,True,False,0.005173322700615706,-0.012033475468424001,-0.07909380780837856,0.15249443506680993,0.0009195144824742131,-0.002138848784050748,True,"transverse Cartesian Ex,Ey from authoritative gratingvector; x/y input columns",8,0.029687371140592632,0.36133889419297455,0,-1,"order_n=+1, order_m=0 is physical +x supercell order",10.078586802923537,0.08215935681902532,-0.17499877469986924,0.0,453.5
K6_L1_C_POS_MINUS10,H1F3B_K6_L1_C_POS_MINUS10_y,y,-10.0,K6_L1_C,True,False,-0.00416309644613615,0.0030850619801153713,-0.03686883767344397,-0.05794739927637571,0.0,0.0,True,"transverse Cartesian Ex,Ey from authoritative gratingvector; x/y input columns",8,0.004744061253727456,0.05774219075469797,0,0,"order_n=+1, order_m=0 is physical +x supercell order",0.0,0.08215935681902532,0.0,0.0,453.5
K6_L1_C_POS_MINUS10,H1F3B_K6_L1_C_POS_MINUS10_y,y,-10.0,K6_L1_C,True,False,0.00421786596757933,-0.0064829783060292925,0.0142126331572029,0.10303494381805668,-0.0007496901057153683,0.0011522947217753492,True,"transverse Cartesian Ex,Ey from authoritative gratingvector; x/y input columns",8,0.010879907808268675,0.13242445205887077,0,1,"order_n=+1, order_m=0 is physical +x supercell order",10.078586802923537,0.08215935681902532,0.17499877469986924,0.0,453.5
K6_L1_C_POS_MINUS10,H1F3B_K6_L1_C_POS_MINUS10_y,y,-10.0,K6_L1_C,True,False,-0.003300898635537606,0.008580840843215594,-0.011071531284627595,0.051721828288579755,0.001233312702748382,-0.003206054223617908,True,"transverse Cartesian Ex,Ey from authoritative gratingvector; x/y input columns",8,0.0028940529317860483,0.03522487326867539,0,2,"order_n=+1, order_m=0 is physical +x supercell order",20.487165225180483,0.08215935681902532,0.3499975493997385,0.0,453.5
K6_L1_C_POS_MINUS10,H1F3B_K6_L1_C_POS_MINUS10_y,y,-10.0,K6_L1_C,True,False,0.007874843161522855,0.00289105390227389,-0.04537695562488967,0.02939349148019722,-0.0048575277675975345,-0.001783321181116817,True,"transverse Cartesian Ex,Ey from authoritative gratingvector; x/y input columns",8,0.003020192601112071,0.03676017824439318,0,3,"order_n=+1, order_m=0 is physical +x supercell order",31.66799579408111,0.08215935681902532,0.5249963240996077,0.0,453.5
K6_L1_C_POS_MINUS10,H1F3B_K6_L1_C_POS_MINUS10_y,y,-10.0,K6_L1_C,True,False,-0.0004344931687879985,0.011530061912193084,-0.03733753348084945,-0.0017475246951390343,0.00042588264472853715,-0.011301566086173697,True,"transverse Cartesian Ex,Ey from authoritative gratingvector; x/y input columns",8,0.0016581831330336363,0.020182523296599825,0,4,"order_n=+1, order_m=0 is physical +x supercell order",44.42661077812934,0.08215935681902532,0.699995098799477,0.0,453.5
K6_L1_C_POS_MINUS10,H1F3B_K6_L1_C_POS_MINUS10_y,y,-10.0,K6_L1_C,True,False,-0.002374105853021819,0.008460633471760945,0.024938570803679627,0.042736846476862184,0.004290812284657543,-0.015291226374935784,True,"transverse Cartesian Ex,Ey from authoritative gratingvector; x/y input columns",8,0.002777821731973566,0.033810168914690394,0,5,"order_n=+1, order_m=0 is physical +x supercell order",61.04425056720387,0.08215935681902532,0.8749938734993462,0.0,453.5
K6_L1_C_POS_MINUS10,H1F3B_K6_L1_C_POS_MINUS10_y,y,-10.0,K6_L1_C,True,False,0.012289572715590615,-0.0042162683001356095,0.0787906083198998,0.1229732745158682,0.022316463822194224,-0.007656262846736312,True,"transverse Cartesian Ex,Ey from authoritative gratingvector; x/y input columns",9,0.022055839638791076,0.1979315465342111,0,-5,"order_n=+1, order_m=0 is physical +x supercell order",61.1586277055407,0.11143165415008201,-0.8759585855980222,0.0,454.0
K6_L1_C_POS_MINUS10,H1F3B_K6_L1_C_POS_MINUS10_y,y,-10.0,K6_L1_C,True,False,-0.004595410110172972,-0.005512807463724897,0.00301804943560295,-0.02014538249628501,-0.004514094054989394,-0.005415258007813589,True,"transverse Cartesian Ex,Ey from authoritative gratingvector; x/y input columns",9,0.0005161559629586303,0.004632040750857421,0,-4,"order_n=+1, order_m=0 is physical +x supercell order",44.48856239139124,0.11143165415008201,-0.7007668684784177,0.0,454.0
K6_L1_C_POS_MINUS10,H1F3B_K6_L1_C_POS_MINUS10_y,y,-10.0,K6_L1_C,True,False,0.0008158486770747774,-0.010437401325961082,0.0062489735377223195,0.05611144328690497,0.0005040155327055735,-0.006448024660931043,True,"transverse Cartesian Ex,Ey from authoritative gratingvector; x/y input columns",9,0.0033389797472029473,0.029964373881642588,0,-3,"order_n=+1, order_m=0 is physical +x supercell order",31.70697023385587,0.11143165415008201,-0.5255751513588133,0.0,454.0
K6_L1_C_POS_MINUS10,H1F3B_K6_L1_C_POS_MINUS10_y,y,-10.0,K6_L1_C,True,False,0.013456961636339032,-0.003694383097907826,-0.037596378939157245,-0.04149023297863483,0.005034234978533336,-0.001382064771988873,True,"transverse Cartesian Ex,Ey from authoritative gratingvector; x/y input columns",9,0.003356919049767172,0.030125363168762593,0,-2,"order_n=+1, order_m=0 is physical +x supercell order",20.51076945311192,0.11143165415008201,-0.35038343423920887,0.0,454.0
K6_L1_C_POS_MINUS10,H1F3B_K6_L1_C_POS_MINUS10_y,y,-10.0,K6_L1_C,True,False,-0.003092903757132876,0.011058254136232678,0.08586963926658922,-0.1530764146632023,-0.0005503628459763463,0.001967747041566044,True,"transverse Cartesian Ex,Ey from authoritative gratingvector; x/y input columns",9,0.030942009639789027,0.27767701983598575,0,-1,"order_n=+1, order_m=0 is physical +x supercell order",10.089815048847298,0.11143165415008201,-0.17519171711960443,0.0,454.0
K6_L1_C_POS_MINUS10,H1F3B_K6_L1_C_POS_MINUS10_y,y,-10.0,K6_L1_C,True,False,0.006372040327691333,-0.0032931527393503033,0.1220305002196912,0.1077551174555226,0.0,0.0,True,"transverse Cartesian Ex,Ey from authoritative gratingvector; x/y input columns",9,0.026554056074623928,0.23829903878892017,0,0,"order_n=+1, order_m=0 is physical +x supercell order",0.0,0.11143165415008201,0.0,0.0,454.0
K6_L1_C_POS_MINUS10,H1F3B_K6_L1_C_POS_MINUS10_y,y,-10.0,K6_L1_C,True,False,-0.005385819111718763,0.004915864316971896,-0.002261887019000734,-0.11074975855351142,0.0009583727677925254,-0.0008747472564197176,True,"transverse Cartesian Ex,Ey from authoritative gratingvector; x/y input columns",9,0.012325481583159489,0.11061023617722557,0,1,"order_n=+1, order_m=0 is physical +x supercell order",10.089815048847298,0.11143165415008201,0.17519171711960443,0.0,454.0
K6_L1_C_POS_MINUS10,H1F3B_K6_L1_C_POS_MINUS10_y,y,-10.0,K6_L1_C,True,False,0.008669356815716091,-0.010460216485493222,0.015126718909539146,-0.049720199327912266,-0.003243197127441433,0.003913155817588179,True,"transverse Cartesian Ex,Ey from authoritative gratingvector; x/y input columns",9,0.0029113208387572917,0.02612651549474597,0,2,"order_n=+1, order_m=0 is physical +x supercell order",20.51076945311192,0.11143165415008201,0.35038343423920887,0.0,454.0
K6_L1_C_POS_MINUS10,H1F3B_K6_L1_C_POS_MINUS10_y,y,-10.0,K6_L1_C,True,False,-0.006820030318907873,-0.004113419579258334,0.04238154614969097,-0.029817922205624323,0.00421328281928127,0.002541191055080184,True,"transverse Cartesian Ex,Ey from authoritative gratingvector; x/y input columns",9,0.002772946376978568,0.02488472775647589,0,3,"order_n=+1, order_m=0 is physical +x supercell order",31.70697023385587,0.11143165415008201,0.5255751513588133,0.0,454.0
K6_L1_C_POS_MINUS10,H1F3B_K6_L1_C_POS_MINUS10_y,y,-10.0,K6_L1_C,True,False,0.0014782181972227072,-0.013836677590167091,0.03831072609774738,-0.0030694069172700436,-0.0014520610383148154,0.013591836757356836,True,"transverse Cartesian Ex,Ey from authoritative gratingvector; x/y input columns",9,0.0018576182764308688,0.016670472053918636,0,4,"order_n=+1, order_m=0 is physical +x supercell order",44.48856239139124,0.11143165415008201,0.7007668684784177,0.0,454.0
K6_L1_C_POS_MINUS10,H1F3B_K6_L1_C_POS_MINUS10_y,y,-10.0,K6_L1_C,True,False,0.003973524440334972,-0.008519954016879232,-0.012892231133970687,-0.06522511623085807,-0.0072154676546928595,0.015471265762009545,True,"transverse Cartesian Ex,Ey from authoritative gratingvector; x/y input columns",9,0.004800326961622991,0.04307866555725412,0,5,"order_n=+1, order_m=0 is physical +x supercell order",61.1586277055407,0.11143165415008201,0.8759585855980222,0.0,454.0
