position_id,cone_deg,baseline_DoCP_RminusL,d195t90_DoCP_RminusL,baseline_L_fraction,d195t90_L_fraction,baseline_total_cone_power,d195t90_total_cone_power,power_ratio_d195t90_over_baseline,interpretation
center,20,-0.47167557990093073,-0.5040428045068567,0.7358377899504653,0.7520214022534284,1.0587216332040106e-10,1.1108512170493637e-10,1.0492382343105555,CP selectivity modestly improved with no cone-power penalty
x_plus_qp,20,0.03189539221049794,-0.39412574199224304,0.484052303894751,0.6970628709961215,7.443422428323337e-11,5.7292565843884056e-11,0.7697073005809433,former CP-balanced collapse rescued to L-output dominance
x_minus_qp,20,-0.3801250939389637,-0.4385052213202826,0.6900625469694819,0.7192526106601412,7.058433050195453e-11,6.047622889930753e-11,0.856793972107349,L-output dominance strengthened with acceptable cone-power tradeoff
