cone_deg,baseline_DoCP_RminusL,route_b2_DoCP_RminusL,delta_DoCP_RminusL,baseline_L_fraction,route_b2_L_fraction,delta_L_fraction,baseline_total_cone_power,route_b2_total_cone_power,power_ratio_route_over_baseline,promising_by_threshold,notes
5.0,0.055557640429547105,-0.6848661046507595,-0.7404237450803066,0.47222117978522643,0.8424330523253797,0.37021187254015325,4.339416109302279e-12,3.1757089487841667e-12,0.7318286305792369,yes,Baseline is frozen dimer x_plus_qp average; Route B2 uses D195/T90 candidate.
10.0,0.010626496443591553,-0.6278065190325522,-0.6384330154761438,0.4946867517782042,0.8139032595162761,0.31921650773807186,1.945619545342366e-11,1.4772742246287254e-11,0.759282167042978,yes,Baseline is frozen dimer x_plus_qp average; Route B2 uses D195/T90 candidate.
20.0,0.03189539221049794,-0.39412574199224304,-0.42602113420274096,0.484052303894751,0.6970628709961215,0.2130105671013705,7.443422428323337e-11,5.7292565843884056e-11,0.7697073005809433,yes,Baseline is frozen dimer x_plus_qp average; Route B2 uses D195/T90 candidate.
30.0,0.060278031869299774,-0.1995034527783852,-0.25978148464768497,0.4698609840653501,0.5997517263891926,0.1298907423238425,1.3744321704931497e-10,1.1067896006153675e-10,0.8052704414058125,no,Baseline is frozen dimer x_plus_qp average; Route B2 uses D195/T90 candidate.
