wavelength_nm,theta_deg,I_proxy
448.0,0.0,0.6882661165
448.0,0.25,0.6916628585
448.0,0.5,0.6944093863
448.0,0.75,0.6964978368
448.0,1.0,0.6979222176
448.0,1.25,0.6986784351
448.0,1.5,0.6987643146
448.0,1.75,0.6981796105
448.0,2.0,0.696926008
448.0,2.25,0.6950071149
448.0,2.5,0.6924284446
448.0,2.75,0.6891973904
448.0,3.0,0.6853231901
448.0,3.25,0.6808168828
448.0,3.5,0.6756912574
448.0,3.75,0.6699607927
448.0,4.0,0.6636415906
448.0,4.25,0.6567513022
448.0,4.5,0.6493090473
448.0,4.75,0.6413353288
448.0,5.0,0.6328519409
448.0,5.25,0.6238818738
448.0,5.5,0.6144492142
448.0,5.75,0.6045790431
448.0,6.0,0.5942973315
448.0,6.25,0.5836308343
448.0,6.5,0.5726069847
448.0,6.75,0.5612537881
448.0,7.0,0.5495997183
448.0,7.25,0.5376736149
448.0,7.5,0.5255045852
448.0,7.75,0.513121909
448.0,8.0,0.5005549488
448.0,8.25,0.4878330667
448.0,8.5,0.4749855466
448.0,8.75,0.4620415247
448.0,9.0,0.4490299284
448.0,9.25,0.4359794236
448.0,9.5,0.4229183715
448.0,9.75,0.4098747953
448.0,10.0,0.3968763571
448.0,10.25,0.3839503447
448.0,10.5,0.3711236684
448.0,10.75,0.3584228685
448.0,11.0,0.3458741304
448.0,11.25,0.3335033093
448.0,11.5,0.3213359621
448.0,11.75,0.309397384
448.0,12.0,0.2977126503
448.0,12.25,0.2863066593
448.0,12.5,0.2752041752
448.0,12.75,0.2644298671
448.0,13.0,0.2540083424
448.0,13.25,0.2439641697
448.0,13.5,0.2343218895
448.0,13.75,0.2251060071
448.0,14.0,0.2163409662
448.0,14.25,0.2080510973
448.0,14.5,0.2002605393
448.0,14.75,0.19299313
448.0,15.0,0.1862722634
448.0,15.25,0.1801207106
448.0,15.5,0.1745604045
448.0,15.75,0.1696121858
448.0,16.0,0.1652955123
448.0,16.25,0.1616281321
448.0,16.5,0.1586257231
448.0,16.75,0.1563015046
448.0,17.0,0.1546658245
448.0,17.25,0.1537257299
448.0,17.5,0.1534845292
448.0,17.75,0.1539413552
448.0,18.0,0.155090739
448.0,18.25,0.1569222074
448.0,18.5,0.1594199148
448.0,18.75,0.162562323
448.0,19.0,0.1663219412
448.0,19.25,0.1706651385
448.0,19.5,0.1755520405
448.0,19.75,0.1809365219
448.0,20.0,0.1867663017
448.0,20.25,0.1929831506
448.0,20.5,0.1995232149
448.0,20.75,0.2063174584
448.0,21.0,0.213292223
448.0,21.25,0.2203699045
448.0,21.5,0.2274697364
448.0,21.75,0.2345086723
448.0,22.0,0.2414023547
448.0,22.25,0.2480661537
448.0,22.5,0.2544162584
448.0,22.75,0.2603708001
448.0,23.0,0.2658509851
448.0,23.25,0.2707822152
448.0,23.5,0.2750951706
448.0,23.75,0.2787268327
448.0,24.0,0.2816214236
448.0,24.25,0.2837312419
448.0,24.5,0.2850173734
448.0,24.75,0.2854502626
448.0,25.0,0.2850101302
448.0,25.25,0.2836872259
448.0,25.5,0.2814819131
448.0,25.75,0.2784045803
448.0,26.0,0.2744753837
448.0,26.25,0.2697238265
448.0,26.5,0.2641881846
448.0,26.75,0.2579147928
448.0,27.0,0.250957208
448.0,27.25,0.2433752695
448.0,27.5,0.2352340765
448.0,27.75,0.2266029077
448.0,28.0,0.2175541045
448.0,28.25,0.2081619437
448.0,28.5,0.1985015212
448.0,28.75,0.1886476699
448.0,29.0,0.1786739321
448.0,29.25,0.1686516039
448.0,29.5,0.158648868
448.0,29.75,0.1487300279
448.0,30.0,0.1389548516
448.0,30.25,0.1293780338
448.0,30.5,0.1200487781
448.0,30.75,0.1110105002
448.0,31.0,0.1023006501
448.0,31.25,0.0939506475
448.0,31.5,0.0859859238
448.0,31.75,0.0784260607
448.0,32.0,0.0712850157
448.0,32.25,0.0645714215
448.0,32.5,0.0582889477
448.0,32.75,0.0524367117
448.0,33.0,0.0470097254
448.0,33.25,0.0419993666
448.0,33.5,0.0373938618
448.0,33.75,0.0331787714
448.0,34.0,0.0293374655
448.0,34.25,0.0258515839
448.0,34.5,0.0227014718
448.0,34.75,0.0198665859
448.0,35.0,0.0173258665
448.05,0.0,0.7095177761
448.05,0.25,0.7130193997
448.05,0.5,0.7158507322
448.05,0.75,0.7180036681
448.05,1.0,0.7194720296
448.05,1.25,0.7202515969
448.05,1.5,0.7203401281
448.05,1.75,0.71973737
448.05,2.0,0.7184450599
448.05,2.25,0.7164669169
448.05,2.5,0.7138086248
448.05,2.75,0.7104778051
448.05,3.0,0.7064839807
448.05,3.25,0.7018385317
448.05,3.5,0.6965546419
448.05,3.75,0.6906472371
448.05,4.0,0.6841329163
448.05,4.25,0.6770298758
448.05,4.5,0.6693578258
448.05,4.75,0.661137902
448.05,5.0,0.6523925717
448.05,5.25,0.6431455349
448.05,5.5,0.6334216221
448.05,5.75,0.6232466889
448.05,6.0,0.6126475078
448.05,6.25,0.6016516602
448.05,6.5,0.5902874261
448.05,6.75,0.5785836758
448.05,7.0,0.5665697621
448.05,7.25,0.5542754153
448.05,7.5,0.5417306413
448.05,7.75,0.5289656239
448.05,8.0,0.5160106325
448.05,8.25,0.5028959356
448.05,8.5,0.4896517214
448.05,8.75,0.4763080256
448.05,9.0,0.4628946691
448.05,9.25,0.4494412026
448.05,9.5,0.4359768631
448.05,9.75,0.4225305391
448.05,10.0,0.4091307469
448.05,10.25,0.3958056167
448.05,10.5,0.3825828899
448.05,10.75,0.3694899262
448.05,11.0,0.3565537194
448.05,11.25,0.3438009234
448.05,11.5,0.3312578838
448.05,11.75,0.318950677
448.05,12.0,0.3069051527
448.05,12.25,0.2951469778
448.05,12.5,0.2837016812
448.05,12.75,0.2725946938
448.05,13.0,0.2618513826
448.05,13.25,0.2514970751
448.05,13.5,0.2415570692
448.05,13.75,0.2320566271
448.05,14.0,0.2230209472
448.05,14.25,0.2144751112
448.05,14.5,0.2064440034
448.05,14.75,0.1989521976
448.05,15.0,0.1920238101
448.05,15.25,0.1856823152
448.05,15.5,0.179950323
448.05,15.75,0.1748493177
448.05,16.0,0.1703993579
448.05,16.25,0.1666187396
448.05,16.5,0.1635236249
448.05,16.75,0.1611276413
448.05,17.0,0.1594414562
448.05,17.25,0.1584723342
448.05,17.5,0.1582236859
448.05,17.75,0.1586946174
448.05,18.0,0.1598794908
448.05,18.25,0.1617675096
448.05,18.5,0.1643423389
448.05,18.75,0.1675817756
448.05,19.0,0.1714574799
448.05,19.25,0.1759347825
448.05,19.5,0.1809725779
448.05,19.75,0.1865233165
448.05,20.0,0.1925331029
448.05,20.25,0.1989419101
448.05,20.5,0.2056839126
448.05,20.75,0.2126879425
448.05,21.0,0.2198780676
448.05,21.25,0.2271742874
448.05,21.5,0.2344933415
448.05,21.75,0.2417496193
448.05,22.0,0.2488561586
448.05,22.25,0.2557257164
448.05,22.5,0.2622718939
448.05,22.75,0.2684102945
448.05,23.0,0.2740596917
448.05,23.25,0.2791431839
448.05,23.5,0.2835893109
448.05,23.75,0.2873331081
448.05,24.0,0.2903170756
448.05,24.25,0.292492039
448.05,24.5,0.2938178825
448.05,24.75,0.2942641381
448.05,25.0,0.2938104156
448.05,25.25,0.2924466639
448.05,25.5,0.2901732574
448.05,25.75,0.2870009055
448.05,26.0,0.2829503867
448.05,26.25,0.2780521152
448.05,26.5,0.2723455488
448.05,26.75,0.2658784528
448.05,27.0,0.2587060381
448.05,27.25,0.2508899913
448.05,27.5,0.2424974219
448.05,27.75,0.2335997476
448.05,28.0,0.2242715437
448.05,28.25,0.2145893802
448.05,28.5,0.2046306719
448.05,28.75,0.1944725623
448.05,29.0,0.1841908644
448.05,29.25,0.1738590758
448.05,29.5,0.1635474845
448.05,29.75,0.1533223794
448.05,30.0,0.143245374
448.05,30.25,0.1333728519
448.05,30.5,0.1237555359
448.05,30.75,0.1144381822
448.05,31.0,0.1054593972
448.05,31.25,0.0968515708
448.05,31.5,0.0886409195
448.05,31.75,0.0808476298
448.05,32.0,0.07348609
448.05,32.25,0.0665651995
448.05,32.5,0.0600887412
448.05,32.75,0.0540558051
448.05,33.0,0.0484612493
448.05,33.25,0.0432961851
448.05,33.5,0.0385484757
448.05,33.75,0.0342032355
448.05,34.0,0.0302433213
448.05,34.25,0.0266498057
448.05,34.5,0.0234024273
448.05,34.75,0.0204800084
448.05,35.0,0.017860839
448.1,0.0,0.7310249666
448.1,0.25,0.7346327328
448.1,0.5,0.7375498899
448.1,0.75,0.7397680864
448.1,1.0,0.7412809575
448.1,1.25,0.7420841554
448.1,1.5,0.7421753702
448.1,1.75,0.7415543411
448.1,2.0,0.7402228579
448.1,2.25,0.7381847527
448.1,2.5,0.7354458813
448.1,2.75,0.7320140964
448.1,3.0,0.7278992096
448.1,3.25,0.7231129459
448.1,3.5,0.7176688887
448.1,3.75,0.7115824162
448.1,4.0,0.7048706307
448.1,4.25,0.69755228
448.1,4.5,0.6896476716
448.1,4.75,0.6811785822
448.1,5.0,0.6721681599
448.1,5.25,0.6626408232
448.1,5.5,0.6526221552
448.1,5.75,0.6421387952
448.1,6.0,0.6312183275
448.1,6.25,0.6198891693
448.1,6.5,0.6081804579
448.1,6.75,0.5961219388
448.1,7.0,0.5837438545
448.1,7.25,0.5710768364
448.1,7.5,0.5581518002
448.1,7.75,0.5449998444
448.1,8.0,0.5316521561
448.1,8.25,0.5181399212
448.1,8.5,0.5044942429
448.1,8.75,0.4907460677
448.1,9.0,0.47692612
448.1,9.25,0.4630648466
448.1,9.5,0.4491923706
448.1,9.75,0.4353384562
448.1,10.0,0.421532484
448.1,10.25,0.4078034371
448.1,10.5,0.3941798977
448.1,10.75,0.3806900546
448.1,11.0,0.3673617203
448.1,11.25,0.3542223564
448.1,11.5,0.3412991071
448.1,11.75,0.3286188393
448.1,12.0,0.3162081861
448.1,12.25,0.3040935927
448.1,12.5,0.2923013616
448.1,12.75,0.2808576947
448.1,13.0,0.2697887279
448.1,13.25,0.2591205564
448.1,13.5,0.248879245
448.1,13.75,0.2390908217
448.1,14.0,0.2297812486
448.1,14.25,0.2209763678
448.1,14.5,0.2127018177
448.1,14.75,0.2049829173
448.1,15.0,0.1978445137
448.1,15.25,0.1913107929
448.1,15.5,0.1854050502
448.1,15.75,0.1801494211
448.1,16.0,0.1755645723
448.1,16.25,0.1716693544
448.1,16.5,0.1684804194
448.1,16.75,0.1660118077
448.1,17.0,0.1642745103
448.1,17.25,0.1632760118
448.1,17.5,0.1630198265
448.1,17.75,0.1635050329
448.1,18.0,0.1647258227
448.1,18.25,0.1666710719
448.1,18.5,0.1693239505
448.1,18.75,0.1726615823
448.1,19.0,0.1766547686
448.1,19.25,0.181267789
448.1,19.5,0.1864582921
448.1,19.75,0.1921772869
448.1,20.0,0.1983692444
448.1,20.25,0.2049723179
448.1,20.5,0.2119186868
448.1,20.75,0.2191350257
448.1,21.0,0.2265431008
448.1,21.25,0.2340604865
448.1,21.5,0.2416013988
448.1,21.75,0.2490776318
448.1,22.0,0.2563995874
448.1,22.25,0.263477378
448.1,22.5,0.2702219859
448.1,22.75,0.2765464562
448.1,23.0,0.2823671002
448.1,23.25,0.2876046853
448.1,23.5,0.2921855851
448.1,23.75,0.2960428658
448.1,24.0,0.2991172846
448.1,24.25,0.3013581763
448.1,24.5,0.3027242093
448.1,24.75,0.303183992
448.1,25.0,0.3027165161
448.1,25.25,0.3013114258
448.1,25.5,0.2989691069
448.1,25.75,0.2957005933
448.1,26.0,0.2915272936
448.1,26.25,0.2864805437
448.1,26.5,0.2806009975
448.1,26.75,0.2739378683
448.1,27.0,0.2665480404
448.1,27.25,0.2584950704
448.1,27.5,0.2498481021
448.1,27.75,0.2406807179
448.1,28.0,0.2310697537
448.1,28.25,0.2210941005
448.1,28.5,0.2108335198
448.1,28.75,0.2003674935
448.1,29.0,0.1897741326
448.1,29.25,0.1791291626
448.1,29.5,0.1685050022
448.1,29.75,0.1579699495
448.1,30.0,0.1475874859
448.1,30.25,0.1374157039
448.1,30.5,0.1275068638
448.1,30.75,0.1179070788
448.1,31.0,0.1086561252
448.1,31.25,0.0997873748
448.1,31.5,0.091327839
448.1,31.75,0.0832983159
448.1,32.0,0.0757136302
448.1,32.25,0.0685829508
448.1,32.5,0.0619101755
448.1,32.75,0.0556943666
448.1,33.0,0.0499302263
448.1,33.25,0.0446085966
448.1,33.5,0.0397169728
448.1,33.75,0.0352400179
448.1,34.0,0.0311600691
448.1,34.25,0.0274576255
448.1,34.5,0.0241118112
448.1,34.75,0.0211008067
448.1,35.0,0.018402244
448.15,0.0,0.7527715144
448.15,0.25,0.7564866046
448.15,0.5,0.7594905413
448.15,0.75,0.7617747247
448.15,1.0,0.7633326008
448.15,1.25,0.7641596922
448.15,1.5,0.7642536204
448.15,1.75,0.763614117
448.15,2.0,0.7622430248
448.15,2.25,0.76014429
448.15,2.5,0.7573239426
448.15,2.75,0.7537900689
448.15,3.0,0.7495527723
448.15,3.25,0.7446241267
448.15,3.5,0.7390181195
448.15,3.75,0.7327505865
448.15,4.0,0.7258391387
448.15,4.25,0.7183030815
448.15,4.5,0.7101633267
448.15,4.75,0.7014422986
448.15,5.0,0.692163834
448.15,5.25,0.6823530779
448.15,5.5,0.6720363744
448.15,5.75,0.6612411551
448.15,6.0,0.6499958251
448.15,6.25,0.6383296468
448.15,6.5,0.6262726244
448.15,6.75,0.6138553881
448.15,7.0,0.6011090803
448.15,7.25,0.5880652435
448.15,7.5,0.574755713
448.15,7.75,0.5612125125
448.15,8.0,0.5474677568
448.15,8.25,0.5335535597
448.15,8.5,0.5195019494
448.15,8.75,0.5053447932
448.15,9.0,0.4911137293
448.15,9.25,0.4768401104
448.15,9.5,0.4625549557
448.15,9.75,0.4482889148
448.15,10.0,0.4340722422
448.15,10.25,0.4199347832
448.15,10.5,0.4059059705
448.15,10.75,0.3920148313
448.15,11.0,0.3782900054
448.15,11.25,0.3647597713
448.15,11.5,0.3514520809
448.15,11.75,0.3383946002
448.15,12.0,0.3256147546
448.15,12.25,0.313139776
448.15,12.5,0.3009967493
448.15,12.75,0.2892126559
448.15,13.0,0.2778144093
448.15,13.25,0.2668288808
448.15,13.5,0.2562829106
448.15,13.75,0.2462033011
448.15,14.0,0.2366167866
448.15,14.25,0.2275499779
448.15,14.5,0.2190292764
448.15,14.75,0.211080754
448.15,15.0,0.203729997
448.15,15.25,0.1970019108
448.15,15.5,0.1909204839
448.15,15.75,0.1855085103
448.15,16.0,0.1807872714
448.15,16.25,0.1767761784
448.15,16.5,0.1734923788
448.15,16.75,0.1709503309
448.15,17.0,0.1691613522
448.15,17.25,0.1681331504
448.15,17.5,0.1678693441
448.15,17.75,0.1683689845
448.15,18.0,0.1696260904
448.15,18.25,0.1716292069
448.15,18.5,0.1743610034
448.15,18.75,0.1777979231
448.15,19.0,0.1819098988
448.15,19.25,0.1866601474
448.15,19.5,0.1920050577
448.15,19.75,0.1978941813
448.15,20.0,0.2042703373
448.15,20.25,0.2110698393
448.15,20.5,0.2182228488
448.15,20.75,0.2256538596
448.15,21.0,0.2332823102
448.15,21.25,0.2410233234
448.15,21.5,0.2487885628
448.15,21.75,0.2564871991
448.15,22.0,0.2640269684
448.15,22.25,0.2713153092
448.15,22.5,0.2782605559
448.15,22.75,0.2847731666
448.15,23.0,0.2907669633
448.15,23.25,0.2961603562
448.15,23.5,0.3008775287
448.15,23.75,0.3048495559
448.15,24.0,0.3080154325
448.15,24.25,0.3103229863
448.15,24.5,0.3117296561
448.15,24.75,0.3122031165
448.15,25.0,0.3117217341
448.15,25.25,0.3102748451
448.15,25.5,0.3078628469
448.15,25.75,0.3044971015
448.15,26.0,0.3001996543
448.15,26.25,0.2950027736
448.15,26.5,0.2889483225
448.15,26.75,0.2820869784
448.15,27.0,0.2744773177
448.15,27.25,0.2661847878
448.15,27.5,0.2572805892
448.15,27.75,0.2478404935
448.15,28.0,0.2379436221
448.15,28.25,0.227671213
448.15,28.5,0.2171054003
448.15,28.75,0.2063280304
448.15,29.0,0.1954195379
448.15,29.25,0.1844579011
448.15,29.5,0.1735176929
448.15,29.75,0.1626692433
448.15,30.0,0.1519779218
448.15,30.25,0.1415035494
448.15,30.5,0.131299941
448.15,30.75,0.1214145813
448.15,31.0,0.1118884302
448.15,31.25,0.102755852
448.15,31.5,0.0940446617
448.15,31.75,0.0857762761
448.15,32.0,0.077965961
448.15,32.25,0.070623158
448.15,32.5,0.0637518808
448.15,32.75,0.0573511639
448.15,33.0,0.0514155519
448.15,33.25,0.0459356142
448.15,33.5,0.0408984742
448.15,33.75,0.0362883388
448.15,34.0,0.0320870195
448.15,34.25,0.0282744356
448.15,34.5,0.0248290899
448.15,34.75,0.021728514
448.15,35.0,0.0189496743
448.2,0.0,0.774740361
448.2,0.25,0.7785638721
448.2,0.5,0.7816554756
448.2,0.75,0.7840063205
448.2,1.0,0.7856096616
448.2,1.25,0.7864608908
448.2,1.5,0.7865575602
448.2,1.75,0.7858993935
448.2,2.0,0.7844882875
448.2,2.25,0.7823283032
448.2,2.5,0.779425647
448.2,2.75,0.7757886409
448.2,3.0,0.7714276832
448.2,3.25,0.7663552003
448.2,3.5,0.7605855877
448.2,3.75,0.7541351433
448.2,4.0,0.7470219922
448.2,4.25,0.739266003
448.2,4.5,0.730888698
448.2,4.75,0.7219131558
448.2,5.0,0.712363909
448.2,5.25,0.7022668363
448.2,5.5,0.6916490506
448.2,5.75,0.6805387842
448.2,6.0,0.668965271
448.2,6.25,0.6569586275
448.2,6.5,0.6445497336
448.2,6.75,0.6317701133
448.2,7.0,0.6186518179
448.2,7.25,0.6052273104
448.2,7.5,0.5915293552
448.2,7.75,0.5775909107
448.2,8.0,0.5634450287
448.2,8.25,0.5491247603
448.2,8.5,0.5346630686
448.2,8.75,0.5200927506
448.2,9.0,0.5054463681
448.2,9.25,0.4907561886
448.2,9.5,0.4760541366
448.2,9.75,0.4613717562
448.2,10.0,0.446740185
448.2,10.25,0.4321901391
448.2,10.5,0.4177519102
448.2,10.75,0.4034553727
448.2,11.0,0.3893300022
448.2,11.25,0.3754049024
448.2,11.5,0.361708841
448.2,11.75,0.3482702915
448.2,12.0,0.3351174795
448.2,12.25,0.3222784317
448.2,12.5,0.3097810235
448.2,12.75,0.2976530237
448.2,13.0,0.2859221312
448.2,13.25,0.2746160016
448.2,13.5,0.2637622584
448.2,13.75,0.253388486
448.2,14.0,0.2435221991
448.2,14.25,0.2341907852
448.2,14.5,0.2254214159
448.2,14.75,0.2172409242
448.2,15.0,0.2096756431
448.2,15.25,0.2027512048
448.2,15.5,0.1964922979
448.2,15.75,0.1909223815
448.2,16.0,0.1860633581
448.2,16.25,0.1819352056
448.2,16.5,0.1785555718
448.2,16.75,0.1759393369
448.2,17.0,0.1740981487
448.2,17.25,0.17303994
448.2,17.5,0.1727684347
448.2,17.75,0.1732826566
448.2,18.0,0.1745764498
448.2,18.25,0.1766380251
448.2,18.5,0.1794495463
448.2,18.75,0.1829867689
448.2,19.0,0.1872187482
448.2,19.25,0.1921076279
448.2,19.5,0.1976085238
448.2,19.75,0.2036695153
448.2,20.0,0.2102317527
448.2,20.25,0.217229691
448.2,20.5,0.2245914536
448.2,20.75,0.2322393306
448.2,21.0,0.2400904096
448.2,21.25,0.2480573361
448.2,21.5,0.2560491959
448.2,21.75,0.2639725088
448.2,22.0,0.2717323183
448.2,22.25,0.2792333618
448.2,22.5,0.2863812981
448.2,22.75,0.2930839726
448.2,23.0,0.299252692
448.2,23.25,0.3048034854
448.2,23.5,0.3096583236
448.2,23.75,0.3137462702
448.2,24.0,0.3170045397
448.2,24.25,0.319379437
448.2,24.5,0.320827159
448.2,24.75,0.3213144367
448.2,25.0,0.3208190057
448.2,25.25,0.3193298908
448.2,25.5,0.3168475009
448.2,25.75,0.3133835298
448.2,26.0,0.3089606661
448.2,26.25,0.3036121199
448.2,26.5,0.2973809761
448.2,26.75,0.2903193908
448.2,27.0,0.2824876502
448.2,27.25,0.2739531115
448.2,27.5,0.2647890532
448.2,27.75,0.2550734582
448.2,28.0,0.244887757
448.2,28.25,0.2343155584
448.2,28.5,0.2234413935
448.2,28.75,0.2123494974
448.2,29.0,0.2011226521
448.2,29.25,0.1898411114
448.2,29.5,0.1785816247
448.2,29.75,0.1674165744
448.2,30.0,0.156413238
448.2,30.25,0.145633182
448.2,30.5,0.135131792
448.2,30.75,0.1249579384
448.2,31.0,0.1151537766
448.2,31.25,0.1057546737
448.2,31.5,0.0967892564
448.2,31.75,0.0882795667
448.2,32.0,0.0802413157
448.2,32.25,0.0726842208
448.2,32.5,0.0656124126
448.2,32.75,0.0590248975
448.2,33.0,0.0529160608
448.2,33.25,0.0472761969
448.2,33.5,0.0420920532
448.2,33.75,0.0373473758
448.2,34.0,0.0330234455
448.2,34.25,0.0290995953
448.2,34.5,0.0255537009
448.2,34.75,0.0223626379
448.2,35.0,0.0195027007
448.25,0.0,0.7969135746
448.25,0.25,0.8008465153
448.25,0.5,0.804026601
448.25,0.75,0.8064447276
448.25,1.0,0.8080939565
448.25,1.25,0.8089695481
448.25,1.5,0.8090689842
448.25,1.75,0.8083919806
448.25,2.0,0.8069404885
448.25,2.25,0.8047186851
448.25,2.5,0.8017329543
448.25,2.75,0.7979918564
448.25,3.0,0.7935060874
448.25,3.25,0.788288429
448.25,3.5,0.782353689
448.25,3.75,0.7757186317
448.25,4.0,0.7684019009
448.25,4.25,0.7604239338
448.25,4.5,0.7518068688
448.25,4.75,0.7425744449
448.25,5.0,0.7327518969
448.25,5.25,0.722365844
448.25,5.5,0.7114441754
448.25,5.75,0.7000159311
448.25,6.0,0.6881111818
448.25,6.25,0.6757609059
448.25,6.5,0.6629968671
448.25,6.75,0.6498514918
448.25,7.0,0.6363577482
448.25,7.25,0.6225490289
448.25,7.5,0.6084590356
448.25,7.75,0.5941216702
448.25,8.0,0.5795709305
448.25,8.25,0.5648408133
448.25,8.5,0.5499652253
448.25,8.75,0.534977902
448.25,9.0,0.5199123374
448.25,9.25,0.5048017222
448.25,9.5,0.4896788947
448.25,9.75,0.4745763019
448.25,10.0,0.4595259724
448.25,10.25,0.4445595015
448.25,10.5,0.4297080477
448.25,10.75,0.4150023407
448.25,11.0,0.4004726994
448.25,11.25,0.3861490607
448.25,11.5,0.3720610155
448.25,11.75,0.3582378521
448.25,12.0,0.3447086042
448.25,12.25,0.3315021005
448.25,12.5,0.3186470142
448.25,12.75,0.3061719088
448.25,13.0,0.294105276
448.25,13.25,0.2824755628
448.25,13.5,0.2713111834
448.25,13.75,0.2606405117
448.25,14.0,0.2504918499
448.25,14.25,0.2408933691
448.25,14.5,0.2318730189
448.25,14.75,0.2234584
448.25,15.0,0.2156765991
448.25,15.25,0.2085539821
448.25,15.5,0.2021159441
448.25,15.75,0.1963866156
448.25,16.0,0.1913885261
448.25,16.25,0.1871422251
448.25,16.5,0.1836658656
448.25,16.75,0.1809747535
448.25,17.0,0.1790808702
448.25,17.25,0.1779923753
448.25,17.5,0.1777130995
448.25,17.75,0.1782420385
448.25,18.0,0.1795728603
448.25,18.25,0.1816934383
448.25,18.5,0.1845854257
448.25,18.75,0.1882238843
448.25,19.0,0.1925769837
448.25,19.25,0.197605784
448.25,19.5,0.2032641166
448.25,19.75,0.2094985748
448.25,20.0,0.2162486247
448.25,20.25,0.2234468452
448.25,20.5,0.2310193029
448.25,20.75,0.2388860636
448.25,21.0,0.2469618419
448.25,21.25,0.2551567833
448.25,21.5,0.2633773716
448.25,21.75,0.2715274512
448.25,22.0,0.2795093479
448.25,22.25,0.2872250726
448.25,22.5,0.2945775843
448.25,22.75,0.3014720906
448.25,23.0,0.3078173598
448.25,23.25,0.313527018
448.25,23.5,0.3185208025
448.25,23.75,0.322725747
448.25,24.0,0.3260772687
448.25,24.25,0.328520136
448.25,24.5,0.3300092921
448.25,24.75,0.3305105158
448.25,25.0,0.3300009055
448.25,25.25,0.3284691718
448.25,25.5,0.3259157355
448.25,25.75,0.3223526248
448.25,26.0,0.317803178
448.25,26.25,0.3123015554
448.25,26.5,0.305892075
448.25,26.75,0.2986283859
448.25,27.0,0.2905724994
448.25,27.25,0.2817937006
448.25,27.5,0.2723673653
448.25,27.75,0.2623737081
448.25,28.0,0.2518964902
448.25,28.25,0.2410217134
448.25,28.5,0.2298363279
448.25,28.75,0.2184269796
448.25,29.0,0.2068788199
448.25,29.25,0.1952743994
448.25,29.5,0.1836926641
448.25,29.75,0.172208068
448.25,30.0,0.160889814
448.25,30.25,0.1498012308
448.25,30.5,0.1389992891
448.25,30.75,0.1285342579
448.25,31.0,0.1184494991
448.25,31.25,0.1087813922
448.25,31.5,0.099559383
448.25,31.75,0.0908061444
448.25,32.0,0.0825378372
448.25,32.25,0.0747644567
448.25,32.5,0.067490252
448.25,32.75,0.060714201
448.25,33.0,0.0544305283
448.25,33.25,0.0486292505
448.25,33.5,0.0432967357
448.25,33.75,0.0384162647
448.25,34.0,0.0339685827
448.25,34.25,0.0299324311
448.25,34.5,0.0262850525
448.25,34.75,0.0230026608
448.25,35.0,0.0200608716
448.3,0.0,0.8192723646
448.3,0.25,0.8233156508
448.3,0.5,0.8265849593
448.3,0.75,0.8290709306
448.3,1.0,0.8307664315
448.3,1.25,0.8316665893
448.3,1.5,0.8317688153
448.3,1.75,0.8310728172
448.3,2.0,0.8295806009
448.3,2.25,0.827296461
448.3,2.5,0.8242269604
448.3,2.75,0.8203808995
448.3,3.0,0.8157692744
448.3,3.25,0.8104052257
448.3,3.5,0.8043039762
448.3,3.75,0.7974827609
448.3,4.0,0.7899607465
448.3,4.25,0.7817589438
448.3,4.5,0.7729001121
448.3,4.75,0.7634086566
448.3,5.0,0.7533105199
448.3,5.25,0.7426330684
448.3,5.5,0.7314049734
448.3,5.75,0.7196560899
448.3,6.0,0.7074173323
448.3,6.25,0.6947205481
448.3,6.5,0.6815983921
448.3,6.75,0.6680842004
448.3,7.0,0.6542118666
448.3,7.25,0.6400157197
448.3,7.5,0.6255304073
448.3,7.75,0.6107907822
448.3,8.0,0.5958317963
448.3,8.25,0.5806884002
448.3,8.5,0.5653954518
448.3,8.75,0.5499876333
448.3,9.0,0.5344993781
448.3,9.25,0.5189648085
448.3,9.5,0.5034176839
448.3,9.75,0.4878913617
448.3,10.0,0.4724187691
448.3,10.25,0.457032388
448.3,10.5,0.441764251
448.3,10.75,0.4266459498
448.3,11.0,0.4117086543
448.3,11.25,0.3969831411
448.3,11.5,0.3824998314
448.3,11.75,0.3682888353
448.3,12.0,0.3543800009
448.3,12.25,0.3408029658
448.3,12.5,0.3275872078
448.3,12.75,0.3147620917
448.3,13.0,0.3023569086
448.3,13.25,0.2904009037
448.3,13.5,0.2789232884
448.3,13.75,0.2679532325
448.3,14.0,0.2575198324
448.3,14.25,0.2476520496
448.3,14.5,0.2383786179
448.3,14.75,0.2297279122
448.3,15.0,0.2217277795
448.3,15.25,0.2144053251
448.3,15.5,0.2077866568
448.3,15.75,0.2018965821
448.3,16.0,0.1967582626
448.3,16.25,0.1923928242
448.3,16.5,0.1888189294
448.3,16.75,0.1860523135
448.3,17.0,0.1841052941
448.3,17.25,0.1829862596
448.3,17.5,0.1826991482
448.3,17.75,0.1832429275
448.3,18.0,0.1846110878
448.3,18.25,0.1867911623
448.3,18.5,0.1897642894
448.3,18.75,0.1935048313
448.3,19.0,0.1979800644
448.3,19.25,0.2031499564
448.3,19.5,0.2089670433
448.3,19.75,0.21537642
448.3,20.0,0.2223158542
448.3,20.25,0.2297160333
448.3,20.5,0.2375009494
448.3,20.75,0.2455884256
448.3,21.0,0.2538907839
448.3,21.25,0.2623156486
448.3,21.5,0.2707668798
448.3,21.75,0.2791456239
448.3,22.0,0.2873514666
448.3,22.25,0.2952836693
448.3,22.5,0.3028424684
448.3,22.75,0.309930412
448.3,23.0,0.3164537088
448.3,23.25,0.3223235612
448.3,23.5,0.3274574551
448.3,23.75,0.3317803765
448.3,24.0,0.335225931
448.3,24.25,0.3377373372
448.3,24.5,0.3392682741
448.3,24.75,0.3397835605
448.3,25.0,0.3392596522
448.3,25.25,0.3376849431
448.3,25.5,0.3350598657
448.3,25.75,0.3313967858
448.3,26.0,0.3267196964
448.3,26.25,0.3210637162
448.3,26.5,0.3144744068
448.3,26.75,0.3070069223
448.3,27.0,0.2987250139
448.3,27.25,0.2896999107
448.3,27.5,0.2800091032
448.3,27.75,0.2697350567
448.3,28.0,0.2589638824
448.3,28.25,0.2477839948
448.3,28.5,0.236284784
448.3,28.75,0.2245553266
448.3,29.0,0.2126831633
448.3,29.25,0.2007531607
448.3,29.5,0.1888464798
448.3,29.75,0.1770396635
448.3,30.0,0.1654038563
448.3,30.25,0.1540041637
448.3,30.5,0.1428991548
448.3,30.75,0.1321405091
448.3,31.0,0.1217728049
448.3,31.25,0.1118334425
448.3,31.5,0.1023526938
448.3,31.75,0.093353868
448.3,32.0,0.0848535791
448.3,32.25,0.076862103
448.3,32.5,0.0693838079
448.3,32.75,0.0624176431
448.3,33.0,0.055957671
448.3,33.25,0.0499936283
448.3,33.5,0.0445115005
448.3,33.75,0.0394940995
448.3,34.0,0.0349216301
448.3,34.25,0.0307722373
448.3,34.5,0.0270225252
448.3,34.75,0.0236480402
448.3,35.0,0.0206237141
448.35,0.0,0.8417970987
448.35,0.25,0.8459515494
448.35,0.5,0.8493107429
448.35,0.75,0.8518650625
448.35,1.0,0.8536071788
448.35,1.25,0.8545320852
448.35,1.5,0.8546371217
448.35,1.75,0.8539219881
448.35,2.0,0.8523887455
448.35,2.25,0.8500418064
448.35,2.5,0.8468879142
448.35,2.75,0.8429361112
448.35,3.0,0.8381976961
448.35,3.25,0.8326861704
448.35,3.5,0.8264171758
448.35,3.75,0.8194084208
448.35,4.0,0.8116795992
448.35,4.25,0.8032522996
448.35,4.5,0.7941499068
448.35,4.75,0.7843974972
448.35,5.0,0.7740217266
448.35,5.25,0.7630507136
448.35,5.5,0.751513918
448.35,5.75,0.7394420156
448.35,6.0,0.7268667707
448.35,6.25,0.7138209063
448.35,6.5,0.7003379752
448.35,6.75,0.68645223
448.35,7.0,0.672198496
448.35,7.25,0.6576120461
448.35,7.5,0.6427284805
448.35,7.75,0.6275836104
448.35,8.0,0.6122133483
448.35,8.25,0.596653606
448.35,8.5,0.5809401996
448.35,8.75,0.5651087649
448.35,9.0,0.549194682
448.35,9.25,0.5332330114
448.35,9.5,0.5172584406
448.35,9.75,0.5013052442
448.35,10.0,0.4854072546
448.35,10.25,0.4695978466
448.35,10.5,0.4539099338
448.35,10.75,0.4383759764
448.35,11.0,0.4230280011
448.35,11.25,0.4078976307
448.35,11.5,0.3930161229
448.35,11.75,0.3784144156
448.35,12.0,0.3641231775
448.35,12.25,0.350172861
448.35,12.5,0.3365937545
448.35,12.75,0.32341603
448.35,13.0,0.3106697839
448.35,13.25,0.2983850656
448.35,13.5,0.2865918894
448.35,13.75,0.2753202274
448.35,14.0,0.2645999757
448.35,14.25,0.2544608923
448.35,14.5,0.2449325006
448.35,14.75,0.2360439561
448.35,15.0,0.227823871
448.35,15.25,0.2203000961
448.35,15.5,0.2134994568
448.35,15.75,0.2074474429
448.35,16.0,0.2021678525
448.35,16.25,0.1976823926
448.35,16.5,0.1940102386
448.35,16.75,0.1911675586
448.35,17.0,0.1891670086
448.35,17.25,0.1880172078
448.35,17.5,0.1877222027
448.35,17.75,0.1882809325
448.35,18.0,0.1896867084
448.35,18.25,0.191926721
448.35,18.5,0.19498159
448.35,18.75,0.1988249728
448.35,19.0,0.2034232461
448.35,19.25,0.2087352769
448.35,19.5,0.2147122964
448.35,19.75,0.2212978899
448.35,20.0,0.228428114
448.35,20.25,0.2360317506
448.35,20.5,0.2440307019
448.35,20.75,0.2523405318
448.35,21.0,0.2608711517
448.35,21.25,0.2695276461
448.35,21.5,0.2782112319
448.35,21.75,0.2868203378
448.35,22.0,0.2952517885
448.35,22.25,0.3034020759
448.35,22.5,0.3111686935
448.35,22.75,0.31845151
448.35,23.0,0.3251541556
448.35,23.25,0.3311853914
448.35,23.5,0.3364604344
448.35,23.75,0.3409022084
448.35,24.0,0.3444424935
448.35,24.25,0.3470229473
448.35,24.5,0.3485959751
448.35,24.75,0.3491254287
448.35,25.0,0.3485871162
448.35,25.25,0.3469691127
448.35,25.5,0.3442718625
448.35,25.75,0.3405080714
448.35,26.0,0.335702392
448.35,26.25,0.3298909087
448.35,26.5,0.3231204355
448.35,26.75,0.3154476431
448.35,27.0,0.3069380354
448.35,27.25,0.2976647998
448.35,27.5,0.2877075573
448.35,27.75,0.2771510404
448.35,28.0,0.2660837278
448.35,28.25,0.2545964651
448.35,28.5,0.2427810997
448.35,28.75,0.2307291575
448.35,29.0,0.2185305859
448.35,29.25,0.2062725848
448.35,29.5,0.1940385465
448.35,29.75,0.1819071184
448.35,30.0,0.1699514012
448.35,30.25,0.1582382902
448.35,30.5,0.1468279648
448.35,30.75,0.1357735253
448.35,31.0,0.1251207758
448.35,31.25,0.1149081447
448.35,31.5,0.1051667363
448.35,31.75,0.0959205005
448.35,32.0,0.0871865082
448.35,32.25,0.0789753178
448.35,32.5,0.0712914175
448.35,32.75,0.0641337278
448.35,33.0,0.057496148
448.35,33.25,0.0513681323
448.35,33.5,0.0457352812
448.35,33.75,0.0405799339
448.35,34.0,0.0358817509
448.35,34.25,0.0316182764
448.35,34.5,0.0277654713
448.35,34.75,0.0242982096
448.35,35.0,0.0211907339
448.4,0.0,0.8644673232
448.4,0.25,0.8687336563
448.4,0.5,0.8721833154
448.4,0.75,0.8748064247
448.4,1.0,0.8765954575
448.4,1.25,0.8775452723
448.4,1.5,0.8776531375
448.4,1.75,0.8769187449
448.4,2.0,0.8753442109
448.4,2.25,0.8729340669
448.4,2.5,0.8696952381
448.4,2.75,0.8656370101
448.4,3.0,0.8607709859
448.4,3.25,0.8551110307
448.4,3.5,0.8486732074
448.4,3.75,0.8414757014
448.4,4.0,0.8335387369
448.4,4.25,0.8248844838
448.4,4.5,0.8155369568
448.4,4.75,0.8055219075
448.4,5.0,0.7948667096
448.4,5.25,0.7836002391
448.4,5.5,0.771752749
448.4,5.75,0.7593557413
448.4,6.0,0.7464418355
448.4,6.25,0.7330446363
448.4,6.5,0.7191985998
448.4,6.75,0.7049389012
448.4,7.0,0.6903013034
448.4,7.25,0.6753220296
448.4,7.5,0.6600376384
448.4,7.75,0.6444849056
448.4,8.0,0.6287007109
448.4,8.25,0.6127219331
448.4,8.5,0.5965853529
448.4,8.75,0.5803275659
448.4,9.0,0.5639849049
448.4,9.25,0.5475933746
448.4,9.5,0.5311885967
448.4,9.75,0.5148057687
448.4,10.0,0.4984796344
448.4,10.25,0.4822444673
448.4,10.5,0.4661340673
448.4,10.75,0.4501817688
448.4,11.0,0.434420461
448.4,11.25,0.4188826185
448.4,11.5,0.4036003406
448.4,11.75,0.3886053984
448.4,12.0,0.3739292865
448.4,12.25,0.3596032777
448.4,12.5,0.3456584756
448.4,12.75,0.3321258652
448.4,13.0,0.3190363532
448.4,13.25,0.3064207982
448.4,13.5,0.294310023
448.4,13.75,0.2827348067
448.4,14.0,0.2717258506
448.4,14.25,0.2613137141
448.4,14.5,0.2515287157
448.4,14.75,0.2424007961
448.4,15.0,0.2339593379
448.4,15.25,0.2262329422
448.4,15.5,0.2192491566
448.4,15.75,0.2130341574
448.4,16.0,0.2076123838
448.4,16.25,0.2030061271
448.4,16.5,0.1992350792
448.4,16.75,0.1963158437
448.4,17.0,0.1942614174
448.4,17.25,0.1930806516
448.4,17.5,0.1927777018
448.4,17.75,0.1933514786
448.4,18.0,0.1947951131
448.4,18.25,0.1970954509
448.4,18.5,0.2002325898
448.4,18.75,0.2041794777
448.4,19.0,0.208901586
448.4,19.25,0.2143566738
448.4,19.5,0.2204946589
448.4,19.75,0.2272576073
448.4,20.0,0.2345798537
448.4,20.25,0.2423882618
448.4,20.5,0.2506026309
448.4,20.75,0.2591362508
448.4,21.0,0.2678966066
448.4,21.25,0.2767862269
448.4,21.5,0.2857036682
448.4,21.75,0.2945446236
448.4,22.0,0.3032031396
448.4,22.25,0.3115729203
448.4,22.5,0.3195486987
448.4,22.75,0.327027647
448.4,23.0,0.3339107998
448.4,23.25,0.3401044613
448.4,23.5,0.3455215651
448.4,23.75,0.3500829594
448.4,24.0,0.3537185871
448.4,24.25,0.3563685344
448.4,24.5,0.357983925
448.4,24.75,0.3585276371
448.4,25.0,0.3579748275
448.4,25.25,0.35631325
448.4,25.5,0.3535433608
448.4,25.75,0.3496782081
448.4,26.0,0.3447431081
448.4,26.25,0.3387751172
448.4,26.5,0.3318223101
448.4,26.75,0.3239428837
448.4,27.0,0.3152041059
448.4,27.25,0.3056811351
448.4,27.5,0.2954557366
448.4,27.75,0.2846149248
448.4,28.0,0.2732495613
448.4,28.25,0.261452938
448.4,28.5,0.249319376
448.4,28.75,0.236942866
448.4,29.0,0.2244157777
448.4,29.25,0.2118276595
448.4,29.5,0.1992641494
448.4,29.75,0.186806013
448.4,30.0,0.1745283194
448.4,30.25,0.1624997656
448.4,30.5,0.1507821515
448.4,30.75,0.1394300078
448.4,31.0,0.1284903717
448.4,31.25,0.1180027068
448.4,31.5,0.107998955
448.4,31.75,0.0985037112
448.4,32.0,0.0895345059
448.4,32.25,0.081102182
448.4,32.5,0.0732113486
448.4,32.75,0.065860897
448.4,33.0,0.0590445622
448.4,33.25,0.0527515145
448.4,33.5,0.0469669665
448.4,33.75,0.0416727818
448.4,34.0,0.0368480732
448.4,34.25,0.0324697802
448.4,34.5,0.0285132162
448.4,34.75,0.0249525786
448.4,35.0,0.0217614162
448.45,0.0,0.8872617851
448.45,0.25,0.8916406138
448.45,0.5,0.8951812343
448.45,0.75,0.8978735103
448.45,1.0,0.8997097167
448.45,1.25,0.9006845765
448.45,1.5,0.9007952859
448.45,1.75,0.9000415286
448.45,2.0,0.898425477
448.45,2.25,0.8959517818
448.45,2.5,0.8926275508
448.45,2.75,0.8884623146
448.45,3.0,0.8834679821
448.45,3.25,0.8776587839
448.45,3.5,0.8710512067
448.45,3.75,0.8636639153
448.45,4.0,0.8555176672
448.45,4.25,0.8466352168
448.45,4.5,0.8370412122
448.45,4.75,0.8267620839
448.45,5.0,0.8158259275
448.45,5.25,0.8042623802
448.45,5.5,0.7921024929
448.45,5.75,0.7793785982
448.45,6.0,0.7661241758
448.45,6.25,0.7523737164
448.45,6.5,0.7381625846
448.45,6.75,0.7235268831
448.45,7.0,0.708503318
448.45,7.25,0.6931290674
448.45,7.5,0.6774416541
448.45,7.75,0.6614788235
448.45,8.0,0.6452784277
448.45,8.25,0.628878318
448.45,8.5,0.612316245
448.45,8.75,0.5956297691
448.45,9.0,0.5788561813
448.45,9.25,0.5620324355
448.45,9.5,0.5451950929
448.45,9.75,0.5283802789
448.45,10.0,0.5116236535
448.45,10.25,0.4949603941
448.45,10.5,0.4784251915
448.45,10.75,0.4620522593
448.45,11.0,0.445875354
448.45,11.25,0.4299278063
448.45,11.5,0.4142425619
448.45,11.75,0.3988522298
448.45,12.0,0.3837891351
448.45,12.25,0.3690853749
448.45,12.5,0.3547728733
448.45,12.75,0.340883432
448.45,13.0,0.327448773
448.45,13.25,0.3145005683
448.45,13.5,0.3020704536
448.45,13.75,0.2901900195
448.45,14.0,0.2788907768
448.45,14.25,0.2682040908
448.45,14.5,0.2581610795
448.45,14.75,0.2487924728
448.45,15.0,0.2401284285
448.45,15.25,0.2321983015
448.45,15.5,0.225030366
448.45,15.75,0.2186514883
448.45,16.0,0.2130867521
448.45,16.25,0.2083590367
448.45,16.5,0.204488553
448.45,16.75,0.2014923424
448.45,17.0,0.1993837446
448.45,17.25,0.1981718441
448.45,17.5,0.197860906
448.45,17.75,0.1984498123
448.45,18.0,0.1999315129
448.45,18.25,0.2022925065
448.45,18.5,0.2055123662
448.45,18.75,0.2095633265
448.45,19.0,0.2144099483
448.45,19.25,0.2200088771
448.45,19.5,0.2263087099
448.45,19.75,0.2332499852
448.45,20.0,0.2407653062
448.45,20.25,0.2487796081
448.45,20.5,0.2572105754
448.45,20.75,0.2659692117
448.45,21.0,0.2749605625
448.45,21.25,0.2840845862
448.45,21.5,0.2932371645
448.45,21.75,0.3023112402
448.45,22.0,0.3111980658
448.45,22.25,0.3197885427
448.45,22.5,0.3279746282
448.45,22.75,0.3356507829
448.45,23.0,0.3427154323
448.45,23.25,0.3490724095
448.45,23.5,0.3546323527
448.45,23.75,0.3593140229
448.45,24.0,0.3630455155
448.45,24.25,0.3657653372
448.45,24.5,0.3674233228
448.45,24.75,0.3679813717
448.45,25.0,0.3674139854
448.45,25.25,0.3657085951
448.45,25.5,0.3628656689
448.45,25.75,0.3588985989
448.45,26.0,0.3538333692
448.45,26.25,0.347708013
448.45,26.5,0.3405718728
448.45,26.75,0.3324846799
448.45,27.0,0.3235154761
448.45,27.25,0.3137414016
448.45,27.5,0.3032463776
448.45,27.75,0.2921197129
448.45,28.0,0.280454665
448.45,28.25,0.2683469858
448.45,28.5,0.2558934834
448.45,28.75,0.243190627
448.45,29.0,0.2303332217
448.45,29.25,0.2174131772
448.45,29.5,0.2045183898
448.45,29.75,0.1917317545
448.45,30.0,0.17913032
448.45,30.25,0.1667845946
448.45,30.5,0.154758008
448.45,30.75,0.1431065285
448.45,31.0,0.1318784337
448.45,31.25,0.1211142278
448.45,31.5,0.1108466949
448.45,31.75,0.1011010784
448.45,32.0,0.0918953712
448.45,32.25,0.083240702
448.45,32.5,0.0751418013
448.45,32.75,0.0675975314
448.45,33.0,0.060601462
448.45,33.25,0.0541424779
448.45,33.5,0.0482054017
448.45,33.75,0.0427716188
448.45,34.0,0.0378196912
448.45,34.25,0.0333259504
448.45,34.5,0.0292650588
448.45,34.75,0.0256105336
448.45,35.0,0.022335226
448.5,0.0,0.9101584587
448.5,0.25,0.9146502874
448.5,0.5,0.9182822771
448.5,0.75,0.92104403
448.5,1.0,0.9229276215
448.5,1.25,0.9239276385
448.5,1.5,0.9240412049
448.5,1.75,0.9232679962
448.5,2.0,0.9216102407
448.5,2.25,0.9190727094
448.5,2.5,0.9156626933
448.5,2.75,0.911389969
448.5,3.0,0.9062667527
448.5,3.25,0.9003076425
448.5,3.5,0.8935295501
448.5,3.75,0.8859516223
448.5,4.0,0.8775951522
448.5,4.25,0.8684834813
448.5,4.5,0.8586418939
448.5,4.75,0.8480975024
448.5,5.0,0.8368791276
448.5,5.25,0.8250171715
448.5,5.5,0.8125434862
448.5,5.75,0.7994912387
448.5,6.0,0.7858947728
448.5,6.25,0.771789469
448.5,6.5,0.7572116048
448.5,6.75,0.7421982145
448.5,7.0,0.7267869513
448.5,7.25,0.7110159529
448.5,7.5,0.6949237103
448.5,7.75,0.6785489429
448.5,8.0,0.6619304798
448.5,8.25,0.6451071489
448.5,8.5,0.6281176752
448.5,8.75,0.6110005881
448.5,9.0,0.5937941412
448.5,9.25,0.5765362419
448.5,9.5,0.5592643949
448.5,9.75,0.542015658
448.5,10.0,0.5248266112
448.5,10.25,0.5077333397
448.5,10.5,0.4907714298
448.5,10.75,0.4739759778
448.5,11.0,0.4573816113
448.5,11.25,0.4410225213
448.5,11.5,0.4249325036
448.5,11.75,0.4091450086
448.5,12.0,0.3936931957
448.5,12.25,0.3786099904
448.5,12.5,0.3639281404
448.5,12.75,0.3496802683
448.5,13.0,0.3358989145
448.5,13.25,0.3226165685
448.5,13.5,0.3098656823
448.5,13.75,0.2976786618
448.5,14.0,0.2860878309
448.5,14.25,0.2751253643
448.5,14.5,0.2648231831
448.5,14.75,0.2552128102
448.5,15.0,0.2463251816
448.5,15.25,0.2381904098
448.5,15.5,0.2308374986
448.5,15.75,0.2242940076
448.5,16.0,0.2185856679
448.5,16.25,0.213735949
448.5,16.5,0.2097655837
448.5,16.75,0.2066920529
448.5,17.0,0.2045290406
448.5,17.25,0.2032858658
448.5,17.5,0.2029669037
448.5,17.75,0.2035710072
448.5,18.0,0.2050909446
448.5,18.25,0.207512866
448.5,18.5,0.2108158173
448.5,18.75,0.2149713168
448.5,19.0,0.2199430105
448.5,19.25,0.2256864251
448.5,19.5,0.2321488314
448.5,19.75,0.2392692332
448.5,20.0,0.2469784945
448.5,20.25,0.2551996135
448.5,20.5,0.2638481503
448.5,20.75,0.2728328119
448.5,21.0,0.2820561935
448.5,21.25,0.2914156717
448.5,21.5,0.3008044414
448.5,21.75,0.3101126827
448.5,22.0,0.3192288416
448.5,22.25,0.3280410044
448.5,22.5,0.3364383399
448.5,22.75,0.3443125855
448.5,23.0,0.3515595451
448.5,23.25,0.3580805705
448.5,23.5,0.3637839936
448.5,23.75,0.3685864789
448.5,24.0,0.3724142664
448.5,24.25,0.3752042758
448.5,24.5,0.3769050474
448.5,24.75,0.3774774972
448.5,25.0,0.376895469
448.5,25.25,0.3751460694
448.5,25.5,0.3722297787
448.5,25.75,0.3681603345
448.5,26.0,0.3629643915
448.5,26.25,0.3566809644
448.5,26.5,0.349360669
448.5,26.75,0.3410647781
448.5,27.0,0.331864115
448.5,27.25,0.3218378107
448.5,27.5,0.3110719522
448.5,27.75,0.2996581529
448.5,28.0,0.2876920768
448.5,28.25,0.2752719469
448.5,28.5,0.2624970694
448.5,28.75,0.2494664031
448.5,29.0,0.2362771997
448.5,29.25,0.2230237406
448.5,29.5,0.2097961904
448.5,29.75,0.1966795832
448.5,30.0,0.1837529562
448.5,30.25,0.1710886371
448.5,30.5,0.1587516924
448.5,30.75,0.1467995349
448.5,31.0,0.135281688
448.5,31.25,0.124239701
448.5,31.5,0.1137072042
448.5,31.75,0.1037100924
448.5,32.0,0.0942668227
448.5,32.25,0.0853888111
448.5,32.5,0.0770809103
448.5,32.75,0.069341953
448.5,33.0,0.062165343
448.5,33.25,0.0555396784
448.5,33.5,0.0494493901
448.5,33.75,0.043875383
448.5,34.0,0.038795666
448.5,34.25,0.0341859597
448.5,34.5,0.0300202728
448.5,34.75,0.0262714389
448.5,35.0,0.0229116087
448.55,0.0,0.9331345732
448.55,0.25,0.937739794
448.55,0.5,0.94146347
448.55,0.75,0.9442949408
448.55,1.0,0.9462260819
448.55,1.25,0.9472513433
448.55,1.5,0.9473677766
448.55,1.75,0.946575049
448.55,2.0,0.944875445
448.55,2.25,0.942273856
448.55,2.5,0.9387777572
448.55,2.75,0.9343971719
448.55,3.0,0.9291446247
448.55,3.25,0.9230350822
448.55,3.5,0.9160858831
448.55,3.75,0.9083166575
448.55,4.0,0.899749236
448.55,4.25,0.8904075494
448.55,4.5,0.8803175201
448.55,4.75,0.8695069451
448.55,5.0,0.8580053727
448.55,5.25,0.8458439724
448.55,5.5,0.8330554004
448.55,5.75,0.8196736609
448.55,6.0,0.8057339647
448.55,6.25,0.7912725855
448.55,6.5,0.7763267165
448.55,6.75,0.7609343269
448.55,7.0,0.7451340205
448.55,7.25,0.7289648978
448.55,7.5,0.7124664213
448.55,7.75,0.6956782879
448.55,8.0,0.678640307
448.55,8.25,0.6613922866
448.55,8.5,0.6439739291
448.55,8.75,0.6264247369
448.55,9.0,0.6087839291
448.55,9.25,0.5910903699
448.55,9.5,0.573382511
448.55,9.75,0.5556983456
448.55,10.0,0.5380753771
448.55,10.25,0.5205506016
448.55,10.5,0.5031605039
448.55,10.75,0.4859410662
448.55,11.0,0.4689277901
448.55,11.25,0.4521557299
448.55,11.5,0.4356595344
448.55,11.75,0.4194734987
448.55,12.0,0.403631619
448.55,12.25,0.3881676519
448.55,12.5,0.3731151722
448.55,12.75,0.3585076256
448.55,13.0,0.3443783742
448.55,13.25,0.3307607275
448.55,13.5,0.3176879569
448.55,13.75,0.3051932863
448.55,14.0,0.2933098555
448.55,14.25,0.2820706515
448.55,14.5,0.2715084012
448.55,14.75,0.2616554233
448.55,15.0,0.2525434347
448.55,15.25,0.244203308
448.55,15.5,0.2366647792
448.55,15.75,0.2299561039
448.55,16.0,0.2241036624
448.55,16.25,0.2191315168
448.55,16.5,0.2150609232
448.55,16.75,0.211909804
448.55,17.0,0.2096921884
448.55,17.25,0.2084176308
448.55,17.5,0.2080906168
448.55,17.75,0.2087099704
448.55,18.0,0.2102682772
448.55,18.25,0.2127513377
448.55,18.5,0.2161376691
448.55,18.75,0.2203980703
448.55,19.0,0.2254952698
448.55,19.25,0.2313836717
448.55,19.5,0.2380092155
448.55,19.75,0.2453093653
448.55,20.0,0.2532132399
448.55,20.25,0.2616418935
448.55,20.5,0.2705087546
448.55,20.75,0.2797202257
448.55,21.0,0.2891764431
448.55,21.25,0.2987721927
448.55,21.5,0.3083979733
448.55,21.75,0.3179411926
448.55,22.0,0.3272874806
448.55,22.25,0.3363220983
448.55,22.5,0.3449314169
448.55,22.75,0.3530044406
448.55,23.0,0.360434343
448.55,23.25,0.3671199857
448.55,23.5,0.3729673864
448.55,23.75,0.3778911061
448.55,24.0,0.3818155226
448.55,24.25,0.3846759633
448.55,24.5,0.3864196693
448.55,24.75,0.3870065701
448.55,25.0,0.3864098491
448.55,25.25,0.3846162875
448.55,25.5,0.3816263776
448.55,25.75,0.3774542041
448.55,26.0,0.3721270943
448.55,26.25,0.3656850478
448.55,26.5,0.3581799583
448.55,26.75,0.3496746452
448.55,27.0,0.3402417199
448.55,27.25,0.3299623108
448.55,27.5,0.318924678
448.55,27.75,0.3072227478
448.55,28.0,0.2949545991
448.55,28.25,0.2822209344
448.55,28.5,0.2691235669
448.55,28.75,0.2557639534
448.55,29.0,0.2422418007
448.55,29.25,0.2286537702
448.55,29.5,0.2150923026
448.55,29.75,0.2016445787
448.55,30.0,0.1883916308
448.55,30.25,0.1754076127
448.55,30.5,0.1627592331
448.55,30.75,0.1505053543
448.55,31.0,0.13869675
448.55,31.25,0.1273760182
448.55,31.5,0.1165776382
448.55,31.75,0.1063281584
448.55,32.0,0.0966465021
448.55,32.25,0.0875443733
448.55,32.5,0.0790267471
448.55,32.75,0.0710924269
448.55,33.0,0.06373465
448.55,33.25,0.0569417266
448.55,33.5,0.0506976945
448.55,33.75,0.0449829767
448.55,34.0,0.039775027
448.55,34.25,0.0350489529
448.55,34.5,0.030778107
448.55,34.75,0.0269346372
448.55,35.0,0.0234899912
448.6,0.0,0.9561666449
448.6,0.25,0.9608855339
448.6,0.5,0.9647011195
448.6,0.75,0.967602478
448.6,1.0,0.9695812844
448.6,1.25,0.9706318518
448.6,1.5,0.970751159
448.6,1.75,0.9699388649
448.6,2.0,0.9681973104
448.6,2.25,0.9655315078
448.6,2.5,0.9619491166
448.6,2.75,0.9574604077
448.6,3.0,0.9520782146
448.6,3.25,0.9458178734
448.6,3.5,0.9386971509
448.6,3.75,0.9307361616
448.6,4.0,0.9219572748
448.6,4.25,0.9123850123
448.6,4.5,0.9020459361
448.6,4.75,0.8909685294
448.6,5.0,0.8791830697
448.6,5.25,0.8667214959
448.6,5.5,0.8536172703
448.6,5.75,0.8399052364
448.6,6.0,0.8256214739
448.6,6.25,0.8108031521
448.6,6.5,0.795488382
448.6,6.75,0.7797160701
448.6,7.0,0.7635257731
448.6,7.25,0.7469575563
448.6,7.5,0.7300518566
448.6,7.75,0.7128493505
448.6,8.0,0.69539083
448.6,8.25,0.6777170858
448.6,8.5,0.6598688001
448.6,8.75,0.6418864504
448.6,9.0,0.6238102238
448.6,9.25,0.6056799438
448.6,9.5,0.5875350111
448.6,9.75,0.5694143566
448.6,10.0,0.5513564096
448.6,10.25,0.5333990794
448.6,10.5,0.5155797509
448.6,10.75,0.4979352948
448.6,11.0,0.480502089
448.6,11.25,0.4633160528
448.6,11.5,0.4464126904
448.6,11.75,0.4298271432
448.6,12.0,0.4135942467
448.6,12.25,0.3977485907
448.6,12.5,0.3823245785
448.6,12.75,0.3673564815
448.6,13.0,0.3528784851
448.6,13.25,0.3389247212
448.6,13.5,0.3255292823
448.6,13.75,0.3127262122
448.6,14.0,0.300549469
448.6,14.25,0.2890328536
448.6,14.5,0.2782099008
448.6,14.75,0.268113727
448.6,15.0,0.2587768319
448.6,15.25,0.2502308503
448.6,15.5,0.242506252
448.6,15.75,0.2356319899
448.6,16.0,0.2296350956
448.6,16.25,0.2245402252
448.6,16.5,0.2203691593
448.6,16.75,0.2171402626
448.6,17.0,0.2148679108
448.6,17.25,0.213561894
448.6,17.5,0.2132268084
448.6,17.75,0.2138614492
448.6,18.0,0.2154582189
448.6,18.25,0.2180025675
448.6,18.5,0.2214724819
448.6,18.75,0.2258380403
448.6,19.0,0.2310610514
448.6,19.25,0.2370947936
448.6,19.5,0.2438838722
448.6,19.75,0.2513642078
448.6,20.0,0.2594631696
448.6,20.25,0.2680998632
448.6,20.5,0.2771855805
448.6,20.75,0.2866244135
448.6,21.0,0.2963140337
448.6,21.25,0.3061466302
448.6,21.5,0.3160099989
448.6,21.75,0.3257887684
448.6,22.0,0.335365746
448.6,22.25,0.3446233604
448.6,22.5,0.3534451783
448.6,22.75,0.3617174642
448.6,23.0,0.369330755
448.6,23.25,0.3761814159
448.6,23.5,0.382173145
448.6,23.75,0.3872183942
448.6,24.0,0.3912396751
448.6,24.25,0.3941707185
448.6,24.5,0.3959574634
448.6,24.75,0.3965588504
448.6,25.0,0.3959474009
448.6,25.25,0.3941095697
448.6,25.5,0.3910458615
448.6,25.75,0.3867707084
448.6,26.0,0.3813121123
448.6,26.25,0.3747110602
448.6,26.5,0.3670207265
448.6,26.75,0.3583054812
448.6,27.0,0.3486397279
448.6,27.25,0.3381065976
448.6,27.5,0.3267965287
448.6,27.75,0.3148057659
448.6,28.0,0.3022348089
448.6,28.25,0.2891868458
448.6,28.5,0.2757662029
448.6,28.75,0.2620768411
448.6,29.0,0.2482209281
448.6,29.25,0.2342975113
448.6,29.5,0.2204013132
448.6,29.75,0.2066216662
448.6,30.0,0.1930416027
448.6,30.25,0.1797371068
448.6,30.5,0.166776534
448.6,30.75,0.1542201991
448.6,31.0,0.1421201292
448.6,31.25,0.1305199737
448.6,31.5,0.1194550629
448.6,31.75,0.1089526006
448.6,32.0,0.0990319771
448.6,32.25,0.0897051852
448.6,32.5,0.0809773229
448.6,32.75,0.072847164
448.6,33.0,0.065307779
448.6,33.25,0.0583471894
448.6,33.5,0.0519490391
448.6,33.75,0.046093268
448.6,34.0,0.0407567731
448.6,34.25,0.0359140478
448.6,34.5,0.0315377869
448.6,34.75,0.0275994508
448.6,35.0,0.0240697824
448.65,0.0,0.9792305105
448.65,0.25,0.9840632247
448.65,0.5,0.9879708467
448.65,0.75,0.9909421894
448.65,1.0,0.9929687269
448.65,1.25,0.9940446353
448.65,1.5,0.9941668203
448.65,1.75,0.9933349326
448.65,2.0,0.9915513699
448.65,2.25,0.9888212649
448.65,2.5,0.9851524623
448.65,2.75,0.9805554804
448.65,3.0,0.9750434625
448.65,3.25,0.9686321145
448.65,3.5,0.9613396318
448.65,3.75,0.953186614
448.65,4.0,0.9441959702
448.65,4.25,0.9343928134
448.65,4.5,0.9238043465
448.65,4.75,0.9124597397
448.65,5.0,0.9003900009
448.65,5.25,0.8876278392
448.65,5.5,0.8742075242
448.65,5.75,0.8601647399
448.65,6.0,0.8455364362
448.65,6.25,0.830360679
448.65,6.5,0.8146764987
448.65,6.75,0.79852374
448.65,7.0,0.781942914
448.65,7.25,0.7649750523
448.65,7.5,0.7476615672
448.65,7.75,0.7300441164
448.65,8.0,0.7121644759
448.65,8.25,0.6940644201
448.65,8.5,0.6757856128
448.65,8.75,0.6573695076
448.65,9.0,0.6388572611
448.65,9.25,0.6202896574
448.65,9.5,0.6017070475
448.65,9.75,0.5831493015
448.65,10.0,0.5646557756
448.65,10.25,0.5462652934
448.65,10.5,0.5280161418
448.65,10.75,0.5099460806
448.65,11.0,0.4920923654
448.65,11.25,0.4744917817
448.65,11.5,0.4571806903
448.65,11.75,0.4401950802
448.65,12.0,0.4235706271
448.65,12.25,0.4073427551
448.65,12.5,0.3915466976
448.65,12.75,0.3762175525
448.65,13.0,0.3613903298
448.65,13.25,0.3470999847
448.65,13.5,0.333381432
448.65,13.75,0.3202695368
448.65,14.0,0.3077990762
448.65,14.25,0.2960046664
448.65,14.5,0.2849206513
448.65,14.75,0.2745809459
448.65,15.0,0.2650188339
448.65,15.25,0.2562667131
448.65,15.5,0.2483557884
448.65,15.75,0.241315711
448.65,16.0,0.2351741646
448.65,16.25,0.2299563999
448.65,16.5,0.225684723
448.65,16.75,0.2223779415
448.65,17.0,0.2200507779
448.65,17.25,0.2187132584
448.65,17.5,0.2183700902
448.65,17.75,0.2190200393
448.65,18.0,0.2206553249
448.65,18.25,0.2232610462
448.65,18.5,0.226814659
448.65,18.75,0.2312855198
448.65,19.0,0.2366345161
448.65,19.25,0.2428137993
448.65,19.5,0.2497666385
448.65,19.75,0.2574274086
448.65,20.0,0.2657217268
448.65,20.25,0.2745667477
448.65,20.5,0.2838716231
448.65,20.75,0.2935381319
448.65,21.0,0.3034614772
448.65,21.25,0.3135312475
448.65,21.5,0.3236325322
448.65,21.75,0.3336471772
448.65,22.0,0.3434551628
448.65,22.25,0.3529360818
448.65,22.5,0.3619706923
448.65,22.75,0.3704425154
448.65,23.0,0.3782394478
448.65,23.25,0.3852553547
448.65,23.5,0.3913916114
448.65,23.75,0.396558558
448.65,24.0,0.4006768368
448.65,24.25,0.4036785804
448.65,24.5,0.4055084238
448.65,24.75,0.4061243169
448.65,25.0,0.4054981185
448.65,25.25,0.4036159567
448.65,25.5,0.4004783483
448.65,25.75,0.3961000734
448.65,26.0,0.3905098096
448.65,26.25,0.3837495323
448.65,26.5,0.3758736987
448.65,26.75,0.3669482314
448.65,27.0,0.3570493288
448.65,27.25,0.3462621269
448.65,27.5,0.3346792459
448.65,27.75,0.3223992518
448.65,28.0,0.3095250685
448.65,28.25,0.2961623731
448.65,28.5,0.2824180085
448.65,28.75,0.2683984431
448.65,29.0,0.2542083092
448.65,29.25,0.2399490433
448.65,29.5,0.2257176524
448.65,29.75,0.2116056241
448.65,30.0,0.1976979935
448.65,30.25,0.1840725775
448.65,30.5,0.1707993804
448.65,30.75,0.157940172
448.65,31.0,0.1455482341
448.65,31.25,0.1336682692
448.65,31.5,0.1223364597
448.65,31.75,0.1115806657
448.65,32.0,0.101420745
448.65,32.25,0.0918689799
448.65,32.5,0.0829305913
448.65,32.75,0.0746043234
448.65,33.0,0.0668830796
448.65,33.25,0.0597545923
448.65,33.5,0.0532021111
448.65,33.75,0.0472050919
448.65,34.0,0.0417398745
448.65,34.25,0.036780337
448.65,34.5,0.0322985155
448.65,34.75,0.028265182
448.65,35.0,0.0246503739
448.7,0.0,1.0023013645
448.7,0.25,1.0072479384
448.7,0.5,1.0112476246
448.7,0.75,1.0142889727
448.7,1.0,1.0163632559
448.7,1.25,1.0174645129
448.7,1.5,1.0175895766
448.7,1.75,1.0167380895
448.7,2.0,1.0149125056
448.7,2.25,1.0121180789
448.7,2.5,1.0083628386
448.7,2.75,1.0036575509
448.7,3.0,0.9980156688
448.7,3.25,0.9914532683
448.7,3.5,0.9839889733
448.7,3.75,0.9756438689
448.7,4.0,0.9664414039
448.7,4.25,0.9564072829
448.7,4.5,0.9455693497
448.7,4.75,0.9339574619
448.7,5.0,0.9216033577
448.7,5.25,0.9085405172
448.7,5.5,0.894804017
448.7,5.75,0.8804303821
448.7,6.0,0.8654574328
448.7,6.25,0.849924132
448.7,6.5,0.8338704294
448.7,6.75,0.8173371087
448.7,7.0,0.8003656353
448.7,7.25,0.7829980077
448.7,7.5,0.7652766136
448.7,7.75,0.7472440924
448.7,8.0,0.7289432041
448.7,8.25,0.7104167077
448.7,8.5,0.6917072482
448.7,8.75,0.6728572562
448.7,9.0,0.6539088576
448.7,9.25,0.6349037978
448.7,9.5,0.6158833781
448.7,9.75,0.5968884082
448.7,10.0,0.5779591713
448.7,10.25,0.5591354059
448.7,10.5,0.5404563008
448.7,10.75,0.5219605057
448.7,11.0,0.5036861535
448.7,11.25,0.4856708968
448.7,11.5,0.4679519529
448.7,11.75,0.4505661586
448.7,12.0,0.4335500303
448.7,12.25,0.4169398267
448.7,12.5,0.400771611
448.7,12.75,0.3850813084
448.7,13.0,0.3699047536
448.7,13.25,0.3552777253
448.7,13.5,0.3412359609
448.7,13.75,0.327815147
448.7,14.0,0.31505088
448.7,14.25,0.3029785918
448.7,14.5,0.2916334351
448.7,14.75,0.2810501243
448.7,15.0,0.2712627272
448.7,15.25,0.2623044048
448.7,15.5,0.2542070972
448.7,15.75,0.2470011543
448.7,16.0,0.2407149119
448.7,16.25,0.2353742157
448.7,16.5,0.2310018973
448.7,16.75,0.2276172074
448.7,17.0,0.2252352154
448.7,17.25,0.2238661837
448.7,17.5,0.2235149303
448.7,17.75,0.2241801923
448.7,18.0,0.2258540056
448.7,18.25,0.2285211182
448.7,18.5,0.2321584548
448.7,18.75,0.23673465
448.7,19.0,0.2422096696
448.7,19.25,0.2485345378
448.7,19.5,0.2556511872
448.7,19.75,0.2634924465
448.7,20.0,0.2719821804
448.7,20.25,0.2810355916
448.7,20.5,0.2905596917
448.7,20.75,0.3004539452
448.7,21.0,0.3106110863
448.7,21.25,0.3209181023
448.7,21.5,0.3312573752
448.7,21.75,0.3415079671
448.7,22.0,0.3515470306
448.7,22.25,0.3612513219
448.7,22.5,0.3704987895
448.7,22.75,0.3791702104
448.7,23.0,0.38715084
448.7,23.25,0.394332043
448.7,23.5,0.4006128709
448.7,23.75,0.4059015518
448.7,24.0,0.4101168581
448.7,24.25,0.4131893233
448.7,24.5,0.4150622781
448.7,24.75,0.4156926818
448.7,25.0,0.4150517301
448.7,25.25,0.4131252242
448.7,25.5,0.4099136931
448.7,25.75,0.4054322653
448.7,26.0,0.3997102937
448.7,26.25,0.3927907431
448.7,26.5,0.3847293534
448.7,26.75,0.3755936004
448.7,27.0,0.3654614778
448.7,27.25,0.3544201274
448.7,27.5,0.3425643515
448.7,27.75,0.3299950384
448.7,28.0,0.316817537
448.7,28.25,0.3031400141
448.7,28.5,0.2890718296
448.7,28.75,0.2747219607
448.7,29.0,0.2601975045
448.7,29.25,0.2456022876
448.7,29.5,0.2310356025
448.7,29.75,0.2165910922
448.7,30.0,0.2023557953
448.7,30.25,0.1884093619
448.7,30.5,0.1748234458
448.7,30.75,0.161661272
448.7,31.0,0.1489773777
448.7,31.25,0.1368175186
448.7,31.5,0.1252187296
448.7,31.75,0.114209527
448.7,32.0,0.1038102367
448.7,32.25,0.0940334302
448.7,32.5,0.0848844516
448.7,32.75,0.0763620153
448.7,33.0,0.0684588574
448.7,33.25,0.0611624217
448.7,33.5,0.0544555628
448.7,33.75,0.0483172527
448.7,34.0,0.0427232737
448.7,34.25,0.0376468886
448.7,34.5,0.0330594745
448.7,34.75,0.028931115
448.7,35.0,0.0252311413
448.75,0.0,1.0253537984
448.75,0.25,1.030414141
448.75,0.5,1.0345058181
448.75,0.75,1.0376171157
448.75,1.0,1.0397391063
448.75,1.25,1.0408656916
448.75,1.5,1.0409936317
448.75,1.75,1.0401225609
448.75,2.0,1.0382549895
448.75,2.25,1.0353962924
448.75,2.5,1.0315546834
448.75,2.75,1.0267411764
448.75,3.0,1.0209695339
448.75,3.25,1.0142562014
448.75,3.5,1.0066202313
448.75,3.75,0.9980831936
448.75,4.0,0.9886690765
448.75,4.25,0.9784041756
448.75,4.5,0.9673169754
448.75,4.75,0.9554380199
448.75,5.0,0.9427997775
448.75,5.25,0.9294364981
448.75,5.5,0.9153840653
448.75,5.75,0.9006798439
448.75,6.0,0.8853625242
448.75,6.25,0.8694719651
448.75,6.5,0.8530490354
448.75,6.75,0.8361354566
448.75,7.0,0.8187736477
448.75,7.25,0.8010065732
448.75,7.5,0.7828775959
448.75,7.75,0.7644303356
448.75,8.0,0.745708536
448.75,8.25,0.7267559393
448.75,8.5,0.7076161716
448.75,8.75,0.6883326391
448.75,9.0,0.6689484368
448.75,9.25,0.64950627
448.75,9.5,0.6300483901
448.75,9.75,0.6106165453
448.75,10.0,0.5912519454
448.75,10.25,0.5719952427
448.75,10.5,0.5528865275
448.75,10.75,0.5339653382
448.75,11.0,0.5152706851
448.75,11.25,0.4968410864
448.75,11.5,0.4787146155
448.75,11.75,0.4609289566
448.75,12.0,0.4435214658
448.75,12.25,0.4265292357
448.75,12.5,0.4099891591
448.75,12.75,0.3939379873
448.75,13.0,0.3784123793
448.75,13.25,0.3634489366
448.75,13.5,0.3490842186
448.75,13.75,0.3353547326
448.75,14.0,0.3222968938
448.75,14.25,0.309946949
448.75,14.5,0.2983408594
448.75,14.75,0.2875141377
448.75,15.0,0.2775016353
448.75,15.25,0.2683372759
448.75,15.5,0.2600537343
448.75,15.75,0.2526820583
448.75,16.0,0.2462512354
448.75,16.25,0.2407877058
448.75,16.5,0.2363148262
448.75,16.75,0.2328522902
448.75,17.0,0.2304155135
448.75,17.25,0.2290149948
448.75,17.5,0.2286556628
448.75,17.75,0.2293362255
448.75,18.0,0.2310485356
448.75,18.25,0.2337769905
448.75,18.5,0.237497984
448.75,18.75,0.2421794294
448.75,19.0,0.2477803717
448.75,19.25,0.2542507088
448.75,19.5,0.2615310376
448.75,19.75,0.2695526419
448.75,20.0,0.2782376355
448.75,20.25,0.2874992707
448.75,20.5,0.2972424204
448.75,20.75,0.3073642368
448.75,21.0,0.3177549871
448.75,21.25,0.3282990594
448.75,21.5,0.3388761304
448.75,21.75,0.3493624809
448.75,22.0,0.3596324379
448.75,22.25,0.369559923
448.75,22.5,0.3790200777
448.75,22.75,0.387890937
448.75,23.0,0.3960551171
448.75,23.25,0.4034014842
448.75,23.5,0.4098267681
448.75,23.75,0.415237086
448.75,24.0,0.4195493422
448.75,24.25,0.4226924727
448.75,24.5,0.4246085045
448.75,24.75,0.4252534072
448.75,25.0,0.4245977138
448.75,25.25,0.4226268993
448.75,25.5,0.4193415045
448.75,25.75,0.4147570061
448.75,26.0,0.4089034321
448.75,26.25,0.4018247352
448.75,26.5,0.3935779375
448.75,26.75,0.3842320668
448.75,27.0,0.3738669104
448.75,27.25,0.3625716144
448.75,27.5,0.3504431616
448.75,27.75,0.3375847605
448.75,28.0,0.3241041831
448.75,28.25,0.3101120839
448.75,28.5,0.2957203382
448.75,28.75,0.2810404294
448.75,29.0,0.266181918
448.75,29.25,0.2512510183
448.75,29.5,0.2363493067
448.75,29.75,0.2215725798
448.75,30.0,0.2070098781
448.75,30.25,0.1927426837
448.75,30.5,0.1788442983
448.75,30.75,0.165379401
448.75,31.0,0.1524037834
448.75,31.25,0.1399642536
448.75,31.5,0.1280986982
448.75,31.75,0.1168362895
448.75,32.0,0.1061978206
448.75,32.25,0.0961961525
448.75,32.5,0.0868367518
448.75,32.75,0.0781183037
448.75,33.0,0.0700333772
448.75,33.25,0.062569127
448.75,33.5,0.0557080137
448.75,33.75,0.0494285255
448.75,34.0,0.0437058878
448.75,34.25,0.0385127483
448.75,34.5,0.0338198261
448.75,34.75,0.0295965163
448.75,35.0,0.025811445
448.8,0.0,1.0483618429
448.8,0.25,1.0535357352
448.8,0.5,1.0577192259
448.8,0.75,1.0609003383
448.8,1.0,1.0630699446
448.8,1.25,1.0642218095
448.8,1.5,1.0643526204
448.8,1.75,1.0634620035
448.8,2.0,1.0615525254
448.8,2.25,1.0586296817
448.8,2.5,1.0547018703
448.8,2.75,1.0497803525
448.8,3.0,1.0438791993
448.8,3.25,1.0370152255
448.8,3.5,1.0292079109
448.8,3.75,1.0204793096
448.8,4.0,1.0108539478
448.8,4.25,1.0003587116
448.8,4.5,0.9890227242
448.8,4.75,0.9768772153
448.8,5.0,0.9639553818
448.8,5.25,0.9502922421
448.8,5.5,0.9359244849
448.8,5.75,0.9208903136
448.8,6.0,0.9052292867
448.8,6.25,0.8889821573
448.8,6.5,0.8721907113
448.8,6.75,0.8548976066
448.8,7.0,0.8371462138
448.8,7.25,0.8189804617
448.8,7.5,0.800444686
448.8,7.75,0.7815834853
448.8,8.0,0.7624415849
448.8,8.25,0.7430637084
448.8,8.5,0.723494461
448.8,8.75,0.7037782229
448.8,9.0,0.683959056
448.8,9.25,0.6640806239
448.8,9.5,0.6441861262
448.8,9.75,0.6243182477
448.8,10.0,0.6045191231
448.8,10.25,0.5848303168
448.8,10.5,0.5652928187
448.8,10.75,0.5459470545
448.8,11.0,0.5268329096
448.8,11.25,0.5079897668
448.8,11.5,0.4894565538
448.8,11.75,0.4712718002
448.8,12.0,0.4534737004
448.8,12.25,0.4361001796
448.8,12.5,0.4191889581
448.8,12.75,0.402777612
448.8,13.0,0.3869036229
448.8,13.25,0.3716044136
448.8,13.5,0.3569173638
448.8,13.75,0.3428798002
448.8,14.0,0.3295289549
448.8,14.25,0.3169018881
448.8,14.5,0.3050353679
448.8,14.75,0.293965704
448.8,15.0,0.2837285298
448.8,15.25,0.2743585302
448.8,15.5,0.2658891131
448.8,15.75,0.2583520232
448.8,16.0,0.2517768982
448.8,16.25,0.2461907718
448.8,16.5,0.2416175247
448.8,16.75,0.2380772924
448.8,17.0,0.2355858366
448.8,17.25,0.2341538914
448.8,17.5,0.2337864963
448.8,17.75,0.2344823303
448.8,18.0,0.2362330631
448.8,18.25,0.2390227422
448.8,18.5,0.2428272315
448.8,18.75,0.2476137245
448.8,19.0,0.2533403471
448.8,19.25,0.2599558729
448.8,19.5,0.2673995659
448.8,19.75,0.275601168
448.8,20.0,0.2844810453
448.8,20.25,0.2939505035
448.8,20.5,0.3039122809
448.8,20.75,0.3142612221
448.8,21.0,0.3248851318
448.8,21.25,0.3356658038
448.8,21.5,0.3464802151
448.8,21.75,0.3572018701
448.8,22.0,0.3677022759
448.8,22.25,0.3778525251
448.8,22.5,0.3875249575
448.8,22.75,0.3965948712
448.8,23.0,0.4049422484
448.8,23.25,0.4124534615
448.8,23.5,0.4190229232
448.8,23.75,0.4245546439
448.8,24.0,0.4289636634
448.8,24.25,0.4321773229
448.8,24.5,0.4341363488
448.8,24.75,0.4347957225
448.8,25.0,0.434125316
448.8,25.25,0.4321102781
448.8,25.5,0.428751162
448.8,25.75,0.4240637914
448.8,26.0,0.4180788683
448.8,26.25,0.4108413316
448.8,26.5,0.402409483
448.8,26.75,0.3928538991
448.8,27.0,0.3822561576
448.8,27.25,0.370707405
448.8,27.5,0.3583068003
448.8,27.75,0.345159868
448.8,28.0,0.3313767981
448.8,28.25,0.3170707285
448.8,28.5,0.3023560445
448.8,28.75,0.2873467314
448.8,29.0,0.272154808
448.8,29.25,0.2568888719
448.8,29.5,0.2416527789
448.8,29.75,0.2265444752
448.8,30.0,0.2116549991
448.8,30.25,0.1970676613
448.8,30.5,0.1828574083
448.8,30.75,0.1690903704
448.8,31.0,0.1558235913
448.8,31.25,0.1431049293
448.8,31.5,0.1309731212
448.8,31.75,0.1194579938
448.8,32.0,0.1085808071
448.8,32.25,0.0983547102
448.8,32.5,0.0887852928
448.8,32.75,0.0798712103
448.8,33.0,0.071604865
448.8,33.25,0.0639731236
448.8,33.5,0.056958053
448.8,33.75,0.0505376585
448.8,34.0,0.0446866098
448.8,34.25,0.0393769408
448.8,34.5,0.0345787134
448.8,34.75,0.0302606363
448.8,35.0,0.0263906313
448.85,0.0,1.0712990125
448.85,0.25,1.0765861047
448.85,0.5,1.0808611262
448.85,0.75,1.0841118384
448.85,1.0,1.0863289136
448.85,1.25,1.0875059802
448.85,1.5,1.0876396532
448.85,1.75,1.0867295504
448.85,2.0,1.0847782948
448.85,2.25,1.0817915019
448.85,2.5,1.0777777537
448.85,2.75,1.0727485577
448.85,3.0,1.0667182929
448.85,3.25,1.0597041418
448.85,3.5,1.0517260105
448.85,3.75,1.0428064356
448.85,4.0,1.03297048
448.85,4.25,1.0222456179
448.85,4.5,1.0106616098
448.85,4.75,0.9982503686
448.85,5.0,0.9850458176
448.85,5.25,0.9710837412
448.85,5.5,0.9564016311
448.85,5.75,0.9410385262
448.85,6.0,0.9250348508
448.85,6.25,0.9084322495
448.85,6.5,0.8912734225
448.85,6.75,0.8736019609
448.85,7.0,0.8554621845
448.85,7.25,0.8368989828
448.85,7.5,0.8179576617
448.85,7.75,0.7986837957
448.85,8.0,0.7791230885
448.85,8.25,0.7593212424
448.85,8.5,0.7393238383
448.85,8.75,0.7191762275
448.85,9.0,0.6989234359
448.85,9.25,0.6786100824
448.85,9.5,0.6582803119
448.85,9.75,0.6379777429
448.85,10.0,0.6177454321
448.85,10.25,0.5976258532
448.85,10.5,0.5776608931
448.85,10.75,0.5578918618
448.85,11.0,0.5383595174
448.85,11.25,0.5191041044
448.85,11.5,0.5001654021
448.85,11.75,0.4815827832
448.85,12.0,0.4633952778
448.85,12.25,0.4456416407
448.85,12.5,0.4283604177
448.85,12.75,0.4115900068
448.85,13.0,0.3953687097
448.85,13.25,0.3797347681
448.85,13.5,0.3647263796
448.85,13.75,0.3503816872
448.85,14.0,0.336738738
448.85,14.25,0.3238354029
448.85,14.5,0.3117092544
448.85,14.75,0.3003973967
448.85,15.0,0.2899362428
448.85,15.25,0.2803612364
448.85,15.5,0.2717065165
448.85,15.75,0.2640045221
448.85,16.0,0.2572855396
448.85,16.25,0.251577194
448.85,16.5,0.2469038886
448.85,16.75,0.2432861993
448.85,17.0,0.2407402328
448.85,17.25,0.239276958
448.85,17.5,0.2389015247
448.85,17.75,0.2396125828
448.85,18.0,0.24140162
448.85,18.25,0.2442523346
448.85,18.5,0.2481400626
448.85,18.75,0.2530312795
448.85,19.0,0.2588831952
448.85,19.25,0.2656434625
448.85,19.5,0.2732500165
448.85,19.75,0.281631062
448.85,20.0,0.2907052226
448.85,20.25,0.3003818636
448.85,20.5,0.3105615953
448.85,20.75,0.3211369616
448.85,21.0,0.3319933124
448.85,21.25,0.3430098554
448.85,21.5,0.3540608758
448.85,21.75,0.3650171105
448.85,22.0,0.3757472554
448.85,22.25,0.3861195825
448.85,22.5,0.3960036386
448.85,22.75,0.4052719934
448.85,23.0,0.4138020033
448.85,23.25,0.4214775547
448.85,23.5,0.42819075
448.85,23.75,0.4338434996
448.85,24.0,0.4383489843
448.85,24.25,0.4416329556
448.85,24.5,0.4436348432
448.85,24.75,0.4443086434
448.85,25.0,0.443623569
448.85,25.25,0.441564444
448.85,25.5,0.4381318335
448.85,25.75,0.4333419077
448.85,26.0,0.4272260401
448.85,26.25,0.419830153
448.85,26.5,0.4112138234
448.85,26.75,0.4014491724
448.85,27.0,0.3906195622
448.85,27.25,0.3788181339
448.85,27.5,0.3661462156
448.85,27.75,0.3527116408
448.85,28.0,0.3386270103
448.85,28.25,0.3240079373
448.85,28.5,0.30897131
448.85,28.75,0.2936336072
448.85,29.0,0.2781092988
448.85,29.25,0.2625093585
448.85,29.5,0.2469399141
448.85,29.75,0.2315010549
448.85,30.0,0.2162858111
448.85,30.25,0.2013793161
448.85,30.5,0.1868581561
448.85,30.75,0.1727899084
448.85,31.0,0.1592328647
448.85,31.25,0.1462359304
448.85,31.5,0.1338386897
448.85,31.75,0.1220716222
448.85,32.0,0.1109564528
448.85,32.25,0.1005066186
448.85,32.5,0.0907278313
448.85,32.75,0.0816187171
448.85,33.0,0.073171512
448.85,33.25,0.0653727953
448.85,33.5,0.0582042415
448.85,33.75,0.0516433748
448.85,34.0,0.0456643107
448.85,34.25,0.0402384712
448.85,34.5,0.0353352631
448.85,34.75,0.0309227105
448.85,35.0,0.0269680335
448.9,0.0,1.0941383528
448.9,0.25,1.099538162
448.9,0.5,1.103904324
448.9,0.75,1.107224339
448.9,1.0,1.1094886807
448.9,1.25,1.1106908416
448.9,1.5,1.1108273644
448.9,1.75,1.1098978589
448.9,2.0,1.1079050038
448.9,2.25,1.1048545346
448.9,2.5,1.1007552162
448.9,2.75,1.0956188013
448.9,3.0,1.0894599754
448.9,3.25,1.0822962876
448.9,3.5,1.0741480681
448.9,3.75,1.0650383342
448.9,4.0,1.0549926829
448.9,4.25,1.0440391743
448.9,4.5,1.0322082034
448.9,4.75,1.0195323633
448.9,5.0,1.0060463004
448.9,5.25,0.9917865625
448.9,5.5,0.9767914401
448.9,5.75,0.9611008047
448.9,6.0,0.9447559422
448.9,6.25,0.9277993851
448.9,6.5,0.910274744
448.9,6.75,0.8922265393
448.9,7.0,0.8737000356
448.9,7.25,0.8547410795
448.9,7.5,0.8353959428
448.9,7.75,0.8157111716
448.9,8.0,0.7957334439
448.9,8.25,0.7755094364
448.9,8.5,0.7550857017
448.9,8.75,0.734508558
448.9,9.0,0.7138239911
448.9,9.25,0.6930775713
448.9,9.5,0.6723143844
448.9,9.75,0.651578979
448.9,10.0,0.6309153295
448.9,10.25,0.6103668154
448.9,10.5,0.5899762164
448.9,10.75,0.5697857232
448.9,11.0,0.5498369631
448.9,11.25,0.5301710382
448.9,11.5,0.5108285761
448.9,11.75,0.4918497889
448.9,12.0,0.4732745387
448.9,12.25,0.4551424065
448.9,12.5,0.43749276
448.9,12.75,0.4203648157
448.9,13.0,0.403797692
448.9,13.25,0.3878304459
448.9,13.5,0.372502089
448.9,13.75,0.357851578
448.9,14.0,0.3439177707
448.9,14.25,0.3307393455
448.9,14.5,0.3183546761
448.9,14.75,0.3068016576
448.9,15.0,0.2961174792
448.9,15.25,0.2863383405
448.9,15.5,0.277499108
448.9,15.75,0.2696329125
448.9,16.0,0.262770686
448.9,16.25,0.2569406426
448.9,16.5,0.2521677055
448.9,16.75,0.2484728897
448.9,17.0,0.2458726449
448.9,17.25,0.2443781742
448.9,17.5,0.2439947369
448.9,17.75,0.2447209543
448.9,18.0,0.2465481325
448.9,18.25,0.2494596223
448.9,18.5,0.253430234
448.9,18.75,0.2584257281
448.9,19.0,0.2644024026
448.9,19.25,0.271306794
448.9,19.5,0.2790755144
448.9,19.75,0.2876352378
448.9,20.0,0.2969028531
448.9,20.25,0.3067857933
448.9,20.5,0.3171825497
448.9,20.75,0.3279833754
448.9,21.0,0.339071176
448.9,21.25,0.3503225839
448.9,21.5,0.3616092043
448.9,21.75,0.3727990182
448.9,22.0,0.3837579222
448.9,22.25,0.39435138
448.9,22.5,0.4044461572
448.9,22.75,0.4139121068
448.9,23.0,0.4226239705
448.9,23.25,0.4304631593
448.9,23.5,0.4373194752
448.9,23.75,0.4430927373
448.9,24.0,0.4476942758
448.9,24.25,0.4510482591
448.9,24.5,0.4530928255
448.9,24.75,0.4537809907
448.9,25.0,0.453081311
448.9,25.25,0.4509782868
448.9,25.5,0.4474724956
448.9,25.75,0.4425804519
448.9,26.0,0.4363341983
448.9,26.25,0.4287806361
448.9,26.5,0.4199806125
448.9,26.75,0.4100077859
448.9,27.0,0.3989472961
448.9,27.25,0.3868942696
448.9,27.5,0.3739521949
448.9,27.75,0.3602312045
448.9,28.0,0.3458462996
448.9,28.25,0.3309155583
448.9,28.5,0.3155583607
448.9,28.75,0.2998936689
448.9,29.0,0.2840383931
448.9,29.25,0.2681058731
448.9,29.5,0.2522044991
448.9,29.75,0.2364364943
448.9,30.0,0.2208968723
448.9,30.25,0.2056725813
448.9,30.5,0.1908418404
448.9,30.75,0.1764736676
448.9,31.0,0.1626275972
448.9,31.25,0.1493535774
448.9,31.5,0.1366920363
448.9,31.75,0.1246741032
448.9,32.0,0.1133219662
448.9,32.25,0.1026493489
448.9,32.5,0.0926620848
448.9,32.75,0.0833587707
448.9,33.0,0.0747314771
448.9,33.25,0.0667664973
448.9,33.5,0.0594451149
448.9,33.75,0.0527443752
448.9,34.0,0.0466378417
448.9,34.25,0.041096327
448.9,34.5,0.036088586
448.9,34.75,0.0315819609
448.9,35.0,0.027542973
448.95,0.0,1.1168524895
448.95,0.25,1.1223643979
448.95,0.5,1.1268212007
448.95,0.75,1.1302101387
448.95,1.0,1.1325214878
448.95,1.25,1.1337486053
448.95,1.5,1.1338879623
448.95,1.75,1.1329391604
448.95,2.0,1.130904934
448.95,2.25,1.1277911376
448.95,2.5,1.1236067179
448.95,2.75,1.1183636719
448.95,3.0,1.1120769898
448.95,3.25,1.1047645849
448.95,3.5,1.0964472098
448.95,3.75,1.0871483592
448.95,4.0,1.0768941618
448.95,4.25,1.0657132601
448.95,4.5,1.0536366801
448.95,4.75,1.0406976916
448.95,5.0,1.0269316603
448.95,5.25,1.0123758924
448.95,5.5,0.9970694737
448.95,5.75,0.9810531032
448.95,6.0,0.964368924
448.95,6.25,0.9470603516
448.95,6.5,0.9291719017
448.95,6.75,0.9107490192
448.95,7.0,0.8918379082
448.95,7.25,0.8724853672
448.95,7.5,0.8527386286
448.95,7.75,0.8326452047
448.95,8.0,0.8122527426
448.95,8.25,0.7916088879
448.95,8.5,0.7707611598
448.95,8.75,0.7497568379
448.95,9.0,0.7286428627
448.95,9.25,0.7074657505
448.95,9.5,0.6862715232
448.95,9.75,0.6651056541
448.95,10.0,0.6440130306
448.95,10.25,0.6230379326
448.95,10.5,0.602224028
448.95,10.75,0.5816143835
448.95,11.0,0.5612514902
448.95,11.25,0.5411773039
448.95,11.5,0.5214332954
448.95,11.75,0.5020605116
448.95,12.0,0.4830996422
448.95,12.25,0.4645910899
448.95,12.5,0.4465750395
448.95,12.75,0.4290915219
448.95,13.0,0.4121804674
448.95,13.25,0.3958817437
448.95,13.5,0.3802351727
448.95,13.75,0.3652805194
448.95,14.0,0.3510574485
448.95,14.25,0.3376054413
448.95,14.5,0.3249636681
448.95,14.75,0.3131708108
448.95,15.0,0.3022648306
448.95,15.25,0.2922826785
448.95,15.5,0.283259945
448.95,15.75,0.2752304485
448.95,16.0,0.2682257633
448.95,16.25,0.2622746891
448.95,16.5,0.2574026667
448.95,16.75,0.253631147
448.95,17.0,0.2509769216
448.95,17.25,0.2494514259
448.95,17.5,0.2490600285
448.95,17.75,0.249801322
448.95,18.0,0.2516664322
448.95,18.25,0.2546383641
448.95,18.5,0.258691405
448.95,18.75,0.2637906048
448.95,19.0,0.269891354
448.95,19.25,0.2769390795
448.95,19.5,0.2848690773
448.95,19.75,0.2936064992
448.95,20.0,0.3030665088
448.95,20.25,0.3131546172
448.95,20.5,0.3237672086
448.95,20.75,0.3347922577
448.95,21.0,0.3461102392
448.95,21.25,0.3575952245
448.95,21.5,0.3691161534
448.95,21.75,0.380538266
448.95,22.0,0.3917246751
448.95,22.25,0.4025380514
448.95,22.5,0.4128423945
448.95,22.75,0.4225048557
448.95,23.0,0.4313975764
448.95,23.25,0.4393995054
448.95,23.5,0.4463981573
448.95,23.75,0.4522912715
448.95,24.0,0.4569883372
448.95,24.25,0.4604119487
448.95,24.5,0.4624989599
448.95,24.75,0.4632014113
448.95,25.0,0.4624872063
448.95,25.25,0.4603405237
448.95,25.5,0.4567619528
448.95,25.75,0.4517683511
448.95,26.0,0.4453924263
448.95,26.25,0.4376820533
448.95,26.5,0.4286993426
448.95,26.75,0.4185194818
448.95,27.0,0.407229378
448.95,27.25,0.3949261326
448.95,27.5,0.3817153825
448.95,27.75,0.3677095465
448.95,28.0,0.3530260133
448.95,28.25,0.3377853122
448.95,28.5,0.3221093016
448.95,28.75,0.3061194133
448.95,29.0,0.2899349846
448.95,29.25,0.273671708
448.95,29.5,0.257440224
448.95,29.75,0.241344878
448.95,30.0,0.2254826559
448.95,30.25,0.2099423111
448.95,30.5,0.1948036864
448.95,30.75,0.1801372326
448.95,31.0,0.1660037201
448.95,31.25,0.1524541337
448.95,31.5,0.1395297411
448.95,31.75,0.1272623176
448.95,32.0,0.1156745121
448.95,32.25,0.1047803329
448.95,32.5,0.0945857348
448.95,32.75,0.0850892854
448.95,33.0,0.0762828906
448.95,33.25,0.068152559
448.95,33.5,0.060679186
448.95,33.75,0.05383934
448.95,34.0,0.0476060358
448.95,34.25,0.0419494802
448.95,34.5,0.0368377793
448.95,34.75,0.0322375974
448.95,35.0,0.0281147607
449.0,0.0,1.1394136806
449.0,0.25,1.1450369334
449.0,0.5,1.1495837667
449.0,0.75,1.1530411636
449.0,1.0,1.1553992035
449.0,1.25,1.1566511096
449.0,1.5,1.1567932817
449.0,1.75,1.1558253134
449.0,2.0,1.1537499942
449.0,2.25,1.1505732969
449.0,2.5,1.1463043491
449.0,2.75,1.1409553899
449.0,3.0,1.1345417125
449.0,3.25,1.127081592
449.0,3.5,1.1185962001
449.0,3.75,1.1091095064
449.0,4.0,1.0986481671
449.0,4.25,1.0872414035
449.0,4.5,1.0749208682
449.0,4.75,1.0617205032
449.0,5.0,1.0476763886
449.0,5.25,1.0328265842
449.0,5.5,1.0172109652
449.0,5.75,1.000871053
449.0,6.0,0.9838498418
449.0,6.25,0.9661916243
449.0,6.5,0.9479418154
449.0,6.75,0.9291467779
449.0,7.0,0.9098536495
449.0,7.25,0.8901101738
449.0,7.5,0.8699645374
449.0,7.75,0.8494652125
449.0,8.0,0.8286608086
449.0,8.25,0.8075999338
449.0,8.5,0.7863310672
449.0,8.75,0.7649024435
449.0,9.0,0.7433619514
449.0,9.25,0.721757047
449.0,9.5,0.7001346816
449.0,9.75,0.6785412473
449.0,10.0,0.6570225383
449.0,10.25,0.6356237289
449.0,10.5,0.614389369
449.0,10.75,0.5933633954
449.0,11.0,0.5725891577
449.0,11.25,0.552109459
449.0,11.5,0.5319666079
449.0,11.75,0.5122024805
449.0,12.0,0.4928585884
449.0,12.25,0.4739761506
449.0,12.5,0.4555961635
449.0,12.75,0.4377594668
449.0,13.0,0.4205067973
449.0,13.25,0.4038788282
449.0,13.5,0.3879161856
449.0,13.75,0.3726594379
449.0,14.0,0.3581490512
449.0,14.25,0.3444253042
449.0,14.5,0.3315281585
449.0,14.75,0.3194970773
449.0,15.0,0.3083707888
449.0,15.25,0.2981869903
449.0,15.5,0.2889819914
449.0,15.75,0.2807902935
449.0,16.0,0.2736441089
449.0,16.25,0.2675728188
449.0,16.5,0.2626023782
449.0,16.75,0.2587546712
449.0,17.0,0.2560468286
449.0,17.25,0.2544905168
449.0,17.5,0.254091213
449.0,17.75,0.2548474811
449.0,18.0,0.2567502678
449.0,18.25,0.2597822348
449.0,18.5,0.2639171499
449.0,18.75,0.2691193571
449.0,19.0,0.2753433457
449.0,19.25,0.2825334401
449.0,19.5,0.2906236292
449.0,19.75,0.2995375531
449.0,20.0,0.3091886614
449.0,20.25,0.3194805566
449.0,20.5,0.3303075297
449.0,20.75,0.3415552923
449.0,21.0,0.3531019049
449.0,21.25,0.3648188949
449.0,21.5,0.3765725544
449.0,21.75,0.3882254016
449.0,22.0,0.3996377839
449.0,22.25,0.4106695978
449.0,22.5,0.4211820958
449.0,22.75,0.4310397454
449.0,23.0,0.4401121051
449.0,23.25,0.4482756787
449.0,23.5,0.4554157082
449.0,23.75,0.4614278673
449.0,24.0,0.466219817
449.0,24.25,0.4697125878
449.0,24.5,0.4718417581
449.0,24.75,0.4725583995
449.0,25.0,0.4718297671
449.0,25.25,0.46963972
449.0,25.5,0.4659888595
449.0,25.75,0.4608943836
449.0,26.0,0.4543896607
449.0,26.25,0.4465235329
449.0,26.5,0.4373593652
449.0,26.75,0.4269738642
449.0,27.0,0.4154556925
449.0,27.25,0.402903913
449.0,27.5,0.3894262967
449.0,27.75,0.3751375331
449.0,28.0,0.3601573824
449.0,28.25,0.3446088087
449.0,28.5,0.3286161318
449.0,28.75,0.3123032367
449.0,29.0,0.2957918714
449.0,29.25,0.2792000654
449.0,29.5,0.2626406942
449.0,29.75,0.2462202111
449.0,30.0,0.2300375612
449.0,30.25,0.2141832907
449.0,30.5,0.1987388553
449.0,30.75,0.183776129
449.0,31.0,0.1693571098
449.0,31.25,0.1555338124
449.0,31.5,0.1423483381
449.0,31.75,0.1298331043
449.0,32.0,0.1180112171
449.0,32.25,0.1068969679
449.0,32.5,0.0964964319
449.0,32.75,0.0868081477
449.0,33.0,0.0778238576
449.0,33.25,0.0695292878
449.0,33.5,0.0619049474
449.0,33.75,0.0549269318
449.0,34.0,0.0485677106
449.0,34.25,0.0427968886
449.0,34.5,0.0375819279
449.0,34.75,0.0328888191
449.0,35.0,0.0286826982
449.05,0.0,1.1617938698
449.05,0.25,1.1675275737
449.05,0.5,1.1721637152
449.05,0.75,1.1756890217
449.05,1.0,1.1780933779
449.05,1.25,1.1793698738
449.05,1.5,1.1795148384
449.05,1.75,1.1785278573
449.05,2.0,1.1764117751
449.05,2.25,1.1731726816
449.05,2.5,1.1688198838
449.05,2.75,1.1633658611
449.05,3.0,1.1568262072
449.05,3.25,1.1492195562
449.05,3.5,1.1405674956
449.05,3.75,1.1308944656
449.05,4.0,1.1202276463
449.05,4.25,1.1085968328
449.05,4.5,1.0960342995
449.05,4.75,1.0825746549
449.05,5.0,1.0682546879
449.05,5.25,1.0531132059
449.05,5.5,1.0371908674
449.05,5.75,1.0205300091
449.05,6.0,1.0031744699
449.05,6.25,0.9851694124
449.05,6.5,0.9665611435
449.05,6.75,0.9473969368
449.05,7.0,0.9277248556
449.05,7.25,0.9075935817
449.05,7.5,0.8870522478
449.05,7.75,0.8661502783
449.05,8.0,0.8449372374
449.05,8.25,0.8234626881
449.05,8.5,0.8017760617
449.05,8.75,0.7799265402
449.05,9.0,0.7579629532
449.05,9.25,0.7359336885
449.05,9.5,0.7138866199
449.05,9.75,0.6918690507
449.05,10.0,0.6699276744
449.05,10.25,0.6481085529
449.05,10.5,0.626457111
449.05,10.75,0.6050181485
449.05,11.0,0.5838358663
449.05,11.25,0.5629539085
449.05,11.5,0.5424154146
449.05,11.75,0.5222630833
449.05,12.0,0.5025392414
449.05,12.25,0.4832859176
449.05,12.5,0.4645449137
449.05,12.75,0.4463578713
449.05,13.0,0.4287663275
449.05,13.25,0.4118117543
449.05,13.5,0.3955355759
449.05,13.75,0.3799791576
449.05,14.0,0.3651837601
449.05,14.25,0.3511904533
449.05,14.5,0.3380399839
449.05,14.75,0.3257725901
449.05,15.0,0.3144277607
449.05,15.25,0.3040439336
449.05,15.5,0.2946581314
449.05,15.75,0.2863055335
449.05,16.0,0.2790189846
449.05,16.25,0.2728284432
449.05,16.5,0.2677603739
449.05,16.75,0.2638370909
449.05,17.0,0.2610760613
449.05,17.25,0.2594891806
449.05,17.5,0.2590820337
449.05,17.75,0.2598531564
449.05,18.0,0.2617933173
449.05,18.25,0.2648848377
449.05,18.5,0.2691009702
449.05,18.75,0.2744053583
449.05,19.0,0.2807515975
449.05,19.25,0.2880829187
449.05,19.5,0.2963320141
449.05,19.75,0.3054210239
449.05,20.0,0.3152616978
449.05,20.25,0.3257557448
449.05,20.5,0.3367953796
449.05,20.75,0.3482640691
449.05,21.0,0.3600374785
449.05,21.25,0.3719846118
449.05,21.5,0.3839691349
449.05,21.75,0.3958508656
449.05,22.0,0.4074874081
449.05,22.25,0.4187359072
449.05,22.5,0.4294548901
449.05,22.75,0.4395061622
449.05,23.0,0.4487567198
449.05,23.25,0.457080641
449.05,23.5,0.4643609139
449.05,23.75,0.4704911629
449.05,24.0,0.4753772353
449.05,24.25,0.4789386106
449.05,24.5,0.4811096018
449.05,24.75,0.4818403192
449.05,25.0,0.4810973752
449.05,25.25,0.4788643116
449.05,25.5,0.4751417414
449.05,25.75,0.4699472006
449.05,26.0,0.4633147129
449.05,26.25,0.4552940798
449.05,26.5,0.4459499109
449.05,26.75,0.4353604195
449.05,27.0,0.4236160097
449.05,27.25,0.4108176901
449.05,27.5,0.3970753485
449.05,27.75,0.3825059271
449.05,28.0,0.3672315387
449.05,28.25,0.3513775622
449.05,28.5,0.3350707596
449.05,28.75,0.3184374491
449.05,29.0,0.3016017701
449.05,29.25,0.2846840703
449.05,29.5,0.2677994426
449.05,29.75,0.2510564308
449.05,30.0,0.2345559238
449.05,30.25,0.2183902461
449.05,30.5,0.2026424535
449.05,30.75,0.1873858316
449.05,31.0,0.1726835962
449.05,31.25,0.1585887838
449.05,31.5,0.1451443224
449.05,31.75,0.1323832662
449.05,32.0,0.1203291753
449.05,32.25,0.1089966218
449.05,32.5,0.0983918001
449.05,32.75,0.08851322
449.05,33.0,0.0793524619
449.05,33.25,0.0708949714
449.05,33.5,0.0631208749
449.05,33.75,0.0560057982
449.05,34.0,0.0495216701
449.05,34.25,0.0436374986
449.05,34.5,0.0383201063
449.05,34.75,0.0335348162
449.05,35.0,0.0292460794
449.1,0.0,1.1839647424
449.1,0.25,1.1898078643
449.1,0.5,1.1945324787
449.1,0.75,1.1981250598
449.1,1.0,1.200575299
449.1,1.25,1.2018761547
449.1,1.5,1.2020238857
449.1,1.75,1.2010180698
449.1,2.0,1.1988616056
449.1,2.25,1.1955606996
449.1,2.5,1.1911248359
449.1,2.75,1.1855667325
449.1,3.0,1.1789022803
449.1,3.25,1.1711504692
449.1,3.5,1.1623332987
449.1,3.75,1.1524756753
449.1,4.0,1.1416052978
449.1,4.25,1.1297525298
449.1,4.5,1.1169502618
449.1,4.75,1.1032337627
449.1,5.0,1.0886405233
449.1,5.25,1.0732100917
449.1,5.5,1.0569839022
449.1,5.75,1.0400050996
449.1,6.0,1.0223183593
449.1,6.25,1.0039697056
449.1,6.5,0.9850063295
449.1,6.75,0.9654764062
449.1,7.0,0.9454289166
449.1,7.25,0.9249134713
449.1,7.5,0.9039801408
449.1,7.75,0.8826792925
449.1,8.0,0.8610614366
449.1,8.25,0.8391770819
449.1,8.5,0.8170766028
449.1,8.75,0.7948101202
449.1,9.0,0.7724273951
449.1,9.25,0.7499777392
449.1,9.5,0.7275099395
449.1,9.75,0.7050722023
449.1,10.0,0.6827121119
449.1,10.25,0.6604766093
449.1,10.5,0.6384119863
449.1,10.75,0.6165638973
449.1,11.0,0.5949773871
449.1,11.25,0.5736969324
449.1,11.5,0.5527664961
449.1,11.75,0.5322295916
449.1,12.0,0.5121293535
449.1,12.25,0.4925086126
449.1,12.5,0.4734099683
449.1,12.75,0.4548758569
449.1,13.0,0.4369486082
449.1,13.25,0.4196704857
449.1,13.5,0.403083704
449.1,13.75,0.3872304177
449.1,14.0,0.372152675
449.1,14.25,0.3578923296
449.1,14.5,0.3444909057
449.1,14.75,0.3319894094
449.1,15.0,0.3204280831
449.1,15.25,0.3098460982
449.1,15.5,0.3002811839
449.1,15.75,0.2917691908
449.1,16.0,0.2843435904
449.1,16.25,0.2780349129
449.1,16.5,0.2728701281
449.1,16.75,0.2688719759
449.1,17.0,0.2660582567
449.1,17.25,0.2644410931
449.1,17.5,0.2640261764
449.1,17.75,0.2648120147
449.1,18.0,0.2667892003
449.1,18.25,0.2699397172
449.1,18.5,0.2742363074
449.1,18.75,0.2796419208
449.1,19.0,0.2861092673
449.1,19.25,0.2935804943
449.1,19.5,0.3019870098
449.1,19.75,0.311249468
449.1,20.0,0.3212779345
449.1,20.25,0.3319722427
449.1,20.5,0.3432225503
449.1,20.75,0.3549101003
449.1,21.0,0.3669081853
449.1,21.25,0.3790833094
449.1,21.5,0.3912965369
449.1,21.75,0.4034050103
449.1,22.0,0.4152636166
449.1,22.25,0.4267267744
449.1,22.5,0.4376503109
449.1,22.75,0.4478933945
449.1,23.0,0.4573204834
449.1,23.25,0.4658032526
449.1,23.5,0.4732224571
449.1,23.75,0.4794696916
449.1,24.0,0.4844490064
449.1,24.25,0.4880783445
449.1,24.5,0.4902907654
449.1,24.75,0.4910354274
449.1,25.0,0.4902783055
449.1,25.25,0.4880026277
449.1,25.5,0.4842090185
449.1,25.75,0.4789153487
449.1,26.0,0.4721562912
449.1,26.25,0.4639825979
449.1,26.5,0.4544601113
449.1,26.75,0.4436685373
449.1,27.0,0.4317000053
449.1,27.25,0.4186574514
449.1,27.5,0.4046528604
449.1,27.75,0.3898054063
449.1,28.0,0.3742395319
449.1,28.25,0.3580830091
449.1,28.5,0.3414650188
449.1,28.75,0.3245142897
449.1,29.0,0.3073573302
449.1,29.25,0.2901167847
449.1,29.5,0.2729099424
449.1,29.75,0.2558474185
449.1,30.0,0.2390320272
449.1,30.25,0.2225578549
449.1,30.5,0.2065095422
449.1,30.75,0.1909617736
449.1,31.0,0.1759789708
449.1,31.25,0.1616151827
449.1,31.5,0.1479141565
449.1,31.75,0.1349095771
449.1,32.0,0.1226254543
449.1,32.25,0.1110766382
449.1,32.5,0.1002694413
449.1,32.75,0.0902023452
449.1,33.0,0.0808667696
449.1,33.25,0.0722478821
449.1,33.5,0.0643254301
449.1,33.75,0.0570745742
449.1,34.0,0.0504667075
449.1,34.25,0.0444702465
449.1,34.5,0.0390513808
449.1,34.75,0.0341747715
449.1,35.0,0.0298041914
449.15,0.0,1.2058977826
449.15,0.25,1.2118491488
449.15,0.5,1.2166612871
449.15,0.75,1.220320421
449.15,1.0,1.2228160511
449.15,1.25,1.2241410053
449.15,1.5,1.224291473
449.15,1.75,1.2232670243
449.15,2.0,1.2210706115
449.15,2.25,1.2177085559
449.15,2.5,1.2131905175
449.15,2.75,1.2075294497
449.15,3.0,1.2007415381
449.15,3.25,1.1928461241
449.15,3.5,1.1838656147
449.15,3.75,1.1738253781
449.15,4.0,1.162753626
449.15,4.25,1.1506812846
449.15,4.5,1.1376418535
449.15,4.75,1.1236712552
449.15,5.0,1.1088076749
449.15,5.25,1.0930913933
449.15,5.5,1.0765646124
449.15,5.75,1.0592712761
449.15,6.0,1.0412568876
449.15,6.25,1.0225683237
449.15,6.5,1.0032536494
449.15,6.75,0.9833619328
449.15,7.0,0.9629430619
449.15,7.25,0.9420475664
449.15,7.5,0.9207264442
449.15,7.75,0.8990309961
449.15,8.0,0.8770126677
449.15,8.25,0.8547229035
449.15,8.5,0.8322130114
449.15,8.75,0.8095340404
449.15,9.0,0.7867366736
449.15,9.25,0.763871136
449.15,9.5,0.7409871186
449.15,9.75,0.7181337204
449.15,10.0,0.6953594077
449.15,10.25,0.6727119906
449.15,10.5,0.6502386187
449.15,10.75,0.6279857922
449.15,11.0,0.6059993902
449.15,11.25,0.5843247134
449.15,11.5,0.5630065391
449.15,11.75,0.5420891867
449.15,12.0,0.5216165902
449.15,12.25,0.5016323735
449.15,12.5,0.4821799253
449.15,12.75,0.463302468
449.15,13.0,0.4450431157
449.15,13.25,0.4274449145
449.15,13.5,0.4105508614
449.15,13.75,0.3944038917
449.15,14.0,0.3790468326
449.15,14.25,0.3645223133
449.15,14.5,0.3508726269
449.15,14.75,0.3381395394
449.15,15.0,0.3263640386
449.15,15.25,0.3155860216
449.15,15.5,0.3058439165
449.15,15.75,0.2971742381
449.15,16.0,0.2896110778
449.15,16.25,0.2831855316
449.15,16.5,0.2779250688
449.15,16.75,0.2738528504
449.15,17.0,0.2709870069
449.15,17.25,0.2693398852
449.15,17.5,0.2689172822
449.15,17.75,0.2697176782
449.15,18.0,0.2717314913
449.15,18.25,0.2749403717
449.15,18.5,0.2793165566
449.15,18.75,0.2848223095
449.15,19.0,0.291409464
449.15,19.25,0.2990190961
449.15,19.5,0.307581343
449.15,19.75,0.317015389
449.15,20.0,0.3272296336
449.15,20.25,0.3381220546
449.15,20.5,0.3495807751
449.15,20.75,0.3614848379
449.15,21.0,0.3737051884
449.15,21.25,0.3861058577
449.15,21.5,0.3985453362
449.15,21.75,0.41087812
449.15,22.0,0.4229564079
449.15,22.25,0.4346319215
449.15,22.5,0.4457578175
449.15,22.75,0.456190655
449.15,23.0,0.4657923814
449.15,23.25,0.4744322946
449.15,23.5,0.4819889405
449.15,23.75,0.4883519055
449.15,24.0,0.4934234625
449.15,24.25,0.4971200344
449.15,24.5,0.4993734405
449.15,24.75,0.5001318975
449.15,25.0,0.4993607498
449.15,25.25,0.4970429148
449.15,25.5,0.4931790288
449.15,25.75,0.4877872933
449.15,26.0,0.4809030237
449.15,26.25,0.4725779121
449.15,26.5,0.4628790208
449.15,26.75,0.451887532
449.15,27.0,0.439697282
449.15,27.25,0.4264131137
449.15,27.5,0.4121490866
449.15,27.75,0.3970265822
449.15,28.0,0.3811723488
449.15,28.25,0.3647165251
449.15,28.5,0.3477906852
449.15,28.75,0.3305259425
449.15,29.0,0.313051149
449.15,29.25,0.295491221
449.15,29.5,0.2779656206
449.15,29.75,0.2605870121
449.15,30.0,0.2434601143
449.15,30.25,0.2266807567
449.15,30.5,0.2103351478
449.15,30.75,0.1944993555
449.15,31.0,0.1792389951
449.15,31.25,0.1646091167
449.15,31.5,0.1506542779
449.15,31.75,0.1374087877
449.15,32.0,0.1248971005
449.15,32.25,0.1131343416
449.15,32.5,0.1021269406
449.15,32.75,0.0918733508
449.15,33.0,0.0823648329
449.15,33.25,0.0735862798
449.15,33.5,0.0655170638
449.15,33.75,0.0581318852
449.15,34.0,0.0514016072
449.15,34.25,0.0452940613
449.15,34.5,0.0397748107
449.15,34.75,0.0348078619
449.15,35.0,0.0303563164
449.2,0.0,1.2275643333
449.2,0.25,1.2336226286
449.2,0.5,1.2385212273
449.2,0.75,1.2422461055
449.2,1.0,1.244786575
449.2,1.25,1.2461353347
449.2,1.5,1.246288506
449.2,1.75,1.2452456508
449.2,2.0,1.2430097747
449.2,2.25,1.2395873125
449.2,2.5,1.2349880979
449.2,2.75,1.2292253168
449.2,3.0,1.2223154458
449.2,3.25,1.2142781736
449.2,3.5,1.2051363101
449.2,3.75,1.194915679
449.2,4.0,1.183644999
449.2,4.25,1.171355752
449.2,4.5,1.1580820394
449.2,4.75,1.1438604292
449.2,5.0,1.1287297927
449.2,5.25,1.1127311343
449.2,5.5,1.0959074142
449.2,5.75,1.0783033659
449.2,6.0,1.05996531
449.2,6.25,1.0409409658
449.2,6.5,1.0212792619
449.2,6.75,1.0010301477
449.2,7.0,0.9802444078
449.2,7.25,0.9589734797
449.2,7.5,0.9372692777
449.2,7.75,0.9151840241
449.2,8.0,0.892770089
449.2,8.25,0.8700798412
449.2,8.5,0.8471655104
449.2,8.75,0.8240790628
449.2,9.0,0.8008720923
449.2,9.25,0.777595726
449.2,9.5,0.754300548
449.2,9.75,0.7310365393
449.2,10.0,0.7078530369
449.2,10.25,0.6847987103
449.2,10.5,0.6619215558
449.2,10.75,0.6392689094
449.2,11.0,0.6168874743
449.2,11.25,0.5948233653
449.2,11.5,0.573122164
449.2,11.75,0.5518289864
449.2,12.0,0.5309885556
449.2,12.25,0.5106452794
449.2,12.5,0.4908433261
449.2,12.75,0.4716266946
449.2,13.0,0.4530392737
449.2,13.25,0.435124883
449.2,13.5,0.4179272918
449.2,13.75,0.401490207
449.2,14.0,0.3858572253
449.2,14.25,0.3710717417
449.2,14.5,0.3571768093
449.2,14.75,0.3442149444
449.2,15.0,0.3322278714
449.2,15.25,0.3212562042
449.2,15.5,0.3113390612
449.2,15.75,0.3025136132
449.2,16.0,0.2948145646
449.2,16.25,0.2882735696
449.2,16.5,0.2829185912
449.2,16.75,0.2787732067
449.2,17.0,0.2758558721
449.2,17.25,0.2741791563
449.2,17.5,0.2737489603
449.2,17.75,0.2745637371
449.2,18.0,0.2766137328
449.2,18.25,0.2798802676
449.2,18.5,0.2843350801
449.2,18.75,0.2899397557
449.2,19.0,0.2966452626
449.2,19.25,0.3043916182
449.2,19.5,0.3131077042
449.2,19.75,0.3227112531
449.2,20.0,0.3331090187
449.2,20.25,0.3441971455
449.2,20.5,0.3558617466
449.2,20.75,0.3679796915
449.2,21.0,0.3804196069
449.2,21.25,0.3930430809
449.2,21.5,0.4057060614
449.2,21.75,0.4182604303
449.2,22.0,0.4305557306
449.2,22.25,0.44244102
449.2,22.5,0.4537668166
449.2,22.75,0.4643871025
449.2,23.0,0.4741613447
449.2,23.25,0.4829564925
449.2,23.5,0.4906489098
449.2,23.75,0.4971261992
449.2,24.0,0.5022888776
449.2,24.25,0.5060518664
449.2,24.5,0.5083457599
449.2,24.75,0.5091178441
449.2,25.0,0.5083328411
449.2,25.25,0.5059733612
449.2,25.5,0.5020400522
449.2,25.75,0.4965514425
449.2,26.0,0.4895434822
449.2,26.25,0.481068792
449.2,26.5,0.4711956392
449.2,26.75,0.4600066647
449.2,27.0,0.4475973906
449.2,27.25,0.4340745436
449.2,27.5,0.4195542325
449.2,27.75,0.4041600198
449.2,28.0,0.3880209309
449.2,28.25,0.3712694429
449.2,28.5,0.3540394939
449.2,28.75,0.3364645529
449.2,29.0,0.318675787
449.2,29.25,0.3008003572
449.2,29.5,0.2829598716
449.2,29.75,0.265269019
449.2,30.0,0.2478343996
449.2,30.25,0.2307535647
449.2,30.5,0.2141142717
449.2,30.75,0.1979939553
449.2,31.0,0.1824594097
449.2,31.25,0.167566674
449.2,31.5,0.1533611065
449.2,31.75,0.1398776325
449.2,32.0,0.1271411459
449.2,32.25,0.1151670437
449.2,32.5,0.103961871
449.2,32.75,0.0935240534
449.2,33.0,0.0838446945
449.2,33.25,0.0749084158
449.2,33.5,0.066694219
449.2,33.75,0.0591763497
449.2,34.0,0.0523251478
449.2,34.25,0.0461078667
449.2,34.5,0.0404894508
449.2,34.75,0.0354332601
449.2,35.0,0.030901733
449.25,0.0,1.2489356562
449.25,0.25,1.2550994236
449.25,0.5,1.2600833047
449.25,0.75,1.2638730312
449.25,1.0,1.2664577291
449.25,1.25,1.2678299701
449.25,1.5,1.267985808
449.25,1.75,1.2669247972
449.25,2.0,1.2646499956
449.25,2.25,1.2611679499
449.25,2.5,1.2564886651
449.25,2.75,1.2506255567
449.25,3.0,1.243595388
449.25,3.25,1.2354181907
449.25,3.5,1.2261171716
449.25,3.75,1.215718604
449.25,4.0,1.2042517068
449.25,4.25,1.1917485097
449.25,4.5,1.178243708
449.25,4.75,1.1637745062
449.25,5.0,1.1483804523
449.25,5.25,1.1321032647
449.25,5.5,1.1149866515
449.25,5.75,1.0970761249
449.25,6.0,1.078418812
449.25,6.25,1.0590632629
449.25,6.5,1.0390592578
449.25,6.75,1.018457616
449.25,7.0,0.9973100061
449.25,7.25,0.9756687611
449.25,7.5,0.953586699
449.25,7.75,0.9311169514
449.25,8.0,0.9083128002
449.25,8.25,0.8852275258
449.25,8.5,0.8619142671
449.25,8.75,0.8384258952
449.25,9.0,0.8148149021
449.25,9.25,0.7911333052
449.25,9.5,0.7674325689
449.25,9.75,0.7437635447
449.25,10.0,0.7201764284
449.25,10.25,0.6967207367
449.25,10.5,0.6734453016
449.25,10.75,0.6503982831
449.25,11.0,0.6276271977
449.25,11.25,0.6051789628
449.25,11.5,0.5830999538
449.25,11.75,0.5614360719
449.25,12.0,0.5402328189
449.25,12.25,0.5195353757
449.25,12.5,0.4993886796
449.25,12.75,0.4798374956
449.25,13.0,0.4609264763
449.25,13.25,0.4427002044
449.25,13.5,0.4252032111
449.25,13.75,0.4084799644
449.25,14.0,0.3925748198
449.25,14.25,0.3775319277
449.25,14.5,0.3633950911
449.25,14.75,0.3502075662
449.25,15.0,0.3380118038
449.25,15.25,0.3268491249
449.25,15.5,0.3167593291
449.25,15.75,0.3077802342
449.25,16.0,0.2999471487
449.25,16.25,0.2932922781
449.25,16.5,0.287844072
449.25,16.75,0.2836265183
449.25,17.0,0.2806583942
449.25,17.25,0.2789524877
449.25,17.5,0.2785148021
449.25,17.75,0.2793437638
449.25,18.0,0.2814294489
449.25,18.25,0.2847528526
449.25,18.5,0.2892852214
449.25,18.75,0.2949874717
449.25,19.0,0.3018097184
449.25,19.25,0.3096909344
449.25,19.5,0.3185587634
449.25,19.75,0.3283295057
449.25,20.0,0.3389082914
449.25,20.25,0.3501894574
449.25,20.5,0.3620571337
449.25,20.75,0.3743860465
449.25,21.0,0.387042535
449.25,21.25,0.3998857778
449.25,21.5,0.4127692149
449.25,21.75,0.4255421494
449.25,22.0,0.4380515052
449.25,22.25,0.450143712
449.25,22.5,0.4616666854
449.25,22.75,0.4724718656
449.25,23.0,0.4824162727
449.25,23.25,0.4913645399
449.25,23.5,0.4991908787
449.25,23.75,0.5057809346
449.25,24.0,0.5110334929
449.25,24.25,0.5148619935
449.25,24.5,0.5171958226
449.25,24.75,0.5179813485
449.25,25.0,0.517182679
449.25,25.25,0.5147821216
449.25,25.5,0.5107803355
449.25,25.75,0.5051961717
449.25,26.0,0.4980662061
449.25,26.25,0.4894439755
449.25,26.5,0.4793989357
449.25,26.75,0.4680151663
449.25,27.0,0.4553898525
449.25,27.25,0.4416315791
449.25,27.5,0.4268584762
449.25,27.75,0.4111962574
449.25,28.0,0.3947761945
449.25,28.25,0.3777330709
449.25,28.5,0.3602031564
449.25,28.75,0.342322244
449.25,29.0,0.324223784
449.25,29.25,0.3060371512
449.25,29.5,0.2878860711
449.25,29.75,0.269887229
449.25,30.0,0.252149081
449.25,30.25,0.2347708767
449.25,30.5,0.2178419014
449.25,30.75,0.2014409378
449.25,31.0,0.185635943
449.25,31.25,0.1704839317
449.25,31.5,0.1560310519
449.25,31.75,0.1423128369
449.25,32.0,0.129354614
449.25,32.25,0.1171720483
449.25,32.5,0.1057717988
449.25,32.75,0.0951522636
449.25,33.0,0.0853043915
449.25,33.25,0.0762125364
449.25,33.5,0.0678553342
449.25,33.75,0.0602065824
449.25,34.0,0.0532361042
449.25,34.25,0.0469105831
449.25,34.5,0.0411943533
449.25,34.75,0.0360501366
449.25,35.0,0.0314397178
449.3,0.0,1.2699829943
449.3,0.25,1.2762506349
449.3,0.5,1.2813185054
449.3,0.75,1.2851720972
449.3,1.0,1.287800353
449.3,1.25,1.2891957194
449.3,1.5,1.2893541834
449.3,1.75,1.2882752923
449.3,2.0,1.2859621552
449.3,2.25,1.2824214293
449.3,2.5,1.2776632881
449.3,2.75,1.2717013734
449.3,3.0,1.2645527307
449.3,3.25,1.2562377295
449.3,3.5,1.2467799675
449.3,3.75,1.236206161
449.3,4.0,1.2245460211
449.3,4.25,1.2118321174
449.3,4.5,1.1980997298
449.3,4.75,1.1833866898
449.3,5.0,1.167733212
449.3,5.25,1.1511817177
449.3,5.5,1.1337766515
449.3,5.75,1.1155642928
449.3,6.0,1.0965925628
449.3,6.25,1.0769108297
449.3,6.5,1.0565697127
449.3,6.75,1.0356208876
449.3,7.0,1.0141168935
449.3,7.25,0.9921109454
449.3,7.5,0.9696567516
449.3,7.75,0.9468083388
449.3,8.0,0.923619887
449.3,8.25,0.9001455745
449.3,8.5,0.8764394357
449.3,8.75,0.8525552326
449.3,9.0,0.8285463419
449.3,9.25,0.8044656575
449.3,9.5,0.7803655112
449.3,9.75,0.7562976114
449.3,10.0,0.7323129998
449.3,10.25,0.7084620276
449.3,10.5,0.6847943498
449.3,10.75,0.6613589379
449.3,11.0,0.6382041092
449.3,11.25,0.6153775717
449.3,11.5,0.5929264823
449.3,11.75,0.5708975159
449.3,12.0,0.5493369411
449.3,12.25,0.5282907
449.3,12.5,0.5078044874
449.3,12.75,0.4879238225
449.3,13.0,0.4686941105
449.3,13.25,0.4501606855
449.3,13.5,0.4323688291
449.3,13.75,0.4153637585
449.3,14.0,0.3991905769
449.3,14.25,0.3838941787
449.3,14.5,0.369519105
449.3,14.75,0.356109341
449.3,15.0,0.343708053
449.3,15.25,0.3323572582
449.3,15.5,0.3220974269
449.3,15.75,0.3129670144
449.3,16.0,0.305001924
449.3,16.25,0.298234904
449.3,16.5,0.2926948835
449.3,16.75,0.2884062547
449.3,17.0,0.2853881111
449.3,17.25,0.2836534563
449.3,17.5,0.2832083948
449.3,17.75,0.2840513263
449.3,18.0,0.2861721598
449.3,18.25,0.2895515703
449.3,18.5,0.2941603195
449.3,18.75,0.2999586654
449.3,19.0,0.3068958821
449.3,19.25,0.314909914
449.3,19.5,0.3239271857
449.3,19.75,0.3338625866
449.3,20.0,0.3446196484
449.3,20.25,0.3560909271
449.3,20.5,0.3681586001
449.3,20.75,0.3806952824
449.3,21.0,0.3935650608
449.3,21.25,0.4066247408
449.3,21.5,0.4197252924
449.3,21.75,0.4327134792
449.3,22.0,0.4454336454
449.3,22.25,0.4577296327
449.3,22.5,0.4694467939
449.3,22.75,0.4804340652
449.3,23.0,0.4905460577
449.3,23.25,0.4996451231
449.3,23.5,0.507603353
449.3,23.75,0.5143044661
449.3,24.0,0.5196455416
449.3,24.25,0.523538561
449.3,24.5,0.5259117202
449.3,24.75,0.526710484
449.3,25.0,0.5258983551
449.3,25.25,0.5234573431
449.3,25.5,0.5193881179
449.3,25.75,0.5137098486
449.3,26.0,0.5064597273
449.3,26.25,0.4976921929
449.3,26.5,0.4874778719
449.3,26.75,0.4759022607
449.3,27.0,0.4630641824
449.3,27.25,0.4490740515
449.3,27.5,0.434051989
449.3,27.75,0.4181258271
449.3,28.0,0.4014290497
449.3,28.25,0.3840987116
449.3,28.5,0.3662733792
449.3,28.75,0.3480911336
449.3,29.0,0.3296876744
449.3,29.25,0.3111945565
449.3,29.5,0.2927375904
449.3,29.75,0.2744354279
449.3,30.0,0.2563983527
449.3,30.25,0.2387272871
449.3,30.5,0.2215130209
449.3,30.75,0.2048356647
449.3,31.0,0.1887643207
449.3,31.25,0.1733569644
449.3,31.5,0.1586605215
449.3,31.75,0.1447111241
449.3,32.0,0.1315345264
449.3,32.25,0.1191466574
449.3,32.5,0.1075542883
449.3,32.75,0.0967557904
449.3,33.0,0.0867419599
449.3,33.25,0.0774968868
449.3,33.5,0.0689988472
449.3,33.75,0.0612211969
449.3,34.0,0.0541332507
449.3,34.25,0.0477011306
449.3,34.5,0.0418885696
449.3,34.75,0.0366576614
449.3,35.0,0.0319695468
449.35,0.0,1.2906776349
449.35,0.25,1.297047408
449.35,0.5,1.3021978605
449.35,0.75,1.3061142474
449.35,1.0,1.3087853312
449.35,1.25,1.3102034353
449.35,1.5,1.3103644816
449.35,1.75,1.3092680097
449.35,2.0,1.3069171795
449.35,2.25,1.3033187568
449.35,2.5,1.2984830807
449.35,2.75,1.2924240153
449.35,3.0,1.285158884
449.35,3.25,1.2767083881
449.35,3.5,1.2670965099
449.35,3.75,1.256350401
449.35,4.0,1.2445002566
449.35,4.25,1.2315791772
449.35,4.5,1.2176230175
449.35,4.75,1.2026702254
449.35,5.0,1.1867616708
449.35,5.25,1.1699404664
449.35,5.5,1.152251781
449.35,5.75,1.1337426481
449.35,6.0,1.1144617698
449.35,6.25,1.0944593186
449.35,6.5,1.0737867389
449.35,6.75,1.0524965482
449.35,7.0,1.030642142
449.35,7.25,1.0082776023
449.35,7.5,0.9854575127
449.35,7.75,0.9622367803
449.35,8.0,0.9386704678
449.35,8.25,0.9148136364
449.35,8.5,0.890721201
449.35,8.75,0.8664477998
449.35,9.0,0.8420476792
449.35,9.25,0.8175745949
449.35,9.5,0.7930817317
449.35,9.75,0.7686216404
449.35,10.0,0.7442461945
449.35,10.25,0.7200065657
449.35,10.5,0.6959532181
449.35,10.75,0.6721359212
449.35,11.0,0.6486037796
449.35,11.25,0.6254052789
449.35,11.5,0.6025883444
449.35,11.75,0.5802004113
449.35,12.0,0.5582885023
449.35,12.25,0.5368993083
449.35,12.5,0.5160792685
449.35,12.75,0.495874644
449.35,13.0,0.4763315799
449.35,13.25,0.4574961488
449.35,13.5,0.4394143703
449.35,13.75,0.4221321985
449.35,14.0,0.4056954715
449.35,14.25,0.3901498153
449.35,14.5,0.3755404967
449.35,14.75,0.3619122178
449.35,15.0,0.3493088482
449.35,15.25,0.3377730898
449.35,15.5,0.3273460724
449.35,15.75,0.3180668778
449.35,16.0,0.3099719946
449.35,16.25,0.3030947046
449.35,16.5,0.2974644084
449.35,16.75,0.2931058954
449.35,17.0,0.2900385706
449.35,17.25,0.2882756491
449.35,17.5,0.2878233353
449.35,17.75,0.2886800025
449.35,18.0,0.2908353955
449.35,18.25,0.2942698741
449.35,18.5,0.2989537239
449.35,18.75,0.3048465551
449.35,19.0,0.3118968152
449.35,19.25,0.3200414375
449.35,19.5,0.3292056475
449.35,19.75,0.3393029478
449.35,20.0,0.3502352982
449.35,20.25,0.3618935038
449.35,20.5,0.3741578221
449.35,20.75,0.3868987922
449.35,21.0,0.3999782864
449.35,21.25,0.4132507766
449.35,21.5,0.4265648045
449.35,21.75,0.4397646366
449.35,22.0,0.4526920806
449.35,22.25,0.4651884335
449.35,22.5,0.4770965283
449.35,22.75,0.4882628396
449.35,23.0,0.4985396091
449.35,23.25,0.5077869457
449.35,23.5,0.5158748567
449.35,23.75,0.5226851658
449.35,24.0,0.5281132752
449.35,24.25,0.5320697322
449.35,24.5,0.5344815626
449.35,24.75,0.5352933423
449.35,25.0,0.5344679797
449.35,25.25,0.5319871908
449.35,25.5,0.5278516568
449.35,25.75,0.5220808589
449.35,26.0,0.5147125953
449.35,26.25,0.5058021921
449.35,26.5,0.4954214266
449.35,26.75,0.4836571884
449.35,27.0,0.4706099108
449.35,27.25,0.4563918079
449.35,27.5,0.4411249577
449.35,27.75,0.4249392756
449.35,28.0,0.4079704207
449.35,28.25,0.3903576811
449.35,28.5,0.3722418811
449.35,28.75,0.353763352
449.35,29.0,0.3350600045
449.35,29.25,0.3162655374
449.35,29.5,0.2975078111
449.35,29.75,0.278907411
449.35,30.0,0.2605764179
449.35,30.25,0.2426173985
449.35,30.5,0.2251226223
449.35,30.75,0.208173505
449.35,31.0,0.1918402751
449.35,31.25,0.1761818527
449.35,31.5,0.1612459281
449.35,31.75,0.1470692223
449.35,32.0,0.1336779092
449.35,32.25,0.1210881773
449.35,32.5,0.1093069081
449.35,32.75,0.0983324464
449.35,33.0,0.0881554384
449.35,33.25,0.0787597149
449.35,33.5,0.070123198
449.35,33.75,0.0622188092
449.35,34.0,0.0550153635
449.35,34.25,0.0484784306
449.35,34.5,0.0425711527
449.35,34.75,0.0372550058
449.35,35.0,0.0324904973
449.4,0.0,1.3109909738
449.4,0.25,1.3174609976
449.4,0.5,1.3226925106
449.4,0.75,1.3266705356
449.4,1.0,1.3293836582
449.4,1.25,1.3308240812
449.4,1.5,1.3309876621
449.4,1.75,1.3298739334
449.4,2.0,1.3274861047
449.4,2.25,1.3238310481
449.4,2.5,1.3189192657
449.4,2.75,1.3127648396
449.4,3.0,1.305385366
449.4,3.25,1.2968018719
449.4,3.5,1.2870387171
449.4,3.75,1.2761234805
449.4,4.0,1.2640868326
449.4,4.25,1.2509623946
449.4,4.5,1.2367865858
449.4,4.75,1.2215984591
449.4,5.0,1.2054395276
449.4,5.25,1.1883535826
449.4,5.5,1.1703865037
449.4,5.75,1.1515860647
449.4,6.0,1.1320017341
449.4,6.25,1.1116844742
449.4,6.5,1.090686539
449.4,6.75,1.0690612724
449.4,7.0,1.0468629105
449.4,7.25,1.0241463864
449.4,7.5,1.0009671426
449.4,7.75,0.9773809505
449.4,8.0,0.9534437395
449.4,8.25,0.9292114372
449.4,8.5,0.9047398228
449.4,8.75,0.8800843946
449.4,9.0,0.8553002524
449.4,9.25,0.8304419983
449.4,9.5,0.805563654
449.4,9.75,0.7807185974
449.4,10.0,0.7559595184
449.4,10.25,0.731338394
449.4,10.5,0.7069064826
449.4,10.75,0.6827143371
449.4,11.0,0.6588118347
449.4,11.25,0.6352482242
449.4,11.5,0.6120721852
449.4,11.75,0.5893318995
449.4,12.0,0.5670751298
449.4,12.25,0.5453493018
449.4,12.5,0.5242015857
449.4,12.75,0.5036789705
449.4,13.0,0.4838283277
449.4,13.25,0.4646964551
449.4,13.5,0.4463300964
449.4,13.75,0.428775929
449.4,14.0,0.4120805125
449.4,14.25,0.3962901909
449.4,14.5,0.3814509434
449.4,14.75,0.3676081758
449.4,15.0,0.3548064479
449.4,15.25,0.3430891339
449.4,15.5,0.3324980108
449.4,15.75,0.3230727756
449.4,16.0,0.314850491
449.4,16.25,0.3078649627
449.4,16.5,0.302146054
449.4,16.75,0.2977189445
449.4,17.0,0.2946033446
449.4,17.25,0.2928126774
449.4,17.5,0.2923532448
449.4,17.75,0.2932233948
449.4,18.0,0.2954127104
449.4,18.25,0.2989012426
449.4,18.5,0.3036588091
449.4,18.75,0.3096443847
449.4,19.0,0.3168056054
449.4,19.25,0.3250784118
449.4,19.5,0.3343868528
449.4,19.75,0.3446430696
449.4,20.0,0.3557474789
449.4,20.25,0.3675891672
449.4,20.5,0.3800465076
449.4,20.75,0.3929880016
449.4,21.0,0.4062733475
449.4,21.25,0.4197547268
449.4,21.5,0.4332782976
449.4,21.75,0.4466858754
449.4,22.0,0.459816778
449.4,22.25,0.4725098049
449.4,22.5,0.4846053153
449.4,22.75,0.4959473677
449.4,23.0,0.5063858782
449.4,23.25,0.5157787541
449.4,23.5,0.5239939567
449.4,23.75,0.5309114499
449.4,24.0,0.5364249897
449.4,24.25,0.5404437154
449.4,24.5,0.5428935044
449.4,24.75,0.5437180603
449.4,25.0,0.5428797077
449.4,25.25,0.5403598749
449.4,25.5,0.5361592538
449.4,25.75,0.5302976321
449.4,26.0,0.522813403
449.4,26.25,0.5137627634
449.4,26.5,0.5032186201
449.4,26.75,0.4912692304
449.4,27.0,0.4780166082
449.4,27.25,0.4635747335
449.4,27.5,0.4480676059
449.4,27.75,0.4316271853
449.4,28.0,0.414391266
449.4,28.25,0.3965013281
449.4,28.5,0.3781004125
449.4,28.75,0.359331059
449.4,29.0,0.3403333488
449.4,29.25,0.3212430848
449.4,29.5,0.3021901399
449.4,29.75,0.2832969972
449.4,30.0,0.2646775017
449.4,30.25,0.2464358342
449.4,30.5,0.2286657163
449.4,30.75,0.2114498452
449.4,31.0,0.1948595546
449.4,31.25,0.178954692
449.4,31.5,0.1637836983
449.4,31.75,0.1493838723
449.4,32.0,0.1357817999
449.4,32.25,0.1229939244
449.4,32.5,0.1110272357
449.4,32.75,0.0998800523
449.4,33.0,0.0895428734
449.4,33.25,0.0799992753
449.4,33.5,0.0712268324
449.4,33.75,0.0631980404
449.4,34.0,0.0558812232
449.4,34.25,0.0492414087
449.4,34.5,0.0432411591
449.4,34.75,0.0378413439
449.4,35.0,0.0330018492
449.45,0.0,1.3308945805
449.45,0.25,1.3374628329
449.45,0.5,1.3427737712
449.45,0.75,1.3468121911
449.45,1.0,1.3495665046
449.45,1.25,1.3510287963
449.45,1.5,1.3511948607
449.45,1.75,1.3500642232
449.45,2.0,1.3476401422
449.45,2.25,1.3439295942
449.45,2.5,1.3389432405
449.45,2.75,1.3326953773
449.45,3.0,1.3252038677
449.45,3.25,1.3164900581
449.45,3.5,1.306578678
449.45,3.75,1.2954977251
449.45,4.0,1.2832783355
449.45,4.25,1.2699546409
449.45,4.5,1.2555636134
449.45,4.75,1.2401448989
449.45,5.0,1.2237406408
449.45,5.25,1.2063952951
449.45,5.5,1.1881554381
449.45,5.75,1.1690695688
449.45,6.0,1.1491879067
449.45,6.25,1.1285621881
449.45,6.5,1.1072454599
449.45,6.75,1.0852918762
449.45,7.0,1.0627564964
449.45,7.25,1.0396950875
449.45,7.5,1.016163934
449.45,7.75,0.9922196538
449.45,8.0,0.9679190254
449.45,8.25,0.9433188256
449.45,8.5,0.9184756806
449.45,8.75,0.8934459309
449.45,9.0,0.8682855133
449.45,9.25,0.8430498585
449.45,9.5,0.8177938085
449.45,9.75,0.7925715516
449.45,10.0,0.7674365775
449.45,10.25,0.7424416526
449.45,10.5,0.7176388133
449.45,10.75,0.6930793799
449.45,11.0,0.6688139872
449.45,11.25,0.6448926314
449.45,11.5,0.6213647313
449.45,11.75,0.5982792001
449.45,12.0,0.5756845257
449.45,12.25,0.5536288539
449.45,12.5,0.5321600708
449.45,12.75,0.5113258791
449.45,13.0,0.4911738617
449.45,13.25,0.4717515269
449.45,13.5,0.4531063282
449.45,13.75,0.4352856515
449.45,14.0,0.4183367633
449.45,14.25,0.4023067114
449.45,14.5,0.3872421729
449.45,14.75,0.3731892428
449.45,15.0,0.3601931577
449.45,15.25,0.3482979502
449.45,15.5,0.3375460315
449.45,15.75,0.3279777014
449.45,16.0,0.3196305852
449.45,16.25,0.3125390019
449.45,16.5,0.3067332681
449.45,16.75,0.3022389457
449.45,17.0,0.2990760444
449.45,17.25,0.2972581911
449.45,17.5,0.2967917834
449.45,17.75,0.297675144
449.45,18.0,0.2998976981
449.45,18.25,0.3034391936
449.45,18.5,0.30826899
449.45,18.75,0.3143454392
449.45,19.0,0.3216153823
449.45,19.25,0.3300137874
449.45,19.5,0.3394635502
449.45,19.75,0.349875478
449.45,20.0,0.3611484756
449.45,20.25,0.3731699457
449.45,20.5,0.3858164147
449.45,20.75,0.3989543879
449.45,21.0,0.4124414334
449.45,21.25,0.4261274885
449.45,21.5,0.4398563756
449.45,21.75,0.4534675086
449.45,22.0,0.4667977661
449.45,22.25,0.4796834999
449.45,22.5,0.4919626456
449.45,22.75,0.5034768942
449.45,23.0,0.5140738834
449.45,23.25,0.5236093629
449.45,23.5,0.5319492896
449.45,23.75,0.5389718049
449.45,24.0,0.5445690519
449.45,24.25,0.5486487903
449.45,24.5,0.5511357722
449.45,24.75,0.5519728467
449.45,25.0,0.5511217661
449.45,25.25,0.5485636769
449.45,25.5,0.5442992815
449.45,25.75,0.5383486681
449.45,26.0,0.5307508126
449.45,26.25,0.5215627652
449.45,26.5,0.5108585396
449.45,26.75,0.498727733
449.45,27.0,0.485273908
449.45,27.25,0.4706127752
449.45,27.5,0.4548702167
449.45,27.75,0.4381801959
449.45,28.0,0.4206825989
449.45,28.25,0.4025210542
449.45,28.5,0.3838407739
449.45,28.75,0.364786462
449.45,29.0,0.3455003264
449.45,29.25,0.326120232
449.45,29.5,0.3067780232
449.45,29.75,0.2875980429
449.45,30.0,0.2686958641
449.45,30.25,0.2501772496
449.45,30.5,0.2321373439
449.45,30.75,0.2146600996
449.45,31.0,0.1978179334
449.45,31.25,0.1816716014
449.45,31.5,0.1662702801
449.45,31.75,0.1516518344
449.45,32.0,0.1378432539
449.45,32.25,0.1248612315
449.45,32.5,0.1127128632
449.45,32.75,0.1013964421
449.45,33.0,0.0909023229
449.45,33.25,0.0812138329
449.45,33.5,0.0723082059
449.45,33.75,0.0641575199
449.45,34.0,0.0567296179
449.45,34.25,0.0499889971
449.45,34.5,0.043897651
449.45,34.75,0.0384158553
449.45,35.0,0.0335028869
449.5,0.0,1.3503602633
449.5,0.25,1.357024583
449.5,0.5,1.3624131992
449.5,0.75,1.366510685
449.5,1.0,1.3693052832
449.5,1.25,1.3707889623
449.5,1.5,1.3709574556
449.5,1.75,1.3698102814
449.5,2.0,1.3673507458
449.5,2.25,1.3635859272
449.5,2.5,1.3585266431
449.5,2.75,1.3521873986
449.5,3.0,1.344586318
449.5,3.25,1.3357450601
449.5,3.5,1.3256887161
449.5,3.75,1.314445693
449.5,4.0,1.3020475824
449.5,4.25,1.2885290153
449.5,4.5,1.2739275044
449.5,4.75,1.2582832756
449.5,5.0,1.2416390886
449.5,5.25,1.2240400496
449.5,5.5,1.2055334162
449.5,5.75,1.1861683966
449.5,6.0,1.1659959451
449.5,6.25,1.1450685544
449.5,6.5,1.1234400475
449.5,6.75,1.1011653704
449.5,7.0,1.0783003877
449.5,7.25,1.0549016824
449.5,7.5,1.0310263619
449.5,7.75,1.0067318723
449.5,8.0,0.9820758226
449.5,8.25,0.95711582
449.5,8.5,0.9319093188
449.5,8.75,0.9065134836
449.5,9.0,0.8809850693
449.5,9.25,0.8553803175
449.5,9.5,0.8297548722
449.5,9.75,0.8041637142
449.5,10.0,0.7786611156
449.5,10.25,0.7533006146
449.5,10.5,0.7281350086
449.5,10.75,0.7032163686
449.5,11.0,0.67859607
449.5,11.25,0.6543248401
449.5,11.5,0.6304528205
449.5,11.75,0.60702964
449.5,12.0,0.5841044956
449.5,12.25,0.5617262372
449.5,12.5,0.5399434514
449.5,12.75,0.5188045386
449.5,13.0,0.4983577775
449.5,13.25,0.4786513713
449.5,13.5,0.4597334677
449.5,13.75,0.4416521456
449.5,14.0,0.4244553627
449.5,14.25,0.408190855
449.5,14.5,0.3929059823
449.5,14.75,0.3786475139
449.5,15.0,0.3654613479
449.5,15.25,0.3533921609
449.5,15.5,0.3424829845
449.5,15.75,0.3327747079
449.5,16.0,0.3243055066
449.5,16.25,0.3171102017
449.5,16.5,0.3112195531
449.5,16.75,0.3066594968
449.5,17.0,0.3034503349
449.5,17.25,0.3016058936
449.5,17.5,0.3011326642
449.5,17.75,0.3020289449
449.5,18.0,0.304284006
449.5,18.25,0.3078772994
449.5,18.5,0.3127777366
449.5,18.75,0.31894306
449.5,19.0,0.3263193334
449.5,19.25,0.3348405737
449.5,19.5,0.3444285488
449.5,19.75,0.3549927616
449.5,20.0,0.3664306382
449.5,20.25,0.3786279346
449.5,20.5,0.391459371
449.5,20.75,0.4047895004
449.5,21.0,0.4184738075
449.5,21.25,0.4323600351
449.5,21.5,0.4462897211
449.5,21.75,0.4600999307
449.5,22.0,0.4736251567
449.5,22.25,0.4866993575
449.5,22.5,0.4991580981
449.5,22.75,0.5108407543
449.5,23.0,0.5215927352
449.5,23.25,0.5312676807
449.5,23.5,0.5397295873
449.5,23.75,0.546854814
449.5,24.0,0.5525339264
449.5,24.25,0.5566733351
449.5,24.5,0.5591966917
449.5,24.75,0.5600460092
449.5,25.0,0.5591824807
449.5,25.25,0.5565869769
449.5,25.5,0.5522602104
449.5,25.75,0.5462225632
449.5,26.0,0.5385135814
449.5,26.25,0.5291911495
449.5,26.5,0.5183303638
449.5,26.75,0.5060221318
449.5,27.0,0.492371531
449.5,27.25,0.4774959642
449.5,27.5,0.4615231549
449.5,27.75,0.4445890256
449.5,28.0,0.4268355085
449.5,28.25,0.4084083327
449.5,28.5,0.3894548344
449.5,28.75,0.3701218339
449.5,29.0,0.3505536191
449.5,29.25,0.3308900711
449.5,29.5,0.3112649629
449.5,29.75,0.2918044559
449.5,30.0,0.2726258136
449.5,30.25,0.2538363456
449.5,30.5,0.2355325879
449.5,30.75,0.2177997212
449.5,31.0,0.2007112213
449.5,31.25,0.1843287328
449.5,31.5,0.1687021515
449.5,31.75,0.1538698963
449.5,32.0,0.1398593512
449.5,32.25,0.1266874536
449.5,32.5,0.1143614031
449.5,32.75,0.1028794679
449.5,33.0,0.0922318616
449.5,33.25,0.0824016676
449.5,33.5,0.0733657867
449.5,33.75,0.0650958887
449.5,34.0,0.0575593461
449.5,34.25,0.0507201369
449.5,34.5,0.0445396987
449.5,34.75,0.0389777261
449.5,35.0,0.0339929006
449.55,0.0,1.3693601353
449.55,0.25,1.3761182236
449.55,0.5,1.3815826588
449.55,0.75,1.3857377972
449.55,1.0,1.3885717159
449.55,1.25,1.3900762708
449.55,1.5,1.3902471348
449.55,1.75,1.3890838196
449.55,2.0,1.3865896777
449.55,2.25,1.3827718874
449.55,2.5,1.377641418
449.55,2.75,1.3712129789
449.55,3.0,1.3635049494
449.55,3.25,1.354539293
449.55,3.5,1.3443414539
449.55,3.75,1.332940239
449.55,4.0,1.3203676842
449.55,4.25,1.3066589078
449.55,4.5,1.2918519504
449.55,4.75,1.2759876038
449.55,5.0,1.2591092293
449.55,5.25,1.2412625679
449.55,5.5,1.222495542
449.55,5.75,1.2028580523
449.55,6.0,1.1824017699
449.55,6.25,1.1611799261
449.55,6.5,1.1392471012
449.55,6.75,1.1166590144
449.55,7.0,1.0934723163
449.55,7.25,1.069744386
449.55,7.5,1.0455331343
449.55,7.75,1.0208968158
449.55,8.0,0.9958938499
449.55,8.25,0.9705826544
449.55,8.5,0.9450214921
449.55,8.75,0.9192683319
449.55,9.0,0.8933807271
449.55,9.25,0.8674157107
449.55,9.5,0.8414297095
449.55,9.75,0.8154784782
449.55,10.0,0.7896170524
449.55,10.25,0.7638997233
449.55,10.5,0.7383800316
449.55,10.75,0.7131107808
449.55,11.0,0.688144069
449.55,11.25,0.6635313375
449.55,11.5,0.6393234333
449.55,11.75,0.6155706834
449.55,12.0,0.592322977
449.55,12.25,0.5696298515
449.55,12.5,0.547540577
449.55,12.75,0.5261042349
449.55,13.0,0.5053697833
449.55,13.25,0.4853861036
449.55,13.5,0.4662020208
449.55,13.75,0.4478662904
449.55,14.0,0.430427545
449.55,14.25,0.413934192
449.55,14.5,0.3984342577
449.55,14.75,0.3839751694
449.55,15.0,0.3706034711
449.55,15.25,0.358364468
449.55,15.5,0.347301797
449.55,15.75,0.3374569227
449.55,16.0,0.3288685579
449.55,16.25,0.3215720134
449.55,16.5,0.3155984821
449.55,16.75,0.3109742648
449.55,17.0,0.3077199492
449.55,17.25,0.3058495562
449.55,17.5,0.3053696683
449.55,17.75,0.3062785599
449.55,18.0,0.3085653503
449.55,18.25,0.3122092022
449.55,18.5,0.3171785895
449.55,18.75,0.3234306605
449.55,19.0,0.3309107197
449.55,19.25,0.3395518558
449.55,19.5,0.3492747358
449.55,19.75,0.3599875895
449.55,20.0,0.3715863996
449.55,20.25,0.3839553146
449.55,20.5,0.3969672923
449.55,20.75,0.4104849795
449.55,21.0,0.424361828
449.55,21.25,0.4384434378
449.55,21.5,0.4525691176
449.55,21.75,0.4665736401
449.55,22.0,0.480289169
449.55,22.25,0.4935473267
449.55,22.5,0.5061813647
449.55,22.75,0.5180283984
449.55,23.0,0.5289316621
449.55,23.25,0.5387427363
449.55,23.5,0.5473237038
449.55,23.75,0.5545491841
449.55,24.0,0.5603082028
449.55,24.25,0.5645058539
449.55,24.5,0.5670647147
449.55,24.75,0.5679259823
449.55,25.0,0.5670503038
449.55,25.25,0.5644182807
449.55,25.5,0.5600306356
449.55,25.75,0.5539080373
449.55,26.0,0.5460905884
449.55,26.25,0.5366369878
449.55,26.5,0.5256233883
449.55,26.75,0.5131419768
449.55,27.0,0.4992993089
449.55,27.25,0.4842144397
449.55,27.5,0.4680168893
449.55,27.75,0.450844493
449.55,28.0,0.43284118
449.55,28.25,0.4141547297
449.55,28.5,0.3949345514
449.55,28.75,0.3753295312
449.55,29.0,0.3554859872
449.55,29.25,0.3355457687
449.55,29.5,0.3156445308
449.55,29.75,0.2959102101
449.55,30.0,0.27646172
449.55,30.25,0.2574078799
449.55,30.5,0.2388465843
449.55,30.75,0.2208642122
449.55,31.0,0.2035352732
449.55,31.25,0.1869222795
449.55,31.5,0.1710758287
449.55,31.75,0.1560348803
449.55,32.0,0.1418272037
449.55,32.25,0.1284699745
449.55,32.5,0.1159704937
449.55,32.75,0.1043270051
449.55,33.0,0.0935295846
449.55,33.25,0.0835610775
449.55,33.5,0.0743980598
449.55,33.75,0.0660118024
449.55,34.0,0.058369219
449.55,34.25,0.0514337806
449.55,34.5,0.0451663822
449.55,34.75,0.0395261515
449.55,35.0,0.0344711883
449.6,0.0,1.3878666808
449.6,0.25,1.3947161029
449.6,0.5,1.4002543885
449.6,0.75,1.4044656825
449.6,1.0,1.407337901
449.6,1.25,1.4088627895
449.6,1.5,1.4090359627
449.6,1.75,1.4078569255
449.6,2.0,1.405329076
449.6,2.25,1.4014596892
449.6,2.5,1.3962598829
449.6,2.75,1.3897445651
449.6,3.0,1.3819323636
449.6,3.25,1.3728455387
449.6,3.5,1.3625098785
449.6,3.75,1.3509545791
449.6,4.0,1.3382121095
449.6,4.25,1.3243180626
449.6,4.5,1.309310993
449.6,4.75,1.2932322438
449.6,5.0,1.2761257626
449.6,5.25,1.2580379082
449.6,5.5,1.2390172508
449.6,5.75,1.2191143655
449.6,6.0,1.1983816218
449.6,6.25,1.1768729703
449.6,6.5,1.154643729
449.6,6.75,1.1317503701
449.6,7.0,1.1082503098
449.6,7.25,1.0842017027
449.6,7.5,1.0596632422
449.6,7.75,1.0346939703
449.6,8.0,1.0093530958
449.6,8.25,0.9836998262
449.6,8.5,0.9577932114
449.6,8.75,0.9316920039
449.6,9.0,0.9054545349
449.6,9.25,0.879138608
449.6,9.5,0.8528014129
449.6,9.75,0.8264994574
449.6,10.0,0.8002885211
449.6,10.25,0.7742236291
449.6,10.5,0.7483590454
449.6,10.75,0.7227482873
449.6,11.0,0.6974441569
449.6,11.25,0.6724987907
449.6,11.5,0.6479637229
449.6,11.75,0.6238899608
449.6,12.0,0.6003280678
449.6,12.25,0.5773282506
449.6,12.5,0.5549404453
449.6,12.75,0.5332143966
449.6,13.0,0.5121997243
449.6,13.25,0.4919459703
449.6,13.5,0.4725026196
449.6,13.75,0.4539190867
449.6,14.0,0.4362446611
449.6,14.25,0.4195284047
449.6,14.5,0.4038189929
449.6,14.75,0.3891644938
449.6,15.0,0.3756120805
449.6,15.25,0.3632076704
449.6,15.5,0.3519954903
449.6,15.75,0.3420175651
449.6,16.0,0.3333131308
449.6,16.25,0.3259179754
449.6,16.5,0.3198637134
449.6,16.75,0.3151770009
449.6,17.0,0.3118787042
449.6,17.25,0.3099830333
449.6,17.5,0.3094966599
449.6,17.75,0.3104178349
449.6,18.0,0.3127355306
449.6,18.25,0.3164286282
449.6,18.5,0.3214651755
449.6,18.75,0.3278017416
449.6,19.0,0.3353828919
449.6,19.25,0.3441408106
449.6,19.5,0.3539950929
449.6,19.75,0.364852728
449.6,20.0,0.376608293
449.6,20.25,0.3891443707
449.6,20.5,0.4023322018
449.6,20.75,0.4160325771
449.6,21.0,0.4300969675
449.6,21.25,0.4443688867
449.6,21.5,0.4586854714
449.6,21.75,0.4728792613
449.6,22.0,0.486780152
449.6,22.25,0.5002174902
449.6,22.5,0.5130222739
449.6,22.75,0.5250294173
449.6,23.0,0.5360800357
449.6,23.25,0.546023704
449.6,23.5,0.5547206411
449.6,23.75,0.5620437718
449.6,24.0,0.5678806222
449.6,24.25,0.5721350035
449.6,24.5,0.5747284466
449.6,24.75,0.575601354
449.6,25.0,0.5747138409
449.6,25.25,0.5720462467
449.6,25.5,0.5675993037
449.6,25.75,0.5613939601
449.6,26.0,0.5534708605
449.6,26.25,0.5438894969
449.6,26.5,0.5327270515
449.6,26.75,0.5200769569
449.6,27.0,0.506047209
449.6,27.25,0.4907584717
449.6,27.5,0.4743420156
449.6,27.75,0.4569375388
449.6,28.0,0.4386909158
449.6,28.25,0.419751923
449.6,28.5,0.4002719889
449.6,28.75,0.380402012
449.6,29.0,0.3602902877
449.6,29.25,0.3400805823
449.6,29.5,0.3199103844
449.6,29.75,0.2999093595
449.6,30.0,0.2801980281
449.6,30.25,0.2608866804
449.6,30.5,0.2420745337
449.6,30.75,0.2238491345
449.6,31.0,0.2062859994
449.6,31.25,0.1894484854
449.6,31.5,0.1733878739
449.6,31.75,0.158143651
449.6,32.0,0.1437439614
449.6,32.25,0.1302062127
449.6,32.5,0.1175378047
449.6,32.75,0.1057369574
449.6,33.0,0.0947936126
449.6,33.25,0.0846903837
449.6,33.5,0.0754035302
449.6,33.75,0.0669039347
449.6,34.0,0.0591580638
449.6,34.25,0.0521288947
449.6,34.5,0.0457767941
449.6,34.75,0.0400603371
449.6,35.0,0.0349370574
449.65,0.0,1.4058528206
449.65,0.25,1.4127910082
449.65,0.5,1.4184010675
449.65,0.75,1.422666938
449.65,1.0,1.4255763792
449.65,1.25,1.4271210296
449.65,1.5,1.427296447
449.65,1.75,1.4261021301
449.65,2.0,1.4235415208
449.65,2.25,1.4196219884
449.65,2.5,1.4143547949
449.65,2.75,1.4077550414
449.65,3.0,1.3998415973
449.65,3.25,1.3906370111
449.65,3.5,1.3801674053
449.65,3.75,1.3684623543
449.65,4.0,1.355554748
449.65,4.25,1.3414806403
449.65,4.5,1.3262790857
449.65,4.75,1.3099919631
449.65,5.0,1.2926637894
449.65,5.25,1.2743415243
449.65,5.5,1.2550743676
449.65,5.75,1.2349135498
449.65,6.0,1.2139121188
449.65,6.25,1.1921247247
449.65,6.5,1.1696074022
449.65,6.75,1.1464173555
449.65,7.0,1.1226127448
449.65,7.25,1.0982524783
449.65,7.5,1.0733960103
449.65,7.75,1.0481031476
449.65,8.0,1.0224338666
449.65,8.25,0.9964481419
449.65,8.5,0.9702057888
449.65,8.75,0.9437663212
449.65,9.0,0.9171888261
449.65,9.25,0.8905318565
449.65,9.5,0.8638533429
449.65,9.75,0.8372105256
449.65,10.0,0.8106599072
449.65,10.25,0.7842572257
449.65,10.5,0.7580574484
449.65,10.75,0.7321147861
449.65,11.0,0.7064827254
449.65,11.25,0.6812140783
449.65,11.5,0.6563610468
449.65,11.75,0.6319752994
449.65,12.0,0.6081080546
449.65,12.25,0.58481017
449.65,12.5,0.5621322286
449.65,12.75,0.5401246199
449.65,13.0,0.5188376067
449.65,13.25,0.498321373
449.65,13.5,0.4786260451
449.65,13.75,0.4598016777
449.65,14.0,0.4418981994
449.65,14.25,0.4249653077
449.65,14.5,0.4090523089
449.65,14.75,0.3942078939
449.65,15.0,0.3804798473
449.65,15.25,0.3679146815
449.65,15.5,0.3565571966
449.65,15.75,0.3464499618
449.65,16.0,0.3376327219
449.65,16.25,0.3301417286
449.65,16.5,0.324009006
449.65,16.75,0.3192615558
449.65,17.0,0.3159205145
449.65,17.25,0.3140002767
449.65,17.5,0.3135076
449.65,17.75,0.314440713
449.65,18.0,0.3167884451
449.65,18.25,0.3205294036
449.65,18.5,0.3256312224
449.65,18.75,0.3320499075
449.65,19.0,0.3397293062
449.65,19.25,0.3486007237
449.65,19.5,0.3585827131
449.65,19.75,0.3695810583
449.65,20.0,0.3814889703
449.65,20.25,0.39418751
449.65,20.5,0.4075462496
449.65,20.75,0.4214241757
449.65,21.0,0.4356708344
449.65,21.25,0.4501277114
449.65,21.5,0.4646298327
449.65,21.75,0.4790075678
449.65,22.0,0.493088608
449.65,22.25,0.5067000882
449.65,22.5,0.5196708162
449.65,22.75,0.5318335669
449.65,23.0,0.5430273964
449.65,23.25,0.5530999303
449.65,23.5,0.5619095758
449.65,23.75,0.5693276111
449.65,24.0,0.5752401045
449.65,24.25,0.5795496207
449.65,24.5,0.5821766737
449.65,24.75,0.5830608936
449.65,25.0,0.5821618787
449.65,25.25,0.5794597136
449.65,25.5,0.5749551403
449.65,25.75,0.5686693782
449.65,26.0,0.5606435986
449.65,26.25,0.5509380648
449.65,26.5,0.539630959
449.65,26.75,0.5268169248
449.65,27.0,0.5126053576
449.65,27.25,0.4971184849
449.65,27.5,0.4804892788
449.65,27.75,0.4628592477
449.65,28.0,0.4443761564
449.65,28.25,0.4251917227
449.65,28.5,0.4054593373
449.65,28.75,0.3853318542
449.65,29.0,0.3649594908
449.65,29.25,0.3444878766
449.65,29.5,0.3240562818
449.65,29.75,0.3037960524
449.65,30.0,0.2838292709
449.65,30.25,0.2642676567
449.65,30.5,0.2452117128
449.65,30.75,0.2267501205
449.65,31.0,0.2089593749
449.65,31.25,0.1919036542
449.65,31.5,0.1756349043
449.65,31.75,0.160193123
449.65,32.0,0.1456068197
449.65,32.25,0.1318936278
449.65,32.5,0.1190610428
449.65,32.75,0.1071072617
449.65,33.0,0.096022096
449.65,33.25,0.0857879337
449.65,33.5,0.0763807267
449.65,33.75,0.0677709802
449.65,34.0,0.0599247262
449.65,34.25,0.0528044622
449.65,34.5,0.0463700412
449.65,34.75,0.0405795014
449.65,35.0,0.0353898263
449.7,0.0,1.423291978
449.7,0.25,1.4303162315
449.7,0.5,1.4359958819
449.7,0.75,1.4403146692
449.7,1.0,1.443260201
449.7,1.25,1.4448240123
449.7,1.5,1.4450016058
449.7,1.75,1.4437924737
449.7,2.0,1.4412001008
449.7,2.25,1.4372319479
449.7,2.5,1.4318994165
449.7,2.75,1.4252177952
449.7,3.0,1.4172061873
449.7,3.25,1.4078874212
449.7,3.5,1.3972879433
449.7,3.75,1.3854376948
449.7,4.0,1.3723699737
449.7,4.25,1.3581212812
449.7,4.5,1.3427311562
449.7,4.75,1.326241997
449.7,5.0,1.3086988728
449.7,5.25,1.2901493259
449.7,5.5,1.2706431662
449.7,5.75,1.2502322598
449.7,6.0,1.2289703128
449.7,6.25,1.206912653
449.7,6.5,1.1841160103
449.7,6.75,1.1606382984
449.7,7.0,1.1365383991
449.7,7.25,1.1118759512
449.7,7.5,1.0867111466
449.7,7.75,1.061104534
449.7,8.0,1.0351168337
449.7,8.25,1.0088087643
449.7,8.5,0.9822408832
449.7,8.75,0.9554734424
449.7,9.0,0.928566262
449.7,9.25,0.9015786211
449.7,9.5,0.874569169
449.7,9.75,0.8475958561
449.7,10.0,0.8207158857
449.7,10.25,0.7939856873
449.7,10.5,0.7674609101
449.7,10.75,0.7411964374
449.7,11.0,0.715246419
449.7,11.25,0.6896643224
449.7,11.5,0.664502997
449.7,11.75,0.6398147521
449.7,12.0,0.6156514417
449.7,12.25,0.5920645542
449.7,12.5,0.5691053002
449.7,12.75,0.5468246941
449.7,13.0,0.5252736223
449.7,13.25,0.5045028913
449.7,13.5,0.484563249
449.7,13.75,0.4655053714
449.7,14.0,0.4473798061
449.7,14.25,0.4302368673
449.7,14.5,0.4141264727
449.7,14.75,0.3990979176
449.7,15.0,0.3851995789
449.7,15.25,0.3724785462
449.7,15.5,0.3609801753
449.7,15.75,0.3507475635
449.7,16.0,0.3418209485
449.7,16.25,0.3342370318
449.7,16.5,0.3280282347
449.7,16.75,0.3232218939
449.7,17.0,0.3198394081
449.7,17.25,0.3178953503
449.7,17.5,0.3173965621
449.7,17.75,0.3183412501
449.7,18.0,0.3207181051
449.7,18.25,0.324505469
449.7,18.5,0.3296705742
449.7,18.75,0.3361688811
449.7,19.0,0.3439435402
449.7,19.25,0.3529250049
449.7,19.5,0.3630308177
449.7,19.75,0.3741655939
449.7,20.0,0.3862212197
449.7,20.25,0.3990772808
449.7,20.5,0.4126017313
449.7,20.75,0.4266518086
449.7,21.0,0.4410751927
449.7,21.25,0.4557114026
449.7,21.5,0.4703934181
449.7,21.75,0.4849495044
449.7,22.0,0.4992052154
449.7,22.25,0.5129855417
449.7,22.5,0.5261171675
449.7,22.75,0.5384307932
449.7,23.0,0.5497634786
449.7,23.25,0.5599609591
449.7,23.5,0.5688798855
449.7,23.75,0.5763899391
449.7,24.0,0.5823757752
449.7,24.25,0.5867387495
449.7,24.5,0.5893983903
449.7,24.75,0.5902935786
449.7,25.0,0.5893834118
449.7,25.25,0.5866477272
449.7,25.5,0.582087276
449.7,25.75,0.575723541
449.7,26.0,0.5675982042
449.7,26.25,0.5577722764
449.7,26.5,0.5463249096
449.7,26.75,0.5333519213
449.7,27.0,0.5189640641
449.7,27.25,0.5032850817
449.7,27.5,0.4864495956
449.7,27.75,0.4686008696
449.7,28.0,0.4498885014
449.7,28.25,0.4304660908
449.7,28.5,0.4104889315
449.7,28.75,0.3901117734
449.7,29.0,0.3694866973
449.7,29.25,0.3487611392
449.7,29.5,0.328076097
449.7,29.75,0.3075645459
449.7,30.0,0.2873500828
449.7,30.25,0.2675458129
449.7,30.5,0.2482534862
449.7,30.75,0.2295628837
449.7,31.0,0.2115514496
449.7,31.25,0.194284158
449.7,31.5,0.1778135994
449.7,31.75,0.1621802677
449.7,32.0,0.147413026
449.7,32.25,0.1335297263
449.7,32.5,0.1205379572
449.7,32.75,0.1084358932
449.7,33.0,0.0972132195
449.7,33.25,0.0868521058
449.7,33.5,0.0773282053
449.7,33.75,0.0686116577
449.7,34.0,0.0606680734
449.7,34.25,0.0534594848
449.7,34.5,0.0469452468
449.7,34.75,0.0410828772
449.7,35.0,0.0358288258
449.75,0.0,1.4401581437
449.75,0.25,1.4472656354
449.75,0.5,1.4530125903
449.75,0.75,1.4573825556
449.75,1.0,1.4603629924
449.75,1.25,1.461945335
449.75,1.5,1.4621250329
449.75,1.75,1.4609015725
449.75,2.0,1.4582784798
449.75,2.25,1.4542633038
449.75,2.5,1.4488675813
449.75,2.75,1.4421067821
449.75,3.0,1.4340002358
449.75,3.25,1.4245710412
449.75,3.5,1.4138459583
449.75,3.75,1.4018552832
449.75,4.0,1.3886327081
449.75,4.25,1.3742151671
449.75,4.5,1.3586426674
449.75,4.75,1.3419581098
449.75,5.0,1.3242070976
449.75,5.25,1.3054377366
449.75,5.5,1.2857004268
449.75,5.75,1.2650476489
449.75,6.0,1.2435337455
449.75,6.25,1.2212147
449.75,6.5,1.1981479146
449.75,6.75,1.1743919893
449.75,7.0,1.1500065035
449.75,7.25,1.1250518029
449.75,7.5,1.0995887926
449.75,7.75,1.0736787388
449.75,8.0,1.0473830815
449.75,8.25,1.0207632586
449.75,8.5,0.9938805452
449.75,8.75,0.9667959073
449.75,9.0,0.9395698738
449.75,9.25,0.9122624264
449.75,9.5,0.8849329094
449.75,9.75,0.8576399598
449.75,10.0,0.8304414588
449.75,10.25,0.8033945046
449.75,10.5,0.7765554059
449.75,10.75,0.7499796963
449.75,11.0,0.7237221674
449.75,11.25,0.6978369201
449.75,11.5,0.6723774302
449.75,11.75,0.6473966269
449.75,12.0,0.6229469787
449.75,12.25,0.599080584
449.75,12.5,0.5758492603
449.75,12.75,0.5533046266
449.75,13.0,0.5314981722
449.75,13.25,0.5104813057
449.75,13.5,0.4903053766
449.75,13.75,0.471021661
449.75,14.0,0.4526813058
449.75,14.25,0.4353352213
449.75,14.5,0.4190339167
449.75,14.75,0.4038272716
449.75,15.0,0.3897642361
449.75,15.25,0.3768924578
449.75,15.5,0.3652578298
449.75,15.75,0.3549039605
449.75,16.0,0.3458715641
449.75,16.25,0.3381977772
449.75,16.5,0.3319154052
449.75,16.75,0.3270521087
449.75,17.0,0.3236295401
449.75,17.25,0.321662445
449.75,17.5,0.3211577461
449.75,17.75,0.3221136288
449.75,18.0,0.3245186497
449.75,18.25,0.3283508943
449.75,18.5,0.3335772066
449.75,18.75,0.3401525191
449.75,19.0,0.3480193088
449.75,19.25,0.3571072048
449.75,19.5,0.3673327726
449.75,19.75,0.3785994971
449.75,20.0,0.3907979834
449.75,20.25,0.4038063902
449.75,20.5,0.417491107
449.75,20.75,0.4317076793
449.75,21.0,0.446301982
449.75,21.25,0.4611116326
449.75,21.5,0.4759676316
449.75,21.75,0.4906962092
449.75,22.0,0.5051208519
449.75,22.25,0.5190644765
449.75,22.5,0.5323517135
449.75,22.75,0.5448112571
449.75,23.0,0.556278236
449.75,23.25,0.5665965578
449.75,23.5,0.5756211744
449.75,23.75,0.583220223
449.75,24.0,0.5892769918
449.75,24.25,0.5936916679
449.75,24.5,0.5963828257
449.75,24.75,0.5972886222
449.75,25.0,0.5963676697
449.75,25.25,0.593599567
449.75,25.5,0.5889850739
449.75,25.75,0.582545928
449.75,26.0,0.5743243051
449.75,26.25,0.5643819389
449.75,26.5,0.5527989195
449.75,26.75,0.5396721999
449.75,27.0,0.5251138451
449.75,27.25,0.509249065
449.75,27.5,0.4922140765
449.75,27.75,0.4741538412
449.75,28.0,0.4552197294
449.75,28.25,0.4355671611
449.75,28.5,0.4153532703
449.75,28.75,0.3947346406
449.75,29.0,0.3738651551
449.75,29.25,0.3528939969
449.75,29.5,0.3319638347
449.75,29.75,0.3112092194
449.75,30.0,0.2907552127
449.75,30.25,0.2707162601
449.75,30.5,0.2511953172
449.75,30.75,0.232283229
449.75,31.0,0.2140583574
449.75,31.25,0.1965864465
449.75,31.5,0.17992071
449.75,31.75,0.1641021216
449.75,32.0,0.1491598865
449.75,32.25,0.1351120682
449.75,32.5,0.1219663452
449.75,32.75,0.1097208704
449.75,33.0,0.0983652068
449.75,33.25,0.0878813127
449.75,33.5,0.078244553
449.75,33.75,0.0694247133
449.75,34.0,0.0613869967
449.75,34.25,0.0540929855
449.75,34.5,0.0475015531
449.75,34.75,0.0415697138
449.75,35.0,0.0362534013
449.8,0.0,1.4564259405
449.8,0.25,1.4636137173
449.8,0.5,1.4694255889
449.8,0.75,1.4738449166
449.8,1.0,1.4768590199
449.8,1.25,1.4784592364
449.8,1.5,1.4786409642
449.8,1.75,1.4774036838
449.8,2.0,1.474750961
449.8,2.25,1.4706904302
449.8,2.5,1.4652337585
449.8,2.75,1.4583965904
449.8,3.0,1.4501984738
449.8,3.25,1.4406627686
449.8,3.5,1.4298165368
449.8,3.75,1.4176904169
449.8,4.0,1.4043184818
449.8,4.25,1.3897380825
449.8,4.5,1.3739896783
449.8,4.75,1.3571166546
449.8,5.0,1.3391651299
449.8,5.25,1.3201837531
449.8,5.5,1.3002234938
449.8,5.75,1.2793374255
449.8,6.0,1.2575805044
449.8,6.25,1.2350093465
449.8,6.5,1.2116820024
449.8,6.75,1.1876577339
449.8,7.0,1.1629967936
449.8,7.25,1.1377602087
449.8,7.5,1.1120095723
449.8,7.75,1.0858068427
449.8,8.0,1.0592141538
449.8,8.25,1.0322936376
449.8,8.5,1.0051072613
449.8,8.75,0.9777166797
449.8,9.0,0.9501831053
449.8,9.25,0.9225671973
449.8,9.5,0.8949289704
449.8,9.75,0.867327724
449.8,10.0,0.8398219931
449.8,10.25,0.8124695208
449.8,10.5,0.785327252
449.8,10.75,0.7584513473
449.8,11.0,0.7318972176
449.8,11.25,0.7057195746
449.8,11.5,0.6799724985
449.8,11.75,0.654709516
449.8,12.0,0.6299836885
449.8,12.25,0.6058477028
449.8,12.5,0.5823539617
449.8,12.75,0.5595546674
449.8,13.0,0.5375018908
449.8,13.25,0.5162476212
449.8,13.5,0.4958437879
449.8,13.75,0.4763422466
449.8,14.0,0.4577947216
449.8,14.25,0.4402526985
449.8,14.5,0.4237672571
449.8,14.75,0.40838884
449.8,15.0,0.3941669507
449.8,15.25,0.3811497749
449.8,15.5,0.369383724
449.8,15.75,0.3589128991
449.8,16.0,0.3497784742
449.8,16.25,0.3420180053
449.8,16.5,0.3356646687
449.8,16.75,0.3307464372
449.8,17.0,0.3272852078
449.8,17.25,0.3252958927
449.8,17.5,0.3247854928
449.8,17.75,0.325752173
449.8,18.0,0.3281843607
449.8,18.25,0.3320598936
449.8,18.5,0.3373452415
449.8,18.75,0.3439948277
449.8,19.0,0.3519504794
449.8,19.25,0.3611410308
449.8,19.5,0.371482105
449.8,19.75,0.3828760967
449.8,20.0,0.3952123751
449.8,20.25,0.4083677228
449.8,20.5,0.4222070199
449.8,20.75,0.4365841804
449.8,21.0,0.451343338
449.8,21.25,0.466320276
449.8,21.5,0.481344086
449.8,21.75,0.4962390353
449.8,22.0,0.5108266165
449.8,22.25,0.5249277461
449.8,22.5,0.5383650736
449.8,22.75,0.5509653582
449.8,23.0,0.5625618663
449.8,23.25,0.5729967422
449.8,23.5,0.5821232994
449.8,23.75,0.5898081857
449.8,24.0,0.5959333708
449.8,24.25,0.6003979144
449.8,24.5,0.603119471
449.8,24.75,0.6040354992
449.8,25.0,0.6031041438
449.8,25.25,0.600304773
449.8,25.5,0.5956381554
449.8,25.75,0.5891262739
449.8,26.0,0.5808117808
449.8,26.25,0.5707571073
449.8,26.5,0.559043248
449.8,26.75,0.545768251
449.8,27.0,0.5310454473
449.8,27.25,0.5150014613
449.8,27.5,0.4977740483
449.8,27.75,0.4795098073
449.8,28.0,0.4603618189
449.8,28.25,0.4404872583
449.8,28.5,0.4200450346
449.8,28.75,0.3991935002
449.8,29.0,0.3780882763
449.8,29.25,0.3568802312
449.8,29.5,0.3357136452
449.8,29.75,0.3147245892
449.8,30.0,0.2940395373
449.8,30.25,0.2737742278
449.8,30.5,0.2540327794
449.8,30.75,0.2349070633
449.8,31.0,0.2164763265
449.8,31.25,0.1988070557
449.8,31.5,0.1819530657
449.8,31.75,0.165955793
449.8,32.0,0.1508447728
449.8,32.25,0.1366382726
449.8,32.5,0.1233440576
449.8,32.75,0.1109602599
449.8,33.0,0.0994763245
449.8,33.25,0.088874006
449.8,33.5,0.079128391
449.8,33.75,0.0702089238
449.8,34.0,0.0620804144
449.8,34.25,0.0547040112
449.8,34.5,0.0480381231
449.8,34.75,0.0420392787
449.8,35.0,0.036662914
449.85,0.0,1.4720706863
449.85,0.25,1.4793356733
449.85,0.5,1.4852099753
449.85,0.75,1.4896767749
449.85,1.0,1.4927232553
449.85,1.25,1.4943406611
449.85,1.5,1.494524341
449.85,1.75,1.4932737699
449.85,2.0,1.4905925518
449.85,2.25,1.4864884034
449.85,2.5,1.4809731168
449.85,2.75,1.4740625046
449.85,3.0,1.4657763249
449.85,3.25,1.4561381884
449.85,3.5,1.4451754478
449.85,3.75,1.4329190706
449.85,4.0,1.4194034958
449.85,4.25,1.4046664756
449.85,4.5,1.3887489041
449.85,4.75,1.3716946325
449.85,5.0,1.3535502747
449.85,5.25,1.3343650024
449.85,5.5,1.3141903325
449.85,5.75,1.2930799085
449.85,6.0,1.2710892774
449.85,6.25,1.2482756629
449.85,6.5,1.2246977393
449.85,6.75,1.2004154052
449.85,7.0,1.1754895601
449.85,7.25,1.149981887
449.85,7.5,1.1239546404
449.85,7.75,1.0974704444
449.85,8.0,1.0705921001
449.85,8.25,1.0433824071
449.85,8.5,1.0159039982
449.85,8.75,0.9882191903
449.85,9.0,0.9603898537
449.85,9.25,0.9324772991
449.85,9.5,0.9045421858
449.85,9.75,0.8766444502
449.85,10.0,0.8488432562
449.85,10.25,0.8211969671
449.85,10.5,0.7937631394
449.85,10.75,0.7665985371
449.85,11.0,0.7397591662
449.85,11.25,0.7133003263
449.85,11.5,0.6872766783
449.85,11.75,0.661742324
449.85,12.0,0.6367508947
449.85,12.25,0.6123556432
449.85,12.5,0.5886095354
449.85,12.75,0.5655653339
449.85,13.0,0.5432756691
449.85,13.25,0.5217930887
449.85,13.5,0.5011700801
449.85,13.75,0.4814590556
449.85,14.0,0.4627122954
449.85,14.25,0.4449818381
449.85,14.5,0.4283193121
449.85,14.75,0.412775702
449.85,15.0,0.3984010429
449.85,15.25,0.3852440382
449.85,15.5,0.3733515979
449.85,15.75,0.3627682967
449.85,16.0,0.3535357509
449.85,16.25,0.3456919201
449.85,16.5,0.3392703367
449.85,16.75,0.3342992742
449.85,17.0,0.3308008647
449.85,17.25,0.3287901806
449.85,17.5,0.3282742981
449.85,17.75,0.3292513622
449.85,18.0,0.3317096761
449.85,18.25,0.3356268396
449.85,18.5,0.340968962
449.85,18.75,0.3476899773
449.85,19.0,0.3557310876
449.85,19.25,0.3650203627
449.85,19.5,0.3754725195
449.85,19.75,0.386988904
449.85,20.0,0.3994576972
449.85,20.25,0.412754358
449.85,20.5,0.4267423151
449.85,20.75,0.4412739132
449.85,21.0,0.4561916118
449.85,21.25,0.4713294303
449.85,21.5,0.4865146242
449.85,21.75,0.5015695731
449.85,22.0,0.5163138523
449.85,22.25,0.5305664545
449.85,22.5,0.5441481241
449.85,22.75,0.5568837593
449.85,23.0,0.5686048357
449.85,23.25,0.5791518017
449.85,23.5,0.5883763953
449.85,23.75,0.5961438316
449.85,24.0,0.6023348127
449.85,24.25,0.6068473139
449.85,24.5,0.6095981052
449.85,24.75,0.6105239732
449.85,25.0,0.6095826133
449.85,25.25,0.606753172
449.85,25.5,0.6020364262
449.85,25.75,0.5954545949
449.85,26.0,0.5870507886
449.85,26.25,0.5768881089
449.85,26.5,0.5650484208
449.85,26.75,0.5516308255
449.85,27.0,0.5367498713
449.85,27.25,0.5205335427
449.85,27.5,0.503121075
449.85,27.75,0.4846606419
449.85,28.0,0.4653069681
449.85,28.25,0.4452189175
449.85,28.5,0.4245571059
449.85,28.75,0.403481587
449.85,29.0,0.3821496534
449.85,29.25,0.3607137942
449.85,29.5,0.3393198393
449.85,29.75,0.3181053214
449.85,30.0,0.2971980733
449.85,30.25,0.2767150764
449.85,30.5,0.2567615679
449.85,30.75,0.2374304056
449.85,31.0,0.2188016882
449.85,31.25,0.2009426163
449.85,31.5,0.1839075828
449.85,31.75,0.1677384695
449.85,32.0,0.1524651286
449.85,32.25,0.1381060239
449.85,32.5,0.124669004
449.85,32.75,0.1121521812
449.85,33.0,0.1005448868
449.85,33.25,0.0898286795
449.85,33.5,0.0799783783
449.85,33.75,0.0709630993
449.85,34.0,0.0627472745
449.85,34.25,0.0552916349
449.85,34.5,0.0485541426
449.85,34.75,0.0424908594
449.85,35.0,0.0370567424
449.9,0.0,1.4870684567
449.9,0.25,1.4944074609
449.9,0.5,1.5003416115
449.9,0.75,1.5048539199
449.9,1.0,1.5079314384
449.9,1.25,1.5095653228
449.9,1.5,1.509750874
449.9,1.75,1.5084875618
449.9,2.0,1.5057790269
449.9,2.25,1.5016330645
449.9,2.5,1.496061587
449.9,2.75,1.4890805681
449.9,3.0,1.480709967
449.9,3.25,1.470973635
449.9,3.5,1.4598992037
449.9,3.75,1.4475179559
449.9,4.0,1.4338646816
449.9,4.25,1.4189775175
449.9,4.5,1.4028977743
449.9,4.75,1.3856697502
449.9,5.0,1.3673405338
449.9,5.25,1.3479597978
449.9,5.5,1.3275795841
449.9,5.75,1.3062540827
449.9,6.0,1.2840394062
449.9,6.25,1.2609933618
449.9,6.5,1.2371752213
449.9,6.75,1.2126454936
449.9,7.0,1.1874656987
449.9,7.25,1.1616981479
449.9,7.5,1.1354057302
449.9,7.75,1.1086517075
449.9,8.0,1.0814995209
449.9,8.25,1.0540126098
449.9,8.5,1.026254245
449.9,8.75,0.9982873784
449.9,9.0,0.9701745105
449.9,9.25,0.9419775769
449.9,9.5,0.9137578547
449.9,9.75,0.885575891
449.9,10.0,0.8574914525
449.9,10.25,0.8295634971
449.9,10.5,0.8018501677
449.9,10.75,0.7744088066
449.9,11.0,0.7472959905
449.9,11.25,0.7205675823
449.9,11.5,0.6942787998
449.9,11.75,0.668484296
449.9,12.0,0.6432382487
449.9,12.25,0.6185944532
449.9,12.5,0.594606415
449.9,12.75,0.5713274342
449.9,13.0,0.5488106776
449.9,13.25,0.5271092281
449.9,13.5,0.5062761078
449.9,13.75,0.4863642632
449.9,14.0,0.4674265071
449.9,14.25,0.449515408
449.9,14.5,0.4326831207
449.9,14.75,0.416981149
449.9,15.0,0.4024600378
449.9,15.25,0.3891689867
449.9,15.5,0.3771553837
449.9,15.75,0.3664642575
449.9,16.0,0.3571376486
449.9,16.25,0.3492139032
449.9,16.5,0.3427268953
449.9,16.75,0.3377051866
449.9,17.0,0.3341711345
449.9,17.25,0.3321399651
449.9,17.5,0.3316188267
449.9,17.75,0.3326058454
449.9,18.0,0.3350892051
449.9,18.25,0.3390462775
449.9,18.5,0.3444428266
449.9,18.75,0.351232317
449.9,19.0,0.3593553518
449.9,19.25,0.3687392681
449.9,19.5,0.3792979136
449.9,19.75,0.3909316295
449.9,20.0,0.4035274575
449.9,20.25,0.4169595875
449.9,20.5,0.4310900569
449.9,20.75,0.445769706
449.9,21.0,0.4608393894
449.9,21.25,0.4761314351
449.9,21.5,0.491471339
449.9,21.75,0.506679671
449.9,22.0,0.521574168
449.9,22.25,0.5359719788
449.9,22.5,0.5496920213
449.9,22.75,0.5625574099
449.9,23.0,0.5743979031
449.9,23.25,0.5850523239
449.9,23.5,0.5943708996
449.9,23.75,0.6022174722
449.9,24.0,0.6084715284
449.9,24.25,0.6130300038
449.9,24.5,0.6158088208
449.9,24.75,0.6167441218
449.9,25.0,0.6157931711
449.9,25.25,0.6129349029
449.9,25.5,0.6081701018
449.9,25.75,0.6015212134
449.9,26.0,0.5930317873
449.9,26.25,0.5827655681
449.9,26.5,0.5708052548
449.9,26.75,0.5572509581
449.9,27.0,0.5422183935
449.9,27.25,0.5258368496
449.9,27.5,0.5082469799
449.9,27.75,0.489598468
449.9,28.0,0.4700476148
449.9,28.25,0.4497549029
449.9,28.5,0.4288825844
449.9,28.75,0.4075923435
449.9,29.0,0.3860430757
449.9,29.25,0.3643888233
449.9,29.5,0.3427769023
449.9,29.75,0.3213462464
449.9,30.0,0.3002259907
449.9,30.25,0.2795343087
449.9,30.5,0.2593775095
449.9,30.75,0.2398493973
449.9,31.0,0.2210308865
449.9,31.25,0.2029898626
449.9,31.5,0.1857812725
449.9,31.75,0.1694474248
449.9,32.0,0.1540184758
449.9,32.25,0.1395130775
449.9,32.5,0.1259391585
449.9,32.75,0.1132948115
449.9,33.0,0.1015692596
449.9,33.25,0.0907438733
449.9,33.5,0.0807932151
449.9,33.75,0.0716860865
449.9,34.0,0.0633865571
449.9,34.25,0.0558549579
449.9,34.5,0.0490488226
449.9,34.75,0.0429237653
449.9,35.0,0.0374342844
449.95,0.0,1.5013961455
449.95,0.25,1.50880586
449.95,0.5,1.5147971852
449.95,0.75,1.519352969
449.95,1.0,1.5224601391
449.95,1.25,1.5241097656
449.95,1.5,1.5242971046
449.95,1.75,1.5230216206
449.95,2.0,1.5202869894
449.95,2.25,1.5161010812
449.95,2.5,1.5104759234
449.95,2.75,1.5034276433
449.95,3.0,1.4949763927
449.95,3.25,1.4851462526
449.95,3.5,1.4739651207
449.95,3.75,1.4614645814
449.95,4.0,1.4476797597
449.95,4.25,1.43264916
449.95,4.5,1.4164144909
449.95,4.75,1.3990204772
449.95,5.0,1.3805146615
449.95,5.25,1.3609471949
449.95,5.5,1.3403706208
449.95,5.75,1.3188396512
449.95,6.0,1.2964109396
449.95,6.25,1.2731428499
449.95,6.5,1.2490952251
449.95,6.75,1.2243291569
449.95,7.0,1.1989067584
449.95,7.25,1.172890941
449.95,7.5,1.1463451997
449.95,7.75,1.1193334059
449.95,8.0,1.0919196119
449.95,8.25,1.0641678684
449.95,8.5,1.0361420557
449.95,8.75,1.0079057324
449.95,9.0,0.9795220012
449.95,9.25,0.9510533942
449.95,9.5,0.922561779
449.95,9.75,0.8941082862
449.95,10.0,0.8657532582
449.95,10.25,0.837556221
449.95,10.5,0.8095758777
449.95,10.75,0.7818701231
449.95,11.0,0.7544960789
449.95,11.25,0.7275101464
449.95,11.5,0.7009680753
449.95,11.75,0.6749250452
449.95,12.0,0.6494357559
449.95,12.25,0.624554521
449.95,12.5,0.6003353615
449.95,12.75,0.5768320912
449.95,13.0,0.5540983888
449.95,13.25,0.532187849
449.95,13.5,0.5111540047
449.95,13.75,0.4910503123
449.95,14.0,0.4719300936
449.95,14.25,0.4538464238
449.95,14.5,0.4368519597
449.95,14.75,0.4209987019
449.95,15.0,0.4063376819
449.95,15.25,0.3929185734
449.95,15.5,0.3807892211
449.95,15.75,0.3699950875
449.95,16.0,0.360578618
449.95,16.25,0.3525785285
449.95,16.5,0.3460290192
449.95,16.75,0.340958927
449.95,17.0,0.3373908249
449.95,17.25,0.3353400855
449.95,17.5,0.334813926
449.95,17.75,0.3358104544
449.95,18.0,0.338317741
449.95,18.25,0.3423129392
449.95,18.5,0.3477614832
449.95,18.75,0.3546163894
449.95,19.0,0.3628176885
449.95,19.25,0.3722920175
449.95,19.5,0.382952394
449.95,19.75,0.394698199
449.95,20.0,0.407415386
449.95,20.25,0.4209769326
449.95,20.5,0.435243547
449.95,20.75,0.4500646325
449.95,21.0,0.46527951
449.95,21.25,0.4807188924
449.95,21.5,0.4962065941
449.95,21.75,0.5115614561
449.95,22.0,0.5265994594
449.95,22.25,0.541135991
449.95,22.5,0.5549882242
449.95,22.75,0.5679775689
449.95,23.0,0.5799321436
449.95,23.25,0.5906892181
449.95,23.5,0.600097577
449.95,23.75,0.6080197502
449.95,24.0,0.6143340633
449.95,24.25,0.618936459
449.95,24.5,0.6217420494
449.95,24.75,0.6226863619
449.95,25.0,0.621726249
449.95,25.25,0.6188404417
449.95,25.5,0.6140297325
449.95,25.75,0.607316783
449.95,26.0,0.5987455625
449.95,26.25,0.5883804298
449.95,26.5,0.5763048806
449.95,26.75,0.5626199903
449.95,27.0,0.5474425891
449.95,27.25,0.5309032113
449.95,27.5,0.5131438658
449.95,27.75,0.4943156782
449.95,28.0,0.4745764554
449.95,28.25,0.4540882261
449.95,28.5,0.4330148058
449.95,28.75,0.4115194366
449.95,29.0,0.3897625447
449.95,29.25,0.3678996567
449.95,29.5,0.346079508
449.95,29.75,0.3244423708
449.95,30.0,0.3031186246
449.95,30.25,0.2822275812
449.95,30.5,0.2618765742
449.95,30.75,0.2421603114
449.95,31.0,0.223160487
449.95,31.25,0.2049456404
449.95,31.5,0.1875712481
449.95,31.75,0.1710800262
449.95,32.0,0.1555024215
449.95,32.25,0.1408572658
449.95,32.5,0.127152564
449.95,32.75,0.1143863906
449.95,33.0,0.1025478646
449.95,33.25,0.0916181773
449.95,33.5,0.081571646
449.95,33.75,0.0723767716
449.95,34.0,0.0639972774
449.95,34.25,0.0563931123
449.95,34.5,0.0495214009
449.95,34.75,0.0433373296
449.95,35.0,0.0377949583
450.0,0.0,1.5150315242
450.0,0.25,1.5225085323
450.0,0.5,1.5285542695
450.0,0.75,1.533151428
450.0,1.0,1.5362868168
450.0,1.25,1.5379514249
450.0,1.5,1.5381404653
450.0,1.75,1.5368533975
450.0,2.0,1.534093931
450.0,2.25,1.5298700072
450.0,2.5,1.5241937628
450.0,2.75,1.5170814717
450.0,3.0,1.5085534685
450.0,3.25,1.4986340531
450.0,3.5,1.4873513764
450.0,3.75,1.4747373097
450.0,4.0,1.460827297
450.0,4.25,1.4456601924
450.0,4.5,1.4292780832
450.0,4.75,1.4117261006
450.0,5.0,1.3930522188
450.0,5.25,1.3733070444
450.0,5.5,1.352543598
450.0,5.75,1.3308170885
450.0,6.0,1.3081846838
450.0,6.25,1.284705278
450.0,6.5,1.2604392574
450.0,6.75,1.2354482688
450.0,7.0,1.2097949891
450.0,7.25,1.1835429014
450.0,7.5,1.1567560769
450.0,7.75,1.1294989674
450.0,8.0,1.1018362069
450.0,8.25,1.0738324276
450.0,8.5,1.0455520901
450.0,8.75,1.0170593302
450.0,9.0,0.9884178236
450.0,9.25,0.9596906704
450.0,9.5,0.9309403001
450.0,9.75,0.9022283984
450.0,10.0,0.8736158557
450.0,10.25,0.8451627387
450.0,10.5,0.8169282835
450.0,10.75,0.7889709108
450.0,11.0,0.761348261
450.0,11.25,0.7341172477
450.0,11.5,0.7073341268
450.0,11.75,0.6810545792
450.0,12.0,0.6553338012
450.0,12.25,0.6302265999
450.0,12.5,0.6057874869
450.0,12.75,0.5820707646
450.0,13.0,0.5591305993
450.0,13.25,0.5370210724
450.0,13.5,0.5157962028
450.0,13.75,0.4955099328
450.0,14.0,0.4762160681
450.0,14.25,0.457968166
450.0,14.5,0.4408193616
450.0,14.75,0.4248221276
450.0,15.0,0.4100279592
450.0,15.25,0.3964869811
450.0,15.5,0.3842474725
450.0,15.75,0.3733553087
450.0,16.0,0.3638533207
450.0,16.25,0.355780576
450.0,16.5,0.3491715854
450.0,16.75,0.3440554476
450.0,17.0,0.3404549407
450.0,17.25,0.3383855769
450.0,17.5,0.3378546389
450.0,17.75,0.3388602176
450.0,18.0,0.3413902749
450.0,18.25,0.3454217567
450.0,18.5,0.3509197833
450.0,18.75,0.3578369443
450.0,19.0,0.366112726
450.0,19.25,0.3756730989
450.0,19.5,0.3864302908
450.0,19.75,0.3982827689
450.0,20.0,0.4111154508
450.0,20.25,0.4248001607
450.0,20.5,0.4391963417
450.0,20.75,0.4541520292
450.0,21.0,0.4695050852
450.0,21.25,0.485084685
450.0,21.5,0.5007130428
450.0,21.75,0.5162073547
450.0,22.0,0.5313819301
450.0,22.25,0.5460504796
450.0,22.5,0.560028516
450.0,22.75,0.5731358273
450.0,23.0,0.585198971
450.0,23.25,0.5960537392
450.0,23.5,0.6055475428
450.0,23.75,0.6135416637
450.0,24.0,0.619913322
450.0,24.25,0.6245575158
450.0,24.5,0.6273885861
450.0,24.75,0.6283414746
450.0,25.0,0.6273726421
450.0,25.25,0.6244606265
450.0,25.5,0.6196062274
450.0,25.75,0.6128323123
450.0,26.0,0.6041832497
450.0,26.25,0.5937239829
450.0,26.5,0.5815387659
450.0,26.75,0.5677295922
450.0,27.0,0.5524143529
450.0,27.25,0.5357247678
450.0,27.5,0.5178041355
450.0,27.75,0.498804954
450.0,28.0,0.4788864636
450.0,28.25,0.4582121643
450.0,28.5,0.4369473595
450.0,28.75,0.4152567736
450.0,29.0,0.39330229
450.0,29.25,0.3712408476
450.0,29.5,0.3492225327
450.0,29.75,0.3273888914
450.0,30.0,0.3058714871
450.0,30.25,0.2847907155
450.0,30.5,0.2642548847
450.0,30.75,0.2443595628
450.0,31.0,0.2251871858
450.0,31.25,0.2068069156
450.0,31.5,0.1892747326
450.0,31.75,0.1726337407
450.0,32.0,0.1569146633
450.0,32.25,0.1421365032
450.0,32.5,0.1283073381
450.0,32.75,0.1154252248
450.0,33.0,0.1034791838
450.0,33.25,0.0924502352
450.0,33.5,0.0823124634
450.0,33.75,0.0730340829
450.0,34.0,0.0645784879
450.0,34.25,0.0569052632
450.0,34.5,0.0499711443
450.0,34.75,0.0437309105
450.0,35.0,0.0381382046
450.05,0.0,1.5279532993
450.05,0.25,1.5354940791
450.05,0.5,1.5415913808
450.05,0.75,1.5462277486
450.05,1.0,1.5493898792
450.05,1.25,1.5510686849
450.05,1.5,1.5512593376
450.05,1.75,1.5499612924
450.05,2.0,1.5471782902
450.05,2.25,1.5429183404
450.05,2.5,1.5371936831
450.05,2.75,1.5300207309
450.05,3.0,1.521419992
450.05,3.25,1.5114159733
450.05,3.5,1.5000370662
450.05,3.75,1.4873154135
450.05,4.0,1.4732867617
450.05,4.25,1.4579902962
450.05,4.5,1.4414684632
450.05,4.75,1.4237667789
450.05,5.0,1.4049336267
450.05,5.25,1.3850200448
450.05,5.5,1.3640795059
450.05,5.75,1.34216769
450.05,6.0,1.3193422525
450.05,6.25,1.2956625897
450.05,6.5,1.2711896031
450.05,6.75,1.2459854652
450.05,7.0,1.2201133875
450.05,7.25,1.1936373944
450.05,7.5,1.1666221039
450.05,7.75,1.1391325172
450.05,8.0,1.1112338197
450.05,8.25,1.0829911948
450.05,8.5,1.054469653
450.05,8.75,1.025733877
450.05,9.0,0.9968480856
450.05,9.25,0.9678759172
450.05,9.5,0.9388803337
450.05,9.75,0.9099235468
450.05,10.0,0.8810669664
450.05,10.25,0.8523711714
450.05,10.5,0.8238959032
450.05,10.75,0.7957000808
450.05,11.0,0.7678418361
450.05,11.25,0.7403785682
450.05,11.5,0.7133670128
450.05,11.75,0.6868633257
450.05,12.0,0.660923174
450.05,12.25,0.6356018322
450.05,12.5,0.6109542768
450.05,12.75,0.5870352735
450.05,13.0,0.5638994504
450.05,13.25,0.5416013503
450.05,13.5,0.5201954529
450.05,13.75,0.4997361603
450.05,14.0,0.4802777374
450.05,14.25,0.461874198
450.05,14.5,0.4445791307
450.05,14.75,0.4284454555
450.05,15.0,0.413525107
450.05,15.25,0.3998686372
450.05,15.5,0.3875247372
450.05,15.75,0.3765396736
450.05,16.0,0.3669566428
450.05,16.25,0.3588150452
450.05,16.5,0.3521496863
450.05,16.75,0.3469899127
450.05,17.0,0.3433586969
450.05,17.25,0.3412716834
450.05,17.5,0.340736217
450.05,17.75,0.3417503723
450.05,18.0,0.3443020086
450.05,18.25,0.3483678751
450.05,18.5,0.3539127946
450.05,18.75,0.3608889524
450.05,19.0,0.3692353187
450.05,19.25,0.3788772324
450.05,19.5,0.389726173
450.05,19.75,0.4016797414
450.05,20.0,0.4146218738
450.05,20.25,0.4284233012
450.05,20.5,0.4429422679
450.05,20.75,0.4580255132
450.05,21.0,0.4735095162
450.05,21.25,0.4892219951
450.05,21.5,0.5049836479
450.05,21.75,0.5206101115
450.05,22.0,0.5359141116
450.05,22.25,0.5507077698
450.05,22.5,0.5648050255
450.05,22.75,0.5780241297
450.05,23.0,0.5901901606
450.05,23.25,0.6011375095
450.05,23.5,0.6107122863
450.05,23.75,0.6187745893
450.05,24.0,0.6252005919
450.05,24.25,0.6298843962
450.05,24.5,0.6327396128
450.05,24.75,0.6337006285
450.05,25.0,0.6327235328
450.05,25.25,0.6297866806
450.05,25.5,0.6248908781
450.05,25.75,0.6180591879
450.05,26.0,0.609336357
450.05,26.25,0.5987878827
450.05,26.5,0.5864987374
450.05,26.75,0.5725717846
450.05,27.0,0.5571259209
450.05,27.25,0.5402939896
450.05,27.5,0.5222205113
450.05,27.75,0.5030592849
450.05,28.0,0.4829709088
450.05,28.25,0.4621202774
450.05,28.5,0.440674104
450.05,28.75,0.4187985181
450.05,29.0,0.3966567837
450.05,29.25,0.3744071783
450.05,29.5,0.3522010681
450.05,29.75,0.3301812066
450.05,30.0,0.3084802794
450.05,30.25,0.2872197089
450.05,30.5,0.2665087271
450.05,30.75,0.246443717
450.05,31.0,0.2271078179
450.05,31.25,0.2085707816
450.05,31.5,0.1908890657
450.05,31.75,0.1741061419
450.05,32.0,0.1582529959
450.05,32.25,0.1433487921
450.05,32.5,0.1294016774
450.05,32.75,0.116409692
450.05,33.0,0.1043617626
450.05,33.25,0.0932387476
450.05,33.5,0.0830145102
450.05,33.75,0.073656994
450.05,34.0,0.0651292808
450.05,34.25,0.0573906109
450.05,34.5,0.0503973505
450.05,34.75,0.0441038935
450.05,35.0,0.0384634871
450.1,0.0,1.5401411675
450.1,0.25,1.547742097
450.1,0.5,1.5538880344
450.1,0.75,1.5585613848
450.1,1.0,1.5617487384
450.1,1.25,1.5634409352
450.1,1.5,1.5636331087
450.1,1.75,1.5623247095
450.1,2.0,1.5595195084
450.1,2.25,1.5552255787
450.1,2.5,1.5494552581
450.1,2.75,1.5422250901
450.1,3.0,1.5335557466
450.1,3.25,1.5234719299
450.1,3.5,1.5120022578
450.1,3.75,1.4991791297
450.1,4.0,1.4850385769
450.1,4.25,1.4696200976
450.1,4.5,1.4529664767
450.1,4.75,1.4351235932
450.1,5.0,1.4161402164
450.1,5.25,1.3960677919
450.1,5.5,1.3749602188
450.1,5.75,1.3528736212
450.1,6.0,1.3298661143
450.1,6.25,1.3059975684
450.1,6.5,1.2813293707
450.1,6.75,1.2559241895
450.1,7.0,1.2298457406
450.1,7.25,1.2031585592
450.1,7.5,1.1759277786
450.1,7.75,1.1482189186
450.1,8.0,1.1200976844
450.1,8.25,1.0916297795
450.1,8.5,1.0628807328
450.1,8.75,1.0339157431
450.1,9.0,1.0047995414
450.1,9.25,0.9755962737
450.1,9.5,0.9463694041
450.1,9.75,0.9171816405
450.1,10.0,0.8880948828
450.1,10.25,0.859170193
450.1,10.5,0.830467789
450.1,10.75,0.8020470599
450.1,11.0,0.7739666013
450.1,11.25,0.7462842699
450.1,11.5,0.7190572542
450.1,11.75,0.6923421578
450.1,12.0,0.666195092
450.1,12.25,0.6406717721
450.1,12.5,0.6158276131
450.1,12.75,0.5917178175
450.1,13.0,0.5683974493
450.1,13.25,0.5459214862
450.1,13.5,0.5243448425
450.1,13.75,0.5037223544
450.1,14.0,0.4841087195
450.1,14.25,0.4655583825
450.1,14.5,0.4481253594
450.1,14.75,0.4318629924
450.1,15.0,0.4168236302
450.1,15.25,0.4030582283
450.1,15.5,0.390615866
450.1,15.75,0.379543179
450.1,16.0,0.3698837082
450.1,16.25,0.3616771683
450.1,16.5,0.3549586425
450.1,16.75,0.3497577115
450.1,17.0,0.346097531
450.1,17.25,0.3439938702
450.1,17.5,0.3434541326
450.1,17.75,0.3444763775
450.1,18.0,0.347048367
450.1,18.25,0.3511466653
450.1,18.5,0.3567358145
450.1,18.75,0.3637676183
450.1,19.0,0.3721805601
450.1,19.25,0.3818993835
450.1,19.5,0.3928348617
450.1,19.75,0.4048837789
450.1,20.0,0.4179291455
450.1,20.25,0.4318406614
450.1,20.5,0.44647544
450.1,20.75,0.4616789983
450.1,21.0,0.4772865109
450.1,21.25,0.4931243219
450.1,21.5,0.5090116991
450.1,21.75,0.5247628087
450.1,22.0,0.5401888827
450.1,22.25,0.5551005439
450.1,22.5,0.5693102478
450.1,22.75,0.5826347955
450.1,23.0,0.5948978698
450.1,23.25,0.6059325414
450.1,23.5,0.6155836923
450.1,23.75,0.6237103051
450.1,24.0,0.6301875653
450.1,24.25,0.6349087304
450.1,24.5,0.6377867219
450.1,24.75,0.6387554033
450.1,25.0,0.6377705137
450.1,25.25,0.6348102353
450.1,25.5,0.629875381
450.1,25.75,0.6229891971
450.1,26.0,0.6141967878
450.1,26.25,0.6035641725
450.1,26.5,0.5911770017
450.1,26.75,0.5771389591
450.1,27.0,0.56156989
450.1,27.25,0.5446036971
450.1,27.5,0.5263860541
450.1,27.75,0.5070719863
450.1,28.0,0.4868233732
450.1,28.25,0.4658064248
450.1,28.5,0.4441891839
450.1,28.75,0.4221391053
450.1,29.0,0.3998207551
450.1,29.25,0.3773936736
450.1,29.5,0.3550104342
450.1,29.75,0.3328149291
450.1,30.0,0.3109409024
450.1,30.25,0.2895107448
450.1,30.5,0.2686345598
450.1,30.75,0.2484094993
450.1,31.0,0.2289193655
450.1,31.25,0.2102344667
450.1,31.5,0.1924117109
450.1,31.75,0.1754949165
450.1,32.0,0.1595153163
450.1,32.25,0.1444922277
450.1,32.5,0.1304338625
450.1,32.75,0.1173382453
450.1,33.0,0.1051942144
450.1,33.25,0.0939824756
450.1,33.5,0.0836766836
450.1,33.75,0.0742445262
450.1,34.0,0.0656487909
450.1,34.25,0.0578483927
450.1,34.5,0.0507993499
450.1,34.75,0.0444556925
450.1,35.0,0.0387702948
450.15,0.0,1.551575869
450.15,0.25,1.5592332312
450.15,0.5,1.5654247988
450.15,0.75,1.5701328462
450.15,1.0,1.5733438642
450.15,1.25,1.5750486246
450.15,1.5,1.5752422249
450.15,1.75,1.5739241116
450.15,2.0,1.5710980834
450.15,2.25,1.5667722737
450.15,2.5,1.5609591115
450.15,2.75,1.5536752636
450.15,3.0,1.5449415549
450.15,3.25,1.5347828715
450.15,3.5,1.5232280433
450.15,3.75,1.5103097105
450.15,4.0,1.496064172
450.15,4.25,1.4805312189
450.15,4.5,1.463753954
450.15,4.75,1.4457785969
450.15,5.0,1.426654279
450.15,5.25,1.4064328278
450.15,5.5,1.3851685425
450.15,5.75,1.3629179641
450.15,6.0,1.3397396391
450.15,6.25,1.3156938824
450.15,6.5,1.2908425369
450.15,6.75,1.2652487362
450.15,7.0,1.2389766692
450.15,7.25,1.2120913501
450.15,7.5,1.1846583959
450.15,7.75,1.1567438128
450.15,8.0,1.1284137939
450.15,8.25,1.0997345305
450.15,8.5,1.0707720379
450.15,8.75,1.0415919991
450.15,9.0,1.0122596256
450.15,9.25,0.9828395396
450.15,9.5,0.9533956766
450.15,9.75,0.92399121
450.15,10.0,0.8946884991
450.15,10.25,0.8655490593
450.15,10.5,0.8366335558
450.15,10.75,0.8080018184
450.15,11.0,0.7797128778
450.15,11.25,0.7518250203
450.15,11.5,0.724395859
450.15,11.75,0.6974824177
450.15,12.0,0.6711412243
450.15,12.25,0.6454284078
450.15,12.5,0.6203997945
450.15,12.75,0.5961109969
450.15,13.0,0.5726174879
450.15,13.25,0.5499746531
450.15,13.5,0.5282378147
450.15,13.75,0.507462216
450.15,14.0,0.4877029606
450.15,14.25,0.4690148975
450.15,14.5,0.4514524438
450.15,14.75,0.4350693377
450.15,15.0,0.4199183165
450.15,15.25,0.4060507141
450.15,15.5,0.3935159741
450.15,15.75,0.3823610784
450.15,16.0,0.3726298914
450.15,16.25,0.3643624225
450.15,16.5,0.3575940153
450.15,16.75,0.3523544703
450.15,17.0,0.3486671149
450.15,17.25,0.3465478356
450.15,17.5,0.3460040907
450.15,17.75,0.3470339252
450.15,18.0,0.3496250104
450.15,18.25,0.3537537363
450.15,18.5,0.3593843818
450.15,18.75,0.3664683929
450.15,19.0,0.3749437962
450.15,19.25,0.3847347765
450.15,19.5,0.3957514446
450.15,19.75,0.4078898184
450.15,20.0,0.4210320397
450.15,20.25,0.4350468409
450.15,20.5,0.4497902747
450.15,20.75,0.465106711
450.15,21.0,0.4808301008
450.15,21.25,0.4967854989
450.15,21.5,0.5127908312
450.15,21.75,0.528658884
450.15,22.0,0.5441994882
450.15,22.25,0.5592218603
450.15,22.5,0.5735370634
450.15,22.75,0.5869605385
450.15,23.0,0.5993146594
450.15,23.25,0.6104312574
450.15,23.5,0.6201540628
450.15,23.75,0.6283410112
450.15,24.0,0.6348663615
450.15,24.25,0.6396225787
450.15,24.5,0.6425219377
450.15,24.75,0.643497811
450.15,25.0,0.6425056091
450.15,25.25,0.6395233523
450.15,25.5,0.6345518594
450.15,25.75,0.6276145494
450.15,26.0,0.6187568612
450.15,26.25,0.6080453046
450.15,26.5,0.5955661659
450.15,26.75,0.5814238986
450.15,27.0,0.5657392377
450.15,27.25,0.5486470802
450.15,27.5,0.5302941811
450.15,27.75,0.510836717
450.15,28.0,0.4904377691
450.15,28.25,0.4692647814
450.15,28.5,0.4474870444
450.15,28.75,0.425273256
450.15,29.0,0.4027892044
450.15,29.25,0.3801956141
450.15,29.5,0.3576461915
450.15,29.75,0.335285897
450.15,30.0,0.3132494676
450.15,30.25,0.291660203
450.15,30.5,0.2706290238
450.15,30.75,0.2502538033
450.15,31.0,0.2306189659
450.15,31.25,0.211795342
450.15,31.5,0.1938402621
450.15,31.75,0.1767978698
450.15,32.0,0.1606996298
450.15,32.25,0.1455650031
450.15,32.5,0.1314022622
450.15,32.75,0.1182094172
450.15,33.0,0.1059752236
450.15,33.25,0.0946802438
450.15,33.5,0.0842979369
450.15,33.75,0.074795751
450.15,34.0,0.066136197
450.15,34.25,0.0582778852
450.15,34.5,0.0511765072
450.15,34.75,0.0447857516
450.15,35.0,0.039058143
450.2,0.0,1.562239238
450.2,0.25,1.5699492263
450.2,0.5,1.5761833461
450.2,0.75,1.58092375
450.2,1.0,1.5841568361
450.2,1.25,1.5858733127
450.2,1.5,1.5860682435
450.2,1.75,1.5847410713
450.2,2.0,1.5818956209
450.2,2.25,1.5775400816
450.2,2.5,1.5716869679
450.2,2.75,1.5643530609
450.2,3.0,1.5555593289
450.2,3.25,1.5453308289
450.2,3.5,1.533696589
450.2,3.75,1.5206894735
450.2,4.0,1.506346031
450.2,4.25,1.4907063261
450.2,4.5,1.4738137576
450.2,4.75,1.455714863
450.2,5.0,1.4364591112
450.2,5.25,1.416098686
450.2,5.5,1.3946882597
450.2,5.75,1.3722847617
450.2,6.0,1.3489471413
450.2,6.25,1.3247361275
450.2,6.5,1.2997139885
450.2,6.75,1.2739442918
450.2,7.0,1.2474916672
450.2,7.25,1.2204215759
450.2,7.5,1.1928000859
450.2,7.75,1.1646936568
450.2,8.0,1.1361689369
450.2,8.25,1.1072925722
450.2,8.5,1.0781310319
450.2,8.75,1.0487504501
450.2,9.0,1.0192164868
450.2,9.25,0.9895942082
450.2,9.5,0.9599479891
450.2,9.75,0.9303414372
450.2,10.0,0.9008373403
450.2,10.25,0.8714976367
450.2,10.5,0.8423834083
450.2,10.75,0.8135548963
450.2,11.0,0.7850715369
450.2,11.25,0.7569920172
450.2,11.5,0.729374346
450.2,11.75,0.7022759393
450.2,12.0,0.6757537133
450.2,12.25,0.6498641827
450.2,12.5,0.6246635577
450.2,12.75,0.6002078327
450.2,13.0,0.576552862
450.2,13.25,0.553754412
450.2,13.5,0.5318681849
450.2,13.75,0.5109498036
450.2,14.0,0.4910547507
450.2,14.25,0.472238252
450.2,14.5,0.4545550984
450.2,14.75,0.4380593977
450.2,15.0,0.4228042495
450.2,15.25,0.4088413405
450.2,15.5,0.3962204542
450.2,15.75,0.3849888953
450.2,16.0,0.3751908297
450.2,16.25,0.3668665417
450.2,16.5,0.3600516179
450.2,16.75,0.3547760636
450.2,17.0,0.3510633664
450.2,17.25,0.3489295222
450.2,17.5,0.3483820404
450.2,17.75,0.3494189525
450.2,18.0,0.3520278452
450.2,18.25,0.3561849462
450.2,18.5,0.3618542889
450.2,18.75,0.3689869856
450.2,19.0,0.377520637
450.2,19.25,0.3873789069
450.2,19.5,0.3984712882
450.2,19.75,0.4106930843
450.2,20.0,0.4239256268
450.2,20.25,0.4380367462
450.2,20.5,0.4528815059
450.2,20.75,0.468303206
450.2,21.0,0.4841346565
450.2,21.25,0.5001997098
450.2,21.5,0.5163150403
450.2,21.75,0.5322921481
450.2,22.0,0.5479395566
450.2,22.25,0.5630651716
450.2,22.5,0.5774787574
450.2,22.75,0.5909944868
450.2,23.0,0.6034335128
450.2,23.25,0.6146265107
450.2,23.5,0.6244161371
450.2,23.75,0.6326593512
450.2,24.0,0.6392295476
450.2,24.25,0.6440184524
450.2,24.5,0.6469377376
450.2,24.75,0.6479203177
450.2,25.0,0.6469212968
450.2,25.25,0.6439185441
450.2,25.5,0.6389128841
450.2,25.75,0.6319278967
450.2,26.0,0.6230093331
450.2,26.25,0.6122241602
450.2,26.5,0.5996592573
450.2,26.75,0.5854197958
450.2,27.0,0.5696273404
450.2,27.25,0.5524177152
450.2,27.5,0.5339386839
450.2,27.75,0.5143474963
450.2,28.0,0.4938083545
450.2,28.25,0.4724898532
450.2,28.5,0.4505624464
450.2,28.75,0.4281959914
450.2,29.0,0.4055574158
450.2,29.25,0.3828085486
450.2,29.5,0.3601041527
450.2,29.75,0.3375901848
450.2,30.0,0.3154023077
450.2,30.25,0.2936646685
450.2,30.5,0.2724889503
450.2,30.75,0.251973699
450.2,31.0,0.2322039191
450.2,31.25,0.2132509279
450.2,31.5,0.1951724497
450.2,31.75,0.1780129318
450.2,32.0,0.161804055
450.2,32.25,0.1465654139
450.2,32.5,0.1323053381
450.2,32.75,0.1190218239
450.2,33.0,0.1067035495
450.2,33.25,0.0953309438
450.2,33.5,0.0848772834
450.2,33.75,0.0753097927
450.2,34.0,0.066590725
450.2,34.25,0.0586784061
450.2,34.5,0.0515282231
450.2,34.75,0.0450935464
450.2,35.0,0.0393265742
450.25,0.0,1.5721142511
450.25,0.25,1.5798729747
450.25,0.5,1.5861465008
450.25,0.75,1.5909168691
450.25,1.0,1.5941703917
450.25,1.25,1.5958977183
450.25,1.5,1.5960938812
450.25,1.75,1.5947583199
450.25,2.0,1.5918948833
450.25,2.25,1.5875118123
450.25,2.5,1.5816217007
450.25,2.75,1.5742414357
450.25,3.0,1.5653921179
450.25,3.25,1.5550989629
450.25,3.5,1.5433911822
450.25,3.75,1.530301848
450.25,4.0,1.5158677396
450.25,4.25,1.5001291752
450.25,4.5,1.4831298277
450.25,4.75,1.4649165288
450.25,5.0,1.4455390602
450.25,5.25,1.4250499354
450.25,5.5,1.4035041724
450.25,5.75,1.3809590606
450.25,6.0,1.3574739216
450.25,6.25,1.3331098685
450.25,6.5,1.3079295629
450.25,6.75,1.2819969743
450.25,7.0,1.255377141
450.25,7.25,1.228135938
450.25,7.5,1.2003398507
450.25,7.75,1.1720557592
450.25,8.0,1.1433507327
450.25,8.25,1.1142918386
450.25,8.5,1.0849459664
450.25,8.75,1.0553796681
450.25,9.0,1.0256590187
450.25,9.25,0.9958494958
450.25,9.5,0.9660158811
450.25,9.75,0.9362221843
450.25,10.0,0.9065315901
450.25,10.25,0.8770064284
450.25,10.5,0.8477081672
450.25,10.75,0.8186974283
450.25,11.0,0.7900340238
450.25,11.25,0.7617770116
450.25,11.5,0.7339847675
450.25,11.75,0.70671507
450.25,12.0,0.6800251953
450.25,12.25,0.6539720153
450.25,12.5,0.6286120955
450.25,12.75,0.6040017844
450.25,13.0,0.5801972892
450.25,13.25,0.5572547287
450.25,13.5,0.5352301574
450.25,13.75,0.5141795497
450.25,14.0,0.4941587388
450.25,14.25,0.4752232998
450.25,14.5,0.45742837
450.25,14.75,0.4408283989
450.25,15.0,0.4254768219
450.25,15.25,0.4114256525
450.25,15.5,0.3987249887
450.25,15.75,0.3874224345
450.25,16.0,0.3775624346
450.25,16.25,0.3691855283
450.25,16.5,0.362327527
450.25,16.75,0.3570186255
450.25,17.0,0.3532824602
450.25,17.25,0.3511351278
450.25,17.5,0.3505841853
450.25,17.75,0.3516276518
450.25,18.0,0.3542530355
450.25,18.25,0.3584364138
450.25,18.5,0.3641415928
450.25,18.75,0.3713193757
450.25,19.0,0.3799069688
450.25,19.25,0.3898275535
450.25,19.5,0.4009900504
450.25,19.75,0.4132891013
450.25,20.0,0.4266052876
450.25,20.25,0.4408056042
450.25,20.5,0.4557441985
450.25,20.75,0.4712633802
450.25,21.0,0.4871949023
450.25,21.25,0.5033615038
450.25,21.5,0.5195787004
450.25,21.75,0.5356568004
450.25,22.0,0.5514031172
450.25,22.25,0.5666243422
450.25,22.5,0.5811290372
450.25,22.75,0.5947302004
450.25,23.0,0.6072478542
450.25,23.25,0.6185116037
450.25,23.5,0.628363111
450.25,23.75,0.636658431
450.25,24.0,0.6432701581
450.25,24.25,0.6480893338
450.25,24.5,0.651027072
450.25,24.75,0.652015863
450.25,25.0,0.6510105272
450.25,25.25,0.647988794
450.25,25.5,0.6429514928
450.25,25.75,0.6359223529
450.25,26.0,0.6269474146
450.25,26.25,0.6160940679
450.25,26.5,0.6034497414
450.25,26.75,0.5891202714
450.25,27.0,0.5732279909
450.25,27.25,0.5559095825
450.25,27.5,0.5373137441
450.25,27.75,0.5175987194
450.25,28.0,0.4969297484
450.25,28.25,0.4754764914
450.25,28.5,0.4534104801
450.25,28.75,0.4309026454
450.25,29.0,0.4081209699
450.25,29.25,0.3852283057
450.25,29.5,0.3623803939
450.25,29.75,0.3397241137
450.25,30.0,0.3173959856
450.25,30.25,0.2955209415
450.25,30.5,0.2742113702
450.25,30.75,0.2535664407
450.25,31.0,0.2336716948
450.25,31.25,0.2145989005
450.25,31.5,0.1964061472
450.25,31.75,0.1791381628
450.25,32.0,0.1628268287
450.25,32.25,0.1474918632
450.25,32.5,0.1331416485
450.25,32.75,0.1197741684
450.25,33.0,0.1073780294
450.25,33.25,0.0959335367
450.25,33.5,0.0854137981
450.25,33.75,0.0757858307
450.25,34.0,0.0670116492
450.25,34.25,0.0590493161
450.25,34.5,0.0518539363
450.25,34.75,0.0453785855
450.25,35.0,0.03957516
450.3,0.0,1.5811850722
450.3,0.25,1.5889885623
450.3,0.5,1.5952982855
450.3,0.75,1.600096178
450.3,1.0,1.6033684729
450.3,1.25,1.6051057658
450.3,1.5,1.6053030606
450.3,1.75,1.6039597933
450.3,2.0,1.6010798352
450.3,2.25,1.5966714746
450.3,2.5,1.5907473781
450.3,2.75,1.5833245302
450.3,3.0,1.5744241535
450.3,3.25,1.5640716088
450.3,3.5,1.5522962763
450.3,3.75,1.5391314189
450.3,4.0,1.5246140283
450.3,4.25,1.5087846551
450.3,4.5,1.4916872244
450.3,4.75,1.473368838
450.3,5.0,1.4538795649
450.3,5.25,1.4332722214
450.3,5.5,1.4116021432
450.3,5.75,1.38892695
450.3,6.0,1.365306306
450.3,6.25,1.3408016766
450.3,6.5,1.3154760851
450.3,6.75,1.28939387
450.3,7.0,1.262620445
450.3,7.25,1.235222065
450.3,7.5,1.2072655993
450.3,7.75,1.1788183136
450.3,8.0,1.1499476641
450.3,8.25,1.1207211054
450.3,8.5,1.0912059127
450.3,8.75,1.0614690221
450.3,9.0,1.0315768898
450.3,9.25,1.0015953712
450.3,9.5,0.9715896218
450.3,9.75,0.9416240207
450.3,10.0,0.911762117
450.3,10.25,0.8820666003
450.3,10.5,0.8525992933
450.3,10.75,0.8234211676
450.3,11.0,0.7945923803
450.3,11.25,0.7661723302
450.3,11.5,0.7382197297
450.3,11.75,0.7107926909
450.3,12.0,0.6839488204
450.3,12.25,0.6577453182
450.3,12.5,0.6322390761
450.3,12.75,0.6074867679
450.3,13.0,0.5835449249
450.3,13.25,0.5604699899
450.3,13.5,0.5383183407
450.3,13.75,0.5171462747
450.3,14.0,0.4970099473
450.3,14.25,0.4779652542
450.3,14.5,0.4600676508
450.3,14.75,0.4433719008
450.3,15.0,0.4279317479
450.3,15.25,0.4137995057
450.3,15.5,0.4010255614
450.3,15.75,0.3896577934
450.3,16.0,0.3797409031
450.3,16.25,0.3713156635
450.3,16.5,0.3644180927
450.3,16.75,0.3590785598
450.3,17.0,0.3553208375
450.3,17.25,0.3531611153
450.3,17.5,0.3526069941
450.3,17.75,0.3536564811
450.3,18.0,0.3562970128
450.3,18.25,0.3605045285
450.3,18.5,0.3662426253
450.3,18.75,0.3734618228
450.3,19.0,0.3820989648
450.3,19.25,0.3920767895
450.3,19.5,0.4033036921
450.3,19.75,0.4156737063
450.3,20.0,0.4290667246
450.3,20.25,0.4433489746
450.3,20.5,0.4583737619
450.3,20.75,0.4739824866
450.3,21.0,0.4900059307
450.3,21.25,0.5062658106
450.3,21.5,0.5225765776
450.3,21.75,0.5387474454
450.3,22.0,0.5545846157
450.3,22.25,0.5698936644
450.3,22.5,0.5844820489
450.3,22.75,0.5981616884
450.3,23.0,0.6107515669
450.3,23.25,0.6220803063
450.3,23.5,0.631988655
450.3,23.75,0.6403318375
450.3,24.0,0.6469817131
450.3,24.25,0.6518286946
450.3,24.5,0.654783383
450.3,24.75,0.6557778792
450.3,25.0,0.6547667428
450.3,25.25,0.6517275747
450.3,25.5,0.6466612092
450.3,25.75,0.6395915124
450.3,26.0,0.6305647902
450.3,26.25,0.6196488217
450.3,26.5,0.6069315396
450.3,26.75,0.5925193911
450.3,27.0,0.576535415
450.3,27.25,0.5591170825
450.3,27.5,0.5404139494
450.3,27.75,0.5205851724
450.3,28.0,0.4997969451
450.3,28.25,0.4782199067
450.3,28.5,0.4560265784
450.3,28.75,0.4333888774
450.3,29.0,0.4104757557
450.3,29.25,0.3874510049
450.3,29.5,0.3644712646
450.3,29.75,0.3416842617
450.3,30.0,0.3192273043
450.3,30.25,0.297226045
450.3,30.5,0.2757935213
450.3,30.75,0.2550294742
450.3,31.0,0.2350199391
450.3,31.25,0.2158370982
450.3,31.5,0.1975393759
450.3,31.75,0.1801717584
450.3,32.0,0.1637663107
450.3,32.25,0.1483428652
450.3,32.5,0.1339098523
450.3,32.75,0.1204652442
450.3,33.0,0.1079975816
450.3,33.25,0.0964870562
450.3,33.5,0.0859066206
450.3,33.75,0.0762231015
450.3,34.0,0.0673982946
450.3,34.25,0.0593900202
450.3,34.5,0.0521531243
450.3,34.75,0.045640412
450.3,35.0,0.0398035016
450.35,0.0,1.589437095
450.35,0.25,1.5972813106
450.35,0.5,1.6036239636
450.35,0.75,1.6084468957
450.35,1.0,1.6117362683
450.35,1.25,1.6134826279
450.35,1.5,1.6136809524
450.35,1.75,1.6123306747
450.35,2.0,1.6094356864
450.35,2.25,1.6050043192
450.35,2.5,1.5990493055
450.35,2.75,1.5915877186
450.35,3.0,1.5826408919
450.35,3.25,1.5722343184
450.35,3.5,1.5603975318
450.35,3.75,1.5471639685
450.35,4.0,1.5325708134
450.35,4.25,1.5166588285
450.35,4.5,1.4994721683
450.35,4.75,1.4810581803
450.35,5.0,1.4614671949
450.35,5.25,1.4407523041
450.35,5.5,1.4189691322
450.35,5.75,1.3961755999
450.35,6.0,1.3724316824
450.35,6.25,1.3477991661
450.35,6.5,1.3223414033
450.35,6.75,1.2961230681
450.35,7.0,1.2692099157
450.35,7.25,1.2416685468
450.35,7.5,1.2135661794
450.35,7.75,1.1849704306
450.35,8.0,1.1559491086
450.35,8.25,1.1265700198
450.35,8.5,1.0969007907
450.35,8.75,1.0670087067
450.35,9.0,1.0369605708
450.35,9.25,1.0068225821
450.35,9.5,0.9766602362
450.35,9.75,0.946538248
450.35,10.0,0.9165204985
450.35,10.25,0.8866700043
450.35,10.5,0.8570489108
450.35,10.75,0.8277185078
450.35,11.0,0.7987392665
450.35,11.25,0.7701708954
450.35,11.5,0.7420724135
450.35,11.75,0.7145022361
450.35,12.0,0.6875182705
450.35,12.25,0.6611780153
450.35,12.5,0.6355386591
450.35,12.75,0.6106571714
450.35,13.0,0.5865903786
450.35,13.25,0.5633950182
450.35,13.5,0.5411277621
450.35,13.75,0.5198452016
450.35,14.0,0.499603785
450.35,14.25,0.4804596998
450.35,14.5,0.4624686909
450.35,14.75,0.4456858076
450.35,15.0,0.4301650744
450.35,15.25,0.4159590777
450.35,15.5,0.4031184676
450.35,15.75,0.3916913726
450.35,16.0,0.3817227271
450.35,16.25,0.3732535172
450.35,16.5,0.3663199488
450.35,16.75,0.3609525495
450.35,17.0,0.357175216
450.35,17.25,0.3550042225
450.35,17.5,0.3544472094
450.35,17.75,0.3555021736
450.35,18.0,0.3581564859
450.35,18.25,0.3623859601
450.35,18.5,0.3681540034
450.35,18.75,0.375410877
450.35,19.0,0.3840930953
450.35,19.25,0.3941229931
450.35,19.5,0.4054084876
450.35,19.75,0.4178430595
450.35,20.0,0.4313059744
450.35,20.25,0.4456627618
450.35,20.5,0.4607659618
450.35,20.75,0.4764561466
450.35,21.0,0.4925632152
450.35,21.25,0.5089079536
450.35,21.5,0.5253038445
450.35,21.75,0.5415591063
450.35,22.0,0.5574789289
450.35,22.25,0.5728678738
450.35,22.5,0.5875323934
450.35,22.75,0.6012834254
450.35,23.0,0.613939009
450.35,23.25,0.6253268718
450.35,23.5,0.635286931
450.35,23.75,0.6436736556
450.35,24.0,0.6503582361
450.35,24.25,0.6552305135
450.35,24.5,0.6582006221
450.35,24.75,0.6592003084
450.35,25.0,0.6581838951
450.35,25.25,0.6551288659
450.35,25.5,0.6500360596
450.35,25.75,0.6429294669
450.35,26.0,0.6338556353
450.35,26.25,0.6228826975
450.35,26.5,0.6100990455
450.35,26.75,0.5956116816
450.35,27.0,0.5795442869
450.35,27.25,0.5620350502
450.35,27.5,0.5432343075
450.35,27.75,0.5233020465
450.35,28.0,0.5024053278
450.35,28.25,0.4807156813
450.35,28.5,0.4584065286
450.35,28.75,0.4356506841
450.35,29.0,0.4126179814
450.35,29.25,0.3894730671
450.35,29.5,0.3663733982
450.35,29.75,0.3434674725
450.35,30.0,0.3208933149
450.35,30.25,0.2987772335
450.35,30.5,0.2772328559
450.35,30.75,0.2563604436
450.35,31.0,0.2362464811
450.35,31.25,0.2169635272
450.35,31.5,0.1985703111
450.35,31.75,0.181112054
450.35,32.0,0.1646209882
450.35,32.25,0.1491170495
450.35,32.5,0.1346087124
450.35,32.75,0.1210939384
450.35,33.0,0.1085612086
450.35,33.25,0.0969906111
450.35,33.5,0.0863549573
450.35,33.75,0.0766209011
450.35,34.0,0.0677500385
450.35,34.25,0.0596999698
450.35,34.5,0.0524253055
450.35,34.75,0.045878604
450.35,35.0,0.0400112315
450.4,0.0,1.5968569822
450.4,0.25,1.6047378165
450.4,0.5,1.6111100785
450.4,0.75,1.6159555253
450.4,1.0,1.6192602535
450.4,1.25,1.6210147656
450.4,1.5,1.6212140159
450.4,1.75,1.6198574348
450.4,2.0,1.616948932
450.4,2.25,1.612496878
450.4,2.5,1.6065140649
450.4,2.75,1.5990176454
450.4,3.0,1.5900290527
450.4,3.25,1.5795738987
450.4,3.5,1.567681855
450.4,3.75,1.5543865142
450.4,4.0,1.5397252346
450.4,4.25,1.5237389686
450.4,4.5,1.5064720768
450.4,4.75,1.4879721278
450.4,5.0,1.4682896868
450.4,5.25,1.4474780937
450.4,5.5,1.4255932326
450.4,5.75,1.4026932943
450.4,6.0,1.3788385343
450.4,6.25,1.3540910274
450.4,6.5,1.3285144215
450.4,6.75,1.3021736926
450.4,7.0,1.2751349028
450.4,7.25,1.247464964
450.4,7.5,1.2192314078
450.4,7.75,1.1905021669
450.4,8.0,1.1613453661
450.4,8.25,1.1318291285
450.4,8.5,1.102021396
450.4,8.75,1.0719897684
450.4,9.0,1.0418013603
450.4,9.25,1.01152268
450.4,9.5,0.9812195288
450.4,9.75,0.9509569237
450.4,10.0,0.9207990439
450.4,10.25,0.8908092002
450.4,10.5,0.861049828
450.4,10.75,0.8315825034
450.4,11.0,0.8024679798
450.4,11.25,0.7737662444
450.4,11.5,0.7455365918
450.4,11.75,0.71783771
450.4,12.0,0.6907277765
450.4,12.25,0.6642645585
450.4,12.5,0.6385055114
450.4,12.75,0.6135078707
450.4,13.0,0.5893287282
450.4,13.25,0.5660250861
450.4,13.5,0.5436538809
450.4,13.75,0.5222719681
450.4,14.0,0.5019360596
450.4,14.25,0.4827026051
450.4,14.5,0.4646276096
450.4,14.75,0.4477663797
450.4,15.0,0.4321731919
450.4,15.25,0.417900878
450.4,15.5,0.4050003247
450.4,15.75,0.3935198852
450.4,16.0,0.3835047036
450.4,16.25,0.3749959574
450.4,16.5,0.3680300213
450.4,16.75,0.3626375656
450.4,17.0,0.3588425986
450.4,17.25,0.3566614704
450.4,17.5,0.356101857
450.4,17.75,0.357161746
450.4,18.0,0.3598284493
450.4,18.25,0.3640776678
450.4,18.5,0.3698726378
450.4,18.75,0.3771633883
450.4,19.0,0.3858861373
450.4,19.25,0.3959628572
450.4,19.5,0.4073010351
450.4,19.75,0.4197936547
450.4,20.0,0.4333194179
450.4,20.25,0.4477432263
450.4,20.5,0.4629169318
450.4,20.75,0.4786803622
450.4,21.0,0.4948626227
450.4,21.25,0.5112836623
450.4,21.5,0.5277560934
450.4,21.75,0.5440872387
450.4,22.0,0.560081379
450.4,22.25,0.5755421633
450.4,22.5,0.5902751406
450.4,22.75,0.6040903658
450.4,23.0,0.6168050288
450.4,23.25,0.6282460529
450.4,23.5,0.6382526082
450.4,23.75,0.6466784841
450.4,24.0,0.6533942699
450.4,24.25,0.6582892923
450.4,24.5,0.6612732661
450.4,24.75,0.6622776192
450.4,25.0,0.661256461
450.4,25.25,0.6581871701
450.4,25.5,0.6530705894
450.4,25.75,0.6459308213
450.4,26.0,0.6368146308
450.4,26.25,0.6257904687
450.4,26.5,0.6129471393
450.4,26.75,0.5983921448
450.4,27.0,0.5822497436
450.4,27.25,0.5646587694
450.4,27.5,0.5457702602
450.4,27.75,0.5257449504
450.4,28.0,0.5047506807
450.4,28.25,0.4829597815
450.4,28.5,0.4605464841
450.4,28.75,0.4376844097
450.4,29.0,0.4145441846
450.4,29.25,0.3912912241
450.4,29.5,0.3680837202
450.4,29.75,0.345070864
450.4,30.0,0.3223913246
450.4,30.25,0.3001719999
450.4,30.5,0.2785270478
450.4,30.75,0.2575571979
450.4,31.0,0.2373493384
450.4,31.25,0.2179763668
450.4,31.5,0.1994972867
450.4,31.75,0.1819575301
450.4,32.0,0.1653894798
450.4,32.25,0.1498131649
450.4,32.5,0.1352370993
450.4,32.75,0.121659235
450.4,33.0,0.1090679992
450.4,33.25,0.0974433873
450.4,33.5,0.0867580837
450.4,33.75,0.0769785865
450.4,34.0,0.0680663125
450.4,34.25,0.0599786641
450.4,34.5,0.0526700398
450.4,34.75,0.0460927767
450.4,35.0,0.0401980139
450.45,0.0,1.6034327012
450.45,0.25,1.6113459881
450.45,0.5,1.6177444906
450.45,0.75,1.6226098905
450.45,1.0,1.6259282273
450.45,1.25,1.6276899643
450.45,1.5,1.6278900351
450.45,1.75,1.6265278677
450.45,2.0,1.6236073879
450.45,2.25,1.6191370008
450.45,2.5,1.6131295509
450.45,2.75,1.6056022619
450.45,3.0,1.5965766548
450.45,3.25,1.5860784475
450.45,3.5,1.5741374334
450.45,3.75,1.5607873435
450.45,4.0,1.54606569
450.45,4.25,1.530013594
450.45,4.5,1.5126755986
450.45,4.75,1.4940994684
450.45,5.0,1.4743359768
450.45,5.25,1.4534386834
450.45,5.5,1.4314637023
450.45,5.75,1.4084694641
450.45,6.0,1.3845164722
450.45,6.25,1.3596670572
450.45,6.5,1.333985129
450.45,6.75,1.3075359313
450.45,7.0,1.2803857981
450.45,7.25,1.2526019168
450.45,7.5,1.2242520973
450.45,7.75,1.1954045519
450.45,8.0,1.1661276859
450.45,8.25,1.136489903
450.45,8.5,1.1065594249
450.45,8.75,1.0764041296
450.45,9.0,1.0460914083
450.45,9.25,1.015688043
450.45,9.5,0.985260106
450.45,9.75,0.9548728821
450.45,10.0,0.9245908147
450.45,10.25,0.8944774754
450.45,10.5,0.8645955568
450.45,10.75,0.8350068883
450.45,11.0,0.8057724735
450.45,11.25,0.7769525469
450.45,11.5,0.7486066471
450.45,11.75,0.7207937037
450.45,12.0,0.6935721338
450.45,12.25,0.6669999425
450.45,12.5,0.6411348219
450.45,12.75,0.6160342431
450.45,13.0,0.591755533
450.45,13.25,0.5683559285
450.45,13.5,0.5458926006
450.45,13.75,0.5244226389
450.45,14.0,0.5040029889
450.45,14.25,0.4846903327
450.45,14.5,0.4665409059
450.45,14.75,0.4496102429
450.45,15.0,0.4339528437
450.45,15.25,0.4196217577
450.45,15.5,0.4066680811
450.45,15.75,0.395140366
450.45,16.0,0.3850839429
450.45,16.25,0.3765401583
450.45,16.5,0.3695455371
450.45,16.75,0.3641308758
450.45,17.0,0.3603202814
450.45,17.25,0.3581301715
450.45,17.5,0.3575682536
450.45,17.75,0.3586325072
450.45,18.0,0.3613101918
450.45,18.25,0.3655769081
450.45,18.5,0.3713957413
450.45,18.75,0.3787165145
450.45,19.0,0.3874751831
450.45,19.25,0.397593398
450.45,19.5,0.4089782656
450.45,19.75,0.4215223286
450.45,20.0,0.4351037898
450.45,20.25,0.4495869942
450.45,20.5,0.4648231837
450.45,20.75,0.4806515266
450.45,21.0,0.4969004242
450.45,21.25,0.5133890842
450.45,21.5,0.5299293473
450.45,21.75,0.5463277429
450.45,22.0,0.5623877457
450.45,22.25,0.5779121962
450.45,22.5,0.5927058426
450.45,22.75,0.6065779577
450.45,23.0,0.6193449785
450.45,23.25,0.6308331159
450.45,23.5,0.6408808773
450.45,23.75,0.6493414502
450.45,24.0,0.656084891
450.45,24.25,0.6610000707
450.45,24.5,0.6639963322
450.45,24.75,0.6650048212
450.45,25.0,0.6639794579
450.45,25.25,0.660897528
450.45,25.5,0.6557598776
450.45,25.75,0.6485907086
450.45,26.0,0.6394369784
450.45,26.25,0.6283674197
450.45,26.5,0.6154712027
450.45,26.75,0.600856272
450.45,27.0,0.5846473977
450.45,27.25,0.5669839854
450.45,27.5,0.548017695
450.45,27.75,0.5279099227
450.45,28.0,0.5068292003
450.45,28.25,0.4849485681
450.45,28.5,0.4624429747
450.45,28.75,0.4394867562
450.45,29.0,0.4162512417
450.45,29.25,0.3929025275
450.45,29.5,0.3695994571
450.45,29.75,0.346491836
450.45,30.0,0.3237189042
450.45,30.25,0.3014080822
450.45,30.5,0.2796739981
450.45,30.75,0.2586177962
450.45,31.0,0.2383267225
450.45,31.25,0.2188739746
450.45,31.5,0.2003187992
450.45,31.75,0.1827068154
450.45,32.0,0.1660705394
450.45,32.25,0.1504300826
450.45,32.5,0.135793994
450.45,32.75,0.1221602172
450.45,33.0,0.1095171318
450.45,33.25,0.0978446508
450.45,33.5,0.087115346
450.45,33.75,0.0772955777
450.45,34.0,0.0683466037
450.45,34.25,0.0602256511
450.45,34.5,0.0528869305
450.45,34.75,0.0462825828
450.45,35.0,0.0403635458
450.5,0.0,1.609153557
450.5,0.25,1.6170950776
450.5,0.5,1.6235164091
450.5,0.75,1.6283991682
450.5,1.0,1.6317293444
450.5,1.25,1.633497367
450.5,1.5,1.6336981517
450.5,1.75,1.6323311242
450.5,2.0,1.6294002245
450.5,2.25,1.6249138876
450.5,2.5,1.6188850039
450.5,2.75,1.6113308584
450.5,3.0,1.6022730491
450.5,3.25,1.5917373853
450.5,3.5,1.5797537672
450.5,3.75,1.5663560458
450.5,4.0,1.5515818671
450.5,4.25,1.5354724992
450.5,4.5,1.5180726439
450.5,4.75,1.4994302362
450.5,5.0,1.4795962309
450.5,5.25,1.4586243784
450.5,5.5,1.4365709933
450.5,5.75,1.4134947144
450.5,6.0,1.3894562611
450.5,6.25,1.3645181863
450.5,6.5,1.3387446281
450.5,6.75,1.3122010628
450.5,7.0,1.2849540613
450.5,7.25,1.2570710504
450.5,7.5,1.2286200821
450.5,7.75,1.1996696121
450.5,8.0,1.1702882898
450.5,8.25,1.1405447628
450.5,8.5,1.1105074963
450.5,8.75,1.0802446105
450.5,9.0,1.0498237371
450.5,9.25,1.0193118962
450.5,9.5,0.988775396
450.5,9.75,0.9582797541
450.5,10.0,0.927889644
450.5,10.25,0.8976688639
450.5,10.5,0.8676803301
450.5,10.75,0.8379860928
450.5,11.0,0.8086473732
450.5,11.25,0.7797246205
450.5,11.5,0.7512775859
450.5,11.75,0.7233654092
450.5,12.0,0.6960467161
450.5,12.25,0.6693797184
450.5,12.5,0.6434223141
450.5,12.75,0.6182321795
450.5,13.0,0.5938668458
450.5,13.25,0.5703837544
450.5,13.5,0.54784028
450.5,13.75,0.5262937161
450.5,14.0,0.5058012112
450.5,14.25,0.4864196497
450.5,14.5,0.468205468
450.5,14.75,0.4512143984
450.5,15.0,0.4355011355
450.5,15.25,0.4211189178
450.5,15.5,0.4081190241
450.5,15.75,0.3965501795
450.5,16.0,0.3864578762
450.5,16.25,0.3778836085
450.5,16.5,0.3708640313
450.5,16.75,0.3654300511
450.5,17.0,0.361605861
450.5,17.25,0.3594079371
450.5,17.5,0.3588440143
450.5,17.75,0.3599120651
450.5,18.0,0.3625993033
450.5,18.25,0.3668812427
450.5,18.5,0.3727208368
450.5,18.75,0.3800677296
450.5,19.0,0.3888576481
450.5,19.25,0.3990119636
450.5,19.5,0.410437451
450.5,19.75,0.4230262698
450.5,20.0,0.4366561879
450.5,20.25,0.4511910667
450.5,20.5,0.4664816171
450.5,20.75,0.4823664336
450.5,21.0,0.4986733053
450.5,21.25,0.515220795
450.5,21.5,0.5318200718
450.5,21.75,0.5482769749
450.5,22.0,0.5643942778
450.5,22.25,0.5799741177
450.5,22.5,0.594820546
450.5,22.75,0.6087421552
450.5,23.0,0.6215547272
450.5,23.25,0.6330838528
450.5,23.5,0.6431674634
450.5,23.75,0.6516582227
450.5,24.0,0.6584257233
450.5,24.25,0.6633584397
450.5,24.5,0.6663653916
450.5,24.75,0.6673774787
450.5,25.0,0.6663484571
450.5,25.25,0.6632555312
450.5,25.5,0.6580995503
450.5,25.75,0.6509048025
450.5,26.0,0.6417184129
450.5,26.25,0.6306093594
450.5,26.5,0.6176671302
450.5,26.75,0.6030000552
450.5,27.0,0.5867333496
450.5,27.25,0.5690069163
450.5,27.5,0.5499729565
450.5,27.75,0.529793442
450.5,28.0,0.5086375062
450.5,28.25,0.4866788065
450.5,28.5,0.4640929159
450.5,28.75,0.4410547923
450.5,29.0,0.4177363763
450.5,29.25,0.3943043567
450.5,29.5,0.3709181437
450.5,29.75,0.3477280774
450.5,30.0,0.3248738944
450.5,30.25,0.3024834701
450.5,30.5,0.2806718414
450.5,30.75,0.2595405135
450.5,31.0,0.2391770436
450.5,31.25,0.2196548907
450.5,31.5,0.2010335127
450.5,31.75,0.1833586915
450.5,32.0,0.1666630592
450.5,32.25,0.1509667991
450.5,32.5,0.1362784907
450.5,32.75,0.1225960702
450.5,33.0,0.1099078758
450.5,33.25,0.0981937488
450.5,33.5,0.0874261631
450.5,33.75,0.077571359
450.5,34.0,0.0685904562
450.5,34.25,0.060440529
450.5,34.5,0.0530756247
450.5,34.75,0.0464477135
450.5,35.0,0.0405075581
450.55,0.0,1.6140102207
450.55,0.25,1.62197571
450.55,0.5,1.6284164221
450.55,0.75,1.6333139181
450.55,1.0,1.6366541452
450.55,1.25,1.638427504
450.55,1.5,1.6386288947
450.55,1.75,1.6372577413
450.55,2.0,1.6343179957
450.55,2.25,1.6298181184
450.55,2.5,1.6237710386
450.55,2.75,1.6161940936
450.55,3.0,1.6071089464
450.55,3.25,1.5965414845
450.55,3.5,1.584521698
450.55,3.75,1.5710835403
450.55,4.0,1.556264771
450.55,4.25,1.5401067826
450.55,4.5,1.522654412
450.55,4.75,1.5039557388
450.55,5.0,1.4840618715
450.55,5.25,1.4630267229
450.55,5.5,1.4409067773
450.55,5.75,1.4177608508
450.55,6.0,1.3936498459
450.55,6.25,1.3686365043
450.55,6.5,1.3427851577
450.55,6.75,1.31616148
450.55,7.0,1.2888322429
450.55,7.25,1.260865077
450.55,7.5,1.2323282395
450.55,7.75,1.2032903927
450.55,8.0,1.1738203932
450.55,8.25,1.1439870958
450.55,8.5,1.1138591724
450.55,8.75,1.0835049487
450.55,9.0,1.0529922606
450.55,9.25,1.0223883305
450.55,9.5,0.9917596666
450.55,9.75,0.9611719843
450.55,10.0,0.9306901524
450.55,10.25,0.9003781615
450.55,10.5,0.8702991179
450.55,10.75,0.840515259
450.55,11.0,0.8110879907
450.55,11.25,0.7820779449
450.55,11.5,0.7535450529
450.55,11.75,0.7255486332
450.55,12.0,0.6981474882
450.55,12.25,0.6714000055
450.55,12.5,0.645364258
450.55,12.75,0.6200980958
450.55,13.0,0.5956592239
450.55,13.25,0.572105257
450.55,13.5,0.5494937431
450.55,13.75,0.5278821485
450.55,14.0,0.5073277941
450.55,14.25,0.4878877362
450.55,14.5,0.4696185814
450.55,14.75,0.4525762303
450.55,15.0,0.4368155424
450.55,15.25,0.4223899171
450.55,15.5,0.4093507877
450.55,15.75,0.3977470267
450.55,16.0,0.3876242633
450.55,16.25,0.3790241172
450.55,16.5,0.3719833539
450.55,16.75,0.3665329731
450.55,17.0,0.3626972411
450.55,17.25,0.3604926834
450.55,17.5,0.3599270587
450.55,17.75,0.360998333
450.55,18.0,0.3636936817
450.55,18.25,0.3679885447
450.55,18.5,0.3738457635
450.55,18.75,0.3812148303
450.55,19.0,0.3900312781
450.55,19.25,0.4002162408
450.55,19.5,0.4116762121
450.55,19.75,0.4243030257
450.55,20.0,0.437974081
450.55,20.25,0.4525528282
450.55,20.5,0.4678895277
450.55,20.75,0.483822287
450.55,21.0,0.5001783752
450.55,21.25,0.5167758076
450.55,21.5,0.5334251835
450.55,21.75,0.549931756
450.55,22.0,0.5660977034
450.55,22.25,0.5817245655
450.55,22.5,0.5966158025
450.55,22.75,0.6105794291
450.55,23.0,0.6234306714
450.55,23.25,0.6349945937
450.55,23.5,0.6451086381
450.55,23.75,0.6536250237
450.55,24.0,0.6604129497
450.55,24.25,0.6653605538
450.55,24.5,0.668376581
450.55,24.75,0.6693917228
450.55,25.0,0.6683595954
450.55,25.25,0.6652573346
450.55,25.5,0.6600857922
450.55,25.75,0.6528693296
450.55,26.0,0.6436552141
450.55,26.25,0.6325126318
450.55,26.5,0.6195313411
450.55,26.75,0.6048199986
450.55,27.0,0.5885041977
450.55,27.25,0.5707242635
450.55,27.5,0.5516328563
450.55,27.75,0.5313924371
450.55,28.0,0.5101726495
450.55,28.25,0.4881476753
450.55,28.5,0.465493617
450.55,28.75,0.442385961
450.55,29.0,0.4189971665
450.55,29.25,0.3954944256
450.55,29.5,0.3720376296
450.55,29.75,0.3487775722
450.55,30.0,0.325854412
450.55,30.25,0.3033964101
450.55,30.5,0.2815189506
450.55,30.75,0.2603238452
450.55,31.0,0.2398989154
450.55,31.25,0.2203178417
450.55,31.5,0.2016402616
450.55,31.75,0.1839120952
450.55,32.0,0.167166073
450.55,32.25,0.1514224392
450.55,32.5,0.1366897993
450.55,32.75,0.1229660833
450.55,33.0,0.1102395941
450.55,33.25,0.0984901121
450.55,33.5,0.0876900283
450.55,33.75,0.0778054809
450.55,34.0,0.0687974724
450.55,34.25,0.0606229475
450.55,34.5,0.0532358148
450.55,34.75,0.0465878996
450.55,35.0,0.0406298159
450.6,0.0,1.6179947555
450.6,0.25,1.6259799093
450.6,0.5,1.6324365216
450.6,0.75,1.6373461082
450.6,1.0,1.6406945814
450.6,1.25,1.6424723181
450.6,1.5,1.6426742059
450.6,1.75,1.6412996676
450.6,2.0,1.6383526646
450.6,2.25,1.6338416783
450.6,2.5,1.62777967
450.6,2.75,1.6201840197
450.6,3.0,1.6110764439
450.6,3.25,1.6004828939
450.6,3.5,1.5884334339
450.6,3.75,1.5749621012
450.6,4.0,1.5601067486
450.6,4.25,1.5439088706
450.6,4.5,1.526413415
450.6,4.75,1.5076685801
450.6,5.0,1.4877256005
450.6,5.25,1.466638522
450.6,5.5,1.4444639686
450.6,5.75,1.4212609013
450.6,6.0,1.3970903732
450.6,6.25,1.3720152808
450.6,6.5,1.3461001144
450.6,6.75,1.3194107104
450.6,7.0,1.2920140052
450.6,7.25,1.2639777963
450.6,7.5,1.2353705094
450.6,7.75,1.2062609763
450.6,8.0,1.1767182238
450.6,8.25,1.1468112764
450.6,8.5,1.1166089757
450.6,8.75,1.086179816
450.6,9.0,1.0555918007
450.6,9.25,1.0249123181
450.6,9.5,0.9942080407
450.6,9.75,0.9635448461
450.6,10.0,0.9329877631
450.6,10.25,0.9026009405
450.6,10.5,0.8724476403
450.6,10.75,0.8425902534
450.6,11.0,0.8130903376
450.6,11.25,0.7840086742
450.6,11.5,0.7554053425
450.6,11.75,0.7273398076
450.6,12.0,0.6998710169
450.6,12.25,0.6730575022
450.6,12.5,0.6469574798
450.6,12.75,0.6216289426
450.6,13.0,0.5971297381
450.6,13.25,0.5735176231
450.6,13.5,0.5508502878
450.6,13.75,0.5291853402
450.6,14.0,0.508580243
450.6,14.25,0.4890921931
450.6,14.5,0.4707779369
450.6,14.75,0.453693513
450.6,15.0,0.4378939164
450.6,15.25,0.4234326783
450.6,15.5,0.410361359
450.6,15.75,0.3987289516
450.6,16.0,0.388581198
450.6,16.25,0.3799598205
450.6,16.5,0.3729016756
450.6,16.75,0.3674378394
450.6,17.0,0.363592638
450.6,17.25,0.3613826379
450.6,17.5,0.3608156168
450.6,17.75,0.3618895358
450.6,18.0,0.3645915385
450.6,18.25,0.3688970043
450.6,18.5,0.374768683
450.6,18.75,0.3821559419
450.6,19.0,0.390994155
450.6,19.25,0.4012042615
450.6,19.5,0.4126925242
450.6,19.75,0.4253505099
450.6,20.0,0.4390553151
450.6,20.25,0.4536700531
450.6,20.5,0.4690446146
450.6,20.75,0.4850167074
450.6,21.0,0.5014131742
450.6,21.25,0.518051581
450.6,21.5,0.5347420594
450.6,21.75,0.5512893819
450.6,22.0,0.5674952385
450.6,22.25,0.5831606789
450.6,22.5,0.5980886782
450.6,22.75,0.6120867771
450.6,23.0,0.6249697454
450.6,23.25,0.6365622157
450.6,23.5,0.6467012289
450.6,23.75,0.6552386391
450.6,24.0,0.6620433225
450.6,24.25,0.6670031408
450.6,24.5,0.6700266137
450.6,24.75,0.6710442616
450.6,25.0,0.6700095862
450.6,25.25,0.6668996668
450.6,25.5,0.6617153573
450.6,25.75,0.6544810793
450.6,26.0,0.6452442168
450.6,26.25,0.6340741266
450.6,26.5,0.6210607887
450.6,26.75,0.6063131281
450.6,27.0,0.5899570481
450.6,27.25,0.5721332202
450.6,27.5,0.5529946818
450.6,27.75,0.5327042947
450.6,28.0,0.5114321215
450.6,28.25,0.4893527738
450.6,28.5,0.4666427891
450.6,28.75,0.4434780868
450.6,29.0,0.420031552
450.6,29.25,0.3964707895
450.6,29.5,0.3729560853
450.6,29.75,0.3496386054
450.6,30.0,0.3266588544
450.6,30.25,0.30414541
450.6,30.5,0.2822139413
450.6,30.75,0.2609665111
450.6,31.0,0.240491158
450.6,31.25,0.2208617442
450.6,31.5,0.2021380544
450.6,31.75,0.1843661221
450.6,32.0,0.1675787588
450.6,32.25,0.1517962584
450.6,32.5,0.1370272478
450.6,32.75,0.1232696518
450.6,33.0,0.1105117445
450.6,33.25,0.0987332563
450.6,33.5,0.0879065101
450.6,33.75,0.0779975606
450.6,34.0,0.0689673139
450.6,34.25,0.0607726084
450.6,34.5,0.053367239
450.6,34.75,0.0467029119
450.6,35.0,0.0407301195
450.65,0.0,1.6211006375
450.65,0.25,1.6291011195
450.65,0.5,1.6355701259
450.65,0.75,1.6404891368
450.65,1.0,1.6438440377
450.65,1.25,1.645625187
450.65,1.5,1.6458274623
450.65,1.75,1.6444502855
450.65,2.0,1.6414976254
450.65,2.25,1.6369779799
450.65,2.5,1.630904335
450.65,2.75,1.6232941041
450.65,3.0,1.6141690456
450.65,3.25,1.6035551604
450.65,3.5,1.5914825704
450.65,3.75,1.5779853783
450.65,4.0,1.5631015095
450.65,4.25,1.5468725383
450.65,4.5,1.5293434987
450.65,4.75,1.5105626814
450.65,5.0,1.4905814195
450.65,5.25,1.4694538626
450.65,5.5,1.4472367431
450.65,5.75,1.4239891355
450.65,6.0,1.39977221
450.65,6.25,1.3746489837
450.65,6.5,1.348684071
450.65,6.75,1.3219434343
450.65,7.0,1.2944941388
450.65,7.25,1.2664041119
450.65,7.5,1.2377419108
450.65,7.75,1.2085764995
450.65,8.0,1.178977037
450.65,8.25,1.1490126806
450.65,8.5,1.1187524039
450.65,8.75,1.0882648329
450.65,9.0,1.0576181012
450.65,9.25,1.0268797267
450.65,9.5,0.9961165097
450.65,9.75,0.9653944545
450.65,10.0,0.9347787145
450.65,10.25,0.9043335617
450.65,10.5,0.8741223796
450.65,10.75,0.8442076789
450.65,11.0,0.8146511354
450.65,11.25,0.7855136472
450.65,11.5,0.7568554089
450.65,11.75,0.7287359997
450.65,12.0,0.7012144803
450.65,12.25,0.6743494948
450.65,12.5,0.6481993711
450.65,12.75,0.6228222135
450.65,13.0,0.5982759807
450.65,13.25,0.5746185402
450.65,13.5,0.5519076929
450.65,13.75,0.5302011576
450.65,14.0,0.5095565071
450.65,14.25,0.4900310482
450.65,14.5,0.4716816362
450.65,14.75,0.4545644173
450.65,15.0,0.438734492
450.65,15.25,0.4242454943
450.65,15.5,0.4111490834
450.65,15.75,0.3994943466
450.65,16.0,0.3893271135
450.65,16.25,0.3806891865
450.65,16.5,0.3736174928
450.65,16.75,0.3681431684
450.65,17.0,0.3642905858
450.65,17.25,0.3620763434
450.65,17.5,0.3615082338
450.65,17.75,0.3625842143
450.65,18.0,0.3652914038
450.65,18.25,0.3696051343
450.65,18.5,0.3754880841
450.65,18.75,0.3828895236
450.65,19.0,0.3917447024
450.65,19.25,0.4019744081
450.65,19.5,0.4134847235
450.65,19.75,0.4261670073
450.65,20.0,0.4398981201
450.65,20.25,0.4545409124
450.65,20.5,0.4699449867
450.65,20.75,0.4859477392
450.65,21.0,0.5023756805
450.65,21.25,0.5190460261
450.65,21.5,0.5357685434
450.65,21.75,0.55234763
450.65,22.0,0.5685845951
450.65,22.25,0.5842801067
450.65,22.5,0.5992367616
450.65,22.75,0.613261731
450.65,23.0,0.6261694294
450.65,23.25,0.6377841524
450.65,23.5,0.6479426283
450.65,23.75,0.6564964268
450.65,24.0,0.6633141723
450.65,24.25,0.6682835115
450.65,24.5,0.6713127882
450.65,24.75,0.6723323896
450.65,25.0,0.671295728
450.65,25.25,0.6681798389
450.65,25.5,0.6629855777
450.65,25.75,0.6557374128
450.65,26.0,0.6464828194
450.65,26.25,0.6352912872
450.65,26.5,0.6222529691
450.65,26.75,0.6074769991
450.65,27.0,0.5910895221
450.65,27.25,0.5732314798
450.65,27.5,0.5540562033
450.65,27.75,0.5337268671
450.65,28.0,0.5124138601
450.65,28.25,0.4902921291
450.65,28.5,0.4675385506
450.65,28.75,0.4443293817
450.65,29.0,0.4208378392
450.65,29.25,0.3972318497
450.65,29.5,0.373672007
450.65,29.75,0.3503097672
450.65,30.0,0.3272859045
450.65,30.25,0.3047292436
450.65,30.5,0.2827556755
450.65,30.75,0.2614674591
450.65,31.0,0.2409528017
450.65,31.25,0.2212857075
450.65,31.5,0.202526076
450.65,31.75,0.184720029
450.65,32.0,0.1679004408
450.65,32.25,0.1520876446
450.65,32.5,0.1372902836
450.65,32.75,0.1235062786
450.65,33.0,0.1107238814
450.65,33.25,0.0989227834
450.65,33.5,0.0880752543
450.65,33.75,0.0781472837
450.65,34.0,0.0690997027
450.65,34.25,0.0608892667
450.65,34.5,0.053469682
450.65,34.75,0.0467925622
450.65,35.0,0.0408083045
450.7,0.0,1.6233227742
450.7,0.25,1.6313342229
450.7,0.5,1.6378120967
450.7,0.75,1.6427378504
450.7,1.0,1.6460973501
450.7,1.25,1.6478809409
450.7,1.5,1.6480834935
450.7,1.75,1.6467044289
450.7,2.0,1.6437477215
450.7,2.25,1.6392218806
450.7,2.5,1.6331399102
450.7,2.75,1.6255192476
450.7,3.0,1.6163816807
450.7,3.25,1.6057532464
450.7,3.5,1.5936641079
450.7,3.75,1.5801484144
450.7,4.0,1.5652441434
450.7,4.25,1.5489929263
450.7,4.5,1.5314398585
450.7,4.75,1.5126332973
450.7,5.0,1.4926246459
450.7,5.25,1.4714681282
450.7,5.5,1.4492205545
450.7,5.75,1.4259410801
450.7,6.0,1.401690959
450.7,6.25,1.3765332948
450.7,6.5,1.3505327905
450.7,6.75,1.3237554989
450.7,7.0,1.296268577
450.7,7.25,1.2681400455
450.7,7.5,1.2394385555
450.7,7.75,1.2102331654
450.7,8.0,1.1805931292
450.7,8.25,1.150587699
450.7,8.5,1.1202859428
450.7,8.75,1.0897565806
450.7,9.0,1.0590678397
450.7,9.25,1.0282873303
450.7,9.5,0.9974819444
450.7,9.75,0.9667177766
450.7,10.0,0.9360600699
450.7,10.25,0.9055731842
450.7,10.5,0.8753205898
450.7,10.75,0.8453648833
450.7,11.0,0.8157678249
450.7,11.25,0.7865903963
450.7,11.5,0.7578928746
450.7,11.75,0.7297349204
450.7,12.0,0.7021756757
450.7,12.25,0.6752738648
450.7,12.5,0.6490878955
450.7,12.75,0.6236759521
450.7,13.0,0.5990960723
450.7,13.25,0.5754062031
450.7,13.5,0.5526642248
450.7,13.75,0.5309279351
450.7,14.0,0.5102549858
450.7,14.25,0.4907027622
450.7,14.5,0.4723281975
450.7,14.75,0.4551875151
450.7,15.0,0.4393358908
450.7,15.25,0.4248270322
450.7,15.5,0.4117126693
450.7,15.75,0.4000419567
450.7,16.0,0.3898607868
450.7,16.25,0.3812110193
450.7,16.5,0.374129632
450.7,16.75,0.3686478036
450.7,17.0,0.36478994
450.7,17.25,0.3625726625
450.7,17.5,0.3620037742
450.7,17.75,0.3630812295
450.7,18.0,0.3657921299
450.7,18.25,0.3701117735
450.7,18.5,0.3760027874
450.7,18.75,0.3834143725
450.7,19.0,0.3922816895
450.7,19.25,0.4025254177
450.7,19.5,0.414051511
450.7,19.75,0.4267511791
450.7,20.0,0.440501114
450.7,20.25,0.455163978
450.7,20.5,0.4705891675
450.7,20.75,0.486613856
450.7,21.0,0.503064316
450.7,21.25,0.5197575126
450.7,21.5,0.5365029524
450.7,21.75,0.5531047649
450.7,22.0,0.569363987
450.7,22.25,0.5850810133
450.7,22.5,0.6000581702
450.7,22.75,0.6141023644
450.7,23.0,0.6270277561
450.7,23.25,0.6386584001
450.7,23.5,0.6488308008
450.7,23.75,0.6573963245
450.7,24.0,0.6642234156
450.7,24.25,0.6691995664
450.7,24.5,0.6722329956
450.7,24.75,0.6732539946
450.7,25.0,0.672215912
450.7,25.25,0.6690957517
450.7,25.5,0.6638943704
450.7,25.75,0.6566362702
450.7,26.0,0.6473689909
450.7,26.25,0.6361621178
450.7,26.5,0.6231059273
450.7,26.75,0.608309703
450.7,27.0,0.5918997628
450.7,27.25,0.5740172415
450.7,27.5,0.5548156803
450.7,27.75,0.5344584775
450.7,28.0,0.5131162555
450.7,28.25,0.490964201
450.7,28.5,0.4681794328
450.7,28.75,0.4449384497
450.7,29.0,0.421414706
450.7,29.25,0.3977763585
450.7,29.5,0.3741842209
450.7,29.75,0.3507899571
450.7,30.0,0.3277345343
450.7,30.25,0.3051469537
450.7,30.5,0.2831432651
450.7,30.75,0.2618258677
450.7,31.0,0.2412830897
450.7,31.25,0.2215890367
450.7,31.5,0.2028036903
450.7,31.75,0.1849732354
450.7,32.0,0.1681305917
450.7,32.25,0.1522961199
450.7,32.5,0.1374784753
450.7,32.75,0.1236755759
450.7,33.0,0.110875657
450.7,33.25,0.0990583826
450.7,33.5,0.0881959842
450.7,33.75,0.0782544047
450.7,34.0,0.0691944216
450.7,34.25,0.0609727311
450.7,34.5,0.053542976
450.7,34.75,0.0468567035
450.7,35.0,0.0408642428
450.75,0.0,1.624657518
450.75,0.25,1.632675554
450.75,0.5,1.6391587541
450.75,0.75,1.6440885579
450.75,1.0,1.6474508198
450.75,1.25,1.6492358772
450.75,1.5,1.6494385963
450.75,1.75,1.6480583978
450.75,2.0,1.6450992593
450.75,2.25,1.6405696971
450.75,2.5,1.634482726
450.75,2.75,1.6268557974
450.75,3.0,1.6177107174
450.75,3.25,1.6070735441
450.75,3.5,1.5949744655
450.75,3.75,1.581447659
450.75,4.0,1.5665311333
450.75,4.25,1.5502665539
450.75,4.5,1.5326990535
450.75,4.75,1.513877029
450.75,5.0,1.4938519259
450.75,5.25,1.4726780127
450.75,5.5,1.4504121464
450.75,5.75,1.4271135309
450.75,6.0,1.4028434706
450.75,6.25,1.3776651211
450.75,6.5,1.3516432384
450.75,6.75,1.3248439296
450.75,7.0,1.2973344072
450.75,7.25,1.2691827476
450.75,7.5,1.2404576584
450.75,7.75,1.2112282548
450.75,8.0,1.1815638477
450.75,8.25,1.1515337461
450.75,8.5,1.1212070749
450.75,8.75,1.0906526106
450.75,9.0,1.0599386365
450.75,9.25,1.0291328185
450.75,9.5,0.9983021034
450.75,9.75,0.9675126405
450.75,10.0,0.9368297261
450.75,10.25,0.9063177732
450.75,10.5,0.8760403042
450.75,10.75,0.8460599672
450.75,11.0,0.8164385733
450.75,11.25,0.7872371541
450.75,11.5,0.7585160364
450.75,11.75,0.73033493
450.75,12.0,0.7027530252
450.75,12.25,0.6758290948
450.75,12.5,0.6496215947
450.75,12.75,0.6241887568
450.75,13.0,0.5995886667
450.75,13.25,0.5758793191
450.75,13.5,0.5531186416
450.75,13.75,0.5313644797
450.75,14.0,0.5106745325
450.75,14.25,0.4911062324
450.75,14.5,0.4727165597
450.75,14.75,0.4555617837
450.75,15.0,0.4396971257
450.75,15.25,0.4251763375
450.75,15.5,0.4120511916
450.75,15.75,0.400370883
450.75,16.0,0.3901813418
450.75,16.25,0.3815244622
450.75,16.5,0.3744372524
450.75,16.75,0.3689509167
450.75,17.0,0.365089881
450.75,17.25,0.3628707804
450.75,17.5,0.3623014243
450.75,17.75,0.3633797656
450.75,18.0,0.3660928949
450.75,18.25,0.3704160903
450.75,18.5,0.376311948
450.75,18.75,0.3837296271
450.75,19.0,0.3926042351
450.75,19.25,0.402856386
450.75,19.5,0.4143919563
450.75,19.75,0.4271020665
450.75,20.0,0.440863307
450.75,20.25,0.4555382272
450.75,20.5,0.4709760998
450.75,20.75,0.4870139642
450.75,21.0,0.5034779503
450.75,21.25,0.5201848726
450.75,21.5,0.536944081
450.75,21.75,0.553559544
450.75,22.0,0.5698321348
450.75,22.25,0.5855620841
450.75,22.5,0.6005515557
450.75,22.75,0.6146072975
450.75,23.0,0.6275433168
450.75,23.25,0.6391835239
450.75,23.5,0.6493642886
450.75,23.75,0.6579368551
450.75,24.0,0.6647695596
450.75,24.25,0.6697498021
450.75,24.5,0.6727857254
450.75,24.75,0.6738075639
450.75,25.0,0.6727686278
450.75,25.25,0.669645902
450.75,25.5,0.664440244
450.75,25.75,0.6571761759
450.75,26.0,0.6479012767
450.75,26.25,0.6366851891
450.75,26.5,0.6236182634
450.75,26.75,0.6088098732
450.75,27.0,0.5923864403
450.75,27.25,0.5744892154
450.75,27.5,0.5552718661
450.75,27.75,0.534897925
450.75,28.0,0.5135381548
450.75,28.25,0.4913678862
450.75,28.5,0.4685643838
450.75,28.75,0.4453042913
450.75,29.0,0.4217612056
450.75,29.25,0.3981034219
450.75,29.5,0.3744918862
450.75,29.75,0.3510783869
450.75,30.0,0.3280040073
450.75,30.25,0.3053978545
450.75,30.5,0.2833760739
450.75,30.75,0.2620411487
450.75,31.0,0.2414814798
450.75,31.25,0.2217712337
450.75,31.5,0.2029704414
450.75,31.75,0.1851253259
450.75,32.0,0.1682688336
450.75,32.25,0.1524213423
450.75,32.5,0.1375915142
450.75,32.75,0.1237772656
450.75,33.0,0.1109668223
450.75,33.25,0.0991398313
450.75,33.5,0.0882685015
450.75,33.75,0.0783187478
450.75,34.0,0.0692513153
450.75,34.25,0.0610228647
450.75,34.5,0.0535870006
450.75,34.75,0.0468952305
450.75,35.0,0.0408978426
450.8,0.0,1.6251026765
450.8,0.25,1.6331229094
450.8,0.5,1.6396078859
450.8,0.75,1.6445390405
450.8,1.0,1.6479022237
450.8,1.25,1.6496877701
450.8,1.5,1.6498905448
450.8,1.75,1.6485099681
450.8,2.0,1.6455500188
450.8,2.25,1.6410192155
450.8,2.5,1.6349305766
450.8,2.75,1.6273015582
450.8,3.0,1.6181539724
450.8,3.25,1.6075138845
450.8,3.5,1.5954114907
450.8,3.75,1.5818809779
450.8,4.0,1.566960365
450.8,4.25,1.5506913291
450.8,4.5,1.5331190152
450.8,4.75,1.5142918335
450.8,5.0,1.4942612434
450.8,5.25,1.4730815285
450.8,5.5,1.4508095613
450.8,5.75,1.427504562
450.8,6.0,1.4032278517
450.8,6.25,1.3780426033
450.8,6.5,1.3520135905
450.8,6.75,1.3252069387
450.8,7.0,1.2976898787
450.8,7.25,1.2695305054
450.8,7.5,1.2407975455
450.8,7.75,1.211560133
450.8,8.0,1.1818875978
450.8,8.25,1.151849268
450.8,8.5,1.1215142872
450.8,8.75,1.090951451
450.8,9.0,1.0602290612
450.8,9.25,1.0294148023
450.8,9.5,0.9985756396
450.8,9.75,0.9677777403
450.8,10.0,0.9370864187
450.8,10.25,0.9065661055
450.8,10.5,0.8762803405
450.8,10.75,0.8462917889
450.8,11.0,0.8166622786
450.8,11.25,0.7874528582
450.8,11.5,0.7587238709
450.8,11.75,0.7305350428
450.8,12.0,0.7029455805
450.8,12.25,0.676014273
450.8,12.5,0.649799592
450.8,12.75,0.6243597854
450.8,13.0,0.5997529549
450.8,13.25,0.5760371108
450.8,13.5,0.5532701969
450.8,13.75,0.5315100743
450.8,14.0,0.510814458
450.8,14.25,0.4912407962
450.8,14.5,0.4728460847
450.8,14.75,0.4556866082
450.8,15.0,0.4398176033
450.8,15.25,0.4252928364
450.8,15.5,0.4121640942
450.8,15.75,0.4004805852
450.8,16.0,0.390288252
450.8,16.25,0.3816290004
450.8,16.5,0.3745398488
450.8,16.75,0.3690520097
450.8,17.0,0.3651899162
450.8,17.25,0.3629702075
450.8,17.5,0.3624006954
450.8,17.75,0.3634793321
450.8,18.0,0.3661932049
450.8,18.25,0.3705175848
450.8,18.5,0.376415058
450.8,18.75,0.3838347695
450.8,19.0,0.3927118092
450.8,19.25,0.4029667692
450.8,19.5,0.4145055003
450.8,19.75,0.4272190931
450.8,20.0,0.4409841041
450.8,20.25,0.4556630453
450.8,20.5,0.4711051479
450.8,20.75,0.4871474068
450.8,21.0,0.503615904
450.8,21.25,0.520327404
450.8,21.5,0.5370912044
450.8,21.75,0.55371122
450.8,22.0,0.5699882696
450.8,22.25,0.585722529
450.8,22.5,0.6007161077
450.8,22.75,0.6147757008
450.8,23.0,0.6277152646
450.8,23.25,0.6393586611
450.8,23.5,0.6495422154
450.8,23.75,0.6581171308
450.8,24.0,0.6649517074
450.8,24.25,0.6699333144
450.8,24.5,0.6729700697
450.8,24.75,0.6739921881
450.8,25.0,0.6729529673
450.8,25.25,0.6698293859
450.8,25.5,0.6646223015
450.8,25.75,0.657356243
450.8,26.0,0.6480788026
450.8,26.25,0.6368596417
450.8,26.5,0.6237891357
450.8,26.75,0.608976688
450.8,27.0,0.592548755
450.8,27.25,0.5746466262
450.8,27.5,0.5554240114
450.8,27.75,0.5350444878
450.8,28.0,0.513678865
450.8,28.25,0.4915025217
450.8,28.5,0.4686927711
450.8,28.75,0.4454263053
450.8,29.0,0.4218767688
450.8,29.25,0.3982125028
450.8,29.5,0.3745944975
450.8,29.75,0.3511745829
450.8,30.0,0.3280938808
450.8,30.25,0.3054815339
450.8,30.5,0.2834537193
450.8,30.75,0.2621129483
450.8,31.0,0.241547646
450.8,31.25,0.2218319994
450.8,31.5,0.2030260556
450.8,31.75,0.1851760505
450.8,32.0,0.1683149395
450.8,32.25,0.152463106
450.8,32.5,0.1376292144
450.8,32.75,0.1238111807
450.8,33.0,0.1109972273
450.8,33.25,0.0991669958
450.8,33.5,0.0882926872
450.8,33.75,0.0783402073
450.8,34.0,0.0692702903
450.8,34.25,0.0610395851
450.8,34.5,0.0536016836
450.8,34.75,0.0469080799
450.8,35.0,0.0409090486
450.85,0.0,1.624657518
450.85,0.25,1.632675554
450.85,0.5,1.6391587541
450.85,0.75,1.6440885579
450.85,1.0,1.6474508198
450.85,1.25,1.6492358772
450.85,1.5,1.6494385963
450.85,1.75,1.6480583978
450.85,2.0,1.6450992593
450.85,2.25,1.6405696971
450.85,2.5,1.634482726
450.85,2.75,1.6268557974
450.85,3.0,1.6177107174
450.85,3.25,1.6070735441
450.85,3.5,1.5949744655
450.85,3.75,1.581447659
450.85,4.0,1.5665311333
450.85,4.25,1.5502665539
450.85,4.5,1.5326990535
450.85,4.75,1.513877029
450.85,5.0,1.4938519259
450.85,5.25,1.4726780127
450.85,5.5,1.4504121464
450.85,5.75,1.4271135309
450.85,6.0,1.4028434706
450.85,6.25,1.3776651211
450.85,6.5,1.3516432384
450.85,6.75,1.3248439296
450.85,7.0,1.2973344072
450.85,7.25,1.2691827476
450.85,7.5,1.2404576584
450.85,7.75,1.2112282548
450.85,8.0,1.1815638477
450.85,8.25,1.1515337461
450.85,8.5,1.1212070749
450.85,8.75,1.0906526106
450.85,9.0,1.0599386365
450.85,9.25,1.0291328185
450.85,9.5,0.9983021034
450.85,9.75,0.9675126405
450.85,10.0,0.9368297261
450.85,10.25,0.9063177732
450.85,10.5,0.8760403042
450.85,10.75,0.8460599672
450.85,11.0,0.8164385733
450.85,11.25,0.7872371541
450.85,11.5,0.7585160364
450.85,11.75,0.73033493
450.85,12.0,0.7027530252
450.85,12.25,0.6758290948
450.85,12.5,0.6496215947
450.85,12.75,0.6241887568
450.85,13.0,0.5995886667
450.85,13.25,0.5758793191
450.85,13.5,0.5531186416
450.85,13.75,0.5313644797
450.85,14.0,0.5106745325
450.85,14.25,0.4911062324
450.85,14.5,0.4727165597
450.85,14.75,0.4555617837
450.85,15.0,0.4396971257
450.85,15.25,0.4251763375
450.85,15.5,0.4120511916
450.85,15.75,0.400370883
450.85,16.0,0.3901813418
450.85,16.25,0.3815244622
450.85,16.5,0.3744372524
450.85,16.75,0.3689509167
450.85,17.0,0.365089881
450.85,17.25,0.3628707804
450.85,17.5,0.3623014243
450.85,17.75,0.3633797656
450.85,18.0,0.3660928949
450.85,18.25,0.3704160903
450.85,18.5,0.376311948
450.85,18.75,0.3837296271
450.85,19.0,0.3926042351
450.85,19.25,0.402856386
450.85,19.5,0.4143919563
450.85,19.75,0.4271020665
450.85,20.0,0.440863307
450.85,20.25,0.4555382272
450.85,20.5,0.4709760998
450.85,20.75,0.4870139642
450.85,21.0,0.5034779503
450.85,21.25,0.5201848726
450.85,21.5,0.536944081
450.85,21.75,0.553559544
450.85,22.0,0.5698321348
450.85,22.25,0.5855620841
450.85,22.5,0.6005515557
450.85,22.75,0.6146072975
450.85,23.0,0.6275433168
450.85,23.25,0.6391835239
450.85,23.5,0.6493642886
450.85,23.75,0.6579368551
450.85,24.0,0.6647695596
450.85,24.25,0.6697498021
450.85,24.5,0.6727857254
450.85,24.75,0.6738075639
450.85,25.0,0.6727686278
450.85,25.25,0.669645902
450.85,25.5,0.664440244
450.85,25.75,0.6571761759
450.85,26.0,0.6479012767
450.85,26.25,0.6366851891
450.85,26.5,0.6236182634
450.85,26.75,0.6088098732
450.85,27.0,0.5923864403
450.85,27.25,0.5744892154
450.85,27.5,0.5552718661
450.85,27.75,0.534897925
450.85,28.0,0.5135381548
450.85,28.25,0.4913678862
450.85,28.5,0.4685643838
450.85,28.75,0.4453042913
450.85,29.0,0.4217612056
450.85,29.25,0.3981034219
450.85,29.5,0.3744918862
450.85,29.75,0.3510783869
450.85,30.0,0.3280040073
450.85,30.25,0.3053978545
450.85,30.5,0.2833760739
450.85,30.75,0.2620411487
450.85,31.0,0.2414814798
450.85,31.25,0.2217712337
450.85,31.5,0.2029704414
450.85,31.75,0.1851253259
450.85,32.0,0.1682688336
450.85,32.25,0.1524213423
450.85,32.5,0.1375915142
450.85,32.75,0.1237772656
450.85,33.0,0.1109668223
450.85,33.25,0.0991398313
450.85,33.5,0.0882685015
450.85,33.75,0.0783187478
450.85,34.0,0.0692513153
450.85,34.25,0.0610228647
450.85,34.5,0.0535870006
450.85,34.75,0.0468952305
450.85,35.0,0.0408978426
450.9,0.0,1.6233227742
450.9,0.25,1.6313342229
450.9,0.5,1.6378120967
450.9,0.75,1.6427378504
450.9,1.0,1.6460973501
450.9,1.25,1.6478809409
450.9,1.5,1.6480834935
450.9,1.75,1.6467044289
450.9,2.0,1.6437477215
450.9,2.25,1.6392218806
450.9,2.5,1.6331399102
450.9,2.75,1.6255192476
450.9,3.0,1.6163816807
450.9,3.25,1.6057532464
450.9,3.5,1.5936641079
450.9,3.75,1.5801484144
450.9,4.0,1.5652441434
450.9,4.25,1.5489929263
450.9,4.5,1.5314398585
450.9,4.75,1.5126332973
450.9,5.0,1.4926246459
450.9,5.25,1.4714681282
450.9,5.5,1.4492205545
450.9,5.75,1.4259410801
450.9,6.0,1.401690959
450.9,6.25,1.3765332948
450.9,6.5,1.3505327905
450.9,6.75,1.3237554989
450.9,7.0,1.296268577
450.9,7.25,1.2681400455
450.9,7.5,1.2394385555
450.9,7.75,1.2102331654
450.9,8.0,1.1805931292
450.9,8.25,1.150587699
450.9,8.5,1.1202859428
450.9,8.75,1.0897565806
450.9,9.0,1.0590678397
450.9,9.25,1.0282873303
450.9,9.5,0.9974819444
450.9,9.75,0.9667177766
450.9,10.0,0.9360600699
450.9,10.25,0.9055731842
450.9,10.5,0.8753205898
450.9,10.75,0.8453648833
450.9,11.0,0.8157678249
450.9,11.25,0.7865903963
450.9,11.5,0.7578928746
450.9,11.75,0.7297349204
450.9,12.0,0.7021756757
450.9,12.25,0.6752738648
450.9,12.5,0.6490878955
450.9,12.75,0.6236759521
450.9,13.0,0.5990960723
450.9,13.25,0.5754062031
450.9,13.5,0.5526642248
450.9,13.75,0.5309279351
450.9,14.0,0.5102549858
450.9,14.25,0.4907027622
450.9,14.5,0.4723281975
450.9,14.75,0.4551875151
450.9,15.0,0.4393358908
450.9,15.25,0.4248270322
450.9,15.5,0.4117126693
450.9,15.75,0.4000419567
450.9,16.0,0.3898607868
450.9,16.25,0.3812110193
450.9,16.5,0.374129632
450.9,16.75,0.3686478036
450.9,17.0,0.36478994
450.9,17.25,0.3625726625
450.9,17.5,0.3620037742
450.9,17.75,0.3630812295
450.9,18.0,0.3657921299
450.9,18.25,0.3701117735
450.9,18.5,0.3760027874
450.9,18.75,0.3834143725
450.9,19.0,0.3922816895
450.9,19.25,0.4025254177
450.9,19.5,0.414051511
450.9,19.75,0.4267511791
450.9,20.0,0.440501114
450.9,20.25,0.455163978
450.9,20.5,0.4705891675
450.9,20.75,0.486613856
450.9,21.0,0.503064316
450.9,21.25,0.5197575126
450.9,21.5,0.5365029524
450.9,21.75,0.5531047649
450.9,22.0,0.569363987
450.9,22.25,0.5850810133
450.9,22.5,0.6000581702
450.9,22.75,0.6141023644
450.9,23.0,0.6270277561
450.9,23.25,0.6386584001
450.9,23.5,0.6488308008
450.9,23.75,0.6573963245
450.9,24.0,0.6642234156
450.9,24.25,0.6691995664
450.9,24.5,0.6722329956
450.9,24.75,0.6732539946
450.9,25.0,0.672215912
450.9,25.25,0.6690957517
450.9,25.5,0.6638943704
450.9,25.75,0.6566362702
450.9,26.0,0.6473689909
450.9,26.25,0.6361621178
450.9,26.5,0.6231059273
450.9,26.75,0.608309703
450.9,27.0,0.5918997628
450.9,27.25,0.5740172415
450.9,27.5,0.5548156803
450.9,27.75,0.5344584775
450.9,28.0,0.5131162555
450.9,28.25,0.490964201
450.9,28.5,0.4681794328
450.9,28.75,0.4449384497
450.9,29.0,0.421414706
450.9,29.25,0.3977763585
450.9,29.5,0.3741842209
450.9,29.75,0.3507899571
450.9,30.0,0.3277345343
450.9,30.25,0.3051469537
450.9,30.5,0.2831432651
450.9,30.75,0.2618258677
450.9,31.0,0.2412830897
450.9,31.25,0.2215890367
450.9,31.5,0.2028036903
450.9,31.75,0.1849732354
450.9,32.0,0.1681305917
450.9,32.25,0.1522961199
450.9,32.5,0.1374784753
450.9,32.75,0.1236755759
450.9,33.0,0.110875657
450.9,33.25,0.0990583826
450.9,33.5,0.0881959842
450.9,33.75,0.0782544047
450.9,34.0,0.0691944216
450.9,34.25,0.0609727311
450.9,34.5,0.053542976
450.9,34.75,0.0468567035
450.9,35.0,0.0408642428
450.95,0.0,1.6211006375
450.95,0.25,1.6291011195
450.95,0.5,1.6355701259
450.95,0.75,1.6404891368
450.95,1.0,1.6438440377
450.95,1.25,1.645625187
450.95,1.5,1.6458274623
450.95,1.75,1.6444502855
450.95,2.0,1.6414976254
450.95,2.25,1.6369779799
450.95,2.5,1.630904335
450.95,2.75,1.6232941041
450.95,3.0,1.6141690456
450.95,3.25,1.6035551604
450.95,3.5,1.5914825704
450.95,3.75,1.5779853783
450.95,4.0,1.5631015095
450.95,4.25,1.5468725383
450.95,4.5,1.5293434987
450.95,4.75,1.5105626814
450.95,5.0,1.4905814195
450.95,5.25,1.4694538626
450.95,5.5,1.4472367431
450.95,5.75,1.4239891355
450.95,6.0,1.39977221
450.95,6.25,1.3746489837
450.95,6.5,1.348684071
450.95,6.75,1.3219434343
450.95,7.0,1.2944941388
450.95,7.25,1.2664041119
450.95,7.5,1.2377419108
450.95,7.75,1.2085764995
450.95,8.0,1.178977037
450.95,8.25,1.1490126806
450.95,8.5,1.1187524039
450.95,8.75,1.0882648329
450.95,9.0,1.0576181012
450.95,9.25,1.0268797267
450.95,9.5,0.9961165097
450.95,9.75,0.9653944545
450.95,10.0,0.9347787145
450.95,10.25,0.9043335617
450.95,10.5,0.8741223796
450.95,10.75,0.8442076789
450.95,11.0,0.8146511354
450.95,11.25,0.7855136472
450.95,11.5,0.7568554089
450.95,11.75,0.7287359997
450.95,12.0,0.7012144803
450.95,12.25,0.6743494948
450.95,12.5,0.6481993711
450.95,12.75,0.6228222135
450.95,13.0,0.5982759807
450.95,13.25,0.5746185402
450.95,13.5,0.5519076929
450.95,13.75,0.5302011576
450.95,14.0,0.5095565071
450.95,14.25,0.4900310482
450.95,14.5,0.4716816362
450.95,14.75,0.4545644173
450.95,15.0,0.438734492
450.95,15.25,0.4242454943
450.95,15.5,0.4111490834
450.95,15.75,0.3994943466
450.95,16.0,0.3893271135
450.95,16.25,0.3806891865
450.95,16.5,0.3736174928
450.95,16.75,0.3681431684
450.95,17.0,0.3642905858
450.95,17.25,0.3620763434
450.95,17.5,0.3615082338
450.95,17.75,0.3625842143
450.95,18.0,0.3652914038
450.95,18.25,0.3696051343
450.95,18.5,0.3754880841
450.95,18.75,0.3828895236
450.95,19.0,0.3917447024
450.95,19.25,0.4019744081
450.95,19.5,0.4134847235
450.95,19.75,0.4261670073
450.95,20.0,0.4398981201
450.95,20.25,0.4545409124
450.95,20.5,0.4699449867
450.95,20.75,0.4859477392
450.95,21.0,0.5023756805
450.95,21.25,0.5190460261
450.95,21.5,0.5357685434
450.95,21.75,0.55234763
450.95,22.0,0.5685845951
450.95,22.25,0.5842801067
450.95,22.5,0.5992367616
450.95,22.75,0.613261731
450.95,23.0,0.6261694294
450.95,23.25,0.6377841524
450.95,23.5,0.6479426283
450.95,23.75,0.6564964268
450.95,24.0,0.6633141723
450.95,24.25,0.6682835115
450.95,24.5,0.6713127882
450.95,24.75,0.6723323896
450.95,25.0,0.671295728
450.95,25.25,0.6681798389
450.95,25.5,0.6629855777
450.95,25.75,0.6557374128
450.95,26.0,0.6464828194
450.95,26.25,0.6352912872
450.95,26.5,0.6222529691
450.95,26.75,0.6074769991
450.95,27.0,0.5910895221
450.95,27.25,0.5732314798
450.95,27.5,0.5540562033
450.95,27.75,0.5337268671
450.95,28.0,0.5124138601
450.95,28.25,0.4902921291
450.95,28.5,0.4675385506
450.95,28.75,0.4443293817
450.95,29.0,0.4208378392
450.95,29.25,0.3972318497
450.95,29.5,0.373672007
450.95,29.75,0.3503097672
450.95,30.0,0.3272859045
450.95,30.25,0.3047292436
450.95,30.5,0.2827556755
450.95,30.75,0.2614674591
450.95,31.0,0.2409528017
450.95,31.25,0.2212857075
450.95,31.5,0.202526076
450.95,31.75,0.184720029
450.95,32.0,0.1679004408
450.95,32.25,0.1520876446
450.95,32.5,0.1372902836
450.95,32.75,0.1235062786
450.95,33.0,0.1107238814
450.95,33.25,0.0989227834
450.95,33.5,0.0880752543
450.95,33.75,0.0781472837
450.95,34.0,0.0690997027
450.95,34.25,0.0608892667
450.95,34.5,0.053469682
450.95,34.75,0.0467925622
450.95,35.0,0.0408083045
451.0,0.0,1.6179947555
451.0,0.25,1.6259799093
451.0,0.5,1.6324365216
451.0,0.75,1.6373461082
451.0,1.0,1.6406945814
451.0,1.25,1.6424723181
451.0,1.5,1.6426742059
451.0,1.75,1.6412996676
451.0,2.0,1.6383526646
451.0,2.25,1.6338416783
451.0,2.5,1.62777967
451.0,2.75,1.6201840197
451.0,3.0,1.6110764439
451.0,3.25,1.6004828939
451.0,3.5,1.5884334339
451.0,3.75,1.5749621012
451.0,4.0,1.5601067486
451.0,4.25,1.5439088706
451.0,4.5,1.526413415
451.0,4.75,1.5076685801
451.0,5.0,1.4877256005
451.0,5.25,1.466638522
451.0,5.5,1.4444639686
451.0,5.75,1.4212609013
451.0,6.0,1.3970903732
451.0,6.25,1.3720152808
451.0,6.5,1.3461001144
451.0,6.75,1.3194107104
451.0,7.0,1.2920140052
451.0,7.25,1.2639777963
451.0,7.5,1.2353705094
451.0,7.75,1.2062609763
451.0,8.0,1.1767182238
451.0,8.25,1.1468112764
451.0,8.5,1.1166089757
451.0,8.75,1.086179816
451.0,9.0,1.0555918007
451.0,9.25,1.0249123181
451.0,9.5,0.9942080407
451.0,9.75,0.9635448461
451.0,10.0,0.9329877631
451.0,10.25,0.9026009405
451.0,10.5,0.8724476403
451.0,10.75,0.8425902534
451.0,11.0,0.8130903376
451.0,11.25,0.7840086742
451.0,11.5,0.7554053425
451.0,11.75,0.7273398076
451.0,12.0,0.6998710169
451.0,12.25,0.6730575022
451.0,12.5,0.6469574798
451.0,12.75,0.6216289426
451.0,13.0,0.5971297381
451.0,13.25,0.5735176231
451.0,13.5,0.5508502878
451.0,13.75,0.5291853402
451.0,14.0,0.508580243
451.0,14.25,0.4890921931
451.0,14.5,0.4707779369
451.0,14.75,0.453693513
451.0,15.0,0.4378939164
451.0,15.25,0.4234326783
451.0,15.5,0.410361359
451.0,15.75,0.3987289516
451.0,16.0,0.388581198
451.0,16.25,0.3799598205
451.0,16.5,0.3729016756
451.0,16.75,0.3674378394
451.0,17.0,0.363592638
451.0,17.25,0.3613826379
451.0,17.5,0.3608156168
451.0,17.75,0.3618895358
451.0,18.0,0.3645915385
451.0,18.25,0.3688970043
451.0,18.5,0.374768683
451.0,18.75,0.3821559419
451.0,19.0,0.390994155
451.0,19.25,0.4012042615
451.0,19.5,0.4126925242
451.0,19.75,0.4253505099
451.0,20.0,0.4390553151
451.0,20.25,0.4536700531
451.0,20.5,0.4690446146
451.0,20.75,0.4850167074
451.0,21.0,0.5014131742
451.0,21.25,0.518051581
451.0,21.5,0.5347420594
451.0,21.75,0.5512893819
451.0,22.0,0.5674952385
451.0,22.25,0.5831606789
451.0,22.5,0.5980886782
451.0,22.75,0.6120867771
451.0,23.0,0.6249697454
451.0,23.25,0.6365622157
451.0,23.5,0.6467012289
451.0,23.75,0.6552386391
451.0,24.0,0.6620433225
451.0,24.25,0.6670031408
451.0,24.5,0.6700266137
451.0,24.75,0.6710442616
451.0,25.0,0.6700095862
451.0,25.25,0.6668996668
451.0,25.5,0.6617153573
451.0,25.75,0.6544810793
451.0,26.0,0.6452442168
451.0,26.25,0.6340741266
451.0,26.5,0.6210607887
451.0,26.75,0.6063131281
451.0,27.0,0.5899570481
451.0,27.25,0.5721332202
451.0,27.5,0.5529946818
451.0,27.75,0.5327042947
451.0,28.0,0.5114321215
451.0,28.25,0.4893527738
451.0,28.5,0.4666427891
451.0,28.75,0.4434780868
451.0,29.0,0.420031552
451.0,29.25,0.3964707895
451.0,29.5,0.3729560853
451.0,29.75,0.3496386054
451.0,30.0,0.3266588544
451.0,30.25,0.30414541
451.0,30.5,0.2822139413
451.0,30.75,0.2609665111
451.0,31.0,0.240491158
451.0,31.25,0.2208617442
451.0,31.5,0.2021380544
451.0,31.75,0.1843661221
451.0,32.0,0.1675787588
451.0,32.25,0.1517962584
451.0,32.5,0.1370272478
451.0,32.75,0.1232696518
451.0,33.0,0.1105117445
451.0,33.25,0.0987332563
451.0,33.5,0.0879065101
451.0,33.75,0.0779975606
451.0,34.0,0.0689673139
451.0,34.25,0.0607726084
451.0,34.5,0.053367239
451.0,34.75,0.0467029119
451.0,35.0,0.0407301195
451.05,0.0,1.6140102207
451.05,0.25,1.62197571
451.05,0.5,1.6284164221
451.05,0.75,1.6333139181
451.05,1.0,1.6366541452
451.05,1.25,1.638427504
451.05,1.5,1.6386288947
451.05,1.75,1.6372577413
451.05,2.0,1.6343179957
451.05,2.25,1.6298181184
451.05,2.5,1.6237710386
451.05,2.75,1.6161940936
451.05,3.0,1.6071089464
451.05,3.25,1.5965414845
451.05,3.5,1.584521698
451.05,3.75,1.5710835403
451.05,4.0,1.556264771
451.05,4.25,1.5401067826
451.05,4.5,1.522654412
451.05,4.75,1.5039557388
451.05,5.0,1.4840618715
451.05,5.25,1.4630267229
451.05,5.5,1.4409067773
451.05,5.75,1.4177608508
451.05,6.0,1.3936498459
451.05,6.25,1.3686365043
451.05,6.5,1.3427851577
451.05,6.75,1.31616148
451.05,7.0,1.2888322429
451.05,7.25,1.260865077
451.05,7.5,1.2323282395
451.05,7.75,1.2032903927
451.05,8.0,1.1738203932
451.05,8.25,1.1439870958
451.05,8.5,1.1138591724
451.05,8.75,1.0835049487
451.05,9.0,1.0529922606
451.05,9.25,1.0223883305
451.05,9.5,0.9917596666
451.05,9.75,0.9611719843
451.05,10.0,0.9306901524
451.05,10.25,0.9003781615
451.05,10.5,0.8702991179
451.05,10.75,0.840515259
451.05,11.0,0.8110879907
451.05,11.25,0.7820779449
451.05,11.5,0.7535450529
451.05,11.75,0.7255486332
451.05,12.0,0.6981474882
451.05,12.25,0.6714000055
451.05,12.5,0.645364258
451.05,12.75,0.6200980958
451.05,13.0,0.5956592239
451.05,13.25,0.572105257
451.05,13.5,0.5494937431
451.05,13.75,0.5278821485
451.05,14.0,0.5073277941
451.05,14.25,0.4878877362
451.05,14.5,0.4696185814
451.05,14.75,0.4525762303
451.05,15.0,0.4368155424
451.05,15.25,0.4223899171
451.05,15.5,0.4093507877
451.05,15.75,0.3977470267
451.05,16.0,0.3876242633
451.05,16.25,0.3790241172
451.05,16.5,0.3719833539
451.05,16.75,0.3665329731
451.05,17.0,0.3626972411
451.05,17.25,0.3604926834
451.05,17.5,0.3599270587
451.05,17.75,0.360998333
451.05,18.0,0.3636936817
451.05,18.25,0.3679885447
451.05,18.5,0.3738457635
451.05,18.75,0.3812148303
451.05,19.0,0.3900312781
451.05,19.25,0.4002162408
451.05,19.5,0.4116762121
451.05,19.75,0.4243030257
451.05,20.0,0.437974081
451.05,20.25,0.4525528282
451.05,20.5,0.4678895277
451.05,20.75,0.483822287
451.05,21.0,0.5001783752
451.05,21.25,0.5167758076
451.05,21.5,0.5334251835
451.05,21.75,0.549931756
451.05,22.0,0.5660977034
451.05,22.25,0.5817245655
451.05,22.5,0.5966158025
451.05,22.75,0.6105794291
451.05,23.0,0.6234306714
451.05,23.25,0.6349945937
451.05,23.5,0.6451086381
451.05,23.75,0.6536250237
451.05,24.0,0.6604129497
451.05,24.25,0.6653605538
451.05,24.5,0.668376581
451.05,24.75,0.6693917228
451.05,25.0,0.6683595954
451.05,25.25,0.6652573346
451.05,25.5,0.6600857922
451.05,25.75,0.6528693296
451.05,26.0,0.6436552141
451.05,26.25,0.6325126318
451.05,26.5,0.6195313411
451.05,26.75,0.6048199986
451.05,27.0,0.5885041977
451.05,27.25,0.5707242635
451.05,27.5,0.5516328563
451.05,27.75,0.5313924371
451.05,28.0,0.5101726495
451.05,28.25,0.4881476753
451.05,28.5,0.465493617
451.05,28.75,0.442385961
451.05,29.0,0.4189971665
451.05,29.25,0.3954944256
451.05,29.5,0.3720376296
451.05,29.75,0.3487775722
451.05,30.0,0.325854412
451.05,30.25,0.3033964101
451.05,30.5,0.2815189506
451.05,30.75,0.2603238452
451.05,31.0,0.2398989154
451.05,31.25,0.2203178417
451.05,31.5,0.2016402616
451.05,31.75,0.1839120952
451.05,32.0,0.167166073
451.05,32.25,0.1514224392
451.05,32.5,0.1366897993
451.05,32.75,0.1229660833
451.05,33.0,0.1102395941
451.05,33.25,0.0984901121
451.05,33.5,0.0876900283
451.05,33.75,0.0778054809
451.05,34.0,0.0687974724
451.05,34.25,0.0606229475
451.05,34.5,0.0532358148
451.05,34.75,0.0465878996
451.05,35.0,0.0406298159
451.1,0.0,1.609153557
451.1,0.25,1.6170950776
451.1,0.5,1.6235164091
451.1,0.75,1.6283991682
451.1,1.0,1.6317293444
451.1,1.25,1.633497367
451.1,1.5,1.6336981517
451.1,1.75,1.6323311242
451.1,2.0,1.6294002245
451.1,2.25,1.6249138876
451.1,2.5,1.6188850039
451.1,2.75,1.6113308584
451.1,3.0,1.6022730491
451.1,3.25,1.5917373853
451.1,3.5,1.5797537672
451.1,3.75,1.5663560458
451.1,4.0,1.5515818671
451.1,4.25,1.5354724992
451.1,4.5,1.5180726439
451.1,4.75,1.4994302362
451.1,5.0,1.4795962309
451.1,5.25,1.4586243784
451.1,5.5,1.4365709933
451.1,5.75,1.4134947144
451.1,6.0,1.3894562611
451.1,6.25,1.3645181863
451.1,6.5,1.3387446281
451.1,6.75,1.3122010628
451.1,7.0,1.2849540613
451.1,7.25,1.2570710504
451.1,7.5,1.2286200821
451.1,7.75,1.1996696121
451.1,8.0,1.1702882898
451.1,8.25,1.1405447628
451.1,8.5,1.1105074963
451.1,8.75,1.0802446105
451.1,9.0,1.0498237371
451.1,9.25,1.0193118962
451.1,9.5,0.988775396
451.1,9.75,0.9582797541
451.1,10.0,0.927889644
451.1,10.25,0.8976688639
451.1,10.5,0.8676803301
451.1,10.75,0.8379860928
451.1,11.0,0.8086473732
451.1,11.25,0.7797246205
451.1,11.5,0.7512775859
451.1,11.75,0.7233654092
451.1,12.0,0.6960467161
451.1,12.25,0.6693797184
451.1,12.5,0.6434223141
451.1,12.75,0.6182321795
451.1,13.0,0.5938668458
451.1,13.25,0.5703837544
451.1,13.5,0.54784028
451.1,13.75,0.5262937161
451.1,14.0,0.5058012112
451.1,14.25,0.4864196497
451.1,14.5,0.468205468
451.1,14.75,0.4512143984
451.1,15.0,0.4355011355
451.1,15.25,0.4211189178
451.1,15.5,0.4081190241
451.1,15.75,0.3965501795
451.1,16.0,0.3864578762
451.1,16.25,0.3778836085
451.1,16.5,0.3708640313
451.1,16.75,0.3654300511
451.1,17.0,0.361605861
451.1,17.25,0.3594079371
451.1,17.5,0.3588440143
451.1,17.75,0.3599120651
451.1,18.0,0.3625993033
451.1,18.25,0.3668812427
451.1,18.5,0.3727208368
451.1,18.75,0.3800677296
451.1,19.0,0.3888576481
451.1,19.25,0.3990119636
451.1,19.5,0.410437451
451.1,19.75,0.4230262698
451.1,20.0,0.4366561879
451.1,20.25,0.4511910667
451.1,20.5,0.4664816171
451.1,20.75,0.4823664336
451.1,21.0,0.4986733053
451.1,21.25,0.515220795
451.1,21.5,0.5318200718
451.1,21.75,0.5482769749
451.1,22.0,0.5643942778
451.1,22.25,0.5799741177
451.1,22.5,0.594820546
451.1,22.75,0.6087421552
451.1,23.0,0.6215547272
451.1,23.25,0.6330838528
451.1,23.5,0.6431674634
451.1,23.75,0.6516582227
451.1,24.0,0.6584257233
451.1,24.25,0.6633584397
451.1,24.5,0.6663653916
451.1,24.75,0.6673774787
451.1,25.0,0.6663484571
451.1,25.25,0.6632555312
451.1,25.5,0.6580995503
451.1,25.75,0.6509048025
451.1,26.0,0.6417184129
451.1,26.25,0.6306093594
451.1,26.5,0.6176671302
451.1,26.75,0.6030000552
451.1,27.0,0.5867333496
451.1,27.25,0.5690069163
451.1,27.5,0.5499729565
451.1,27.75,0.529793442
451.1,28.0,0.5086375062
451.1,28.25,0.4866788065
451.1,28.5,0.4640929159
451.1,28.75,0.4410547923
451.1,29.0,0.4177363763
451.1,29.25,0.3943043567
451.1,29.5,0.3709181437
451.1,29.75,0.3477280774
451.1,30.0,0.3248738944
451.1,30.25,0.3024834701
451.1,30.5,0.2806718414
451.1,30.75,0.2595405135
451.1,31.0,0.2391770436
451.1,31.25,0.2196548907
451.1,31.5,0.2010335127
451.1,31.75,0.1833586915
451.1,32.0,0.1666630592
451.1,32.25,0.1509667991
451.1,32.5,0.1362784907
451.1,32.75,0.1225960702
451.1,33.0,0.1099078758
451.1,33.25,0.0981937488
451.1,33.5,0.0874261631
451.1,33.75,0.077571359
451.1,34.0,0.0685904562
451.1,34.25,0.060440529
451.1,34.5,0.0530756247
451.1,34.75,0.0464477135
451.1,35.0,0.0405075581
451.15,0.0,1.6034327012
451.15,0.25,1.6113459881
451.15,0.5,1.6177444906
451.15,0.75,1.6226098905
451.15,1.0,1.6259282273
451.15,1.25,1.6276899643
451.15,1.5,1.6278900351
451.15,1.75,1.6265278677
451.15,2.0,1.6236073879
451.15,2.25,1.6191370008
451.15,2.5,1.6131295509
451.15,2.75,1.6056022619
451.15,3.0,1.5965766548
451.15,3.25,1.5860784475
451.15,3.5,1.5741374334
451.15,3.75,1.5607873435
451.15,4.0,1.54606569
451.15,4.25,1.530013594
451.15,4.5,1.5126755986
451.15,4.75,1.4940994684
451.15,5.0,1.4743359768
451.15,5.25,1.4534386834
451.15,5.5,1.4314637023
451.15,5.75,1.4084694641
451.15,6.0,1.3845164722
451.15,6.25,1.3596670572
451.15,6.5,1.333985129
451.15,6.75,1.3075359313
451.15,7.0,1.2803857981
451.15,7.25,1.2526019168
451.15,7.5,1.2242520973
451.15,7.75,1.1954045519
451.15,8.0,1.1661276859
451.15,8.25,1.136489903
451.15,8.5,1.1065594249
451.15,8.75,1.0764041296
451.15,9.0,1.0460914083
451.15,9.25,1.015688043
451.15,9.5,0.985260106
451.15,9.75,0.9548728821
451.15,10.0,0.9245908147
451.15,10.25,0.8944774754
451.15,10.5,0.8645955568
451.15,10.75,0.8350068883
451.15,11.0,0.8057724735
451.15,11.25,0.7769525469
451.15,11.5,0.7486066471
451.15,11.75,0.7207937037
451.15,12.0,0.6935721338
451.15,12.25,0.6669999425
451.15,12.5,0.6411348219
451.15,12.75,0.6160342431
451.15,13.0,0.591755533
451.15,13.25,0.5683559285
451.15,13.5,0.5458926006
451.15,13.75,0.5244226389
451.15,14.0,0.5040029889
451.15,14.25,0.4846903327
451.15,14.5,0.4665409059
451.15,14.75,0.4496102429
451.15,15.0,0.4339528437
451.15,15.25,0.4196217577
451.15,15.5,0.4066680811
451.15,15.75,0.395140366
451.15,16.0,0.3850839429
451.15,16.25,0.3765401583
451.15,16.5,0.3695455371
451.15,16.75,0.3641308758
451.15,17.0,0.3603202814
451.15,17.25,0.3581301715
451.15,17.5,0.3575682536
451.15,17.75,0.3586325072
451.15,18.0,0.3613101918
451.15,18.25,0.3655769081
451.15,18.5,0.3713957413
451.15,18.75,0.3787165145
451.15,19.0,0.3874751831
451.15,19.25,0.397593398
451.15,19.5,0.4089782656
451.15,19.75,0.4215223286
451.15,20.0,0.4351037898
451.15,20.25,0.4495869942
451.15,20.5,0.4648231837
451.15,20.75,0.4806515266
451.15,21.0,0.4969004242
451.15,21.25,0.5133890842
451.15,21.5,0.5299293473
451.15,21.75,0.5463277429
451.15,22.0,0.5623877457
451.15,22.25,0.5779121962
451.15,22.5,0.5927058426
451.15,22.75,0.6065779577
451.15,23.0,0.6193449785
451.15,23.25,0.6308331159
451.15,23.5,0.6408808773
451.15,23.75,0.6493414502
451.15,24.0,0.656084891
451.15,24.25,0.6610000707
451.15,24.5,0.6639963322
451.15,24.75,0.6650048212
451.15,25.0,0.6639794579
451.15,25.25,0.660897528
451.15,25.5,0.6557598776
451.15,25.75,0.6485907086
451.15,26.0,0.6394369784
451.15,26.25,0.6283674197
451.15,26.5,0.6154712027
451.15,26.75,0.600856272
451.15,27.0,0.5846473977
451.15,27.25,0.5669839854
451.15,27.5,0.548017695
451.15,27.75,0.5279099227
451.15,28.0,0.5068292003
451.15,28.25,0.4849485681
451.15,28.5,0.4624429747
451.15,28.75,0.4394867562
451.15,29.0,0.4162512417
451.15,29.25,0.3929025275
451.15,29.5,0.3695994571
451.15,29.75,0.346491836
451.15,30.0,0.3237189042
451.15,30.25,0.3014080822
451.15,30.5,0.2796739981
451.15,30.75,0.2586177962
451.15,31.0,0.2383267225
451.15,31.25,0.2188739746
451.15,31.5,0.2003187992
451.15,31.75,0.1827068154
451.15,32.0,0.1660705394
451.15,32.25,0.1504300826
451.15,32.5,0.135793994
451.15,32.75,0.1221602172
451.15,33.0,0.1095171318
451.15,33.25,0.0978446508
451.15,33.5,0.087115346
451.15,33.75,0.0772955777
451.15,34.0,0.0683466037
451.15,34.25,0.0602256511
451.15,34.5,0.0528869305
451.15,34.75,0.0462825828
451.15,35.0,0.0403635458
451.2,0.0,1.5968569822
451.2,0.25,1.6047378165
451.2,0.5,1.6111100785
451.2,0.75,1.6159555253
451.2,1.0,1.6192602535
451.2,1.25,1.6210147656
451.2,1.5,1.6212140159
451.2,1.75,1.6198574348
451.2,2.0,1.616948932
451.2,2.25,1.612496878
451.2,2.5,1.6065140649
451.2,2.75,1.5990176454
451.2,3.0,1.5900290527
451.2,3.25,1.5795738987
451.2,3.5,1.567681855
451.2,3.75,1.5543865142
451.2,4.0,1.5397252346
451.2,4.25,1.5237389686
451.2,4.5,1.5064720768
451.2,4.75,1.4879721278
451.2,5.0,1.4682896868
451.2,5.25,1.4474780937
451.2,5.5,1.4255932326
451.2,5.75,1.4026932943
451.2,6.0,1.3788385343
451.2,6.25,1.3540910274
451.2,6.5,1.3285144215
451.2,6.75,1.3021736926
451.2,7.0,1.2751349028
451.2,7.25,1.247464964
451.2,7.5,1.2192314078
451.2,7.75,1.1905021669
451.2,8.0,1.1613453661
451.2,8.25,1.1318291285
451.2,8.5,1.102021396
451.2,8.75,1.0719897684
451.2,9.0,1.0418013603
451.2,9.25,1.01152268
451.2,9.5,0.9812195288
451.2,9.75,0.9509569237
451.2,10.0,0.9207990439
451.2,10.25,0.8908092002
451.2,10.5,0.861049828
451.2,10.75,0.8315825034
451.2,11.0,0.8024679798
451.2,11.25,0.7737662444
451.2,11.5,0.7455365918
451.2,11.75,0.71783771
451.2,12.0,0.6907277765
451.2,12.25,0.6642645585
451.2,12.5,0.6385055114
451.2,12.75,0.6135078707
451.2,13.0,0.5893287282
451.2,13.25,0.5660250861
451.2,13.5,0.5436538809
451.2,13.75,0.5222719681
451.2,14.0,0.5019360596
451.2,14.25,0.4827026051
451.2,14.5,0.4646276096
451.2,14.75,0.4477663797
451.2,15.0,0.4321731919
451.2,15.25,0.417900878
451.2,15.5,0.4050003247
451.2,15.75,0.3935198852
451.2,16.0,0.3835047036
451.2,16.25,0.3749959574
451.2,16.5,0.3680300213
451.2,16.75,0.3626375656
451.2,17.0,0.3588425986
451.2,17.25,0.3566614704
451.2,17.5,0.356101857
451.2,17.75,0.357161746
451.2,18.0,0.3598284493
451.2,18.25,0.3640776678
451.2,18.5,0.3698726378
451.2,18.75,0.3771633883
451.2,19.0,0.3858861373
451.2,19.25,0.3959628572
451.2,19.5,0.4073010351
451.2,19.75,0.4197936547
451.2,20.0,0.4333194179
451.2,20.25,0.4477432263
451.2,20.5,0.4629169318
451.2,20.75,0.4786803622
451.2,21.0,0.4948626227
451.2,21.25,0.5112836623
451.2,21.5,0.5277560934
451.2,21.75,0.5440872387
451.2,22.0,0.560081379
451.2,22.25,0.5755421633
451.2,22.5,0.5902751406
451.2,22.75,0.6040903658
451.2,23.0,0.6168050288
451.2,23.25,0.6282460529
451.2,23.5,0.6382526082
451.2,23.75,0.6466784841
451.2,24.0,0.6533942699
451.2,24.25,0.6582892923
451.2,24.5,0.6612732661
451.2,24.75,0.6622776192
451.2,25.0,0.661256461
451.2,25.25,0.6581871701
451.2,25.5,0.6530705894
451.2,25.75,0.6459308213
451.2,26.0,0.6368146308
451.2,26.25,0.6257904687
451.2,26.5,0.6129471393
451.2,26.75,0.5983921448
451.2,27.0,0.5822497436
451.2,27.25,0.5646587694
451.2,27.5,0.5457702602
451.2,27.75,0.5257449504
451.2,28.0,0.5047506807
451.2,28.25,0.4829597815
451.2,28.5,0.4605464841
451.2,28.75,0.4376844097
451.2,29.0,0.4145441846
451.2,29.25,0.3912912241
451.2,29.5,0.3680837202
451.2,29.75,0.345070864
451.2,30.0,0.3223913246
451.2,30.25,0.3001719999
451.2,30.5,0.2785270478
451.2,30.75,0.2575571979
451.2,31.0,0.2373493384
451.2,31.25,0.2179763668
451.2,31.5,0.1994972867
451.2,31.75,0.1819575301
451.2,32.0,0.1653894798
451.2,32.25,0.1498131649
451.2,32.5,0.1352370993
451.2,32.75,0.121659235
451.2,33.0,0.1090679992
451.2,33.25,0.0974433873
451.2,33.5,0.0867580837
451.2,33.75,0.0769785865
451.2,34.0,0.0680663125
451.2,34.25,0.0599786641
451.2,34.5,0.0526700398
451.2,34.75,0.0460927767
451.2,35.0,0.0401980139
451.25,0.0,1.589437095
451.25,0.25,1.5972813106
451.25,0.5,1.6036239636
451.25,0.75,1.6084468957
451.25,1.0,1.6117362683
451.25,1.25,1.6134826279
451.25,1.5,1.6136809524
451.25,1.75,1.6123306747
451.25,2.0,1.6094356864
451.25,2.25,1.6050043192
451.25,2.5,1.5990493055
451.25,2.75,1.5915877186
451.25,3.0,1.5826408919
451.25,3.25,1.5722343184
451.25,3.5,1.5603975318
451.25,3.75,1.5471639685
451.25,4.0,1.5325708134
451.25,4.25,1.5166588285
451.25,4.5,1.4994721683
451.25,4.75,1.4810581803
451.25,5.0,1.4614671949
451.25,5.25,1.4407523041
451.25,5.5,1.4189691322
451.25,5.75,1.3961755999
451.25,6.0,1.3724316824
451.25,6.25,1.3477991661
451.25,6.5,1.3223414033
451.25,6.75,1.2961230681
451.25,7.0,1.2692099157
451.25,7.25,1.2416685468
451.25,7.5,1.2135661794
451.25,7.75,1.1849704306
451.25,8.0,1.1559491086
451.25,8.25,1.1265700198
451.25,8.5,1.0969007907
451.25,8.75,1.0670087067
451.25,9.0,1.0369605708
451.25,9.25,1.0068225821
451.25,9.5,0.9766602362
451.25,9.75,0.946538248
451.25,10.0,0.9165204985
451.25,10.25,0.8866700043
451.25,10.5,0.8570489108
451.25,10.75,0.8277185078
451.25,11.0,0.7987392665
451.25,11.25,0.7701708954
451.25,11.5,0.7420724135
451.25,11.75,0.7145022361
451.25,12.0,0.6875182705
451.25,12.25,0.6611780153
451.25,12.5,0.6355386591
451.25,12.75,0.6106571714
451.25,13.0,0.5865903786
451.25,13.25,0.5633950182
451.25,13.5,0.5411277621
451.25,13.75,0.5198452016
451.25,14.0,0.499603785
451.25,14.25,0.4804596998
451.25,14.5,0.4624686909
451.25,14.75,0.4456858076
451.25,15.0,0.4301650744
451.25,15.25,0.4159590777
451.25,15.5,0.4031184676
451.25,15.75,0.3916913726
451.25,16.0,0.3817227271
451.25,16.25,0.3732535172
451.25,16.5,0.3663199488
451.25,16.75,0.3609525495
451.25,17.0,0.357175216
451.25,17.25,0.3550042225
451.25,17.5,0.3544472094
451.25,17.75,0.3555021736
451.25,18.0,0.3581564859
451.25,18.25,0.3623859601
451.25,18.5,0.3681540034
451.25,18.75,0.375410877
451.25,19.0,0.3840930953
451.25,19.25,0.3941229931
451.25,19.5,0.4054084876
451.25,19.75,0.4178430595
451.25,20.0,0.4313059744
451.25,20.25,0.4456627618
451.25,20.5,0.4607659618
451.25,20.75,0.4764561466
451.25,21.0,0.4925632152
451.25,21.25,0.5089079536
451.25,21.5,0.5253038445
451.25,21.75,0.5415591063
451.25,22.0,0.5574789289
451.25,22.25,0.5728678738
451.25,22.5,0.5875323934
451.25,22.75,0.6012834254
451.25,23.0,0.613939009
451.25,23.25,0.6253268718
451.25,23.5,0.635286931
451.25,23.75,0.6436736556
451.25,24.0,0.6503582361
451.25,24.25,0.6552305135
451.25,24.5,0.6582006221
451.25,24.75,0.6592003084
451.25,25.0,0.6581838951
451.25,25.25,0.6551288659
451.25,25.5,0.6500360596
451.25,25.75,0.6429294669
451.25,26.0,0.6338556353
451.25,26.25,0.6228826975
451.25,26.5,0.6100990455
451.25,26.75,0.5956116816
451.25,27.0,0.5795442869
451.25,27.25,0.5620350502
451.25,27.5,0.5432343075
451.25,27.75,0.5233020465
451.25,28.0,0.5024053278
451.25,28.25,0.4807156813
451.25,28.5,0.4584065286
451.25,28.75,0.4356506841
451.25,29.0,0.4126179814
451.25,29.25,0.3894730671
451.25,29.5,0.3663733982
451.25,29.75,0.3434674725
451.25,30.0,0.3208933149
451.25,30.25,0.2987772335
451.25,30.5,0.2772328559
451.25,30.75,0.2563604436
451.25,31.0,0.2362464811
451.25,31.25,0.2169635272
451.25,31.5,0.1985703111
451.25,31.75,0.181112054
451.25,32.0,0.1646209882
451.25,32.25,0.1491170495
451.25,32.5,0.1346087124
451.25,32.75,0.1210939384
451.25,33.0,0.1085612086
451.25,33.25,0.0969906111
451.25,33.5,0.0863549573
451.25,33.75,0.0766209011
451.25,34.0,0.0677500385
451.25,34.25,0.0596999698
451.25,34.5,0.0524253055
451.25,34.75,0.045878604
451.25,35.0,0.0400112315
451.3,0.0,1.5811850722
451.3,0.25,1.5889885623
451.3,0.5,1.5952982855
451.3,0.75,1.600096178
451.3,1.0,1.6033684729
451.3,1.25,1.6051057658
451.3,1.5,1.6053030606
451.3,1.75,1.6039597933
451.3,2.0,1.6010798352
451.3,2.25,1.5966714746
451.3,2.5,1.5907473781
451.3,2.75,1.5833245302
451.3,3.0,1.5744241535
451.3,3.25,1.5640716088
451.3,3.5,1.5522962763
451.3,3.75,1.5391314189
451.3,4.0,1.5246140283
451.3,4.25,1.5087846551
451.3,4.5,1.4916872244
451.3,4.75,1.473368838
451.3,5.0,1.4538795649
451.3,5.25,1.4332722214
451.3,5.5,1.4116021432
451.3,5.75,1.38892695
451.3,6.0,1.365306306
451.3,6.25,1.3408016766
451.3,6.5,1.3154760851
451.3,6.75,1.28939387
451.3,7.0,1.262620445
451.3,7.25,1.235222065
451.3,7.5,1.2072655993
451.3,7.75,1.1788183136
451.3,8.0,1.1499476641
451.3,8.25,1.1207211054
451.3,8.5,1.0912059127
451.3,8.75,1.0614690221
451.3,9.0,1.0315768898
451.3,9.25,1.0015953712
451.3,9.5,0.9715896218
451.3,9.75,0.9416240207
451.3,10.0,0.911762117
451.3,10.25,0.8820666003
451.3,10.5,0.8525992933
451.3,10.75,0.8234211676
451.3,11.0,0.7945923803
451.3,11.25,0.7661723302
451.3,11.5,0.7382197297
451.3,11.75,0.7107926909
451.3,12.0,0.6839488204
451.3,12.25,0.6577453182
451.3,12.5,0.6322390761
451.3,12.75,0.6074867679
451.3,13.0,0.5835449249
451.3,13.25,0.5604699899
451.3,13.5,0.5383183407
451.3,13.75,0.5171462747
451.3,14.0,0.4970099473
451.3,14.25,0.4779652542
451.3,14.5,0.4600676508
451.3,14.75,0.4433719008
451.3,15.0,0.4279317479
451.3,15.25,0.4137995057
451.3,15.5,0.4010255614
451.3,15.75,0.3896577934
451.3,16.0,0.3797409031
451.3,16.25,0.3713156635
451.3,16.5,0.3644180927
451.3,16.75,0.3590785598
451.3,17.0,0.3553208375
451.3,17.25,0.3531611153
451.3,17.5,0.3526069941
451.3,17.75,0.3536564811
451.3,18.0,0.3562970128
451.3,18.25,0.3605045285
451.3,18.5,0.3662426253
451.3,18.75,0.3734618228
451.3,19.0,0.3820989648
451.3,19.25,0.3920767895
451.3,19.5,0.4033036921
451.3,19.75,0.4156737063
451.3,20.0,0.4290667246
451.3,20.25,0.4433489746
451.3,20.5,0.4583737619
451.3,20.75,0.4739824866
451.3,21.0,0.4900059307
451.3,21.25,0.5062658106
451.3,21.5,0.5225765776
451.3,21.75,0.5387474454
451.3,22.0,0.5545846157
451.3,22.25,0.5698936644
451.3,22.5,0.5844820489
451.3,22.75,0.5981616884
451.3,23.0,0.6107515669
451.3,23.25,0.6220803063
451.3,23.5,0.631988655
451.3,23.75,0.6403318375
451.3,24.0,0.6469817131
451.3,24.25,0.6518286946
451.3,24.5,0.654783383
451.3,24.75,0.6557778792
451.3,25.0,0.6547667428
451.3,25.25,0.6517275747
451.3,25.5,0.6466612092
451.3,25.75,0.6395915124
451.3,26.0,0.6305647902
451.3,26.25,0.6196488217
451.3,26.5,0.6069315396
451.3,26.75,0.5925193911
451.3,27.0,0.576535415
451.3,27.25,0.5591170825
451.3,27.5,0.5404139494
451.3,27.75,0.5205851724
451.3,28.0,0.4997969451
451.3,28.25,0.4782199067
451.3,28.5,0.4560265784
451.3,28.75,0.4333888774
451.3,29.0,0.4104757557
451.3,29.25,0.3874510049
451.3,29.5,0.3644712646
451.3,29.75,0.3416842617
451.3,30.0,0.3192273043
451.3,30.25,0.297226045
451.3,30.5,0.2757935213
451.3,30.75,0.2550294742
451.3,31.0,0.2350199391
451.3,31.25,0.2158370982
451.3,31.5,0.1975393759
451.3,31.75,0.1801717584
451.3,32.0,0.1637663107
451.3,32.25,0.1483428652
451.3,32.5,0.1339098523
451.3,32.75,0.1204652442
451.3,33.0,0.1079975816
451.3,33.25,0.0964870562
451.3,33.5,0.0859066206
451.3,33.75,0.0762231015
451.3,34.0,0.0673982946
451.3,34.25,0.0593900202
451.3,34.5,0.0521531243
451.3,34.75,0.045640412
451.3,35.0,0.0398035016
451.35,0.0,1.5721142511
451.35,0.25,1.5798729747
451.35,0.5,1.5861465008
451.35,0.75,1.5909168691
451.35,1.0,1.5941703917
451.35,1.25,1.5958977183
451.35,1.5,1.5960938812
451.35,1.75,1.5947583199
451.35,2.0,1.5918948833
451.35,2.25,1.5875118123
451.35,2.5,1.5816217007
451.35,2.75,1.5742414357
451.35,3.0,1.5653921179
451.35,3.25,1.5550989629
451.35,3.5,1.5433911822
451.35,3.75,1.530301848
451.35,4.0,1.5158677396
451.35,4.25,1.5001291752
451.35,4.5,1.4831298277
451.35,4.75,1.4649165288
451.35,5.0,1.4455390602
451.35,5.25,1.4250499354
451.35,5.5,1.4035041724
451.35,5.75,1.3809590606
451.35,6.0,1.3574739216
451.35,6.25,1.3331098685
451.35,6.5,1.3079295629
451.35,6.75,1.2819969743
451.35,7.0,1.255377141
451.35,7.25,1.228135938
451.35,7.5,1.2003398507
451.35,7.75,1.1720557592
451.35,8.0,1.1433507327
451.35,8.25,1.1142918386
451.35,8.5,1.0849459664
451.35,8.75,1.0553796681
451.35,9.0,1.0256590187
451.35,9.25,0.9958494958
451.35,9.5,0.9660158811
451.35,9.75,0.9362221843
451.35,10.0,0.9065315901
451.35,10.25,0.8770064284
451.35,10.5,0.8477081672
451.35,10.75,0.8186974283
451.35,11.0,0.7900340238
451.35,11.25,0.7617770116
451.35,11.5,0.7339847675
451.35,11.75,0.70671507
451.35,12.0,0.6800251953
451.35,12.25,0.6539720153
451.35,12.5,0.6286120955
451.35,12.75,0.6040017844
451.35,13.0,0.5801972892
451.35,13.25,0.5572547287
451.35,13.5,0.5352301574
451.35,13.75,0.5141795497
451.35,14.0,0.4941587388
451.35,14.25,0.4752232998
451.35,14.5,0.45742837
451.35,14.75,0.4408283989
451.35,15.0,0.4254768219
451.35,15.25,0.4114256525
451.35,15.5,0.3987249887
451.35,15.75,0.3874224345
451.35,16.0,0.3775624346
451.35,16.25,0.3691855283
451.35,16.5,0.362327527
451.35,16.75,0.3570186255
451.35,17.0,0.3532824602
451.35,17.25,0.3511351278
451.35,17.5,0.3505841853
451.35,17.75,0.3516276518
451.35,18.0,0.3542530355
451.35,18.25,0.3584364138
451.35,18.5,0.3641415928
451.35,18.75,0.3713193757
451.35,19.0,0.3799069688
451.35,19.25,0.3898275535
451.35,19.5,0.4009900504
451.35,19.75,0.4132891013
451.35,20.0,0.4266052876
451.35,20.25,0.4408056042
451.35,20.5,0.4557441985
451.35,20.75,0.4712633802
451.35,21.0,0.4871949023
451.35,21.25,0.5033615038
451.35,21.5,0.5195787004
451.35,21.75,0.5356568004
451.35,22.0,0.5514031172
451.35,22.25,0.5666243422
451.35,22.5,0.5811290372
451.35,22.75,0.5947302004
451.35,23.0,0.6072478542
451.35,23.25,0.6185116037
451.35,23.5,0.628363111
451.35,23.75,0.636658431
451.35,24.0,0.6432701581
451.35,24.25,0.6480893338
451.35,24.5,0.651027072
451.35,24.75,0.652015863
451.35,25.0,0.6510105272
451.35,25.25,0.647988794
451.35,25.5,0.6429514928
451.35,25.75,0.6359223529
451.35,26.0,0.6269474146
451.35,26.25,0.6160940679
451.35,26.5,0.6034497414
451.35,26.75,0.5891202714
451.35,27.0,0.5732279909
451.35,27.25,0.5559095825
451.35,27.5,0.5373137441
451.35,27.75,0.5175987194
451.35,28.0,0.4969297484
451.35,28.25,0.4754764914
451.35,28.5,0.4534104801
451.35,28.75,0.4309026454
451.35,29.0,0.4081209699
451.35,29.25,0.3852283057
451.35,29.5,0.3623803939
451.35,29.75,0.3397241137
451.35,30.0,0.3173959856
451.35,30.25,0.2955209415
451.35,30.5,0.2742113702
451.35,30.75,0.2535664407
451.35,31.0,0.2336716948
451.35,31.25,0.2145989005
451.35,31.5,0.1964061472
451.35,31.75,0.1791381628
451.35,32.0,0.1628268287
451.35,32.25,0.1474918632
451.35,32.5,0.1331416485
451.35,32.75,0.1197741684
451.35,33.0,0.1073780294
451.35,33.25,0.0959335367
451.35,33.5,0.0854137981
451.35,33.75,0.0757858307
451.35,34.0,0.0670116492
451.35,34.25,0.0590493161
451.35,34.5,0.0518539363
451.35,34.75,0.0453785855
451.35,35.0,0.03957516
451.4,0.0,1.562239238
451.4,0.25,1.5699492263
451.4,0.5,1.5761833461
451.4,0.75,1.58092375
451.4,1.0,1.5841568361
451.4,1.25,1.5858733127
451.4,1.5,1.5860682435
451.4,1.75,1.5847410713
451.4,2.0,1.5818956209
451.4,2.25,1.5775400816
451.4,2.5,1.5716869679
451.4,2.75,1.5643530609
451.4,3.0,1.5555593289
451.4,3.25,1.5453308289
451.4,3.5,1.533696589
451.4,3.75,1.5206894735
451.4,4.0,1.506346031
451.4,4.25,1.4907063261
451.4,4.5,1.4738137576
451.4,4.75,1.455714863
451.4,5.0,1.4364591112
451.4,5.25,1.416098686
451.4,5.5,1.3946882597
451.4,5.75,1.3722847617
451.4,6.0,1.3489471413
451.4,6.25,1.3247361275
451.4,6.5,1.2997139885
451.4,6.75,1.2739442918
451.4,7.0,1.2474916672
451.4,7.25,1.2204215759
451.4,7.5,1.1928000859
451.4,7.75,1.1646936568
451.4,8.0,1.1361689369
451.4,8.25,1.1072925722
451.4,8.5,1.0781310319
451.4,8.75,1.0487504501
451.4,9.0,1.0192164868
451.4,9.25,0.9895942082
451.4,9.5,0.9599479891
451.4,9.75,0.9303414372
451.4,10.0,0.9008373403
451.4,10.25,0.8714976367
451.4,10.5,0.8423834083
451.4,10.75,0.8135548963
451.4,11.0,0.7850715369
451.4,11.25,0.7569920172
451.4,11.5,0.729374346
451.4,11.75,0.7022759393
451.4,12.0,0.6757537133
451.4,12.25,0.6498641827
451.4,12.5,0.6246635577
451.4,12.75,0.6002078327
451.4,13.0,0.576552862
451.4,13.25,0.553754412
451.4,13.5,0.5318681849
451.4,13.75,0.5109498036
451.4,14.0,0.4910547507
451.4,14.25,0.472238252
451.4,14.5,0.4545550984
451.4,14.75,0.4380593977
451.4,15.0,0.4228042495
451.4,15.25,0.4088413405
451.4,15.5,0.3962204542
451.4,15.75,0.3849888953
451.4,16.0,0.3751908297
451.4,16.25,0.3668665417
451.4,16.5,0.3600516179
451.4,16.75,0.3547760636
451.4,17.0,0.3510633664
451.4,17.25,0.3489295222
451.4,17.5,0.3483820404
451.4,17.75,0.3494189525
451.4,18.0,0.3520278452
451.4,18.25,0.3561849462
451.4,18.5,0.3618542889
451.4,18.75,0.3689869856
451.4,19.0,0.377520637
451.4,19.25,0.3873789069
451.4,19.5,0.3984712882
451.4,19.75,0.4106930843
451.4,20.0,0.4239256268
451.4,20.25,0.4380367462
451.4,20.5,0.4528815059
451.4,20.75,0.468303206
451.4,21.0,0.4841346565
451.4,21.25,0.5001997098
451.4,21.5,0.5163150403
451.4,21.75,0.5322921481
451.4,22.0,0.5479395566
451.4,22.25,0.5630651716
451.4,22.5,0.5774787574
451.4,22.75,0.5909944868
451.4,23.0,0.6034335128
451.4,23.25,0.6146265107
451.4,23.5,0.6244161371
451.4,23.75,0.6326593512
451.4,24.0,0.6392295476
451.4,24.25,0.6440184524
451.4,24.5,0.6469377376
451.4,24.75,0.6479203177
451.4,25.0,0.6469212968
451.4,25.25,0.6439185441
451.4,25.5,0.6389128841
451.4,25.75,0.6319278967
451.4,26.0,0.6230093331
451.4,26.25,0.6122241602
451.4,26.5,0.5996592573
451.4,26.75,0.5854197958
451.4,27.0,0.5696273404
451.4,27.25,0.5524177152
451.4,27.5,0.5339386839
451.4,27.75,0.5143474963
451.4,28.0,0.4938083545
451.4,28.25,0.4724898532
451.4,28.5,0.4505624464
451.4,28.75,0.4281959914
451.4,29.0,0.4055574158
451.4,29.25,0.3828085486
451.4,29.5,0.3601041527
451.4,29.75,0.3375901848
451.4,30.0,0.3154023077
451.4,30.25,0.2936646685
451.4,30.5,0.2724889503
451.4,30.75,0.251973699
451.4,31.0,0.2322039191
451.4,31.25,0.2132509279
451.4,31.5,0.1951724497
451.4,31.75,0.1780129318
451.4,32.0,0.161804055
451.4,32.25,0.1465654139
451.4,32.5,0.1323053381
451.4,32.75,0.1190218239
451.4,33.0,0.1067035495
451.4,33.25,0.0953309438
451.4,33.5,0.0848772834
451.4,33.75,0.0753097927
451.4,34.0,0.066590725
451.4,34.25,0.0586784061
451.4,34.5,0.0515282231
451.4,34.75,0.0450935464
451.4,35.0,0.0393265742
451.45,0.0,1.551575869
451.45,0.25,1.5592332312
451.45,0.5,1.5654247988
451.45,0.75,1.5701328462
451.45,1.0,1.5733438642
451.45,1.25,1.5750486246
451.45,1.5,1.5752422249
451.45,1.75,1.5739241116
451.45,2.0,1.5710980834
451.45,2.25,1.5667722737
451.45,2.5,1.5609591115
451.45,2.75,1.5536752636
451.45,3.0,1.5449415549
451.45,3.25,1.5347828715
451.45,3.5,1.5232280433
451.45,3.75,1.5103097105
451.45,4.0,1.496064172
451.45,4.25,1.4805312189
451.45,4.5,1.463753954
451.45,4.75,1.4457785969
451.45,5.0,1.426654279
451.45,5.25,1.4064328278
451.45,5.5,1.3851685425
451.45,5.75,1.3629179641
451.45,6.0,1.3397396391
451.45,6.25,1.3156938824
451.45,6.5,1.2908425369
451.45,6.75,1.2652487362
451.45,7.0,1.2389766692
451.45,7.25,1.2120913501
451.45,7.5,1.1846583959
451.45,7.75,1.1567438128
451.45,8.0,1.1284137939
451.45,8.25,1.0997345305
451.45,8.5,1.0707720379
451.45,8.75,1.0415919991
451.45,9.0,1.0122596256
451.45,9.25,0.9828395396
451.45,9.5,0.9533956766
451.45,9.75,0.92399121
451.45,10.0,0.8946884991
451.45,10.25,0.8655490593
451.45,10.5,0.8366335558
451.45,10.75,0.8080018184
451.45,11.0,0.7797128778
451.45,11.25,0.7518250203
451.45,11.5,0.724395859
451.45,11.75,0.6974824177
451.45,12.0,0.6711412243
451.45,12.25,0.6454284078
451.45,12.5,0.6203997945
451.45,12.75,0.5961109969
451.45,13.0,0.5726174879
451.45,13.25,0.5499746531
451.45,13.5,0.5282378147
451.45,13.75,0.507462216
451.45,14.0,0.4877029606
451.45,14.25,0.4690148975
451.45,14.5,0.4514524438
451.45,14.75,0.4350693377
451.45,15.0,0.4199183165
451.45,15.25,0.4060507141
451.45,15.5,0.3935159741
451.45,15.75,0.3823610784
451.45,16.0,0.3726298914
451.45,16.25,0.3643624225
451.45,16.5,0.3575940153
451.45,16.75,0.3523544703
451.45,17.0,0.3486671149
451.45,17.25,0.3465478356
451.45,17.5,0.3460040907
451.45,17.75,0.3470339252
451.45,18.0,0.3496250104
451.45,18.25,0.3537537363
451.45,18.5,0.3593843818
451.45,18.75,0.3664683929
451.45,19.0,0.3749437962
451.45,19.25,0.3847347765
451.45,19.5,0.3957514446
451.45,19.75,0.4078898184
451.45,20.0,0.4210320397
451.45,20.25,0.4350468409
451.45,20.5,0.4497902747
451.45,20.75,0.465106711
451.45,21.0,0.4808301008
451.45,21.25,0.4967854989
451.45,21.5,0.5127908312
451.45,21.75,0.528658884
451.45,22.0,0.5441994882
451.45,22.25,0.5592218603
451.45,22.5,0.5735370634
451.45,22.75,0.5869605385
451.45,23.0,0.5993146594
451.45,23.25,0.6104312574
451.45,23.5,0.6201540628
451.45,23.75,0.6283410112
451.45,24.0,0.6348663615
451.45,24.25,0.6396225787
451.45,24.5,0.6425219377
451.45,24.75,0.643497811
451.45,25.0,0.6425056091
451.45,25.25,0.6395233523
451.45,25.5,0.6345518594
451.45,25.75,0.6276145494
451.45,26.0,0.6187568612
451.45,26.25,0.6080453046
451.45,26.5,0.5955661659
451.45,26.75,0.5814238986
451.45,27.0,0.5657392377
451.45,27.25,0.5486470802
451.45,27.5,0.5302941811
451.45,27.75,0.510836717
451.45,28.0,0.4904377691
451.45,28.25,0.4692647814
451.45,28.5,0.4474870444
451.45,28.75,0.425273256
451.45,29.0,0.4027892044
451.45,29.25,0.3801956141
451.45,29.5,0.3576461915
451.45,29.75,0.335285897
451.45,30.0,0.3132494676
451.45,30.25,0.291660203
451.45,30.5,0.2706290238
451.45,30.75,0.2502538033
451.45,31.0,0.2306189659
451.45,31.25,0.211795342
451.45,31.5,0.1938402621
451.45,31.75,0.1767978698
451.45,32.0,0.1606996298
451.45,32.25,0.1455650031
451.45,32.5,0.1314022622
451.45,32.75,0.1182094172
451.45,33.0,0.1059752236
451.45,33.25,0.0946802438
451.45,33.5,0.0842979369
451.45,33.75,0.074795751
451.45,34.0,0.066136197
451.45,34.25,0.0582778852
451.45,34.5,0.0511765072
451.45,34.75,0.0447857516
451.45,35.0,0.039058143
451.5,0.0,1.5401411675
451.5,0.25,1.547742097
451.5,0.5,1.5538880344
451.5,0.75,1.5585613848
451.5,1.0,1.5617487384
451.5,1.25,1.5634409352
451.5,1.5,1.5636331087
451.5,1.75,1.5623247095
451.5,2.0,1.5595195084
451.5,2.25,1.5552255787
451.5,2.5,1.5494552581
451.5,2.75,1.5422250901
451.5,3.0,1.5335557466
451.5,3.25,1.5234719299
451.5,3.5,1.5120022578
451.5,3.75,1.4991791297
451.5,4.0,1.4850385769
451.5,4.25,1.4696200976
451.5,4.5,1.4529664767
451.5,4.75,1.4351235932
451.5,5.0,1.4161402164
451.5,5.25,1.3960677919
451.5,5.5,1.3749602188
451.5,5.75,1.3528736212
451.5,6.0,1.3298661143
451.5,6.25,1.3059975684
451.5,6.5,1.2813293707
451.5,6.75,1.2559241895
451.5,7.0,1.2298457406
451.5,7.25,1.2031585592
451.5,7.5,1.1759277786
451.5,7.75,1.1482189186
451.5,8.0,1.1200976844
451.5,8.25,1.0916297795
451.5,8.5,1.0628807328
451.5,8.75,1.0339157431
451.5,9.0,1.0047995414
451.5,9.25,0.9755962737
451.5,9.5,0.9463694041
451.5,9.75,0.9171816405
451.5,10.0,0.8880948828
451.5,10.25,0.859170193
451.5,10.5,0.830467789
451.5,10.75,0.8020470599
451.5,11.0,0.7739666013
451.5,11.25,0.7462842699
451.5,11.5,0.7190572542
451.5,11.75,0.6923421578
451.5,12.0,0.666195092
451.5,12.25,0.6406717721
451.5,12.5,0.6158276131
451.5,12.75,0.5917178175
451.5,13.0,0.5683974493
451.5,13.25,0.5459214862
451.5,13.5,0.5243448425
451.5,13.75,0.5037223544
451.5,14.0,0.4841087195
451.5,14.25,0.4655583825
451.5,14.5,0.4481253594
451.5,14.75,0.4318629924
451.5,15.0,0.4168236302
451.5,15.25,0.4030582283
451.5,15.5,0.390615866
451.5,15.75,0.379543179
451.5,16.0,0.3698837082
451.5,16.25,0.3616771683
451.5,16.5,0.3549586425
451.5,16.75,0.3497577115
451.5,17.0,0.346097531
451.5,17.25,0.3439938702
451.5,17.5,0.3434541326
451.5,17.75,0.3444763775
451.5,18.0,0.347048367
451.5,18.25,0.3511466653
451.5,18.5,0.3567358145
451.5,18.75,0.3637676183
451.5,19.0,0.3721805601
451.5,19.25,0.3818993835
451.5,19.5,0.3928348617
451.5,19.75,0.4048837789
451.5,20.0,0.4179291455
451.5,20.25,0.4318406614
451.5,20.5,0.44647544
451.5,20.75,0.4616789983
451.5,21.0,0.4772865109
451.5,21.25,0.4931243219
451.5,21.5,0.5090116991
451.5,21.75,0.5247628087
451.5,22.0,0.5401888827
451.5,22.25,0.5551005439
451.5,22.5,0.5693102478
451.5,22.75,0.5826347955
451.5,23.0,0.5948978698
451.5,23.25,0.6059325414
451.5,23.5,0.6155836923
451.5,23.75,0.6237103051
451.5,24.0,0.6301875653
451.5,24.25,0.6349087304
451.5,24.5,0.6377867219
451.5,24.75,0.6387554033
451.5,25.0,0.6377705137
451.5,25.25,0.6348102353
451.5,25.5,0.629875381
451.5,25.75,0.6229891971
451.5,26.0,0.6141967878
451.5,26.25,0.6035641725
451.5,26.5,0.5911770017
451.5,26.75,0.5771389591
451.5,27.0,0.56156989
451.5,27.25,0.5446036971
451.5,27.5,0.5263860541
451.5,27.75,0.5070719863
451.5,28.0,0.4868233732
451.5,28.25,0.4658064248
451.5,28.5,0.4441891839
451.5,28.75,0.4221391053
451.5,29.0,0.3998207551
451.5,29.25,0.3773936736
451.5,29.5,0.3550104342
451.5,29.75,0.3328149291
451.5,30.0,0.3109409024
451.5,30.25,0.2895107448
451.5,30.5,0.2686345598
451.5,30.75,0.2484094993
451.5,31.0,0.2289193655
451.5,31.25,0.2102344667
451.5,31.5,0.1924117109
451.5,31.75,0.1754949165
451.5,32.0,0.1595153163
451.5,32.25,0.1444922277
451.5,32.5,0.1304338625
451.5,32.75,0.1173382453
451.5,33.0,0.1051942144
451.5,33.25,0.0939824756
451.5,33.5,0.0836766836
451.5,33.75,0.0742445262
451.5,34.0,0.0656487909
451.5,34.25,0.0578483927
451.5,34.5,0.0507993499
451.5,34.75,0.0444556925
451.5,35.0,0.0387702948
451.55,0.0,1.5279532993
451.55,0.25,1.5354940791
451.55,0.5,1.5415913808
451.55,0.75,1.5462277486
451.55,1.0,1.5493898792
451.55,1.25,1.5510686849
451.55,1.5,1.5512593376
451.55,1.75,1.5499612924
451.55,2.0,1.5471782902
451.55,2.25,1.5429183404
451.55,2.5,1.5371936831
451.55,2.75,1.5300207309
451.55,3.0,1.521419992
451.55,3.25,1.5114159733
451.55,3.5,1.5000370662
451.55,3.75,1.4873154135
451.55,4.0,1.4732867617
451.55,4.25,1.4579902962
451.55,4.5,1.4414684632
451.55,4.75,1.4237667789
451.55,5.0,1.4049336267
451.55,5.25,1.3850200448
451.55,5.5,1.3640795059
451.55,5.75,1.34216769
451.55,6.0,1.3193422525
451.55,6.25,1.2956625897
451.55,6.5,1.2711896031
451.55,6.75,1.2459854652
451.55,7.0,1.2201133875
451.55,7.25,1.1936373944
451.55,7.5,1.1666221039
451.55,7.75,1.1391325172
451.55,8.0,1.1112338197
451.55,8.25,1.0829911948
451.55,8.5,1.054469653
451.55,8.75,1.025733877
451.55,9.0,0.9968480856
451.55,9.25,0.9678759172
451.55,9.5,0.9388803337
451.55,9.75,0.9099235468
451.55,10.0,0.8810669664
451.55,10.25,0.8523711714
451.55,10.5,0.8238959032
451.55,10.75,0.7957000808
451.55,11.0,0.7678418361
451.55,11.25,0.7403785682
451.55,11.5,0.7133670128
451.55,11.75,0.6868633257
451.55,12.0,0.660923174
451.55,12.25,0.6356018322
451.55,12.5,0.6109542768
451.55,12.75,0.5870352735
451.55,13.0,0.5638994504
451.55,13.25,0.5416013503
451.55,13.5,0.5201954529
451.55,13.75,0.4997361603
451.55,14.0,0.4802777374
451.55,14.25,0.461874198
451.55,14.5,0.4445791307
451.55,14.75,0.4284454555
451.55,15.0,0.413525107
451.55,15.25,0.3998686372
451.55,15.5,0.3875247372
451.55,15.75,0.3765396736
451.55,16.0,0.3669566428
451.55,16.25,0.3588150452
451.55,16.5,0.3521496863
451.55,16.75,0.3469899127
451.55,17.0,0.3433586969
451.55,17.25,0.3412716834
451.55,17.5,0.340736217
451.55,17.75,0.3417503723
451.55,18.0,0.3443020086
451.55,18.25,0.3483678751
451.55,18.5,0.3539127946
451.55,18.75,0.3608889524
451.55,19.0,0.3692353187
451.55,19.25,0.3788772324
451.55,19.5,0.389726173
451.55,19.75,0.4016797414
451.55,20.0,0.4146218738
451.55,20.25,0.4284233012
451.55,20.5,0.4429422679
451.55,20.75,0.4580255132
451.55,21.0,0.4735095162
451.55,21.25,0.4892219951
451.55,21.5,0.5049836479
451.55,21.75,0.5206101115
451.55,22.0,0.5359141116
451.55,22.25,0.5507077698
451.55,22.5,0.5648050255
451.55,22.75,0.5780241297
451.55,23.0,0.5901901606
451.55,23.25,0.6011375095
451.55,23.5,0.6107122863
451.55,23.75,0.6187745893
451.55,24.0,0.6252005919
451.55,24.25,0.6298843962
451.55,24.5,0.6327396128
451.55,24.75,0.6337006285
451.55,25.0,0.6327235328
451.55,25.25,0.6297866806
451.55,25.5,0.6248908781
451.55,25.75,0.6180591879
451.55,26.0,0.609336357
451.55,26.25,0.5987878827
451.55,26.5,0.5864987374
451.55,26.75,0.5725717846
451.55,27.0,0.5571259209
451.55,27.25,0.5402939896
451.55,27.5,0.5222205113
451.55,27.75,0.5030592849
451.55,28.0,0.4829709088
451.55,28.25,0.4621202774
451.55,28.5,0.440674104
451.55,28.75,0.4187985181
451.55,29.0,0.3966567837
451.55,29.25,0.3744071783
451.55,29.5,0.3522010681
451.55,29.75,0.3301812066
451.55,30.0,0.3084802794
451.55,30.25,0.2872197089
451.55,30.5,0.2665087271
451.55,30.75,0.246443717
451.55,31.0,0.2271078179
451.55,31.25,0.2085707816
451.55,31.5,0.1908890657
451.55,31.75,0.1741061419
451.55,32.0,0.1582529959
451.55,32.25,0.1433487921
451.55,32.5,0.1294016774
451.55,32.75,0.116409692
451.55,33.0,0.1043617626
451.55,33.25,0.0932387476
451.55,33.5,0.0830145102
451.55,33.75,0.073656994
451.55,34.0,0.0651292808
451.55,34.25,0.0573906109
451.55,34.5,0.0503973505
451.55,34.75,0.0441038935
451.55,35.0,0.0384634871
451.6,0.0,1.5150315242
451.6,0.25,1.5225085323
451.6,0.5,1.5285542695
451.6,0.75,1.533151428
451.6,1.0,1.5362868168
451.6,1.25,1.5379514249
451.6,1.5,1.5381404653
451.6,1.75,1.5368533975
451.6,2.0,1.534093931
451.6,2.25,1.5298700072
451.6,2.5,1.5241937628
451.6,2.75,1.5170814717
451.6,3.0,1.5085534685
451.6,3.25,1.4986340531
451.6,3.5,1.4873513764
451.6,3.75,1.4747373097
451.6,4.0,1.460827297
451.6,4.25,1.4456601924
451.6,4.5,1.4292780832
451.6,4.75,1.4117261006
451.6,5.0,1.3930522188
451.6,5.25,1.3733070444
451.6,5.5,1.352543598
451.6,5.75,1.3308170885
451.6,6.0,1.3081846838
451.6,6.25,1.284705278
451.6,6.5,1.2604392574
451.6,6.75,1.2354482688
451.6,7.0,1.2097949891
451.6,7.25,1.1835429014
451.6,7.5,1.1567560769
451.6,7.75,1.1294989674
451.6,8.0,1.1018362069
451.6,8.25,1.0738324276
451.6,8.5,1.0455520901
451.6,8.75,1.0170593302
451.6,9.0,0.9884178236
451.6,9.25,0.9596906704
451.6,9.5,0.9309403001
451.6,9.75,0.9022283984
451.6,10.0,0.8736158557
451.6,10.25,0.8451627387
451.6,10.5,0.8169282835
451.6,10.75,0.7889709108
451.6,11.0,0.761348261
451.6,11.25,0.7341172477
451.6,11.5,0.7073341268
451.6,11.75,0.6810545792
451.6,12.0,0.6553338012
451.6,12.25,0.6302265999
451.6,12.5,0.6057874869
451.6,12.75,0.5820707646
451.6,13.0,0.5591305993
451.6,13.25,0.5370210724
451.6,13.5,0.5157962028
451.6,13.75,0.4955099328
451.6,14.0,0.4762160681
451.6,14.25,0.457968166
451.6,14.5,0.4408193616
451.6,14.75,0.4248221276
451.6,15.0,0.4100279592
451.6,15.25,0.3964869811
451.6,15.5,0.3842474725
451.6,15.75,0.3733553087
451.6,16.0,0.3638533207
451.6,16.25,0.355780576
451.6,16.5,0.3491715854
451.6,16.75,0.3440554476
451.6,17.0,0.3404549407
451.6,17.25,0.3383855769
451.6,17.5,0.3378546389
451.6,17.75,0.3388602176
451.6,18.0,0.3413902749
451.6,18.25,0.3454217567
451.6,18.5,0.3509197833
451.6,18.75,0.3578369443
451.6,19.0,0.366112726
451.6,19.25,0.3756730989
451.6,19.5,0.3864302908
451.6,19.75,0.3982827689
451.6,20.0,0.4111154508
451.6,20.25,0.4248001607
451.6,20.5,0.4391963417
451.6,20.75,0.4541520292
451.6,21.0,0.4695050852
451.6,21.25,0.485084685
451.6,21.5,0.5007130428
451.6,21.75,0.5162073547
451.6,22.0,0.5313819301
451.6,22.25,0.5460504796
451.6,22.5,0.560028516
451.6,22.75,0.5731358273
451.6,23.0,0.585198971
451.6,23.25,0.5960537392
451.6,23.5,0.6055475428
451.6,23.75,0.6135416637
451.6,24.0,0.619913322
451.6,24.25,0.6245575158
451.6,24.5,0.6273885861
451.6,24.75,0.6283414746
451.6,25.0,0.6273726421
451.6,25.25,0.6244606265
451.6,25.5,0.6196062274
451.6,25.75,0.6128323123
451.6,26.0,0.6041832497
451.6,26.25,0.5937239829
451.6,26.5,0.5815387659
451.6,26.75,0.5677295922
451.6,27.0,0.5524143529
451.6,27.25,0.5357247678
451.6,27.5,0.5178041355
451.6,27.75,0.498804954
451.6,28.0,0.4788864636
451.6,28.25,0.4582121643
451.6,28.5,0.4369473595
451.6,28.75,0.4152567736
451.6,29.0,0.39330229
451.6,29.25,0.3712408476
451.6,29.5,0.3492225327
451.6,29.75,0.3273888914
451.6,30.0,0.3058714871
451.6,30.25,0.2847907155
451.6,30.5,0.2642548847
451.6,30.75,0.2443595628
451.6,31.0,0.2251871858
451.6,31.25,0.2068069156
451.6,31.5,0.1892747326
451.6,31.75,0.1726337407
451.6,32.0,0.1569146633
451.6,32.25,0.1421365032
451.6,32.5,0.1283073381
451.6,32.75,0.1154252248
451.6,33.0,0.1034791838
451.6,33.25,0.0924502352
451.6,33.5,0.0823124634
451.6,33.75,0.0730340829
451.6,34.0,0.0645784879
451.6,34.25,0.0569052632
451.6,34.5,0.0499711443
451.6,34.75,0.0437309105
451.6,35.0,0.0381382046
451.65,0.0,1.5013961455
451.65,0.25,1.50880586
451.65,0.5,1.5147971852
451.65,0.75,1.519352969
451.65,1.0,1.5224601391
451.65,1.25,1.5241097656
451.65,1.5,1.5242971046
451.65,1.75,1.5230216206
451.65,2.0,1.5202869894
451.65,2.25,1.5161010812
451.65,2.5,1.5104759234
451.65,2.75,1.5034276433
451.65,3.0,1.4949763927
451.65,3.25,1.4851462526
451.65,3.5,1.4739651207
451.65,3.75,1.4614645814
451.65,4.0,1.4476797597
451.65,4.25,1.43264916
451.65,4.5,1.4164144909
451.65,4.75,1.3990204772
451.65,5.0,1.3805146615
451.65,5.25,1.3609471949
451.65,5.5,1.3403706208
451.65,5.75,1.3188396512
451.65,6.0,1.2964109396
451.65,6.25,1.2731428499
451.65,6.5,1.2490952251
451.65,6.75,1.2243291569
451.65,7.0,1.1989067584
451.65,7.25,1.172890941
451.65,7.5,1.1463451997
451.65,7.75,1.1193334059
451.65,8.0,1.0919196119
451.65,8.25,1.0641678684
451.65,8.5,1.0361420557
451.65,8.75,1.0079057324
451.65,9.0,0.9795220012
451.65,9.25,0.9510533942
451.65,9.5,0.922561779
451.65,9.75,0.8941082862
451.65,10.0,0.8657532582
451.65,10.25,0.837556221
451.65,10.5,0.8095758777
451.65,10.75,0.7818701231
451.65,11.0,0.7544960789
451.65,11.25,0.7275101464
451.65,11.5,0.7009680753
451.65,11.75,0.6749250452
451.65,12.0,0.6494357559
451.65,12.25,0.624554521
451.65,12.5,0.6003353615
451.65,12.75,0.5768320912
451.65,13.0,0.5540983888
451.65,13.25,0.532187849
451.65,13.5,0.5111540047
451.65,13.75,0.4910503123
451.65,14.0,0.4719300936
451.65,14.25,0.4538464238
451.65,14.5,0.4368519597
451.65,14.75,0.4209987019
451.65,15.0,0.4063376819
451.65,15.25,0.3929185734
451.65,15.5,0.3807892211
451.65,15.75,0.3699950875
451.65,16.0,0.360578618
451.65,16.25,0.3525785285
451.65,16.5,0.3460290192
451.65,16.75,0.340958927
451.65,17.0,0.3373908249
451.65,17.25,0.3353400855
451.65,17.5,0.334813926
451.65,17.75,0.3358104544
451.65,18.0,0.338317741
451.65,18.25,0.3423129392
451.65,18.5,0.3477614832
451.65,18.75,0.3546163894
451.65,19.0,0.3628176885
451.65,19.25,0.3722920175
451.65,19.5,0.382952394
451.65,19.75,0.394698199
451.65,20.0,0.407415386
451.65,20.25,0.4209769326
451.65,20.5,0.435243547
451.65,20.75,0.4500646325
451.65,21.0,0.46527951
451.65,21.25,0.4807188924
451.65,21.5,0.4962065941
451.65,21.75,0.5115614561
451.65,22.0,0.5265994594
451.65,22.25,0.541135991
451.65,22.5,0.5549882242
451.65,22.75,0.5679775689
451.65,23.0,0.5799321436
451.65,23.25,0.5906892181
451.65,23.5,0.600097577
451.65,23.75,0.6080197502
451.65,24.0,0.6143340633
451.65,24.25,0.618936459
451.65,24.5,0.6217420494
451.65,24.75,0.6226863619
451.65,25.0,0.621726249
451.65,25.25,0.6188404417
451.65,25.5,0.6140297325
451.65,25.75,0.607316783
451.65,26.0,0.5987455625
451.65,26.25,0.5883804298
451.65,26.5,0.5763048806
451.65,26.75,0.5626199903
451.65,27.0,0.5474425891
451.65,27.25,0.5309032113
451.65,27.5,0.5131438658
451.65,27.75,0.4943156782
451.65,28.0,0.4745764554
451.65,28.25,0.4540882261
451.65,28.5,0.4330148058
451.65,28.75,0.4115194366
451.65,29.0,0.3897625447
451.65,29.25,0.3678996567
451.65,29.5,0.346079508
451.65,29.75,0.3244423708
451.65,30.0,0.3031186246
451.65,30.25,0.2822275812
451.65,30.5,0.2618765742
451.65,30.75,0.2421603114
451.65,31.0,0.223160487
451.65,31.25,0.2049456404
451.65,31.5,0.1875712481
451.65,31.75,0.1710800262
451.65,32.0,0.1555024215
451.65,32.25,0.1408572658
451.65,32.5,0.127152564
451.65,32.75,0.1143863906
451.65,33.0,0.1025478646
451.65,33.25,0.0916181773
451.65,33.5,0.081571646
451.65,33.75,0.0723767716
451.65,34.0,0.0639972774
451.65,34.25,0.0563931123
451.65,34.5,0.0495214009
451.65,34.75,0.0433373296
451.65,35.0,0.0377949583
451.7,0.0,1.4870684567
451.7,0.25,1.4944074609
451.7,0.5,1.5003416115
451.7,0.75,1.5048539199
451.7,1.0,1.5079314384
451.7,1.25,1.5095653228
451.7,1.5,1.509750874
451.7,1.75,1.5084875618
451.7,2.0,1.5057790269
451.7,2.25,1.5016330645
451.7,2.5,1.496061587
451.7,2.75,1.4890805681
451.7,3.0,1.480709967
451.7,3.25,1.470973635
451.7,3.5,1.4598992037
451.7,3.75,1.4475179559
451.7,4.0,1.4338646816
451.7,4.25,1.4189775175
451.7,4.5,1.4028977743
451.7,4.75,1.3856697502
451.7,5.0,1.3673405338
451.7,5.25,1.3479597978
451.7,5.5,1.3275795841
451.7,5.75,1.3062540827
451.7,6.0,1.2840394062
451.7,6.25,1.2609933618
451.7,6.5,1.2371752213
451.7,6.75,1.2126454936
451.7,7.0,1.1874656987
451.7,7.25,1.1616981479
451.7,7.5,1.1354057302
451.7,7.75,1.1086517075
451.7,8.0,1.0814995209
451.7,8.25,1.0540126098
451.7,8.5,1.026254245
451.7,8.75,0.9982873784
451.7,9.0,0.9701745105
451.7,9.25,0.9419775769
451.7,9.5,0.9137578547
451.7,9.75,0.885575891
451.7,10.0,0.8574914525
451.7,10.25,0.8295634971
451.7,10.5,0.8018501677
451.7,10.75,0.7744088066
451.7,11.0,0.7472959905
451.7,11.25,0.7205675823
451.7,11.5,0.6942787998
451.7,11.75,0.668484296
451.7,12.0,0.6432382487
451.7,12.25,0.6185944532
451.7,12.5,0.594606415
451.7,12.75,0.5713274342
451.7,13.0,0.5488106776
451.7,13.25,0.5271092281
451.7,13.5,0.5062761078
451.7,13.75,0.4863642632
451.7,14.0,0.4674265071
451.7,14.25,0.449515408
451.7,14.5,0.4326831207
451.7,14.75,0.416981149
451.7,15.0,0.4024600378
451.7,15.25,0.3891689867
451.7,15.5,0.3771553837
451.7,15.75,0.3664642575
451.7,16.0,0.3571376486
451.7,16.25,0.3492139032
451.7,16.5,0.3427268953
451.7,16.75,0.3377051866
451.7,17.0,0.3341711345
451.7,17.25,0.3321399651
451.7,17.5,0.3316188267
451.7,17.75,0.3326058454
451.7,18.0,0.3350892051
451.7,18.25,0.3390462775
451.7,18.5,0.3444428266
451.7,18.75,0.351232317
451.7,19.0,0.3593553518
451.7,19.25,0.3687392681
451.7,19.5,0.3792979136
451.7,19.75,0.3909316295
451.7,20.0,0.4035274575
451.7,20.25,0.4169595875
451.7,20.5,0.4310900569
451.7,20.75,0.445769706
451.7,21.0,0.4608393894
451.7,21.25,0.4761314351
451.7,21.5,0.491471339
451.7,21.75,0.506679671
451.7,22.0,0.521574168
451.7,22.25,0.5359719788
451.7,22.5,0.5496920213
451.7,22.75,0.5625574099
451.7,23.0,0.5743979031
451.7,23.25,0.5850523239
451.7,23.5,0.5943708996
451.7,23.75,0.6022174722
451.7,24.0,0.6084715284
451.7,24.25,0.6130300038
451.7,24.5,0.6158088208
451.7,24.75,0.6167441218
451.7,25.0,0.6157931711
451.7,25.25,0.6129349029
451.7,25.5,0.6081701018
451.7,25.75,0.6015212134
451.7,26.0,0.5930317873
451.7,26.25,0.5827655681
451.7,26.5,0.5708052548
451.7,26.75,0.5572509581
451.7,27.0,0.5422183935
451.7,27.25,0.5258368496
451.7,27.5,0.5082469799
451.7,27.75,0.489598468
451.7,28.0,0.4700476148
451.7,28.25,0.4497549029
451.7,28.5,0.4288825844
451.7,28.75,0.4075923435
451.7,29.0,0.3860430757
451.7,29.25,0.3643888233
451.7,29.5,0.3427769023
451.7,29.75,0.3213462464
451.7,30.0,0.3002259907
451.7,30.25,0.2795343087
451.7,30.5,0.2593775095
451.7,30.75,0.2398493973
451.7,31.0,0.2210308865
451.7,31.25,0.2029898626
451.7,31.5,0.1857812725
451.7,31.75,0.1694474248
451.7,32.0,0.1540184758
451.7,32.25,0.1395130775
451.7,32.5,0.1259391585
451.7,32.75,0.1132948115
451.7,33.0,0.1015692596
451.7,33.25,0.0907438733
451.7,33.5,0.0807932151
451.7,33.75,0.0716860865
451.7,34.0,0.0633865571
451.7,34.25,0.0558549579
451.7,34.5,0.0490488226
451.7,34.75,0.0429237653
451.7,35.0,0.0374342844
451.75,0.0,1.4720706863
451.75,0.25,1.4793356733
451.75,0.5,1.4852099753
451.75,0.75,1.4896767749
451.75,1.0,1.4927232553
451.75,1.25,1.4943406611
451.75,1.5,1.494524341
451.75,1.75,1.4932737699
451.75,2.0,1.4905925518
451.75,2.25,1.4864884034
451.75,2.5,1.4809731168
451.75,2.75,1.4740625046
451.75,3.0,1.4657763249
451.75,3.25,1.4561381884
451.75,3.5,1.4451754478
451.75,3.75,1.4329190706
451.75,4.0,1.4194034958
451.75,4.25,1.4046664756
451.75,4.5,1.3887489041
451.75,4.75,1.3716946325
451.75,5.0,1.3535502747
451.75,5.25,1.3343650024
451.75,5.5,1.3141903325
451.75,5.75,1.2930799085
451.75,6.0,1.2710892774
451.75,6.25,1.2482756629
451.75,6.5,1.2246977393
451.75,6.75,1.2004154052
451.75,7.0,1.1754895601
451.75,7.25,1.149981887
451.75,7.5,1.1239546404
451.75,7.75,1.0974704444
451.75,8.0,1.0705921001
451.75,8.25,1.0433824071
451.75,8.5,1.0159039982
451.75,8.75,0.9882191903
451.75,9.0,0.9603898537
451.75,9.25,0.9324772991
451.75,9.5,0.9045421858
451.75,9.75,0.8766444502
451.75,10.0,0.8488432562
451.75,10.25,0.8211969671
451.75,10.5,0.7937631394
451.75,10.75,0.7665985371
451.75,11.0,0.7397591662
451.75,11.25,0.7133003263
451.75,11.5,0.6872766783
451.75,11.75,0.661742324
451.75,12.0,0.6367508947
451.75,12.25,0.6123556432
451.75,12.5,0.5886095354
451.75,12.75,0.5655653339
451.75,13.0,0.5432756691
451.75,13.25,0.5217930887
451.75,13.5,0.5011700801
451.75,13.75,0.4814590556
451.75,14.0,0.4627122954
451.75,14.25,0.4449818381
451.75,14.5,0.4283193121
451.75,14.75,0.412775702
451.75,15.0,0.3984010429
451.75,15.25,0.3852440382
451.75,15.5,0.3733515979
451.75,15.75,0.3627682967
451.75,16.0,0.3535357509
451.75,16.25,0.3456919201
451.75,16.5,0.3392703367
451.75,16.75,0.3342992742
451.75,17.0,0.3308008647
451.75,17.25,0.3287901806
451.75,17.5,0.3282742981
451.75,17.75,0.3292513622
451.75,18.0,0.3317096761
451.75,18.25,0.3356268396
451.75,18.5,0.340968962
451.75,18.75,0.3476899773
451.75,19.0,0.3557310876
451.75,19.25,0.3650203627
451.75,19.5,0.3754725195
451.75,19.75,0.386988904
451.75,20.0,0.3994576972
451.75,20.25,0.412754358
451.75,20.5,0.4267423151
451.75,20.75,0.4412739132
451.75,21.0,0.4561916118
451.75,21.25,0.4713294303
451.75,21.5,0.4865146242
451.75,21.75,0.5015695731
451.75,22.0,0.5163138523
451.75,22.25,0.5305664545
451.75,22.5,0.5441481241
451.75,22.75,0.5568837593
451.75,23.0,0.5686048357
451.75,23.25,0.5791518017
451.75,23.5,0.5883763953
451.75,23.75,0.5961438316
451.75,24.0,0.6023348127
451.75,24.25,0.6068473139
451.75,24.5,0.6095981052
451.75,24.75,0.6105239732
451.75,25.0,0.6095826133
451.75,25.25,0.606753172
451.75,25.5,0.6020364262
451.75,25.75,0.5954545949
451.75,26.0,0.5870507886
451.75,26.25,0.5768881089
451.75,26.5,0.5650484208
451.75,26.75,0.5516308255
451.75,27.0,0.5367498713
451.75,27.25,0.5205335427
451.75,27.5,0.503121075
451.75,27.75,0.4846606419
451.75,28.0,0.4653069681
451.75,28.25,0.4452189175
451.75,28.5,0.4245571059
451.75,28.75,0.403481587
451.75,29.0,0.3821496534
451.75,29.25,0.3607137942
451.75,29.5,0.3393198393
451.75,29.75,0.3181053214
451.75,30.0,0.2971980733
451.75,30.25,0.2767150764
451.75,30.5,0.2567615679
451.75,30.75,0.2374304056
451.75,31.0,0.2188016882
451.75,31.25,0.2009426163
451.75,31.5,0.1839075828
451.75,31.75,0.1677384695
451.75,32.0,0.1524651286
451.75,32.25,0.1381060239
451.75,32.5,0.124669004
451.75,32.75,0.1121521812
451.75,33.0,0.1005448868
451.75,33.25,0.0898286795
451.75,33.5,0.0799783783
451.75,33.75,0.0709630993
451.75,34.0,0.0627472745
451.75,34.25,0.0552916349
451.75,34.5,0.0485541426
451.75,34.75,0.0424908594
451.75,35.0,0.0370567424
451.8,0.0,1.4564259405
451.8,0.25,1.4636137173
451.8,0.5,1.4694255889
451.8,0.75,1.4738449166
451.8,1.0,1.4768590199
451.8,1.25,1.4784592364
451.8,1.5,1.4786409642
451.8,1.75,1.4774036838
451.8,2.0,1.474750961
451.8,2.25,1.4706904302
451.8,2.5,1.4652337585
451.8,2.75,1.4583965904
451.8,3.0,1.4501984738
451.8,3.25,1.4406627686
451.8,3.5,1.4298165368
451.8,3.75,1.4176904169
451.8,4.0,1.4043184818
451.8,4.25,1.3897380825
451.8,4.5,1.3739896783
451.8,4.75,1.3571166546
451.8,5.0,1.3391651299
451.8,5.25,1.3201837531
451.8,5.5,1.3002234938
451.8,5.75,1.2793374255
451.8,6.0,1.2575805044
451.8,6.25,1.2350093465
451.8,6.5,1.2116820024
451.8,6.75,1.1876577339
451.8,7.0,1.1629967936
451.8,7.25,1.1377602087
451.8,7.5,1.1120095723
451.8,7.75,1.0858068427
451.8,8.0,1.0592141538
451.8,8.25,1.0322936376
451.8,8.5,1.0051072613
451.8,8.75,0.9777166797
451.8,9.0,0.9501831053
451.8,9.25,0.9225671973
451.8,9.5,0.8949289704
451.8,9.75,0.867327724
451.8,10.0,0.8398219931
451.8,10.25,0.8124695208
451.8,10.5,0.785327252
451.8,10.75,0.7584513473
451.8,11.0,0.7318972176
451.8,11.25,0.7057195746
451.8,11.5,0.6799724985
451.8,11.75,0.654709516
451.8,12.0,0.6299836885
451.8,12.25,0.6058477028
451.8,12.5,0.5823539617
451.8,12.75,0.5595546674
451.8,13.0,0.5375018908
451.8,13.25,0.5162476212
451.8,13.5,0.4958437879
451.8,13.75,0.4763422466
451.8,14.0,0.4577947216
451.8,14.25,0.4402526985
451.8,14.5,0.4237672571
451.8,14.75,0.40838884
451.8,15.0,0.3941669507
451.8,15.25,0.3811497749
451.8,15.5,0.369383724
451.8,15.75,0.3589128991
451.8,16.0,0.3497784742
451.8,16.25,0.3420180053
451.8,16.5,0.3356646687
451.8,16.75,0.3307464372
451.8,17.0,0.3272852078
451.8,17.25,0.3252958927
451.8,17.5,0.3247854928
451.8,17.75,0.325752173
451.8,18.0,0.3281843607
451.8,18.25,0.3320598936
451.8,18.5,0.3373452415
451.8,18.75,0.3439948277
451.8,19.0,0.3519504794
451.8,19.25,0.3611410308
451.8,19.5,0.371482105
451.8,19.75,0.3828760967
451.8,20.0,0.3952123751
451.8,20.25,0.4083677228
451.8,20.5,0.4222070199
451.8,20.75,0.4365841804
451.8,21.0,0.451343338
451.8,21.25,0.466320276
451.8,21.5,0.481344086
451.8,21.75,0.4962390353
451.8,22.0,0.5108266165
451.8,22.25,0.5249277461
451.8,22.5,0.5383650736
451.8,22.75,0.5509653582
451.8,23.0,0.5625618663
451.8,23.25,0.5729967422
451.8,23.5,0.5821232994
451.8,23.75,0.5898081857
451.8,24.0,0.5959333708
451.8,24.25,0.6003979144
451.8,24.5,0.603119471
451.8,24.75,0.6040354992
451.8,25.0,0.6031041438
451.8,25.25,0.600304773
451.8,25.5,0.5956381554
451.8,25.75,0.5891262739
451.8,26.0,0.5808117808
451.8,26.25,0.5707571073
451.8,26.5,0.559043248
451.8,26.75,0.545768251
451.8,27.0,0.5310454473
451.8,27.25,0.5150014613
451.8,27.5,0.4977740483
451.8,27.75,0.4795098073
451.8,28.0,0.4603618189
451.8,28.25,0.4404872583
451.8,28.5,0.4200450346
451.8,28.75,0.3991935002
451.8,29.0,0.3780882763
451.8,29.25,0.3568802312
451.8,29.5,0.3357136452
451.8,29.75,0.3147245892
451.8,30.0,0.2940395373
451.8,30.25,0.2737742278
451.8,30.5,0.2540327794
451.8,30.75,0.2349070633
451.8,31.0,0.2164763265
451.8,31.25,0.1988070557
451.8,31.5,0.1819530657
451.8,31.75,0.165955793
451.8,32.0,0.1508447728
451.8,32.25,0.1366382726
451.8,32.5,0.1233440576
451.8,32.75,0.1109602599
451.8,33.0,0.0994763245
451.8,33.25,0.088874006
451.8,33.5,0.079128391
451.8,33.75,0.0702089238
451.8,34.0,0.0620804144
451.8,34.25,0.0547040112
451.8,34.5,0.0480381231
451.8,34.75,0.0420392787
451.8,35.0,0.036662914
451.85,0.0,1.4401581437
451.85,0.25,1.4472656354
451.85,0.5,1.4530125903
451.85,0.75,1.4573825556
451.85,1.0,1.4603629924
451.85,1.25,1.461945335
451.85,1.5,1.4621250329
451.85,1.75,1.4609015725
451.85,2.0,1.4582784798
451.85,2.25,1.4542633038
451.85,2.5,1.4488675813
451.85,2.75,1.4421067821
451.85,3.0,1.4340002358
451.85,3.25,1.4245710412
451.85,3.5,1.4138459583
451.85,3.75,1.4018552832
451.85,4.0,1.3886327081
451.85,4.25,1.3742151671
451.85,4.5,1.3586426674
451.85,4.75,1.3419581098
451.85,5.0,1.3242070976
451.85,5.25,1.3054377366
451.85,5.5,1.2857004268
451.85,5.75,1.2650476489
451.85,6.0,1.2435337455
451.85,6.25,1.2212147
451.85,6.5,1.1981479146
451.85,6.75,1.1743919893
451.85,7.0,1.1500065035
451.85,7.25,1.1250518029
451.85,7.5,1.0995887926
451.85,7.75,1.0736787388
451.85,8.0,1.0473830815
451.85,8.25,1.0207632586
451.85,8.5,0.9938805452
451.85,8.75,0.9667959073
451.85,9.0,0.9395698738
451.85,9.25,0.9122624264
451.85,9.5,0.8849329094
451.85,9.75,0.8576399598
451.85,10.0,0.8304414588
451.85,10.25,0.8033945046
451.85,10.5,0.7765554059
451.85,10.75,0.7499796963
451.85,11.0,0.7237221674
451.85,11.25,0.6978369201
451.85,11.5,0.6723774302
451.85,11.75,0.6473966269
451.85,12.0,0.6229469787
451.85,12.25,0.599080584
451.85,12.5,0.5758492603
451.85,12.75,0.5533046266
451.85,13.0,0.5314981722
451.85,13.25,0.5104813057
451.85,13.5,0.4903053766
451.85,13.75,0.471021661
451.85,14.0,0.4526813058
451.85,14.25,0.4353352213
451.85,14.5,0.4190339167
451.85,14.75,0.4038272716
451.85,15.0,0.3897642361
451.85,15.25,0.3768924578
451.85,15.5,0.3652578298
451.85,15.75,0.3549039605
451.85,16.0,0.3458715641
451.85,16.25,0.3381977772
451.85,16.5,0.3319154052
451.85,16.75,0.3270521087
451.85,17.0,0.3236295401
451.85,17.25,0.321662445
451.85,17.5,0.3211577461
451.85,17.75,0.3221136288
451.85,18.0,0.3245186497
451.85,18.25,0.3283508943
451.85,18.5,0.3335772066
451.85,18.75,0.3401525191
451.85,19.0,0.3480193088
451.85,19.25,0.3571072048
451.85,19.5,0.3673327726
451.85,19.75,0.3785994971
451.85,20.0,0.3907979834
451.85,20.25,0.4038063902
451.85,20.5,0.417491107
451.85,20.75,0.4317076793
451.85,21.0,0.446301982
451.85,21.25,0.4611116326
451.85,21.5,0.4759676316
451.85,21.75,0.4906962092
451.85,22.0,0.5051208519
451.85,22.25,0.5190644765
451.85,22.5,0.5323517135
451.85,22.75,0.5448112571
451.85,23.0,0.556278236
451.85,23.25,0.5665965578
451.85,23.5,0.5756211744
451.85,23.75,0.583220223
451.85,24.0,0.5892769918
451.85,24.25,0.5936916679
451.85,24.5,0.5963828257
451.85,24.75,0.5972886222
451.85,25.0,0.5963676697
451.85,25.25,0.593599567
451.85,25.5,0.5889850739
451.85,25.75,0.582545928
451.85,26.0,0.5743243051
451.85,26.25,0.5643819389
451.85,26.5,0.5527989195
451.85,26.75,0.5396721999
451.85,27.0,0.5251138451
451.85,27.25,0.509249065
451.85,27.5,0.4922140765
451.85,27.75,0.4741538412
451.85,28.0,0.4552197294
451.85,28.25,0.4355671611
451.85,28.5,0.4153532703
451.85,28.75,0.3947346406
451.85,29.0,0.3738651551
451.85,29.25,0.3528939969
451.85,29.5,0.3319638347
451.85,29.75,0.3112092194
451.85,30.0,0.2907552127
451.85,30.25,0.2707162601
451.85,30.5,0.2511953172
451.85,30.75,0.232283229
451.85,31.0,0.2140583574
451.85,31.25,0.1965864465
451.85,31.5,0.17992071
451.85,31.75,0.1641021216
451.85,32.0,0.1491598865
451.85,32.25,0.1351120682
451.85,32.5,0.1219663452
451.85,32.75,0.1097208704
451.85,33.0,0.0983652068
451.85,33.25,0.0878813127
451.85,33.5,0.078244553
451.85,33.75,0.0694247133
451.85,34.0,0.0613869967
451.85,34.25,0.0540929855
451.85,34.5,0.0475015531
451.85,34.75,0.0415697138
451.85,35.0,0.0362534013
451.9,0.0,1.423291978
451.9,0.25,1.4303162315
451.9,0.5,1.4359958819
451.9,0.75,1.4403146692
451.9,1.0,1.443260201
451.9,1.25,1.4448240123
451.9,1.5,1.4450016058
451.9,1.75,1.4437924737
451.9,2.0,1.4412001008
451.9,2.25,1.4372319479
451.9,2.5,1.4318994165
451.9,2.75,1.4252177952
451.9,3.0,1.4172061873
451.9,3.25,1.4078874212
451.9,3.5,1.3972879433
451.9,3.75,1.3854376948
451.9,4.0,1.3723699737
451.9,4.25,1.3581212812
451.9,4.5,1.3427311562
451.9,4.75,1.326241997
451.9,5.0,1.3086988728
451.9,5.25,1.2901493259
451.9,5.5,1.2706431662
451.9,5.75,1.2502322598
451.9,6.0,1.2289703128
451.9,6.25,1.206912653
451.9,6.5,1.1841160103
451.9,6.75,1.1606382984
451.9,7.0,1.1365383991
451.9,7.25,1.1118759512
451.9,7.5,1.0867111466
451.9,7.75,1.061104534
451.9,8.0,1.0351168337
451.9,8.25,1.0088087643
451.9,8.5,0.9822408832
451.9,8.75,0.9554734424
451.9,9.0,0.928566262
451.9,9.25,0.9015786211
451.9,9.5,0.874569169
451.9,9.75,0.8475958561
451.9,10.0,0.8207158857
451.9,10.25,0.7939856873
451.9,10.5,0.7674609101
451.9,10.75,0.7411964374
451.9,11.0,0.715246419
451.9,11.25,0.6896643224
451.9,11.5,0.664502997
451.9,11.75,0.6398147521
451.9,12.0,0.6156514417
451.9,12.25,0.5920645542
451.9,12.5,0.5691053002
451.9,12.75,0.5468246941
451.9,13.0,0.5252736223
451.9,13.25,0.5045028913
451.9,13.5,0.484563249
451.9,13.75,0.4655053714
451.9,14.0,0.4473798061
451.9,14.25,0.4302368673
451.9,14.5,0.4141264727
451.9,14.75,0.3990979176
451.9,15.0,0.3851995789
451.9,15.25,0.3724785462
451.9,15.5,0.3609801753
451.9,15.75,0.3507475635
451.9,16.0,0.3418209485
451.9,16.25,0.3342370318
451.9,16.5,0.3280282347
451.9,16.75,0.3232218939
451.9,17.0,0.3198394081
451.9,17.25,0.3178953503
451.9,17.5,0.3173965621
451.9,17.75,0.3183412501
451.9,18.0,0.3207181051
451.9,18.25,0.324505469
451.9,18.5,0.3296705742
451.9,18.75,0.3361688811
451.9,19.0,0.3439435402
451.9,19.25,0.3529250049
451.9,19.5,0.3630308177
451.9,19.75,0.3741655939
451.9,20.0,0.3862212197
451.9,20.25,0.3990772808
451.9,20.5,0.4126017313
451.9,20.75,0.4266518086
451.9,21.0,0.4410751927
451.9,21.25,0.4557114026
451.9,21.5,0.4703934181
451.9,21.75,0.4849495044
451.9,22.0,0.4992052154
451.9,22.25,0.5129855417
451.9,22.5,0.5261171675
451.9,22.75,0.5384307932
451.9,23.0,0.5497634786
451.9,23.25,0.5599609591
451.9,23.5,0.5688798855
451.9,23.75,0.5763899391
451.9,24.0,0.5823757752
451.9,24.25,0.5867387495
451.9,24.5,0.5893983903
451.9,24.75,0.5902935786
451.9,25.0,0.5893834118
451.9,25.25,0.5866477272
451.9,25.5,0.582087276
451.9,25.75,0.575723541
451.9,26.0,0.5675982042
451.9,26.25,0.5577722764
451.9,26.5,0.5463249096
451.9,26.75,0.5333519213
451.9,27.0,0.5189640641
451.9,27.25,0.5032850817
451.9,27.5,0.4864495956
451.9,27.75,0.4686008696
451.9,28.0,0.4498885014
451.9,28.25,0.4304660908
451.9,28.5,0.4104889315
451.9,28.75,0.3901117734
451.9,29.0,0.3694866973
451.9,29.25,0.3487611392
451.9,29.5,0.328076097
451.9,29.75,0.3075645459
451.9,30.0,0.2873500828
451.9,30.25,0.2675458129
451.9,30.5,0.2482534862
451.9,30.75,0.2295628837
451.9,31.0,0.2115514496
451.9,31.25,0.194284158
451.9,31.5,0.1778135994
451.9,31.75,0.1621802677
451.9,32.0,0.147413026
451.9,32.25,0.1335297263
451.9,32.5,0.1205379572
451.9,32.75,0.1084358932
451.9,33.0,0.0972132195
451.9,33.25,0.0868521058
451.9,33.5,0.0773282053
451.9,33.75,0.0686116577
451.9,34.0,0.0606680734
451.9,34.25,0.0534594848
451.9,34.5,0.0469452468
451.9,34.75,0.0410828772
451.9,35.0,0.0358288258
451.95,0.0,1.4058528206
451.95,0.25,1.4127910082
451.95,0.5,1.4184010675
451.95,0.75,1.422666938
451.95,1.0,1.4255763792
451.95,1.25,1.4271210296
451.95,1.5,1.427296447
451.95,1.75,1.4261021301
451.95,2.0,1.4235415208
451.95,2.25,1.4196219884
451.95,2.5,1.4143547949
451.95,2.75,1.4077550414
451.95,3.0,1.3998415973
451.95,3.25,1.3906370111
451.95,3.5,1.3801674053
451.95,3.75,1.3684623543
451.95,4.0,1.355554748
451.95,4.25,1.3414806403
451.95,4.5,1.3262790857
451.95,4.75,1.3099919631
451.95,5.0,1.2926637894
451.95,5.25,1.2743415243
451.95,5.5,1.2550743676
451.95,5.75,1.2349135498
451.95,6.0,1.2139121188
451.95,6.25,1.1921247247
451.95,6.5,1.1696074022
451.95,6.75,1.1464173555
451.95,7.0,1.1226127448
451.95,7.25,1.0982524783
451.95,7.5,1.0733960103
451.95,7.75,1.0481031476
451.95,8.0,1.0224338666
451.95,8.25,0.9964481419
451.95,8.5,0.9702057888
451.95,8.75,0.9437663212
451.95,9.0,0.9171888261
451.95,9.25,0.8905318565
451.95,9.5,0.8638533429
451.95,9.75,0.8372105256
451.95,10.0,0.8106599072
451.95,10.25,0.7842572257
451.95,10.5,0.7580574484
451.95,10.75,0.7321147861
451.95,11.0,0.7064827254
451.95,11.25,0.6812140783
451.95,11.5,0.6563610468
451.95,11.75,0.6319752994
451.95,12.0,0.6081080546
451.95,12.25,0.58481017
451.95,12.5,0.5621322286
451.95,12.75,0.5401246199
451.95,13.0,0.5188376067
451.95,13.25,0.498321373
451.95,13.5,0.4786260451
451.95,13.75,0.4598016777
451.95,14.0,0.4418981994
451.95,14.25,0.4249653077
451.95,14.5,0.4090523089
451.95,14.75,0.3942078939
451.95,15.0,0.3804798473
451.95,15.25,0.3679146815
451.95,15.5,0.3565571966
451.95,15.75,0.3464499618
451.95,16.0,0.3376327219
451.95,16.25,0.3301417286
451.95,16.5,0.324009006
451.95,16.75,0.3192615558
451.95,17.0,0.3159205145
451.95,17.25,0.3140002767
451.95,17.5,0.3135076
451.95,17.75,0.314440713
451.95,18.0,0.3167884451
451.95,18.25,0.3205294036
451.95,18.5,0.3256312224
451.95,18.75,0.3320499075
451.95,19.0,0.3397293062
451.95,19.25,0.3486007237
451.95,19.5,0.3585827131
451.95,19.75,0.3695810583
451.95,20.0,0.3814889703
451.95,20.25,0.39418751
451.95,20.5,0.4075462496
451.95,20.75,0.4214241757
451.95,21.0,0.4356708344
451.95,21.25,0.4501277114
451.95,21.5,0.4646298327
451.95,21.75,0.4790075678
451.95,22.0,0.493088608
451.95,22.25,0.5067000882
451.95,22.5,0.5196708162
451.95,22.75,0.5318335669
451.95,23.0,0.5430273964
451.95,23.25,0.5530999303
451.95,23.5,0.5619095758
451.95,23.75,0.5693276111
451.95,24.0,0.5752401045
451.95,24.25,0.5795496207
451.95,24.5,0.5821766737
451.95,24.75,0.5830608936
451.95,25.0,0.5821618787
451.95,25.25,0.5794597136
451.95,25.5,0.5749551403
451.95,25.75,0.5686693782
451.95,26.0,0.5606435986
451.95,26.25,0.5509380648
451.95,26.5,0.539630959
451.95,26.75,0.5268169248
451.95,27.0,0.5126053576
451.95,27.25,0.4971184849
451.95,27.5,0.4804892788
451.95,27.75,0.4628592477
451.95,28.0,0.4443761564
451.95,28.25,0.4251917227
451.95,28.5,0.4054593373
451.95,28.75,0.3853318542
451.95,29.0,0.3649594908
451.95,29.25,0.3444878766
451.95,29.5,0.3240562818
451.95,29.75,0.3037960524
451.95,30.0,0.2838292709
451.95,30.25,0.2642676567
451.95,30.5,0.2452117128
451.95,30.75,0.2267501205
451.95,31.0,0.2089593749
451.95,31.25,0.1919036542
451.95,31.5,0.1756349043
451.95,31.75,0.160193123
451.95,32.0,0.1456068197
451.95,32.25,0.1318936278
451.95,32.5,0.1190610428
451.95,32.75,0.1071072617
451.95,33.0,0.096022096
451.95,33.25,0.0857879337
451.95,33.5,0.0763807267
451.95,33.75,0.0677709802
451.95,34.0,0.0599247262
451.95,34.25,0.0528044622
451.95,34.5,0.0463700412
451.95,34.75,0.0405795014
451.95,35.0,0.0353898263
452.0,0.0,1.3878666808
452.0,0.25,1.3947161029
452.0,0.5,1.4002543885
452.0,0.75,1.4044656825
452.0,1.0,1.407337901
452.0,1.25,1.4088627895
452.0,1.5,1.4090359627
452.0,1.75,1.4078569255
452.0,2.0,1.405329076
452.0,2.25,1.4014596892
452.0,2.5,1.3962598829
452.0,2.75,1.3897445651
452.0,3.0,1.3819323636
452.0,3.25,1.3728455387
452.0,3.5,1.3625098785
452.0,3.75,1.3509545791
452.0,4.0,1.3382121095
452.0,4.25,1.3243180626
452.0,4.5,1.309310993
452.0,4.75,1.2932322438
452.0,5.0,1.2761257626
452.0,5.25,1.2580379082
452.0,5.5,1.2390172508
452.0,5.75,1.2191143655
452.0,6.0,1.1983816218
452.0,6.25,1.1768729703
452.0,6.5,1.154643729
452.0,6.75,1.1317503701
452.0,7.0,1.1082503098
452.0,7.25,1.0842017027
452.0,7.5,1.0596632422
452.0,7.75,1.0346939703
452.0,8.0,1.0093530958
452.0,8.25,0.9836998262
452.0,8.5,0.9577932114
452.0,8.75,0.9316920039
452.0,9.0,0.9054545349
452.0,9.25,0.879138608
452.0,9.5,0.8528014129
452.0,9.75,0.8264994574
452.0,10.0,0.8002885211
452.0,10.25,0.7742236291
452.0,10.5,0.7483590454
452.0,10.75,0.7227482873
452.0,11.0,0.6974441569
452.0,11.25,0.6724987907
452.0,11.5,0.6479637229
452.0,11.75,0.6238899608
452.0,12.0,0.6003280678
452.0,12.25,0.5773282506
452.0,12.5,0.5549404453
452.0,12.75,0.5332143966
452.0,13.0,0.5121997243
452.0,13.25,0.4919459703
452.0,13.5,0.4725026196
452.0,13.75,0.4539190867
452.0,14.0,0.4362446611
452.0,14.25,0.4195284047
452.0,14.5,0.4038189929
452.0,14.75,0.3891644938
452.0,15.0,0.3756120805
452.0,15.25,0.3632076704
452.0,15.5,0.3519954903
452.0,15.75,0.3420175651
452.0,16.0,0.3333131308
452.0,16.25,0.3259179754
452.0,16.5,0.3198637134
452.0,16.75,0.3151770009
452.0,17.0,0.3118787042
452.0,17.25,0.3099830333
452.0,17.5,0.3094966599
452.0,17.75,0.3104178349
452.0,18.0,0.3127355306
452.0,18.25,0.3164286282
452.0,18.5,0.3214651755
452.0,18.75,0.3278017416
452.0,19.0,0.3353828919
452.0,19.25,0.3441408106
452.0,19.5,0.3539950929
452.0,19.75,0.364852728
452.0,20.0,0.376608293
452.0,20.25,0.3891443707
452.0,20.5,0.4023322018
452.0,20.75,0.4160325771
452.0,21.0,0.4300969675
452.0,21.25,0.4443688867
452.0,21.5,0.4586854714
452.0,21.75,0.4728792613
452.0,22.0,0.486780152
452.0,22.25,0.5002174902
452.0,22.5,0.5130222739
452.0,22.75,0.5250294173
452.0,23.0,0.5360800357
452.0,23.25,0.546023704
452.0,23.5,0.5547206411
452.0,23.75,0.5620437718
452.0,24.0,0.5678806222
452.0,24.25,0.5721350035
452.0,24.5,0.5747284466
452.0,24.75,0.575601354
452.0,25.0,0.5747138409
452.0,25.25,0.5720462467
452.0,25.5,0.5675993037
452.0,25.75,0.5613939601
452.0,26.0,0.5534708605
452.0,26.25,0.5438894969
452.0,26.5,0.5327270515
452.0,26.75,0.5200769569
452.0,27.0,0.506047209
452.0,27.25,0.4907584717
452.0,27.5,0.4743420156
452.0,27.75,0.4569375388
452.0,28.0,0.4386909158
452.0,28.25,0.419751923
452.0,28.5,0.4002719889
452.0,28.75,0.380402012
452.0,29.0,0.3602902877
452.0,29.25,0.3400805823
452.0,29.5,0.3199103844
452.0,29.75,0.2999093595
452.0,30.0,0.2801980281
452.0,30.25,0.2608866804
452.0,30.5,0.2420745337
452.0,30.75,0.2238491345
452.0,31.0,0.2062859994
452.0,31.25,0.1894484854
452.0,31.5,0.1733878739
452.0,31.75,0.158143651
452.0,32.0,0.1437439614
452.0,32.25,0.1302062127
452.0,32.5,0.1175378047
452.0,32.75,0.1057369574
452.0,33.0,0.0947936126
452.0,33.25,0.0846903837
452.0,33.5,0.0754035302
452.0,33.75,0.0669039347
452.0,34.0,0.0591580638
452.0,34.25,0.0521288947
452.0,34.5,0.0457767941
452.0,34.75,0.0400603371
452.0,35.0,0.0349370574
452.05,0.0,1.3693601353
452.05,0.25,1.3761182236
452.05,0.5,1.3815826588
452.05,0.75,1.3857377972
452.05,1.0,1.3885717159
452.05,1.25,1.3900762708
452.05,1.5,1.3902471348
452.05,1.75,1.3890838196
452.05,2.0,1.3865896777
452.05,2.25,1.3827718874
452.05,2.5,1.377641418
452.05,2.75,1.3712129789
452.05,3.0,1.3635049494
452.05,3.25,1.354539293
452.05,3.5,1.3443414539
452.05,3.75,1.332940239
452.05,4.0,1.3203676842
452.05,4.25,1.3066589078
452.05,4.5,1.2918519504
452.05,4.75,1.2759876038
452.05,5.0,1.2591092293
452.05,5.25,1.2412625679
452.05,5.5,1.222495542
452.05,5.75,1.2028580523
452.05,6.0,1.1824017699
452.05,6.25,1.1611799261
452.05,6.5,1.1392471012
452.05,6.75,1.1166590144
452.05,7.0,1.0934723163
452.05,7.25,1.069744386
452.05,7.5,1.0455331343
452.05,7.75,1.0208968158
452.05,8.0,0.9958938499
452.05,8.25,0.9705826544
452.05,8.5,0.9450214921
452.05,8.75,0.9192683319
452.05,9.0,0.8933807271
452.05,9.25,0.8674157107
452.05,9.5,0.8414297095
452.05,9.75,0.8154784782
452.05,10.0,0.7896170524
452.05,10.25,0.7638997233
452.05,10.5,0.7383800316
452.05,10.75,0.7131107808
452.05,11.0,0.688144069
452.05,11.25,0.6635313375
452.05,11.5,0.6393234333
452.05,11.75,0.6155706834
452.05,12.0,0.592322977
452.05,12.25,0.5696298515
452.05,12.5,0.547540577
452.05,12.75,0.5261042349
452.05,13.0,0.5053697833
452.05,13.25,0.4853861036
452.05,13.5,0.4662020208
452.05,13.75,0.4478662904
452.05,14.0,0.430427545
452.05,14.25,0.413934192
452.05,14.5,0.3984342577
452.05,14.75,0.3839751694
452.05,15.0,0.3706034711
452.05,15.25,0.358364468
452.05,15.5,0.347301797
452.05,15.75,0.3374569227
452.05,16.0,0.3288685579
452.05,16.25,0.3215720134
452.05,16.5,0.3155984821
452.05,16.75,0.3109742648
452.05,17.0,0.3077199492
452.05,17.25,0.3058495562
452.05,17.5,0.3053696683
452.05,17.75,0.3062785599
452.05,18.0,0.3085653503
452.05,18.25,0.3122092022
452.05,18.5,0.3171785895
452.05,18.75,0.3234306605
452.05,19.0,0.3309107197
452.05,19.25,0.3395518558
452.05,19.5,0.3492747358
452.05,19.75,0.3599875895
452.05,20.0,0.3715863996
452.05,20.25,0.3839553146
452.05,20.5,0.3969672923
452.05,20.75,0.4104849795
452.05,21.0,0.424361828
452.05,21.25,0.4384434378
452.05,21.5,0.4525691176
452.05,21.75,0.4665736401
452.05,22.0,0.480289169
452.05,22.25,0.4935473267
452.05,22.5,0.5061813647
452.05,22.75,0.5180283984
452.05,23.0,0.5289316621
452.05,23.25,0.5387427363
452.05,23.5,0.5473237038
452.05,23.75,0.5545491841
452.05,24.0,0.5603082028
452.05,24.25,0.5645058539
452.05,24.5,0.5670647147
452.05,24.75,0.5679259823
452.05,25.0,0.5670503038
452.05,25.25,0.5644182807
452.05,25.5,0.5600306356
452.05,25.75,0.5539080373
452.05,26.0,0.5460905884
452.05,26.25,0.5366369878
452.05,26.5,0.5256233883
452.05,26.75,0.5131419768
452.05,27.0,0.4992993089
452.05,27.25,0.4842144397
452.05,27.5,0.4680168893
452.05,27.75,0.450844493
452.05,28.0,0.43284118
452.05,28.25,0.4141547297
452.05,28.5,0.3949345514
452.05,28.75,0.3753295312
452.05,29.0,0.3554859872
452.05,29.25,0.3355457687
452.05,29.5,0.3156445308
452.05,29.75,0.2959102101
452.05,30.0,0.27646172
452.05,30.25,0.2574078799
452.05,30.5,0.2388465843
452.05,30.75,0.2208642122
452.05,31.0,0.2035352732
452.05,31.25,0.1869222795
452.05,31.5,0.1710758287
452.05,31.75,0.1560348803
452.05,32.0,0.1418272037
452.05,32.25,0.1284699745
452.05,32.5,0.1159704937
452.05,32.75,0.1043270051
452.05,33.0,0.0935295846
452.05,33.25,0.0835610775
452.05,33.5,0.0743980598
452.05,33.75,0.0660118024
452.05,34.0,0.058369219
452.05,34.25,0.0514337806
452.05,34.5,0.0451663822
452.05,34.75,0.0395261515
452.05,35.0,0.0344711883
452.1,0.0,1.3503602633
452.1,0.25,1.357024583
452.1,0.5,1.3624131992
452.1,0.75,1.366510685
452.1,1.0,1.3693052832
452.1,1.25,1.3707889623
452.1,1.5,1.3709574556
452.1,1.75,1.3698102814
452.1,2.0,1.3673507458
452.1,2.25,1.3635859272
452.1,2.5,1.3585266431
452.1,2.75,1.3521873986
452.1,3.0,1.344586318
452.1,3.25,1.3357450601
452.1,3.5,1.3256887161
452.1,3.75,1.314445693
452.1,4.0,1.3020475824
452.1,4.25,1.2885290153
452.1,4.5,1.2739275044
452.1,4.75,1.2582832756
452.1,5.0,1.2416390886
452.1,5.25,1.2240400496
452.1,5.5,1.2055334162
452.1,5.75,1.1861683966
452.1,6.0,1.1659959451
452.1,6.25,1.1450685544
452.1,6.5,1.1234400475
452.1,6.75,1.1011653704
452.1,7.0,1.0783003877
452.1,7.25,1.0549016824
452.1,7.5,1.0310263619
452.1,7.75,1.0067318723
452.1,8.0,0.9820758226
452.1,8.25,0.95711582
452.1,8.5,0.9319093188
452.1,8.75,0.9065134836
452.1,9.0,0.8809850693
452.1,9.25,0.8553803175
452.1,9.5,0.8297548722
452.1,9.75,0.8041637142
452.1,10.0,0.7786611156
452.1,10.25,0.7533006146
452.1,10.5,0.7281350086
452.1,10.75,0.7032163686
452.1,11.0,0.67859607
452.1,11.25,0.6543248401
452.1,11.5,0.6304528205
452.1,11.75,0.60702964
452.1,12.0,0.5841044956
452.1,12.25,0.5617262372
452.1,12.5,0.5399434514
452.1,12.75,0.5188045386
452.1,13.0,0.4983577775
452.1,13.25,0.4786513713
452.1,13.5,0.4597334677
452.1,13.75,0.4416521456
452.1,14.0,0.4244553627
452.1,14.25,0.408190855
452.1,14.5,0.3929059823
452.1,14.75,0.3786475139
452.1,15.0,0.3654613479
452.1,15.25,0.3533921609
452.1,15.5,0.3424829845
452.1,15.75,0.3327747079
452.1,16.0,0.3243055066
452.1,16.25,0.3171102017
452.1,16.5,0.3112195531
452.1,16.75,0.3066594968
452.1,17.0,0.3034503349
452.1,17.25,0.3016058936
452.1,17.5,0.3011326642
452.1,17.75,0.3020289449
452.1,18.0,0.304284006
452.1,18.25,0.3078772994
452.1,18.5,0.3127777366
452.1,18.75,0.31894306
452.1,19.0,0.3263193334
452.1,19.25,0.3348405737
452.1,19.5,0.3444285488
452.1,19.75,0.3549927616
452.1,20.0,0.3664306382
452.1,20.25,0.3786279346
452.1,20.5,0.391459371
452.1,20.75,0.4047895004
452.1,21.0,0.4184738075
452.1,21.25,0.4323600351
452.1,21.5,0.4462897211
452.1,21.75,0.4600999307
452.1,22.0,0.4736251567
452.1,22.25,0.4866993575
452.1,22.5,0.4991580981
452.1,22.75,0.5108407543
452.1,23.0,0.5215927352
452.1,23.25,0.5312676807
452.1,23.5,0.5397295873
452.1,23.75,0.546854814
452.1,24.0,0.5525339264
452.1,24.25,0.5566733351
452.1,24.5,0.5591966917
452.1,24.75,0.5600460092
452.1,25.0,0.5591824807
452.1,25.25,0.5565869769
452.1,25.5,0.5522602104
452.1,25.75,0.5462225632
452.1,26.0,0.5385135814
452.1,26.25,0.5291911495
452.1,26.5,0.5183303638
452.1,26.75,0.5060221318
452.1,27.0,0.492371531
452.1,27.25,0.4774959642
452.1,27.5,0.4615231549
452.1,27.75,0.4445890256
452.1,28.0,0.4268355085
452.1,28.25,0.4084083327
452.1,28.5,0.3894548344
452.1,28.75,0.3701218339
452.1,29.0,0.3505536191
452.1,29.25,0.3308900711
452.1,29.5,0.3112649629
452.1,29.75,0.2918044559
452.1,30.0,0.2726258136
452.1,30.25,0.2538363456
452.1,30.5,0.2355325879
452.1,30.75,0.2177997212
452.1,31.0,0.2007112213
452.1,31.25,0.1843287328
452.1,31.5,0.1687021515
452.1,31.75,0.1538698963
452.1,32.0,0.1398593512
452.1,32.25,0.1266874536
452.1,32.5,0.1143614031
452.1,32.75,0.1028794679
452.1,33.0,0.0922318616
452.1,33.25,0.0824016676
452.1,33.5,0.0733657867
452.1,33.75,0.0650958887
452.1,34.0,0.0575593461
452.1,34.25,0.0507201369
452.1,34.5,0.0445396987
452.1,34.75,0.0389777261
452.1,35.0,0.0339929006
452.15,0.0,1.3308945805
452.15,0.25,1.3374628329
452.15,0.5,1.3427737712
452.15,0.75,1.3468121911
452.15,1.0,1.3495665046
452.15,1.25,1.3510287963
452.15,1.5,1.3511948607
452.15,1.75,1.3500642232
452.15,2.0,1.3476401422
452.15,2.25,1.3439295942
452.15,2.5,1.3389432405
452.15,2.75,1.3326953773
452.15,3.0,1.3252038677
452.15,3.25,1.3164900581
452.15,3.5,1.306578678
452.15,3.75,1.2954977251
452.15,4.0,1.2832783355
452.15,4.25,1.2699546409
452.15,4.5,1.2555636134
452.15,4.75,1.2401448989
452.15,5.0,1.2237406408
452.15,5.25,1.2063952951
452.15,5.5,1.1881554381
452.15,5.75,1.1690695688
452.15,6.0,1.1491879067
452.15,6.25,1.1285621881
452.15,6.5,1.1072454599
452.15,6.75,1.0852918762
452.15,7.0,1.0627564964
452.15,7.25,1.0396950875
452.15,7.5,1.016163934
452.15,7.75,0.9922196538
452.15,8.0,0.9679190254
452.15,8.25,0.9433188256
452.15,8.5,0.9184756806
452.15,8.75,0.8934459309
452.15,9.0,0.8682855133
452.15,9.25,0.8430498585
452.15,9.5,0.8177938085
452.15,9.75,0.7925715516
452.15,10.0,0.7674365775
452.15,10.25,0.7424416526
452.15,10.5,0.7176388133
452.15,10.75,0.6930793799
452.15,11.0,0.6688139872
452.15,11.25,0.6448926314
452.15,11.5,0.6213647313
452.15,11.75,0.5982792001
452.15,12.0,0.5756845257
452.15,12.25,0.5536288539
452.15,12.5,0.5321600708
452.15,12.75,0.5113258791
452.15,13.0,0.4911738617
452.15,13.25,0.4717515269
452.15,13.5,0.4531063282
452.15,13.75,0.4352856515
452.15,14.0,0.4183367633
452.15,14.25,0.4023067114
452.15,14.5,0.3872421729
452.15,14.75,0.3731892428
452.15,15.0,0.3601931577
452.15,15.25,0.3482979502
452.15,15.5,0.3375460315
452.15,15.75,0.3279777014
452.15,16.0,0.3196305852
452.15,16.25,0.3125390019
452.15,16.5,0.3067332681
452.15,16.75,0.3022389457
452.15,17.0,0.2990760444
452.15,17.25,0.2972581911
452.15,17.5,0.2967917834
452.15,17.75,0.297675144
452.15,18.0,0.2998976981
452.15,18.25,0.3034391936
452.15,18.5,0.30826899
452.15,18.75,0.3143454392
452.15,19.0,0.3216153823
452.15,19.25,0.3300137874
452.15,19.5,0.3394635502
452.15,19.75,0.349875478
452.15,20.0,0.3611484756
452.15,20.25,0.3731699457
452.15,20.5,0.3858164147
452.15,20.75,0.3989543879
452.15,21.0,0.4124414334
452.15,21.25,0.4261274885
452.15,21.5,0.4398563756
452.15,21.75,0.4534675086
452.15,22.0,0.4667977661
452.15,22.25,0.4796834999
452.15,22.5,0.4919626456
452.15,22.75,0.5034768942
452.15,23.0,0.5140738834
452.15,23.25,0.5236093629
452.15,23.5,0.5319492896
452.15,23.75,0.5389718049
452.15,24.0,0.5445690519
452.15,24.25,0.5486487903
452.15,24.5,0.5511357722
452.15,24.75,0.5519728467
452.15,25.0,0.5511217661
452.15,25.25,0.5485636769
452.15,25.5,0.5442992815
452.15,25.75,0.5383486681
452.15,26.0,0.5307508126
452.15,26.25,0.5215627652
452.15,26.5,0.5108585396
452.15,26.75,0.498727733
452.15,27.0,0.485273908
452.15,27.25,0.4706127752
452.15,27.5,0.4548702167
452.15,27.75,0.4381801959
452.15,28.0,0.4206825989
452.15,28.25,0.4025210542
452.15,28.5,0.3838407739
452.15,28.75,0.364786462
452.15,29.0,0.3455003264
452.15,29.25,0.326120232
452.15,29.5,0.3067780232
452.15,29.75,0.2875980429
452.15,30.0,0.2686958641
452.15,30.25,0.2501772496
452.15,30.5,0.2321373439
452.15,30.75,0.2146600996
452.15,31.0,0.1978179334
452.15,31.25,0.1816716014
452.15,31.5,0.1662702801
452.15,31.75,0.1516518344
452.15,32.0,0.1378432539
452.15,32.25,0.1248612315
452.15,32.5,0.1127128632
452.15,32.75,0.1013964421
452.15,33.0,0.0909023229
452.15,33.25,0.0812138329
452.15,33.5,0.0723082059
452.15,33.75,0.0641575199
452.15,34.0,0.0567296179
452.15,34.25,0.0499889971
452.15,34.5,0.043897651
452.15,34.75,0.0384158553
452.15,35.0,0.0335028869
452.2,0.0,1.3109909738
452.2,0.25,1.3174609976
452.2,0.5,1.3226925106
452.2,0.75,1.3266705356
452.2,1.0,1.3293836582
452.2,1.25,1.3308240812
452.2,1.5,1.3309876621
452.2,1.75,1.3298739334
452.2,2.0,1.3274861047
452.2,2.25,1.3238310481
452.2,2.5,1.3189192657
452.2,2.75,1.3127648396
452.2,3.0,1.305385366
452.2,3.25,1.2968018719
452.2,3.5,1.2870387171
452.2,3.75,1.2761234805
452.2,4.0,1.2640868326
452.2,4.25,1.2509623946
452.2,4.5,1.2367865858
452.2,4.75,1.2215984591
452.2,5.0,1.2054395276
452.2,5.25,1.1883535826
452.2,5.5,1.1703865037
452.2,5.75,1.1515860647
452.2,6.0,1.1320017341
452.2,6.25,1.1116844742
452.2,6.5,1.090686539
452.2,6.75,1.0690612724
452.2,7.0,1.0468629105
452.2,7.25,1.0241463864
452.2,7.5,1.0009671426
452.2,7.75,0.9773809505
452.2,8.0,0.9534437395
452.2,8.25,0.9292114372
452.2,8.5,0.9047398228
452.2,8.75,0.8800843946
452.2,9.0,0.8553002524
452.2,9.25,0.8304419983
452.2,9.5,0.805563654
452.2,9.75,0.7807185974
452.2,10.0,0.7559595184
452.2,10.25,0.731338394
452.2,10.5,0.7069064826
452.2,10.75,0.6827143371
452.2,11.0,0.6588118347
452.2,11.25,0.6352482242
452.2,11.5,0.6120721852
452.2,11.75,0.5893318995
452.2,12.0,0.5670751298
452.2,12.25,0.5453493018
452.2,12.5,0.5242015857
452.2,12.75,0.5036789705
452.2,13.0,0.4838283277
452.2,13.25,0.4646964551
452.2,13.5,0.4463300964
452.2,13.75,0.428775929
452.2,14.0,0.4120805125
452.2,14.25,0.3962901909
452.2,14.5,0.3814509434
452.2,14.75,0.3676081758
452.2,15.0,0.3548064479
452.2,15.25,0.3430891339
452.2,15.5,0.3324980108
452.2,15.75,0.3230727756
452.2,16.0,0.314850491
452.2,16.25,0.3078649627
452.2,16.5,0.302146054
452.2,16.75,0.2977189445
452.2,17.0,0.2946033446
452.2,17.25,0.2928126774
452.2,17.5,0.2923532448
452.2,17.75,0.2932233948
452.2,18.0,0.2954127104
452.2,18.25,0.2989012426
452.2,18.5,0.3036588091
452.2,18.75,0.3096443847
452.2,19.0,0.3168056054
452.2,19.25,0.3250784118
452.2,19.5,0.3343868528
452.2,19.75,0.3446430696
452.2,20.0,0.3557474789
452.2,20.25,0.3675891672
452.2,20.5,0.3800465076
452.2,20.75,0.3929880016
452.2,21.0,0.4062733475
452.2,21.25,0.4197547268
452.2,21.5,0.4332782976
452.2,21.75,0.4466858754
452.2,22.0,0.459816778
452.2,22.25,0.4725098049
452.2,22.5,0.4846053153
452.2,22.75,0.4959473677
452.2,23.0,0.5063858782
452.2,23.25,0.5157787541
452.2,23.5,0.5239939567
452.2,23.75,0.5309114499
452.2,24.0,0.5364249897
452.2,24.25,0.5404437154
452.2,24.5,0.5428935044
452.2,24.75,0.5437180603
452.2,25.0,0.5428797077
452.2,25.25,0.5403598749
452.2,25.5,0.5361592538
452.2,25.75,0.5302976321
452.2,26.0,0.522813403
452.2,26.25,0.5137627634
452.2,26.5,0.5032186201
452.2,26.75,0.4912692304
452.2,27.0,0.4780166082
452.2,27.25,0.4635747335
452.2,27.5,0.4480676059
452.2,27.75,0.4316271853
452.2,28.0,0.414391266
452.2,28.25,0.3965013281
452.2,28.5,0.3781004125
452.2,28.75,0.359331059
452.2,29.0,0.3403333488
452.2,29.25,0.3212430848
452.2,29.5,0.3021901399
452.2,29.75,0.2832969972
452.2,30.0,0.2646775017
452.2,30.25,0.2464358342
452.2,30.5,0.2286657163
452.2,30.75,0.2114498452
452.2,31.0,0.1948595546
452.2,31.25,0.178954692
452.2,31.5,0.1637836983
452.2,31.75,0.1493838723
452.2,32.0,0.1357817999
452.2,32.25,0.1229939244
452.2,32.5,0.1110272357
452.2,32.75,0.0998800523
452.2,33.0,0.0895428734
452.2,33.25,0.0799992753
452.2,33.5,0.0712268324
452.2,33.75,0.0631980404
452.2,34.0,0.0558812232
452.2,34.25,0.0492414087
452.2,34.5,0.0432411591
452.2,34.75,0.0378413439
452.2,35.0,0.0330018492
452.25,0.0,1.2906776349
452.25,0.25,1.297047408
452.25,0.5,1.3021978605
452.25,0.75,1.3061142474
452.25,1.0,1.3087853312
452.25,1.25,1.3102034353
452.25,1.5,1.3103644816
452.25,1.75,1.3092680097
452.25,2.0,1.3069171795
452.25,2.25,1.3033187568
452.25,2.5,1.2984830807
452.25,2.75,1.2924240153
452.25,3.0,1.285158884
452.25,3.25,1.2767083881
452.25,3.5,1.2670965099
452.25,3.75,1.256350401
452.25,4.0,1.2445002566
452.25,4.25,1.2315791772
452.25,4.5,1.2176230175
452.25,4.75,1.2026702254
452.25,5.0,1.1867616708
452.25,5.25,1.1699404664
452.25,5.5,1.152251781
452.25,5.75,1.1337426481
452.25,6.0,1.1144617698
452.25,6.25,1.0944593186
452.25,6.5,1.0737867389
452.25,6.75,1.0524965482
452.25,7.0,1.030642142
452.25,7.25,1.0082776023
452.25,7.5,0.9854575127
452.25,7.75,0.9622367803
452.25,8.0,0.9386704678
452.25,8.25,0.9148136364
452.25,8.5,0.890721201
452.25,8.75,0.8664477998
452.25,9.0,0.8420476792
452.25,9.25,0.8175745949
452.25,9.5,0.7930817317
452.25,9.75,0.7686216404
452.25,10.0,0.7442461945
452.25,10.25,0.7200065657
452.25,10.5,0.6959532181
452.25,10.75,0.6721359212
452.25,11.0,0.6486037796
452.25,11.25,0.6254052789
452.25,11.5,0.6025883444
452.25,11.75,0.5802004113
452.25,12.0,0.5582885023
452.25,12.25,0.5368993083
452.25,12.5,0.5160792685
452.25,12.75,0.495874644
452.25,13.0,0.4763315799
452.25,13.25,0.4574961488
452.25,13.5,0.4394143703
452.25,13.75,0.4221321985
452.25,14.0,0.4056954715
452.25,14.25,0.3901498153
452.25,14.5,0.3755404967
452.25,14.75,0.3619122178
452.25,15.0,0.3493088482
452.25,15.25,0.3377730898
452.25,15.5,0.3273460724
452.25,15.75,0.3180668778
452.25,16.0,0.3099719946
452.25,16.25,0.3030947046
452.25,16.5,0.2974644084
452.25,16.75,0.2931058954
452.25,17.0,0.2900385706
452.25,17.25,0.2882756491
452.25,17.5,0.2878233353
452.25,17.75,0.2886800025
452.25,18.0,0.2908353955
452.25,18.25,0.2942698741
452.25,18.5,0.2989537239
452.25,18.75,0.3048465551
452.25,19.0,0.3118968152
452.25,19.25,0.3200414375
452.25,19.5,0.3292056475
452.25,19.75,0.3393029478
452.25,20.0,0.3502352982
452.25,20.25,0.3618935038
452.25,20.5,0.3741578221
452.25,20.75,0.3868987922
452.25,21.0,0.3999782864
452.25,21.25,0.4132507766
452.25,21.5,0.4265648045
452.25,21.75,0.4397646366
452.25,22.0,0.4526920806
452.25,22.25,0.4651884335
452.25,22.5,0.4770965283
452.25,22.75,0.4882628396
452.25,23.0,0.4985396091
452.25,23.25,0.5077869457
452.25,23.5,0.5158748567
452.25,23.75,0.5226851658
452.25,24.0,0.5281132752
452.25,24.25,0.5320697322
452.25,24.5,0.5344815626
452.25,24.75,0.5352933423
452.25,25.0,0.5344679797
452.25,25.25,0.5319871908
452.25,25.5,0.5278516568
452.25,25.75,0.5220808589
452.25,26.0,0.5147125953
452.25,26.25,0.5058021921
452.25,26.5,0.4954214266
452.25,26.75,0.4836571884
452.25,27.0,0.4706099108
452.25,27.25,0.4563918079
452.25,27.5,0.4411249577
452.25,27.75,0.4249392756
452.25,28.0,0.4079704207
452.25,28.25,0.3903576811
452.25,28.5,0.3722418811
452.25,28.75,0.353763352
452.25,29.0,0.3350600045
452.25,29.25,0.3162655374
452.25,29.5,0.2975078111
452.25,29.75,0.278907411
452.25,30.0,0.2605764179
452.25,30.25,0.2426173985
452.25,30.5,0.2251226223
452.25,30.75,0.208173505
452.25,31.0,0.1918402751
452.25,31.25,0.1761818527
452.25,31.5,0.1612459281
452.25,31.75,0.1470692223
452.25,32.0,0.1336779092
452.25,32.25,0.1210881773
452.25,32.5,0.1093069081
452.25,32.75,0.0983324464
452.25,33.0,0.0881554384
452.25,33.25,0.0787597149
452.25,33.5,0.070123198
452.25,33.75,0.0622188092
452.25,34.0,0.0550153635
452.25,34.25,0.0484784306
452.25,34.5,0.0425711527
452.25,34.75,0.0372550058
452.25,35.0,0.0324904973
452.3,0.0,1.2699829943
452.3,0.25,1.2762506349
452.3,0.5,1.2813185054
452.3,0.75,1.2851720972
452.3,1.0,1.287800353
452.3,1.25,1.2891957194
452.3,1.5,1.2893541834
452.3,1.75,1.2882752923
452.3,2.0,1.2859621552
452.3,2.25,1.2824214293
452.3,2.5,1.2776632881
452.3,2.75,1.2717013734
452.3,3.0,1.2645527307
452.3,3.25,1.2562377295
452.3,3.5,1.2467799675
452.3,3.75,1.236206161
452.3,4.0,1.2245460211
452.3,4.25,1.2118321174
452.3,4.5,1.1980997298
452.3,4.75,1.1833866898
452.3,5.0,1.167733212
452.3,5.25,1.1511817177
452.3,5.5,1.1337766515
452.3,5.75,1.1155642928
452.3,6.0,1.0965925628
452.3,6.25,1.0769108297
452.3,6.5,1.0565697127
452.3,6.75,1.0356208876
452.3,7.0,1.0141168935
452.3,7.25,0.9921109454
452.3,7.5,0.9696567516
452.3,7.75,0.9468083388
452.3,8.0,0.923619887
452.3,8.25,0.9001455745
452.3,8.5,0.8764394357
452.3,8.75,0.8525552326
452.3,9.0,0.8285463419
452.3,9.25,0.8044656575
452.3,9.5,0.7803655112
452.3,9.75,0.7562976114
452.3,10.0,0.7323129998
452.3,10.25,0.7084620276
452.3,10.5,0.6847943498
452.3,10.75,0.6613589379
452.3,11.0,0.6382041092
452.3,11.25,0.6153775717
452.3,11.5,0.5929264823
452.3,11.75,0.5708975159
452.3,12.0,0.5493369411
452.3,12.25,0.5282907
452.3,12.5,0.5078044874
452.3,12.75,0.4879238225
452.3,13.0,0.4686941105
452.3,13.25,0.4501606855
452.3,13.5,0.4323688291
452.3,13.75,0.4153637585
452.3,14.0,0.3991905769
452.3,14.25,0.3838941787
452.3,14.5,0.369519105
452.3,14.75,0.356109341
452.3,15.0,0.343708053
452.3,15.25,0.3323572582
452.3,15.5,0.3220974269
452.3,15.75,0.3129670144
452.3,16.0,0.305001924
452.3,16.25,0.298234904
452.3,16.5,0.2926948835
452.3,16.75,0.2884062547
452.3,17.0,0.2853881111
452.3,17.25,0.2836534563
452.3,17.5,0.2832083948
452.3,17.75,0.2840513263
452.3,18.0,0.2861721598
452.3,18.25,0.2895515703
452.3,18.5,0.2941603195
452.3,18.75,0.2999586654
452.3,19.0,0.3068958821
452.3,19.25,0.314909914
452.3,19.5,0.3239271857
452.3,19.75,0.3338625866
452.3,20.0,0.3446196484
452.3,20.25,0.3560909271
452.3,20.5,0.3681586001
452.3,20.75,0.3806952824
452.3,21.0,0.3935650608
452.3,21.25,0.4066247408
452.3,21.5,0.4197252924
452.3,21.75,0.4327134792
452.3,22.0,0.4454336454
452.3,22.25,0.4577296327
452.3,22.5,0.4694467939
452.3,22.75,0.4804340652
452.3,23.0,0.4905460577
452.3,23.25,0.4996451231
452.3,23.5,0.507603353
452.3,23.75,0.5143044661
452.3,24.0,0.5196455416
452.3,24.25,0.523538561
452.3,24.5,0.5259117202
452.3,24.75,0.526710484
452.3,25.0,0.5258983551
452.3,25.25,0.5234573431
452.3,25.5,0.5193881179
452.3,25.75,0.5137098486
452.3,26.0,0.5064597273
452.3,26.25,0.4976921929
452.3,26.5,0.4874778719
452.3,26.75,0.4759022607
452.3,27.0,0.4630641824
452.3,27.25,0.4490740515
452.3,27.5,0.434051989
452.3,27.75,0.4181258271
452.3,28.0,0.4014290497
452.3,28.25,0.3840987116
452.3,28.5,0.3662733792
452.3,28.75,0.3480911336
452.3,29.0,0.3296876744
452.3,29.25,0.3111945565
452.3,29.5,0.2927375904
452.3,29.75,0.2744354279
452.3,30.0,0.2563983527
452.3,30.25,0.2387272871
452.3,30.5,0.2215130209
452.3,30.75,0.2048356647
452.3,31.0,0.1887643207
452.3,31.25,0.1733569644
452.3,31.5,0.1586605215
452.3,31.75,0.1447111241
452.3,32.0,0.1315345264
452.3,32.25,0.1191466574
452.3,32.5,0.1075542883
452.3,32.75,0.0967557904
452.3,33.0,0.0867419599
452.3,33.25,0.0774968868
452.3,33.5,0.0689988472
452.3,33.75,0.0612211969
452.3,34.0,0.0541332507
452.3,34.25,0.0477011306
452.3,34.5,0.0418885696
452.3,34.75,0.0366576614
452.3,35.0,0.0319695468
452.35,0.0,1.2489356562
452.35,0.25,1.2550994236
452.35,0.5,1.2600833047
452.35,0.75,1.2638730312
452.35,1.0,1.2664577291
452.35,1.25,1.2678299701
452.35,1.5,1.267985808
452.35,1.75,1.2669247972
452.35,2.0,1.2646499956
452.35,2.25,1.2611679499
452.35,2.5,1.2564886651
452.35,2.75,1.2506255567
452.35,3.0,1.243595388
452.35,3.25,1.2354181907
452.35,3.5,1.2261171716
452.35,3.75,1.215718604
452.35,4.0,1.2042517068
452.35,4.25,1.1917485097
452.35,4.5,1.178243708
452.35,4.75,1.1637745062
452.35,5.0,1.1483804523
452.35,5.25,1.1321032647
452.35,5.5,1.1149866515
452.35,5.75,1.0970761249
452.35,6.0,1.078418812
452.35,6.25,1.0590632629
452.35,6.5,1.0390592578
452.35,6.75,1.018457616
452.35,7.0,0.9973100061
452.35,7.25,0.9756687611
452.35,7.5,0.953586699
452.35,7.75,0.9311169514
452.35,8.0,0.9083128002
452.35,8.25,0.8852275258
452.35,8.5,0.8619142671
452.35,8.75,0.8384258952
452.35,9.0,0.8148149021
452.35,9.25,0.7911333052
452.35,9.5,0.7674325689
452.35,9.75,0.7437635447
452.35,10.0,0.7201764284
452.35,10.25,0.6967207367
452.35,10.5,0.6734453016
452.35,10.75,0.6503982831
452.35,11.0,0.6276271977
452.35,11.25,0.6051789628
452.35,11.5,0.5830999538
452.35,11.75,0.5614360719
452.35,12.0,0.5402328189
452.35,12.25,0.5195353757
452.35,12.5,0.4993886796
452.35,12.75,0.4798374956
452.35,13.0,0.4609264763
452.35,13.25,0.4427002044
452.35,13.5,0.4252032111
452.35,13.75,0.4084799644
452.35,14.0,0.3925748198
452.35,14.25,0.3775319277
452.35,14.5,0.3633950911
452.35,14.75,0.3502075662
452.35,15.0,0.3380118038
452.35,15.25,0.3268491249
452.35,15.5,0.3167593291
452.35,15.75,0.3077802342
452.35,16.0,0.2999471487
452.35,16.25,0.2932922781
452.35,16.5,0.287844072
452.35,16.75,0.2836265183
452.35,17.0,0.2806583942
452.35,17.25,0.2789524877
452.35,17.5,0.2785148021
452.35,17.75,0.2793437638
452.35,18.0,0.2814294489
452.35,18.25,0.2847528526
452.35,18.5,0.2892852214
452.35,18.75,0.2949874717
452.35,19.0,0.3018097184
452.35,19.25,0.3096909344
452.35,19.5,0.3185587634
452.35,19.75,0.3283295057
452.35,20.0,0.3389082914
452.35,20.25,0.3501894574
452.35,20.5,0.3620571337
452.35,20.75,0.3743860465
452.35,21.0,0.387042535
452.35,21.25,0.3998857778
452.35,21.5,0.4127692149
452.35,21.75,0.4255421494
452.35,22.0,0.4380515052
452.35,22.25,0.450143712
452.35,22.5,0.4616666854
452.35,22.75,0.4724718656
452.35,23.0,0.4824162727
452.35,23.25,0.4913645399
452.35,23.5,0.4991908787
452.35,23.75,0.5057809346
452.35,24.0,0.5110334929
452.35,24.25,0.5148619935
452.35,24.5,0.5171958226
452.35,24.75,0.5179813485
452.35,25.0,0.517182679
452.35,25.25,0.5147821216
452.35,25.5,0.5107803355
452.35,25.75,0.5051961717
452.35,26.0,0.4980662061
452.35,26.25,0.4894439755
452.35,26.5,0.4793989357
452.35,26.75,0.4680151663
452.35,27.0,0.4553898525
452.35,27.25,0.4416315791
452.35,27.5,0.4268584762
452.35,27.75,0.4111962574
452.35,28.0,0.3947761945
452.35,28.25,0.3777330709
452.35,28.5,0.3602031564
452.35,28.75,0.342322244
452.35,29.0,0.324223784
452.35,29.25,0.3060371512
452.35,29.5,0.2878860711
452.35,29.75,0.269887229
452.35,30.0,0.252149081
452.35,30.25,0.2347708767
452.35,30.5,0.2178419014
452.35,30.75,0.2014409378
452.35,31.0,0.185635943
452.35,31.25,0.1704839317
452.35,31.5,0.1560310519
452.35,31.75,0.1423128369
452.35,32.0,0.129354614
452.35,32.25,0.1171720483
452.35,32.5,0.1057717988
452.35,32.75,0.0951522636
452.35,33.0,0.0853043915
452.35,33.25,0.0762125364
452.35,33.5,0.0678553342
452.35,33.75,0.0602065824
452.35,34.0,0.0532361042
452.35,34.25,0.0469105831
452.35,34.5,0.0411943533
452.35,34.75,0.0360501366
452.35,35.0,0.0314397178
452.4,0.0,1.2275643333
452.4,0.25,1.2336226286
452.4,0.5,1.2385212273
452.4,0.75,1.2422461055
452.4,1.0,1.244786575
452.4,1.25,1.2461353347
452.4,1.5,1.246288506
452.4,1.75,1.2452456508
452.4,2.0,1.2430097747
452.4,2.25,1.2395873125
452.4,2.5,1.2349880979
452.4,2.75,1.2292253168
452.4,3.0,1.2223154458
452.4,3.25,1.2142781736
452.4,3.5,1.2051363101
452.4,3.75,1.194915679
452.4,4.0,1.183644999
452.4,4.25,1.171355752
452.4,4.5,1.1580820394
452.4,4.75,1.1438604292
452.4,5.0,1.1287297927
452.4,5.25,1.1127311343
452.4,5.5,1.0959074142
452.4,5.75,1.0783033659
452.4,6.0,1.05996531
452.4,6.25,1.0409409658
452.4,6.5,1.0212792619
452.4,6.75,1.0010301477
452.4,7.0,0.9802444078
452.4,7.25,0.9589734797
452.4,7.5,0.9372692777
452.4,7.75,0.9151840241
452.4,8.0,0.892770089
452.4,8.25,0.8700798412
452.4,8.5,0.8471655104
452.4,8.75,0.8240790628
452.4,9.0,0.8008720923
452.4,9.25,0.777595726
452.4,9.5,0.754300548
452.4,9.75,0.7310365393
452.4,10.0,0.7078530369
452.4,10.25,0.6847987103
452.4,10.5,0.6619215558
452.4,10.75,0.6392689094
452.4,11.0,0.6168874743
452.4,11.25,0.5948233653
452.4,11.5,0.573122164
452.4,11.75,0.5518289864
452.4,12.0,0.5309885556
452.4,12.25,0.5106452794
452.4,12.5,0.4908433261
452.4,12.75,0.4716266946
452.4,13.0,0.4530392737
452.4,13.25,0.435124883
452.4,13.5,0.4179272918
452.4,13.75,0.401490207
452.4,14.0,0.3858572253
452.4,14.25,0.3710717417
452.4,14.5,0.3571768093
452.4,14.75,0.3442149444
452.4,15.0,0.3322278714
452.4,15.25,0.3212562042
452.4,15.5,0.3113390612
452.4,15.75,0.3025136132
452.4,16.0,0.2948145646
452.4,16.25,0.2882735696
452.4,16.5,0.2829185912
452.4,16.75,0.2787732067
452.4,17.0,0.2758558721
452.4,17.25,0.2741791563
452.4,17.5,0.2737489603
452.4,17.75,0.2745637371
452.4,18.0,0.2766137328
452.4,18.25,0.2798802676
452.4,18.5,0.2843350801
452.4,18.75,0.2899397557
452.4,19.0,0.2966452626
452.4,19.25,0.3043916182
452.4,19.5,0.3131077042
452.4,19.75,0.3227112531
452.4,20.0,0.3331090187
452.4,20.25,0.3441971455
452.4,20.5,0.3558617466
452.4,20.75,0.3679796915
452.4,21.0,0.3804196069
452.4,21.25,0.3930430809
452.4,21.5,0.4057060614
452.4,21.75,0.4182604303
452.4,22.0,0.4305557306
452.4,22.25,0.44244102
452.4,22.5,0.4537668166
452.4,22.75,0.4643871025
452.4,23.0,0.4741613447
452.4,23.25,0.4829564925
452.4,23.5,0.4906489098
452.4,23.75,0.4971261992
452.4,24.0,0.5022888776
452.4,24.25,0.5060518664
452.4,24.5,0.5083457599
452.4,24.75,0.5091178441
452.4,25.0,0.5083328411
452.4,25.25,0.5059733612
452.4,25.5,0.5020400522
452.4,25.75,0.4965514425
452.4,26.0,0.4895434822
452.4,26.25,0.481068792
452.4,26.5,0.4711956392
452.4,26.75,0.4600066647
452.4,27.0,0.4475973906
452.4,27.25,0.4340745436
452.4,27.5,0.4195542325
452.4,27.75,0.4041600198
452.4,28.0,0.3880209309
452.4,28.25,0.3712694429
452.4,28.5,0.3540394939
452.4,28.75,0.3364645529
452.4,29.0,0.318675787
452.4,29.25,0.3008003572
452.4,29.5,0.2829598716
452.4,29.75,0.265269019
452.4,30.0,0.2478343996
452.4,30.25,0.2307535647
452.4,30.5,0.2141142717
452.4,30.75,0.1979939553
452.4,31.0,0.1824594097
452.4,31.25,0.167566674
452.4,31.5,0.1533611065
452.4,31.75,0.1398776325
452.4,32.0,0.1271411459
452.4,32.25,0.1151670437
452.4,32.5,0.103961871
452.4,32.75,0.0935240534
452.4,33.0,0.0838446945
452.4,33.25,0.0749084158
452.4,33.5,0.066694219
452.4,33.75,0.0591763497
452.4,34.0,0.0523251478
452.4,34.25,0.0461078667
452.4,34.5,0.0404894508
452.4,34.75,0.0354332601
452.4,35.0,0.030901733
452.45,0.0,1.2058977826
452.45,0.25,1.2118491488
452.45,0.5,1.2166612871
452.45,0.75,1.220320421
452.45,1.0,1.2228160511
452.45,1.25,1.2241410053
452.45,1.5,1.224291473
452.45,1.75,1.2232670243
452.45,2.0,1.2210706115
452.45,2.25,1.2177085559
452.45,2.5,1.2131905175
452.45,2.75,1.2075294497
452.45,3.0,1.2007415381
452.45,3.25,1.1928461241
452.45,3.5,1.1838656147
452.45,3.75,1.1738253781
452.45,4.0,1.162753626
452.45,4.25,1.1506812846
452.45,4.5,1.1376418535
452.45,4.75,1.1236712552
452.45,5.0,1.1088076749
452.45,5.25,1.0930913933
452.45,5.5,1.0765646124
452.45,5.75,1.0592712761
452.45,6.0,1.0412568876
452.45,6.25,1.0225683237
452.45,6.5,1.0032536494
452.45,6.75,0.9833619328
452.45,7.0,0.9629430619
452.45,7.25,0.9420475664
452.45,7.5,0.9207264442
452.45,7.75,0.8990309961
452.45,8.0,0.8770126677
452.45,8.25,0.8547229035
452.45,8.5,0.8322130114
452.45,8.75,0.8095340404
452.45,9.0,0.7867366736
452.45,9.25,0.763871136
452.45,9.5,0.7409871186
452.45,9.75,0.7181337204
452.45,10.0,0.6953594077
452.45,10.25,0.6727119906
452.45,10.5,0.6502386187
452.45,10.75,0.6279857922
452.45,11.0,0.6059993902
452.45,11.25,0.5843247134
452.45,11.5,0.5630065391
452.45,11.75,0.5420891867
452.45,12.0,0.5216165902
452.45,12.25,0.5016323735
452.45,12.5,0.4821799253
452.45,12.75,0.463302468
452.45,13.0,0.4450431157
452.45,13.25,0.4274449145
452.45,13.5,0.4105508614
452.45,13.75,0.3944038917
452.45,14.0,0.3790468326
452.45,14.25,0.3645223133
452.45,14.5,0.3508726269
452.45,14.75,0.3381395394
452.45,15.0,0.3263640386
452.45,15.25,0.3155860216
452.45,15.5,0.3058439165
452.45,15.75,0.2971742381
452.45,16.0,0.2896110778
452.45,16.25,0.2831855316
452.45,16.5,0.2779250688
452.45,16.75,0.2738528504
452.45,17.0,0.2709870069
452.45,17.25,0.2693398852
452.45,17.5,0.2689172822
452.45,17.75,0.2697176782
452.45,18.0,0.2717314913
452.45,18.25,0.2749403717
452.45,18.5,0.2793165566
452.45,18.75,0.2848223095
452.45,19.0,0.291409464
452.45,19.25,0.2990190961
452.45,19.5,0.307581343
452.45,19.75,0.317015389
452.45,20.0,0.3272296336
452.45,20.25,0.3381220546
452.45,20.5,0.3495807751
452.45,20.75,0.3614848379
452.45,21.0,0.3737051884
452.45,21.25,0.3861058577
452.45,21.5,0.3985453362
452.45,21.75,0.41087812
452.45,22.0,0.4229564079
452.45,22.25,0.4346319215
452.45,22.5,0.4457578175
452.45,22.75,0.456190655
452.45,23.0,0.4657923814
452.45,23.25,0.4744322946
452.45,23.5,0.4819889405
452.45,23.75,0.4883519055
452.45,24.0,0.4934234625
452.45,24.25,0.4971200344
452.45,24.5,0.4993734405
452.45,24.75,0.5001318975
452.45,25.0,0.4993607498
452.45,25.25,0.4970429148
452.45,25.5,0.4931790288
452.45,25.75,0.4877872933
452.45,26.0,0.4809030237
452.45,26.25,0.4725779121
452.45,26.5,0.4628790208
452.45,26.75,0.451887532
452.45,27.0,0.439697282
452.45,27.25,0.4264131137
452.45,27.5,0.4121490866
452.45,27.75,0.3970265822
452.45,28.0,0.3811723488
452.45,28.25,0.3647165251
452.45,28.5,0.3477906852
452.45,28.75,0.3305259425
452.45,29.0,0.313051149
452.45,29.25,0.295491221
452.45,29.5,0.2779656206
452.45,29.75,0.2605870121
452.45,30.0,0.2434601143
452.45,30.25,0.2266807567
452.45,30.5,0.2103351478
452.45,30.75,0.1944993555
452.45,31.0,0.1792389951
452.45,31.25,0.1646091167
452.45,31.5,0.1506542779
452.45,31.75,0.1374087877
452.45,32.0,0.1248971005
452.45,32.25,0.1131343416
452.45,32.5,0.1021269406
452.45,32.75,0.0918733508
452.45,33.0,0.0823648329
452.45,33.25,0.0735862798
452.45,33.5,0.0655170638
452.45,33.75,0.0581318852
452.45,34.0,0.0514016072
452.45,34.25,0.0452940613
452.45,34.5,0.0397748107
452.45,34.75,0.0348078619
452.45,35.0,0.0303563164
452.5,0.0,1.1839647424
452.5,0.25,1.1898078643
452.5,0.5,1.1945324787
452.5,0.75,1.1981250598
452.5,1.0,1.200575299
452.5,1.25,1.2018761547
452.5,1.5,1.2020238857
452.5,1.75,1.2010180698
452.5,2.0,1.1988616056
452.5,2.25,1.1955606996
452.5,2.5,1.1911248359
452.5,2.75,1.1855667325
452.5,3.0,1.1789022803
452.5,3.25,1.1711504692
452.5,3.5,1.1623332987
452.5,3.75,1.1524756753
452.5,4.0,1.1416052978
452.5,4.25,1.1297525298
452.5,4.5,1.1169502618
452.5,4.75,1.1032337627
452.5,5.0,1.0886405233
452.5,5.25,1.0732100917
452.5,5.5,1.0569839022
452.5,5.75,1.0400050996
452.5,6.0,1.0223183593
452.5,6.25,1.0039697056
452.5,6.5,0.9850063295
452.5,6.75,0.9654764062
452.5,7.0,0.9454289166
452.5,7.25,0.9249134713
452.5,7.5,0.9039801408
452.5,7.75,0.8826792925
452.5,8.0,0.8610614366
452.5,8.25,0.8391770819
452.5,8.5,0.8170766028
452.5,8.75,0.7948101202
452.5,9.0,0.7724273951
452.5,9.25,0.7499777392
452.5,9.5,0.7275099395
452.5,9.75,0.7050722023
452.5,10.0,0.6827121119
452.5,10.25,0.6604766093
452.5,10.5,0.6384119863
452.5,10.75,0.6165638973
452.5,11.0,0.5949773871
452.5,11.25,0.5736969324
452.5,11.5,0.5527664961
452.5,11.75,0.5322295916
452.5,12.0,0.5121293535
452.5,12.25,0.4925086126
452.5,12.5,0.4734099683
452.5,12.75,0.4548758569
452.5,13.0,0.4369486082
452.5,13.25,0.4196704857
452.5,13.5,0.403083704
452.5,13.75,0.3872304177
452.5,14.0,0.372152675
452.5,14.25,0.3578923296
452.5,14.5,0.3444909057
452.5,14.75,0.3319894094
452.5,15.0,0.3204280831
452.5,15.25,0.3098460982
452.5,15.5,0.3002811839
452.5,15.75,0.2917691908
452.5,16.0,0.2843435904
452.5,16.25,0.2780349129
452.5,16.5,0.2728701281
452.5,16.75,0.2688719759
452.5,17.0,0.2660582567
452.5,17.25,0.2644410931
452.5,17.5,0.2640261764
452.5,17.75,0.2648120147
452.5,18.0,0.2667892003
452.5,18.25,0.2699397172
452.5,18.5,0.2742363074
452.5,18.75,0.2796419208
452.5,19.0,0.2861092673
452.5,19.25,0.2935804943
452.5,19.5,0.3019870098
452.5,19.75,0.311249468
452.5,20.0,0.3212779345
452.5,20.25,0.3319722427
452.5,20.5,0.3432225503
452.5,20.75,0.3549101003
452.5,21.0,0.3669081853
452.5,21.25,0.3790833094
452.5,21.5,0.3912965369
452.5,21.75,0.4034050103
452.5,22.0,0.4152636166
452.5,22.25,0.4267267744
452.5,22.5,0.4376503109
452.5,22.75,0.4478933945
452.5,23.0,0.4573204834
452.5,23.25,0.4658032526
452.5,23.5,0.4732224571
452.5,23.75,0.4794696916
452.5,24.0,0.4844490064
452.5,24.25,0.4880783445
452.5,24.5,0.4902907654
452.5,24.75,0.4910354274
452.5,25.0,0.4902783055
452.5,25.25,0.4880026277
452.5,25.5,0.4842090185
452.5,25.75,0.4789153487
452.5,26.0,0.4721562912
452.5,26.25,0.4639825979
452.5,26.5,0.4544601113
452.5,26.75,0.4436685373
452.5,27.0,0.4317000053
452.5,27.25,0.4186574514
452.5,27.5,0.4046528604
452.5,27.75,0.3898054063
452.5,28.0,0.3742395319
452.5,28.25,0.3580830091
452.5,28.5,0.3414650188
452.5,28.75,0.3245142897
452.5,29.0,0.3073573302
452.5,29.25,0.2901167847
452.5,29.5,0.2729099424
452.5,29.75,0.2558474185
452.5,30.0,0.2390320272
452.5,30.25,0.2225578549
452.5,30.5,0.2065095422
452.5,30.75,0.1909617736
452.5,31.0,0.1759789708
452.5,31.25,0.1616151827
452.5,31.5,0.1479141565
452.5,31.75,0.1349095771
452.5,32.0,0.1226254543
452.5,32.25,0.1110766382
452.5,32.5,0.1002694413
452.5,32.75,0.0902023452
452.5,33.0,0.0808667696
452.5,33.25,0.0722478821
452.5,33.5,0.0643254301
452.5,33.75,0.0570745742
452.5,34.0,0.0504667075
452.5,34.25,0.0444702465
452.5,34.5,0.0390513808
452.5,34.75,0.0341747715
452.5,35.0,0.0298041914
452.55,0.0,1.1617938698
452.55,0.25,1.1675275737
452.55,0.5,1.1721637152
452.55,0.75,1.1756890217
452.55,1.0,1.1780933779
452.55,1.25,1.1793698738
452.55,1.5,1.1795148384
452.55,1.75,1.1785278573
452.55,2.0,1.1764117751
452.55,2.25,1.1731726816
452.55,2.5,1.1688198838
452.55,2.75,1.1633658611
452.55,3.0,1.1568262072
452.55,3.25,1.1492195562
452.55,3.5,1.1405674956
452.55,3.75,1.1308944656
452.55,4.0,1.1202276463
452.55,4.25,1.1085968328
452.55,4.5,1.0960342995
452.55,4.75,1.0825746549
452.55,5.0,1.0682546879
452.55,5.25,1.0531132059
452.55,5.5,1.0371908674
452.55,5.75,1.0205300091
452.55,6.0,1.0031744699
452.55,6.25,0.9851694124
452.55,6.5,0.9665611435
452.55,6.75,0.9473969368
452.55,7.0,0.9277248556
452.55,7.25,0.9075935817
452.55,7.5,0.8870522478
452.55,7.75,0.8661502783
452.55,8.0,0.8449372374
452.55,8.25,0.8234626881
452.55,8.5,0.8017760617
452.55,8.75,0.7799265402
452.55,9.0,0.7579629532
452.55,9.25,0.7359336885
452.55,9.5,0.7138866199
452.55,9.75,0.6918690507
452.55,10.0,0.6699276744
452.55,10.25,0.6481085529
452.55,10.5,0.626457111
452.55,10.75,0.6050181485
452.55,11.0,0.5838358663
452.55,11.25,0.5629539085
452.55,11.5,0.5424154146
452.55,11.75,0.5222630833
452.55,12.0,0.5025392414
452.55,12.25,0.4832859176
452.55,12.5,0.4645449137
452.55,12.75,0.4463578713
452.55,13.0,0.4287663275
452.55,13.25,0.4118117543
452.55,13.5,0.3955355759
452.55,13.75,0.3799791576
452.55,14.0,0.3651837601
452.55,14.25,0.3511904533
452.55,14.5,0.3380399839
452.55,14.75,0.3257725901
452.55,15.0,0.3144277607
452.55,15.25,0.3040439336
452.55,15.5,0.2946581314
452.55,15.75,0.2863055335
452.55,16.0,0.2790189846
452.55,16.25,0.2728284432
452.55,16.5,0.2677603739
452.55,16.75,0.2638370909
452.55,17.0,0.2610760613
452.55,17.25,0.2594891806
452.55,17.5,0.2590820337
452.55,17.75,0.2598531564
452.55,18.0,0.2617933173
452.55,18.25,0.2648848377
452.55,18.5,0.2691009702
452.55,18.75,0.2744053583
452.55,19.0,0.2807515975
452.55,19.25,0.2880829187
452.55,19.5,0.2963320141
452.55,19.75,0.3054210239
452.55,20.0,0.3152616978
452.55,20.25,0.3257557448
452.55,20.5,0.3367953796
452.55,20.75,0.3482640691
452.55,21.0,0.3600374785
452.55,21.25,0.3719846118
452.55,21.5,0.3839691349
452.55,21.75,0.3958508656
452.55,22.0,0.4074874081
452.55,22.25,0.4187359072
452.55,22.5,0.4294548901
452.55,22.75,0.4395061622
452.55,23.0,0.4487567198
452.55,23.25,0.457080641
452.55,23.5,0.4643609139
452.55,23.75,0.4704911629
452.55,24.0,0.4753772353
452.55,24.25,0.4789386106
452.55,24.5,0.4811096018
452.55,24.75,0.4818403192
452.55,25.0,0.4810973752
452.55,25.25,0.4788643116
452.55,25.5,0.4751417414
452.55,25.75,0.4699472006
452.55,26.0,0.4633147129
452.55,26.25,0.4552940798
452.55,26.5,0.4459499109
452.55,26.75,0.4353604195
452.55,27.0,0.4236160097
452.55,27.25,0.4108176901
452.55,27.5,0.3970753485
452.55,27.75,0.3825059271
452.55,28.0,0.3672315387
452.55,28.25,0.3513775622
452.55,28.5,0.3350707596
452.55,28.75,0.3184374491
452.55,29.0,0.3016017701
452.55,29.25,0.2846840703
452.55,29.5,0.2677994426
452.55,29.75,0.2510564308
452.55,30.0,0.2345559238
452.55,30.25,0.2183902461
452.55,30.5,0.2026424535
452.55,30.75,0.1873858316
452.55,31.0,0.1726835962
452.55,31.25,0.1585887838
452.55,31.5,0.1451443224
452.55,31.75,0.1323832662
452.55,32.0,0.1203291753
452.55,32.25,0.1089966218
452.55,32.5,0.0983918001
452.55,32.75,0.08851322
452.55,33.0,0.0793524619
452.55,33.25,0.0708949714
452.55,33.5,0.0631208749
452.55,33.75,0.0560057982
452.55,34.0,0.0495216701
452.55,34.25,0.0436374986
452.55,34.5,0.0383201063
452.55,34.75,0.0335348162
452.55,35.0,0.0292460794
452.6,0.0,1.1394136806
452.6,0.25,1.1450369334
452.6,0.5,1.1495837667
452.6,0.75,1.1530411636
452.6,1.0,1.1553992035
452.6,1.25,1.1566511096
452.6,1.5,1.1567932817
452.6,1.75,1.1558253134
452.6,2.0,1.1537499942
452.6,2.25,1.1505732969
452.6,2.5,1.1463043491
452.6,2.75,1.1409553899
452.6,3.0,1.1345417125
452.6,3.25,1.127081592
452.6,3.5,1.1185962001
452.6,3.75,1.1091095064
452.6,4.0,1.0986481671
452.6,4.25,1.0872414035
452.6,4.5,1.0749208682
452.6,4.75,1.0617205032
452.6,5.0,1.0476763886
452.6,5.25,1.0328265842
452.6,5.5,1.0172109652
452.6,5.75,1.000871053
452.6,6.0,0.9838498418
452.6,6.25,0.9661916243
452.6,6.5,0.9479418154
452.6,6.75,0.9291467779
452.6,7.0,0.9098536495
452.6,7.25,0.8901101738
452.6,7.5,0.8699645374
452.6,7.75,0.8494652125
452.6,8.0,0.8286608086
452.6,8.25,0.8075999338
452.6,8.5,0.7863310672
452.6,8.75,0.7649024435
452.6,9.0,0.7433619514
452.6,9.25,0.721757047
452.6,9.5,0.7001346816
452.6,9.75,0.6785412473
452.6,10.0,0.6570225383
452.6,10.25,0.6356237289
452.6,10.5,0.614389369
452.6,10.75,0.5933633954
452.6,11.0,0.5725891577
452.6,11.25,0.552109459
452.6,11.5,0.5319666079
452.6,11.75,0.5122024805
452.6,12.0,0.4928585884
452.6,12.25,0.4739761506
452.6,12.5,0.4555961635
452.6,12.75,0.4377594668
452.6,13.0,0.4205067973
452.6,13.25,0.4038788282
452.6,13.5,0.3879161856
452.6,13.75,0.3726594379
452.6,14.0,0.3581490512
452.6,14.25,0.3444253042
452.6,14.5,0.3315281585
452.6,14.75,0.3194970773
452.6,15.0,0.3083707888
452.6,15.25,0.2981869903
452.6,15.5,0.2889819914
452.6,15.75,0.2807902935
452.6,16.0,0.2736441089
452.6,16.25,0.2675728188
452.6,16.5,0.2626023782
452.6,16.75,0.2587546712
452.6,17.0,0.2560468286
452.6,17.25,0.2544905168
452.6,17.5,0.254091213
452.6,17.75,0.2548474811
452.6,18.0,0.2567502678
452.6,18.25,0.2597822348
452.6,18.5,0.2639171499
452.6,18.75,0.2691193571
452.6,19.0,0.2753433457
452.6,19.25,0.2825334401
452.6,19.5,0.2906236292
452.6,19.75,0.2995375531
452.6,20.0,0.3091886614
452.6,20.25,0.3194805566
452.6,20.5,0.3303075297
452.6,20.75,0.3415552923
452.6,21.0,0.3531019049
452.6,21.25,0.3648188949
452.6,21.5,0.3765725544
452.6,21.75,0.3882254016
452.6,22.0,0.3996377839
452.6,22.25,0.4106695978
452.6,22.5,0.4211820958
452.6,22.75,0.4310397454
452.6,23.0,0.4401121051
452.6,23.25,0.4482756787
452.6,23.5,0.4554157082
452.6,23.75,0.4614278673
452.6,24.0,0.466219817
452.6,24.25,0.4697125878
452.6,24.5,0.4718417581
452.6,24.75,0.4725583995
452.6,25.0,0.4718297671
452.6,25.25,0.46963972
452.6,25.5,0.4659888595
452.6,25.75,0.4608943836
452.6,26.0,0.4543896607
452.6,26.25,0.4465235329
452.6,26.5,0.4373593652
452.6,26.75,0.4269738642
452.6,27.0,0.4154556925
452.6,27.25,0.402903913
452.6,27.5,0.3894262967
452.6,27.75,0.3751375331
452.6,28.0,0.3601573824
452.6,28.25,0.3446088087
452.6,28.5,0.3286161318
452.6,28.75,0.3123032367
452.6,29.0,0.2957918714
452.6,29.25,0.2792000654
452.6,29.5,0.2626406942
452.6,29.75,0.2462202111
452.6,30.0,0.2300375612
452.6,30.25,0.2141832907
452.6,30.5,0.1987388553
452.6,30.75,0.183776129
452.6,31.0,0.1693571098
452.6,31.25,0.1555338124
452.6,31.5,0.1423483381
452.6,31.75,0.1298331043
452.6,32.0,0.1180112171
452.6,32.25,0.1068969679
452.6,32.5,0.0964964319
452.6,32.75,0.0868081477
452.6,33.0,0.0778238576
452.6,33.25,0.0695292878
452.6,33.5,0.0619049474
452.6,33.75,0.0549269318
452.6,34.0,0.0485677106
452.6,34.25,0.0427968886
452.6,34.5,0.0375819279
452.6,34.75,0.0328888191
452.6,35.0,0.0286826982
452.65,0.0,1.1168524895
452.65,0.25,1.1223643979
452.65,0.5,1.1268212007
452.65,0.75,1.1302101387
452.65,1.0,1.1325214878
452.65,1.25,1.1337486053
452.65,1.5,1.1338879623
452.65,1.75,1.1329391604
452.65,2.0,1.130904934
452.65,2.25,1.1277911376
452.65,2.5,1.1236067179
452.65,2.75,1.1183636719
452.65,3.0,1.1120769898
452.65,3.25,1.1047645849
452.65,3.5,1.0964472098
452.65,3.75,1.0871483592
452.65,4.0,1.0768941618
452.65,4.25,1.0657132601
452.65,4.5,1.0536366801
452.65,4.75,1.0406976916
452.65,5.0,1.0269316603
452.65,5.25,1.0123758924
452.65,5.5,0.9970694737
452.65,5.75,0.9810531032
452.65,6.0,0.964368924
452.65,6.25,0.9470603516
452.65,6.5,0.9291719017
452.65,6.75,0.9107490192
452.65,7.0,0.8918379082
452.65,7.25,0.8724853672
452.65,7.5,0.8527386286
452.65,7.75,0.8326452047
452.65,8.0,0.8122527426
452.65,8.25,0.7916088879
452.65,8.5,0.7707611598
452.65,8.75,0.7497568379
452.65,9.0,0.7286428627
452.65,9.25,0.7074657505
452.65,9.5,0.6862715232
452.65,9.75,0.6651056541
452.65,10.0,0.6440130306
452.65,10.25,0.6230379326
452.65,10.5,0.602224028
452.65,10.75,0.5816143835
452.65,11.0,0.5612514902
452.65,11.25,0.5411773039
452.65,11.5,0.5214332954
452.65,11.75,0.5020605116
452.65,12.0,0.4830996422
452.65,12.25,0.4645910899
452.65,12.5,0.4465750395
452.65,12.75,0.4290915219
452.65,13.0,0.4121804674
452.65,13.25,0.3958817437
452.65,13.5,0.3802351727
452.65,13.75,0.3652805194
452.65,14.0,0.3510574485
452.65,14.25,0.3376054413
452.65,14.5,0.3249636681
452.65,14.75,0.3131708108
452.65,15.0,0.3022648306
452.65,15.25,0.2922826785
452.65,15.5,0.283259945
452.65,15.75,0.2752304485
452.65,16.0,0.2682257633
452.65,16.25,0.2622746891
452.65,16.5,0.2574026667
452.65,16.75,0.253631147
452.65,17.0,0.2509769216
452.65,17.25,0.2494514259
452.65,17.5,0.2490600285
452.65,17.75,0.249801322
452.65,18.0,0.2516664322
452.65,18.25,0.2546383641
452.65,18.5,0.258691405
452.65,18.75,0.2637906048
452.65,19.0,0.269891354
452.65,19.25,0.2769390795
452.65,19.5,0.2848690773
452.65,19.75,0.2936064992
452.65,20.0,0.3030665088
452.65,20.25,0.3131546172
452.65,20.5,0.3237672086
452.65,20.75,0.3347922577
452.65,21.0,0.3461102392
452.65,21.25,0.3575952245
452.65,21.5,0.3691161534
452.65,21.75,0.380538266
452.65,22.0,0.3917246751
452.65,22.25,0.4025380514
452.65,22.5,0.4128423945
452.65,22.75,0.4225048557
452.65,23.0,0.4313975764
452.65,23.25,0.4393995054
452.65,23.5,0.4463981573
452.65,23.75,0.4522912715
452.65,24.0,0.4569883372
452.65,24.25,0.4604119487
452.65,24.5,0.4624989599
452.65,24.75,0.4632014113
452.65,25.0,0.4624872063
452.65,25.25,0.4603405237
452.65,25.5,0.4567619528
452.65,25.75,0.4517683511
452.65,26.0,0.4453924263
452.65,26.25,0.4376820533
452.65,26.5,0.4286993426
452.65,26.75,0.4185194818
452.65,27.0,0.407229378
452.65,27.25,0.3949261326
452.65,27.5,0.3817153825
452.65,27.75,0.3677095465
452.65,28.0,0.3530260133
452.65,28.25,0.3377853122
452.65,28.5,0.3221093016
452.65,28.75,0.3061194133
452.65,29.0,0.2899349846
452.65,29.25,0.273671708
452.65,29.5,0.257440224
452.65,29.75,0.241344878
452.65,30.0,0.2254826559
452.65,30.25,0.2099423111
452.65,30.5,0.1948036864
452.65,30.75,0.1801372326
452.65,31.0,0.1660037201
452.65,31.25,0.1524541337
452.65,31.5,0.1395297411
452.65,31.75,0.1272623176
452.65,32.0,0.1156745121
452.65,32.25,0.1047803329
452.65,32.5,0.0945857348
452.65,32.75,0.0850892854
452.65,33.0,0.0762828906
452.65,33.25,0.068152559
452.65,33.5,0.060679186
452.65,33.75,0.05383934
452.65,34.0,0.0476060358
452.65,34.25,0.0419494802
452.65,34.5,0.0368377793
452.65,34.75,0.0322375974
452.65,35.0,0.0281147607
452.7,0.0,1.0941383528
452.7,0.25,1.099538162
452.7,0.5,1.103904324
452.7,0.75,1.107224339
452.7,1.0,1.1094886807
452.7,1.25,1.1106908416
452.7,1.5,1.1108273644
452.7,1.75,1.1098978589
452.7,2.0,1.1079050038
452.7,2.25,1.1048545346
452.7,2.5,1.1007552162
452.7,2.75,1.0956188013
452.7,3.0,1.0894599754
452.7,3.25,1.0822962876
452.7,3.5,1.0741480681
452.7,3.75,1.0650383342
452.7,4.0,1.0549926829
452.7,4.25,1.0440391743
452.7,4.5,1.0322082034
452.7,4.75,1.0195323633
452.7,5.0,1.0060463004
452.7,5.25,0.9917865625
452.7,5.5,0.9767914401
452.7,5.75,0.9611008047
452.7,6.0,0.9447559422
452.7,6.25,0.9277993851
452.7,6.5,0.910274744
452.7,6.75,0.8922265393
452.7,7.0,0.8737000356
452.7,7.25,0.8547410795
452.7,7.5,0.8353959428
452.7,7.75,0.8157111716
452.7,8.0,0.7957334439
452.7,8.25,0.7755094364
452.7,8.5,0.7550857017
452.7,8.75,0.734508558
452.7,9.0,0.7138239911
452.7,9.25,0.6930775713
452.7,9.5,0.6723143844
452.7,9.75,0.651578979
452.7,10.0,0.6309153295
452.7,10.25,0.6103668154
452.7,10.5,0.5899762164
452.7,10.75,0.5697857232
452.7,11.0,0.5498369631
452.7,11.25,0.5301710382
452.7,11.5,0.5108285761
452.7,11.75,0.4918497889
452.7,12.0,0.4732745387
452.7,12.25,0.4551424065
452.7,12.5,0.43749276
452.7,12.75,0.4203648157
452.7,13.0,0.403797692
452.7,13.25,0.3878304459
452.7,13.5,0.372502089
452.7,13.75,0.357851578
452.7,14.0,0.3439177707
452.7,14.25,0.3307393455
452.7,14.5,0.3183546761
452.7,14.75,0.3068016576
452.7,15.0,0.2961174792
452.7,15.25,0.2863383405
452.7,15.5,0.277499108
452.7,15.75,0.2696329125
452.7,16.0,0.262770686
452.7,16.25,0.2569406426
452.7,16.5,0.2521677055
452.7,16.75,0.2484728897
452.7,17.0,0.2458726449
452.7,17.25,0.2443781742
452.7,17.5,0.2439947369
452.7,17.75,0.2447209543
452.7,18.0,0.2465481325
452.7,18.25,0.2494596223
452.7,18.5,0.253430234
452.7,18.75,0.2584257281
452.7,19.0,0.2644024026
452.7,19.25,0.271306794
452.7,19.5,0.2790755144
452.7,19.75,0.2876352378
452.7,20.0,0.2969028531
452.7,20.25,0.3067857933
452.7,20.5,0.3171825497
452.7,20.75,0.3279833754
452.7,21.0,0.339071176
452.7,21.25,0.3503225839
452.7,21.5,0.3616092043
452.7,21.75,0.3727990182
452.7,22.0,0.3837579222
452.7,22.25,0.39435138
452.7,22.5,0.4044461572
452.7,22.75,0.4139121068
452.7,23.0,0.4226239705
452.7,23.25,0.4304631593
452.7,23.5,0.4373194752
452.7,23.75,0.4430927373
452.7,24.0,0.4476942758
452.7,24.25,0.4510482591
452.7,24.5,0.4530928255
452.7,24.75,0.4537809907
452.7,25.0,0.453081311
452.7,25.25,0.4509782868
452.7,25.5,0.4474724956
452.7,25.75,0.4425804519
452.7,26.0,0.4363341983
452.7,26.25,0.4287806361
452.7,26.5,0.4199806125
452.7,26.75,0.4100077859
452.7,27.0,0.3989472961
452.7,27.25,0.3868942696
452.7,27.5,0.3739521949
452.7,27.75,0.3602312045
452.7,28.0,0.3458462996
452.7,28.25,0.3309155583
452.7,28.5,0.3155583607
452.7,28.75,0.2998936689
452.7,29.0,0.2840383931
452.7,29.25,0.2681058731
452.7,29.5,0.2522044991
452.7,29.75,0.2364364943
452.7,30.0,0.2208968723
452.7,30.25,0.2056725813
452.7,30.5,0.1908418404
452.7,30.75,0.1764736676
452.7,31.0,0.1626275972
452.7,31.25,0.1493535774
452.7,31.5,0.1366920363
452.7,31.75,0.1246741032
452.7,32.0,0.1133219662
452.7,32.25,0.1026493489
452.7,32.5,0.0926620848
452.7,32.75,0.0833587707
452.7,33.0,0.0747314771
452.7,33.25,0.0667664973
452.7,33.5,0.0594451149
452.7,33.75,0.0527443752
452.7,34.0,0.0466378417
452.7,34.25,0.041096327
452.7,34.5,0.036088586
452.7,34.75,0.0315819609
452.7,35.0,0.027542973
452.75,0.0,1.0712990125
452.75,0.25,1.0765861047
452.75,0.5,1.0808611262
452.75,0.75,1.0841118384
452.75,1.0,1.0863289136
452.75,1.25,1.0875059802
452.75,1.5,1.0876396532
452.75,1.75,1.0867295504
452.75,2.0,1.0847782948
452.75,2.25,1.0817915019
452.75,2.5,1.0777777537
452.75,2.75,1.0727485577
452.75,3.0,1.0667182929
452.75,3.25,1.0597041418
452.75,3.5,1.0517260105
452.75,3.75,1.0428064356
452.75,4.0,1.03297048
452.75,4.25,1.0222456179
452.75,4.5,1.0106616098
452.75,4.75,0.9982503686
452.75,5.0,0.9850458176
452.75,5.25,0.9710837412
452.75,5.5,0.9564016311
452.75,5.75,0.9410385262
452.75,6.0,0.9250348508
452.75,6.25,0.9084322495
452.75,6.5,0.8912734225
452.75,6.75,0.8736019609
452.75,7.0,0.8554621845
452.75,7.25,0.8368989828
452.75,7.5,0.8179576617
452.75,7.75,0.7986837957
452.75,8.0,0.7791230885
452.75,8.25,0.7593212424
452.75,8.5,0.7393238383
452.75,8.75,0.7191762275
452.75,9.0,0.6989234359
452.75,9.25,0.6786100824
452.75,9.5,0.6582803119
452.75,9.75,0.6379777429
452.75,10.0,0.6177454321
452.75,10.25,0.5976258532
452.75,10.5,0.5776608931
452.75,10.75,0.5578918618
452.75,11.0,0.5383595174
452.75,11.25,0.5191041044
452.75,11.5,0.5001654021
452.75,11.75,0.4815827832
452.75,12.0,0.4633952778
452.75,12.25,0.4456416407
452.75,12.5,0.4283604177
452.75,12.75,0.4115900068
452.75,13.0,0.3953687097
452.75,13.25,0.3797347681
452.75,13.5,0.3647263796
452.75,13.75,0.3503816872
452.75,14.0,0.336738738
452.75,14.25,0.3238354029
452.75,14.5,0.3117092544
452.75,14.75,0.3003973967
452.75,15.0,0.2899362428
452.75,15.25,0.2803612364
452.75,15.5,0.2717065165
452.75,15.75,0.2640045221
452.75,16.0,0.2572855396
452.75,16.25,0.251577194
452.75,16.5,0.2469038886
452.75,16.75,0.2432861993
452.75,17.0,0.2407402328
452.75,17.25,0.239276958
452.75,17.5,0.2389015247
452.75,17.75,0.2396125828
452.75,18.0,0.24140162
452.75,18.25,0.2442523346
452.75,18.5,0.2481400626
452.75,18.75,0.2530312795
452.75,19.0,0.2588831952
452.75,19.25,0.2656434625
452.75,19.5,0.2732500165
452.75,19.75,0.281631062
452.75,20.0,0.2907052226
452.75,20.25,0.3003818636
452.75,20.5,0.3105615953
452.75,20.75,0.3211369616
452.75,21.0,0.3319933124
452.75,21.25,0.3430098554
452.75,21.5,0.3540608758
452.75,21.75,0.3650171105
452.75,22.0,0.3757472554
452.75,22.25,0.3861195825
452.75,22.5,0.3960036386
452.75,22.75,0.4052719934
452.75,23.0,0.4138020033
452.75,23.25,0.4214775547
452.75,23.5,0.42819075
452.75,23.75,0.4338434996
452.75,24.0,0.4383489843
452.75,24.25,0.4416329556
452.75,24.5,0.4436348432
452.75,24.75,0.4443086434
452.75,25.0,0.443623569
452.75,25.25,0.441564444
452.75,25.5,0.4381318335
452.75,25.75,0.4333419077
452.75,26.0,0.4272260401
452.75,26.25,0.419830153
452.75,26.5,0.4112138234
452.75,26.75,0.4014491724
452.75,27.0,0.3906195622
452.75,27.25,0.3788181339
452.75,27.5,0.3661462156
452.75,27.75,0.3527116408
452.75,28.0,0.3386270103
452.75,28.25,0.3240079373
452.75,28.5,0.30897131
452.75,28.75,0.2936336072
452.75,29.0,0.2781092988
452.75,29.25,0.2625093585
452.75,29.5,0.2469399141
452.75,29.75,0.2315010549
452.75,30.0,0.2162858111
452.75,30.25,0.2013793161
452.75,30.5,0.1868581561
452.75,30.75,0.1727899084
452.75,31.0,0.1592328647
452.75,31.25,0.1462359304
452.75,31.5,0.1338386897
452.75,31.75,0.1220716222
452.75,32.0,0.1109564528
452.75,32.25,0.1005066186
452.75,32.5,0.0907278313
452.75,32.75,0.0816187171
452.75,33.0,0.073171512
452.75,33.25,0.0653727953
452.75,33.5,0.0582042415
452.75,33.75,0.0516433748
452.75,34.0,0.0456643107
452.75,34.25,0.0402384712
452.75,34.5,0.0353352631
452.75,34.75,0.0309227105
452.75,35.0,0.0269680335
452.8,0.0,1.0483618429
452.8,0.25,1.0535357352
452.8,0.5,1.0577192259
452.8,0.75,1.0609003383
452.8,1.0,1.0630699446
452.8,1.25,1.0642218095
452.8,1.5,1.0643526204
452.8,1.75,1.0634620035
452.8,2.0,1.0615525254
452.8,2.25,1.0586296817
452.8,2.5,1.0547018703
452.8,2.75,1.0497803525
452.8,3.0,1.0438791993
452.8,3.25,1.0370152255
452.8,3.5,1.0292079109
452.8,3.75,1.0204793096
452.8,4.0,1.0108539478
452.8,4.25,1.0003587116
452.8,4.5,0.9890227242
452.8,4.75,0.9768772153
452.8,5.0,0.9639553818
452.8,5.25,0.9502922421
452.8,5.5,0.9359244849
452.8,5.75,0.9208903136
452.8,6.0,0.9052292867
452.8,6.25,0.8889821573
452.8,6.5,0.8721907113
452.8,6.75,0.8548976066
452.8,7.0,0.8371462138
452.8,7.25,0.8189804617
452.8,7.5,0.800444686
452.8,7.75,0.7815834853
452.8,8.0,0.7624415849
452.8,8.25,0.7430637084
452.8,8.5,0.723494461
452.8,8.75,0.7037782229
452.8,9.0,0.683959056
452.8,9.25,0.6640806239
452.8,9.5,0.6441861262
452.8,9.75,0.6243182477
452.8,10.0,0.6045191231
452.8,10.25,0.5848303168
452.8,10.5,0.5652928187
452.8,10.75,0.5459470545
452.8,11.0,0.5268329096
452.8,11.25,0.5079897668
452.8,11.5,0.4894565538
452.8,11.75,0.4712718002
452.8,12.0,0.4534737004
452.8,12.25,0.4361001796
452.8,12.5,0.4191889581
452.8,12.75,0.402777612
452.8,13.0,0.3869036229
452.8,13.25,0.3716044136
452.8,13.5,0.3569173638
452.8,13.75,0.3428798002
452.8,14.0,0.3295289549
452.8,14.25,0.3169018881
452.8,14.5,0.3050353679
452.8,14.75,0.293965704
452.8,15.0,0.2837285298
452.8,15.25,0.2743585302
452.8,15.5,0.2658891131
452.8,15.75,0.2583520232
452.8,16.0,0.2517768982
452.8,16.25,0.2461907718
452.8,16.5,0.2416175247
452.8,16.75,0.2380772924
452.8,17.0,0.2355858366
452.8,17.25,0.2341538914
452.8,17.5,0.2337864963
452.8,17.75,0.2344823303
452.8,18.0,0.2362330631
452.8,18.25,0.2390227422
452.8,18.5,0.2428272315
452.8,18.75,0.2476137245
452.8,19.0,0.2533403471
452.8,19.25,0.2599558729
452.8,19.5,0.2673995659
452.8,19.75,0.275601168
452.8,20.0,0.2844810453
452.8,20.25,0.2939505035
452.8,20.5,0.3039122809
452.8,20.75,0.3142612221
452.8,21.0,0.3248851318
452.8,21.25,0.3356658038
452.8,21.5,0.3464802151
452.8,21.75,0.3572018701
452.8,22.0,0.3677022759
452.8,22.25,0.3778525251
452.8,22.5,0.3875249575
452.8,22.75,0.3965948712
452.8,23.0,0.4049422484
452.8,23.25,0.4124534615
452.8,23.5,0.4190229232
452.8,23.75,0.4245546439
452.8,24.0,0.4289636634
452.8,24.25,0.4321773229
452.8,24.5,0.4341363488
452.8,24.75,0.4347957225
452.8,25.0,0.434125316
452.8,25.25,0.4321102781
452.8,25.5,0.428751162
452.8,25.75,0.4240637914
452.8,26.0,0.4180788683
452.8,26.25,0.4108413316
452.8,26.5,0.402409483
452.8,26.75,0.3928538991
452.8,27.0,0.3822561576
452.8,27.25,0.370707405
452.8,27.5,0.3583068003
452.8,27.75,0.345159868
452.8,28.0,0.3313767981
452.8,28.25,0.3170707285
452.8,28.5,0.3023560445
452.8,28.75,0.2873467314
452.8,29.0,0.272154808
452.8,29.25,0.2568888719
452.8,29.5,0.2416527789
452.8,29.75,0.2265444752
452.8,30.0,0.2116549991
452.8,30.25,0.1970676613
452.8,30.5,0.1828574083
452.8,30.75,0.1690903704
452.8,31.0,0.1558235913
452.8,31.25,0.1431049293
452.8,31.5,0.1309731212
452.8,31.75,0.1194579938
452.8,32.0,0.1085808071
452.8,32.25,0.0983547102
452.8,32.5,0.0887852928
452.8,32.75,0.0798712103
452.8,33.0,0.071604865
452.8,33.25,0.0639731236
452.8,33.5,0.056958053
452.8,33.75,0.0505376585
452.8,34.0,0.0446866098
452.8,34.25,0.0393769408
452.8,34.5,0.0345787134
452.8,34.75,0.0302606363
452.8,35.0,0.0263906313
452.85,0.0,1.0253537984
452.85,0.25,1.030414141
452.85,0.5,1.0345058181
452.85,0.75,1.0376171157
452.85,1.0,1.0397391063
452.85,1.25,1.0408656916
452.85,1.5,1.0409936317
452.85,1.75,1.0401225609
452.85,2.0,1.0382549895
452.85,2.25,1.0353962924
452.85,2.5,1.0315546834
452.85,2.75,1.0267411764
452.85,3.0,1.0209695339
452.85,3.25,1.0142562014
452.85,3.5,1.0066202313
452.85,3.75,0.9980831936
452.85,4.0,0.9886690765
452.85,4.25,0.9784041756
452.85,4.5,0.9673169754
452.85,4.75,0.9554380199
452.85,5.0,0.9427997775
452.85,5.25,0.9294364981
452.85,5.5,0.9153840653
452.85,5.75,0.9006798439
452.85,6.0,0.8853625242
452.85,6.25,0.8694719651
452.85,6.5,0.8530490354
452.85,6.75,0.8361354566
452.85,7.0,0.8187736477
452.85,7.25,0.8010065732
452.85,7.5,0.7828775959
452.85,7.75,0.7644303356
452.85,8.0,0.745708536
452.85,8.25,0.7267559393
452.85,8.5,0.7076161716
452.85,8.75,0.6883326391
452.85,9.0,0.6689484368
452.85,9.25,0.64950627
452.85,9.5,0.6300483901
452.85,9.75,0.6106165453
452.85,10.0,0.5912519454
452.85,10.25,0.5719952427
452.85,10.5,0.5528865275
452.85,10.75,0.5339653382
452.85,11.0,0.5152706851
452.85,11.25,0.4968410864
452.85,11.5,0.4787146155
452.85,11.75,0.4609289566
452.85,12.0,0.4435214658
452.85,12.25,0.4265292357
452.85,12.5,0.4099891591
452.85,12.75,0.3939379873
452.85,13.0,0.3784123793
452.85,13.25,0.3634489366
452.85,13.5,0.3490842186
452.85,13.75,0.3353547326
452.85,14.0,0.3222968938
452.85,14.25,0.309946949
452.85,14.5,0.2983408594
452.85,14.75,0.2875141377
452.85,15.0,0.2775016353
452.85,15.25,0.2683372759
452.85,15.5,0.2600537343
452.85,15.75,0.2526820583
452.85,16.0,0.2462512354
452.85,16.25,0.2407877058
452.85,16.5,0.2363148262
452.85,16.75,0.2328522902
452.85,17.0,0.2304155135
452.85,17.25,0.2290149948
452.85,17.5,0.2286556628
452.85,17.75,0.2293362255
452.85,18.0,0.2310485356
452.85,18.25,0.2337769905
452.85,18.5,0.237497984
452.85,18.75,0.2421794294
452.85,19.0,0.2477803717
452.85,19.25,0.2542507088
452.85,19.5,0.2615310376
452.85,19.75,0.2695526419
452.85,20.0,0.2782376355
452.85,20.25,0.2874992707
452.85,20.5,0.2972424204
452.85,20.75,0.3073642368
452.85,21.0,0.3177549871
452.85,21.25,0.3282990594
452.85,21.5,0.3388761304
452.85,21.75,0.3493624809
452.85,22.0,0.3596324379
452.85,22.25,0.369559923
452.85,22.5,0.3790200777
452.85,22.75,0.387890937
452.85,23.0,0.3960551171
452.85,23.25,0.4034014842
452.85,23.5,0.4098267681
452.85,23.75,0.415237086
452.85,24.0,0.4195493422
452.85,24.25,0.4226924727
452.85,24.5,0.4246085045
452.85,24.75,0.4252534072
452.85,25.0,0.4245977138
452.85,25.25,0.4226268993
452.85,25.5,0.4193415045
452.85,25.75,0.4147570061
452.85,26.0,0.4089034321
452.85,26.25,0.4018247352
452.85,26.5,0.3935779375
452.85,26.75,0.3842320668
452.85,27.0,0.3738669104
452.85,27.25,0.3625716144
452.85,27.5,0.3504431616
452.85,27.75,0.3375847605
452.85,28.0,0.3241041831
452.85,28.25,0.3101120839
452.85,28.5,0.2957203382
452.85,28.75,0.2810404294
452.85,29.0,0.266181918
452.85,29.25,0.2512510183
452.85,29.5,0.2363493067
452.85,29.75,0.2215725798
452.85,30.0,0.2070098781
452.85,30.25,0.1927426837
452.85,30.5,0.1788442983
452.85,30.75,0.165379401
452.85,31.0,0.1524037834
452.85,31.25,0.1399642536
452.85,31.5,0.1280986982
452.85,31.75,0.1168362895
452.85,32.0,0.1061978206
452.85,32.25,0.0961961525
452.85,32.5,0.0868367518
452.85,32.75,0.0781183037
452.85,33.0,0.0700333772
452.85,33.25,0.062569127
452.85,33.5,0.0557080137
452.85,33.75,0.0494285255
452.85,34.0,0.0437058878
452.85,34.25,0.0385127483
452.85,34.5,0.0338198261
452.85,34.75,0.0295965163
452.85,35.0,0.025811445
452.9,0.0,1.0023013645
452.9,0.25,1.0072479384
452.9,0.5,1.0112476246
452.9,0.75,1.0142889727
452.9,1.0,1.0163632559
452.9,1.25,1.0174645129
452.9,1.5,1.0175895766
452.9,1.75,1.0167380895
452.9,2.0,1.0149125056
452.9,2.25,1.0121180789
452.9,2.5,1.0083628386
452.9,2.75,1.0036575509
452.9,3.0,0.9980156688
452.9,3.25,0.9914532683
452.9,3.5,0.9839889733
452.9,3.75,0.9756438689
452.9,4.0,0.9664414039
452.9,4.25,0.9564072829
452.9,4.5,0.9455693497
452.9,4.75,0.9339574619
452.9,5.0,0.9216033577
452.9,5.25,0.9085405172
452.9,5.5,0.894804017
452.9,5.75,0.8804303821
452.9,6.0,0.8654574328
452.9,6.25,0.849924132
452.9,6.5,0.8338704294
452.9,6.75,0.8173371087
452.9,7.0,0.8003656353
452.9,7.25,0.7829980077
452.9,7.5,0.7652766136
452.9,7.75,0.7472440924
452.9,8.0,0.7289432041
452.9,8.25,0.7104167077
452.9,8.5,0.6917072482
452.9,8.75,0.6728572562
452.9,9.0,0.6539088576
452.9,9.25,0.6349037978
452.9,9.5,0.6158833781
452.9,9.75,0.5968884082
452.9,10.0,0.5779591713
452.9,10.25,0.5591354059
452.9,10.5,0.5404563008
452.9,10.75,0.5219605057
452.9,11.0,0.5036861535
452.9,11.25,0.4856708968
452.9,11.5,0.4679519529
452.9,11.75,0.4505661586
452.9,12.0,0.4335500303
452.9,12.25,0.4169398267
452.9,12.5,0.400771611
452.9,12.75,0.3850813084
452.9,13.0,0.3699047536
452.9,13.25,0.3552777253
452.9,13.5,0.3412359609
452.9,13.75,0.327815147
452.9,14.0,0.31505088
452.9,14.25,0.3029785918
452.9,14.5,0.2916334351
452.9,14.75,0.2810501243
452.9,15.0,0.2712627272
452.9,15.25,0.2623044048
452.9,15.5,0.2542070972
452.9,15.75,0.2470011543
452.9,16.0,0.2407149119
452.9,16.25,0.2353742157
452.9,16.5,0.2310018973
452.9,16.75,0.2276172074
452.9,17.0,0.2252352154
452.9,17.25,0.2238661837
452.9,17.5,0.2235149303
452.9,17.75,0.2241801923
452.9,18.0,0.2258540056
452.9,18.25,0.2285211182
452.9,18.5,0.2321584548
452.9,18.75,0.23673465
452.9,19.0,0.2422096696
452.9,19.25,0.2485345378
452.9,19.5,0.2556511872
452.9,19.75,0.2634924465
452.9,20.0,0.2719821804
452.9,20.25,0.2810355916
452.9,20.5,0.2905596917
452.9,20.75,0.3004539452
452.9,21.0,0.3106110863
452.9,21.25,0.3209181023
452.9,21.5,0.3312573752
452.9,21.75,0.3415079671
452.9,22.0,0.3515470306
452.9,22.25,0.3612513219
452.9,22.5,0.3704987895
452.9,22.75,0.3791702104
452.9,23.0,0.38715084
452.9,23.25,0.394332043
452.9,23.5,0.4006128709
452.9,23.75,0.4059015518
452.9,24.0,0.4101168581
452.9,24.25,0.4131893233
452.9,24.5,0.4150622781
452.9,24.75,0.4156926818
452.9,25.0,0.4150517301
452.9,25.25,0.4131252242
452.9,25.5,0.4099136931
452.9,25.75,0.4054322653
452.9,26.0,0.3997102937
452.9,26.25,0.3927907431
452.9,26.5,0.3847293534
452.9,26.75,0.3755936004
452.9,27.0,0.3654614778
452.9,27.25,0.3544201274
452.9,27.5,0.3425643515
452.9,27.75,0.3299950384
452.9,28.0,0.316817537
452.9,28.25,0.3031400141
452.9,28.5,0.2890718296
452.9,28.75,0.2747219607
452.9,29.0,0.2601975045
452.9,29.25,0.2456022876
452.9,29.5,0.2310356025
452.9,29.75,0.2165910922
452.9,30.0,0.2023557953
452.9,30.25,0.1884093619
452.9,30.5,0.1748234458
452.9,30.75,0.161661272
452.9,31.0,0.1489773777
452.9,31.25,0.1368175186
452.9,31.5,0.1252187296
452.9,31.75,0.114209527
452.9,32.0,0.1038102367
452.9,32.25,0.0940334302
452.9,32.5,0.0848844516
452.9,32.75,0.0763620153
452.9,33.0,0.0684588574
452.9,33.25,0.0611624217
452.9,33.5,0.0544555628
452.9,33.75,0.0483172527
452.9,34.0,0.0427232737
452.9,34.25,0.0376468886
452.9,34.5,0.0330594745
452.9,34.75,0.028931115
452.9,35.0,0.0252311413
452.95,0.0,0.9792305105
452.95,0.25,0.9840632247
452.95,0.5,0.9879708467
452.95,0.75,0.9909421894
452.95,1.0,0.9929687269
452.95,1.25,0.9940446353
452.95,1.5,0.9941668203
452.95,1.75,0.9933349326
452.95,2.0,0.9915513699
452.95,2.25,0.9888212649
452.95,2.5,0.9851524623
452.95,2.75,0.9805554804
452.95,3.0,0.9750434625
452.95,3.25,0.9686321145
452.95,3.5,0.9613396318
452.95,3.75,0.953186614
452.95,4.0,0.9441959702
452.95,4.25,0.9343928134
452.95,4.5,0.9238043465
452.95,4.75,0.9124597397
452.95,5.0,0.9003900009
452.95,5.25,0.8876278392
452.95,5.5,0.8742075242
452.95,5.75,0.8601647399
452.95,6.0,0.8455364362
452.95,6.25,0.830360679
452.95,6.5,0.8146764987
452.95,6.75,0.7985237401
452.95,7.0,0.781942914
452.95,7.25,0.7649750523
452.95,7.5,0.7476615672
452.95,7.75,0.7300441164
452.95,8.0,0.7121644759
452.95,8.25,0.6940644201
452.95,8.5,0.6757856128
452.95,8.75,0.6573695076
452.95,9.0,0.6388572611
452.95,9.25,0.6202896574
452.95,9.5,0.6017070475
452.95,9.75,0.5831493015
452.95,10.0,0.5646557756
452.95,10.25,0.5462652934
452.95,10.5,0.5280161418
452.95,10.75,0.5099460806
452.95,11.0,0.4920923654
452.95,11.25,0.4744917817
452.95,11.5,0.4571806903
452.95,11.75,0.4401950802
452.95,12.0,0.4235706271
452.95,12.25,0.4073427551
452.95,12.5,0.3915466976
452.95,12.75,0.3762175525
452.95,13.0,0.3613903298
452.95,13.25,0.3470999847
452.95,13.5,0.333381432
452.95,13.75,0.3202695368
452.95,14.0,0.3077990762
452.95,14.25,0.2960046664
452.95,14.5,0.2849206513
452.95,14.75,0.2745809459
452.95,15.0,0.2650188339
452.95,15.25,0.2562667131
452.95,15.5,0.2483557884
452.95,15.75,0.241315711
452.95,16.0,0.2351741646
452.95,16.25,0.2299563999
452.95,16.5,0.225684723
452.95,16.75,0.2223779415
452.95,17.0,0.2200507779
452.95,17.25,0.2187132584
452.95,17.5,0.2183700902
452.95,17.75,0.2190200393
452.95,18.0,0.2206553249
452.95,18.25,0.2232610462
452.95,18.5,0.226814659
452.95,18.75,0.2312855198
452.95,19.0,0.2366345161
452.95,19.25,0.2428137993
452.95,19.5,0.2497666385
452.95,19.75,0.2574274086
452.95,20.0,0.2657217268
452.95,20.25,0.2745667477
452.95,20.5,0.2838716231
452.95,20.75,0.2935381319
452.95,21.0,0.3034614772
452.95,21.25,0.3135312475
452.95,21.5,0.3236325322
452.95,21.75,0.3336471772
452.95,22.0,0.3434551628
452.95,22.25,0.3529360818
452.95,22.5,0.3619706923
452.95,22.75,0.3704425154
452.95,23.0,0.3782394478
452.95,23.25,0.3852553547
452.95,23.5,0.3913916114
452.95,23.75,0.396558558
452.95,24.0,0.4006768368
452.95,24.25,0.4036785804
452.95,24.5,0.4055084238
452.95,24.75,0.4061243169
452.95,25.0,0.4054981185
452.95,25.25,0.4036159567
452.95,25.5,0.4004783483
452.95,25.75,0.3961000734
452.95,26.0,0.3905098096
452.95,26.25,0.3837495323
452.95,26.5,0.3758736987
452.95,26.75,0.3669482314
452.95,27.0,0.3570493288
452.95,27.25,0.3462621269
452.95,27.5,0.3346792459
452.95,27.75,0.3223992518
452.95,28.0,0.3095250685
452.95,28.25,0.2961623731
452.95,28.5,0.2824180085
452.95,28.75,0.2683984431
452.95,29.0,0.2542083092
452.95,29.25,0.2399490433
452.95,29.5,0.2257176524
452.95,29.75,0.2116056241
452.95,30.0,0.1976979935
452.95,30.25,0.1840725775
452.95,30.5,0.1707993804
452.95,30.75,0.157940172
452.95,31.0,0.1455482341
452.95,31.25,0.1336682692
452.95,31.5,0.1223364597
452.95,31.75,0.1115806657
452.95,32.0,0.101420745
452.95,32.25,0.0918689799
452.95,32.5,0.0829305913
452.95,32.75,0.0746043234
452.95,33.0,0.0668830796
452.95,33.25,0.0597545923
452.95,33.5,0.0532021111
452.95,33.75,0.0472050919
452.95,34.0,0.0417398745
452.95,34.25,0.036780337
452.95,34.5,0.0322985155
452.95,34.75,0.028265182
452.95,35.0,0.0246503739
453.0,0.0,0.9561666449
453.0,0.25,0.9608855339
453.0,0.5,0.9647011195
453.0,0.75,0.967602478
453.0,1.0,0.9695812844
453.0,1.25,0.9706318518
453.0,1.5,0.970751159
453.0,1.75,0.9699388649
453.0,2.0,0.9681973104
453.0,2.25,0.9655315078
453.0,2.5,0.9619491166
453.0,2.75,0.9574604077
453.0,3.0,0.9520782146
453.0,3.25,0.9458178734
453.0,3.5,0.9386971509
453.0,3.75,0.9307361616
453.0,4.0,0.9219572748
453.0,4.25,0.9123850123
453.0,4.5,0.9020459361
453.0,4.75,0.8909685294
453.0,5.0,0.8791830697
453.0,5.25,0.8667214959
453.0,5.5,0.8536172703
453.0,5.75,0.8399052364
453.0,6.0,0.8256214739
453.0,6.25,0.8108031521
453.0,6.5,0.795488382
453.0,6.75,0.7797160701
453.0,7.0,0.7635257731
453.0,7.25,0.7469575563
453.0,7.5,0.7300518566
453.0,7.75,0.7128493505
453.0,8.0,0.69539083
453.0,8.25,0.6777170858
453.0,8.5,0.6598688001
453.0,8.75,0.6418864504
453.0,9.0,0.6238102238
453.0,9.25,0.6056799438
453.0,9.5,0.5875350111
453.0,9.75,0.5694143566
453.0,10.0,0.5513564096
453.0,10.25,0.5333990794
453.0,10.5,0.5155797509
453.0,10.75,0.4979352948
453.0,11.0,0.480502089
453.0,11.25,0.4633160528
453.0,11.5,0.4464126904
453.0,11.75,0.4298271432
453.0,12.0,0.4135942467
453.0,12.25,0.3977485907
453.0,12.5,0.3823245785
453.0,12.75,0.3673564815
453.0,13.0,0.3528784851
453.0,13.25,0.3389247212
453.0,13.5,0.3255292823
453.0,13.75,0.3127262122
453.0,14.0,0.300549469
453.0,14.25,0.2890328536
453.0,14.5,0.2782099008
453.0,14.75,0.268113727
453.0,15.0,0.2587768319
453.0,15.25,0.2502308503
453.0,15.5,0.242506252
453.0,15.75,0.2356319899
453.0,16.0,0.2296350956
453.0,16.25,0.2245402252
453.0,16.5,0.2203691593
453.0,16.75,0.2171402626
453.0,17.0,0.2148679108
453.0,17.25,0.213561894
453.0,17.5,0.2132268084
453.0,17.75,0.2138614492
453.0,18.0,0.2154582189
453.0,18.25,0.2180025675
453.0,18.5,0.2214724819
453.0,18.75,0.2258380403
453.0,19.0,0.2310610514
453.0,19.25,0.2370947936
453.0,19.5,0.2438838722
453.0,19.75,0.2513642078
453.0,20.0,0.2594631696
453.0,20.25,0.2680998632
453.0,20.5,0.2771855805
453.0,20.75,0.2866244135
453.0,21.0,0.2963140337
453.0,21.25,0.3061466302
453.0,21.5,0.3160099989
453.0,21.75,0.3257887684
453.0,22.0,0.335365746
453.0,22.25,0.3446233604
453.0,22.5,0.3534451783
453.0,22.75,0.3617174642
453.0,23.0,0.369330755
453.0,23.25,0.3761814159
453.0,23.5,0.382173145
453.0,23.75,0.3872183942
453.0,24.0,0.3912396751
453.0,24.25,0.3941707185
453.0,24.5,0.3959574634
453.0,24.75,0.3965588504
453.0,25.0,0.3959474009
453.0,25.25,0.3941095697
453.0,25.5,0.3910458615
453.0,25.75,0.3867707084
453.0,26.0,0.3813121123
453.0,26.25,0.3747110602
453.0,26.5,0.3670207265
453.0,26.75,0.3583054812
453.0,27.0,0.3486397279
453.0,27.25,0.3381065976
453.0,27.5,0.3267965287
453.0,27.75,0.3148057659
453.0,28.0,0.3022348089
453.0,28.25,0.2891868458
453.0,28.5,0.2757662029
453.0,28.75,0.2620768411
453.0,29.0,0.2482209281
453.0,29.25,0.2342975113
453.0,29.5,0.2204013132
453.0,29.75,0.2066216662
453.0,30.0,0.1930416027
453.0,30.25,0.1797371068
453.0,30.5,0.166776534
453.0,30.75,0.1542201991
453.0,31.0,0.1421201292
453.0,31.25,0.1305199737
453.0,31.5,0.1194550629
453.0,31.75,0.1089526006
453.0,32.0,0.0990319771
453.0,32.25,0.0897051852
453.0,32.5,0.0809773229
453.0,32.75,0.072847164
453.0,33.0,0.065307779
453.0,33.25,0.0583471894
453.0,33.5,0.0519490391
453.0,33.75,0.046093268
453.0,34.0,0.0407567731
453.0,34.25,0.0359140478
453.0,34.5,0.0315377869
453.0,34.75,0.0275994508
453.0,35.0,0.0240697824
453.05,0.0,0.9331345732
453.05,0.25,0.937739794
453.05,0.5,0.94146347
453.05,0.75,0.9442949408
453.05,1.0,0.9462260819
453.05,1.25,0.9472513433
453.05,1.5,0.9473677766
453.05,1.75,0.946575049
453.05,2.0,0.944875445
453.05,2.25,0.942273856
453.05,2.5,0.9387777572
453.05,2.75,0.9343971719
453.05,3.0,0.9291446247
453.05,3.25,0.9230350822
453.05,3.5,0.9160858831
453.05,3.75,0.9083166575
453.05,4.0,0.899749236
453.05,4.25,0.8904075494
453.05,4.5,0.8803175201
453.05,4.75,0.8695069451
453.05,5.0,0.8580053727
453.05,5.25,0.8458439724
453.05,5.5,0.8330554004
453.05,5.75,0.8196736609
453.05,6.0,0.8057339647
453.05,6.25,0.7912725855
453.05,6.5,0.7763267165
453.05,6.75,0.7609343269
453.05,7.0,0.7451340205
453.05,7.25,0.7289648978
453.05,7.5,0.7124664213
453.05,7.75,0.6956782879
453.05,8.0,0.678640307
453.05,8.25,0.6613922866
453.05,8.5,0.6439739291
453.05,8.75,0.6264247369
453.05,9.0,0.6087839291
453.05,9.25,0.5910903699
453.05,9.5,0.573382511
453.05,9.75,0.5556983456
453.05,10.0,0.5380753771
453.05,10.25,0.5205506016
453.05,10.5,0.5031605039
453.05,10.75,0.4859410662
453.05,11.0,0.4689277901
453.05,11.25,0.4521557299
453.05,11.5,0.4356595344
453.05,11.75,0.4194734987
453.05,12.0,0.403631619
453.05,12.25,0.3881676519
453.05,12.5,0.3731151722
453.05,12.75,0.3585076256
453.05,13.0,0.3443783742
453.05,13.25,0.3307607275
453.05,13.5,0.3176879569
453.05,13.75,0.3051932863
453.05,14.0,0.2933098555
453.05,14.25,0.2820706515
453.05,14.5,0.2715084012
453.05,14.75,0.2616554233
453.05,15.0,0.2525434347
453.05,15.25,0.244203308
453.05,15.5,0.2366647792
453.05,15.75,0.2299561039
453.05,16.0,0.2241036624
453.05,16.25,0.2191315168
453.05,16.5,0.2150609232
453.05,16.75,0.211909804
453.05,17.0,0.2096921884
453.05,17.25,0.2084176308
453.05,17.5,0.2080906168
453.05,17.75,0.2087099704
453.05,18.0,0.2102682772
453.05,18.25,0.2127513377
453.05,18.5,0.2161376691
453.05,18.75,0.2203980703
453.05,19.0,0.2254952698
453.05,19.25,0.2313836717
453.05,19.5,0.2380092155
453.05,19.75,0.2453093653
453.05,20.0,0.2532132399
453.05,20.25,0.2616418935
453.05,20.5,0.2705087546
453.05,20.75,0.2797202257
453.05,21.0,0.2891764431
453.05,21.25,0.2987721927
453.05,21.5,0.3083979733
453.05,21.75,0.3179411926
453.05,22.0,0.3272874806
453.05,22.25,0.3363220983
453.05,22.5,0.3449314169
453.05,22.75,0.3530044406
453.05,23.0,0.360434343
453.05,23.25,0.3671199857
453.05,23.5,0.3729673864
453.05,23.75,0.3778911061
453.05,24.0,0.3818155226
453.05,24.25,0.3846759633
453.05,24.5,0.3864196693
453.05,24.75,0.3870065701
453.05,25.0,0.3864098491
453.05,25.25,0.3846162875
453.05,25.5,0.3816263776
453.05,25.75,0.3774542041
453.05,26.0,0.3721270943
453.05,26.25,0.3656850478
453.05,26.5,0.3581799583
453.05,26.75,0.3496746452
453.05,27.0,0.3402417199
453.05,27.25,0.3299623108
453.05,27.5,0.318924678
453.05,27.75,0.3072227478
453.05,28.0,0.2949545991
453.05,28.25,0.2822209344
453.05,28.5,0.2691235669
453.05,28.75,0.2557639534
453.05,29.0,0.2422418007
453.05,29.25,0.2286537702
453.05,29.5,0.2150923026
453.05,29.75,0.2016445787
453.05,30.0,0.1883916308
453.05,30.25,0.1754076127
453.05,30.5,0.1627592331
453.05,30.75,0.1505053543
453.05,31.0,0.13869675
453.05,31.25,0.1273760182
453.05,31.5,0.1165776382
453.05,31.75,0.1063281584
453.05,32.0,0.0966465021
453.05,32.25,0.0875443733
453.05,32.5,0.0790267471
453.05,32.75,0.0710924269
453.05,33.0,0.06373465
453.05,33.25,0.0569417266
453.05,33.5,0.0506976945
453.05,33.75,0.0449829767
453.05,34.0,0.039775027
453.05,34.25,0.0350489529
453.05,34.5,0.030778107
453.05,34.75,0.0269346372
453.05,35.0,0.0234899912
453.1,0.0,0.9101584587
453.1,0.25,0.9146502874
453.1,0.5,0.9182822771
453.1,0.75,0.92104403
453.1,1.0,0.9229276215
453.1,1.25,0.9239276385
453.1,1.5,0.9240412049
453.1,1.75,0.9232679962
453.1,2.0,0.9216102407
453.1,2.25,0.9190727094
453.1,2.5,0.9156626933
453.1,2.75,0.911389969
453.1,3.0,0.9062667527
453.1,3.25,0.9003076425
453.1,3.5,0.8935295501
453.1,3.75,0.8859516223
453.1,4.0,0.8775951522
453.1,4.25,0.8684834813
453.1,4.5,0.8586418939
453.1,4.75,0.8480975024
453.1,5.0,0.8368791276
453.1,5.25,0.8250171715
453.1,5.5,0.8125434862
453.1,5.75,0.7994912387
453.1,6.0,0.7858947728
453.1,6.25,0.771789469
453.1,6.5,0.7572116048
453.1,6.75,0.7421982145
453.1,7.0,0.7267869513
453.1,7.25,0.7110159529
453.1,7.5,0.6949237103
453.1,7.75,0.6785489429
453.1,8.0,0.6619304798
453.1,8.25,0.6451071489
453.1,8.5,0.6281176752
453.1,8.75,0.6110005881
453.1,9.0,0.5937941412
453.1,9.25,0.5765362419
453.1,9.5,0.5592643949
453.1,9.75,0.542015658
453.1,10.0,0.5248266112
453.1,10.25,0.5077333397
453.1,10.5,0.4907714298
453.1,10.75,0.4739759778
453.1,11.0,0.4573816113
453.1,11.25,0.4410225213
453.1,11.5,0.4249325036
453.1,11.75,0.4091450086
453.1,12.0,0.3936931957
453.1,12.25,0.3786099904
453.1,12.5,0.3639281404
453.1,12.75,0.3496802683
453.1,13.0,0.3358989145
453.1,13.25,0.3226165685
453.1,13.5,0.3098656823
453.1,13.75,0.2976786618
453.1,14.0,0.2860878309
453.1,14.25,0.2751253643
453.1,14.5,0.2648231831
453.1,14.75,0.2552128102
453.1,15.0,0.2463251816
453.1,15.25,0.2381904098
453.1,15.5,0.2308374986
453.1,15.75,0.2242940076
453.1,16.0,0.2185856679
453.1,16.25,0.213735949
453.1,16.5,0.2097655837
453.1,16.75,0.2066920529
453.1,17.0,0.2045290406
453.1,17.25,0.2032858658
453.1,17.5,0.2029669037
453.1,17.75,0.2035710072
453.1,18.0,0.2050909446
453.1,18.25,0.207512866
453.1,18.5,0.2108158173
453.1,18.75,0.2149713168
453.1,19.0,0.2199430105
453.1,19.25,0.2256864251
453.1,19.5,0.2321488314
453.1,19.75,0.2392692332
453.1,20.0,0.2469784945
453.1,20.25,0.2551996135
453.1,20.5,0.2638481503
453.1,20.75,0.2728328119
453.1,21.0,0.2820561935
453.1,21.25,0.2914156717
453.1,21.5,0.3008044414
453.1,21.75,0.3101126827
453.1,22.0,0.3192288416
453.1,22.25,0.3280410044
453.1,22.5,0.3364383399
453.1,22.75,0.3443125855
453.1,23.0,0.3515595451
453.1,23.25,0.3580805705
453.1,23.5,0.3637839936
453.1,23.75,0.3685864789
453.1,24.0,0.3724142664
453.1,24.25,0.3752042758
453.1,24.5,0.3769050474
453.1,24.75,0.3774774972
453.1,25.0,0.376895469
453.1,25.25,0.3751460694
453.1,25.5,0.3722297787
453.1,25.75,0.3681603345
453.1,26.0,0.3629643915
453.1,26.25,0.3566809644
453.1,26.5,0.349360669
453.1,26.75,0.3410647781
453.1,27.0,0.331864115
453.1,27.25,0.3218378107
453.1,27.5,0.3110719522
453.1,27.75,0.2996581529
453.1,28.0,0.2876920768
453.1,28.25,0.2752719469
453.1,28.5,0.2624970694
453.1,28.75,0.2494664031
453.1,29.0,0.2362771997
453.1,29.25,0.2230237406
453.1,29.5,0.2097961904
453.1,29.75,0.1966795832
453.1,30.0,0.1837529562
453.1,30.25,0.1710886371
453.1,30.5,0.1587516924
453.1,30.75,0.1467995349
453.1,31.0,0.135281688
453.1,31.25,0.124239701
453.1,31.5,0.1137072042
453.1,31.75,0.1037100924
453.1,32.0,0.0942668227
453.1,32.25,0.0853888111
453.1,32.5,0.0770809103
453.1,32.75,0.069341953
453.1,33.0,0.062165343
453.1,33.25,0.0555396784
453.1,33.5,0.0494493901
453.1,33.75,0.043875383
453.1,34.0,0.038795666
453.1,34.25,0.0341859597
453.1,34.5,0.0300202728
453.1,34.75,0.0262714389
453.1,35.0,0.0229116087
453.15,0.0,0.8872617851
453.15,0.25,0.8916406138
453.15,0.5,0.8951812343
453.15,0.75,0.8978735103
453.15,1.0,0.8997097167
453.15,1.25,0.9006845765
453.15,1.5,0.9007952859
453.15,1.75,0.9000415286
453.15,2.0,0.898425477
453.15,2.25,0.8959517818
453.15,2.5,0.8926275508
453.15,2.75,0.8884623146
453.15,3.0,0.8834679821
453.15,3.25,0.8776587839
453.15,3.5,0.8710512067
453.15,3.75,0.8636639153
453.15,4.0,0.8555176672
453.15,4.25,0.8466352168
453.15,4.5,0.8370412122
453.15,4.75,0.8267620839
453.15,5.0,0.8158259275
453.15,5.25,0.8042623802
453.15,5.5,0.7921024929
453.15,5.75,0.7793785982
453.15,6.0,0.7661241758
453.15,6.25,0.7523737164
453.15,6.5,0.7381625846
453.15,6.75,0.7235268831
453.15,7.0,0.708503318
453.15,7.25,0.6931290674
453.15,7.5,0.6774416541
453.15,7.75,0.6614788235
453.15,8.0,0.6452784277
453.15,8.25,0.628878318
453.15,8.5,0.612316245
453.15,8.75,0.5956297691
453.15,9.0,0.5788561813
453.15,9.25,0.5620324355
453.15,9.5,0.5451950929
453.15,9.75,0.5283802789
453.15,10.0,0.5116236535
453.15,10.25,0.4949603941
453.15,10.5,0.4784251915
453.15,10.75,0.4620522593
453.15,11.0,0.445875354
453.15,11.25,0.4299278063
453.15,11.5,0.4142425619
453.15,11.75,0.3988522298
453.15,12.0,0.3837891351
453.15,12.25,0.3690853749
453.15,12.5,0.3547728733
453.15,12.75,0.340883432
453.15,13.0,0.327448773
453.15,13.25,0.3145005683
453.15,13.5,0.3020704536
453.15,13.75,0.2901900195
453.15,14.0,0.2788907768
453.15,14.25,0.2682040908
453.15,14.5,0.2581610795
453.15,14.75,0.2487924728
453.15,15.0,0.2401284285
453.15,15.25,0.2321983015
453.15,15.5,0.225030366
453.15,15.75,0.2186514883
453.15,16.0,0.2130867521
453.15,16.25,0.2083590367
453.15,16.5,0.204488553
453.15,16.75,0.2014923424
453.15,17.0,0.1993837446
453.15,17.25,0.1981718441
453.15,17.5,0.197860906
453.15,17.75,0.1984498123
453.15,18.0,0.1999315129
453.15,18.25,0.2022925065
453.15,18.5,0.2055123662
453.15,18.75,0.2095633265
453.15,19.0,0.2144099483
453.15,19.25,0.2200088771
453.15,19.5,0.2263087099
453.15,19.75,0.2332499852
453.15,20.0,0.2407653062
453.15,20.25,0.2487796081
453.15,20.5,0.2572105754
453.15,20.75,0.2659692117
453.15,21.0,0.2749605625
453.15,21.25,0.2840845862
453.15,21.5,0.2932371645
453.15,21.75,0.3023112402
453.15,22.0,0.3111980658
453.15,22.25,0.3197885427
453.15,22.5,0.3279746282
453.15,22.75,0.3356507829
453.15,23.0,0.3427154323
453.15,23.25,0.3490724095
453.15,23.5,0.3546323527
453.15,23.75,0.3593140229
453.15,24.0,0.3630455155
453.15,24.25,0.3657653372
453.15,24.5,0.3674233228
453.15,24.75,0.3679813717
453.15,25.0,0.3674139854
453.15,25.25,0.3657085951
453.15,25.5,0.3628656689
453.15,25.75,0.3588985989
453.15,26.0,0.3538333692
453.15,26.25,0.347708013
453.15,26.5,0.3405718728
453.15,26.75,0.3324846799
453.15,27.0,0.3235154761
453.15,27.25,0.3137414016
453.15,27.5,0.3032463776
453.15,27.75,0.2921197129
453.15,28.0,0.280454665
453.15,28.25,0.2683469858
453.15,28.5,0.2558934834
453.15,28.75,0.243190627
453.15,29.0,0.2303332217
453.15,29.25,0.2174131772
453.15,29.5,0.2045183898
453.15,29.75,0.1917317545
453.15,30.0,0.17913032
453.15,30.25,0.1667845946
453.15,30.5,0.154758008
453.15,30.75,0.1431065285
453.15,31.0,0.1318784337
453.15,31.25,0.1211142278
453.15,31.5,0.1108466949
453.15,31.75,0.1011010784
453.15,32.0,0.0918953712
453.15,32.25,0.083240702
453.15,32.5,0.0751418013
453.15,32.75,0.0675975314
453.15,33.0,0.060601462
453.15,33.25,0.0541424779
453.15,33.5,0.0482054017
453.15,33.75,0.0427716188
453.15,34.0,0.0378196912
453.15,34.25,0.0333259504
453.15,34.5,0.0292650588
453.15,34.75,0.0256105336
453.15,35.0,0.022335226
453.2,0.0,0.8644673232
453.2,0.25,0.8687336563
453.2,0.5,0.8721833154
453.2,0.75,0.8748064247
453.2,1.0,0.8765954575
453.2,1.25,0.8775452723
453.2,1.5,0.8776531375
453.2,1.75,0.8769187449
453.2,2.0,0.8753442109
453.2,2.25,0.8729340669
453.2,2.5,0.8696952381
453.2,2.75,0.8656370101
453.2,3.0,0.8607709859
453.2,3.25,0.8551110307
453.2,3.5,0.8486732074
453.2,3.75,0.8414757014
453.2,4.0,0.8335387369
453.2,4.25,0.8248844838
453.2,4.5,0.8155369568
453.2,4.75,0.8055219075
453.2,5.0,0.7948667096
453.2,5.25,0.7836002391
453.2,5.5,0.771752749
453.2,5.75,0.7593557413
453.2,6.0,0.7464418355
453.2,6.25,0.7330446363
453.2,6.5,0.7191985998
453.2,6.75,0.7049389012
453.2,7.0,0.6903013034
453.2,7.25,0.6753220296
453.2,7.5,0.6600376384
453.2,7.75,0.6444849056
453.2,8.0,0.6287007109
453.2,8.25,0.6127219331
453.2,8.5,0.5965853529
453.2,8.75,0.5803275659
453.2,9.0,0.5639849049
453.2,9.25,0.5475933746
453.2,9.5,0.5311885967
453.2,9.75,0.5148057687
453.2,10.0,0.4984796344
453.2,10.25,0.4822444673
453.2,10.5,0.4661340673
453.2,10.75,0.4501817688
453.2,11.0,0.434420461
453.2,11.25,0.4188826185
453.2,11.5,0.4036003406
453.2,11.75,0.3886053984
453.2,12.0,0.3739292865
453.2,12.25,0.3596032777
453.2,12.5,0.3456584756
453.2,12.75,0.3321258652
453.2,13.0,0.3190363532
453.2,13.25,0.3064207982
453.2,13.5,0.294310023
453.2,13.75,0.2827348067
453.2,14.0,0.2717258506
453.2,14.25,0.2613137141
453.2,14.5,0.2515287157
453.2,14.75,0.2424007961
453.2,15.0,0.2339593379
453.2,15.25,0.2262329422
453.2,15.5,0.2192491566
453.2,15.75,0.2130341574
453.2,16.0,0.2076123838
453.2,16.25,0.2030061271
453.2,16.5,0.1992350792
453.2,16.75,0.1963158437
453.2,17.0,0.1942614174
453.2,17.25,0.1930806516
453.2,17.5,0.1927777018
453.2,17.75,0.1933514786
453.2,18.0,0.1947951131
453.2,18.25,0.1970954509
453.2,18.5,0.2002325898
453.2,18.75,0.2041794777
453.2,19.0,0.208901586
453.2,19.25,0.2143566738
453.2,19.5,0.2204946589
453.2,19.75,0.2272576073
453.2,20.0,0.2345798537
453.2,20.25,0.2423882618
453.2,20.5,0.2506026309
453.2,20.75,0.2591362508
453.2,21.0,0.2678966066
453.2,21.25,0.2767862269
453.2,21.5,0.2857036682
453.2,21.75,0.2945446236
453.2,22.0,0.3032031396
453.2,22.25,0.3115729203
453.2,22.5,0.3195486987
453.2,22.75,0.327027647
453.2,23.0,0.3339107998
453.2,23.25,0.3401044613
453.2,23.5,0.3455215651
453.2,23.75,0.3500829594
453.2,24.0,0.3537185871
453.2,24.25,0.3563685344
453.2,24.5,0.357983925
453.2,24.75,0.3585276371
453.2,25.0,0.3579748275
453.2,25.25,0.35631325
453.2,25.5,0.3535433608
453.2,25.75,0.3496782081
453.2,26.0,0.3447431081
453.2,26.25,0.3387751172
453.2,26.5,0.3318223101
453.2,26.75,0.3239428837
453.2,27.0,0.3152041059
453.2,27.25,0.3056811351
453.2,27.5,0.2954557366
453.2,27.75,0.2846149248
453.2,28.0,0.2732495613
453.2,28.25,0.261452938
453.2,28.5,0.249319376
453.2,28.75,0.236942866
453.2,29.0,0.2244157777
453.2,29.25,0.2118276595
453.2,29.5,0.1992641494
453.2,29.75,0.186806013
453.2,30.0,0.1745283194
453.2,30.25,0.1624997656
453.2,30.5,0.1507821515
453.2,30.75,0.1394300078
453.2,31.0,0.1284903717
453.2,31.25,0.1180027068
453.2,31.5,0.107998955
453.2,31.75,0.0985037112
453.2,32.0,0.0895345059
453.2,32.25,0.081102182
453.2,32.5,0.0732113486
453.2,32.75,0.065860897
453.2,33.0,0.0590445622
453.2,33.25,0.0527515145
453.2,33.5,0.0469669665
453.2,33.75,0.0416727818
453.2,34.0,0.0368480732
453.2,34.25,0.0324697802
453.2,34.5,0.0285132162
453.2,34.75,0.0249525786
453.2,35.0,0.0217614162
453.25,0.0,0.8417970987
453.25,0.25,0.8459515494
453.25,0.5,0.8493107429
453.25,0.75,0.8518650625
453.25,1.0,0.8536071788
453.25,1.25,0.8545320852
453.25,1.5,0.8546371217
453.25,1.75,0.8539219881
453.25,2.0,0.8523887455
453.25,2.25,0.8500418064
453.25,2.5,0.8468879142
453.25,2.75,0.8429361112
453.25,3.0,0.8381976961
453.25,3.25,0.8326861704
453.25,3.5,0.8264171758
453.25,3.75,0.8194084208
453.25,4.0,0.8116795992
453.25,4.25,0.8032522996
453.25,4.5,0.7941499068
453.25,4.75,0.7843974972
453.25,5.0,0.7740217266
453.25,5.25,0.7630507136
453.25,5.5,0.751513918
453.25,5.75,0.7394420156
453.25,6.0,0.7268667707
453.25,6.25,0.7138209063
453.25,6.5,0.7003379752
453.25,6.75,0.68645223
453.25,7.0,0.672198496
453.25,7.25,0.6576120461
453.25,7.5,0.6427284805
453.25,7.75,0.6275836104
453.25,8.0,0.6122133483
453.25,8.25,0.596653606
453.25,8.5,0.5809401996
453.25,8.75,0.5651087649
453.25,9.0,0.549194682
453.25,9.25,0.5332330114
453.25,9.5,0.5172584406
453.25,9.75,0.5013052442
453.25,10.0,0.4854072546
453.25,10.25,0.4695978466
453.25,10.5,0.4539099338
453.25,10.75,0.4383759764
453.25,11.0,0.4230280011
453.25,11.25,0.4078976307
453.25,11.5,0.3930161229
453.25,11.75,0.3784144156
453.25,12.0,0.3641231775
453.25,12.25,0.350172861
453.25,12.5,0.3365937545
453.25,12.75,0.32341603
453.25,13.0,0.3106697839
453.25,13.25,0.2983850656
453.25,13.5,0.2865918894
453.25,13.75,0.2753202274
453.25,14.0,0.2645999757
453.25,14.25,0.2544608923
453.25,14.5,0.2449325006
453.25,14.75,0.2360439561
453.25,15.0,0.227823871
453.25,15.25,0.2203000961
453.25,15.5,0.2134994568
453.25,15.75,0.2074474429
453.25,16.0,0.2021678525
453.25,16.25,0.1976823926
453.25,16.5,0.1940102386
453.25,16.75,0.1911675586
453.25,17.0,0.1891670086
453.25,17.25,0.1880172078
453.25,17.5,0.1877222027
453.25,17.75,0.1882809325
453.25,18.0,0.1896867084
453.25,18.25,0.191926721
453.25,18.5,0.19498159
453.25,18.75,0.1988249728
453.25,19.0,0.2034232461
453.25,19.25,0.2087352769
453.25,19.5,0.2147122964
453.25,19.75,0.2212978899
453.25,20.0,0.228428114
453.25,20.25,0.2360317506
453.25,20.5,0.2440307019
453.25,20.75,0.2523405318
453.25,21.0,0.2608711517
453.25,21.25,0.2695276461
453.25,21.5,0.2782112319
453.25,21.75,0.2868203378
453.25,22.0,0.2952517885
453.25,22.25,0.3034020759
453.25,22.5,0.3111686935
453.25,22.75,0.31845151
453.25,23.0,0.3251541556
453.25,23.25,0.3311853914
453.25,23.5,0.3364604344
453.25,23.75,0.3409022084
453.25,24.0,0.3444424935
453.25,24.25,0.3470229473
453.25,24.5,0.3485959751
453.25,24.75,0.3491254287
453.25,25.0,0.3485871162
453.25,25.25,0.3469691127
453.25,25.5,0.3442718625
453.25,25.75,0.3405080714
453.25,26.0,0.335702392
453.25,26.25,0.3298909087
453.25,26.5,0.3231204355
453.25,26.75,0.3154476431
453.25,27.0,0.3069380354
453.25,27.25,0.2976647998
453.25,27.5,0.2877075573
453.25,27.75,0.2771510404
453.25,28.0,0.2660837278
453.25,28.25,0.2545964651
453.25,28.5,0.2427810997
453.25,28.75,0.2307291575
453.25,29.0,0.2185305859
453.25,29.25,0.2062725848
453.25,29.5,0.1940385465
453.25,29.75,0.1819071184
453.25,30.0,0.1699514012
453.25,30.25,0.1582382902
453.25,30.5,0.1468279648
453.25,30.75,0.1357735253
453.25,31.0,0.1251207758
453.25,31.25,0.1149081447
453.25,31.5,0.1051667363
453.25,31.75,0.0959205005
453.25,32.0,0.0871865082
453.25,32.25,0.0789753178
453.25,32.5,0.0712914175
453.25,32.75,0.0641337278
453.25,33.0,0.057496148
453.25,33.25,0.0513681323
453.25,33.5,0.0457352812
453.25,33.75,0.0405799339
453.25,34.0,0.0358817509
453.25,34.25,0.0316182764
453.25,34.5,0.0277654713
453.25,34.75,0.0242982096
453.25,35.0,0.0211907339
453.3,0.0,0.8192723646
453.3,0.25,0.8233156508
453.3,0.5,0.8265849593
453.3,0.75,0.8290709306
453.3,1.0,0.8307664315
453.3,1.25,0.8316665893
453.3,1.5,0.8317688153
453.3,1.75,0.8310728172
453.3,2.0,0.8295806009
453.3,2.25,0.827296461
453.3,2.5,0.8242269604
453.3,2.75,0.8203808995
453.3,3.0,0.8157692744
453.3,3.25,0.8104052257
453.3,3.5,0.8043039762
453.3,3.75,0.7974827609
453.3,4.0,0.7899607465
453.3,4.25,0.7817589438
453.3,4.5,0.7729001121
453.3,4.75,0.7634086566
453.3,5.0,0.7533105199
453.3,5.25,0.7426330684
453.3,5.5,0.7314049734
453.3,5.75,0.7196560899
453.3,6.0,0.7074173323
453.3,6.25,0.6947205481
453.3,6.5,0.6815983921
453.3,6.75,0.6680842004
453.3,7.0,0.6542118666
453.3,7.25,0.6400157197
453.3,7.5,0.6255304073
453.3,7.75,0.6107907822
453.3,8.0,0.5958317963
453.3,8.25,0.5806884002
453.3,8.5,0.5653954518
453.3,8.75,0.5499876333
453.3,9.0,0.5344993781
453.3,9.25,0.5189648085
453.3,9.5,0.5034176839
453.3,9.75,0.4878913617
453.3,10.0,0.4724187691
453.3,10.25,0.457032388
453.3,10.5,0.441764251
453.3,10.75,0.4266459498
453.3,11.0,0.4117086543
453.3,11.25,0.3969831411
453.3,11.5,0.3824998314
453.3,11.75,0.3682888353
453.3,12.0,0.3543800009
453.3,12.25,0.3408029658
453.3,12.5,0.3275872078
453.3,12.75,0.3147620917
453.3,13.0,0.3023569086
453.3,13.25,0.2904009037
453.3,13.5,0.2789232884
453.3,13.75,0.2679532325
453.3,14.0,0.2575198324
453.3,14.25,0.2476520496
453.3,14.5,0.2383786179
453.3,14.75,0.2297279122
453.3,15.0,0.2217277795
453.3,15.25,0.2144053251
453.3,15.5,0.2077866568
453.3,15.75,0.2018965821
453.3,16.0,0.1967582626
453.3,16.25,0.1923928242
453.3,16.5,0.1888189294
453.3,16.75,0.1860523135
453.3,17.0,0.1841052941
453.3,17.25,0.1829862596
453.3,17.5,0.1826991482
453.3,17.75,0.1832429275
453.3,18.0,0.1846110878
453.3,18.25,0.1867911623
453.3,18.5,0.1897642894
453.3,18.75,0.1935048313
453.3,19.0,0.1979800644
453.3,19.25,0.2031499564
453.3,19.5,0.2089670433
453.3,19.75,0.21537642
453.3,20.0,0.2223158542
453.3,20.25,0.2297160333
453.3,20.5,0.2375009494
453.3,20.75,0.2455884256
453.3,21.0,0.2538907839
453.3,21.25,0.2623156486
453.3,21.5,0.2707668798
453.3,21.75,0.2791456239
453.3,22.0,0.2873514666
453.3,22.25,0.2952836693
453.3,22.5,0.3028424684
453.3,22.75,0.309930412
453.3,23.0,0.3164537088
453.3,23.25,0.3223235612
453.3,23.5,0.3274574551
453.3,23.75,0.3317803765
453.3,24.0,0.335225931
453.3,24.25,0.3377373372
453.3,24.5,0.3392682741
453.3,24.75,0.3397835605
453.3,25.0,0.3392596522
453.3,25.25,0.3376849431
453.3,25.5,0.3350598657
453.3,25.75,0.3313967858
453.3,26.0,0.3267196964
453.3,26.25,0.3210637162
453.3,26.5,0.3144744068
453.3,26.75,0.3070069223
453.3,27.0,0.2987250139
453.3,27.25,0.2896999107
453.3,27.5,0.2800091032
453.3,27.75,0.2697350567
453.3,28.0,0.2589638824
453.3,28.25,0.2477839948
453.3,28.5,0.236284784
453.3,28.75,0.2245553266
453.3,29.0,0.2126831633
453.3,29.25,0.2007531607
453.3,29.5,0.1888464798
453.3,29.75,0.1770396635
453.3,30.0,0.1654038563
453.3,30.25,0.1540041637
453.3,30.5,0.1428991548
453.3,30.75,0.1321405091
453.3,31.0,0.1217728049
453.3,31.25,0.1118334425
453.3,31.5,0.1023526938
453.3,31.75,0.093353868
453.3,32.0,0.0848535791
453.3,32.25,0.076862103
453.3,32.5,0.0693838079
453.3,32.75,0.0624176431
453.3,33.0,0.055957671
453.3,33.25,0.0499936283
453.3,33.5,0.0445115005
453.3,33.75,0.0394940995
453.3,34.0,0.0349216301
453.3,34.25,0.0307722373
453.3,34.5,0.0270225252
453.3,34.75,0.0236480402
453.3,35.0,0.0206237141
453.35,0.0,0.7969135746
453.35,0.25,0.8008465153
453.35,0.5,0.804026601
453.35,0.75,0.8064447276
453.35,1.0,0.8080939565
453.35,1.25,0.8089695481
453.35,1.5,0.8090689842
453.35,1.75,0.8083919806
453.35,2.0,0.8069404885
453.35,2.25,0.8047186851
453.35,2.5,0.8017329543
453.35,2.75,0.7979918564
453.35,3.0,0.7935060874
453.35,3.25,0.788288429
453.35,3.5,0.782353689
453.35,3.75,0.7757186317
453.35,4.0,0.7684019009
453.35,4.25,0.7604239338
453.35,4.5,0.7518068688
453.35,4.75,0.7425744449
453.35,5.0,0.7327518969
453.35,5.25,0.722365844
453.35,5.5,0.7114441754
453.35,5.75,0.7000159311
453.35,6.0,0.6881111818
453.35,6.25,0.6757609059
453.35,6.5,0.6629968671
453.35,6.75,0.6498514918
453.35,7.0,0.6363577482
453.35,7.25,0.6225490289
453.35,7.5,0.6084590356
453.35,7.75,0.5941216702
453.35,8.0,0.5795709305
453.35,8.25,0.5648408133
453.35,8.5,0.5499652253
453.35,8.75,0.534977902
453.35,9.0,0.5199123374
453.35,9.25,0.5048017222
453.35,9.5,0.4896788947
453.35,9.75,0.4745763019
453.35,10.0,0.4595259724
453.35,10.25,0.4445595015
453.35,10.5,0.4297080477
453.35,10.75,0.4150023407
453.35,11.0,0.4004726994
453.35,11.25,0.3861490607
453.35,11.5,0.3720610155
453.35,11.75,0.3582378521
453.35,12.0,0.3447086042
453.35,12.25,0.3315021005
453.35,12.5,0.3186470142
453.35,12.75,0.3061719088
453.35,13.0,0.294105276
453.35,13.25,0.2824755628
453.35,13.5,0.2713111834
453.35,13.75,0.2606405117
453.35,14.0,0.2504918499
453.35,14.25,0.2408933691
453.35,14.5,0.2318730189
453.35,14.75,0.2234584
453.35,15.0,0.2156765991
453.35,15.25,0.2085539821
453.35,15.5,0.2021159441
453.35,15.75,0.1963866156
453.35,16.0,0.1913885261
453.35,16.25,0.1871422251
453.35,16.5,0.1836658656
453.35,16.75,0.1809747535
453.35,17.0,0.1790808702
453.35,17.25,0.1779923753
453.35,17.5,0.1777130995
453.35,17.75,0.1782420385
453.35,18.0,0.1795728603
453.35,18.25,0.1816934383
453.35,18.5,0.1845854257
453.35,18.75,0.1882238843
453.35,19.0,0.1925769837
453.35,19.25,0.197605784
453.35,19.5,0.2032641166
453.35,19.75,0.2094985748
453.35,20.0,0.2162486247
453.35,20.25,0.2234468452
453.35,20.5,0.2310193029
453.35,20.75,0.2388860636
453.35,21.0,0.2469618419
453.35,21.25,0.2551567833
453.35,21.5,0.2633773716
453.35,21.75,0.2715274512
453.35,22.0,0.2795093479
453.35,22.25,0.2872250726
453.35,22.5,0.2945775843
453.35,22.75,0.3014720906
453.35,23.0,0.3078173598
453.35,23.25,0.313527018
453.35,23.5,0.3185208025
453.35,23.75,0.322725747
453.35,24.0,0.3260772687
453.35,24.25,0.328520136
453.35,24.5,0.3300092921
453.35,24.75,0.3305105158
453.35,25.0,0.3300009055
453.35,25.25,0.3284691718
453.35,25.5,0.3259157355
453.35,25.75,0.3223526248
453.35,26.0,0.317803178
453.35,26.25,0.3123015554
453.35,26.5,0.305892075
453.35,26.75,0.2986283859
453.35,27.0,0.2905724994
453.35,27.25,0.2817937006
453.35,27.5,0.2723673653
453.35,27.75,0.2623737081
453.35,28.0,0.2518964902
453.35,28.25,0.2410217134
453.35,28.5,0.2298363279
453.35,28.75,0.2184269796
453.35,29.0,0.2068788199
453.35,29.25,0.1952743994
453.35,29.5,0.1836926641
453.35,29.75,0.172208068
453.35,30.0,0.160889814
453.35,30.25,0.1498012308
453.35,30.5,0.1389992891
453.35,30.75,0.1285342579
453.35,31.0,0.1184494991
453.35,31.25,0.1087813922
453.35,31.5,0.099559383
453.35,31.75,0.0908061444
453.35,32.0,0.0825378372
453.35,32.25,0.0747644567
453.35,32.5,0.067490252
453.35,32.75,0.060714201
453.35,33.0,0.0544305283
453.35,33.25,0.0486292505
453.35,33.5,0.0432967357
453.35,33.75,0.0384162647
453.35,34.0,0.0339685827
453.35,34.25,0.0299324311
453.35,34.5,0.0262850525
453.35,34.75,0.0230026608
453.35,35.0,0.0200608716
453.4,0.0,0.774740361
453.4,0.25,0.7785638721
453.4,0.5,0.7816554756
453.4,0.75,0.7840063205
453.4,1.0,0.7856096616
453.4,1.25,0.7864608908
453.4,1.5,0.7865575602
453.4,1.75,0.7858993935
453.4,2.0,0.7844882875
453.4,2.25,0.7823283032
453.4,2.5,0.779425647
453.4,2.75,0.7757886409
453.4,3.0,0.7714276832
453.4,3.25,0.7663552003
453.4,3.5,0.7605855877
453.4,3.75,0.7541351433
453.4,4.0,0.7470219922
453.4,4.25,0.739266003
453.4,4.5,0.730888698
453.4,4.75,0.7219131558
453.4,5.0,0.712363909
453.4,5.25,0.7022668363
453.4,5.5,0.6916490506
453.4,5.75,0.6805387842
453.4,6.0,0.668965271
453.4,6.25,0.6569586275
453.4,6.5,0.6445497336
453.4,6.75,0.6317701133
453.4,7.0,0.6186518179
453.4,7.25,0.6052273104
453.4,7.5,0.5915293552
453.4,7.75,0.5775909107
453.4,8.0,0.5634450287
453.4,8.25,0.5491247603
453.4,8.5,0.5346630686
453.4,8.75,0.5200927506
453.4,9.0,0.5054463681
453.4,9.25,0.4907561886
453.4,9.5,0.4760541366
453.4,9.75,0.4613717562
453.4,10.0,0.446740185
453.4,10.25,0.4321901391
453.4,10.5,0.4177519102
453.4,10.75,0.4034553727
453.4,11.0,0.3893300022
453.4,11.25,0.3754049024
453.4,11.5,0.361708841
453.4,11.75,0.3482702915
453.4,12.0,0.3351174795
453.4,12.25,0.3222784317
453.4,12.5,0.3097810235
453.4,12.75,0.2976530237
453.4,13.0,0.2859221312
453.4,13.25,0.2746160016
453.4,13.5,0.2637622584
453.4,13.75,0.253388486
453.4,14.0,0.2435221991
453.4,14.25,0.2341907852
453.4,14.5,0.2254214159
453.4,14.75,0.2172409242
453.4,15.0,0.2096756431
453.4,15.25,0.2027512048
453.4,15.5,0.1964922979
453.4,15.75,0.1909223815
453.4,16.0,0.1860633581
453.4,16.25,0.1819352056
453.4,16.5,0.1785555718
453.4,16.75,0.1759393369
453.4,17.0,0.1740981487
453.4,17.25,0.17303994
453.4,17.5,0.1727684347
453.4,17.75,0.1732826566
453.4,18.0,0.1745764498
453.4,18.25,0.1766380251
453.4,18.5,0.1794495463
453.4,18.75,0.1829867689
453.4,19.0,0.1872187482
453.4,19.25,0.1921076279
453.4,19.5,0.1976085238
453.4,19.75,0.2036695153
453.4,20.0,0.2102317527
453.4,20.25,0.217229691
453.4,20.5,0.2245914536
453.4,20.75,0.2322393306
453.4,21.0,0.2400904096
453.4,21.25,0.2480573361
453.4,21.5,0.2560491959
453.4,21.75,0.2639725088
453.4,22.0,0.2717323183
453.4,22.25,0.2792333618
453.4,22.5,0.2863812981
453.4,22.75,0.2930839726
453.4,23.0,0.299252692
453.4,23.25,0.3048034854
453.4,23.5,0.3096583236
453.4,23.75,0.3137462702
453.4,24.0,0.3170045397
453.4,24.25,0.319379437
453.4,24.5,0.320827159
453.4,24.75,0.3213144367
453.4,25.0,0.3208190057
453.4,25.25,0.3193298908
453.4,25.5,0.3168475009
453.4,25.75,0.3133835298
453.4,26.0,0.3089606661
453.4,26.25,0.3036121199
453.4,26.5,0.2973809761
453.4,26.75,0.2903193908
453.4,27.0,0.2824876502
453.4,27.25,0.2739531115
453.4,27.5,0.2647890532
453.4,27.75,0.2550734582
453.4,28.0,0.244887757
453.4,28.25,0.2343155584
453.4,28.5,0.2234413935
453.4,28.75,0.2123494974
453.4,29.0,0.2011226521
453.4,29.25,0.1898411114
453.4,29.5,0.1785816247
453.4,29.75,0.1674165744
453.4,30.0,0.156413238
453.4,30.25,0.145633182
453.4,30.5,0.135131792
453.4,30.75,0.1249579384
453.4,31.0,0.1151537766
453.4,31.25,0.1057546737
453.4,31.5,0.0967892564
453.4,31.75,0.0882795667
453.4,32.0,0.0802413157
453.4,32.25,0.0726842208
453.4,32.5,0.0656124126
453.4,32.75,0.0590248975
453.4,33.0,0.0529160608
453.4,33.25,0.0472761969
453.4,33.5,0.0420920532
453.4,33.75,0.0373473758
453.4,34.0,0.0330234455
453.4,34.25,0.0290995953
453.4,34.5,0.0255537009
453.4,34.75,0.0223626379
453.4,35.0,0.0195027007
453.45,0.0,0.7527715144
453.45,0.25,0.7564866046
453.45,0.5,0.7594905413
453.45,0.75,0.7617747247
453.45,1.0,0.7633326008
453.45,1.25,0.7641596922
453.45,1.5,0.7642536204
453.45,1.75,0.763614117
453.45,2.0,0.7622430248
453.45,2.25,0.76014429
453.45,2.5,0.7573239426
453.45,2.75,0.7537900689
453.45,3.0,0.7495527723
453.45,3.25,0.7446241267
453.45,3.5,0.7390181195
453.45,3.75,0.7327505865
453.45,4.0,0.7258391387
453.45,4.25,0.7183030815
453.45,4.5,0.7101633267
453.45,4.75,0.7014422986
453.45,5.0,0.692163834
453.45,5.25,0.6823530779
453.45,5.5,0.6720363744
453.45,5.75,0.6612411551
453.45,6.0,0.6499958251
453.45,6.25,0.6383296468
453.45,6.5,0.6262726244
453.45,6.75,0.6138553881
453.45,7.0,0.6011090803
453.45,7.25,0.5880652435
453.45,7.5,0.574755713
453.45,7.75,0.5612125125
453.45,8.0,0.5474677568
453.45,8.25,0.5335535597
453.45,8.5,0.5195019494
453.45,8.75,0.5053447932
453.45,9.0,0.4911137293
453.45,9.25,0.4768401104
453.45,9.5,0.4625549557
453.45,9.75,0.4482889148
453.45,10.0,0.4340722422
453.45,10.25,0.4199347832
453.45,10.5,0.4059059705
453.45,10.75,0.3920148313
453.45,11.0,0.3782900054
453.45,11.25,0.3647597713
453.45,11.5,0.3514520809
453.45,11.75,0.3383946002
453.45,12.0,0.3256147546
453.45,12.25,0.313139776
453.45,12.5,0.3009967493
453.45,12.75,0.2892126559
453.45,13.0,0.2778144093
453.45,13.25,0.2668288808
453.45,13.5,0.2562829106
453.45,13.75,0.2462033011
453.45,14.0,0.2366167866
453.45,14.25,0.2275499779
453.45,14.5,0.2190292764
453.45,14.75,0.211080754
453.45,15.0,0.203729997
453.45,15.25,0.1970019108
453.45,15.5,0.1909204839
453.45,15.75,0.1855085103
453.45,16.0,0.1807872714
453.45,16.25,0.1767761784
453.45,16.5,0.1734923788
453.45,16.75,0.1709503309
453.45,17.0,0.1691613522
453.45,17.25,0.1681331504
453.45,17.5,0.1678693441
453.45,17.75,0.1683689845
453.45,18.0,0.1696260904
453.45,18.25,0.1716292069
453.45,18.5,0.1743610034
453.45,18.75,0.1777979231
453.45,19.0,0.1819098988
453.45,19.25,0.1866601474
453.45,19.5,0.1920050577
453.45,19.75,0.1978941813
453.45,20.0,0.2042703373
453.45,20.25,0.2110698393
453.45,20.5,0.2182228488
453.45,20.75,0.2256538596
453.45,21.0,0.2332823102
453.45,21.25,0.2410233234
453.45,21.5,0.2487885628
453.45,21.75,0.2564871991
453.45,22.0,0.2640269684
453.45,22.25,0.2713153092
453.45,22.5,0.2782605559
453.45,22.75,0.2847731666
453.45,23.0,0.2907669633
453.45,23.25,0.2961603562
453.45,23.5,0.3008775287
453.45,23.75,0.3048495559
453.45,24.0,0.3080154325
453.45,24.25,0.3103229863
453.45,24.5,0.3117296561
453.45,24.75,0.3122031165
453.45,25.0,0.3117217341
453.45,25.25,0.3102748451
453.45,25.5,0.3078628469
453.45,25.75,0.3044971015
453.45,26.0,0.3001996543
453.45,26.25,0.2950027736
453.45,26.5,0.2889483225
453.45,26.75,0.2820869784
453.45,27.0,0.2744773177
453.45,27.25,0.2661847878
453.45,27.5,0.2572805892
453.45,27.75,0.2478404935
453.45,28.0,0.2379436221
453.45,28.25,0.227671213
453.45,28.5,0.2171054003
453.45,28.75,0.2063280304
453.45,29.0,0.1954195379
453.45,29.25,0.1844579011
453.45,29.5,0.1735176929
453.45,29.75,0.1626692433
453.45,30.0,0.1519779218
453.45,30.25,0.1415035494
453.45,30.5,0.131299941
453.45,30.75,0.1214145813
453.45,31.0,0.1118884302
453.45,31.25,0.102755852
453.45,31.5,0.0940446617
453.45,31.75,0.0857762761
453.45,32.0,0.077965961
453.45,32.25,0.070623158
453.45,32.5,0.0637518808
453.45,32.75,0.0573511639
453.45,33.0,0.0514155519
453.45,33.25,0.0459356142
453.45,33.5,0.0408984742
453.45,33.75,0.0362883388
453.45,34.0,0.0320870195
453.45,34.25,0.0282744356
453.45,34.5,0.0248290899
453.45,34.75,0.021728514
453.45,35.0,0.0189496743
453.5,0.0,0.7310249666
453.5,0.25,0.7346327328
453.5,0.5,0.7375498899
453.5,0.75,0.7397680864
453.5,1.0,0.7412809575
453.5,1.25,0.7420841554
453.5,1.5,0.7421753702
453.5,1.75,0.7415543411
453.5,2.0,0.7402228579
453.5,2.25,0.7381847527
453.5,2.5,0.7354458813
453.5,2.75,0.7320140964
453.5,3.0,0.7278992096
453.5,3.25,0.7231129459
453.5,3.5,0.7176688887
453.5,3.75,0.7115824162
453.5,4.0,0.7048706307
453.5,4.25,0.69755228
453.5,4.5,0.6896476716
453.5,4.75,0.6811785822
453.5,5.0,0.6721681599
453.5,5.25,0.6626408232
453.5,5.5,0.6526221552
453.5,5.75,0.6421387952
453.5,6.0,0.6312183275
453.5,6.25,0.6198891693
453.5,6.5,0.6081804579
453.5,6.75,0.5961219388
453.5,7.0,0.5837438545
453.5,7.25,0.5710768364
453.5,7.5,0.5581518002
453.5,7.75,0.5449998444
453.5,8.0,0.5316521561
453.5,8.25,0.5181399212
453.5,8.5,0.5044942429
453.5,8.75,0.4907460677
453.5,9.0,0.47692612
453.5,9.25,0.4630648466
453.5,9.5,0.4491923706
453.5,9.75,0.4353384562
453.5,10.0,0.421532484
453.5,10.25,0.4078034371
453.5,10.5,0.3941798977
453.5,10.75,0.3806900546
453.5,11.0,0.3673617203
453.5,11.25,0.3542223564
453.5,11.5,0.3412991071
453.5,11.75,0.3286188393
453.5,12.0,0.3162081861
453.5,12.25,0.3040935927
453.5,12.5,0.2923013616
453.5,12.75,0.2808576947
453.5,13.0,0.2697887279
453.5,13.25,0.2591205564
453.5,13.5,0.248879245
453.5,13.75,0.2390908217
453.5,14.0,0.2297812486
453.5,14.25,0.2209763678
453.5,14.5,0.2127018177
453.5,14.75,0.2049829173
453.5,15.0,0.1978445137
453.5,15.25,0.1913107929
453.5,15.5,0.1854050502
453.5,15.75,0.1801494211
453.5,16.0,0.1755645723
453.5,16.25,0.1716693544
453.5,16.5,0.1684804194
453.5,16.75,0.1660118077
453.5,17.0,0.1642745103
453.5,17.25,0.1632760118
453.5,17.5,0.1630198265
453.5,17.75,0.1635050329
453.5,18.0,0.1647258227
453.5,18.25,0.1666710719
453.5,18.5,0.1693239505
453.5,18.75,0.1726615823
453.5,19.0,0.1766547686
453.5,19.25,0.181267789
453.5,19.5,0.1864582921
453.5,19.75,0.1921772869
453.5,20.0,0.1983692444
453.5,20.25,0.2049723179
453.5,20.5,0.2119186868
453.5,20.75,0.2191350257
453.5,21.0,0.2265431008
453.5,21.25,0.2340604865
453.5,21.5,0.2416013988
453.5,21.75,0.2490776318
453.5,22.0,0.2563995874
453.5,22.25,0.263477378
453.5,22.5,0.2702219859
453.5,22.75,0.2765464562
453.5,23.0,0.2823671002
453.5,23.25,0.2876046853
453.5,23.5,0.2921855851
453.5,23.75,0.2960428658
453.5,24.0,0.2991172846
453.5,24.25,0.3013581763
453.5,24.5,0.3027242093
453.5,24.75,0.303183992
453.5,25.0,0.3027165161
453.5,25.25,0.3013114258
453.5,25.5,0.2989691069
453.5,25.75,0.2957005933
453.5,26.0,0.2915272936
453.5,26.25,0.2864805437
453.5,26.5,0.2806009975
453.5,26.75,0.2739378683
453.5,27.0,0.2665480404
453.5,27.25,0.2584950704
453.5,27.5,0.2498481021
453.5,27.75,0.2406807179
453.5,28.0,0.2310697537
453.5,28.25,0.2210941005
453.5,28.5,0.2108335198
453.5,28.75,0.2003674935
453.5,29.0,0.1897741326
453.5,29.25,0.1791291626
453.5,29.5,0.1685050022
453.5,29.75,0.1579699495
453.5,30.0,0.1475874859
453.5,30.25,0.1374157039
453.5,30.5,0.1275068638
453.5,30.75,0.1179070788
453.5,31.0,0.1086561252
453.5,31.25,0.0997873748
453.5,31.5,0.091327839
453.5,31.75,0.0832983159
453.5,32.0,0.0757136302
453.5,32.25,0.0685829508
453.5,32.5,0.0619101755
453.5,32.75,0.0556943666
453.5,33.0,0.0499302263
453.5,33.25,0.0446085966
453.5,33.5,0.0397169728
453.5,33.75,0.0352400179
453.5,34.0,0.0311600691
453.5,34.25,0.0274576255
453.5,34.5,0.0241118112
453.5,34.75,0.0211008067
453.5,35.0,0.018402244
453.55,0.0,0.7095177761
453.55,0.25,0.7130193997
453.55,0.5,0.7158507322
453.55,0.75,0.7180036681
453.55,1.0,0.7194720296
453.55,1.25,0.7202515969
453.55,1.5,0.7203401281
453.55,1.75,0.71973737
453.55,2.0,0.7184450599
453.55,2.25,0.7164669169
453.55,2.5,0.7138086248
453.55,2.75,0.7104778051
453.55,3.0,0.7064839807
453.55,3.25,0.7018385317
453.55,3.5,0.6965546419
453.55,3.75,0.6906472371
453.55,4.0,0.6841329163
453.55,4.25,0.6770298758
453.55,4.5,0.6693578258
453.55,4.75,0.661137902
453.55,5.0,0.6523925717
453.55,5.25,0.6431455349
453.55,5.5,0.6334216221
453.55,5.75,0.6232466889
453.55,6.0,0.6126475078
453.55,6.25,0.6016516602
453.55,6.5,0.5902874261
453.55,6.75,0.5785836758
453.55,7.0,0.5665697621
453.55,7.25,0.5542754153
453.55,7.5,0.5417306413
453.55,7.75,0.5289656239
453.55,8.0,0.5160106325
453.55,8.25,0.5028959356
453.55,8.5,0.4896517214
453.55,8.75,0.4763080256
453.55,9.0,0.4628946691
453.55,9.25,0.4494412026
453.55,9.5,0.4359768631
453.55,9.75,0.4225305391
453.55,10.0,0.4091307469
453.55,10.25,0.3958056167
453.55,10.5,0.3825828899
453.55,10.75,0.3694899262
453.55,11.0,0.3565537194
453.55,11.25,0.3438009234
453.55,11.5,0.3312578838
453.55,11.75,0.318950677
453.55,12.0,0.3069051527
453.55,12.25,0.2951469778
453.55,12.5,0.2837016812
453.55,12.75,0.2725946938
453.55,13.0,0.2618513826
453.55,13.25,0.2514970751
453.55,13.5,0.2415570692
453.55,13.75,0.2320566271
453.55,14.0,0.2230209472
453.55,14.25,0.2144751112
453.55,14.5,0.2064440034
453.55,14.75,0.1989521976
453.55,15.0,0.1920238101
453.55,15.25,0.1856823152
453.55,15.5,0.179950323
453.55,15.75,0.1748493177
453.55,16.0,0.1703993579
453.55,16.25,0.1666187396
453.55,16.5,0.1635236249
453.55,16.75,0.1611276413
453.55,17.0,0.1594414562
453.55,17.25,0.1584723342
453.55,17.5,0.1582236859
453.55,17.75,0.1586946174
453.55,18.0,0.1598794908
453.55,18.25,0.1617675096
453.55,18.5,0.1643423389
453.55,18.75,0.1675817756
453.55,19.0,0.1714574799
453.55,19.25,0.1759347825
453.55,19.5,0.1809725779
453.55,19.75,0.1865233165
453.55,20.0,0.1925331029
453.55,20.25,0.1989419101
453.55,20.5,0.2056839126
453.55,20.75,0.2126879425
453.55,21.0,0.2198780676
453.55,21.25,0.2271742874
453.55,21.5,0.2344933415
453.55,21.75,0.2417496193
453.55,22.0,0.2488561586
453.55,22.25,0.2557257164
453.55,22.5,0.2622718939
453.55,22.75,0.2684102945
453.55,23.0,0.2740596917
453.55,23.25,0.2791431839
453.55,23.5,0.2835893109
453.55,23.75,0.2873331081
453.55,24.0,0.2903170756
453.55,24.25,0.292492039
453.55,24.5,0.2938178825
453.55,24.75,0.2942641381
453.55,25.0,0.2938104156
453.55,25.25,0.2924466639
453.55,25.5,0.2901732574
453.55,25.75,0.2870009055
453.55,26.0,0.2829503867
453.55,26.25,0.2780521152
453.55,26.5,0.2723455488
453.55,26.75,0.2658784528
453.55,27.0,0.2587060381
453.55,27.25,0.2508899913
453.55,27.5,0.2424974219
453.55,27.75,0.2335997476
453.55,28.0,0.2242715437
453.55,28.25,0.2145893802
453.55,28.5,0.2046306719
453.55,28.75,0.1944725623
453.55,29.0,0.1841908644
453.55,29.25,0.1738590758
453.55,29.5,0.1635474845
453.55,29.75,0.1533223794
453.55,30.0,0.143245374
453.55,30.25,0.1333728519
453.55,30.5,0.1237555359
453.55,30.75,0.1144381822
453.55,31.0,0.1054593972
453.55,31.25,0.0968515708
453.55,31.5,0.0886409195
453.55,31.75,0.0808476298
453.55,32.0,0.07348609
453.55,32.25,0.0665651995
453.55,32.5,0.0600887412
453.55,32.75,0.0540558051
453.55,33.0,0.0484612493
453.55,33.25,0.0432961851
453.55,33.5,0.0385484757
453.55,33.75,0.0342032355
453.55,34.0,0.0302433213
453.55,34.25,0.0266498057
453.55,34.5,0.0234024273
453.55,34.75,0.0204800084
453.55,35.0,0.017860839
453.6,0.0,0.6882661165
453.6,0.25,0.6916628585
453.6,0.5,0.6944093863
453.6,0.75,0.6964978368
453.6,1.0,0.6979222176
453.6,1.25,0.6986784351
453.6,1.5,0.6987643146
453.6,1.75,0.6981796105
453.6,2.0,0.696926008
453.6,2.25,0.6950071149
453.6,2.5,0.6924284446
453.6,2.75,0.6891973904
453.6,3.0,0.6853231901
453.6,3.25,0.6808168828
453.6,3.5,0.6756912574
453.6,3.75,0.6699607927
453.6,4.0,0.6636415906
453.6,4.25,0.6567513022
453.6,4.5,0.6493090473
453.6,4.75,0.6413353288
453.6,5.0,0.6328519409
453.6,5.25,0.6238818738
453.6,5.5,0.6144492142
453.6,5.75,0.6045790431
453.6,6.0,0.5942973315
453.6,6.25,0.5836308343
453.6,6.5,0.5726069847
453.6,6.75,0.5612537881
453.6,7.0,0.5495997183
453.6,7.25,0.5376736149
453.6,7.5,0.5255045852
453.6,7.75,0.513121909
453.6,8.0,0.5005549488
453.6,8.25,0.4878330667
453.6,8.5,0.4749855466
453.6,8.75,0.4620415247
453.6,9.0,0.4490299284
453.6,9.25,0.4359794236
453.6,9.5,0.4229183715
453.6,9.75,0.4098747953
453.6,10.0,0.3968763571
453.6,10.25,0.3839503447
453.6,10.5,0.3711236684
453.6,10.75,0.3584228685
453.6,11.0,0.3458741304
453.6,11.25,0.3335033093
453.6,11.5,0.3213359621
453.6,11.75,0.309397384
453.6,12.0,0.2977126503
453.6,12.25,0.2863066593
453.6,12.5,0.2752041752
453.6,12.75,0.2644298671
453.6,13.0,0.2540083424
453.6,13.25,0.2439641697
453.6,13.5,0.2343218895
453.6,13.75,0.2251060071
453.6,14.0,0.2163409662
453.6,14.25,0.2080510973
453.6,14.5,0.2002605393
453.6,14.75,0.19299313
453.6,15.0,0.1862722634
453.6,15.25,0.1801207106
453.6,15.5,0.1745604045
453.6,15.75,0.1696121858
453.6,16.0,0.1652955123
453.6,16.25,0.1616281321
453.6,16.5,0.1586257231
453.6,16.75,0.1563015046
453.6,17.0,0.1546658245
453.6,17.25,0.1537257299
453.6,17.5,0.1534845292
453.6,17.75,0.1539413552
453.6,18.0,0.155090739
453.6,18.25,0.1569222074
453.6,18.5,0.1594199148
453.6,18.75,0.162562323
453.6,19.0,0.1663219412
453.6,19.25,0.1706651385
453.6,19.5,0.1755520405
453.6,19.75,0.1809365219
453.6,20.0,0.1867663017
453.6,20.25,0.1929831506
453.6,20.5,0.1995232149
453.6,20.75,0.2063174584
453.6,21.0,0.213292223
453.6,21.25,0.2203699045
453.6,21.5,0.2274697364
453.6,21.75,0.2345086723
453.6,22.0,0.2414023547
453.6,22.25,0.2480661537
453.6,22.5,0.2544162584
453.6,22.75,0.2603708001
453.6,23.0,0.2658509851
453.6,23.25,0.2707822152
453.6,23.5,0.2750951706
453.6,23.75,0.2787268327
453.6,24.0,0.2816214236
453.6,24.25,0.2837312419
453.6,24.5,0.2850173734
453.6,24.75,0.2854502626
453.6,25.0,0.2850101302
453.6,25.25,0.2836872259
453.6,25.5,0.2814819131
453.6,25.75,0.2784045803
453.6,26.0,0.2744753837
453.6,26.25,0.2697238265
453.6,26.5,0.2641881846
453.6,26.75,0.2579147928
453.6,27.0,0.250957208
453.6,27.25,0.2433752695
453.6,27.5,0.2352340765
453.6,27.75,0.2266029077
453.6,28.0,0.2175541045
453.6,28.25,0.2081619437
453.6,28.5,0.1985015212
453.6,28.75,0.1886476699
453.6,29.0,0.1786739321
453.6,29.25,0.1686516039
453.6,29.5,0.158648868
453.6,29.75,0.1487300279
453.6,30.0,0.1389548516
453.6,30.25,0.1293780338
453.6,30.5,0.1200487781
453.6,30.75,0.1110105002
453.6,31.0,0.1023006501
453.6,31.25,0.0939506475
453.6,31.5,0.0859859238
453.6,31.75,0.0784260607
453.6,32.0,0.0712850157
453.6,32.25,0.0645714215
453.6,32.5,0.0582889477
453.6,32.75,0.0524367117
453.6,33.0,0.0470097254
453.6,33.25,0.0419993666
453.6,33.5,0.0373938618
453.6,33.75,0.0331787714
453.6,34.0,0.0293374655
453.6,34.25,0.0258515839
453.6,34.5,0.0227014718
453.6,34.75,0.0198665859
453.6,35.0,0.0173258665
453.65,0.0,0.6672852677
453.65,0.25,0.6705784647
453.65,0.5,0.6732412684
453.65,0.75,0.6752660554
453.65,1.0,0.6766470159
453.65,1.25,0.6773801811
453.65,1.5,0.6774634427
453.65,1.75,0.6768965625
453.65,2.0,0.6756811743
453.65,2.25,0.673820776
453.65,2.5,0.671320713
453.65,2.75,0.6681881531
453.65,3.0,0.6644320524
453.65,3.25,0.6600631138
453.65,3.5,0.655093736
453.65,3.75,0.6495379567
453.65,4.0,0.6434113868
453.65,4.25,0.6367311393
453.65,4.5,0.6295157514
453.65,4.75,0.6217851008
453.65,5.0,0.6135603173
453.65,5.25,0.6048636904
453.65,5.5,0.5957185725
453.65,5.75,0.5861492801
453.65,6.0,0.5761809923
453.65,6.25,0.5658396486
453.65,6.5,0.555151846
453.65,6.75,0.544144736
453.65,7.0,0.5328459245
453.65,7.25,0.5212833721
453.65,7.5,0.5094852986
453.65,7.75,0.4974800912
453.65,8.0,0.4852962176
453.65,8.25,0.4729621447
453.65,8.5,0.4605062635
453.65,8.75,0.4479568224
453.65,9.0,0.4353418668
453.65,9.25,0.4226891888
453.65,9.5,0.4100262849
453.65,9.75,0.3973803243
453.65,10.0,0.3847781256
453.65,10.25,0.3722461449
453.65,10.5,0.3598104723
453.65,10.75,0.3474968389
453.65,11.0,0.3353306318
453.65,11.25,0.3233369183
453.65,11.5,0.311540476
453.65,11.75,0.299965829
453.65,12.0,0.2886372884
453.65,12.25,0.2775789934
453.65,12.5,0.2668149533
453.65,12.75,0.2563690852
453.65,13.0,0.2462652464
453.65,13.25,0.2365272566
453.65,13.5,0.227178908
453.65,13.75,0.2182439592
453.65,14.0,0.2097461085
453.65,14.25,0.2017089449
453.65,14.5,0.1941558714
453.65,14.75,0.1871099991
453.65,15.0,0.1805940089
453.65,15.25,0.1746299777
453.65,15.5,0.1692391699
453.65,15.75,0.1644417909
453.65,16.0,0.1602567053
453.65,16.25,0.1567011201
453.65,16.5,0.1537902355
453.65,16.75,0.1515368676
453.65,17.0,0.149951049
453.65,17.25,0.1490396118
453.65,17.5,0.1488057638
453.65,17.75,0.1492486641
453.65,18.0,0.1503630105
453.65,18.25,0.1521386491
453.65,18.5,0.1545602173
453.65,18.75,0.1576068335
453.65,19.0,0.1612518449
453.65,19.25,0.1654626457
453.65,19.5,0.1702005773
453.65,19.75,0.1754209202
453.65,20.0,0.1810729871
453.65,20.25,0.1871003239
453.65,20.5,0.1934410233
453.65,20.75,0.2000281536
453.65,21.0,0.206790302
453.65,21.25,0.2136522302
453.65,21.5,0.2205356334
453.65,21.75,0.227359997
453.65,22.0,0.234043535
453.65,22.25,0.2405041972
453.65,22.5,0.2466607277
453.65,22.75,0.2524337533
453.65,23.0,0.2577468824
453.65,23.25,0.2625277907
453.65,23.5,0.2667092716
453.65,23.75,0.2702302274
453.65,24.0,0.2730365807
453.65,24.25,0.2750820841
453.65,24.5,0.2763290096
453.65,24.75,0.2767487028
453.65,25.0,0.2763219872
453.65,25.25,0.2750394099
453.65,25.5,0.272901323
453.65,25.75,0.2699177984
453.65,26.0,0.266108378
453.65,26.25,0.2615016655
453.65,26.5,0.2561347701
453.65,26.75,0.250052614
453.65,27.0,0.2433071217
453.65,27.25,0.2359563081
453.65,27.5,0.2280632882
453.65,27.75,0.2196952288
453.65,28.0,0.210922266
453.65,28.25,0.2018164123
453.65,28.5,0.1924504745
453.65,28.75,0.1828970044
453.65,29.0,0.1732273023
453.65,29.25,0.163510491
453.65,29.5,0.1538126749
453.65,29.75,0.1441961969
453.65,30.0,0.1347190035
453.65,30.25,0.1254341219
453.65,30.5,0.1163892557
453.65,30.75,0.1076264973
453.65,31.0,0.0991821551
453.65,31.25,0.0910866909
453.65,31.5,0.0833647608
453.65,31.75,0.0760353498
453.65,32.0,0.0691119897
453.65,32.25,0.0626030502
453.65,32.5,0.0565120891
453.65,32.75,0.0508382504
453.65,33.0,0.0455766984
453.65,33.25,0.0407190735
453.65,33.5,0.0362539612
453.65,33.75,0.0321673621
453.65,34.0,0.0284431531
453.65,34.25,0.0250635338
453.65,34.5,0.0220094486
453.65,34.75,0.0192609803
453.65,35.0,0.0167977112
453.7,0.0,0.6465896099
453.7,0.25,0.6497806694
453.7,0.5,0.652360887
453.7,0.75,0.6543228758
453.7,1.0,0.6556610062
453.7,1.25,0.6563714326
453.7,1.5,0.6564521118
453.7,1.75,0.6559028132
453.7,2.0,0.65472512
453.7,2.25,0.6529224214
453.7,2.5,0.6504998971
453.7,2.75,0.6474644925
453.7,3.0,0.6438248863
453.7,3.25,0.639591449
453.7,3.5,0.634776195
453.7,3.75,0.6293927265
453.7,4.0,0.6234561704
453.7,4.25,0.6169831089
453.7,4.5,0.6099915042
453.7,4.75,0.6025006174
453.7,5.0,0.5945309232
453.7,5.25,0.5861040196
453.7,5.5,0.5772425348
453.7,5.75,0.5679700312
453.7,6.0,0.558310907
453.7,6.25,0.5482902971
453.7,6.5,0.5379339735
453.7,6.75,0.5272682459
453.7,7.0,0.5163198637
453.7,7.25,0.5051159205
453.7,7.5,0.4936837608
453.7,7.75,0.4820508914
453.7,8.0,0.4702448971
453.7,8.25,0.4582933618
453.7,8.5,0.4462237962
453.7,8.75,0.4340635723
453.7,9.0,0.4218398659
453.7,9.25,0.409579607
453.7,9.5,0.3973094394
453.7,9.75,0.3850556895
453.7,10.0,0.3728443444
453.7,10.25,0.3607010394
453.7,10.5,0.3486510556
453.7,10.75,0.3367193258
453.7,11.0,0.3249304501
453.7,11.25,0.3133087181
453.7,11.5,0.301878139
453.7,11.75,0.2906624764
453.7,12.0,0.2796852872
453.7,12.25,0.268969962
453.7,12.5,0.2585397654
453.7,12.75,0.2484178729
453.7,13.0,0.2386274017
453.7,13.25,0.2291914328
453.7,13.5,0.2201330205
453.7,13.75,0.2114751865
453.7,14.0,0.2032408942
453.7,14.25,0.1954530009
453.7,14.5,0.1881341837
453.7,14.75,0.1813068371
453.7,15.0,0.1749929384
453.7,15.25,0.16921388
453.7,15.5,0.1639902665
453.7,15.75,0.1593416767
453.7,16.0,0.1552863904
453.7,16.25,0.1518410806
453.7,16.5,0.1490204762
453.7,16.75,0.1468369959
453.7,17.0,0.1453003609
453.7,17.25,0.1444171918
453.7,17.5,0.1441905965
453.7,17.75,0.1446197603
453.7,18.0,0.1456995456
453.7,18.25,0.1474201133
453.7,18.5,0.1497665772
453.7,18.75,0.1527187036
453.7,19.0,0.156250666
453.7,19.25,0.1603308701
453.7,19.5,0.1649218561
453.7,19.75,0.1699802916
453.7,20.0,0.1754570613
453.7,20.25,0.181297462
453.7,20.5,0.1874415065
453.7,20.75,0.1938243388
453.7,21.0,0.2003767612
453.7,21.25,0.2070258686
453.7,21.5,0.2136957851
453.7,21.75,0.2203084931
453.7,22.0,0.2267847431
453.7,22.25,0.2330450297
453.7,22.5,0.2390106172
453.7,22.75,0.2446045941
453.7,23.0,0.249752938
453.7,23.25,0.2543855679
453.7,23.5,0.2584373614
453.7,23.75,0.2618491158
453.7,24.0,0.2645684309
453.7,24.25,0.2665504935
453.7,24.5,0.267758746
453.7,24.75,0.2681654226
453.7,25.0,0.2677519414
453.7,25.25,0.2665091429
453.7,25.5,0.2644373681
453.7,25.75,0.2615463767
453.7,26.0,0.2578551043
453.7,26.25,0.2533912677
453.7,26.5,0.248190825
453.7,26.75,0.2422973052
453.7,27.0,0.2357610223
453.7,27.25,0.2286381921
453.7,27.5,0.2209899719
453.7,27.75,0.2128814454
453.7,28.0,0.2043805734
453.7,28.25,0.1955571352
453.7,28.5,0.1864816792
453.7,28.75,0.1772245072
453.7,29.0,0.1678547081
453.7,29.25,0.1584392609
453.7,29.5,0.1490422196
453.7,29.75,0.139723994
453.7,30.0,0.1305407329
453.7,30.25,0.1215438192
453.7,30.5,0.1127794769
453.7,30.75,0.1042884929
453.7,31.0,0.0961060495
453.7,31.25,0.0882616637
453.7,31.5,0.0807792271
453.7,31.75,0.0736771356
453.7,32.0,0.0669685015
453.7,32.25,0.0606614349
453.7,32.5,0.0547593831
453.7,32.75,0.0492615169
453.7,33.0,0.0441631504
453.7,33.25,0.0394561833
453.7,33.5,0.0351295552
453.7,33.75,0.0311697007
453.7,34.0,0.027560997
453.7,34.25,0.0242861956
453.7,34.5,0.0213268319
453.7,34.75,0.0186636066
453.7,35.0,0.0162767351
453.75,0.0,0.6261926196
453.75,0.25,0.6292830155
453.75,0.5,0.6317818388
453.75,0.75,0.6336819357
453.75,1.0,0.6349778541
453.75,1.25,0.6356658698
453.75,1.5,0.6357440039
453.75,1.75,0.6352120332
453.75,2.0,0.6340714909
453.75,2.25,0.6323256593
453.75,2.5,0.6299795548
453.75,2.75,0.6270399036
453.75,3.0,0.6235151105
453.75,3.25,0.6194152191
453.75,3.5,0.6147518647
453.75,3.75,0.6095382204
453.75,4.0,0.6037889359
453.75,4.25,0.5975200703
453.75,4.5,0.5907490192
453.75,4.75,0.5834944362
453.75,5.0,0.57577615
453.75,5.25,0.5676150772
453.75,5.5,0.5590331324
453.75,5.75,0.5500531345
453.75,6.0,0.5406987122
453.75,6.25,0.5309942074
453.75,6.5,0.5209645792
453.75,6.75,0.5106353072
453.75,7.0,0.5000322972
453.75,7.25,0.4891817879
453.75,7.5,0.4781102614
453.75,7.75,0.4668443566
453.75,8.0,0.4554107883
453.75,8.25,0.4438362701
453.75,8.5,0.432147445
453.75,8.75,0.4203708214
453.75,9.0,0.4085327178
453.75,9.25,0.3966592149
453.75,9.5,0.3847761158
453.75,9.75,0.3729089166
453.75,10.0,0.3610827844
453.75,10.25,0.349322546
453.75,10.5,0.3376526849
453.75,10.75,0.3260973475
453.75,11.0,0.3146803577
453.75,11.25,0.303425239
453.75,11.5,0.2923552432
453.75,11.75,0.2814933843
453.75,12.0,0.2708624759
453.75,12.25,0.2604851709
453.75,12.5,0.2503840001
453.75,12.75,0.2405814077
453.75,13.0,0.2310997818
453.75,13.25,0.2219614752
453.75,13.5,0.2131888151
453.75,13.75,0.2048040967
453.75,14.0,0.1968295593
453.75,14.25,0.1892873389
453.75,14.5,0.1821993975
453.75,14.75,0.1755874229
453.75,15.0,0.1694726993
453.75,15.25,0.1638759441
453.75,15.5,0.1588171121
453.75,15.75,0.1543151644
453.75,16.0,0.1503878041
453.75,16.25,0.1470511783
453.75,16.5,0.1443195513
453.75,16.75,0.1422049499
453.75,17.0,0.1407167889
453.75,17.25,0.1398614797
453.75,17.5,0.1396420325
453.75,17.75,0.1400576582
453.75,18.0,0.1411033811
453.75,18.25,0.1427696726
453.75,18.5,0.1450421162
453.75,18.75,0.1479011162
453.75,19.0,0.1513216612
453.75,19.25,0.1552731532
453.75,19.5,0.1597193142
453.75,19.75,0.1646181789
453.75,20.0,0.1699221811
453.75,20.25,0.1755783435
453.75,20.5,0.1815285711
453.75,20.75,0.1877100538
453.75,21.0,0.1940557767
453.75,21.25,0.2004951348
453.75,21.5,0.2069546455
453.75,21.75,0.2133587523
453.75,22.0,0.2196307057
453.75,22.25,0.2256935085
453.75,22.5,0.2314709086
453.75,22.75,0.2368884207
453.75,23.0,0.2418743576
453.75,23.25,0.2463608488
453.75,23.5,0.2502848265
453.75,23.75,0.2535889554
453.75,24.0,0.2562224883
453.75,24.25,0.2581420259
453.75,24.5,0.2593121634
453.75,24.75,0.2597060112
453.75,25.0,0.2593055735
453.75,25.25,0.2581019796
453.75,25.5,0.25609556
453.75,25.75,0.2532957664
453.75,26.0,0.249720937
453.75,26.25,0.2453979143
453.75,26.5,0.2403615221
453.75,26.75,0.2346539163
453.75,27.0,0.2283238238
453.75,27.25,0.2214256868
453.75,27.5,0.2140187335
453.75,27.75,0.2061659945
453.75,28.0,0.1979332868
453.75,28.25,0.1893881882
453.75,28.5,0.180599022
453.75,28.75,0.1716338721
453.75,29.0,0.162559648
453.75,29.25,0.1534412157
453.75,29.5,0.1443406088
453.75,29.75,0.1353163312
453.75,30.0,0.1264227607
453.75,30.25,0.117709659
453.75,30.5,0.1092217923
453.75,30.75,0.1009986606
453.75,31.0,0.0930743364
453.75,31.25,0.0854774057
453.75,31.5,0.0782310062
453.75,31.75,0.0713529538
453.75,32.0,0.0648559469
453.75,32.25,0.0587478398
453.75,32.5,0.0530319712
453.75,32.75,0.0477075379
453.75,33.0,0.0427700019
453.75,33.25,0.0382115184
453.75,33.5,0.0340213759
453.75,33.75,0.030186437
453.75,34.0,0.0266915717
453.75,34.25,0.0235200755
453.75,34.5,0.0206540664
453.75,34.75,0.0180748539
453.75,35.0,0.0157632774
453.8,0.0,0.6061068687
453.8,0.25,0.6090981371
453.8,0.5,0.6115168081
453.8,0.75,0.6133559575
453.8,1.0,0.6146103081
453.8,1.25,0.6152762549
453.8,1.5,0.6153518828
453.8,1.75,0.6148369757
453.8,2.0,0.6137330173
453.8,2.25,0.6120431851
453.8,2.5,0.6097723341
453.8,2.75,0.6069269752
453.8,3.0,0.6035152433
453.8,3.25,0.59954686
453.8,3.5,0.5950330874
453.8,3.75,0.5899866759
453.8,4.0,0.5844218054
453.8,4.25,0.5783540199
453.8,4.5,0.571800157
453.8,4.75,0.564778272
453.8,5.0,0.5573075574
453.8,5.25,0.5494082592
453.8,5.5,0.5411015888
453.8,5.75,0.5324096333
453.8,6.0,0.5233552633
453.8,6.25,0.5139620402
453.8,6.5,0.5042541223
453.8,6.75,0.494256172
453.8,7.0,0.4839932641
453.8,7.25,0.4734907957
453.8,7.5,0.4627743993
453.8,7.75,0.4518698597
453.8,8.0,0.4408030344
453.8,8.25,0.4295997804
453.8,8.5,0.4182858859
453.8,8.75,0.4068870093
453.8,9.0,0.3954286247
453.8,9.25,0.3839359761
453.8,9.5,0.3724340393
453.8,9.75,0.3609474923
453.8,10.0,0.349500695
453.8,10.25,0.338117678
453.8,10.5,0.3268221393
453.8,10.75,0.3156374508
453.8,11.0,0.3045866723
453.8,11.25,0.2936925728
453.8,11.5,0.2829776581
453.8,11.75,0.272464204
453.8,12.0,0.2621742926
453.8,12.25,0.2521298501
453.8,12.5,0.2423526843
453.8,12.75,0.2328645198
453.8,13.0,0.2236870265
453.8,13.25,0.2148418402
453.8,13.5,0.2063505718
453.8,13.75,0.1982348017
453.8,14.0,0.1905160554
453.8,14.25,0.1832157593
453.8,14.5,0.1763551706
453.8,14.75,0.1699552817
453.8,15.0,0.1640366939
453.8,15.25,0.1586194602
453.8,15.5,0.1537228953
453.8,15.75,0.1493653521
453.8,16.0,0.1455639657
453.8,16.25,0.1423343656
453.8,16.5,0.1396903582
453.8,16.75,0.1376435848
453.8,17.0,0.136203158
453.8,17.25,0.1353752837
453.8,17.5,0.1351628755
453.8,17.75,0.1355651695
453.8,18.0,0.1365773498
453.8,18.25,0.1381901934
453.8,18.5,0.1403897461
453.8,18.75,0.1431570409
453.8,19.0,0.1464678684
453.8,19.25,0.1502926124
453.8,19.5,0.1545961584
453.8,19.75,0.1593378871
453.8,20.0,0.1644717582
453.8,20.25,0.1699464936
453.8,20.5,0.1757058616
453.8,20.75,0.1816890671
453.8,21.0,0.1878312447
453.8,21.25,0.194064054
453.8,21.5,0.2003163694
453.8,21.75,0.2065150581
453.8,22.0,0.2125858324
453.8,22.25,0.2184541648
453.8,22.5,0.224046249
453.8,22.75,0.2292899891
453.8,23.0,0.2341159971
453.8,23.25,0.2384585797
453.8,23.5,0.2422566918
453.8,23.75,0.2454548375
453.8,24.0,0.2480038972
453.8,24.25,0.2498618637
453.8,24.5,0.2509944679
453.8,24.75,0.2513756826
453.8,25.0,0.2509880894
453.8,25.25,0.249823102
453.8,25.5,0.2478810403
453.8,25.75,0.2451710528
453.8,26.0,0.2417108896
453.8,26.25,0.2375265322
453.8,26.5,0.2326516873
453.8,26.75,0.2271271587
453.8,27.0,0.2210001101
453.8,27.25,0.2143232377
453.8,27.5,0.2071538698
453.8,27.75,0.1995530152
453.8,28.0,0.1915843798
453.8,28.25,0.1833133738
453.8,28.5,0.1748061288
453.8,28.75,0.166128545
453.8,29.0,0.1573453856
453.8,29.25,0.1485194361
453.8,29.5,0.1397107403
453.8,29.75,0.1309759253
453.8,30.0,0.1223676249
453.8,30.25,0.1139340047
453.8,30.5,0.1057183947
453.8,30.75,0.0977590282
453.8,31.0,0.0900888845
453.8,31.25,0.0827356329
453.8,31.5,0.0757216689
453.8,31.75,0.0690642368
453.8,32.0,0.0627756279
453.8,32.25,0.0568634444
453.8,32.5,0.051330918
453.8,32.75,0.0461772712
453.8,33.0,0.0413981116
453.8,33.25,0.036985846
453.8,33.5,0.0329301065
453.8,33.75,0.029218177
453.8,34.0,0.025835413
453.8,34.25,0.0227656457
453.8,34.5,0.0199915667
453.8,34.75,0.017495085
453.8,35.0,0.0152576546
453.85,0.0,0.586344026
453.85,0.25,0.5892377605
453.85,0.5,0.5915775678
453.85,0.75,0.5933567496
453.85,1.0,0.5945702005
453.85,1.25,0.5952144334
453.85,1.5,0.5952875953
453.85,1.75,0.5947894773
453.85,2.0,0.5937215149
453.85,2.25,0.5920867816
453.85,2.5,0.5898899745
453.85,2.75,0.5871373919
453.85,3.0,0.5838369037
453.85,3.25,0.5799979143
453.85,3.5,0.5756313186
453.85,3.75,0.5707494515
453.85,4.0,0.5653660303
453.85,4.25,0.5594960922
453.85,4.5,0.5531559259
453.85,4.75,0.5463629978
453.85,5.0,0.5391358749
453.85,5.25,0.5314941428
453.85,5.5,0.5234583214
453.85,5.75,0.5150497775
453.85,6.0,0.5062906362
453.85,6.25,0.4972036904
453.85,6.5,0.4878123108
453.85,6.75,0.4781403557
453.85,7.0,0.4682120822
453.85,7.25,0.4580520594
453.85,7.5,0.447685084
453.85,7.75,0.4371361
453.85,8.0,0.4264301219
453.85,8.25,0.4155921634
453.85,8.5,0.4046471721
453.85,8.75,0.3936199695
453.85,9.0,0.3825351993
453.85,9.25,0.3714172823
453.85,9.5,0.36029038
453.85,9.75,0.3491783656
453.85,10.0,0.3381048049
453.85,10.25,0.3270929448
453.85,10.5,0.3161657107
453.85,10.75,0.3053457125
453.85,11.0,0.2946552579
453.85,11.25,0.2841163736
453.85,11.5,0.2737508316
453.85,11.75,0.2635801813
453.85,12.0,0.2536257848
453.85,12.25,0.2439088534
453.85,12.5,0.2344504839
453.85,12.75,0.2252716924
453.85,13.0,0.2163934422
453.85,13.25,0.2078366638
453.85,13.5,0.1996222635
453.85,13.75,0.1917711178
453.85,14.0,0.1843040505
453.85,14.25,0.1772417893
453.85,14.5,0.1706048984
453.85,14.75,0.1644136856
453.85,15.0,0.1586880804
453.85,15.25,0.1534474821
453.85,15.5,0.1487105756
453.85,15.75,0.1444951153
453.85,16.0,0.1408176777
453.85,16.25,0.1376933826
453.85,16.5,0.1351355862
453.85,16.75,0.1331555503
453.85,17.0,0.1317620904
453.85,17.25,0.1309612099
453.85,17.5,0.1307557275
453.85,17.75,0.1311449043
453.85,18.0,0.1321240812
453.85,18.25,0.1336843361
453.85,18.5,0.1358121697
453.85,18.75,0.1384892335
453.85,19.0,0.1416921076
453.85,19.25,0.1453921412
453.85,19.5,0.1495553649
453.85,19.75,0.1541424838
453.85,20.0,0.1591089589
453.85,20.25,0.164405184
453.85,20.5,0.1699767609
453.85,20.75,0.1757648768
453.85,21.0,0.1817067813
453.85,21.25,0.1877363623
453.85,21.5,0.1937848135
453.85,21.75,0.1997813865
453.85,22.0,0.2056542159
453.85,22.25,0.2113312043
453.85,22.5,0.2167409519
453.85,22.75,0.2218137135
453.85,23.0,0.2264823637
453.85,23.25,0.2306833512
453.85,23.5,0.2343576213
453.85,23.75,0.2374514876
453.85,24.0,0.2399174322
453.85,24.25,0.2417148174
453.85,24.5,0.2428104917
453.85,24.75,0.2431792765
453.85,25.0,0.2428043211
453.85,25.25,0.2416773196
453.85,25.5,0.2397985811
453.85,25.75,0.237176956
453.85,26.0,0.2338296157
453.85,26.25,0.2297816942
453.85,26.5,0.2250657995
453.85,26.75,0.2197214048
453.85,27.0,0.213794136
453.85,27.25,0.207334971
453.85,27.5,0.200399369
453.85,27.75,0.1930463494
453.85,28.0,0.1853375409
453.85,28.25,0.177336221
453.85,28.5,0.169106365
453.85,28.75,0.1607117242
453.85,29.0,0.1522149503
453.85,29.25,0.1436767815
453.85,29.5,0.1351553037
453.85,29.75,0.1267052979
453.85,30.0,0.1183776815
453.85,30.25,0.1102190496
453.85,30.5,0.1022713194
453.85,30.75,0.0945714776
453.85,31.0,0.0871514282
453.85,31.25,0.0800379382
453.85,31.5,0.0732526729
453.85,31.75,0.0668123144
453.85,32.0,0.0607287531
453.85,32.25,0.0550093435
453.85,32.5,0.0496572117
453.85,32.75,0.0446716058
453.85,33.0,0.0400482764
453.85,33.25,0.035779878
453.85,33.5,0.0318563808
453.85,33.75,0.0282654833
453.85,34.0,0.0249930183
453.85,34.25,0.0220233445
453.85,34.5,0.0193397177
453.85,34.75,0.0169246367
453.85,35.0,0.0147601605
453.9,0.0,0.566914861
453.9,0.25,0.5697127084
453.9,0.5,0.5719749836
453.9,0.75,0.5736952102
453.9,1.0,0.5748684521
453.9,1.25,0.5754913375
453.9,1.5,0.5755620752
453.9,1.75,0.5750804629
453.9,2.0,0.5740478886
453.9,2.25,0.572467324
453.9,2.5,0.5703433106
453.9,2.75,0.5676819379
453.9,3.0,0.564490815
453.9,3.25,0.5607790348
453.9,3.5,0.5565571312
453.9,3.75,0.5518370302
453.9,4.0,0.5466319946
453.9,4.25,0.5409565636
453.9,4.5,0.5348264857
453.9,4.75,0.5282586489
453.9,5.0,0.5212710048
453.9,5.25,0.5138824901
453.9,5.5,0.5061129446
453.9,5.75,0.4979830272
453.9,6.0,0.4895141298
453.9,6.25,0.4807282901
453.9,6.5,0.4716481043
453.9,6.75,0.4622966403
453.9,7.0,0.4526973513
453.9,7.25,0.4428739922
453.9,7.5,0.4328505381
453.9,7.75,0.4226511065
453.9,8.0,0.4122998829
453.9,8.25,0.4018210524
453.9,8.5,0.3912387355
453.9,8.75,0.3805769316
453.9,9.0,0.3698594677
453.9,9.25,0.3591099553
453.9,9.5,0.3483517553
453.9,9.75,0.33760795
453.9,10.0,0.3269013242
453.9,10.25,0.3162543543
453.9,10.5,0.3056892064
453.9,10.75,0.2952277409
453.9,11.0,0.2848915265
453.9,11.25,0.2747018598
453.9,11.5,0.2646797916
453.9,11.75,0.2548461573
453.9,12.0,0.2452216108
453.9,12.25,0.2358266608
453.9,12.5,0.2266817049
453.9,12.75,0.217807063
453.9,13.0,0.2092230035
453.9,13.25,0.2009497636
453.9,13.5,0.1930075566
453.9,13.75,0.1854165674
453.9,14.0,0.1781969297
453.9,14.25,0.1713686844
453.9,14.5,0.1649517143
453.9,14.75,0.1589656542
453.9,15.0,0.1534297734
453.9,15.25,0.1483628282
453.9,15.5,0.1437828844
453.9,15.75,0.1397071081
453.9,16.0,0.1361515265
453.9,16.25,0.1331307584
453.9,16.5,0.1306577174
453.9,16.75,0.1287432922
453.9,17.0,0.1273960062
453.9,17.25,0.1266216638
453.9,17.5,0.1264229903
453.9,17.75,0.1267992712
453.9,18.0,0.1277460021
453.9,18.25,0.1292545561
453.9,18.5,0.1313118816
453.9,18.75,0.1339002379
453.9,19.0,0.1369969812
453.9,19.25,0.14057441
453.9,19.5,0.1445996807
453.9,19.75,0.1490348003
453.9,20.0,0.1538367057
453.9,20.25,0.1589574343
453.9,20.5,0.1643443909
453.9,20.75,0.1699407111
453.9,21.0,0.1756857239
453.9,21.25,0.181515508
453.9,21.5,0.187363537
453.9,21.75,0.1931614069
453.9,22.0,0.1988396335
453.9,22.25,0.2043285085
453.9,22.5,0.2095589981
453.9,22.75,0.214463668
453.9,23.0,0.2189776173
453.9,23.25,0.2230394004
453.9,23.5,0.2265919194
453.9,23.75,0.229583267
453.9,24.0,0.2319674998
453.9,24.25,0.2337053266
453.9,24.5,0.2347646946
453.9,24.75,0.2351212592
453.9,25.0,0.2347587284
453.9,25.25,0.2336690713
453.9,25.5,0.231852587
453.9,25.75,0.2293178324
453.9,26.0,0.2260814099
453.9,26.25,0.2221676208
453.9,26.5,0.2176079926
453.9,26.75,0.2124406903
453.9,27.0,0.2067098282
453.9,27.25,0.2004646949
453.9,27.5,0.1937589118
453.9,27.75,0.1866495427
453.9,28.0,0.1791961742
453.9,28.25,0.171459987
453.9,28.5,0.1635028365
453.9,28.75,0.1553863615
453.9,29.0,0.1471711377
453.9,29.25,0.1389158906
453.9,29.5,0.1306767816
453.9,29.75,0.1225067762
453.9,30.0,0.1144551046
453.9,30.25,0.1065668181
453.9,30.5,0.0988824449
453.9,30.75,0.0914377459
453.9,31.0,0.0842635682
453.9,31.25,0.0773857916
453.9,31.5,0.0708253637
453.9,31.75,0.0645984136
453.9,32.0,0.058716438
453.9,32.25,0.0531865474
453.9,32.5,0.0480117645
453.9,32.75,0.0431913622
453.9,33.0,0.038721232
453.9,33.25,0.0345942718
453.9,33.5,0.030800784
453.9,33.75,0.0273288749
453.9,34.0,0.0241648467
453.9,34.25,0.0212935763
453.9,34.5,0.0186988745
453.9,34.75,0.0163638199
453.9,35.0,0.014271066
453.95,0.0,0.54782925
453.95,0.25,0.5505329058
453.95,0.5,0.5527190199
453.95,0.75,0.5543813337
453.95,1.0,0.5555150775
453.95,1.25,0.5561169931
453.95,1.5,0.5561853493
453.95,1.75,0.5557199509
453.95,2.0,0.5547221389
453.95,2.25,0.5531947853
453.95,2.5,0.5511422783
453.95,2.75,0.5485705027
453.95,3.0,0.5454868114
453.95,3.25,0.541899991
453.95,3.5,0.5378202209
453.95,3.75,0.5332590256
453.95,4.0,0.5282292215
453.95,4.25,0.522744858
453.95,4.5,0.5168211538
453.95,4.75,0.5104744282
453.95,5.0,0.5037220283
453.95,5.25,0.4965822534
453.95,5.5,0.4890742754
453.95,5.75,0.4812180577
453.95,6.0,0.4730342721
453.95,6.25,0.4645442142
453.95,6.5,0.4557697197
453.95,6.75,0.4467330796
453.95,7.0,0.4374569578
453.95,7.25,0.4279643094
453.95,7.5,0.4182783024
453.95,7.75,0.4084222423
453.95,8.0,0.3984195003
453.95,8.25,0.3882934474
453.95,8.5,0.3780673922
453.95,8.75,0.3677645258
453.95,9.0,0.3574078733
453.95,9.25,0.3470202513
453.95,9.5,0.3366242341
453.95,9.75,0.3262421269
453.95,10.0,0.3158959476
453.95,10.25,0.305607416
453.95,10.5,0.2953979516
453.95,10.75,0.2852886791
453.95,11.0,0.2753004411
453.95,11.25,0.2654538172
453.95,11.5,0.2557691494
453.95,11.75,0.2462665716
453.95,12.0,0.2369660427
453.95,12.25,0.2278873806
453.95,12.5,0.2190502965
453.95,12.75,0.210474426
453.95,13.0,0.2021793553
453.95,13.25,0.1941846401
453.95,13.5,0.1865098135
453.95,13.75,0.1791743805
453.95,14.0,0.1721977974
453.95,14.25,0.16559943
453.95,14.5,0.159398492
453.95,14.75,0.1536139571
453.95,15.0,0.1482644459
453.95,15.25,0.1433680831
453.95,15.5,0.1389423265
453.95,15.75,0.1350037643
453.95,16.0,0.131567884
453.95,16.25,0.1286488122
453.95,16.5,0.1262590281
453.95,16.75,0.1244090534
453.95,17.0,0.1231071247
453.95,17.25,0.1223588512
453.95,17.5,0.1221668662
453.95,17.75,0.1225304793
453.95,18.0,0.1234453378
453.95,18.25,0.1249031052
453.95,18.5,0.1268911693
453.95,18.75,0.1293923867
453.95,19.0,0.1323848758
453.95,19.25,0.1358418678
453.95,19.5,0.1397316247
453.95,19.75,0.1440174327
453.95,20.0,0.1486576784
453.95,20.25,0.1536060139
453.95,20.5,0.1588116146
453.95,20.75,0.1642195305
453.95,21.0,0.1697711332
453.95,21.25,0.1754046533
453.95,21.5,0.181055804
453.95,21.75,0.1866584843
453.95,22.0,0.1921455492
453.95,22.25,0.1974496371
453.95,22.5,0.2025040384
453.95,22.75,0.207243589
453.95,23.0,0.2116055728
453.95,23.25,0.2155306129
453.95,23.5,0.2189635337
453.95,23.75,0.2218541754
453.95,24.0,0.2241581412
453.95,24.25,0.2258374628
453.95,24.5,0.2268611663
453.95,24.75,0.2272057269
453.95,25.0,0.226855401
453.95,25.25,0.225802428
453.95,25.5,0.224047097
453.95,25.75,0.2215976768
453.95,26.0,0.2184702109
453.95,26.25,0.2146881824
453.95,26.5,0.2102820574
453.95,26.75,0.2052887163
453.95,27.0,0.1997507879
453.95,27.25,0.1937159017
453.95,27.5,0.1872358738
453.95,27.75,0.1803658469
453.95,28.0,0.1731634016
453.95,28.25,0.1656876589
453.95,28.5,0.1579983917
453.95,28.75,0.1501551639
453.95,29.0,0.1422165117
453.95,29.25,0.1342391837
453.95,29.5,0.1262774504
453.95,29.75,0.1183824943
453.95,30.0,0.1106018883
453.95,30.25,0.1029791668
453.95,30.5,0.0955534938
453.95,30.75,0.0883594261
453.95,31.0,0.0814267724
453.95,31.25,0.0747805413
453.95,31.5,0.0684409751
453.95,31.75,0.0624236599
453.95,32.0,0.0567397054
453.95,32.25,0.0513959827
453.95,32.5,0.0463954127
453.95,32.75,0.0417372928
453.95,33.0,0.0374176529
453.95,33.25,0.0334296298
453.95,33.5,0.0297638527
453.95,33.75,0.026408828
453.95,34.0,0.0233513191
453.95,34.25,0.0205767122
453.95,34.5,0.018069363
453.95,34.75,0.0158129197
453.95,35.0,0.01379062
454.0,0.0,0.5290961845
454.0,0.25,0.5317073885
454.0,0.5,0.5338187482
454.0,0.75,0.5354242191
454.0,1.0,0.5365191945
454.0,1.25,0.5371005275
454.0,1.5,0.5371665463
454.0,1.75,0.5367170621
454.0,2.0,0.5357533705
454.0,2.25,0.5342782448
454.0,2.5,0.5322959235
454.0,2.75,0.5298120899
454.0,3.0,0.5268338457
454.0,3.25,0.5233696769
454.0,3.5,0.5194294149
454.0,3.75,0.51502419
454.0,4.0,0.5101663805
454.0,4.25,0.5048695553
454.0,4.5,0.4991484126
454.0,4.75,0.4930187137
454.0,5.0,0.4864972127
454.0,5.25,0.479601583
454.0,5.5,0.4723503409
454.0,5.75,0.4647627673
454.0,6.0,0.4568588268
454.0,6.25,0.4486590872
454.0,6.5,0.4401846372
454.0,6.75,0.4314570058
454.0,7.0,0.4224980817
454.0,7.25,0.4133300352
454.0,7.5,0.403975242
454.0,7.75,0.3944562106
454.0,8.0,0.3847955133
454.0,8.25,0.3750157215
454.0,8.5,0.3651393471
454.0,8.75,0.3551887881
454.0,9.0,0.3451862821
454.0,9.25,0.3351538657
454.0,9.5,0.3251133411
454.0,9.75,0.315086251
454.0,10.0,0.3050938601
454.0,10.25,0.2951571457
454.0,10.5,0.2852967947
454.0,10.75,0.2755332096
454.0,11.0,0.2658865202
454.0,11.25,0.2563766024
454.0,11.5,0.2470231026
454.0,11.75,0.2378454662
454.0,12.0,0.2288629697
454.0,12.25,0.2200947532
454.0,12.5,0.2115598539
454.0,12.75,0.2032772359
454.0,13.0,0.1952658159
454.0,13.25,0.1875444806
454.0,13.5,0.1801320953
454.0,13.75,0.1730474981
454.0,14.0,0.1663094798
454.0,14.25,0.1599367441
454.0,14.5,0.1539478477
454.0,14.75,0.1483611154
454.0,15.0,0.1431945311
454.0,15.25,0.1384655999
454.0,15.5,0.1341911824
454.0,15.75,0.1303872996
454.0,16.0,0.1270689095
454.0,16.25,0.1242496557
454.0,16.5,0.1219415904
454.0,16.75,0.1201548758
454.0,17.0,0.1188974666
454.0,17.25,0.1181747804
454.0,17.5,0.1179893603
454.0,17.75,0.1183405397
454.0,18.0,0.1192241145
454.0,18.25,0.1206320334
454.0,18.5,0.1225521155
454.0,18.75,0.1249678035
454.0,19.0,0.1278579642
454.0,19.25,0.1311967441
454.0,19.5,0.1349534905
454.0,19.75,0.1390927449
454.0,20.0,0.143574317
454.0,20.25,0.1483534439
454.0,20.5,0.1533810385
454.0,20.75,0.1586040303
454.0,21.0,0.1639657956
454.0,21.25,0.1694066769
454.0,21.5,0.1748645861
454.0,21.75,0.1802756823
454.0,22.0,0.1855751166
454.0,22.25,0.1906978308
454.0,22.5,0.1955793964
454.0,22.75,0.2001568776
454.0,23.0,0.2043697031
454.0,23.25,0.2081605261
454.0,23.5,0.211476058
454.0,23.75,0.2142678539
454.0,24.0,0.2164930354
454.0,24.25,0.2181149325
454.0,24.5,0.2191036304
454.0,24.75,0.2194364087
454.0,25.0,0.2190980622
454.0,25.25,0.2180810957
454.0,25.5,0.2163857884
454.0,25.75,0.2140201263
454.0,26.0,0.2109996043
454.0,26.25,0.2073469027
454.0,26.5,0.2030914455
454.0,26.75,0.198268852
454.0,27.0,0.1929202935
454.0,27.25,0.1870917707
454.0,27.5,0.1808333279
454.0,27.75,0.1741982221
454.0,28.0,0.167242065
454.0,28.25,0.1600219559
454.0,28.5,0.1525956239
454.0,28.75,0.1450205959
454.0,29.0,0.1373534066
454.0,29.25,0.129648864
454.0,29.5,0.1219593828
454.0,29.75,0.1143343954
454.0,30.0,0.1068198478
454.0,30.25,0.0994577859
454.0,30.5,0.0922860343
454.0,30.75,0.0853379684
454.0,31.0,0.0786423773
454.0,31.25,0.0722234147
454.0,31.5,0.0661006304
454.0,31.75,0.0602890778
454.0,32.0,0.0547994866
454.0,32.25,0.0496384929
454.0,32.5,0.0448089178
454.0,32.75,0.0403100827
454.0,33.0,0.0361381532
454.0,33.25,0.0322865009
454.0,33.5,0.0287460753
454.0,33.75,0.0255057759
454.0,34.0,0.0225528189
454.0,34.25,0.0198730899
454.0,34.5,0.0174514796
454.0,34.75,0.0152721957
454.0,35.0,0.0133190486
454.05,0.0,0.5107237812
454.05,0.25,0.5132443134
454.05,0.5,0.515282358
454.05,0.75,0.5168320803
454.05,1.0,0.5178890336
454.05,1.25,0.5184501803
454.05,1.5,0.5185139067
454.05,1.75,0.5180800305
454.05,2.0,0.5171498022
454.05,2.25,0.515725899
454.05,2.5,0.513812412
454.05,2.75,0.5114148275
454.05,3.0,0.5085400001
454.05,3.25,0.5051961216
454.05,3.5,0.5013926817
454.05,3.75,0.4971404245
454.05,4.0,0.4924512981
454.05,4.25,0.4873384005
454.05,4.5,0.4818159196
454.05,4.75,0.4758990691
454.05,5.0,0.4696040215
454.05,5.25,0.4629478365
454.05,5.5,0.4559483875
454.05,5.75,0.4486242858
454.05,6.0,0.4409948027
454.05,6.25,0.4330797919
454.05,6.5,0.4248996098
454.05,6.75,0.4164750378
454.05,7.0,0.4078272045
454.05,7.25,0.3989775104
454.05,7.5,0.3899475543
454.05,7.75,0.3807590629
454.05,8.0,0.3714338248
454.05,8.25,0.3619936278
454.05,8.5,0.3524602019
454.05,8.75,0.3428551673
454.05,9.0,0.3331999897
454.05,9.25,0.3235159401
454.05,9.5,0.3138240641
454.05,9.75,0.3041451559
454.05,10.0,0.2944997421
454.05,10.25,0.2849080713
454.05,10.5,0.2753901125
454.05,10.75,0.2659655594
454.05,11.0,0.2566538428
454.05,11.25,0.2474741486
454.05,11.5,0.2384454409
454.05,11.75,0.22958649
454.05,12.0,0.2209159028
454.05,12.25,0.2124521549
454.05,12.5,0.2042136226
454.05,12.75,0.1962186113
454.05,13.0,0.1884853808
454.05,13.25,0.1810321622
454.05,13.5,0.1738771655
454.05,13.75,0.1670385747
454.05,14.0,0.1605345282
454.05,14.25,0.1543830803
454.05,14.5,0.148602143
454.05,14.75,0.1432094051
454.05,15.0,0.138222226
454.05,15.25,0.1336575028
454.05,15.5,0.1295315107
454.05,15.75,0.1258597144
454.05,16.0,0.1226565525
454.05,16.25,0.1199351948
454.05,16.5,0.1177072751
454.05,16.75,0.1159826026
454.05,17.0,0.1147688559
454.05,17.25,0.1140712642
454.05,17.5,0.1138922827
454.05,17.75,0.1142312677
454.05,18.0,0.1150841611
454.05,18.25,0.1164431913
454.05,18.5,0.1182966003
454.05,18.75,0.1206284056
454.05,19.0,0.123418208
454.05,19.25,0.1266410517
454.05,19.5,0.1302673483
454.05,19.75,0.1342628708
454.05,20.0,0.1385888242
454.05,20.25,0.143202
454.05,20.5,0.1480550158
454.05,20.75,0.1530966438
454.05,21.0,0.1582722264
454.05,21.25,0.1635241779
454.05,21.5,0.168792566
454.05,21.75,0.1740157666
454.05,22.0,0.1791311826
454.05,22.25,0.184076015
454.05,22.5,0.1887880725
454.05,22.75,0.1932066047
454.05,23.0,0.1972731435
454.05,23.25,0.2009323335
454.05,23.5,0.2041327364
454.05,23.75,0.2068275896
454.05,24.0,0.2089755037
454.05,24.25,0.2105410818
454.05,24.5,0.211495448
454.05,24.75,0.2118166709
454.05,25.0,0.2114900732
454.05,25.25,0.21050842
454.05,25.5,0.2088719807
454.05,25.75,0.2065884642
454.05,26.0,0.2036728272
454.05,26.25,0.2001469624
454.05,26.5,0.1960392722
454.05,26.75,0.1913841391
454.05,27.0,0.1862213047
454.05,27.25,0.1805951723
454.05,27.5,0.1745540484
454.05,27.75,0.1681493409
454.05,28.0,0.1614347303
454.05,28.25,0.1544653332
454.05,28.5,0.147296874
454.05,28.75,0.1399848823
454.05,29.0,0.1325839294
454.05,29.25,0.1251469203
454.05,29.5,0.1177244496
454.05,29.75,0.1103642332
454.05,30.0,0.1031106218
454.05,30.25,0.0960042011
454.05,30.5,0.0890814823
454.05,30.75,0.0823746819
454.05,31.0,0.0759115894
454.05,31.25,0.0697155196
454.05,31.5,0.0638053437
454.05,31.75,0.0581955922
454.05,32.0,0.0528966222
454.05,32.25,0.0479148395
454.05,32.5,0.0432529672
454.05,32.75,0.0389103503
454.05,33.0,0.0348832874
454.05,33.25,0.0311653804
454.05,33.5,0.0277478929
454.05,33.75,0.0246201101
454.05,34.0,0.0217696919
454.05,34.25,0.0191830142
454.05,34.5,0.0168454922
454.05,34.75,0.014741882
454.05,35.0,0.0128565563
454.1,0.0,0.492719295
454.1,0.25,0.4951509712
454.1,0.5,0.4971171688
454.1,0.75,0.498612259
454.1,1.0,0.4996319516
454.1,1.25,0.5001733163
454.1,1.5,0.5002347961
454.1,1.75,0.4998162153
454.1,2.0,0.4989187802
454.1,2.25,0.4975450737
454.1,2.5,0.4956990427
454.1,2.75,0.4933859799
454.1,3.0,0.4906124985
454.1,3.25,0.4873865014
454.1,3.5,0.4837171437
454.1,3.75,0.4796147908
454.1,4.0,0.4750909696
454.1,4.25,0.4701583164
454.1,4.5,0.4648305189
454.1,4.75,0.4591222545
454.1,5.0,0.4530491255
454.1,5.25,0.4466275902
454.1,5.5,0.4398748919
454.1,5.75,0.4328089859
454.1,6.0,0.4254484641
454.1,6.25,0.4178124803
454.1,6.5,0.4099206732
454.1,6.75,0.4017930916
454.1,7.0,0.3934501194
454.1,7.25,0.3849124026
454.1,7.5,0.3762007784
454.1,7.75,0.3673362079
454.1,8.0,0.3583397113
454.1,8.25,0.3492323085
454.1,8.5,0.3400349633
454.1,8.75,0.3307685339
454.1,9.0,0.3214537291
454.1,9.25,0.3121110703
454.1,9.5,0.3027608608
454.1,9.75,0.293423162
454.1,10.0,0.2841177768
454.1,10.25,0.2748642402
454.1,10.5,0.2656818168
454.1,10.75,0.2565895064
454.1,11.0,0.2476060547
454.1,11.25,0.2387499711
454.1,11.5,0.2300395514
454.1,11.75,0.2214929041
454.1,12.0,0.2131279801
454.1,12.25,0.2049626038
454.1,12.5,0.1970145034
454.1,12.75,0.1893013394
454.1,13.0,0.1818407276
454.1,13.25,0.1746502564
454.1,13.5,0.1677474939
454.1,13.75,0.1611499832
454.1,14.0,0.1548752231
454.1,14.25,0.1489406314
454.1,14.5,0.1433634889
454.1,14.75,0.1381608606
454.1,15.0,0.1333494939
454.1,15.25,0.1289456904
454.1,15.5,0.1249651514
454.1,15.75,0.1214227965
454.1,16.0,0.1183325553
454.1,16.25,0.1157071333
454.1,16.5,0.1135577542
454.1,16.75,0.1118938813
454.1,17.0,0.1107229227
454.1,17.25,0.1100499232
454.1,17.5,0.1098772513
454.1,17.75,0.1102042861
454.1,18.0,0.1110271125
454.1,18.25,0.112338233
454.1,18.5,0.1141263039
454.1,18.75,0.1163759064
454.1,19.0,0.1190673602
454.1,19.25,0.1221765894
454.1,19.5,0.1256750486
454.1,19.75,0.1295297174
454.1,20.0,0.1337031684
454.1,20.25,0.1381537165
454.1,20.5,0.1428356495
454.1,20.75,0.1476995456
454.1,21.0,0.152692674
454.1,21.25,0.1577594791
454.1,21.5,0.1628421412
454.1,21.75,0.1678812089
454.1,22.0,0.1728162918
454.1,22.25,0.1775868046
454.1,22.5,0.1821327485
454.1,22.75,0.1863955147
454.1,23.0,0.1903186962
454.1,23.25,0.1938488892
454.1,23.5,0.1969364687
454.1,23.75,0.1995363206
454.1,24.0,0.2016085145
454.1,24.25,0.2031189014
454.1,24.5,0.2040396235
454.1,24.75,0.2043495224
454.1,25.0,0.2040344382
454.1,25.25,0.2030873911
454.1,25.5,0.201508641
454.1,25.75,0.199305625
454.1,26.0,0.1964927726
454.1,26.25,0.1930912048
454.1,26.5,0.1891283225
454.1,26.75,0.1846372963
454.1,27.0,0.1796564666
454.1,27.25,0.1742286716
454.1,27.5,0.1684005148
454.1,27.75,0.1622215917
454.1,28.0,0.1557436904
454.1,28.25,0.1490199847
454.1,28.5,0.1421042344
454.1,28.75,0.1350500115
454.1,29.0,0.1279099635
454.1,29.25,0.1207351305
454.1,29.5,0.1135743233
454.1,29.75,0.1064735757
454.1,30.0,0.099475675
454.1,30.25,0.0926197761
454.1,30.5,0.0859411031
454.1,30.75,0.0794707368
454.1,31.0,0.073235487
454.1,31.25,0.0672578465
454.1,31.5,0.0615560213
454.1,31.75,0.0561440298
454.1,32.0,0.0510318637
454.1,32.25,0.0462257033
454.1,32.5,0.0417281754
454.1,32.75,0.0375386482
454.1,33.0,0.0336535509
454.1,33.25,0.0300667108
454.1,33.5,0.0267696997
454.1,33.75,0.0237521802
454.1,34.0,0.0210022475
454.1,34.25,0.0185067576
454.1,34.5,0.01625164
454.1,34.75,0.0142221882
454.1,35.0,0.0124033256
454.15,0.0,0.475089133
454.15,0.25,0.4774338006
454.15,0.5,0.479329645
454.15,0.75,0.4807712388
454.15,1.0,0.4817544455
454.15,1.25,0.4822764394
454.15,1.5,0.4823357194
454.15,1.75,0.481932116
454.15,2.0,0.4810667923
454.15,2.25,0.4797422389
454.15,2.5,0.4779622613
454.15,2.75,0.475731963
454.15,3.0,0.4730577206
454.15,3.25,0.469947154
454.15,3.5,0.4664090909
454.15,3.75,0.4624535257
454.15,4.0,0.458091573
454.15,4.25,0.4533354168
454.15,4.5,0.448198255
454.15,4.75,0.44269424
454.15,5.0,0.4368384158
454.15,5.25,0.4306466517
454.15,5.5,0.4241355741
454.15,5.75,0.4173224957
454.15,6.0,0.4102253434
454.15,6.25,0.4028625853
454.15,6.5,0.3952531577
454.15,6.75,0.387416392
454.15,7.0,0.3793719426
454.15,7.25,0.3711397168
454.15,7.5,0.3627398063
454.15,7.75,0.3541924221
454.15,8.0,0.3455178324
454.15,8.25,0.3367363047
454.15,8.5,0.3278680529
454.15,8.75,0.318933189
454.15,9.0,0.3099516804
454.15,9.25,0.3009433145
454.15,9.5,0.2919276682
454.15,9.75,0.2829240849
454.15,10.0,0.273951659
454.15,10.25,0.2650292264
454.15,10.5,0.2561753625
454.15,10.75,0.2474083872
454.15,11.0,0.2387463756
454.15,11.25,0.2302071747
454.15,11.5,0.2218084255
454.15,11.75,0.2135675888
454.15,12.0,0.205501973
454.15,12.25,0.1976287649
454.15,12.5,0.1899650584
454.15,12.75,0.1825278817
454.15,13.0,0.1753342207
454.15,13.25,0.1684010343
454.15,13.5,0.161745262
454.15,13.75,0.1553838192
454.15,14.0,0.1493335784
454.15,14.25,0.1436113345
454.15,14.5,0.1382337496
454.15,14.75,0.1332172784
454.15,15.0,0.1285780689
454.15,15.25,0.1243318394
454.15,15.5,0.1204937294
454.15,15.75,0.1170781248
454.15,16.0,0.1140984567
454.15,16.25,0.1115669758
454.15,16.5,0.1094945043
454.15,16.75,0.1078901671
454.15,17.0,0.106761107
454.15,17.25,0.1061121883
454.15,17.5,0.1059456948
454.15,17.75,0.1062610279
454.15,18.0,0.1070544125
454.15,18.25,0.1083186193
454.15,18.5,0.1100427106
454.15,18.75,0.1122118193
454.15,19.0,0.1148069692
454.15,19.25,0.117804946
454.15,19.5,0.1211782256
454.15,19.75,0.1248949691
454.15,20.0,0.1289190885
454.15,20.25,0.1332103899
454.15,20.5,0.137724797
454.15,20.75,0.1424146563
454.15,21.0,0.1472291238
454.15,21.25,0.1521146318
454.15,21.5,0.1570154295
454.15,21.75,0.1618741925
454.15,22.0,0.1666326914
454.15,22.25,0.1712325089
454.15,22.5,0.1756157927
454.15,22.75,0.1797260314
454.15,23.0,0.1835088362
454.15,23.25,0.1869127141
454.15,23.5,0.1898898158
454.15,23.75,0.1923966415
454.15,24.0,0.1943946895
454.15,24.25,0.1958510328
454.15,24.5,0.1967388101
454.15,24.75,0.1970376204
454.15,25.0,0.1967338104
454.15,25.25,0.1958206499
454.15,25.5,0.1942983896
454.15,25.75,0.1921742005
454.15,26.0,0.1894619958
454.15,26.25,0.1861821406
454.15,26.5,0.1823610557
454.15,26.75,0.1780307244
454.15,27.0,0.1732281156
454.15,27.25,0.1679945344
454.15,27.5,0.1623749169
454.15,27.75,0.156417084
454.15,28.0,0.1501709708
454.15,28.25,0.1436878483
454.15,28.5,0.137019553
454.15,28.75,0.1302177396
454.15,29.0,0.1233331723
454.15,29.25,0.1164150644
454.15,29.5,0.1095104806
454.15,29.75,0.1026638074
454.15,30.0,0.095916301
454.15,30.25,0.0893057154
454.15,30.5,0.0828660144
454.15,30.75,0.0766271665
454.15,31.0,0.0706150223
454.15,31.25,0.0648512699
454.15,31.5,0.0593534637
454.15,31.75,0.0541351205
454.15,32.0,0.0492058747
454.15,32.25,0.0445716851
454.15,32.5,0.0402350849
454.15,32.75,0.0361954647
454.15,33.0,0.0324493814
454.15,33.25,0.0289908833
454.15,33.5,0.0258118437
454.15,33.75,0.0229022951
454.15,34.0,0.0202507587
454.15,34.25,0.0178445608
454.15,34.5,0.0156701344
454.15,34.75,0.013713299
454.15,35.0,0.0119595178
454.2,0.0,0.4578388707
454.2,0.25,0.4600984045
454.2,0.5,0.4619254117
454.2,0.75,0.4633146619
454.2,1.0,0.4642621688
454.2,1.25,0.4647652094
454.2,1.5,0.4648223369
454.2,1.75,0.4644333881
454.2,2.0,0.463599484
454.2,2.25,0.4623230245
454.2,2.5,0.4606076771
454.2,2.75,0.4584583599
454.2,3.0,0.4558812179
454.2,3.25,0.4528835945
454.2,3.5,0.4494739968
454.2,3.75,0.4456620563
454.2,4.0,0.441458484
454.2,4.25,0.4368750216
454.2,4.5,0.4319243878
454.2,4.75,0.426620221
454.2,5.0,0.4209770189
454.2,5.25,0.4150100749
454.2,5.5,0.4087354115
454.2,5.75,0.4021697127
454.2,6.0,0.3953302547
454.2,6.25,0.3882348349
454.2,6.5,0.380901702
454.2,6.75,0.3733494856
454.2,7.0,0.3655971264
454.2,7.25,0.3576638088
454.2,7.5,0.3495688951
454.2,7.75,0.3413318624
454.2,8.0,0.3329722429
454.2,8.25,0.3245095683
454.2,8.5,0.3159633186
454.2,8.75,0.3073528753
454.2,9.0,0.2986974811
454.2,9.25,0.2900162048
454.2,9.5,0.2813279122
454.2,9.75,0.2726512448
454.2,10.0,0.2640046035
454.2,10.25,0.2554061402
454.2,10.5,0.2468737559
454.2,10.75,0.2384251054
454.2,11.0,0.2300776073
454.2,11.25,0.2218484607
454.2,11.5,0.2137546662
454.2,11.75,0.2058130504
454.2,12.0,0.1980402933
454.2,12.25,0.1904529577
454.2,12.5,0.1830675167
454.2,12.75,0.1759003805
454.2,13.0,0.1689679179
454.2,13.25,0.1622864722
454.2,13.5,0.1558723678
454.2,13.75,0.149741906
454.2,14.0,0.1439113466
454.2,14.25,0.1383968746
454.2,14.5,0.1332145473
454.2,14.75,0.1283802218
454.2,15.0,0.1239094598
454.2,15.25,0.1198174089
454.2,15.5,0.1161186589
454.2,15.75,0.1128270733
454.2,16.0,0.1099555955
454.2,16.25,0.1075160315
454.2,16.5,0.1055188105
454.2,16.75,0.103972726
454.2,17.0,0.1028846615
454.2,17.25,0.1022593048
454.2,17.5,0.1020988566
454.2,17.75,0.1024027401
454.2,18.0,0.1031673173
454.2,18.25,0.1043856213
454.2,18.5,0.1060471117
454.2,18.75,0.1081374611
454.2,19.0,0.1106383823
454.2,19.25,0.113527504
454.2,19.5,0.1167783014
454.2,19.75,0.1203600917
454.2,20.0,0.1242380972
454.2,20.25,0.1283735835
454.2,20.5,0.1327240746
454.2,20.75,0.1372436473
454.2,21.0,0.1418833038
454.2,21.25,0.1465914213
454.2,21.5,0.1513142733
454.2,21.75,0.1559966169
454.2,22.0,0.160582337
454.2,22.25,0.1650151373
454.2,22.5,0.1692392661
454.2,22.75,0.173200264
454.2,23.0,0.1768457169
454.2,23.25,0.1801260016
454.2,23.5,0.1829950062
454.2,23.75,0.1854108102
454.2,24.0,0.18733631
454.2,24.25,0.1887397741
454.2,24.5,0.1895953168
454.2,24.75,0.1898832774
454.2,25.0,0.1895904985
454.2,25.25,0.1887104944
454.2,25.5,0.1872435067
454.2,25.75,0.1851964459
454.2,26.0,0.1825827201
454.2,26.25,0.1794219549
454.2,26.5,0.1757396117
454.2,26.75,0.1715665128
454.2,27.0,0.1669382844
454.2,27.25,0.1618947321
454.2,27.5,0.1564791602
454.2,27.75,0.1507376534
454.2,28.0,0.1447183337
454.2,28.25,0.1384706103
454.2,28.5,0.1320444376
454.2,28.75,0.1254895949
454.2,29.0,0.1188550029
454.2,29.25,0.1121880883
454.2,29.5,0.1055342067
454.2,29.75,0.0989361329
454.2,30.0,0.0924336253
454.2,30.25,0.086063067
454.2,30.5,0.0798571885
454.2,30.75,0.0738448702
454.2,31.0,0.0680510241
454.2,31.25,0.0624965509
454.2,31.5,0.0571983675
454.2,31.75,0.0521694998
454.2,32.0,0.0474192326
454.2,32.25,0.0429533083
454.2,32.5,0.0387741679
454.2,32.75,0.0348812244
454.2,33.0,0.0312711596
454.2,33.25,0.027938238
454.2,33.5,0.0248746278
454.2,33.75,0.0220707236
454.2,34.0,0.0195154632
454.2,34.25,0.0171966332
454.2,34.5,0.0151011592
454.2,34.75,0.0132153756
454.2,35.0,0.0115252734
454.25,0.0,0.4409732696
454.25,0.25,0.443149568
454.25,0.5,0.4449092729
454.25,0.75,0.4462473468
454.25,1.0,0.44715995
454.25,1.25,0.4476444598
454.25,1.5,0.4476994829
454.25,1.75,0.447324862
454.25,2.0,0.4465216768
454.25,2.25,0.4452922387
454.25,2.5,0.4436400803
454.25,2.75,0.4415699384
454.25,3.0,0.4390877316
454.25,3.25,0.4362005329
454.25,3.5,0.432916536
454.25,3.75,0.4292450175
454.25,4.0,0.425196294
454.25,4.25,0.4207816745
454.25,4.5,0.4160134092
454.25,4.75,0.4109046342
454.25,5.0,0.4054693132
454.25,5.25,0.3997221759
454.25,5.5,0.3936786549
454.25,5.75,0.3873548196
454.25,6.0,0.3807673094
454.25,6.25,0.3739332666
454.25,6.5,0.3668702674
454.25,6.75,0.3595962551
454.25,7.0,0.3521294728
454.25,7.25,0.3444883981
454.25,7.5,0.3366916801
454.25,7.75,0.3287580784
454.25,8.0,0.3207064057
454.25,8.25,0.3125554742
454.25,8.5,0.3043240463
454.25,8.75,0.2960307895
454.25,9.0,0.2876942376
454.25,9.25,0.279332757
454.25,9.5,0.2709645188
454.25,9.75,0.2626074774
454.25,10.0,0.254279356
454.25,10.25,0.2459976378
454.25,10.5,0.2377795646
454.25,10.75,0.2296421405
454.25,11.0,0.2216021426
454.25,11.25,0.2136761366
454.25,11.5,0.2058804966
454.25,11.75,0.1982314293
454.25,12.0,0.1907450006
454.25,12.25,0.1834371628
454.25,12.5,0.1763237824
454.25,12.75,0.1694206649
454.25,13.0,0.1627435763
454.25,13.25,0.1563082578
454.25,13.5,0.1501304325
454.25,13.75,0.144225801
454.25,14.0,0.1386100244
454.25,14.25,0.1332986913
454.25,14.5,0.1283072676
454.25,14.75,0.1236510261
454.25,15.0,0.1193449555
454.25,15.25,0.1154036451
454.25,15.5,0.1118411476
454.25,15.75,0.1086708154
454.25,16.0,0.1059051154
454.25,16.25,0.1035554187
454.25,16.5,0.1016317702
454.25,16.75,0.1001426394
454.25,17.0,0.0990946564
454.25,17.25,0.0984923362
454.25,17.5,0.0983377985
454.25,17.75,0.0986304877
454.25,18.0,0.0993668998
454.25,18.25,0.1005403247
454.25,18.5,0.1021406101
454.25,18.75,0.1041539564
454.25,19.0,0.1065627502
454.25,19.25,0.109345444
454.25,19.5,0.1124764905
454.25,19.75,0.1159263369
454.25,20.0,0.1196614866
454.25,20.25,0.1236446323
454.25,20.5,0.1278348626
454.25,20.75,0.1321879459
454.25,21.0,0.1366566894
454.25,21.25,0.141191372
454.25,21.5,0.1457402464
454.25,21.75,0.1502501046
454.25,22.0,0.1546668986
454.25,22.25,0.1589364059
454.25,22.5,0.1630049288
454.25,22.75,0.1668200137
454.25,23.0,0.1703311776
454.25,23.25,0.1734906251
454.25,23.5,0.176253943
454.25,23.75,0.178580755
454.25,24.0,0.1804353243
454.25,24.25,0.1817870885
454.25,24.5,0.1826111151
454.25,24.75,0.182888468
454.25,25.0,0.1826064744
454.25,25.25,0.1817588874
454.25,25.5,0.1803459397
454.25,25.75,0.1783742873
454.25,26.0,0.1758568444
454.25,26.25,0.1728125136
454.25,26.5,0.1692658185
454.25,26.75,0.1652464457
454.25,27.0,0.1607887093
454.25,27.25,0.1559309484
454.25,27.5,0.1507148723
454.25,27.75,0.1451848677
454.25,28.0,0.1393872842
454.25,28.25,0.1333697108
454.25,28.5,0.1271802617
454.25,28.75,0.1208668825
454.25,29.0,0.1144766917
454.25,29.25,0.108055369
454.25,29.5,0.1016465992
454.25,29.75,0.0952915814
454.25,30.0,0.0890286094
454.25,30.25,0.082892726
454.25,30.5,0.076915456
454.25,30.75,0.071124616
454.25,31.0,0.0655442002
454.25,31.25,0.0601943394
454.25,31.5,0.0550913274
454.25,31.75,0.0502477103
454.25,32.0,0.0456724306
454.25,32.25,0.0413710194
454.25,32.5,0.0373458278
454.25,32.75,0.0335962902
454.25,33.0,0.0301192109
454.25,33.25,0.0269090655
454.25,33.5,0.0239583108
454.25,33.75,0.0212576952
454.25,34.0,0.018796564
454.25,34.25,0.0165631537
454.25,34.5,0.0145448715
454.25,34.75,0.0127285553
454.25,35.0,0.0111007121
454.3,0.0,0.4244962966
454.3,0.25,0.4265912775
454.3,0.5,0.4282852311
454.3,0.75,0.4295733078
454.3,1.0,0.4304518116
454.3,1.25,0.4309182177
454.3,1.5,0.4309711849
454.3,1.75,0.4306105617
454.3,2.0,0.4298373874
454.3,2.25,0.4286538873
454.3,2.5,0.4270634619
454.3,2.75,0.4250706708
454.3,3.0,0.4226812118
454.3,3.25,0.4199018933
454.3,3.5,0.416740603
454.3,3.75,0.4132062709
454.3,4.0,0.409308828
454.3,4.25,0.4050591608
454.3,4.5,0.4004690618
454.3,4.75,0.3955511763
454.3,5.0,0.3903189461
454.3,5.25,0.3847865507
454.3,5.5,0.3789688459
454.3,5.75,0.3728813008
454.3,6.0,0.3665399331
454.3,6.25,0.3599612443
454.3,6.5,0.3531621542
454.3,6.75,0.3461599355
454.3,7.0,0.3389721496
454.3,7.25,0.3316165838
454.3,7.5,0.3241111903
454.3,7.75,0.3164740277
454.3,8.0,0.3087232059
454.3,8.25,0.3008768341
454.3,8.5,0.2929529736
454.3,8.75,0.2849695945
454.3,9.0,0.276944538
454.3,9.25,0.2688954843
454.3,9.5,0.2608399254
454.3,9.75,0.252795145
454.3,10.0,0.2447782039
454.3,10.25,0.2368059323
454.3,10.5,0.2288949275
454.3,10.75,0.2210615584
454.3,11.0,0.2133219752
454.3,11.25,0.2056921245
454.3,11.5,0.1981877687
454.3,11.75,0.1908245089
454.3,12.0,0.1836178107
454.3,12.25,0.1765830304
454.3,12.5,0.1697354415
454.3,12.75,0.1630902591
454.3,13.0,0.1566626601
454.3,13.25,0.1504677974
454.3,13.5,0.1445208066
454.3,13.75,0.1388368018
454.3,14.0,0.1334308587
454.3,14.25,0.1283179837
454.3,14.5,0.1235130646
454.3,14.75,0.1190308036
454.3,15.0,0.1148856294
454.3,15.25,0.1110915862
454.3,15.5,0.1076622014
454.3,15.75,0.1046103288
454.3,16.0,0.1019479692
454.3,16.25,0.0996860689
454.3,16.5,0.0978342975
454.3,16.75,0.0964008082
454.3,17.0,0.095391983
454.3,17.25,0.0948121685
454.3,17.5,0.0946634052
454.3,17.75,0.094945158
454.3,18.0,0.0956540541
454.3,18.25,0.0967836339
454.3,18.5,0.0983241246
454.3,18.75,0.1002622422
454.3,19.0,0.1025810314
454.3,19.25,0.1052597498
454.3,19.5,0.1082738047
454.3,19.75,0.1115947475
454.3,20.0,0.1151903334
454.3,20.25,0.1190246487
454.3,20.5,0.123058311
454.3,20.75,0.1272487413
454.3,21.0,0.1315505101
454.3,21.25,0.1359157542
454.3,21.5,0.1402946598
454.3,21.75,0.1446360071
454.3,22.0,0.1488877675
454.3,22.25,0.1529977447
454.3,22.5,0.1569142471
454.3,22.75,0.1605867814
454.3,23.0,0.1639667505
454.3,23.25,0.1670081452
454.3,23.5,0.1696682117
454.3,23.75,0.1719080823
454.3,24.0,0.1736933557
454.3,24.25,0.1749946111
454.3,24.5,0.175787848
454.3,24.75,0.1760548376
454.3,25.0,0.1757833807
454.3,25.25,0.1749674638
454.3,25.5,0.1736073109
454.3,25.75,0.1717093293
454.3,26.0,0.1692859507
454.3,26.25,0.1663553714
454.3,26.5,0.1629411986
454.3,26.75,0.1590720097
454.3,27.0,0.1547808367
454.3,27.25,0.1501045861
454.3,27.5,0.1450834087
454.3,27.75,0.1397600329
454.3,28.0,0.1341790762
454.3,28.25,0.1283863495
454.3,28.5,0.1224281693
454.3,28.75,0.1163506895
454.3,29.0,0.1101992684
454.3,29.25,0.1040178785
454.3,29.5,0.0978485724
454.3,29.75,0.09173101
454.3,30.0,0.085702054
454.3,30.25,0.079795438
454.3,30.5,0.0740415088
454.3,30.75,0.0684670436
454.3,31.0,0.0630951402
454.3,31.25,0.057945177
454.3,31.5,0.0530328391
454.3,31.75,0.0483702038
454.3,32.0,0.0439658795
454.3,32.25,0.0398251906
454.3,32.5,0.0359504003
454.3,32.75,0.0323409643
454.3,33.0,0.0289938061
454.3,33.25,0.0259036078
454.3,33.5,0.0230631081
454.3,33.75,0.0204634011
454.3,34.0,0.0180942301
454.3,34.25,0.0159442712
454.3,34.5,0.0140014022
454.3,34.75,0.0122529527
454.3,35.0,0.0106859338
454.35,0.0,0.4084111448
454.35,0.25,0.4104267421
454.35,0.5,0.4120565078
454.35,0.75,0.4132957763
454.35,1.0,0.4141409915
454.35,1.25,0.4145897244
454.35,1.5,0.4146406845
454.35,1.75,0.4142937262
454.35,2.0,0.4135498493
454.35,2.25,0.4124111948
454.35,2.5,0.4108810342
454.35,2.75,0.4089637547
454.35,3.0,0.4066648378
454.35,3.25,0.4039908341
454.35,3.5,0.4009493325
454.35,3.75,0.3975489244
454.35,4.0,0.3937991647
454.35,4.25,0.3897105273
454.35,4.5,0.3852943578
454.35,4.75,0.3805628224
454.35,5.0,0.3755288536
454.35,5.25,0.3702060935
454.35,5.5,0.3646088351
454.35,5.75,0.3587519612
454.35,6.0,0.3526508827
454.35,6.25,0.3463214758
454.35,6.5,0.339780019
454.35,6.75,0.3330431306
454.35,7.0,0.3261277066
454.35,7.25,0.3190508603
454.35,7.5,0.3118298637
454.35,7.75,0.3044820909
454.35,8.0,0.2970249658
454.35,8.25,0.2894759113
454.35,8.5,0.2818523042
454.35,8.75,0.2741714339
454.35,9.0,0.2664504655
454.35,9.25,0.2587064091
454.35,9.5,0.2509560941
454.35,9.75,0.2432161491
454.35,10.0,0.2355029886
454.35,10.25,0.2278328049
454.35,10.5,0.2202215664
454.35,10.75,0.2126850219
454.35,11.0,0.2052387095
454.35,11.25,0.1978979716
454.35,11.5,0.1906779733
454.35,11.75,0.1835937245
454.35,12.0,0.1766601049
454.35,12.25,0.1698918887
454.35,12.5,0.1633037709
454.35,12.75,0.15691039
454.35,13.0,0.1507263476
454.35,13.25,0.1447662226
454.35,13.5,0.1390445772
454.35,13.75,0.1335759525
454.35,14.0,0.1283748532
454.35,14.25,0.1234557169
454.35,14.5,0.1188328673
454.35,14.75,0.1145204497
454.35,15.0,0.1105323457
454.35,15.25,0.1068820676
454.35,15.5,0.1035826302
454.35,15.75,0.1006464001
454.35,16.0,0.0980849236
454.35,16.25,0.0959087319
454.35,16.5,0.0941271285
454.35,16.75,0.0927479574
454.35,17.0,0.091777359
454.35,17.25,0.091219515
454.35,17.5,0.0910763886
454.35,17.75,0.0913474652
454.35,18.0,0.0920294996
454.35,18.25,0.093116277
454.35,18.5,0.0945983949
454.35,18.75,0.0964630727
454.35,19.0,0.0986939976
454.35,19.25,0.1012712131
454.35,19.5,0.1041710585
454.35,19.75,0.107366163
454.35,20.0,0.1108255038
454.35,20.25,0.114514528
454.35,20.5,0.1183953455
454.35,20.75,0.1224269906
454.35,21.0,0.1265657554
454.35,21.25,0.1307655903
454.35,21.5,0.1349785689
454.35,21.75,0.1391554125
454.35,22.0,0.1432460638
454.35,22.25,0.1472003044
454.35,22.5,0.1509684014
454.35,22.75,0.1545017748
454.35,23.0,0.1577536691
454.35,23.25,0.1606798183
454.35,23.5,0.1632390886
454.35,23.75,0.1653940854
454.35,24.0,0.1671117105
454.35,24.25,0.1683636584
454.35,24.5,0.1691268377
454.35,24.75,0.1693837104
454.35,25.0,0.1691225396
454.35,25.25,0.1683375397
454.35,25.5,0.1670289262
454.35,25.75,0.1652028636
454.35,26.0,0.1628713124
454.35,26.25,0.1600517796
454.35,26.5,0.1567669777
454.35,26.75,0.1530444014
454.35,27.0,0.1489158309
454.35,27.25,0.1444167743
454.35,27.5,0.139585861
454.35,27.75,0.1344642003
454.35,28.0,0.129094719
454.35,28.25,0.1235214922
454.35,28.5,0.1177890812
454.35,28.75,0.1119418914
454.35,29.0,0.1060235618
454.35,29.25,0.1000763992
454.35,29.5,0.0941408625
454.35,29.75,0.0882551087
454.35,30.0,0.0824546039
454.35,30.25,0.0767718033
454.35,30.5,0.0712359038
454.35,30.75,0.0658726681
454.35,31.0,0.0607043186
454.35,31.25,0.0557494995
454.35,31.5,0.0510233015
454.35,31.75,0.0465373443
454.35,32.0,0.0422999101
454.35,32.25,0.0383161215
454.35,32.5,0.0345881561
454.35,32.75,0.03111549
454.35,33.0,0.0278951634
454.35,33.25,0.0249220599
454.35,33.5,0.0221891933
454.35,33.75,0.0196879952
454.35,34.0,0.0174085976
454.35,34.25,0.0153401057
454.35,34.5,0.0134708565
454.35,34.75,0.0117886598
454.35,35.0,0.0102810189
454.4,0.0,0.3927202555
454.4,0.25,0.3946584149
454.4,0.5,0.3962255661
454.4,0.75,0.3974172227
454.4,1.0,0.3982299653
454.4,1.25,0.3986614581
454.4,1.5,0.3987104604
454.4,1.75,0.398376832
454.4,2.0,0.3976615344
454.4,2.25,0.3965666262
454.4,2.5,0.3950952534
454.4,2.75,0.3932516345
454.4,3.0,0.3910410405
454.4,3.25,0.3884697703
454.4,3.5,0.3855451212
454.4,3.75,0.3822753546
454.4,4.0,0.3786696582
454.4,4.25,0.3747381035
454.4,4.5,0.3704916004
454.4,4.75,0.3659418475
454.4,5.0,0.3611012805
454.4,5.25,0.3559830174
454.4,5.5,0.350600802
454.4,5.75,0.3449689453
454.4,6.0,0.3391022663
454.4,6.25,0.333016031
454.4,6.5,0.3267258927
454.4,6.75,0.3202478312
454.4,7.0,0.3135980933
454.4,7.25,0.3067931348
454.4,7.5,0.2998495641
454.4,7.75,0.292784088
454.4,8.0,0.2856134607
454.4,8.25,0.2783544359
454.4,8.5,0.2710237229
454.4,8.75,0.2636379466
454.4,9.0,0.2562136127
454.4,9.25,0.248767078
454.4,9.5,0.2413145249
454.4,9.75,0.2338719436
454.4,10.0,0.2264551177
454.4,10.25,0.2190796174
454.4,10.5,0.2117607978
454.4,10.75,0.2045138024
454.4,11.0,0.1973535724
454.4,11.25,0.1902948609
454.4,11.5,0.1833522501
454.4,11.75,0.1765401736
454.4,12.0,0.1698729391
454.4,12.25,0.1633647534
454.4,12.5,0.1570297468
454.4,12.75,0.1508819954
454.4,13.0,0.1449355398
454.4,13.25,0.139204399
454.4,13.5,0.1337025754
454.4,13.75,0.1284440517
454.4,14.0,0.1234427753
454.4,14.25,0.1187126289
454.4,14.5,0.1142673862
454.4,14.75,0.1101206489
454.4,15.0,0.1062857652
454.4,15.25,0.1027757285
454.4,15.5,0.0996030532
454.4,15.75,0.0967796312
454.4,16.0,0.0943165649
454.4,16.25,0.0922239811
454.4,16.5,0.0905108257
454.4,16.75,0.0891846415
454.4,17.0,0.0882513328
454.4,17.25,0.0877149208
454.4,17.5,0.0875772933
454.4,17.75,0.0878379553
454.4,18.0,0.0884937863
454.4,18.25,0.0895388105
454.4,18.5,0.0909639864
454.4,18.75,0.0927570245
454.4,19.0,0.0949022387
454.4,19.25,0.0973804393
454.4,19.5,0.1001688745
454.4,19.75,0.1032412252
454.4,20.0,0.1065676604
454.4,20.25,0.1101149547
454.4,20.5,0.1138466737
454.4,20.75,0.1177234256
454.4,21.0,0.1217031818
454.4,21.25,0.1257416617
454.4,21.5,0.1297927805
454.4,21.75,0.1338091525
454.4,22.0,0.1377426437
454.4,22.25,0.1415449649
454.4,22.5,0.1451682941
454.4,22.75,0.1485659176
454.4,23.0,0.1516928762
454.4,23.25,0.1545066047
454.4,23.5,0.1569675495
454.4,23.75,0.1590397527
454.4,24.0,0.1606913878
454.4,24.25,0.1618952367
454.4,24.5,0.1626290951
454.4,24.75,0.162876099
454.4,25.0,0.1626249622
454.4,25.25,0.1618701214
454.4,25.5,0.160611784
454.4,25.75,0.1588558775
454.4,26.0,0.156613903
454.4,26.25,0.1539026948
454.4,26.5,0.1507440929
454.4,26.75,0.1471645355
454.4,27.0,0.143194582
454.4,27.25,0.1388683762
454.4,27.5,0.1342230635
454.4,27.75,0.1292981736
454.4,28.0,0.1241349842
454.4,28.25,0.1187758772
454.4,28.5,0.1132637017
454.4,28.75,0.1076411571
454.4,29.0,0.1019502059
454.4,29.25,0.0962315293
454.4,29.5,0.0905240321
454.4,29.75,0.0848644051
454.4,30.0,0.0792867519
454.4,30.25,0.0738222808
454.4,30.5,0.068499067
454.4,30.75,0.0633418833
454.4,31.0,0.0583720984
454.4,31.25,0.0536076401
454.4,31.5,0.0490630196
454.4,31.75,0.0447494099
454.4,32.0,0.0406747752
454.4,32.25,0.0368440412
454.4,32.5,0.0332593017
454.4,32.75,0.0299200532
454.4,33.0,0.0268234494
454.4,33.25,0.0239645707
454.4,33.5,0.021336699
454.4,33.75,0.0189315953
454.4,34.0,0.0167397707
454.4,34.25,0.0147507489
454.4,34.5,0.012953315
454.4,34.75,0.0113357472
454.4,35.0,0.0098860289
454.45,0.0,0.3774253415
454.45,0.25,0.3792880171
454.45,0.5,0.380794134
454.45,0.75,0.3819393802
454.45,1.0,0.3827204696
454.45,1.25,0.3831351576
454.45,1.5,0.3831822514
454.45,1.75,0.3828616165
454.45,2.0,0.3821741769
454.45,2.25,0.3811219111
454.45,2.5,0.3797078425
454.45,2.75,0.3779360253
454.45,3.0,0.3758115253
454.45,3.25,0.373340396
454.45,3.5,0.3705296505
454.45,3.75,0.3673872285
454.45,4.0,0.3639219598
454.45,4.25,0.3601435238
454.45,4.5,0.3560624053
454.45,4.75,0.3516898475
454.45,5.0,0.3470378015
454.45,5.25,0.3421188747
454.45,5.5,0.3369462755
454.45,5.75,0.3315337576
454.45,6.0,0.3258955627
454.45,6.25,0.3200463624
454.45,6.5,0.3140012004
454.45,6.75,0.3077754339
454.45,7.0,0.3013846772
454.45,7.25,0.2948447452
454.45,7.5,0.2881715993
454.45,7.75,0.2813812958
454.45,8.0,0.2744899364
454.45,8.25,0.2675136221
454.45,8.5,0.2604684116
454.45,8.75,0.2533702823
454.45,9.0,0.2462350972
454.45,9.25,0.2390785757
454.45,9.5,0.2319162704
454.45,9.75,0.2247635484
454.45,10.0,0.2176355788
454.45,10.25,0.2105473254
454.45,10.5,0.2035135451
454.45,10.75,0.1965487917
454.45,11.0,0.1896674246
454.45,11.25,0.1828836222
454.45,11.5,0.176211399
454.45,11.75,0.1696646261
454.45,12.0,0.1632570542
454.45,12.25,0.1570023369
454.45,12.5,0.1509140539
454.45,12.75,0.1450057333
454.45,13.0,0.1392908689
454.45,13.25,0.1337829335
454.45,13.5,0.1284953843
454.45,13.75,0.1234416595
454.45,14.0,0.1186351632
454.45,14.25,0.1140892375
454.45,14.5,0.1098171196
454.45,14.75,0.1058318814
454.45,15.0,0.1021463515
454.45,15.25,0.0987730168
454.45,15.5,0.0957239049
454.45,15.75,0.0930104441
454.45,16.0,0.0906433045
454.45,16.25,0.0886322187
454.45,16.5,0.086985784
454.45,16.75,0.0857112494
454.45,17.0,0.0848142895
454.45,17.25,0.0842987686
454.45,17.5,0.0841665011
454.45,17.75,0.0844170113
454.45,18.0,0.0850473003
454.45,18.25,0.0860516249
454.45,18.5,0.0874212958
454.45,18.75,0.0891445021
454.45,19.0,0.0912061686
454.45,19.25,0.093587853
454.45,19.5,0.0962676896
454.45,19.75,0.0992203843
454.45,20.0,0.1024172678
454.45,20.25,0.105826409
454.45,20.5,0.1094127921
454.45,20.75,0.1131385598
454.45,21.0,0.1169633201
454.45,21.25,0.1208445171
454.45,21.5,0.1247378607
454.45,21.75,0.1285978107
454.45,22.0,0.1323781078
454.45,22.25,0.1360323435
454.45,22.5,0.1395145583
454.45,22.75,0.1427798576
454.45,23.0,0.1457850335
454.45,23.25,0.1484891783
454.45,23.5,0.1508542789
454.45,23.75,0.1528457779
454.45,24.0,0.1544330884
454.45,24.25,0.155590052
454.45,24.5,0.1562953295
454.45,24.75,0.1565327136
454.45,25.0,0.1562913576
454.45,25.25,0.1555659149
454.45,25.5,0.1543565848
454.45,25.75,0.152669064
454.45,26.0,0.1505144056
454.45,26.25,0.1479087883
454.45,26.5,0.1448732015
454.45,26.75,0.1414330539
454.45,27.0,0.1376177145
454.45,27.25,0.1334599975
454.45,27.5,0.1289956015
454.45,27.75,0.1242625167
454.45,28.0,0.1193004133
454.45,28.25,0.1141500225
454.45,28.5,0.1088525247
454.45,28.75,0.1034489561
454.45,29.0,0.0979796451
454.45,29.25,0.0924836886
454.45,29.5,0.086998476
454.45,29.75,0.0815592693
454.45,30.0,0.0761988438
454.45,30.25,0.0709471924
454.45,30.5,0.0658312969
454.45,30.75,0.0608749653
454.45,31.0,0.056098734
454.45,31.25,0.0515198328
454.45,31.5,0.0471522074
454.45,31.75,0.0430065959
454.45,32.0,0.0390906522
454.45,32.25,0.0354091102
454.45,32.5,0.0319639823
454.45,32.75,0.0287547844
454.45,33.0,0.0257787813
454.45,33.25,0.0230312446
454.45,33.5,0.0205057183
454.45,33.75,0.0181942839
454.45,34.0,0.0160878222
454.45,34.25,0.014176265
454.45,34.5,0.0124488342
454.45,34.75,0.0108942643
454.45,35.0,0.0095010068
454.5,0.0,0.3625274111
454.5,0.25,0.3643165623
454.5,0.5,0.3657632289
454.5,0.75,0.3668632693
454.5,1.0,0.3676135272
454.5,1.25,0.3680118464
454.5,1.5,0.3680570813
454.5,1.75,0.3677491026
454.5,2.0,0.3670887981
454.5,2.25,0.3660780678
454.5,2.5,0.3647198161
454.5,2.75,0.363017937
454.5,3.0,0.3609772964
454.5,3.25,0.3586037088
454.5,3.5,0.3559039105
454.5,3.75,0.3528855278
454.5,4.0,0.349557042
454.5,4.25,0.3459277504
454.5,4.5,0.342007724
454.5,4.75,0.337807762
454.5,5.0,0.333339344
454.5,5.25,0.3286145797
454.5,5.5,0.323646156
454.5,5.75,0.3184472838
454.5,6.0,0.3130316427
454.5,6.25,0.3074133251
454.5,6.5,0.3016067808
454.5,6.75,0.2956267611
454.5,7.0,0.2894882637
454.5,7.25,0.2832064793
454.5,7.5,0.2767967393
454.5,7.75,0.2702744662
454.5,8.0,0.2636551261
454.5,8.25,0.2569541846
454.5,8.5,0.2501870663
454.5,8.75,0.2433691181
454.5,9.0,0.2365155767
454.5,9.25,0.2296415412
454.5,9.5,0.2227619502
454.5,9.75,0.2158915642
454.5,10.0,0.2090449535
454.5,10.25,0.2022364913
454.5,10.5,0.195480352
454.5,10.75,0.188790515
454.5,11.0,0.1821807729
454.5,11.25,0.1756647443
454.5,11.5,0.1692558905
454.5,11.75,0.1629675353
454.5,12.0,0.1568128865
454.5,12.25,0.1508050585
454.5,12.5,0.1449570955
454.5,12.75,0.1392819912
454.5,13.0,0.1337927069
454.5,13.25,0.1285021836
454.5,13.5,0.1234233474
454.5,13.75,0.1185691058
454.5,14.0,0.113952334
454.5,14.25,0.1095858475
454.5,14.5,0.1054823609
454.5,14.75,0.1016544301
454.5,15.0,0.0981143773
454.5,15.25,0.0948741967
454.5,15.5,0.0919454409
454.5,15.75,0.0893390872
454.5,16.0,0.0870653846
454.5,16.25,0.0851336814
454.5,16.5,0.0835522356
454.5,16.75,0.0823280102
454.5,17.0,0.0814664555
454.5,17.25,0.0809712836
454.5,17.5,0.080844237
454.5,17.75,0.0810848589
454.5,18.0,0.0816902689
454.5,18.25,0.0826549502
454.5,18.5,0.0839705567
454.5,18.75,0.0856257437
454.5,19.0,0.087606031
454.5,19.25,0.0898937044
454.5,19.5,0.092467761
454.5,19.75,0.0953039054
454.5,20.0,0.0983745999
454.5,20.25,0.1016491737
454.5,20.5,0.1050939932
454.5,20.75,0.1086726954
454.5,21.0,0.1123464828
454.5,21.25,0.1160744791
454.5,21.5,0.1198141426
454.5,21.75,0.1235217307
454.5,22.0,0.1271528099
454.5,22.25,0.1306628037
454.5,22.5,0.1340075667
454.5,22.75,0.1371439765
454.5,23.0,0.1400305304
454.5,23.25,0.1426279358
454.5,23.5,0.14489968
454.5,23.75,0.1468125695
454.5,24.0,0.1483372248
454.5,24.25,0.1494485202
454.5,24.5,0.1501259586
454.5,24.75,0.1503539725
454.5,25.0,0.1501221434
454.5,25.25,0.1494253358
454.5,25.5,0.148263741
454.5,25.75,0.1466428309
454.5,26.0,0.1445732223
454.5,26.25,0.1420704553
454.5,26.5,0.1391546908
454.5,26.75,0.1358503345
454.5,27.0,0.1321855962
454.5,27.25,0.1281919947
454.5,27.5,0.1239038196
454.5,27.75,0.1193575617
454.5,28.0,0.1145913251
454.5,28.25,0.1096442332
454.5,28.5,0.1045558409
454.5,28.75,0.0993655648
454.5,29.0,0.0941121414
454.5,29.25,0.0888331241
454.5,29.5,0.0835644267
454.5,29.75,0.0783399192
454.5,30.0,0.0731910832
454.5,30.25,0.0681467277
454.5,30.5,0.0632327696
454.5,30.75,0.0584720768
454.5,31.0,0.0538843755
454.5,31.25,0.049486215
454.5,31.5,0.0452909908
454.5,31.75,0.0413090171
454.5,32.0,0.0375476455
454.5,32.25,0.0340114233
454.5,32.5,0.0307022833
454.5,32.75,0.0276197606
454.5,33.0,0.0247612277
454.5,33.25,0.0221221433
454.5,33.5,0.0196963058
454.5,33.75,0.0174761096
454.5,34.0,0.0154527953
454.5,34.25,0.0136166921
454.5,34.5,0.0119574473
454.5,34.75,0.0104642402
454.5,35.0,0.0091259781
454.55,0.0,0.3480267939
454.55,0.25,0.3497443813
454.55,0.5,0.3511331832
454.55,0.75,0.3521892235
454.55,1.0,0.352909472
454.55,1.25,0.3532918589
454.55,1.5,0.3533352845
454.55,1.75,0.3530396246
454.55,2.0,0.3524057313
454.55,2.25,0.351435429
454.55,2.5,0.3501315055
454.55,2.75,0.3484976994
454.55,3.0,0.3465386816
454.55,3.25,0.3442600344
454.55,3.5,0.3416682245
454.55,3.75,0.3387705731
454.55,4.0,0.3355752223
454.55,4.25,0.3320910976
454.55,4.5,0.3283278671
454.55,4.75,0.324295898
454.55,5.0,0.3200062109
454.55,5.25,0.3154704308
454.55,5.5,0.3107007375
454.55,5.75,0.3057098134
454.55,6.0,0.3005107907
454.55,6.25,0.2951171984
454.55,6.5,0.2895429083
454.55,6.75,0.2838020814
454.55,7.0,0.2779091158
454.55,7.25,0.2718785945
454.55,7.5,0.2657252356
454.55,7.75,0.2594638448
454.55,8.0,0.2531092696
454.55,8.25,0.2466763569
454.55,8.5,0.2401799144
454.55,8.75,0.2336346751
454.55,9.0,0.2270552663
454.55,9.25,0.2204561831
454.55,9.5,0.2138517666
454.55,9.75,0.207256187
454.55,10.0,0.2006834317
454.55,10.25,0.1941472989
454.55,10.5,0.1876613963
454.55,10.75,0.181239144
454.55,11.0,0.1748937828
454.55,11.25,0.1686383867
454.55,11.5,0.1624858786
454.55,11.75,0.1564490493
454.55,12.0,0.1505405783
454.55,12.25,0.1447730555
454.55,12.5,0.1391590033
454.55,12.75,0.1337108956
454.55,13.0,0.1284411755
454.55,13.25,0.1233622661
454.55,13.5,0.1184865766
454.55,13.75,0.1138264983
454.55,14.0,0.1093943913
454.55,14.25,0.1052025585
454.55,14.5,0.1012632059
454.55,14.75,0.0975883872
454.55,15.0,0.0941899319
454.55,15.25,0.0910793542
454.55,15.5,0.0882677448
454.55,15.75,0.0857656418
454.55,16.0,0.0835828843
454.55,16.25,0.0817284467
454.55,16.5,0.0802102566
454.55,16.75,0.0790349986
454.55,17.0,0.078207905
454.55,17.25,0.0777325393
454.55,17.5,0.0776105744
454.55,17.75,0.0778415718
454.55,18.0,0.0784227661
454.55,18.25,0.0793488614
454.55,18.5,0.0806118455
454.55,18.75,0.0822008272
454.55,19.0,0.0841019056
454.55,19.25,0.086298075
454.55,19.5,0.0887691728
454.55,19.75,0.0914918752
454.55,20.0,0.094439746
454.55,20.25,0.0975833411
454.55,20.5,0.1008903724
454.55,20.75,0.1043259313
454.55,21.0,0.107852772
454.55,21.25,0.1114316534
454.55,21.5,0.1150217353
454.55,21.75,0.1185810247
454.55,22.0,0.1220668656
454.55,22.25,0.1254364643
454.55,22.5,0.1286474412
454.55,22.75,0.1316583987
454.55,23.0,0.1344294943
454.55,23.25,0.1369230069
454.55,23.5,0.1391038843
454.55,23.75,0.1409402608
454.55,24.0,0.1424039319
454.55,24.25,0.1434707769
454.55,24.5,0.1441211187
454.55,24.75,0.1443400123
454.55,25.0,0.1441174561
454.55,25.25,0.1434485199
454.55,25.5,0.1423333874
454.55,25.75,0.1407773115
454.55,26.0,0.1387904845
454.55,26.25,0.1363878249
454.55,26.5,0.1335886871
454.55,26.75,0.1304165006
454.55,27.0,0.126898347
454.55,27.25,0.1230644844
454.55,27.5,0.1189478306
454.55,27.75,0.114583417
454.55,28.0,0.1100078235
454.55,28.25,0.1052586088
454.55,28.5,0.1003737455
454.55,28.75,0.0953910735
454.55,29.0,0.0903477801
454.55,29.25,0.0852799166
454.55,29.5,0.08022196
454.55,29.75,0.075206426
454.55,30.0,0.0702635366
454.55,30.25,0.0654209487
454.55,30.5,0.0607035424
454.55,30.75,0.0561332711
454.55,31.0,0.0517290717
454.55,31.25,0.0475068318
454.55,31.5,0.043479411
454.55,31.75,0.039656711
454.55,32.0,0.0360457894
454.55,32.25,0.0326510114
454.55,32.5,0.0294742326
454.55,32.75,0.0265150066
454.55,33.0,0.0237708114
454.55,33.25,0.0212372868
454.55,33.5,0.0189084796
454.55,33.75,0.0167770883
454.55,34.0,0.0148347039
454.55,34.25,0.0130720424
454.55,34.5,0.0114791652
454.55,34.75,0.0100456844
454.55,35.0,0.0087609511
454.6,0.0,0.3339231662
454.6,0.25,0.3355711492
454.6,0.5,0.3369036705
454.6,0.75,0.3379169153
454.6,1.0,0.3386079761
454.6,1.25,0.3389748669
454.6,1.5,0.3390165327
454.6,1.75,0.3387328543
454.6,2.0,0.3381246493
454.6,2.25,0.337193668
454.6,2.5,0.3359425854
454.6,2.75,0.3343749885
454.6,3.0,0.3324953591
454.6,3.25,0.330309053
454.6,3.5,0.327822275
454.6,3.75,0.3250420496
454.6,4.0,0.321976189
454.6,4.25,0.3186332568
454.6,4.5,0.3150225295
454.6,4.75,0.3111539541
454.6,5.0,0.3070381046
454.6,5.25,0.302686135
454.6,5.5,0.2981097314
454.6,5.75,0.2933210621
454.6,6.0,0.2883327275
454.6,6.25,0.2831577081
454.6,6.5,0.2778093135
454.6,6.75,0.2723011311
454.6,7.0,0.2666469752
454.6,7.25,0.260860838
454.6,7.5,0.2549568412
454.6,7.75,0.2489491904
454.6,8.0,0.2428521315
454.6,8.25,0.2366799096
454.6,8.5,0.2304467325
454.6,8.75,0.224166736
454.6,9.0,0.2178539548
454.6,9.25,0.2115222965
454.6,9.5,0.205185521
454.6,9.75,0.1988572242
454.6,10.0,0.1925508268
454.6,10.25,0.1862795679
454.6,10.5,0.1800565035
454.6,10.75,0.17389451
454.6,11.0,0.1678062917
454.6,11.25,0.1618043927
454.6,11.5,0.1559012122
454.6,11.75,0.1501090227
454.6,12.0,0.1444399898
454.6,12.25,0.1389061933
454.6,12.5,0.1335196479
454.6,12.75,0.1282923223
454.6,13.0,0.1232361552
454.6,13.25,0.1183630663
454.6,13.5,0.1136849619
454.6,13.75,0.1092137312
454.6,14.0,0.1049612333
454.6,14.25,0.1009392726
454.6,14.5,0.0971595605
454.6,14.75,0.0936336622
454.6,15.0,0.0903729277
454.6,15.25,0.0873884048
454.6,15.5,0.0846907345
454.6,15.75,0.0822900282
454.6,16.0,0.0801957259
454.6,16.25,0.0784164385
454.6,16.5,0.0769597724
454.6,16.75,0.0758321412
454.6,17.0,0.0750385652
454.6,17.25,0.0745824634
454.6,17.5,0.0744654411
454.6,17.75,0.0746870774
454.6,18.0,0.0752447191
454.6,18.25,0.0761332849
454.6,18.5,0.0773450871
454.6,18.75,0.078869676
454.6,19.0,0.0806937141
454.6,19.25,0.0828008848
454.6,19.5,0.0851718424
454.6,19.75,0.0877842085
454.6,20.0,0.0906126182
454.6,20.25,0.0936288205
454.6,20.5,0.0968018359
454.6,20.75,0.1000981703
454.6,21.0,0.1034820874
454.6,21.25,0.1069159363
454.6,21.5,0.1103605318
454.6,21.75,0.1137755826
454.6,22.0,0.1171201614
454.6,22.25,0.1203532086
454.6,22.5,0.1234340621
454.6,22.75,0.1263230019
454.6,23.0,0.1289818002
454.6,23.25,0.1313742643
454.6,23.5,0.1334667626
454.6,23.75,0.1352287208
454.6,24.0,0.1366330773
454.6,24.25,0.1376566889
454.6,24.5,0.1382806759
454.6,24.75,0.1384906989
454.6,25.0,0.1382771617
454.6,25.25,0.1376353338
454.6,25.5,0.1365653915
454.6,25.75,0.1350723749
454.6,26.0,0.1331660632
454.6,26.25,0.1308607703
454.6,26.5,0.1281750663
454.6,26.75,0.1251314312
454.6,27.0,0.1217558492
454.6,27.25,0.1180773521
454.6,27.5,0.1141275239
454.6,27.75,0.1099399761
454.6,28.0,0.1055498065
454.6,28.25,0.1009930515
454.6,28.5,0.0963061451
454.6,28.75,0.0915253936
454.6,29.0,0.0866864774
454.6,29.25,0.0818239867
454.6,29.5,0.0769710016
454.6,29.75,0.0721587198
454.6,30.0,0.0674161387
454.6,30.25,0.0627697945
454.6,30.5,0.0582435589
454.6,30.75,0.0538584958
454.6,31.0,0.0496327745
454.6,31.25,0.045581639
454.6,31.5,0.0417174276
454.6,31.75,0.0380496408
454.6,32.0,0.0345850501
454.6,32.25,0.031327844
454.6,32.5,0.0282798027
454.6,32.75,0.0254404981
454.6,33.0,0.02280751
454.6,33.25,0.0203766554
454.6,33.5,0.0181422221
454.6,33.75,0.0160972045
454.6,34.0,0.0142335343
454.6,34.25,0.0125423038
454.6,34.5,0.0110139772
454.6,34.75,0.0096385876
454.6,35.0,0.0084059175
454.65,0.0,0.3202155786
454.65,0.25,0.3217959117
454.65,0.5,0.3230737328
454.65,0.75,0.3240453837
454.65,1.0,0.3247080764
454.65,1.25,0.3250599064
454.65,1.5,0.3250998618
454.65,1.75,0.3248278284
454.65,2.0,0.3242445902
454.65,2.25,0.3233518258
454.65,2.5,0.3221521004
454.65,2.75,0.3206488535
454.65,3.0,0.3188463831
454.65,3.25,0.3167498252
454.65,3.5,0.3143651297
454.65,3.75,0.3116990329
454.65,4.0,0.3087590263
454.65,4.25,0.3055533219
454.65,4.5,0.3020908153
454.65,4.75,0.2983810455
454.65,5.0,0.2944341521
454.65,5.25,0.2902608314
454.65,5.5,0.2858722897
454.65,5.75,0.281280196
454.65,6.0,0.2764966331
454.65,6.25,0.2715340489
454.65,6.5,0.2664052065
454.65,6.75,0.2611231357
454.65,7.0,0.2557010836
454.65,7.25,0.2501524681
454.65,7.5,0.2444908311
454.65,7.75,0.2387297951
454.65,8.0,0.2328830212
454.65,8.25,0.2269641698
454.65,8.5,0.2209868654
454.65,8.75,0.2149646636
454.65,9.0,0.2089110228
454.65,9.25,0.2028392798
454.65,9.5,0.1967626297
454.65,9.75,0.1906941103
454.65,10.0,0.1846465913
454.65,10.25,0.1786327684
454.65,10.5,0.1726651616
454.65,10.75,0.1667561187
454.65,11.0,0.1609178225
454.65,11.25,0.1551623022
454.65,11.5,0.149501448
454.65,11.75,0.1439470286
454.65,12.0,0.1385107102
454.65,12.25,0.1332040767
454.65,12.5,0.1280386497
454.65,12.75,0.1230259065
454.65,13.0,0.1181772957
454.65,13.25,0.1135042477
454.65,13.5,0.1090181801
454.65,13.75,0.1047304939
454.65,14.0,0.1006525616
454.65,14.25,0.0967957029
454.65,14.5,0.0931711484
454.65,14.75,0.0897899887
454.65,15.0,0.0866631077
454.65,15.25,0.0838010999
454.65,15.5,0.0812141693
454.65,15.75,0.0789120122
454.65,16.0,0.0769036814
454.65,16.25,0.075197434
454.65,16.5,0.0738005642
454.65,16.75,0.0727192223
454.65,17.0,0.0719582227
454.65,17.25,0.071520844
454.65,17.5,0.0714086255
454.65,17.75,0.0716211636
454.65,18.0,0.072155914
454.65,18.25,0.0730080041
454.65,18.5,0.0741700616
454.65,18.75,0.075632066
454.65,19.0,0.0773812271
454.65,19.25,0.0794018981
454.65,19.5,0.0816755277
454.65,19.75,0.0841806558
454.65,20.0,0.0868929589
454.65,20.25,0.0897853458
454.65,20.5,0.0928281085
454.65,20.75,0.0959891279
454.65,21.0,0.0992341348
454.65,21.25,0.1025270238
454.65,21.5,0.1058302182
454.65,21.75,0.1091050807
454.65,22.0,0.1123123641
454.65,22.25,0.1154126944
454.65,22.5,0.1183670785
454.65,22.75,0.1211374269
454.65,23.0,0.1236870812
454.65,23.25,0.1259813343
454.65,23.5,0.1279879354
454.65,23.75,0.1296775649
454.65,24.0,0.1310242724
454.65,24.25,0.1320058646
454.65,24.5,0.1326042369
454.65,24.75,0.1328056385
454.65,25.0,0.132600867
454.65,25.25,0.1319853862
454.65,25.5,0.1309593652
454.65,25.75,0.1295276371
454.65,26.0,0.1276995797
454.65,26.25,0.1254889193
454.65,26.5,0.1229134638
454.65,26.75,0.1199947704
454.65,27.0,0.1167577564
454.65,27.25,0.1132302621
454.65,27.5,0.1094425748
454.65,27.75,0.1054269264
454.65,28.0,0.1012169738
454.65,28.25,0.0968472741
454.65,28.5,0.0923527658
454.65,28.75,0.0877682648
454.65,29.0,0.0831279867
454.65,29.25,0.0784651018
454.65,29.5,0.0738113324
454.65,29.75,0.0691965953
454.65,30.0,0.0646486978
454.65,30.25,0.0601930866
454.65,30.5,0.0558526535
454.65,30.75,0.0516475978
454.65,31.0,0.047595343
454.65,31.25,0.0437105071
454.65,31.5,0.040004922
454.65,31.75,0.0364876983
454.65,32.0,0.0331653295
454.65,32.25,0.0300418321
454.65,32.5,0.0271189133
454.65,32.75,0.0243961624
454.65,33.0,0.0218712589
454.65,33.25,0.0195401911
454.65,33.5,0.0173974816
454.65,33.75,0.0154364122
454.65,34.0,0.0136492459
454.65,34.25,0.0120274407
454.65,34.5,0.0105618521
454.65,34.75,0.0092429224
454.65,35.0,0.0080608536
454.7,0.0,0.3069024827
454.7,0.25,0.3084171128
454.7,0.5,0.309641808
454.7,0.75,0.3105730621
454.7,1.0,0.311208203
454.7,1.25,0.3115454055
454.7,1.5,0.3115836997
454.7,1.75,0.3113229763
454.7,2.0,0.3107639865
454.7,2.25,0.3099083392
454.7,2.5,0.3087584928
454.7,2.75,0.307317744
454.7,3.0,0.3055902121
454.7,3.25,0.3035808194
454.7,3.5,0.3012952686
454.7,3.75,0.2987400159
454.7,4.0,0.2959222413
454.7,4.25,0.2928498154
454.7,4.5,0.289531264
454.7,4.75,0.2859757294
454.7,5.0,0.2821929298
454.7,5.25,0.2781931166
454.7,5.5,0.2739870303
454.7,5.75,0.2695858548
454.7,6.0,0.2650011705
454.7,6.25,0.2602449078
454.7,6.5,0.2553292992
454.7,6.75,0.2502668327
454.7,7.0,0.2450702047
454.7,7.25,0.2397522751
454.7,7.5,0.2343260231
454.7,7.75,0.2288045046
454.7,8.0,0.2232008127
454.7,8.25,0.21752804
454.7,8.5,0.2117992445
454.7,8.75,0.2060274182
454.7,9.0,0.2002254601
454.7,9.25,0.1944061524
454.7,9.5,0.1885821416
454.7,9.75,0.1827659234
454.7,10.0,0.1769698325
454.7,10.25,0.1712060367
454.7,10.5,0.1654865357
454.7,10.75,0.1598231637
454.7,11.0,0.1542275971
454.7,11.25,0.1487113649
454.7,11.5,0.1432858631
454.7,11.75,0.137962371
454.7,12.0,0.1327520698
454.7,12.25,0.1276660618
454.7,12.5,0.1227153896
454.7,12.75,0.1179110533
454.7,13.0,0.1132640254
454.7,13.25,0.1087852614
454.7,13.5,0.1044857039
454.7,13.75,0.1003762801
454.7,14.0,0.0964678895
454.7,14.25,0.0927713813
454.7,14.5,0.0892975191
454.7,14.75,0.0860569325
454.7,15.0,0.083060053
454.7,15.25,0.0803170343
454.7,15.5,0.0778376564
454.7,15.75,0.0756312125
454.7,16.0,0.0737063788
454.7,16.25,0.0720710694
454.7,16.5,0.070732275
454.7,16.75,0.0696958904
454.7,17.0,0.0689665297
454.7,17.25,0.0685473352
454.7,17.5,0.0684397822
454.7,17.75,0.0686434839
454.7,18.0,0.0691560019
454.7,18.25,0.0699726659
454.7,18.5,0.0710864104
454.7,18.75,0.0724876314
454.7,19.0,0.0741640704
454.7,19.25,0.0761007312
454.7,19.5,0.0782798336
454.7,19.75,0.08068081
454.7,20.0,0.083280348
454.7,20.25,0.0860524827
454.7,20.5,0.0889687412
454.7,20.75,0.09199834
454.7,21.0,0.0951084344
454.7,21.25,0.0982644201
454.7,21.5,0.1014302828
454.7,21.75,0.1045689916
454.7,22.0,0.1076429309
454.7,22.25,0.1106143636
454.7,22.5,0.1134459179
454.7,22.75,0.116101088
454.7,23.0,0.1185447393
454.7,23.25,0.1207436079
454.7,23.5,0.1226667837
454.7,23.75,0.1242861662
454.7,24.0,0.1255768838
454.7,24.25,0.1265176659
454.7,24.5,0.1270911605
454.7,24.75,0.1272841888
454.7,25.0,0.1270879308
454.7,25.25,0.1264980389
454.7,25.5,0.1255146751
454.7,25.75,0.1241424717
454.7,26.0,0.1223904165
454.7,26.25,0.1202716653
454.7,26.5,0.1178032854
454.7,26.75,0.1150059379
454.7,27.0,0.1119035041
454.7,27.25,0.1085226668
454.7,27.5,0.1048924542
454.7,27.75,0.1010437581
454.7,28.0,0.097008836
454.7,28.25,0.0928208084
454.7,28.5,0.0885131611
454.7,28.75,0.0841192627
454.7,29.0,0.079671906
454.7,29.25,0.0752028826
454.7,29.5,0.0707425955
454.7,29.75,0.0663197181
454.7,30.0,0.0619609013
454.7,30.25,0.057690534
454.7,30.5,0.0535305562
454.7,30.75,0.0495003274
454.7,31.0,0.0456165468
454.7,31.25,0.0418932246
454.7,31.5,0.0383417008
454.7,31.75,0.034970707
454.7,32.0,0.0317864671
454.7,32.25,0.0287928304
454.7,32.5,0.0259914332
454.7,32.75,0.0233818818
454.7,33.0,0.0209619522
454.7,33.25,0.0187277996
454.7,33.5,0.0166741741
454.7,33.75,0.0147946369
454.7,34.0,0.0130817728
454.7,34.25,0.0115273948
454.7,34.5,0.0101227387
454.7,34.75,0.0088586441
454.7,35.0,0.0077257202
454.75,0.0,0.2939817594
454.75,0.25,0.2954326229
454.75,0.5,0.2966057579
454.75,0.75,0.2974978058
454.75,1.0,0.2981062071
454.75,1.25,0.2984292132
454.75,1.5,0.2984658952
454.75,1.75,0.2982161483
454.75,2.0,0.2976806922
454.75,2.25,0.296861068
454.75,2.5,0.2957596307
454.75,2.75,0.294379538
454.75,3.0,0.2927247359
454.75,3.25,0.2907999395
454.75,3.5,0.2886106114
454.75,3.75,0.2861629359
454.75,4.0,0.2834637907
454.75,4.25,0.2805207153
454.75,4.5,0.2773418763
454.75,4.75,0.2739360312
454.75,5.0,0.270312489
454.75,5.25,0.2664810696
454.75,5.5,0.2624520614
454.75,5.75,0.2582361772
454.75,6.0,0.25384451
454.75,6.25,0.249288488
454.75,6.5,0.2445798286
454.75,6.75,0.239730494
454.75,7.0,0.2347526462
454.75,7.25,0.2296586037
454.75,7.5,0.2244607992
454.75,7.75,0.2191717389
454.75,8.0,0.2138039648
454.75,8.25,0.2083700183
454.75,8.5,0.2028824074
454.75,8.75,0.1973535775
454.75,9.0,0.1917958842
454.75,9.25,0.1862215718
454.75,9.5,0.1806427543
454.75,9.75,0.1750714013
454.75,10.0,0.1695193283
454.75,10.25,0.1639981907
454.75,10.5,0.1585194831
454.75,10.75,0.1530945414
454.75,11.0,0.1477345505
454.75,11.25,0.1424505541
454.75,11.5,0.1372534682
454.75,11.75,0.1321540973
454.75,12.0,0.1271631519
454.75,12.25,0.122291267
454.75,12.5,0.1175490202
454.75,12.75,0.1129469484
454.75,13.0,0.1084955624
454.75,13.25,0.1042053562
454.75,13.5,0.1000868119
454.75,13.75,0.0961503965
454.75,14.0,0.0924065508
454.75,14.25,0.0888656672
454.75,14.5,0.0855380561
454.75,14.75,0.0824338996
454.75,15.0,0.0795631899
454.75,15.25,0.0769356534
454.75,15.5,0.0745606584
454.75,15.75,0.0724471067
454.75,16.0,0.0706033094
454.75,16.25,0.0690368471
454.75,16.5,0.0677544166
454.75,16.75,0.0667616642
454.75,17.0,0.0660630098
454.75,17.25,0.0656614636
454.75,17.5,0.0655584386
454.75,17.75,0.0657535644
454.75,18.0,0.0662445052
454.75,18.25,0.0670267873
454.75,18.5,0.0680936427
454.75,18.75,0.0694358717
454.75,19.0,0.0710417319
454.75,19.25,0.0728968585
454.75,19.5,0.0749842198
454.75,19.75,0.0772841141
454.75,20.0,0.0797742104
454.75,20.25,0.082429637
454.75,20.5,0.0852231199
454.75,20.75,0.0881251713
454.75,21.0,0.0911043294
454.75,21.25,0.0941274468
454.75,21.5,0.0971600253
454.75,21.75,0.1001665932
454.75,22.0,0.1031111183
454.75,22.25,0.1059574525
454.75,22.5,0.1086697972
454.75,22.75,0.1112131835
454.75,23.0,0.113553956
454.75,23.25,0.1156602514
454.75,23.5,0.1175024606
454.75,23.75,0.1190536664
454.75,24.0,0.1202900442
454.75,24.25,0.1211912191
454.75,24.5,0.1217405694
454.75,24.75,0.121925471
454.75,25.0,0.1217374755
454.75,25.25,0.1211724183
454.75,25.5,0.1202304546
454.75,25.75,0.1189160215
454.75,26.0,0.1172377287
454.75,26.25,0.1152081777
454.75,26.5,0.1128437177
454.75,26.75,0.1101641396
454.75,27.0,0.1071923196
454.75,27.25,0.103953817
454.75,27.5,0.1004764379
454.75,27.75,0.0967897734
454.75,28.0,0.0929247233
454.75,28.25,0.0889130134
454.75,28.5,0.0847867199
454.75,28.75,0.0805778064
454.75,29.0,0.0763176854
454.75,29.25,0.0720368097
454.75,29.5,0.0677643026
454.75,29.75,0.0635276301
454.75,30.0,0.0593523214
454.75,30.25,0.0552617383
454.75,30.5,0.0512768973
454.75,30.75,0.0474163429
454.75,31.0,0.043696071
454.75,31.25,0.0401295022
454.75,31.5,0.0367274991
454.75,31.75,0.0334984256
454.75,32.0,0.0304482435
454.75,32.25,0.0275806402
454.75,32.5,0.0248971829
454.75,32.75,0.0223974948
454.75,33.0,0.0200794452
454.75,33.25,0.0179393513
454.75,33.5,0.0159721843
454.75,33.75,0.0141717765
454.75,34.0,0.0125310247
454.75,34.25,0.0110420867
454.75,34.5,0.0096965672
454.75,34.75,0.0084856914
454.75,35.0,0.0074004641
454.8,0.0,0.281450747
454.8,0.25,0.2828397673
454.8,0.5,0.2839628972
454.8,0.75,0.2848169215
454.8,1.0,0.2853993896
454.8,1.25,0.2857086275
454.8,1.5,0.285743746
454.8,1.75,0.2855046446
454.8,2.0,0.2849920124
454.8,2.25,0.2842073247
454.8,2.5,0.2831528363
454.8,2.75,0.2818315703
454.8,3.0,0.2802473043
454.8,3.25,0.2784045527
454.8,3.5,0.2763085449
454.8,3.75,0.2739652019
454.8,4.0,0.2713811082
454.8,4.25,0.2685634817
454.8,4.5,0.2655201412
454.8,4.75,0.2622594707
454.8,5.0,0.2587903825
454.8,5.25,0.2551222779
454.8,5.5,0.2512650067
454.8,5.75,0.2472288251
454.8,6.0,0.2430243534
454.8,6.25,0.2386625324
454.8,6.5,0.2341545802
454.8,6.75,0.2295119492
454.8,7.0,0.2247462828
454.8,7.25,0.2198693746
454.8,7.5,0.2148931272
454.8,7.75,0.2098295138
454.8,8.0,0.2046905418
454.8,8.25,0.199488218
454.8,8.5,0.1942345173
454.8,8.75,0.1889413545
454.8,9.0,0.1836205586
454.8,9.25,0.178283852
454.8,9.5,0.1729428324
454.8,9.75,0.1676089591
454.8,10.0,0.1622935439
454.8,10.25,0.1570077456
454.8,10.5,0.1517625686
454.8,10.75,0.1465688658
454.8,11.0,0.1414373453
454.8,11.25,0.1363785799
454.8,11.5,0.1314030205
454.8,11.75,0.126521011
454.8,12.0,0.1217428053
454.8,12.25,0.1170785852
454.8,12.5,0.1125384772
454.8,12.75,0.1081325694
454.8,13.0,0.1038709244
454.8,13.25,0.0997635888
454.8,13.5,0.095820598
454.8,13.75,0.0920519729
454.8,14.0,0.0884677091
454.8,14.25,0.0850777561
454.8,14.5,0.0818919849
454.8,14.75,0.0789201434
454.8,15.0,0.0761717981
454.8,15.25,0.0736562608
454.8,15.5,0.0713825003
454.8,15.75,0.069359039
454.8,16.0,0.0675938337
454.8,16.25,0.0660941421
454.8,16.5,0.0648663754
454.8,16.75,0.0639159392
454.8,17.0,0.0632470651
454.8,17.25,0.0628626348
454.8,17.5,0.0627640013
454.8,17.75,0.0629508098
454.8,18.0,0.0634208242
454.8,18.25,0.0641697614
454.8,18.5,0.065191142
454.8,18.75,0.0664761582
454.8,19.0,0.0680135684
454.8,19.25,0.06978962
454.8,19.5,0.0717880072
454.8,19.75,0.0739898682
454.8,20.0,0.0763738238
454.8,20.25,0.0789160626
454.8,20.5,0.0815904729
454.8,20.75,0.0843688239
454.8,21.0,0.087220995
454.8,21.25,0.0901152516
454.8,21.5,0.0930185661
454.8,21.75,0.0958969786
454.8,22.0,0.0987159929
454.8,22.25,0.1014410017
454.8,22.5,0.1040377323
454.8,22.75,0.1064727065
454.8,23.0,0.1087137033
454.8,23.25,0.1107302175
454.8,23.5,0.1124939023
454.8,23.75,0.1139789878
454.8,24.0,0.1151626648
454.8,24.25,0.1160254269
454.8,24.5,0.1165513611
454.8,24.75,0.1167283813
454.8,25.0,0.1165483991
454.8,25.25,0.1160074276
454.8,25.5,0.1151056152
454.8,25.75,0.11384721
454.8,26.0,0.1122404546
454.8,26.25,0.1102974135
454.8,26.5,0.1080337389
454.8,26.75,0.1054683782
454.8,27.0,0.1026232325
454.8,27.25,0.0995227714
454.8,27.5,0.0961936161
454.8,27.75,0.0926640962
454.8,28.0,0.0889637943
454.8,28.25,0.0851230842
454.8,28.5,0.0811726745
454.8,28.75,0.0771431665
454.8,29.0,0.0730646337
454.8,29.25,0.0689662309
454.8,29.5,0.06487584
454.8,29.75,0.0608197563
454.8,30.0,0.0568224206
454.8,30.25,0.0529061992
454.8,30.5,0.0490912126
454.8,30.75,0.0453952148
454.8,31.0,0.0418335201
454.8,31.25,0.0384189767
454.8,31.5,0.0351619844
454.8,31.75,0.0320705507
454.8,32.0,0.029150383
454.8,32.25,0.0264050116
454.8,32.5,0.0238359371
454.8,32.75,0.0214427985
454.8,33.0,0.0192235562
454.8,33.25,0.0171746841
454.8,33.5,0.0152913678
454.8,33.75,0.0135677026
454.8,34.0,0.0119968881
454.8,34.25,0.0105714162
454.8,34.5,0.0092832497
454.8,34.75,0.0081239877
454.8,35.0,0.0070850184
454.85,0.0,0.2693062699
454.85,0.25,0.2706353546
454.85,0.5,0.271710022
454.85,0.75,0.2725271955
454.85,1.0,0.2730845303
454.85,1.25,0.2733804247
454.85,1.5,0.2734140279
454.85,1.75,0.2731852436
454.85,2.0,0.2726947312
454.85,2.25,0.2719439025
454.85,2.5,0.2709349148
454.85,2.75,0.2696706609
454.85,3.0,0.2681547553
454.85,3.25,0.2663915175
454.85,3.5,0.2643859516
454.85,3.75,0.2621437229
454.85,4.0,0.2596711317
454.85,4.25,0.2569750846
454.85,4.5,0.2540630628
454.85,4.75,0.2509430888
454.85,5.0,0.2476236903
454.85,5.25,0.2441138628
454.85,5.5,0.2404230311
454.85,5.75,0.236561009
454.85,6.0,0.2325379584
454.85,6.25,0.2283643481
454.85,6.5,0.2240509121
454.85,6.75,0.2196086086
454.85,7.0,0.2150485787
454.85,7.25,0.2103821069
454.85,7.5,0.2056205824
454.85,7.75,0.2007754617
454.85,8.0,0.1958582341
454.85,8.25,0.1908803883
454.85,8.5,0.1858533825
454.85,8.75,0.1807886174
454.85,9.0,0.1756974115
454.85,9.25,0.1705909815
454.85,9.5,0.1654804245
454.85,9.75,0.1603767055
454.85,10.0,0.1552906482
454.85,10.25,0.1502329298
454.85,10.5,0.1452140799
454.85,10.75,0.1402444832
454.85,11.0,0.1353343855
454.85,11.25,0.1304939036
454.85,11.5,0.1257330374
454.85,11.75,0.1210616845
454.85,12.0,0.1164896563
454.85,12.25,0.1120266952
454.85,12.5,0.107682491
454.85,12.75,0.1034666962
454.85,13.0,0.0993889392
454.85,13.25,0.0954588334
454.85,13.5,0.0916859809
454.85,13.75,0.0880799703
454.85,14.0,0.084650366
454.85,14.25,0.081406688
454.85,14.5,0.0783583814
454.85,14.75,0.0755147736
454.85,15.0,0.0728850182
454.85,15.25,0.0704780252
454.85,15.5,0.0683023765
454.85,15.75,0.0663662267
454.85,16.0,0.0646771893
454.85,16.25,0.0632422087
454.85,16.5,0.0620674195
454.85,16.75,0.0611579943
454.85,17.0,0.0605179818
454.85,17.25,0.0601501395
454.85,17.5,0.060055762
454.85,17.75,0.0602345098
454.85,18.0,0.0606842432
454.85,18.25,0.0614008642
454.85,18.5,0.0623781726
454.85,18.75,0.0636077409
454.85,19.0,0.0650788126
454.85,19.25,0.0667782283
454.85,19.5,0.068690386
454.85,19.75,0.0707972377
454.85,20.0,0.0730783266
454.85,20.25,0.0755108689
454.85,20.5,0.0780698795
454.85,20.75,0.0807283459
454.85,21.0,0.0834574471
454.85,21.25,0.0862268178
454.85,21.5,0.0890048555
454.85,21.75,0.0917590657
454.85,22.0,0.0944564408
454.85,22.25,0.0970638667
454.85,22.5,0.0995485495
454.85,22.75,0.1018784556
454.85,23.0,0.1040227543
454.85,23.25,0.1059522568
454.85,23.5,0.1076398395
454.85,23.75,0.1090608441
454.85,24.0,0.110193446
454.85,24.25,0.1110189803
454.85,24.5,0.1115222206
454.85,24.75,0.1116916025
454.85,25.0,0.1115193865
454.85,25.25,0.1110017576
454.85,25.5,0.110138858
454.85,25.75,0.1089347525
454.85,26.0,0.1073973279
454.85,26.25,0.1055381282
454.85,26.5,0.1033721301
454.85,26.75,0.1009174637
454.85,27.0,0.0981950847
454.85,27.25,0.0952284072
454.85,27.5,0.0920429034
454.85,27.75,0.0886656808
454.85,28.0,0.0851250454
454.85,28.25,0.0814500602
454.85,28.5,0.0776701089
454.85,28.75,0.0738144725
454.85,29.0,0.0699119266
454.85,29.25,0.0659903681
454.85,29.5,0.0620764757
454.85,29.75,0.0581954103
454.85,30.0,0.0543705579
454.85,30.25,0.0506233198
454.85,30.5,0.0469729482
454.85,30.75,0.0434364311
454.85,31.0,0.0400284219
454.85,31.25,0.0367612146
454.85,31.5,0.0336447601
454.85,31.75,0.0306867204
454.85,32.0,0.0278925567
454.85,32.25,0.0252656469
454.85,32.5,0.0228074268
454.85,32.75,0.0205175511
454.85,33.0,0.0183940681
454.85,33.25,0.0164336039
454.85,33.5,0.014631552
454.85,33.75,0.0129822622
454.85,34.0,0.0114792276
454.85,34.25,0.0101152642
454.85,34.5,0.0088826815
454.85,34.75,0.0077734411
454.85,35.0,0.0067793029
454.9,0.0,0.2575446672
454.9,0.25,0.2588157058
454.9,0.5,0.2598434385
454.9,0.75,0.260624923
454.9,1.0,0.2611579169
454.9,1.25,0.2614408886
454.9,1.5,0.2614730241
454.9,1.75,0.2612542317
454.9,2.0,0.2607851418
454.9,2.25,0.2600671046
454.9,2.5,0.2591021831
454.9,2.75,0.2578931438
454.9,3.0,0.2564434435
454.9,3.25,0.2547572128
454.9,3.5,0.2528392374
454.9,3.75,0.2506949351
454.9,4.0,0.2483303311
454.9,4.25,0.2457520304
454.9,4.5,0.2429671874
454.9,4.75,0.2399834743
454.9,5.0,0.2368090461
454.9,5.25,0.2334525058
454.9,5.5,0.2299228665
454.9,5.75,0.2262295132
454.9,6.0,0.2223821641
454.9,6.25,0.2183908308
454.9,6.5,0.2142657786
454.9,6.75,0.2100174869
454.9,7.0,0.2056566104
454.9,7.25,0.2011939407
454.9,7.5,0.1966403696
454.9,7.75,0.1920068533
454.9,8.0,0.1873043793
454.9,8.25,0.1825439344
454.9,8.5,0.1777364766
454.9,8.75,0.1728929085
454.9,9.0,0.1680240545
454.9,9.25,0.1631406412
454.9,9.5,0.1582532812
454.9,9.75,0.1533724605
454.9,10.0,0.1485085302
454.9,10.25,0.1436717011
454.9,10.5,0.138872043
454.9,10.75,0.1341194869
454.9,11.0,0.1294238314
454.9,11.25,0.1247947513
454.9,11.5,0.1202418097
454.9,11.75,0.1157744721
454.9,12.0,0.1114021214
454.9,12.25,0.1071340743
454.9,12.5,0.1029795976
454.9,12.75,0.0989479222
454.9,13.0,0.095048256
454.9,13.25,0.0912897924
454.9,13.5,0.0876817144
454.9,13.75,0.0842331917
454.9,14.0,0.0809533708
454.9,14.25,0.0778513562
454.9,14.5,0.0749361805
454.9,14.75,0.0722167636
454.9,15.0,0.0697018594
454.9,15.25,0.0673999887
454.9,15.5,0.0653193586
454.9,15.75,0.0634677676
454.9,16.0,0.0618524967
454.9,16.25,0.0604801871
454.9,16.5,0.0593567053
454.9,16.75,0.058486998
454.9,17.0,0.0578749373
454.9,17.25,0.05752316
454.9,17.5,0.0574329043
454.9,17.75,0.0576038456
454.9,18.0,0.0580339375
454.9,18.25,0.0587192609
454.9,18.5,0.0596538866
454.9,18.75,0.0608297552
454.9,19.0,0.0622365797
454.9,19.25,0.0638617756
454.9,19.5,0.0656904223
454.9,19.75,0.06770526
454.9,20.0,0.0698867253
454.9,20.25,0.0722130294
454.9,20.5,0.0746602786
454.9,20.75,0.0772026399
454.9,21.0,0.0798125511
454.9,21.25,0.0824609731
454.9,21.5,0.0851176836
454.9,21.75,0.0877516073
454.9,22.0,0.0903311781
454.9,22.25,0.0928247279
454.9,22.5,0.0952008955
454.9,22.75,0.0974290459
454.9,23.0,0.0994796952
454.9,23.25,0.1013249292
454.9,23.5,0.1029388088
454.9,23.75,0.1042977529
454.9,24.0,0.1053808899
454.9,24.25,0.1061703701
454.9,24.5,0.106651632
454.9,24.75,0.1068136163
454.9,25.0,0.1066489217
454.9,25.25,0.1061538996
454.9,25.5,0.105328686
454.9,25.75,0.1041771682
454.9,26.0,0.1027068886
454.9,26.25,0.1009288871
454.9,26.5,0.0988574862
454.9,26.75,0.0965100241
454.9,27.0,0.0939065415
454.9,27.25,0.0910694298
454.9,27.5,0.0880230488
454.9,27.75,0.084793322
454.9,28.0,0.0814073192
454.9,28.25,0.0778928342
454.9,28.5,0.0742779675
454.9,28.75,0.070590721
454.9,29.0,0.0668586137
454.9,29.25,0.0631083242
454.9,29.5,0.059365366
454.9,29.75,0.0556538011
454.9,30.0,0.0519959942
454.9,30.25,0.0484124118
454.9,30.5,0.0449214655
454.9,30.75,0.0415394012
454.9,31.0,0.0382802324
454.9,31.25,0.0351557162
454.9,31.5,0.0321753688
454.9,31.75,0.0293465176
454.9,32.0,0.0266743854
454.9,32.25,0.0241622025
454.9,32.5,0.021811342
454.9,32.75,0.0196214736
454.9,33.0,0.017590731
454.9,33.25,0.0157158876
454.9,33.5,0.0139925379
454.9,33.75,0.0124152787
454.9,34.0,0.0109778872
454.9,34.25,0.0096734932
454.9,34.5,0.0084947419
454.9,34.75,0.0074339462
454.9,35.0,0.0064832256
454.95,0.0,0.2461618214
454.95,0.25,0.2473766832
454.95,0.5,0.2483589926
454.95,0.75,0.2491059374
454.95,1.0,0.2496153743
454.95,1.25,0.2498858393
454.95,1.5,0.2499165545
454.95,1.75,0.2497074322
454.95,2.0,0.249259075
454.95,2.25,0.2485727732
454.95,2.5,0.2476504989
454.95,2.75,0.2464948962
454.95,3.0,0.2451092691
454.95,3.25,0.2434975657
454.95,3.5,0.2416643601
454.95,3.75,0.2396148308
454.95,4.0,0.2373547365
454.95,4.25,0.2348903904
454.95,4.5,0.2322286307
454.95,4.75,0.2293767903
454.95,5.0,0.2263426642
454.95,5.25,0.2231344748
454.95,5.5,0.2197608369
454.95,5.75,0.2162307208
454.95,6.0,0.2125534151
454.95,6.25,0.208738489
454.95,6.5,0.204795754
454.95,6.75,0.2007352265
454.95,7.0,0.1965670901
454.95,7.25,0.1923016595
454.95,7.5,0.1879493451
454.95,7.75,0.183520619
454.95,8.0,0.1790259828
454.95,8.25,0.174475938
454.95,8.5,0.1698809581
454.95,8.75,0.1652514639
454.95,9.0,0.1605978014
454.95,9.25,0.155930223
454.95,9.5,0.1512588723
454.95,9.75,0.146593772
454.95,10.0,0.1419448156
454.95,10.25,0.1373217625
454.95,10.5,0.1327342375
454.95,10.75,0.1281917329
454.95,11.0,0.1237036139
454.95,11.25,0.1192791278
454.95,11.5,0.1149274152
454.95,11.75,0.110657523
454.95,12.0,0.1064784195
454.95,12.25,0.1023990097
454.95,12.5,0.0984281507
454.95,12.75,0.0945746655
454.95,13.0,0.090847355
454.95,13.25,0.0872550064
454.95,13.5,0.0838063966
454.95,13.75,0.0805102901
454.95,14.0,0.0773754294
454.95,14.25,0.0744105163
454.95,14.5,0.0716241842
454.95,14.75,0.0690249589
454.95,15.0,0.0666212073
454.95,15.25,0.0644210737
454.95,15.5,0.0624324024
454.95,15.75,0.0606626472
454.95,16.0,0.0591187673
454.95,16.25,0.0578071104
454.95,16.5,0.0567332838
454.95,16.75,0.0559020154
454.95,17.0,0.0553170063
454.95,17.25,0.0549807767
454.95,17.5,0.0548945101
454.95,17.75,0.0550578962
454.95,18.0,0.055468979
454.95,18.25,0.0561240129
454.95,18.5,0.0570173304
454.95,18.75,0.0581412285
454.95,19.0,0.0594858747
454.95,19.25,0.061039241
454.95,19.5,0.062787066
454.95,19.75,0.0647128527
454.95,20.0,0.0667979026
454.95,20.25,0.0690213897
454.95,20.5,0.0713604765
454.95,20.75,0.0737904716
454.95,21.0,0.0762850311
454.95,21.25,0.0788163993
454.95,21.5,0.0813556897
454.95,21.75,0.0838732004
454.95,22.0,0.0863387604
454.95,22.25,0.0887221015
454.95,22.5,0.0909932482
454.95,22.75,0.0931229198
454.95,23.0,0.0950829354
454.95,23.25,0.0968466146
454.95,23.5,0.0983891647
454.95,23.75,0.0996880468
454.95,24.0,0.1007233117
454.95,24.25,0.1014778988
454.95,24.5,0.1019378901
454.95,24.75,0.1020927152
454.95,25.0,0.1019352996
454.95,25.25,0.1014621562
454.95,25.5,0.1006734151
454.95,25.75,0.0995727916
454.95,26.0,0.0981674948
454.95,26.25,0.0964680765
454.95,26.5,0.0944882265
454.95,26.75,0.0922445165
454.95,27.0,0.0897561015
454.95,27.25,0.0870443832
454.95,27.5,0.0841326448
454.95,27.75,0.0810456641
454.95,28.0,0.0778093144
454.95,28.25,0.074450161
454.95,28.5,0.0709950626
454.95,28.75,0.0674707834
454.95,29.0,0.0639036261
454.95,29.25,0.0603190902
454.95,29.5,0.0567415617
454.95,29.75,0.0531940389
454.95,30.0,0.0496978982
454.95,30.25,0.0462727013
454.95,30.5,0.0429360463
454.95,30.75,0.039703461
454.95,31.0,0.0365883395
454.95,31.25,0.0336019193
454.95,31.5,0.030753296
454.95,31.75,0.0280494731
454.95,32.0,0.0254954426
454.95,32.25,0.0230942921
454.95,32.5,0.0208473339
454.95,32.75,0.0187542524
454.95,33.0,0.0168132636
454.95,33.25,0.0150212837
454.95,33.5,0.0133741018
454.95,33.75,0.0118665537
454.95,34.0,0.0104926914
454.95,34.25,0.0092459484
454.95,34.5,0.008119295
454.95,34.75,0.0071053839
454.95,35.0,0.0061966829
455.0,0.0,0.2351531874
455.0,0.25,0.2363137192
455.0,0.5,0.2372520986
455.0,0.75,0.2379656392
455.0,1.0,0.2384522935
455.0,1.25,0.238710663
455.0,1.5,0.2387400046
455.0,1.75,0.2385402344
455.0,2.0,0.2381119282
455.0,2.25,0.2374563187
455.0,2.5,0.2365752895
455.0,2.75,0.2354713667
455.0,3.0,0.2341477063
455.0,3.25,0.2326080802
455.0,3.5,0.2308568576
455.0,3.75,0.2288989855
455.0,4.0,0.2267399652
455.0,4.25,0.2243858274
455.0,4.5,0.2218431046
455.0,4.75,0.2191188018
455.0,5.0,0.2162203652
455.0,5.25,0.2131556496
455.0,5.5,0.2099328846
455.0,5.75,0.2065606393
455.0,6.0,0.2030477869
455.0,6.25,0.1994034686
455.0,6.5,0.1956370571
455.0,6.75,0.1917581209
455.0,7.0,0.1877763883
455.0,7.25,0.1837017126
455.0,7.5,0.1795440386
455.0,7.75,0.1753133701
455.0,8.0,0.1710197391
455.0,8.25,0.1666731774
455.0,8.5,0.1622836902
455.0,8.75,0.1578612322
455.0,9.0,0.1534156867
455.0,9.25,0.1489568477
455.0,9.5,0.1444944051
455.0,9.75,0.1400379333
455.0,10.0,0.1355968834
455.0,10.25,0.1311805785
455.0,10.5,0.1267982129
455.0,10.75,0.1224588541
455.0,11.0,0.1181714489
455.0,11.25,0.1139448308
455.0,11.5,0.1097877317
455.0,11.75,0.1057087938
455.0,12.0,0.1017165846
455.0,12.25,0.0978196106
455.0,12.5,0.0940263329
455.0,12.75,0.0903451799
455.0,13.0,0.0867845589
455.0,13.25,0.0833528642
455.0,13.5,0.0800584801
455.0,13.75,0.0769097792
455.0,14.0,0.073915113
455.0,14.25,0.0710827941
455.0,14.5,0.06842107
455.0,14.75,0.065938085
455.0,15.0,0.0636418319
455.0,15.25,0.0615400907
455.0,15.5,0.059640355
455.0,15.75,0.0579497452
455.0,16.0,0.0564749094
455.0,16.25,0.0552219113
455.0,16.5,0.0541961074
455.0,16.75,0.0534020143
455.0,17.0,0.0528431674
455.0,17.25,0.0525219744
455.0,17.5,0.0524395657
455.0,17.75,0.052595645
455.0,18.0,0.0529883438
455.0,18.25,0.0536140838
455.0,18.5,0.0544674512
455.0,18.75,0.0555410872
455.0,19.0,0.0568255994
455.0,19.25,0.0583094973
455.0,19.5,0.0599791576
455.0,19.75,0.061818821
455.0,20.0,0.0638106251
455.0,20.25,0.0659346754
455.0,20.5,0.0681691555
455.0,20.75,0.0704904786
455.0,21.0,0.0728734785
455.0,21.25,0.0752916411
455.0,21.5,0.0777173716
455.0,21.75,0.0801222964
455.0,22.0,0.0824775938
455.0,22.25,0.0847543491
455.0,22.5,0.0869239276
455.0,22.75,0.0889583579
455.0,23.0,0.0908307194
455.0,23.25,0.0925155248
455.0,23.5,0.0939890903
455.0,23.75,0.095229885
455.0,24.0,0.0962188517
455.0,24.25,0.0969396928
455.0,24.5,0.0973791128
455.0,24.75,0.0975270139
455.0,25.0,0.0973766381
455.0,25.25,0.0969246543
455.0,25.5,0.0961711865
455.0,25.75,0.0951197841
455.0,26.0,0.0937773338
455.0,26.25,0.0921539155
455.0,26.5,0.0902626065
455.0,26.75,0.0881192378
455.0,27.0,0.0857421075
455.0,27.25,0.0831516603
455.0,27.5,0.0803701381
455.0,27.75,0.0774212107
455.0,28.0,0.0743295941
455.0,28.25,0.0711206659
455.0,28.5,0.0678200834
455.0,28.75,0.0644534139
455.0,29.0,0.0610457839
455.0,29.25,0.0576215526
455.0,29.5,0.0542040151
455.0,29.75,0.0508151415
455.0,30.0,0.0474753521
455.0,30.25,0.044203334
455.0,30.5,0.041015898
455.0,30.75,0.0379278775
455.0,31.0,0.0349520678
455.0,31.25,0.0320992036
455.0,31.5,0.029377974
455.0,31.75,0.0267950691
455.0,32.0,0.0243552577
455.0,32.25,0.0220614893
455.0,32.5,0.0199150176
455.0,32.75,0.0179155411
455.0,33.0,0.0160613555
455.0,33.25,0.0143495149
455.0,33.5,0.0127759969
455.0,33.75,0.011335868
455.0,34.0,0.0100234464
455.0,34.25,0.0088324591
455.0,34.5,0.007756191
455.0,34.75,0.0067876231
455.0,35.0,0.0059195602
455.05,0.0,0.2245138208
455.05,0.25,0.225621845
455.05,0.5,0.226517768
455.05,0.75,0.2271990248
455.05,1.0,0.2276636608
455.05,1.25,0.2279103405
455.05,1.5,0.2279383545
455.05,1.75,0.2277476229
455.05,2.0,0.2273386952
455.05,2.25,0.2267127483
455.05,2.5,0.2258715808
455.05,2.75,0.2248176042
455.05,3.0,0.2235538321
455.05,3.25,0.2220838654
455.05,3.5,0.2204118759
455.05,3.75,0.2185425866
455.05,4.0,0.2164812498
455.05,4.25,0.2142336236
455.05,4.5,0.2118059448
455.05,4.75,0.2092049014
455.05,5.0,0.2064376029
455.05,5.25,0.2035115486
455.05,5.5,0.2004345956
455.05,5.75,0.1972149256
455.05,6.0,0.1938610101
455.05,6.25,0.1903815768
455.05,6.5,0.1867855744
455.05,6.75,0.1830821384
455.05,7.0,0.1792805569
455.05,7.25,0.1753902375
455.05,7.5,0.171420675
455.05,7.75,0.1673814206
455.05,8.0,0.1632820524
455.05,8.25,0.1591321483
455.05,8.5,0.1549412608
455.05,8.75,0.1507188943
455.05,9.0,0.1464744849
455.05,9.25,0.1422173834
455.05,9.5,0.1379568414
455.05,9.75,0.133702
455.05,10.0,0.1294618828
455.05,10.25,0.125245391
455.05,10.5,0.1210613029
455.05,10.75,0.1169182758
455.05,11.0,0.1128248517
455.05,11.25,0.1087894645
455.05,11.5,0.1048204508
455.05,11.75,0.1009260621
455.05,12.0,0.097114478
455.05,12.25,0.0933938203
455.05,12.5,0.0897721672
455.05,12.75,0.0862575657
455.05,13.0,0.082858043
455.05,13.25,0.0795816132
455.05,13.5,0.0764362816
455.05,13.75,0.0734300419
455.05,14.0,0.0705708675
455.05,14.25,0.0678666952
455.05,14.5,0.0653253992
455.05,14.75,0.0629547554
455.05,15.0,0.0607623949
455.05,15.25,0.0587557457
455.05,15.5,0.0569419624
455.05,15.75,0.0553278434
455.05,16.0,0.0539197356
455.05,16.25,0.0527234286
455.05,16.5,0.0517440367
455.05,16.75,0.0509858718
455.05,17.0,0.0504523096
455.05,17.25,0.0501456488
455.05,17.5,0.0500669687
455.05,17.75,0.0502159862
455.05,18.0,0.0505909176
455.05,18.25,0.0511883463
455.05,18.5,0.0520031036
455.05,18.75,0.0530281636
455.05,19.0,0.0542545588
455.05,19.25,0.0556713187
455.05,19.5,0.0572654362
455.05,19.75,0.0590218651
455.05,20.0,0.0609235512
455.05,20.25,0.0629515001
455.05,20.5,0.0650848825
455.05,20.75,0.0673011787
455.05,21.0,0.0695763612
455.05,21.25,0.0718851154
455.05,21.5,0.0742010952
455.05,21.75,0.0764972106
455.05,22.0,0.0787459439
455.05,22.25,0.0809196888
455.05,22.5,0.082991106
455.05,22.75,0.0849334897
455.05,23.0,0.0867211373
455.05,23.25,0.0883297147
455.05,23.5,0.0897366096
455.05,23.75,0.0909212653
455.05,24.0,0.0918654868
455.05,24.25,0.0925537138
455.05,24.5,0.0929732526
455.05,24.75,0.0931144619
455.05,25.0,0.0929708898
455.05,25.25,0.0925393557
455.05,25.5,0.0918199782
455.05,25.75,0.0908161459
455.05,26.0,0.0895344339
455.05,26.25,0.0879844662
455.05,26.5,0.0861787284
455.05,26.75,0.0841323351
455.05,27.0,0.0818627567
455.05,27.25,0.0793895127
455.05,27.5,0.0767338389
455.05,27.75,0.0739183339
455.05,28.0,0.0709665957
455.05,28.25,0.0679028536
455.05,28.5,0.0647516039
455.05,28.75,0.0615372574
455.05,29.0,0.0582838036
455.05,29.25,0.0550144996
455.05,29.5,0.0517515866
455.05,29.75,0.0485160406
455.05,30.0,0.045327358
455.05,30.25,0.0422033803
455.05,30.5,0.039160158
455.05,30.75,0.0362118532
455.05,31.0,0.0333706822
455.05,31.25,0.0306468942
455.05,31.5,0.0280487849
455.05,31.75,0.0255827421
455.05,32.0,0.0232533185
455.05,32.25,0.0210633303
455.05,32.5,0.0190139745
455.05,32.75,0.0171049631
455.05,33.0,0.015334669
455.05,33.25,0.0137002796
455.05,33.5,0.0121979545
455.05,33.75,0.0108229834
455.05,34.0,0.0095699415
455.05,34.25,0.0084328398
455.05,34.5,0.0074052667
455.05,34.75,0.0064805211
455.05,35.0,0.0056517332
455.1,0.0,0.2142384067
455.1,0.25,0.2152957195
455.1,0.5,0.2161506384
455.1,0.75,0.2168007159
455.1,1.0,0.2172440867
455.1,1.25,0.2174794765
455.1,1.5,0.2175062084
455.1,1.75,0.2173242061
455.1,2.0,0.2169339939
455.1,2.25,0.216336695
455.1,2.5,0.2155340255
455.1,2.75,0.2145282867
455.1,3.0,0.2133223542
455.1,3.25,0.2119196641
455.1,3.5,0.2103241972
455.1,3.75,0.2085404603
455.1,4.0,0.2065734656
455.1,4.25,0.2044287074
455.1,4.5,0.2021121372
455.1,4.75,0.1996301368
455.1,5.0,0.1969894903
455.1,5.25,0.1941973539
455.1,5.5,0.1912612251
455.1,5.75,0.1881889109
455.1,6.0,0.1849884955
455.1,6.25,0.1816683068
455.1,6.5,0.1782368841
455.1,6.75,0.1747029447
455.1,7.0,0.1710753517
455.1,7.25,0.1673630821
455.1,7.5,0.1635751962
455.1,7.75,0.1597208079
455.1,8.0,0.1558090572
455.1,8.25,0.1518490834
455.1,8.5,0.147850002
455.1,8.75,0.1438208822
455.1,9.0,0.1397707284
455.1,9.25,0.1357084634
455.1,9.5,0.1316429153
455.1,9.75,0.127582807
455.1,10.0,0.1235367489
455.1,10.25,0.1195132349
455.1,10.5,0.1155206417
455.1,10.75,0.1115672302
455.1,11.0,0.1076611514
455.1,11.25,0.1038104534
455.1,11.5,0.1000230912
455.1,11.75,0.0963069385
455.1,12.0,0.0926698007
455.1,12.25,0.0891194278
455.1,12.5,0.0856635284
455.1,12.75,0.0823097811
455.1,13.0,0.0790658457
455.1,13.25,0.0759393696
455.1,13.5,0.0729379916
455.1,13.75,0.0700693397
455.1,14.0,0.0673410223
455.1,14.25,0.064760613
455.1,14.5,0.0623356255
455.1,14.75,0.0600734798
455.1,15.0,0.057981458
455.1,15.25,0.0560666479
455.1,15.5,0.0543358768
455.1,15.75,0.0527956317
455.1,16.0,0.0514519694
455.1,16.25,0.0503104143
455.1,16.5,0.0493758466
455.1,16.75,0.048652381
455.1,17.0,0.0481432385
455.1,17.25,0.0478506128
455.1,17.5,0.0477755336
455.1,17.75,0.047917731
455.1,18.0,0.0482755028
455.1,18.25,0.0488455887
455.1,18.5,0.0496230567
455.1,18.75,0.0506012024
455.1,19.0,0.0517714687
455.1,19.25,0.0531233871
455.1,19.5,0.054644546
455.1,19.75,0.0563205877
455.1,20.0,0.0581352386
455.1,20.25,0.0600703735
455.1,20.5,0.0621061166
455.1,20.75,0.0642209786
455.1,21.0,0.066392032
455.1,21.25,0.0685951205
455.1,21.5,0.0708051039
455.1,21.75,0.072996132
455.1,22.0,0.0751419467
455.1,22.25,0.077216205
455.1,22.5,0.0791928188
455.1,22.75,0.0810463046
455.1,23.0,0.0827521363
455.1,23.25,0.0842870933
455.1,23.5,0.0856295982
455.1,23.75,0.0867600352
455.1,24.0,0.0876610422
455.1,24.25,0.0883177709
455.1,24.5,0.0887181084
455.1,24.75,0.088852855
455.1,25.0,0.0887158538
455.1,25.25,0.0883040699
455.1,25.5,0.0876176164
455.1,25.75,0.0866597269
455.1,26.0,0.0854366755
455.1,26.25,0.0839576458
455.1,26.5,0.082234552
455.1,26.75,0.0802818168
455.1,27.0,0.078116111
455.1,27.25,0.0757560611
455.1,27.5,0.0732219305
455.1,27.75,0.0705352838
455.1,28.0,0.067718639
455.1,28.25,0.0647951164
455.1,28.5,0.0617880913
455.1,28.75,0.058720857
455.1,29.0,0.0556163054
455.1,29.25,0.0524966289
455.1,29.5,0.049383051
455.1,29.75,0.0462955875
455.1,30.0,0.0432528426
455.1,30.25,0.0402718413
455.1,30.5,0.0373678993
455.1,30.75,0.0345545308
455.1,31.0,0.0318433928
455.1,31.25,0.0292442655
455.1,31.5,0.0267650649
455.1,31.75,0.0244118864
455.1,32.0,0.0221890746
455.1,32.25,0.0200993164
455.1,32.5,0.0181437543
455.1,32.75,0.0163221133
455.1,33.0,0.014632841
455.1,33.25,0.0130732534
455.1,33.5,0.0116396859
455.1,33.75,0.0103276436
455.1,34.0,0.0091319501
455.1,34.25,0.0080468906
455.1,34.5,0.0070663469
455.1,34.75,0.0061839245
455.1,35.0,0.0053930681
455.15,0.0,0.2043212876
455.15,0.25,0.2053296573
455.15,0.5,0.2061450019
455.15,0.75,0.2067649873
455.15,1.0,0.2071878344
455.15,1.25,0.207412328
455.15,1.5,0.2074378225
455.15,1.75,0.207264245
455.15,2.0,0.2068920958
455.15,2.25,0.2063224459
455.15,2.5,0.2055569321
455.15,2.75,0.2045977491
455.15,3.0,0.2034476393
455.15,3.25,0.2021098798
455.15,3.5,0.2005882673
455.15,3.75,0.1988870998
455.15,4.0,0.1970111575
455.15,4.25,0.1949656804
455.15,4.5,0.1927563444
455.15,4.75,0.1903892361
455.15,5.0,0.1878708254
455.15,5.25,0.1852079373
455.15,5.5,0.1824077222
455.15,5.75,0.1794776258
455.15,6.0,0.176425358
455.15,6.25,0.1732588612
455.15,6.5,0.1699862794
455.15,6.75,0.1666159265
455.15,7.0,0.1631562551
455.15,7.25,0.1596158269
455.15,7.5,0.1560032826
455.15,7.75,0.1523273144
455.15,8.0,0.148596639
455.15,8.25,0.1448199729
455.15,8.5,0.1410060094
455.15,8.75,0.137163398
455.15,9.0,0.1333007262
455.15,9.25,0.1294265039
455.15,9.5,0.1255491505
455.15,9.75,0.121676985
455.15,10.0,0.1178182194
455.15,10.25,0.1139809543
455.15,10.5,0.1101731786
455.15,10.75,0.106402771
455.15,11.0,0.1026775051
455.15,11.25,0.0990050562
455.15,11.5,0.0953930114
455.15,11.75,0.0918488799
455.15,12.0,0.0883801056
455.15,12.25,0.0849940799
455.15,12.5,0.0816981544
455.15,12.75,0.0784996524
455.15,13.0,0.0754058791
455.15,13.25,0.072424128
455.15,13.5,0.0695616841
455.15,13.75,0.0668258223
455.15,14.0,0.0642237991
455.15,14.25,0.0617628372
455.15,14.5,0.0594501026
455.15,14.75,0.057292672
455.15,15.0,0.05529749
455.15,15.25,0.0534713167
455.15,15.5,0.0518206632
455.15,15.75,0.0503517162
455.15,16.0,0.0490702522
455.15,16.25,0.0479815398
455.15,16.5,0.0470902333
455.15,16.75,0.046400257
455.15,17.0,0.0459146828
455.15,17.25,0.0456356027
455.15,17.5,0.045563999
455.15,17.75,0.0456996141
455.15,18.0,0.0460408245
455.15,18.25,0.0465845211
455.15,18.5,0.047326
455.15,18.75,0.0482588672
455.15,19.0,0.0493749618
455.15,19.25,0.0506642998
455.15,19.5,0.052115044
455.15,19.75,0.0537135016
455.15,20.0,0.0554441521
455.15,20.25,0.0572897094
455.15,20.5,0.0592312177
455.15,20.75,0.0612481825
455.15,21.0,0.0633187376
455.15,21.25,0.065419845
455.15,21.5,0.067527528
455.15,21.75,0.0696171332
455.15,22.0,0.0716636178
455.15,22.25,0.0736418585
455.15,22.5,0.0755269746
455.15,22.75,0.0772946624
455.15,23.0,0.0789215309
455.15,23.25,0.0803854346
455.15,23.5,0.0816657948
455.15,23.75,0.0827439038
455.15,24.0,0.083603203
455.15,24.25,0.0842295317
455.15,24.5,0.0846113376
455.15,24.75,0.0847398467
455.15,25.0,0.0846091873
455.15,25.25,0.0842164649
455.15,25.5,0.0835617874
455.15,25.75,0.0826482387
455.15,26.0,0.0814818025
455.15,26.25,0.0800712373
455.15,26.5,0.0784279056
455.15,26.75,0.0765655628
455.15,27.0,0.0745001078
455.15,27.25,0.0722493048
455.15,27.5,0.0698324794
455.15,27.75,0.0672701979
455.15,28.0,0.0645839359
455.15,28.25,0.0617957435
455.15,28.5,0.0589279138
455.15,28.75,0.0560026622
455.15,29.0,0.0530418206
455.15,29.25,0.0500665542
455.15,29.5,0.0470971042
455.15,29.75,0.0441525597
455.15,30.0,0.0412506638
455.15,30.25,0.0384076534
455.15,30.5,0.0356381352
455.15,30.75,0.0329549978
455.15,31.0,0.0303693587
455.15,31.25,0.0278905453
455.15,31.5,0.0255261072
455.15,31.75,0.0232818576
455.15,32.0,0.0211619399
455.15,32.25,0.0191689169
455.15,32.5,0.0173038779
455.15,32.75,0.0155665609
455.15,33.0,0.0139554852
455.15,33.25,0.0124680911
455.15,33.5,0.0111008835
455.15,33.75,0.0098495758
455.15,34.0,0.0087092312
455.15,34.25,0.0076743992
455.15,34.5,0.0067392449
455.15,34.75,0.00589767
455.15,35.0,0.0051434224
455.2,0.0,0.1947564913
455.2,0.25,0.1957176567
455.2,0.5,0.196494833
455.2,0.75,0.1970857952
455.2,1.0,0.1974888478
455.2,1.25,0.1977028322
455.2,1.5,0.1977271333
455.2,1.75,0.1975616814
455.2,2.0,0.1972069535
455.2,2.25,0.1966639703
455.2,2.5,0.1959342922
455.2,2.75,0.1950200109
455.2,3.0,0.1939237407
455.2,3.25,0.1926486051
455.2,3.5,0.1911982231
455.2,3.75,0.1895766916
455.2,4.0,0.1877885669
455.2,4.25,0.1858388437
455.2,4.5,0.1837329324
455.2,4.75,0.1814766344
455.2,5.0,0.1790761169
455.2,5.25,0.1765378853
455.2,5.5,0.1738687554
455.2,5.75,0.1710758242
455.2,6.0,0.1681664407
455.2,6.25,0.1651481756
455.2,6.5,0.1620287917
455.2,6.75,0.1588162135
455.2,7.0,0.1555184981
455.2,7.25,0.1521438063
455.2,7.5,0.1487003744
455.2,7.75,0.1451964875
455.2,8.0,0.1416404545
455.2,8.25,0.1380405836
455.2,8.5,0.1344051614
455.2,8.75,0.1307424324
455.2,9.0,0.127060582
455.2,9.25,0.1233677219
455.2,9.5,0.1196718772
455.2,9.75,0.1159809776
455.2,10.0,0.1123028505
455.2,10.25,0.1086452176
455.2,10.5,0.1050156935
455.2,10.75,0.1014217882
455.2,11.0,0.0978709113
455.2,11.25,0.0943703791
455.2,11.5,0.0909274233
455.2,11.75,0.0875492015
455.2,12.0,0.0842428093
455.2,12.25,0.081015292
455.2,12.5,0.0778736571
455.2,12.75,0.0748248851
455.2,13.0,0.0718759392
455.2,13.25,0.0690337713
455.2,13.5,0.0663053257
455.2,13.75,0.0636975366
455.2,14.0,0.0612173206
455.2,14.25,0.0588715625
455.2,14.5,0.0566670929
455.2,14.75,0.0546106571
455.2,15.0,0.0527088746
455.2,15.25,0.0509681891
455.2,15.5,0.0493948069
455.2,15.75,0.047994625
455.2,16.0,0.0467731496
455.2,16.25,0.0457354026
455.2,16.5,0.0448858204
455.2,16.75,0.0442281436
455.2,17.0,0.0437653003
455.2,17.25,0.0434992847
455.2,17.5,0.0434310329
455.2,17.75,0.0435602995
455.2,18.0,0.0438855371
455.2,18.25,0.0444037819
455.2,18.5,0.0451105503
455.2,18.75,0.0459997476
455.2,19.0,0.0470635949
455.2,19.25,0.0482925757
455.2,19.5,0.049675407
455.2,19.75,0.0511990367
455.2,20.0,0.0528486711
455.2,20.25,0.0546078332
455.2,20.5,0.0564584546
455.2,20.75,0.0583810002
455.2,21.0,0.0603546273
455.2,21.25,0.0623573765
455.2,21.5,0.0643663936
455.2,21.75,0.0663581791
455.2,22.0,0.0683088626
455.2,22.25,0.0701944968
455.2,22.5,0.0719913659
455.2,22.75,0.0736763037
455.2,23.0,0.0752270144
455.2,23.25,0.076622389
455.2,23.5,0.0778428124
455.2,23.75,0.0788704524
455.2,24.0,0.0796895256
455.2,24.25,0.0802865343
455.2,24.5,0.0806504668
455.2,24.75,0.0807729601
455.2,25.0,0.0806484172
455.2,25.25,0.0802740792
455.2,25.5,0.0796500488
455.2,25.75,0.0787792656
455.2,26.0,0.0776674333
455.2,26.25,0.0763229001
455.2,26.5,0.074756497
455.2,26.75,0.0729813351
455.2,27.0,0.0710125693
455.2,27.25,0.0688671321
455.2,27.5,0.0665634444
455.2,27.75,0.0641211098
455.2,28.0,0.0615605985
455.2,28.25,0.0589029284
455.2,28.5,0.0561693491
455.2,28.75,0.0533810359
455.2,29.0,0.0505587988
455.2,29.25,0.0477228122
455.2,29.5,0.0448923696
455.2,29.75,0.0420856667
455.2,30.0,0.0393196159
455.2,30.25,0.036609694
455.2,30.5,0.0339698239
455.2,30.75,0.031412291
455.2,31.0,0.0289476922
455.2,31.25,0.0265849183
455.2,31.5,0.0243311655
455.2,31.75,0.0221919749
455.2,32.0,0.020171296
455.2,32.25,0.0182715714
455.2,32.5,0.0164938396
455.2,32.75,0.0148378509
455.2,33.0,0.0133021937
455.2,33.25,0.0118844282
455.2,33.5,0.0105812231
455.2,33.75,0.0093884923
455.2,34.0,0.00830153
455.2,34.25,0.0073151411
455.2,34.5,0.0064237638
455.2,34.75,0.0056215851
455.2,35.0,0.0049026458
455.25,0.0,0.1855377582
455.25,0.25,0.1864534271
455.25,0.5,0.187193816
455.25,0.75,0.1877568053
455.25,1.0,0.1881407795
455.25,1.25,0.1883446351
455.25,1.5,0.1883677858
455.25,1.75,0.1882101656
455.25,2.0,0.1878722285
455.25,2.25,0.1873549473
455.25,2.5,0.1866598082
455.25,2.75,0.1857888042
455.25,3.0,0.1847444255
455.25,3.25,0.1835296481
455.25,3.5,0.1821479194
455.25,3.75,0.1806031425
455.25,4.0,0.1788996581
455.25,4.25,0.1770422244
455.25,4.5,0.1750359957
455.25,4.75,0.1728864988
455.25,5.0,0.170599609
455.25,5.25,0.1681815238
455.25,5.5,0.1656387362
455.25,5.75,0.1629780075
455.25,6.0,0.1602063387
455.25,6.25,0.1573309422
455.25,6.5,0.1543592132
455.25,6.75,0.1512987014
455.25,7.0,0.1481570822
455.25,7.25,0.1449421303
455.25,7.5,0.1416616921
455.25,7.75,0.1383236605
455.25,8.0,0.1349359511
455.25,8.25,0.131506479
455.25,8.5,0.1280431382
455.25,8.75,0.1245537832
455.25,9.0,0.121046212
455.25,9.25,0.1175281522
455.25,9.5,0.114007249
455.25,9.75,0.1104910569
455.25,10.0,0.1069870328
455.25,10.25,0.1035025327
455.25,10.5,0.1000448109
455.25,10.75,0.0966210219
455.25,11.0,0.0932382246
455.25,11.25,0.0899033889
455.25,11.5,0.0866234042
455.25,11.75,0.0834050895
455.25,12.0,0.0802552042
455.25,12.25,0.0771804604
455.25,12.5,0.0741875337
455.25,12.75,0.0712830743
455.25,13.0,0.0684737157
455.25,13.25,0.0657660809
455.25,13.5,0.0631667854
455.25,13.75,0.0606824351
455.25,14.0,0.0583196193
455.25,14.25,0.0560848969
455.25,14.5,0.0539847751
455.25,14.75,0.0520256799
455.25,15.0,0.0502139177
455.25,15.25,0.048555627
455.25,15.5,0.0470567203
455.25,15.75,0.0457228156
455.25,16.0,0.0445591582
455.25,16.25,0.0435705326
455.25,16.5,0.0427611651
455.25,16.75,0.0421346193
455.25,17.0,0.0416936845
455.25,17.25,0.0414402607
455.25,17.5,0.0413752396
455.25,17.75,0.0414983874
455.25,18.0,0.0418082299
455.25,18.25,0.0423019438
455.25,18.5,0.0429752575
455.25,18.75,0.043822365
455.25,19.0,0.0448358554
455.25,19.25,0.0460066629
455.25,19.5,0.0473240383
455.25,19.75,0.0487755475
455.25,20.0,0.050347097
455.25,20.25,0.0520229898
455.25,20.5,0.0537860126
455.25,20.75,0.0556175552
455.25,21.0,0.0574977613
455.25,21.25,0.0594057111
455.25,21.5,0.0613196319
455.25,21.75,0.0632171369
455.25,22.0,0.0650754855
455.25,22.25,0.0668718639
455.25,22.5,0.0685836788
455.25,22.75,0.0701888606
455.25,23.0,0.0716661689
455.25,23.25,0.072995494
455.25,23.5,0.074158149
455.25,23.75,0.075137146
455.25,24.0,0.0759174487
455.25,24.25,0.0764861981
455.25,24.5,0.0768329041
455.25,24.75,0.0769495992
455.25,25.0,0.0768309515
455.25,25.25,0.0764743326
455.25,25.5,0.0758798405
455.25,25.75,0.0750502755
455.25,26.0,0.0739910714
455.25,26.25,0.0727101813
455.25,26.5,0.0712179233
455.25,26.75,0.0695267881
455.25,27.0,0.0676512132
455.25,27.25,0.0656073295
455.25,27.5,0.0634126861
455.25,27.75,0.0610859586
455.25,28.0,0.0586466482
455.25,28.25,0.0561147781
455.25,28.5,0.0535105918
455.25,28.75,0.0508542625
455.25,29.0,0.048165615
455.25,29.25,0.0454638689
455.25,29.5,0.0427674044
455.25,29.75,0.0400935558
455.25,30.0,0.0374584351
455.25,30.25,0.0348767864
455.25,30.5,0.0323618737
455.25,30.75,0.0299254007
455.25,31.0,0.0275774629
455.25,31.25,0.0253265301
455.25,31.5,0.023179458
455.25,31.75,0.0211415252
455.25,32.0,0.0192164944
455.25,32.25,0.0174066927
455.25,32.5,0.0157131093
455.25,32.75,0.0141355062
455.25,33.0,0.0126725388
455.25,33.25,0.0113218828
455.25,33.5,0.0100803645
455.25,33.75,0.0089440911
455.25,34.0,0.0079085799
455.25,34.25,0.0069688814
455.25,34.5,0.0061196971
455.25,34.75,0.0053554893
455.25,35.0,0.0046705807
455.3,0.0,0.176658568
455.3,0.25,0.1775304162
455.3,0.5,0.1782353727
455.3,0.75,0.1787714193
455.3,1.0,0.1791370178
455.3,1.25,0.1793311176
455.3,1.5,0.1793531604
455.3,1.75,0.1792030833
455.3,2.0,0.1788813188
455.3,2.25,0.1783887928
455.3,2.5,0.1777269207
455.3,2.75,0.1768975999
455.3,3.0,0.1759032015
455.3,3.25,0.1747465591
455.3,3.5,0.1734309551
455.3,3.75,0.1719601059
455.3,4.0,0.1703381443
455.3,4.25,0.1685696009
455.3,4.5,0.1666593833
455.3,4.75,0.1646127538
455.3,5.0,0.1624353066
455.3,5.25,0.1601329425
455.3,5.5,0.1577118439
455.3,5.75,0.1551784484
455.3,6.0,0.1525394219
455.3,6.25,0.1498016319
455.3,6.5,0.1469721195
455.3,6.75,0.1440580731
455.3,7.0,0.1410668009
455.3,7.25,0.1380057054
455.3,7.5,0.1348822574
455.3,7.75,0.1317039725
455.3,8.0,0.128478387
455.3,8.25,0.1252130374
455.3,8.5,0.1219154401
455.3,8.75,0.1185930735
455.3,9.0,0.1152533624
455.3,9.25,0.1119036646
455.3,9.5,0.1085512596
455.3,9.75,0.1052033402
455.3,10.0,0.1018670065
455.3,10.25,0.0985492623
455.3,10.5,0.0952570151
455.3,10.75,0.0919970767
455.3,11.0,0.0887761683
455.3,11.25,0.0856009262
455.3,11.5,0.0824779102
455.3,11.75,0.0794136127
455.3,12.0,0.07641447
455.3,12.25,0.0734868726
455.3,12.5,0.070637177
455.3,12.75,0.0678717149
455.3,13.0,0.0651968025
455.3,13.25,0.0626187456
455.3,13.5,0.0601438433
455.3,13.75,0.0577783853
455.3,14.0,0.0555286457
455.3,14.25,0.0534008693
455.3,14.5,0.051401252
455.3,14.75,0.0495359123
455.3,15.0,0.0478108547
455.3,15.25,0.046231924
455.3,15.5,0.0448047497
455.3,15.75,0.043534681
455.3,16.0,0.0424267123
455.3,16.25,0.0414853989
455.3,16.5,0.0407147649
455.3,16.75,0.0401182033
455.3,17.0,0.0396983702
455.3,17.25,0.0394570743
455.3,17.5,0.0393951649
455.3,17.75,0.0395124193
455.3,18.0,0.0398074338
455.3,18.25,0.0402775202
455.3,18.5,0.0409186115
455.3,18.75,0.0417251794
455.3,19.0,0.0426901677
455.3,19.25,0.0438049444
455.3,19.5,0.0450592748
455.3,19.75,0.0464413199
455.3,20.0,0.0479376605
455.3,20.25,0.0495333509
455.3,20.5,0.0512120016
455.3,20.75,0.0529558929
455.3,21.0,0.0547461189
455.3,21.25,0.0565627609
455.3,21.5,0.0583850882
455.3,21.75,0.0601917852
455.3,22.0,0.0619611997
455.3,22.25,0.0636716096
455.3,22.5,0.065301503
455.3,22.75,0.0668298665
455.3,23.0,0.068236476
455.3,23.25,0.0695021842
455.3,23.5,0.0706091986
455.3,23.75,0.0715413442
455.3,24.0,0.0722843043
455.3,24.25,0.0728258354
455.3,24.5,0.0731559492
455.3,24.75,0.0732670597
455.3,25.0,0.0731540901
455.3,25.25,0.0728145377
455.3,25.5,0.0722484959
455.3,25.75,0.071458631
455.3,26.0,0.0704501167
455.3,26.25,0.0692305255
455.3,26.5,0.0678096818
455.3,26.75,0.0661994785
455.3,27.0,0.064413662
455.3,27.25,0.0624675915
455.3,27.5,0.0603779761
455.3,27.75,0.0581625976
455.3,28.0,0.0558400242
455.3,28.25,0.0534293204
455.3,28.5,0.0509497615
455.3,28.75,0.0484205548
455.3,29.0,0.0458605766
455.3,29.25,0.0432881267
455.3,29.5,0.0407207055
455.3,29.75,0.038174818
455.3,30.0,0.035665805
455.3,30.25,0.033207705
455.3,30.5,0.0308131473
455.3,30.75,0.0284932754
455.3,31.0,0.0262577017
455.3,31.25,0.0241144907
455.3,31.5,0.02207017
455.3,31.75,0.0201297656
455.3,32.0,0.01829686
455.3,32.25,0.0165736691
455.3,32.5,0.0149611346
455.3,32.75,0.0134590301
455.3,33.0,0.0120660753
455.3,33.25,0.010780057
455.3,33.5,0.0095979534
455.3,33.75,0.0085160581
455.3,34.0,0.0075301028
455.3,34.25,0.006635375
455.3,34.5,0.0058268298
455.3,34.75,0.0050991942
455.3,35.0,0.004447063
455.35,0.0,0.1681121664
455.35,0.25,0.1689418363
455.35,0.5,0.1696126883
455.35,0.75,0.170122802
455.35,1.0,0.1704707135
455.35,1.25,0.1706554231
455.35,1.5,0.1706763996
455.35,1.75,0.1705335829
455.35,2.0,0.1702273847
455.35,2.25,0.1697586863
455.35,2.5,0.1691288342
455.35,2.75,0.1683396343
455.35,3.0,0.1673933431
455.35,3.25,0.1662926568
455.35,3.5,0.1650406992
455.35,3.75,0.1636410068
455.35,4.0,0.1620975126
455.35,4.25,0.160414528
455.35,4.5,0.158596723
455.35,4.75,0.1566491055
455.35,5.0,0.154576999
455.35,5.25,0.1523860188
455.35,5.5,0.1500820483
455.35,5.75,0.1476712136
455.35,6.0,0.1451598582
455.35,6.25,0.1425545172
455.35,6.5,0.1398618912
455.35,6.75,0.1370888207
455.35,7.0,0.1342422605
455.35,7.25,0.1313292549
455.35,7.5,0.1283569133
455.35,7.75,0.1253323877
455.35,8.0,0.1222628498
455.35,8.25,0.1191554716
455.35,8.5,0.1160174057
455.35,8.75,0.1128557687
455.35,9.0,0.1096776265
455.35,9.25,0.1064899806
455.35,9.5,0.1032997585
455.35,9.75,0.100113805
455.35,10.0,0.0969388767
455.35,10.25,0.0937816386
455.35,10.5,0.090648664
455.35,10.75,0.0875464351
455.35,11.0,0.0844813481
455.35,11.25,0.0814597181
455.35,11.5,0.0784877876
455.35,11.75,0.0755717349
455.35,12.0,0.0727176849
455.35,12.25,0.0699317191
455.35,12.5,0.0672198863
455.35,12.75,0.064588212
455.35,13.0,0.0620427066
455.35,13.25,0.0595893712
455.35,13.5,0.0572341999
455.35,13.75,0.0549831782
455.35,14.0,0.0528422766
455.35,14.25,0.050817438
455.35,14.5,0.0489145583
455.35,14.75,0.0471394602
455.35,15.0,0.0454978576
455.35,15.25,0.0439953125
455.35,15.5,0.0426371821
455.35,15.75,0.0414285569
455.35,16.0,0.0403741896
455.35,16.25,0.0394784151
455.35,16.5,0.0387450629
455.35,16.75,0.0381773618
455.35,17.0,0.0377778394
455.35,17.25,0.037548217
455.35,17.5,0.0374893026
455.35,17.75,0.0376008845
455.35,18.0,0.0378816267
455.35,18.25,0.0383289713
455.35,18.5,0.0389390478
455.35,18.75,0.0397065955
455.35,19.0,0.0406248996
455.35,19.25,0.0416857455
455.35,19.5,0.0428793938
455.35,19.75,0.0441945782
455.35,20.0,0.0456185287
455.35,20.25,0.0471370227
455.35,20.5,0.0487344635
455.35,20.75,0.0503939887
455.35,21.0,0.052097607
455.35,21.25,0.0538263633
455.35,21.5,0.0555605299
455.35,21.75,0.0572798224
455.35,22.0,0.0589636361
455.35,22.25,0.0605912997
455.35,22.5,0.062142342
455.35,22.75,0.0635967662
455.35,23.0,0.0649353266
455.35,23.25,0.0661398022
455.35,23.5,0.0671932614
455.35,23.75,0.0680803116
455.35,24.0,0.0687873288
455.35,24.25,0.0693026616
455.35,24.5,0.0696168051
455.35,24.75,0.0697225403
455.35,25.0,0.0696150359
455.35,25.25,0.0692919105
455.35,25.5,0.0687532527
455.35,25.75,0.0680016
455.35,26.0,0.0670418756
455.35,26.25,0.0658812859
455.35,26.5,0.0645291799
455.35,26.75,0.0629968751
455.35,27.0,0.061297453
455.35,27.25,0.0594455296
455.35,27.5,0.0574570057
455.35,27.75,0.055348803
455.35,28.0,0.0531385912
455.35,28.25,0.0508445127
455.35,28.5,0.0484849101
455.35,28.75,0.0460780615
455.35,29.0,0.0436419302
455.35,29.25,0.0411939304
455.35,29.5,0.0387507161
455.35,29.75,0.0363279938
455.35,30.0,0.033940362
455.35,30.25,0.0316011802
455.35,30.5,0.0293224665
455.35,30.75,0.0271148256
455.35,31.0,0.0249874046
455.35,31.25,0.022947878
455.35,31.5,0.0210024576
455.35,31.75,0.0191559262
455.35,32.0,0.0174116931
455.35,32.25,0.0157718669
455.35,32.5,0.0142373437
455.35,32.75,0.0128079081
455.35,33.0,0.0114823418
455.35,33.25,0.0102585386
455.35,33.5,0.0091336228
455.35,33.75,0.0081040676
455.35,34.0,0.007165811
455.35,34.25,0.0063143683
455.35,34.5,0.005544939
455.35,34.75,0.004852505
455.35,35.0,0.0042319226
455.4,0.0,0.1598915902
455.4,0.25,0.1606806897
455.4,0.5,0.1613187375
455.4,0.75,0.161803907
455.4,1.0,0.1621348059
455.4,1.25,0.1623104833
455.4,1.5,0.162330434
455.4,1.75,0.162194601
455.4,2.0,0.1619033757
455.4,2.25,0.1614575963
455.4,2.5,0.1608585436
455.4,2.75,0.1601079351
455.4,3.0,0.1592079169
455.4,3.25,0.1581610534
455.4,3.5,0.1569703157
455.4,3.75,0.1556390674
455.4,4.0,0.1541710491
455.4,4.25,0.1525703613
455.4,4.5,0.1508414458
455.4,4.75,0.1489890656
455.4,5.0,0.1470182837
455.4,5.25,0.144934441
455.4,5.5,0.1427431332
455.4,5.75,0.1404501868
455.4,6.0,0.138061635
455.4,6.25,0.1355836935
455.4,6.5,0.1330227352
455.4,6.75,0.130385266
455.4,7.0,0.1276779008
455.4,7.25,0.1249073392
455.4,7.5,0.1220803433
455.4,7.75,0.119203715
455.4,8.0,0.1162842756
455.4,8.25,0.1133288461
455.4,8.5,0.1103442296
455.4,8.75,0.1073371946
455.4,9.0,0.1043144615
455.4,9.25,0.1012826894
455.4,9.5,0.0982484672
455.4,9.75,0.0952183047
455.4,10.0,0.0921986283
455.4,10.25,0.0891957772
455.4,10.5,0.0862160029
455.4,10.75,0.0832654711
455.4,11.0,0.0803502648
455.4,11.25,0.0774763906
455.4,11.5,0.0746497855
455.4,11.75,0.0718763259
455.4,12.0,0.0691618372
455.4,12.25,0.0665121033
455.4,12.5,0.0639328773
455.4,12.75,0.0614298902
455.4,13.0,0.0590088584
455.4,13.25,0.0566754895
455.4,13.5,0.0544354845
455.4,13.75,0.0522945363
455.4,14.0,0.0502583235
455.4,14.25,0.0483324981
455.4,14.5,0.0465226681
455.4,14.75,0.0448343711
455.4,15.0,0.0432730418
455.4,15.25,0.0418439702
455.4,15.5,0.0405522515
455.4,15.75,0.0394027273
455.4,16.0,0.0383999178
455.4,16.25,0.0375479461
455.4,16.5,0.0368504544
455.4,16.75,0.0363105135
455.4,17.0,0.0359305275
455.4,17.25,0.0357121335
455.4,17.5,0.0356561
455.4,17.75,0.0357622255
455.4,18.0,0.0360292397
455.4,18.25,0.0364547094
455.4,18.5,0.0370349536
455.4,18.75,0.0377649687
455.4,19.0,0.0386383683
455.4,19.25,0.0396473395
455.4,19.5,0.0407826192
455.4,19.75,0.0420334919
455.4,20.0,0.0433878122
455.4,20.25,0.0448320527
455.4,20.5,0.0463513797
455.4,20.75,0.0479297552
455.4,21.0,0.0495500678
455.4,21.25,0.051194289
455.4,21.5,0.052843656
455.4,21.75,0.0544788762
455.4,22.0,0.0560803524
455.4,22.25,0.0576284243
455.4,22.5,0.0591036216
455.4,22.75,0.0604869254
455.4,23.0,0.0617600311
455.4,23.25,0.0629056087
455.4,23.5,0.0639075544
455.4,23.75,0.0647512284
455.4,24.0,0.0654236729
455.4,24.25,0.0659138063
455.4,24.5,0.0662125884
455.4,24.75,0.0663131532
455.4,25.0,0.0662109057
455.4,25.25,0.0659035809
455.4,25.5,0.0653912631
455.4,25.75,0.0646763657
455.4,26.0,0.0637635713
455.4,26.25,0.0626597336
455.4,26.5,0.0613737447
455.4,26.75,0.0599163686
455.4,27.0,0.0583000472
455.4,27.25,0.0565386816
455.4,27.5,0.0546473953
455.4,27.75,0.0526422824
455.4,28.0,0.0505401485
455.4,28.25,0.0483582489
455.4,28.5,0.0461140293
455.4,28.75,0.0438248741
455.4,29.0,0.041507868
455.4,29.25,0.0391795738
455.4,29.5,0.0368558312
455.4,29.75,0.0345515784
455.4,30.0,0.0322807002
455.4,30.25,0.0300559029
455.4,30.5,0.0278886169
455.4,30.75,0.0257889281
455.4,31.0,0.0237655367
455.4,31.25,0.0218257416
455.4,31.5,0.019975451
455.4,31.75,0.0182192138
455.4,32.0,0.0165602726
455.4,32.25,0.0150006328
455.4,32.5,0.0135411468
455.4,32.75,0.0121816097
455.4,33.0,0.0109208627
455.4,33.25,0.0097569027
455.4,33.5,0.0086869946
455.4,33.75,0.0077077839
455.4,34.0,0.0068154074
455.4,34.25,0.0060055998
455.4,34.5,0.005273795
455.4,34.75,0.0046152207
455.4,35.0,0.0040249843
455.45,0.0,0.1519896926
455.45,0.25,0.1527397946
455.45,0.5,0.1533463099
455.45,0.75,0.1538075021
455.45,1.0,0.1541220479
455.45,1.25,0.1542890432
455.45,1.5,0.154308008
455.45,1.75,0.1541788879
455.45,2.0,0.1539020551
455.45,2.25,0.1534783062
455.45,2.5,0.1529088589
455.45,2.75,0.1521953457
455.45,3.0,0.1513398067
455.45,3.25,0.1503446796
455.45,3.5,0.1492127886
455.45,3.75,0.147947331
455.45,4.0,0.1465518627
455.45,4.25,0.1450302814
455.45,4.5,0.1433868095
455.45,4.75,0.1416259746
455.45,5.0,0.1397525894
455.45,5.25,0.137771731
455.45,5.5,0.1356887183
455.45,5.75,0.1335090901
455.45,6.0,0.1312385814
455.45,6.25,0.1288831006
455.45,6.5,0.1264487057
455.45,6.75,0.1239415812
455.45,7.0,0.1213680149
455.45,7.25,0.1187343754
455.45,7.5,0.1160470906
455.45,7.75,0.1133126263
455.45,8.0,0.1105374665
455.45,8.25,0.1077280954
455.45,8.5,0.1048909797
455.45,8.75,0.1020325535
455.45,9.0,0.0991592048
455.45,9.25,0.096277264
455.45,9.5,0.093392994
455.45,9.75,0.0905125833
455.45,10.0,0.0876421403
455.45,10.25,0.0847876911
455.45,10.5,0.0819551783
455.45,10.75,0.0791504628
455.45,11.0,0.076379327
455.45,11.25,0.0736474806
455.45,11.5,0.0709605674
455.45,11.75,0.0683241731
455.45,12.0,0.0657438353
455.45,12.25,0.0632250522
455.45,12.5,0.0607732925
455.45,12.75,0.0583940038
455.45,13.0,0.0560926202
455.45,13.25,0.0538745672
455.45,13.5,0.0517452641
455.45,13.75,0.0497101223
455.45,14.0,0.0477745398
455.45,14.25,0.0459438894
455.45,14.5,0.0442235018
455.45,14.75,0.042618641
455.45,15.0,0.0411344731
455.45,15.25,0.0397760267
455.45,15.5,0.0385481452
455.45,15.75,0.0374554309
455.45,16.0,0.0365021806
455.45,16.25,0.0356923137
455.45,16.5,0.0350292922
455.45,16.75,0.0345160354
455.45,17.0,0.0341548284
455.45,17.25,0.0339472275
455.45,17.5,0.0338939632
455.45,17.75,0.033994844
455.45,18.0,0.0342486622
455.45,18.25,0.0346531051
455.45,18.5,0.0352046734
455.45,18.75,0.0358986109
455.45,19.0,0.0367288468
455.45,19.25,0.0376879543
455.45,19.5,0.0387671281
455.45,19.75,0.0399561822
455.45,20.0,0.0412435715
455.45,20.25,0.0426164372
455.45,20.5,0.0440606785
455.45,20.75,0.0455610502
455.45,21.0,0.0471012863
455.45,21.25,0.0486642496
455.45,21.5,0.0502321043
455.45,21.75,0.0517865113
455.45,22.0,0.0533088421
455.45,22.25,0.0547804077
455.45,22.5,0.0561827003
455.45,22.75,0.0574976407
455.45,23.0,0.0587078291
455.45,23.25,0.0597967918
455.45,23.5,0.060749221
455.45,23.75,0.0615512003
455.45,24.0,0.0621904124
455.45,24.25,0.0626563232
455.45,24.5,0.0629403394
455.45,24.75,0.0630359343
455.45,25.0,0.0629387399
455.45,25.25,0.0626466032
455.45,25.5,0.0621596043
455.45,25.75,0.0614800374
455.45,26.0,0.0606123536
455.45,26.25,0.059563068
455.45,26.5,0.0583406331
455.45,26.75,0.056955281
455.45,27.0,0.0554188387
455.45,27.25,0.0537445205
455.45,27.5,0.0519467022
455.45,27.75,0.0500406826
455.45,28.0,0.0480424369
455.45,28.25,0.0459683676
455.45,28.5,0.0438350581
455.45,28.75,0.0416590337
455.45,29.0,0.0394565349
455.45,29.25,0.0372433058
455.45,29.5,0.0350344033
455.45,29.75,0.0328440275
455.45,30.0,0.0306853769
455.45,30.25,0.0285705298
455.45,30.5,0.0265103518
455.45,30.75,0.0245144304
455.45,31.0,0.0225910356
455.45,31.25,0.0207471059
455.45,31.5,0.0189882573
455.45,31.75,0.017318814
455.45,32.0,0.0157418582
455.45,32.25,0.0142592963
455.45,32.5,0.0128719387
455.45,32.75,0.0115795904
455.45,33.0,0.0103811499
455.45,33.25,0.0092747132
455.45,33.5,0.0082576803
455.45,33.75,0.0073268626
455.45,34.0,0.0064785876
455.45,34.25,0.005708801
455.45,34.5,0.0050131623
455.45,34.75,0.0043871349
455.45,35.0,0.0038260682
455.5,0.0,0.1443991676
455.5,0.25,0.1451118087
455.5,0.5,0.145688034
455.5,0.75,0.1461261937
455.5,1.0,0.1464250308
455.5,1.25,0.1465836862
455.5,1.5,0.1466017039
455.5,1.75,0.1464790322
455.5,2.0,0.1462160246
455.5,2.25,0.1458134382
455.5,2.5,0.1452724297
455.5,2.75,0.1445945502
455.5,3.0,0.1437817377
455.5,3.25,0.1428363083
455.5,3.5,0.1417609451
455.5,3.75,0.1405586858
455.5,4.0,0.1392329086
455.5,4.25,0.1377873167
455.5,4.5,0.1362259215
455.5,4.75,0.1345530245
455.5,5.0,0.1327731982
455.5,5.25,0.1308912659
455.5,5.5,0.1289122811
455.5,5.75,0.1268415058
455.5,6.0,0.1246843887
455.5,6.25,0.1224465431
455.5,6.5,0.1201337244
455.5,6.75,0.1177518083
455.5,7.0,0.1153067686
455.5,7.25,0.1128046559
455.5,7.5,0.1102515769
455.5,7.75,0.1076536746
455.5,8.0,0.1050171093
455.5,8.25,0.1023480411
455.5,8.5,0.0996526139
455.5,8.75,0.0969369405
455.5,9.0,0.0942070899
455.5,9.25,0.0914690762
455.5,9.5,0.0887288497
455.5,9.75,0.0859922897
455.5,10.0,0.0832651997
455.5,10.25,0.0805533047
455.5,10.5,0.0778622506
455.5,10.75,0.0751976054
455.5,11.0,0.0725648631
455.5,11.25,0.069969448
455.5,11.5,0.067416722
455.5,11.75,0.0649119921
455.5,12.0,0.0624605191
455.5,12.25,0.0600675266
455.5,12.5,0.0577382104
455.5,12.75,0.0554777459
455.5,13.0,0.0532912958
455.5,13.25,0.0511840147
455.5,13.5,0.0491610512
455.5,13.75,0.0472275466
455.5,14.0,0.045388629
455.5,14.25,0.0436494033
455.5,14.5,0.0420149336
455.5,14.75,0.0404902212
455.5,15.0,0.0390801743
455.5,15.25,0.0377895701
455.5,15.5,0.0366230103
455.5,15.75,0.0355848673
455.5,16.0,0.0346792234
455.5,16.25,0.033909802
455.5,16.5,0.0332798925
455.5,16.75,0.0327922683
455.5,17.0,0.0324491004
455.5,17.25,0.0322518673
455.5,17.5,0.032201263
455.5,17.75,0.0322971058
455.5,18.0,0.032538248
455.5,18.25,0.0329224926
455.5,18.5,0.033446515
455.5,18.75,0.0341057965
455.5,19.0,0.0348945695
455.5,19.25,0.0358057782
455.5,19.5,0.0368310569
455.5,19.75,0.0379607285
455.5,20.0,0.0391838242
455.5,20.25,0.0404881276
455.5,20.5,0.0418602419
455.5,20.75,0.0432856835
455.5,21.0,0.0447489986
455.5,21.25,0.0462339058
455.5,21.5,0.0477234602
455.5,21.75,0.0492002385
455.5,22.0,0.0506465424
455.5,22.25,0.0520446165
455.5,22.5,0.0533768771
455.5,22.75,0.0546261481
455.5,23.0,0.0557758984
455.5,23.25,0.0568104771
455.5,23.5,0.0577153411
455.5,23.75,0.0584772687
455.5,24.0,0.0590845578
455.5,24.25,0.0595272006
455.5,24.5,0.0597970327
455.5,24.75,0.0598878535
455.5,25.0,0.0597955131
455.5,25.25,0.059517966
455.5,25.5,0.0590552883
455.5,25.75,0.0584096597
455.5,26.0,0.0575853089
455.5,26.25,0.0565884258
455.5,26.5,0.0554270406
455.5,26.75,0.0541108744
455.5,27.0,0.0526511637
455.5,27.25,0.0510604626
455.5,27.5,0.0493524293
455.5,27.75,0.0475415983
455.5,28.0,0.0456431471
455.5,28.25,0.043672659
455.5,28.5,0.0416458892
455.5,28.75,0.0395785378
455.5,29.0,0.037486034
455.5,29.25,0.0353833359
455.5,29.5,0.0332847484
455.5,29.75,0.0312037622
455.5,30.0,0.0291529169
455.5,30.25,0.0271436875
455.5,30.5,0.025186397
455.5,30.75,0.023290154
455.5,31.0,0.0214628156
455.5,31.25,0.0197109737
455.5,31.5,0.0180399638
455.5,31.75,0.0164538942
455.5,32.0,0.0149556933
455.5,32.25,0.0135471721
455.5,32.5,0.0122291005
455.5,32.75,0.0110012935
455.5,33.0,0.0098627043
455.5,33.25,0.0088115242
455.5,33.5,0.0078452831
455.5,33.75,0.0069609514
455.5,34.0,0.0061550402
455.5,34.25,0.0054236975
455.5,34.5,0.0047627997
455.5,34.75,0.0041680368
455.5,35.0,0.0036349904
455.55,0.0,0.137112573
455.55,0.25,0.1377892532
455.55,0.5,0.1383364013
455.55,0.75,0.1387524509
455.55,1.0,0.1390362081
455.55,1.25,0.1391868576
455.55,1.5,0.139203966
455.55,1.75,0.1390874845
455.55,2.0,0.1388377488
455.55,2.25,0.1384554775
455.55,2.5,0.137941769
455.55,2.75,0.1372980963
455.55,3.0,0.1365262995
455.55,3.25,0.1356285778
455.55,3.5,0.1346074791
455.55,3.75,0.1334658876
455.55,4.0,0.132207011
455.55,4.25,0.1308343658
455.55,4.5,0.1293517609
455.55,4.75,0.1277632808
455.55,5.0,0.1260732671
455.55,5.25,0.1242862999
455.55,5.5,0.1224071776
455.55,5.75,0.1204408966
455.55,6.0,0.1183926309
455.55,6.25,0.1162677102
455.55,6.5,0.1140715998
455.55,6.75,0.1118098787
455.55,7.0,0.1094882193
455.55,7.25,0.1071123669
455.55,7.5,0.10468812
455.55,7.75,0.1022213117
455.55,8.0,0.0997177913
455.55,8.25,0.0971834083
455.55,8.5,0.0946239963
455.55,8.75,0.0920453597
455.55,9.0,0.0894532614
455.55,9.25,0.086853412
455.55,9.5,0.0842514613
455.55,9.75,0.0816529921
455.55,10.0,0.0790635151
455.55,10.25,0.0764884663
455.55,10.5,0.0739332068
455.55,10.75,0.0714030236
455.55,11.0,0.0689031333
455.55,11.25,0.0664386867
455.55,11.5,0.064014775
455.55,11.75,0.0616364374
455.55,12.0,0.0593086693
455.55,12.25,0.0570364308
455.55,12.5,0.0548246553
455.55,12.75,0.0526782571
455.55,13.0,0.0506021386
455.55,13.25,0.048601194
455.55,13.5,0.0466803122
455.55,13.75,0.044844375
455.55,14.0,0.043098252
455.55,14.25,0.0414467901
455.55,14.5,0.0398947982
455.55,14.75,0.0384470251
455.55,15.0,0.0371081312
455.55,15.25,0.0358826528
455.55,15.5,0.0347749593
455.55,15.75,0.0337892025
455.55,16.0,0.0329292587
455.55,16.25,0.0321986635
455.55,16.5,0.0316005401
455.55,16.75,0.0311375222
455.55,17.0,0.030811671
455.55,17.25,0.0306243906
455.55,17.5,0.0305763399
455.55,17.75,0.0306673462
455.55,18.0,0.0308963201
455.55,18.25,0.0312611751
455.55,18.5,0.0317587546
455.55,18.75,0.0323847678
455.55,19.0,0.0331337382
455.55,19.25,0.0339989659
455.55,19.5,0.0349725076
455.55,19.75,0.0360451742
455.55,20.0,0.0372065507
455.55,20.25,0.038445037
455.55,20.5,0.0397479125
455.55,20.75,0.0411014241
455.55,21.0,0.0424908982
455.55,21.25,0.0439008748
455.55,21.5,0.0453152641
455.55,21.75,0.046717522
455.55,22.0,0.0480908433
455.55,22.25,0.0494183686
455.55,22.5,0.0506834013
455.55,22.75,0.0518696322
455.55,23.0,0.0529613644
455.55,23.25,0.0539437368
455.55,23.5,0.05480294
455.55,23.75,0.0555264196
455.55,24.0,0.056103064
455.55,24.25,0.0565233704
455.55,24.5,0.0567795864
455.55,24.75,0.0568658242
455.55,25.0,0.0567781434
455.55,25.25,0.0565146018
455.55,25.5,0.0560752715
455.55,25.75,0.0554622223
455.55,26.0,0.0546794694
455.55,26.25,0.0537328905
455.55,26.5,0.0526301105
455.55,26.75,0.05138036
455.55,27.0,0.0499943084
455.55,27.25,0.0484838765
455.55,27.5,0.046862033
455.55,27.75,0.0451425793
455.55,28.0,0.0433399267
455.55,28.25,0.0414688723
455.55,28.5,0.0395443763
455.55,28.75,0.0375813465
455.55,29.0,0.0355944336
455.55,29.25,0.0335978407
455.55,29.5,0.0316051509
455.55,29.75,0.0296291744
455.55,30.0,0.0276818178
455.55,30.25,0.0257739771
455.55,30.5,0.0239154543
455.55,30.75,0.0221148985
455.55,31.0,0.0203797703
455.55,31.25,0.0187163289
455.55,31.5,0.0171296407
455.55,31.75,0.0156236065
455.55,32.0,0.014201007
455.55,32.25,0.0128635618
455.55,32.5,0.0116120021
455.55,32.75,0.010446152
455.55,33.0,0.0093650178
455.55,33.25,0.0083668818
455.55,33.5,0.0074493986
455.55,33.75,0.0066096915
455.55,34.0,0.0058444478
455.55,34.25,0.0051500097
455.55,34.5,0.0045224618
455.55,34.75,0.0039577115
455.55,35.0,0.0034515634
455.6,0.0,0.1301223535
455.6,0.25,0.1307645355
455.6,0.5,0.1312837891
455.6,0.75,0.1316786278
455.6,1.0,0.1319479186
455.6,1.25,0.1320908878
455.6,1.5,0.132107124
455.6,1.75,0.1319965809
455.6,2.0,0.131759577
455.6,2.25,0.1313967946
455.6,2.5,0.1309092758
455.6,2.75,0.1302984185
455.6,3.0,0.1295659692
455.6,3.25,0.1287140148
455.6,3.5,0.1277449733
455.6,3.75,0.126661582
455.6,4.0,0.125466885
455.6,4.25,0.1241642194
455.6,4.5,0.1227572001
455.6,4.75,0.1212497033
455.6,5.0,0.1196458492
455.6,5.25,0.1179499845
455.6,5.5,0.1161666628
455.6,5.75,0.114300626
455.6,6.0,0.1123567841
455.6,6.25,0.1103401954
455.6,6.5,0.1082560462
455.6,6.75,0.1061096313
455.6,7.0,0.1039063338
455.6,7.25,0.1016516062
455.6,7.5,0.0993509513
455.6,7.75,0.0970099048
455.6,8.0,0.0946340179
455.6,8.25,0.0922288418
455.6,8.5,0.0897999128
455.6,8.75,0.0873527393
455.6,9.0,0.0848927903
455.6,9.25,0.0824254853
455.6,9.5,0.0799561863
455.6,9.75,0.0774901913
455.6,10.0,0.0750327299
455.6,10.25,0.0725889613
455.6,10.5,0.070163973
455.6,10.75,0.0677627826
455.6,11.0,0.0653903407
455.6,11.25,0.0630515356
455.6,11.5,0.0607511988
455.6,11.75,0.0584941127
455.6,12.0,0.056285018
455.6,12.25,0.0541286218
455.6,12.5,0.0520296062
455.6,12.75,0.0499926349
455.6,13.0,0.0480223602
455.6,13.25,0.0461234269
455.6,13.5,0.0443004748
455.6,13.75,0.0425581367
455.6,14.0,0.0409010338
455.6,14.25,0.0393337661
455.6,14.5,0.0378608972
455.6,14.75,0.0364869339
455.6,15.0,0.0352162989
455.6,15.25,0.0340532974
455.6,15.5,0.033002076
455.6,15.75,0.0320665746
455.6,16.0,0.0312504721
455.6,16.25,0.0305571238
455.6,16.5,0.0299894938
455.6,16.75,0.0295500812
455.6,17.0,0.0292408425
455.6,17.25,0.0290631099
455.6,17.5,0.0290175089
455.6,17.75,0.0291038756
455.6,18.0,0.029321176
455.6,18.25,0.0296674302
455.6,18.5,0.0301396422
455.6,18.75,0.0307337403
455.6,19.0,0.0314445269
455.6,19.25,0.032265644
455.6,19.5,0.0331895529
455.6,19.75,0.0342075333
455.6,20.0,0.0353097009
455.6,20.25,0.0364850472
455.6,20.5,0.0377215
455.6,20.75,0.0390060074
455.6,21.0,0.0403246439
455.6,21.25,0.0416627376
455.6,21.5,0.0430050191
455.6,21.75,0.0443357876
455.6,22.0,0.0456390948
455.6,22.25,0.0468989407
455.6,22.5,0.04809948
455.6,22.75,0.049225235
455.6,23.0,0.0502613089
455.6,23.25,0.0511935984
455.6,23.5,0.052008998
455.6,23.75,0.0526955934
455.6,24.0,0.0532428396
455.6,24.25,0.0536417181
455.6,24.5,0.0538848718
455.6,24.75,0.053966713
455.6,25.0,0.0538835024
455.6,25.25,0.0536333965
455.6,25.5,0.053216464
455.6,25.75,0.052634669
455.6,26.0,0.0518918221
455.6,26.25,0.0509935013
455.6,26.5,0.0499469428
455.6,26.75,0.0487609066
455.6,27.0,0.0474455182
455.6,27.25,0.0460120905
455.6,27.5,0.0444729312
455.6,27.75,0.042841138
455.6,28.0,0.0411303875
455.6,28.25,0.0393547225
455.6,28.5,0.0375283404
455.6,28.75,0.035665389
455.6,29.0,0.0337797721
455.6,29.25,0.0318849688
455.6,29.5,0.0299938695
455.6,29.75,0.0281186314
455.6,30.0,0.0262705542
455.6,30.25,0.0244599783
455.6,30.5,0.022696206
455.6,30.75,0.0209874454
455.6,31.0,0.0193407768
455.6,31.25,0.0177621404
455.6,31.5,0.016256344
455.6,31.75,0.0148270899
455.6,32.0,0.0134770168
455.6,32.25,0.0122077568
455.6,32.5,0.0110200036
455.6,32.75,0.0099135904
455.6,33.0,0.0088875741
455.6,33.25,0.0079403247
455.6,33.5,0.0070696162
455.6,33.75,0.0062727188
455.6,34.0,0.0055464884
455.6,34.25,0.0048874539
455.6,34.5,0.0042918994
455.6,34.75,0.003755941
455.6,35.0,0.0032755971
455.65,0.0,0.1234208624
455.65,0.25,0.124029971
455.65,0.5,0.1245224823
455.65,0.75,0.1248969863
455.65,1.0,0.1251524083
455.65,1.25,0.1252880143
455.65,1.5,0.1253034143
455.65,1.75,0.1251985643
455.65,2.0,0.1249737665
455.65,2.25,0.1246296679
455.65,2.5,0.124167257
455.65,2.75,0.1235878598
455.65,3.0,0.1228931327
455.65,3.25,0.1220850552
455.65,3.5,0.1211659207
455.65,3.75,0.1201383256
455.65,4.0,0.1190051573
455.65,4.25,0.1177695809
455.65,4.5,0.1164350252
455.65,4.75,0.1150051666
455.65,5.0,0.1134839134
455.65,5.25,0.1118753881
455.65,5.5,0.1101839101
455.65,5.75,0.108413977
455.65,6.0,0.1065702458
455.65,6.25,0.1046575143
455.65,6.5,0.1026807018
455.65,6.75,0.1006448304
455.65,7.0,0.098555006
455.65,7.25,0.0964164001
455.65,7.5,0.0942342323
455.65,7.75,0.0920137531
455.65,8.0,0.0897602279
455.65,8.25,0.0874789218
455.65,8.5,0.0851750862
455.65,8.75,0.0828539457
455.65,9.0,0.0805206877
455.65,9.25,0.0781804525
455.65,9.5,0.075838326
455.65,9.75,0.0734993333
455.65,10.0,0.0711684349
455.65,10.25,0.0688505238
455.65,10.5,0.066550426
455.65,10.75,0.0642729004
455.65,11.0,0.0620226427
455.65,11.25,0.0598042895
455.65,11.5,0.0576224234
455.65,11.75,0.0554815805
455.65,12.0,0.0533862574
455.65,12.25,0.0513409188
455.65,12.5,0.0493500055
455.65,12.75,0.0474179412
455.65,13.0,0.0455491385
455.65,13.25,0.0437480031
455.65,13.5,0.0420189357
455.65,13.75,0.0403663305
455.65,14.0,0.0387945709
455.65,14.25,0.0373080197
455.65,14.5,0.0359110058
455.65,14.75,0.0346078036
455.65,15.0,0.0334026082
455.65,15.25,0.0322995029
455.65,15.5,0.0313024209
455.65,15.75,0.0304150993
455.65,16.0,0.0296410272
455.65,16.25,0.0289833874
455.65,16.5,0.0284449911
455.65,16.75,0.0280282089
455.65,17.0,0.0277348964
455.65,17.25,0.0275663173
455.65,17.5,0.0275230649
455.65,17.75,0.0276049835
455.65,18.0,0.0278110927
455.65,18.25,0.0281395142
455.65,18.5,0.0285874067
455.65,18.75,0.0291509078
455.65,19.0,0.0298250879
455.65,19.25,0.0306039162
455.65,19.5,0.0314802425
455.65,19.75,0.0324457954
455.65,20.0,0.0334911998
455.65,20.25,0.034606014
455.65,20.5,0.0357787877
455.65,20.75,0.0369971411
455.65,21.0,0.0382478659
455.65,21.25,0.0395170458
455.65,21.5,0.0407901978
455.65,21.75,0.0420524299
455.65,22.0,0.0432886148
455.65,22.25,0.0444835768
455.65,22.5,0.0456222866
455.65,22.75,0.0466900635
455.65,23.0,0.0476727781
455.65,23.25,0.0485570533
455.65,23.5,0.0493304587
455.65,23.75,0.0499816935
455.65,24.0,0.0505007557
455.65,24.25,0.0508790913
455.65,24.5,0.0511097222
455.65,24.75,0.0511873485
455.65,25.0,0.0511084234
455.65,25.25,0.0508711983
455.65,25.5,0.0504757384
455.65,25.75,0.0499239067
455.65,26.0,0.0492193176
455.65,26.25,0.0483672616
455.65,26.5,0.0473746024
455.65,26.75,0.0462496488
455.65,27.0,0.0450020047
455.65,27.25,0.0436424007
455.65,27.5,0.0421825104
455.65,27.75,0.0406347568
455.65,28.0,0.0390121125
455.65,28.25,0.0373278969
455.65,28.5,0.0355955761
455.65,28.75,0.0338285694
455.65,29.0,0.0320400645
455.65,29.25,0.0302428463
455.65,29.5,0.0284491415
455.65,29.75,0.0266704809
455.65,30.0,0.0249175823
455.65,30.25,0.0232002537
455.65,30.5,0.0215273182
455.65,30.75,0.0199065614
455.65,31.0,0.0183446986
455.65,31.25,0.0168473642
455.65,31.5,0.0154191186
455.65,31.75,0.0140634731
455.65,32.0,0.0127829308
455.65,32.25,0.0115790395
455.65,32.5,0.0104524573
455.65,32.75,0.009403026
455.65,33.0,0.0084298511
455.65,33.25,0.0075313864
455.65,33.5,0.0067055207
455.65,33.75,0.0059496646
455.65,34.0,0.0052608362
455.65,34.25,0.0046357429
455.65,34.5,0.0040708603
455.65,34.75,0.0035625045
455.65,35.0,0.0031068991
455.7,0.0,0.1170003826
455.7,0.25,0.1175778047
455.7,0.5,0.1180446951
455.7,0.75,0.1183997169
455.7,1.0,0.1186418516
455.7,1.25,0.1187704033
455.7,1.5,0.1187850022
455.7,1.75,0.1186856066
455.7,2.0,0.118472503
455.7,2.25,0.1181463047
455.7,2.5,0.117707949
455.7,2.75,0.1171586926
455.7,3.0,0.1165001058
455.7,3.25,0.1157340654
455.7,3.5,0.1148627453
455.7,3.75,0.1138886067
455.7,4.0,0.1128143869
455.7,4.25,0.1116430865
455.7,4.5,0.1103779557
455.7,4.75,0.1090224799
455.7,5.0,0.1075803638
455.7,5.25,0.1060555157
455.7,5.5,0.1044520301
455.7,5.75,0.1027741707
455.7,6.0,0.1010263523
455.7,6.25,0.099213123
455.7,6.5,0.0973391464
455.7,6.75,0.0954091831
455.7,7.0,0.0934280735
455.7,7.25,0.0914007201
455.7,7.5,0.0893320709
455.7,7.75,0.0872271033
455.7,8.0,0.0850908088
455.7,8.25,0.0829281786
455.7,8.5,0.0807441908
455.7,8.75,0.0785437985
455.7,9.0,0.0763319189
455.7,9.25,0.0741134252
455.7,9.5,0.0718931385
455.7,9.75,0.0696758226
455.7,10.0,0.0674661799
455.7,10.25,0.065268849
455.7,10.5,0.0630884045
455.7,10.75,0.0609293582
455.7,11.0,0.0587961613
455.7,11.25,0.056693209
455.7,11.5,0.0546248458
455.7,11.75,0.0525953718
455.7,12.0,0.0506090495
455.7,12.25,0.0486701116
455.7,12.5,0.0467827676
455.7,12.75,0.0449512113
455.7,13.0,0.0431796256
455.7,13.25,0.0414721871
455.7,13.5,0.0398330676
455.7,13.75,0.0382664326
455.7,14.0,0.0367764375
455.7,14.25,0.0353672183
455.7,14.5,0.0340428784
455.7,14.75,0.0328074701
455.7,15.0,0.0316649702
455.7,15.25,0.0306192497
455.7,15.5,0.0296740368
455.7,15.75,0.0288328746
455.7,16.0,0.0280990706
455.7,16.25,0.0274756418
455.7,16.5,0.0269652535
455.7,16.75,0.0265701527
455.7,17.0,0.0262920987
455.7,17.25,0.0261322892
455.7,17.5,0.0260912868
455.7,17.75,0.026168944
455.7,18.0,0.0263643311
455.7,18.25,0.0266756678
455.7,18.5,0.0271002604
455.7,18.75,0.0276344477
455.7,19.0,0.0282735562
455.7,19.25,0.0290118691
455.7,19.5,0.029842608
455.7,19.75,0.0307579318
455.7,20.0,0.0317489532
455.7,20.25,0.0328057737
455.7,20.5,0.0339175385
455.7,20.75,0.0350725119
455.7,21.0,0.0362581727
455.7,21.25,0.0374613286
455.7,21.5,0.0386682499
455.7,21.75,0.0398648193
455.7,22.0,0.0410366967
455.7,22.25,0.0421694955
455.7,22.5,0.0432489685
455.7,22.75,0.0442611985
455.7,23.0,0.0451927913
455.7,23.25,0.0460310656
455.7,23.5,0.0467642376
455.7,23.75,0.0473815945
455.7,24.0,0.0478736546
455.7,24.25,0.0482323088
455.7,24.5,0.048450942
455.7,24.75,0.0485245302
455.7,25.0,0.0484497108
455.7,25.25,0.0482248264
455.7,25.5,0.0478499388
455.7,25.75,0.0473268139
455.7,26.0,0.0466588782
455.7,26.25,0.045851147
455.7,26.5,0.044910127
455.7,26.75,0.0438436946
455.7,27.0,0.0426609543
455.7,27.25,0.0413720783
455.7,27.5,0.0399881329
455.7,27.75,0.0385208951
455.7,28.0,0.0369826624
455.7,28.25,0.0353860614
455.7,28.5,0.0337438577
455.7,28.75,0.0320687726
455.7,29.0,0.0303733075
455.7,29.25,0.0286695824
455.7,29.5,0.0269691879
455.7,29.75,0.0252830551
455.7,30.0,0.0236213441
455.7,30.25,0.0219933527
455.7,30.5,0.0204074451
455.7,30.75,0.0188710016
455.7,31.0,0.0173903886
455.7,31.25,0.015970947
455.7,31.5,0.0146170002
455.7,31.75,0.0133318768
455.7,32.0,0.0121179496
455.7,32.25,0.010976686
455.7,32.5,0.0099087098
455.7,32.75,0.0089138709
455.7,33.0,0.0079913216
455.7,33.25,0.0071395959
455.7,33.5,0.0063566926
455.7,33.75,0.005640157
455.7,34.0,0.0049871621
455.7,34.25,0.0043945868
455.7,34.5,0.00385909
455.7,34.75,0.0033771794
455.7,35.0,0.002945275
455.75,0.0,0.1108531465
455.75,0.25,0.1114002307
455.75,0.5,0.1118425905
455.75,0.75,0.1121789594
455.75,1.0,0.1124083723
455.75,1.25,0.1125301698
455.75,1.5,0.1125440016
455.75,1.75,0.1124498283
455.75,2.0,0.1122479213
455.75,2.25,0.1119388615
455.75,2.5,0.1115235371
455.75,2.75,0.1110031388
455.75,3.0,0.1103791545
455.75,3.25,0.109653362
455.75,3.5,0.1088278213
455.75,3.75,0.1079048643
455.75,4.0,0.1068870844
455.75,4.25,0.1057773244
455.75,4.5,0.104578664
455.75,4.75,0.1032944053
455.75,5.0,0.1019280584
455.75,5.25,0.1004833263
455.75,5.5,0.0989640883
455.75,5.75,0.0973743842
455.75,6.0,0.0957183967
455.75,6.25,0.094000435
455.75,6.5,0.0922249177
455.75,6.75,0.0903963553
455.75,7.0,0.0885193338
455.75,7.25,0.0865984981
455.75,7.5,0.0846385364
455.75,7.75,0.0826441645
455.75,8.0,0.0806201115
455.75,8.25,0.0785711066
455.75,8.5,0.0765018662
455.75,8.75,0.0744170832
455.75,9.0,0.0723214164
455.75,9.25,0.0702194831
455.75,9.5,0.0681158509
455.75,9.75,0.0660150335
455.75,10.0,0.063921486
455.75,10.25,0.0618396036
455.75,10.5,0.0597737204
455.75,10.75,0.057728111
455.75,11.0,0.0557069929
455.75,11.25,0.0537145304
455.75,11.5,0.0517548396
455.75,11.75,0.0498319948
455.75,12.0,0.0479500345
455.75,12.25,0.0461129689
455.75,12.5,0.0443247866
455.75,12.75,0.0425894608
455.75,13.0,0.0409109548
455.75,13.25,0.0392932257
455.75,13.5,0.0377402259
455.75,13.75,0.0362559025
455.75,14.0,0.0348441922
455.75,14.25,0.0335090138
455.75,14.5,0.0322542551
455.75,14.75,0.0310837555
455.75,15.0,0.0300012829
455.75,15.25,0.0290105049
455.75,15.5,0.0281149538
455.75,15.75,0.0273179865
455.75,16.0,0.0266227368
455.75,16.25,0.0260320631
455.75,16.5,0.0255484908
455.75,16.75,0.0251741487
455.75,17.0,0.0249107037
455.75,17.25,0.0247592907
455.75,17.5,0.0247204426
455.75,17.75,0.0247940196
455.75,18.0,0.0249791411
455.75,18.25,0.02527412
455.75,18.5,0.0256764044
455.75,18.75,0.0261825253
455.75,19.0,0.0267880549
455.75,19.25,0.0274875766
455.75,19.5,0.0282746682
455.75,19.75,0.0291419006
455.75,20.0,0.0300808535
455.75,20.25,0.0310821483
455.75,20.5,0.0321355006
455.75,20.75,0.0332297913
455.75,21.0,0.0343531571
455.75,21.25,0.0354930988
455.75,21.5,0.0366366082
455.75,21.75,0.0377703095
455.75,22.0,0.038880616
455.75,22.25,0.0399538972
455.75,22.5,0.0409766544
455.75,22.75,0.0419357015
455.75,23.0,0.0428183481
455.75,23.25,0.0436125793
455.75,23.5,0.0443072302
455.75,23.75,0.044892151
455.75,24.0,0.045358358
455.75,24.25,0.0456981684
455.75,24.5,0.0459053147
455.75,24.75,0.0459750364
455.75,25.0,0.0459041481
455.75,25.25,0.0456910792
455.75,25.5,0.0453358883
455.75,25.75,0.0448402485
455.75,26.0,0.0442074064
455.75,26.25,0.0434421136
455.75,26.5,0.0425505351
455.75,26.75,0.0415401334
455.75,27.0,0.0404195346
455.75,27.25,0.0391983765
455.75,27.5,0.0378871441
455.75,27.75,0.0364969954
455.75,28.0,0.035039582
455.75,28.25,0.0335268668
455.75,28.5,0.0319709451
455.75,28.75,0.0303838694
455.75,29.0,0.0287774846
455.75,29.25,0.0271632738
455.75,29.5,0.0255522185
455.75,29.75,0.0239546756
455.75,30.0,0.0223802715
455.75,30.25,0.0208378152
455.75,30.5,0.0193352316
455.75,30.75,0.0178795134
455.75,31.0,0.0164766922
455.75,31.25,0.0151318286
455.75,31.5,0.0138490185
455.75,31.75,0.0126314159
455.75,32.0,0.0114812688
455.75,32.25,0.0103999675
455.75,32.5,0.0093881031
455.75,32.75,0.0084455334
455.75,33.0,0.0075714551
455.75,33.25,0.0067644794
455.75,33.5,0.00602271
455.75,33.75,0.0053438214
455.75,34.0,0.0047251351
455.75,34.25,0.0041636939
455.75,34.5,0.0036563322
455.75,34.75,0.0031997414
455.75,35.0,0.0027905294
455.8,0.0,0.1049713556
455.8,0.25,0.1054894119
455.8,0.5,0.1059083004
455.8,0.75,0.1062268218
455.8,1.0,0.1064440622
455.8,1.25,0.1065593972
455.8,1.5,0.1065724952
455.8,1.75,0.1064833186
455.8,2.0,0.1062921246
455.8,2.25,0.1059994634
455.8,2.5,0.1056061758
455.8,2.75,0.1051133895
455.8,3.0,0.1045225133
455.8,3.25,0.1038352309
455.8,3.5,0.1030534928
455.8,3.75,0.1021795072
455.8,4.0,0.10121573
455.8,4.25,0.1001648532
455.8,4.5,0.0990297928
455.8,4.75,0.0978136759
455.8,5.0,0.0965198265
455.8,5.25,0.0951517509
455.8,5.5,0.0937131226
455.8,5.75,0.092207767
455.8,6.0,0.0906396451
455.8,6.25,0.0890128373
455.8,6.5,0.0873315277
455.8,6.75,0.0855999875
455.8,7.0,0.0838225595
455.8,7.25,0.082003642
455.8,7.5,0.0801476745
455.8,7.75,0.0782591226
455.8,8.0,0.0763424645
455.8,8.25,0.0744021783
455.8,8.5,0.0724427304
455.8,8.75,0.0704685645
455.8,9.0,0.0684840924
455.8,9.25,0.0664936861
455.8,9.5,0.0645016712
455.8,9.75,0.0625123217
455.8,10.0,0.0605298564
455.8,10.25,0.0585584372
455.8,10.5,0.0566021683
455.8,10.75,0.0546650975
455.8,11.0,0.0527512186
455.8,11.25,0.0508644747
455.8,11.5,0.0490087638
455.8,11.75,0.0471879438
455.8,12.0,0.045405839
455.8,12.25,0.0436662469
455.8,12.5,0.0419729443
455.8,12.75,0.0403296936
455.8,13.0,0.038740248
455.8,13.25,0.0372083545
455.8,13.5,0.0357377558
455.8,13.75,0.0343321895
455.8,14.0,0.0329953836
455.8,14.25,0.0317310488
455.8,14.5,0.0305428668
455.8,14.75,0.0294344731
455.8,15.0,0.0284094357
455.8,15.25,0.0274712276
455.8,15.5,0.0266231939
455.8,15.75,0.0258685131
455.8,16.0,0.0252101529
455.8,16.25,0.02465082
455.8,16.5,0.0241929056
455.8,16.75,0.0238384259
455.8,17.0,0.0235889591
455.8,17.25,0.02344558
455.8,17.5,0.0234087931
455.8,17.75,0.0234784662
455.8,18.0,0.0236537652
455.8,18.25,0.0239330928
455.8,18.5,0.0243140323
455.8,18.75,0.0247932987
455.8,19.0,0.0253666993
455.8,19.25,0.0260291049
455.8,19.5,0.026774434
455.8,19.75,0.0275956516
455.8,20.0,0.0284847843
455.8,20.25,0.0294329511
455.8,20.5,0.0304304132
455.8,20.75,0.0314666417
455.8,21.0,0.0325304025
455.8,21.25,0.0336098597
455.8,21.5,0.0346926952
455.8,21.75,0.0357662431
455.8,22.0,0.0368176376
455.8,22.25,0.0378339712
455.8,22.5,0.0388024616
455.8,22.75,0.0397106224
455.8,23.0,0.0405464364
455.8,23.25,0.0412985261
455.8,23.5,0.0419563194
455.8,23.75,0.0425102047
455.8,24.0,0.0429516751
455.8,24.25,0.0432734554
455.8,24.5,0.0434696106
455.8,24.75,0.043535633
455.8,25.0,0.0434685059
455.8,25.25,0.0432667423
455.8,25.5,0.0429303976
455.8,25.75,0.0424610561
455.8,26.0,0.0418617921
455.8,26.25,0.0411371053
455.8,26.5,0.0402928333
455.8,26.75,0.0393360428
455.8,27.0,0.0382749022
455.8,27.25,0.0371185379
455.8,27.5,0.0358768786
455.8,27.75,0.0345604902
455.8,28.0,0.0331804061
455.8,28.25,0.0317479546
455.8,28.5,0.030274589
455.8,28.75,0.0287717224
455.8,29.0,0.0272505713
455.8,29.25,0.0257220094
455.8,29.5,0.0241964356
455.8,29.75,0.0226836572
455.8,30.0,0.0211927898
455.8,30.25,0.0197321752
455.8,30.5,0.0183093177
455.8,30.75,0.0169308388
455.8,31.0,0.0156024504
455.8,31.25,0.0143289443
455.8,31.5,0.0131141992
455.8,31.75,0.0119612018
455.8,32.0,0.0108720807
455.8,32.25,0.0098481525
455.8,32.5,0.0088899769
455.8,32.75,0.0079974193
455.8,33.0,0.0071697189
455.8,33.25,0.0064055608
455.8,33.5,0.0057031492
455.8,33.75,0.005060282
455.8,34.0,0.0044744227
455.8,34.25,0.0039427712
455.8,34.5,0.0034623298
455.8,34.75,0.0030299653
455.8,35.0,0.0026424658
455.85,0.0,0.0993471985
455.85,0.25,0.0998374984
455.85,0.5,0.1002339436
455.85,0.75,0.1005353993
455.85,1.0,0.1007410003
455.85,1.25,0.1008501559
455.85,1.5,0.1008625521
455.85,1.75,0.1007781535
455.85,2.0,0.1005972033
455.85,2.25,0.1003202223
455.85,2.5,0.0999480063
455.85,2.75,0.0994816224
455.85,3.0,0.0989224042
455.85,3.25,0.0982719451
455.85,3.5,0.0975320909
455.85,3.75,0.0967049318
455.85,4.0,0.0957927918
455.85,4.25,0.0947982189
455.85,4.5,0.0937239728
455.85,4.75,0.0925730131
455.85,5.0,0.0913484855
455.85,5.25,0.0900537087
455.85,5.5,0.0886921593
455.85,5.75,0.0872674577
455.85,6.0,0.0857833526
455.85,6.25,0.0842437059
455.85,6.5,0.0826524776
455.85,6.75,0.0810137099
455.85,7.0,0.0793315129
455.85,7.25,0.0776100495
455.85,7.5,0.075853521
455.85,7.75,0.0740661539
455.85,8.0,0.0722521866
455.85,8.25,0.0704158571
455.85,8.5,0.0685613925
455.85,8.75,0.0666929985
455.85,9.0,0.0648148505
455.85,9.25,0.0629310862
455.85,9.5,0.0610457996
455.85,9.75,0.0591630354
455.85,10.0,0.0572867867
455.85,10.25,0.0554209922
455.85,10.5,0.0535695364
455.85,10.75,0.05173625
455.85,11.0,0.0499249128
455.85,11.25,0.048139257
455.85,11.5,0.0463829714
455.85,11.75,0.0446597073
455.85,12.0,0.0429730842
455.85,12.25,0.0413266959
455.85,12.5,0.0397241171
455.85,12.75,0.0381689086
455.85,13.0,0.0366646223
455.85,13.25,0.0352148046
455.85,13.5,0.0338229977
455.85,13.75,0.0324927388
455.85,14.0,0.0312275563
455.85,14.25,0.0300309621
455.85,14.5,0.0289064405
455.85,14.75,0.0278574324
455.85,15.0,0.0268873145
455.85,15.25,0.0259993737
455.85,15.5,0.025196776
455.85,15.75,0.0244825295
455.85,16.0,0.0238594429
455.85,16.25,0.0233300779
455.85,16.5,0.0228966977
455.85,16.75,0.0225612103
455.85,17.0,0.0223251094
455.85,17.25,0.0221894123
455.85,17.5,0.0221545963
455.85,17.75,0.0222205365
455.85,18.0,0.0223864434
455.85,18.25,0.0226508051
455.85,18.5,0.0230113346
455.85,18.75,0.0234649229
455.85,19.0,0.0240076019
455.85,19.25,0.0246345171
455.85,19.5,0.0253399129
455.85,19.75,0.0261171313
455.85,20.0,0.026958626
455.85,20.25,0.0278559919
455.85,20.5,0.028800012
455.85,20.75,0.0297807214
455.85,21.0,0.030787488
455.85,21.25,0.03180911
455.85,21.5,0.0328339294
455.85,21.75,0.0338499587
455.85,22.0,0.0348450215
455.85,22.25,0.035806902
455.85,22.5,0.0367235026
455.85,22.75,0.0375830059
455.85,23.0,0.0383740387
455.85,23.25,0.039085833
455.85,23.5,0.0397083829
455.85,23.75,0.0402325922
455.85,24.0,0.0406504095
455.85,24.25,0.0409549494
455.85,24.5,0.041140595
455.85,24.75,0.0412030801
455.85,25.0,0.0411395495
455.85,25.25,0.040948596
455.85,25.5,0.040630272
455.85,25.75,0.0401860769
455.85,26.0,0.0396189203
455.85,26.25,0.0389330607
455.85,26.5,0.0381340231
455.85,26.75,0.0372284956
455.85,27.0,0.0362242089
455.85,27.25,0.0351298003
455.85,27.5,0.0339546666
455.85,27.75,0.0327088077
455.85,28.0,0.0314026657
455.85,28.25,0.0300469621
455.85,28.5,0.0286525365
455.85,28.75,0.0272301906
455.85,29.0,0.0257905397
455.85,29.25,0.0243438751
455.85,29.5,0.0229000385
455.85,29.75,0.0214683118
455.85,30.0,0.0200573221
455.85,30.25,0.0186749644
455.85,30.5,0.0173283407
455.85,30.75,0.0160237181
455.85,31.0,0.014766502
455.85,31.25,0.0135612278
455.85,31.5,0.0124115664
455.85,31.75,0.0113203443
455.85,32.0,0.0102895761
455.85,32.25,0.009320508
455.85,32.5,0.0084136695
455.85,32.75,0.0075689334
455.85,33.0,0.0067855796
455.85,33.25,0.0060623635
455.85,33.5,0.0053975858
455.85,33.75,0.0047891621
455.85,34.0,0.004234692
455.85,34.25,0.0037315253
455.85,34.5,0.003276825
455.85,34.75,0.0028676258
455.85,35.0,0.0025008877
455.9,0.0,0.0939728681
455.9,0.25,0.0944366445
455.9,0.5,0.0948116435
455.9,0.75,0.0950967914
455.9,1.0,0.0952912702
455.9,1.25,0.0953945209
455.9,1.5,0.0954062465
455.9,1.75,0.0953264135
455.9,2.0,0.0951552521
455.9,2.25,0.0948932547
455.9,2.5,0.0945411743
455.9,2.75,0.0941000202
455.9,3.0,0.0935710537
455.9,3.25,0.092955782
455.9,3.5,0.0922559514
455.9,3.75,0.0914735386
455.9,4.0,0.0906107422
455.9,4.25,0.0896699721
455.9,4.5,0.0886538389
455.9,4.75,0.087565142
455.9,5.0,0.0864068571
455.9,5.25,0.085182123
455.9,5.5,0.0838942286
455.9,5.75,0.0825465983
455.9,6.0,0.081142778
455.9,6.25,0.0796864208
455.9,6.5,0.0781812722
455.9,6.75,0.0766311561
455.9,7.0,0.07503996
455.9,7.25,0.0734116216
455.9,7.5,0.0717501151
455.9,7.75,0.0700594382
455.9,8.0,0.0683436
455.9,8.25,0.0666066095
455.9,8.5,0.0648524648
455.9,8.75,0.0630851443
455.9,9.0,0.0613085974
455.9,9.25,0.0595267381
455.9,9.5,0.0577434387
455.9,9.75,0.0559625255
455.9,10.0,0.0541877751
455.9,10.25,0.0524229135
455.9,10.5,0.0506716148
455.9,10.75,0.0489375027
455.9,11.0,0.0472241525
455.9,11.25,0.0455350943
455.9,11.5,0.0438738175
455.9,11.75,0.0422437758
455.9,12.0,0.040648393
455.9,12.25,0.0390910685
455.9,12.5,0.0375751835
455.9,12.75,0.0361041063
455.9,13.0,0.0346811965
455.9,13.25,0.0333098088
455.9,13.5,0.0319932937
455.9,13.75,0.0307349971
455.9,14.0,0.0295382565
455.9,14.25,0.0284063938
455.9,14.5,0.0273427048
455.9,14.75,0.0263504443
455.9,15.0,0.0254328063
455.9,15.25,0.0245929
455.9,15.5,0.0238337199
455.9,15.75,0.0231581116
455.9,16.0,0.0225687318
455.9,16.25,0.0220680036
455.9,16.5,0.0216580677
455.9,16.75,0.021340729
455.9,17.0,0.0211174003
455.9,17.25,0.0209890439
455.9,17.5,0.0209561114
455.9,17.75,0.0210184844
455.9,18.0,0.0211754163
455.9,18.25,0.0214254771
455.9,18.5,0.0217665032
455.9,18.75,0.022195554
455.9,19.0,0.0227088759
455.9,19.25,0.0233018772
455.9,19.5,0.0239691136
455.9,19.75,0.0247042873
455.9,20.0,0.0255002602
455.9,20.25,0.0263490817
455.9,20.5,0.0272420337
455.9,20.75,0.0281696902
455.9,21.0,0.0291219943
455.9,21.25,0.0300883502
455.9,21.5,0.0310577305
455.9,21.75,0.0320187962
455.9,22.0,0.0329600297
455.9,22.25,0.0338698759
455.9,22.5,0.0347368916
455.9,22.75,0.0355498989
455.9,23.0,0.0362981396
455.9,23.25,0.0369714283
455.9,23.5,0.0375603005
455.9,23.75,0.0380561519
455.9,24.0,0.0384513668
455.9,24.25,0.0387394322
455.9,24.5,0.038915035
455.9,24.75,0.0389741398
455.9,25.0,0.0389140461
455.9,25.25,0.0387334225
455.9,25.5,0.0384323186
455.9,25.75,0.038012153
455.9,26.0,0.0374756775
455.9,26.25,0.0368269205
455.9,26.5,0.036071108
455.9,26.75,0.0352145663
455.9,27.0,0.0342646079
455.9,27.25,0.0332294029
455.9,27.5,0.0321178398
455.9,27.75,0.0309393774
455.9,28.0,0.0297038931
455.9,28.25,0.0284215282
455.9,28.5,0.0271025361
455.9,28.75,0.025757134
455.9,29.0,0.0243953631
455.9,29.25,0.0230269579
455.9,29.5,0.0216612278
455.9,29.75,0.0203069524
455.9,30.0,0.0189722923
455.9,30.25,0.0176647152
455.9,30.5,0.0163909391
455.9,30.75,0.0151568918
455.9,31.0,0.0139676867
455.9,31.25,0.0128276136
455.9,31.5,0.0117401448
455.9,31.75,0.0107079539
455.9,32.0,0.0097329466
455.9,32.25,0.0088163016
455.9,32.5,0.0079585199
455.9,32.75,0.007159481
455.9,33.0,0.0064185039
455.9,33.25,0.0057344112
455.9,33.5,0.0051055956
455.9,33.75,0.0045300854
455.9,34.0,0.0040056102
455.9,34.25,0.0035296631
455.9,34.5,0.0030995604
455.9,34.75,0.0027124974
455.9,35.0,0.0023655986
455.95,0.0,0.0888405783
455.95,0.25,0.0892790257
455.95,0.5,0.0896335443
455.95,0.75,0.089903119
455.95,1.0,0.0900869764
455.95,1.25,0.0901845881
455.95,1.5,0.0901956733
455.95,1.75,0.0901202004
455.95,2.0,0.0899583869
455.95,2.25,0.0897106984
455.95,2.5,0.0893778467
455.95,2.75,0.088960786
455.95,3.0,0.0884607088
455.95,3.25,0.08787904
455.95,3.5,0.0872174303
455.95,3.75,0.0864777487
455.95,4.0,0.0856620735
455.95,4.25,0.0847726832
455.95,4.5,0.0838120458
455.95,4.75,0.0827828076
455.95,5.0,0.0816877819
455.95,5.25,0.0805299362
455.95,5.5,0.0793123796
455.95,5.75,0.0780383496
455.95,6.0,0.0767111984
455.95,6.25,0.0753343795
455.95,6.5,0.073911434
455.95,6.75,0.0724459768
455.95,7.0,0.0709416832
455.95,7.25,0.0694022759
455.95,7.5,0.0678315119
455.95,7.75,0.0662331706
455.95,8.0,0.0646110422
455.95,8.25,0.0629689167
455.95,8.5,0.061310574
455.95,8.75,0.0596397749
455.95,9.0,0.0579602534
455.95,9.25,0.0562757096
455.95,9.5,0.0545898044
455.95,9.75,0.052906155
455.95,10.0,0.0512283319
455.95,10.25,0.0495598575
455.95,10.5,0.0479042053
455.95,10.75,0.046264801
455.95,11.0,0.0446450247
455.95,11.25,0.0430482137
455.95,11.5,0.0414776669
455.95,11.75,0.0399366493
455.95,12.0,0.0384283977
455.95,12.25,0.0369561258
455.95,12.5,0.0355230302
455.95,12.75,0.0341322953
455.95,13.0,0.0327870972
455.95,13.25,0.0314906072
455.95,13.5,0.030245993
455.95,13.75,0.0290564178
455.95,14.0,0.0279250367
455.95,14.25,0.0268549902
455.95,14.5,0.0258493941
455.95,14.75,0.0249113255
455.95,15.0,0.024043804
455.95,15.25,0.0232497688
455.95,15.5,0.0225320511
455.95,15.75,0.0218933408
455.95,16.0,0.0213361497
455.95,16.25,0.0208627686
455.95,16.5,0.0204752212
455.95,16.75,0.0201752138
455.95,17.0,0.0199640822
455.95,17.25,0.0198427358
455.95,17.5,0.0198116019
455.95,17.75,0.0198705685
455.95,18.0,0.0200189296
455.95,18.25,0.0202553334
455.95,18.5,0.0205777345
455.95,18.75,0.0209833529
455.95,19.0,0.0214686399
455.95,19.25,0.0220292547
455.95,19.5,0.0226600503
455.95,19.75,0.0233550728
455.95,20.0,0.0241075739
455.95,20.25,0.0249100374
455.95,20.5,0.0257542212
455.95,20.75,0.0266312141
455.95,21.0,0.0275315085
455.95,21.25,0.0284450873
455.95,21.5,0.0293615252
455.95,21.75,0.0302701027
455.95,22.0,0.0311599311
455.95,22.25,0.0320200864
455.95,22.5,0.0328397505
455.95,22.75,0.0336083557
455.95,23.0,0.0343157315
455.95,23.25,0.0349522489
455.95,23.5,0.0355089601
455.95,23.75,0.0359777307
455.95,24.0,0.0363513611
455.95,24.25,0.036623694
455.95,24.5,0.0367897063
455.95,24.75,0.0368455831
455.95,25.0,0.0367887713
455.95,25.25,0.0366180124
455.95,25.5,0.0363333532
455.95,25.75,0.0359361348
455.95,26.0,0.0354289587
455.95,26.25,0.0348156333
455.95,26.5,0.0341010992
455.95,26.75,0.0332913372
455.95,27.0,0.0323932603
455.95,27.25,0.0314145926
455.95,27.5,0.0303637371
455.95,27.75,0.029249636
455.95,28.0,0.0280816271
455.95,28.25,0.0268692981
455.95,28.5,0.0256223422
455.95,28.75,0.0243504187
455.95,29.0,0.0230630204
455.95,29.25,0.02176935
455.95,29.5,0.0204782087
455.95,29.75,0.0191978965
455.95,30.0,0.0179361283
455.95,30.25,0.016699964
455.95,30.5,0.0154957546
455.95,30.75,0.0143291044
455.95,31.0,0.0132048472
455.95,31.25,0.0121270387
455.95,31.5,0.0110989616
455.95,31.75,0.0101231434
455.95,32.0,0.0092013857
455.95,32.25,0.0083348029
455.95,32.5,0.0075238686
455.95,32.75,0.0067684689
455.95,33.0,0.0060679599
455.95,33.25,0.0054212287
455.95,33.5,0.0048267556
455.95,33.75,0.0042826767
455.95,34.0,0.0037868454
455.95,34.25,0.0033368919
455.95,34.5,0.0029302792
455.95,34.75,0.0025643555
455.95,35.0,0.0022364024
456.0,0.0,0.0839425793
456.0,0.25,0.0843568541
456.0,0.5,0.0846918272
456.0,0.75,0.0849465396
456.0,1.0,0.0851202605
456.0,1.25,0.0852124906
456.0,1.5,0.0852229646
456.0,1.75,0.0851516527
456.0,2.0,0.0849987604
456.0,2.25,0.0847647276
456.0,2.5,0.0844502268
456.0,2.75,0.0840561597
456.0,3.0,0.083583653
456.0,3.25,0.083034053
456.0,3.5,0.0824089195
456.0,3.75,0.0817100183
456.0,4.0,0.0809393133
456.0,4.25,0.0800989573
456.0,4.5,0.0791912821
456.0,4.75,0.0782187884
456.0,5.0,0.0771841341
456.0,5.25,0.0760901233
456.0,5.5,0.0749396936
456.0,5.75,0.073735904
456.0,6.0,0.0724819219
456.0,6.25,0.0711810104
456.0,6.5,0.0698365154
456.0,6.75,0.0684518524
456.0,7.0,0.0670304942
456.0,7.25,0.0655759582
456.0,7.5,0.0640917943
456.0,7.75,0.0625815735
456.0,8.0,0.061048877
456.0,8.25,0.0594972859
456.0,8.5,0.0579303717
456.0,8.75,0.0563516878
456.0,9.0,0.0547647625
456.0,9.25,0.0531730917
456.0,9.5,0.0515801346
456.0,9.75,0.0499893089
456.0,10.0,0.0484039884
456.0,10.25,0.046827501
456.0,10.5,0.0452631289
456.0,10.75,0.0437141091
456.0,11.0,0.042183635
456.0,11.25,0.0406748601
456.0,11.5,0.0391909014
456.0,11.75,0.0377348439
456.0,12.0,0.0363097458
456.0,12.25,0.0349186439
456.0,12.5,0.0335645585
456.0,12.75,0.0322504981
456.0,13.0,0.0309794641
456.0,13.25,0.0297544528
456.0,13.5,0.0285784573
456.0,13.75,0.0274544662
456.0,14.0,0.0263854609
456.0,14.25,0.0253744087
456.0,14.5,0.0244242537
456.0,14.75,0.0235379031
456.0,15.0,0.0227182101
456.0,15.25,0.021967952
456.0,15.5,0.0212898038
456.0,15.75,0.0206863073
456.0,16.0,0.0201598355
456.0,16.25,0.019712553
456.0,16.5,0.019346372
456.0,16.75,0.0190629048
456.0,17.0,0.0188634133
456.0,17.25,0.0187487572
456.0,17.5,0.0187193397
456.0,17.75,0.0187750553
456.0,18.0,0.0189152369
456.0,18.25,0.0191386072
456.0,18.5,0.0194432335
456.0,18.75,0.0198264892
456.0,19.0,0.0202850212
456.0,19.25,0.0208147279
456.0,19.5,0.0214107461
456.0,19.75,0.0220674503
456.0,20.0,0.0227784642
456.0,20.25,0.0235366859
456.0,20.5,0.0243343278
456.0,20.75,0.02516297
456.0,21.0,0.0260136289
456.0,21.25,0.0268768399
456.0,21.5,0.0277427523
456.0,21.75,0.0286012377
456.0,22.0,0.0294420077
456.0,22.25,0.0302547406
456.0,22.5,0.0310292145
456.0,22.75,0.0317554446
456.0,23.0,0.0324238211
456.0,23.25,0.0330252457
456.0,23.5,0.033551264
456.0,23.75,0.0339941902
456.0,24.0,0.0343472214
456.0,24.25,0.0346045399
456.0,24.5,0.0347613996
456.0,24.75,0.0348141958
456.0,25.0,0.0347605162
456.0,25.25,0.0345991716
456.0,25.5,0.0343302064
456.0,25.75,0.0339548875
456.0,26.0,0.0334756733
456.0,26.25,0.0328961621
456.0,26.5,0.0322210219
456.0,26.75,0.0314559041
456.0,27.0,0.0306073404
456.0,27.25,0.0296826291
456.0,27.5,0.0286897098
456.0,27.75,0.0276370318
456.0,28.0,0.0265334182
456.0,28.25,0.0253879278
456.0,28.5,0.0242097196
456.0,28.75,0.0230079204
456.0,29.0,0.0217914995
456.0,29.25,0.0205691524
456.0,29.5,0.0193491948
456.0,29.75,0.0181394694
456.0,30.0,0.0169472656
456.0,30.25,0.015779254
456.0,30.5,0.0146414357
456.0,30.75,0.0135391057
456.0,31.0,0.0124768316
456.0,31.25,0.0114584453
456.0,31.5,0.0104870486
456.0,31.75,0.0095650297
456.0,32.0,0.0086940908
456.0,32.25,0.0078752848
456.0,32.5,0.0071090593
456.0,32.75,0.0063953066
456.0,33.0,0.0057334184
456.0,33.25,0.0051223431
456.0,33.5,0.0045606447
456.0,33.75,0.0040465622
456.0,34.0,0.0035780674
456.0,34.25,0.0031529209
456.0,34.5,0.0027687257
456.0,34.75,0.0024229763
456.0,35.0,0.0021131041
456.05,0.0,0.0792711723
456.05,0.25,0.0796623927
456.05,0.5,0.0799787245
456.05,0.75,0.0802192622
456.05,1.0,0.0803833155
456.05,1.25,0.080470413
456.05,1.5,0.0804803041
456.05,1.75,0.0804129607
456.05,2.0,0.0802685768
456.05,2.25,0.080047568
456.05,2.5,0.0797505692
456.05,2.75,0.0793784319
456.05,3.0,0.0789322202
456.05,3.25,0.0784132055
456.05,3.5,0.0778228607
456.05,3.75,0.0771628534
456.05,4.0,0.0764350382
456.05,4.25,0.075641448
456.05,4.5,0.0747842849
456.05,4.75,0.0738659105
456.05,5.0,0.0728888348
456.05,5.25,0.0718557057
456.05,5.5,0.0707692975
456.05,5.75,0.0696324988
456.05,6.0,0.0684483008
456.05,6.25,0.0672197851
456.05,6.5,0.0659501112
456.05,6.75,0.0646425048
456.05,7.0,0.0633002452
456.05,7.25,0.0619266542
456.05,7.5,0.060525084
456.05,7.75,0.0590989071
456.05,8.0,0.0576515052
456.05,8.25,0.0561862602
456.05,8.5,0.0547065448
456.05,8.75,0.0532157147
456.05,9.0,0.0517171018
456.05,9.25,0.0502140076
456.05,9.5,0.0487096986
456.05,9.75,0.0472074024
456.05,10.0,0.045710305
456.05,10.25,0.0442215492
456.05,10.5,0.0427442345
456.05,10.75,0.0412814176
456.05,11.0,0.0398361144
456.05,11.25,0.0384113029
456.05,11.5,0.0370099266
456.05,11.75,0.0356348987
456.05,12.0,0.0342891074
456.05,12.25,0.0329754204
456.05,12.5,0.0316966898
456.05,12.75,0.0304557569
456.05,13.0,0.029255456
456.05,13.25,0.0280986166
456.05,13.5,0.0269880653
456.05,13.75,0.0259266244
456.05,14.0,0.0249171092
456.05,14.25,0.0239623221
456.05,14.5,0.0230650432
456.05,14.75,0.0222280181
456.05,15.0,0.021453941
456.05,15.25,0.0207454349
456.05,15.5,0.0201050256
456.05,15.75,0.0195351136
456.05,16.0,0.01903794
456.05,16.25,0.0186155488
456.05,16.5,0.0182697459
456.05,16.75,0.0180020536
456.05,17.0,0.0178136638
456.05,17.25,0.0177053883
456.05,17.5,0.0176776079
456.05,17.75,0.0177302229
456.05,18.0,0.0178626034
456.05,18.25,0.0180735431
456.05,18.5,0.018361217
456.05,18.75,0.0187231444
456.05,19.0,0.0191561591
456.05,19.25,0.0196563877
456.05,19.5,0.0202192375
456.05,19.75,0.0208393961
456.05,20.0,0.021510842
456.05,20.25,0.0222268687
456.05,20.5,0.0229801217
456.05,20.75,0.0237626499
456.05,21.0,0.0245659697
456.05,21.25,0.0253811429
456.05,21.5,0.0261988673
456.05,21.75,0.027009578
456.05,22.0,0.0278035591
456.05,22.25,0.0285710633
456.05,22.5,0.0293024378
456.05,22.75,0.0299882532
456.05,23.0,0.0306194345
456.05,23.25,0.0311873898
456.05,23.5,0.0316841352
456.05,23.75,0.0321024125
456.05,24.0,0.0324357975
456.05,24.25,0.0326787962
456.05,24.5,0.0328269266
456.05,24.75,0.0328767847
456.05,25.0,0.0328260924
456.05,25.25,0.0326737267
456.05,25.5,0.0324197294
456.05,25.75,0.032065297
456.05,26.0,0.0316127511
456.05,26.25,0.0310654897
456.05,26.5,0.0304279211
456.05,26.75,0.0297053821
456.05,27.0,0.028904041
456.05,27.25,0.0280307899
456.05,27.5,0.0270931266
456.05,27.75,0.0260990302
456.05,28.0,0.0250568327
456.05,28.25,0.0239750889
456.05,28.5,0.022862448
456.05,28.75,0.0217275289
456.05,29.0,0.0205788019
456.05,29.25,0.0194244785
456.05,29.5,0.0182724116
456.05,29.75,0.0171300074
456.05,30.0,0.0160041497
456.05,30.25,0.014901138
456.05,30.5,0.0138266394
456.05,30.75,0.0127856541
456.05,31.0,0.0117824956
456.05,31.25,0.0108207825
456.05,31.5,0.0099034441
456.05,31.75,0.0090327355
456.05,32.0,0.0082102644
456.05,32.25,0.0074370249
456.05,32.5,0.0067134399
456.05,32.75,0.0060394076
456.05,33.0,0.0054143535
456.05,33.25,0.0048372845
456.05,33.5,0.0043068447
456.05,33.75,0.0038213709
456.05,34.0,0.0033789478
456.05,34.25,0.0029774608
456.05,34.5,0.002614646
456.05,34.75,0.0022881376
456.05,35.0,0.0019955098
456.1,0.0,0.0748187227
456.1,0.25,0.0751879693
456.1,0.5,0.0754865336
456.1,0.75,0.0757135609
456.1,1.0,0.0758683998
456.1,1.25,0.0759506052
456.1,1.5,0.0759599409
456.1,1.75,0.07589638
456.1,2.0,0.0757601057
456.1,2.25,0.0755515103
456.1,2.5,0.0752711932
456.1,2.75,0.0749199579
456.1,3.0,0.0744988087
456.1,3.25,0.0740089456
456.1,3.5,0.0734517589
456.1,3.75,0.0728288224
456.1,4.0,0.0721418866
456.1,4.25,0.0713928703
456.1,4.5,0.0705838518
456.1,4.75,0.06971706
456.1,5.0,0.068794864
456.1,5.25,0.067819763
456.1,5.5,0.0667943754
456.1,5.75,0.0657214277
456.1,6.0,0.0646037429
456.1,6.25,0.0634442297
456.1,6.5,0.06224587
456.1,6.75,0.0610117083
456.1,7.0,0.0597448399
456.1,7.25,0.0584483998
456.1,7.5,0.057125552
456.1,7.75,0.0557794796
456.1,8.0,0.0544133745
456.1,8.25,0.0530304283
456.1,8.5,0.0516338246
456.1,8.75,0.0502267305
456.1,9.0,0.0488122906
456.1,9.25,0.0473936212
456.1,9.5,0.0459738052
456.1,9.75,0.044555889
456.1,10.0,0.0431428795
456.1,10.25,0.0417377431
456.1,10.5,0.0403434052
456.1,10.75,0.0389627509
456.1,11.0,0.0375986265
456.1,11.25,0.0362538429
456.1,11.5,0.034931178
456.1,11.75,0.0336333818
456.1,12.0,0.03236318
456.1,12.25,0.0311232793
456.1,12.5,0.0299163716
456.1,12.75,0.0287451386
456.1,13.0,0.0276122553
456.1,13.25,0.0265203925
456.1,13.5,0.0254722179
456.1,13.75,0.0244703953
456.1,14.0,0.0235175819
456.1,14.25,0.0226164226
456.1,14.5,0.0217695415
456.1,14.75,0.0209795298
456.1,15.0,0.0202489306
456.1,15.25,0.0195802193
456.1,15.5,0.0189757801
456.1,15.75,0.0184378786
456.1,16.0,0.0179686299
456.1,16.25,0.0175699633
456.1,16.5,0.0172435831
456.1,16.75,0.0169909264
456.1,17.0,0.016813118
456.1,17.25,0.016710924
456.1,17.5,0.016684704
456.1,17.75,0.0167343638
456.1,18.0,0.0168593088
456.1,18.25,0.0170584006
456.1,18.5,0.0173299166
456.1,18.75,0.0176715155
456.1,19.0,0.018080209
456.1,19.25,0.018552341
456.1,19.5,0.019083577
456.1,19.75,0.019668903
456.1,20.0,0.0203026356
456.1,20.25,0.020978445
456.1,20.5,0.0216893898
456.1,20.75,0.0224279655
456.1,21.0,0.0231861649
456.1,21.25,0.0239555521
456.1,21.5,0.0247273471
456.1,21.75,0.0254925223
456.1,22.0,0.0262419076
456.1,22.25,0.0269663032
456.1,22.5,0.0276565983
456.1,22.75,0.0283038933
456.1,23.0,0.0288996228
456.1,23.25,0.0294356776
456.1,23.5,0.0299045221
456.1,23.75,0.0302993059
456.1,24.0,0.0306139656
456.1,24.25,0.0308433157
456.1,24.5,0.030983126
456.1,24.75,0.0310301837
456.1,25.0,0.0309823387
456.1,25.25,0.0308385309
456.1,25.5,0.0305987999
456.1,25.75,0.0302642751
456.1,26.0,0.0298371475
456.1,26.25,0.0293206243
456.1,26.5,0.0287188662
456.1,26.75,0.0280369103
456.1,27.0,0.0272805784
456.1,27.25,0.0264563755
456.1,27.5,0.0255713782
456.1,27.75,0.0246331175
456.1,28.0,0.0236494574
456.1,28.25,0.0226284723
456.1,28.5,0.0215783255
456.1,28.75,0.0205071518
456.1,29.0,0.0194229457
456.1,29.25,0.0183334575
456.1,29.5,0.0172460991
456.1,29.75,0.0161678607
456.1,30.0,0.0151052395
456.1,30.25,0.014064181
456.1,30.5,0.013050034
456.1,30.75,0.0120675181
456.1,31.0,0.0111207043
456.1,31.25,0.0102130081
456.1,31.5,0.0093471941
456.1,31.75,0.0085253909
456.1,32.0,0.0077491158
456.1,32.25,0.0070193072
456.1,32.5,0.006336364
456.1,32.75,0.0057001902
456.1,33.0,0.0051102437
456.1,33.25,0.0045655872
456.1,33.5,0.0040649407
456.1,33.75,0.0036067347
456.1,34.0,0.0031891613
456.1,34.25,0.0028102248
456.1,34.5,0.0024677884
456.1,34.75,0.002159619
456.1,35.0,0.0018834273
456.15,0.0,0.0705776733
456.15,0.25,0.0709259893
456.15,0.5,0.0712076297
456.15,0.75,0.0714217881
456.15,1.0,0.0715678501
456.15,1.25,0.0716453958
456.15,1.5,0.0716542022
456.15,1.75,0.0715942442
456.15,2.0,0.0714656946
456.15,2.25,0.0712689233
456.15,2.5,0.0710044957
456.15,2.75,0.07067317
456.15,3.0,0.0702758933
456.15,3.25,0.0698137978
456.15,3.5,0.0692881949
456.15,3.75,0.0687005691
456.15,4.0,0.0680525718
456.15,4.25,0.067346013
456.15,4.5,0.0665828532
456.15,4.75,0.0657651949
456.15,5.0,0.064895273
456.15,5.25,0.0639754449
456.15,5.5,0.0630081808
456.15,5.75,0.0619960523
456.15,6.0,0.0609417228
456.15,6.25,0.0598479358
456.15,6.5,0.0587175043
456.15,6.75,0.0575533003
456.15,7.0,0.0563582434
456.15,7.25,0.0551352911
456.15,7.5,0.0538874282
456.15,7.75,0.052617657
456.15,8.0,0.0513289886
456.15,8.25,0.0500244338
456.15,8.5,0.0487069956
456.15,8.75,0.0473796617
456.15,9.0,0.0460453984
456.15,9.25,0.0447071453
456.15,9.5,0.0433678107
456.15,9.75,0.0420302681
456.15,10.0,0.0406973541
456.15,10.25,0.039371867
456.15,10.5,0.0380565662
456.15,10.75,0.0367541733
456.15,11.0,0.0354673734
456.15,11.25,0.0341988179
456.15,11.5,0.0329511275
456.15,11.75,0.031726896
456.15,12.0,0.0305286947
456.15,12.25,0.0293590769
456.15,12.5,0.028220582
456.15,12.75,0.0271157396
456.15,13.0,0.026047073
456.15,13.25,0.0250171017
456.15,13.5,0.0240283422
456.15,13.75,0.0230833072
456.15,14.0,0.0221845034
456.15,14.25,0.0213344258
456.15,14.5,0.0205355495
456.15,14.75,0.0197903191
456.15,15.0,0.0191011335
456.15,15.25,0.0184703276
456.15,15.5,0.0179001507
456.15,15.75,0.0173927397
456.15,16.0,0.0169500901
456.15,16.25,0.0165740216
456.15,16.5,0.0162661421
456.15,16.75,0.0160278071
456.15,17.0,0.0158600776
456.15,17.25,0.0157636764
456.15,17.5,0.0157389427
456.15,17.75,0.0157857875
456.15,18.0,0.0159036501
456.15,18.25,0.0160914565
456.15,18.5,0.0163475818
456.15,18.75,0.0166698174
456.15,19.0,0.0170553444
456.15,19.25,0.0175007139
456.15,19.5,0.0180018372
456.15,19.75,0.0185539843
456.15,20.0,0.0191517942
456.15,20.25,0.0197892958
456.15,20.5,0.0204599412
456.15,20.75,0.0211566512
456.15,21.0,0.0218718726
456.15,21.25,0.0225976475
456.15,21.5,0.0233256939
456.15,21.75,0.0240474957
456.15,22.0,0.0247544026
456.15,22.25,0.0254377363
456.15,22.5,0.0260889024
456.15,22.75,0.0266995059
456.15,23.0,0.0272614669
456.15,23.25,0.0277671358
456.15,23.5,0.0282094042
456.15,23.75,0.0285818099
456.15,24.0,0.0288786333
456.15,24.25,0.0290949829
456.15,24.5,0.0292268682
456.15,24.75,0.0292712584
456.15,25.0,0.0292261254
456.15,25.25,0.0290904693
456.15,25.5,0.0288643274
456.15,25.75,0.0285487648
456.15,26.0,0.0281458487
456.15,26.25,0.0276586042
456.15,26.5,0.0270909564
456.15,26.75,0.0264476567
456.15,27.0,0.025734197
456.15,27.25,0.0249567135
456.15,27.5,0.0241218816
456.15,27.75,0.0232368056
456.15,28.0,0.0223089037
456.15,28.25,0.0213457924
456.15,28.5,0.0203551725
456.15,28.75,0.0193447175
456.15,29.0,0.0183219689
456.15,29.25,0.0172942377
456.15,29.5,0.0162685155
456.15,29.75,0.0152513963
456.15,30.0,0.014249009
456.15,30.25,0.0132669623
456.15,30.5,0.0123103015
456.15,30.75,0.0113834789
456.15,31.0,0.0104903346
456.15,31.25,0.0096340906
456.15,31.5,0.0088173546
456.15,31.75,0.0080421348
456.15,32.0,0.0073098623
456.15,32.25,0.0066214224
456.15,32.5,0.0059771914
456.15,32.75,0.0053770787
456.15,33.0,0.004820573
456.15,33.25,0.0043067899
456.15,33.5,0.0038345223
456.15,33.75,0.0034022894
456.15,34.0,0.0030083859
456.15,34.25,0.002650929
456.15,34.5,0.0023279034
456.15,34.75,0.0020372024
456.15,35.0,0.0017766665
456.2,0.0,0.0665405554
456.2,0.25,0.0668689475
456.2,0.5,0.0671344777
456.2,0.75,0.0673363861
456.2,1.0,0.0674740931
456.2,1.25,0.0675472031
456.2,1.5,0.0675555058
456.2,1.75,0.0674989775
456.2,2.0,0.067377781
456.2,2.25,0.0671922653
456.2,2.5,0.0669429632
456.2,2.75,0.0666305896
456.2,3.0,0.0662560377
456.2,3.25,0.0658203745
456.2,3.5,0.0653248366
456.2,3.75,0.0647708237
456.2,4.0,0.0641598925
456.2,4.25,0.0634937496
456.2,4.5,0.0627742433
456.2,4.75,0.062003356
456.2,5.0,0.0611831945
456.2,5.25,0.0603159816
456.2,5.5,0.0594040459
456.2,5.75,0.0584498123
456.2,6.0,0.0574557916
456.2,6.25,0.0564245703
456.2,6.5,0.0553588008
456.2,6.75,0.0542611904
456.2,7.0,0.0531344921
456.2,7.25,0.051981494
456.2,7.5,0.0508050101
456.2,7.75,0.0496078712
456.2,8.0,0.048392916
456.2,8.25,0.0471629831
456.2,8.5,0.0459209038
456.2,8.75,0.0446694948
456.2,9.0,0.0434115528
456.2,9.25,0.0421498492
456.2,9.5,0.0408871259
456.2,9.75,0.0396260921
456.2,10.0,0.0383694223
456.2,10.25,0.0371197544
456.2,10.5,0.0358796902
456.2,10.75,0.0346517956
456.2,11.0,0.033438602
456.2,11.25,0.0322426092
456.2,11.5,0.031066288
456.2,11.75,0.0299120838
456.2,12.0,0.028782421
456.2,12.25,0.0276797066
456.2,12.5,0.0266063347
456.2,12.75,0.0255646905
456.2,13.0,0.0245571528
456.2,13.25,0.023586097
456.2,13.5,0.0226538955
456.2,13.75,0.0217629176
456.2,14.0,0.0209155263
456.2,14.25,0.020114074
456.2,14.5,0.0193608943
456.2,14.75,0.0186582918
456.2,15.0,0.0180085284
456.2,15.25,0.0174138053
456.2,15.5,0.0168762431
456.2,15.75,0.0163978566
456.2,16.0,0.0159805269
456.2,16.25,0.01562597
456.2,16.5,0.0153357015
456.2,16.75,0.0151109995
456.2,17.0,0.0149528643
456.2,17.25,0.0148619774
456.2,17.5,0.0148386585
456.2,17.75,0.0148828237
456.2,18.0,0.0149939444
456.2,18.25,0.0151710081
456.2,18.5,0.0154124828
456.2,18.75,0.0157162862
456.2,19.0,0.0160797606
456.2,19.25,0.0164996545
456.2,19.5,0.016972113
456.2,19.75,0.0174926767
456.2,20.0,0.0180562912
456.2,20.25,0.0186573271
456.2,20.5,0.0192896108
456.2,20.75,0.0199464683
456.2,21.0,0.0206207783
456.2,21.25,0.0213050381
456.2,21.5,0.0219914394
456.2,21.75,0.0226719534
456.2,22.0,0.0233384245
456.2,22.25,0.0239826707
456.2,22.5,0.0245965895
456.2,22.75,0.0251722658
456.2,23.0,0.0257020821
456.2,23.25,0.0261788261
456.2,23.5,0.0265957963
456.2,23.75,0.0269469001
456.2,24.0,0.0272267449
456.2,24.25,0.027430719
456.2,24.5,0.0275550603
456.2,24.75,0.0275969114
456.2,25.0,0.02755436
456.2,25.25,0.0274264636
456.2,25.5,0.0272132572
456.2,25.75,0.0269157452
456.2,26.0,0.0265358762
456.2,26.25,0.0260765027
456.2,26.5,0.025541325
456.2,26.75,0.0249348227
456.2,27.0,0.0242621736
456.2,27.25,0.023529163
456.2,27.5,0.0227420844
456.2,27.75,0.0219076357
456.2,28.0,0.0210328107
456.2,28.25,0.0201247904
456.2,28.5,0.019190835
456.2,28.75,0.0182381792
456.2,29.0,0.0172739329
456.2,29.25,0.0163049889
456.2,29.5,0.0153379391
456.2,29.75,0.0143790003
456.2,30.0,0.0134339506
456.2,30.25,0.0125080779
456.2,30.5,0.0116061392
456.2,30.75,0.0107323318
456.2,31.0,0.0098902763
456.2,31.25,0.0090830104
456.2,31.5,0.0083129926
456.2,31.75,0.0075821162
456.2,32.0,0.0068917304
456.2,32.25,0.00624267
456.2,32.5,0.0056352897
456.2,32.75,0.0050695041
456.2,33.0,0.0045448311
456.2,33.25,0.004060437
456.2,33.5,0.0036151835
456.2,33.75,0.0032076748
456.2,34.0,0.002836303
456.2,34.25,0.0024992931
456.2,34.5,0.0021947449
456.2,34.75,0.0019206723
456.2,35.0,0.0016750393
456.25,0.0,0.0627000006
456.25,0.25,0.0630094386
456.25,0.5,0.0632596431
456.25,0.75,0.0634498978
456.25,1.0,0.0635796568
456.25,1.25,0.063648547
456.25,1.5,0.0636563705
456.25,1.75,0.0636031049
456.25,2.0,0.0634889036
456.25,2.25,0.0633140953
456.25,2.5,0.0630791824
456.25,2.75,0.0627848382
456.25,3.0,0.0624319044
456.25,3.25,0.0620213867
456.25,3.5,0.06155445
456.25,3.75,0.0610324133
456.25,4.0,0.0604567436
456.25,4.25,0.0598290487
456.25,4.5,0.0591510706
456.25,4.75,0.0584246769
456.25,5.0,0.0576518531
456.25,5.25,0.0568346936
456.25,5.5,0.0559753926
456.25,5.75,0.055076235
456.25,6.0,0.0541395866
456.25,6.25,0.0531678849
456.25,6.5,0.0521636289
456.25,6.75,0.0511293699
456.25,7.0,0.0500677018
456.25,7.25,0.0489812518
456.25,7.5,0.0478726716
456.25,7.75,0.0467446286
456.25,8.0,0.0455997976
456.25,8.25,0.0444408534
456.25,8.5,0.0432704638
456.25,8.75,0.042091283
456.25,9.0,0.0409059463
456.25,9.25,0.039717065
456.25,9.5,0.038527223
456.25,9.75,0.0373389729
456.25,10.0,0.0361548349
456.25,10.25,0.0349772948
456.25,10.5,0.033808804
456.25,10.75,0.0326517804
456.25,11.0,0.0315086093
456.25,11.25,0.0303816463
456.25,11.5,0.0292732194
456.25,11.75,0.028185633
456.25,12.0,0.0271211714
456.25,12.25,0.0260821029
456.25,12.5,0.0250706835
456.25,12.75,0.0240891603
456.25,13.0,0.0231397752
456.25,13.25,0.0222247663
456.25,13.5,0.0213463692
456.25,13.75,0.0205068162
456.25,14.0,0.0197083343
456.25,14.25,0.0189531398
456.25,14.5,0.0182434318
456.25,14.75,0.0175813818
456.25,15.0,0.016969121
456.25,15.25,0.0164087239
456.25,15.5,0.0159021884
456.25,15.75,0.0154514132
456.25,16.0,0.0150581708
456.25,16.25,0.014724078
456.25,16.5,0.0144505631
456.25,16.75,0.0142388303
456.25,17.0,0.0140898223
456.25,17.25,0.0140041811
456.25,17.5,0.0139822081
456.25,17.75,0.0140238243
456.25,18.0,0.0141285314
456.25,18.25,0.0142953754
456.25,18.5,0.0145229127
456.25,18.75,0.0148091814
456.25,19.0,0.0151516769
456.25,19.25,0.0155473356
456.25,19.5,0.015992525
456.25,19.75,0.0164830431
456.25,20.0,0.0170141272
456.25,20.25,0.0175804727
456.25,20.5,0.0181762626
456.25,20.75,0.0187952079
456.25,21.0,0.0194305984
456.25,21.25,0.0200753645
456.25,21.5,0.0207221484
456.25,21.75,0.0213633848
456.25,22.0,0.0219913888
456.25,22.25,0.0225984508
456.25,22.5,0.0231769357
456.25,22.75,0.0237193855
456.25,23.0,0.024218622
456.25,23.25,0.0246678496
456.25,23.5,0.0250607533
456.25,23.75,0.0253915922
456.25,24.0,0.0256552851
456.25,24.25,0.0258474863
456.25,24.5,0.025964651
456.25,24.75,0.0260040865
456.25,25.0,0.0259639911
456.25,25.25,0.0258434765
456.25,25.5,0.0256425759
456.25,25.75,0.0253622355
456.25,26.0,0.0250042917
456.25,26.25,0.024571432
456.25,26.5,0.0240671434
456.25,26.75,0.0234956469
456.25,27.0,0.0228618215
456.25,27.25,0.0221711184
456.25,27.5,0.021429468
456.25,27.75,0.0206431816
456.25,28.0,0.0198188494
456.25,28.25,0.0189632377
456.25,28.5,0.0180831879
456.25,28.75,0.017185517
456.25,29.0,0.0162769245
456.25,29.25,0.0153639056
456.25,29.5,0.0144526715
456.25,29.75,0.0135490802
456.25,30.0,0.0126585765
456.25,30.25,0.0117861429
456.25,30.5,0.0109362618
456.25,30.75,0.0101128884
456.25,31.0,0.0093194343
456.25,31.25,0.0085587617
456.25,31.5,0.0078331874
456.25,31.75,0.0071444953
456.25,32.0,0.0064939569
456.25,32.25,0.0058823587
456.25,32.5,0.0053100348
456.25,32.75,0.004776905
456.25,33.0,0.0042825148
456.25,33.25,0.0038260787
456.25,33.5,0.0034065242
456.25,33.75,0.0030225358
456.25,34.0,0.0026725987
456.25,34.25,0.0023550401
456.25,34.5,0.0020680697
456.25,34.75,0.0018098159
456.25,35.0,0.0015783602
456.3,0.0,0.0590487496
456.3,0.25,0.059340168
456.3,0.5,0.0595758022
456.3,0.75,0.0597549776
456.3,1.0,0.0598771802
456.3,1.25,0.0599420588
456.3,1.5,0.0599494267
456.3,1.75,0.0598992629
456.3,2.0,0.0597917119
456.3,2.25,0.0596270834
456.3,2.5,0.0594058503
456.3,2.75,0.0591286469
456.3,3.0,0.0587962657
456.3,3.25,0.0584096539
456.3,3.5,0.0579699086
456.3,3.75,0.0574782721
456.3,4.0,0.0569361257
456.3,4.25,0.0563449838
456.3,4.5,0.0557064869
456.3,4.75,0.0550223938
456.3,5.0,0.0542945743
456.3,5.25,0.053525001
456.3,5.5,0.0527157402
456.3,5.75,0.0518689439
456.3,6.0,0.05098684
456.3,6.25,0.050071724
456.3,6.5,0.0491259495
456.3,6.75,0.0481519192
456.3,7.0,0.0471520759
456.3,7.25,0.0461288939
456.3,7.5,0.0450848704
456.3,7.75,0.0440225175
456.3,8.0,0.0429443541
456.3,8.25,0.0418528995
456.3,8.5,0.040750666
456.3,8.75,0.0396401532
456.3,9.0,0.038523843
456.3,9.25,0.0374041947
456.3,9.5,0.0362836415
456.3,9.75,0.0351645876
456.3,10.0,0.0340494063
456.3,10.25,0.0329404386
456.3,10.5,0.0318399934
456.3,10.75,0.0307503475
456.3,11.0,0.0296737475
456.3,11.25,0.0286124116
456.3,11.5,0.0275685325
456.3,11.75,0.0265442802
456.3,12.0,0.0255418062
456.3,12.25,0.0245632465
456.3,12.5,0.0236107256
456.3,12.75,0.0226863602
456.3,13.0,0.0217922612
456.3,13.25,0.0209305367
456.3,13.5,0.0201032918
456.3,13.75,0.0193126291
456.3,14.0,0.0185606457
456.3,14.25,0.017849429
456.3,14.5,0.0171810498
456.3,14.75,0.0165575535
456.3,15.0,0.0159809469
456.3,15.25,0.0154531837
456.3,15.5,0.0149761457
456.3,15.75,0.0145516207
456.3,16.0,0.0141812783
456.3,16.25,0.0138666409
456.3,16.5,0.0136090538
456.3,16.75,0.013409651
456.3,17.0,0.0132693203
456.3,17.25,0.0131886663
456.3,17.5,0.0131679729
456.3,17.75,0.0132071655
456.3,18.0,0.0133057752
456.3,18.25,0.0134629032
456.3,18.5,0.0136771903
456.3,18.75,0.0139467884
456.3,19.0,0.0142693392
456.3,19.25,0.0146419572
456.3,19.5,0.0150612216
456.3,19.75,0.015523175
456.3,20.0,0.0160233321
456.3,20.25,0.0165566973
456.3,20.5,0.0171177922
456.3,20.75,0.017700694
456.3,21.0,0.0182990834
456.3,21.25,0.0189063024
456.3,21.5,0.0195154217
456.3,21.75,0.0201193166
456.3,22.0,0.0207107496
456.3,22.25,0.0212824602
456.3,22.5,0.0218272578
456.3,22.75,0.0223381187
456.3,23.0,0.0228082828
456.3,23.25,0.0232313503
456.3,23.5,0.0236013738
456.3,23.75,0.0239129467
456.3,24.0,0.0241612838
456.3,24.25,0.0243422924
456.3,24.5,0.0244526341
456.3,24.75,0.0244897732
456.3,25.0,0.0244520127
456.3,25.25,0.0243385161
456.3,25.5,0.0241493147
456.3,25.75,0.0238852995
456.3,26.0,0.0235482001
456.3,26.25,0.0231405474
456.3,26.5,0.0226656254
456.3,26.75,0.0221274092
456.3,27.0,0.0215304938
456.3,27.25,0.0208800128
456.3,27.5,0.0201815515
456.3,27.75,0.0194410535
456.3,28.0,0.0186647251
456.3,28.25,0.0178589389
456.3,28.5,0.0170301375
456.3,28.75,0.0161847413
456.3,29.0,0.0153290595
456.3,29.25,0.0144692091
456.3,29.5,0.0136110395
456.3,29.75,0.0127600676
456.3,30.0,0.0119214212
456.3,30.25,0.0110997926
456.3,30.5,0.0102994032
456.3,30.75,0.0095239778
456.3,31.0,0.0087767294
456.3,31.25,0.0080603536
456.3,31.5,0.0073770322
456.3,31.75,0.0067284452
456.3,32.0,0.00611579
456.3,32.25,0.0055398074
456.3,32.5,0.005000812
456.3,32.75,0.0044987283
456.3,33.0,0.0040331282
456.3,33.25,0.0036032721
456.3,33.5,0.0032081498
456.3,33.75,0.0028465225
456.3,34.0,0.0025169634
456.3,34.25,0.0022178975
456.3,34.5,0.0019476384
456.3,34.75,0.0017044237
456.3,35.0,0.0014864465
456.35,0.0,0.0555796624
456.35,0.25,0.0558539601
456.35,0.5,0.0560757509
456.35,0.75,0.0562443999
456.35,1.0,0.0563594231
456.35,1.25,0.0564204901
456.35,1.5,0.0564274251
456.35,1.75,0.0563802084
456.35,2.0,0.056278976
456.35,2.25,0.0561240194
456.35,2.5,0.0559157836
456.35,2.75,0.0556548658
456.35,3.0,0.0553420118
456.35,3.25,0.0549781133
456.35,3.5,0.0545642029
456.35,3.75,0.0541014497
456.35,4.0,0.0535911542
456.35,4.25,0.0530347417
456.35,4.5,0.0524337561
456.35,4.75,0.0517898531
456.35,5.0,0.0511047928
456.35,5.25,0.0503804315
456.35,5.5,0.0496187145
456.35,5.75,0.048821667
456.35,6.0,0.0479913863
456.35,6.25,0.047130033
456.35,6.5,0.0462398223
456.35,6.75,0.0453230158
456.35,7.0,0.0443819129
456.35,7.25,0.0434188424
456.35,7.5,0.0424361548
456.35,7.75,0.0414362146
456.35,8.0,0.0404213929
456.35,8.25,0.0393940607
456.35,8.5,0.0383565829
456.35,8.75,0.0373113122
456.35,9.0,0.0362605848
456.35,9.25,0.0352067153
456.35,9.5,0.0341519941
456.35,9.75,0.0330986841
456.35,10.0,0.0320490192
456.35,10.25,0.0310052028
456.35,10.5,0.0299694082
456.35,10.75,0.0289437785
456.35,11.0,0.0279304283
456.35,11.25,0.0269314454
456.35,11.5,0.0259488937
456.35,11.75,0.0249848158
456.35,12.0,0.0240412367
456.35,12.25,0.0231201669
456.35,12.5,0.0222236062
456.35,12.75,0.0213535468
456.35,13.0,0.0205119758
456.35,13.25,0.0197008771
456.35,13.5,0.0189222326
456.35,13.75,0.018178021
456.35,14.0,0.0174702162
456.35,14.25,0.0168007831
456.35,14.5,0.016171671
456.35,14.75,0.0155848047
456.35,15.0,0.0150420735
456.35,15.25,0.0145453162
456.35,15.5,0.0140963039
456.35,15.75,0.0136967196
456.35,16.0,0.0133481346
456.35,16.25,0.0130519821
456.35,16.5,0.0128095281
456.35,16.75,0.0126218401
456.35,17.0,0.0124897538
456.35,17.25,0.0124138382
456.35,17.5,0.0123943604
456.35,17.75,0.0124312506
456.35,18.0,0.0125240669
456.35,18.25,0.0126719638
456.35,18.5,0.0128736616
456.35,18.75,0.013127421
456.35,19.0,0.013431022
456.35,19.25,0.0137817489
456.35,19.5,0.0141763817
456.35,19.75,0.0146111955
456.35,20.0,0.0150819687
456.35,20.25,0.0155839989
456.35,20.5,0.0161121297
456.35,20.75,0.0166607863
456.35,21.0,0.0172240206
456.35,21.25,0.0177955657
456.35,21.5,0.0183688996
456.35,21.75,0.0189373159
456.35,22.0,0.0194940025
456.35,22.25,0.0200321253
456.35,22.5,0.0205449163
456.35,22.75,0.0210257644
456.35,23.0,0.0214683066
456.35,23.25,0.021866519
456.35,23.5,0.0222148038
456.35,23.75,0.022508072
456.35,24.0,0.0227418193
456.35,24.25,0.0229121938
456.35,24.5,0.023016053
456.35,24.75,0.0230510102
456.35,25.0,0.0230154681
456.35,25.25,0.0229086394
456.35,25.5,0.0227305534
456.35,25.75,0.0224820491
456.35,26.0,0.022164754
456.35,26.25,0.0217810508
456.35,26.5,0.0213340302
456.35,26.75,0.020827434
456.35,27.0,0.0202655871
456.35,27.25,0.0196533216
456.35,27.5,0.0189958945
456.35,27.75,0.0182989004
456.35,28.0,0.017568181
456.35,28.25,0.0168097343
456.35,28.5,0.0160296247
456.35,28.75,0.0152338951
456.35,29.0,0.0144284843
456.35,29.25,0.0136191496
456.35,29.5,0.0128113971
456.35,29.75,0.0120104194
456.35,30.0,0.0112210431
456.35,30.25,0.0104476848
456.35,30.5,0.0096943179
456.35,30.75,0.0089644485
456.35,31.0,0.0082611006
456.35,31.25,0.0075868115
456.35,31.5,0.0069436349
456.35,31.75,0.0063331521
456.35,32.0,0.0057564901
456.35,32.25,0.0052143462
456.35,32.5,0.0047070166
456.35,32.75,0.0042344301
456.35,33.0,0.0037961838
456.35,33.25,0.0033915815
456.35,33.5,0.0030196724
456.35,33.75,0.0026792906
456.35,34.0,0.002369093
456.35,34.25,0.002087597
456.35,34.5,0.0018332155
456.35,34.75,0.0016042896
456.35,35.0,0.0013991184
456.4,0.0,0.0522857259
456.4,0.25,0.0525437673
456.4,0.5,0.0527524136
456.4,0.75,0.0529110676
456.4,1.0,0.0530192739
456.4,1.25,0.0530767217
456.4,1.5,0.0530832458
456.4,1.75,0.0530388274
456.4,2.0,0.0529435946
456.4,2.25,0.0527978214
456.4,2.5,0.0526019268
456.4,2.75,0.0523564723
456.4,3.0,0.0520621597
456.4,3.25,0.0517198277
456.4,3.5,0.0513304477
456.4,3.75,0.0508951197
456.4,4.0,0.0504150669
456.4,4.25,0.0498916302
456.4,4.5,0.0493262621
456.4,4.75,0.0487205202
456.4,5.0,0.04807606
456.4,5.25,0.0473946281
456.4,5.5,0.0466780543
456.4,5.75,0.045928244
456.4,6.0,0.04514717
456.4,6.25,0.0443368649
456.4,6.5,0.0434994127
456.4,6.75,0.0426369409
456.4,7.0,0.0417516125
456.4,7.25,0.0408456185
456.4,7.5,0.0399211701
456.4,7.75,0.0389804915
456.4,8.0,0.0380258133
456.4,8.25,0.0370593661
456.4,8.5,0.0360833746
456.4,8.75,0.0351000521
456.4,9.0,0.0341115961
456.4,9.25,0.0331201843
456.4,9.5,0.0321279713
456.4,9.75,0.0311370859
456.4,10.0,0.0301496295
456.4,10.25,0.0291676751
456.4,10.5,0.028193267
456.4,10.75,0.0272284214
456.4,11.0,0.0262751275
456.4,11.25,0.0253353495
456.4,11.5,0.0244110289
456.4,11.75,0.0235040872
456.4,12.0,0.0226164294
456.4,12.25,0.0217499469
456.4,12.5,0.0209065211
456.4,12.75,0.0200880259
456.4,13.0,0.0192963307
456.4,13.25,0.0185333019
456.4,13.5,0.0178008038
456.4,13.75,0.017100698
456.4,14.0,0.0164348414
456.4,14.25,0.0158050823
456.4,14.5,0.0152132546
456.4,14.75,0.0146611691
456.4,15.0,0.0141506029
456.4,15.25,0.013683286
456.4,15.5,0.0132608845
456.4,15.75,0.0128849816
456.4,16.0,0.0125570555
456.4,16.25,0.0122784545
456.4,16.5,0.0120503696
456.4,16.75,0.011873805
456.4,17.0,0.0117495467
456.4,17.25,0.0116781303
456.4,17.5,0.0116598069
456.4,17.75,0.0116945108
456.4,18.0,0.0117818264
456.4,18.25,0.0119209581
456.4,18.5,0.0121107022
456.4,18.75,0.0123494225
456.4,19.0,0.0126350306
456.4,19.25,0.0129649716
456.4,19.5,0.0133362164
456.4,19.75,0.013745261
456.4,20.0,0.0141881337
456.4,20.25,0.014660411
456.4,20.5,0.0151572421
456.4,20.75,0.0156733825
456.4,21.0,0.0162032366
456.4,21.25,0.016740909
456.4,21.5,0.0172802641
456.4,21.75,0.0178149932
456.4,22.0,0.0183386877
456.4,22.25,0.0188449186
456.4,22.5,0.0193273189
456.4,22.75,0.0197796695
456.4,23.0,0.0201959844
456.4,23.25,0.0205705967
456.4,23.5,0.0208982403
456.4,23.75,0.0211741279
456.4,24.0,0.0213940222
456.4,24.25,0.0215542994
456.4,24.5,0.0216520034
456.4,24.75,0.0216848888
456.4,25.0,0.0216514531
456.4,25.25,0.0215509556
456.4,25.5,0.0213834239
456.4,25.75,0.0211496472
456.4,26.0,0.0208511567
456.4,26.25,0.0204901937
456.4,26.5,0.0200696659
456.4,26.75,0.0195930932
456.4,27.0,0.0190645442
456.4,27.25,0.0184885647
456.4,27.5,0.0178701002
456.4,27.75,0.0172144135
456.4,28.0,0.0165270002
456.4,28.25,0.015813503
456.4,28.5,0.0150796267
456.4,28.75,0.0143310561
456.4,29.0,0.0135733781
456.4,29.25,0.0128120088
456.4,29.5,0.0120521278
456.4,29.75,0.0112986202
456.4,30.0,0.0105560264
456.4,30.25,0.0098285013
456.4,30.5,0.0091197828
456.4,30.75,0.0084331692
456.4,31.0,0.0077715053
456.4,31.25,0.007137178
456.4,31.5,0.0065321194
456.4,31.75,0.0059578169
456.4,32.0,0.0054153309
456.4,32.25,0.0049053172
456.4,32.5,0.0044280546
456.4,32.75,0.003983476
456.4,33.0,0.0035712024
456.4,33.25,0.0031905789
456.4,33.5,0.0028407111
456.4,33.75,0.002520502
456.4,34.0,0.0022286884
456.4,34.25,0.0019638753
456.4,34.5,0.0017245698
456.4,34.75,0.0015092111
456.4,35.0,0.0013161995
456.45,0.0,0.0491600614
456.45,0.25,0.049402677
456.45,0.5,0.0495988503
456.45,0.75,0.0497480199
456.45,1.0,0.0498497576
456.45,1.25,0.0499037712
456.45,1.5,0.0499099052
456.45,1.75,0.0498681422
456.45,2.0,0.0497786024
456.45,2.25,0.0496415436
456.45,2.5,0.0494573597
456.45,2.75,0.0492265785
456.45,3.0,0.0489498601
456.45,3.25,0.0486279928
456.45,3.5,0.0482618902
456.45,3.75,0.0478525863
456.45,4.0,0.0474012313
456.45,4.25,0.0469090859
456.45,4.5,0.0463775157
456.45,4.75,0.0458079853
456.45,5.0,0.0452020513
456.45,5.25,0.0445613557
456.45,5.5,0.043887619
456.45,5.75,0.0431826327
456.45,6.0,0.0424482517
456.45,6.25,0.041686387
456.45,6.5,0.040898998
456.45,6.75,0.0400880852
456.45,7.0,0.0392556822
456.45,7.25,0.0384038489
456.45,7.5,0.0375346644
456.45,7.75,0.03665022
456.45,8.0,0.0357526129
456.45,8.25,0.0348439404
456.45,8.5,0.033926294
456.45,8.75,0.033001755
456.45,9.0,0.0320723893
456.45,9.25,0.0311402446
456.45,9.5,0.0302073466
456.45,9.75,0.0292756968
456.45,10.0,0.028347271
456.45,10.25,0.0274240182
456.45,10.5,0.0265078607
456.45,10.75,0.025600694
456.45,11.0,0.0247043884
456.45,11.25,0.0238207908
456.45,11.5,0.0229517265
456.45,11.75,0.0220990022
456.45,12.0,0.021264409
456.45,12.25,0.0204497252
456.45,12.5,0.0196567197
456.45,12.75,0.0188871545
456.45,13.0,0.0181427872
456.45,13.25,0.0174253727
456.45,13.5,0.0167366636
456.45,13.75,0.0160784105
456.45,14.0,0.0154523591
456.45,14.25,0.0148602473
456.45,14.5,0.0143037993
456.45,14.75,0.0137847177
456.45,15.0,0.0133046734
456.45,15.25,0.0128652929
456.45,15.5,0.0124681428
456.45,15.75,0.0121147116
456.45,16.0,0.011806389
456.45,16.25,0.0115444429
456.45,16.5,0.011329993
456.45,16.75,0.0111639835
456.45,17.0,0.0110471535
456.45,17.25,0.0109800063
456.45,17.5,0.0109627784
456.45,17.75,0.0109954076
456.45,18.0,0.0110775034
456.45,18.25,0.0112083178
456.45,18.5,0.0113867189
456.45,18.75,0.0116111684
456.45,19.0,0.0118797027
456.45,19.25,0.0121899197
456.45,19.5,0.0125389713
456.45,19.75,0.012923563
456.45,20.0,0.0133399606
456.45,20.25,0.0137840049
456.45,20.5,0.0142511352
456.45,20.75,0.0147364205
456.45,21.0,0.0152345997
456.45,21.25,0.0157401298
456.45,21.5,0.0162472421
456.45,21.75,0.0167500048
456.45,22.0,0.0172423926
456.45,22.25,0.0177183608
456.45,22.5,0.018171923
456.45,22.75,0.0185972318
456.45,23.0,0.0189886592
456.45,23.25,0.019340877
456.45,23.5,0.019648934
456.45,23.75,0.0199083289
456.45,24.0,0.0201150778
456.45,24.25,0.0202657736
456.45,24.5,0.0203576367
456.45,24.75,0.0203885563
456.45,25.0,0.0203571194
456.45,25.25,0.0202626297
456.45,25.5,0.0201051131
456.45,25.75,0.0198853117
456.45,26.0,0.0196046651
456.45,26.25,0.0192652806
456.45,26.5,0.0188698921
456.45,26.75,0.0184218092
456.45,27.0,0.0179248571
456.45,27.25,0.0173833099
456.45,27.5,0.0168018175
456.45,27.75,0.016185328
456.45,28.0,0.0155390087
456.45,28.25,0.0148681646
456.45,28.5,0.0141781598
456.45,28.75,0.0134743391
456.45,29.0,0.0127619554
456.45,29.25,0.0120461011
456.45,29.5,0.0113316462
456.45,29.75,0.0106231836
456.45,30.0,0.0099249823
456.45,30.25,0.009240949
456.45,30.5,0.0085745981
456.45,30.75,0.0079290305
456.45,31.0,0.0073069211
456.45,31.25,0.0067105143
456.45,31.5,0.0061416263
456.45,31.75,0.0056016559
456.45,32.0,0.0050916
456.45,32.25,0.0046120751
456.45,32.5,0.0041633435
456.45,32.75,0.003745342
456.45,33.0,0.0033577143
456.45,33.25,0.0029998447
456.45,33.5,0.0026708921
456.45,33.75,0.0023698253
456.45,34.0,0.0020954564
456.45,34.25,0.0018464739
456.45,34.5,0.0016214742
456.45,34.75,0.0014189898
456.45,35.0,0.0012375165
456.5,0.0,0.0461959316
456.5,0.25,0.0464239185
456.5,0.5,0.0466082635
456.5,0.75,0.0467484388
456.5,1.0,0.0468440423
456.5,1.25,0.046894799
456.5,1.5,0.0469005632
456.5,1.75,0.0468613183
456.5,2.0,0.0467771774
456.5,2.25,0.0466483826
456.5,2.5,0.0464753041
456.5,2.75,0.0462584381
456.5,3.0,0.0459984045
456.5,3.25,0.0456959444
456.5,3.5,0.045351916
456.5,3.75,0.0449672913
456.5,4.0,0.044543151
456.5,4.25,0.0440806797
456.5,4.5,0.0435811609
456.5,4.75,0.0430459706
456.5,5.0,0.0424765716
456.5,5.25,0.0418745071
456.5,5.5,0.0412413937
456.5,5.75,0.0405789149
456.5,6.0,0.0398888137
456.5,6.25,0.039172886
456.5,6.5,0.0384329731
456.5,6.75,0.0376709546
456.5,7.0,0.0368887417
456.5,7.25,0.0360882702
456.5,7.5,0.0352714935
456.5,7.75,0.0344403771
456.5,8.0,0.0335968917
456.5,8.25,0.0327430081
456.5,8.5,0.0318806916
456.5,8.75,0.0310118981
456.5,9.0,0.030138569
456.5,9.25,0.0292626285
456.5,9.5,0.0283859799
456.5,9.75,0.0275105044
456.5,10.0,0.0266380585
456.5,10.25,0.0257704737
456.5,10.5,0.0249095563
456.5,10.75,0.0240570877
456.5,11.0,0.0232148253
456.5,11.25,0.0223845046
456.5,11.5,0.021567841
456.5,11.75,0.0207665321
456.5,12.0,0.0199822611
456.5,12.25,0.0192166991
456.5,12.5,0.0184715083
456.5,12.75,0.0177483444
456.5,13.0,0.0170488591
456.5,13.25,0.0163747013
456.5,13.5,0.0157275184
456.5,13.75,0.0151089549
456.5,14.0,0.0145206516
456.5,14.25,0.0139642415
456.5,14.5,0.0134413448
456.5,14.75,0.0129535615
456.5,15.0,0.0125024617
456.5,15.25,0.0120895738
456.5,15.5,0.01171637
456.5,15.75,0.0113842491
456.5,16.0,0.0110945171
456.5,16.25,0.0108483651
456.5,16.5,0.0106468456
456.5,16.75,0.0104908457
456.5,17.0,0.01038106
456.5,17.25,0.0103179615
456.5,17.5,0.0103017723
456.5,17.75,0.0103324341
456.5,18.0,0.01040958
456.5,18.25,0.0105325068
456.5,18.5,0.0107001512
456.5,18.75,0.0109110674
456.5,19.0,0.0111634103
456.5,19.25,0.0114549226
456.5,19.5,0.011782928
456.5,19.75,0.0121443305
456.5,20.0,0.0125356212
456.5,20.25,0.0129528916
456.5,20.5,0.0133918561
456.5,20.75,0.0138478809
456.5,21.0,0.0143160221
456.5,21.25,0.0147910711
456.5,21.5,0.0152676067
456.5,21.75,0.0157400551
456.5,22.0,0.0162027541
456.5,22.25,0.0166500236
456.5,22.5,0.0170762381
456.5,22.75,0.0174759027
456.5,23.0,0.0178437288
456.5,23.25,0.0181747095
456.5,23.5,0.018464192
456.5,23.75,0.0187079465
456.5,24.0,0.0189022294
456.5,24.25,0.0190438389
456.5,24.5,0.0191301631
456.5,24.75,0.0191592184
456.5,25.0,0.019129677
456.5,25.25,0.0190408846
456.5,25.5,0.0188928656
456.5,25.75,0.0186863172
456.5,26.0,0.0184225923
456.5,26.25,0.0181036712
456.5,26.5,0.0177321228
456.5,26.75,0.0173110572
456.5,27.0,0.0168440691
456.5,27.25,0.0163351748
456.5,27.5,0.0157887437
456.5,27.75,0.0152094258
456.5,28.0,0.0146020766
456.5,28.25,0.0139716814
456.5,28.5,0.0133232807
456.5,28.75,0.0126618973
456.5,29.0,0.0119924671
456.5,29.25,0.0113197756
456.5,29.5,0.010648399
456.5,29.75,0.0099826536
456.5,30.0,0.0093265507
456.5,30.25,0.0086837615
456.5,30.5,0.0080575885
456.5,30.75,0.0074509457
456.5,31.0,0.0068663468
456.5,31.25,0.0063059006
456.5,31.5,0.005771314
456.5,31.75,0.0052639013
456.5,32.0,0.0047845995
456.5,32.25,0.0043339878
456.5,32.5,0.0039123127
456.5,32.75,0.0035195147
456.5,33.0,0.0031552593
456.5,33.25,0.0028189676
456.5,33.5,0.0025098494
456.5,33.75,0.0022269355
456.5,34.0,0.0019691098
456.5,34.25,0.0017351399
456.5,34.5,0.0015237066
456.5,34.75,0.0013334311
456.5,35.0,0.0011628998
456.55,0.0,0.0433867462
456.55,0.25,0.0436008691
456.55,0.5,0.043774004
456.55,0.75,0.0439056553
456.55,1.0,0.043995445
456.55,1.25,0.0440431153
456.55,1.5,0.0440485289
456.55,1.75,0.0440116705
456.55,2.0,0.0439326462
456.55,2.25,0.0438116835
456.55,2.5,0.0436491299
456.55,2.75,0.0434454516
456.55,3.0,0.0432012307
456.55,3.25,0.0429171632
456.55,3.5,0.0425940554
456.55,3.75,0.0422328198
456.55,4.0,0.0418344715
456.55,4.25,0.0414001232
456.55,4.5,0.0409309802
456.55,4.75,0.040428335
456.55,5.0,0.0398935613
456.55,5.25,0.0393281085
456.55,5.5,0.0387334949
456.55,5.75,0.0381113015
456.55,6.0,0.0374631655
456.55,6.25,0.0367907736
456.55,6.5,0.0360958549
456.55,6.75,0.035380175
456.55,7.0,0.0346455287
456.55,7.25,0.033893734
456.55,7.5,0.0331266257
456.55,7.75,0.0323460497
456.55,8.0,0.0315538568
456.55,8.25,0.030751898
456.55,8.5,0.0299420193
456.55,8.75,0.0291260573
456.55,9.0,0.0283058356
456.55,9.25,0.0274831611
456.55,9.5,0.0266598218
456.55,9.75,0.0258375841
456.55,10.0,0.0250181919
456.55,10.25,0.0242033652
456.55,10.5,0.0233948004
456.55,10.75,0.0225941705
456.55,11.0,0.0218031263
456.55,11.25,0.0210232976
456.55,11.5,0.0202562955
456.55,11.75,0.0195037144
456.55,12.0,0.0187671351
456.55,12.25,0.0180481271
456.55,12.5,0.0173482515
456.55,12.75,0.0166690634
456.55,13.0,0.0160121139
456.55,13.25,0.0153789519
456.55,13.5,0.0147711243
456.55,13.75,0.0141901758
456.55,14.0,0.0136376474
456.55,14.25,0.0131150727
456.55,14.5,0.0126239735
456.55,14.75,0.0121658523
456.55,15.0,0.011742184
456.55,15.25,0.011354404
456.55,15.5,0.0110038948
456.55,15.75,0.0106919703
456.55,16.0,0.0104198569
456.55,16.25,0.0101886735
456.55,16.5,0.0099994084
456.55,16.75,0.0098528949
456.55,17.0,0.0097497853
456.55,17.25,0.0096905239
456.55,17.5,0.0096753191
456.55,17.75,0.0097041164
456.55,18.0,0.009776571
456.55,18.25,0.0098920226
456.55,18.5,0.0100494724
456.55,18.75,0.0102475628
456.55,19.0,0.0104845607
456.55,19.25,0.010758346
456.55,19.5,0.0110664053
456.55,19.75,0.0114058309
456.55,20.0,0.0117733271
456.55,20.25,0.0121652233
456.55,20.5,0.0125774942
456.55,20.75,0.013005788
456.55,21.0,0.0134454614
456.55,21.25,0.0138916226
456.55,21.5,0.01433918
456.55,21.75,0.0147828986
456.55,22.0,0.0152174609
456.55,22.25,0.0156375317
456.55,22.5,0.016037828
456.55,22.75,0.0164131889
456.55,23.0,0.0167586475
456.55,23.25,0.0170695011
456.55,23.5,0.0173413801
456.55,23.75,0.0175703119
456.55,24.0,0.0177527804
456.55,24.25,0.0178857786
456.55,24.5,0.0179668534
456.55,24.75,0.0179941418
456.55,25.0,0.0179663968
456.55,25.25,0.0178830039
456.55,25.5,0.017743986
456.55,25.75,0.0175499978
456.55,26.0,0.0173023101
456.55,26.25,0.0170027827
456.55,26.5,0.0166538283
456.55,26.75,0.0162583678
456.55,27.0,0.0158197773
456.55,27.25,0.015341829
456.55,27.5,0.0148286265
456.55,27.75,0.014284537
456.55,28.0,0.0137141209
456.55,28.25,0.0131220602
456.55,28.5,0.0125130889
456.55,28.75,0.0118919243
456.55,29.0,0.0112632023
456.55,29.25,0.0106314173
456.55,29.5,0.0100008674
456.55,29.75,0.009375606
456.55,30.0,0.0087594009
456.55,30.25,0.0081556999
456.55,30.5,0.0075676046
456.55,30.75,0.006997852
456.55,31.0,0.0064488026
456.55,31.25,0.0059224373
456.55,31.5,0.005420359
456.55,31.75,0.0049438023
456.55,32.0,0.0044936469
456.55,32.25,0.004070437
456.55,32.5,0.003674404
456.55,32.75,0.0033054922
456.55,33.0,0.0029633872
456.55,33.25,0.0026475455
456.55,33.5,0.0023572248
456.55,33.75,0.002091515
456.55,34.0,0.0018493678
456.55,34.25,0.0016296256
456.55,34.5,0.0014310497
456.55,34.75,0.0012523448
456.55,35.0,0.0010921836
456.6,0.0,0.0407260669
456.6,0.25,0.0409270588
456.6,0.5,0.0410895763
456.6,0.75,0.041213154
456.6,1.0,0.0412974375
456.6,1.25,0.0413421843
456.6,1.5,0.041347266
456.6,1.75,0.0413126679
456.6,2.0,0.0412384898
456.6,2.25,0.0411249451
456.6,2.5,0.04097236
456.6,2.75,0.0407811722
456.6,3.0,0.0405519281
456.6,3.25,0.040285281
456.6,3.5,0.0399819876
456.6,3.75,0.0396429047
456.6,4.0,0.039268985
456.6,4.25,0.038861273
456.6,4.5,0.0384209001
456.6,4.75,0.0379490794
456.6,5.0,0.0374471005
456.6,5.25,0.0369163239
456.6,5.5,0.0363581748
456.6,5.75,0.0357741373
456.6,6.0,0.0351657481
456.6,6.25,0.0345345903
456.6,6.5,0.0338822874
456.6,6.75,0.0332104963
456.6,7.0,0.0325209019
456.6,7.25,0.0318152108
456.6,7.5,0.0310951453
456.6,7.75,0.0303624378
456.6,8.0,0.0296188259
456.6,8.25,0.028866047
456.6,8.5,0.0281058339
456.6,8.75,0.0273399105
456.6,9.0,0.0265699886
456.6,9.25,0.0257977645
456.6,9.5,0.0250249162
456.6,9.75,0.024253102
456.6,10.0,0.0234839587
456.6,10.25,0.022719101
456.6,10.5,0.0219601212
456.6,10.75,0.0212085898
456.6,11.0,0.0204660561
456.6,11.25,0.0197340502
456.6,11.5,0.0190140842
456.6,11.75,0.0183076549
456.6,12.0,0.0176162461
456.6,12.25,0.0169413311
456.6,12.5,0.0162843751
456.6,12.75,0.015646838
456.6,13.0,0.0150301758
456.6,13.25,0.0144358423
456.6,13.5,0.0138652895
456.6,13.75,0.0133199675
456.6,14.0,0.0128013227
456.6,14.25,0.0123107948
456.6,14.5,0.011849812
456.6,14.75,0.0114197851
456.6,15.0,0.0110220981
456.6,15.25,0.0106580986
456.6,15.5,0.0103290842
456.6,15.75,0.0100362884
456.6,16.0,0.0097808623
456.6,16.25,0.0095638561
456.6,16.5,0.0093861976
456.6,16.75,0.009248669
456.6,17.0,0.0091518826
456.6,17.25,0.0090962554
456.6,17.5,0.009081983
456.6,17.75,0.0091090143
456.6,18.0,0.0091770256
456.6,18.25,0.0092853973
456.6,18.5,0.0094331915
456.6,18.75,0.009619134
456.6,19.0,0.0098415981
456.6,19.25,0.0100985937
456.6,19.5,0.0103877613
456.6,19.75,0.0107063717
456.6,20.0,0.0110513313
456.6,20.25,0.0114191946
456.6,20.5,0.0118061831
456.6,20.75,0.0122082119
456.6,21.0,0.0126209225
456.6,21.25,0.0130397229
456.6,21.5,0.013459834
456.6,21.75,0.0138763418
456.6,22.0,0.0142842546
456.6,22.25,0.0146785648
456.6,22.5,0.015054313
456.6,22.75,0.015406655
456.6,23.0,0.0157309284
456.6,23.25,0.016022719
456.6,23.5,0.0162779251
456.6,23.75,0.0164928177
456.6,24.0,0.0166640964
456.6,24.25,0.0167889385
456.6,24.5,0.0168650415
456.6,24.75,0.0168906564
456.6,25.0,0.0168646129
456.6,25.25,0.016786334
456.6,25.5,0.0166558413
456.6,25.75,0.0164737494
456.6,26.0,0.0162412511
456.6,26.25,0.0159600921
456.6,26.5,0.0156325372
456.6,26.75,0.0152613282
456.6,27.0,0.0148496342
456.6,27.25,0.0144009959
456.6,27.5,0.0139192654
456.6,27.75,0.0134085421
456.6,28.0,0.0128731065
456.6,28.25,0.0123173538
456.6,28.5,0.0117457275
456.6,28.75,0.0111626556
456.6,29.0,0.0105724898
456.6,29.25,0.0099794488
456.6,29.5,0.0093875672
456.6,29.75,0.0088006498
456.6,30.0,0.0082222333
456.6,30.25,0.007655554
456.6,30.5,0.0071035235
456.6,30.75,0.0065687108
456.6,31.0,0.0060533317
456.6,31.25,0.0055592456
456.6,31.5,0.0050879571
456.6,31.75,0.0046406251
456.6,32.0,0.0042180753
456.6,32.25,0.0038208187
456.6,32.5,0.0034490723
456.6,32.75,0.0031027839
456.6,33.0,0.0027816584
456.6,33.25,0.0024851856
456.6,33.5,0.0022126687
456.6,33.75,0.0019632535
456.6,34.0,0.0017359558
456.6,34.25,0.0015296893
456.6,34.5,0.001343291
456.6,34.75,0.0011755452
456.6,35.0,0.0010252058
456.65,0.0,0.0382076122
456.65,0.25,0.038396175
456.65,0.5,0.0385486426
456.65,0.75,0.0386645784
456.65,1.0,0.0387436498
456.65,1.25,0.0387856296
456.65,1.5,0.0387903971
456.65,1.75,0.0387579385
456.65,2.0,0.0386883474
456.65,2.25,0.0385818242
456.65,2.5,0.0384386749
456.65,2.75,0.0382593098
456.65,3.0,0.038044242
456.65,3.25,0.037794084
456.65,3.5,0.0375095459
456.65,3.75,0.0371914315
456.65,4.0,0.0368406346
456.65,4.25,0.0364581351
456.65,4.5,0.0360449943
456.65,4.75,0.0356023505
456.65,5.0,0.0351314135
456.65,5.25,0.0346334595
456.65,5.5,0.0341098257
456.65,5.75,0.0335619044
456.65,6.0,0.0329911373
456.65,6.25,0.0323990097
456.65,6.5,0.0317870444
456.65,6.75,0.0311567961
456.65,7.0,0.0305098455
456.65,7.25,0.0298477936
456.65,7.5,0.0291722561
456.65,7.75,0.0284848584
456.65,8.0,0.0277872307
456.65,8.25,0.0270810028
456.65,8.5,0.0263678004
456.65,8.75,0.0256492408
456.65,9.0,0.0249269301
456.65,9.25,0.0242024594
456.65,9.5,0.0234774032
456.65,9.75,0.0227533171
456.65,10.0,0.0220317368
456.65,10.25,0.0213141771
456.65,10.5,0.0206021317
456.65,10.75,0.0198970742
456.65,11.0,0.019200458
456.65,11.25,0.0185137185
456.65,11.5,0.0178382744
456.65,11.75,0.0171755299
456.65,12.0,0.016526877
456.65,12.25,0.015893698
456.65,12.5,0.0152773675
456.65,12.75,0.014679255
456.65,13.0,0.0141007265
456.65,13.25,0.0135431458
456.65,13.5,0.0130078754
456.65,13.75,0.0124962755
456.65,14.0,0.0120097031
456.65,14.25,0.0115495089
456.65,14.5,0.0111170328
456.65,14.75,0.0107135983
456.65,15.0,0.0103405038
456.65,15.25,0.0099990136
456.65,15.5,0.0096903452
456.65,15.75,0.0094156555
456.65,16.0,0.0091760246
456.65,16.25,0.0089724379
456.65,16.5,0.0088057656
456.65,16.75,0.0086767416
456.65,17.0,0.0085859404
456.65,17.25,0.008533753
456.65,17.5,0.0085203633
456.65,17.75,0.008545723
456.65,18.0,0.0086095286
456.65,18.25,0.0087111986
456.65,18.5,0.0088498535
456.65,18.75,0.0090242975
456.65,19.0,0.0092330046
456.65,19.25,0.0094741079
456.65,19.5,0.0097453937
456.65,19.75,0.0100443016
456.65,20.0,0.0103679293
456.65,20.25,0.0107130443
456.65,20.5,0.0110761019
456.65,20.75,0.0114532697
456.65,21.0,0.0118404587
456.65,21.25,0.012233361
456.65,21.5,0.0126274929
456.65,21.75,0.0130182442
456.65,22.0,0.0134009322
456.65,22.25,0.0137708586
456.65,22.5,0.014123371
456.65,22.75,0.0144539246
456.65,23.0,0.0147581453
456.65,23.25,0.0150318919
456.65,23.5,0.0152713163
456.65,23.75,0.0154729202
456.65,24.0,0.0156336072
456.65,24.25,0.0157507293
456.65,24.5,0.0158221261
456.65,24.75,0.015846157
456.65,25.0,0.015821724
456.65,25.25,0.0157482858
456.65,25.5,0.0156258626
456.65,25.75,0.0154550311
456.65,26.0,0.0152369102
456.65,26.25,0.0149731377
456.65,26.5,0.0146658385
456.65,26.75,0.0143175846
456.65,27.0,0.0139313493
456.65,27.25,0.0135104543
456.65,27.5,0.0130585135
456.65,27.75,0.0125793727
456.65,28.0,0.0120770479
456.65,28.25,0.0115556623
456.65,28.5,0.0110193847
456.65,28.75,0.0104723694
456.65,29.0,0.0099186988
456.65,29.25,0.0093623308
456.65,29.5,0.0088070505
456.65,29.75,0.0082564274
456.65,30.0,0.0077137795
456.65,30.25,0.0071821431
456.65,30.5,0.0066642495
456.65,30.75,0.006162509
456.65,31.0,0.0056790004
456.65,31.25,0.005215468
456.65,31.5,0.0047733235
456.65,31.75,0.004353654
456.65,32.0,0.0039572342
456.65,32.25,0.0035845435
456.65,32.5,0.0032357855
456.65,32.75,0.0029109112
456.65,33.0,0.0026096437
456.65,33.25,0.0023315044
456.65,33.5,0.0020758398
456.65,33.75,0.0018418481
456.65,34.0,0.0016286063
456.65,34.25,0.001435095
456.65,34.5,0.0012602233
456.65,34.75,0.0011028508
456.65,35.0,0.0009618082
456.7,0.0,0.0358252609
456.7,0.25,0.0360020663
456.7,0.5,0.0361450271
456.7,0.75,0.036253734
456.7,1.0,0.0363278751
456.7,1.25,0.0363672374
456.7,1.5,0.0363717075
456.7,1.75,0.0363412728
456.7,2.0,0.036276021
456.7,2.25,0.0361761398
456.7,2.5,0.0360419162
456.7,2.75,0.0358737351
456.7,3.0,0.0356720773
456.7,3.25,0.0354375174
456.7,3.5,0.035170721
456.7,3.75,0.0348724419
456.7,4.0,0.0345435182
456.7,4.25,0.0341848686
456.7,4.5,0.0337974883
456.7,4.75,0.0333824446
456.7,5.0,0.0329408718
456.7,5.25,0.0324739666
456.7,5.5,0.0319829829
456.7,5.75,0.031469226
456.7,6.0,0.0309340478
456.7,6.25,0.030378841
456.7,6.5,0.0298050334
456.7,6.75,0.0292140829
456.7,7.0,0.0286074715
456.7,7.25,0.0279867003
456.7,7.5,0.0273532845
456.7,7.75,0.026708748
456.7,8.0,0.0260546193
456.7,8.25,0.0253924267
456.7,8.5,0.0247236944
456.7,8.75,0.0240499391
456.7,9.0,0.0233726664
456.7,9.25,0.0226933685
456.7,9.5,0.0220135216
456.7,9.75,0.0213345843
456.7,10.0,0.0206579965
456.7,10.25,0.0199851786
456.7,10.5,0.0193175313
456.7,10.75,0.018656436
456.7,11.0,0.0180032558
456.7,11.25,0.0173593364
456.7,11.5,0.0167260082
456.7,11.75,0.0161045877
456.7,12.0,0.0154963801
456.7,12.25,0.0149026816
456.7,12.5,0.014324781
456.7,12.75,0.0137639624
456.7,13.0,0.0132215068
456.7,13.25,0.0126986929
456.7,13.5,0.012196798
456.7,13.75,0.0117170979
456.7,14.0,0.0112608646
456.7,14.25,0.0108293648
456.7,14.5,0.0104238548
456.7,14.75,0.0100455755
456.7,15.0,0.0096957445
456.7,15.25,0.0093755472
456.7,15.5,0.0090861251
456.7,15.75,0.0088285631
456.7,16.0,0.0086038739
456.7,16.25,0.0084129813
456.7,16.5,0.0082567016
456.7,16.75,0.0081357226
456.7,17.0,0.008050583
456.7,17.25,0.0080016497
456.7,17.5,0.0079890949
456.7,17.75,0.0080128733
456.7,18.0,0.0080727004
456.7,18.25,0.0081680311
456.7,18.5,0.0082980404
456.7,18.75,0.0084616074
456.7,19.0,0.008657301
456.7,19.25,0.0088833708
456.7,19.5,0.0091377412
456.7,19.75,0.0094180114
456.7,20.0,0.0097214599
456.7,20.25,0.0100450561
456.7,20.5,0.010385476
456.7,20.75,0.0107391263
456.7,21.0,0.0111021731
456.7,21.25,0.0114705768
456.7,21.5,0.0118401334
456.7,21.75,0.0122065204
456.7,22.0,0.0125653466
456.7,22.25,0.0129122072
456.7,22.5,0.0132427394
456.7,22.75,0.0135526821
456.7,23.0,0.0138379337
456.7,23.25,0.0140946115
456.7,23.5,0.0143191071
456.7,23.75,0.0145081405
456.7,24.0,0.0146588082
456.7,24.25,0.0147686273
456.7,24.5,0.0148355723
456.7,24.75,0.0148581049
456.7,25.0,0.0148351953
456.7,25.25,0.0147663362
456.7,25.5,0.0146515465
456.7,25.75,0.0144913668
456.7,26.0,0.0142868463
456.7,26.25,0.0140395208
456.7,26.5,0.0137513825
456.7,26.75,0.0134248433
456.7,27.0,0.0130626908
456.7,27.25,0.0126680398
456.7,27.5,0.0122442787
456.7,27.75,0.0117950137
456.7,28.0,0.0113240102
456.7,28.25,0.0108351345
456.7,28.5,0.0103322953
456.7,28.75,0.0098193879
456.7,29.0,0.0093002402
456.7,29.25,0.0087785634
456.7,29.5,0.0082579063
456.7,29.75,0.0077416161
456.7,30.0,0.0072328038
456.7,30.25,0.0067343164
456.7,30.5,0.006248715
456.7,30.75,0.0057782594
456.7,31.0,0.0053248989
456.7,31.25,0.004890269
456.7,31.5,0.0044756935
456.7,31.75,0.0040821915
456.7,32.0,0.0037104896
456.7,32.25,0.0033610372
456.7,32.5,0.0030340252
456.7,32.75,0.0027294078
456.7,33.0,0.0024469252
456.7,33.25,0.0021861286
456.7,33.5,0.0019464054
456.7,33.75,0.0017270037
456.7,34.0,0.0015270581
456.7,34.25,0.0013456129
456.7,34.5,0.0011816449
456.7,34.75,0.0010340849
456.7,35.0,0.0009018368
456.75,0.0,0.0335730552
456.75,0.25,0.0337387455
456.75,0.5,0.0338727189
456.75,0.75,0.0339745918
456.75,1.0,0.0340440719
456.75,1.25,0.0340809596
456.75,1.5,0.0340851487
456.75,1.75,0.0340566273
456.75,2.0,0.0339954776
456.75,2.25,0.0339018756
456.75,2.5,0.0337760902
456.75,2.75,0.033618482
456.75,3.0,0.0334295017
456.75,3.25,0.0332096877
456.75,3.5,0.0329596639
456.75,3.75,0.0326801366
456.75,4.0,0.0323718911
456.75,4.25,0.0320357885
456.75,4.5,0.0316727614
456.75,4.75,0.03128381
456.75,5.0,0.0308699973
456.75,5.25,0.0304324448
456.75,5.5,0.0299723274
456.75,5.75,0.0294908686
456.75,6.0,0.0289893352
456.75,6.25,0.0284690322
456.75,6.5,0.0279312979
456.75,6.75,0.0273774983
456.75,7.0,0.0268090223
456.75,7.25,0.0262272768
456.75,7.5,0.0256336816
456.75,7.75,0.0250296648
456.75,8.0,0.0244166588
456.75,8.25,0.0237960959
456.75,8.5,0.0231694044
456.75,8.75,0.0225380057
456.75,9.0,0.0219033107
456.75,9.25,0.0212667178
456.75,9.5,0.0206296104
456.75,9.75,0.0199933555
456.75,10.0,0.0193593024
456.75,10.25,0.0187287821
456.75,10.5,0.0181031074
456.75,10.75,0.0174835728
456.75,11.0,0.0168714557
456.75,11.25,0.0162680172
456.75,11.5,0.015674504
456.75,11.75,0.01509215
456.75,12.0,0.0145221783
456.75,12.25,0.0139658034
456.75,12.5,0.0134242334
456.75,12.75,0.0128986715
456.75,13.0,0.0123903181
456.75,13.25,0.0119003716
456.75,13.5,0.0114300291
456.75,13.75,0.0109804859
456.75,14.0,0.0105529344
456.75,14.25,0.0101485615
456.75,14.5,0.0097685444
456.75,14.75,0.0094140462
456.75,15.0,0.0090862078
456.75,15.25,0.0087861402
456.75,15.5,0.008514913
456.75,15.75,0.008273543
456.75,16.0,0.0080629792
456.75,16.25,0.0078840874
456.75,16.5,0.0077376323
456.75,16.75,0.0076242589
456.75,17.0,0.0075444717
456.75,17.25,0.0074986147
456.75,17.5,0.0074868491
456.75,17.75,0.0075091327
456.75,18.0,0.0075651987
456.75,18.25,0.0076545362
456.75,18.5,0.0077763724
456.75,18.75,0.0079296564
456.75,19.0,0.0081130475
456.75,19.25,0.0083249051
456.75,19.5,0.0085632842
456.75,19.75,0.0088259348
456.75,20.0,0.0091103066
456.75,20.25,0.0094135594
456.75,20.5,0.0097325784
456.75,20.75,0.010063996
456.75,21.0,0.0104042193
456.75,21.25,0.0107494627
456.75,21.5,0.0110957867
456.75,21.75,0.0114391402
456.75,22.0,0.0117754084
456.75,22.25,0.012100463
456.75,22.5,0.0124102159
456.75,22.75,0.0127006735
456.75,23.0,0.0129679925
456.75,23.25,0.0132085338
456.75,23.5,0.0134189162
456.75,23.75,0.0135960657
456.75,24.0,0.0137372615
456.75,24.25,0.0138401767
456.75,24.5,0.0139029131
456.75,24.75,0.0139240291
456.75,25.0,0.0139025598
456.75,25.25,0.0138380296
456.75,25.5,0.0137304563
456.75,25.75,0.0135803465
456.75,26.0,0.0133886835
456.75,26.25,0.0131569065
456.75,26.5,0.0128868824
456.75,26.75,0.0125808715
456.75,27.0,0.0122414863
456.75,27.25,0.0118716455
456.75,27.5,0.0114745248
456.75,27.75,0.0110535035
456.75,28.0,0.0106121103
456.75,28.25,0.0101539685
456.75,28.5,0.009682741
456.75,28.75,0.0092020782
456.75,29.0,0.0087155675
456.75,29.25,0.0082266866
456.75,29.5,0.0077387613
456.75,29.75,0.0072549285
456.75,30.0,0.0067781034
456.75,30.25,0.0063109541
456.75,30.5,0.0058558807
456.75,30.75,0.0054150009
456.75,31.0,0.0049901416
456.75,31.25,0.0045828353
456.75,31.5,0.0041943227
456.75,31.75,0.0038255588
456.75,32.0,0.0034772244
456.75,32.25,0.0031497408
456.75,32.5,0.0028432869
456.75,32.75,0.0025578197
456.75,33.0,0.0022930958
456.75,33.25,0.0020486946
456.75,33.5,0.0018240418
456.75,33.75,0.0016184332
456.75,34.0,0.0014310574
456.75,34.25,0.001261019
456.75,34.5,0.0011073591
456.75,34.75,0.0009690757
456.75,35.0,0.0008451415
456.8,0.0,0.0314452032
456.8,0.25,0.0316003921
456.8,0.5,0.0317258743
456.8,0.75,0.0318212905
456.8,1.0,0.031886367
456.8,1.25,0.0319209167
456.8,1.5,0.0319248403
456.8,1.75,0.0318981266
456.8,2.0,0.0318408526
456.8,2.25,0.031753183
456.8,2.5,0.0316353699
456.8,2.75,0.0314877509
456.8,3.0,0.0313107481
456.8,3.25,0.0311048659
456.8,3.5,0.0308706885
456.8,3.75,0.0306088776
456.8,4.0,0.0303201686
456.8,4.25,0.0300053681
456.8,4.5,0.0296653496
456.8,4.75,0.0293010498
456.8,5.0,0.0289134645
456.8,5.25,0.0285036439
456.8,5.5,0.0280726887
456.8,5.75,0.0276217446
456.8,6.0,0.0271519982
456.8,6.25,0.0266646719
456.8,6.5,0.0261610191
456.8,6.75,0.0256423192
456.8,7.0,0.0251098731
456.8,7.25,0.0245649985
456.8,7.5,0.0240090251
456.8,7.75,0.0234432908
456.8,8.0,0.022869137
456.8,8.25,0.0222879052
456.8,8.5,0.0217009332
456.8,8.75,0.0211095524
456.8,9.0,0.0205150842
456.8,9.25,0.0199188384
456.8,9.5,0.0193221108
456.8,9.75,0.0187261815
456.8,10.0,0.0181323145
456.8,10.25,0.0175417565
456.8,10.5,0.0169557369
456.8,10.75,0.0163754683
456.8,11.0,0.015802147
456.8,11.25,0.0152369543
456.8,11.5,0.0146810578
456.8,11.75,0.0141356132
456.8,12.0,0.0136017662
456.8,12.25,0.0130806542
456.8,12.5,0.0125734088
456.8,12.75,0.0120811569
456.8,13.0,0.0116050228
456.8,13.25,0.011146129
456.8,13.5,0.0107055967
456.8,13.75,0.0102845454
456.8,14.0,0.009884092
456.8,14.25,0.0095053481
456.8,14.5,0.0091494165
456.8,14.75,0.0088173863
456.8,15.0,0.0085103262
456.8,15.25,0.0082292768
456.8,15.5,0.0079752399
456.8,15.75,0.0077491678
456.8,16.0,0.0075519495
456.8,16.25,0.0073843959
456.8,16.5,0.0072472231
456.8,16.75,0.0071410352
456.8,17.0,0.007066305
456.8,17.25,0.0070233543
456.8,17.5,0.0070123345
456.8,17.75,0.0070332057
456.8,18.0,0.0070857183
456.8,18.25,0.0071693936
456.8,18.5,0.0072835078
456.8,18.75,0.0074270768
456.8,19.0,0.0075988446
456.8,19.25,0.0077972747
456.8,19.5,0.0080205453
456.8,19.75,0.0082665492
456.8,20.0,0.0085328976
456.8,20.25,0.0088169303
456.8,20.5,0.0091157299
456.8,20.75,0.0094261424
456.8,21.0,0.0097448024
456.8,21.25,0.0100681644
456.8,21.5,0.0103925385
456.8,21.75,0.0107141303
456.8,22.0,0.0110290859
456.8,22.25,0.0113335386
456.8,22.5,0.0116236595
456.8,22.75,0.011895708
456.8,23.0,0.0121460843
456.8,23.25,0.0123713802
456.8,23.5,0.0125684286
456.8,23.75,0.0127343504
456.8,24.0,0.0128665972
456.8,24.25,0.0129629897
456.8,24.5,0.0130217499
456.8,24.75,0.0130415276
456.8,25.0,0.013021419
456.8,25.25,0.0129609787
456.8,25.5,0.0128602233
456.8,25.75,0.0127196275
456.8,26.0,0.012540112
456.8,26.25,0.012323025
456.8,26.5,0.012070115
456.8,26.75,0.011783499
456.8,27.0,0.0114656239
456.8,27.25,0.0111192235
456.8,27.5,0.0107472723
456.8,27.75,0.0103529352
456.8,28.0,0.0099395174
456.8,28.25,0.0095104124
456.8,28.5,0.0090690512
456.8,28.75,0.0086188528
456.8,29.0,0.008163177
456.8,29.25,0.0077052812
456.8,29.5,0.0072482805
456.8,29.75,0.0067951129
456.8,30.0,0.0063485089
456.8,30.25,0.0059109674
456.8,30.5,0.0054847364
456.8,30.75,0.0050717995
456.8,31.0,0.0046738676
456.8,31.25,0.0042923764
456.8,31.5,0.0039284875
456.8,31.75,0.0035830958
456.8,32.0,0.0032568388
456.8,32.25,0.002950111
456.8,32.5,0.0026630801
456.8,32.75,0.0023957057
456.8,33.0,0.0021477599
456.8,33.25,0.0019188488
456.8,33.5,0.0017084345
456.8,33.75,0.0015158573
456.8,34.0,0.0013403574
456.8,34.25,0.0011810959
456.8,34.5,0.001037175
456.8,34.75,0.0009076559
456.8,35.0,0.0007915767
456.85,0.0,0.0294360807
456.85,0.25,0.0295813541
456.85,0.5,0.0296988189
456.85,0.75,0.0297881387
456.85,1.0,0.0298490573
456.85,1.25,0.0298813995
456.85,1.5,0.0298850724
456.85,1.75,0.0298600656
456.85,2.0,0.0298064509
456.85,2.25,0.0297243828
456.85,2.5,0.0296140971
456.85,2.75,0.0294759099
456.85,3.0,0.0293102163
456.85,3.25,0.0291174885
456.85,3.5,0.0288982734
456.85,3.75,0.0286531902
456.85,4.0,0.0283829277
456.85,4.25,0.0280882407
456.85,4.5,0.0277699469
456.85,4.75,0.0274289233
456.85,5.0,0.0270661018
456.85,5.25,0.0266824659
456.85,5.5,0.0262790456
456.85,5.75,0.0258569136
456.85,6.0,0.0254171806
456.85,6.25,0.024960991
456.85,6.5,0.0244895179
456.85,6.75,0.0240039592
456.85,7.0,0.0235055326
456.85,7.25,0.0229954716
456.85,7.5,0.0224750209
456.85,7.75,0.021945433
456.85,8.0,0.0214079635
456.85,8.25,0.0208638682
456.85,8.5,0.0203143995
456.85,8.75,0.0197608037
456.85,9.0,0.0192043178
456.85,9.25,0.0186461678
456.85,9.5,0.0180875667
456.85,9.75,0.0175297131
456.85,10.0,0.0169737899
456.85,10.25,0.0164209643
456.85,10.5,0.0158723871
456.85,10.75,0.0153291935
456.85,11.0,0.0147925033
456.85,11.25,0.0142634224
456.85,11.5,0.0137430437
456.85,11.75,0.0132324491
456.85,12.0,0.0127327111
456.85,12.25,0.0122448944
456.85,12.5,0.0117700583
456.85,12.75,0.0113092577
456.85,13.0,0.0108635452
456.85,13.25,0.0104339714
456.85,13.5,0.010021586
456.85,13.75,0.0096274369
456.85,14.0,0.0092525696
456.85,14.25,0.0088980247
456.85,14.5,0.0085648345
456.85,14.75,0.0082540186
456.85,15.0,0.0079665775
456.85,15.25,0.0077034851
456.85,15.5,0.0074656794
456.85,15.75,0.0072540517
456.85,16.0,0.0070694342
456.85,16.25,0.006912586
456.85,16.5,0.0067841776
456.85,16.75,0.0066847744
456.85,17.0,0.0066148189
456.85,17.25,0.0065746125
456.85,17.5,0.0065642967
456.85,17.75,0.0065838344
456.85,18.0,0.0066329918
456.85,18.25,0.0067113209
456.85,18.5,0.006818144
456.85,18.75,0.0069525399
456.85,19.0,0.007113333
456.85,19.25,0.0072990849
456.85,19.5,0.0075080901
456.85,19.75,0.0077383761
456.85,20.0,0.0079877068
456.85,20.25,0.0082535918
456.85,20.5,0.0085333003
456.85,20.75,0.0088238796
456.85,21.0,0.0091221795
456.85,21.25,0.0094248811
456.85,21.5,0.0097285299
456.85,21.75,0.0100295744
456.85,22.0,0.0103244065
456.85,22.25,0.010609407
456.85,22.5,0.0108809911
456.85,22.75,0.0111356577
456.85,23.0,0.0113700368
456.85,23.25,0.0115809379
456.85,23.5,0.0117653963
456.85,23.75,0.0119207169
456.85,24.0,0.0120445141
456.85,24.25,0.0121347478
456.85,24.5,0.0121897536
456.85,24.75,0.0122082677
456.85,25.0,0.0121894439
456.85,25.25,0.0121328653
456.85,25.5,0.0120385475
456.85,25.75,0.0119069347
456.85,26.0,0.011738889
456.85,26.25,0.0115356722
456.85,26.5,0.0112989214
456.85,26.75,0.0110306181
456.85,27.0,0.0107330529
456.85,27.25,0.0104087851
456.85,27.5,0.0100605988
456.85,27.75,0.009691457
456.85,28.0,0.0093044536
456.85,28.25,0.0089027654
456.85,28.5,0.008489604
456.85,28.75,0.00806817
456.85,29.0,0.0076416086
456.85,29.25,0.0072129691
456.85,29.5,0.0067851675
456.85,29.75,0.006360954
456.85,30.0,0.0059428848
456.85,30.25,0.005533299
456.85,30.5,0.0051343012
456.85,30.75,0.0047477479
456.85,31.0,0.0043752411
456.85,31.25,0.0040181243
456.85,31.5,0.0036774854
456.85,31.75,0.0033541617
456.85,32.0,0.0030487502
456.85,32.25,0.0027616201
456.85,32.5,0.0024929284
456.85,32.75,0.0022426373
456.85,33.0,0.0020105335
456.85,33.25,0.0017962482
456.85,33.5,0.0015992778
456.85,33.75,0.0014190049
456.85,34.0,0.0012547182
456.85,34.25,0.0011056324
456.85,34.5,0.0009709069
456.85,34.75,0.0008496633
456.85,35.0,0.0007410006
456.9,0.0,0.0275402325
456.9,0.25,0.0276761495
456.9,0.5,0.0277860488
456.9,0.75,0.027869616
456.9,1.0,0.027926611
456.9,1.25,0.0279568703
456.9,1.5,0.0279603066
456.9,1.75,0.0279369103
456.9,2.0,0.0278867488
456.9,2.25,0.0278099663
456.9,2.5,0.0277067836
456.9,2.75,0.0275774964
456.9,3.0,0.0274224744
456.9,3.25,0.0272421594
456.9,3.5,0.0270370629
456.9,3.75,0.0268077645
456.9,4.0,0.0265549084
456.9,4.25,0.0262792009
456.9,4.5,0.025981407
456.9,4.75,0.0256623472
456.9,5.0,0.0253228935
456.9,5.25,0.0249639659
456.9,5.5,0.0245865281
456.9,5.75,0.0241915837
456.9,6.0,0.0237801721
456.9,6.25,0.0233533636
456.9,6.5,0.022912256
456.9,6.75,0.02245797
456.9,7.0,0.0219916449
456.9,7.25,0.0215144346
456.9,7.5,0.0210275039
456.9,7.75,0.0205320243
456.9,8.0,0.0200291709
456.9,8.25,0.0195201184
456.9,8.5,0.0190060386
456.9,8.75,0.0184880974
456.9,9.0,0.0179674523
456.9,9.25,0.0174452503
456.9,9.5,0.0169226263
456.9,9.75,0.0164007015
456.9,10.0,0.0158805829
456.9,10.25,0.0153633624
456.9,10.5,0.0148501166
456.9,10.75,0.0143419077
456.9,11.0,0.0138397834
456.9,11.25,0.0133447782
456.9,11.5,0.0128579148
456.9,11.75,0.0123802054
456.9,12.0,0.0119126533
456.9,12.25,0.0114562547
456.9,12.5,0.0110120007
456.9,12.75,0.0105808783
456.9,13.0,0.0101638721
456.9,13.25,0.0097619653
456.9,13.5,0.0093761398
456.9,13.75,0.0090073761
456.9,14.0,0.0086566524
456.9,14.25,0.0083249421
456.9,14.5,0.0080132113
456.9,14.75,0.0077224137
456.9,15.0,0.0074534854
456.9,15.25,0.0072073376
456.9,15.5,0.0069848479
456.9,15.75,0.0067868502
456.9,16.0,0.0066141231
456.9,16.25,0.0064673768
456.9,16.5,0.0063472386
456.9,16.75,0.0062542375
456.9,17.0,0.0061887875
456.9,17.25,0.0061511707
456.9,17.5,0.0061415193
456.9,17.75,0.0061597987
456.9,18.0,0.00620579
456.9,18.25,0.0062790743
456.9,18.5,0.0063790174
456.9,18.75,0.0065047575
456.9,19.0,0.0066551946
456.9,19.25,0.006828983
456.9,19.5,0.0070245271
456.9,19.75,0.0072399814
456.9,20.0,0.0074732538
456.9,20.25,0.0077220144
456.9,20.5,0.007983708
456.9,20.75,0.0082555724
456.9,21.0,0.0085346602
456.9,21.25,0.008817866
456.9,21.5,0.0091019582
456.9,21.75,0.0093836137
456.9,22.0,0.009659457
456.9,22.25,0.0099261018
456.9,22.5,0.0101801945
456.9,22.75,0.0104184591
456.9,23.0,0.0106377428
456.9,23.25,0.0108350607
456.9,23.5,0.011007639
456.9,23.75,0.0111529561
456.9,24.0,0.01126878
456.9,24.25,0.0113532022
456.9,24.5,0.0114046653
456.9,24.75,0.0114219869
456.9,25.0,0.0114043755
456.9,25.25,0.0113514409
456.9,25.5,0.0112631977
456.9,25.75,0.0111400615
456.9,26.0,0.0109828389
456.9,26.25,0.0107927104
456.9,26.5,0.0105712076
456.9,26.75,0.0103201846
456.9,27.0,0.0100417843
456.9,27.25,0.0097384011
456.9,27.5,0.00941264
456.9,27.75,0.009067273
456.9,28.0,0.0087051948
456.9,28.25,0.0083293775
456.9,28.5,0.0079428261
456.9,28.75,0.0075485347
456.9,29.0,0.0071494463
456.9,29.25,0.0067484135
456.9,29.5,0.0063481648
456.9,29.75,0.005951273
456.9,30.0,0.0055601298
456.9,30.25,0.0051769236
456.9,30.5,0.0048036234
456.9,30.75,0.0044419664
456.9,31.0,0.0040934511
456.9,31.25,0.0037593347
456.9,31.5,0.0034406348
456.9,31.75,0.0031381349
456.9,32.0,0.0028523937
456.9,32.25,0.0025837564
456.9,32.5,0.0023323699
456.9,32.75,0.0020981989
456.9,33.0,0.0018810439
456.9,33.25,0.0016805597
456.9,33.5,0.0014962754
456.9,33.75,0.001327613
456.9,34.0,0.0011739073
456.9,34.25,0.0010344235
456.9,34.5,0.0009083751
456.9,34.75,0.0007949402
456.9,35.0,0.000693276
456.95,0.0,0.0257523732
456.95,0.25,0.0258794667
456.95,0.5,0.0259822316
456.95,0.75,0.0260603737
456.95,1.0,0.0261136688
456.95,1.25,0.0261419636
456.95,1.5,0.0261451769
456.95,1.75,0.0261232995
456.95,2.0,0.0260763943
456.95,2.25,0.0260045964
456.95,2.5,0.0259081121
456.95,2.75,0.025787218
456.95,3.0,0.0256422597
456.95,3.25,0.0254736504
456.95,3.5,0.0252818684
456.95,3.75,0.0250674556
456.95,4.0,0.0248310145
456.95,4.25,0.0245732053
456.95,4.5,0.0242947437
456.95,4.75,0.0239963966
456.95,5.0,0.0236789796
456.95,5.25,0.0233433529
456.95,5.5,0.0229904176
456.95,5.75,0.0226211123
456.95,6.0,0.0222364087
456.95,6.25,0.0218373078
456.95,6.5,0.0214248361
456.95,6.75,0.0210000415
456.95,7.0,0.0205639893
456.95,7.25,0.0201177586
456.95,7.5,0.0196624385
456.95,7.75,0.0191991245
456.95,8.0,0.0187289153
456.95,8.25,0.0182529096
456.95,8.5,0.0177722029
456.95,8.75,0.0172878854
456.95,9.0,0.0168010396
456.95,9.25,0.016312738
456.95,9.5,0.0158240417
456.95,9.75,0.0153359993
456.95,10.0,0.0148496458
456.95,10.25,0.0143660022
456.95,10.5,0.0138860754
456.95,10.75,0.0134108584
456.95,11.0,0.0129413311
456.95,11.25,0.0124784607
456.95,11.5,0.0120232035
456.95,11.75,0.0115765061
456.95,12.0,0.0111393066
456.95,12.25,0.0107125366
456.95,12.5,0.0102971226
456.95,12.75,0.0098939879
456.95,13.0,0.009504053
456.95,13.25,0.0091282372
456.95,13.5,0.0087674587
456.95,13.75,0.0084226344
456.95,14.0,0.008094679
456.95,14.25,0.0077845028
456.95,14.5,0.0074930089
456.95,14.75,0.0072210893
456.95,15.0,0.0069696193
456.95,15.25,0.006739451
456.95,15.5,0.0065314049
456.95,15.75,0.0063462608
456.95,16.0,0.0061847469
456.95,16.25,0.0060475271
456.95,16.5,0.005935188
456.95,16.75,0.0058482244
456.95,17.0,0.0057870233
456.95,17.25,0.0057518484
456.95,17.5,0.0057428236
456.95,17.75,0.0057599163
456.95,18.0,0.005802922
456.95,18.25,0.0058714488
456.95,18.5,0.0059649037
456.95,18.75,0.006082481
456.95,19.0,0.0062231521
456.95,19.25,0.0063856584
456.95,19.5,0.0065685082
456.95,19.75,0.0067699756
456.95,20.0,0.0069881044
456.95,20.25,0.0072207159
456.95,20.5,0.007465421
456.95,20.75,0.0077196364
456.95,21.0,0.0079806063
456.95,21.25,0.008245427
456.95,21.5,0.0085110765
456.95,21.75,0.0087744474
456.95,22.0,0.0090323835
456.95,22.25,0.0092817182
456.95,22.5,0.0095193157
456.95,22.75,0.0097421126
456.95,23.0,0.0099471609
456.95,23.25,0.0101316693
456.95,23.5,0.0102930441
456.95,23.75,0.0104289275
456.95,24.0,0.0105372324
456.95,24.25,0.010616174
456.95,24.5,0.0106642962
456.95,24.75,0.0106804934
456.95,25.0,0.0106640252
456.95,25.25,0.010614527
456.95,25.5,0.0105320124
456.95,25.75,0.01041687
456.95,26.0,0.010269854
456.95,26.25,0.0100920683
456.95,26.5,0.009884945
456.95,26.75,0.0096502179
456.95,27.0,0.0093898908
456.95,27.25,0.0091062027
456.95,27.5,0.0088015893
456.95,27.75,0.0084786429
456.95,28.0,0.0081400702
456.95,28.25,0.0077886502
456.95,28.5,0.0074271929
456.95,28.75,0.0070584983
456.95,29.0,0.0066853179
456.95,29.25,0.0063103194
456.95,29.5,0.005936054
456.95,29.75,0.0055649277
456.95,30.0,0.0051991768
456.95,30.25,0.0048408476
456.95,30.5,0.0044917814
456.95,30.75,0.0041536024
456.95,31.0,0.0038277121
456.95,31.25,0.0035152858
456.95,31.5,0.0032172753
456.95,31.75,0.0029344132
456.95,32.0,0.0026672217
456.95,32.25,0.0024160238
456.95,32.5,0.0021809569
456.95,32.75,0.0019619879
456.95,33.0,0.0017589301
456.95,33.25,0.001571461
456.95,33.5,0.00139914
456.95,33.75,0.0012414269
456.95,34.0,0.0010976995
456.95,34.25,0.0009672707
456.95,34.5,0.0008494051
456.95,34.75,0.0007433342
456.95,35.0,0.0006482699
457.0,0.0,0.0240673875
457.0,0.25,0.0241861652
457.0,0.5,0.0242822062
457.0,0.75,0.0243552354
457.0,1.0,0.0244050434
457.0,1.25,0.0244314869
457.0,1.5,0.02443449
457.0,1.75,0.0244140439
457.0,2.0,0.0243702078
457.0,2.25,0.0243031077
457.0,2.5,0.0242129364
457.0,2.75,0.0240999524
457.0,3.0,0.0239644788
457.0,3.25,0.0238069016
457.0,3.5,0.023627668
457.0,3.75,0.0234272843
457.0,4.0,0.0232063135
457.0,4.25,0.022965373
457.0,4.5,0.0227051311
457.0,4.75,0.022426305
457.0,5.0,0.0221296567
457.0,5.25,0.0218159901
457.0,5.5,0.0214861475
457.0,5.75,0.021141006
457.0,6.0,0.0207814736
457.0,6.25,0.020408486
457.0,6.5,0.0200230025
457.0,6.75,0.0196260023
457.0,7.0,0.0192184811
457.0,7.25,0.0188014475
457.0,7.5,0.0183759191
457.0,7.75,0.0179429199
457.0,8.0,0.0175034767
457.0,8.25,0.0170586161
457.0,8.5,0.0166093622
457.0,8.75,0.0161567338
457.0,9.0,0.0157017424
457.0,9.25,0.0152453905
457.0,9.5,0.0147886698
457.0,9.75,0.0143325602
457.0,10.0,0.0138780289
457.0,10.25,0.0134260303
457.0,10.5,0.0129775052
457.0,10.75,0.0125333819
457.0,11.0,0.0120945758
457.0,11.25,0.0116619912
457.0,11.5,0.0112365216
457.0,11.75,0.0108190517
457.0,12.0,0.0104104583
457.0,12.25,0.010011612
457.0,12.5,0.0096233787
457.0,12.75,0.0092466212
457.0,13.0,0.0088821999
457.0,13.25,0.0085309738
457.0,13.5,0.0081938012
457.0,13.75,0.0078715389
457.0,14.0,0.0075650417
457.0,14.25,0.0072751604
457.0,14.5,0.007002739
457.0,14.75,0.0067486112
457.0,15.0,0.006513595
457.0,15.25,0.0062984866
457.0,15.5,0.0061040531
457.0,15.75,0.005931023
457.0,16.0,0.005780077
457.0,16.25,0.0056518355
457.0,16.5,0.0055468469
457.0,16.75,0.0054655732
457.0,17.0,0.0054083766
457.0,17.25,0.0053755032
457.0,17.5,0.0053670689
457.0,17.75,0.0053830432
457.0,18.0,0.005423235
457.0,18.25,0.0054872781
457.0,18.5,0.0055746183
457.0,18.75,0.0056845024
457.0,19.0,0.0058159693
457.0,19.25,0.0059678428
457.0,19.5,0.0061387287
457.0,19.75,0.006327014
457.0,20.0,0.0065308706
457.0,20.25,0.0067482623
457.0,20.5,0.0069769562
457.0,20.75,0.0072145382
457.0,21.0,0.0074584328
457.0,21.25,0.0077059262
457.0,21.5,0.0079541941
457.0,21.75,0.0082003326
457.0,22.0,0.0084413919
457.0,22.25,0.0086744126
457.0,22.5,0.0088964639
457.0,22.75,0.0091046832
457.0,23.0,0.0092963151
457.0,23.25,0.009468751
457.0,23.5,0.0096195671
457.0,23.75,0.0097465595
457.0,24.0,0.009847778
457.0,24.25,0.0099215544
457.0,24.5,0.0099665281
457.0,24.75,0.0099816654
457.0,25.0,0.0099662748
457.0,25.25,0.0099200153
457.0,25.5,0.0098428996
457.0,25.75,0.009735291
457.0,26.0,0.0095978943
457.0,26.25,0.0094317411
457.0,26.5,0.00923817
457.0,26.75,0.0090188012
457.0,27.0,0.0087755073
457.0,27.25,0.008510381
457.0,27.5,0.0082256986
457.0,27.75,0.0079238827
457.0,28.0,0.0076074629
457.0,28.25,0.0072790365
457.0,28.5,0.0069412294
457.0,28.75,0.0065966586
457.0,29.0,0.0062478955
457.0,29.25,0.0058974333
457.0,29.5,0.0055476562
457.0,29.75,0.0052008128
457.0,30.0,0.004858993
457.0,30.25,0.0045241095
457.0,30.5,0.0041978828
457.0,30.75,0.003881831
457.0,31.0,0.0035772637
457.0,31.25,0.0032852796
457.0,31.5,0.003006768
457.0,31.75,0.0027424136
457.0,32.0,0.0024927046
457.0,32.25,0.0022579427
457.0,32.5,0.0020382562
457.0,32.75,0.0018336144
457.0,33.0,0.0016438428
457.0,33.25,0.0014686398
457.0,33.5,0.0013075939
457.0,33.75,0.0011602
457.0,34.0,0.0010258767
457.0,34.25,0.0009039819
457.0,34.5,0.0007938283
457.0,34.75,0.0006946976
457.0,35.0,0.0006058534
457.05,0.0,0.0224803299
457.05,0.25,0.0225912752
457.05,0.5,0.022680983
457.05,0.75,0.0227491966
457.05,1.0,0.0227957201
457.05,1.25,0.0228204198
457.05,1.5,0.0228232249
457.05,1.75,0.0228041271
457.05,2.0,0.0227631816
457.05,2.25,0.0227005062
457.05,2.5,0.022616281
457.05,2.75,0.0225107475
457.05,3.0,0.0223842073
457.05,3.25,0.0222370211
457.05,3.5,0.0220696066
457.05,3.75,0.0218824366
457.05,4.0,0.0216760372
457.05,4.25,0.0214509847
457.05,4.5,0.0212079038
457.05,4.75,0.0209474641
457.05,5.0,0.0206703775
457.05,5.25,0.0203773948
457.05,5.5,0.0200693027
457.05,5.75,0.0197469206
457.05,6.0,0.0194110966
457.05,6.25,0.0190627047
457.05,6.5,0.0187026408
457.05,6.75,0.0183318197
457.05,7.0,0.0179511714
457.05,7.25,0.0175616378
457.05,7.5,0.0171641698
457.05,7.75,0.0167597235
457.05,8.0,0.0163492581
457.05,8.25,0.0159337327
457.05,8.5,0.0155141036
457.05,8.75,0.0150913225
457.05,9.0,0.0146663343
457.05,9.25,0.0142400752
457.05,9.5,0.0138134717
457.05,9.75,0.013387439
457.05,10.0,0.0129628805
457.05,10.25,0.0125406877
457.05,10.5,0.0121217394
457.05,10.75,0.0117069025
457.05,11.0,0.0112970323
457.05,11.25,0.0108929733
457.05,11.5,0.0104955602
457.05,11.75,0.0101056192
457.05,12.0,0.0097239693
457.05,12.25,0.0093514238
457.05,12.5,0.0089887916
457.05,12.75,0.0086368783
457.05,13.0,0.0082964877
457.05,13.25,0.0079684222
457.05,13.5,0.0076534835
457.05,13.75,0.0073524719
457.05,14.0,0.0070661859
457.05,14.25,0.00679542
457.05,14.5,0.0065409627
457.05,14.75,0.0063035927
457.05,15.0,0.0060840739
457.05,15.25,0.0058831503
457.05,15.5,0.0057015381
457.05,15.75,0.0055399181
457.05,16.0,0.0053989257
457.05,16.25,0.0052791408
457.05,16.5,0.0051810753
457.05,16.75,0.0051051611
457.05,17.0,0.0050517361
457.05,17.25,0.0050210304
457.05,17.5,0.0050131523
457.05,17.75,0.0050280733
457.05,18.0,0.0050656147
457.05,18.25,0.0051254346
457.05,18.5,0.0052070154
457.05,18.75,0.0053096536
457.05,19.0,0.0054324512
457.05,19.25,0.0055743099
457.05,19.5,0.0057339272
457.05,19.75,0.0059097965
457.05,20.0,0.0061002103
457.05,20.25,0.0063032667
457.05,20.5,0.00651688
457.05,20.75,0.0067387954
457.05,21.0,0.006966607
457.05,21.25,0.0071977801
457.05,21.5,0.0074296767
457.05,21.75,0.0076595843
457.05,22.0,0.0078847476
457.05,22.25,0.0081024023
457.05,22.5,0.0083098111
457.05,22.75,0.0085042999
457.05,23.0,0.0086832952
457.05,23.25,0.0088443603
457.05,23.5,0.0089852312
457.05,23.75,0.0091038495
457.05,24.0,0.0091983934
457.05,24.25,0.0092673049
457.05,24.5,0.0093093128
457.05,24.75,0.009323452
457.05,25.0,0.0093090763
457.05,25.25,0.0092658672
457.05,25.5,0.0091938367
457.05,25.75,0.009093324
457.05,26.0,0.0089649876
457.05,26.25,0.008809791
457.05,26.5,0.0086289844
457.05,26.75,0.0084240812
457.05,27.0,0.0081968307
457.05,27.25,0.0079491874
457.05,27.5,0.0076832776
457.05,27.75,0.0074013641
457.05,28.0,0.0071058097
457.05,28.25,0.0067990405
457.05,28.5,0.0064835092
457.05,28.75,0.0061616601
457.05,29.0,0.0058358952
457.05,29.25,0.0055085433
457.05,29.5,0.0051818313
457.05,29.75,0.0048578595
457.05,30.0,0.0045385801
457.05,30.25,0.0042257796
457.05,30.5,0.0039210649
457.05,30.75,0.0036258543
457.05,31.0,0.0033413709
457.05,31.25,0.0030686409
457.05,31.5,0.002808495
457.05,31.75,0.0025615727
457.05,32.0,0.00232833
457.05,32.25,0.0021090488
457.05,32.5,0.001903849
457.05,32.75,0.0017127017
457.05,33.0,0.0015354441
457.05,33.25,0.0013717944
457.05,33.5,0.0012213682
457.05,33.75,0.0010836938
457.05,34.0,0.0009582281
457.05,34.25,0.0008443713
457.05,34.5,0.0007414815
457.05,34.75,0.0006488877
457.05,35.0,0.000565902
457.1,0.0,0.0209864243
457.1,0.25,0.0210899969
457.1,0.5,0.0211737433
457.1,0.75,0.0212374237
457.1,1.0,0.0212808556
457.1,1.25,0.0213039139
457.1,1.5,0.0213065326
457.1,1.75,0.0212887039
457.1,2.0,0.0212504794
457.1,2.25,0.021191969
457.1,2.5,0.0211133409
457.1,2.75,0.0210148205
457.1,3.0,0.0208966894
457.1,3.25,0.0207592843
457.1,3.5,0.0206029951
457.1,3.75,0.0204282634
457.1,4.0,0.02023558
457.1,4.25,0.0200254831
457.1,4.5,0.0197985559
457.1,4.75,0.0195554235
457.1,5.0,0.0192967503
457.1,5.25,0.0190232374
457.1,5.5,0.0187356193
457.1,5.75,0.0184346607
457.1,6.0,0.0181211536
457.1,6.25,0.0177959136
457.1,6.5,0.0174597774
457.1,6.75,0.0171135988
457.1,7.0,0.016758246
457.1,7.25,0.0163945985
457.1,7.5,0.0160235437
457.1,7.75,0.0156459745
457.1,8.0,0.0152627862
457.1,8.25,0.014874874
457.1,8.5,0.0144831309
457.1,8.75,0.0140884452
457.1,9.0,0.0136916992
457.1,9.25,0.0132937667
457.1,9.5,0.0128955126
457.1,9.75,0.0124977914
457.1,10.0,0.0121014466
457.1,10.25,0.0117073101
457.1,10.5,0.0113162026
457.1,10.75,0.0109289332
457.1,11.0,0.0105463005
457.1,11.25,0.0101690927
457.1,11.5,0.0097980893
457.1,11.75,0.0094340614
457.1,12.0,0.0090777736
457.1,12.25,0.0087299852
457.1,12.5,0.0083914513
457.1,12.75,0.008062924
457.1,13.0,0.0077451537
457.1,13.25,0.0074388895
457.1,13.5,0.0071448797
457.1,13.75,0.0068638715
457.1,14.0,0.0065966103
457.1,14.25,0.0063438378
457.1,14.5,0.0061062902
457.1,14.75,0.0058846943
457.1,15.0,0.0056797635
457.1,15.25,0.005492192
457.1,15.5,0.0053226487
457.1,15.75,0.0051717689
457.1,16.0,0.0050401461
457.1,16.25,0.0049283213
457.1,16.5,0.0048367727
457.1,16.75,0.0047659032
457.1,17.0,0.0047160285
457.1,17.25,0.0046873634
457.1,17.5,0.0046800088
457.1,17.75,0.0046939382
457.1,18.0,0.0047289849
457.1,18.25,0.0047848295
457.1,18.5,0.0048609889
457.1,18.75,0.0049568064
457.1,19.0,0.0050714437
457.1,19.25,0.0052038753
457.1,19.5,0.0053528854
457.1,19.75,0.0055170675
457.1,20.0,0.0056948276
457.1,20.25,0.0058843901
457.1,20.5,0.0060838079
457.1,20.75,0.0062909762
457.1,21.0,0.0065036488
457.1,21.25,0.0067194595
457.1,21.5,0.0069359457
457.1,21.75,0.007150575
457.1,22.0,0.0073607753
457.1,22.25,0.0075639661
457.1,22.5,0.0077575918
457.1,22.75,0.007939156
457.1,23.0,0.0081062564
457.1,23.25,0.0082566181
457.1,23.5,0.0083881276
457.1,23.75,0.0084988632
457.1,24.0,0.0085871243
457.1,24.25,0.0086514563
457.1,24.5,0.0086906727
457.1,24.75,0.0087038722
457.1,25.0,0.0086904518
457.1,25.25,0.0086501142
457.1,25.5,0.0085828704
457.1,25.75,0.0084890372
457.1,26.0,0.0083692292
457.1,26.25,0.008224346
457.1,26.5,0.0080555547
457.1,26.75,0.0078642681
457.1,27.0,0.0076521193
457.1,27.25,0.0074209329
457.1,27.5,0.0071726939
457.1,27.75,0.0069095146
457.1,28.0,0.0066336009
457.1,28.25,0.0063472177
457.1,28.5,0.0060526547
457.1,28.75,0.0057521937
457.1,29.0,0.0054480772
457.1,29.25,0.0051424791
457.1,29.5,0.0048374784
457.1,29.75,0.0045350358
457.1,30.0,0.0042369738
457.1,30.25,0.00394496
457.1,30.5,0.0036604949
457.1,30.75,0.0033849022
457.1,31.0,0.0031193238
457.1,31.25,0.0028647177
457.1,31.5,0.0026218595
457.1,31.75,0.0023913462
457.1,32.0,0.0021736034
457.1,32.25,0.0019688943
457.1,32.5,0.0017773308
457.1,32.75,0.001598886
457.1,33.0,0.0014334078
457.1,33.25,0.0012806333
457.1,33.5,0.0011402035
457.1,33.75,0.0010116781
457.1,34.0,0.0008945501
457.1,34.25,0.0007882595
457.1,34.5,0.0006922071
457.1,34.75,0.0006057666
457.1,35.0,0.0005282956
457.15,0.0,0.0195810626
457.15,0.25,0.0196776994
457.15,0.5,0.0197558377
457.15,0.75,0.0198152538
457.15,1.0,0.0198557772
457.15,1.25,0.0198772915
457.15,1.5,0.0198797347
457.15,1.75,0.0198631
457.15,2.0,0.0198274352
457.15,2.25,0.019772843
457.15,2.5,0.0196994802
457.15,2.75,0.0196075572
457.15,3.0,0.0194973369
457.15,3.25,0.0193691331
457.15,3.5,0.0192233099
457.15,3.75,0.0190602791
457.15,4.0,0.0188804988
457.15,4.25,0.0186844711
457.15,4.5,0.0184727402
457.15,4.75,0.0182458891
457.15,5.0,0.0180045381
457.15,5.25,0.0177493411
457.15,5.5,0.0174809834
457.15,5.75,0.0172001786
457.15,6.0,0.0169076655
457.15,6.25,0.0166042053
457.15,6.5,0.0162905786
457.15,6.75,0.0159675819
457.15,7.0,0.0156360255
457.15,7.25,0.0152967297
457.15,7.5,0.0149505227
457.15,7.75,0.0145982375
457.15,8.0,0.0142407095
457.15,8.25,0.0138787739
457.15,8.5,0.013513264
457.15,8.75,0.0131450086
457.15,9.0,0.0127748308
457.15,9.25,0.012403546
457.15,9.5,0.0120319611
457.15,9.75,0.0116608734
457.15,10.0,0.0112910699
457.15,10.25,0.0109233269
457.15,10.5,0.0105584099
457.15,10.75,0.0101970742
457.15,11.0,0.0098400646
457.15,11.25,0.0094881166
457.15,11.5,0.0091419575
457.15,11.75,0.0088023069
457.15,12.0,0.008469878
457.15,12.25,0.0081453794
457.15,12.5,0.0078295155
457.15,12.75,0.0075229881
457.15,13.0,0.0072264973
457.15,13.25,0.0069407422
457.15,13.5,0.0066664209
457.15,13.75,0.0064042305
457.15,14.0,0.0061548664
457.15,14.25,0.005919021
457.15,14.5,0.0056973808
457.15,14.75,0.0054906242
457.15,15.0,0.0052994166
457.15,15.25,0.0051244059
457.15,15.5,0.004966216
457.15,15.75,0.00482544
457.15,16.0,0.0047026313
457.15,16.25,0.0045982949
457.15,16.5,0.0045128768
457.15,16.75,0.0044467532
457.15,17.0,0.0044002184
457.15,17.25,0.0043734728
457.15,17.5,0.0043666107
457.15,17.75,0.0043796073
457.15,18.0,0.0044123071
457.15,18.25,0.0044644121
457.15,18.5,0.0045354715
457.15,18.75,0.0046248725
457.15,19.0,0.004731833
457.15,19.25,0.0048553963
457.15,19.5,0.0049944279
457.15,19.75,0.0051476156
457.15,20.0,0.0053134719
457.15,20.25,0.0054903403
457.15,20.5,0.0056764041
457.15,20.75,0.0058696992
457.15,21.0,0.0060681302
457.15,21.25,0.0062694891
457.15,21.5,0.0064714782
457.15,21.75,0.0066717348
457.15,22.0,0.006867859
457.15,22.25,0.007057443
457.15,22.5,0.0072381025
457.15,22.75,0.0074075083
457.15,23.0,0.0075634187
457.15,23.25,0.0077037114
457.15,23.5,0.0078264143
457.15,23.75,0.0079297345
457.15,24.0,0.0080120852
457.15,24.25,0.0080721092
457.15,24.5,0.0081086994
457.15,24.75,0.008121015
457.15,25.0,0.0081084933
457.15,25.25,0.0080708569
457.15,25.5,0.0080081161
457.15,25.75,0.0079205665
457.15,26.0,0.0078087815
457.15,26.25,0.0076736004
457.15,26.5,0.0075161123
457.15,26.75,0.0073376352
457.15,27.0,0.0071396931
457.15,27.25,0.0069239881
457.15,27.5,0.0066923724
457.15,27.75,0.006446817
457.15,28.0,0.00618938
457.15,28.25,0.0059221745
457.15,28.5,0.005647337
457.15,28.75,0.0053669965
457.15,29.0,0.0050832452
457.15,29.25,0.0047981116
457.15,29.5,0.0045135353
457.15,29.75,0.0042313459
457.15,30.0,0.0039532436
457.15,30.25,0.0036807847
457.15,30.5,0.0034153688
457.15,30.75,0.0031582313
457.15,31.0,0.0029104374
457.15,31.25,0.0026728811
457.15,31.5,0.002446286
457.15,31.75,0.0022312091
457.15,32.0,0.0020280475
457.15,32.25,0.0018370468
457.15,32.5,0.0016583114
457.15,32.75,0.0014918162
457.15,33.0,0.0013374193
457.15,33.25,0.0011948754
457.15,33.5,0.0010638495
457.15,33.75,0.0009439308
457.15,34.0,0.0008346463
457.15,34.25,0.0007354735
457.15,34.5,0.0006458533
457.15,34.75,0.0005652012
457.15,35.0,0.0004929182
457.2,0.0,0.0182598036
457.2,0.25,0.0183499197
457.2,0.5,0.0184227855
457.2,0.75,0.0184781924
457.2,1.0,0.0185159814
457.2,1.25,0.018536044
457.2,1.5,0.0185383224
457.2,1.75,0.0185228101
457.2,2.0,0.0184895518
457.2,2.25,0.0184386433
457.2,2.5,0.0183702308
457.2,2.75,0.0182845104
457.2,3.0,0.0181817273
457.2,3.25,0.0180621743
457.2,3.5,0.0179261907
457.2,3.75,0.0177741606
457.2,4.0,0.0176065112
457.2,4.25,0.0174237108
457.2,4.5,0.0172262667
457.2,4.75,0.0170147227
457.2,5.0,0.0167896572
457.2,5.25,0.01655168
457.2,5.5,0.0163014301
457.2,5.75,0.016039573
457.2,6.0,0.0157667976
457.2,6.25,0.0154838138
457.2,6.5,0.0151913494
457.2,6.75,0.0148901474
457.2,7.0,0.0145809632
457.2,7.25,0.0142645619
457.2,7.5,0.0139417157
457.2,7.75,0.0136132014
457.2,8.0,0.0132797981
457.2,8.25,0.0129422846
457.2,8.5,0.012601438
457.2,8.75,0.0122580311
457.2,9.0,0.0119128315
457.2,9.25,0.0115665997
457.2,9.5,0.011220088
457.2,9.75,0.01087404
457.2,10.0,0.0105291895
457.2,10.25,0.0101862604
457.2,10.5,0.0098459667
457.2,10.75,0.0095090126
457.2,11.0,0.0091760927
457.2,11.25,0.008847893
457.2,11.5,0.0085250914
457.2,11.75,0.0082083591
457.2,12.0,0.0078983614
457.2,12.25,0.0075957587
457.2,12.5,0.0073012082
457.2,12.75,0.0070153641
457.2,13.0,0.0067388795
457.2,13.25,0.0064724061
457.2,13.5,0.006216595
457.2,13.75,0.0059720962
457.2,14.0,0.0057395584
457.2,14.25,0.0055196269
457.2,14.5,0.0053129422
457.2,14.75,0.0051201368
457.2,15.0,0.0049418312
457.2,15.25,0.0047786295
457.2,15.5,0.0046311138
457.2,15.75,0.0044998368
457.2,16.0,0.0043853148
457.2,16.25,0.0042880187
457.2,16.5,0.0042083643
457.2,16.75,0.0041467024
457.2,17.0,0.0041033076
457.2,17.25,0.0040783667
457.2,17.5,0.0040719676
457.2,17.75,0.0040840873
457.2,18.0,0.0041145806
457.2,18.25,0.0041631698
457.2,18.5,0.0042294343
457.2,18.75,0.0043128029
457.2,19.0,0.0044125461
457.2,19.25,0.0045277718
457.2,19.5,0.004657422
457.2,19.75,0.0048002731
457.2,20.0,0.0049549381
457.2,20.25,0.005119872
457.2,20.5,0.0052933809
457.2,20.75,0.0054736332
457.2,21.0,0.0056586748
457.2,21.25,0.0058464467
457.2,21.5,0.0060348063
457.2,21.75,0.0062215504
457.2,22.0,0.0064044408
457.2,22.25,0.0065812324
457.2,22.5,0.0067497016
457.2,22.75,0.0069076765
457.2,23.0,0.0070530666
457.2,23.25,0.0071838929
457.2,23.5,0.0072983163
457.2,23.75,0.0073946648
457.2,24.0,0.0074714587
457.2,24.25,0.0075274325
457.2,24.5,0.0075615538
457.2,24.75,0.0075730384
457.2,25.0,0.0075613616
457.2,25.25,0.0075262648
457.2,25.5,0.0074677575
457.2,25.75,0.0073861154
457.2,26.0,0.0072818732
457.2,26.25,0.0071558137
457.2,26.5,0.0070089523
457.2,26.75,0.0068425182
457.2,27.0,0.0066579325
457.2,27.25,0.0064567825
457.2,27.5,0.0062407954
457.2,27.75,0.0060118092
457.2,28.0,0.0057717431
457.2,28.25,0.0055225677
457.2,28.5,0.0052662752
457.2,28.75,0.0050048511
457.2,29.0,0.0047402463
457.2,29.25,0.0044743524
457.2,29.5,0.0042089783
457.2,29.75,0.00394583
457.2,30.0,0.0036864931
457.2,30.25,0.0034324187
457.2,30.5,0.0031849121
457.2,30.75,0.0029451253
457.2,31.0,0.0027140516
457.2,31.25,0.0024925248
457.2,31.5,0.0022812195
457.2,31.75,0.0020806552
457.2,32.0,0.0018912022
457.2,32.25,0.0017130895
457.2,32.5,0.0015464146
457.2,32.75,0.0013911538
457.2,33.0,0.0012471751
457.2,33.25,0.0011142495
457.2,33.5,0.0009920648
457.2,33.75,0.0008802378
457.2,34.0,0.0007783274
457.2,34.25,0.0006858464
457.2,34.5,0.0006022735
457.2,34.75,0.0005270635
457.2,35.0,0.0004596578
457.25,0.0,0.0170183709
457.25,0.25,0.0171023603
457.25,0.5,0.0171702721
457.25,0.75,0.0172219121
457.25,1.0,0.0172571319
457.25,1.25,0.0172758305
457.25,1.5,0.017277954
457.25,1.75,0.0172634963
457.25,2.0,0.0172324992
457.25,2.25,0.0171850518
457.25,2.5,0.0171212905
457.25,2.75,0.017041398
457.25,3.0,0.0169456028
457.25,3.25,0.0168341779
457.25,3.5,0.0167074394
457.25,3.75,0.0165657454
457.25,4.0,0.0164094941
457.25,4.25,0.0162391217
457.25,4.5,0.0160551013
457.25,4.75,0.0158579396
457.25,5.0,0.0156481756
457.25,5.25,0.0154263778
457.25,5.5,0.0151931417
457.25,5.75,0.0149490875
457.25,6.0,0.0146948574
457.25,6.25,0.0144311129
457.25,6.5,0.0141585323
457.25,6.75,0.0138778082
457.25,7.0,0.0135896445
457.25,7.25,0.0132947544
457.25,7.5,0.0129938577
457.25,7.75,0.0126876782
457.25,8.0,0.012376942
457.25,8.25,0.0120623751
457.25,8.5,0.0117447017
457.25,8.75,0.0114246421
457.25,9.0,0.0111029116
457.25,9.25,0.0107802191
457.25,9.5,0.0104572658
457.25,9.75,0.0101347446
457.25,10.0,0.0098133395
457.25,10.25,0.0094937252
457.25,10.5,0.0091765672
457.25,10.75,0.0088625216
457.25,11.0,0.008552236
457.25,11.25,0.0082463496
457.25,11.5,0.0079454944
457.25,11.75,0.0076502959
457.25,12.0,0.007361374
457.25,12.25,0.0070793445
457.25,12.5,0.0068048196
457.25,12.75,0.0065384093
457.25,13.0,0.0062807221
457.25,13.25,0.0060323654
457.25,13.5,0.0057939462
457.25,13.75,0.0055660702
457.25,14.0,0.0053493419
457.25,14.25,0.005144363
457.25,14.5,0.0049517302
457.25,14.75,0.0047720331
457.25,15.0,0.00460585
457.25,15.25,0.004453744
457.25,15.5,0.0043162574
457.25,15.75,0.0041939056
457.25,16.0,0.0040871696
457.25,16.25,0.0039964883
457.25,16.5,0.0039222494
457.25,16.75,0.0038647798
457.25,17.0,0.0038243352
457.25,17.25,0.0038010901
457.25,17.5,0.003795126
457.25,17.75,0.0038064217
457.25,18.0,0.0038348419
457.25,18.25,0.0038801276
457.25,18.5,0.003941887
457.25,18.75,0.0040195875
457.25,19.0,0.0041125495
457.25,19.25,0.0042199413
457.25,19.5,0.004340777
457.25,19.75,0.0044739161
457.25,20.0,0.0046180658
457.25,20.25,0.0047717863
457.25,20.5,0.0049334988
457.25,20.75,0.0051014963
457.25,21.0,0.0052739574
457.25,21.25,0.0054489632
457.25,21.5,0.0056245168
457.25,21.75,0.0057985646
457.25,22.0,0.0059690209
457.25,22.25,0.0061337929
457.25,22.5,0.0062908084
457.25,22.75,0.006438043
457.25,23.0,0.0065735485
457.25,23.25,0.0066954802
457.25,23.5,0.0068021243
457.25,23.75,0.0068919223
457.25,24.0,0.0069634953
457.25,24.25,0.0070156636
457.25,24.5,0.007047465
457.25,24.75,0.0070581688
457.25,25.0,0.0070472859
457.25,25.25,0.0070145752
457.25,25.5,0.0069600457
457.25,25.75,0.0068839542
457.25,26.0,0.0067867991
457.25,26.25,0.00666931
457.25,26.5,0.0065324333
457.25,26.75,0.0063773147
457.25,27.0,0.0062052784
457.25,27.25,0.006017804
457.25,27.5,0.0058165013
457.25,27.75,0.0056030832
457.25,28.0,0.0053793385
457.25,28.25,0.0051471038
457.25,28.5,0.004908236
457.25,28.75,0.0046645853
457.25,29.0,0.0044179703
457.25,29.25,0.0041701538
457.25,29.5,0.0039228217
457.25,29.75,0.0036775641
457.25,30.0,0.0034358588
457.25,30.25,0.0031990582
457.25,30.5,0.0029683789
457.25,30.75,0.0027448945
457.25,31.0,0.0025295309
457.25,31.25,0.0023230651
457.25,31.5,0.0021261258
457.25,31.75,0.0019391973
457.25,32.0,0.0017626247
457.25,32.25,0.0015966214
457.25,32.5,0.0014412782
457.25,32.75,0.0012965732
457.25,33.0,0.0011623832
457.25,33.25,0.0010384948
457.25,33.5,0.0009246171
457.25,33.75,0.0008203929
457.25,34.0,0.0007254111
457.25,34.25,0.0006392176
457.25,34.5,0.0005613266
457.25,34.75,0.0004912299
457.25,35.0,0.000428407
457.3,0.0,0.0158526513
457.3,0.25,0.0159308875
457.3,0.5,0.0159941476
457.3,0.75,0.0160422503
457.3,1.0,0.0160750577
457.3,1.25,0.0160924754
457.3,1.5,0.0160944535
457.3,1.75,0.0160809862
457.3,2.0,0.0160521123
457.3,2.25,0.0160079149
457.3,2.5,0.0159485211
457.3,2.75,0.0158741011
457.3,3.0,0.0157848676
457.3,3.25,0.015681075
457.3,3.5,0.0155630179
457.3,3.75,0.0154310296
457.3,4.0,0.0152854811
457.3,4.25,0.0151267789
457.3,4.5,0.0149553634
457.3,4.75,0.0147717069
457.3,5.0,0.0145763112
457.3,5.25,0.014369706
457.3,5.5,0.0141524461
457.3,5.75,0.0139251091
457.3,6.0,0.0136882931
457.3,6.25,0.0134426145
457.3,6.5,0.0131887051
457.3,6.75,0.0129272099
457.3,7.0,0.0126587848
457.3,7.25,0.012384094
457.3,7.5,0.012103808
457.3,7.75,0.0118186011
457.3,8.0,0.0115291496
457.3,8.25,0.0112361299
457.3,8.5,0.0109402164
457.3,8.75,0.0106420801
457.3,9.0,0.0103423875
457.3,9.25,0.0100417987
457.3,9.5,0.0097409669
457.3,9.75,0.0094405377
457.3,10.0,0.0091411481
457.3,10.25,0.0088434267
457.3,10.5,0.0085479932
457.3,10.75,0.0082554591
457.3,11.0,0.0079664273
457.3,11.25,0.0076814934
457.3,11.5,0.0074012462
457.3,11.75,0.007126268
457.3,12.0,0.0068571367
457.3,12.25,0.0065944255
457.3,12.5,0.0063387049
457.3,12.75,0.0060905431
457.3,13.0,0.0058505069
457.3,13.25,0.0056191621
457.3,13.5,0.0053970741
457.3,13.75,0.0051848071
457.3,14.0,0.0049829242
457.3,14.25,0.0047919859
457.3,14.5,0.004612548
457.3,14.75,0.0044451597
457.3,15.0,0.0042903597
457.3,15.25,0.0041486726
457.3,15.5,0.0040206036
457.3,15.75,0.0039066326
457.3,16.0,0.0038072078
457.3,16.25,0.003722738
457.3,16.5,0.0036535843
457.3,16.75,0.0036000512
457.3,17.0,0.003562377
457.3,17.25,0.003540724
457.3,17.5,0.0035351685
457.3,17.75,0.0035456905
457.3,18.0,0.0035721639
457.3,18.25,0.0036143477
457.3,18.5,0.0036718767
457.3,18.75,0.003744255
457.3,19.0,0.0038308492
457.3,19.25,0.003930885
457.3,19.5,0.0040434437
457.3,19.75,0.004167463
457.3,20.0,0.0043017388
457.3,20.25,0.0044449298
457.3,20.5,0.0045955654
457.3,20.75,0.0047520554
457.3,21.0,0.0049127033
457.3,21.25,0.0050757217
457.3,21.5,0.0052392502
457.3,21.75,0.0054013762
457.3,22.0,0.0055601565
457.3,22.25,0.0057136421
457.3,22.5,0.0058599023
457.3,22.75,0.0059970517
457.3,23.0,0.0061232754
457.3,23.25,0.0062368551
457.3,23.5,0.0063361942
457.3,23.75,0.0064198414
457.3,24.0,0.0064865117
457.3,24.25,0.0065351066
457.3,24.5,0.0065647297
457.3,24.75,0.0065747003
457.3,25.0,0.0065645629
457.3,25.25,0.0065340928
457.3,25.5,0.0064832984
457.3,25.75,0.006412419
457.3,26.0,0.0063219189
457.3,26.25,0.0062124775
457.3,26.5,0.0060849765
457.3,26.75,0.0059404831
457.3,27.0,0.0057802309
457.3,27.25,0.0056055982
457.3,27.5,0.0054180842
457.3,27.75,0.0052192848
457.3,28.0,0.0050108661
457.3,28.25,0.0047945389
457.3,28.5,0.004572033
457.3,28.75,0.0043450718
457.3,29.0,0.0041153494
457.3,29.25,0.0038845077
457.3,29.5,0.0036541174
457.3,29.75,0.0034256594
457.3,30.0,0.0032005103
457.3,30.25,0.00297993
457.3,30.5,0.0027650517
457.3,30.75,0.0025568755
457.3,31.0,0.0023562638
457.3,31.25,0.0021639404
457.3,31.5,0.001980491
457.3,31.75,0.0018063667
457.3,32.0,0.0016418889
457.3,32.25,0.0014872565
457.3,32.5,0.0013425539
457.3,32.75,0.0012077609
457.3,33.0,0.0010827626
457.3,33.25,0.0009673603
457.3,33.5,0.0008612829
457.3,33.75,0.0007641979
457.3,34.0,0.0006757221
457.3,34.25,0.0005954327
457.3,34.5,0.000522877
457.3,34.75,0.0004575818
457.3,35.0,0.0003990621
457.35,0.0,0.0147586918
457.35,0.25,0.0148315292
457.35,0.5,0.0148904238
457.35,0.75,0.014935207
457.35,1.0,0.0149657504
457.35,1.25,0.0149819662
457.35,1.5,0.0149838078
457.35,1.75,0.0149712698
457.35,2.0,0.0149443884
457.35,2.25,0.014903241
457.35,2.5,0.0148479459
457.35,2.75,0.0147786614
457.35,3.0,0.0146955858
457.35,3.25,0.0145989557
457.35,3.5,0.0144890455
457.35,3.75,0.0143661654
457.35,4.0,0.0142306609
457.35,4.25,0.0140829105
457.35,4.5,0.013923324
457.35,4.75,0.0137523412
457.35,5.0,0.0135704295
457.35,5.25,0.0133780817
457.35,5.5,0.0131758144
457.35,5.75,0.0129641654
457.35,6.0,0.0127436917
457.35,6.25,0.0125149669
457.35,6.5,0.0122785792
457.35,6.75,0.0120351293
457.35,7.0,0.0117852277
457.35,7.25,0.0115294927
457.35,7.5,0.0112685487
457.35,7.75,0.0110030233
457.35,8.0,0.0107335463
457.35,8.25,0.0104607473
457.35,8.5,0.0101852541
457.35,8.75,0.0099076917
457.35,9.0,0.0096286802
457.35,9.25,0.0093488344
457.35,9.5,0.0090687625
457.35,9.75,0.0087890652
457.35,10.0,0.0085103359
457.35,10.25,0.0082331597
457.35,10.5,0.0079581135
457.35,10.75,0.0076857665
457.35,11.0,0.0074166802
457.35,11.25,0.0071514091
457.35,11.5,0.0068905011
457.35,11.75,0.0066344987
457.35,12.0,0.0063839395
457.35,12.25,0.0061393575
457.35,12.5,0.0059012837
457.35,12.75,0.0056702471
457.35,13.0,0.0054467753
457.35,13.25,0.0052313951
457.35,13.5,0.0050246329
457.35,13.75,0.004827014
457.35,14.0,0.0046390627
457.35,14.25,0.0044613006
457.35,14.5,0.0042942454
457.35,14.75,0.0041384082
457.35,15.0,0.0039942907
457.35,15.25,0.0038623811
457.35,15.5,0.0037431499
457.35,15.75,0.0036370438
457.35,16.0,0.0035444801
457.35,16.25,0.0034658394
457.35,16.5,0.0034014578
457.35,16.75,0.0033516189
457.35,17.0,0.0033165446
457.35,17.25,0.0032963858
457.35,17.5,0.0032912137
457.35,17.75,0.0033010096
457.35,18.0,0.0033256561
457.35,18.25,0.0033649288
457.35,18.5,0.0034184879
457.35,18.75,0.0034858715
457.35,19.0,0.0035664901
457.35,19.25,0.0036596225
457.35,19.5,0.0037644138
457.35,19.75,0.0038798748
457.35,20.0,0.0040048845
457.35,20.25,0.0041381942
457.35,20.5,0.0042784347
457.35,20.75,0.0044241257
457.35,21.0,0.0045736876
457.35,21.25,0.0047254564
457.35,21.5,0.0048777002
457.35,21.75,0.0050286381
457.35,22.0,0.0051764614
457.35,22.25,0.0053193552
457.35,22.5,0.0054555223
457.35,22.75,0.0055832073
457.35,23.0,0.0057007205
457.35,23.25,0.0058064623
457.35,23.5,0.0058989463
457.35,23.75,0.0059768211
457.35,24.0,0.0060388906
457.35,24.25,0.0060841321
457.35,24.5,0.006111711
457.35,24.75,0.0061209936
457.35,25.0,0.0061115557
457.35,25.25,0.0060831882
457.35,25.5,0.0060358991
457.35,25.75,0.0059699109
457.35,26.0,0.005885656
457.35,26.25,0.005783767
457.35,26.5,0.0056650646
457.35,26.75,0.0055305424
457.35,27.0,0.0053813489
457.35,27.25,0.0052187672
457.35,27.5,0.0050441932
457.35,27.75,0.0048591125
457.35,28.0,0.0046650764
457.35,28.25,0.0044636775
457.35,28.5,0.0042565262
457.35,28.75,0.0040452272
457.35,29.0,0.0038313574
457.35,29.25,0.0036164457
457.35,29.5,0.0034019541
457.35,29.75,0.0031892615
457.35,30.0,0.0029796496
457.35,30.25,0.0027742911
457.35,30.5,0.0025742411
457.35,30.75,0.0023804307
457.35,31.0,0.0021936628
457.35,31.25,0.0020146112
457.35,31.5,0.0018438213
457.35,31.75,0.001681713
457.35,32.0,0.0015285855
457.35,32.25,0.0013846239
457.35,32.5,0.001249907
457.35,32.75,0.0011244158
457.35,33.0,0.0010080433
457.35,33.25,0.0009006047
457.35,33.5,0.0008018475
457.35,33.75,0.0007114621
457.35,34.0,0.0006290919
457.35,34.25,0.0005543431
457.35,34.5,0.0004867943
457.35,34.75,0.000426005
457.35,35.0,0.0003715236
457.4,0.0,0.0137326978
457.4,0.25,0.0138004716
457.4,0.5,0.013855272
457.4,0.75,0.013896942
457.4,1.0,0.0139253621
457.4,1.25,0.0139404506
457.4,1.5,0.0139421641
457.4,1.75,0.0139304977
457.4,2.0,0.0139054851
457.4,2.25,0.0138671982
457.4,2.5,0.013815747
457.4,2.75,0.0137512791
457.4,3.0,0.0136739787
457.4,3.25,0.0135840662
457.4,3.5,0.0134817966
457.4,3.75,0.013367459
457.4,4.0,0.0132413745
457.4,4.25,0.0131038953
457.4,4.5,0.012955403
457.4,4.75,0.0127963066
457.4,5.0,0.0126270409
457.4,5.25,0.0124480648
457.4,5.5,0.0122598587
457.4,5.75,0.0120629232
457.4,6.0,0.0118577763
457.4,6.25,0.0116449519
457.4,6.5,0.0114249975
457.4,6.75,0.0111984717
457.4,7.0,0.0109659427
457.4,7.25,0.010727986
457.4,7.5,0.0104851822
457.4,7.75,0.0102381156
457.4,8.0,0.0099873721
457.4,8.25,0.0097335375
457.4,8.5,0.0094771961
457.4,8.75,0.0092189292
457.4,9.0,0.0089593141
457.4,9.25,0.0086989226
457.4,9.5,0.0084383206
457.4,9.75,0.0081780674
457.4,10.0,0.0079187148
457.4,10.25,0.0076608072
457.4,10.5,0.0074048817
457.4,10.75,0.0071514677
457.4,11.0,0.0069010878
457.4,11.25,0.0066542578
457.4,11.5,0.0064114876
457.4,11.75,0.0061732819
457.4,12.0,0.0059401411
457.4,12.25,0.0057125619
457.4,12.5,0.0054910385
457.4,12.75,0.0052760631
457.4,13.0,0.0050681266
457.4,13.25,0.0048677192
457.4,13.5,0.0046753307
457.4,13.75,0.0044914499
457.4,14.0,0.0043165645
457.4,14.25,0.0041511601
457.4,14.5,0.0039957182
457.4,14.75,0.0038507145
457.4,15.0,0.0037166158
457.4,15.25,0.0035938763
457.4,15.5,0.0034829337
457.4,15.75,0.0033842039
457.4,16.0,0.0032980751
457.4,16.25,0.0032249013
457.4,16.5,0.0031649954
457.4,16.75,0.0031186212
457.4,17.0,0.0030859852
457.4,17.25,0.0030672278
457.4,17.5,0.0030624152
457.4,17.75,0.0030715301
457.4,18.0,0.0030944633
457.4,18.25,0.0031310059
457.4,18.5,0.0031808416
457.4,18.75,0.0032435408
457.4,19.0,0.003318555
457.4,19.25,0.0034052131
457.4,19.5,0.0035027195
457.4,19.75,0.0036101538
457.4,20.0,0.0037264731
457.4,20.25,0.0038505154
457.4,20.5,0.0039810067
457.4,20.75,0.0041165695
457.4,21.0,0.0042557342
457.4,21.25,0.0043969523
457.4,21.5,0.0045386124
457.4,21.75,0.0046790575
457.4,22.0,0.0048166044
457.4,22.25,0.0049495645
457.4,22.5,0.0050762656
457.4,22.75,0.0051950741
457.4,23.0,0.0053044181
457.4,23.25,0.0054028089
457.4,23.5,0.0054888636
457.4,23.75,0.0055613247
457.4,24.0,0.0056190793
457.4,24.25,0.0056611757
457.4,24.5,0.0056868373
457.4,24.75,0.0056954746
457.4,25.0,0.0056866928
457.4,25.25,0.0056602974
457.4,25.5,0.0056162957
457.4,25.75,0.0055548949
457.4,26.0,0.0054764972
457.4,26.25,0.0053816913
457.4,26.5,0.0052712409
457.4,26.75,0.0051460704
457.4,27.0,0.0050072485
457.4,27.25,0.0048559691
457.4,27.5,0.0046935312
457.4,27.75,0.0045213169
457.4,28.0,0.0043407698
457.4,28.25,0.0041533718
457.4,28.5,0.0039606212
457.4,28.75,0.0037640113
457.4,29.0,0.0035650093
457.4,29.25,0.0033650378
457.4,29.5,0.0031654572
457.4,29.75,0.0029675506
457.4,30.0,0.0027725104
457.4,30.25,0.002581428
457.4,30.5,0.0023952851
457.4,30.75,0.002214948
457.4,31.0,0.0020411638
457.4,31.25,0.0018745596
457.4,31.5,0.0017156426
457.4,31.75,0.0015648037
457.4,32.0,0.0014223213
457.4,32.25,0.0012883677
457.4,32.5,0.001163016
457.4,32.75,0.0010462487
457.4,33.0,0.0009379662
457.4,33.25,0.0008379965
457.4,33.5,0.0007461047
457.4,33.75,0.0006620027
457.4,34.0,0.0005853587
457.4,34.25,0.0005158063
457.4,34.5,0.0004529534
457.4,34.75,0.00039639
457.4,35.0,0.0003456961
457.45,0.0,0.0127710292
457.45,0.25,0.012834057
457.45,0.5,0.0128850198
457.45,0.75,0.0129237718
457.45,1.0,0.0129502017
457.45,1.25,0.0129642335
457.45,1.5,0.0129658271
457.45,1.75,0.0129549777
457.45,2.0,0.0129317166
457.45,2.25,0.0128961109
457.45,2.5,0.0128482627
457.45,2.75,0.0127883093
457.45,3.0,0.0127164221
457.45,3.25,0.0126328059
457.45,3.5,0.0125376981
457.45,3.75,0.0124313672
457.45,4.0,0.0123141121
457.45,4.25,0.0121862603
457.45,4.5,0.0120481665
457.45,4.75,0.0119002113
457.45,5.0,0.0117427989
457.45,5.25,0.011576356
457.45,5.5,0.0114013296
457.45,5.75,0.011218185
457.45,6.0,0.011027404
457.45,6.25,0.0108294833
457.45,6.5,0.0106249317
457.45,6.75,0.010414269
457.45,7.0,0.0101980235
457.45,7.25,0.0099767303
457.45,7.5,0.0097509295
457.45,7.75,0.0095211644
457.45,8.0,0.0092879799
457.45,8.25,0.0090519207
457.45,8.5,0.0088135303
457.45,8.75,0.0085733492
457.45,9.0,0.0083319143
457.45,9.25,0.0080897574
457.45,9.5,0.0078474048
457.45,9.75,0.0076053765
457.45,10.0,0.0073641858
457.45,10.25,0.0071243389
457.45,10.5,0.0068863352
457.45,10.75,0.0066506672
457.45,11.0,0.0064178208
457.45,11.25,0.0061882757
457.45,11.5,0.0059625061
457.45,11.75,0.0057409815
457.45,12.0,0.005524167
457.45,12.25,0.0053125246
457.45,12.5,0.005106514
457.45,12.75,0.0049065928
457.45,13.0,0.0047132176
457.45,13.25,0.0045268443
457.45,13.5,0.0043479282
457.45,13.75,0.0041769242
457.45,14.0,0.0040142856
457.45,14.25,0.0038604641
457.45,14.5,0.0037159074
457.45,14.75,0.003581058
457.45,15.0,0.0034563499
457.45,15.25,0.0033422056
457.45,15.5,0.0032390321
457.45,15.75,0.0031472161
457.45,16.0,0.0030671186
457.45,16.25,0.002999069
457.45,16.5,0.0029433582
457.45,16.75,0.0029002315
457.45,17.0,0.0028698809
457.45,17.25,0.0028524371
457.45,17.5,0.0028479615
457.45,17.75,0.0028564381
457.45,18.0,0.0028777653
457.45,18.25,0.0029117489
457.45,18.5,0.0029580947
457.45,18.75,0.0030164033
457.45,19.0,0.0030861644
457.45,19.25,0.003166754
457.45,19.5,0.0032574322
457.45,19.75,0.0033573432
457.45,20.0,0.0034655169
457.45,20.25,0.0035808728
457.45,20.5,0.0037022261
457.45,20.75,0.0038282958
457.45,21.0,0.0039577151
457.45,21.25,0.0040890441
457.45,21.5,0.004220784
457.45,21.75,0.0043513941
457.45,22.0,0.0044793089
457.45,22.25,0.0046029581
457.45,22.5,0.0047207866
457.45,22.75,0.0048312753
457.45,23.0,0.0049329621
457.45,23.25,0.0050244629
457.45,23.5,0.0051044914
457.45,23.75,0.0051718782
457.45,24.0,0.0052255884
457.45,24.25,0.0052647368
457.45,24.5,0.0052886015
457.45,24.75,0.0052966339
457.45,25.0,0.0052884671
457.45,25.25,0.0052639201
457.45,25.5,0.0052229997
457.45,25.75,0.0051658987
457.45,26.0,0.005092991
457.45,26.25,0.0050048241
457.45,26.5,0.0049021083
457.45,26.75,0.0047857032
457.45,27.0,0.0046566027
457.45,27.25,0.004515917
457.45,27.5,0.0043648542
457.45,27.75,0.0042046997
457.45,28.0,0.0040367959
457.45,28.25,0.0038625209
457.45,28.5,0.0036832682
457.45,28.75,0.0035004264
457.45,29.0,0.0033153601
457.45,29.25,0.0031293921
457.45,29.5,0.0029437877
457.45,29.75,0.00275974
457.45,30.0,0.002578358
457.45,30.25,0.0024006567
457.45,30.5,0.0022275489
457.45,30.75,0.0020598404
457.45,31.0,0.0018982259
457.45,31.25,0.0017432886
457.45,31.5,0.0015955002
457.45,31.75,0.0014552242
457.45,32.0,0.0013227195
457.45,32.25,0.0011981463
457.45,32.5,0.0010815727
457.45,32.75,0.0009729823
457.45,33.0,0.0008722826
457.45,33.25,0.0007793136
457.45,33.5,0.0006938568
457.45,33.75,0.0006156442
457.45,34.0,0.0005443674
457.45,34.25,0.0004796856
457.45,34.5,0.0004212341
457.45,34.75,0.0003686318
457.45,35.0,0.0003214878
457.5,0.0,0.0118701982
457.5,0.25,0.0119287802
457.5,0.5,0.0119761482
457.5,0.75,0.0120121667
457.5,1.0,0.0120367324
457.5,1.25,0.0120497745
457.5,1.5,0.0120512556
457.5,1.75,0.0120411715
457.5,2.0,0.0120195512
457.5,2.25,0.011986457
457.5,2.5,0.0119419839
457.5,2.75,0.0118862594
457.5,3.0,0.0118194429
457.5,3.25,0.0117417248
457.5,3.5,0.0116533256
457.5,3.75,0.011554495
457.5,4.0,0.0114455107
457.5,4.25,0.0113266772
457.5,4.5,0.0111983242
457.5,4.75,0.0110608052
457.5,5.0,0.0109144963
457.5,5.25,0.0107597938
457.5,5.5,0.0105971132
457.5,5.75,0.0104268871
457.5,6.0,0.0102495633
457.5,6.25,0.0100656033
457.5,6.5,0.0098754802
457.5,6.75,0.009679677
457.5,7.0,0.0094786848
457.5,7.25,0.009273001
457.5,7.5,0.0090631275
457.5,7.75,0.0088495694
457.5,8.0,0.008632833
457.5,8.25,0.0084134248
457.5,8.5,0.0081918497
457.5,8.75,0.0079686103
457.5,9.0,0.0077442055
457.5,9.25,0.0075191296
457.5,9.5,0.0072938719
457.5,9.75,0.0070689155
457.5,10.0,0.0068447377
457.5,10.25,0.0066218089
457.5,10.5,0.0064005933
457.5,10.75,0.0061815486
457.5,11.0,0.0059651265
457.5,11.25,0.0057517729
457.5,11.5,0.0055419284
457.5,11.75,0.0053360294
457.5,12.0,0.0051345084
457.5,12.25,0.0049377947
457.5,12.5,0.0047463154
457.5,12.75,0.0045604961
457.5,13.0,0.004380761
457.5,13.25,0.0042075339
457.5,13.5,0.0040412381
457.5,13.75,0.0038822962
457.5,14.0,0.0037311297
457.5,14.25,0.0035881583
457.5,14.5,0.0034537982
457.5,14.75,0.0033284607
457.5,15.0,0.0032125491
457.5,15.25,0.0031064562
457.5,15.5,0.0030105602
457.5,15.75,0.0029252207
457.5,16.0,0.002850773
457.5,16.25,0.0027875235
457.5,16.5,0.0027357424
457.5,16.75,0.0026956577
457.5,17.0,0.0026674479
457.5,17.25,0.0026512345
457.5,17.5,0.0026470746
457.5,17.75,0.0026549533
457.5,18.0,0.0026747762
457.5,18.25,0.0027063626
457.5,18.5,0.0027494394
457.5,18.75,0.002803635
457.5,19.0,0.0028684754
457.5,19.25,0.0029433804
457.5,19.5,0.0030276625
457.5,19.75,0.0031205261
457.5,20.0,0.0032210695
457.5,20.25,0.0033282886
457.5,20.5,0.0034410819
457.5,20.75,0.003558259
457.5,21.0,0.0036785495
457.5,21.25,0.0038006149
457.5,21.5,0.0039230623
457.5,21.75,0.0040444595
457.5,22.0,0.0041633515
457.5,22.25,0.0042782789
457.5,22.5,0.0043877961
457.5,22.75,0.0044904913
457.5,23.0,0.0045850054
457.5,23.25,0.004670052
457.5,23.5,0.0047444355
457.5,23.75,0.004807069
457.5,24.0,0.0048569907
457.5,24.25,0.0048933777
457.5,24.5,0.004915559
457.5,24.75,0.0049230248
457.5,25.0,0.0049154341
457.5,25.25,0.0048926186
457.5,25.5,0.0048545846
457.5,25.75,0.0048015113
457.5,26.0,0.0047337463
457.5,26.25,0.0046517985
457.5,26.5,0.0045563279
457.5,26.75,0.0044481337
457.5,27.0,0.0043281395
457.5,27.25,0.0041973775
457.5,27.5,0.0040569702
457.5,27.75,0.0039081125
457.5,28.0,0.0037520521
457.5,28.25,0.00359007
457.5,28.5,0.0034234613
457.5,28.75,0.0032535166
457.5,29.0,0.0030815043
457.5,29.25,0.002908654
457.5,29.5,0.0027361415
457.5,29.75,0.002565076
457.5,30.0,0.0023964882
457.5,30.25,0.0022313214
457.5,30.5,0.0020704241
457.5,30.75,0.0019145453
457.5,31.0,0.0017643306
457.5,31.25,0.0016203221
457.5,31.5,0.0014829583
457.5,31.75,0.0013525769
457.5,32.0,0.0012294187
457.5,32.25,0.0011136326
457.5,32.5,0.0010052817
457.5,32.75,0.000904351
457.5,33.0,0.0008107544
457.5,33.25,0.0007243431
457.5,33.5,0.0006449141
457.5,33.75,0.0005722185
457.5,34.0,0.0005059693
457.5,34.25,0.00044585
457.5,34.5,0.0003915215
457.5,34.75,0.0003426296
457.5,35.0,0.000298811
457.55,0.0,0.0110268656
457.55,0.25,0.0110812856
457.55,0.5,0.0111252883
457.55,0.75,0.0111587478
457.55,1.0,0.0111815682
457.55,1.25,0.0111936837
457.55,1.5,0.0111950596
457.55,1.75,0.0111856919
457.55,2.0,0.0111656077
457.55,2.25,0.0111348646
457.55,2.5,0.0110935512
457.55,2.75,0.0110417857
457.55,3.0,0.0109797163
457.55,3.25,0.0109075198
457.55,3.5,0.010825401
457.55,3.75,0.0107335919
457.55,4.0,0.0106323505
457.55,4.25,0.0105219597
457.55,4.5,0.0104027257
457.55,4.75,0.0102749769
457.55,5.0,0.0101390627
457.55,5.25,0.0099953512
457.55,5.5,0.0098442285
457.55,5.75,0.0096860962
457.55,6.0,0.0095213706
457.55,6.25,0.0093504803
457.55,6.5,0.0091738647
457.55,6.75,0.0089919726
457.55,7.0,0.0088052602
457.55,7.25,0.0086141894
457.55,7.5,0.0084192266
457.55,7.75,0.008220841
457.55,8.0,0.0080195029
457.55,8.25,0.0078156828
457.55,8.5,0.0076098498
457.55,8.75,0.0074024707
457.55,9.0,0.007194009
457.55,9.25,0.006984924
457.55,9.5,0.0067756699
457.55,9.75,0.0065666959
457.55,10.0,0.006358445
457.55,10.25,0.0061513545
457.55,10.5,0.0059458554
457.55,10.75,0.005742373
457.55,11.0,0.0055413269
457.55,11.25,0.0053431312
457.55,11.5,0.0051481954
457.55,11.75,0.0049569248
457.55,12.0,0.004769721
457.55,12.25,0.0045869831
457.55,12.5,0.0044091077
457.55,12.75,0.0042364901
457.55,13.0,0.0040695245
457.55,13.25,0.0039086046
457.55,13.5,0.0037541235
457.55,13.75,0.0036064738
457.55,14.0,0.0034660471
457.55,14.25,0.0033332332
457.55,14.5,0.0032084189
457.55,14.75,0.0030919862
457.55,15.0,0.0029843096
457.55,15.25,0.0028857542
457.55,15.5,0.0027966713
457.55,15.75,0.0027173948
457.55,16.0,0.0026482364
457.55,16.25,0.0025894805
457.55,16.5,0.0025413782
457.55,16.75,0.0025041414
457.55,17.0,0.0024779358
457.55,17.25,0.0024628743
457.55,17.5,0.00245901
457.55,17.75,0.0024663289
457.55,18.0,0.0024847435
457.55,18.25,0.0025140858
457.55,18.5,0.0025541022
457.55,18.75,0.0026044474
457.55,19.0,0.0026646811
457.55,19.25,0.0027342644
457.55,19.5,0.0028125586
457.55,19.75,0.0028988245
457.55,20.0,0.0029922247
457.55,20.25,0.0030918263
457.55,20.5,0.0031966061
457.55,20.75,0.0033054582
457.55,21.0,0.0034172025
457.55,21.25,0.0035305956
457.55,21.5,0.0036443436
457.55,21.75,0.003757116
457.55,22.0,0.0038675612
457.55,22.25,0.0039743234
457.55,22.5,0.0040760599
457.55,22.75,0.0041714589
457.55,23.0,0.0042592582
457.55,23.25,0.0043382625
457.55,23.5,0.0044073613
457.55,23.75,0.004465545
457.55,24.0,0.0045119199
457.55,24.25,0.0045457218
457.55,24.5,0.0045663272
457.55,24.75,0.0045732626
457.55,25.0,0.0045662111
457.55,25.25,0.0045450166
457.55,25.5,0.0045096848
457.55,25.75,0.0044603821
457.55,26.0,0.0043974316
457.55,26.25,0.0043213058
457.55,26.5,0.0042326181
457.55,26.75,0.0041321107
457.55,27.0,0.0040206416
457.55,27.25,0.0038991697
457.55,27.5,0.0037687378
457.55,27.75,0.0036304559
457.55,28.0,0.003485483
457.55,28.25,0.0033350091
457.55,28.5,0.0031802373
457.55,28.75,0.0030223666
457.55,29.0,0.0028625751
457.55,29.25,0.0027020051
457.55,29.5,0.002541749
457.55,29.75,0.0023828371
457.55,30.0,0.0022262268
457.55,30.25,0.0020727945
457.55,30.5,0.0019233284
457.55,30.75,0.0017785241
457.55,31.0,0.0016389816
457.55,31.25,0.0015052044
457.55,31.5,0.0013775997
457.55,31.75,0.0012564815
457.55,32.0,0.0011420732
457.55,32.25,0.0010345132
457.55,32.5,0.0009338603
457.55,32.75,0.0008401003
457.55,33.0,0.0007531533
457.55,33.25,0.0006728813
457.55,33.5,0.0005990954
457.55,33.75,0.0005315645
457.55,34.0,0.0004700221
457.55,34.25,0.000414174
457.55,34.5,0.0003637054
457.55,34.75,0.000318287
457.55,35.0,0.0002775816
457.6,0.0,0.0102378375
457.6,0.25,0.0102883634
457.6,0.5,0.0103292175
457.6,0.75,0.0103602828
457.6,1.0,0.0103814703
457.6,1.25,0.0103927189
457.6,1.5,0.0103939963
457.6,1.75,0.0103852989
457.6,2.0,0.0103666518
457.6,2.25,0.0103381086
457.6,2.5,0.0102997514
457.6,2.75,0.01025169
457.6,3.0,0.0101940619
457.6,3.25,0.0101270314
457.6,3.5,0.0100507886
457.6,3.75,0.009965549
457.6,4.0,0.009871552
457.6,4.25,0.0097690601
457.6,4.5,0.0096583579
457.6,4.75,0.0095397502
457.6,5.0,0.0094135613
457.6,5.25,0.0092801332
457.6,5.5,0.009139824
457.6,5.75,0.008993007
457.6,6.0,0.0088400683
457.6,6.25,0.008681406
457.6,6.5,0.0085174282
457.6,6.75,0.0083485514
457.6,7.0,0.0081751992
457.6,7.25,0.0079978005
457.6,7.5,0.0078167883
457.6,7.75,0.0076325982
457.6,8.0,0.0074456668
457.6,8.25,0.0072564311
457.6,8.5,0.0070653265
457.6,8.75,0.0068727864
457.6,9.0,0.0066792412
457.6,9.25,0.0064851173
457.6,9.5,0.0062908364
457.6,9.75,0.0060968155
457.6,10.0,0.005903466
457.6,10.25,0.0057111939
457.6,10.5,0.0055203993
457.6,10.75,0.0053314771
457.6,11.0,0.0051448169
457.6,11.25,0.0049608031
457.6,11.5,0.0047798159
457.6,11.75,0.0046022317
457.6,12.0,0.0044284233
457.6,12.25,0.0042587612
457.6,12.5,0.0040936137
457.6,12.75,0.0039333478
457.6,13.0,0.0037783294
457.6,13.25,0.0036289241
457.6,13.5,0.0034854969
457.6,13.75,0.0033484123
457.6,14.0,0.0032180338
457.6,14.25,0.0030947235
457.6,14.5,0.0029788403
457.6,14.75,0.0028707389
457.6,15.0,0.0027707672
457.6,15.25,0.0026792639
457.6,15.5,0.0025965553
457.6,15.75,0.0025229514
457.6,16.0,0.0024587417
457.6,16.25,0.00240419
457.6,16.5,0.0023595297
457.6,16.75,0.0023249574
457.6,17.0,0.0023006269
457.6,17.25,0.0022866432
457.6,17.5,0.0022830554
457.6,17.75,0.0022898506
457.6,18.0,0.0023069475
457.6,18.25,0.0023341902
457.6,18.5,0.0023713432
457.6,18.75,0.002418086
457.6,19.0,0.0024740096
457.6,19.25,0.0025386139
457.6,19.5,0.0026113057
457.6,19.75,0.0026913989
457.6,20.0,0.0027781159
457.6,20.25,0.0028705904
457.6,20.5,0.0029678727
457.6,20.75,0.0030689359
457.6,21.0,0.0031726843
457.6,21.25,0.0032779636
457.6,21.5,0.0033835723
457.6,21.75,0.0034882753
457.6,22.0,0.0035908176
457.6,22.25,0.0036899404
457.6,22.5,0.0037843971
457.6,22.75,0.0038729699
457.6,23.0,0.0039544867
457.6,23.25,0.0040278378
457.6,23.5,0.0040919923
457.6,23.75,0.0041460126
457.6,24.0,0.0041890692
457.6,24.25,0.0042204523
457.6,24.5,0.0042395833
457.6,24.75,0.0042460225
457.6,25.0,0.0042394756
457.6,25.25,0.0042197976
457.6,25.5,0.004186994
457.6,25.75,0.0041412192
457.6,26.0,0.0040827731
457.6,26.25,0.0040120945
457.6,26.5,0.0039297528
457.6,26.75,0.0038364372
457.6,27.0,0.0037329443
457.6,27.25,0.0036201643
457.6,27.5,0.0034990655
457.6,27.75,0.0033706784
457.6,28.0,0.003236079
457.6,28.25,0.0030963723
457.6,28.5,0.0029526752
457.6,28.75,0.0028061009
457.6,29.0,0.0026577433
457.6,29.25,0.002508663
457.6,29.5,0.002359874
457.6,29.75,0.002212333
457.6,30.0,0.002066929
457.6,30.25,0.0019244755
457.6,30.5,0.0017857045
457.6,30.75,0.0016512617
457.6,31.0,0.0015217042
457.6,31.25,0.0013974994
457.6,31.5,0.0012790255
457.6,31.75,0.0011665739
457.6,32.0,0.0010603521
457.6,32.25,0.0009604885
457.6,32.5,0.0008670378
457.6,32.75,0.0007799869
457.6,33.0,0.0006992614
457.6,33.25,0.0006247332
457.6,33.5,0.0005562271
457.6,33.75,0.0004935284
457.6,34.0,0.0004363896
457.6,34.25,0.0003845378
457.6,34.5,0.0003376804
457.6,34.75,0.000295512
457.6,35.0,0.0002577192
457.65,0.0,0.0095000615
457.65,0.25,0.0095469464
457.65,0.5,0.0095848564
457.65,0.75,0.009613683
457.65,1.0,0.0096333436
457.65,1.25,0.0096437816
457.65,1.5,0.009644967
457.65,1.75,0.0096368964
457.65,2.0,0.009619593
457.65,2.25,0.0095931068
457.65,2.5,0.0095575137
457.65,2.75,0.0095129158
457.65,3.0,0.0094594406
457.65,3.25,0.0093972406
457.65,3.5,0.0093264921
457.65,3.75,0.0092473951
457.65,4.0,0.0091601719
457.65,4.25,0.009065066
457.65,4.5,0.0089623414
457.65,4.75,0.008852281
457.65,5.0,0.0087351857
457.65,5.25,0.0086113729
457.65,5.5,0.0084811749
457.65,5.75,0.008344938
457.65,6.0,0.0082030207
457.65,6.25,0.0080557922
457.65,6.5,0.0079036312
457.65,6.75,0.0077469243
457.65,7.0,0.0075860645
457.65,7.25,0.0074214498
457.65,7.5,0.007253482
457.65,7.75,0.0070825653
457.65,8.0,0.0069091049
457.65,8.25,0.0067335062
457.65,8.5,0.0065561733
457.65,8.75,0.0063775083
457.65,9.0,0.0061979107
457.65,9.25,0.006017776
457.65,9.5,0.0058374958
457.65,9.75,0.0056574567
457.65,10.0,0.0054780407
457.65,10.25,0.0052996244
457.65,10.5,0.0051225792
457.65,10.75,0.0049472714
457.65,11.0,0.0047740626
457.65,11.25,0.0046033095
457.65,11.5,0.0044353649
457.65,11.75,0.0042705781
457.65,12.0,0.004109295
457.65,12.25,0.0039518593
457.65,12.5,0.003798613
457.65,12.75,0.0036498964
457.65,13.0,0.0035060492
457.65,13.25,0.0033674106
457.65,13.5,0.0032343193
457.65,13.75,0.0031071135
457.65,14.0,0.0029861306
457.65,14.25,0.0028717064
457.65,14.5,0.0027641742
457.65,14.75,0.0026638629
457.65,15.0,0.0025710956
457.65,15.25,0.0024861864
457.65,15.5,0.0024094381
457.65,15.75,0.0023411383
457.65,16.0,0.0022815558
457.65,16.25,0.0022309353
457.65,16.5,0.0021894934
457.65,16.75,0.0021574125
457.65,17.0,0.0021348354
457.65,17.25,0.0021218593
457.65,17.5,0.0021185301
457.65,17.75,0.0021248356
457.65,18.0,0.0021407004
457.65,18.25,0.00216598
457.65,18.5,0.0022004555
457.65,18.75,0.0022438299
457.65,19.0,0.0022957235
457.65,19.25,0.0023556721
457.65,19.5,0.0024231255
457.65,19.75,0.0024974469
457.65,20.0,0.0025779147
457.65,20.25,0.0026637252
457.65,20.5,0.002753997
457.65,20.75,0.0028477772
457.65,21.0,0.0029440491
457.65,21.25,0.0030417416
457.65,21.5,0.0031397398
457.65,21.75,0.0032368974
457.65,22.0,0.0033320502
457.65,22.25,0.0034240298
457.65,22.5,0.0035116796
457.65,22.75,0.0035938695
457.65,23.0,0.0036695119
457.65,23.25,0.0037375771
457.65,23.5,0.0037971084
457.65,23.75,0.0038472358
457.65,24.0,0.0038871895
457.65,24.25,0.0039163111
457.65,24.5,0.0039340635
457.65,24.75,0.0039400386
457.65,25.0,0.0039339635
457.65,25.25,0.0039157036
457.65,25.5,0.0038852639
457.65,25.75,0.0038427878
457.65,26.0,0.0037885535
457.65,26.25,0.0037229683
457.65,26.5,0.0036465605
457.65,26.75,0.0035599695
457.65,27.0,0.0034639347
457.65,27.25,0.0033592821
457.65,27.5,0.0032469101
457.65,27.75,0.003127775
457.65,28.0,0.0030028754
457.65,28.25,0.0028732364
457.65,28.5,0.0027398947
457.65,28.75,0.002603883
457.65,29.0,0.0024662166
457.65,29.25,0.0023278795
457.65,29.5,0.0021898129
457.65,29.75,0.0020529042
457.65,30.0,0.0019179785
457.65,30.25,0.0017857908
457.65,30.5,0.0016570201
457.65,30.75,0.0015322657
457.65,31.0,0.0014120446
457.65,31.25,0.0012967905
457.65,31.5,0.0011868542
457.65,31.75,0.0010825063
457.65,32.0,0.0009839392
457.65,32.25,0.0008912722
457.65,32.5,0.0008045559
457.65,32.75,0.0007237782
457.65,33.0,0.0006488701
457.65,33.25,0.0005797126
457.65,33.5,0.0005161434
457.65,33.75,0.0004579629
457.65,34.0,0.0004049418
457.65,34.25,0.0003568266
457.65,34.5,0.0003133459
457.65,34.75,0.0002742163
457.65,35.0,0.000239147
457.7,0.0,0.0088106235
457.7,0.25,0.0088541058
457.7,0.5,0.0088892646
457.7,0.75,0.0089159993
457.7,1.0,0.008934233
457.7,1.25,0.0089439135
457.7,1.5,0.0089450129
457.7,1.75,0.008937528
457.7,2.0,0.0089214804
457.7,2.25,0.0088969163
457.7,2.5,0.0088639062
457.7,2.75,0.0088225449
457.7,3.0,0.0087729505
457.7,3.25,0.0087152644
457.7,3.5,0.0086496504
457.7,3.75,0.0085762936
457.7,4.0,0.0084954003
457.7,4.25,0.0084071964
457.7,4.5,0.0083119267
457.7,4.75,0.0082098537
457.7,5.0,0.0081012562
457.7,5.25,0.0079864287
457.7,5.5,0.0078656795
457.7,5.75,0.0077393296
457.7,6.0,0.0076077115
457.7,6.25,0.0074711676
457.7,6.5,0.0073300493
457.7,6.75,0.0071847149
457.7,7.0,0.0070355289
457.7,7.25,0.0068828607
457.7,7.5,0.0067270826
457.7,7.75,0.0065685697
457.7,8.0,0.0064076977
457.7,8.25,0.0062448425
457.7,8.5,0.006080379
457.7,8.75,0.0059146801
457.7,9.0,0.0057481162
457.7,9.25,0.0055810543
457.7,9.5,0.0054138573
457.7,9.75,0.005246884
457.7,10.0,0.0050804886
457.7,10.25,0.0049150203
457.7,10.5,0.0047508236
457.7,10.75,0.0045882383
457.7,11.0,0.0044275995
457.7,11.25,0.0042692383
457.7,11.5,0.0041134818
457.7,11.75,0.0039606539
457.7,12.0,0.0038110754
457.7,12.25,0.0036650652
457.7,12.5,0.0035229402
457.7,12.75,0.0033850163
457.7,13.0,0.0032516084
457.7,13.25,0.003123031
457.7,13.5,0.0029995984
457.7,13.75,0.0028816242
457.7,14.0,0.0027694212
457.7,14.25,0.0026633011
457.7,14.5,0.0025635727
457.7,14.75,0.0024705412
457.7,15.0,0.0023845061
457.7,15.25,0.002305759
457.7,15.5,0.0022345804
457.7,15.75,0.0021712374
457.7,16.0,0.0021159788
457.7,16.25,0.002069032
457.7,16.5,0.0020305976
457.7,16.75,0.0020008448
457.7,17.0,0.0019799062
457.7,17.25,0.0019678719
457.7,17.5,0.0019647842
457.7,17.75,0.0019706321
457.7,18.0,0.0019853456
457.7,18.25,0.0020087906
457.7,18.5,0.0020407642
457.7,18.75,0.0020809907
457.7,19.0,0.0021291183
457.7,19.25,0.0021847164
457.7,19.5,0.0022472746
457.7,19.75,0.0023162023
457.7,20.0,0.0023908304
457.7,20.25,0.0024704135
457.7,20.5,0.002554134
457.7,20.75,0.0026411084
457.7,21.0,0.0027303937
457.7,21.25,0.0028209964
457.7,21.5,0.0029118827
457.7,21.75,0.0030019894
457.7,22.0,0.0030902368
457.7,22.25,0.0031755413
457.7,22.5,0.0032568302
457.7,22.75,0.0033330554
457.7,23.0,0.0034032083
457.7,23.25,0.0034663339
457.7,23.5,0.0035215448
457.7,23.75,0.0035680344
457.7,24.0,0.0036050886
457.7,24.25,0.0036320968
457.7,24.5,0.0036485608
457.7,24.75,0.0036541023
457.7,25.0,0.0036484681
457.7,25.25,0.0036315333
457.7,25.5,0.0036033027
457.7,25.75,0.0035639092
457.7,26.0,0.0035136108
457.7,26.25,0.0034527852
457.7,26.5,0.0033819224
457.7,26.75,0.0033016156
457.7,27.0,0.0032125502
457.7,27.25,0.0031154924
457.7,27.5,0.0030112755
457.7,27.75,0.0029007863
457.7,28.0,0.0027849508
457.7,28.25,0.00266472
457.7,28.5,0.0025410552
457.7,28.75,0.0024149142
457.7,29.0,0.0022872385
457.7,29.25,0.0021589408
457.7,29.5,0.0020308939
457.7,29.75,0.0019039209
457.7,30.0,0.0017787871
457.7,30.25,0.0016561924
457.7,30.5,0.0015367669
457.7,30.75,0.0014210662
457.7,31.0,0.0013095698
457.7,31.25,0.0012026798
457.7,31.5,0.0011007219
457.7,31.75,0.0010039467
457.7,32.0,0.0009125328
457.7,32.25,0.0008265909
457.7,32.5,0.0007461677
457.7,32.75,0.0006712522
457.7,33.0,0.0006017803
457.7,33.25,0.0005376418
457.7,33.5,0.0004786858
457.7,33.75,0.0004247277
457.7,34.0,0.0003755544
457.7,34.25,0.000330931
457.7,34.5,0.0002906058
457.7,34.75,0.0002543159
457.7,35.0,0.0002217917
457.75,0.0,0.0081667433
457.75,0.25,0.0082070479
457.75,0.5,0.0082396374
457.75,0.75,0.0082644182
457.75,1.0,0.0082813195
457.75,1.25,0.0082902925
457.75,1.5,0.0082913115
457.75,1.75,0.0082843736
457.75,2.0,0.0082694988
457.75,2.25,0.0082467298
457.75,2.5,0.0082161321
457.75,2.75,0.0081777935
457.75,3.0,0.0081318235
457.75,3.25,0.0080783531
457.75,3.5,0.0080175341
457.75,3.75,0.0079495382
457.75,4.0,0.0078745566
457.75,4.25,0.0077927987
457.75,4.5,0.0077044913
457.75,4.75,0.0076098777
457.75,5.0,0.0075092166
457.75,5.25,0.0074027807
457.75,5.5,0.0072908558
457.75,5.75,0.0071737395
457.75,6.0,0.0070517401
457.75,6.25,0.0069251749
457.75,6.5,0.0067943694
457.75,6.75,0.0066596561
457.75,7.0,0.0065213726
457.75,7.25,0.0063798613
457.75,7.5,0.0062354676
457.75,7.75,0.0060885387
457.75,8.0,0.0059394233
457.75,8.25,0.0057884695
457.75,8.5,0.005636025
457.75,8.75,0.0054824354
457.75,9.0,0.005328044
457.75,9.25,0.0051731909
457.75,9.5,0.0050182127
457.75,9.75,0.0048634419
457.75,10.0,0.0047092066
457.75,10.25,0.0045558307
457.75,10.5,0.0044036335
457.75,10.75,0.0042529299
457.75,11.0,0.0041040306
457.75,11.25,0.0039572425
457.75,11.5,0.0038128687
457.75,11.75,0.0036712094
457.75,12.0,0.0035325621
457.75,12.25,0.0033972223
457.75,12.5,0.0032654838
457.75,12.75,0.0031376393
457.75,13.0,0.0030139809
457.75,13.25,0.0028948
457.75,13.5,0.0027803878
457.75,13.75,0.0026710351
457.75,14.0,0.002567032
457.75,14.25,0.0024686671
457.75,14.5,0.0023762268
457.75,14.75,0.0022899941
457.75,15.0,0.0022102465
457.75,15.25,0.0021372541
457.75,15.5,0.0020712773
457.75,15.75,0.0020125634
457.75,16.0,0.0019613431
457.75,16.25,0.0019178272
457.75,16.5,0.0018822016
457.75,16.75,0.0018546231
457.75,17.0,0.0018352147
457.75,17.25,0.0018240598
457.75,17.5,0.0018211978
457.75,17.75,0.0018266184
457.75,18.0,0.0018402566
457.75,18.25,0.0018619882
457.75,18.5,0.0018916252
457.75,18.75,0.001928912
457.75,19.0,0.0019735224
457.75,19.25,0.0020250574
457.75,19.5,0.0020830438
457.75,19.75,0.0021469343
457.75,20.0,0.0022161086
457.75,20.25,0.0022898757
457.75,20.5,0.002367478
457.75,20.75,0.0024480963
457.75,21.0,0.0025308566
457.75,21.25,0.0026148381
457.75,21.5,0.0026990824
457.75,21.75,0.0027826041
457.75,22.0,0.0028644023
457.75,22.25,0.0029434728
457.75,22.5,0.0030188211
457.75,22.75,0.0030894758
457.75,23.0,0.0031545019
457.75,23.25,0.0032130143
457.75,23.5,0.0032641904
457.75,23.75,0.0033072825
457.75,24.0,0.0033416288
457.75,24.25,0.0033666632
457.75,24.5,0.003381924
457.75,24.75,0.0033870606
457.75,25.0,0.0033818381
457.75,25.25,0.0033661409
457.75,25.5,0.0033399734
457.75,25.75,0.0033034588
457.75,26.0,0.0032568362
457.75,26.25,0.0032004558
457.75,26.5,0.0031347716
457.75,26.75,0.0030603336
457.75,27.0,0.0029777771
457.75,27.25,0.0028878123
457.75,27.5,0.0027912115
457.75,27.75,0.0026887969
457.75,28.0,0.0025814267
457.75,28.25,0.0024699823
457.75,28.5,0.0023553549
457.75,28.75,0.0022384323
457.75,29.0,0.0021200871
457.75,29.25,0.0020011654
457.75,29.5,0.0018824762
457.75,29.75,0.0017647824
457.75,30.0,0.0016487934
457.75,30.25,0.0015351579
457.75,30.5,0.00142446
457.75,30.75,0.0013172147
457.75,31.0,0.0012138665
457.75,31.25,0.001114788
457.75,31.5,0.0010202812
457.75,31.75,0.0009305783
457.75,32.0,0.000845845
457.75,32.25,0.0007661836
457.75,32.5,0.0006916378
457.75,32.75,0.0006221971
457.75,33.0,0.0005578022
457.75,33.25,0.0004983509
457.75,33.5,0.0004437035
457.75,33.75,0.0003936886
457.75,34.0,0.0003481089
457.75,34.25,0.0003067465
457.75,34.5,0.0002693683
457.75,34.75,0.0002357305
457.75,35.0,0.0002055831
457.8,0.0,0.0075657712
457.8,0.25,0.00760311
457.8,0.5,0.0076333012
457.8,0.75,0.0076562585
457.8,1.0,0.007671916
457.8,1.25,0.0076802287
457.8,1.5,0.0076811728
457.8,1.75,0.0076747454
457.8,2.0,0.0076609652
457.8,2.25,0.0076398717
457.8,2.5,0.0076115257
457.8,2.75,0.0075760083
457.8,3.0,0.0075334211
457.8,3.25,0.0074838855
457.8,3.5,0.007427542
457.8,3.75,0.0073645498
457.8,4.0,0.0072950859
457.8,4.25,0.0072193444
457.8,4.5,0.0071375353
457.8,4.75,0.0070498842
457.8,5.0,0.0069566304
457.8,5.25,0.0068580269
457.8,5.5,0.0067543383
457.8,5.75,0.0066458404
457.8,6.0,0.0065328186
457.8,6.25,0.006415567
457.8,6.5,0.0062943872
457.8,6.75,0.0061695871
457.8,7.0,0.0060414797
457.8,7.25,0.0059103819
457.8,7.5,0.0057766137
457.8,7.75,0.005640497
457.8,8.0,0.0055023546
457.8,8.25,0.0053625092
457.8,8.5,0.0052212827
457.8,8.75,0.0050789955
457.8,9.0,0.0049359654
457.8,9.25,0.0047925076
457.8,9.5,0.0046489339
457.8,9.75,0.0045055522
457.8,10.0,0.0043626668
457.8,10.25,0.0042205775
457.8,10.5,0.0040795801
457.8,10.75,0.0039399665
457.8,11.0,0.0038020244
457.8,11.25,0.003666038
457.8,11.5,0.0035322883
457.8,11.75,0.0034010534
457.8,12.0,0.0032726089
457.8,12.25,0.0031472284
457.8,12.5,0.0030251843
457.8,12.75,0.0029067476
457.8,13.0,0.0027921889
457.8,13.25,0.0026817782
457.8,13.5,0.0025757854
457.8,13.75,0.0024744797
457.8,14.0,0.0023781299
457.8,14.25,0.0022870035
457.8,14.5,0.0022013657
457.8,14.75,0.0021214787
457.8,15.0,0.0020475995
457.8,15.25,0.0019799785
457.8,15.5,0.0019188568
457.8,15.75,0.0018644634
457.8,16.0,0.0018170124
457.8,16.25,0.0017766986
457.8,16.5,0.0017436946
457.8,16.75,0.0017181456
457.8,17.0,0.0017001654
457.8,17.25,0.0016898314
457.8,17.5,0.00168718
457.8,17.75,0.0016922017
457.8,18.0,0.0017048363
457.8,18.25,0.0017249687
457.8,18.5,0.0017524248
457.8,18.75,0.0017869677
457.8,19.0,0.0018282954
457.8,19.25,0.001876038
457.8,19.5,0.0019297573
457.8,19.75,0.0019889463
457.8,20.0,0.0020530302
457.8,20.25,0.002121369
457.8,20.5,0.0021932607
457.8,20.75,0.0022679464
457.8,21.0,0.0023446166
457.8,21.25,0.0024224181
457.8,21.5,0.002500463
457.8,21.75,0.0025778386
457.8,22.0,0.0026536175
457.8,22.25,0.0027268693
457.8,22.5,0.0027966729
457.8,22.75,0.0028621283
457.8,23.0,0.0029223693
457.8,23.25,0.0029765758
457.8,23.5,0.003023986
457.8,23.75,0.0030639071
457.8,24.0,0.0030957259
457.8,24.25,0.0031189181
457.8,24.5,0.0031330559
457.8,24.75,0.0031378145
457.8,25.0,0.0031329763
457.8,25.25,0.0031184343
457.8,25.5,0.0030941924
457.8,25.75,0.0030603648
457.8,26.0,0.003017173
457.8,26.25,0.0029649415
457.8,26.5,0.0029040909
457.8,26.75,0.0028351306
457.8,27.0,0.0027586493
457.8,27.25,0.0026753048
457.8,27.5,0.0025858126
457.8,27.75,0.0024909344
457.8,28.0,0.0023914654
457.8,28.25,0.002288222
457.8,28.5,0.0021820297
457.8,28.75,0.0020737111
457.8,29.0,0.0019640747
457.8,29.25,0.0018539042
457.8,29.5,0.0017439491
457.8,29.75,0.0016349161
457.8,30.0,0.0015274624
457.8,30.25,0.0014221892
457.8,30.5,0.0013196372
457.8,30.75,0.0012202839
457.8,31.0,0.0011245408
457.8,31.25,0.0010327533
457.8,31.5,0.000945201
457.8,31.75,0.0008620992
457.8,32.0,0.0007836012
457.8,32.25,0.0007098019
457.8,32.5,0.0006407418
457.8,32.75,0.000576411
457.8,33.0,0.0005167548
457.8,33.25,0.0004616784
457.8,33.5,0.0004110524
457.8,33.75,0.0003647179
457.8,34.0,0.0003224923
457.8,34.25,0.0002841738
457.8,34.5,0.0002495461
457.8,34.75,0.0002183836
457.8,35.0,0.0001904547
457.85,0.0,0.007005184
457.85,0.25,0.0070397561
457.85,0.5,0.0070677103
457.85,0.75,0.0070889666
457.85,1.0,0.0071034639
457.85,1.25,0.0071111607
457.85,1.5,0.0071120348
457.85,1.75,0.0071060837
457.85,2.0,0.0070933245
457.85,2.25,0.007073794
457.85,2.5,0.0070475482
457.85,2.75,0.0070146625
457.85,3.0,0.0069752308
457.85,3.25,0.0069293655
457.85,3.5,0.0068771968
457.85,3.75,0.0068188721
457.85,4.0,0.0067545551
457.85,4.25,0.0066844257
457.85,4.5,0.0066086783
457.85,4.75,0.0065275216
457.85,5.0,0.0064411776
457.85,5.25,0.0063498801
457.85,5.5,0.0062538743
457.85,5.75,0.0061534155
457.85,6.0,0.0060487681
457.85,6.25,0.0059402043
457.85,6.5,0.0058280034
457.85,6.75,0.0057124504
457.85,7.0,0.0055938351
457.85,7.25,0.005472451
457.85,7.5,0.0053485944
457.85,7.75,0.0052225633
457.85,8.0,0.0050946566
457.85,8.25,0.0049651731
457.85,8.5,0.0048344108
457.85,8.75,0.0047026663
457.85,9.0,0.0045702341
457.85,9.25,0.0044374058
457.85,9.5,0.0043044702
457.85,9.75,0.0041717125
457.85,10.0,0.0040394142
457.85,10.25,0.003907853
457.85,10.5,0.0037773029
457.85,10.75,0.0036480339
457.85,11.0,0.0035203126
457.85,11.25,0.0033944022
457.85,11.5,0.0032705628
457.85,11.75,0.0031490517
457.85,12.0,0.0030301243
457.85,12.25,0.0029140339
457.85,12.5,0.0028010327
457.85,12.75,0.0026913716
457.85,13.0,0.0025853011
457.85,13.25,0.0024830714
457.85,13.5,0.0023849321
457.85,13.75,0.0022911327
457.85,14.0,0.0022019219
457.85,14.25,0.0021175475
457.85,14.5,0.0020382551
457.85,14.75,0.0019642873
457.85,15.0,0.0018958822
457.85,15.25,0.0018332716
457.85,15.5,0.0017766787
457.85,15.75,0.0017263156
457.85,16.0,0.0016823805
457.85,16.25,0.0016450538
457.85,16.5,0.0016144952
457.85,16.75,0.0015908393
457.85,17.0,0.0015741913
457.85,17.25,0.001564623
457.85,17.5,0.0015621681
457.85,17.75,0.0015668177
457.85,18.0,0.0015785161
457.85,18.25,0.0015971568
457.85,18.5,0.0016225785
457.85,18.75,0.001654562
457.85,19.0,0.0016928275
457.85,19.25,0.0017370326
457.85,19.5,0.0017867716
457.85,19.75,0.0018415749
457.85,20.0,0.0019009105
457.85,20.25,0.0019641857
457.85,20.5,0.0020307506
457.85,20.75,0.0020999025
457.85,21.0,0.0021708918
457.85,21.25,0.0022429285
457.85,21.5,0.0023151908
457.85,21.75,0.0023868332
457.85,22.0,0.0024569972
457.85,22.25,0.0025248214
457.85,22.5,0.0025894529
457.85,22.75,0.0026500583
457.85,23.0,0.0027058357
457.85,23.25,0.0027560259
457.85,23.5,0.0027999232
457.85,23.75,0.0028368863
457.85,24.0,0.0028663475
457.85,24.25,0.0028878213
457.85,24.5,0.0029009116
457.85,24.75,0.0029053175
457.85,25.0,0.0029008378
457.85,25.25,0.0028873733
457.85,25.5,0.0028649276
457.85,25.75,0.0028336064
457.85,26.0,0.002793615
457.85,26.25,0.0027452536
457.85,26.5,0.0026889117
457.85,26.75,0.002625061
457.85,27.0,0.0025542466
457.85,27.25,0.0024770775
457.85,27.5,0.0023942163
457.85,27.75,0.0023063682
457.85,28.0,0.0022142693
457.85,28.25,0.0021186757
457.85,28.5,0.0020203518
457.85,28.75,0.0019200591
457.85,29.0,0.0018185462
457.85,29.25,0.0017165388
457.85,29.5,0.0016147308
457.85,29.75,0.0015137767
457.85,30.0,0.0014142848
457.85,30.25,0.0013168118
457.85,30.5,0.0012218585
457.85,30.75,0.0011298667
457.85,31.0,0.0010412177
457.85,31.25,0.0009562313
457.85,31.5,0.0008751662
457.85,31.75,0.0007982217
457.85,32.0,0.0007255401
457.85,32.25,0.000657209
457.85,32.5,0.0005932659
457.85,32.75,0.0005337017
457.85,33.0,0.0004784658
457.85,33.25,0.0004274703
457.85,33.5,0.0003805953
457.85,33.75,0.0003376941
457.85,34.0,0.0002985972
457.85,34.25,0.0002631179
457.85,34.5,0.000231056
457.85,34.75,0.0002022024
457.85,35.0,0.000176343
457.9,0.0,0.0064825806
457.9,0.25,0.0065145735
457.9,0.5,0.0065404422
457.9,0.75,0.0065601128
457.9,1.0,0.0065735286
457.9,1.25,0.0065806512
457.9,1.5,0.0065814601
457.9,1.75,0.0065759529
457.9,2.0,0.0065641456
457.9,2.25,0.0065460721
457.9,2.5,0.0065217843
457.9,2.75,0.006491352
457.9,3.0,0.006454862
457.9,3.25,0.0064124184
457.9,3.5,0.0063641416
457.9,3.75,0.006310168
457.9,4.0,0.0062506492
457.9,4.25,0.0061857516
457.9,4.5,0.0061156551
457.9,4.75,0.006040553
457.9,5.0,0.0059606504
457.9,5.25,0.0058761639
457.9,5.5,0.0057873204
457.9,5.75,0.0056943561
457.9,6.0,0.0055975156
457.9,6.25,0.0054970509
457.9,6.5,0.0053932205
457.9,6.75,0.005286288
457.9,7.0,0.0051765216
457.9,7.25,0.0050641931
457.9,7.5,0.0049495765
457.9,7.75,0.0048329476
457.9,8.0,0.0047145831
457.9,8.25,0.0045947593
457.9,8.5,0.0044737522
457.9,8.75,0.0043518362
457.9,9.0,0.0042292837
457.9,9.25,0.0041063648
457.9,9.5,0.0039833465
457.9,9.75,0.0038604928
457.9,10.0,0.0037380642
457.9,10.25,0.0036163178
457.9,10.5,0.0034955071
457.9,10.75,0.0033758819
457.9,11.0,0.0032576889
457.9,11.25,0.0031411717
457.9,11.5,0.003026571
457.9,11.75,0.002914125
457.9,12.0,0.0028040698
457.9,12.25,0.0026966401
457.9,12.5,0.002592069
457.9,12.75,0.0024905888
457.9,13.0,0.0023924315
457.9,13.25,0.0022978283
457.9,13.5,0.0022070105
457.9,13.75,0.0021202087
457.9,14.0,0.0020376533
457.9,14.25,0.0019595734
457.9,14.5,0.0018861964
457.9,14.75,0.0018177468
457.9,15.0,0.0017544449
457.9,15.25,0.0016965052
457.9,15.5,0.0016441342
457.9,15.75,0.0015975284
457.9,16.0,0.0015568709
457.9,16.25,0.0015223289
457.9,16.5,0.0014940501
457.9,16.75,0.0014721589
457.9,17.0,0.0014567529
457.9,17.25,0.0014478984
457.9,17.5,0.0014456266
457.9,17.75,0.0014499293
457.9,18.0,0.0014607551
457.9,18.25,0.0014780051
457.9,18.5,0.0015015303
457.9,18.75,0.0015311278
457.9,19.0,0.0015665385
457.9,19.25,0.0016074458
457.9,19.5,0.0016534742
457.9,19.75,0.001704189
457.9,20.0,0.0017590981
457.9,20.25,0.0018176528
457.9,20.5,0.0018792518
457.9,20.75,0.0019432448
457.9,21.0,0.0020089381
457.9,21.25,0.0020756007
457.9,21.5,0.002142472
457.9,21.75,0.0022087697
457.9,22.0,0.0022736993
457.9,22.25,0.0023364637
457.9,22.5,0.0023962735
457.9,22.75,0.0024523577
457.9,23.0,0.0025039739
457.9,23.25,0.0025504198
457.9,23.5,0.0025910423
457.9,23.75,0.0026252479
457.9,24.0,0.0026525112
457.9,24.25,0.0026723829
457.9,24.5,0.0026844966
457.9,24.75,0.0026885739
457.9,25.0,0.0026844284
457.9,25.25,0.0026719684
457.9,25.5,0.0026511972
457.9,25.75,0.0026222127
457.9,26.0,0.0025852047
457.9,26.25,0.0025404511
457.9,26.5,0.0024883125
457.9,26.75,0.0024292252
457.9,27.0,0.0023636937
457.9,27.25,0.0022922816
457.9,27.5,0.0022156021
457.9,27.75,0.0021343076
457.9,28.0,0.0020490795
457.9,28.25,0.0019606175
457.9,28.5,0.0018696287
457.9,28.75,0.0017768181
457.9,29.0,0.0016828784
457.9,29.25,0.0015884809
457.9,29.5,0.001494268
457.9,29.75,0.0014008453
457.9,30.0,0.0013087758
457.9,30.25,0.0012185745
457.9,30.5,0.0011307049
457.9,30.75,0.001045576
457.9,31.0,0.0009635404
457.9,31.25,0.0008848941
457.9,31.5,0.0008098767
457.9,31.75,0.0007386725
457.9,32.0,0.0006714131
457.9,32.25,0.0006081796
457.9,32.5,0.0005490068
457.9,32.75,0.0004938863
457.9,33.0,0.0004427711
457.9,33.25,0.00039558
457.9,33.5,0.000352202
457.9,33.75,0.0003125013
457.9,34.0,0.0002763211
457.9,34.25,0.0002434886
457.9,34.5,0.0002138186
457.9,34.75,0.0001871177
457.9,35.0,0.0001631874
457.95,0.0,0.0059956785
457.95,0.25,0.0060252685
457.95,0.5,0.0060491942
457.95,0.75,0.0060673873
457.95,1.0,0.0060797955
457.95,1.25,0.0060863831
457.95,1.5,0.0060871312
457.95,1.75,0.0060820377
457.95,2.0,0.0060711172
457.95,2.25,0.0060544012
457.95,2.5,0.0060319377
457.95,2.75,0.0060037911
457.95,3.0,0.0059700418
457.95,3.25,0.0059307861
457.95,3.5,0.0058861354
457.95,3.75,0.0058362157
457.95,4.0,0.0057811674
457.95,4.25,0.0057211441
457.95,4.5,0.0056563126
457.95,4.75,0.0055868513
457.95,5.0,0.0055129501
457.95,5.25,0.0054348094
457.95,5.5,0.0053526388
457.95,5.75,0.005266657
457.95,6.0,0.0051770902
457.95,6.25,0.0050841713
457.95,6.5,0.0049881395
457.95,6.75,0.0048892386
457.95,7.0,0.0047877167
457.95,7.25,0.0046838251
457.95,7.5,0.0045778173
457.95,7.75,0.0044699484
457.95,8.0,0.0043604741
457.95,8.25,0.0042496502
457.95,8.5,0.0041377318
457.95,8.75,0.0040249729
457.95,9.0,0.0039116252
457.95,9.25,0.0037979386
457.95,9.5,0.0036841601
457.95,9.75,0.0035705339
457.95,10.0,0.0034573009
457.95,10.25,0.0033446988
457.95,10.5,0.003232962
457.95,10.75,0.0031223218
457.95,11.0,0.0030130062
457.95,11.25,0.0029052405
457.95,11.5,0.0027992474
457.95,11.75,0.0026952471
457.95,12.0,0.0025934581
457.95,12.25,0.0024940973
457.95,12.5,0.0023973805
457.95,12.75,0.0023035225
457.95,13.0,0.0022127377
457.95,13.25,0.0021252401
457.95,13.5,0.0020412435
457.95,13.75,0.0019609613
457.95,14.0,0.0018846066
457.95,14.25,0.0018123913
457.95,14.5,0.0017445255
457.95,14.75,0.0016812171
457.95,15.0,0.0016226697
457.95,15.25,0.0015690819
457.95,15.5,0.0015206445
457.95,15.75,0.0014775392
457.95,16.0,0.0014399354
457.95,16.25,0.0014079878
457.95,16.5,0.001381833
457.95,16.75,0.0013615861
457.95,17.0,0.0013473372
457.95,17.25,0.0013391478
457.95,17.5,0.0013370466
457.95,17.75,0.0013410262
457.95,18.0,0.0013510388
457.95,18.25,0.0013669932
457.95,18.5,0.0013887514
457.95,18.75,0.0014161258
457.95,19.0,0.0014488769
457.95,19.25,0.0014867117
457.95,19.5,0.0015292829
457.95,19.75,0.0015761886
457.95,20.0,0.0016269735
457.95,20.25,0.0016811302
457.95,20.5,0.0017381025
457.95,20.75,0.001797289
457.95,21.0,0.0018580482
457.95,21.25,0.0019197038
457.95,21.5,0.0019815524
457.95,21.75,0.0020428706
457.95,22.0,0.0021029234
457.95,22.25,0.0021609736
457.95,22.5,0.0022162911
457.95,22.75,0.0022681628
457.95,23.0,0.0023159022
457.95,23.25,0.0023588596
457.95,23.5,0.0023964309
457.95,23.75,0.0024280673
457.95,24.0,0.0024532829
457.95,24.25,0.0024716621
457.95,24.5,0.002482866
457.95,24.75,0.002486637
457.95,25.0,0.0024828029
457.95,25.25,0.0024712787
457.95,25.5,0.0024520676
457.95,25.75,0.0024252601
457.95,26.0,0.0023910318
457.95,26.25,0.0023496396
457.95,26.5,0.0023014171
457.95,26.75,0.0022467678
457.95,27.0,0.0021861584
457.95,27.25,0.00212011
457.95,27.5,0.0020491898
457.95,27.75,0.0019740013
457.95,28.0,0.0018951746
457.95,28.25,0.0018133569
457.95,28.5,0.0017292022
457.95,28.75,0.0016433626
457.95,29.0,0.0015564786
457.95,29.25,0.0014691713
457.95,29.5,0.0013820346
457.95,29.75,0.0012956288
457.95,30.0,0.0012104745
457.95,30.25,0.0011270482
457.95,30.5,0.0010457785
457.95,30.75,0.0009670435
457.95,31.0,0.0008911696
457.95,31.25,0.0008184303
457.95,31.5,0.0007490474
457.95,31.75,0.0006831913
457.95,32.0,0.0006209837
457.95,32.25,0.0005624997
457.95,32.5,0.0005077713
457.95,32.75,0.0004567909
457.95,33.0,0.0004095149
457.95,33.25,0.0003658682
457.95,33.5,0.0003257484
457.95,33.75,0.0002890296
457.95,34.0,0.0002555669
457.95,34.25,0.0002252004
457.95,34.5,0.0001977589
457.95,34.75,0.0001730634
457.95,35.0,0.0001509305
458.0,0.0,0.0055423097
458.0,0.25,0.0055696622
458.0,0.5,0.0055917788
458.0,0.75,0.0056085962
458.0,1.0,0.0056200661
458.0,1.25,0.0056261556
458.0,1.5,0.0056268472
458.0,1.75,0.0056221388
458.0,2.0,0.0056120441
458.0,2.25,0.005596592
458.0,2.5,0.0055758271
458.0,2.75,0.0055498088
458.0,3.0,0.0055186116
458.0,3.25,0.0054823242
458.0,3.5,0.0054410498
458.0,3.75,0.0053949048
458.0,4.0,0.005344019
458.0,4.25,0.0052885345
458.0,4.5,0.0052286053
458.0,4.75,0.0051643963
458.0,5.0,0.0050960833
458.0,5.25,0.0050238512
458.0,5.5,0.0049478941
458.0,5.75,0.0048684138
458.0,6.0,0.0047856197
458.0,6.25,0.004699727
458.0,6.5,0.0046109567
458.0,6.75,0.0045195343
458.0,7.0,0.0044256891
458.0,7.25,0.0043296533
458.0,7.5,0.0042316614
458.0,7.75,0.0041319491
458.0,8.0,0.0040307528
458.0,8.25,0.0039283089
458.0,8.5,0.0038248534
458.0,8.75,0.0037206208
458.0,9.0,0.003615844
458.0,9.25,0.003510754
458.0,9.5,0.0034055789
458.0,9.75,0.0033005447
458.0,10.0,0.0031958738
458.0,10.25,0.0030917863
458.0,10.5,0.0029884986
458.0,10.75,0.0028862245
458.0,11.0,0.002785175
458.0,11.25,0.0026855581
458.0,11.5,0.0025875797
458.0,11.75,0.0024914435
458.0,12.0,0.0023973514
458.0,12.25,0.0023055038
458.0,12.5,0.0022161003
458.0,12.75,0.0021293395
458.0,13.0,0.0020454194
458.0,13.25,0.0019645381
458.0,13.5,0.0018868929
458.0,13.75,0.0018126814
458.0,14.0,0.0017421003
458.0,14.25,0.0016753456
458.0,14.5,0.0016126116
458.0,14.75,0.0015540903
458.0,15.0,0.0014999701
458.0,15.25,0.0014504343
458.0,15.5,0.0014056595
458.0,15.75,0.0013658137
458.0,16.0,0.0013310534
458.0,16.25,0.0013015215
458.0,16.5,0.0012773444
458.0,16.75,0.0012586285
458.0,17.0,0.0012454571
458.0,17.25,0.0012378869
458.0,17.5,0.0012359446
458.0,17.75,0.0012396232
458.0,18.0,0.0012488787
458.0,18.25,0.0012636267
458.0,18.5,0.0012837397
458.0,18.75,0.0013090442
458.0,19.0,0.0013393187
458.0,19.25,0.0013742926
458.0,19.5,0.0014136447
458.0,19.75,0.0014570036
458.0,20.0,0.0015039483
458.0,20.25,0.0015540099
458.0,20.5,0.0016066743
458.0,20.75,0.0016613854
458.0,21.0,0.0017175501
458.0,21.25,0.0017745436
458.0,21.5,0.0018317155
458.0,21.75,0.001888397
458.0,22.0,0.0019439089
458.0,22.25,0.0019975696
458.0,22.5,0.0020487042
458.0,22.75,0.0020966536
458.0,23.0,0.0021407831
458.0,23.25,0.0021804922
458.0,23.5,0.0022152226
458.0,23.75,0.0022444668
458.0,24.0,0.0022677757
458.0,24.25,0.0022847651
458.0,24.5,0.0022951218
458.0,24.75,0.0022986076
458.0,25.0,0.0022950635
458.0,25.25,0.0022844107
458.0,25.5,0.0022666522
458.0,25.75,0.0022418718
458.0,26.0,0.0022102317
458.0,26.25,0.0021719695
458.0,26.5,0.0021273933
458.0,26.75,0.0020768764
458.0,27.0,0.00202085
458.0,27.25,0.0019597959
458.0,27.5,0.0018942384
458.0,27.75,0.0018247353
458.0,28.0,0.0017518692
458.0,28.25,0.0016762382
458.0,28.5,0.001598447
458.0,28.75,0.0015190982
458.0,29.0,0.001438784
458.0,29.25,0.0013580785
458.0,29.5,0.0012775308
458.0,29.75,0.0011976587
458.0,30.0,0.0011189434
458.0,30.25,0.0010418254
458.0,30.5,0.0009667009
458.0,30.75,0.0008939196
458.0,31.0,0.0008237829
458.0,31.25,0.000756544
458.0,31.5,0.0006924075
458.0,31.75,0.0006315312
458.0,32.0,0.0005740274
458.0,32.25,0.0005199658
458.0,32.5,0.0004693757
458.0,32.75,0.0004222502
458.0,33.0,0.000378549
458.0,33.25,0.0003382028
458.0,33.5,0.0003011166
458.0,33.75,0.0002671743
458.0,34.0,0.0002362419
458.0,34.25,0.0002081716
458.0,34.5,0.0001828051
458.0,34.75,0.000159977
458.0,35.0,0.0001395177
