candidate_id,wavelength_nm,angle_deg,TM_phase_error_deg
D5_BASE_13461,450.0,25.0,68.86558721104024
D5_BASE_13461,450.0,25.5,72.0598241299979
D5_BASE_13461,450.0,26.0,83.24135571772014
D5_BASE_13461,450.0,26.5,118.0373491247566
D5_BASE_13461,450.0,27.0,12.627333272374932
D5_BASE_13461,450.0,27.5,158.27547778271995
D5_BASE_13461,450.0,28.0,77.90019879190987
D5_BASE_13461,450.0,28.5,44.62328171965452
D5_BASE_13461,450.0,29.0,177.75657934453534
D5_BASE_13461,450.0,29.5,46.617499602335464
D5_BASE_13461,450.0,30.0,84.18067137616157
D5_BASE_13461,450.0,30.5,141.47565103419493
D5_BASE_13461,450.0,31.0,8.655896027872155
D5_BASE_13461,450.0,31.5,160.44129041732515
D5_BASE_13461,450.0,32.0,72.31533519801616
D5_BASE_13461,450.0,32.5,49.14444637208377
D5_BASE_13461,450.0,33.0,143.7017016275303
D5_BASE_13461,450.0,33.5,72.14460180903305
D5_BASE_13461,450.0,34.0,134.2019700820343
D5_BASE_13461,450.0,34.5,25.89064246451888
D5_BASE_13461,450.0,35.0,147.51937135481438
D5_BASE_13461,450.0,35.5,88.98676131729981
D5_BASE_13461,450.0,36.0,117.9948217313701
D5_BASE_13461,450.0,36.5,7.813873656359846
D5_BASE_13461,450.0,37.0,42.29209148824428
D5_BASE_13461,450.0,37.5,138.52377911017896
D5_BASE_13461,450.0,38.0,13.841717976548422
D5_BASE_13461,450.0,38.5,45.84338454548363
D5_BASE_13461,450.0,39.0,35.437909576378296
D5_BASE_13461,450.0,39.5,66.68990432289269
D5_BASE_13461,450.0,40.0,111.4449292225493
D5_BASE_13461,450.0,40.5,50.02976283844311
D5_BASE_13461,450.0,41.0,86.23396689003172
D5_BASE_13461,450.0,41.5,86.24662054822286
D5_BASE_13461,450.0,42.0,82.09933446484531
D5_BASE_13461,450.0,42.5,73.29598104724178
D5_BASE_13461,450.0,43.0,69.05193033153338
D5_BASE_13461,450.0,43.5,66.2942784852019
D5_BASE_13461,450.0,44.0,64.4264797073181
D5_BASE_13461,450.0,44.5,63.19375742366452
D5_BASE_13461,450.0,45.0,62.45340220670595
D5_BASE_13461,450.0,45.5,62.11357214945284
D5_BASE_13461,450.0,46.0,62.110010901055894
D5_BASE_13461,450.0,46.5,62.39519877078662
D5_BASE_13461,450.0,47.0,62.932581072541815
D5_BASE_13461,450.0,47.5,63.69319714233107
D5_BASE_13461,450.0,48.0,64.6535706259785
D5_BASE_13461,450.0,48.5,65.79431721273005
D5_BASE_13461,450.0,49.0,67.09918655406474
D5_BASE_13461,450.0,49.5,68.55438029380662
D5_BASE_13461,450.0,50.0,70.1480529371161
D5_BASE_13461,450.25,25.0,79.37839970338015
D5_BASE_13461,450.25,25.5,68.50908831393657
D5_BASE_13461,450.25,26.0,88.42411743498009
D5_BASE_13461,450.25,26.5,114.51410239157215
D5_BASE_13461,450.25,27.0,16.60561376775734
D5_BASE_13461,450.25,27.5,161.99860483460202
D5_BASE_13461,450.25,28.0,74.87052411066615
D5_BASE_13461,450.25,28.5,47.72333125701201
D5_BASE_13461,450.25,29.0,179.03897623347584
D5_BASE_13461,450.25,29.5,43.49980888732175
D5_BASE_13461,450.25,30.0,87.16177219681408
D5_BASE_13461,450.25,30.5,138.37770107048684
D5_BASE_13461,450.25,31.0,11.841882416049298
D5_BASE_13461,450.25,31.5,163.09507862176335
D5_BASE_13461,450.25,32.0,70.1990990512701
D5_BASE_13461,450.25,32.5,51.57415197474233
D5_BASE_13461,450.25,33.0,140.1947432269213
D5_BASE_13461,450.25,33.5,75.31991980011371
D5_BASE_13461,450.25,34.0,132.63040311085405
D5_BASE_13461,450.25,34.5,24.347998042057377
D5_BASE_13461,450.25,35.0,150.98696528571435
D5_BASE_13461,450.25,35.5,92.02682967499479
D5_BASE_13461,450.25,36.0,117.0691876687658
D5_BASE_13461,450.25,36.5,6.317443034293639
D5_BASE_13461,450.25,37.0,38.03315575973897
D5_BASE_13461,450.25,37.5,137.7368284361374
D5_BASE_13461,450.25,38.0,16.283013607388703
D5_BASE_13461,450.25,38.5,50.29847058328662
D5_BASE_13461,450.25,39.0,31.47698701091823
D5_BASE_13461,450.25,39.5,66.14187805473509
D5_BASE_13461,450.25,40.0,111.33565966526963
D5_BASE_13461,450.25,40.5,49.24905729762051
D5_BASE_13461,450.25,41.0,86.3345662150463
D5_BASE_13461,450.25,41.5,86.3723347469053
D5_BASE_13461,450.25,42.0,82.32139041402979
D5_BASE_13461,450.25,42.5,73.5478349036299
D5_BASE_13461,450.25,43.0,69.30394240477149
D5_BASE_13461,450.25,43.5,66.54419326005001
D5_BASE_13461,450.25,44.0,64.67377605219966
D5_BASE_13461,450.25,44.5,63.438287700197655
D5_BASE_13461,450.25,45.0,62.6951355125546
D5_BASE_13461,450.25,45.5,62.35251991102076
D5_BASE_13461,450.25,46.0,62.34620004031437
D5_BASE_13461,450.25,46.5,62.628660771943565
D5_BASE_13461,450.25,47.0,63.1633472496197
D5_BASE_13461,450.25,47.5,63.92129658341342
D5_BASE_13461,450.25,48.0,64.87902937160905
D5_BASE_13461,450.25,48.5,66.01715802506043
D5_BASE_13461,450.25,49.0,67.31942897127931
D5_BASE_13461,450.25,49.5,68.77204081824965
D5_BASE_13461,450.25,50.0,70.3631452797668
D5_BASE_13461,450.5,25.0,90.20656568052812
D5_BASE_13461,450.5,25.5,64.9785730701854
D5_BASE_13461,450.5,26.0,93.61409904931719
D5_BASE_13461,450.5,26.5,111.00960113149544
D5_BASE_13461,450.5,27.0,20.61355196575938
D5_BASE_13461,450.5,27.5,165.69001280531313
D5_BASE_13461,450.5,28.0,71.85100754288722
D5_BASE_13461,450.5,28.5,50.825514281798114
D5_BASE_13461,450.5,29.0,175.83384730789265
D5_BASE_13461,450.5,29.5,40.38490298204665
D5_BASE_13461,450.5,30.0,90.14184777451989
D5_BASE_13461,450.5,30.5,135.2787027346139
D5_BASE_13461,450.5,31.0,15.019238516037472
D5_BASE_13461,450.5,31.5,165.73098113686805
D5_BASE_13461,450.5,32.0,68.08542271417475
D5_BASE_13461,450.5,32.5,54.019107045849275
D5_BASE_13461,450.5,33.0,136.67326844390126
D5_BASE_13461,450.5,33.5,78.4549834821947
D5_BASE_13461,450.5,34.0,131.0718092156941
D5_BASE_13461,450.5,34.5,22.79372255359869
D5_BASE_13461,450.5,35.0,154.49050070280572
D5_BASE_13461,450.5,35.5,95.00231971111764
D5_BASE_13461,450.5,36.0,116.14986490093303
D5_BASE_13461,450.5,36.5,4.797928346184074
D5_BASE_13461,450.5,37.0,33.746408088987394
D5_BASE_13461,450.5,37.5,136.96291788059654
D5_BASE_13461,450.5,38.0,18.777849049516956
D5_BASE_13461,450.5,38.5,54.76764498589545
D5_BASE_13461,450.5,39.0,27.249812484582066
D5_BASE_13461,450.5,39.5,65.57187364168583
D5_BASE_13461,450.5,40.0,111.23286833209319
D5_BASE_13461,450.5,40.5,48.42614492981469
D5_BASE_13461,450.5,41.0,86.43488814830563
D5_BASE_13461,450.5,41.5,86.49893355494356
D5_BASE_13461,450.5,42.0,82.54373024672415
D5_BASE_13461,450.5,42.5,73.79945098132552
D5_BASE_13461,450.5,43.0,69.55569729490249
D5_BASE_13461,450.5,43.5,66.79384837203558
D5_BASE_13461,450.5,44.0,64.92081345060957
D5_BASE_13461,450.5,44.5,63.68256073774332
D5_BASE_13461,450.5,45.0,62.93661367184551
D5_BASE_13461,450.5,45.5,62.591214786973055
D5_BASE_13461,450.5,46.0,62.582138634112184
D5_BASE_13461,450.5,46.5,62.86187460716821
D5_BASE_13461,450.5,47.0,63.393867661375886
D5_BASE_13461,450.5,47.5,64.14915267267322
D5_BASE_13461,450.5,48.0,65.10424718854316
D5_BASE_13461,450.5,48.5,66.23976034063155
D5_BASE_13461,450.5,49.0,67.53943533285377
D5_BASE_13461,450.5,49.5,68.98946773825601
D5_BASE_13461,450.5,50.0,70.5780064803574
D5_BASE_13461,450.75,25.0,101.2122684305185
D5_BASE_13461,450.75,25.5,61.45941527128861
D5_BASE_13461,450.75,26.0,98.80342046662201
D5_BASE_13461,450.75,26.5,107.52109859524704
D5_BASE_13461,450.75,27.0,24.650124116383875
D5_BASE_13461,450.75,27.5,169.34927661037497
D5_BASE_13461,450.75,28.0,68.84098531715364
D5_BASE_13461,450.75,28.5,53.92998103708557
D5_BASE_13461,450.75,29.0,172.62803411543982
D5_BASE_13461,450.75,29.5,37.27282506119677
D5_BASE_13461,450.75,30.0,93.12092255453781
D5_BASE_13461,450.75,30.5,132.17878412685147
D5_BASE_13461,450.75,31.0,18.187612775189514
D5_BASE_13461,450.75,31.5,168.34926751139554
D5_BASE_13461,450.75,32.0,65.9739137517603
D5_BASE_13461,450.75,32.5,56.479544164863924
D5_BASE_13461,450.75,33.0,133.13780911486793
D5_BASE_13461,450.75,33.5,81.54961200321785
D5_BASE_13461,450.75,34.0,129.52563024708047
D5_BASE_13461,450.75,34.5,21.227425334529777
D5_BASE_13461,450.75,35.0,158.02974992996872
D5_BASE_13461,450.75,35.5,97.91407481058012
D5_BASE_13461,450.75,36.0,115.23650013986023
D5_BASE_13461,450.75,36.5,3.254765184574118
D5_BASE_13461,450.75,37.0,29.43539477549696
D5_BASE_13461,450.75,37.5,136.20148723556633
D5_BASE_13461,450.75,38.0,21.326438961469602
D5_BASE_13461,450.75,38.5,59.23756602839066
D5_BASE_13461,450.75,39.0,22.73878578334079
D5_BASE_13461,450.75,39.5,64.9788974143854
D5_BASE_13461,450.75,40.0,111.1362866986866
D5_BASE_13461,450.75,40.5,47.55845329537266
D5_BASE_13461,450.75,41.0,86.53488348985354
D5_BASE_13461,450.75,41.5,86.62635002959539
D5_BASE_13461,450.75,42.0,82.76634138512597
D5_BASE_13461,450.75,42.5,74.0508294501445
D5_BASE_13461,450.75,43.0,69.8071953813172
D5_BASE_13461,450.75,43.5,67.04324423271373
D5_BASE_13461,450.75,44.0,65.16759232182821
D5_BASE_13461,450.75,44.5,63.92657695678226
D5_BASE_13461,450.75,45.0,63.177837103867994
D5_BASE_13461,450.75,45.5,62.829657194344286
D5_BASE_13461,450.75,46.0,62.81782709668761
D5_BASE_13461,450.75,46.5,63.09484068759218
D5_BASE_13461,450.75,47.0,63.62414271563913
D5_BASE_13461,450.75,47.5,64.3767658144964
D5_BASE_13461,450.75,48.0,65.3292244776174
D5_BASE_13461,450.75,48.5,66.46212455664167
D5_BASE_13461,450.75,49.0,67.75920603227031
D5_BASE_13461,450.75,49.5,69.20666144352153
D5_BASE_13461,450.75,50.0,70.79263692473094
D5_BASE_13461,451.0,25.0,112.24359655260177
D5_BASE_13461,451.0,25.5,57.94325076491736
D5_BASE_13461,451.0,26.0,103.98422119747622
D5_BASE_13461,451.0,26.5,104.04585390909492
D5_BASE_13461,451.0,27.0,28.71409095171632
D5_BASE_13461,451.0,27.5,172.97609393419904
D5_BASE_13461,451.0,28.0,65.83980095744
D5_BASE_13461,451.0,28.5,57.0368726044862
D5_BASE_13461,451.0,29.0,169.42154002957554
D5_BASE_13461,451.0,29.5,34.16361949241777
D5_BASE_13461,451.0,30.0,96.09901878578685
D5_BASE_13461,451.0,30.5,129.07807808582524
D5_BASE_13461,451.0,31.0,21.346660903768257
D5_BASE_13461,451.0,31.5,170.95021769588672
D5_BASE_13461,451.0,32.0,63.864184637855686
D5_BASE_13461,451.0,32.5,58.955688420582625
D5_BASE_13461,451.0,33.0,129.58892865874478
D5_BASE_13461,451.0,33.5,84.60370645067846
D5_BASE_13461,451.0,34.0,127.9913212246491
D5_BASE_13461,451.0,34.5,19.64871372864406
D5_BASE_13461,451.0,35.0,161.60445358663583
D5_BASE_13461,451.0,35.5,100.76304442593373
D5_BASE_13461,451.0,36.0,114.32874900862139
D5_BASE_13461,451.0,36.5,1.6873811420416125
D5_BASE_13461,451.0,37.0,25.104099611157807
D5_BASE_13461,451.0,37.5,135.45199863464015
D5_BASE_13461,451.0,38.0,23.928851974505182
D5_BASE_13461,451.0,38.5,63.694858178857416
D5_BASE_13461,451.0,39.0,17.92720316329409
D5_BASE_13461,451.0,39.5,64.36190089556
D5_BASE_13461,451.0,40.0,111.04565859350797
D5_BASE_13461,451.0,40.5,46.643214830511745
D5_BASE_13461,451.0,41.0,86.63450313414307
D5_BASE_13461,451.0,41.5,86.75451912337229
D5_BASE_13461,451.0,42.0,82.9892116703584
D5_BASE_13461,451.0,42.5,74.30197048216068
D5_BASE_13461,451.0,43.0,70.05843704290282
D5_BASE_13461,451.0,43.5,67.29238125281826
D5_BASE_13461,451.0,44.0,65.41411308423659
D5_BASE_13461,451.0,44.5,64.17033677687309
D5_BASE_13461,451.0,45.0,63.418806226981545
D5_BASE_13461,451.0,45.5,63.06784754923994
D5_BASE_13461,451.0,46.0,63.05326584135257
D5_BASE_13461,451.0,46.5,63.32755942342693
D5_BASE_13461,451.0,47.0,63.85417281932308
D5_BASE_13461,451.0,47.5,64.60413641236175
D5_BASE_13461,451.0,48.0,65.553961638769
D5_BASE_13461,451.0,48.5,66.68425106939827
D5_BASE_13461,451.0,49.0,67.97874146212864
D5_BASE_13461,451.0,49.5,69.42362232286692
D5_BASE_13461,451.0,50.0,71.00703699786358
D5_BASE_13461,451.25,25.0,123.14795520836864
D5_BASE_13461,451.25,25.5,54.42215536004703
D5_BASE_13461,451.25,26.0,109.14878177151229
D5_BASE_13461,451.25,26.5,100.58113746945442
D5_BASE_13461,451.25,27.0,32.80399845298981
D5_BASE_13461,451.25,27.5,176.5702800779977
D5_BASE_13461,451.25,28.0,62.846806161759936
D5_BASE_13461,451.25,28.5,60.14632112096188
D5_BASE_13461,451.25,29.0,166.21437164092535
D5_BASE_13461,451.25,29.5,31.057331767863843
D5_BASE_13461,451.25,30.0,99.07615651137415
D5_BASE_13461,451.25,30.5,125.97672211015963
D5_BASE_13461,451.25,31.0,24.496046601248064
D5_BASE_13461,451.25,31.5,173.5341211970348
D5_BASE_13461,451.25,32.0,61.75585267774479
D5_BASE_13461,451.25,32.5,61.44775721204502
D5_BASE_13461,451.25,33.0,126.02722330529733
D5_BASE_13461,451.25,33.5,87.61724584043542
D5_BASE_13461,451.25,34.0,126.46834989113138
D5_BASE_13461,451.25,34.5,18.057192978566512
D5_BASE_13461,451.25,35.0,165.21431859544253
D5_BASE_13461,451.25,35.5,103.55026960578893
D5_BASE_13461,451.25,36.0,113.42627559176444
D5_BASE_13461,451.25,36.5,0.09519591423642772
D5_BASE_13461,451.25,37.0,20.756918385700853
D5_BASE_13461,451.25,37.5,134.71393537414892
D5_BASE_13461,451.25,38.0,26.58499790073017
D5_BASE_13461,451.25,38.5,68.12635320837246
D5_BASE_13461,451.25,39.0,12.800120223263145
D5_BASE_13461,451.25,39.5,63.71977729861718
D5_BASE_13461,451.25,40.0,110.96073947327777
D5_BASE_13461,451.25,40.5,45.677450167491656
D5_BASE_13461,451.25,41.0,86.73369801625277
D5_BASE_13461,451.25,41.5,86.8833775563466
D5_BASE_13461,451.25,42.0,83.21232934542545
D5_BASE_13461,451.25,42.5,74.55287425165926
D5_BASE_13461,451.25,43.0,70.30942265804168
D5_BASE_13461,451.25,43.5,67.5412598422627
D5_BASE_13461,451.25,44.0,65.66037615531933
D5_BASE_13461,451.25,44.5,64.41384061665373
D5_BASE_13461,451.25,45.0,63.65952145861924
D5_BASE_13461,451.25,45.5,63.305786266838346
D5_BASE_13461,451.25,46.0,63.28845528049646
D5_BASE_13461,451.25,46.5,63.56003122396559
D5_BASE_13461,451.25,47.0,64.08395837843058
D5_BASE_13461,451.25,47.5,64.8312648688439
D5_BASE_13461,451.25,48.0,65.77845907103827
D5_BASE_13461,451.25,48.5,66.90614027431953
D5_BASE_13461,451.25,49.0,68.19804201414792
D5_BASE_13461,451.25,49.5,69.64035076424167
D5_BASE_13461,451.25,50.0,71.22120708386923
D5_BASE_13461,451.5,25.0,133.7856318670768
D5_BASE_13461,451.5,25.5,50.88859440669641
D5_BASE_13461,451.5,26.0,114.28963975066421
D5_BASE_13461,451.5,26.5,97.12423579393399
D5_BASE_13461,451.5,27.0,36.91818092924403
D5_BASE_13461,451.5,27.5,179.86823772482148
D5_BASE_13461,451.5,28.0,59.86136160084355
D5_BASE_13461,451.5,28.5,63.25845000702674
D5_BASE_13461,451.5,29.0,163.006538843195
D5_BASE_13461,451.5,29.5,27.954008433239828
D5_BASE_13461,451.5,30.0,102.05235356087377
D5_BASE_13461,451.5,30.5,122.8748582717298
D5_BASE_13461,451.5,31.0,27.63544225386418
D5_BASE_13461,451.5,31.5,176.10127626223127
D5_BASE_13461,451.5,32.0,59.648539930489825
D5_BASE_13461,451.5,32.5,63.95596004244607
D5_BASE_13461,451.5,33.0,122.45332323909051
D5_BASE_13461,451.5,33.5,90.59028289414017
D5_BASE_13461,451.5,34.0,124.9561962708186
D5_BASE_13461,451.5,34.5,16.4524661246693
D5_BASE_13461,451.5,35.0,168.85901589649572
D5_BASE_13461,451.5,35.5,106.2768693941205
D5_BASE_13461,451.5,36.0,112.52875200497209
D5_BASE_13461,451.5,36.5,1.5223785667308436
D5_BASE_13461,451.5,37.0,16.398624440587447
D5_BASE_13461,451.5,37.5,133.98680079931415
D5_BASE_13461,451.5,38.0,29.29461521783348
D5_BASE_13461,451.5,38.5,72.51932203818596
D5_BASE_13461,451.5,39.0,7.3454412889315535
D5_BASE_13461,451.5,39.5,63.05135780051637
D5_BASE_13461,451.5,40.0,110.88129574749946
D5_BASE_13461,451.5,40.5,44.65795007772532
D5_BASE_13461,451.5,41.0,86.83241905837747
D5_BASE_13461,451.5,41.5,87.01286369500332
D5_BASE_13461,451.5,42.0,83.43568303899296
D5_BASE_13461,451.5,42.5,74.8035409350897
D5_BASE_13461,451.5,43.0,70.560152604609
D5_BASE_13461,451.5,43.5,67.78988041014313
D5_BASE_13461,451.5,44.0,65.90638195166731
D5_BASE_13461,451.5,44.5,64.65708889384422
D5_BASE_13461,451.5,45.0,63.899983215289126
D5_BASE_13461,451.5,45.5,63.54347376139386
D5_BASE_13461,451.5,46.0,63.52339582558809
D5_BASE_13461,451.5,46.5,63.79225649758678
D5_BASE_13461,451.5,47.0,64.31349979805589
D5_BASE_13461,451.5,47.5,65.05815158561593
D5_BASE_13461,451.5,48.0,66.00271717257213
D5_BASE_13461,451.5,48.5,67.12779256593802
D5_BASE_13461,451.5,49.0,68.41710807916915
D5_BASE_13461,451.5,49.5,69.85684715472573
D5_BASE_13461,451.5,50.0,71.43514756600065
D5_BASE_13461,451.75,25.0,144.04064372040753
D5_BASE_13461,451.75,25.5,47.33538057959872
D5_BASE_13461,451.75,26.0,119.3996967068372
D5_BASE_13461,451.75,26.5,93.67245596657709
D5_BASE_13461,451.75,27.0,41.05476656105431
D5_BASE_13461,451.75,27.5,176.339426404993
D5_BASE_13461,451.75,28.0,56.88283764289488
D5_BASE_13461,451.75,28.5,66.37337420535177
D5_BASE_13461,451.75,29.0,159.7980549239925
D5_BASE_13461,451.75,29.5,24.853697014462817
D5_BASE_13461,451.75,30.0,105.02762554437668
D5_BASE_13461,451.75,30.5,119.77263312023268
D5_BASE_13461,451.75,31.0,30.764529600262748
D5_BASE_13461,451.75,31.5,178.65198909543946
D5_BASE_13461,451.75,32.0,57.54187313146516
D5_BASE_13461,451.75,32.5,66.4804983061322
D5_BASE_13461,451.75,33.0,118.86789363550821
D5_BASE_13461,451.75,33.5,93.52293966642169
D5_BASE_13461,451.75,34.0,123.4543522335245
D5_BASE_13461,451.75,34.5,14.834133912757316
D5_BASE_13461,451.75,35.0,172.5381778535346
D5_BASE_13461,451.75,35.5,108.94402815721912
D5_BASE_13461,451.75,36.0,111.63585798297275
D5_BASE_13461,451.75,36.5,3.165937966548603
D5_BASE_13461,451.75,37.0,12.034325580701049
D5_BASE_13461,451.75,37.5,133.27011725168992
D5_BASE_13461,451.75,38.0,32.057259076945805
D5_BASE_13461,451.75,38.5,76.86168734745429
D5_BASE_13461,451.75,39.0,1.5552337955578803
D5_BASE_13461,451.75,39.5,62.3554075781598
D5_BASE_13461,451.75,40.0,110.80710414821675
D5_BASE_13461,451.75,40.5,43.58125597959279
D5_BASE_13461,451.75,41.0,86.93061711646706
D5_BASE_13461,451.75,41.5,87.14291743710633
D5_BASE_13461,451.75,42.0,83.65926174995496
D5_BASE_13461,451.75,42.5,75.05397071101861
D5_BASE_13461,451.75,43.0,70.8106272599695
D5_BASE_13461,451.75,43.5,68.03824336473762
D5_BASE_13461,451.75,44.0,66.15213088897873
D5_BASE_13461,451.75,44.5,64.90008202524946
D5_BASE_13461,451.75,45.0,64.14019191257785
D5_BASE_13461,451.75,45.5,63.78091044623977
D5_BASE_13461,451.75,46.0,63.75808788717784
D5_BASE_13461,451.75,46.5,64.024235651756
D5_BASE_13461,451.75,47.0,64.54279748238656
D5_BASE_13461,451.75,47.5,65.28479696345175
D5_BASE_13461,451.75,48.0,66.22673634062514
D5_BASE_13461,451.75,48.5,67.34920833790201
D5_BASE_13461,451.75,49.0,68.63594004715827
D5_BASE_13461,451.75,49.5,70.07311188053163
D5_BASE_13461,451.75,50.0,71.64885882665213
D5_BASE_13461,452.0,25.0,153.8270087552595
D5_BASE_13461,452.0,25.5,43.75563955506901
D5_BASE_13461,452.0,26.0,124.47231306749755
D5_BASE_13461,452.0,26.5,90.22312980994606
D5_BASE_13461,452.0,27.0,45.21168551602548
D5_BASE_13461,452.0,27.5,172.8431534521775
D5_BASE_13461,452.0,28.0,53.91061501015986
D5_BASE_13461,452.0,28.5,69.4912004286941
D5_BASE_13461,452.0,29.0,156.58893665993108
D5_BASE_13461,452.0,29.5,21.756445942087073
D5_BASE_13461,452.0,30.0,108.00198584831364
D5_BASE_13461,452.0,30.5,116.67019757882504
D5_BASE_13461,452.0,31.0,33.88300036237079
D5_BASE_13461,452.0,31.5,178.81342689477532
D5_BASE_13461,452.0,32.0,55.435483615592155
D5_BASE_13461,452.0,32.5,69.02156506874793
D5_BASE_13461,452.0,33.0,115.27163556465472
D5_BASE_13461,452.0,33.5,96.4154030782957
D5_BASE_13461,452.0,34.0,121.96232106489519
D5_BASE_13461,452.0,34.5,13.201794710846482
D5_BASE_13461,452.0,35.0,176.25139534214932
D5_BASE_13461,452.0,35.5,111.55298386891037
D5_BASE_13461,452.0,36.0,110.74728048473948
D5_BASE_13461,452.0,36.5,4.836085348570515
D5_BASE_13461,452.0,37.0,7.669413005240626
D5_BASE_13461,452.0,37.5,132.56342507437327
D5_BASE_13461,452.0,38.0,34.87229010694647
D5_BASE_13461,452.0,38.5,81.14220850884266
D5_BASE_13461,452.0,39.0,4.572768347050623
D5_BASE_13461,452.0,39.5,61.63062159820951
D5_BASE_13461,452.0,40.0,110.73795114155129
D5_BASE_13461,452.0,40.5,42.44363897286452
D5_BASE_13461,452.0,41.0,87.02824292689513
D5_BASE_13461,452.0,41.5,87.27348010209943
D5_BASE_13461,452.0,42.0,83.88305483273426
D5_BASE_13461,452.0,42.5,75.30416376008715
D5_BASE_13461,452.0,43.0,71.06084700097676
D5_BASE_13461,452.0,43.5,68.28634911350997
D5_BASE_13461,452.0,44.0,66.39762338206263
D5_BASE_13461,452.0,44.5,65.14282042676143
D5_BASE_13461,452.0,45.0,64.38014796515239
D5_BASE_13461,452.0,45.5,64.0180967337895
D5_BASE_13461,452.0,46.0,63.992531874901
D5_BASE_13461,452.0,46.5,64.25596909302925
D5_BASE_13461,452.0,47.0,64.77185183470684
D5_BASE_13461,452.0,47.5,65.51120140222832
D5_BASE_13461,452.0,48.0,66.45051697156319
D5_BASE_13461,452.0,48.5,67.57038798297916
D5_BASE_13461,452.0,49.0,68.85453830720743
D5_BASE_13461,452.0,49.5,70.28914532700726
D5_BASE_13461,452.0,50.0,71.86234124736207
D5_BASE_13461,452.25,25.0,163.09010141707395
D5_BASE_13461,452.25,25.5,40.14278335938223
D5_BASE_13461,452.25,26.0,129.50138843299416
D5_BASE_13461,452.25,26.5,86.77361791146778
D5_BASE_13461,452.25,27.0,49.386680687511756
D5_BASE_13461,452.25,27.5,169.37919350378024
D5_BASE_13461,452.25,28.0,50.944085372715676
D5_BASE_13461,452.25,28.5,72.61202741607583
D5_BASE_13461,452.25,29.0,153.37920441535007
D5_BASE_13461,452.25,29.5,18.662304473632364
D5_BASE_13461,452.25,30.0,110.97544563307783
D5_BASE_13461,452.25,30.5,113.56770683061126
D5_BASE_13461,452.25,31.0,36.99055683890426
D5_BASE_13461,452.25,31.5,176.29465181450016
D5_BASE_13461,452.25,32.0,53.32900724173914
D5_BASE_13461,452.25,32.5,71.57934484056915
D5_BASE_13461,452.25,33.0,111.66528673867022
D5_BASE_13461,452.25,33.5,99.267920408177
D5_BASE_13461,452.25,34.0,120.47961704376296
D5_BASE_13461,452.25,34.5,11.555044435384518
D5_BASE_13461,452.25,35.0,179.99821451618854
D5_BASE_13461,452.25,35.5,114.10501736273375
D5_BASE_13461,452.25,36.0,109.8627133150556
D5_BASE_13461,452.25,36.5,6.533430937207685
D5_BASE_13461,452.25,37.0,3.30950326692849
D5_BASE_13461,452.25,37.5,131.86628167163173
D5_BASE_13461,452.25,38.0,37.738864311470095
D5_BASE_13461,452.25,38.5,85.35063255147645
D5_BASE_13461,452.25,39.0,11.033557862953328
D5_BASE_13461,452.25,39.5,60.87562015130472
D5_BASE_13461,452.25,40.0,110.67363237783445
D5_BASE_13461,452.25,40.5,41.241077391817235
D5_BASE_13461,452.25,41.0,87.12524705303467
D5_BASE_13461,452.25,41.5,87.40449432659217
D5_BASE_13461,452.25,42.0,84.10705198328411
D5_BASE_13461,452.25,42.5,75.5541202649649
D5_BASE_13461,452.25,43.0,71.31081220397083
D5_BASE_13461,452.25,43.5,68.53419806310907
D5_BASE_13461,452.25,44.0,66.64285984484009
D5_BASE_13461,452.25,44.5,65.3853045133612
D5_BASE_13461,452.25,45.0,64.6198517867628
D5_BASE_13461,452.25,45.5,64.25503303554046
D5_BASE_13461,452.25,46.0,64.22672819748011
D5_BASE_13461,452.25,46.5,64.48745722705428
D5_BASE_13461,452.25,47.0,65.00066325739955
D5_BASE_13461,452.25,47.5,65.73736530092897
D5_BASE_13461,452.25,48.0,66.67405946086491
D5_BASE_13461,452.25,48.5,67.79133189305774
D5_BASE_13461,452.25,49.0,69.07290324753882
D5_BASE_13461,452.25,49.5,70.50494787863883
D5_BASE_13461,452.25,50.0,72.0755952088152
D5_BASE_13461,452.5,25.0,171.8040384194544
D5_BASE_13461,452.5,25.5,36.49049125796739
D5_BASE_13461,452.5,26.0,134.4814257680053
D5_BASE_13461,452.5,26.5,83.32131362618537
D5_BASE_13461,452.5,27.0,53.57732104564515
D5_BASE_13461,452.5,27.5,165.94723503325787
D5_BASE_13461,452.5,28.0,47.98265188454025
D5_BASE_13461,452.5,28.5,75.7359461960688
D5_BASE_13461,452.5,29.0,150.16888224393796
D5_BASE_13461,452.5,29.5,15.571322613979476
D5_BASE_13461,452.5,30.0,113.94801383244665
D5_BASE_13461,452.5,30.5,110.46532019578972
D5_BASE_13461,452.5,31.0,40.086912459247245
D5_BASE_13461,452.5,31.5,173.79135997070668
D5_BASE_13461,452.5,32.0,51.22208431870419
D5_BASE_13461,452.5,32.5,74.15401334303891
D5_BASE_13461,452.5,33.0,108.0496220781214
D5_BASE_13461,452.5,33.5,102.08079478653934
D5_BASE_13461,452.5,34.0,119.00576502711728
D5_BASE_13461,452.5,34.5,9.893476487297697
D5_BASE_13461,452.5,35.0,176.2218667445145
D5_BASE_13461,452.5,35.5,116.60144254175913
D5_BASE_13461,452.5,36.0,108.98185676156675
D5_BASE_13461,452.5,36.5,8.25859184274228
D5_BASE_13461,452.5,37.0,1.0396254112915109
D5_BASE_13461,452.5,37.5,131.17826061976803
D5_BASE_13461,452.5,38.0,40.655924372134116
D5_BASE_13461,452.5,38.5,89.47780731494812
D5_BASE_13461,452.5,39.0,17.813290463278744
D5_BASE_13461,452.5,39.5,60.088944123200335
D5_BASE_13461,452.5,40.0,110.61395217743603
D5_BASE_13461,452.5,40.5,39.969232912828
D5_BASE_13461,452.5,41.0,87.22157983162238
D5_BASE_13461,452.5,41.5,87.53590396451352
D5_BASE_13461,452.5,42.0,84.3312432257472
D5_BASE_13461,452.5,42.5,75.80384041030754
D5_BASE_13461,452.5,43.0,71.5605232447753
D5_BASE_13461,452.5,43.5,68.78179061937178
D5_BASE_13461,452.5,44.0,66.88784069034686
D5_BASE_13461,452.5,44.5,65.62753469912239
D5_BASE_13461,452.5,45.0,64.85930379024518
D5_BASE_13461,452.5,45.5,64.49171976207631
D5_BASE_13461,452.5,46.0,64.46067726272715
D5_BASE_13461,452.5,46.5,64.71870045857433
D5_BASE_13461,452.5,47.0,65.22923215194909
D5_BASE_13461,452.5,47.5,65.96328905764483
D5_BASE_13461,452.5,48.0,66.89736420312579
D5_BASE_13461,452.5,48.5,68.01204045915031
D5_BASE_13461,452.5,49.0,69.291035255506
D5_BASE_13461,452.5,49.5,70.72051991905201
D5_BASE_13461,452.5,50.0,72.28862109084507
D5_BASE_13461,452.75,25.0,179.96665906811393
D5_BASE_13461,452.75,25.5,32.79269814109634
D5_BASE_13461,452.75,26.0,139.4075786980794
D5_BASE_13461,452.75,26.5,79.86364717281081
D5_BASE_13461,452.75,27.0,57.78101752233885
D5_BASE_13461,452.75,27.5,162.54688705375065
D5_BASE_13461,452.75,28.0,45.025729666579316
D5_BASE_13461,452.75,28.5,78.86304035602109
D5_BASE_13461,452.75,29.0,146.95799799251253
D5_BASE_13461,452.75,29.5,12.483551033992633
D5_BASE_13461,452.75,30.0,116.91969715482699
D5_BASE_13461,452.75,30.5,107.36320099932225
D5_BASE_13461,452.75,31.0,43.17179229575618
D5_BASE_13461,452.75,31.5,171.30322052438834
D5_BASE_13461,452.75,32.0,49.11435953317153
D5_BASE_13461,452.75,32.5,76.74573726848578
D5_BASE_13461,452.75,33.0,104.42545407367008
D5_BASE_13461,452.75,33.5,104.85438073486888
D5_BASE_13461,452.75,34.0,117.54030004314166
D5_BASE_13461,452.75,34.5,8.21668169828707
D5_BASE_13461,452.75,35.0,172.40940269392638
D5_BASE_13461,452.75,35.5,119.04359752234616
D5_BASE_13461,452.75,36.0,108.10441724648805
D5_BASE_13461,452.75,36.5,10.012191745441559
D5_BASE_13461,452.75,37.0,5.372100863670531
D5_BASE_13461,452.75,37.5,130.49895082622282
D5_BASE_13461,452.75,38.0,43.62219268136685
D5_BASE_13461,452.75,38.5,93.51575548092939
D5_BASE_13461,452.75,39.0,24.887974471434216
D5_BASE_13461,452.75,39.5,59.26904999753546
D5_BASE_13461,452.75,40.0,110.5587230496173
D5_BASE_13461,452.75,40.5,38.623425313564475
D5_BASE_13461,452.75,41.0,87.31719131878583
D5_BASE_13461,452.75,41.5,87.66765399154284
D5_BASE_13461,452.75,42.0,84.55561889973748
D5_BASE_13461,452.75,42.5,76.0533243827141
D5_BASE_13461,452.75,43.0,71.80998049869602
D5_BASE_13461,452.75,43.5,69.02912718732357
D5_BASE_13461,452.75,44.0,67.13256633073574
D5_BASE_13461,452.75,44.5,65.86951139721216
D5_BASE_13461,452.75,45.0,65.0985043875229
D5_BASE_13461,452.75,45.5,64.72815732306867
D5_BASE_13461,452.75,46.0,64.69437947754635
D5_BASE_13461,452.75,46.5,64.94969919143017
D5_BASE_13461,452.75,47.0,65.45755891894345
D5_BASE_13461,452.75,47.5,66.18897306957814
D5_BASE_13461,452.75,48.0,67.1204315920587
D5_BASE_13461,452.75,48.5,68.23251407139458
D5_BASE_13461,452.75,49.0,69.50893471759689
D5_BASE_13461,452.75,49.5,70.93586183101552
D5_BASE_13461,452.75,50.0,72.50141927243617
D5_BASE_13461,453.0,25.0,172.4063699486898
D5_BASE_13461,453.0,25.5,29.04359043760519
D5_BASE_13461,453.0,26.0,144.27568193657999
D5_BASE_13461,453.0,26.5,76.39808993469978
D5_BASE_13461,453.0,27.0,61.99504128182981
D5_BASE_13461,453.0,27.5,159.17768576349403
D5_BASE_13461,453.0,28.0,42.072746241177704
D5_BASE_13461,453.0,28.5,81.99338631600773
D5_BASE_13461,453.0,29.0,143.7465834061583
D5_BASE_13461,453.0,29.5,9.399040987541593
D5_BASE_13461,453.0,30.0,119.89050008632589
D5_BASE_13461,453.0,30.5,104.26151642901759
D5_BASE_13461,453.0,31.0,46.24493353287257
D5_BASE_13461,453.0,31.5,168.82989811071974
D5_BASE_13461,453.0,32.0,47.00548188000343
D5_BASE_13461,453.0,32.5,79.35467403298422
D5_BASE_13461,453.0,33.0,100.79363292023618
D5_BASE_13461,453.0,33.5,107.58907978417558
D5_BASE_13461,453.0,34.0,116.08276689267191
D5_BASE_13461,453.0,34.5,6.524248287831174
D5_BASE_13461,453.0,35.0,168.56500386684058
D5_BASE_13461,453.0,35.5,121.43283667703793
D5_BASE_13461,453.0,36.0,107.23010699216633
D5_BASE_13461,453.0,36.5,11.79486053686998
D5_BASE_13461,453.0,37.0,9.682026956833303
D5_BASE_13461,453.0,37.5,129.8279557340653
D5_BASE_13461,453.0,38.0,46.6361664288222
D5_BASE_13461,453.0,38.5,97.45771050162399
D5_BASE_13461,453.0,39.0,32.2226707556133
D5_BASE_13461,453.0,39.5,58.414304587899466
D5_BASE_13461,453.0,40.0,110.50776524197346
D5_BASE_13461,453.0,40.5,37.198606065566025
D5_BASE_13461,453.0,41.0,87.41203123561921
D5_BASE_13461,453.0,41.5,87.799690413454
D5_BASE_13461,453.0,42.0,84.78016964821188
D5_BASE_13461,453.0,42.5,76.30257237068632
D5_BASE_13461,453.0,43.0,72.05918434052
D5_BASE_13461,453.0,43.5,69.27620817118087
D5_BASE_13461,453.0,44.0,67.37703717727828
D5_BASE_13461,453.0,44.5,66.11123501989557
D5_BASE_13461,453.0,45.0,65.33745398961123
D5_BASE_13461,453.0,45.5,64.96434612728069
D5_BASE_13461,453.0,46.0,64.92783524793673
D5_BASE_13461,453.0,46.5,65.18045382856225
D5_BASE_13461,453.0,47.0,65.68564395807697
D5_BASE_13461,453.0,47.5,66.41441773304422
D5_BASE_13461,453.0,48.0,67.34326202049746
D5_BASE_13461,453.0,48.5,68.45275311905775
D5_BASE_13461,453.0,49.0,69.72660201943606
D5_BASE_13461,453.0,49.5,71.15097399644283
D5_BASE_13461,453.0,50.0,72.71399013172696
D5_BASE_13461,453.25,25.0,165.28720740718384
D5_BASE_13461,453.25,25.5,25.2376096476981
D5_BASE_13461,453.25,26.0,149.08226557372095
D5_BASE_13461,453.25,26.5,72.92215907198464
D5_BASE_13461,453.25,27.0,66.21654415851884
D5_BASE_13461,453.25,27.5,155.83910106996396
D5_BASE_13461,453.25,28.0,39.12314192188993
D5_BASE_13461,453.25,28.5,85.12705360626727
D5_BASE_13461,453.25,29.0,140.53467423390603
D5_BASE_13461,453.25,29.5,6.317844227099508
D5_BASE_13461,453.25,30.0,122.86042489566935
D5_BASE_13461,453.25,30.5,101.16043738397389
D5_BASE_13461,453.25,31.0,49.306085891762635
D5_BASE_13461,453.25,31.5,166.37105342654635
D5_BASE_13461,453.25,32.0,44.89510459519757
D5_BASE_13461,453.25,32.5,81.98097152227615
D5_BASE_13461,453.25,33.0,97.15504640234748
D5_BASE_13461,453.25,33.5,110.28533620312139
D5_BASE_13461,453.25,34.0,114.63271975933759
D5_BASE_13461,453.25,34.5,4.815761831389401
D5_BASE_13461,453.25,35.0,164.68934148291095
D5_BASE_13461,453.25,35.5,123.77052353354239
D5_BASE_13461,453.25,36.0,106.35864369974328
D5_BASE_13461,453.25,36.5,13.607233916310898
D5_BASE_13461,453.25,37.0,13.963553905312791
D5_BASE_13461,453.25,37.5,129.1648925691918
D5_BASE_13461,453.25,38.0,49.69611505507597
D5_BASE_13461,453.25,38.5,101.29811739499014
D5_BASE_13461,453.25,39.0,39.771466454312204
D5_BASE_13461,453.25,39.5,57.52297950078725
D5_BASE_13461,453.25,40.0,110.46090631822223
D5_BASE_13461,453.25,40.5,35.68933105685185
D5_BASE_13461,453.25,41.0,87.50604891317519
D5_BASE_13461,453.25,41.5,87.93196017803535
D5_BASE_13461,453.25,42.0,85.00488640589757
D5_BASE_13461,453.25,42.5,76.55158456458707
D5_BASE_13461,453.25,43.0,72.30813514451212
D5_BASE_13461,453.25,43.5,69.5230339743514
D5_BASE_13461,453.25,44.0,67.62125364036731
D5_BASE_13461,453.25,44.5,66.35270597853547
D5_BASE_13461,453.25,45.0,65.57615300661713
D5_BASE_13461,453.25,45.5,65.20028658256912
D5_BASE_13461,453.25,46.0,65.16104497899417
D5_BASE_13461,453.25,46.5,65.41096477201336
D5_BASE_13461,453.25,47.0,65.91348766815304
D5_BASE_13461,453.25,47.5,66.63962344347458
D5_BASE_13461,453.25,48.0,67.56585588039908
D5_BASE_13461,453.25,48.5,68.67275799053766
D5_BASE_13461,453.25,49.0,69.94403754578695
D5_BASE_13461,453.25,49.5,71.36585679639452
D5_BASE_13461,453.25,50.0,72.9263340460111
D5_BASE_13461,453.5,25.0,158.6406270618712
D5_BASE_13461,453.5,25.5,21.36946362277871
D5_BASE_13461,453.5,26.0,153.82455453914437
D5_BASE_13461,453.5,26.5,69.43342254541473
D5_BASE_13461,453.5,27.0,70.44258097734689
D5_BASE_13461,453.5,27.5,152.53054293985963
D5_BASE_13461,453.5,28.0,36.176370162355816
D5_BASE_13461,453.5,28.5,88.26410514683569
D5_BASE_13461,453.5,29.0,137.32231033409235
D5_BASE_13461,453.5,29.5,3.2400129181049966
D5_BASE_13461,453.5,30.0,125.82947164097226
D5_BASE_13461,453.5,30.5,98.0601383133673
D5_BASE_13461,453.5,31.0,52.35501200954564
D5_BASE_13461,453.5,31.5,163.9263437856616
D5_BASE_13461,453.5,32.0,42.78288509182052
D5_BASE_13461,453.5,32.5,84.62476783064817
D5_BASE_13461,453.5,33.0,93.51061951135196
D5_BASE_13461,453.5,33.5,112.94363286083407
D5_BASE_13461,453.5,34.0,113.18972182857362
D5_BASE_13461,453.5,34.5,3.0908052403396993
D5_BASE_13461,453.5,35.0,160.78315206662833
D5_BASE_13461,453.5,35.5,126.05802448096092
D5_BASE_13461,453.5,36.0,105.4897502402015
D5_BASE_13461,453.5,36.5,15.449952940255514
D5_BASE_13461,453.5,37.0,18.210947004836605
D5_BASE_13461,453.5,37.5,128.50939162769706
D5_BASE_13461,453.5,38.0,52.80008036370835
D5_BASE_13461,453.5,38.5,105.03260282740749
D5_BASE_13461,453.5,39.0,47.47842897662495
D5_BASE_13461,453.5,39.5,56.593245336184935
D5_BASE_13461,453.5,40.0,110.41798076227629
D5_BASE_13461,453.5,40.5,34.08973289493883
D5_BASE_13461,453.5,41.0,87.5991932367549
D5_BASE_13461,453.5,41.5,88.06441109026119
D5_BASE_13461,453.5,42.0,85.22976038825121
D5_BASE_13461,453.5,42.5,76.80036115660076
D5_BASE_13461,453.5,43.0,72.55683328441472
D5_BASE_13461,453.5,43.5,69.76960499943712
D5_BASE_13461,453.5,44.0,67.86521612951925
D5_BASE_13461,453.5,44.5,66.59392468359754
D5_BASE_13461,453.5,45.0,65.81460184774434
D5_BASE_13461,453.5,45.5,65.43597909588658
D5_BASE_13461,453.5,46.0,65.39400907491496
D5_BASE_13461,453.5,46.5,65.64123242293235
D5_BASE_13461,453.5,47.0,66.1410904470858
D5_BASE_13461,453.5,47.5,66.86459059541859
D5_BASE_13461,453.5,48.0,67.7882135628465
D5_BASE_13461,453.5,48.5,68.89252907336503
D5_BASE_13461,453.5,49.0,70.16124168055437
D5_BASE_13461,453.5,49.5,71.58051061108122
D5_BASE_13461,453.5,50.0,73.13845139174079
D5_BASE_13461,453.75,25.0,152.4277267452068
D5_BASE_13461,453.75,25.5,17.434145727612776
D5_BASE_13461,453.75,26.0,158.50045498065742
D5_BASE_13461,453.75,26.5,65.92950464629483
D5_BASE_13461,453.75,27.0,74.67013341192992
D5_BASE_13461,453.75,27.5,149.25136753168383
D5_BASE_13461,453.75,28.0,33.23189786757428
D5_BASE_13461,453.75,28.5,91.40459752807588
D5_BASE_13461,453.75,29.0,134.10953577852365
D5_BASE_13461,453.75,29.5,0.16559955227150935
D5_BASE_13461,453.75,30.0,128.79763817837423
D5_BASE_13461,453.75,30.5,94.96079704562513
D5_BASE_13461,453.75,31.0,55.391487772482634
D5_BASE_13461,453.75,31.5,161.49542364246247
D5_BASE_13461,453.75,32.0,40.66848489919919
D5_BASE_13461,453.75,32.5,87.28619099261726
D5_BASE_13461,453.75,33.0,89.8613137776273
D5_BASE_13461,453.75,33.5,115.56448724480386
D5_BASE_13461,453.75,34.0,111.75334491561944
D5_BASE_13461,453.75,34.5,1.3489587542261492
D5_BASE_13461,453.75,35.0,156.84724223074332
D5_BASE_13461,453.75,35.5,128.2967032307561
D5_BASE_13461,453.75,36.0,104.62315435710295
D5_BASE_13461,453.75,36.5,17.32366352299593
D5_BASE_13461,453.75,37.0,22.418651942693103
D5_BASE_13461,453.75,37.5,127.8610956010322
D5_BASE_13461,453.75,38.0,55.94587954709878
D5_BASE_13461,453.75,38.5,108.65791981406127
D5_BASE_13461,453.75,39.0,55.27961713287867
D5_BASE_13461,453.75,39.5,55.62316563911786
D5_BASE_13461,453.75,40.0,110.37882960671477
D5_BASE_13461,453.75,40.5,32.39349344398919
D5_BASE_13461,453.75,41.0,87.69141258936513
D5_BASE_13461,453.75,41.5,88.19699173041786
D5_BASE_13461,453.75,42.0,85.45478308091266
D5_BASE_13461,453.75,42.5,77.04890234069445
D5_BASE_13461,453.75,43.0,72.80527913344427
D5_BASE_13461,453.75,43.5,70.01592164823407
D5_BASE_13461,453.75,44.0,68.10892505337551
D5_BASE_13461,453.75,44.5,66.83489154465052
D5_BASE_13461,453.75,45.0,66.05280092129374
D5_BASE_13461,453.75,45.5,65.67142407328456
D5_BASE_13461,453.75,46.0,65.62672793899691
D5_BASE_13461,453.75,46.5,65.87125718157436
D5_BASE_13461,453.75,47.0,66.36845269190418
D5_BASE_13461,453.75,47.5,67.08931958254618
D5_BASE_13461,453.75,48.0,68.0103354580503
D5_BASE_13461,453.75,48.5,69.11206675420705
D5_BASE_13461,453.75,49.0,70.37821480678717
D5_BASE_13461,453.75,49.5,71.79493581986536
D5_BASE_13461,453.75,50.0,73.35034254452864
D5_BASE_13461,454.0,25.0,146.60859515965427
D5_BASE_13461,454.0,25.5,13.426961990162917
D5_BASE_13461,454.0,26.0,163.1085295784503
D5_BASE_13461,454.0,26.5,62.40809211996487
D5_BASE_13461,454.0,27.0,78.89613498509868
D5_BASE_13461,454.0,27.5,146.00088307661696
D5_BASE_13461,454.0,28.0,30.289205670603362
D5_BASE_13461,454.0,28.5,94.54858129075646
D5_BASE_13461,454.0,29.0,130.8963989545335
D5_BASE_13461,454.0,29.5,2.9053431399570036
D5_BASE_13461,454.0,30.0,131.7649201725514
D5_BASE_13461,454.0,30.5,91.8625946080712
D5_BASE_13461,454.0,31.0,58.415302602845706
D5_BASE_13461,454.0,31.5,159.0779450846985
D5_BASE_13461,454.0,32.0,38.551569605640914
D5_BASE_13461,454.0,32.5,89.96535870725698
D5_BASE_13461,454.0,33.0,86.20812630386712
D5_BASE_13461,454.0,33.5,118.14844764991271
D5_BASE_13461,454.0,34.0,110.32316910257107
D5_BASE_13461,454.0,34.5,0.41020005406970883
D5_BASE_13461,454.0,35.0,152.88249355877718
D5_BASE_13461,454.0,35.5,130.48791597798106
D5_BASE_13461,454.0,36.0,103.75858838037469
D5_BASE_13461,454.0,36.5,19.229015886440585
D5_BASE_13461,454.0,37.0,26.581355016971493
D5_BASE_13461,454.0,37.5,127.21965893669815
D5_BASE_13461,454.0,38.0,59.13111133186615
D5_BASE_13461,454.0,38.5,112.1718727602779
D5_BASE_13461,454.0,39.0,63.106040503518834
D5_BASE_13461,454.0,39.5,54.61069062391691
D5_BASE_13461,454.0,40.0,110.3433000839066
D5_BASE_13461,454.0,40.5,30.59381751572996
D5_BASE_13461,454.0,41.0,87.78265479421394
D5_BASE_13461,454.0,41.5,88.32965137489869
D5_BASE_13461,454.0,42.0,85.6799462296372
D5_BASE_13461,454.0,42.5,77.29720831257967
D5_BASE_13461,454.0,43.0,73.05347306429094
D5_BASE_13461,454.0,43.5,70.26198432173487
D5_BASE_13461,454.0,44.0,68.35238081970613
D5_BASE_13461,454.0,44.5,67.07560697037003
D5_BASE_13461,454.0,45.0,66.29075063466752
D5_BASE_13461,454.0,45.5,65.90662191991554
D5_BASE_13461,454.0,46.0,65.85920197364297
D5_BASE_13461,454.0,46.5,66.10103944730501
D5_BASE_13461,454.0,47.0,66.595574798752
D5_BASE_13461,454.0,47.5,67.31381079765096
D5_BASE_13461,454.0,48.0,68.23222195535182
D5_BASE_13461,454.0,48.5,69.33137141886907
D5_BASE_13461,454.0,49.0,70.59495730668047
D5_BASE_13461,454.0,49.5,72.00913280126427
D5_BASE_13461,454.0,50.0,73.56200787915036
D5_BASE_13461,454.25,25.0,141.14409866700007
D5_BASE_13461,454.25,25.5,9.343566268772184
D5_BASE_13461,454.25,26.0,167.6479639442909
D5_BASE_13461,454.25,26.5,58.86694096224195
D5_BASE_13461,454.25,27.0,83.11749677797515
D5_BASE_13461,454.25,27.5,142.77835548160982
D5_BASE_13461,454.25,28.0,27.347788177394747
D5_BASE_13461,454.25,28.5,97.69610120433124
D5_BASE_13461,454.25,29.0,127.68295266401442
D5_BASE_13461,454.25,29.5,5.972762277610963
D5_BASE_13461,454.25,30.0,134.73131110911095
D5_BASE_13461,454.25,30.5,88.76571503717985
D5_BASE_13461,454.25,31.0,61.42625969947723
D5_BASE_13461,454.25,31.5,156.6735582961148
D5_BASE_13461,454.25,32.0,36.431808804917246
D5_BASE_13461,454.25,32.5,92.6623780549553
D5_BASE_13461,454.25,33.0,82.55208848890575
D5_BASE_13461,454.25,33.5,120.69608955070106
D5_BASE_13461,454.25,34.0,108.89878238449118
D5_BASE_13461,454.25,34.5,2.1870962595779493
D5_BASE_13461,454.25,35.0,148.88986751027147
D5_BASE_13461,454.25,35.5,132.63300720775518
D5_BASE_13461,454.25,36.0,102.89578895051815
D5_BASE_13461,454.25,36.5,21.166663957401195
D5_BASE_13461,454.25,37.0,30.69403684584347
D5_BASE_13461,454.25,37.5,126.58474723235916
D5_BASE_13461,454.25,38.0,62.353165387299235
D5_BASE_13461,454.25,38.5,115.57322851633504
D5_BASE_13461,454.25,39.0,70.8872613881932
D5_BASE_13461,454.25,39.5,53.55365070359094
D5_BASE_13461,454.25,40.0,110.31124529818453
D5_BASE_13461,454.25,40.5,28.68340897754161
D5_BASE_13461,454.25,41.0,87.87286705611024
D5_BASE_13461,454.25,41.5,88.46233991940038
D5_BASE_13461,454.25,42.0,85.90524183067296
D5_BASE_13461,454.25,42.5,77.54527926967391
D5_BASE_13461,454.25,43.0,73.30141544911689
D5_BASE_13461,454.25,43.5,70.50779342013068
D5_BASE_13461,454.25,44.0,68.59558383541008
D5_BASE_13461,454.25,44.5,67.31607136853985
D5_BASE_13461,454.25,45.0,66.52845139437007
D5_BASE_13461,454.25,45.5,66.14157304003527
D5_BASE_13461,454.25,46.0,66.09143158036291
D5_BASE_13461,454.25,46.5,66.33057961860251
D5_BASE_13461,454.25,47.0,66.8224571628927
D5_BASE_13461,454.25,47.5,67.53806463265148
D5_BASE_13461,454.25,48.0,68.45387344322481
D5_BASE_13461,454.25,48.5,69.55044345229632
D5_BASE_13461,454.25,49.0,70.8114695615774
D5_BASE_13461,454.25,49.5,72.22310193295107
D5_BASE_13461,454.25,50.0,73.77344776954654
D5_BASE_13461,454.5,25.0,135.9969863372035
D5_BASE_13461,454.5,25.5,5.180003336272397
D5_BASE_13461,454.5,26.0,172.1185262568341
D5_BASE_13461,454.5,26.5,55.30388395879368
D5_BASE_13461,454.5,27.0,87.3311333893021
D5_BASE_13461,454.5,27.5,139.58301363599185
D5_BASE_13461,454.5,28.0,24.407154182166156
D5_BASE_13461,454.5,28.5,100.84719654203937
D5_BASE_13461,454.5,29.0,124.46925421848479
D5_BASE_13461,454.5,29.5,9.036604917856405
D5_BASE_13461,454.5,30.0,137.69680230887846
D5_BASE_13461,454.5,30.5,85.670345179633
D5_BASE_13461,454.5,31.0,64.42417623236489
D5_BASE_13461,454.5,31.5,154.2819119898834
D5_BASE_13461,454.5,32.0,34.308876046752545
D5_BASE_13461,454.5,32.5,95.37734520636823
D5_BASE_13461,454.5,33.0,78.89426443535486
D5_BASE_13461,454.5,33.5,123.20801216539353
D5_BASE_13461,454.5,34.0,107.47978032455052
D5_BASE_13461,454.5,34.5,3.9821575522009667
D5_BASE_13461,454.5,35.0,144.8704102606543
D5_BASE_13461,454.5,35.5,134.7333060925345
D5_BASE_13461,454.5,36.0,102.0344967526546
D5_BASE_13461,454.5,36.5,23.137264710743672
D5_BASE_13461,454.5,37.0,34.75201845525147
D5_BASE_13461,454.5,37.5,125.95603666138116
D5_BASE_13461,454.5,38.0,65.60923506552398
D5_BASE_13461,454.5,38.5,118.86161872431647
D5_BASE_13461,454.5,39.0,78.55518694202291
D5_BASE_13461,454.5,39.5,52.44974986997908
D5_BASE_13461,454.5,40.0,110.2825239175987
D5_BASE_13461,454.5,40.5,26.6544509801989
D5_BASE_13461,454.5,41.0,87.96199590163008
D5_BASE_13461,454.5,41.5,88.59500780426329
D5_BASE_13461,454.5,42.0,86.13066212156623
D5_BASE_13461,454.5,42.5,77.7931154110646
D5_BASE_13461,454.5,43.0,73.54910665955407
D5_BASE_13461,454.5,43.5,70.75334934281122
D5_BASE_13461,454.5,44.0,68.83853450651934
D5_BASE_13461,454.5,44.5,67.55628514605549
D5_BASE_13461,454.5,45.0,66.76590360601169
D5_BASE_13461,454.5,45.5,66.37627783700584
D5_BASE_13461,454.5,46.0,66.32341715977654
D5_BASE_13461,454.5,46.5,66.55987809305961
D5_BASE_13461,454.5,47.0,67.04910017871072
D5_BASE_13461,454.5,47.5,67.76208147859465
D5_BASE_13461,454.5,48.0,68.67529030927915
D5_BASE_13461,454.5,48.5,69.76928323857769
D5_BASE_13461,454.5,49.0,71.0277519519725
D5_BASE_13461,454.5,49.5,72.436843591759
D5_BASE_13461,454.5,50.0,73.98466258882506
D5_BASE_13461,454.75,25.0,131.13249937307583
D5_BASE_13461,454.75,25.5,0.9327595877027419
D5_BASE_13461,454.75,26.0,176.52052218169138
D5_BASE_13461,454.75,26.5,51.716839026141734
D5_BASE_13461,454.75,27.0,91.53398867773093
D5_BASE_13461,454.75,27.5,136.41405440945348
D5_BASE_13461,454.75,28.0,21.466826855441603
D5_BASE_13461,454.75,28.5,104.00190135144335
D5_BASE_13461,454.75,29.0,121.25536552925018
D5_BASE_13461,454.75,29.5,12.09681814491505
D5_BASE_13461,454.75,30.0,140.66138294408276
D5_BASE_13461,454.75,30.5,82.57667448442311
D5_BASE_13461,454.75,31.0,67.4088834918275
D5_BASE_13461,454.75,31.5,151.9026538137735
D5_BASE_13461,454.75,32.0,32.182448791519526
D5_BASE_13461,454.75,32.5,98.11034512331132
D5_BASE_13461,454.75,33.0,75.23574903847604
D5_BASE_13461,454.75,33.5,125.68483521704665
D5_BASE_13461,454.75,34.0,106.06576571813109
D5_BASE_13461,454.75,34.5,5.795814188647712
D5_BASE_13461,454.75,35.0,140.82525737639978
D5_BASE_13461,454.75,35.5,136.79012342715814
D5_BASE_13461,454.75,36.0,101.17445625984419
D5_BASE_13461,454.75,36.5,25.14147745698866
D5_BASE_13461,454.75,37.0,38.75099897569356
D5_BASE_13461,454.75,37.5,125.33321342792229
D5_BASE_13461,454.75,38.0,68.89633345751459
D5_BASE_13461,454.75,38.5,122.03743810760668
D5_BASE_13461,454.75,39.0,86.04755380723428
D5_BASE_13461,454.75,39.5,51.29655898689495
D5_BASE_13461,454.75,40.0,110.25699988387915
D5_BASE_13461,454.75,40.5,24.498592561181507
D5_BASE_13461,454.75,41.0,88.0499871179103
D5_BASE_13461,454.75,41.5,88.72760594172013
D5_BASE_13461,454.75,42.0,86.35619957236968
D5_BASE_13461,454.75,42.5,78.04071693747326
D5_BASE_13461,454.75,43.0,73.79654706670283
D5_BASE_13461,454.75,43.5,70.99865248836755
D5_BASE_13461,454.75,44.0,69.08123323819919
D5_BASE_13461,454.75,44.5,67.79624870892549
D5_BASE_13461,454.75,45.0,67.0031076743105
D5_BASE_13461,454.75,45.5,66.61073671329761
D5_BASE_13461,454.75,46.0,66.55515911161547
D5_BASE_13461,454.75,46.5,66.78893526738702
D5_BASE_13461,454.75,47.0,67.27550423971383
D5_BASE_13461,454.75,47.5,67.98586172565746
D5_BASE_13461,454.75,48.0,68.89647294026184
D5_BASE_13461,454.75,48.5,69.98789116094709
D5_BASE_13461,454.75,49.0,71.24380485751321
D5_BASE_13461,454.75,49.5,72.65035815368203
D5_BASE_13461,454.75,50.0,74.19565270926441
D5_BASE_13461,455.0,25.0,126.51863881367493
D5_BASE_13461,455.0,25.5,3.401179184106366
D5_BASE_13461,455.0,26.0,179.14525305478702
D5_BASE_13461,455.0,26.5,48.103818399504505
D5_BASE_13461,455.0,27.0,95.72306082667299
D5_BASE_13461,455.0,27.5,133.2706473349697
D5_BASE_13461,455.0,28.0,18.52634390661004
D5_BASE_13461,455.0,28.5,107.16024471901756
D5_BASE_13461,455.0,29.0,118.04135319170332
D5_BASE_13461,455.0,29.5,15.15334915903596
D5_BASE_13461,455.0,30.0,143.6250400564438
D5_BASE_13461,455.0,30.5,79.4848947862987
D5_BASE_13461,455.0,31.0,70.38022699317767
D5_BASE_13461,455.0,31.5,149.53543072806445
D5_BASE_13461,455.0,32.0,30.05220836934812
D5_BASE_13461,455.0,32.5,100.86145125130552
D5_BASE_13461,455.0,33.0,71.57766575814526
D5_BASE_13461,455.0,33.5,128.1271958943832
D5_BASE_13461,455.0,34.0,104.65634826578837
D5_BASE_13461,455.0,34.5,7.62849892853538
D5_BASE_13461,455.0,35.0,136.75563821601725
D5_BASE_13461,455.0,35.5,138.80474905072614
D5_BASE_13461,455.0,36.0,100.3154154851494
D5_BASE_13461,455.0,36.5,27.17996307314878
D5_BASE_13461,455.0,37.0,42.687084532894964
D5_BASE_13461,455.0,37.5,124.71597324981148
D5_BASE_13461,455.0,38.0,72.21131265744275
D5_BASE_13461,455.0,38.5,125.10174259463635
D5_BASE_13461,455.0,39.0,93.31068037305674
D5_BASE_13461,455.0,39.5,50.09150907887557
D5_BASE_13461,455.0,40.0,110.23454213936054
D5_BASE_13461,455.0,40.5,22.206944566260713
D5_BASE_13461,455.0,41.0,88.13678568991912
D5_BASE_13461,455.0,41.5,88.86008564480886
D5_BASE_13461,455.0,42.0,86.58184687723347
D5_BASE_13461,455.0,42.5,78.2880840512195
D5_BASE_13461,455.0,43.0,74.04373704113041
D5_BASE_13461,455.0,43.5,71.24370325459284
D5_BASE_13461,455.0,44.0,69.32368043475209
D5_BASE_13461,455.0,44.5,68.03596246227437
D5_BASE_13461,455.0,45.0,67.24006400309472
D5_BASE_13461,455.0,45.5,66.8449500704921
D5_BASE_13461,455.0,46.0,66.78665783472603
D5_BASE_13461,455.0,46.5,67.01775153741433
D5_BASE_13461,455.0,47.0,67.50166973853585
D5_BASE_13461,455.0,47.5,68.2094057631505
D5_BASE_13461,455.0,48.0,69.11742172206006
D5_BASE_13461,455.0,48.5,70.2062676017864
D5_BASE_13461,455.0,49.0,71.45962865700307
D5_BASE_13461,455.0,49.5,72.86364599387836
D5_BASE_13461,455.0,50.0,74.40641850231448
D5_BASE_13461,455.25,25.0,122.12620927201313
D5_BASE_13461,455.25,25.5,7.824263836791921
D5_BASE_13461,455.25,26.0,174.87756379935533
D5_BASE_13461,455.25,26.5,44.46293869658359
D5_BASE_13461,455.25,27.0,99.89542629373675
D5_BASE_13461,455.25,27.5,130.15193897516775
D5_BASE_13461,455.25,28.0,15.58525772260753
D5_BASE_13461,455.25,28.5,110.32225102740418
D5_BASE_13461,455.25,29.0,114.82728856282385
D5_BASE_13461,455.25,29.5,18.20614536531567
D5_BASE_13461,455.25,30.0,146.5877585771682
D5_BASE_13461,455.25,30.5,76.39520008090558
D5_BASE_13461,455.25,31.0,73.33806653797168
D5_BASE_13461,455.25,31.5,147.1798893572522
D5_BASE_13461,455.25,32.0,27.91783994383072
D5_BASE_13461,455.25,32.5,103.63072520347792
D5_BASE_13461,455.25,33.0,67.92116408041734
D5_BASE_13461,455.25,33.5,130.53574601247715
D5_BASE_13461,455.25,34.0,103.25114425495347
D5_BASE_13461,455.25,34.5,9.48064695382245
D5_BASE_13461,455.25,35.0,132.6628799387696
D5_BASE_13461,455.25,35.5,140.77844970690776
D5_BASE_13461,455.25,36.0,99.457125741929
D5_BASE_13461,455.25,36.5,29.25338317584305
D5_BASE_13461,455.25,37.0,46.55680826046386
D5_BASE_13461,455.25,37.5,124.10402086755747
D5_BASE_13461,455.25,38.0,75.55088603265773
D5_BASE_13461,455.25,38.5,128.05615036585837
D5_BASE_13461,455.25,39.0,100.3012260956805
D5_BASE_13461,455.25,39.5,48.83188472318008
D5_BASE_13461,455.25,40.0,110.21502436970275
D5_BASE_13461,455.25,40.5,19.770088668543853
D5_BASE_13461,455.25,41.0,88.22233573605479
D5_BASE_13461,455.25,41.5,88.99239855773983
D5_BASE_13461,455.25,42.0,86.80759694636008
D5_BASE_13461,455.25,42.5,78.53521695618602
D5_BASE_13461,455.25,43.0,74.29067695286972
D5_BASE_13461,455.25,43.5,71.48850203848454
D5_BASE_13461,455.25,44.0,69.56587649961833
D5_BASE_13461,455.25,44.5,68.2754268103446
D5_BASE_13461,455.25,45.0,67.47677299530503
D5_BASE_13461,455.25,45.5,67.07891830928403
D5_BASE_13461,455.25,46.0,67.01791372707133
D5_BASE_13461,455.25,46.5,67.24632729809402
D5_BASE_13461,455.25,47.0,67.727597066939
D5_BASE_13461,455.25,47.5,68.43271397951854
D5_BASE_13461,455.25,48.0,69.33813703970343
D5_BASE_13461,455.25,48.5,70.42441294262711
D5_BASE_13461,455.25,49.0,71.67522372840311
D5_BASE_13461,455.25,49.5,73.07670748667178
D5_BASE_13461,455.25,50.0,74.61696033859967
D5_BASE_13461,455.5,25.0,117.9287240372342
D5_BASE_13461,455.5,25.5,12.33831305064334
D5_BASE_13461,455.5,26.0,170.6747829316744
D5_BASE_13461,455.5,26.5,40.79243186729142
D5_BASE_13461,455.5,27.0,104.04826224352125
D5_BASE_13461,455.5,27.5,127.05705697477023
D5_BASE_13461,455.5,28.0,12.643135484077211
D5_BASE_13461,455.5,28.5,113.4879402039619
D5_BASE_13461,455.5,29.0,111.61324783093767
D5_BASE_13461,455.5,29.5,21.25515446216594
D5_BASE_13461,455.5,30.0,149.54952134884985
D5_BASE_13461,455.5,30.5,73.30778629202148
D5_BASE_13461,455.5,31.0,76.28227623317218
D5_BASE_13461,455.5,31.5,144.8356763166157
D5_BASE_13461,455.5,32.0,25.779032480497328
D5_BASE_13461,455.5,32.5,106.41821643550907
D5_BASE_13461,455.5,33.0,64.2674166799564
D5_BASE_13461,455.5,33.5,132.91114937138798
D5_BASE_13461,455.5,34.0,101.84977625022688
D5_BASE_13461,455.5,34.5,11.352695770675089
D5_BASE_13461,455.5,35.0,128.54841099640691
D5_BASE_13461,455.5,35.5,142.71246729711697
D5_BASE_13461,455.5,36.0,98.59934141188572
D5_BASE_13461,455.5,36.5,31.362399236016905
D5_BASE_13461,455.5,37.0,50.35714167609817
D5_BASE_13461,455.5,37.5,123.49706957793148
D5_BASE_13461,455.5,38.0,78.91165320232531
D5_BASE_13461,455.5,38.5,130.90274813357868
D5_BASE_13461,455.5,39.0,106.98689675925827
D5_BASE_13461,455.5,39.5,47.51481768317761
D5_BASE_13461,455.5,40.0,110.19832476133907
D5_BASE_13461,455.5,40.5,17.17810425923415
D5_BASE_13461,455.5,41.0,88.30658044191297
D5_BASE_13461,455.5,41.5,89.12449658749573
D5_BASE_13461,455.5,42.0,87.0334428983075
D5_BASE_13461,455.5,42.5,78.78211585778517
D5_BASE_13461,455.5,43.0,74.53736717141832
D5_BASE_13461,455.5,43.5,71.73304923624531
D5_BASE_13461,455.5,44.0,69.80782183537968
D5_BASE_13461,455.5,44.5,68.51464215649935
D5_BASE_13461,455.5,45.0,67.71323505299763
D5_BASE_13461,455.5,45.5,67.31264182948398
D5_BASE_13461,455.5,46.0,67.24892718573454
D5_BASE_13461,455.5,46.5,67.47466294350326
D5_BASE_13461,455.5,47.0,67.9532866158166
D5_BASE_13461,455.5,47.5,68.65578676234476
D5_BASE_13461,455.5,48.0,69.55861927736659
D5_BASE_13461,455.5,48.5,70.64232756415363
D5_BASE_13461,455.5,49.0,71.89059044883471
D5_BASE_13461,455.5,49.5,73.28954300555488
D5_BASE_13461,455.5,50.0,74.82727858792109
D5_BASE_13461,455.75,25.0,113.90223080528213
D5_BASE_13461,455.75,25.5,16.944441397698217
D5_BASE_13461,455.75,26.0,166.53493953204685
D5_BASE_13461,455.75,26.5,37.09065701696303
D5_BASE_13461,455.75,27.0,108.17886711163888
D5_BASE_13461,455.75,27.5,123.98511380520551
D5_BASE_13461,455.75,28.0,9.699559260154343
D5_BASE_13461,455.75,28.5,116.6573279592506
D5_BASE_13461,455.75,29.0,108.39931207680986
D5_BASE_13461,455.75,29.5,24.300324529222564
D5_BASE_13461,455.75,30.0,152.5103091492822
D5_BASE_13461,455.75,30.5,70.2228510313428
D5_BASE_13461,455.75,31.0,79.21274446975842
D5_BASE_13461,455.75,31.5,142.50243851474008
D5_BASE_13461,455.75,32.0,23.635478720230008
D5_BASE_13461,455.75,32.5,109.22396191131773
D5_BASE_13461,455.75,33.0,60.61761629934786
D5_BASE_13461,455.75,33.5,135.25407930913468
D5_BASE_13461,455.75,34.0,100.45187279209614
D5_BASE_13461,455.75,34.5,13.245085092816822
D5_BASE_13461,455.75,35.0,124.4137639791266
D5_BASE_13461,455.75,35.5,144.60801748402787
D5_BASE_13461,455.75,36.0,97.7418197204028
D5_BASE_13461,455.75,36.5,33.5076716348982
D5_BASE_13461,455.75,37.0,54.08549793162107
D5_BASE_13461,455.75,37.5,122.89484079065838
D5_BASE_13461,455.75,38.0,82.2901273386721
D5_BASE_13461,455.75,38.5,133.64400425413828
D5_BASE_13461,455.75,39.0,113.34620993916015
D5_BASE_13461,455.75,39.5,46.13728095821548
D5_BASE_13461,455.75,40.0,110.18432577265858
D5_BASE_13461,455.75,40.5,14.420619131936508
D5_BASE_13461,455.75,41.0,88.3894619920574
D5_BASE_13461,455.75,41.5,89.25633183645641
D5_BASE_13461,455.75,42.0,87.25937805261556
D5_BASE_13461,455.75,42.5,79.0287809629253
D5_BASE_13461,455.75,43.0,74.78380806573524
D5_BASE_13461,455.75,43.5,71.97734524328453
D5_BASE_13461,455.75,44.0,70.04951684375995
D5_BASE_13461,455.75,44.5,68.7536089032248
D5_BASE_13461,455.75,45.0,67.94945057734644
D5_BASE_13461,455.75,45.5,67.54612103002061
D5_BASE_13461,455.75,46.0,67.47969860691953
D5_BASE_13461,455.75,46.5,67.70275886684573
D5_BASE_13461,455.75,47.0,68.17873877519482
D5_BASE_13461,455.75,47.5,68.87862449835187
D5_BASE_13461,455.75,48.0,69.77886881837124
D5_BASE_13461,455.75,48.5,70.8600118462048
D5_BASE_13461,455.75,49.0,72.10572919458211
D5_BASE_13461,455.75,49.5,73.50215292319054
D5_BASE_13461,455.75,50.0,75.0373736192591
D5_BASE_13461,456.0,25.0,110.02509769665933
D5_BASE_13461,456.0,25.5,21.642986600739622
D5_BASE_13461,456.0,26.0,162.4557643939297
D5_BASE_13461,456.0,26.5,33.35611306454466
D5_BASE_13461,456.0,27.0,112.28467900678767
D5_BASE_13461,456.0,27.5,120.93521021026011
D5_BASE_13461,456.0,28.0,6.754126082807121
D5_BASE_13461,456.0,28.5,119.8304260141295
D5_BASE_13461,456.0,29.0,105.18556732516836
D5_BASE_13461,456.0,29.5,27.341604114499493
D5_BASE_13461,456.0,30.0,155.47010071717165
D5_BASE_13461,456.0,30.5,67.14059335131786
D5_BASE_13461,456.0,31.0,82.12937386248456
D5_BASE_13461,456.0,31.5,140.17982343309365
D5_BASE_13461,456.0,32.0,21.486875157765436
D5_BASE_13461,456.0,32.5,112.04798575918153
D5_BASE_13461,456.0,33.0,56.972972365991815
D5_BASE_13461,456.0,33.5,137.56521644396173
D5_BASE_13461,456.0,34.0,99.05706810390642
D5_BASE_13461,456.0,34.5,15.158256705361403
D5_BASE_13461,456.0,35.0,120.26057768591251
D5_BASE_13461,456.0,35.5,146.46628860601052
D5_BASE_13461,456.0,36.0,96.88432051873522
D5_BASE_13461,456.0,36.5,35.68985866116642
D5_BASE_13461,456.0,37.0,57.73972766149296
D5_BASE_13461,456.0,37.5,122.29706360683728
D5_BASE_13461,456.0,38.0,85.68276432567951
D5_BASE_13461,456.0,38.5,136.28268965799649
D5_BASE_13461,456.0,39.0,119.36754748849108
D5_BASE_13461,456.0,39.5,44.69608346944824
D5_BASE_13461,456.0,40.0,110.17291391800765
D5_BASE_13461,456.0,40.5,11.4868911502021
D5_BASE_13461,456.0,41.0,88.47092149962059
D5_BASE_13461,456.0,41.5,89.3878565358527
D5_BASE_13461,456.0,42.0,87.48539592274788
D5_BASE_13461,456.0,42.5,79.27521247997774
D5_BASE_13461,456.0,43.0,75.03000000424188
D5_BASE_13461,456.0,43.5,72.22139045422021
D5_BASE_13461,456.0,44.0,70.29096192562832
D5_BASE_13461,456.0,44.5,68.99232745213159
D5_BASE_13461,456.0,45.0,68.18541996864433
D5_BASE_13461,456.0,45.5,67.77935630894359
D5_BASE_13461,456.0,46.0,67.7102283859559
D5_BASE_13461,456.0,46.5,67.9306154604554
D5_BASE_13461,456.0,47.0,68.40395393423555
D5_BASE_13461,456.0,47.5,69.10122757340525
D5_BASE_13461,456.0,48.0,69.99888604518878
D5_BASE_13461,456.0,48.5,71.07746616777695
D5_BASE_13461,456.0,49.0,72.32064034109408
D5_BASE_13461,456.0,49.5,73.71453761141525
D5_BASE_13461,456.0,50.0,75.24724580077466
D5_BASE_13481,450.0,25.0,71.21722050893824
D5_BASE_13481,450.0,25.5,72.37651471373022
D5_BASE_13481,450.0,26.0,82.66753253198863
D5_BASE_13481,450.0,26.5,119.14690830900913
D5_BASE_13481,450.0,27.0,13.380240808266054
D5_BASE_13481,450.0,27.5,158.35963585317256
D5_BASE_13481,450.0,28.0,77.93471960482026
D5_BASE_13481,450.0,28.5,44.70543852194819
D5_BASE_13481,450.0,29.0,177.77388416662285
D5_BASE_13481,450.0,29.5,46.62260371780562
D5_BASE_13481,450.0,30.0,84.24687867486323
D5_BASE_13481,450.0,30.5,141.3770091346742
D5_BASE_13481,450.0,31.0,8.395992384765798
D5_BASE_13481,450.0,31.5,159.7173387046936
D5_BASE_13481,450.0,32.0,72.12912403563674
D5_BASE_13481,450.0,32.5,50.61869519063791
D5_BASE_13481,450.0,33.0,143.1744383748249
D5_BASE_13481,450.0,33.5,69.9335700479718
D5_BASE_13481,450.0,34.0,135.168296052128
D5_BASE_13481,450.0,34.5,23.422171773947987
D5_BASE_13481,450.0,35.0,149.60806180259095
D5_BASE_13481,450.0,35.5,85.0008837522773
D5_BASE_13481,450.0,36.0,118.05047303779718
D5_BASE_13481,450.0,36.5,3.245097396988089
D5_BASE_13481,450.0,37.0,42.124576367668574
D5_BASE_13481,450.0,37.5,139.13066095659863
D5_BASE_13481,450.0,38.0,17.18504051551611
D5_BASE_13481,450.0,38.5,49.97824087558237
D5_BASE_13481,450.0,39.0,32.96695094945539
D5_BASE_13481,450.0,39.5,59.210880384796305
D5_BASE_13481,450.0,40.0,108.42037444061461
D5_BASE_13481,450.0,40.5,39.89284728541263
D5_BASE_13481,450.0,41.0,79.83251984204834
D5_BASE_13481,450.0,41.5,79.50584883867491
D5_BASE_13481,450.0,42.0,74.401741053878
D5_BASE_13481,450.0,42.5,63.85819583017804
D5_BASE_13481,450.0,43.0,58.445770935308126
D5_BASE_13481,450.0,43.5,54.68147798717252
D5_BASE_13481,450.0,44.0,51.896694513059565
D5_BASE_13481,450.0,44.5,49.80897754556857
D5_BASE_13481,450.0,45.0,48.26171029056537
D5_BASE_13481,450.0,45.5,47.15502553877863
D5_BASE_13481,450.0,46.0,46.41964220592697
D5_BASE_13481,450.0,46.5,46.00472713493939
D5_BASE_13481,450.0,47.0,45.871464915514835
D5_BASE_13481,450.0,47.5,45.98931739314953
D5_BASE_13481,450.0,48.0,46.333691537087404
D5_BASE_13481,450.0,48.5,46.88440582392748
D5_BASE_13481,450.0,49.0,47.62463838197646
D5_BASE_13481,450.0,49.5,48.54018061986025
D5_BASE_13481,450.0,50.0,49.61889260586278
D5_BASE_13481,450.25,25.0,81.63867253866366
D5_BASE_13481,450.25,25.5,68.77685595365124
D5_BASE_13481,450.25,26.0,87.75967075113881
D5_BASE_13481,450.25,26.5,115.56774792218354
D5_BASE_13481,450.25,27.0,17.38076932086695
D5_BASE_13481,450.25,27.5,162.055912413243
D5_BASE_13481,450.25,28.0,74.89835218177572
D5_BASE_13481,450.25,28.5,47.80636793040611
D5_BASE_13481,450.25,29.0,179.02126047010347
D5_BASE_13481,450.25,29.5,43.505794430517675
D5_BASE_13481,450.25,30.0,87.22910650913155
D5_BASE_13481,450.25,30.5,138.28283656187804
D5_BASE_13481,450.25,31.0,11.568653854904419
D5_BASE_13481,450.25,31.5,162.37603861650368
D5_BASE_13481,450.25,32.0,69.98304690359673
D5_BASE_13481,450.25,32.5,53.0569962175216
D5_BASE_13481,450.25,33.0,139.70436646622514
D5_BASE_13481,450.25,33.5,73.07126618514262
D5_BASE_13481,450.25,34.0,133.54256393409344
D5_BASE_13481,450.25,34.5,21.83488125020419
D5_BASE_13481,450.25,35.0,153.01107596857423
D5_BASE_13481,450.25,35.5,88.00720653929505
D5_BASE_13481,450.25,36.0,117.06073267032455
D5_BASE_13481,450.25,36.5,1.7192733038772914
D5_BASE_13481,450.25,37.0,37.95848618958071
D5_BASE_13481,450.25,37.5,138.277032588995
D5_BASE_13481,450.25,38.0,19.519335426380298
D5_BASE_13481,450.25,38.5,54.08466127675163
D5_BASE_13481,450.25,39.0,29.201585300667322
D5_BASE_13481,450.25,39.5,58.59048174472656
D5_BASE_13481,450.25,40.0,108.27154202859904
D5_BASE_13481,450.25,40.5,39.01844943572876
D5_BASE_13481,450.25,41.0,79.91525219232167
D5_BASE_13481,450.25,41.5,79.61701822327842
D5_BASE_13481,450.25,42.0,74.62346233269392
D5_BASE_13481,450.25,42.5,64.1159077957969
D5_BASE_13481,450.25,43.0,58.705279129153794
D5_BASE_13481,450.25,43.5,54.94009621357363
D5_BASE_13481,450.25,44.0,52.15376363957712
D5_BASE_13481,450.25,44.5,50.06428296818756
D5_BASE_13481,450.25,45.0,48.51517963315191
D5_BASE_13481,450.25,45.5,47.406639676551656
D5_BASE_13481,450.25,46.0,46.669402524166664
D5_BASE_13481,450.25,46.5,46.2526418235837
D5_BASE_13481,450.25,47.0,46.117542808872166
D5_BASE_13481,450.25,47.5,46.233565135805286
D5_BASE_13481,450.25,48.0,46.576112327220635
D5_BASE_13481,450.25,48.5,47.124998941723575
D5_BASE_13481,450.25,49.0,47.86339911941811
D5_BASE_13481,450.25,49.5,48.77710041651107
D5_BASE_13481,450.25,50.0,49.853959287404926
D5_BASE_13481,450.5,25.0,92.31375044716727
D5_BASE_13481,450.5,25.5,65.19664065484606
D5_BASE_13481,450.5,26.0,92.85802537552124
D5_BASE_13481,450.5,26.5,112.00531988966584
D5_BASE_13481,450.5,27.0,21.407406792017948
D5_BASE_13481,450.5,27.5,165.72167286059576
D5_BASE_13481,450.5,28.0,71.87182296799902
D5_BASE_13481,450.5,28.5,50.90927868989861
D5_BASE_13481,450.5,29.0,175.81573523181157
D5_BASE_13481,450.5,29.5,40.39180655254649
D5_BASE_13481,450.5,30.0,90.21025826662704
D5_BASE_13481,450.5,30.5,135.1877927424837
D5_BASE_13481,450.5,31.0,14.732644161455092
D5_BASE_13481,450.5,31.5,165.01769803133737
D5_BASE_13481,450.5,32.0,67.83958045941178
D5_BASE_13481,450.5,32.5,55.509673176463316
D5_BASE_13481,450.5,33.0,136.22060923205208
D5_BASE_13481,450.5,33.5,76.17151224189294
D5_BASE_13481,450.5,34.0,131.92963158066058
D5_BASE_13481,450.5,34.5,20.236566060728848
D5_BASE_13481,450.5,35.0,156.4486620985095
D5_BASE_13481,450.5,35.5,90.95480182360342
D5_BASE_13481,450.5,36.0,116.07757608272395
D5_BASE_13481,450.5,36.5,0.17163940682536974
D5_BASE_13481,450.5,37.0,33.77644436880362
D5_BASE_13481,450.5,37.5,137.4368496368838
D5_BASE_13481,450.5,38.0,21.90039425270979
D5_BASE_13481,450.5,38.5,58.195733689762086
D5_BASE_13481,450.5,39.0,25.205118618241737
D5_BASE_13481,450.5,39.5,57.94691462452404
D5_BASE_13481,450.5,40.0,108.12983414711655
D5_BASE_13481,450.5,40.5,38.09966402322843
D5_BASE_13481,450.5,41.0,79.99773363746489
D5_BASE_13481,450.5,41.5,79.72925098023182
D5_BASE_13481,450.5,42.0,74.84555485237082
D5_BASE_13481,450.5,42.5,64.37338683536505
D5_BASE_13481,450.5,43.0,58.964529418335445
D5_BASE_13481,450.5,43.5,55.19845141103296
D5_BASE_13481,450.5,44.0,52.41056840616027
D5_BASE_13481,450.5,44.5,50.319323886930235
D5_BASE_13481,450.5,45.0,48.76838479406646
D5_BASE_13481,450.5,45.5,47.65799016382438
D5_BASE_13481,450.5,46.0,46.91889982751622
D5_BASE_13481,450.5,46.5,46.500294192772934
D5_BASE_13481,450.5,47.0,46.36335911972949
D5_BASE_13481,450.5,47.5,46.47755206851787
D5_BASE_13481,450.5,48.0,46.818273115683276
D5_BASE_13481,450.5,48.5,47.365332904875594
D5_BASE_13481,450.5,49.0,48.10190159236019
D5_BASE_13481,450.5,49.5,49.01376288675731
D5_BASE_13481,450.5,50.0,50.08876963343043
D5_BASE_13481,450.75,25.0,103.1096065810087
D5_BASE_13481,450.75,25.5,61.62737300842147
D5_BASE_13481,450.75,26.0,97.9556403119396
D5_BASE_13481,450.75,26.5,108.45704683451473
D5_BASE_13481,450.75,27.0,25.459023609286845
D5_BASE_13481,450.75,27.5,169.3565721887266
D5_BASE_13481,450.75,28.0,68.85450430910917
D5_BASE_13481,450.75,28.5,54.014323679224
D5_BASE_13481,450.75,29.0,172.60954391831527
D5_BASE_13481,450.75,29.5,37.280682290668445
D5_BASE_13481,450.75,30.0,93.19035630611054
D5_BASE_13481,450.75,30.5,132.09200708196695
D5_BASE_13481,450.75,31.0,17.887638033234524
D5_BASE_13481,450.75,31.5,167.64257119993653
D5_BASE_13481,450.75,32.0,65.69834998298923
D5_BASE_13481,450.75,32.5,57.9769514920996
D5_BASE_13481,450.75,33.0,132.723734040078
D5_BASE_13481,450.75,33.5,79.23415818797872
D5_BASE_13481,450.75,34.0,130.32896502265976
D5_BASE_13481,450.75,34.5,18.626850944951194
D5_BASE_13481,450.75,35.0,159.92058602029817
D5_BASE_13481,450.75,35.5,93.84432906875438
D5_BASE_13481,450.75,36.0,115.10064895857654
D5_BASE_13481,450.75,36.5,1.3983243369051916
D5_BASE_13481,450.75,37.0,29.581668188495225
D5_BASE_13481,450.75,37.5,136.60955542421547
D5_BASE_13481,450.75,38.0,24.328440008373537
D5_BASE_13481,450.75,38.5,62.30129511451263
D5_BASE_13481,450.75,39.0,20.963419208435084
D5_BASE_13481,450.75,39.5,57.2791711945256
D5_BASE_13481,450.75,40.0,107.99496077849979
D5_BASE_13481,450.75,40.5,37.13392353006389
D5_BASE_13481,450.75,41.0,80.07990874360378
D5_BASE_13481,450.75,41.5,79.84247090433946
D5_BASE_13481,450.75,42.0,75.0680039930185
D5_BASE_13481,450.75,42.5,64.63063304290142
D5_BASE_13481,450.75,43.0,59.22352214784281
D5_BASE_13481,450.75,43.5,55.45654396707786
D5_BASE_13481,450.75,44.0,52.66710921393072
D5_BASE_13481,450.75,44.5,50.57410070882464
D5_BASE_13481,450.75,45.0,49.0213261834873
D5_BASE_13481,450.75,45.5,47.90907741275563
D5_BASE_13481,450.75,46.0,47.16813452955553
D5_BASE_13481,450.75,46.5,46.74768465720746
D5_BASE_13481,450.75,47.0,46.60891426372433
D5_BASE_13481,450.75,47.5,46.72127860772582
D5_BASE_13481,450.75,48.0,47.06017431959585
D5_BASE_13481,450.75,48.5,47.605408131069005
D5_BASE_13481,450.75,49.0,48.34014621892719
D5_BASE_13481,450.75,49.5,49.25016844902829
D5_BASE_13481,450.75,50.0,50.3233240625254
D5_BASE_13481,451.0,25.0,113.88469769917816
D5_BASE_13481,451.0,25.5,58.0610428897028
D5_BASE_13481,451.0,26.0,103.04558366512605
D5_BASE_13481,451.0,26.5,104.9203535850148
D5_BASE_13481,451.0,27.0,29.53429437527365
D5_BASE_13481,451.0,27.5,172.96037581163256
D5_BASE_13481,451.0,28.0,65.84577523512213
D5_BASE_13481,451.0,28.5,57.121647258794226
D5_BASE_13481,451.0,29.0,169.40269370697024
D5_BASE_13481,451.0,29.5,34.172464954066626
D5_BASE_13481,451.0,30.0,96.16942083294126
D5_BASE_13481,451.0,30.5,128.99561351605186
D5_BASE_13481,451.0,31.0,21.033317819096908
D5_BASE_13481,451.0,31.5,170.25092184751745
D5_BASE_13481,451.0,32.0,63.55898528269052
D5_BASE_13481,451.0,32.5,60.45904951290181
D5_BASE_13481,451.0,33.0,129.2143393529755
D5_BASE_13481,451.0,33.5,82.25912340650942
D5_BASE_13481,451.0,34.0,128.74004203457977
D5_BASE_13481,451.0,34.5,17.005359166156385
D5_BASE_13481,451.0,35.0,163.42657402984477
D5_BASE_13481,451.0,35.5,96.67653934566172
D5_BASE_13481,451.0,36.0,114.12960557747977
D5_BASE_13481,451.0,36.5,2.9911447509854305
D5_BASE_13481,451.0,37.0,25.37766973321147
D5_BASE_13481,451.0,37.5,135.79461437500657
D5_BASE_13481,451.0,38.0,26.80359019501119
D5_BASE_13481,451.0,38.5,66.39124516864032
D5_BASE_13481,451.0,39.0,16.463052050189944
D5_BASE_13481,451.0,39.5,56.5861916723572
D5_BASE_13481,451.0,40.0,107.86664500703236
D5_BASE_13481,451.0,40.5,36.11848156573426
D5_BASE_13481,451.0,41.0,80.16172219537223
D5_BASE_13481,451.0,41.5,79.95660395205702
D5_BASE_13481,451.0,42.0,75.29079561845025
D5_BASE_13481,451.0,42.5,64.88764651543643
D5_BASE_13481,451.0,43.0,59.48225766241126
D5_BASE_13481,451.0,43.5,55.71437426859089
D5_BASE_13481,451.0,44.0,52.92338646326097
D5_BASE_13481,451.0,44.5,50.82861384010953
D5_BASE_13481,451.0,45.0,49.27400421078408
D5_BASE_13481,451.0,45.5,48.15990183468307
D5_BASE_13481,451.0,46.0,47.417107043032765
D5_BASE_13481,451.0,46.5,46.994813630749874
D5_BASE_13481,451.0,47.0,46.85420865564886
D5_BASE_13481,451.0,47.5,46.96474516901607
D5_BASE_13481,451.0,48.0,47.30181635522195
D5_BASE_13481,451.0,48.5,47.845225037125346
D5_BASE_13481,451.0,49.0,48.57813341637469
D5_BASE_13481,451.0,49.5,49.48631752087768
D5_BASE_13481,451.0,50.0,50.55762299239459
D5_BASE_13481,451.25,25.0,124.50084054091884
D5_BASE_13481,451.25,25.5,54.490072758176076
D5_BASE_13481,451.25,26.0,108.1210490271529
D5_BASE_13481,451.25,26.5,101.39267316332901
D5_BASE_13481,451.25,27.0,33.63170086687465
D5_BASE_13481,451.25,27.5,176.5329548047437
D5_BASE_13481,451.25,28.0,62.84502227583576
D5_BASE_13481,451.25,28.5,60.231385453828324
D5_BASE_13481,451.25,29.0,166.19519522347383
D5_BASE_13481,451.25,29.5,31.067198887029676
D5_BASE_13481,451.25,30.0,99.14746989150807
D5_BASE_13481,451.25,30.5,125.89875041419295
D5_BASE_13481,451.25,31.0,24.16937410729505
D5_BASE_13481,451.25,31.5,172.84302242708296
D5_BASE_13481,451.25,32.0,61.421120635636576
D5_BASE_13481,451.25,32.5,62.95617831098337
D5_BASE_13481,451.25,33.0,125.69305539812065
D5_BASE_13481,451.25,33.5,85.24639343899634
D5_BASE_13481,451.25,34.0,127.16235177323652
D5_BASE_13481,451.25,34.5,15.371712414974745
D5_BASE_13481,451.25,35.0,166.9663105697243
D5_BASE_13481,451.25,35.5,99.45226422622869
D5_BASE_13481,451.25,36.0,113.16410839855085
D5_BASE_13481,451.25,36.5,4.607355366393681
D5_BASE_13481,451.25,37.0,21.16823135476011
D5_BASE_13481,451.25,37.5,134.99151096532464
D5_BASE_13481,451.25,38.0,29.32584813402939
D5_BASE_13481,451.25,38.5,70.45569692700803
D5_BASE_13481,451.25,39.0,11.691879146871694
D5_BASE_13481,451.25,39.5,55.86686135584019
D5_BASE_13481,451.25,40.0,107.74462226569636
D5_BASE_13481,451.25,40.5,35.050399715609345
D5_BASE_13481,451.25,41.0,80.24311873576293
D5_BASE_13481,451.25,41.5,80.07157809672262
D5_BASE_13481,451.25,42.0,75.51391605652174
D5_BASE_13481,451.25,42.5,65.14442735295675
D5_BASE_13481,451.25,43.0,59.74073630651808
D5_BASE_13481,451.25,43.5,55.971942701810356
D5_BASE_13481,451.25,44.0,53.17940055377726
D5_BASE_13481,451.25,44.5,51.082863686237445
D5_BASE_13481,451.25,45.0,49.52641928451976
D5_BASE_13481,451.25,45.5,48.41046384012417
D5_BASE_13481,451.25,46.0,47.66581777986853
D5_BASE_13481,451.25,46.5,47.24168152642571
D5_BASE_13481,451.25,47.0,47.09924270945163
D5_BASE_13481,451.25,47.5,47.20795216712572
D5_BASE_13481,451.25,48.0,47.54319963796795
D5_BASE_13481,451.25,48.5,48.08478403900416
D5_BASE_13481,451.25,49.0,48.815863601090335
D5_BASE_13481,451.25,49.5,49.722210518986856
D5_BASE_13481,451.25,50.0,50.791666839865506
D5_BASE_13481,451.5,25.0,134.83458075063623
D5_BASE_13481,451.5,25.5,50.9072724444866
D5_BASE_13481,451.5,26.0,113.17545223909548
D5_BASE_13481,451.5,26.5,97.87145230997373
D5_BASE_13481,451.5,27.0,37.74953713145369
D5_BASE_13481,451.5,27.5,179.92571928775277
D5_BASE_13481,451.5,28.0,59.851640202780246
D5_BASE_13481,451.5,28.5,63.3436661467389
D5_BASE_13481,451.5,29.0,162.98706261656162
D5_BASE_13481,451.5,29.5,27.9649293994026
D5_BASE_13481,451.5,30.0,102.12451935942957
D5_BASE_13481,451.5,30.5,122.80156047484084
D5_BASE_13481,451.5,31.0,27.29550631629508
D5_BASE_13481,451.5,31.5,175.41915339842595
D5_BASE_13481,451.5,32.0,59.28439472720154
D5_BASE_13481,451.5,32.5,65.46854147312561
D5_BASE_13481,451.5,33.0,122.16054472986298
D5_BASE_13481,451.5,33.5,88.19601656710253
D5_BASE_13481,451.5,34.0,125.59539441693093
D5_BASE_13481,451.5,34.5,13.725530721105558
D5_BASE_13481,451.5,35.0,170.53943573287907
D5_BASE_13481,451.5,35.5,102.1724052340586
D5_BASE_13481,451.5,36.0,112.20382766064036
D5_BASE_13481,451.5,36.5,6.247496324260973
D5_BASE_13481,451.5,37.0,16.957375671607966
D5_BASE_13481,451.5,37.5,134.19974872783055
D5_BASE_13481,451.5,38.0,31.89509445080715
D5_BASE_13481,451.5,38.5,74.48511984652824
D5_BASE_13481,451.5,39.0,6.639806103582186
D5_BASE_13481,451.5,39.5,55.120007507343374
D5_BASE_13481,451.5,40.0,107.62863963268086
D5_BASE_13481,451.5,40.5,33.92653366219516
D5_BASE_13481,451.5,41.0,80.32404310630447
D5_BASE_13481,451.5,41.5,80.18732319119927
D5_BASE_13481,451.5,42.0,75.7373520804252
D5_BASE_13481,451.5,42.5,65.40097565834667
D5_BASE_13481,451.5,43.0,59.998958424378976
D5_BASE_13481,451.5,43.5,56.229249652331966
D5_BASE_13481,451.5,44.0,53.435151884360764
D5_BASE_13481,451.5,44.5,51.3368506518756
D5_BASE_13481,451.5,45.0,49.77857181245173
D5_BASE_13481,451.5,45.5,48.66076383877948
D5_BASE_13481,451.5,46.0,47.91426715115599
D5_BASE_13481,451.5,46.5,47.488288756427124
D5_BASE_13481,451.5,47.0,47.34401683824118
D5_BASE_13481,451.5,47.5,47.45090001594428
D5_BASE_13481,451.5,48.0,47.78432458238776
D5_BASE_13481,451.5,48.5,48.324085551805695
D5_BASE_13481,451.5,49.0,49.05333718859734
D5_BASE_13481,451.5,49.5,49.95784785916618
D5_BASE_13481,451.5,50.0,51.02545602089061
D5_BASE_13481,451.75,25.0,144.78566709470854
D5_BASE_13481,451.75,25.5,47.30580150272932
D5_BASE_13481,451.75,26.0,118.20252082562553
D5_BASE_13481,451.75,26.5,94.35415666567886
D5_BASE_13481,451.75,27.0,41.885916806455334
D5_BASE_13481,451.75,27.5,176.41557997765102
D5_BASE_13481,451.75,28.0,56.86503270304528
D5_BASE_13481,451.75,28.5,66.45860927779259
D5_BASE_13481,451.75,29.0,159.7783136360579
D5_BASE_13481,451.75,29.5,24.865702694911818
D5_BASE_13481,451.75,30.0,105.10058294353853
D5_BASE_13481,451.75,30.5,119.70419061231811
D5_BASE_13481,451.75,31.0,30.41142325463534
D5_BASE_13481,451.75,31.5,177.97960253381066
D5_BASE_13481,451.75,32.0,57.14845059021214
D5_BASE_13481,451.75,32.5,67.99633488298552
D5_BASE_13481,451.75,33.0,118.61750266666158
D5_BASE_13481,451.75,33.5,91.1081002762541
D5_BASE_13481,451.75,34.0,124.03868080622789
D5_BASE_13481,451.75,34.5,12.06643237354661
D5_BASE_13481,451.75,35.0,174.1455425936442
D5_BASE_13481,451.75,35.5,104.83792390508789
D5_BASE_13481,451.75,36.0,111.24844099844748
D5_BASE_13481,451.75,36.5,7.912114253704248
D5_BASE_13481,451.75,37.0,12.749330528970397
D5_BASE_13481,451.75,37.5,133.41884930634683
D5_BASE_13481,451.75,38.0,34.51107885200796
D5_BASE_13481,451.75,38.5,78.47046977037924
D5_BASE_13481,451.75,39.0,1.2996751983999586
D5_BASE_13481,451.75,39.5,54.34439608923352
D5_BASE_13481,451.75,40.0,107.51845517389408
D5_BASE_13481,451.75,40.5,32.74351863262357
D5_BASE_13481,451.75,41.0,80.4044399874244
D5_BASE_13481,451.75,41.5,80.30377083733431
D5_BASE_13481,451.75,42.0,75.96109089088463
D5_BASE_13481,451.75,42.5,65.6572915373332
D5_BASE_13481,451.75,43.0,60.25692435994352
D5_BASE_13481,451.75,43.5,56.48629550510715
D5_BASE_13481,451.75,44.0,53.6906408531481
D5_BASE_13481,451.75,44.5,51.59057514090751
D5_BASE_13481,451.75,45.0,50.030462201534355
D5_BASE_13481,451.75,45.5,48.91080223953358
D5_BASE_13481,451.75,46.0,48.16245556716358
D5_BASE_13481,451.75,46.5,47.734635732113
D5_BASE_13481,451.75,47.0,47.588531454285274
D5_BASE_13481,451.75,47.5,47.693589128515455
D5_BASE_13481,451.75,48.0,48.025191602182595
D5_BASE_13481,451.75,48.5,48.563129989772015
D5_BASE_13481,451.75,49.0,49.29055459355437
D5_BASE_13481,451.75,49.5,50.19322995635801
D5_BASE_13481,451.75,50.0,51.258990950548224
D5_BASE_13481,452.0,25.0,154.28142626805902
D5_BASE_13481,452.0,25.5,43.67913886003436
D5_BASE_13481,452.0,26.0,123.19637370715309
D5_BASE_13481,452.0,26.5,90.83827572858529
D5_BASE_13481,452.0,27.0,46.038782703265404
D5_BASE_13481,452.0,27.5,172.93647159463436
D5_BASE_13481,452.0,28.0,53.88461299003527
D5_BASE_13481,452.0,28.5,69.57632705305872
D5_BASE_13481,452.0,29.0,156.5689697136852
D5_BASE_13481,452.0,29.5,21.769565797507173
D5_BASE_13481,452.0,30.0,108.07567217766024
D5_BASE_13481,452.0,30.5,116.60679183517044
D5_BASE_13481,452.0,31.0,33.51684364766749
D5_BASE_13481,452.0,31.5,179.4753357489405
D5_BASE_13481,452.0,32.0,55.01293554432567
D5_BASE_13481,452.0,32.5,70.5397464944515
D5_BASE_13481,452.0,33.0,115.06465758556685
D5_BASE_13481,452.0,33.5,93.98280764302889
D5_BASE_13481,452.0,34.0,122.4917320873411
D5_BASE_13481,452.0,34.5,10.394033849651022
D5_BASE_13481,452.0,35.0,177.78417437277625
D5_BASE_13481,452.0,35.5,107.44983249282528
D5_BASE_13481,452.0,36.0,110.29763307377245
D5_BASE_13481,452.0,36.5,9.601762123120626
D5_BASE_13481,452.0,37.0,8.548489535494467
D5_BASE_13481,452.0,37.5,132.64835155799497
D5_BASE_13481,452.0,38.0,37.173412351826556
D5_BASE_13481,452.0,38.5,82.40330186205816
D5_BASE_13481,452.0,39.0,4.331713211211515
D5_BASE_13481,452.0,39.5,53.53872835204121
D5_BASE_13481,452.0,40.0,107.41383732806236
D5_BASE_13481,452.0,40.5,31.49775426276127
D5_BASE_13481,452.0,41.0,80.48425393886829
D5_BASE_13481,452.0,41.5,80.42085426169908
D5_BASE_13481,452.0,42.0,76.18512009920425
D5_BASE_13481,452.0,42.5,65.9133750984324
D5_BASE_13481,452.0,43.0,60.51463445689114
D5_BASE_13481,452.0,43.5,56.74308064444564
D5_BASE_13481,452.0,44.0,53.94586785753306
D5_BASE_13481,452.0,44.5,51.844037556435154
D5_BASE_13481,452.0,45.0,50.28209085791979
D5_BASE_13481,452.0,45.5,49.16057945045712
D5_BASE_13481,452.0,46.0,48.41038343733698
D5_BASE_13481,452.0,46.5,47.98072286401223
D5_BASE_13481,452.0,47.0,47.83278696901571
D5_BASE_13481,452.0,47.5,47.93601991703988
D5_BASE_13481,452.0,48.0,48.26580111020453
D5_BASE_13481,452.0,48.5,48.801917766290444
D5_BASE_13481,452.0,49.0,49.52751622975991
D5_BASE_13481,452.0,49.5,50.42835722463742
D5_BASE_13481,452.0,50.0,51.49227204304563
D5_BASE_13481,452.25,25.0,163.2770659661108
D5_BASE_13481,452.25,25.5,40.02105955884598
D5_BASE_13481,452.25,26.0,128.15158931505636
D5_BASE_13481,452.25,26.5,87.32132770064736
D5_BASE_13481,452.25,27.0,50.205918644785086
D5_BASE_13481,452.25,27.5,169.4881551981
D5_BASE_13481,452.25,28.0,50.90980435593481
D5_BASE_13481,452.25,28.5,72.69692415866784
D5_BASE_13481,452.25,29.0,153.35905604601422
D5_BASE_13481,452.25,29.5,18.676566475856166
D5_BASE_13481,452.25,30.0,111.04979642220306
D5_BASE_13481,452.25,30.5,113.50951911588811
D5_BASE_13481,452.25,31.0,36.6114966292783
D5_BASE_13481,452.25,31.5,176.94536102545828
D5_BASE_13481,452.25,32.0,52.87750113602938
D5_BASE_13481,452.25,32.5,73.09895609608589
D5_BASE_13481,452.25,33.0,111.50277105686283
D5_BASE_13481,452.25,33.5,96.82035368469232
D5_BASE_13481,452.25,34.0,120.95407935895012
D5_BASE_13481,452.25,34.5,8.707949753355498
D5_BASE_13481,452.25,35.0,178.5451785518288
D5_BASE_13481,452.25,35.5,110.00918533719978
D5_BASE_13481,452.25,36.0,109.35109522115569
D5_BASE_13481,452.25,36.5,11.316999063378478
D5_BASE_13481,452.25,37.0,4.359368966006711
D5_BASE_13481,452.25,37.5,131.8878107005135
D5_BASE_13481,452.25,38.0,39.8815601161911
D5_BASE_13481,452.25,38.5,86.27586340418378
D5_BASE_13481,452.25,39.0,10.252495370961796
D5_BASE_13481,452.25,39.5,52.70163727946831
D5_BASE_13481,452.25,40.0,107.31456433125079
D5_BASE_13481,452.25,40.5,30.18538901674874
D5_BASE_13481,452.25,41.0,80.5634293400356
D5_BASE_13481,452.25,41.5,80.53850819708845
D5_BASE_13481,452.25,42.0,76.40942771111717
D5_BASE_13481,452.25,42.5,66.16922645289397
D5_BASE_13481,452.25,43.0,60.772089058627905
D5_BASE_13481,452.25,43.5,56.99960545401393
D5_BASE_13481,452.25,44.0,54.200833294168866
D5_BASE_13481,452.25,44.5,52.09723830077988
D5_BASE_13481,452.25,45.0,50.533458186960914
D5_BASE_13481,452.25,45.5,49.410095878808384
D5_BASE_13481,452.25,46.0,48.658051170300745
D5_BASE_13481,452.25,46.5,48.226550561824965
D5_BASE_13481,452.25,47.0,48.07678379302813
D5_BASE_13481,452.25,47.5,48.1781927928757
D5_BASE_13481,452.25,48.0,48.50615351845752
D5_BASE_13481,452.25,48.5,49.040449293893374
D5_BASE_13481,452.25,49.0,49.76422251015307
D5_BASE_13481,452.25,49.5,50.66323007721626
D5_BASE_13481,452.25,50.0,51.72529971172069
D5_BASE_13481,452.5,25.0,171.75286088806556
D5_BASE_13481,452.5,25.5,36.32561845235923
D5_BASE_13481,452.5,26.0,133.06326082897758
D5_BASE_13481,452.5,26.5,83.80086433257749
D5_BASE_13481,452.5,27.0,54.38496349075293
D5_BASE_13481,452.5,27.5,166.07031456004918
D5_BASE_13481,452.5,28.0,47.94004067037315
D5_BASE_13481,452.5,28.5,75.82049798035327
D5_BASE_13481,452.5,29.0,150.1486016788839
D5_BASE_13481,452.5,29.5,15.586753166147073
D5_BASE_13481,452.5,30.0,114.02296286556518
D5_BASE_13481,452.5,30.5,110.41253125192475
D5_BASE_13481,452.5,31.0,39.69512219696077
D5_BASE_13481,452.5,31.5,174.43016747563775
D5_BASE_13481,452.5,32.0,50.74180307967056
D5_BASE_13481,452.5,32.5,75.67413506660517
D5_BASE_13481,452.5,33.0,107.93263780236886
D5_BASE_13481,452.5,33.5,99.6210017055165
D5_BASE_13481,452.5,34.0,119.42526332316675
D5_BASE_13481,452.5,34.5,7.007792762956313
D5_BASE_13481,452.5,35.0,174.84308177145846
D5_BASE_13481,452.5,35.5,112.51707090268272
D5_BASE_13481,452.5,36.0,108.40852510719975
D5_BASE_13481,452.5,36.5,13.05839016129409
D5_BASE_13481,452.5,37.0,0.1865619673827713
D5_BASE_13481,452.5,37.5,131.13679750245777
D5_BASE_13481,452.5,38.0,42.63483510462511
D5_BASE_13481,452.5,38.5,90.0811646022533
D5_BASE_13481,452.5,39.0,16.45463244770476
D5_BASE_13481,452.5,39.5,51.83168389749816
D5_BASE_13481,452.5,40.0,107.22042367792616
D5_BASE_13481,452.5,40.5,28.802304363626167
D5_BASE_13481,452.5,41.0,80.6419103301045
D5_BASE_13481,452.5,41.5,80.65666876932453
D5_BASE_13481,452.5,42.0,76.63400211139839
D5_BASE_13481,452.5,42.5,66.42484571465066
D5_BASE_13481,452.5,43.0,61.029288508282235
D5_BASE_13481,452.5,43.5,57.255870316837026
D5_BASE_13481,452.5,44.0,54.455537558967606
D5_BASE_13481,452.5,44.5,52.35017777548492
D5_BASE_13481,452.5,45.0,50.78456459321228
D5_BASE_13481,452.5,45.5,49.659351931036085
D5_BASE_13481,452.5,46.0,48.90545917385998
D5_BASE_13481,452.5,46.5,48.47211923442476
D5_BASE_13481,452.5,47.0,48.32052233608504
D5_BASE_13481,452.5,47.5,48.42010816654208
D5_BASE_13481,452.5,48.0,48.74624923809999
D5_BASE_13481,452.5,48.5,49.27872498426326
D5_BASE_13481,452.5,49.0,50.00067384681608
D5_BASE_13481,452.5,49.5,50.89784892644342
D5_BASE_13481,452.5,50.0,51.95807436904461
D5_BASE_13481,452.75,25.0,179.7095511322089
D5_BASE_13481,452.75,25.5,32.58714077381173
D5_BASE_13481,452.75,26.0,137.92703787368552
D5_BASE_13481,452.75,26.5,80.27447587179256
D5_BASE_13481,452.75,27.0,58.57342722734318
D5_BASE_13481,452.75,27.5,162.6825621489155
D5_BASE_13481,452.75,28.0,44.974766829491614
D5_BASE_13481,452.75,28.5,78.94713882723819
D5_BASE_13481,452.75,29.0,146.9376395926044
D5_BASE_13481,452.75,29.5,12.500174893359073
D5_BASE_13481,452.75,30.0,116.99517652737636
D5_BASE_13481,452.75,30.5,107.31599071798965
D5_BASE_13481,452.75,31.0,42.76747162888159
D5_BASE_13481,452.75,31.5,171.92944446615218
D5_BASE_13481,452.75,32.0,48.60550119989893
D5_BASE_13481,452.75,32.5,78.26544612132051
D5_BASE_13481,452.75,33.0,104.35508546188791
D5_BASE_13481,452.75,33.5,102.3850596707277
D5_BASE_13481,452.75,34.0,117.90483394124406
D5_BASE_13481,452.75,34.5,5.293173588853651
D5_BASE_13481,452.75,35.0,171.11016008655662
D5_BASE_13481,452.75,35.5,114.97460448029895
D5_BASE_13481,452.75,36.0,107.46962640288305
D5_BASE_13481,452.75,36.5,14.826506221763124
D5_BASE_13481,452.75,37.0,3.9653088835372414
D5_BASE_13481,452.75,37.5,130.39489751406305
D5_BASE_13481,452.75,38.0,45.432392696814276
D5_BASE_13481,452.75,38.5,93.81302674968921
D5_BASE_13481,452.75,39.0,22.922906146314993
D5_BASE_13481,452.75,39.5,50.92735345878036
D5_BASE_13481,452.75,40.0,107.13121161589376
D5_BASE_13481,452.75,40.5,27.34409899338486
D5_BASE_13481,452.75,41.0,80.71964074780844
D5_BASE_13481,452.75,41.5,80.77527338891171
D5_BASE_13481,452.75,42.0,76.85883204919142
D5_BASE_13481,452.75,42.5,66.68023300026597
D5_BASE_13481,452.75,43.0,61.28623314870092
D5_BASE_13481,452.75,43.5,57.51187561529807
D5_BASE_13481,452.75,44.0,54.70998104710338
D5_BASE_13481,452.75,44.5,52.60285638131574
D5_BASE_13481,452.75,45.0,51.035410480431615
D5_BASE_13481,452.75,45.5,49.90834801277973
D5_BASE_13481,452.75,46.0,49.15260785500284
D5_BASE_13481,452.75,46.5,48.717429289860426
D5_BASE_13481,452.75,47.0,48.56400300711766
D5_BASE_13481,452.75,47.5,48.66176644771967
D5_BASE_13481,452.75,48.0,48.986088679446254
D5_BASE_13481,452.75,48.5,49.516745248232
D5_BASE_13481,452.75,49.0,50.23687065097604
D5_BASE_13481,452.75,49.5,51.13221418380757
D5_BASE_13481,452.75,50.0,52.19059642662363
D5_BASE_13481,453.0,25.0,172.8368236213516
D5_BASE_13481,453.0,25.5,28.800219550149286
D5_BASE_13481,453.0,26.0,142.73915461149355
D5_BASE_13481,453.0,26.5,76.73979621252512
D5_BASE_13481,453.0,27.0,62.76870894012837
D5_BASE_13481,453.0,27.5,159.3244450530914
D5_BASE_13481,453.0,28.0,42.01343915931699
D5_BASE_13481,453.0,28.5,82.07693015879043
D5_BASE_13481,453.0,29.0,143.7262067872111
D5_BASE_13481,453.0,29.5,9.416881191158879
D5_BASE_13481,453.0,30.0,119.96644026357737
D5_BASE_13481,453.0,30.5,104.22006350961892
D5_BASE_13481,453.0,31.0,45.82830786186409
D5_BASE_13481,453.0,31.5,169.442877104728
D5_BASE_13481,453.0,32.0,46.468259375873984
D5_BASE_13481,453.0,32.5,80.87304304947003
D5_BASE_13481,453.0,33.0,100.77097415363632
D5_BASE_13481,453.0,33.5,105.11287663511982
D5_BASE_13481,453.0,34.0,116.39235009452908
D5_BASE_13481,453.0,34.5,3.5637009417142878
D5_BASE_13481,453.0,35.0,167.34710083034398
D5_BASE_13481,453.0,35.5,117.38292153916808
D5_BASE_13481,453.0,36.0,106.53410846821473
D5_BASE_13481,453.0,36.5,16.621923496886357
D5_BASE_13481,453.0,37.0,8.091639552428338
D5_BASE_13481,453.0,37.5,129.66171033664466
D5_BASE_13481,453.0,38.0,48.27322649408656
D5_BASE_13481,453.0,38.5,97.4661082383231
D5_BASE_13481,453.0,39.0,29.634166830237586
D5_BASE_13481,453.0,39.5,49.98705151826776
D5_BASE_13481,453.0,40.0,107.04673267267381
D5_BASE_13481,453.0,40.5,25.806073457579856
D5_BASE_13481,453.0,41.0,80.79656407072916
D5_BASE_13481,453.0,41.5,80.89426064714006
D5_BASE_13481,453.0,42.0,77.08390662401906
D5_BASE_13481,453.0,42.5,66.93538842888383
D5_BASE_13481,453.0,43.0,61.54292332244692
D5_BASE_13481,453.0,43.5,57.76762173113937
D5_BASE_13481,453.0,44.0,54.96416415301251
D5_BASE_13481,453.0,44.5,52.85527451826338
D5_BASE_13481,453.0,45.0,51.28599625158288
D5_BASE_13481,453.0,45.5,50.15708452887254
D5_BASE_13481,453.0,46.0,49.39949761990184
D5_BASE_13481,453.0,46.5,48.962481135357635
D5_BASE_13481,453.0,47.0,48.807226214227576
D5_BASE_13481,453.0,47.5,48.9031680452543
D5_BASE_13481,453.0,48.0,49.225672251969705
D5_BASE_13481,453.0,48.5,49.754510495784764
D5_BASE_13481,453.0,49.0,50.47281333300702
D5_BASE_13481,453.0,49.5,51.36632625994049
D5_BASE_13481,453.0,50.0,52.42286629520108
D5_BASE_13481,453.25,25.0,165.85978953973705
D5_BASE_13481,453.25,25.5,24.95971986457047
D5_BASE_13481,453.25,26.0,147.49644470623647
D5_BASE_13481,453.25,26.5,73.19450834148167
D5_BASE_13481,453.25,27.0,66.96811643465237
D5_BASE_13481,453.25,27.5,155.99545079164565
D5_BASE_13481,453.25,28.0,39.05552577705263
D5_BASE_13481,453.25,28.5,85.20994881386626
D5_BASE_13481,453.25,29.0,140.5143443670201
D5_BASE_13481,453.25,29.5,6.336922020596186
D5_BASE_13481,453.25,30.0,122.93675477335813
D5_BASE_13481,453.25,30.5,101.12491897807472
D5_BASE_13481,453.25,31.0,48.877405829487884
D5_BASE_13481,453.25,31.5,166.97014676639805
D5_BASE_13481,453.25,32.0,44.32974548756738
D5_BASE_13481,453.25,32.5,83.4970704423522
D5_BASE_13481,453.25,33.0,97.18119581616968
D5_BASE_13481,453.25,33.5,107.80483924966747
D5_BASE_13481,453.25,34.0,114.88737925106474
D5_BASE_13481,453.25,34.5,1.818981511540398
D5_BASE_13481,453.25,35.0,163.5546572391622
D5_BASE_13481,453.25,35.5,119.74317170614727
D5_BASE_13481,453.25,36.0,105.60168604860047
D5_BASE_13481,453.25,36.5,18.445223380416486
D5_BASE_13481,453.25,37.0,12.187891912203767
D5_BASE_13481,453.25,37.5,128.93684892849907
D5_BASE_13481,453.25,38.0,51.15616548414212
D5_BASE_13481,453.25,38.5,101.03590986053005
D5_BASE_13481,453.25,39.0,36.55699531142515
D5_BASE_13481,453.25,39.5,49.00909992198744
D5_BASE_13481,453.25,40.0,106.96679921106458
D5_BASE_13481,453.25,40.5,24.18321574929641
D5_BASE_13481,453.25,41.0,80.87262335397247
D5_BASE_13481,453.25,41.5,81.01357021624906
D5_BASE_13481,453.25,42.0,77.30921527243179
D5_BASE_13481,453.25,42.5,67.1903121221802
D5_BASE_13481,453.25,43.0,61.7993593717938
D5_BASE_13481,453.25,43.5,58.02310904546273
D5_BASE_13481,453.25,44.0,55.21808727039534
D5_BASE_13481,453.25,44.5,53.107432585544444
D5_BASE_13481,453.25,45.0,51.536322308836375
D5_BASE_13481,453.25,45.5,50.40556188334357
D5_BASE_13481,453.25,46.0,49.646128873916076
D5_BASE_13481,453.25,46.5,49.20727517732179
D5_BASE_13481,453.25,47.0,49.05019236468895
D5_BASE_13481,453.25,47.5,49.14431336715738
D5_BASE_13481,453.25,48.0,49.46500036430321
D5_BASE_13481,453.25,48.5,49.99202113606093
D5_BASE_13481,453.25,49.0,50.7085023024329
D5_BASE_13481,453.25,49.5,51.600185564616716
D5_BASE_13481,453.25,50.0,52.65488438465998
D5_BASE_13481,453.5,25.0,159.32653617174537
D5_BASE_13481,453.5,25.5,21.060789985194145
D5_BASE_13481,453.5,26.0,152.19634408770105
D5_BASE_13481,453.5,26.5,69.63635016600311
D5_BASE_13481,453.5,27.0,71.1688872189569
D5_BASE_13481,453.5,27.5,152.69501296815812
D5_BASE_13481,453.5,28.0,36.10050691361471
D5_BASE_13481,453.5,28.5,88.34626524071624
D5_BASE_13481,453.5,29.0,137.30209762370896
D5_BASE_13481,453.5,29.5,3.260347687775766
D5_BASE_13481,453.5,30.0,125.90611860795117
D5_BASE_13481,453.5,30.5,98.03072965667216
D5_BASE_13481,453.5,31.0,51.914552759790645
D5_BASE_13481,453.5,31.5,164.51093159208165
D5_BASE_13481,453.5,32.0,42.18963136446978
D5_BASE_13481,453.5,32.5,86.13766341218253
D5_BASE_13481,453.5,33.0,93.58667332133994
D5_BASE_13481,453.5,33.5,110.46136836590216
D5_BASE_13481,453.5,34.0,113.38949713817568
D5_BASE_13481,453.5,34.5,0.058619958175311744
D5_BASE_13481,453.5,35.0,159.73365182543793
D5_BASE_13481,453.5,35.5,122.05651334675125
D5_BASE_13481,453.5,36.0,104.67207898232179
D5_BASE_13481,453.5,36.5,20.296992065839664
D5_BASE_13481,453.5,37.0,16.249639390727594
D5_BASE_13481,453.5,37.5,128.21993894535885
D5_BASE_13481,453.5,38.0,54.079872749778836
D5_BASE_13481,453.5,38.5,104.51876159507015
D5_BASE_13481,453.5,39.0,43.65192763436959
D5_BASE_13481,453.5,39.5,47.9917327380281
D5_BASE_13481,453.5,40.0,106.89123101182092
D5_BASE_13481,453.5,40.5,22.47018849937572
D5_BASE_13481,453.5,41.0,80.94776116808555
D5_BASE_13481,453.5,41.5,81.13314275329435
D5_BASE_13481,453.5,42.0,77.53474775526907
D5_BASE_13481,453.5,42.5,67.44500420431267
D5_BASE_13481,453.5,43.0,62.055541638724065
D5_BASE_13481,453.5,43.5,58.27833793872955
D5_BASE_13481,453.5,44.0,55.471750792217584
D5_BASE_13481,453.5,44.5,53.35933098160376
D5_BASE_13481,453.5,45.0,51.786389053571796
D5_BASE_13481,453.5,45.5,50.653780479417954
D5_BASE_13481,453.5,46.0,49.892502021592755
D5_BASE_13481,453.5,46.5,49.451811821338616
D5_BASE_13481,453.5,47.0,49.292901864950075
D5_BASE_13481,453.5,47.5,49.385202820608924
D5_BASE_13481,453.5,48.0,49.70407342424293
D5_BASE_13481,453.5,48.5,50.22927757735655
D5_BASE_13481,453.5,49.0,50.94393796792867
D5_BASE_13481,453.5,49.5,51.83379250675797
D5_BASE_13481,453.5,50.0,52.88665110402435
D5_BASE_13481,453.75,25.0,153.2010919985377
D5_BASE_13481,453.75,25.5,17.098879362860732
D5_BASE_13481,453.75,26.0,156.83688279360612
D5_BASE_13481,453.75,26.5,66.06312080443821
D5_BASE_13481,453.75,27.0,75.36821051989308
D5_BASE_13481,453.75,27.5,149.42251673159524
D5_BASE_13481,453.75,28.0,33.14787520044457
D5_BASE_13481,453.75,28.5,91.4859437268344
D5_BASE_13481,453.75,29.0,134.08951611712828
D5_BASE_13481,453.75,29.5,0.18720876067857584
D5_BASE_13481,453.75,30.0,128.87452818129816
D5_BASE_13481,453.75,30.5,94.93767107866616
D5_BASE_13481,453.75,31.0,54.93954843230483
D5_BASE_13481,453.75,31.5,162.0649069599462
D5_BASE_13481,453.75,32.0,40.047592736981414
D5_BASE_13481,453.75,32.5,88.79494730157515
D5_BASE_13481,453.75,33.0,89.98835935016037
D5_BASE_13481,453.75,33.5,113.08291575442311
D5_BASE_13481,453.75,34.0,111.89828742129797
D5_BASE_13481,453.75,34.5,1.7177810861822655
D5_BASE_13481,453.75,35.0,155.88497970195743
D5_BASE_13481,453.75,35.5,124.32410871661067
D5_BASE_13481,453.75,36.0,103.74501191854925
D5_BASE_13481,453.75,36.5,22.177820166415426
D5_BASE_13481,453.75,37.0,20.27260986866257
D5_BASE_13481,453.75,37.5,127.51061811354421
D5_BASE_13481,453.75,38.0,57.0428458884182
D5_BASE_13481,453.75,38.5,107.91179357668828
D5_BASE_13481,453.75,39.0,50.872343557592195
D5_BASE_13481,453.75,39.5,46.9330921675263
D5_BASE_13481,453.75,40.0,106.81985488154551
D5_BASE_13481,453.75,40.5,20.66131866636095
D5_BASE_13481,453.75,41.0,81.0219195360774
D5_BASE_13481,453.75,41.5,81.2529198073706
D5_BASE_13481,453.75,42.0,77.7604941454951
D5_BASE_13481,453.75,42.5,67.69946480187484
D5_BASE_13481,453.75,43.0,62.311470464924554
D5_BASE_13481,453.75,43.5,58.533308790761055
D5_BASE_13481,453.75,44.0,55.72515511071117
D5_BASE_13481,453.75,44.5,53.6109701041152
D5_BASE_13481,453.75,45.0,52.036196886379436
D5_BASE_13481,453.75,45.5,50.90174071952012
D5_BASE_13481,453.75,46.0,50.13861746666916
D5_BASE_13481,453.75,46.5,49.69609147217734
D5_BASE_13481,453.75,47.0,49.53535512063592
D5_BASE_13481,453.75,47.5,49.625836811958834
D5_BASE_13481,453.75,48.0,49.942891838748025
D5_BASE_13481,453.75,48.5,50.466280227126454
D5_BASE_13481,453.75,49.0,51.17912073732217
D5_BASE_13481,453.75,49.5,52.0671474944338
D5_BASE_13481,453.75,50.0,53.118166861462356
D5_BASE_13481,454.0,25.0,147.44661977446953
D5_BASE_13481,454.0,25.5,13.069763453963644
D5_BASE_13481,454.0,26.0,161.41666740322063
D5_BASE_13481,454.0,26.5,62.47268741012792
D5_BASE_13481,454.0,27.0,79.56324997193936
D5_BASE_13481,454.0,27.5,146.1773040155695
D5_BASE_13481,454.0,28.0,30.19713592336745
D5_BASE_13481,454.0,28.5,94.62904262749909
D5_BASE_13481,454.0,29.0,130.8766537530323
D5_BASE_13481,454.0,29.5,2.8824440146794976
D5_BASE_13481,454.0,30.0,131.84197778258925
D5_BASE_13481,454.0,30.5,91.84592158688469
D5_BASE_13481,454.0,31.0,57.95220539445126
D5_BASE_13481,454.0,31.5,159.63174593011885
D5_BASE_13481,454.0,32.0,37.90330919076625
D5_BASE_13481,454.0,32.5,91.46903738356957
D5_BASE_13481,454.0,33.0,86.3872350260843
D5_BASE_13481,454.0,33.5,115.66996095075746
D5_BASE_13481,454.0,34.0,110.41334138925458
D5_BASE_13481,454.0,34.5,3.5106210018473636
D5_BASE_13481,454.0,35.0,152.0096117990802
D5_BASE_13481,454.0,35.5,126.54711965007415
D5_BASE_13481,454.0,36.0,102.82021404534507
D5_BASE_13481,454.0,36.5,24.08830229549969
D5_BASE_13481,454.0,37.0,24.252724913249597
D5_BASE_13481,454.0,37.5,126.80853563404358
D5_BASE_13481,454.0,38.0,60.043419288615965
D5_BASE_13481,454.0,38.5,111.21289422330652
D5_BASE_13481,454.0,39.0,58.166033936997756
D5_BASE_13481,454.0,39.5,45.83122448394386
D5_BASE_13481,454.0,40.0,106.75250428402829
D5_BASE_13481,454.0,40.5,18.750590843058458
D5_BASE_13481,454.0,41.0,81.09503986940011
D5_BASE_13481,454.0,41.5,81.37284372988313
D5_BASE_13481,454.0,42.0,77.9864448165814
D5_BASE_13481,454.0,42.5,67.95369404384832
D5_BASE_13481,454.0,43.0,62.56714619178339
D5_BASE_13481,454.0,43.5,58.78802198074024
D5_BASE_13481,454.0,44.0,55.9783006173763
D5_BASE_13481,454.0,44.5,53.86235034998459
D5_BASE_13481,454.0,45.0,52.28574620706225
D5_BASE_13481,454.0,45.5,51.14944300527556
D5_BASE_13481,454.0,46.0,50.38447561207506
D5_BASE_13481,454.0,46.5,49.94011453379108
D5_BASE_13481,454.0,47.0,49.777552536549265
D5_BASE_13481,454.0,47.5,49.86621574672936
D5_BASE_13481,454.0,48.0,50.181456013945095
D5_BASE_13481,454.0,48.5,50.70302949198649
D5_BASE_13481,454.0,49.0,51.41405101759697
D5_BASE_13481,454.0,49.5,52.3002509348643
D5_BASE_13481,454.0,50.0,53.349432064287626
D5_BASE_13481,454.25,25.0,142.02696845600192
D5_BASE_13481,454.25,25.5,8.969575238139873
D5_BASE_13481,454.25,26.0,165.9348557056596
D5_BASE_13481,454.25,26.5,58.86299259076432
D5_BASE_13481,454.25,27.0,83.75116659525347
D5_BASE_13481,454.25,27.5,142.95867853413392
D5_BASE_13481,454.25,28.0,27.247807245994792
D5_BASE_13481,454.25,28.5,97.77561459185402
D5_BASE_13481,454.25,29.0,127.66356885690554
D5_BASE_13481,454.25,29.5,5.948559798569686
D5_BASE_13481,454.25,30.0,134.80845959068685
D5_BASE_13481,454.25,30.5,88.75566213533286
D5_BASE_13481,454.25,31.0,60.952349137535236
D5_BASE_13481,454.25,31.5,157.2111196633821
D5_BASE_13481,454.25,32.0,35.75646412430442
D5_BASE_13481,454.25,32.5,94.16003855211459
D5_BASE_13481,454.25,33.0,82.78430830310533
D5_BASE_13481,454.25,33.5,118.22300823886471
D5_BASE_13481,454.25,34.0,108.93425764612284
D5_BASE_13481,454.25,34.5,5.32030115324054
D5_BASE_13481,454.25,35.0,148.10859790984387
D5_BASE_13481,454.25,35.5,128.7267037509681
D5_BASE_13481,454.25,36.0,101.89741882712336
D5_BASE_13481,454.25,36.5,26.02903660550625
D5_BASE_13481,454.25,37.0,28.186134586760073
D5_BASE_13481,454.25,37.5,126.1133516158409
D5_BASE_13481,454.25,38.0,63.07976838224336
D5_BASE_13481,454.25,38.5,114.42065855796903
D5_BASE_13481,454.25,39.0,65.47735275073384
D5_BASE_13481,454.25,39.5,44.684076061526106
D5_BASE_13481,454.25,40.0,106.68901899341586
D5_BASE_13481,454.25,40.5,16.73164559891679
D5_BASE_13481,454.25,41.0,81.16706290273898
D5_BASE_13481,454.25,41.5,81.49285758754745
D5_BASE_13481,454.25,42.0,78.21259043140495
D5_BASE_13481,454.25,42.5,68.20769206155808
D5_BASE_13481,454.25,43.0,62.82256916038681
D5_BASE_13481,454.25,43.5,59.0424778872106
D5_BASE_13481,454.25,44.0,56.23118770298175
D5_BASE_13481,454.25,44.5,54.11347211534936
D5_BASE_13481,454.25,45.0,52.53503741463616
D5_BASE_13481,454.25,45.5,51.39688773751131
D5_BASE_13481,454.25,46.0,50.63007685993321
D5_BASE_13481,454.25,46.5,50.18388140932091
D5_BASE_13481,454.25,47.0,50.01949451667369
D5_BASE_13481,454.25,47.5,50.10634002961671
D5_BASE_13481,454.25,48.0,50.41976635512841
D5_BASE_13481,454.25,48.5,50.93952577771467
D5_BASE_13481,454.25,49.0,51.64872921489431
D5_BASE_13481,454.25,49.5,52.53310323442189
D5_BASE_13481,454.25,50.0,53.580447118961516
D5_BASE_13481,454.5,25.0,136.9076458360647
D5_BASE_13481,454.5,25.5,4.794843170017248
D5_BASE_13481,454.5,26.0,170.39112527748762
D5_BASE_13481,454.5,26.5,55.232062473645215
D5_BASE_13481,454.5,27.0,87.92914166988393
D5_BASE_13481,454.5,27.5,139.76591051839674
D5_BASE_13481,454.5,28.0,24.299420404909725
D5_BASE_13481,454.5,28.5,100.92570678536732
D5_BASE_13481,454.5,29.0,124.45032424306056
D5_BASE_13481,454.5,29.5,9.011087742162658
D5_BASE_13481,454.5,30.0,137.77396369043086
D5_BASE_13481,454.5,30.5,85.66707608304289
D5_BASE_13481,454.5,31.0,63.93981823284991
D5_BASE_13481,454.5,31.5,154.8026978145832
D5_BASE_13481,454.5,32.0,33.606744709892965
D5_BASE_13481,454.5,32.5,96.86804500293475
D5_BASE_13481,454.5,33.0,79.18061210920382
D5_BASE_13481,454.5,33.5,120.74258377992237
D5_BASE_13481,454.5,34.0,107.46064180979825
D5_BASE_13481,454.5,34.5,7.147224846502543
D5_BASE_13481,454.5,35.0,144.18306949188403
D5_BASE_13481,454.5,35.5,130.86401104982835
D5_BASE_13481,454.5,36.0,100.97636375107241
D5_BASE_13481,454.5,36.5,28.00062428388286
D5_BASE_13481,454.5,37.0,32.06924724573157
D5_BASE_13481,454.5,37.5,125.42473653688847
D5_BASE_13481,454.5,38.0,66.14991595699
D5_BASE_13481,454.5,38.5,117.5343296523779
D5_BASE_13481,454.5,39.0,72.74975128445185
D5_BASE_13481,454.5,39.5,43.48948956884206
D5_BASE_13481,454.5,40.0,106.62924476770877
D5_BASE_13481,454.5,40.5,14.597784629691333
D5_BASE_13481,454.5,41.0,81.23792862746768
D5_BASE_13481,454.5,41.5,81.6129050778471
D5_BASE_13481,454.5,42.0,78.43892193164066
D5_BASE_13481,454.5,42.5,68.46145898862648
D5_BASE_13481,454.5,43.0,63.07773971151615
D5_BASE_13481,454.5,43.5,59.29667688807772
D5_BASE_13481,454.5,44.0,56.48381675756793
D5_BASE_13481,454.5,44.5,54.36433579558259
D5_BASE_13481,454.5,45.0,52.78407090733415
D5_BASE_13481,454.5,45.5,51.644075316259624
D5_BASE_13481,454.5,46.0,50.87542161156337
D5_BASE_13481,454.5,46.5,50.42739250109508
D5_BASE_13481,454.5,47.0,50.261181464174136
D5_BASE_13481,454.5,47.5,50.34621006449292
D5_BASE_13481,454.5,48.0,50.65782326676254
D5_BASE_13481,454.5,48.5,51.17576948925392
D5_BASE_13481,454.5,49.0,51.88315573451449
D5_BASE_13481,454.5,49.5,52.76570479863368
D5_BASE_13481,454.5,50.0,53.811212431095534
D5_BASE_13481,454.75,25.0,132.05636609753688
D5_BASE_13481,454.75,25.5,0.5425351242038196
D5_BASE_13481,454.75,26.0,174.78563759425103
D5_BASE_13481,454.75,26.5,51.57801545419622
D5_BASE_13481,454.75,27.0,92.09439911601748
D5_BASE_13481,454.75,27.5,136.59824118368832
D5_BASE_13481,454.75,28.0,21.3515198786388
D5_BASE_13481,454.75,28.5,104.07936110750592
D5_BASE_13481,454.75,29.0,121.23698727817165
D5_BASE_13481,454.75,29.5,12.069977072244564
D5_BASE_13481,454.75,30.0,140.7384780908337
D5_BASE_13481,454.75,30.5,82.5803489804891
D5_BASE_13481,454.75,31.0,66.91446442859643
D5_BASE_13481,454.75,31.5,152.4061489015184
D5_BASE_13481,454.75,32.0,31.45384185830413
D5_BASE_13481,454.75,32.5,99.59313990472415
D5_BASE_13481,454.75,33.0,75.57720224894409
D5_BASE_13481,454.75,33.5,123.22923289163732
D5_BASE_13481,454.75,34.0,105.99210621731282
D5_BASE_13481,454.75,34.5,8.991797272381818
D5_BASE_13481,454.75,35.0,140.2342421499773
D5_BASE_13481,454.75,35.5,132.9601810919253
D5_BASE_13481,454.75,36.0,100.0567900820526
D5_BASE_13481,454.75,36.5,30.003669004533652
D5_BASE_13481,454.75,37.0,35.89875393782856
D5_BASE_13481,454.75,37.5,124.74237073121111
D5_BASE_13481,454.75,38.0,69.2517405736167
D5_BASE_13481,454.75,38.5,120.55373587809964
D5_BASE_13481,454.75,39.0,79.92841530433257
D5_BASE_13481,454.75,39.5,42.24520042112533
D5_BASE_13481,454.75,40.0,106.57303304120606
D5_BASE_13481,454.75,40.5,12.341984896472445
D5_BASE_13481,454.75,41.0,81.30757622360571
D5_BASE_13481,454.75,41.5,81.73293044666256
D5_BASE_13481,454.75,42.0,78.66543052761664
D5_BASE_13481,454.75,42.5,68.71499496093048
D5_BASE_13481,454.75,43.0,63.332658185643815
D5_BASE_13481,454.75,43.5,59.55061936060922
D5_BASE_13481,454.75,44.0,56.73618817044633
D5_BASE_13481,454.75,44.5,54.61494178529209
D5_BASE_13481,454.75,45.0,53.0328470826064
D5_BASE_13481,454.75,45.5,51.89100614075839
D5_BASE_13481,454.75,46.0,51.12051026748142
D5_BASE_13481,454.75,46.5,50.67064821063312
D5_BASE_13481,454.75,47.0,50.502613781400164
D5_BASE_13481,454.75,47.5,50.58582625440837
D5_BASE_13481,454.75,48.0,50.895627152484494
D5_BASE_13481,454.75,48.5,51.41176103071413
D5_BASE_13481,454.75,49.0,52.11733098091932
D5_BASE_13481,454.75,49.5,52.998056032183186
D5_BASE_13481,454.75,50.0,54.04172840545308
D5_BASE_13481,455.0,25.0,127.44330073636159
D5_BASE_13481,455.0,25.5,3.7898923394485258
D5_BASE_13481,455.0,26.0,179.1189991872642
D5_BASE_13481,455.0,26.5,47.8990716497735
D5_BASE_13481,455.0,27.0,96.24422700565827
D5_BASE_13481,455.0,27.5,133.45488692178253
D5_BASE_13481,455.0,28.0,18.40366353217941
D5_BASE_13481,455.0,28.5,107.23661440347125
D5_BASE_13481,455.0,29.0,118.02362993841965
D5_BASE_13481,455.0,29.5,15.125177175844406
D5_BASE_13481,455.0,30.0,143.7019887451602
D5_BASE_13481,455.0,30.5,79.49566834892694
D5_BASE_13481,455.0,31.0,69.87615270854857
D5_BASE_13481,455.0,31.5,150.02114065012063
D5_BASE_13481,455.0,32.0,29.297450187316635
D5_BASE_13481,455.0,32.5,102.33539506062591
D5_BASE_13481,455.0,33.0,71.9751550724201
D5_BASE_13481,455.0,33.5,125.68351748119579
D5_BASE_13481,455.0,34.0,104.52826963693354
D5_BASE_13481,455.0,34.5,10.854425433591357
D5_BASE_13481,455.0,35.0,136.2634177191147
D5_BASE_13481,455.0,35.5,135.0163404209924
D5_BASE_13481,455.0,36.0,99.13844262551522
D5_BASE_13481,455.0,36.5,32.0387763331621
D5_BASE_13481,455.0,37.0,39.671647196414405
D5_BASE_13481,455.0,37.5,124.06594390069935
D5_BASE_13481,455.0,38.0,72.38298708718341
D5_BASE_13481,455.0,38.5,123.47922632399519
D5_BASE_13481,455.0,39.0,86.96270463927253
D5_BASE_13481,455.0,39.5,40.9488336061601
D5_BASE_13481,455.0,40.0,106.52024063461089
D5_BASE_13481,455.0,40.5,9.956924403128404
D5_BASE_13481,455.0,41.0,81.37594399012166
D5_BASE_13481,455.0,41.5,81.85287840781561
D5_BASE_13481,455.0,42.0,78.89210768861193
D5_BASE_13481,455.0,42.5,68.96830011655797
D5_BASE_13481,455.0,43.0,63.587324922930904
D5_BASE_13481,455.0,43.5,59.80430568143549
D5_BASE_13481,455.0,44.0,56.988302330201776
D5_BASE_13481,455.0,44.5,54.86529047832415
D5_BASE_13481,455.0,45.0,53.28136633712265
D5_BASE_13481,455.0,45.5,52.13768060945334
D5_BASE_13481,455.0,46.0,51.36534322740393
D5_BASE_13481,455.0,46.5,50.91364893864676
D5_BASE_13481,455.0,47.0,50.74379186988668
D5_BASE_13481,455.0,47.5,50.82518900159308
D5_BASE_13481,455.0,48.0,51.133178415105284
D5_BASE_13481,455.0,48.5,51.64750080537355
D5_BASE_13481,455.0,49.0,52.35125535773442
D5_BASE_13481,455.0,49.5,53.230157338912484
D5_BASE_13481,455.0,50.0,54.27199544595166
D5_BASE_13481,455.25,25.0,123.04113215805376
D5_BASE_13481,455.25,25.5,8.204440347528406
D5_BASE_13481,455.25,26.0,176.60777880079976
D5_BASE_13481,455.25,26.5,44.19356306292679
D5_BASE_13481,455.25,27.0,100.3759978584215
D5_BASE_13481,455.25,27.5,130.33504321679501
D5_BASE_13481,455.25,28.0,15.455422738636988
D5_BASE_13481,455.25,28.5,110.39749866884476
D5_BASE_13481,455.25,29.0,114.81032885942662
D5_BASE_13481,455.25,29.5,18.176637684586122
D5_BASE_13481,455.25,30.0,146.6644795728963
D5_BASE_13481,455.25,30.5,76.41322345306472
D5_BASE_13481,455.25,31.0,72.8247613135739
D5_BASE_13481,455.25,31.5,147.64734031680993
D5_BASE_13481,455.25,32.0,27.137267994312513
D5_BASE_13481,455.25,32.5,105.09487055998726
D5_BASE_13481,455.25,33.0,68.37556492117486
D5_BASE_13481,455.25,33.5,128.10601363310278
D5_BASE_13481,455.25,34.0,103.06875698703689
D5_BASE_13481,455.25,34.5,12.735518055790624
D5_BASE_13481,455.25,35.0,132.27198586564214
D5_BASE_13481,455.25,35.5,137.0336004245991
D5_BASE_13481,455.25,36.0,98.22106949800072
D5_BASE_13481,455.25,36.5,34.10655308507573
D5_BASE_13481,455.25,37.0,43.3852342182854
D5_BASE_13481,455.25,37.5,123.39515465022802
D5_BASE_13481,455.25,38.0,75.54127922228164
D5_BASE_13481,455.25,38.5,126.31160636410847
D5_BASE_13481,455.25,39.0,93.80813538970921
D5_BASE_13481,455.25,39.5,39.59790102307233
D5_BASE_13481,455.25,40.0,106.47072948162104
D5_BASE_13481,455.25,40.5,7.435022774726821
D5_BASE_13481,455.25,41.0,81.4429692734156
D5_BASE_13481,455.25,41.5,81.97269406427559
D5_BASE_13481,455.25,42.0,79.11894513357481
D5_BASE_13481,455.25,42.5,69.22137459576469
D5_BASE_13481,455.25,43.0,63.84174026322432
D5_BASE_13481,455.25,43.5,60.05773622655051
D5_BASE_13481,455.25,44.0,57.24015962469369
D5_BASE_13481,455.25,44.5,55.11538226776359
D5_BASE_13481,455.25,45.0,53.52962906677296
D5_BASE_13481,455.25,45.5,52.38409912000001
D5_BASE_13481,455.25,46.0,51.60992089024764
D5_BASE_13481,455.25,46.5,51.15639508504144
D5_BASE_13481,455.25,47.0,50.98471613035677
D5_BASE_13481,455.25,47.5,51.06429870745903
D5_BASE_13481,455.25,48.0,51.370477456611894
D5_BASE_13481,455.25,48.5,51.88298921568125
D5_BASE_13481,455.25,49.0,52.58492926775084
D5_BASE_13481,455.25,49.5,53.46200912182455
D5_BASE_13481,455.25,50.0,54.50201395566477
D5_BASE_13481,455.5,25.0,118.82498279821938
D5_BASE_13481,455.5,25.5,12.702511010707212
D5_BASE_13481,455.5,26.0,172.39332149267028
D5_BASE_13481,455.5,26.5,40.45994443777789
D5_BASE_13481,455.5,27.0,104.48718741181918
D5_BASE_13481,455.5,27.5,127.23788828685761
D5_BASE_13481,455.5,28.0,12.50638247931966
D5_BASE_13481,455.5,28.5,113.56204124601662
D5_BASE_13481,455.5,29.0,111.59716537817565
D5_BASE_13481,455.5,29.5,21.224308558574418
D5_BASE_13481,455.5,30.0,149.62593248359664
D5_BASE_13481,455.5,30.5,73.33320506751541
D5_BASE_13481,455.5,31.0,75.76018172729005
D5_BASE_13481,455.5,31.5,145.2844149888864
D5_BASE_13481,455.5,32.0,24.972997233124858
D5_BASE_13481,455.5,32.5,107.87161442041605
D5_BASE_13481,455.5,33.0,64.77954136513212
D5_BASE_13481,455.5,33.5,130.4973093515304
D5_BASE_13481,455.5,34.0,101.61319906173168
D5_BASE_13481,455.5,34.5,14.635485481282972
D5_BASE_13481,455.5,35.0,128.2614251233935
D5_BASE_13481,455.5,35.5,139.01305550846854
D5_BASE_13481,455.5,36.0,97.30442190479995
D5_BASE_13481,455.5,36.5,36.20760663407351
D5_BASE_13481,455.5,37.0,47.03714457896957
D5_BASE_13481,455.5,37.5,122.72971004480796
D5_BASE_13481,455.5,38.0,78.72413410104879
D5_BASE_13481,455.5,38.5,129.05207497261082
D5_BASE_13481,455.5,39.0,100.42773490043349
D5_BASE_13481,455.5,39.5,38.189799502078074
D5_BASE_13481,455.5,40.0,106.4243663708977
D5_BASE_13481,455.5,40.5,4.768500338347161
D5_BASE_13481,455.5,41.0,81.50858839380285
D5_BASE_13481,455.5,41.5,82.09232283079002
D5_BASE_13481,455.5,42.0,79.34593482223902
D5_BASE_13481,455.5,42.5,69.47421854093375
D5_BASE_13481,455.5,43.0,64.0959045460528
D5_BASE_13481,455.5,43.5,60.31091137131195
D5_BASE_13481,455.5,44.0,57.491760441057544
D5_BASE_13481,455.5,44.5,55.36521754593614
D5_BASE_13481,455.5,45.0,53.77763566667101
D5_BASE_13481,455.5,45.5,52.630262069265385
D5_BASE_13481,455.5,46.0,51.85424365413315
D5_BASE_13481,455.5,46.5,51.398887048919256
D5_BASE_13481,455.5,47.0,51.22538696272314
D5_BASE_13481,455.5,47.5,51.303155772602
D5_BASE_13481,455.5,48.0,51.607524678170094
D5_BASE_13481,455.5,48.5,52.11822666325913
D5_BASE_13481,455.5,49.0,52.818353112926566
D5_BASE_13481,455.5,49.5,53.693611783084975
D5_BASE_13481,455.5,50.0,54.73178433682447
D5_BASE_13481,455.75,25.0,114.77227107296765
D5_BASE_13481,455.75,25.5,17.2848493055113
D5_BASE_13481,455.75,26.0,168.23593061305326
D5_BASE_13481,455.75,26.5,36.696804769770836
D5_BASE_13481,455.75,27.0,108.57539160262459
D5_BASE_13481,455.75,27.5,124.16258645658013
D5_BASE_13481,455.75,28.0,9.556141423454278
D5_BASE_13481,455.75,28.5,116.73026501128827
D5_BASE_13481,455.75,29.0,108.38422556612895
D5_BASE_13481,455.75,29.5,24.26814016962739
D5_BASE_13481,455.75,30.0,152.58632740261157
D5_BASE_13481,455.75,30.5,70.25580523751916
D5_BASE_13481,455.75,31.0,78.68231862729345
D5_BASE_13481,455.75,31.5,142.93203186387638
D5_BASE_13481,455.75,32.0,22.804343495315187
D5_BASE_13481,455.75,32.5,110.66566222021058
D5_BASE_13481,455.75,33.0,61.18820624786049
D5_BASE_13481,455.75,33.5,132.85800245542657
D5_BASE_13481,455.75,34.0,100.16123226316905
D5_BASE_13481,455.75,34.5,16.55473954447101
D5_BASE_13481,455.75,35.0,124.23330328323021
D5_BASE_13481,455.75,35.5,140.95578156864087
D5_BASE_13481,455.75,36.0,96.38825392437664
D5_BASE_13481,455.75,36.5,38.34254417111111
D5_BASE_13481,455.75,37.0,50.62533278573269
D5_BASE_13481,455.75,37.5,122.06932518754796
D5_BASE_13481,455.75,38.0,81.9289785710779
D5_BASE_13481,455.75,38.5,131.70216500727122
D5_BASE_13481,455.75,39.0,106.79271151562843
D5_BASE_13481,455.75,39.5,36.72180970636851
D5_BASE_13481,455.75,40.0,106.38102270240728
D5_BASE_13481,455.75,40.5,1.9494599332713116
D5_BASE_13481,455.75,41.0,81.57273656982352
D5_BASE_13481,455.75,41.5,82.21171035769754
D5_BASE_13481,455.75,42.0,79.57306894661788
D5_BASE_13481,455.75,42.5,69.72683209653427
D5_BASE_13481,455.75,43.0,64.34981811062457
D5_BASE_13481,455.75,43.5,60.56383149044136
D5_BASE_13481,455.75,44.0,57.743105165705714
D5_BASE_13481,455.75,44.5,55.61479670441034
D5_BASE_13481,455.75,45.0,54.02538653115426
D5_BASE_13481,455.75,45.5,52.87616985332958
D5_BASE_13481,455.75,46.0,52.09831191638559
D5_BASE_13481,455.75,46.5,51.64112522857962
D5_BASE_13481,455.75,47.0,51.46580476609031
D5_BASE_13481,455.75,47.5,51.54176059680316
D5_BASE_13481,455.75,48.0,51.84432048012478
D5_BASE_13481,455.75,48.5,52.35321354890362
D5_BASE_13481,455.75,49.0,53.051527294390304
D5_BASE_13481,455.75,49.5,53.92496572402421
D5_BASE_13481,455.75,50.0,54.961306990823175
D5_BASE_13481,456.0,25.0,110.86252903486006
D5_BASE_13481,456.0,25.5,21.951485587574187
D5_BASE_13481,456.0,26.0,164.13362350805554
D5_BASE_13481,456.0,26.5,32.90287940275301
D5_BASE_13481,456.0,27.0,112.63834154840438
D5_BASE_13481,456.0,27.5,121.10829126768229
D5_BASE_13481,456.0,28.0,6.604311988509051
D5_BASE_13481,456.0,28.5,119.90218855157052
D5_BASE_13481,456.0,29.0,105.17160025277437
D5_BASE_13481,456.0,29.5,27.30808338367263
D5_BASE_13481,456.0,30.0,155.54564229867916
D5_BASE_13481,456.0,30.5,67.18121703445739
D5_BASE_13481,456.0,31.0,81.59108980352343
D5_BASE_13481,456.0,31.5,140.58985850874512
D5_BASE_13481,456.0,32.0,20.631015996046813
D5_BASE_13481,456.0,32.5,113.47703672128682
D5_BASE_13481,456.0,33.0,57.60269056063613
D5_BASE_13481,456.0,33.5,135.18869862344832
D5_BASE_13481,456.0,34.0,98.71249834047914
D5_BASE_13481,456.0,34.5,18.493693428053618
D5_BASE_13481,456.0,35.0,120.1892770581384
D5_BASE_13481,456.0,35.5,142.86283473215167
D5_BASE_13481,456.0,36.0,95.47232229916919
D5_BASE_13481,456.0,36.5,40.511971911534076
D5_BASE_13481,456.0,37.0,54.14807608657933
D5_BASE_13481,456.0,37.5,121.4137228172643
D5_BASE_13481,456.0,38.0,85.15316713053164
D5_BASE_13481,456.0,38.5,134.26368733842497
D5_BASE_13481,456.0,39.0,112.88248517180564
D5_BASE_13481,456.0,39.5,35.19109615522846
D5_BASE_13481,456.0,40.0,106.34057425718454
D5_BASE_13481,456.0,40.5,1.0300038720701266
D5_BASE_13481,456.0,41.0,81.63534784018498
D5_BASE_13481,456.0,41.5,82.33080245570602
D5_BASE_13481,456.0,42.0,79.80033992285915
D5_BASE_13481,456.0,42.5,69.97921540908204
D5_BASE_13481,456.0,43.0,64.60348129582505
D5_BASE_13481,456.0,43.5,60.81649695802622
D5_BASE_13481,456.0,44.0,57.99419418432956
D5_BASE_13481,456.0,44.5,55.86412013399806
D5_BASE_13481,456.0,45.0,54.27288205378691
D5_BASE_13481,456.0,45.5,53.12182286748791
D5_BASE_13481,456.0,46.0,52.3421260735366
D5_BASE_13481,456.0,46.5,51.88311002152231
D5_BASE_13481,456.0,47.0,51.70596993875545
D5_BASE_13481,456.0,47.5,51.780113579031614
D5_BASE_13481,456.0,48.0,52.08086526200349
D5_BASE_13481,456.0,48.5,52.58795027258793
D5_BASE_13481,456.0,49.0,53.28445221244148
D5_BASE_13481,456.0,49.5,54.15607134513922
D5_BASE_13481,456.0,50.0,55.190582318215476
D5_BASE_13881,450.0,25.0,72.57782390674235
D5_BASE_13881,450.0,25.5,68.36283480530088
D5_BASE_13881,450.0,26.0,86.92281613136156
D5_BASE_13881,450.0,26.5,114.37169797963472
D5_BASE_13881,450.0,27.0,16.276895995450452
D5_BASE_13881,450.0,27.5,161.9086741554179
D5_BASE_13881,450.0,28.0,74.28364545155972
D5_BASE_13881,450.0,28.5,48.22291661311793
D5_BASE_13881,450.0,29.0,178.66097833502167
D5_BASE_13881,450.0,29.5,43.05252267176561
D5_BASE_13881,450.0,30.0,87.72791143006266
D5_BASE_13881,450.0,30.5,137.9464179930264
D5_BASE_13881,450.0,31.0,12.166853291548003
D5_BASE_13881,450.0,31.5,163.93370453051946
D5_BASE_13881,450.0,32.0,68.8417301961594
D5_BASE_13881,450.0,32.5,52.59897773413324
D5_BASE_13881,450.0,33.0,140.26650698122586
D5_BASE_13881,450.0,33.5,75.5601981362202
D5_BASE_13881,450.0,34.0,130.80623218484888
D5_BASE_13881,450.0,34.5,22.515021595923162
D5_BASE_13881,450.0,35.0,150.87461812822215
D5_BASE_13881,450.0,35.5,92.32137848048737
D5_BASE_13881,450.0,36.0,114.68108812241039
D5_BASE_13881,450.0,36.5,4.521275955271742
D5_BASE_13881,450.0,37.0,39.02088043909053
D5_BASE_13881,450.0,37.5,135.27420382834606
D5_BASE_13881,450.0,38.0,17.0694100233216
D5_BASE_13881,450.0,38.5,49.04894755595111
D5_BASE_13881,450.0,39.0,32.25471971825053
D5_BASE_13881,450.0,39.5,63.52933002933666
D5_BASE_13881,450.0,40.0,108.30721118353404
D5_BASE_13881,450.0,40.5,46.915140003345314
D5_BASE_13881,450.0,41.0,83.14267644943918
D5_BASE_13881,450.0,41.5,83.17889791587103
D5_BASE_13881,450.0,42.0,79.05541325968994
D5_BASE_13881,450.0,42.5,70.2760930756675
D5_BASE_13881,450.0,43.0,66.05630556970127
D5_BASE_13881,450.0,43.5,63.32314506153559
D5_BASE_13881,450.0,44.0,61.480063885131
D5_BASE_13881,450.0,44.5,60.27228358392896
D5_BASE_13881,450.0,45.0,59.55709283096585
D5_BASE_13881,450.0,45.5,59.24264780288061
D5_BASE_13881,450.0,46.0,59.264690215655726
D5_BASE_13881,450.0,46.5,59.575698428745
D5_BASE_13881,450.0,47.0,60.139115789725864
D5_BASE_13881,450.0,47.5,60.92597965193733
D5_BASE_13881,450.0,48.0,61.91281166233259
D5_BASE_13881,450.0,48.5,63.08022549523844
D5_BASE_13881,450.0,49.0,64.41196877131961
D5_BASE_13881,450.0,49.5,65.89424108784621
D5_BASE_13881,450.0,50.0,67.51519488784007
D5_BASE_13881,450.25,25.0,83.08857519047832
D5_BASE_13881,450.25,25.5,64.81415173178515
D5_BASE_13881,450.25,26.0,92.10353372845837
D5_BASE_13881,450.25,26.5,110.85048658856306
D5_BASE_13881,450.25,27.0,20.253150081769643
D5_BASE_13881,450.25,27.5,165.62978388560504
D5_BASE_13881,450.25,28.0,71.25597885101578
D5_BASE_13881,450.25,28.5,51.32096746369402
D5_BASE_13881,450.25,29.0,175.45852305368825
D5_BASE_13881,450.25,29.5,39.93681139980053
D5_BASE_13881,450.25,30.0,90.70704265601555
D5_BASE_13881,450.25,30.5,134.85042762567653
D5_BASE_13881,450.25,31.0,15.350890230939061
D5_BASE_13881,450.25,31.5,166.58555358220195
D5_BASE_13881,450.25,32.0,66.72742275846493
D5_BASE_13881,450.25,32.5,55.02676521832321
D5_BASE_13881,450.25,33.0,136.76145596243052
D5_BASE_13881,450.25,33.5,78.73361962739679
D5_BASE_13881,450.25,34.0,129.23655068723724
D5_BASE_13881,450.25,34.5,20.974251477108783
D5_BASE_13881,450.25,35.0,154.34034906813184
D5_BASE_13881,450.25,35.5,95.3595953017229
D5_BASE_13881,450.25,36.0,113.75729400073271
D5_BASE_13881,450.25,36.5,3.0266735384809778
D5_BASE_13881,450.25,37.0,34.76376104098455
D5_BASE_13881,450.25,37.5,134.48905747150707
D5_BASE_13881,450.25,38.0,19.508913487561713
D5_BASE_13881,450.25,38.5,53.50225371423686
D5_BASE_13881,450.25,39.0,28.295564609680135
D5_BASE_13881,450.25,39.5,62.983058660842225
D5_BASE_13881,450.25,40.0,108.19968383504889
D5_BASE_13881,450.25,40.5,46.13616384777265
D5_BASE_13881,450.25,41.0,83.24499220445972
D5_BASE_13881,450.25,41.5,83.3063154586026
D5_BASE_13881,450.25,42.0,79.27915933725038
D5_BASE_13881,450.25,42.5,70.52962371604873
D5_BASE_13881,450.25,43.0,66.30998095485599
D5_BASE_13881,450.25,43.5,63.57470954955615
D5_BASE_13881,450.25,44.0,61.72899621880883
D5_BASE_13881,450.25,44.5,60.51843600029541
D5_BASE_13881,450.25,45.0,59.80043430415263
D5_BASE_13881,450.25,45.5,59.48318963682313
D5_BASE_13881,450.25,46.0,59.50245921093059
D5_BASE_13881,450.25,46.5,59.8107259492479
D5_BASE_13881,450.25,47.0,60.371433030258856
D5_BASE_13881,450.25,47.5,61.15561558246457
D5_BASE_13881,450.25,48.0,62.1397922063883
D5_BASE_13881,450.25,48.5,63.304573299083174
D5_BASE_13881,450.25,49.0,64.63370325837467
D5_BASE_13881,450.25,49.5,66.11337864682885
D5_BASE_13881,450.25,50.0,67.73174911724756
D5_BASE_13881,450.5,25.0,93.91468224671225
D5_BASE_13881,450.5,25.5,61.28568695228598
D5_BASE_13881,450.5,26.0,97.2914734913563
D5_BASE_13881,450.5,26.5,107.34801841161789
D5_BASE_13881,450.5,27.0,24.25906411977496
D5_BASE_13881,450.5,27.5,169.31917677360192
D5_BASE_13881,450.5,28.0,68.23846813521226
D5_BASE_13881,450.5,28.5,54.42115401999688
D5_BASE_13881,450.5,29.0,172.25538106105722
D5_BASE_13881,450.5,29.5,36.82388274063395
D5_BASE_13881,450.5,30.0,93.68515082503151
D5_BASE_13881,450.5,30.5,131.75338671124922
D5_BASE_13881,450.5,31.0,18.526299045791287
D5_BASE_13881,450.5,31.5,169.21951909677364
D5_BASE_13881,450.5,32.0,64.6156729897896
D5_BASE_13881,450.5,32.5,57.46980429983883
D5_BASE_13881,450.5,33.0,133.24188644426303
D5_BASE_13881,450.5,33.5,81.86678891445716
D5_BASE_13881,450.5,34.0,127.6798401730005
D5_BASE_13881,450.5,34.5,19.421848212049074
D5_BASE_13881,450.5,35.0,157.84202356192554
D5_BASE_13881,450.5,35.5,98.333235856366
D5_BASE_13881,450.5,36.0,112.83980913171686
D5_BASE_13881,450.5,36.5,1.508985026562178
D5_BASE_13881,450.5,37.0,30.478827684727335
D5_BASE_13881,450.5,37.5,133.7169492305969
D5_BASE_13881,450.5,38.0,22.001958752176026
D5_BASE_13881,450.5,38.5,57.969650212777466
D5_BASE_13881,450.5,39.0,24.07015557857214
D5_BASE_13881,450.5,39.5,62.414807199731875
D5_BASE_13881,450.5,40.0,108.09863277702783
D5_BASE_13881,450.5,40.5,45.314978945810246
D5_BASE_13881,450.5,41.0,83.34702866269716
D5_BASE_13881,450.5,41.5,83.434615720186
D5_BASE_13881,450.5,42.0,79.5031874224845
D5_BASE_13881,450.5,42.5,70.78291471671207
D5_BASE_13881,450.5,43.0,66.5633973108305
D5_BASE_13881,450.5,43.5,63.82601254373407
D5_BASE_13881,450.5,44.0,61.97766779026728
D5_BASE_13881,450.5,44.5,60.764329377297145
D5_BASE_13881,450.5,45.0,60.043518845912
D5_BASE_13881,450.5,45.5,59.72347681592421
D5_BASE_13881,450.5,46.0,59.73997590729755
D5_BASE_13881,450.5,46.5,60.045503566283216
D5_BASE_13881,450.5,47.0,60.60350278397922
D5_BASE_13881,450.5,47.5,61.38500645585376
D5_BASE_13881,450.5,48.0,62.36653013273705
D5_BASE_13881,450.5,48.5,63.52868093359199
D5_BASE_13881,450.5,49.0,64.85520003377414
D5_BASE_13881,450.5,49.5,66.33228096204694
D5_BASE_13881,450.5,50.0,67.94807058207944
D5_BASE_13881,450.75,25.0,104.91832835967205
D5_BASE_13881,450.75,25.5,57.76857734313848
D5_BASE_13881,450.75,26.0,102.47875532217097
D5_BASE_13881,450.75,26.5,103.86154670327838
D5_BASE_13881,450.75,27.0,28.29361435572716
D5_BASE_13881,450.75,27.5,172.9764277312049
D5_BASE_13881,450.75,28.0,65.23044953643806
D5_BASE_13881,450.75,28.5,57.52362652140839
D5_BASE_13881,450.75,29.0,169.05155259752667
D5_BASE_13881,450.75,29.5,33.713779872607944
D5_BASE_13881,450.75,30.0,96.66226037873184
D5_BASE_13881,450.75,30.5,128.65542335363833
D5_BASE_13881,450.75,31.0,21.69272817985753
D5_BASE_13881,450.75,31.5,171.8358706194098
D5_BASE_13881,450.75,32.0,62.5060884587253
D5_BASE_13881,450.75,32.5,59.928327554597224
D5_BASE_13881,450.75,33.0,129.70833026664388
D5_BASE_13881,450.75,33.5,84.95952514184066
D5_BASE_13881,450.75,34.0,126.13554249614653
D5_BASE_13881,450.75,34.5,17.857421139592248
D5_BASE_13881,450.75,35.0,161.37941393004294
D5_BASE_13881,450.75,35.5,101.24314352590868
D5_BASE_13881,450.75,36.0,111.92828023074894
D5_BASE_13881,450.75,36.5,0.03235398456542026
D5_BASE_13881,450.75,37.0,26.16962667318039
D5_BASE_13881,450.75,37.5,132.95731890095783
D5_BASE_13881,450.75,38.0,24.54876047239125
D5_BASE_13881,450.75,38.5,62.437795323366565
D5_BASE_13881,450.75,39.0,19.56089241416155
D5_BASE_13881,450.75,39.5,61.8235819798868
D5_BASE_13881,450.75,40.0,108.00378948835511
D5_BASE_13881,450.75,40.5,44.44901286099887
D5_BASE_13881,450.75,41.0,83.44873662736524
D5_BASE_13881,450.75,41.5,83.56373176102464
D5_BASE_13881,450.75,42.0,79.72748494071121
D5_BASE_13881,450.75,42.5,71.03596625056956
D5_BASE_13881,450.75,43.0,66.81655502008715
D5_BASE_13881,450.75,43.5,64.0770544586708
D5_BASE_13881,450.75,44.0,62.22607902180778
D5_BASE_13881,450.75,44.5,61.00996413841062
D5_BASE_13881,450.75,45.0,60.286346878503444
D5_BASE_13881,450.75,45.5,59.96350976016231
D5_BASE_13881,450.75,46.0,59.97724072191216
D5_BASE_13881,450.75,46.5,60.28003169387356
D5_BASE_13881,450.75,47.0,60.83532546157993
D5_BASE_13881,450.75,47.5,61.614152679327944
D5_BASE_13881,450.75,48.0,62.59302584502583
D5_BASE_13881,450.75,48.5,63.75254879874657
D5_BASE_13881,450.75,49.0,65.07645949375605
D5_BASE_13881,450.75,49.5,66.55094842592369
D5_BASE_13881,450.75,50.0,68.16415967087795
D5_BASE_13881,451.0,25.0,115.94760212481003
D5_BASE_13881,451.0,25.5,54.25445875579621
D5_BASE_13881,451.0,26.0,107.65751872771703
D5_BASE_13881,451.0,26.5,100.38833059356315
D5_BASE_13881,451.0,27.0,32.35556151797794
D5_BASE_13881,451.0,27.5,176.60123443910842
D5_BASE_13881,451.0,28.0,62.231266582367844
D5_BASE_13881,451.0,28.5,60.62852604585765
D5_BASE_13881,451.0,29.0,165.84704104022003
D5_BASE_13881,451.0,29.5,30.606547167015574
D5_BASE_13881,451.0,30.0,99.63839356240656
D5_BASE_13881,451.0,30.5,125.55667039508056
D5_BASE_13881,451.0,31.0,24.849833339808473
D5_BASE_13881,451.0,31.5,174.43488809707853
D5_BASE_13881,451.0,32.0,60.39828164265497
D5_BASE_13881,451.0,32.5,62.40256006786042
D5_BASE_13881,451.0,33.0,126.16135085201077
D5_BASE_13881,451.0,33.5,88.01172939354794
D5_BASE_13881,451.0,34.0,124.6031126797856
D5_BASE_13881,451.0,34.5,16.28057760698535
D5_BASE_13881,451.0,35.0,164.95226078848384
D5_BASE_13881,451.0,35.5,104.09026775949106
D5_BASE_13881,451.0,36.0,111.02236292429338
D5_BASE_13881,451.0,36.5,1.5979158989553335
D5_BASE_13881,451.0,37.0,21.840141801580998
D5_BASE_13881,451.0,37.5,132.20962861950758
D5_BASE_13881,451.0,38.0,27.149387276163548
D5_BASE_13881,451.0,38.5,66.89331351080945
D5_BASE_13881,451.0,39.0,14.751071375805244
D5_BASE_13881,451.0,39.5,61.20833452726677
D5_BASE_13881,451.0,40.0,107.91489780069877
D5_BASE_13881,451.0,40.5,43.53549803274233
D5_BASE_13881,451.0,41.0,83.55006699607968
D5_BASE_13881,451.0,41.5,83.69359853676852
D5_BASE_13881,451.0,42.0,79.95203973616786
D5_BASE_13881,451.0,42.5,71.28877849278499
D5_BASE_13881,451.0,43.0,67.06945446457809
D5_BASE_13881,451.0,43.5,64.32783570814013
D5_BASE_13881,451.0,44.0,62.47423033482604
D5_BASE_13881,451.0,44.5,61.25534070618347
D5_BASE_13881,451.0,45.0,60.528918823249704
D5_BASE_13881,451.0,45.5,60.20328888858033
D5_BASE_13881,451.0,46.0,60.21425407099779
D5_BASE_13881,451.0,46.5,60.51431074511488
D5_BASE_13881,451.0,47.0,61.066901472832534
D5_BASE_13881,451.0,47.5,61.84305465919724
D5_BASE_13881,451.0,48.0,62.81927974599591
D5_BASE_13881,451.0,48.5,63.97617729363058
D5_BASE_13881,451.0,49.0,65.2974820336691
D5_BASE_13881,451.0,49.5,66.7693814300017
D5_BASE_13881,451.0,50.0,68.38001677131312
D5_BASE_13881,451.25,25.0,126.84990869992754
D5_BASE_13881,451.25,25.5,50.73540700300836
D5_BASE_13881,451.25,26.0,112.82004423386935
D5_BASE_13881,451.25,26.5,96.92564048262929
D5_BASE_13881,451.25,27.0,36.44345158403459
D5_BASE_13881,451.25,27.5,179.8065878051843
D5_BASE_13881,451.25,28.0,59.240270974707094
D5_BASE_13881,451.25,28.5,63.73598472663175
D5_BASE_13881,451.25,29.0,162.64185298341985
D5_BASE_13881,451.25,29.5,27.502230119650086
D5_BASE_13881,451.25,30.0,102.61357041554132
D5_BASE_13881,451.25,30.5,122.45726533780322
D5_BASE_13881,451.25,31.0,27.997278221534184
D5_BASE_13881,451.25,31.5,177.01686103290731
D5_BASE_13881,451.25,32.0,58.29186985040842
D5_BASE_13881,451.25,32.5,64.89271923514156
D5_BASE_13881,451.25,33.0,122.60154443363635
D5_BASE_13881,451.25,33.5,91.02338068195164
D5_BASE_13881,451.25,34.0,123.08201847011539
D5_BASE_13881,451.25,34.5,14.690922860299343
D5_BASE_13881,451.25,35.0,168.5602710564585
D5_BASE_13881,451.25,35.5,106.87564960231943
D5_BASE_13881,451.25,36.0,110.12172130028105
D5_BASE_13881,451.25,36.5,3.1882810175965832
D5_BASE_13881,451.25,37.0,17.494768862999106
D5_BASE_13881,451.25,37.5,131.47336168589447
D5_BASE_13881,451.25,38.0,29.80374897230443
D5_BASE_13881,451.25,38.5,71.32303654291069
D5_BASE_13881,451.25,39.0,9.62574806557344
D5_BASE_13881,451.25,39.5,60.56795805850581
D5_BASE_13881,451.25,40.0,107.83171317398266
D5_BASE_13881,451.25,40.5,42.571455096480065
D5_BASE_13881,451.25,41.0,83.65097070707463
D5_BASE_13881,451.25,41.5,83.82415277062186
D5_BASE_13881,451.25,42.0,80.17684005496574
D5_BASE_13881,451.25,42.5,71.54135162072645
D5_BASE_13881,451.25,43.0,67.32209602574372
D5_BASE_13881,451.25,43.5,64.57835670508855
D5_BASE_13881,451.25,44.0,62.72212214981419
D5_BASE_13881,451.25,44.5,61.50045950223602
D5_BASE_13881,451.25,45.0,60.77123510054042
D5_BASE_13881,451.25,45.5,60.44281461928709
D5_BASE_13881,451.25,46.0,60.451016369848155
D5_BASE_13881,451.25,46.5,60.74834113217896
D5_BASE_13881,451.25,47.0,61.29823122659191
D5_BASE_13881,451.25,47.5,62.07171280086116
D5_BASE_13881,451.25,48.0,63.04529223748559
D5_BASE_13881,451.25,48.5,64.19956681643309
D5_BASE_13881,451.25,49.0,65.51826804797538
D5_BASE_13881,451.25,49.5,66.98758036494598
D5_BASE_13881,451.25,50.0,68.5956422701868
D5_BASE_13881,451.5,25.0,137.48553555050088
D5_BASE_13881,451.5,25.5,47.20388743855978
D5_BASE_13881,451.5,26.0,117.95886939881181
D5_BASE_13881,451.5,26.5,93.47076289181916
D5_BASE_13881,451.5,27.0,40.55561885921969
D5_BASE_13881,451.5,27.5,176.24711177196625
D5_BASE_13881,451.5,28.0,56.256823387869986
D5_BASE_13881,451.5,28.5,66.84612598057826
D5_BASE_13881,451.5,29.0,159.4359983244811
D5_BASE_13881,451.5,29.5,24.40087527984796
D5_BASE_13881,451.5,30.0,105.58780876409743
D5_BASE_13881,451.5,30.5,119.35735025727615
D5_BASE_13881,451.5,31.0,31.13473520769394
D5_BASE_13881,451.5,31.5,179.58208767073057
D5_BASE_13881,451.5,32.0,56.186475144586154
D5_BASE_13881,451.5,32.5,67.39901455611675
D5_BASE_13881,451.5,33.0,119.02954119958443
D5_BASE_13881,451.5,33.5,93.9945317252237
D5_BASE_13881,451.5,34.0,121.57173989488629
D5_BASE_13881,451.5,34.5,13.088059943344641
D5_BASE_13881,451.5,35.0,172.20311567065633
D5_BASE_13881,451.5,35.5,109.60040809497184
D5_BASE_13881,451.5,36.0,109.22602747776968
D5_BASE_13881,451.5,36.5,4.8040374050245935
D5_BASE_13881,451.5,37.0,13.138281202228274
D5_BASE_13881,451.5,37.5,130.74802144865012
D5_BASE_13881,451.5,38.0,32.5115840352153
D5_BASE_13881,451.5,38.5,75.71423533765521
D5_BASE_13881,451.5,39.0,4.172826812392189
D5_BASE_13881,451.5,39.5,59.901283753782884
D5_BASE_13881,451.5,40.0,107.75400202090606
D5_BASE_13881,451.5,40.5,41.55367482679732
D5_BASE_13881,451.5,41.0,83.75139868569394
D5_BASE_13881,451.5,41.5,83.95533283219417
D5_BASE_13881,451.5,42.0,80.40187452887133
D5_BASE_13881,451.5,42.5,71.7936858139193
D5_BASE_13881,451.5,43.0,67.5744800845105
D5_BASE_13881,451.5,43.5,64.82861786163843
D5_BASE_13881,451.5,44.0,62.969754886364534
D5_BASE_13881,451.5,44.5,61.74532094726406
D5_BASE_13881,451.5,45.0,61.013296129833854
D5_BASE_13881,451.5,45.5,60.68208736946153
D5_BASE_13881,451.5,46.0,60.687528032830514
D5_BASE_13881,451.5,46.5,60.98212326631611
D5_BASE_13881,451.5,47.0,61.529315130797414
D5_BASE_13881,451.5,47.5,62.300127508811535
D5_BASE_13881,451.5,48.0,63.271063720433354
D5_BASE_13881,451.5,48.5,64.42271776445128
D5_BASE_13881,451.5,49.0,65.7388179302537
D5_BASE_13881,451.5,49.5,67.20554562054589
D5_BASE_13881,451.5,50.0,68.8110365534332
D5_BASE_13881,451.75,25.0,147.73849986443835
D5_BASE_13881,451.75,25.5,43.65271274094084
D5_BASE_13881,451.75,26.0,123.06689579070807
D5_BASE_13881,451.75,26.5,90.02100490890169
D5_BASE_13881,451.75,27.0,44.69019152039916
D5_BASE_13881,451.75,27.5,172.72030439566464
D5_BASE_13881,451.75,28.0,53.28029419373594
D5_BASE_13881,451.75,28.5,69.95906474670988
D5_BASE_13881,451.75,29.0,156.2294903546525
D5_BASE_13881,451.75,29.5,21.302530177149162
D5_BASE_13881,451.75,30.0,108.56112421456032
D5_BASE_13881,451.75,30.5,116.25707170678305
D5_BASE_13881,451.75,31.0,34.261886033365464
D5_BASE_13881,451.75,31.5,177.86912578903758
D5_BASE_13881,451.75,32.0,54.08172426409272
D5_BASE_13881,451.75,32.5,69.92164742162159
D5_BASE_13881,451.75,33.0,115.44600632873008
D5_BASE_13881,451.75,33.5,96.92530457452173
D5_BASE_13881,451.75,34.0,120.07176882736314
D5_BASE_13881,451.75,34.5,11.471589605356982
D5_BASE_13881,451.75,35.0,175.8804269914061
D5_BASE_13881,451.75,35.5,112.26572760035
D5_BASE_13881,451.75,36.0,108.33496119485564
D5_BASE_13881,451.75,36.5,6.445780723581619
D5_BASE_13881,451.75,37.0,8.775786627476526
D5_BASE_13881,451.75,37.5,130.03313025263114
D5_BASE_13881,451.75,38.0,35.27244761274632
D5_BASE_13881,451.75,38.5,80.0548325709417
D5_BASE_13881,451.75,39.0,1.6156249452445395
D5_BASE_13881,451.75,39.5,59.20707679321181
D5_BASE_13881,451.75,40.0,107.68154107670175
D5_BASE_13881,451.75,40.5,40.47869864523974
D5_BASE_13881,451.75,41.0,83.85130179102917
D5_BASE_13881,451.75,41.5,84.08707862236751
D5_BASE_13881,451.75,42.0,80.62713215987219
D5_BASE_13881,451.75,42.5,72.04578125399935
D5_BASE_13881,451.75,43.0,67.82660702128781
D5_BASE_13881,451.75,43.5,65.0786195890877
D5_BASE_13881,451.75,44.0,63.21712896316977
D5_BASE_13881,451.75,44.5,61.98992546104137
D5_BASE_13881,451.75,45.0,61.25510232966017
D5_BASE_13881,451.75,45.5,60.92110755535429
D5_BASE_13881,451.75,46.0,60.92378947338694
D5_BASE_13881,451.75,46.5,61.21565755785737
D5_BASE_13881,451.75,47.0,61.76015359247578
D5_BASE_13881,451.75,47.5,62.52829918663451
D5_BASE_13881,451.75,48.0,63.496594594879305
D5_BASE_13881,451.75,48.5,64.64563053409186
D5_BASE_13881,451.75,49.0,65.95913207320072
D5_BASE_13881,451.75,49.5,67.42327758571763
D5_BASE_13881,451.75,50.0,69.02620000612254
D5_BASE_13881,452.0,25.0,157.5228196248744
D5_BASE_13881,452.0,25.5,40.07500859021577
D5_BASE_13881,452.0,26.0,128.13748383329096
D5_BASE_13881,452.0,26.5,86.57369836015654
D5_BASE_13881,452.0,27.0,48.845099731476814
D5_BASE_13881,452.0,27.5,169.22603316962423
D5_BASE_13881,452.0,28.0,50.310064118218364
D5_BASE_13881,452.0,28.5,73.0749077341333
D5_BASE_13881,452.0,29.0,153.02234585418032
D5_BASE_13881,452.0,29.5,18.207243245723323
D5_BASE_13881,452.0,30.0,111.53353014976389
D5_BASE_13881,452.0,30.5,113.15658061306004
D5_BASE_13881,452.0,31.0,37.37842241691527
D5_BASE_13881,452.0,31.5,175.3364659413738
D5_BASE_13881,452.0,32.0,51.97724854737199
D5_BASE_13881,452.0,32.5,72.46081089379729
D5_BASE_13881,452.0,33.0,111.85164089466134
D5_BASE_13881,452.0,33.5,99.81588614739785
D5_BASE_13881,452.0,34.0,118.58160855663536
D5_BASE_13881,452.0,34.5,9.84111021777547
D5_BASE_13881,452.0,35.0,179.5917958908959
D5_BASE_13881,452.0,35.5,114.87284608889789
D5_BASE_13881,452.0,36.0,107.44820941387242
D5_BASE_13881,452.0,36.5,8.114114033282098
D5_BASE_13881,452.0,37.0,4.412676341260174
D5_BASE_13881,452.0,37.5,129.32822844422995
D5_BASE_13881,452.0,38.0,38.0857003305038
D5_BASE_13881,452.0,38.5,84.33358761218426
D5_BASE_13881,452.0,39.0,7.741873294301712
D5_BASE_13881,452.0,39.5,58.484032146660226
D5_BASE_13881,452.0,40.0,107.6141168106732
D5_BASE_13881,452.0,40.5,39.34279765473623
D5_BASE_13881,452.0,41.0,83.95063076258846
D5_BASE_13881,452.0,41.5,84.21933146369608
D5_BASE_13881,452.0,42.0,80.85260230547776
D5_BASE_13881,452.0,42.5,72.2976381246703
D5_BASE_13881,452.0,43.0,68.07847721596691
D5_BASE_13881,452.0,43.5,65.328362297913
D5_BASE_13881,452.0,44.0,63.46424479802675
D5_BASE_13881,452.0,44.5,62.23427346242288
D5_BASE_13881,452.0,45.0,61.49665411762354
D5_BASE_13881,452.0,45.5,61.15987559229065
D5_BASE_13881,452.0,46.0,61.159801104038124
D5_BASE_13881,452.0,46.5,61.448944416217884
D5_BASE_13881,452.0,47.0,61.99074701774395
D5_BASE_13881,452.0,47.5,62.756228237013346
D5_BASE_13881,452.0,48.0,63.7218852599688
D5_BASE_13881,452.0,48.5,64.8683055208746
D5_BASE_13881,452.0,49.0,66.17921086863377
D5_BASE_13881,452.0,49.5,67.64077664850686
D5_BASE_13881,452.0,50.0,69.24113301246337
D5_BASE_13881,452.25,25.0,166.7838692734939
D5_BASE_13881,452.25,25.5,36.464187016400146
D5_BASE_13881,452.25,26.0,133.16453312318458
D5_BASE_13881,452.25,26.5,83.12620383671953
D5_BASE_13881,452.25,27.0,53.01808638211423
D5_BASE_13881,452.25,27.5,165.76407273492637
D5_BASE_13881,452.25,28.0,47.345524835053965
D5_BASE_13881,452.25,28.5,76.19375367822849
D5_BASE_13881,452.25,29.0,149.8145851910287
D5_BASE_13881,452.25,29.5,15.115063746697194
D5_BASE_13881,452.25,30.0,114.50503772651179
D5_BASE_13881,452.25,30.5,110.0560321627819
D5_BASE_13881,452.25,31.0,40.48404665350708
D5_BASE_13881,452.25,31.5,172.8196128958988
D5_BASE_13881,452.25,32.0,49.872683856807015
D5_BASE_13881,452.25,32.5,75.0166894794245
D5_BASE_13881,452.25,33.0,108.24718261299412
D5_BASE_13881,452.25,33.5,102.66652371881094
D5_BASE_13881,452.25,34.0,117.1007733649715
D5_BASE_13881,452.25,34.5,8.196217700463281
D5_BASE_13881,452.25,35.0,176.66323148042062
D5_BASE_13881,452.25,35.5,117.42304439078089
D5_BASE_13881,452.25,36.0,106.56546594295621
D5_BASE_13881,452.25,36.5,9.809647555205846
D5_BASE_13881,452.25,37.0,0.054566899611341674
D5_BASE_13881,452.25,37.5,128.63287343100194
D5_BASE_13881,452.25,38.0,40.95049818885636
D5_BASE_13881,452.25,38.5,88.54024748726496
D5_BASE_13881,452.25,39.0,14.200910955617847
D5_BASE_13881,452.25,39.5,57.73077010796531
D5_BASE_13881,452.25,40.0,107.5515248763266
D5_BASE_13881,452.25,40.5,38.141950192714965
D5_BASE_13881,452.25,41.0,84.04933616687303
D5_BASE_13881,452.25,41.5,84.35203399589395
D5_BASE_13881,452.25,42.0,81.07827466472149
D5_BASE_13881,452.25,42.5,72.54925661165716
D5_BASE_13881,452.25,43.0,68.33009104791898
D5_BASE_13881,452.25,43.5,65.57784639776943
D5_BASE_13881,452.25,44.0,63.711102807837904
D5_BASE_13881,452.25,44.5,62.47836536934579
D5_BASE_13881,452.25,45.0,61.73795191040453
D5_BASE_13881,452.25,45.5,61.39839189467268
D5_BASE_13881,452.25,46.0,61.39556333638539
D5_BASE_13881,452.25,46.5,61.681984249898434
D5_BASE_13881,452.25,47.0,62.221095811811495
D5_BASE_13881,452.25,47.5,62.98391506173117
D5_BASE_13881,452.25,48.0,63.94693611395359
D5_BASE_13881,452.25,48.5,65.09074311943417
D5_BASE_13881,452.25,49.0,66.39905470749392
D5_BASE_13881,452.25,49.5,67.85804319609112
D5_BASE_13881,452.25,50.0,69.45583595580403
D5_BASE_13881,452.5,25.0,175.49576552015267
D5_BASE_13881,452.5,25.5,32.81392728865529
D5_BASE_13881,452.5,26.0,138.14254662135028
D5_BASE_13881,452.5,26.5,79.67591469733486
D5_BASE_13881,452.5,27.0,57.20672043875898
D5_BASE_13881,452.5,27.5,162.3341115686964
D5_BASE_13881,452.5,28.0,44.38607950187162
D5_BASE_13881,452.5,28.5,79.31569360393297
D5_BASE_13881,452.5,29.0,146.60623242250293
D5_BASE_13881,452.5,29.5,12.026041688550942
D5_BASE_13881,452.5,30.0,117.47565587500026
D5_BASE_13881,452.5,30.5,106.95558567971061
D5_BASE_13881,452.5,31.0,43.57847216898016
D5_BASE_13881,452.5,31.5,170.3182409631101
D5_BASE_13881,452.5,32.0,47.76767050470299
D5_BASE_13881,452.5,32.5,77.58945889645835
D5_BASE_13881,452.5,33.0,104.63340640776326
D5_BASE_13881,452.5,33.5,105.47752041578623
D5_BASE_13881,452.5,34.0,115.62878811278918
D5_BASE_13881,452.5,34.5,6.53650545775492
D5_BASE_13881,452.5,35.0,172.8851572460981
D5_BASE_13881,452.5,35.5,119.91763640570245
D5_BASE_13881,452.5,36.0,105.68643107309849
D5_BASE_13881,452.5,36.5,11.532998396310564
D5_BASE_13881,452.5,37.0,4.2927634712233305
D5_BASE_13881,452.5,37.5,127.94663879253096
D5_BASE_13881,452.5,38.0,43.86578386616263
D5_BASE_13881,452.5,38.5,92.66566003254009
D5_BASE_13881,452.5,39.0,20.978893637107507
D5_BASE_13881,452.5,39.5,56.945831566072705
D5_BASE_13881,452.5,40.0,107.49356959719982
D5_BASE_13881,452.5,40.5,36.871817938697774
D5_BASE_13881,452.5,41.0,84.14736834374031
D5_BASE_13881,452.5,41.5,84.4851300759869
D5_BASE_13881,452.5,42.0,81.30413926481916
D5_BASE_13881,452.5,42.5,72.80063690266456
D5_BASE_13881,452.5,43.0,68.58144889599193
D5_BASE_13881,452.5,43.5,65.82707229749369
D5_BASE_13881,452.5,44.0,63.95770340861387
D5_BASE_13881,452.5,44.5,62.72220159883292
D5_BASE_13881,452.5,45.0,61.97899612376331
D5_BASE_13881,452.5,45.5,61.63665687598243
D5_BASE_13881,452.5,46.0,61.63107658111379
D5_BASE_13881,452.5,46.5,61.91477746648877
D5_BASE_13881,452.5,47.0,62.451200378982904
D5_BASE_13881,452.5,47.5,63.21136006167314
D5_BASE_13881,452.5,48.0,64.1717475541962
D5_BASE_13881,452.5,48.5,65.3129437235232
D5_BASE_13881,452.5,49.0,66.61866397984787
D5_BASE_13881,452.5,49.5,68.075077614782
D5_BASE_13881,452.5,50.0,69.67030921863682
D5_BASE_13881,452.75,25.0,176.34365233317624
D5_BASE_13881,452.75,25.5,29.118164300977785
D5_BASE_13881,452.75,26.0,143.06667794962797
D5_BASE_13881,452.75,26.5,76.22026116440695
D5_BASE_13881,452.75,27.0,61.40841282964754
D5_BASE_13881,452.75,27.5,158.93575868773385
D5_BASE_13881,452.75,28.0,41.43114324326052
D5_BASE_13881,452.75,28.5,82.44081109496864
D5_BASE_13881,452.75,29.0,143.3973153990297
D5_BASE_13881,452.75,29.5,8.94022774573991
D5_BASE_13881,452.75,30.0,120.44539130006277
D5_BASE_13881,452.75,30.5,103.85540449236292
D5_BASE_13881,452.75,31.0,46.66142403215405
D5_BASE_13881,452.75,31.5,167.83201930751932
D5_BASE_13881,452.75,32.0,45.66185318124329
D5_BASE_13881,452.75,32.5,80.17928583374773
D5_BASE_13881,452.75,33.0,101.01112477309144
D5_BASE_13881,452.75,33.5,108.24923075636896
D5_BASE_13881,452.75,34.0,114.16518783169289
D5_BASE_13881,452.75,34.5,4.861564324751738
D5_BASE_13881,452.75,35.0,169.07453566348255
D5_BASE_13881,452.75,35.5,122.35796024666286
D5_BASE_13881,452.75,36.0,104.81081122985216
D5_BASE_13881,452.75,36.5,13.284790233546778
D5_BASE_13881,452.75,37.0,8.623442602199944
D5_BASE_13881,452.75,37.5,127.2691134395308
D5_BASE_13881,452.75,38.0,46.83027975159965
D5_BASE_13881,452.75,38.5,96.70184792645199
D5_BASE_13881,452.75,39.0,28.051829658971535
D5_BASE_13881,452.75,39.5,56.12767300780542
D5_BASE_13881,452.75,40.0,107.4400634857147
D5_BASE_13881,452.75,40.5,35.52772067348937
D5_BASE_13881,452.75,41.0,84.24467735243215
D5_BASE_13881,452.75,41.5,84.61856468274486
D5_BASE_13881,452.75,42.0,81.53018644845105
D5_BASE_13881,452.75,42.5,73.0517791873338
D5_BASE_13881,452.75,43.0,68.83255113850944
D5_BASE_13881,452.75,43.5,66.07604040510405
D5_BASE_13881,452.75,44.0,64.20404701547525
D5_BASE_13881,452.75,44.5,62.965782566994676
D5_BASE_13881,452.75,45.0,62.21978717254099
D5_BASE_13881,452.75,45.5,61.87467094878377
D5_BASE_13881,452.75,46.0,61.86634124799355
D5_BASE_13881,452.75,46.5,62.147324472669794
D5_BASE_13881,452.75,47.0,62.681061122660296
D5_BASE_13881,452.75,47.5,63.43856363682897
D5_BASE_13881,452.75,48.0,64.39631997717044
D5_BASE_13881,452.75,48.5,65.53490772601351
D5_BASE_13881,452.75,49.0,66.83803907489056
D5_BASE_13881,452.75,49.5,68.29188029002782
D5_BASE_13881,452.75,50.0,69.88455318259795
D5_BASE_13881,453.0,25.0,168.71871760196575
D5_BASE_13881,453.0,25.5,25.371084485919486
D5_BASE_13881,453.0,26.0,147.9327618176807
D5_BASE_13881,453.0,26.5,72.75671462497611
D5_BASE_13881,453.0,27.0,65.62043471534868
D5_BASE_13881,453.0,27.5,155.56855029392642
D5_BASE_13881,453.0,28.0,38.48014358520068
D5_BASE_13881,453.0,28.5,85.5691825677926
D5_BASE_13881,453.0,29.0,140.18786586929443
D5_BASE_13881,453.0,29.5,5.857673175717254
D5_BASE_13881,453.0,30.0,123.41424848424082
D5_BASE_13881,453.0,30.5,100.75565579209513
D5_BASE_13881,453.0,31.0,49.73263942394125
D5_BASE_13881,453.0,31.5,165.36061256781144
D5_BASE_13881,453.0,32.0,43.55488088478153
D5_BASE_13881,453.0,32.5,82.78632770389443
D5_BASE_13881,453.0,33.0,97.38118790735099
D5_BASE_13881,453.0,33.5,110.98205626813643
D5_BASE_13881,453.0,34.0,112.70951732593143
D5_BASE_13881,453.0,34.5,3.17098252432543
D5_BASE_13881,453.0,35.0,165.23197727074017
D5_BASE_13881,453.0,35.5,124.74537028285339
D5_BASE_13881,453.0,36.0,103.93831863889505
D5_BASE_13881,453.0,36.5,15.065652955169433
D5_BASE_13881,453.0,37.0,12.931574356654894
D5_BASE_13881,453.0,37.5,126.59990081833728
D5_BASE_13881,453.0,38.0,49.842483031576954
D5_BASE_13881,453.0,38.5,100.64204461798246
D5_BASE_13881,453.0,39.0,35.3847798862038
D5_BASE_13881,453.0,39.5,55.2746612499298
D5_BASE_13881,453.0,40.0,107.39082679262046
D5_BASE_13881,453.0,40.5,34.104609871760346
D5_BASE_13881,453.0,41.0,84.34121291714982
D5_BASE_13881,453.0,41.5,84.75228382502509
D5_BASE_13881,453.0,42.0,81.75640686163365
D5_BASE_13881,453.0,42.5,73.30268365720192
D5_BASE_13881,453.0,43.0,69.08339815326961
D5_BASE_13881,453.0,43.5,66.3247511278037
D5_BASE_13881,453.0,44.0,64.45013404265536
D5_BASE_13881,453.0,44.5,63.20910868903236
D5_BASE_13881,453.0,45.0,62.460325470664124
D5_BASE_13881,453.0,45.5,62.11243452472556
D5_BASE_13881,453.0,46.0,62.10135774588361
D5_BASE_13881,453.0,46.5,62.37962567421615
D5_BASE_13881,453.0,47.0,62.91067844534586
D5_BASE_13881,453.0,47.5,63.66552618629557
D5_BASE_13881,453.0,48.0,64.62065377846513
D5_BASE_13881,453.0,48.5,65.75663551890048
D5_BASE_13881,453.0,49.0,67.05718038094737
D5_BASE_13881,453.0,49.5,68.50845160641595
D5_BASE_13881,453.0,50.0,70.0985682284726
D5_BASE_13881,453.25,25.0,161.60158906616675
D5_BASE_13881,453.25,25.5,21.56712934739217
D5_BASE_13881,453.25,26.0,152.7373283120301
D5_BASE_13881,453.25,26.5,69.28279224285102
D5_BASE_13881,453.25,27.0,69.83993792660259
D5_BASE_13881,453.25,27.5,152.23195629839384
D5_BASE_13881,453.25,28.0,35.53252084487377
D5_BASE_13881,453.25,28.5,88.70087754903284
D5_BASE_13881,453.25,29.0,136.97791958592077
D5_BASE_13881,453.25,29.5,2.778429734531577
D5_BASE_13881,453.25,30.0,126.38222969270291
D5_BASE_13881,453.25,30.5,97.65651048154518
D5_BASE_13881,453.25,31.0,52.79186806198683
D5_BASE_13881,453.25,31.5,162.90368144433464
D5_BASE_13881,453.25,32.0,41.44640685479919
D5_BASE_13881,453.25,32.5,85.41073238917608
D5_BASE_13881,453.25,33.0,93.74448359851499
D5_BASE_13881,453.25,33.5,113.67644121632422
D5_BASE_13881,453.25,34.0,111.26133078254016
D5_BASE_13881,453.25,34.5,1.4643456353207271
D5_BASE_13881,453.25,35.0,161.35815329089016
D5_BASE_13881,453.25,35.5,127.08123003863751
D5_BASE_13881,453.25,36.0,103.06867100469219
D5_BASE_13881,453.25,36.5,16.876222257159515
D5_BASE_13881,453.25,37.0,17.211308945840543
D5_BASE_13881,453.25,37.5,125.93861815810564
D5_BASE_13881,453.25,38.0,52.900663143433285
D5_BASE_13881,453.25,38.5,104.4806951218746
D5_BASE_13881,453.25,39.0,42.931831454108135
D5_BASE_13881,453.25,39.5,54.385067902110556
D5_BASE_13881,453.25,40.0,107.34568708478176
D5_BASE_13881,453.25,40.5,32.59704142465332
D5_BASE_13881,453.25,41.0,84.43692437204645
D5_BASE_13881,453.25,41.5,84.88623445369275
D5_BASE_13881,453.25,42.0,81.98279144214706
D5_BASE_13881,453.25,42.5,73.5533505056606
D5_BASE_13881,453.25,43.0,69.33399031754148
D5_BASE_13881,453.25,43.5,66.57320487198001
D5_BASE_13881,453.25,44.0,64.69596490350204
D5_BASE_13881,453.25,44.5,63.45218037923933
D5_BASE_13881,453.25,45.0,62.70061143114428
D5_BASE_13881,453.25,45.5,62.3499480145437
D5_BASE_13881,453.25,46.0,62.33612648273382
D5_BASE_13881,453.25,46.5,62.61168147599851
D5_BASE_13881,453.25,47.0,63.14005274864463
D5_BASE_13881,453.25,47.5,63.89224810827942
D5_BASE_13881,453.25,48.0,64.844749352786
D5_BASE_13881,453.25,48.5,65.97812749330377
D5_BASE_13881,453.25,49.0,67.27608828547744
D5_BASE_13881,453.25,49.5,68.72479194767487
D5_BASE_13881,453.25,50.0,70.31235473619488
D5_BASE_13881,453.5,25.0,154.95704048399705
D5_BASE_13881,453.5,25.5,17.701006740499427
D5_BASE_13881,453.5,26.0,157.47760235863404
D5_BASE_13881,453.5,26.5,65.79606198244919
D5_BASE_13881,453.5,27.0,74.0639772846986
D5_BASE_13881,453.5,27.5,148.9253866714712
D5_BASE_13881,453.5,28.0,32.58772847953874
D5_BASE_13881,453.5,28.5,91.83595895512354
D5_BASE_13881,453.5,29.0,133.76751641083032
D5_BASE_13881,453.5,29.5,0.2974504088110922
D5_BASE_13881,453.5,30.0,129.34933498001416
D5_BASE_13881,453.5,30.5,94.55814301342058
D5_BASE_13881,453.5,31.0,55.83887257989664
D5_BASE_13881,453.5,31.5,160.46088325437728
D5_BASE_13881,453.5,32.0,39.33608850783914
D5_BASE_13881,453.5,32.5,88.05263798042176
D5_BASE_13881,453.5,33.0,90.10193684136952
D5_BASE_13881,453.5,33.5,116.3328684666427
D5_BASE_13881,453.5,34.0,109.82019139035205
D5_BASE_13881,453.5,34.5,0.25876342750611614
D5_BASE_13881,453.5,35.0,157.45380025178056
D5_BASE_13881,453.5,35.5,129.36690589977982
D5_BASE_13881,453.5,36.0,102.20159120154253
D5_BASE_13881,453.5,36.5,18.717139192713358
D5_BASE_13881,453.5,37.0,21.456911662210718
D5_BASE_13881,453.5,37.5,125.28489575818257
D5_BASE_13881,453.5,38.0,56.002861887518506
D5_BASE_13881,453.5,38.5,108.21342610130019
D5_BASE_13881,453.5,39.0,50.63705176859295
D5_BASE_13881,453.5,39.5,53.45706356749642
D5_BASE_13881,453.5,40.0,107.30447884925117
D5_BASE_13881,453.5,40.5,30.999147942802153
D5_BASE_13881,453.5,41.0,84.5317606055165
D5_BASE_13881,453.5,41.5,85.02036437679196
D5_BASE_13881,453.5,42.0,82.20933140849394
D5_BASE_13881,453.5,42.5,73.80377992791621
D5_BASE_13881,453.5,43.0,69.58432800806526
D5_BASE_13881,453.5,43.5,66.82140204320805
D5_BASE_13881,453.5,44.0,64.9415400104803
D5_BASE_13881,453.5,44.5,63.69499805100434
D5_BASE_13881,453.5,45.0,62.940645466083836
D5_BASE_13881,453.5,45.5,62.58721182806422
D5_BASE_13881,453.5,46.0,62.57064786558739
D5_BASE_13881,453.5,46.5,62.84349228198701
D5_BASE_13881,453.5,47.0,63.369184433266184
D5_BASE_13881,453.5,47.5,64.11872980009957
D5_BASE_13881,453.5,48.0,65.06860709395869
D5_BASE_13881,453.5,48.5,66.19938403947032
D5_BASE_13881,453.5,49.0,67.494763175074
D5_BASE_13881,453.5,49.5,68.94090169667733
D5_BASE_13881,453.5,50.0,70.52591308485167
D5_BASE_13881,453.75,25.0,148.74616969161787
D5_BASE_13881,453.75,25.5,13.767710033698386
D5_BASE_13881,453.75,26.0,162.15149010162412
D5_BASE_13881,453.75,26.5,62.294148138735984
D5_BASE_13881,453.75,27.0,78.28953445960815
D5_BASE_13881,453.75,27.5,145.64819757528903
D5_BASE_13881,453.75,28.0,29.64523339780557
D5_BASE_13881,453.75,28.5,94.97448337283299
D5_BASE_13881,453.75,29.0,130.5567004194067
D5_BASE_13881,453.75,29.5,3.3699147590373215
D5_BASE_13881,453.75,30.0,132.31556219877194
D5_BASE_13881,453.75,30.5,91.46073121967292
D5_BASE_13881,453.75,31.0,58.87342886042564
D5_BASE_13881,453.75,31.5,158.03187245582345
D5_BASE_13881,453.75,32.0,37.22358737669667
D5_BASE_13881,453.75,32.5,90.71217250869947
D5_BASE_13881,453.75,33.0,86.45450916972212
D5_BASE_13881,453.75,33.5,118.95185550317127
D5_BASE_13881,453.75,34.0,108.38567096799757
D5_BASE_13881,453.75,34.5,1.9987644212407516
D5_BASE_13881,453.75,35.0,153.51972476951252
D5_BASE_13881,453.75,35.5,131.6037615744132
D5_BASE_13881,453.75,36.0,101.33680697631637
D5_BASE_13881,453.75,36.5,20.589049672835344
D5_BASE_13881,453.75,37.0,25.662828189787724
D5_BASE_13881,453.75,37.5,124.63837631326408
D5_BASE_13881,453.75,38.0,59.14689645298951
D5_BASE_13881,453.75,38.5,111.83699056824392
D5_BASE_13881,453.75,39.0,58.43649963680702
D5_BASE_13881,453.75,39.5,52.48871179426886
D5_BASE_13881,453.75,40.0,107.2670431217409
D5_BASE_13881,453.75,40.5,29.304611293479073
D5_BASE_13881,453.75,41.0,84.62567000365355
D5_BASE_13881,453.75,41.5,85.15462217767228
D5_BASE_13881,453.75,42.0,82.43601824935352
D5_BASE_13881,453.75,42.5,74.05397212095144
D5_BASE_13881,453.75,43.0,69.83441160104877
D5_BASE_13881,453.75,43.5,67.0693430462509
D5_BASE_13881,453.75,44.0,65.18685977517345
D5_BASE_13881,453.75,44.5,63.93756211681368
D5_BASE_13881,453.75,45.0,63.18042798667549
D5_BASE_13881,453.75,45.5,62.82422637420468
D5_BASE_13881,453.75,46.0,62.80492230058375
D5_BASE_13881,453.75,46.5,63.07505849525208
D5_BASE_13881,453.75,47.0,63.59807389902874
D5_BASE_13881,453.75,47.5,64.3449716581887
D5_BASE_13881,453.75,48.0,65.2922273949304
D5_BASE_13881,453.75,48.5,66.42040554677726
D5_BASE_13881,453.75,49.0,67.7132054354697
D5_BASE_13881,453.75,49.5,69.15678123544183
D5_BASE_13881,453.75,50.0,70.73924365268462
D5_BASE_13881,454.0,25.0,142.9290653951917
D5_BASE_13881,454.0,25.5,9.762545258634898
D5_BASE_13881,454.0,26.0,166.7575542175222
D5_BASE_13881,454.0,26.5,58.77473746070305
D5_BASE_13881,454.0,27.0,82.51354297052595
D5_BASE_13881,454.0,27.5,142.3996972446476
D5_BASE_13881,454.0,28.0,26.704516236335547
D5_BASE_13881,454.0,28.5,98.11650133934359
D5_BASE_13881,454.0,29.0,127.34552000255258
D5_BASE_13881,454.0,29.5,6.438910582151727
D5_BASE_13881,454.0,30.0,135.28090701011848
D5_BASE_13881,454.0,30.5,88.36445613114209
D5_BASE_13881,454.0,31.0,61.89532632234825
D5_BASE_13881,454.0,31.5,155.61630113990228
D5_BASE_13881,454.0,32.0,35.10856905313984
D5_BASE_13881,454.0,32.5,93.38945366964097
D5_BASE_13881,454.0,33.0,82.80319768968874
D5_BASE_13881,454.0,33.5,121.53395061738891
D5_BASE_13881,454.0,34.0,106.95734960095554
D5_BASE_13881,454.0,34.5,3.756079769638188
D5_BASE_13881,454.0,35.0,149.55680843095018
D5_BASE_13881,454.0,35.5,133.79315325426816
D5_BASE_13881,454.0,36.0,100.4740506622428
D5_BASE_13881,454.0,36.5,22.492603916153524
D5_BASE_13881,454.0,37.0,29.823744823401345
D5_BASE_13881,454.0,37.5,123.9987142740885
D5_BASE_13881,454.0,38.0,62.33036556324907
D5_BASE_13881,454.0,38.5,115.34919292483816
D5_BASE_13881,454.0,39.0,66.26118463602435
D5_BASE_13881,454.0,39.5,51.47796279990748
D5_BASE_13881,454.0,40.0,107.2332271377461
D5_BASE_13881,454.0,40.5,27.5066362915141
D5_BASE_13881,454.0,41.0,84.71860039274559
D5_BASE_13881,454.0,41.5,85.28895713578352
D5_BASE_13881,454.0,42.0,82.66284371351398
D5_BASE_13881,454.0,42.5,74.30392728348622
D5_BASE_13881,454.0,43.0,70.08424147216662
D5_BASE_13881,454.0,43.5,67.31702828506123
D5_BASE_13881,454.0,44.0,65.43192460828719
D5_BASE_13881,454.0,44.5,64.17987298825331
D5_BASE_13881,454.0,45.0,63.419959403207024
D5_BASE_13881,454.0,45.5,63.060992060978435
D5_BASE_13881,454.0,46.0,63.03895019296017
D5_BASE_13881,454.0,46.5,63.30638051796869
D5_BASE_13881,454.0,47.0,63.82672154485936
D5_BASE_13881,454.0,47.5,64.57097407809769
D5_BASE_13881,454.0,48.0,65.51561064777336
D5_BASE_13881,454.0,48.5,66.6411924037342
D5_BASE_13881,454.0,49.0,67.93141545153662
D5_BASE_13881,454.0,49.5,69.3724309451361
D5_BASE_13881,454.0,50.0,70.95234681709255
D5_BASE_13881,454.25,25.0,137.46659396019567
D5_BASE_13881,454.25,25.5,5.681166277327826
D5_BASE_13881,454.25,26.0,171.29498031443646
D5_BASE_13881,454.25,26.5,55.23558594781178
D5_BASE_13881,454.25,27.0,86.73291389494592
D5_BASE_13881,454.25,27.5,139.1791515901094
D5_BASE_13881,454.25,28.0,23.765071604675846
D5_BASE_13881,454.25,28.5,101.26205762053065
D5_BASE_13881,454.25,29.0,124.134027965722
D5_BASE_13881,454.25,29.5,9.504384993640622
D5_BASE_13881,454.25,30.0,138.24536289613468
D5_BASE_13881,454.25,30.5,85.26950178781108
D5_BASE_13881,454.25,31.0,64.90436816101636
D5_BASE_13881,454.25,31.5,153.2138194938309
D5_BASE_13881,454.25,32.0,32.99070313439326
D5_BASE_13881,454.25,32.5,96.08458854019979
D5_BASE_13881,454.25,33.0,79.1490338035188
D5_BASE_13881,454.25,33.5,124.07972928044069
D5_BASE_13881,454.25,34.0,105.53481528766469
D5_BASE_13881,454.25,34.5,5.53113454437289
D5_BASE_13881,454.25,35.0,145.5660126989705
D5_BASE_13881,454.25,35.5,135.9364254211495
D5_BASE_13881,454.25,36.0,99.61305890311715
D5_BASE_13881,454.25,36.5,24.42845584620622
D5_BASE_13881,454.25,37.0,33.934642177971575
D5_BASE_13881,454.25,37.5,123.36557524155053
D5_BASE_13881,454.25,38.0,65.55065888437784
D5_BASE_13881,454.25,38.5,118.74880001817395
D5_BASE_13881,454.25,39.0,74.0406690627281
D5_BASE_13881,454.25,39.5,50.422647000563494
D5_BASE_13881,454.25,40.0,107.2028840047186
D5_BASE_13881,454.25,40.5,25.597926807384216
D5_BASE_13881,454.25,41.0,84.8104989806746
D5_BASE_13881,454.25,41.5,85.42331914987193
D5_BASE_13881,454.25,42.0,82.88979980024939
D5_BASE_13881,454.25,42.5,74.55364561594047
D5_BASE_13881,454.25,43.0,70.33381799655895
D5_BASE_13881,454.25,43.5,67.56445816278371
D5_BASE_13881,454.25,44.0,65.67673491964968
D5_BASE_13881,454.25,44.5,64.4219310760116
D5_BASE_13881,454.25,45.0,63.65924012506224
D5_BASE_13881,454.25,45.5,63.297509295494855
D5_BASE_13881,454.25,46.0,63.272731947055235
D5_BASE_13881,454.25,46.5,63.53745875141772
D5_BASE_13881,454.25,47.0,64.0551277687988
D5_BASE_13881,454.25,47.5,64.79673745449583
D5_BASE_13881,454.25,48.0,65.73875724368571
D5_BASE_13881,454.25,48.5,66.86174499798429
D5_BASE_13881,454.25,49.0,68.14939360728944
D5_BASE_13881,454.25,49.5,69.58785120607776
D5_BASE_13881,454.25,50.0,71.16522295463358
D5_BASE_13881,454.5,25.0,132.32150446027055
D5_BASE_13881,454.5,25.5,1.5196178662753206
D5_BASE_13881,454.5,26.0,175.76353656737012
D5_BASE_13881,454.5,26.5,51.6745263893661
D5_BASE_13881,454.5,27.0,90.94456182799081
D5_BASE_13881,454.5,27.5,135.98578950460757
D5_BASE_13881,454.5,28.0,20.826408300631357
D5_BASE_13881,454.5,28.5,104.41119148606265
D5_BASE_13881,454.5,29.0,120.92228162398683
D5_BASE_13881,454.5,29.5,12.566285047133476
D5_BASE_13881,454.5,30.0,141.20892117412706
D5_BASE_13881,454.5,30.5,82.17605503986218
D5_BASE_13881,454.5,31.0,67.90037154293503
D5_BASE_13881,454.5,31.5,150.8240762342454
D5_BASE_13881,454.5,32.0,30.869663173627043
D5_BASE_13881,454.5,32.5,98.79767328760548
D5_BASE_13881,454.5,33.0,75.49308161723158
D5_BASE_13881,454.5,33.5,126.58979070716292
D5_BASE_13881,454.5,34.0,104.1176635946641
D5_BASE_13881,454.5,34.5,7.324356431998864
D5_BASE_13881,454.5,35.0,141.54838375232978
D5_BASE_13881,454.5,35.5,138.03490724420524
D5_BASE_13881,454.5,36.0,98.75357238734792
D5_BASE_13881,454.5,36.5,26.39726243459331
D5_BASE_13881,454.5,37.0,37.990841276195766
D5_BASE_13881,454.5,37.5,122.73863539223969
D5_BASE_13881,454.5,38.0,68.80496976529932
D5_BASE_13881,454.5,38.5,122.03544348715558
D5_BASE_13881,454.5,39.0,81.706860068882
D5_BASE_13881,454.5,39.5,49.32046839121081
D5_BASE_13881,454.5,40.0,107.17587239382111
D5_BASE_13881,454.5,40.5,23.57066599495363
D5_BASE_13881,454.5,41.0,84.90131229708308
D5_BASE_13881,454.5,41.5,85.55765866332096
D5_BASE_13881,454.5,42.0,83.1168787501253
D5_BASE_13881,454.5,42.5,74.803127320397
D5_BASE_13881,454.5,43.0,70.58314154882918
D5_BASE_13881,454.5,43.5,67.81163308175547
D5_BASE_13881,454.5,44.0,65.9212911182152
D5_BASE_13881,454.5,44.5,64.66373678988174
D5_BASE_13881,454.5,45.0,63.89827056072451
D5_BASE_13881,454.5,45.5,63.53377848396401
D5_BASE_13881,454.5,46.0,63.50626796631115
D5_BASE_13881,454.5,46.5,63.768293595988744
D5_BASE_13881,454.5,47.0,64.28329296800186
D5_BASE_13881,454.5,47.5,65.02226218117507
D5_BASE_13881,454.5,48.0,65.9616675729961
D5_BASE_13881,454.5,48.5,67.08206371630871
D5_BASE_13881,454.5,49.0,68.36714028588818
D5_BASE_13881,454.5,49.5,69.80304239773872
D5_BASE_13881,454.5,50.0,71.37787244102701
D5_BASE_13881,454.75,25.0,127.4590381019028
D5_BASE_13881,454.75,25.5,2.7256135758237012
D5_BASE_13881,454.75,26.0,179.8364713617091
D5_BASE_13881,454.75,26.5,48.089476705515324
D5_BASE_13881,454.75,27.0,95.14543062469961
D5_BASE_13881,454.75,27.5,132.81880786142898
D5_BASE_13881,454.75,28.0,17.888049498305612
D5_BASE_13881,454.75,28.5,107.56393697993929
D5_BASE_13881,454.75,29.0,117.71034289219837
D5_BASE_13881,454.75,29.5,15.624557823323876
D5_BASE_13881,454.75,30.0,144.17157101281387
D5_BASE_13881,454.75,30.5,79.08430533978145
D5_BASE_13881,454.75,31.0,70.8831677549482
D5_BASE_13881,454.75,31.5,148.4467190123717
D5_BASE_13881,454.75,32.0,28.745126634651985
D5_BASE_13881,454.75,32.5,101.52879287025424
D5_BASE_13881,454.75,33.0,71.83643602948877
D5_BASE_13881,454.75,33.5,129.06475461723187
D5_BASE_13881,454.75,34.0,102.70549732069638
D5_BASE_13881,454.75,34.5,9.136175685883797
D5_BASE_13881,454.75,35.0,137.50505716082313
D5_BASE_13881,454.75,35.5,140.08990951497424
D5_BASE_13881,454.75,36.0,97.89533559127493
D5_BASE_13881,454.75,36.5,28.3996829885767
D5_BASE_13881,454.75,37.0,41.98804124533423
D5_BASE_13881,454.75,37.5,122.1175809335302
D5_BASE_13881,454.75,38.0,72.09031129379363
D5_BASE_13881,454.75,38.5,125.20951805199454
D5_BASE_13881,454.75,39.0,89.19749429356177
D5_BASE_13881,454.75,39.5,48.168997838791064
D5_BASE_13881,454.75,40.0,107.15205624988923
D5_BASE_13881,454.75,40.5,21.416502894784664
D5_BASE_13881,454.75,41.0,84.99098613216732
D5_BASE_13881,454.75,41.5,85.69192659139954
D5_BASE_13881,454.75,42.0,83.34407303620716
D5_BASE_13881,454.75,42.5,75.05237260056639
D5_BASE_13881,454.75,43.0,70.83221250304267
D5_BASE_13881,454.75,43.5,68.05855344350806
D5_BASE_13881,454.75,44.0,66.16559361206572
D5_BASE_13881,454.75,44.5,64.90529053876394
D5_BASE_13881,454.75,45.0,64.1370511177783
D5_BASE_13881,454.75,45.5,63.76980003169787
D5_BASE_13881,454.75,46.0,63.739558653275715
D5_BASE_13881,454.75,46.5,63.99888545118316
D5_BASE_13881,454.75,47.0,64.51121753874142
D5_BASE_13881,454.75,47.5,65.24754865105126
D5_BASE_13881,454.75,48.0,66.18434202516424
D5_BASE_13881,454.75,48.5,67.30214894462765
D5_BASE_13881,454.75,49.0,68.58465586964013
D5_BASE_13881,454.75,49.5,70.01800489874597
D5_BASE_13881,454.75,50.0,71.59029565115722
D5_BASE_13881,455.0,25.0,122.84719592781555
D5_BASE_13881,455.0,25.5,7.057542252487957
D5_BASE_13881,455.0,26.0,175.50424825008676
D5_BASE_13881,455.0,26.5,44.478449135098316
D5_BASE_13881,455.0,27.0,99.33251846487953
D5_BASE_13881,455.0,27.5,129.6773761971365
D5_BASE_13881,455.0,28.0,14.949532910659348
D5_BASE_13881,455.0,28.5,110.72032318508019
D5_BASE_13881,455.0,29.0,114.49827836928722
D5_BASE_13881,455.0,29.5,18.679150518940197
D5_BASE_13881,455.0,30.0,147.1332994504119
D5_BASE_13881,455.0,30.5,75.99444452580238
D5_BASE_13881,455.0,31.0,73.852602308901
D5_BASE_13881,455.0,31.5,146.08139479193824
D5_BASE_13881,455.0,32.0,26.61677485102831
D5_BASE_13881,455.0,32.5,104.27802073025568
D5_BASE_13881,455.0,33.0,68.18022050355846
D5_BASE_13881,455.0,33.5,131.5052581959969
D5_BASE_13881,455.0,34.0,101.29792616967086
D5_BASE_13881,455.0,34.5,10.967025062311462
D5_BASE_13881,455.0,35.0,133.43726228627332
D5_BASE_13881,455.0,35.5,142.10272206926325
D5_BASE_13881,455.0,36.0,97.03809653123314
D5_BASE_13881,455.0,36.5,30.436378381917226
D5_BASE_13881,455.0,37.0,45.92234820788217
D5_BASE_13881,455.0,37.5,121.5021075864603
D5_BASE_13881,455.0,38.0,75.40353556084479
D5_BASE_13881,455.0,38.5,128.27207963795587
D5_BASE_13881,455.0,39.0,96.45889012285339
D5_BASE_13881,455.0,39.5,46.96566637096292
D5_BASE_13881,455.0,40.0,107.13130451835642
D5_BASE_13881,455.0,40.5,19.12654835572463
D5_BASE_13881,455.0,41.0,85.07946547394857
D5_BASE_13881,455.0,41.5,85.82607425017524
D5_BASE_13881,455.0,42.0,83.57137535565118
D5_BASE_13881,455.0,42.5,75.30138166175044
D5_BASE_13881,455.0,43.0,71.08103123272501
D5_BASE_13881,455.0,43.5,68.30521964876898
D5_BASE_13881,455.0,44.0,66.40964280841311
D5_BASE_13881,455.0,44.5,65.14659273066782
D5_BASE_13881,455.0,45.0,64.37558220291214
D5_BASE_13881,455.0,45.5,64.00557434311307
D5_BASE_13881,455.0,46.0,63.97260440960515
D5_BASE_13881,455.0,46.5,64.22923471561495
D5_BASE_13881,455.0,47.0,64.73890187641021
D5_BASE_13881,455.0,47.5,65.47259725616772
D5_BASE_13881,455.0,48.0,66.40678098878388
D5_BASE_13881,455.0,48.5,67.52200106800336
D5_BASE_13881,455.0,49.0,68.80194074000246
D5_BASE_13881,455.0,49.5,70.23273908688446
D5_BASE_13881,455.0,50.0,71.80249295907434
D5_BASE_13881,455.25,25.0,118.45678255468005
D5_BASE_13881,455.25,25.5,11.47861901771151
D5_BASE_13881,455.25,26.0,171.23855844814474
D5_BASE_13881,455.25,26.5,40.83956029942854
D5_BASE_13881,455.25,27.0,103.5029018025429
D5_BASE_13881,455.25,27.5,126.56064107793752
D5_BASE_13881,455.25,28.0,12.010410928192186
D5_BASE_13881,455.25,28.5,113.88037448058051
D5_BASE_13881,455.25,29.0,111.28615941576321
D5_BASE_13881,455.25,29.5,21.7300105355659
D5_BASE_13881,455.25,30.0,150.09409141463223
D5_BASE_13881,455.25,30.5,72.90666659704875
D5_BASE_13881,455.25,31.0,76.80853500289005
D5_BASE_13881,455.25,31.5,143.7277502008821
D5_BASE_13881,455.25,32.0,24.48429298977132
D5_BASE_13881,455.25,32.5,107.04541847733249
D5_BASE_13881,455.25,33.0,64.52558452888083
D5_BASE_13881,455.25,33.5,133.9119532551662
D5_BASE_13881,455.25,34.0,99.89456643236487
D5_BASE_13881,455.25,34.5,12.817339739913836
D5_BASE_13881,455.25,35.0,129.3463262912496
D5_BASE_13881,455.25,35.5,144.07461164745544
D5_BASE_13881,455.25,36.0,96.18160652384685
D5_BASE_13881,455.25,36.5,32.508010227989445
D5_BASE_13881,455.25,37.0,49.79029529422377
D5_BASE_13881,455.25,37.5,120.89192009474078
D5_BASE_13881,455.25,38.0,78.7413559306213
D5_BASE_13881,455.25,38.5,131.22474642233365
D5_BASE_13881,455.25,39.0,103.44770700981007
D5_BASE_13881,455.25,39.5,45.70775856809991
D5_BASE_13881,455.25,40.0,107.11349088797427
D5_BASE_13881,455.25,40.5,16.691384053949673
D5_BASE_13881,455.25,41.0,85.16669444387107
D5_BASE_13881,455.25,41.5,85.9600532868814
D5_BASE_13881,455.25,42.0,83.79877862165952
D5_BASE_13881,455.25,42.5,75.55015471080787
D5_BASE_13881,455.25,43.0,71.32959811086101
D5_BASE_13881,455.25,43.5,68.55163209746341
D5_BASE_13881,455.25,44.0,66.65343911360146
D5_BASE_13881,455.25,44.5,65.38764377271484
D5_BASE_13881,455.25,45.0,64.61386422192113
D5_BASE_13881,455.25,45.5,64.24110182173325
D5_BASE_13881,455.25,46.0,64.20540563606633
D5_BASE_13881,455.25,46.5,64.45934178701498
D5_BASE_13881,455.25,47.0,64.9663463755228
D5_BASE_13881,455.25,47.5,65.69740838769611
D5_BASE_13881,455.25,48.0,66.62898485158559
D5_BASE_13881,455.25,48.5,67.74162047064188
D5_BASE_13881,455.25,49.0,69.01899527758428
D5_BASE_13881,455.25,49.5,70.4472453390997
D5_BASE_13881,455.25,50.0,72.0144647379973
D5_BASE_13881,455.5,25.0,114.26131127528915
D5_BASE_13881,455.5,25.5,15.99066254814868
D5_BASE_13881,455.5,26.0,167.03777483916366
D5_BASE_13881,455.5,26.5,37.17104215202278
D5_BASE_13881,455.5,27.0,107.6537577987002
D5_BASE_13881,455.5,27.5,123.46773015212678
D5_BASE_13881,455.5,28.0,9.070250735103366
D5_BASE_13881,455.5,28.5,117.04411079025938
D5_BASE_13881,455.5,29.0,108.07406222347473
D5_BASE_13881,455.5,29.5,24.777085568107534
D5_BASE_13881,455.5,30.0,153.0539297445809
D5_BASE_13881,455.5,30.5,69.82116748076828
D5_BASE_13881,455.5,31.0,79.75083994042605
D5_BASE_13881,455.5,31.5,141.38543185791653
D5_BASE_13881,455.5,32.0,22.347370019826553
D5_BASE_13881,455.5,32.5,109.8310355637688
D5_BASE_13881,455.5,33.0,60.87370078349746
D5_BASE_13881,455.5,33.5,136.28550359144114
D5_BASE_13881,455.5,34.0,98.49504067671765
D5_BASE_13881,455.5,34.5,14.68755722153811
D5_BASE_13881,455.5,35.0,125.23367763080107
D5_BASE_13881,455.5,35.5,146.00682014768637
D5_BASE_13881,455.5,36.0,95.3256199540769
D5_BASE_13881,455.5,36.5,34.615239994501316
D5_BASE_13881,455.5,37.0,53.58885401884065
D5_BASE_13881,455.5,37.5,120.28673175833812
D5_BASE_13881,455.5,38.0,82.1003720191155
D5_BASE_13881,455.5,38.5,134.06960511428193
D5_BASE_13881,455.5,39.0,110.13165073545463
D5_BASE_13881,455.5,39.5,44.39240619667874
D5_BASE_13881,455.5,40.0,107.09849354826137
D5_BASE_13881,455.5,40.5,14.101089383726006
D5_BASE_13881,455.5,41.0,85.2526162305703
D5_BASE_13881,455.5,41.5,86.09381561151702
D5_BASE_13881,455.5,42.0,84.02627595578294
D5_BASE_13881,455.5,42.5,75.79869195612017
D5_BASE_13881,455.5,43.0,71.57791350989372
D5_BASE_13881,455.5,43.5,68.79779118871545
D5_BASE_13881,455.5,44.0,66.89698293310916
D5_BASE_13881,455.5,44.5,65.62844407114042
D5_BASE_13881,455.5,45.0,64.85189757970882
D5_BASE_13881,455.5,45.5,64.476382870192
D5_BASE_13881,455.5,46.0,64.43796273254019
D5_BASE_13881,455.5,46.5,64.68920706223268
D5_BASE_13881,455.5,47.0,65.19355142971952
D5_BASE_13881,455.5,47.5,65.92198243594041
D5_BASE_13881,455.5,48.0,66.8509540004387
D5_BASE_13881,455.5,48.5,67.9610075358963
D5_BASE_13881,455.5,49.0,69.23581986214911
D5_BASE_13881,455.5,49.5,70.66152403149962
D5_BASE_13881,455.5,50.0,72.22621136031579
D5_BASE_13881,455.75,25.0,110.23682978922952
D5_BASE_13881,455.75,25.5,20.59478741220981
D5_BASE_13881,455.75,26.0,162.8999265070581
D5_BASE_13881,455.75,26.5,33.47125380181252
D5_BASE_13881,455.75,27.0,111.78238488538318
D5_BASE_13881,455.75,27.5,120.39775589469735
D5_BASE_13881,455.75,28.0,6.128634404076325
D5_BASE_13881,455.75,28.5,120.21154782114537
D5_BASE_13881,455.75,29.0,104.8620678767016
D5_BASE_13881,455.75,29.5,27.82032369270349
D5_BASE_13881,455.75,30.0,156.0127952145713
D5_BASE_13881,455.75,30.5,66.73814479211988
D5_BASE_13881,455.75,31.0,82.67940550904335
D5_BASE_13881,455.75,31.5,139.05408667505284
D5_BASE_13881,455.75,32.0,20.205698685483913
D5_BASE_13881,455.75,32.5,112.63490895009399
D5_BASE_13881,455.75,33.0,57.2257620133642
D5_BASE_13881,455.75,33.5,138.62658253948948
D5_BASE_13881,455.75,34.0,97.09897744654825
D5_BASE_13881,455.75,34.5,16.578117217595963
D5_BASE_13881,455.75,35.0,121.10084889841684
D5_BASE_13881,455.75,35.5,147.90056322935845
D5_BASE_13881,455.75,36.0,94.46989405055763
D5_BASE_13881,455.75,36.5,36.758728059450405
D5_BASE_13881,455.75,37.0,57.315437530346635
D5_BASE_13881,455.75,37.5,119.68626399016506
D5_BASE_13881,455.75,38.0,85.47709699538717
D5_BASE_13881,455.75,38.5,136.8091240669971
D5_BASE_13881,455.75,39.0,116.4892388720344
D5_BASE_13881,455.75,39.5,43.01658225914739
D5_BASE_13881,455.75,40.0,107.08619496068516
D5_BASE_13881,455.75,40.5,11.345292141713806
D5_BASE_13881,455.75,41.0,85.33717302164243
D5_BASE_13881,455.75,41.5,86.22731332947171
D5_BASE_13881,455.75,42.0,84.25386068054763
D5_BASE_13881,455.75,42.5,76.04699360755853
D5_BASE_13881,455.75,43.0,71.82597780172108
D5_BASE_13881,455.75,43.5,69.0436973208493
D5_BASE_13881,455.75,44.0,67.140274671551
D5_BASE_13881,455.75,44.5,65.86899403129726
D5_BASE_13881,455.75,45.0,65.08968268029093
D5_BASE_13881,455.75,45.5,64.71141789023461
D5_BASE_13881,455.75,46.0,64.67027609802204
D5_BASE_13881,455.75,46.5,64.91883093723808
D5_BASE_13881,455.75,47.0,65.42051743176698
D5_BASE_13881,455.75,47.5,66.14631979033828
D5_BASE_13881,455.75,48.0,67.07268882135389
D5_BASE_13881,455.75,48.5,68.18016264626789
D5_BASE_13881,455.75,49.0,69.45241487261765
D5_BASE_13881,455.75,49.5,70.87557553935686
D5_BASE_13881,455.75,50.0,72.43773319759322
D5_BASE_13881,456.0,25.0,106.36170622063759
D5_BASE_13881,456.0,25.5,25.291331329059055
D5_BASE_13881,456.0,26.0,158.82274424888882
D5_BASE_13881,456.0,26.5,29.73869417133224
D5_BASE_13881,456.0,27.0,115.88622116771755
D5_BASE_13881,456.0,27.5,117.34981905299226
D5_BASE_13881,456.0,28.0,3.185158970619498
D5_BASE_13881,456.0,28.5,123.38269729057356
D5_BASE_13881,456.0,29.0,101.65026240367858
D5_BASE_13881,456.0,29.5,30.859673453877658
D5_BASE_13881,456.0,30.0,158.970666559837
D5_BASE_13881,456.0,30.5,63.65779758700689
D5_BASE_13881,456.0,31.0,85.59413432005938
D5_BASE_13881,456.0,31.5,136.73336213717812
D5_BASE_13881,456.0,32.0,18.058975484880566
D5_BASE_13881,456.0,32.5,115.4570627612042
D5_BASE_13881,456.0,33.0,53.58297764924392
D5_BASE_13881,456.0,33.5,140.93587071421223
D5_BASE_13881,456.0,34.0,95.706010968526
D5_BASE_13881,456.0,34.5,18.48946150989673
D5_BASE_13881,456.0,35.0,116.94947889636545
D5_BASE_13881,456.0,35.5,149.75702922757714
D5_BASE_13881,456.0,36.0,93.61418866778807
D5_BASE_13881,456.0,36.5,38.93913270829276
D5_BASE_13881,456.0,37.0,60.96789646
D5_BASE_13881,456.0,37.5,119.09024589450217
D5_BASE_13881,456.0,38.0,88.86798674025829
D5_BASE_13881,456.0,38.5,139.44607420779994
D5_BASE_13881,456.0,39.0,122.50885326953818
D5_BASE_13881,456.0,39.5,41.57709567975469
D5_BASE_13881,456.0,40.0,107.07648164266358
D5_BASE_13881,456.0,40.5,8.413250194513504
D5_BASE_13881,456.0,41.0,85.42030593324647
D5_BASE_13881,456.0,41.5,86.36049867497908
D5_BASE_13881,456.0,42.0,84.48152631239718
D5_BASE_13881,456.0,42.5,76.29505987645054
D5_BASE_13881,456.0,43.0,72.073791357697
D5_BASE_13881,456.0,43.5,69.28935089139158
D5_BASE_13881,456.0,44.0,67.38331473268055
D5_BASE_13881,456.0,44.5,66.10929405765582
D5_BASE_13881,456.0,45.0,65.32721992679552
D5_BASE_13881,456.0,45.5,64.94620728272108
D5_BASE_13881,456.0,46.0,64.90234613062688
D5_BASE_13881,456.0,46.5,65.14821380712486
D5_BASE_13881,456.0,47.0,65.64724477356195
D5_BASE_13881,456.0,47.5,66.37042083946405
D5_BASE_13881,456.0,48.0,67.29418969948561
D5_BASE_13881,456.0,48.5,68.39908618341016
D5_BASE_13881,456.0,49.0,69.6687806870693
D5_BASE_13881,456.0,49.5,71.08940023711213
D5_BASE_13881,456.0,50.0,72.64903062056807
D5_BASE_14322,450.0,25.0,68.52466667332074
D5_BASE_14322,450.0,25.5,71.02646568374432
D5_BASE_14322,450.0,26.0,83.31637825686965
D5_BASE_14322,450.0,26.5,119.55095617471451
D5_BASE_14322,450.0,27.0,12.261156249268584
D5_BASE_14322,450.0,27.5,158.97759101076934
D5_BASE_14322,450.0,28.0,76.58357746525635
D5_BASE_14322,450.0,28.5,45.76765836562846
D5_BASE_14322,450.0,29.0,178.5883228287377
D5_BASE_14322,450.0,29.5,45.47550305801953
D5_BASE_14322,450.0,30.0,85.71487639740276
D5_BASE_14322,450.0,30.5,140.03785448975842
D5_BASE_14322,450.0,31.0,10.046140200512982
D5_BASE_14322,450.0,31.5,162.72352681253062
D5_BASE_14322,450.0,32.0,68.80548608493118
D5_BASE_14322,450.0,32.5,53.02050400395365
D5_BASE_14322,450.0,33.0,141.888388587046
D5_BASE_14322,450.0,33.5,74.16124122817178
D5_BASE_14322,450.0,34.0,129.68524101170388
D5_BASE_14322,450.0,34.5,19.49836452259809
D5_BASE_14322,450.0,35.0,151.09447799407513
D5_BASE_14322,450.0,35.5,91.84098976714779
D5_BASE_14322,450.0,36.0,111.29070949800362
D5_BASE_14322,450.0,36.5,0.9231229957478009
D5_BASE_14322,450.0,37.0,39.963124816080466
D5_BASE_14322,450.0,37.5,130.32315343060077
D5_BASE_14322,450.0,38.0,22.715139981619146
D5_BASE_14322,450.0,38.5,54.40368267281307
D5_BASE_14322,450.0,39.0,24.425949956286253
D5_BASE_14322,450.0,39.5,55.179370596147855
D5_BASE_14322,450.0,40.0,98.6594386906083
D5_BASE_14322,450.0,40.5,36.18693170560435
D5_BASE_14322,450.0,41.0,71.46204761763923
D5_BASE_14322,450.0,41.5,70.61372822726915
D5_BASE_14322,450.0,42.0,65.65234261334805
D5_BASE_14322,450.0,42.5,56.07116693792912
D5_BASE_14322,450.0,43.0,51.07957703661225
D5_BASE_14322,450.0,43.5,47.60104914550571
D5_BASE_14322,450.0,44.0,45.03677726150656
D5_BASE_14322,450.0,44.5,43.13055933252963
D5_BASE_14322,450.0,45.0,41.73879828820371
D5_BASE_14322,450.0,45.5,40.76912303525195
D5_BASE_14322,450.0,46.0,40.156992374421705
D5_BASE_14322,450.0,46.5,39.85477043376458
D5_BASE_14322,450.0,47.0,39.825903109615915
D5_BASE_14322,450.0,47.5,40.0415104749421
D5_BASE_14322,450.0,48.0,40.47825064370356
D5_BASE_14322,450.0,48.5,41.11690807028914
D5_BASE_14322,450.0,49.0,41.9414209578946
D5_BASE_14322,450.0,49.5,42.938188329300964
D5_BASE_14322,450.0,50.0,44.09556255217344
D5_BASE_14322,450.25,25.0,79.06928342673042
D5_BASE_14322,450.25,25.5,67.44059095908781
D5_BASE_14322,450.25,26.0,88.37767975350134
D5_BASE_14322,450.25,26.5,116.01460946771972
D5_BASE_14322,450.25,27.0,16.26624143317241
D5_BASE_14322,450.25,27.5,162.72130882145078
D5_BASE_14322,450.25,28.0,73.54876055290872
D5_BASE_14322,450.25,28.5,48.85344235481955
D5_BASE_14322,450.25,29.0,178.2161141330397
D5_BASE_14322,450.25,29.5,42.358191099559235
D5_BASE_14322,450.25,30.0,88.69153995591343
D5_BASE_14322,450.25,30.5,136.94832609339306
D5_BASE_14322,450.25,31.0,13.239166460632495
D5_BASE_14322,450.25,31.5,165.39460664367564
D5_BASE_14322,450.25,32.0,66.68043822412122
D5_BASE_14322,450.25,32.5,55.425150075691036
D5_BASE_14322,450.25,33.0,138.42056157063084
D5_BASE_14322,450.25,33.5,77.36731002428331
D5_BASE_14322,450.25,34.0,128.08711144036081
D5_BASE_14322,450.25,34.5,17.954133697035925
D5_BASE_14322,450.25,35.0,154.46275246552392
D5_BASE_14322,450.25,35.5,94.92675363180298
D5_BASE_14322,450.25,36.0,110.34110451115927
D5_BASE_14322,450.25,36.5,2.3987116417762353
D5_BASE_14322,450.25,37.0,35.643234582262004
D5_BASE_14322,450.25,37.5,129.51626426011654
D5_BASE_14322,450.25,38.0,25.00380593826577
D5_BASE_14322,450.25,38.5,58.87372611348974
D5_BASE_14322,450.25,39.0,20.69822631900355
D5_BASE_14322,450.25,39.5,54.63266194862181
D5_BASE_14322,450.25,40.0,98.55429316056671
D5_BASE_14322,450.25,40.5,35.41179328200992
D5_BASE_14322,450.25,41.0,71.56936095457922
D5_BASE_14322,450.25,41.5,70.74721953788296
D5_BASE_14322,450.25,42.0,65.88319638147046
D5_BASE_14322,450.25,42.5,56.3328129049787
D5_BASE_14322,450.25,43.0,51.3423562319324
D5_BASE_14322,450.25,43.5,47.86268998268527
D5_BASE_14322,450.25,44.0,45.29674375874471
D5_BASE_14322,450.25,44.5,43.38868913115631
D5_BASE_14322,450.25,45.0,41.995045268039114
D5_BASE_14322,450.25,45.5,41.02348253956456
D5_BASE_14322,450.25,46.0,40.40947416411073
D5_BASE_14322,450.25,46.5,40.10538763881672
D5_BASE_14322,450.25,47.0,40.07466744525341
D5_BASE_14322,450.25,47.5,40.288430177585546
D5_BASE_14322,450.25,48.0,40.723329671012
D5_BASE_14322,450.25,48.5,41.360145913064414
D5_BASE_14322,450.25,49.0,42.18281275228603
D5_BASE_14322,450.25,49.5,43.1777251133782
D5_BASE_14322,450.25,50.0,44.33323158630533
D5_BASE_14322,450.5,25.0,89.92961793862628
D5_BASE_14322,450.5,25.5,63.87579759048852
D5_BASE_14322,450.5,26.0,93.4447983422596
D5_BASE_14322,450.5,26.5,112.49530297856126
D5_BASE_14322,450.5,27.0,20.300996183025507
D5_BASE_14322,450.5,27.5,166.43311877334756
D5_BASE_14322,450.5,28.0,70.52462067341907
D5_BASE_14322,450.5,28.5,51.941006788116894
D5_BASE_14322,450.5,29.0,175.01967901880926
D5_BASE_14322,450.5,29.5,39.243597737827706
D5_BASE_14322,450.5,30.0,91.66714645986015
D5_BASE_14322,450.5,30.5,133.85751349798232
D5_BASE_14322,450.5,31.0,16.42386544324217
D5_BASE_14322,450.5,31.5,168.0477019855466
D5_BASE_14322,450.5,32.0,64.55835187253719
D5_BASE_14322,450.5,32.5,57.84422974370869
D5_BASE_14322,450.5,33.0,134.93684007619288
D5_BASE_14322,450.5,33.5,80.53331278308562
D5_BASE_14322,450.5,34.0,126.50222352095263
D5_BASE_14322,450.5,34.5,16.399017581730046
D5_BASE_14322,450.5,35.0,157.8677035676954
D5_BASE_14322,450.5,35.5,97.9477584853996
D5_BASE_14322,450.5,36.0,109.3980325572746
D5_BASE_14322,450.5,36.5,3.895815308379661
D5_BASE_14322,450.5,37.0,31.29535120929176
D5_BASE_14322,450.5,37.5,128.72257066590453
D5_BASE_14322,450.5,38.0,27.338967287013578
D5_BASE_14322,450.5,38.5,63.357681419451936
D5_BASE_14322,450.5,39.0,16.73912329962822
D5_BASE_14322,450.5,39.5,54.06398989353984
D5_BASE_14322,450.5,40.0,98.45563229417489
D5_BASE_14322,450.5,40.5,34.59445058370029
D5_BASE_14322,450.5,41.0,71.67639756841369
D5_BASE_14322,450.5,41.5,70.88159445364963
D5_BASE_14322,450.5,42.0,66.11433140968434
D5_BASE_14322,450.5,42.5,56.594216856814455
D5_BASE_14322,450.5,43.0,51.60487238392124
D5_BASE_14322,450.5,43.5,48.124063657654936
D5_BASE_14322,450.5,44.0,45.556442156171315
D5_BASE_14322,450.5,44.5,43.64655087179529
D5_BASE_14322,450.5,45.0,42.25102460955486
D5_BASE_14322,450.5,45.5,41.27757499188843
D5_BASE_14322,450.5,46.0,40.66168957106597
D5_BASE_14322,450.5,46.5,40.35573917911392
D5_BASE_14322,450.5,47.0,40.32316687011887
D5_BASE_14322,450.5,47.5,40.53508575665695
D5_BASE_14322,450.5,48.0,40.96814539708156
D5_BASE_14322,450.5,48.5,41.603121316151096
D5_BASE_14322,450.5,49.0,42.423943012717714
D5_BASE_14322,450.5,49.5,43.417001318565475
D5_BASE_14322,450.5,50.0,44.57064105096157
D5_BASE_14322,450.75,25.0,100.96785852211018
D5_BASE_14322,450.75,25.5,60.32338340284947
D5_BASE_14322,450.75,26.0,98.5107708376969
D5_BASE_14322,450.75,26.5,108.99042667757786
D5_BASE_14322,450.75,27.0,24.364386843750545
D5_BASE_14322,450.75,27.5,170.1125888343172
D5_BASE_14322,450.75,28.0,67.51050424208286
D5_BASE_14322,450.75,28.5,55.03051545592763
D5_BASE_14322,450.75,29.0,171.82236578724448
D5_BASE_14322,450.75,29.5,36.131766872041815
D5_BASE_14322,450.75,30.0,94.64172298796407
D5_BASE_14322,450.75,30.5,130.76554061794022
D5_BASE_14322,450.75,31.0,19.599876152177337
D5_BASE_14322,450.75,31.5,170.68307675080254
D5_BASE_14322,450.75,32.0,62.43884010148667
D5_BASE_14322,450.75,32.5,60.27798254005717
D5_BASE_14322,450.75,33.0,131.43772989867253
D5_BASE_14322,450.75,33.5,83.65904768712744
D5_BASE_14322,450.75,34.0,124.93001989796619
D5_BASE_14322,450.75,34.5,14.832641692200253
D5_BASE_14322,450.75,35.0,161.3092591480844
D5_BASE_14322,450.75,35.5,100.9048325525918
D5_BASE_14322,450.75,36.0,108.46113924348164
D5_BASE_14322,450.75,36.5,5.414949830898276
D5_BASE_14322,450.75,37.0,26.92309616450185
D5_BASE_14322,450.75,37.5,127.94151030579951
D5_BASE_14322,450.75,38.0,29.720837281780643
D5_BASE_14322,450.75,38.5,67.84221036718876
D5_BASE_14322,450.75,39.0,12.534518890364287
D5_BASE_14322,450.75,39.5,53.4723605211843
D5_BASE_14322,450.75,40.0,98.36318750133971
D5_BASE_14322,450.75,40.5,33.7323311385531
D5_BASE_14322,450.75,41.0,71.7831082307834
D5_BASE_14322,450.75,41.5,71.01678600642019
D5_BASE_14322,450.75,42.0,66.34573509763995
D5_BASE_14322,450.75,42.5,56.85537894366085
D5_BASE_14322,450.75,43.0,51.86712585550551
D5_BASE_14322,450.75,43.5,48.38517056882078
D5_BASE_14322,450.75,44.0,45.81587286341515
D5_BASE_14322,450.75,44.5,43.904144968941225
D5_BASE_14322,450.75,45.0,42.50673672986301
D5_BASE_14322,450.75,45.5,41.531400811011494
D5_BASE_14322,450.75,46.0,40.91363901530538
D5_BASE_14322,450.75,46.5,40.60582547566416
D5_BASE_14322,450.75,47.0,40.571401806059235
D5_BASE_14322,450.75,47.5,40.781477634723856
D5_BASE_14322,450.75,48.0,41.21269824509109
D5_BASE_14322,450.75,48.5,41.84583470322643
D5_BASE_14322,450.75,49.0,42.664812163242566
D5_BASE_14322,450.75,49.5,43.65601736915722
D5_BASE_14322,450.75,50.0,44.80779137052911
D5_BASE_14322,451.0,25.0,112.03209858531537
D5_BASE_14322,451.0,25.5,56.77516263627155
D5_BASE_14322,451.0,26.0,103.56865773915192
D5_BASE_14322,451.0,26.5,105.49736814351492
D5_BASE_14322,451.0,27.0,28.45516485681135
D5_BASE_14322,451.0,27.5,173.75940959660593
D5_BASE_14322,451.0,28.0,64.50576484671879
D5_BASE_14322,451.0,28.5,58.12212359273072
D5_BASE_14322,451.0,29.0,168.624171837721
D5_BASE_14322,451.0,29.5,33.022743631763184
D5_BASE_14322,451.0,30.0,97.61529443523288
D5_BASE_14322,451.0,30.5,127.67253637633081
D5_BASE_14322,451.0,31.0,22.766844876019498
D5_BASE_14322,451.0,31.5,173.30100536083538
D5_BASE_14322,451.0,32.0,60.321520906231264
D5_BASE_14322,451.0,32.5,62.72664157446539
D5_BASE_14322,451.0,33.0,127.92377156910187
D5_BASE_14322,451.0,33.5,86.74439578585225
D5_BASE_14322,451.0,34.0,123.36995643496103
D5_BASE_14322,451.0,34.5,13.254629853478212
D5_BASE_14322,451.0,35.0,164.78731375883373
D5_BASE_14322,451.0,35.5,103.79891134593936
D5_BASE_14322,451.0,36.0,107.53007917840117
D5_BASE_14322,451.0,36.5,6.956638221332446
D5_BASE_14322,451.0,37.0,22.53052250228629
D5_BASE_14322,451.0,37.5,127.1725432452962
D5_BASE_14322,451.0,38.0,32.14952361434366
D5_BASE_14322,451.0,38.5,72.31394084021794
D5_BASE_14322,451.0,39.0,8.070987542731624
D5_BASE_14322,451.0,39.5,52.85672511554466
D5_BASE_14322,451.0,40.0,98.2767025456259
D5_BASE_14322,451.0,40.5,32.82266735048563
D5_BASE_14322,451.0,41.0,71.88944380789401
D5_BASE_14322,451.0,41.5,71.1527291234499
D5_BASE_14322,451.0,42.0,66.57739526405918
D5_BASE_14322,451.0,42.5,57.11629931814268
D5_BASE_14322,451.0,43.0,52.129117009244204
D5_BASE_14322,451.0,43.5,48.64601111389656
D5_BASE_14322,451.0,44.0,46.0750362893273
D5_BASE_14322,451.0,44.5,44.16147183627771
D5_BASE_14322,451.0,45.0,42.762182045248295
D5_BASE_14322,451.0,45.5,41.78496041488402
D5_BASE_14322,451.0,46.0,41.1653229160007
D5_BASE_14322,451.0,46.5,40.85564694862243
D5_BASE_14322,451.0,47.0,40.8193726740608
D5_BASE_14322,451.0,47.5,41.027606233487745
D5_BASE_14322,451.0,48.0,41.45698863734793
D5_BASE_14322,451.0,48.5,42.088286497090365
D5_BASE_14322,451.0,49.0,42.9054206270311
D5_BASE_14322,451.0,49.5,43.894773688558445
D5_BASE_14322,451.0,50.0,45.044682968501405
D5_BASE_14322,451.25,25.0,122.96974783248902
D5_BASE_14322,451.25,25.5,53.22340828930143
D5_BASE_14322,451.25,26.0,108.61164458229868
D5_BASE_14322,451.25,26.5,102.01351814413069
D5_BASE_14322,451.25,27.0,32.571867475444485
D5_BASE_14322,451.25,27.5,177.37338911668047
D5_BASE_14322,451.25,28.0,61.50976410235279
D5_BASE_14322,451.25,28.5,61.21597807492366
D5_BASE_14322,451.25,29.0,165.42509809427895
D5_BASE_14322,451.25,29.5,29.916574307165288
D5_BASE_14322,451.25,30.0,100.58788350143351
D5_BASE_14322,451.25,30.5,124.57863462722023
D5_BASE_14322,451.25,31.0,25.924425923536766
D5_BASE_14322,451.25,31.5,175.90177189558673
D5_BASE_14322,451.25,32.0,58.20601712539336
D5_BASE_14322,451.25,32.5,65.1904333638059
D5_BASE_14322,451.25,33.0,124.395541568193
D5_BASE_14322,451.25,33.5,89.78931695373694
D5_BASE_14322,451.25,34.0,121.82150177195399
D5_BASE_14322,451.25,34.5,11.664604081800203
D5_BASE_14322,451.25,35.0,168.30172595864275
D5_BASE_14322,451.25,35.5,106.63102312236873
D5_BASE_14322,451.25,36.0,106.60451552304693
D5_BASE_14322,451.25,36.5,8.521410633675067
D5_BASE_14322,451.25,37.0,18.12208971309878
D5_BASE_14322,451.25,37.5,126.41515077795228
D5_BASE_14322,451.25,38.0,34.625019748711914
D5_BASE_14322,451.25,38.5,76.75970794173479
D5_BASE_14322,451.25,39.0,3.3364005264742524
D5_BASE_14322,451.25,39.5,52.21597665282793
D5_BASE_14322,451.25,40.0,98.19593281970397
D5_BASE_14322,451.25,40.5,31.86247981962633
D5_BASE_14322,451.25,41.0,71.99535520673219
D5_BASE_14322,451.25,41.5,71.28936049970477
D5_BASE_14322,451.25,42.0,66.80930012969068
D5_BASE_14322,451.25,42.5,57.3769781352365
D5_BASE_14322,451.25,43.0,52.390846207326575
D5_BASE_14322,451.25,43.5,48.90658568990454
D5_BASE_14322,451.25,44.0,46.33393284198292
D5_BASE_14322,451.25,44.5,44.41853188667935
D5_BASE_14322,451.25,45.0,43.01736097116984
D5_BASE_14322,451.25,45.5,42.03825422061907
D5_BASE_14322,451.25,46.0,41.416741691478656
D5_BASE_14322,451.25,46.5,41.105204017292074
D5_BASE_14322,451.25,47.0,41.06707989425295
D5_BASE_14322,451.25,47.5,41.27347197378577
D5_BASE_14322,451.25,48.0,41.70101699528912
D5_BASE_14322,451.25,48.5,42.33047711966734
D5_BASE_14322,451.25,49.0,43.14576882637253
D5_BASE_14322,451.25,49.5,44.133270699289916
D5_BASE_14322,451.25,50.0,45.281316267481664
D5_BASE_14322,451.5,25.0,133.64109795251053
D5_BASE_14322,451.5,25.5,49.66080304606108
D5_BASE_14322,451.5,26.0,113.63313876003606
D5_BASE_14322,451.5,26.5,98.5362757316228
D5_BASE_14322,451.5,27.0,36.71282079479633
D5_BASE_14322,451.5,27.5,179.04555277712458
D5_BASE_14322,451.5,28.0,58.52187242470412
D5_BASE_14322,451.5,28.5,64.31221762785212
D5_BASE_14322,451.5,29.0,162.22514909429677
D5_BASE_14322,451.5,29.5,26.813306276800702
D5_BASE_14322,451.5,30.0,103.55951068130167
D5_BASE_14322,451.5,30.5,121.4839740691579
D5_BASE_14322,451.5,31.0,29.07228232979164
D5_BASE_14322,451.5,31.5,178.48566927366556
D5_BASE_14322,451.5,32.0,56.09195635973056
D5_BASE_14322,451.5,32.5,67.66957765267631
D5_BASE_14322,451.5,33.0,120.8536534421226
D5_BASE_14322,451.5,33.5,92.7938456371458
D5_BASE_14322,451.5,34.0,120.28413688717919
D5_BASE_14322,451.5,34.5,10.062184473496552
D5_BASE_14322,451.5,35.0,171.85231533217484
D5_BASE_14322,451.5,35.5,109.40227521400641
D5_BASE_14322,451.5,36.0,105.6841195610475
D5_BASE_14322,451.5,36.5,10.109804309077392
D5_BASE_14322,451.5,37.0,13.702629609720898
D5_BASE_14322,451.5,37.5,125.668834310843
D5_BASE_14322,451.5,38.0,37.14719640844465
D5_BASE_14322,451.5,38.5,81.16678584435988
D5_BASE_14322,451.5,39.0,1.6793274860488858
D5_BASE_14322,451.5,39.5,51.54894607424431
D5_BASE_14322,451.5,40.0,98.12064466984866
D5_BASE_14322,451.5,40.5,30.84855928542452
D5_BASE_14322,451.5,41.0,72.10079332155476
D5_BASE_14322,451.5,41.5,71.42661847671275
D5_BASE_14322,451.5,42.0,67.0414383010902
D5_BASE_14322,451.5,42.5,57.63741555222407
D5_BASE_14322,451.5,43.0,52.65231381156959
D5_BASE_14322,451.5,43.5,49.16689469317676
D5_BASE_14322,451.5,44.0,46.592562928682916
D5_BASE_14322,451.5,44.5,44.67532553221398
D5_BASE_14322,451.5,45.0,43.272273922262784
D5_BASE_14322,451.5,45.5,42.29128264449612
D5_BASE_14322,451.5,46.0,41.667895759224436
D5_BASE_14322,451.5,46.5,41.354497100127624
D5_BASE_14322,451.5,47.0,41.31452388590951
D5_BASE_14322,451.5,47.5,41.51907527559442
D5_BASE_14322,451.5,48.0,41.94478373948483
D5_BASE_14322,451.5,48.5,42.57240699200907
D5_BASE_14322,451.5,49.0,43.385857182678144
D5_BASE_14322,451.5,49.5,44.37150882298732
D5_BASE_14322,451.5,50.0,45.51769168918487
D5_BASE_14322,451.75,25.0,143.93016996922438
D5_BASE_14322,451.75,25.5,46.08039836027217
D5_BASE_14322,451.75,26.0,118.62685901436114
D5_BASE_14322,451.75,26.5,95.06305297602101
D5_BASE_14322,451.75,27.0,40.87614525021711
D5_BASE_14322,451.75,27.5,175.49739058836002
D5_BASE_14322,451.75,28.0,55.541469728531965
D5_BASE_14322,451.75,28.5,67.41097304107161
D5_BASE_14322,451.75,29.0,159.02433308132197
D5_BASE_14322,451.75,29.5,23.712987932994146
D5_BASE_14322,451.75,30.0,106.53019425651699
D5_BASE_14322,451.75,30.5,118.38869814951482
D5_BASE_14322,451.75,31.0,32.21008652978428
D5_BASE_14322,451.75,31.5,178.94700153609003
D5_BASE_14322,451.75,32.0,53.978970890811055
D5_BASE_14322,451.75,32.5,70.16428722495333
D5_BASE_14322,451.75,33.0,117.29875879762956
D5_BASE_14322,451.75,33.5,95.75808645114529
D5_BASE_14322,451.75,34.0,118.75735466424682
D5_BASE_14322,451.75,34.5,8.44698910127582
D5_BASE_14322,451.75,35.0,175.43885921891828
D5_BASE_14322,451.75,35.5,112.11384129004398
D5_BASE_14322,451.75,36.0,104.76857028716914
D5_BASE_14322,451.75,36.5,11.72236349961584
D5_BASE_14322,451.75,37.0,9.277303559237229
D5_BASE_14322,451.75,37.5,124.93311431135726
D5_BASE_14322,451.75,38.0,39.71579335788688
D5_BASE_14322,451.75,38.5,85.52310040034854
D5_BASE_14322,451.75,39.0,6.983345341653469
D5_BASE_14322,451.75,39.5,50.85439832231467
D5_BASE_14322,451.75,40.0,98.05061476567657
D5_BASE_14322,451.75,40.5,29.7774471344642
D5_BASE_14322,451.75,41.0,72.20570898052755
D5_BASE_14322,451.75,41.5,71.56444292742904
D5_BASE_14322,451.75,42.0,67.27379875518527
D5_BASE_14322,451.75,42.5,57.89761172864302
D5_BASE_14322,451.75,43.0,52.9135201834137
D5_BASE_14322,451.75,43.5,49.426938519354565
D5_BASE_14322,451.75,44.0,46.850926955954804
D5_BASE_14322,451.75,44.5,44.93185318414394
D5_BASE_14322,451.75,45.0,43.52692131234068
D5_BASE_14322,451.75,45.5,42.54404610196176
D5_BASE_14322,451.75,46.0,41.91878553588196
D5_BASE_14322,451.75,46.5,41.603526614735706
D5_BASE_14322,451.75,47.0,41.56170506744993
D5_BASE_14322,451.75,47.5,41.76441655802973
D5_BASE_14322,451.75,48.0,42.18828928963945
D5_BASE_14322,451.75,48.5,42.81407653429583
D5_BASE_14322,451.75,49.0,43.6256861164822
D5_BASE_14322,451.75,49.5,44.6094884804059
D5_BASE_14322,451.75,50.0,45.75380965443954
D5_BASE_14322,452.0,25.0,153.75098524123783
D5_BASE_14322,452.0,25.5,42.47558133737547
D5_BASE_14322,452.0,26.0,123.58691520475303
D5_BASE_14322,452.0,26.5,91.59127945683551
D5_BASE_14322,452.0,27.0,45.059763690202885
D5_BASE_14322,452.0,27.5,171.9819995543238
D5_BASE_14322,452.0,28.0,52.56794605659468
D5_BASE_14322,452.0,28.5,70.5123673908175
D5_BASE_14322,452.0,29.0,155.82266210144718
D5_BASE_14322,452.0,29.5,20.61566860500943
D5_BASE_14322,452.0,30.0,109.49995028944578
D5_BASE_14322,452.0,30.5,115.29295495943755
D5_BASE_14322,452.0,31.0,35.33752099676629
D5_BASE_14322,452.0,31.5,176.3959322707707
D5_BASE_14322,452.0,32.0,51.866697600078
D5_BASE_14322,452.0,32.5,72.67476770617476
D5_BASE_14322,452.0,33.0,113.73154815300579
D5_BASE_14322,452.0,33.5,98.68220968283396
D5_BASE_14322,452.0,34.0,117.24065946555946
D5_BASE_14322,452.0,34.5,6.818633918131866
D5_BASE_14322,452.0,35.0,179.06108914815272
D5_BASE_14322,452.0,35.5,114.76694958014288
D5_BASE_14322,452.0,36.0,103.85755401318004
D5_BASE_14322,452.0,36.5,13.359639369412193
D5_BASE_14322,452.0,37.0,4.851551721460962
D5_BASE_14322,452.0,37.5,124.2075293118137
D5_BASE_14322,452.0,38.0,42.33041163322305
D5_BASE_14322,452.0,38.5,89.81741407957962
D5_BASE_14322,452.0,39.0,12.57884399306854
D5_BASE_14322,452.0,39.5,50.13102813060355
D5_BASE_14322,452.0,40.0,97.98562951166319
D5_BASE_14322,452.0,40.5,28.645414434885904
D5_BASE_14322,452.0,41.0,72.31005289239286
D5_BASE_14322,452.0,41.5,71.70277514663634
D5_BASE_14322,452.0,42.0,67.50637082457605
D5_BASE_14322,452.0,42.5,58.15756682624527
D5_BASE_14322,452.0,43.0,53.17446568392057
D5_BASE_14322,452.0,43.5,49.6867175633912
D5_BASE_14322,452.0,44.0,47.10902532955471
D5_BASE_14322,452.0,44.5,45.1881152529277
D5_BASE_14322,452.0,45.0,43.781303554396374
D5_BASE_14322,452.0,45.5,42.796545007632375
D5_BASE_14322,452.0,46.0,42.16941143725699
D5_BASE_14322,452.0,46.5,41.8522929778781
D5_BASE_14322,452.0,47.0,41.808623856442864
D5_BASE_14322,452.0,47.5,42.00949623935078
D5_BASE_14322,452.0,48.0,42.43153406459385
D5_BASE_14322,452.0,48.5,43.055486165839014
D5_BASE_14322,452.0,49.0,43.86525604744499
D5_BASE_14322,452.0,49.5,44.8472100914209
D5_BASE_14322,452.0,50.0,45.989670583190204
D5_BASE_14322,452.25,25.0,163.04892104260992
D5_BASE_14322,452.25,25.5,38.840049132491444
D5_BASE_14322,452.25,26.0,128.5078764794816
D5_BASE_14322,452.25,26.5,88.11840663003878
D5_BASE_14322,452.25,27.0,49.2614120752475
D5_BASE_14322,452.25,27.5,168.49916224161188
D5_BASE_14322,452.25,28.0,49.60070214465434
D5_BASE_14322,452.25,28.5,73.61651626867382
D5_BASE_14322,452.25,29.0,152.62015210258983
D5_BASE_14322,452.25,29.5,17.52139848013047
D5_BASE_14322,452.25,30.0,112.4687926186789
D5_BASE_14322,452.25,30.5,112.19689711921218
D5_BASE_14322,452.25,31.0,38.45427884265947
D5_BASE_14322,452.25,31.5,173.86080809671475
D5_BASE_14322,452.25,32.0,49.754777888754326
D5_BASE_14322,452.25,32.5,75.20121735655685
D5_BASE_14322,452.25,33.0,110.15275162133663
D5_BASE_14322,452.25,33.5,101.56644675264826
D5_BASE_14322,452.25,34.0,115.7335667126874
D5_BASE_14322,452.25,34.5,5.1767326691377304
D5_BASE_14322,452.25,35.0,177.28131301764978
D5_BASE_14322,452.25,35.5,117.3628720679591
D5_BASE_14322,452.25,36.0,102.95076399013087
D5_BASE_14322,452.25,36.5,15.02218987183292
D5_BASE_14322,452.25,37.0,0.43103530248091115
D5_BASE_14322,452.25,37.5,123.49163496854682
D5_BASE_14322,452.25,38.0,44.99050639246202
D5_BASE_14322,452.25,38.5,94.03947693480863
D5_BASE_14322,452.25,39.0,18.46395117476025
D5_BASE_14322,452.25,39.5,49.37745555785306
D5_BASE_14322,452.25,40.0,97.92548449725498
D5_BASE_14322,452.25,40.5,27.44843948950137
D5_BASE_14322,452.25,41.0,72.41377559304453
D5_BASE_14322,452.25,41.5,71.84155774643004
D5_BASE_14322,452.25,42.0,67.73914418353587
D5_BASE_14322,452.25,42.5,58.41728100894796
D5_BASE_14322,452.25,43.0,53.43515067377142
D5_BASE_14322,452.25,43.5,49.94623221955026
D5_BASE_14322,452.25,44.0,47.36685845446893
D5_BASE_14322,452.25,44.5,45.444112148221706
D5_BASE_14322,452.25,45.0,44.035421060605
D5_BASE_14322,452.25,45.5,43.048779775295095
D5_BASE_14322,452.25,46.0,42.41977387831911
D5_BASE_14322,452.25,46.5,42.10079660547272
D5_BASE_14322,452.25,47.0,42.05528066960632
D5_BASE_14322,452.25,47.5,42.25431473695997
D5_BASE_14322,452.25,48.0,42.67451848232768
D5_BASE_14322,452.25,48.5,43.29663630508289
D5_BASE_14322,452.25,49.0,44.10456739435459
D5_BASE_14322,452.25,49.5,45.08467407503064
D5_BASE_14322,452.25,50.0,46.22527489449954
D5_BASE_14322,452.5,25.0,171.7980962789907
D5_BASE_14322,452.5,25.5,35.16779065866936
D5_BASE_14322,452.5,26.0,133.38482656967054
D5_BASE_14322,452.5,26.5,84.64191218397445
D5_BASE_14322,452.5,27.0,53.47865279150029
D5_BASE_14322,452.5,27.5,165.04857524080464
D5_BASE_14322,452.5,28.0,46.63914992761854
D5_BASE_14322,452.5,28.5,76.72352801537862
D5_BASE_14322,452.5,29.0,149.41682303598097
D5_BASE_14322,452.5,29.5,14.430228522819865
D5_BASE_14322,452.5,30.0,115.4367328563691
D5_BASE_14322,452.5,30.5,109.1006816538631
D5_BASE_14322,452.5,31.0,41.560064378328654
D5_BASE_14322,452.5,31.5,171.3413082996828
D5_BASE_14322,452.5,32.0,47.642857599003264
D5_BASE_14322,452.5,32.5,77.74382685444725
D5_BASE_14322,452.5,33.0,106.56313940252798
D5_BASE_14322,452.5,33.5,104.41108567975888
D5_BASE_14322,452.5,34.0,114.23560247428432
D5_BASE_14322,452.5,34.5,3.5208968114104833
D5_BASE_14322,452.5,35.0,173.58871922206208
D5_BASE_14322,452.5,35.5,119.90291464534873
D5_BASE_14322,452.5,36.0,102.0479000461801
D5_BASE_14322,452.5,36.5,16.710579601471466
D5_BASE_14322,452.5,37.0,3.9784268477328597
D5_BASE_14322,452.5,37.5,122.78500317228172
D5_BASE_14322,452.5,38.0,47.695380564145324
D5_BASE_14322,452.5,38.5,98.18013975789732
D5_BASE_14322,452.5,39.0,24.630619714300213
D5_BASE_14322,452.5,39.5,48.592221259038226
D5_BASE_14322,452.5,40.0,97.86998398268021
D5_BASE_14322,452.5,40.5,26.18218394338777
D5_BASE_14322,452.5,41.0,72.51682739189124
D5_BASE_14322,452.5,41.5,71.98073455637105
D5_BASE_14322,452.5,42.0,67.97210883466977
D5_BASE_14322,452.5,42.5,58.67675444279263
D5_BASE_14322,452.5,43.0,53.69557551326171
D5_BASE_14322,452.5,43.5,50.20548288140835
D5_BASE_14322,452.5,44.0,47.624426734914906
D5_BASE_14322,452.5,44.5,45.699844278882466
D5_BASE_14322,452.5,45.0,44.28927424232539
D5_BASE_14322,452.5,45.5,43.300750817910775
D5_BASE_14322,452.5,46.0,42.66987327320238
D5_BASE_14322,452.5,46.5,42.34903791259663
D5_BASE_14322,452.5,47.0,42.30167592281181
D5_BASE_14322,452.5,47.5,42.498872467407445
D5_BASE_14322,452.5,48.0,42.91724295996156
D5_BASE_14322,452.5,48.5,43.53752736960752
D5_BASE_14322,452.5,49.0,44.343620575128845
D5_BASE_14322,452.5,49.5,45.32188084935849
D5_BASE_14322,452.5,50.0,46.46062300655076
D5_BASE_14322,452.75,25.0,179.99635170589121
D5_BASE_14322,452.75,25.5,31.453075470262796
D5_BASE_14322,452.75,26.0,138.21340554445172
D5_BASE_14322,452.75,26.5,81.15930449410467
D5_BASE_14322,452.75,27.0,57.70889050072051
D5_BASE_14322,452.75,27.5,161.62985587610734
D5_BASE_14322,452.75,28.0,43.682712991585085
D5_BASE_14322,452.75,28.5,79.83350395869357
D5_BASE_14322,452.75,29.0,146.21269895913954
D5_BASE_14322,452.75,29.5,11.342210392118599
D5_BASE_14322,452.75,30.0,118.4037803873923
D5_BASE_14322,452.75,30.5,106.00446985886619
D5_BASE_14322,452.75,31.0,44.65459363177925
D5_BASE_14322,452.75,31.5,168.83710694181192
D5_BASE_14322,452.75,32.0,45.530586936728646
D5_BASE_14322,452.75,32.5,80.30277906998064
D5_BASE_14322,452.75,33.0,102.96352206123647
D5_BASE_14322,452.75,33.5,107.21646659226137
D5_BASE_14322,452.75,34.0,112.74630306199501
D5_BASE_14322,452.75,34.5,1.8507354425754
D5_BASE_14322,452.75,35.0,169.86155962009462
D5_BASE_14322,452.75,35.5,122.38840820344126
D5_BASE_14322,452.75,36.0,101.14866823912756
D5_BASE_14322,452.75,36.5,18.42537961961334
D5_BASE_14322,452.75,37.0,8.370925695364969
D5_BASE_14322,452.75,37.5,122.08722120679813
D5_BASE_14322,452.75,38.0,50.4441794819352
D5_BASE_14322,452.75,38.5,102.23142811356671
D5_BASE_14322,452.75,39.0,31.06362314276556
D5_BASE_14322,452.75,39.5,47.77378148805283
D5_BASE_14322,452.75,40.0,97.81894041778294
D5_BASE_14322,452.75,40.5,24.841967543076073
D5_BASE_14322,452.75,41.0,72.61915831788343
D5_BASE_14322,452.75,41.5,72.12025052791604
D5_BASE_14322,452.75,42.0,68.20525509619452
D5_BASE_14322,452.75,42.5,58.93598729590014
D5_BASE_14322,452.75,43.0,53.95574056230098
D5_BASE_14322,452.75,43.5,50.46446994185413
D5_BASE_14322,452.75,44.0,47.88173057434302
D5_BASE_14322,452.75,44.5,45.955312052967585
D5_BASE_14322,452.75,45.0,44.54286351010057
D5_BASE_14322,452.75,45.5,43.552458547615096
D5_BASE_14322,452.75,46.0,42.91971003520862
D5_BASE_14322,452.75,46.5,42.59701731348687
D5_BASE_14322,452.75,47.0,42.547810031084374
D5_BASE_14322,452.75,47.5,42.743169846390686
D5_BASE_14322,452.75,48.0,43.15970791375827
D5_BASE_14322,452.75,48.5,43.77815977612936
D5_BASE_14322,452.75,49.0,44.58241600681777
D5_BASE_14322,452.75,49.5,45.55883083165444
D5_BASE_14322,452.75,50.0,46.695715336649194
D5_BASE_14322,453.0,25.0,172.34064540026492
D5_BASE_14322,453.0,25.5,27.69044974481416
D5_BASE_14322,453.0,26.0,142.98983796403888
D5_BASE_14322,453.0,26.5,77.6681272825913
D5_BASE_14322,453.0,27.0,61.94939037792625
D5_BASE_14322,453.0,27.5,158.2425488563936
D5_BASE_14322,453.0,28.0,40.73082697619899
D5_BASE_14322,453.0,28.5,82.94653865422816
D5_BASE_14322,453.0,29.0,143.00780813956337
D5_BASE_14322,453.0,29.5,8.257396357459136
D5_BASE_14322,453.0,30.0,121.3699423703367
D5_BASE_14322,453.0,30.5,102.90842715588005
D5_BASE_14322,453.0,31.0,47.73759482268265
D5_BASE_14322,453.0,31.5,166.34787348546647
D5_BASE_14322,453.0,32.0,43.417620396366964
D5_BASE_14322,453.0,32.5,82.87824882867923
D5_BASE_14322,453.0,33.0,99.35475056885682
D5_BASE_14322,453.0,33.5,109.98297731747687
D5_BASE_14322,453.0,34.0,111.26521463471977
D5_BASE_14322,453.0,34.5,0.16585523808959504
D5_BASE_14322,453.0,35.0,166.10032722473616
D5_BASE_14322,453.0,35.5,124.82070062565528
D5_BASE_14322,453.0,36.0,100.25278052286217
D5_BASE_14322,453.0,36.5,20.16716725187877
D5_BASE_14322,453.0,37.0,12.740531744022622
D5_BASE_14322,453.0,37.5,121.39789095303459
D5_BASE_14322,453.0,38.0,53.23588669539829
D5_BASE_14322,453.0,38.5,106.18657826991968
D5_BASE_14322,453.0,39.0,37.739803808948615
D5_BASE_14322,453.0,39.5,46.920502829692985
D5_BASE_14322,453.0,40.0,97.77217399144965
D5_BASE_14322,453.0,40.5,23.422741729132564
D5_BASE_14322,453.0,41.0,72.72071806508771
D5_BASE_14322,453.0,41.5,72.26005164276143
D5_BASE_14322,453.0,42.0,68.43857358981079
D5_BASE_14322,453.0,42.5,59.19497973843007
D5_BASE_14322,453.0,43.0,54.21564618040915
D5_BASE_14322,453.0,43.5,50.72319379309111
D5_BASE_14322,453.0,44.0,48.138770375438234
D5_BASE_14322,453.0,44.5,46.21051587773821
D5_BASE_14322,453.0,45.0,44.79618927366261
D5_BASE_14322,453.0,45.5,43.80390337572075
D5_BASE_14322,453.0,46.0,43.16928457680907
D5_BASE_14322,453.0,46.5,42.84473522154332
D5_BASE_14322,453.0,47.0,42.79368340860571
D5_BASE_14322,453.0,47.5,42.98720728875805
D5_BASE_14322,453.0,48.0,43.40191375912561
D5_BASE_14322,453.0,48.5,44.018533940504994
D5_BASE_14322,453.0,49.0,44.820954105605246
D5_BASE_14322,453.0,49.5,45.795524438298486
D5_BASE_14322,453.0,50.0,46.930552301225354
D5_BASE_14322,453.25,25.0,165.18505422396512
D5_BASE_14322,453.25,25.5,23.87473932826719
D5_BASE_14322,453.25,26.0,147.71094790757368
D5_BASE_14322,453.25,26.5,74.16596458448882
D5_BASE_14322,453.25,27.0,66.19729851834235
D5_BASE_14322,453.25,27.5,154.88613280457906
D5_BASE_14322,453.25,28.0,37.78293993140773
D5_BASE_14322,453.25,28.5,86.06272012809681
D5_BASE_14322,453.25,29.0,139.80218315834358
D5_BASE_14322,453.25,29.5,5.175839213068534
D5_BASE_14322,453.25,30.0,124.3352237403488
D5_BASE_14322,453.25,30.5,99.81272293845834
D5_BASE_14322,453.25,31.0,50.80880879196315
D5_BASE_14322,453.25,31.5,163.87327338429532
D5_BASE_14322,453.25,32.0,41.303616687999835
D5_BASE_14322,453.25,32.5,85.47040266471538
D5_BASE_14322,453.25,33.0,95.73771608921562
D5_BASE_14322,453.25,33.5,112.71104908246146
D5_BASE_14322,453.25,34.0,109.79189281150008
D5_BASE_14322,453.25,34.5,1.534139602183663
D5_BASE_14322,453.25,35.0,162.30558276029745
D5_BASE_14322,453.25,35.5,127.20114963949
D5_BASE_14322,453.25,36.0,99.35995442696989
D5_BASE_14322,453.25,36.5,21.936525856743224
D5_BASE_14322,453.25,37.0,17.081365109671754
D5_BASE_14322,453.25,37.5,120.7166281359507
D5_BASE_14322,453.25,38.0,56.069321145449805
D5_BASE_14322,453.25,38.5,110.04003799565842
D5_BASE_14322,453.25,39.0,44.62773466308666
D5_BASE_14322,453.25,39.5,46.0306566625293
D5_BASE_14322,453.25,40.0,97.72951220937934
D5_BASE_14322,453.25,40.5,21.919062358764833
D5_BASE_14322,453.25,41.0,72.82145593767837
D5_BASE_14322,453.25,41.5,72.40008482476132
D5_BASE_14322,453.25,42.0,68.67205522912938
D5_BASE_14322,453.25,42.5,59.453731942537544
D5_BASE_14322,453.25,43.0,54.4752927267136
D5_BASE_14322,453.25,43.5,50.98165482663643
D5_BASE_14322,453.25,44.0,48.3955465401211
D5_BASE_14322,453.25,44.5,46.46545615966027
D5_BASE_14322,453.25,45.0,45.049251941930514
D5_BASE_14322,453.25,45.5,44.05508571271947
D5_BASE_14322,453.25,46.0,43.41859730964546
D5_BASE_14322,453.25,46.5,43.092192049330315
D5_BASE_14322,453.25,47.0,43.03929646871571
D5_BASE_14322,453.25,47.5,43.23098520851048
D5_BASE_14322,453.25,48.0,43.643860910618415
D5_BASE_14322,453.25,48.5,44.25865027773187
D5_BASE_14322,453.25,49.0,45.059235286811756
D5_BASE_14322,453.25,49.5,46.03196208480095
D5_BASE_14322,453.25,50.0,47.16513431583584
D5_BASE_14322,453.5,25.0,158.50165007649923
D5_BASE_14322,453.5,25.5,20.001059827373762
D5_BASE_14322,453.5,26.0,152.37416180550287
D5_BASE_14322,453.5,26.5,70.65044611763446
D5_BASE_14322,453.5,27.0,70.44966422873716
D5_BASE_14322,453.5,27.5,151.5600266124163
D5_BASE_14322,453.5,28.0,34.838512632363994
D5_BASE_14322,453.5,28.5,89.18213012025505
D5_BASE_14322,453.5,29.0,136.5958610128726
D5_BASE_14322,453.5,29.5,2.097592191152094
D5_BASE_14322,453.5,30.0,127.29962721383441
D5_BASE_14322,453.5,30.5,96.71753040775104
D5_BASE_14322,453.5,31.0,53.86798938552751
D5_BASE_14322,453.5,31.5,161.41296864194945
D5_BASE_14322,453.5,32.0,39.18823866708811
D5_BASE_14322,453.5,32.5,88.07939856353119
D5_BASE_14322,453.5,33.0,92.11334948960699
D5_BASE_14322,453.5,33.5,115.40115234983394
D5_BASE_14322,453.5,34.0,108.3259022932169
D5_BASE_14322,453.5,34.5,3.2496473977176024
D5_BASE_14322,453.5,35.0,158.47795967809878
D5_BASE_14322,453.5,35.5,129.53111647813665
D5_BASE_14322,453.5,36.0,98.46991274878482
D5_BASE_14322,453.5,36.5,23.73404456364791
D5_BASE_14322,453.5,37.0,21.387664026392244
D5_BASE_14322,453.5,37.5,120.04306161161533
D5_BASE_14322,453.5,38.0,58.9431358853402
D5_BASE_14322,453.5,38.5,113.78743664467882
D5_BASE_14322,453.5,39.0,51.68794403482283
D5_BASE_14322,453.5,39.5,45.10241335940942
D5_BASE_14322,453.5,40.0,97.69078949814147
D5_BASE_14322,453.5,40.5,20.3250620088394
D5_BASE_14322,453.5,41.0,72.92132079422694
D5_BASE_14322,453.5,41.5,72.54029785509952
D5_BASE_14322,453.5,42.0,68.90569120862938
D5_BASE_14322,453.5,42.5,59.71224408233448
D5_BASE_14322,453.5,43.0,54.73468055994761
D5_BASE_14322,453.5,43.5,51.239853433322835
D5_BASE_14322,453.5,44.0,48.65205946954954
D5_BASE_14322,453.5,44.5,46.72013330440622
D5_BASE_14322,453.5,45.0,45.30205192301596
D5_BASE_14322,453.5,45.5,44.306005968283614
D5_BASE_14322,453.5,46.0,43.66764864453301
D5_BASE_14322,453.5,46.5,43.33938820857844
D5_BASE_14322,453.5,47.0,43.28464962391442
D5_BASE_14322,453.5,47.5,43.47450401880315
D5_BASE_14322,453.5,48.0,43.885549781940206
D5_BASE_14322,453.5,48.5,44.49850920195137
D5_BASE_14322,453.5,49.0,45.29725996489586
D5_BASE_14322,453.5,49.5,46.26814418580652
D5_BASE_14322,453.5,50.0,47.39946179516697
D5_BASE_14322,453.75,25.0,152.25153366717436
D5_BASE_14322,453.75,25.5,16.064833724249954
D5_BASE_14322,453.75,26.0,156.97750035448138
D5_BASE_14322,453.75,26.5,67.11925314799686
D5_BASE_14322,453.75,27.0,74.70346385823485
D5_BASE_14322,453.75,27.5,148.26359557744215
D5_BASE_14322,453.75,28.0,31.897018855897674
D5_BASE_14322,453.75,28.5,92.30484432734616
D5_BASE_14322,453.75,29.0,133.3888832177986
D5_BASE_14322,453.75,29.5,0.9772911259593424
D5_BASE_14322,453.75,30.0,130.2631532950397
D5_BASE_14322,453.75,30.5,93.62302639824209
D5_BASE_14322,453.75,31.0,56.914903791528594
D5_BASE_14322,453.75,31.5,158.9666183390527
D5_BASE_14322,453.75,32.0,37.07115326710549
D5_BASE_14322,453.75,32.5,90.70538569348594
D5_BASE_14322,453.75,33.0,88.482620561259
D5_BASE_14322,453.75,33.5,118.05379280933955
D5_BASE_14322,453.75,34.0,106.86681649322604
D5_BASE_14322,453.75,34.5,4.9810690209055535
D5_BASE_14322,453.75,35.0,154.61816927931514
D5_BASE_14322,453.75,35.5,131.81196029928591
D5_BASE_14322,453.75,36.0,97.58238325719405
D5_BASE_14322,453.75,36.5,25.56031797944089
D5_BASE_14322,453.75,37.0,25.653849941951442
D5_BASE_14322,453.75,37.5,119.37683269213106
D5_BASE_14322,453.75,38.0,61.85581851413834
D5_BASE_14322,453.75,38.5,117.4255298583143
D5_BASE_14322,453.75,39.0,58.873804108760524
D5_BASE_14322,453.75,39.5,44.13383623892396
D5_BASE_14322,453.75,40.0,97.65584683363129
D5_BASE_14322,453.75,40.5,18.634422513028728
D5_BASE_14322,453.75,41.0,73.0202609911578
D5_BASE_14322,453.75,41.5,72.68063929041415
D5_BASE_14322,453.75,42.0,69.1394729931113
D5_BASE_14322,453.75,42.5,59.97051633384834
D5_BASE_14322,453.75,43.0,54.993810038446924
D5_BASE_14322,453.75,43.5,51.49779000329867
D5_BASE_14322,453.75,44.0,48.90830956412027
D5_BASE_14322,453.75,44.5,46.97454771685702
D5_BASE_14322,453.75,45.0,45.55458962422197
D5_BASE_14322,453.75,45.5,44.556664551267936
D5_BASE_14322,453.75,46.0,43.9164389914618
D5_BASE_14322,453.75,46.5,43.586324110186354
D5_BASE_14322,453.75,47.0,43.52974328586454
D5_BASE_14322,453.75,47.5,43.7177641319479
D5_BASE_14322,453.75,48.0,44.12698078594554
D5_BASE_14322,453.75,48.5,44.73811112644978
D5_BASE_14322,453.75,49.0,45.53502855345655
D5_BASE_14322,453.75,49.5,46.504071155095176
D5_BASE_14322,453.75,50.0,47.633535153035695
D5_BASE_14322,454.0,25.0,146.39479808872673
D5_BASE_14322,454.0,25.5,12.06181444539564
D5_BASE_14322,454.0,26.0,161.5195610298234
D5_BASE_14322,454.0,26.5,63.570124935998436
D5_BASE_14322,454.0,27.0,78.95562577312
D5_BASE_14322,454.0,27.5,144.99615728775657
D5_BASE_14322,454.0,28.0,28.957945621675883
D5_BASE_14322,454.0,28.5,95.43093264387457
D5_BASE_14322,454.0,29.0,130.18129590334627
D5_BASE_14322,454.0,29.5,4.048756894499139
D5_BASE_14322,454.0,30.0,133.22580028451793
D5_BASE_14322,454.0,30.5,90.52939119363747
D5_BASE_14322,454.0,31.0,59.94933283089796
D5_BASE_14322,454.0,31.5,156.5338791291402
D5_BASE_14322,454.0,32.0,34.95203143533657
D5_BASE_14322,454.0,32.5,93.34850412618385
D5_BASE_14322,454.0,33.0,84.84653693625212
D5_BASE_14322,454.0,33.5,120.66950754122848
D5_BASE_14322,454.0,34.0,105.41421717699556
D5_BASE_14322,454.0,34.5,6.7288079199781405
D5_BASE_14322,454.0,35.0,150.72700587871836
D5_BASE_14322,454.0,35.5,134.04503330654177
D5_BASE_14322,454.0,36.0,96.69709840755556
D5_BASE_14322,454.0,36.5,27.415945861917308
D5_BASE_14322,454.0,37.0,29.874587534618527
D5_BASE_14322,454.0,37.5,118.71759450614682
D5_BASE_14322,454.0,38.0,64.80569346905986
D5_BASE_14322,454.0,38.5,120.95212460846828
D5_BASE_14322,454.0,39.0,66.13309830201271
D5_BASE_14322,454.0,39.5,43.122875289589544
D5_BASE_14322,454.0,40.0,97.62453139217745
D5_BASE_14322,454.0,40.5,16.840348652729972
D5_BASE_14322,454.0,41.0,73.11822432524369
D5_BASE_14322,454.0,41.5,72.82105838359223
D5_BASE_14322,454.0,42.0,69.37339230762916
D5_BASE_14322,454.0,42.5,60.22854887498398
D5_BASE_14322,454.0,43.0,55.252681520147696
D5_BASE_14322,454.0,43.5,51.75546492602958
D5_BASE_14322,454.0,44.0,49.164297223470655
D5_BASE_14322,454.0,44.5,47.22869980110352
D5_BASE_14322,454.0,45.0,45.80686545204707
D5_BASE_14322,454.0,45.5,44.80706186971204
D5_BASE_14322,454.0,46.0,44.164968759598516
D5_BASE_14322,454.0,46.5,43.83300016422365
D5_BASE_14322,454.0,47.0,43.774577865392345
D5_BASE_14322,454.0,47.5,43.960765959414864
D5_BASE_14322,454.0,48.0,44.36815433464173
D5_BASE_14322,454.0,48.5,44.97745646366187
D5_BASE_14322,454.0,49.0,45.77254146523568
D5_BASE_14322,454.0,49.5,46.73974340558423
D5_BASE_14322,454.0,50.0,47.8673548023926
D5_BASE_14322,454.25,25.0,140.89231582446143
D5_BASE_14322,454.25,25.5,7.988117235188366
D5_BASE_14322,454.25,26.0,165.99949283952066
D5_BASE_14322,454.25,26.5,60.00086584188264
D5_BASE_14322,454.25,27.0,83.20305604165027
D5_BASE_14322,454.25,27.5,141.75698722852079
D5_BASE_14322,454.25,28.0,26.02079340086488
D5_BASE_14322,454.25,28.5,98.56045940050652
D5_BASE_14322,454.25,29.0,126.9731499101162
D5_BASE_14322,454.25,29.5,7.116751098597135
D5_BASE_14322,454.25,30.0,136.18756428949587
D5_BASE_14322,454.25,30.5,87.43680833305433
D5_BASE_14322,454.25,31.0,62.97107120117744
D5_BASE_14322,454.25,31.5,154.11440570436366
D5_BASE_14322,454.25,32.0,32.83054807207198
D5_BASE_14322,454.25,32.5,96.00888454511443
D5_BASE_14322,454.25,33.0,81.20614269126946
D5_BASE_14322,454.25,33.5,123.2488613635677
D5_BASE_14322,454.25,34.0,103.96769411075934
D5_BASE_14322,454.25,34.5,8.49327013069592
D5_BASE_14322,454.25,35.0,146.80535193181404
D5_BASE_14322,454.25,35.5,136.23167651831542
D5_BASE_14322,454.25,36.0,95.81379506710165
D5_BASE_14322,454.25,36.5,29.301532759275986
D5_BASE_14322,454.25,37.0,34.044838231964164
D5_BASE_14322,454.25,37.5,118.06501139284268
D5_BASE_14322,454.25,38.0,67.79092629550867
D5_BASE_14322,454.25,38.5,124.36599025415828
D5_BASE_14322,454.25,39.0,73.41017328339453
D5_BASE_14322,454.25,39.5,42.06736069913767
D5_BASE_14322,454.25,40.0,97.59669622270278
D5_BASE_14322,454.25,40.5,14.935544265152009
D5_BASE_14322,454.25,41.0,73.21515797500429
D5_BASE_14322,454.25,41.5,72.96150500696515
D5_BASE_14322,454.25,42.0,69.60744112786588
D5_BASE_14322,454.25,42.5,60.48634188548427
D5_BASE_14322,454.25,43.0,55.51129536258439
D5_BASE_14322,454.25,43.5,52.01287859029815
D5_BASE_14322,454.25,44.0,49.42002284647898
D5_BASE_14322,454.25,44.5,47.48258996044808
D5_BASE_14322,454.25,45.0,46.058879812185104
D5_BASE_14322,454.25,45.5,45.05719833084114
D5_BASE_14322,454.25,46.0,44.41323835728875
D5_BASE_14322,454.25,46.5,44.079416779931314
D5_BASE_14322,454.25,47.0,44.01915377249111
D5_BASE_14322,454.25,47.5,44.20350991183473
D5_BASE_14322,454.25,48.0,44.609070839190814
D5_BASE_14322,454.25,48.5,45.21654562517096
D5_BASE_14322,454.25,49.0,46.009799112118785
D5_BASE_14322,454.25,49.5,46.9751613493317
D5_BASE_14322,454.25,50.0,48.10092115532327
D5_BASE_14322,454.5,25.0,135.70684404235578
D5_BASE_14322,454.5,25.5,3.840256556362852
D5_BASE_14322,454.5,26.0,170.41696499549272
D5_BASE_14322,454.5,26.5,56.40935315921927
D5_BASE_14322,454.5,27.0,87.44266437047516
D5_BASE_14322,454.5,27.5,138.54532409145023
D5_BASE_14322,454.5,28.0,23.085076294813625
D5_BASE_14322,454.5,28.5,101.69348359829367
D5_BASE_14322,454.5,29.0,123.76450087945801
D5_BASE_14322,454.5,29.5,10.18121964004944
D5_BASE_14322,454.5,30.0,139.148439236149
D5_BASE_14322,454.5,30.5,84.34546440772411
D5_BASE_14322,454.5,31.0,65.97992767399475
D5_BASE_14322,454.5,31.5,151.70785123185996
D5_BASE_14322,454.5,32.0,30.706381973434983
D5_BASE_14322,454.5,32.5,98.68664794223072
D5_BASE_14322,454.5,33.0,77.56251663234278
D5_BASE_14322,454.5,33.5,125.7924433720192
D5_BASE_14322,454.5,34.0,102.52684471915828
D5_BASE_14322,454.5,34.5,10.274864276213203
D5_BASE_14322,454.5,35.0,142.85418303686768
D5_BASE_14322,454.5,35.5,138.37321612964007
D5_BASE_14322,454.5,36.0,94.9322142502475
D5_BASE_14322,454.5,36.5,31.21768761435472
D5_BASE_14322,454.5,37.0,38.15990611955928
D5_BASE_14322,454.5,37.5,117.4187583273902
D5_BASE_14322,454.5,38.0,70.80952997967623
D5_BASE_14322,454.5,38.5,127.66676089004788
D5_BASE_14322,454.5,39.0,80.64847315314267
D5_BASE_14322,454.5,39.5,40.96499623458248
D5_BASE_14322,454.5,40.0,97.57219993846249
D5_BASE_14322,454.5,40.5,12.912192471056539
D5_BASE_14322,454.5,41.0,73.31100844087221
D5_BASE_14322,454.5,41.5,73.1019295776484
D5_BASE_14322,454.5,42.0,69.84161167093963
D5_BASE_14322,454.5,42.5,60.74389554689385
D5_BASE_14322,454.5,43.0,55.76965192288719
D5_BASE_14322,454.5,43.5,52.27003138420585
D5_BASE_14322,454.5,44.0,49.67548683126774
D5_BASE_14322,454.5,44.5,47.736218597407266
D5_BASE_14322,454.5,45.0,46.31063310952831
D5_BASE_14322,454.5,45.5,45.307074341069445
D5_BASE_14322,454.5,46.0,44.66124819205863
D5_BASE_14322,454.5,46.5,44.32557436572513
D5_BASE_14322,454.5,47.0,44.263471416321416
D5_BASE_14322,454.5,47.5,44.44599639900024
D5_BASE_14322,454.5,48.0,44.84973070991206
D5_BASE_14322,454.5,48.5,45.455379021712886
D5_BASE_14322,454.5,49.0,46.24680190513934
D5_BASE_14322,454.5,49.5,47.21032539753649
D5_BASE_14322,454.5,50.0,48.33423462305104
D5_BASE_14322,454.75,25.0,130.80363429571213
D5_BASE_14322,454.75,25.5,0.38481043737756426
D5_BASE_14322,454.75,26.0,174.7721311277869
D5_BASE_14322,454.75,26.5,52.793545734756876
D5_BASE_14322,454.75,27.0,91.6713898252665
D5_BASE_14322,454.75,27.5,135.36037477511744
D5_BASE_14322,454.75,28.0,20.150322186019686
D5_BASE_14322,454.75,28.5,104.8300591376087
D5_BASE_14322,454.75,29.0,120.55540933850403
D5_BASE_14322,454.75,29.5,13.242108428329882
D5_BASE_14322,454.75,30.0,142.10841688379512
D5_BASE_14322,454.75,30.5,81.25554884847537
D5_BASE_14322,454.75,31.0,68.97572524679119
D5_BASE_14322,454.75,31.5,149.31386776173184
D5_BASE_14322,454.75,32.0,28.579215778040474
D5_BASE_14322,454.75,32.5,101.38190530207764
D5_BASE_14322,454.75,33.0,73.91677025886662
D5_BASE_14322,454.75,33.5,128.30086367745906
D5_BASE_14322,454.75,34.0,101.09127375180681
D5_BASE_14322,454.75,34.5,12.074001554471039
D5_BASE_14322,454.75,35.0,138.874572712851
D5_BASE_14322,454.75,35.5,140.47096041378416
D5_BASE_14322,454.75,36.0,94.0521008632406
D5_BASE_14322,454.75,36.5,33.1650233325828
D5_BASE_14322,454.75,37.0,42.2154754697895
D5_BASE_14322,454.75,37.5,116.77852037601804
D5_BASE_14322,454.75,38.0,73.85937338834471
D5_BASE_14322,454.75,38.5,130.8548336375582
D5_BASE_14322,454.75,39.0,87.79317661053082
D5_BASE_14322,454.75,39.5,39.81335253528284
D5_BASE_14322,454.75,40.0,97.55090642699459
D5_BASE_14322,454.75,40.5,10.761942278067055
D5_BASE_14322,454.75,41.0,73.4057214839855
D5_BASE_14322,454.75,41.5,73.24228298478945
D5_BASE_14322,454.75,42.0,70.0758963866093
D5_BASE_14322,454.75,42.5,61.00121004252167
D5_BASE_14322,454.75,43.0,56.02775155777998
D5_BASE_14322,454.75,43.5,52.52692369517321
D5_BASE_14322,454.75,44.0,49.93068957520324
D5_BASE_14322,454.75,44.5,47.98958611371179
D5_BASE_14322,454.75,45.0,46.56212574816937
D5_BASE_14322,454.75,45.5,45.556690306000846
D5_BASE_14322,454.75,46.0,44.908998670616846
D5_BASE_14322,454.75,46.5,44.57147332919672
D5_BASE_14322,454.75,47.0,44.50753120521427
D5_BASE_14322,454.75,47.5,44.68822582986923
D5_BASE_14322,454.75,48.0,45.0901343562839
D5_BASE_14322,454.75,48.5,45.693957063176946
D5_BASE_14322,454.75,49.0,46.4835502544781
D5_BASE_14322,454.75,49.5,47.44523596054216
D5_BASE_14322,454.75,50.0,48.56729561593871
D5_BASE_14322,455.0,25.0,126.15070053689729
D5_BASE_14322,455.0,25.5,4.689635041427063
D5_BASE_14322,455.0,26.0,179.06559055421516
D5_BASE_14322,455.0,26.5,49.15149341965027
D5_BASE_14322,455.0,27.0,95.88622587506674
D5_BASE_14322,455.0,27.5,132.20131906960756
D5_BASE_14322,455.0,28.0,17.216072863367877
D5_BASE_14322,455.0,28.5,107.9702350405868
D5_BASE_14322,455.0,29.0,117.34594077894657
D5_BASE_14322,455.0,29.5,16.299363470632045
D5_BASE_14322,455.0,30.0,145.06748684101066
D5_BASE_14322,455.0,30.5,78.16725370430508
D5_BASE_14322,455.0,31.0,71.95830124969208
D5_BASE_14322,455.0,31.5,146.93210660764515
D5_BASE_14322,455.0,32.0,26.448735917688417
D5_BASE_14322,455.0,32.5,104.09475727308417
D5_BASE_14322,455.0,33.0,70.27004540955217
D5_BASE_14322,455.0,33.5,130.77475034399959
D5_BASE_14322,455.0,34.0,99.66059295868241
D5_BASE_14322,455.0,34.5,13.89109571241102
D5_BASE_14322,455.0,35.0,134.86769684490523
D5_BASE_14322,455.0,35.5,142.52619711261698
D5_BASE_14322,455.0,36.0,93.17320345762283
D5_BASE_14322,455.0,36.5,35.14415631264839
D5_BASE_14322,455.0,37.0,46.20763947508812
D5_BASE_14322,455.0,37.5,116.14399217891881
D5_BASE_14322,455.0,38.0,76.93819181535618
D5_BASE_14322,455.0,38.5,133.931266770179
D5_BASE_14322,455.0,39.0,94.79363653077102
D5_BASE_14322,455.0,39.5,38.60986040160439
D5_BASE_14322,455.0,40.0,97.53268457703052
D5_BASE_14322,455.0,40.5,8.475904502255279
D5_BASE_14322,455.0,41.0,73.49924206345766
D5_BASE_14322,455.0,41.5,73.38251651847999
D5_BASE_14322,455.0,42.0,70.31028794886676
D5_BASE_14322,455.0,42.5,61.25828555740477
D5_BASE_14322,455.0,43.0,56.285594623577175
D5_BASE_14322,455.0,43.5,52.78355590994035
D5_BASE_14322,455.0,44.0,50.18563147489861
D5_BASE_14322,455.0,44.5,48.24269291031
D5_BASE_14322,455.0,45.0,46.8133581314015
D5_BASE_14322,455.0,45.5,45.806046630430885
D5_BASE_14322,455.0,46.0,45.156490198856396
D5_BASE_14322,455.0,46.5,44.81711407711519
D5_BASE_14322,455.0,47.0,44.75133354667292
D5_BASE_14322,455.0,47.5,44.93019861256542
D5_BASE_14322,455.0,48.0,45.33028218694532
D5_BASE_14322,455.0,48.5,45.93228015860793
D5_BASE_14322,455.0,49.0,46.720044569468136
D5_BASE_14322,455.0,49.5,47.679893447838154
D5_BASE_14322,455.0,50.0,48.80010454349141
D5_BASE_14322,455.25,25.0,121.71886320380081
D5_BASE_14322,455.25,25.5,9.076223720241119
D5_BASE_14322,455.25,26.0,176.70165203977825
D5_BASE_14322,455.25,26.5,45.48134738122882
D5_BASE_14322,455.25,27.0,100.08424432228652
D5_BASE_14322,455.25,27.5,129.0673140239803
D5_BASE_14322,455.25,28.0,14.281884123396118
D5_BASE_14322,455.25,28.5,111.11405566587271
D5_BASE_14322,455.25,29.0,114.13616572864811
D5_BASE_14322,455.25,29.5,19.35293096174271
D5_BASE_14322,455.25,30.0,148.0256365836815
D5_BASE_14322,455.25,30.5,75.08077341241882
D5_BASE_14322,455.25,31.0,74.9275074086397
D5_BASE_14322,455.25,31.5,144.56221870109394
D5_BASE_14322,455.25,32.0,24.314632572275105
D5_BASE_14322,455.25,32.5,106.82529382564185
D5_BASE_14322,455.25,33.0,66.62351159759226
D5_BASE_14322,455.25,33.5,133.2147465275861
D5_BASE_14322,455.25,34.0,98.23442077422064
D5_BASE_14322,455.25,34.5,15.726563006263437
D5_BASE_14322,455.25,35.0,130.8348376809394
D5_BASE_14322,455.25,35.5,144.5401912672287
D5_BASE_14322,455.25,36.0,92.29527399199566
D5_BASE_14322,455.25,36.5,37.155705938967515
D5_BASE_14322,455.25,37.0,50.13292011319143
D5_BASE_14322,455.25,37.5,115.5148774593382
D5_BASE_14322,455.25,38.0,80.04359958503193
D5_BASE_14322,455.25,38.5,136.89768076195566
D5_BASE_14322,455.25,39.0,101.6053621686753
D5_BASE_14322,455.25,39.5,37.35180418683424
D5_BASE_14322,455.25,40.0,97.51740802120325
D5_BASE_14322,455.25,40.5,6.044660787184395
D5_BASE_14322,455.25,41.0,73.5915142719755
D5_BASE_14322,455.25,41.5,73.52258180012245
D5_BASE_14322,455.25,42.0,70.5447792478903
D5_BASE_14322,455.25,42.5,61.51512227827285
D5_BASE_14322,455.25,43.0,56.54318147618299
D5_BASE_14322,455.25,43.5,53.03992841456816
D5_BASE_14322,455.25,44.0,50.44031292621432
D5_BASE_14322,455.25,44.5,48.49553938736832
D5_BASE_14322,455.25,45.0,47.06433066172211
D5_BASE_14322,455.25,45.5,46.055143718349164
D5_BASE_14322,455.25,46.0,45.40372318185673
D5_BASE_14322,455.25,46.5,45.06249701543007
D5_BASE_14322,455.25,47.0,44.99487884737409
D5_BASE_14322,455.25,47.5,45.171915154380855
D5_BASE_14322,455.25,48.0,45.57017460969831
D5_BASE_14322,455.25,48.5,46.17034871620871
D5_BASE_14322,455.25,49.0,46.95628525859386
D5_BASE_14322,455.25,49.5,47.91429826806223
D5_BASE_14322,455.25,50.0,49.03266181435745
D5_BASE_14322,455.5,25.0,117.48165471362908
D5_BASE_14322,455.5,25.5,13.545981704657201
D5_BASE_14322,455.5,26.0,172.5282273408564
D5_BASE_14322,455.5,26.5,41.78137128555715
D5_BASE_14322,455.5,27.0,104.2626177170365
D5_BASE_14322,455.5,27.5,125.95749799913467
D5_BASE_14322,455.5,28.0,11.347325849115537
D5_BASE_14322,455.5,28.5,114.26156091448658
D5_BASE_14322,455.5,29.0,110.92615981517729
D5_BASE_14322,455.5,29.5,22.402757373540513
D5_BASE_14322,455.5,30.0,150.98285147498257
D5_BASE_14322,455.5,30.5,71.99630456014918
D5_BASE_14322,455.5,31.0,77.88320986614022
D5_BASE_14322,455.5,31.5,142.20385492039915
D5_BASE_14322,455.5,32.0,22.17659962909416
D5_BASE_14322,455.5,32.5,109.5735938965973
D5_BASE_14322,455.5,33.0,62.97836304701526
D5_BASE_14322,455.5,33.5,135.62150781325914
D5_BASE_14322,455.5,34.0,96.81238200997275
D5_BASE_14322,455.5,34.5,17.580822147101458
D5_BASE_14322,455.5,35.0,126.77738725697259
D5_BASE_14322,455.5,35.5,146.5141834431484
D5_BASE_14322,455.5,36.0,91.41806760160976
D5_BASE_14322,455.5,36.5,39.20029403513192
D5_BASE_14322,455.5,37.0,53.988279385490024
D5_BASE_14322,455.5,37.5,114.8908885572916
D5_BASE_14322,455.5,38.0,83.17310461160713
D5_BASE_14322,455.5,38.5,139.7561645687803
D5_BASE_14322,455.5,39.0,108.19137412642618
D5_BASE_14322,455.5,39.5,36.036315430481544
D5_BASE_14322,455.5,40.0,97.50495489348312
D5_BASE_14322,455.5,40.5,3.4582904946687925
D5_BASE_14322,455.5,41.0,73.68248126956574
D5_BASE_14322,455.5,41.5,73.66243071402894
D5_BASE_14322,455.5,42.0,70.77936338234629
D5_BASE_14322,455.5,42.5,61.771720393513476
D5_BASE_14322,455.5,43.0,56.80051247108844
D5_BASE_14322,455.5,43.5,53.29604159443983
D5_BASE_14322,455.5,44.0,50.69473432425996
D5_BASE_14322,455.5,44.5,48.7481259442733
D5_BASE_14322,455.5,45.0,47.31504374083374
D5_BASE_14322,455.5,45.5,46.30398197294057
D5_BASE_14322,455.5,46.0,45.650698023885155
D5_BASE_14322,455.5,46.5,45.30762254927255
D5_BASE_14322,455.5,47.0,45.238167513171014
D5_BASE_14322,455.5,47.5,45.4133758617781
D5_BASE_14322,455.5,48.0,45.809812031510035
D5_BASE_14322,455.5,48.5,46.40816314334209
D5_BASE_14322,455.5,49.0,47.1922727294953
D5_BASE_14322,455.5,49.5,48.14845082900213
D5_BASE_14322,455.5,50.0,49.264967836331316
D5_BASE_14322,455.75,25.0,113.41514563294902
D5_BASE_14322,455.75,25.5,18.09965513190561
D5_BASE_14322,455.75,26.0,168.41244159319274
D5_BASE_14322,455.75,26.5,38.04995333872963
D5_BASE_14322,455.75,27.0,108.41863990359037
D5_BASE_14322,455.75,27.5,122.87099441212142
D5_BASE_14322,455.75,28.0,8.411982067698489
D5_BASE_14322,455.75,28.5,117.41278642564274
D5_BASE_14322,455.75,29.0,107.71600382038102
D5_BASE_14322,455.75,29.5,25.448789543919265
D5_BASE_14322,455.75,30.0,153.93911478729973
D5_BASE_14322,455.75,30.5,68.91404563923608
D5_BASE_14322,455.75,31.0,80.82528916116718
D5_BASE_14322,455.75,31.5,139.8566663955373
D5_BASE_14322,455.75,32.0,20.034334646694642
D5_BASE_14322,455.75,32.5,112.3397250198258
D5_BASE_14322,455.75,33.0,59.33581544690963
D5_BASE_14322,455.75,33.5,137.9956997474708
D5_BASE_14322,455.75,34.0,95.39410755565636
D5_BASE_14322,455.75,34.5,19.454294230790374
D5_BASE_14322,455.75,35.0,122.69685012528346
D5_BASE_14322,455.75,35.5,148.44938830753907
D5_BASE_14322,455.75,36.0,90.54134237531945
D5_BASE_14322,455.75,36.5,41.27854427759983
D5_BASE_14322,455.75,37.0,57.7711224382632
D5_BASE_14322,455.75,37.5,114.27174598644434
D5_BASE_14322,455.75,38.0,86.32412476209532
D5_BASE_14322,455.75,38.5,142.50918874198683
D5_BASE_14322,455.75,39.0,114.52287410368699
D5_BASE_14322,455.75,39.5,34.66036690806055
D5_BASE_14322,455.75,40.0,97.49520760034906
D5_BASE_14322,455.75,40.5,0.706421389078328
D5_BASE_14322,455.75,41.0,73.77208521536564
D5_BASE_14322,455.75,41.5,73.80201534004574
D5_BASE_14322,455.75,42.0,71.01403365201644
D5_BASE_14322,455.75,42.5,62.02808009313837
D5_BASE_14322,455.75,43.0,57.05758796336934
D5_BASE_14322,455.75,43.5,53.551895834259895
D5_BASE_14322,455.75,44.0,50.9488960633953
D5_BASE_14322,455.75,44.5,49.000452979633934
D5_BASE_14322,455.75,45.0,47.565497769645845
D5_BASE_14322,455.75,45.5,46.55256179658754
D5_BASE_14322,455.75,46.0,45.897415128399146
D5_BASE_14322,455.75,46.5,45.552491082957204
D5_BASE_14322,455.75,47.0,45.48119994909425
D5_BASE_14322,455.75,47.5,45.65458114039198
D5_BASE_14322,455.75,48.0,46.04919485851433
D5_BASE_14322,455.75,48.5,46.645723846531894
D5_BASE_14322,455.75,49.0,47.42800738896968
D5_BASE_14322,455.75,49.5,48.382351537598254
D5_BASE_14322,455.75,50.0,49.49702301635605
D5_BASE_14322,456.0,25.0,109.49773118792871
D5_BASE_14322,456.0,25.5,22.73727378173828
D5_BASE_14322,456.0,26.0,164.3523154510779
D5_BASE_14322,456.0,26.5,34.28561914888984
D5_BASE_14322,456.0,27.0,112.54974440572525
D5_BASE_14322,456.0,27.5,119.80691518073196
D5_BASE_14322,456.0,28.0,5.475450988160125
D5_BASE_14322,456.0,28.5,120.56776376138072
D5_BASE_14322,456.0,29.0,104.50578372511418
D5_BASE_14322,456.0,29.5,28.49097476493278
D5_BASE_14322,456.0,30.0,156.89440772608162
D5_BASE_14322,456.0,30.5,65.83419679297768
D5_BASE_14322,456.0,31.0,83.7536401699459
D5_BASE_14322,456.0,31.5,137.52030478989784
D5_BASE_14322,456.0,32.0,17.88753882345036
D5_BASE_14322,456.0,32.5,115.12374294257384
D5_BASE_14322,456.0,33.0,55.69710244482446
D5_BASE_14322,456.0,33.5,140.33799556039637
D5_BASE_14322,456.0,34.0,93.9792340884322
D5_BASE_14322,456.0,34.5,21.347402651406583
D5_BASE_14322,456.0,35.0,118.59484525884568
D5_BASE_14322,456.0,35.5,150.3469935188677
D5_BASE_14322,456.0,36.0,89.66485913946305
D5_BASE_14322,456.0,36.5,43.391081568996285
D5_BASE_14322,456.0,37.0,61.47929329096
D5_BASE_14322,456.0,37.5,113.65717801277349
D5_BASE_14322,456.0,38.0,89.49400582023736
D5_BASE_14322,456.0,38.5,145.15952635979824
D5_BASE_14322,456.0,39.0,120.57927548572499
D5_BASE_14322,456.0,39.5,33.22076731682956
D5_BASE_14322,456.0,40.0,97.4880526047783
D5_BASE_14322,456.0,40.5,2.2216886951178023
D5_BASE_14322,456.0,41.0,73.86026719722226
D5_BASE_14322,456.0,41.5,73.94128788700604
D5_BASE_14322,456.0,42.0,71.24878355073744
D5_BASE_14322,456.0,42.5,62.28420156874904
D5_BASE_14322,456.0,43.0,57.31440830768421
D5_BASE_14322,456.0,43.5,53.80749151805675
D5_BASE_14322,456.0,44.0,51.20279853723285
D5_BASE_14322,456.0,44.5,49.25252089128216
D5_BASE_14322,456.0,45.0,47.81569314827629
D5_BASE_14322,456.0,45.5,46.80088359087167
D5_BASE_14322,456.0,46.0,46.143874898048296
D5_BASE_14322,456.0,46.5,45.79710301998467
D5_BASE_14322,456.0,47.0,45.723976559354206
D5_BASE_14322,456.0,47.5,45.895531395031696
D5_BASE_14322,456.0,48.0,46.28832349601412
D5_BASE_14322,456.0,48.5,46.88303123146679
D5_BASE_14322,456.0,49.0,47.663489642972536
D5_BASE_14322,456.0,49.5,48.61600079994525
D5_BASE_14322,456.0,50.0,49.72882776052427
D5_BASE_08955,450.0,25.0,83.07204554943239
D5_BASE_08955,450.0,25.5,73.13740072950378
D5_BASE_08955,450.0,26.0,95.63794335965913
D5_BASE_08955,450.0,26.5,109.16762588236958
D5_BASE_08955,450.0,27.0,19.6832222956129
D5_BASE_08955,450.0,27.5,151.4755803644622
D5_BASE_08955,450.0,28.0,81.05551696923598
D5_BASE_08955,450.0,28.5,46.85157068090604
D5_BASE_08955,450.0,29.0,178.27815346106274
D5_BASE_08955,450.0,29.5,50.373169761047485
D5_BASE_08955,450.0,30.0,80.34962028492563
D5_BASE_08955,450.0,30.5,145.07125597307999
D5_BASE_08955,450.0,31.0,3.297445413099475
D5_BASE_08955,450.0,31.5,139.37895994048955
D5_BASE_08955,450.0,32.0,83.88967500618098
D5_BASE_08955,450.0,32.5,54.32817617940814
D5_BASE_08955,450.0,33.0,146.28989457199307
D5_BASE_08955,450.0,33.5,30.919441433246
D5_BASE_08955,450.0,34.0,168.54742164771974
D5_BASE_08955,450.0,34.5,21.619463795820526
D5_BASE_08955,450.0,35.0,157.44509523403016
D5_BASE_08955,450.0,35.5,24.99360781199108
D5_BASE_08955,450.0,36.0,156.0298980774331
D5_BASE_08955,450.0,36.5,9.362197673829476
D5_BASE_08955,450.0,37.0,67.10642123376988
D5_BASE_08955,450.0,37.5,162.1637843824719
D5_BASE_08955,450.0,38.0,8.728089060933057
D5_BASE_08955,450.0,38.5,41.87333371230262
D5_BASE_08955,450.0,39.0,88.70427520000513
D5_BASE_08955,450.0,39.5,23.72039477737607
D5_BASE_08955,450.0,40.0,170.45252481545205
D5_BASE_08955,450.0,40.5,8.650381819687105
D5_BASE_08955,450.0,41.0,122.25950463214356
D5_BASE_08955,450.0,41.5,133.06262876019503
D5_BASE_08955,450.0,42.0,127.51678808759549
D5_BASE_08955,450.0,42.5,97.01506363538601
D5_BASE_08955,450.0,43.0,81.64360072007699
D5_BASE_08955,450.0,43.5,70.8781555881409
D5_BASE_08955,450.0,44.0,62.680184224517454
D5_BASE_08955,450.0,44.5,56.2185453155491
D5_BASE_08955,450.0,45.0,51.048516967498564
D5_BASE_08955,450.0,45.5,46.895057039449796
D5_BASE_08955,450.0,46.0,43.572040712574264
D5_BASE_08955,450.0,46.5,40.945568361250515
D5_BASE_08955,450.0,47.0,38.91496423223452
D5_BASE_08955,450.0,47.5,37.40197275126178
D5_BASE_08955,450.0,48.0,36.3441690682957
D5_BASE_08955,450.0,48.5,35.69071390098696
D5_BASE_08955,450.0,49.0,35.39949602320319
D5_BASE_08955,450.0,49.5,35.43513843523496
D5_BASE_08955,450.0,50.0,35.76756486146776
D5_BASE_08955,450.25,25.0,90.80140068431051
D5_BASE_08955,450.25,25.5,68.67859503300214
D5_BASE_08955,450.25,26.0,100.65254573119624
D5_BASE_08955,450.25,26.5,105.45274206213514
D5_BASE_08955,450.25,27.0,23.31307943440747
D5_BASE_08955,450.25,27.5,155.01582206303036
D5_BASE_08955,450.25,28.0,77.785709984399
D5_BASE_08955,450.25,28.5,50.082279771645624
D5_BASE_08955,450.25,29.0,178.53377521240535
D5_BASE_08955,450.25,29.5,47.28459815785358
D5_BASE_08955,450.25,30.0,83.35881847607055
D5_BASE_08955,450.25,30.5,142.06068064229922
D5_BASE_08955,450.25,31.0,0.3376726455909868
D5_BASE_08955,450.25,31.5,142.11582149928554
D5_BASE_08955,450.25,32.0,81.36114091844769
D5_BASE_08955,450.25,32.5,56.958753657082575
D5_BASE_08955,450.25,33.0,143.33825211245767
D5_BASE_08955,450.25,33.5,33.65499153715013
D5_BASE_08955,450.25,34.0,166.3471278640439
D5_BASE_08955,450.25,34.5,19.468217095054552
D5_BASE_08955,450.25,35.0,160.26126388280537
D5_BASE_08955,450.25,35.5,27.502324734800528
D5_BASE_08955,450.25,36.0,154.3206203348197
D5_BASE_08955,450.25,36.5,11.401692798278665
D5_BASE_08955,450.25,37.0,64.2633758087505
D5_BASE_08955,450.25,37.5,163.57604432888198
D5_BASE_08955,450.25,38.0,11.183886938808588
D5_BASE_08955,450.25,38.5,43.52533784797052
D5_BASE_08955,450.25,39.0,85.55853278439622
D5_BASE_08955,450.25,39.5,22.243455935778947
D5_BASE_08955,450.25,40.0,169.85593032239484
D5_BASE_08955,450.25,40.5,10.476030751652456
D5_BASE_08955,450.25,41.0,121.91209782101348
D5_BASE_08955,450.25,41.5,132.82100678765593
D5_BASE_08955,450.25,42.0,127.60932589020503
D5_BASE_08955,450.25,42.5,97.24937079530328
D5_BASE_08955,450.25,43.0,81.90183730871149
D5_BASE_08955,450.25,43.5,71.14647199414068
D5_BASE_08955,450.25,44.0,62.95369774991542
D5_BASE_08955,450.25,44.5,56.494811528121936
D5_BASE_08955,450.25,45.0,51.32607981236296
D5_BASE_08955,450.25,45.5,47.172955152338396
D5_BASE_08955,450.25,46.0,43.849595074292615
D5_BASE_08955,450.25,46.5,41.222276220251686
D5_BASE_08955,450.25,47.0,39.190440259814466
D5_BASE_08955,450.25,47.5,37.675913758707246
D5_BASE_08955,450.25,48.0,36.61633154151733
D5_BASE_08955,450.25,48.5,35.96089899619387
D5_BASE_08955,450.25,49.0,35.667539149166856
D5_BASE_08955,450.25,49.5,35.70090178486351
D5_BASE_08955,450.25,50.0,36.03093191286776
D5_BASE_08955,450.5,25.0,98.6312276314205
D5_BASE_08955,450.5,25.5,64.24298818785364
D5_BASE_08955,450.5,26.0,105.65190378053957
D5_BASE_08955,450.5,26.5,101.75529131015745
D5_BASE_08955,450.5,27.0,26.949016356741755
D5_BASE_08955,450.5,27.5,158.54588823315873
D5_BASE_08955,450.5,28.0,74.52217881951564
D5_BASE_08955,450.5,28.5,53.31135272709402
D5_BASE_08955,450.5,29.0,175.3480822856789
D5_BASE_08955,450.5,29.5,44.19908800220856
D5_BASE_08955,450.5,30.0,86.36558789760946
D5_BASE_08955,450.5,30.5,139.05255976247702
D5_BASE_08955,450.5,31.0,2.6163896937126228
D5_BASE_08955,450.5,31.5,144.84528217964873
D5_BASE_08955,450.5,32.0,78.83545150976767
D5_BASE_08955,450.5,32.5,59.59308961668773
D5_BASE_08955,450.5,33.0,140.38676472076156
D5_BASE_08955,450.5,33.5,36.37869625691019
D5_BASE_08955,450.5,34.0,164.1544819010188
D5_BASE_08955,450.5,34.5,17.31346657984284
D5_BASE_08955,450.5,35.0,163.08325992064977
D5_BASE_08955,450.5,35.5,29.994483747256254
D5_BASE_08955,450.5,36.0,152.61648597658288
D5_BASE_08955,450.5,36.5,13.451308265797971
D5_BASE_08955,450.5,37.0,61.44002908434072
D5_BASE_08955,450.5,37.5,164.98147397885268
D5_BASE_08955,450.5,38.0,13.665104512849805
D5_BASE_08955,450.5,38.5,45.16478647550333
D5_BASE_08955,450.5,39.0,82.29570367026045
D5_BASE_08955,450.5,39.5,20.756114209435722
D5_BASE_08955,450.5,40.0,169.2656595258268
D5_BASE_08955,450.5,40.5,12.314163681209743
D5_BASE_08955,450.5,41.0,121.56290217030829
D5_BASE_08955,450.5,41.5,132.58173533494883
D5_BASE_08955,450.5,42.0,127.70382605837273
D5_BASE_08955,450.5,42.5,97.48361981704811
D5_BASE_08955,450.5,43.0,82.15986829502081
D5_BASE_08955,450.5,43.5,71.41453484205493
D5_BASE_08955,450.5,44.0,63.22693501804431
D5_BASE_08955,450.5,44.5,56.770789128653334
D5_BASE_08955,450.5,45.0,51.60334702079055
D5_BASE_08955,450.5,45.5,47.45055374030174
D5_BASE_08955,450.5,46.0,44.12684803074476
D5_BASE_08955,450.5,46.5,41.49868215625013
D5_BASE_08955,450.5,47.0,39.46561481019035
D5_BASE_08955,450.5,47.5,37.94955443707292
D5_BASE_08955,450.5,48.0,36.88819535751352
D5_BASE_08955,450.5,48.5,36.23078750343635
D5_BASE_08955,450.5,49.0,35.93528806206481
D5_BASE_08955,450.5,49.5,35.966373533865784
D5_BASE_08955,450.5,50.0,36.29401016222762
D5_BASE_08955,450.75,25.0,106.52163136911587
D5_BASE_08955,450.75,25.5,59.823823689862664
D5_BASE_08955,450.75,26.0,110.63235692586571
D5_BASE_08955,450.75,26.5,98.07384593551745
D5_BASE_08955,450.75,27.0,30.59076475811367
D5_BASE_08955,450.75,27.5,162.065483954757
D5_BASE_08955,450.75,28.0,71.26469196829746
D5_BASE_08955,450.75,28.5,56.538854307068895
D5_BASE_08955,450.75,29.0,172.1647675849465
D5_BASE_08955,450.75,29.5,41.11664843232164
D5_BASE_08955,450.75,30.0,89.36992654212054
D5_BASE_08955,450.75,30.5,136.04694764576325
D5_BASE_08955,450.75,31.0,5.564680407122834
D5_BASE_08955,450.75,31.5,147.56740578454614
D5_BASE_08955,450.75,32.0,76.31245253888493
D5_BASE_08955,450.75,32.5,62.231235092386356
D5_BASE_08955,450.75,33.0,137.43567377182788
D5_BASE_08955,450.75,33.5,39.090516130718406
D5_BASE_08955,450.75,34.0,161.9692946104554
D5_BASE_08955,450.75,34.5,15.155057150022513
D5_BASE_08955,450.75,35.0,165.91079705397544
D5_BASE_08955,450.75,35.5,32.47013309040973
D5_BASE_08955,450.75,36.0,150.91729909426556
D5_BASE_08955,450.75,36.5,15.511176817176752
D5_BASE_08955,450.75,37.0,58.63659966103268
D5_BASE_08955,450.75,37.5,166.38025919616985
D5_BASE_08955,450.75,38.0,16.171970424805505
D5_BASE_08955,450.75,38.5,46.791594374021294
D5_BASE_08955,450.75,39.0,78.90952807362065
D5_BASE_08955,450.75,39.5,19.258633130963755
D5_BASE_08955,450.75,40.0,168.6815293708185
D5_BASE_08955,450.75,40.5,14.16392060359237
D5_BASE_08955,450.75,41.0,121.21176309680605
D5_BASE_08955,450.75,41.5,132.34463258540478
D5_BASE_08955,450.75,42.0,127.80024230093493
D5_BASE_08955,450.75,42.5,97.71780920710236
D5_BASE_08955,450.75,43.0,82.41769355268382
D5_BASE_08955,450.75,43.5,71.68234432934939
D5_BASE_08955,450.75,44.0,63.49989635806801
D5_BASE_08955,450.75,44.5,57.04647851304277
D5_BASE_08955,450.75,45.0,51.88031902618947
D5_BASE_08955,450.75,45.5,47.72785325879242
D5_BASE_08955,450.75,46.0,44.403800050365206
D5_BASE_08955,450.75,46.5,41.77478664496812
D5_BASE_08955,450.75,47.0,39.74048836261794
D5_BASE_08955,450.75,47.5,38.22289526658429
D5_BASE_08955,450.75,48.0,37.15976099568086
D5_BASE_08955,450.75,48.5,36.50037989999733
D5_BASE_08955,450.75,49.0,36.20274323613588
D5_BASE_08955,450.75,49.5,36.231554152756345
D5_BASE_08955,450.75,50.0,36.556800075834154
D5_BASE_08955,451.0,25.0,114.4312854347521
D5_BASE_08955,451.0,25.5,55.41468884476397
D5_BASE_08955,451.0,26.0,115.59038142064023
D5_BASE_08955,451.0,26.5,94.40699626356573
D5_BASE_08955,451.0,27.0,34.23800734940502
D5_BASE_08955,451.0,27.5,165.5743439631421
D5_BASE_08955,451.0,28.0,68.01301590907556
D5_BASE_08955,451.0,28.5,59.76484537341659
D5_BASE_08955,451.0,29.0,168.98383225801604
D5_BASE_08955,451.0,29.5,38.037289318945156
D5_BASE_08955,451.0,30.0,92.37183161666876
D5_BASE_08955,451.0,30.5,133.0438992353368
D5_BASE_08955,451.0,31.0,8.507140583294499
D5_BASE_08955,451.0,31.5,150.2822592150359
D5_BASE_08955,451.0,32.0,73.79199076451674
D5_BASE_08955,451.0,32.5,64.87323608025515
D5_BASE_08955,451.0,33.0,134.48522232685156
D5_BASE_08955,451.0,33.5,41.790418634908335
D5_BASE_08955,451.0,34.0,159.79137652576986
D5_BASE_08955,451.0,34.5,12.992836757377498
D5_BASE_08955,451.0,35.0,168.74358025669974
D5_BASE_08955,451.0,35.5,34.92932899885446
D5_BASE_08955,451.0,36.0,149.22286502237006
D5_BASE_08955,451.0,36.5,17.581427106097365
D5_BASE_08955,451.0,37.0,55.8532852024341
D5_BASE_08955,451.0,37.5,167.7725851683122
D5_BASE_08955,451.0,38.0,18.70469140999017
D5_BASE_08955,451.0,38.5,48.40568602449008
D5_BASE_08955,451.0,39.0,75.39369736275016
D5_BASE_08955,451.0,39.5,17.751294980076953
D5_BASE_08955,451.0,40.0,168.103359969325
D5_BASE_08955,451.0,40.5,16.024402577407724
D5_BASE_08955,451.0,41.0,120.85852452678118
D5_BASE_08955,451.0,41.5,132.10951941206906
D5_BASE_08955,451.0,42.0,127.89852968536695
D5_BASE_08955,451.0,42.5,97.95193749316174
D5_BASE_08955,451.0,43.0,82.67531295932883
D5_BASE_08955,451.0,43.5,71.94990065452079
D5_BASE_08955,451.0,44.0,63.77258209918268
D5_BASE_08955,451.0,44.5,57.32188007676518
D5_BASE_08955,451.0,45.0,52.15699626129958
D5_BASE_08955,451.0,45.5,48.00485416245521
D5_BASE_08955,451.0,46.0,44.68045160069409
D5_BASE_08955,451.0,46.5,42.0505901611817
D5_BASE_08955,451.0,47.0,40.0150613953761
D5_BASE_08955,451.0,47.5,38.49593672647053
D5_BASE_08955,451.0,48.0,37.43102893441021
D5_BASE_08955,451.0,48.5,36.769676662151255
D5_BASE_08955,451.0,49.0,36.469905144611275
D5_BASE_08955,451.0,49.5,36.496444111044596
D5_BASE_08955,451.0,50.0,36.81930211897576
D5_BASE_08955,451.25,25.0,122.31903578387805
D5_BASE_08955,451.25,25.5,51.009510150120455
D5_BASE_08955,451.25,26.0,120.52262785486576
D5_BASE_08955,451.25,26.5,90.75335469170572
D5_BASE_08955,451.25,27.0,37.89037958436041
D5_BASE_08955,451.25,27.5,169.07223289452307
D5_BASE_08955,451.25,28.0,64.7669157321149
D5_BASE_08955,451.25,28.5,62.989382929039856
D5_BASE_08955,451.25,29.0,165.80527877830997
D5_BASE_08955,451.25,29.5,34.9610212393982
D5_BASE_08955,451.25,30.0,95.37129955641211
D5_BASE_08955,451.25,30.5,130.04347004299163
D5_BASE_08955,451.25,31.0,11.44371365370046
D5_BASE_08955,451.25,31.5,152.98991237689577
D5_BASE_08955,451.25,32.0,71.27391403040883
D5_BASE_08955,451.25,32.5,67.51913349686387
D5_BASE_08955,451.25,33.0,131.5356548533901
D5_BASE_08955,451.25,33.5,44.47837810142017
D5_BASE_08955,451.25,34.0,157.62053796536273
D5_BASE_08955,451.25,34.5,10.82665646258397
D5_BASE_08955,451.25,35.0,171.58130606740843
D5_BASE_08955,451.25,35.5,37.37213541342104
D5_BASE_08955,451.25,36.0,147.53299035770934
D5_BASE_08955,451.25,36.5,19.662183563124458
D5_BASE_08955,451.25,37.0,53.090262986117885
D5_BASE_08955,451.25,37.5,169.1586363755124
D5_BASE_08955,451.25,38.0,21.263450684087466
D5_BASE_08955,451.25,38.5,50.006995546212515
D5_BASE_08955,451.25,39.0,71.74193527105417
D5_BASE_08955,451.25,39.5,16.23440072782203
D5_BASE_08955,451.25,40.0,167.5309745253481
D5_BASE_08955,451.25,40.5,17.894673878745348
D5_BASE_08955,451.25,41.0,120.5030287720845
D5_BASE_08955,451.25,41.5,131.87621914840997
D5_BASE_08955,451.25,42.0,127.9986445877065
D5_BASE_08955,451.25,42.5,98.18600322380985
D5_BASE_08955,451.25,43.0,82.93272639648687
D5_BASE_08955,451.25,43.5,72.21720401708191
D5_BASE_08955,451.25,44.0,64.04499257061167
D5_BASE_08955,451.25,44.5,57.596994214868985
D5_BASE_08955,451.25,45.0,52.43337915819278
D5_BASE_08955,451.25,45.5,48.28155690512665
D5_BASE_08955,451.25,46.0,44.956803148380246
D5_BASE_08955,451.25,46.5,42.326093178724776
D5_BASE_08955,451.25,47.0,40.28933438576839
D5_BASE_08955,451.25,47.5,38.7686792949676
D5_BASE_08955,451.25,48.0,37.70199965108989
D5_BASE_08955,451.25,48.5,37.03867826516582
D5_BASE_08955,451.25,49.0,36.736774259716256
D5_BASE_08955,451.25,49.5,36.76104387723805
D5_BASE_08955,451.25,50.0,37.08151675594462
D5_BASE_08955,451.5,25.0,130.14549097291814
D5_BASE_08955,451.5,25.5,46.602549553181156
D5_BASE_08955,451.5,26.0,125.4259542613452
D5_BASE_08955,451.5,26.5,87.11155942744013
D5_BASE_08955,451.5,27.0,41.54747162877142
D5_BASE_08955,451.5,27.5,172.55894537198557
D5_BASE_08955,451.5,28.0,61.52615574143188
D5_BASE_08955,451.5,28.5,66.21252016346598
D5_BASE_08955,451.5,29.0,162.6291109492808
D5_BASE_08955,451.5,29.5,31.887855450442082
D5_BASE_08955,451.5,30.0,98.36832603887977
D5_BASE_08955,451.5,30.5,127.04571608640357
D5_BASE_08955,451.5,31.0,14.374345445818212
D5_BASE_08955,451.5,31.5,155.690438085535
D5_BASE_08955,451.5,32.0,68.75807134810174
D5_BASE_08955,451.5,32.5,70.16896314045557
D5_BASE_08955,451.5,33.0,128.58721694438617
D5_BASE_08955,451.5,33.5,47.154375628370765
D5_BASE_08955,451.5,34.0,155.45658913211267
D5_BASE_08955,451.5,34.5,8.656370493239043
D5_BASE_08955,451.5,35.0,174.42366290615436
D5_BASE_08955,451.5,35.5,39.79862369541493
D5_BASE_08955,451.5,36.0,145.84748297714663
D5_BASE_08955,451.5,36.5,21.7535662564154
D5_BASE_08955,451.5,37.0,50.347690472781224
D5_BASE_08955,451.5,37.5,170.53859656273193
D5_BASE_08955,451.5,38.0,23.84840628936414
D5_BASE_08955,451.5,38.5,51.59546660797938
D5_BASE_08955,451.5,39.0,67.94810006798372
D5_BASE_08955,451.5,39.5,14.708269915461068
D5_BASE_08955,451.5,40.0,166.96419926001698
D5_BASE_08955,451.5,40.5,19.77376443095931
D5_BASE_08955,451.5,41.0,120.14511640423594
D5_BASE_08955,451.5,41.5,131.64455736510982
D5_BASE_08955,451.5,42.0,128.10054464468186
D5_BASE_08955,451.5,42.5,98.42000496820026
D5_BASE_08955,451.5,43.0,83.18993374954296
D5_BASE_08955,451.5,43.5,72.48425461754553
D5_BASE_08955,451.5,44.0,64.31712810160069
D5_BASE_08955,451.5,44.5,57.8718213219742
D5_BASE_08955,451.5,45.0,52.709468148273174
D5_BASE_08955,451.5,45.5,48.557961939837135
D5_BASE_08955,451.5,46.0,45.23285515918277
D5_BASE_08955,451.5,46.5,42.601296170488475
D5_BASE_08955,451.5,47.0,40.56330781012578
D5_BASE_08955,451.5,47.5,39.0411234493203
D5_BASE_08955,451.5,48.0,37.972673622107656
D5_BASE_08955,451.5,48.5,37.3073851833053
D5_BASE_08955,451.5,49.0,37.00335105267325
D5_BASE_08955,451.5,49.5,37.025353918845084
D5_BASE_08955,451.5,50.0,37.34344445003936
D5_BASE_08955,451.75,25.0,137.87445101661189
D5_BASE_08955,451.75,25.5,42.18840215752625
D5_BASE_08955,451.75,26.0,130.29745435761552
D5_BASE_08955,451.75,26.5,83.48027794193737
D5_BASE_08955,451.75,27.0,45.20883056778587
D5_BASE_08955,451.75,27.5,176.03430594006048
D5_BASE_08955,451.75,28.0,58.29050003085388
D5_BASE_08955,451.75,28.5,69.43430650440928
D5_BASE_08955,451.75,29.0,159.45533390912783
D5_BASE_08955,451.75,29.5,28.817803860047178
D5_BASE_08955,451.75,30.0,101.3629059989057
D5_BASE_08955,451.75,30.5,124.05069382614685
D5_BASE_08955,451.75,31.0,17.298984232956986
D5_BASE_08955,451.75,31.5,158.38391196943053
D5_BASE_08955,451.75,32.0,66.2443129774885
D5_BASE_08955,451.75,32.5,72.82275565487159
D5_BASE_08955,451.75,33.0,125.64015503665176
D5_BASE_08955,451.75,33.5,49.81839898405489
D5_BASE_08955,451.75,34.0,153.29934020905964
D5_BASE_08955,451.75,34.5,6.4818363029462205
D5_BASE_08955,451.75,35.0,177.27033141044961
D5_BASE_08955,451.75,35.5,42.20887234287903
D5_BASE_08955,451.75,36.0,144.1661520538375
D5_BASE_08955,451.75,36.5,23.85569074923713
D5_BASE_08955,451.75,37.0,47.62570589008636
D5_BASE_08955,451.75,37.5,171.91264871442954
D5_BASE_08955,451.75,38.0,26.459689406467177
D5_BASE_08955,451.75,38.5,53.171052315591965
D5_BASE_08955,451.75,39.0,64.00631041237655
D5_BASE_08955,451.75,39.5,13.17324046559337
D5_BASE_08955,451.75,40.0,166.40286333671713
D5_BASE_08955,451.75,40.5,21.66067249887969
D5_BASE_08955,451.75,41.0,119.78462612638519
D5_BASE_08955,451.75,41.5,131.41436165236675
D5_BASE_08955,451.75,42.0,128.2041887079379
D5_BASE_08955,451.75,42.5,98.6539413157425
D5_BASE_08955,451.75,43.0,83.44693490768961
D5_BASE_08955,451.75,43.5,72.7510526574105
D5_BASE_08955,451.75,44.0,64.58898902141046
D5_BASE_08955,451.75,44.5,58.14636179227074
D5_BASE_08955,451.75,45.0,52.98526366227714
D5_BASE_08955,451.75,45.5,48.83406971881154
D5_BASE_08955,451.75,46.0,45.50860809797176
D5_BASE_08955,451.75,46.5,42.87619960842522
D5_BASE_08955,451.75,47.0,40.83698214380896
D5_BASE_08955,451.75,47.5,39.31326966578571
D5_BASE_08955,451.75,48.0,38.243051322853646
D5_BASE_08955,451.75,48.5,37.57579788983287
D5_BASE_08955,451.75,49.0,37.26963599370432
D5_BASE_08955,451.75,49.5,37.28937470237753
D5_BASE_08955,451.75,50.0,37.60508566356829
D5_BASE_08955,452.0,25.0,145.47405457612305
D5_BASE_08955,452.0,25.5,37.76199580251236
D5_BASE_08955,452.0,26.0,135.13448062419263
D5_BASE_08955,452.0,26.5,79.85821017042291
D5_BASE_08955,452.0,27.0,48.873962844888524
D5_BASE_08955,452.0,27.5,179.4981688567654
D5_BASE_08955,452.0,28.0,55.05971303418859
D5_BASE_08955,452.0,28.5,72.65478767476223
D5_BASE_08955,452.0,29.0,156.28395413568794
D5_BASE_08955,452.0,29.5,25.75087899810596
D5_BASE_08955,452.0,30.0,104.35503364419176
D5_BASE_08955,452.0,30.5,121.05846010254459
D5_BASE_08955,452.0,31.0,20.217580780662768
D5_BASE_08955,452.0,31.5,161.0704123723148
D5_BASE_08955,452.0,32.0,63.73249050524979
D5_BASE_08955,452.0,32.5,75.48053649636657
D5_BASE_08955,452.0,33.0,122.69471612935179
D5_BASE_08955,452.0,33.5,52.47044250472807
D5_BASE_08955,452.0,34.0,151.14860145138164
D5_BASE_08955,452.0,34.5,4.302914631464512
D5_BASE_08955,452.0,35.0,179.87901521008507
D5_BASE_08955,452.0,35.5,44.60296670931345
D5_BASE_08955,452.0,36.0,142.48880807209483
D5_BASE_08955,452.0,36.5,25.968667954369433
D5_BASE_08955,452.0,37.0,44.92442882782151
D5_BASE_08955,452.0,37.5,173.28097503199547
D5_BASE_08955,452.0,38.0,29.097402638997917
D5_BASE_08955,452.0,38.5,54.733715077495205
D5_BASE_08955,452.0,39.0,59.91109726430313
D5_BASE_08955,452.0,39.5,11.629668423434396
D5_BASE_08955,452.0,40.0,165.84679878640742
D5_BASE_08955,452.0,40.5,23.55436763258392
D5_BASE_08955,452.0,41.0,119.42139464298225
D5_BASE_08955,452.0,41.5,131.18546140717663
D5_BASE_08955,452.0,42.0,128.30953680025019
D5_BASE_08955,452.0,42.5,98.88781087579456
D5_BASE_08955,452.0,43.0,83.70372976387902
D5_BASE_08955,452.0,43.5,73.01759833914726
D5_BASE_08955,452.0,44.0,64.86057565931232
D5_BASE_08955,452.0,44.5,58.42061601951685
D5_BASE_08955,452.0,45.0,53.260766130272664
D5_BASE_08955,452.0,45.5,49.109880693470856
D5_BASE_08955,452.0,46.0,45.78406242873079
D5_BASE_08955,452.0,46.5,43.150803963550196
D5_BASE_08955,452.0,47.0,41.110357861210375
D5_BASE_08955,452.0,47.5,39.58511841963439
D5_BASE_08955,452.0,48.0,38.5131332277225
D5_BASE_08955,452.0,48.5,37.84391685701285
D5_BASE_08955,452.0,49.0,37.535629552033896
D5_BASE_08955,452.0,49.5,37.55310669335349
D5_BASE_08955,452.0,50.0,37.8664408578514
D5_BASE_08955,452.25,25.0,152.91756917833555
D5_BASE_08955,452.25,25.5,33.318592811317686
D5_BASE_08955,452.25,26.0,139.93466208956272
D5_BASE_08955,452.25,26.5,76.24409148842835
D5_BASE_08955,452.25,27.0,52.54233692319191
D5_BASE_08955,452.25,27.5,177.049582247319
D5_BASE_08955,452.25,28.0,51.83356004948275
D5_BASE_08955,452.25,28.5,75.8740057544818
D5_BASE_08955,452.25,29.0,153.11497945136884
D5_BASE_08955,452.25,29.5,22.687093986137924
D5_BASE_08955,452.25,30.0,107.34470247148363
D5_BASE_08955,452.25,30.5,118.06907207242256
D5_BASE_08955,452.25,31.0,23.130088389645596
D5_BASE_08955,452.25,31.5,163.7500202543321
D5_BASE_08955,452.25,32.0,61.22245692124031
D5_BASE_08955,452.25,32.5,78.14232590345809
D5_BASE_08955,452.25,33.0,119.75114750302252
D5_BASE_08955,452.25,33.5,55.110506986527945
D5_BASE_08955,452.25,34.0,149.00418327474944
D5_BASE_08955,452.25,34.5,2.119469565893154
D5_BASE_08955,452.25,35.0,177.0247108010298
D5_BASE_08955,452.25,35.5,46.980998725279484
D5_BASE_08955,452.25,36.0,140.8152628409835
D5_BASE_08955,452.25,36.5,28.092603985507075
D5_BASE_08955,452.25,37.0,42.24396084126716
D5_BASE_08955,452.25,37.5,174.6437569137297
D5_BASE_08955,452.25,38.0,31.761618279071094
D5_BASE_08955,452.25,38.5,56.28342645026299
D5_BASE_08955,452.25,39.0,55.657583526033065
D5_BASE_08955,452.25,39.5,10.077927626612919
D5_BASE_08955,452.25,40.0,165.29584043322723
D5_BASE_08955,452.25,40.5,25.453793842292598
D5_BASE_08955,452.25,41.0,119.05525652701131
D5_BASE_08955,452.25,41.5,130.95768762506424
D5_BASE_08955,452.25,42.0,128.41655007362726
D5_BASE_08955,452.25,42.5,99.12161227736078
D5_BASE_08955,452.25,43.0,83.96031821477963
D5_BASE_08955,452.25,43.5,73.28389186618259
D5_BASE_08955,452.25,44.0,65.13188834458326
D5_BASE_08955,452.25,44.5,58.69458439703673
D5_BASE_08955,452.25,45.0,53.53597598166089
D5_BASE_08955,452.25,45.5,49.38539531443228
D5_BASE_08955,452.25,46.0,46.059218614559015
D5_BASE_08955,452.25,46.5,43.42510970594289
D5_BASE_08955,452.25,47.0,41.38343543575641
D5_BASE_08955,452.25,47.5,39.85667018515338
D5_BASE_08955,452.25,48.0,38.78291981011672
D5_BASE_08955,452.25,48.5,38.11174255611369
D5_BASE_08955,452.25,49.0,37.80133219589123
D5_BASE_08955,452.25,49.5,37.81655035629944
D5_BASE_08955,452.25,50.0,38.127510493223035
D5_BASE_08955,452.5,25.0,160.18380088247542
D5_BASE_08955,452.5,25.5,28.853794089474146
D5_BASE_08955,452.5,26.0,144.69591685345213
D5_BASE_08955,452.5,26.5,72.63669549037199
D5_BASE_08955,452.5,27.0,56.21338615671269
D5_BASE_08955,452.5,27.5,173.6090348329046
D5_BASE_08955,452.5,28.0,48.61180773744977
D5_BASE_08955,452.5,28.5,79.09199924681954
D5_BASE_08955,452.5,29.0,149.948419027984
D5_BASE_08955,452.5,29.5,19.626462506041705
D5_BASE_08955,452.5,30.0,110.33190528333029
D5_BASE_08955,452.5,30.5,115.08258714584413
D5_BASE_08955,452.5,31.0,26.036462935184904
D5_BASE_08955,452.5,31.5,166.42281909237968
D5_BASE_08955,452.5,32.0,58.714066692912624
D5_BASE_08955,452.5,32.5,80.80813886996384
D5_BASE_08955,452.5,33.0,116.8096964396606
D5_BASE_08955,452.5,33.5,57.73859957189181
D5_BASE_08955,452.5,34.0,146.8658963401704
D5_BASE_08955,452.5,34.5,0.06863139713039285
D5_BASE_08955,452.5,35.0,174.16709587314415
D5_BASE_08955,452.5,35.5,49.34306662326407
D5_BASE_08955,452.5,36.0,139.1453295067572
D5_BASE_08955,452.5,36.5,30.22760000575681
D5_BASE_08955,452.5,37.0,39.58438605990403
D5_BASE_08955,452.5,37.5,176.0011749372467
D5_BASE_08955,452.5,38.0,34.45237656314702
D5_BASE_08955,452.5,38.5,57.82016696567273
D5_BASE_08955,452.5,39.0,51.24169191232271
D5_BASE_08955,452.5,39.5,8.51840930228806
D5_BASE_08955,452.5,40.0,164.74982582050677
D5_BASE_08955,452.5,40.5,27.35787298250504
D5_BASE_08955,452.5,41.0,118.68604408462387
D5_BASE_08955,452.5,41.5,130.73087269576112
D5_BASE_08955,452.5,42.0,128.52519076920944
D5_BASE_08955,452.5,42.5,99.35534416879693
D5_BASE_08955,452.5,43.0,84.2167001607284
D5_BASE_08955,452.5,43.5,73.54993344288577
D5_BASE_08955,452.5,44.0,65.40292740649832
D5_BASE_08955,452.5,44.5,58.968267317719466
D5_BASE_08955,452.5,45.0,53.810893645174374
D5_BASE_08955,452.5,45.5,49.66061403151194
D5_BASE_08955,452.5,46.0,46.33407711767153
D5_BASE_08955,452.5,46.5,43.699117304749656
D5_BASE_08955,452.5,47.0,41.65621533991062
D5_BASE_08955,452.5,47.5,40.127925435648905
D5_BASE_08955,452.5,48.0,39.052411542447906
D5_BASE_08955,452.5,48.5,38.37927545741108
D5_BASE_08955,452.5,49.0,38.06674439251332
D5_BASE_08955,452.5,49.5,38.07970615475348
D5_BASE_08955,452.5,50.0,38.3882950290358
D5_BASE_08955,452.75,25.0,167.25714704974794
D5_BASE_08955,452.75,25.5,24.363545650754705
D5_BASE_08955,452.75,26.0,149.41645952511345
D5_BASE_08955,452.75,26.5,69.03483659422801
D5_BASE_08955,452.75,27.0,59.8865118564483
D5_BASE_08955,452.75,27.5,170.18024802838784
D5_BASE_08955,452.75,28.0,45.394224594239894
D5_BASE_08955,452.75,28.5,82.30880314837586
D5_BASE_08955,452.75,29.0,146.7842833913542
D5_BASE_08955,452.75,29.5,16.568998767951516
D5_BASE_08955,452.75,30.0,113.31663420540981
D5_BASE_08955,452.75,30.5,112.09906292290789
D5_BASE_08955,452.75,31.0,28.936662902980135
D5_BASE_08955,452.75,31.5,169.08889477983337
D5_BASE_08955,452.75,32.0,56.207175837849185
D5_BASE_08955,452.75,32.5,83.47798512137416
D5_BASE_08955,452.75,33.0,113.87060994441381
D5_BASE_08955,452.75,33.5,60.35473363084293
D5_BASE_08955,452.75,34.0,144.73355163542266
D5_BASE_08955,452.75,34.5,2.261517288250366
D5_BASE_08955,452.75,35.0,171.30651719581758
D5_BASE_08955,452.75,35.5,51.68927466616144
D5_BASE_08955,452.75,36.0,137.47882256424333
D5_BASE_08955,452.75,36.5,32.37375207335867
D5_BASE_08955,452.75,37.0,36.94577179883819
D5_BASE_08955,452.75,37.5,177.35340884418213
D5_BASE_08955,452.75,38.0,37.16968392849739
D5_BASE_08955,452.75,38.5,59.343925941087186
D5_BASE_08955,452.75,39.0,46.66037981150186
D5_BASE_08955,452.75,39.5,6.951521590883778
D5_BASE_08955,452.75,40.0,164.2085951372596
D5_BASE_08955,452.75,40.5,29.265508320380373
D5_BASE_08955,452.75,41.0,118.31358721702223
D5_BASE_08955,452.75,41.5,130.5048502023438
D5_BASE_08955,452.75,42.0,128.6354221788736
D5_BASE_08955,452.75,42.5,99.58900521751646
D5_BASE_08955,452.75,43.0,84.47287550568713
D5_BASE_08955,452.75,43.5,73.81572327455395
D5_BASE_08955,452.75,44.0,65.67369317432816
D5_BASE_08955,452.75,44.5,59.241665174016894
D5_BASE_08955,452.75,45.0,54.085519548878636
D5_BASE_08955,452.75,45.5,49.93553729372337
D5_BASE_08955,452.75,46.0,46.608638399401634
D5_BASE_08955,452.75,46.5,43.97282722818601
D5_BASE_08955,452.75,47.0,41.92869804517457
D5_BASE_08955,452.75,47.5,40.39888464344811
D5_BASE_08955,452.75,48.0,39.32160889614064
D5_BASE_08955,452.75,48.5,38.646516030188884
D5_BASE_08955,452.75,49.0,38.331866608146925
D5_BASE_08955,452.75,49.5,38.342574551267305
D5_BASE_08955,452.75,50.0,38.648794923660745
D5_BASE_08955,453.0,25.0,174.1273506196644
D5_BASE_08955,453.0,25.5,19.844147546743
D5_BASE_08955,453.0,26.0,154.09480387739268
D5_BASE_08955,453.0,26.5,65.43737249314334
D5_BASE_08955,453.0,27.0,63.56108653326071
D5_BASE_08955,453.0,27.5,166.76325330821706
D5_BASE_08955,453.0,28.0,42.180581398784945
D5_BASE_08955,453.0,28.5,85.52444902244278
D5_BASE_08955,453.0,29.0,143.62258442552238
D5_BASE_08955,453.0,29.5,13.514717477255056
D5_BASE_08955,453.0,30.0,116.2988807043909
D5_BASE_08955,453.0,30.5,109.11855713068051
D5_BASE_08955,453.0,31.0,31.83064942141692
D5_BASE_08955,453.0,31.5,171.74833552585193
D5_BASE_08955,453.0,32.0,53.701641994482394
D5_BASE_08955,453.0,32.5,86.15186909471464
D5_BASE_08955,453.0,33.0,110.93413446939898
D5_BASE_08955,453.0,33.5,62.95892863751697
D5_BASE_08955,453.0,34.0,142.60696055318928
D5_BASE_08955,453.0,34.5,4.459313601269263
D5_BASE_08955,453.0,35.0,168.44332737486727
D5_BASE_08955,453.0,35.5,54.019732879696434
D5_BASE_08955,453.0,36.0,135.81555786727623
D5_BASE_08955,453.0,36.5,34.53115098476062
D5_BASE_08955,453.0,37.0,34.328169170562944
D5_BASE_08955,453.0,37.5,178.70063752708813
D5_BASE_08955,453.0,38.0,39.913511281764215
D5_BASE_08955,453.0,38.5,60.85470127483535
D5_BASE_08955,453.0,39.0,41.91189751540768
D5_BASE_08955,453.0,39.5,5.377688996255681
D5_BASE_08955,453.0,40.0,163.67199114524473
D5_BASE_08955,453.0,40.5,31.175588260474953
D5_BASE_08955,453.0,41.0,117.93771327943337
D5_BASE_08955,453.0,41.5,130.27945472334616
D5_BASE_08955,453.0,42.0,128.74720860845787
D5_BASE_08955,453.0,42.5,99.82259410970771
D5_BASE_08955,453.0,43.0,84.7288441571993
D5_BASE_08955,453.0,43.5,74.08126156739922
D5_BASE_08955,453.0,44.0,65.94418597733176
D5_BASE_08955,453.0,44.5,59.51477835794222
D5_BASE_08955,453.0,45.0,54.359854120171725
D5_BASE_08955,453.0,45.5,50.21016554928213
D5_BASE_08955,453.0,46.0,46.88290292020376
D5_BASE_08955,453.0,46.5,44.24623994353835
D5_BASE_08955,453.0,47.0,42.20088402209135
D5_BASE_08955,453.0,47.5,40.66954827990238
D5_BASE_08955,453.0,48.0,39.59051234163416
D5_BASE_08955,453.0,48.5,38.91346474274364
D5_BASE_08955,453.0,49.0,38.5966993080519
D5_BASE_08955,453.0,49.5,38.605156007409725
D5_BASE_08955,453.0,50.0,38.90901063449226
D5_BASE_08955,453.25,25.0,179.21096683557673
D5_BASE_08955,453.25,25.5,15.292265076907865
D5_BASE_08955,453.25,26.0,158.72976111666964
D5_BASE_08955,453.25,26.5,61.843206471925974
D5_BASE_08955,453.25,27.0,67.2364572970012
D5_BASE_08955,453.25,27.5,163.3580552626044
D5_BASE_08955,453.25,28.0,38.97065163503154
D5_BASE_08955,453.25,28.5,88.73896507514115
D5_BASE_08955,453.25,29.0,140.46333537644162
D5_BASE_08955,453.25,29.5,10.463633800832604
D5_BASE_08955,453.25,30.0,119.27863560631573
D5_BASE_08955,453.25,30.5,106.1411275603409
D5_BASE_08955,453.25,31.0,34.7183862902307
D5_BASE_08955,453.25,31.5,174.40123175444307
D5_BASE_08955,453.25,32.0,51.19732449107704
D5_BASE_08955,453.25,32.5,88.82978992205061
D5_BASE_08955,453.25,33.0,108.00051564016704
D5_BASE_08955,453.25,33.5,65.55121004230085
D5_BASE_08955,453.25,34.0,140.48593496600554
D5_BASE_08955,453.25,34.5,6.662142228129164
D5_BASE_08955,453.25,35.0,165.57788441564952
D5_BASE_08955,453.25,35.5,56.334556789092815
D5_BASE_08955,453.25,36.0,134.15535263828122
D5_BASE_08955,453.25,36.5,36.69988211518882
D5_BASE_08955,453.25,37.0,31.731613694905462
D5_BASE_08955,453.25,37.5,179.95696098159877
D5_BASE_08955,453.25,38.0,42.68379229215038
D5_BASE_08955,453.25,38.5,62.352499228250046
D5_BASE_08955,453.25,39.0,36.996063149764325
D5_BASE_08955,453.25,39.5,3.7973517626511777
D5_BASE_08955,453.25,40.0,163.13985910666312
D5_BASE_08955,453.25,40.5,33.08699019552016
D5_BASE_08955,453.25,41.0,117.55824693701285
D5_BASE_08955,453.25,41.5,130.05452163739238
D5_BASE_08955,453.25,42.0,128.86051534253014
D5_BASE_08955,453.25,42.5,100.0561095500515
D5_BASE_08955,453.25,43.0,84.98460602634422
D5_BASE_08955,453.25,43.5,74.34654852853382
D5_BASE_08955,453.25,44.0,66.21440614475166
D5_BASE_08955,453.25,44.5,59.78760726106781
D5_BASE_08955,453.25,45.0,54.63389778578413
D5_BASE_08955,453.25,45.5,50.484499245603594
D5_BASE_08955,453.25,46.0,47.156871139652935
D5_BASE_08955,453.25,46.5,44.51935591716563
D5_BASE_08955,453.25,47.0,42.47277374024732
D5_BASE_08955,453.25,47.5,40.93991681538847
D5_BASE_08955,453.25,48.0,39.85912234838517
D5_BASE_08955,453.25,48.5,39.180122062386054
D5_BASE_08955,453.25,49.0,38.86124295650365
D5_BASE_08955,453.25,49.5,38.86745098376821
D5_BASE_08955,453.25,50.0,39.16894261794943
D5_BASE_08955,453.5,25.0,172.7589121229377
D5_BASE_08955,453.5,25.5,10.704942055126008
D5_BASE_08955,453.5,26.0,163.3204342419345
D5_BASE_08955,453.5,26.5,58.251289603278956
D5_BASE_08955,453.5,27.0,70.91194938892203
D5_BASE_08955,453.5,27.5,159.96463244802763
D5_BASE_08955,453.5,28.0,35.76421188942296
D5_BASE_08955,453.5,28.5,91.95237623383764
D5_BASE_08955,453.5,29.0,137.30655085498086
D5_BASE_08955,453.5,29.5,7.41576333258357
D5_BASE_08955,453.5,30.0,122.25588911546676
D5_BASE_08955,453.5,30.5,103.16683200461935
D5_BASE_08955,453.5,31.0,37.5998400055665
D5_BASE_08955,453.5,31.5,177.04767600346398
D5_BASE_08955,453.5,32.0,48.69408441304299
D5_BASE_08955,453.5,32.5,91.51174141778706
D5_BASE_08955,453.5,33.0,105.06999798532344
D5_BASE_08955,453.5,33.5,68.13160913996033
D5_BASE_08955,453.5,34.0,138.370287298132
D5_BASE_08955,453.5,34.5,8.870121393046258
D5_BASE_08955,453.5,35.0,162.71055127252416
D5_BASE_08955,453.5,35.5,58.633867160253295
D5_BASE_08955,453.5,36.0,132.49802547710655
D5_BASE_08955,453.5,36.5,38.8800252568696
D5_BASE_08955,453.5,37.0,29.15612590522113
D5_BASE_08955,453.5,37.5,178.61920951863203
D5_BASE_08955,453.5,38.0,45.48042172281877
D5_BASE_08955,453.5,38.5,63.83733419596917
D5_BASE_08955,453.5,39.0,31.914544008988894
D5_BASE_08955,453.5,39.5,2.2109651794106138
D5_BASE_08955,453.5,40.0,162.61204671254902
D5_BASE_08955,453.5,40.5,34.9985844508823
D5_BASE_08955,453.5,41.0,117.17501001752188
D5_BASE_08955,453.5,41.5,129.82988692988766
D5_BASE_08955,453.5,42.0,128.97530861062458
D5_BASE_08955,453.5,42.5,100.28955026144612
D5_BASE_08955,453.5,43.0,85.2401610276968
D5_BASE_08955,453.5,43.5,74.61158436595683
D5_BASE_08955,453.5,44.0,66.4843540058092
D5_BASE_08955,453.5,44.5,60.060152274524455
D5_BASE_08955,453.5,45.0,54.9076509717798
D5_BASE_08955,453.5,45.5,50.75853882930606
D5_BASE_08955,453.5,46.0,47.4305435164483
D5_BASE_08955,453.5,46.5,44.79217561450221
D5_BASE_08955,453.5,47.0,42.744367668274336
D5_BASE_08955,453.5,47.5,41.209990719312486
D5_BASE_08955,453.5,48.0,40.12743938487002
D5_BASE_08955,453.5,48.5,39.44648845544314
D5_BASE_08955,453.5,49.0,39.1254980167949
D5_BASE_08955,453.5,49.5,39.12945993995224
D5_BASE_08955,453.5,50.0,39.42859132947953
D5_BASE_08955,453.75,25.0,166.51399377937653
D5_BASE_08955,453.75,25.5,6.079615805122747
D5_BASE_08955,453.75,26.0,167.86620901345177
D5_BASE_08955,453.75,26.5,54.660622835639444
D5_BASE_08955,453.75,27.0,74.58686982235534
D5_BASE_08955,453.75,27.5,156.58293830814947
D5_BASE_08955,453.75,28.0,32.561042224029755
D5_BASE_08955,453.75,28.5,95.16470422736788
D5_BASE_08955,453.75,29.0,134.1522468391056
D5_BASE_08955,453.75,29.5,4.3711220583044215
D5_BASE_08955,453.75,30.0,125.23063083370327
D5_BASE_08955,453.75,30.5,100.19572819560177
D5_BASE_08955,453.75,31.0,40.47497978142639
D5_BASE_08955,453.75,31.5,179.68776282372457
D5_BASE_08955,453.75,32.0,46.19178466864774
D5_BASE_08955,453.75,32.5,94.19771206991062
D5_BASE_08955,453.75,33.0,102.1428246698093
D5_BASE_08955,453.75,33.5,70.70016293413059
D5_BASE_08955,453.75,34.0,136.25983059447262
D5_BASE_08955,453.75,34.5,11.08336558586188
D5_BASE_08955,453.75,35.0,159.84169538579025
D5_BASE_08955,453.75,35.5,60.91778974569835
D5_BASE_08955,453.75,36.0,130.84339636919168
D5_BASE_08955,453.75,36.5,41.07165445506815
D5_BASE_08955,453.75,37.0,26.60171194912287
D5_BASE_08955,453.75,37.5,177.28593179717947
D5_BASE_08955,453.75,38.0,48.30325381507778
D5_BASE_08955,453.75,38.5,65.3092284660676
D5_BASE_08955,453.75,39.0,26.671130015375553
D5_BASE_08955,453.75,39.5,0.6189988149277084
D5_BASE_08955,453.75,40.0,162.0884040119159
D5_BASE_08955,453.75,40.5,36.90923828887245
D5_BASE_08955,453.75,41.0,116.78782136061663
D5_BASE_08955,453.75,41.5,129.60538700131687
D5_BASE_08955,453.75,42.0,129.09155555487536
D5_BASE_08955,453.75,42.5,100.52291498473703
D5_BASE_08955,453.75,43.0,85.49550907928275
D5_BASE_08955,453.75,43.5,74.87636928854035
D5_BASE_08955,453.75,44.0,66.75402988969908
D5_BASE_08955,453.75,44.5,60.33241378899907
D5_BASE_08955,453.75,45.0,55.18111410355482
D5_BASE_08955,453.75,45.5,51.03228474621108
D5_BASE_08955,453.75,46.0,47.703920508413894
D5_BASE_08955,453.75,46.5,45.06469950005897
D5_BASE_08955,453.75,47.0,43.01566627385177
D5_BASE_08955,453.75,47.5,41.4797704601112
D5_BASE_08955,453.75,48.0,40.39546391858741
D5_BASE_08955,453.75,48.5,39.71256438726231
D5_BASE_08955,453.75,49.0,39.38946495123936
D5_BASE_08955,453.75,49.5,39.39118333459597
D5_BASE_08955,453.75,50.0,39.6879572235593
D5_BASE_08955,454.0,25.0,160.47080211698164
D5_BASE_08955,454.0,25.5,1.4141334511632824
D5_BASE_08955,454.0,26.0,172.36674207425835
D5_BASE_08955,454.0,26.5,51.07025898143318
D5_BASE_08955,454.0,27.0,78.26051110489541
D5_BASE_08955,454.0,27.5,153.21290215505783
D5_BASE_08955,454.0,28.0,29.360926525775692
D5_BASE_08955,454.0,28.5,98.37596766758777
D5_BASE_08955,454.0,29.0,131.00044067507923
D5_BASE_08955,454.0,29.5,1.3297263199802707
D5_BASE_08955,454.0,30.0,128.20284978023517
D5_BASE_08955,454.0,30.5,97.22787374298017
D5_BASE_08955,454.0,31.0,43.3437775675233
D5_BASE_08955,454.0,31.5,177.67841132165944
D5_BASE_08955,454.0,32.0,43.690290053200435
D5_BASE_08955,454.0,32.5,96.88768503532859
D5_BASE_08955,454.0,33.0,99.21923723232621
D5_BASE_08955,454.0,33.5,73.25691399854001
D5_BASE_08955,454.0,34.0,134.1543785866467
D5_BASE_08955,454.0,34.5,13.301985494674211
D5_BASE_08955,454.0,35.0,156.97168820727205
D5_BASE_08955,454.0,35.5,63.18645503548489
D5_BASE_08955,454.0,36.0,129.19128669317215
D5_BASE_08955,454.0,36.5,43.274837842128996
D5_BASE_08955,454.0,37.0,24.06836418220297
D5_BASE_08955,454.0,37.5,175.95695241230842
D5_BASE_08955,454.0,38.0,51.152100740845384
D5_BASE_08955,454.0,38.5,66.7682119715146
D5_BASE_08955,454.0,39.0,21.27198108649689
D5_BASE_08955,454.0,39.5,0.9780643180150674
D5_BASE_08955,454.0,40.0,161.56878334169
D5_BASE_08955,454.0,40.5,38.8178199380577
D5_BASE_08955,454.0,41.0,116.39649666359347
D5_BASE_08955,454.0,41.5,129.38085847672423
D5_BASE_08955,454.0,42.0,129.20922419897607
D5_BASE_08955,454.0,42.5,100.75620247845055
D5_BASE_08955,454.0,43.0,85.75065010253854
D5_BASE_08955,454.0,43.5,75.14090350601737
D5_BASE_08955,454.0,44.0,67.02343412558491
D5_BASE_08955,454.0,44.5,60.604392194733386
D5_BASE_08955,454.0,45.0,55.45428760583905
D5_BASE_08955,454.0,45.5,51.30573744134522
D5_BASE_08955,454.0,46.0,47.97700257250065
D5_BASE_08955,454.0,46.5,45.33692803742675
D5_BASE_08955,454.0,47.0,43.28667002370978
D5_BASE_08955,454.0,47.5,41.74925650525501
D5_BASE_08955,454.0,48.0,40.66319641606139
D5_BASE_08955,454.0,48.5,39.978350322212194
D5_BASE_08955,454.0,49.0,39.653144221173505
D5_BASE_08955,454.0,49.5,39.65262162536027
D5_BASE_08955,454.0,50.0,39.94704075369888
D5_BASE_08955,454.25,25.0,154.6216527998876
D5_BASE_08955,454.25,25.5,3.2932310371251634
D5_BASE_08955,454.25,26.0,176.82194676890524
D5_BASE_08955,454.25,26.5,47.479304611564714
D5_BASE_08955,454.25,27.0,81.93215501398214
D5_BASE_08955,454.25,27.5,149.85443020109602
D5_BASE_08955,454.25,28.0,26.163652832239528
D5_BASE_08955,454.25,28.5,101.58618213180142
D5_BASE_08955,454.25,29.0,127.85115107753761
D5_BASE_08955,454.25,29.5,1.7084072204329517
D5_BASE_08955,454.25,30.0,131.17253441181109
D5_BASE_08955,454.25,30.5,94.26332607281957
D5_BASE_08955,454.25,31.0,46.20620806355184
D5_BASE_08955,454.25,31.5,175.0507481575088
D5_BASE_08955,454.25,32.0,41.1894673117587
D5_BASE_08955,454.25,32.5,99.58163813944998
D5_BASE_08955,454.25,33.0,96.29947532737965
D5_BASE_08955,454.25,33.5,75.80191033533578
D5_BASE_08955,454.25,34.0,132.05374575634315
D5_BASE_08955,454.25,34.5,15.526087937826698
D5_BASE_08955,454.25,35.0,154.1009047158012
D5_BASE_08955,454.25,35.5,65.43999801330065
D5_BASE_08955,454.25,36.0,127.54151922799524
D5_BASE_08955,454.25,36.5,45.489637469706054
D5_BASE_08955,454.25,37.0,21.556061753429812
D5_BASE_08955,454.25,37.5,174.63209684483456
D5_BASE_08955,454.25,38.0,54.0267311396895
D5_BASE_08955,454.25,38.5,68.21432203440914
D5_BASE_08955,454.25,39.0,15.725826901403243
D5_BASE_08955,454.25,39.5,2.579728662811384
D5_BASE_08955,454.25,40.0,161.0530392574811
D5_BASE_08955,454.25,40.5,40.7232026123476
D5_BASE_08955,454.25,41.0,116.00084832342164
D5_BASE_08955,454.25,41.5,129.15613801592434
D5_BASE_08955,454.25,42.0,129.32828341841252
D5_BASE_08955,454.25,42.5,100.98941151853325
D5_BASE_08955,454.25,43.0,86.00558402226832
D5_BASE_08955,454.25,43.5,75.40518722896655
D5_BASE_08955,454.25,44.0,67.29256704259294
D5_BASE_08955,454.25,44.5,60.87608788152246
D5_BASE_08955,454.25,45.0,55.72717190269516
D5_BASE_08955,454.25,45.5,51.578897358939756
D5_BASE_08955,454.25,46.0,48.24979016478781
D5_BASE_08955,454.25,46.5,45.608861689276516
D5_BASE_08955,454.25,47.0,43.55737938363027
D5_BASE_08955,454.25,47.5,42.01844932124936
D5_BASE_08955,454.25,48.0,40.93063734284296
D5_BASE_08955,454.25,48.5,40.243846723686374
D5_BASE_08955,454.25,49.0,39.916536286959854
D5_BASE_08955,454.25,49.5,39.913775268934906
D5_BASE_08955,454.25,50.0,40.20584237244388
D5_BASE_08955,454.5,25.0,148.95716656420421
D5_BASE_08955,454.5,25.5,8.043759692995346
D5_BASE_08955,454.5,26.0,178.76802281329847
D5_BASE_08955,454.5,26.5,43.88692185900727
D5_BASE_08955,454.5,27.0,85.60107639683585
D5_BASE_08955,454.5,27.5,146.5074066319818
D5_BASE_08955,454.5,28.0,22.96901363451416
D5_BASE_08955,454.5,28.5,104.79536024563058
D5_BASE_08955,454.5,29.0,124.70439812829272
D5_BASE_08955,454.5,29.5,4.743261617674636
D5_BASE_08955,454.5,30.0,134.1396726432938
D5_BASE_08955,454.5,30.5,91.30214236692437
D5_BASE_08955,454.5,31.0,49.062248729910145
D5_BASE_08955,454.5,31.5,172.42914769629442
D5_BASE_08955,454.5,32.0,38.68918520043034
D5_BASE_08955,454.5,32.5,102.27954388015097
D5_BASE_08955,454.5,33.0,93.38377647240223
D5_BASE_08955,454.5,33.5,78.33520523087341
D5_BASE_08955,454.5,34.0,129.9577473960644
D5_BASE_08955,454.5,34.5,17.755775795327974
D5_BASE_08955,454.5,35.0,151.22972292390298
D5_BASE_08955,454.5,35.5,67.67855791790474
D5_BASE_08955,454.5,36.0,125.89391815964558
D5_BASE_08955,454.5,36.5,47.716109139392174
D5_BASE_08955,454.5,37.0,19.06477118103158
D5_BASE_08955,454.5,37.5,173.31119146364256
D5_BASE_08955,454.5,38.0,56.926868757438235
D5_BASE_08955,454.5,38.5,69.64760310435699
D5_BASE_08955,454.5,39.0,10.044095656846777
D5_BASE_08955,454.5,39.5,4.185487082195988
D5_BASE_08955,454.5,40.0,160.5410284652153
D5_BASE_08955,454.5,40.5,42.62426848478315
D5_BASE_08955,454.5,41.0,115.60068527491289
D5_BASE_08955,454.5,41.5,128.9310621240172
D5_BASE_08955,454.5,42.0,129.44870291189704
D5_BASE_08955,454.5,42.5,101.22254089809532
D5_BASE_08955,454.5,43.0,86.26031076660477
D5_BASE_08955,454.5,43.5,75.66922066880116
D5_BASE_08955,454.5,44.0,67.56142896980897
D5_BASE_08955,454.5,44.5,61.147501238713204
D5_BASE_08955,454.5,45.0,55.99976741751984
D5_BASE_08955,454.5,45.5,51.85176494243393
D5_BASE_08955,454.5,46.0,48.522283740484895
D5_BASE_08955,454.5,46.5,45.88050091736293
D5_BASE_08955,454.5,47.0,43.82779481845002
D5_BASE_08955,454.5,47.5,42.287349373638506
D5_BASE_08955,454.5,48.0,41.197787163512615
D5_BASE_08955,454.5,48.5,40.509054054105334
D5_BASE_08955,454.5,49.0,40.17964160798858
D5_BASE_08955,454.5,49.5,40.174644721043
D5_BASE_08955,454.5,50.0,40.46436253137731
D5_BASE_08955,454.75,25.0,143.4667709555168
D5_BASE_08955,454.75,25.5,12.838274041666725
D5_BASE_08955,454.75,26.0,174.40278907493803
D5_BASE_08955,454.75,26.5,40.29233013150715
D5_BASE_08955,454.75,27.0,89.26654696521977
D5_BASE_08955,454.75,27.5,143.17169471240553
D5_BASE_08955,454.75,28.0,19.77680615765797
D5_BASE_08955,454.75,28.5,108.00351176589919
D5_BASE_08955,454.75,29.0,121.56020327372241
D5_BASE_08955,454.75,29.5,7.774819680218354
D5_BASE_08955,454.75,30.0,137.10425186859467
D5_BASE_08955,454.75,30.5,88.34437950286988
D5_BASE_08955,454.75,31.0,51.91187979490314
D5_BASE_08955,454.75,31.5,169.8135083371888
D5_BASE_08955,454.75,32.0,36.189314546316545
D5_BASE_08955,454.75,32.5,104.98136943626632
D5_BASE_08955,454.75,33.0,90.47237580039854
D5_BASE_08955,454.75,33.5,80.85685710932596
D5_BASE_08955,454.75,34.0,127.86619966738746
D5_BASE_08955,454.75,34.5,19.991147939799337
D5_BASE_08955,454.75,35.0,148.3585233770337
D5_BASE_08955,454.75,35.5,69.9022780100692
D5_BASE_08955,454.75,36.0,124.24830908754839
D5_BASE_08955,454.75,36.5,49.95430223196964
D5_BASE_08955,454.75,37.0,16.59444691787935
D5_BASE_08955,454.75,37.5,171.99406352657016
D5_BASE_08955,454.75,38.0,59.852191203854424
D5_BASE_08955,454.75,38.5,71.06810649230273
D5_BASE_08955,454.75,39.0,4.240948707888932
D5_BASE_08955,454.75,39.5,5.794821880130507
D5_BASE_08955,454.75,40.0,160.0326097536611
D5_BASE_08955,454.75,40.5,44.51991258168969
D5_BASE_08955,454.75,41.0,115.19581282486614
D5_BASE_08955,454.75,41.5,128.70546696178707
D5_BASE_08955,454.75,42.0,129.5704531739523
D5_BASE_08955,454.75,42.5,101.45558942715874
D5_BASE_08955,454.75,43.0,86.51483026696782
D5_BASE_08955,454.75,43.5,75.93300403775507
D5_BASE_08955,454.75,44.0,67.83002023627238
D5_BASE_08955,454.75,44.5,61.418632655202465
D5_BASE_08955,454.75,45.0,56.272074573043284
D5_BASE_08955,454.75,45.5,52.12434063447435
D5_BASE_08955,454.75,46.0,48.79448375393358
D5_BASE_08955,454.75,46.5,46.151846182525645
D5_BASE_08955,454.75,47.0,44.09791679206238
D5_BASE_08955,454.75,47.5,42.55595712700693
D5_BASE_08955,454.75,48.0,41.464646341683675
D5_BASE_08955,454.75,48.5,40.77397277491902
D5_BASE_08955,454.75,49.0,40.442460642681006
D5_BASE_08955,454.75,49.5,40.43523043644139
D5_BASE_08955,454.75,50.0,40.7226016811238
D5_BASE_08955,455.0,25.0,138.13912001014305
D5_BASE_08955,455.0,25.5,17.677120067554576
D5_BASE_08955,455.0,26.0,170.08176897386497
D5_BASE_08955,455.0,26.5,36.69480773065019
D5_BASE_08955,455.0,27.0,92.92783905545745
D5_BASE_08955,455.0,27.5,139.8471379158206
D5_BASE_08955,455.0,28.0,16.586832619253954
D5_BASE_08955,455.0,28.5,111.21064366314083
D5_BASE_08955,455.0,29.0,118.41858932060295
D5_BASE_08955,455.0,29.5,10.803064007613195
D5_BASE_08955,455.0,30.0,140.06625898194326
D5_BASE_08955,455.0,30.5,85.39009399477695
D5_BASE_08955,455.0,31.0,54.755084258469985
D5_BASE_08955,455.0,31.5,167.20372696434188
D5_BASE_08955,455.0,32.0,33.68972830615557
D5_BASE_08955,455.0,32.5,107.68707668074231
D5_BASE_08955,455.0,33.0,87.56550581853334
D5_BASE_08955,455.0,33.5,83.36692938446132
D5_BASE_08955,455.0,34.0,125.77891965684731
D5_BASE_08955,455.0,34.5,22.232299167032576
D5_BASE_08955,455.0,35.0,145.48768864676737
D5_BASE_08955,455.0,35.5,72.11130534514288
D5_BASE_08955,455.0,36.0,122.60451903073974
D5_BASE_08955,455.0,36.5,52.204259535515696
D5_BASE_08955,455.0,37.0,14.145031905501495
D5_BASE_08955,455.0,37.5,170.6805411799645
D5_BASE_08955,455.0,38.0,62.80232884723614
D5_BASE_08955,455.0,38.5,72.47589010104768
D5_BASE_08955,455.0,39.0,1.6667988064578123
D5_BASE_08955,455.0,39.5,7.407205877975683
D5_BASE_08955,455.0,40.0,159.52764392786753
D5_BASE_08955,455.0,40.5,46.4090465641477
D5_BASE_08955,455.0,41.0,114.78603248202538
D5_BASE_08955,455.0,41.5,128.47918815554175
D5_BASE_08955,455.0,42.0,129.6935054685965
D5_BASE_08955,455.0,42.5,101.68855593241037
D5_BASE_08955,455.0,43.0,86.7691424580248
D5_BASE_08955,455.0,43.5,76.1965375488703
D5_BASE_08955,455.0,44.0,68.09834117097114
D5_BASE_08955,455.0,44.5,61.689482519436325
D5_BASE_08955,455.0,45.0,56.54409379132958
D5_BASE_08955,455.0,45.5,52.396624876916896
D5_BASE_08955,455.0,46.0,49.066390658608505
D5_BASE_08955,455.0,46.5,46.42289794469133
D5_BASE_08955,455.0,47.0,44.367745767420494
D5_BASE_08955,455.0,47.5,42.82427304498219
D5_BASE_08955,455.0,48.0,41.73121534000401
D5_BASE_08955,455.0,48.5,41.03860334660964
D5_BASE_08955,455.0,49.0,40.704993848491696
D5_BASE_08955,455.0,49.5,40.69553286892447
D5_BASE_08955,455.0,50.0,40.98056027134986
D5_BASE_08955,455.25,25.0,132.9624346983121
D5_BASE_08955,455.25,25.5,22.560155568773272
D5_BASE_08955,455.25,26.0,165.80419250965684
D5_BASE_08955,455.25,26.5,33.09369337190452
D5_BASE_08955,455.25,27.0,96.58422932456698
D5_BASE_08955,455.25,27.5,136.53356107072358
D5_BASE_08955,455.25,28.0,13.398900466629238
D5_BASE_08955,455.25,28.5,114.41676020334626
D5_BASE_08955,455.25,29.0,115.27958043025318
D5_BASE_08955,455.25,29.5,13.827977028055336
D5_BASE_08955,455.25,30.0,143.02568039946405
D5_BASE_08955,455.25,30.5,82.439341934901
D5_BASE_08955,455.25,31.0,57.59184789249023
D5_BASE_08955,455.25,31.5,164.59969904427598
D5_BASE_08955,455.25,32.0,31.19030162371351
D5_BASE_08955,455.25,32.5,110.39662219857996
D5_BASE_08955,455.25,33.0,84.66339617307037
D5_BASE_08955,455.25,33.5,85.86549030992904
D5_BASE_08955,455.25,34.0,123.69572542957104
D5_BASE_08955,455.25,34.5,24.479320126269585
D5_BASE_08955,455.25,35.0,142.6176028193664
D5_BASE_08955,455.25,35.5,74.30579055135301
D5_BASE_08955,455.25,36.0,120.96237643387128
D5_BASE_08955,455.25,36.5,54.466017072616694
D5_BASE_08955,455.25,37.0,11.716458116017868
D5_BASE_08955,455.25,37.5,169.37045345699661
D5_BASE_08955,455.25,38.0,65.77686386388882
D5_BASE_08955,455.25,38.5,73.87101815361308
D5_BASE_08955,455.25,39.0,7.659884767995007
D5_BASE_08955,455.25,39.5,9.022103539994603
D5_BASE_08955,455.25,40.0,159.0259937435307
D5_BASE_08955,455.25,40.5,48.290602365530795
D5_BASE_08955,455.25,41.0,114.3711417827053
D5_BASE_08955,455.25,41.5,128.25206060597307
D5_BASE_08955,455.25,42.0,129.81783180406845
D5_BASE_08955,455.25,42.5,101.921439256958
D5_BASE_08955,455.25,43.0,87.02324727765199
D5_BASE_08955,455.25,43.5,76.45982141598432
D5_BASE_08955,455.25,44.0,68.36639210283805
D5_BASE_08955,455.25,44.5,61.96005121940857
D5_BASE_08955,455.25,45.0,56.815825493776906
D5_BASE_08955,455.25,45.5,52.66861811082726
D5_BASE_08955,455.25,46.0,49.3380049071199
D5_BASE_08955,455.25,46.5,46.69365666287587
D5_BASE_08955,455.25,47.0,44.63728220653768
D5_BASE_08955,455.25,47.5,43.092297590236996
D5_BASE_08955,455.25,48.0,41.997494620158776
D5_BASE_08955,455.25,48.5,41.302946228693884
D5_BASE_08955,455.25,49.0,40.96724168191064
D5_BASE_08955,455.25,49.5,40.95555247132609
D5_BASE_08955,455.25,50.0,41.23823875076816
D5_BASE_08955,455.5,25.0,127.9247711448752
D5_BASE_08955,455.5,25.5,27.48674085458194
D5_BASE_08955,455.5,26.0,161.56912128303227
D5_BASE_08955,455.5,26.5,29.488387597790524
D5_BASE_08955,455.5,27.0,100.23500235423958
D5_BASE_08955,455.5,27.5,133.2307715162794
D5_BASE_08955,455.5,28.0,10.212822593275904
D5_BASE_08955,455.5,28.5,117.62186302859318
D5_BASE_08955,455.5,29.0,112.14320211085943
D5_BASE_08955,455.5,29.5,16.849541036116737
D5_BASE_08955,455.5,30.0,145.98250208102897
D5_BASE_08955,455.5,30.5,79.4921789361021
D5_BASE_08955,455.5,31.0,60.422159237720365
D5_BASE_08955,455.5,31.5,162.00131872230102
D5_BASE_08955,455.5,32.0,28.690911885966653
D5_BASE_08955,455.5,32.5,113.10995730969303
D5_BASE_08955,455.5,33.0,81.7662734210474
D5_BASE_08955,455.5,33.5,88.35261282837932
D5_BASE_08955,455.5,34.0,121.61643608077046
D5_BASE_08955,455.5,34.5,26.732297250303226
D5_BASE_08955,455.5,35.0,139.74865098119108
D5_BASE_08955,455.5,35.5,76.48588761392503
D5_BASE_08955,455.5,36.0,119.32171117312711
D5_BASE_08955,455.5,36.5,56.73960392695499
D5_BASE_08955,455.5,37.0,9.308647081394225
D5_BASE_08955,455.5,37.5,168.0636302748319
D5_BASE_08955,455.5,38.0,68.77532946032682
D5_BASE_08955,455.5,38.5,75.25356092053727
D5_BASE_08955,455.5,39.0,13.716938132070153
D5_BASE_08955,455.5,39.5,10.638972142765779
D5_BASE_08955,455.5,40.0,158.5275238423056
D5_BASE_08955,455.5,40.5,50.16353565614505
D5_BASE_08955,455.5,41.0,113.95093411192762
D5_BASE_08955,455.5,41.5,128.0239182956051
D5_BASE_08955,455.5,42.0,129.94340490855257
D5_BASE_08955,455.5,42.5,102.15423826009186
D5_BASE_08955,455.5,43.0,87.27714466689504
D5_BASE_08955,455.5,43.5,76.72285585371843
D5_BASE_08955,455.5,44.0,68.6341733607455
D5_BASE_08955,455.5,44.5,62.230339142658224
D5_BASE_08955,455.5,45.0,57.08727010111775
D5_BASE_08955,455.5,45.5,52.940320776483354
D5_BASE_08955,455.5,46.0,49.609326951214825
D5_BASE_08955,455.5,46.5,46.96412279518673
D5_BASE_08955,455.5,47.0,44.90652657049166
D5_BASE_08955,455.5,47.5,43.36003122449172
D5_BASE_08955,455.5,48.0,42.26348464287222
D5_BASE_08955,455.5,48.5,41.567001879725304
D5_BASE_08955,455.5,49.0,41.22920459846657
D5_BASE_08955,455.5,49.5,41.21528969552296
D5_BASE_08955,455.5,50.0,41.495637567139944
D5_BASE_08955,455.75,25.0,123.01422576614539
D5_BASE_08955,455.75,25.5,32.455733754860105
D5_BASE_08955,455.75,26.0,157.37546683271077
D5_BASE_08955,455.75,26.5,25.8783540740367
D5_BASE_08955,455.75,27.0,103.87945413568455
D5_BASE_08955,455.75,27.5,129.9385602607664
D5_BASE_08955,455.75,28.0,7.028417535031252
D5_BASE_08955,455.75,28.5,120.8259512362266
D5_BASE_08955,455.75,29.0,109.00948120785985
D5_BASE_08955,455.75,29.5,19.86773823055843
D5_BASE_08955,455.75,30.0,148.93670955236664
D5_BASE_08955,455.75,30.5,76.54866007527197
D5_BASE_08955,455.75,31.0,63.24600959743065
D5_BASE_08955,455.75,31.5,159.40847891785646
D5_BASE_08955,455.75,32.0,26.19143877811859
D5_BASE_08955,455.75,32.5,115.82702809679705
D5_BASE_08955,455.75,33.0,78.87436080904527
D5_BASE_08955,455.75,33.5,90.82837441974759
D5_BASE_08955,455.75,34.0,119.54087178520611
D5_BASE_08955,455.75,34.5,28.99131268551635
D5_BASE_08955,455.75,35.0,136.8812187024316
D5_BASE_08955,455.75,35.5,78.65175366509624
D5_BASE_08955,455.75,36.0,117.68235456211936
D5_BASE_08955,455.75,36.5,59.025042069554715
D5_BASE_08955,455.75,37.0,6.921510409535251
D5_BASE_08955,455.75,37.5,166.75990243074654
D5_BASE_08955,455.75,38.0,71.79720928565047
D5_BASE_08955,455.75,38.5,76.62359444710917
D5_BASE_08955,455.75,39.0,19.814940176205784
D5_BASE_08955,455.75,39.5,12.257262982615474
D5_BASE_08955,455.75,40.0,158.03210068806447
D5_BASE_08955,455.75,40.5,52.026829108699665
D5_BASE_08955,455.75,41.0,113.52519851991508
D5_BASE_08955,455.75,41.5,127.79459409439048
D5_BASE_08955,455.75,42.0,130.07019820685457
D5_BASE_08955,455.75,42.5,102.38695181704999
D5_BASE_08955,455.75,43.0,87.53083456993069
D5_BASE_08955,455.75,43.5,76.98564107746367
D5_BASE_08955,455.75,44.0,68.90168527350087
D5_BASE_08955,455.75,44.5,62.50034667626949
D5_BASE_08955,455.75,45.0,57.35842803341955
D5_BASE_08955,455.75,45.5,53.21173331337444
D5_BASE_08955,455.75,46.0,49.88035724177909
D5_BASE_08955,455.75,46.5,47.23429679882402
D5_BASE_08955,455.75,47.0,45.175479319425726
D5_BASE_08955,455.75,47.5,43.627474408516086
D5_BASE_08955,455.75,48.0,42.52918586791097
D5_BASE_08955,455.75,48.5,41.83077075729725
D5_BASE_08955,455.75,49.0,41.49088305272881
D5_BASE_08955,455.75,49.5,41.47474499243594
D5_BASE_08955,455.75,50.0,41.75275716727642
D5_BASE_08955,456.0,25.0,118.21908712138654
D5_BASE_08955,456.0,25.5,37.46548988343147
D5_BASE_08955,456.0,26.0,153.2220085077827
D5_BASE_08955,456.0,26.5,22.26312075651105
D5_BASE_08955,456.0,27.0,107.51689541005784
D5_BASE_08955,456.0,27.5,126.65670313689779
D5_BASE_08955,456.0,28.0,3.8455096465703003
D5_BASE_08955,456.0,28.5,124.02902145627384
D5_BASE_08955,456.0,29.0,105.87844589226455
D5_BASE_08955,456.0,29.5,22.882550752153886
D5_BASE_08955,456.0,30.0,151.88828792739153
D5_BASE_08955,456.0,30.5,73.60883983777255
D5_BASE_08955,456.0,31.0,66.06339302780711
D5_BASE_08955,456.0,31.5,156.8210714187091
D5_BASE_08955,456.0,32.0,23.69176433749134
D5_BASE_08955,456.0,32.5,118.5477754384409
D5_BASE_08955,456.0,33.0,75.98787805939804
D5_BASE_08955,456.0,33.5,93.29285694899689
D5_BASE_08955,456.0,34.0,117.46885384473997
D5_BASE_08955,456.0,34.5,31.25644422197997
D5_BASE_08955,456.0,35.0,134.01569152065102
D5_BASE_08955,456.0,35.5,80.80354878007091
D5_BASE_08955,456.0,36.0,116.04413935783107
D5_BASE_08955,456.0,36.5,61.32234618498319
D5_BASE_08955,456.0,37.0,4.5549502868430976
D5_BASE_08955,456.0,37.5,165.45910159727234
D5_BASE_08955,456.0,38.0,74.84193705088897
D5_BASE_08955,456.0,38.5,77.98120028148803
D5_BASE_08955,456.0,39.0,25.929788250962066
D5_BASE_08955,456.0,39.5,13.876422614841612
D5_BASE_08955,456.0,40.0,157.53959250411722
D5_BASE_08955,456.0,40.5,53.87949544135149
D5_BASE_08955,456.0,41.0,113.09371953381161
D5_BASE_08955,456.0,41.5,127.5639195630181
D5_BASE_08955,456.0,42.0,130.1981857979866
D5_BASE_08955,456.0,42.5,102.61957881878843
D5_BASE_08955,456.0,43.0,87.78431693403002
D5_BASE_08955,456.0,43.5,77.24817730337122
D5_BASE_08955,456.0,44.0,69.16892816984212
D5_BASE_08955,456.0,44.5,62.770074206869864
D5_BASE_08955,456.0,45.0,57.62929971008428
D5_BASE_08955,456.0,45.5,53.48285616020475
D5_BASE_08955,456.0,46.0,50.15109622883848
D5_BASE_08955,456.0,46.5,47.50417913008386
D5_BASE_08955,456.0,47.0,45.444140912550644
D5_BASE_08955,456.0,47.5,43.89462760213325
D5_BASE_08955,456.0,48.0,42.79459875408629
D5_BASE_08955,456.0,48.5,42.094253318045084
D5_BASE_08955,456.0,49.0,41.752277498309915
D5_BASE_08955,456.0,49.5,41.73391881203337
D5_BASE_08955,456.0,50.0,42.00959799704265
