spectral_peak_nm,spectral_FWHM_nm,T448,T450,T453,max_angle_450_deg,angular_FWHM_450_deg,I0_over_Imax_450,strict_normal,near_normal,angle_symmetry_error_max,energy_residual_max,spectral_boundary_clipped,angular_boundary_clipped,sequence_json,spectral_target_pass,angular_target_pass,combined_pass,candidate_id,scan_mode,sample_index,sample_id,error_bound_nm,layer_errors_json
449.74000000000217,3.360915323583413,0.4769742278212594,0.9690279610409942,0.21393762319505483,0.0,15.164478496341747,1.0,True,True,0.0,4.440892098500626e-16,False,False,"[[""H"",47],[""L"",77],[""H"",45],[""L"",79],[""H"",45],[""L"",312],[""H"",46],[""L"",78],[""H"",47],[""L"",79],[""H"",45],[""L"",77]]",True,True,True,ZL1_N3_M3_L78_H46,independent_layer_1nm,0,independent_layer_1nm_ZL1_N3_M3_L78_H46_0000,1,"[1,-1,-1,1,-1,0,0,0,1,1,-1,-1]"
450.3200000000023,3.3678097466352597,0.33838694392843116,0.9585169366421991,0.28598702201410514,-3.0,17.75557866796667,0.9686826623449548,False,True,0.0,6.661338147750939e-16,False,False,"[[""H"",46],[""L"",77],[""H"",46],[""L"",79],[""H"",47],[""L"",312],[""H"",45],[""L"",78],[""H"",45],[""L"",79],[""H"",46],[""L"",78]]",True,True,True,ZL1_N3_M3_L78_H46,independent_layer_1nm,1,independent_layer_1nm_ZL1_N3_M3_L78_H46_0001,1,"[0,-1,0,1,1,0,-1,0,-1,1,0,0]"
450.0800000000023,3.3637457682805803,0.3898633779057894,0.9920753752568913,0.2526990217294517,-2.0,16.658946100345844,0.9983868537888149,False,True,0.0,4.440892098500626e-16,False,False,"[[""H"",46],[""L"",78],[""H"",45],[""L"",78],[""H"",45],[""L"",312],[""H"",47],[""L"",77],[""H"",47],[""L"",78],[""H"",46],[""L"",79]]",True,True,True,ZL1_N3_M3_L78_H46,independent_layer_1nm,2,independent_layer_1nm_ZL1_N3_M3_L78_H46_0002,1,"[0,0,-1,0,-1,0,1,-1,1,0,0,1]"
452.7000000000029,3.4194294194728627,0.11192299606561493,0.27905980049326373,0.9630624944693023,-10.0,6.973999851833098,0.2833833449182109,False,False,0.0,6.661338147750939e-16,False,False,"[[""H"",46],[""L"",79],[""H"",45],[""L"",78],[""H"",47],[""L"",313],[""H"",47],[""L"",78],[""H"",47],[""L"",77],[""H"",45],[""L"",79]]",False,False,False,ZL1_N3_M3_L78_H46,independent_layer_1nm,3,independent_layer_1nm_ZL1_N3_M3_L78_H46_0003,1,"[0,1,-1,0,1,1,1,0,1,-1,-1,1]"
449.8000000000022,3.3513384599182245,0.45713736430440655,0.9772813409457802,0.21974555709306515,0.0,15.364225440433867,1.0,True,True,0.0,4.440892098500626e-16,False,False,"[[""H"",47],[""L"",79],[""H"",45],[""L"",77],[""H"",46],[""L"",313],[""H"",45],[""L"",79],[""H"",45],[""L"",77],[""H"",45],[""L"",78]]",True,True,True,ZL1_N3_M3_L78_H46,independent_layer_1nm,4,independent_layer_1nm_ZL1_N3_M3_L78_H46_0004,1,"[1,1,-1,-1,0,1,-1,1,-1,-1,-1,0]"
451.6800000000027,3.4132333883190427,0.17251580212128811,0.5029385773638442,0.621429402817798,-8.0,23.12219967462778,0.5068447643499777,False,False,0.0,7.771561172376096e-16,False,False,"[[""H"",45],[""L"",79],[""H"",47],[""L"",77],[""H"",47],[""L"",311],[""H"",47],[""L"",79],[""H"",47],[""L"",79],[""H"",45],[""L"",79]]",False,False,False,ZL1_N3_M3_L78_H46,independent_layer_1nm,5,independent_layer_1nm_ZL1_N3_M3_L78_H46_0005,1,"[-1,1,1,-1,1,-1,1,1,1,1,-1,1]"
450.3400000000023,3.358016060306568,0.3318170281871621,0.9535405088399911,0.2897656187899901,-4.0,17.82629993321013,0.9613336415115226,False,True,0.0,4.440892098500626e-16,False,False,"[[""H"",45],[""L"",79],[""H"",45],[""L"",78],[""H"",45],[""L"",313],[""H"",46],[""L"",79],[""H"",46],[""L"",79],[""H"",45],[""L"",79]]",True,True,True,ZL1_N3_M3_L78_H46,independent_layer_1nm,6,independent_layer_1nm_ZL1_N3_M3_L78_H46_0006,1,"[-1,1,-1,0,-1,1,0,1,0,1,-1,1]"
449.9600000000023,3.357129763162959,0.41387251674738684,0.9919364118578786,0.23877198959869714,0.0,16.122100629288706,1.0,True,True,0.0,6.661338147750939e-16,False,False,"[[""H"",46],[""L"",78],[""H"",46],[""L"",77],[""H"",47],[""L"",311],[""H"",46],[""L"",78],[""H"",46],[""L"",78],[""H"",45],[""L"",77]]",True,True,True,ZL1_N3_M3_L78_H46,independent_layer_1nm,7,independent_layer_1nm_ZL1_N3_M3_L78_H46_0007,1,"[0,0,0,-1,1,-1,0,0,0,0,-1,-1]"
450.6400000000024,3.3945435081324717,0.2865245252351435,0.8690221319718984,0.3425021598168599,-5.0,19.20766137982601,0.8758865453309468,False,True,0.0,4.440892098500626e-16,False,False,"[[""H"",47],[""L"",77],[""H"",47],[""L"",77],[""H"",47],[""L"",311],[""H"",46],[""L"",79],[""H"",46],[""L"",79],[""H"",46],[""L"",78]]",True,True,True,ZL1_N3_M3_L78_H46,independent_layer_1nm,8,independent_layer_1nm_ZL1_N3_M3_L78_H46_0008,1,"[1,-1,1,-1,1,-1,0,1,0,1,0,0]"
451.8800000000027,3.4201203613838516,0.15768765167293786,0.44524121165828867,0.6984280860201538,-9.0,9.40711210515796,0.4530428005729733,False,False,0.0,4.440892098500626e-16,False,False,"[[""H"",45],[""L"",78],[""H"",47],[""L"",78],[""H"",46],[""L"",312],[""H"",47],[""L"",79],[""H"",47],[""L"",78],[""H"",47],[""L"",77]]",False,False,False,ZL1_N3_M3_L78_H46,independent_layer_1nm,9,independent_layer_1nm_ZL1_N3_M3_L78_H46_0009,1,"[-1,0,1,0,0,0,1,1,1,0,1,-1]"
450.96000000000254,3.38710182788833,0.2393840371021301,0.7494433833358269,0.4096654838305344,-6.0,20.465751443848298,0.7562423944887475,False,False,0.0,4.440892098500626e-16,False,False,"[[""H"",46],[""L"",78],[""H"",47],[""L"",78],[""H"",47],[""L"",312],[""H"",46],[""L"",78],[""H"",45],[""L"",77],[""H"",45],[""L"",77]]",True,False,False,ZL1_N3_M3_L78_H46,independent_layer_1nm,10,independent_layer_1nm_ZL1_N3_M3_L78_H46_0010,1,"[0,0,1,0,1,0,0,0,-1,-1,-1,-1]"
451.2200000000025,3.3874586488954606,0.2099500799562053,0.6504757894141988,0.4766431049988478,-7.0,21.44610912431062,0.6553902971598462,False,False,0.0,4.440892098500626e-16,False,False,"[[""H"",45],[""L"",78],[""H"",47],[""L"",78],[""H"",46],[""L"",312],[""H"",47],[""L"",78],[""H"",46],[""L"",78],[""H"",45],[""L"",77]]",True,False,False,ZL1_N3_M3_L78_H46,independent_layer_1nm,11,independent_layer_1nm_ZL1_N3_M3_L78_H46_0011,1,"[-1,0,1,0,0,0,1,0,0,0,-1,-1]"
448.88000000000204,3.36799202085831,0.7753485502930215,0.6908521960742131,0.1471334013255483,0.0,13.740676680492566,1.0,True,True,0.0,6.661338147750939e-16,False,False,"[[""H"",47],[""L"",79],[""H"",47],[""L"",77],[""H"",46],[""L"",311],[""H"",45],[""L"",79],[""H"",45],[""L"",78],[""H"",47],[""L"",77]]",True,True,True,ZL1_N3_M3_L78_H46,independent_layer_1nm,12,independent_layer_1nm_ZL1_N3_M3_L78_H46_0012,1,"[1,1,1,-1,0,-1,-1,1,-1,0,1,-1]"
452.10000000000275,3.4136337469669797,0.14170598245278782,0.38856990887541193,0.7795320123609613,-9.0,8.22827515280267,0.391884485005477,False,False,0.0,6.661338147750939e-16,False,False,"[[""H"",46],[""L"",79],[""H"",46],[""L"",79],[""H"",47],[""L"",313],[""H"",46],[""L"",77],[""H"",47],[""L"",77],[""H"",45],[""L"",77]]",False,False,False,ZL1_N3_M3_L78_H46,independent_layer_1nm,13,independent_layer_1nm_ZL1_N3_M3_L78_H46_0013,1,"[0,1,0,1,1,1,0,-1,1,-1,-1,-1]"
451.6200000000026,3.403382992565298,0.1752618989116694,0.517023768072584,0.6014317327477057,-8.0,22.87249266875935,0.5210384772813244,False,False,0.0,4.440892098500626e-16,False,False,"[[""H"",46],[""L"",77],[""H"",47],[""L"",79],[""H"",46],[""L"",313],[""H"",46],[""L"",78],[""H"",46],[""L"",79],[""H"",46],[""L"",77]]",False,False,False,ZL1_N3_M3_L78_H46,independent_layer_1nm,14,independent_layer_1nm_ZL1_N3_M3_L78_H46_0014,1,"[0,-1,1,1,0,1,0,0,0,1,0,-1]"
450.9000000000025,3.368574063300173,0.2456240392997962,0.7727269121302658,0.3931690713004463,-6.0,20.11870001941875,0.7784291375190608,False,False,0.0,6.661338147750939e-16,False,False,"[[""H"",45],[""L"",79],[""H"",45],[""L"",79],[""H"",46],[""L"",313],[""H"",46],[""L"",78],[""H"",45],[""L"",78],[""H"",46],[""L"",79]]",True,False,False,ZL1_N3_M3_L78_H46,independent_layer_1nm,15,independent_layer_1nm_ZL1_N3_M3_L78_H46_0015,1,"[-1,1,-1,1,0,1,0,0,-1,0,0,1]"
450.70000000000243,3.3870027439336354,0.274738724594488,0.8441513740485767,0.3556973327665957,-5.0,19.476948573173015,0.8517216582673318,False,True,0.0,8.881784197001252e-16,False,False,"[[""H"",46],[""L"",79],[""H"",46],[""L"",79],[""H"",46],[""L"",311],[""H"",47],[""L"",78],[""H"",46],[""L"",79],[""H"",46],[""L"",77]]",True,True,True,ZL1_N3_M3_L78_H46,independent_layer_1nm,16,independent_layer_1nm_ZL1_N3_M3_L78_H46_0016,1,"[0,1,0,1,0,-1,1,0,0,1,0,-1]"
449.40000000000214,3.335699305467358,0.5810083810107436,0.8785371566788771,0.18208534158140613,0.0,14.196395961995762,1.0,True,True,0.0,4.440892098500626e-16,False,False,"[[""H"",45],[""L"",77],[""H"",45],[""L"",77],[""H"",45],[""L"",312],[""H"",47],[""L"",78],[""H"",45],[""L"",77],[""H"",47],[""L"",78]]",True,True,True,ZL1_N3_M3_L78_H46,independent_layer_1nm,17,independent_layer_1nm_ZL1_N3_M3_L78_H46_0017,1,"[-1,-1,-1,-1,-1,0,1,0,-1,-1,1,0]"
449.66000000000224,3.350879499742234,0.49839362046498553,0.9517276386320622,0.20548336687724855,0.0,14.860056157721532,1.0,True,True,0.0,5.551115123125783e-16,False,False,"[[""H"",47],[""L"",78],[""H"",45],[""L"",79],[""H"",45],[""L"",313],[""H"",45],[""L"",79],[""H"",46],[""L"",77],[""H"",45],[""L"",77]]",True,True,True,ZL1_N3_M3_L78_H46,independent_layer_1nm,18,independent_layer_1nm_ZL1_N3_M3_L78_H46_0018,1,"[1,0,-1,1,-1,1,-1,1,0,-1,-1,-1]"
450.7800000000025,3.379648307116099,0.26357400163861266,0.8189180863260141,0.3681614036373437,-5.0,19.70980184668734,0.830754775457315,False,True,0.0,1.1102230246251565e-15,False,False,"[[""H"",45],[""L"",78],[""H"",47],[""L"",79],[""H"",46],[""L"",313],[""H"",45],[""L"",78],[""H"",46],[""L"",79],[""H"",45],[""L"",79]]",True,True,True,ZL1_N3_M3_L78_H46,independent_layer_1nm,19,independent_layer_1nm_ZL1_N3_M3_L78_H46_0019,1,"[-1,0,1,1,0,1,-1,0,0,1,-1,1]"
449.1800000000021,3.3381349843403427,0.6606008776914496,0.7982000678238463,0.16490581432669885,0.0,13.866876339589872,1.0,True,True,0.0,6.661338147750939e-16,False,False,"[[""H"",45],[""L"",79],[""H"",46],[""L"",78],[""H"",47],[""L"",311],[""H"",45],[""L"",78],[""H"",45],[""L"",77],[""H"",46],[""L"",78]]",True,True,True,ZL1_N3_M3_L78_H46,independent_layer_1nm,20,independent_layer_1nm_ZL1_N3_M3_L78_H46_0020,1,"[-1,1,0,0,1,-1,-1,0,-1,-1,0,0]"
453.00000000000296,3.435107859625191,0.10137223372911856,0.24060665239889512,0.9926508876019252,-11.0,6.526128026458055,0.24303694488810584,False,False,0.0,9.992007221626409e-16,False,False,"[[""H"",47],[""L"",77],[""H"",46],[""L"",79],[""H"",47],[""L"",313],[""H"",47],[""L"",78],[""H"",46],[""L"",77],[""H"",47],[""L"",78]]",False,False,False,ZL1_N3_M3_L78_H46,independent_layer_1nm,21,independent_layer_1nm_ZL1_N3_M3_L78_H46_0021,1,"[1,-1,0,1,1,1,1,0,0,-1,1,0]"
450.3800000000024,3.3632747224115747,0.32589535445932727,0.9451106729031618,0.29541597512537726,-4.0,17.969459896674746,0.9523394278505658,False,True,0.0,6.661338147750939e-16,False,False,"[[""H"",46],[""L"",79],[""H"",45],[""L"",78],[""H"",46],[""L"",313],[""H"",45],[""L"",79],[""H"",46],[""L"",79],[""H"",45],[""L"",77]]",True,True,True,ZL1_N3_M3_L78_H46,independent_layer_1nm,22,independent_layer_1nm_ZL1_N3_M3_L78_H46_0022,1,"[0,1,-1,0,0,1,-1,1,0,1,-1,-1]"
449.66000000000224,3.360456139926157,0.5007134577085642,0.9516878720200075,0.20568144441516673,0.0,14.896961614541121,1.0,True,True,0.0,7.771561172376096e-16,False,False,"[[""H"",47],[""L"",77],[""H"",46],[""L"",78],[""H"",46],[""L"",312],[""H"",45],[""L"",78],[""H"",47],[""L"",78],[""H"",45],[""L"",77]]",True,True,True,ZL1_N3_M3_L78_H46,independent_layer_1nm,23,independent_layer_1nm_ZL1_N3_M3_L78_H46_0023,1,"[1,-1,0,0,0,0,-1,0,1,0,-1,-1]"
449.76000000000226,3.361234655778105,0.47098758264174323,0.974004316810819,0.21635772099501338,0.0,15.245823451086606,1.0,True,True,0.0,6.661338147750939e-16,False,False,"[[""H"",45],[""L"",79],[""H"",45],[""L"",78],[""H"",45],[""L"",312],[""H"",46],[""L"",79],[""H"",47],[""L"",77],[""H"",47],[""L"",78]]",True,True,True,ZL1_N3_M3_L78_H46,independent_layer_1nm,24,independent_layer_1nm_ZL1_N3_M3_L78_H46_0024,1,"[-1,1,-1,0,-1,0,0,1,1,-1,1,0]"
451.7600000000027,3.401029902147741,0.16348852011337991,0.47381428844426593,0.6514264657056776,-8.0,10.170091913659167,0.48057365781086636,False,False,0.0,7.771561172376096e-16,False,False,"[[""H"",47],[""L"",78],[""H"",45],[""L"",79],[""H"",47],[""L"",312],[""H"",47],[""L"",78],[""H"",45],[""L"",79],[""H"",45],[""L"",78]]",False,False,False,ZL1_N3_M3_L78_H46,independent_layer_1nm,25,independent_layer_1nm_ZL1_N3_M3_L78_H46_0025,1,"[1,0,-1,1,1,0,1,0,-1,1,-1,0]"
450.1200000000023,3.363237563334053,0.3765617314300942,0.9866270277933993,0.2595618167887359,-2.0,16.89116393158359,0.9945189067598702,False,True,0.0,7.771561172376096e-16,False,False,"[[""H"",47],[""L"",79],[""H"",45],[""L"",77],[""H"",46],[""L"",313],[""H"",45],[""L"",79],[""H"",46],[""L"",78],[""H"",45],[""L"",78]]",True,True,True,ZL1_N3_M3_L78_H46,independent_layer_1nm,26,independent_layer_1nm_ZL1_N3_M3_L78_H46_0026,1,"[1,1,-1,-1,0,1,-1,1,0,0,-1,0]"
449.50000000000216,3.3456420822457744,0.5476464830554606,0.9104558074808116,0.19044114044658406,0.0,14.417161353947407,1.0,True,True,0.0,6.661338147750939e-16,False,False,"[[""H"",46],[""L"",77],[""H"",46],[""L"",78],[""H"",46],[""L"",312],[""H"",45],[""L"",79],[""H"",45],[""L"",79],[""H"",46],[""L"",78]]",True,True,True,ZL1_N3_M3_L78_H46,independent_layer_1nm,27,independent_layer_1nm_ZL1_N3_M3_L78_H46_0027,1,"[0,-1,0,0,0,0,-1,1,-1,1,0,0]"
448.76000000000204,3.3380530722552635,0.8191461034145215,0.6444802909815306,0.13925819627426522,0.0,13.69099923940031,1.0,True,True,0.0,4.440892098500626e-16,False,False,"[[""H"",45],[""L"",77],[""H"",47],[""L"",77],[""H"",45],[""L"",312],[""H"",45],[""L"",79],[""H"",46],[""L"",77],[""H"",47],[""L"",77]]",True,True,True,ZL1_N3_M3_L78_H46,independent_layer_1nm,28,independent_layer_1nm_ZL1_N3_M3_L78_H46_0028,1,"[-1,-1,1,-1,-1,0,-1,1,0,-1,1,-1]"
449.00000000000205,3.328791455092528,0.7255909278560879,0.7316491100709428,0.15333090334032276,0.0,13.735179393259589,1.0,True,True,0.0,5.551115123125783e-16,False,False,"[[""H"",46],[""L"",77],[""H"",45],[""L"",79],[""H"",47],[""L"",311],[""H"",45],[""L"",78],[""H"",45],[""L"",77],[""H"",45],[""L"",77]]",True,True,True,ZL1_N3_M3_L78_H46,independent_layer_1nm,29,independent_layer_1nm_ZL1_N3_M3_L78_H46_0029,1,"[0,-1,-1,1,1,-1,-1,0,-1,-1,-1,-1]"
449.0800000000021,3.3268970765955714,0.6934803400021256,0.7642780295125591,0.15853952644894015,0.0,13.75881883227668,1.0,True,True,0.0,8.881784197001252e-16,False,False,"[[""H"",46],[""L"",77],[""H"",45],[""L"",79],[""H"",45],[""L"",312],[""H"",46],[""L"",78],[""H"",45],[""L"",77],[""H"",46],[""L"",78]]",True,True,True,ZL1_N3_M3_L78_H46,independent_layer_1nm,30,independent_layer_1nm_ZL1_N3_M3_L78_H46_0030,1,"[0,-1,-1,1,-1,0,0,0,-1,-1,0,0]"
450.80000000000246,3.384193284000844,0.26061562872500976,0.8100107650709426,0.37446673960534715,-6.0,19.851944926961018,0.8196651328514828,False,False,0.0,6.661338147750939e-16,False,False,"[[""H"",47],[""L"",78],[""H"",46],[""L"",77],[""H"",46],[""L"",312],[""H"",47],[""L"",77],[""H"",47],[""L"",77],[""H"",45],[""L"",79]]",True,False,False,ZL1_N3_M3_L78_H46,independent_layer_1nm,31,independent_layer_1nm_ZL1_N3_M3_L78_H46_0031,1,"[1,0,0,-1,0,0,1,-1,1,-1,-1,1]"
451.36000000000263,3.3963957668747753,0.19721595785375612,0.6015077902006845,0.5173554971110861,-7.0,21.926002232384473,0.608755681419748,False,False,0.0,7.771561172376096e-16,False,False,"[[""H"",46],[""L"",78],[""H"",46],[""L"",79],[""H"",47],[""L"",313],[""H"",45],[""L"",78],[""H"",46],[""L"",77],[""H"",47],[""L"",77]]",True,False,False,ZL1_N3_M3_L78_H46,independent_layer_1nm,32,independent_layer_1nm_ZL1_N3_M3_L78_H46_0032,1,"[0,0,0,1,1,1,-1,0,0,-1,1,-1]"
449.50000000000216,3.351498397292062,0.5511918639136131,0.9103610387920796,0.19055658562508865,0.0,14.43507801915432,1.0,True,True,0.0,4.440892098500626e-16,False,False,"[[""H"",45],[""L"",78],[""H"",45],[""L"",78],[""H"",46],[""L"",311],[""H"",46],[""L"",78],[""H"",47],[""L"",79],[""H"",46],[""L"",77]]",True,True,True,ZL1_N3_M3_L78_H46,independent_layer_1nm,33,independent_layer_1nm_ZL1_N3_M3_L78_H46_0033,1,"[-1,0,-1,0,0,-1,0,0,1,1,0,-1]"
448.820000000002,3.3569415365901705,0.7974041539525674,0.6695320947888506,0.1433968675058558,0.0,13.707418281251526,1.0,True,True,0.0,5.551115123125783e-16,False,False,"[[""H"",47],[""L"",78],[""H"",46],[""L"",77],[""H"",45],[""L"",312],[""H"",45],[""L"",78],[""H"",47],[""L"",79],[""H"",46],[""L"",78]]",True,True,True,ZL1_N3_M3_L78_H46,independent_layer_1nm,34,independent_layer_1nm_ZL1_N3_M3_L78_H46_0034,1,"[1,0,0,-1,-1,0,-1,0,1,1,0,0]"
448.10000000000184,3.3146731900062036,0.990128509056134,0.4338704462442035,0.10761968430099589,0.0,14.16246930350004,1.0,True,True,0.0,4.440892098500626e-16,False,False,"[[""H"",45],[""L"",78],[""H"",45],[""L"",77],[""H"",45],[""L"",311],[""H"",46],[""L"",79],[""H"",45],[""L"",77],[""H"",47],[""L"",78]]",False,True,False,ZL1_N3_M3_L78_H46,independent_layer_1nm,35,independent_layer_1nm_ZL1_N3_M3_L78_H46_0035,1,"[-1,0,-1,-1,-1,-1,0,1,-1,-1,1,0]"
448.72000000000196,3.3507700965946015,0.8407944518005491,0.6256944067705703,0.13649530489750694,0.0,13.71525797895793,1.0,True,True,0.0,4.440892098500626e-16,False,False,"[[""H"",47],[""L"",79],[""H"",45],[""L"",78],[""H"",45],[""L"",311],[""H"",46],[""L"",79],[""H"",45],[""L"",79],[""H"",47],[""L"",77]]",True,True,True,ZL1_N3_M3_L78_H46,independent_layer_1nm,36,independent_layer_1nm_ZL1_N3_M3_L78_H46_0036,1,"[1,1,-1,0,-1,-1,0,1,-1,1,1,-1]"
451.06000000000256,3.3879189048208787,0.2279027874214597,0.7107359515210517,0.43470701970995373,-6.0,20.89776026698969,0.7210924130376417,False,False,0.0,1.1102230246251565e-15,False,False,"[[""H"",45],[""L"",78],[""H"",47],[""L"",78],[""H"",46],[""L"",313],[""H"",46],[""L"",77],[""H"",46],[""L"",77],[""H"",47],[""L"",79]]",True,False,False,ZL1_N3_M3_L78_H46,independent_layer_1nm,37,independent_layer_1nm_ZL1_N3_M3_L78_H46_0037,1,"[-1,0,1,0,0,1,0,-1,0,-1,1,1]"
449.9600000000023,3.360579896734521,0.4138140230117948,0.9913441938607039,0.23925996422793827,0.0,16.120335698207402,1.0,True,True,0.0,6.661338147750939e-16,False,False,"[[""H"",46],[""L"",79],[""H"",46],[""L"",78],[""H"",47],[""L"",312],[""H"",45],[""L"",77],[""H"",46],[""L"",77],[""H"",45],[""L"",77]]",True,True,True,ZL1_N3_M3_L78_H46,independent_layer_1nm,38,independent_layer_1nm_ZL1_N3_M3_L78_H46_0038,1,"[0,1,0,0,1,0,-1,-1,0,-1,-1,-1]"
452.12000000000273,3.406983403198808,0.1401809908543955,0.3837502023690005,0.7865019491103089,-9.0,8.16409590137982,0.38685461834136314,False,False,0.0,4.440892098500626e-16,False,False,"[[""H"",46],[""L"",79],[""H"",45],[""L"",79],[""H"",46],[""L"",313],[""H"",47],[""L"",78],[""H"",47],[""L"",77],[""H"",45],[""L"",78]]",False,False,False,ZL1_N3_M3_L78_H46,independent_layer_1nm,39,independent_layer_1nm_ZL1_N3_M3_L78_H46_0039,1,"[0,1,-1,1,0,1,1,0,1,-1,-1,0]"
449.50000000000216,3.3592255788074112,0.5494480738946392,0.9110278339757398,0.19134344375735535,0.0,14.47050108480754,1.0,True,True,0.0,5.551115123125783e-16,False,False,"[[""H"",47],[""L"",77],[""H"",45],[""L"",79],[""H"",47],[""L"",311],[""H"",45],[""L"",77],[""H"",47],[""L"",79],[""H"",45],[""L"",78]]",True,True,True,ZL1_N3_M3_L78_H46,independent_layer_1nm,40,independent_layer_1nm_ZL1_N3_M3_L78_H46_0040,1,"[1,-1,-1,1,1,-1,-1,-1,1,1,-1,0]"
452.72000000000287,3.430728176879768,0.11223244846348229,0.27768425260524243,0.9675525274878577,-10.0,6.994129491472706,0.2826527638233688,False,False,0.0,6.661338147750939e-16,False,False,"[[""H"",47],[""L"",78],[""H"",45],[""L"",78],[""H"",47],[""L"",313],[""H"",47],[""L"",78],[""H"",46],[""L"",79],[""H"",47],[""L"",78]]",False,False,False,ZL1_N3_M3_L78_H46,independent_layer_1nm,41,independent_layer_1nm_ZL1_N3_M3_L78_H46_0041,1,"[1,0,-1,0,1,1,1,0,0,1,1,0]"
451.5400000000026,3.4124091618872967,0.1824064391552242,0.5415688331101096,0.57697362260304,-8.0,22.633020073918022,0.5477776271665382,False,False,0.0,4.440892098500626e-16,False,False,"[[""H"",47],[""L"",79],[""H"",47],[""L"",78],[""H"",46],[""L"",313],[""H"",46],[""L"",79],[""H"",45],[""L"",78],[""H"",46],[""L"",79]]",False,False,False,ZL1_N3_M3_L78_H46,independent_layer_1nm,42,independent_layer_1nm_ZL1_N3_M3_L78_H46_0042,1,"[1,1,1,0,0,1,0,1,-1,0,0,1]"
448.820000000002,3.3345798118474477,0.7964835033236014,0.6635541035366287,0.14226658763440414,0.0,13.688995987111614,1.0,True,True,0.0,7.771561172376096e-16,False,False,"[[""H"",47],[""L"",79],[""H"",45],[""L"",78],[""H"",46],[""L"",312],[""H"",45],[""L"",77],[""H"",45],[""L"",78],[""H"",45],[""L"",79]]",True,True,True,ZL1_N3_M3_L78_H46,independent_layer_1nm,43,independent_layer_1nm_ZL1_N3_M3_L78_H46_0043,1,"[1,1,-1,0,0,0,-1,-1,-1,0,-1,1]"
451.1400000000025,3.395199045973186,0.21950149777206085,0.6797777149657149,0.45797204326060836,-7.0,21.235370494321547,0.6862590087696392,False,False,0.0,6.661338147750939e-16,False,False,"[[""H"",46],[""L"",78],[""H"",45],[""L"",77],[""H"",47],[""L"",311],[""H"",47],[""L"",79],[""H"",47],[""L"",78],[""H"",46],[""L"",79]]",True,False,False,ZL1_N3_M3_L78_H46,independent_layer_1nm,44,independent_layer_1nm_ZL1_N3_M3_L78_H46_0044,1,"[0,0,-1,-1,1,-1,1,1,1,0,0,1]"
448.820000000002,3.3259803866391167,0.7956432443525715,0.663936066977441,0.14203042798212182,0.0,13.661029593274051,1.0,True,True,0.0,5.551115123125783e-16,False,False,"[[""H"",46],[""L"",79],[""H"",45],[""L"",78],[""H"",45],[""L"",313],[""H"",45],[""L"",77],[""H"",45],[""L"",78],[""H"",46],[""L"",79]]",True,True,True,ZL1_N3_M3_L78_H46,independent_layer_1nm,45,independent_layer_1nm_ZL1_N3_M3_L78_H46_0045,1,"[0,1,-1,0,-1,1,-1,-1,-1,0,0,1]"
449.62000000000216,3.35109059586307,0.5088248120911718,0.9457486535565369,0.2022757893502849,0.0,14.791718024481998,1.0,True,True,0.0,4.440892098500626e-16,False,False,"[[""H"",45],[""L"",78],[""H"",45],[""L"",79],[""H"",46],[""L"",311],[""H"",46],[""L"",78],[""H"",47],[""L"",77],[""H"",46],[""L"",79]]",True,True,True,ZL1_N3_M3_L78_H46,independent_layer_1nm,46,independent_layer_1nm_ZL1_N3_M3_L78_H46_0046,1,"[-1,0,-1,1,0,-1,0,0,1,-1,0,1]"
450.7400000000024,3.383085289905864,0.2693051712575022,0.8331782353523711,0.36213893064445424,-5.0,19.59133245571819,0.841597396639305,False,True,0.0,6.661338147750939e-16,False,False,"[[""H"",47],[""L"",77],[""H"",45],[""L"",78],[""H"",45],[""L"",313],[""H"",47],[""L"",77],[""H"",46],[""L"",79],[""H"",47],[""L"",77]]",True,True,True,ZL1_N3_M3_L78_H46,independent_layer_1nm,47,independent_layer_1nm_ZL1_N3_M3_L78_H46_0047,1,"[1,-1,-1,0,-1,1,1,-1,0,1,1,-1]"
451.2600000000026,3.39810427437493,0.20652148989320207,0.6339278048754733,0.49159164074466677,-7.0,21.606419127053115,0.6386811957793951,False,False,0.0,6.661338147750939e-16,False,False,"[[""H"",47],[""L"",79],[""H"",45],[""L"",79],[""H"",46],[""L"",313],[""H"",46],[""L"",77],[""H"",47],[""L"",78],[""H"",46],[""L"",78]]",True,False,False,ZL1_N3_M3_L78_H46,independent_layer_1nm,48,independent_layer_1nm_ZL1_N3_M3_L78_H46_0048,1,"[1,1,-1,1,0,1,0,-1,1,0,0,0]"
452.4000000000028,3.4431836803023543,0.1285864669459431,0.33322790622450127,0.8843692211550399,-10.0,7.6149633101964875,0.33855730129268674,False,False,0.0,1.3322676295501878e-15,False,False,"[[""H"",47],[""L"",79],[""H"",47],[""L"",78],[""H"",47],[""L"",313],[""H"",46],[""L"",77],[""H"",47],[""L"",78],[""H"",47],[""L"",77]]",False,False,False,ZL1_N3_M3_L78_H46,independent_layer_1nm,49,independent_layer_1nm_ZL1_N3_M3_L78_H46_0049,1,"[1,1,1,0,1,1,0,-1,1,0,1,-1]"
450.92000000000246,3.3876741026211334,0.24476028666005217,0.7636703758468357,0.4013727466404726,-6.0,20.31524675078777,0.7695380667621167,False,False,0.0,4.440892098500626e-16,False,False,"[[""H"",46],[""L"",79],[""H"",46],[""L"",78],[""H"",47],[""L"",312],[""H"",46],[""L"",77],[""H"",46],[""L"",77],[""H"",47],[""L"",77]]",True,False,False,ZL1_N3_M3_L78_H46,independent_layer_1nm,50,independent_layer_1nm_ZL1_N3_M3_L78_H46_0050,1,"[0,1,0,0,1,0,0,-1,0,-1,1,-1]"
449.040000000002,3.3265387461940463,0.7155252468863806,0.7425522661975252,0.15476564591718733,0.0,13.718096434622478,1.0,True,True,0.0,4.440892098500626e-16,False,False,"[[""H"",45],[""L"",77],[""H"",46],[""L"",78],[""H"",45],[""L"",313],[""H"",45],[""L"",77],[""H"",46],[""L"",77],[""H"",46],[""L"",79]]",True,True,True,ZL1_N3_M3_L78_H46,independent_layer_1nm,51,independent_layer_1nm_ZL1_N3_M3_L78_H46_0051,1,"[-1,-1,0,0,-1,1,-1,-1,0,-1,0,1]"
449.90000000000225,3.355084675700027,0.42834543005859727,0.9902751391986422,0.2323320552076178,0.0,15.842921620606374,1.0,True,True,0.0,6.661338147750939e-16,False,False,"[[""H"",45],[""L"",77],[""H"",45],[""L"",77],[""H"",47],[""L"",312],[""H"",45],[""L"",78],[""H"",47],[""L"",78],[""H"",46],[""L"",78]]",True,True,True,ZL1_N3_M3_L78_H46,independent_layer_1nm,52,independent_layer_1nm_ZL1_N3_M3_L78_H46_0052,1,"[-1,-1,-1,-1,1,0,-1,0,1,0,0,0]"
448.4400000000019,3.3406344191041057,0.9277301727513796,0.5336288759440106,0.12246568429314367,0.0,13.826995647698627,1.0,True,True,0.0,7.771561172376096e-16,False,False,"[[""H"",46],[""L"",78],[""H"",46],[""L"",79],[""H"",45],[""L"",311],[""H"",45],[""L"",79],[""H"",46],[""L"",79],[""H"",46],[""L"",77]]",False,True,False,ZL1_N3_M3_L78_H46,independent_layer_1nm,53,independent_layer_1nm_ZL1_N3_M3_L78_H46_0053,1,"[0,0,0,1,-1,-1,-1,1,0,1,0,-1]"
451.1200000000025,3.381918085810014,0.21966263618631254,0.6854262062383539,0.4508331894768529,-7.0,21.10278533780362,0.6937667385025197,False,False,0.0,8.881784197001252e-16,False,False,"[[""H"",46],[""L"",77],[""H"",45],[""L"",78],[""H"",46],[""L"",313],[""H"",46],[""L"",79],[""H"",46],[""L"",79],[""H"",46],[""L"",78]]",True,False,False,ZL1_N3_M3_L78_H46,independent_layer_1nm,54,independent_layer_1nm_ZL1_N3_M3_L78_H46_0054,1,"[0,-1,-1,0,0,1,0,1,0,1,0,0]"
452.60000000000286,3.4325163525175526,0.11739026928654259,0.2954067659996929,0.9444361412532463,-10.0,7.0611213469276155,0.29779136296923586,False,False,0.0,9.992007221626409e-16,False,False,"[[""H"",46],[""L"",77],[""H"",47],[""L"",78],[""H"",46],[""L"",313],[""H"",47],[""L"",79],[""H"",47],[""L"",77],[""H"",47],[""L"",77]]",False,False,False,ZL1_N3_M3_L78_H46,independent_layer_1nm,55,independent_layer_1nm_ZL1_N3_M3_L78_H46_0055,1,"[0,-1,1,0,0,1,1,1,1,-1,1,-1]"
452.5600000000029,3.422556490818579,0.1178961607690737,0.29967341545101867,0.9330986914185079,-10.0,7.112323832671356,0.3021532760847755,False,False,0.0,5.551115123125783e-16,False,False,"[[""H"",47],[""L"",77],[""H"",46],[""L"",79],[""H"",47],[""L"",313],[""H"",47],[""L"",77],[""H"",45],[""L"",79],[""H"",46],[""L"",78]]",False,False,False,ZL1_N3_M3_L78_H46,independent_layer_1nm,56,independent_layer_1nm_ZL1_N3_M3_L78_H46_0056,1,"[1,-1,0,1,1,1,1,-1,-1,1,0,0]"
452.3200000000028,3.4135871488758767,0.12989696776004422,0.3438804899994468,0.8572816083463202,-10.0,7.815189539695861,0.3526365875645378,False,False,0.0,6.661338147750939e-16,False,False,"[[""H"",46],[""L"",77],[""H"",46],[""L"",79],[""H"",46],[""L"",313],[""H"",47],[""L"",78],[""H"",47],[""L"",78],[""H"",45],[""L"",79]]",False,False,False,ZL1_N3_M3_L78_H46,independent_layer_1nm,57,independent_layer_1nm_ZL1_N3_M3_L78_H46_0057,1,"[0,-1,0,1,0,1,1,0,1,0,-1,1]"
448.5200000000019,3.3220478629258423,0.902337470353759,0.5580293819648241,0.12602098070052065,0.0,13.77621183237925,1.0,True,True,0.0,5.551115123125783e-16,False,False,"[[""H"",45],[""L"",78],[""H"",46],[""L"",77],[""H"",46],[""L"",311],[""H"",45],[""L"",79],[""H"",46],[""L"",78],[""H"",45],[""L"",77]]",False,True,False,ZL1_N3_M3_L78_H46,independent_layer_1nm,58,independent_layer_1nm_ZL1_N3_M3_L78_H46_0058,1,"[-1,0,0,-1,0,-1,-1,1,0,0,-1,-1]"
450.5800000000024,3.37698706946162,0.2925889481776649,0.8873041966860269,0.33122222460724915,-5.0,18.959306934808506,0.8942811822424721,False,True,0.0,6.661338147750939e-16,False,False,"[[""H"",45],[""L"",77],[""H"",46],[""L"",78],[""H"",47],[""L"",311],[""H"",46],[""L"",79],[""H"",47],[""L"",77],[""H"",46],[""L"",77]]",True,True,True,ZL1_N3_M3_L78_H46,independent_layer_1nm,59,independent_layer_1nm_ZL1_N3_M3_L78_H46_0059,1,"[-1,-1,0,0,1,-1,0,1,1,-1,0,-1]"
451.3800000000026,3.4142434874911487,0.1978709195792832,0.5984136681631587,0.523656526609658,-7.0,22.073527313210928,0.6072605487483416,False,False,0.0,4.440892098500626e-16,False,False,"[[""H"",47],[""L"",78],[""H"",47],[""L"",79],[""H"",47],[""L"",311],[""H"",47],[""L"",77],[""H"",46],[""L"",77],[""H"",46],[""L"",78]]",False,False,False,ZL1_N3_M3_L78_H46,independent_layer_1nm,60,independent_layer_1nm_ZL1_N3_M3_L78_H46_0060,1,"[1,0,1,1,1,-1,1,-1,0,-1,0,0]"
449.90000000000225,3.366290015486129,0.4322945668488566,0.9885755031110197,0.23158247677239557,0.0,15.786424191496831,1.0,True,True,0.0,7.771561172376096e-16,False,False,"[[""H"",47],[""L"",78],[""H"",46],[""L"",79],[""H"",45],[""L"",313],[""H"",45],[""L"",79],[""H"",45],[""L"",79],[""H"",46],[""L"",78]]",True,True,True,ZL1_N3_M3_L78_H46,independent_layer_1nm,61,independent_layer_1nm_ZL1_N3_M3_L78_H46_0061,1,"[1,0,0,1,-1,1,-1,1,-1,1,0,0]"
450.3600000000024,3.384434483365567,0.3313381952264459,0.9477337588760364,0.2952728888301152,-4.0,17.991281881659674,0.9558757817631635,False,True,0.0,7.771561172376096e-16,False,False,"[[""H"",45],[""L"",78],[""H"",47],[""L"",79],[""H"",47],[""L"",311],[""H"",45],[""L"",79],[""H"",47],[""L"",78],[""H"",45],[""L"",77]]",True,True,True,ZL1_N3_M3_L78_H46,independent_layer_1nm,62,independent_layer_1nm_ZL1_N3_M3_L78_H46_0062,1,"[-1,0,1,1,1,-1,-1,1,1,0,-1,-1]"
451.0200000000025,3.387611552386545,0.2314359013833976,0.7227842044709758,0.4260368468187383,-6.0,20.73711742086419,0.7318807034750502,False,False,0.0,4.440892098500626e-16,False,False,"[[""H"",46],[""L"",79],[""H"",46],[""L"",79],[""H"",47],[""L"",313],[""H"",45],[""L"",77],[""H"",45],[""L"",79],[""H"",46],[""L"",78]]",True,False,False,ZL1_N3_M3_L78_H46,independent_layer_1nm,63,independent_layer_1nm_ZL1_N3_M3_L78_H46_0063,1,"[0,1,0,1,1,1,-1,-1,-1,1,0,0]"
449.3400000000021,3.3450825805236946,0.6035535774353666,0.8576618887105755,0.17702693898641292,0.0,14.073727852960317,1.0,True,True,0.0,5.551115123125783e-16,False,False,"[[""H"",46],[""L"",79],[""H"",46],[""L"",77],[""H"",45],[""L"",312],[""H"",46],[""L"",79],[""H"",45],[""L"",78],[""H"",46],[""L"",79]]",True,True,True,ZL1_N3_M3_L78_H46,independent_layer_1nm,64,independent_layer_1nm_ZL1_N3_M3_L78_H46_0064,1,"[0,1,0,-1,-1,0,0,1,-1,0,0,1]"
450.16000000000236,3.36198423315858,0.370585236951404,0.9840351961673366,0.2629241457392795,-2.0,17.029916113398983,0.9927357443303458,False,True,0.0,4.440892098500626e-16,False,False,"[[""H"",47],[""L"",77],[""H"",45],[""L"",78],[""H"",47],[""L"",312],[""H"",45],[""L"",79],[""H"",46],[""L"",77],[""H"",45],[""L"",78]]",True,True,True,ZL1_N3_M3_L78_H46,independent_layer_1nm,65,independent_layer_1nm_ZL1_N3_M3_L78_H46_0065,1,"[1,-1,-1,0,1,0,-1,1,0,-1,-1,0]"
447.70000000000175,3.3250403256487857,0.9607038780222193,0.3434759164876433,0.09341526050295351,0.0,14.705353197314572,1.0,True,True,0.0,5.551115123125783e-16,False,False,"[[""H"",46],[""L"",79],[""H"",45],[""L"",77],[""H"",45],[""L"",311],[""H"",45],[""L"",78],[""H"",47],[""L"",78],[""H"",46],[""L"",78]]",False,True,False,ZL1_N3_M3_L78_H46,independent_layer_1nm,66,independent_layer_1nm_ZL1_N3_M3_L78_H46_0066,1,"[0,1,-1,-1,-1,-1,-1,0,1,0,0,0]"
450.2600000000024,3.3599472183512944,0.34855787693591295,0.9701259803703879,0.2774987417620126,-3.0,17.48809469975943,0.9770060484622378,False,True,0.0,5.551115123125783e-16,False,False,"[[""H"",45],[""L"",79],[""H"",46],[""L"",78],[""H"",45],[""L"",312],[""H"",47],[""L"",79],[""H"",45],[""L"",77],[""H"",46],[""L"",79]]",True,True,True,ZL1_N3_M3_L78_H46,independent_layer_1nm,67,independent_layer_1nm_ZL1_N3_M3_L78_H46_0067,1,"[-1,1,0,0,-1,0,1,1,-1,-1,0,1]"
451.5200000000026,3.4127429118026384,0.184868931216066,0.550337484063116,0.5700387751431828,-8.0,22.58607339625046,0.5564419212703071,False,False,0.0,6.661338147750939e-16,False,False,"[[""H"",47],[""L"",79],[""H"",46],[""L"",77],[""H"",46],[""L"",312],[""H"",47],[""L"",79],[""H"",47],[""L"",79],[""H"",45],[""L"",77]]",False,False,False,ZL1_N3_M3_L78_H46,independent_layer_1nm,68,independent_layer_1nm_ZL1_N3_M3_L78_H46_0068,1,"[1,1,0,-1,0,0,1,1,1,1,-1,-1]"
450.1200000000023,3.366551412816591,0.37786192045530015,0.9871410320914874,0.25945975541707667,-2.0,16.906508209300394,0.994639801477953,False,True,0.0,8.881784197001252e-16,False,False,"[[""H"",46],[""L"",78],[""H"",46],[""L"",79],[""H"",46],[""L"",312],[""H"",46],[""L"",77],[""H"",45],[""L"",78],[""H"",47],[""L"",78]]",True,True,True,ZL1_N3_M3_L78_H46,independent_layer_1nm,69,independent_layer_1nm_ZL1_N3_M3_L78_H46_0069,1,"[0,0,0,1,0,0,0,-1,-1,0,1,0]"
451.1200000000025,3.3910175844811192,0.2212556167908869,0.6876269028723169,0.4506071611080712,-7.0,21.11895142512973,0.6966098112288285,False,False,0.0,4.440892098500626e-16,False,False,"[[""H"",45],[""L"",79],[""H"",47],[""L"",78],[""H"",46],[""L"",313],[""H"",46],[""L"",77],[""H"",46],[""L"",77],[""H"",47],[""L"",78]]",True,False,False,ZL1_N3_M3_L78_H46,independent_layer_1nm,70,independent_layer_1nm_ZL1_N3_M3_L78_H46_0070,1,"[-1,1,1,0,0,1,0,-1,0,-1,1,0]"
452.0400000000027,3.4341991361761757,0.14865660972679035,0.4078779007676423,0.7573141048024168,-9.0,8.584949910709547,0.41115037702065693,False,False,0.0,6.661338147750939e-16,False,False,"[[""H"",46],[""L"",79],[""H"",47],[""L"",79],[""H"",47],[""L"",311],[""H"",47],[""L"",78],[""H"",47],[""L"",79],[""H"",46],[""L"",77]]",False,False,False,ZL1_N3_M3_L78_H46,independent_layer_1nm,71,independent_layer_1nm_ZL1_N3_M3_L78_H46_0071,1,"[0,1,1,1,1,-1,1,0,1,1,0,-1]"
451.82000000000266,3.410977418838627,0.16123819856040858,0.46219709516886126,0.6715425734611493,-8.0,9.794284032791687,0.47056618512477727,False,False,0.0,4.440892098500626e-16,False,False,"[[""H"",47],[""L"",77],[""H"",45],[""L"",77],[""H"",46],[""L"",313],[""H"",47],[""L"",79],[""H"",46],[""L"",79],[""H"",47],[""L"",77]]",False,False,False,ZL1_N3_M3_L78_H46,independent_layer_1nm,72,independent_layer_1nm_ZL1_N3_M3_L78_H46_0072,1,"[1,-1,-1,-1,0,1,1,1,0,1,1,-1]"
451.08000000000254,3.382093008041636,0.22471338858184295,0.7026359915939693,0.43894550075533867,-6.0,20.983019576437705,0.7144175890782772,False,False,0.0,6.661338147750939e-16,False,False,"[[""H"",46],[""L"",79],[""H"",45],[""L"",77],[""H"",47],[""L"",313],[""H"",46],[""L"",77],[""H"",45],[""L"",78],[""H"",47],[""L"",79]]",True,False,False,ZL1_N3_M3_L78_H46,independent_layer_1nm,73,independent_layer_1nm_ZL1_N3_M3_L78_H46_0073,1,"[0,1,-1,-1,1,1,0,-1,-1,0,1,1]"
450.5800000000024,3.3801865204529804,0.29338615350215025,0.888205931289209,0.3306516048559505,-5.0,18.949753365497568,0.8960989377843522,False,True,0.0,5.551115123125783e-16,False,False,"[[""H"",46],[""L"",77],[""H"",47],[""L"",79],[""H"",46],[""L"",311],[""H"",47],[""L"",78],[""H"",46],[""L"",77],[""H"",45],[""L"",77]]",True,True,True,ZL1_N3_M3_L78_H46,independent_layer_1nm,74,independent_layer_1nm_ZL1_N3_M3_L78_H46_0074,1,"[0,-1,1,1,0,-1,1,0,0,-1,-1,-1]"
448.2600000000019,3.322878722850703,0.9690479295143596,0.47775253875207335,0.1141812529329542,0.0,13.995567502985788,1.0,True,True,0.0,4.440892098500626e-16,False,False,"[[""H"",45],[""L"",78],[""H"",46],[""L"",77],[""H"",46],[""L"",311],[""H"",45],[""L"",77],[""H"",47],[""L"",77],[""H"",46],[""L"",77]]",False,True,False,ZL1_N3_M3_L78_H46,independent_layer_1nm,75,independent_layer_1nm_ZL1_N3_M3_L78_H46_0075,1,"[-1,0,0,-1,0,-1,-1,-1,1,-1,0,-1]"
448.2400000000018,3.3266892609965453,0.9702251717733168,0.4738144402594382,0.11370689325658367,0.0,14.001461463414634,1.0,True,True,0.0,4.440892098500626e-16,False,False,"[[""H"",47],[""L"",79],[""H"",45],[""L"",77],[""H"",46],[""L"",311],[""H"",45],[""L"",79],[""H"",45],[""L"",78],[""H"",45],[""L"",78]]",False,True,False,ZL1_N3_M3_L78_H46,independent_layer_1nm,76,independent_layer_1nm_ZL1_N3_M3_L78_H46_0076,1,"[1,1,-1,-1,0,-1,-1,1,-1,0,-1,0]"
452.9200000000029,3.4346263510109907,0.10403604985629063,0.24950067800100234,0.9901885039279845,-11.0,6.6644693751708,0.25371742850264983,False,False,0.0,6.661338147750939e-16,False,False,"[[""H"",47],[""L"",79],[""H"",46],[""L"",79],[""H"",47],[""L"",313],[""H"",47],[""L"",77],[""H"",46],[""L"",79],[""H"",45],[""L"",79]]",False,False,False,ZL1_N3_M3_L78_H46,independent_layer_1nm,77,independent_layer_1nm_ZL1_N3_M3_L78_H46_0077,1,"[1,1,0,1,1,1,1,-1,0,1,-1,1]"
451.48000000000263,3.3914802901454664,0.18578149773673336,0.5609145840578161,0.5537482773322145,-8.0,22.390196124912983,0.5694898068493635,False,False,0.0,5.551115123125783e-16,False,False,"[[""H"",45],[""L"",78],[""H"",46],[""L"",78],[""H"",46],[""L"",313],[""H"",46],[""L"",79],[""H"",47],[""L"",78],[""H"",45],[""L"",77]]",False,False,False,ZL1_N3_M3_L78_H46,independent_layer_1nm,78,independent_layer_1nm_ZL1_N3_M3_L78_H46_0078,1,"[-1,0,0,0,0,1,0,1,1,0,-1,-1]"
450.7600000000025,3.3757453592886577,0.26387468542236603,0.820975062372026,0.36716305485430145,-5.0,19.699989663070482,0.8317910528815157,False,True,0.0,5.551115123125783e-16,False,False,"[[""H"",45],[""L"",79],[""H"",46],[""L"",78],[""H"",46],[""L"",313],[""H"",46],[""L"",77],[""H"",45],[""L"",79],[""H"",47],[""L"",78]]",True,True,True,ZL1_N3_M3_L78_H46,independent_layer_1nm,79,independent_layer_1nm_ZL1_N3_M3_L78_H46_0079,1,"[-1,1,0,0,0,1,0,-1,-1,1,1,0]"
451.8800000000027,3.427933211025106,0.1583994952981984,0.4467481047800745,0.6968465489292324,-9.0,9.48124283358914,0.45535856941706404,False,False,0.0,6.661338147750939e-16,False,False,"[[""H"",47],[""L"",77],[""H"",47],[""L"",79],[""H"",47],[""L"",311],[""H"",47],[""L"",78],[""H"",47],[""L"",79],[""H"",45],[""L"",77]]",False,False,False,ZL1_N3_M3_L78_H46,independent_layer_1nm,80,independent_layer_1nm_ZL1_N3_M3_L78_H46_0080,1,"[1,-1,1,1,1,-1,1,0,1,1,-1,-1]"
447.44000000000165,3.3144203531844596,0.8917909198001147,0.29781162056997157,0.08576102593479246,0.0,15.0765132705311,1.0,True,True,0.0,5.551115123125783e-16,False,False,"[[""H"",45],[""L"",78],[""H"",46],[""L"",77],[""H"",45],[""L"",311],[""H"",45],[""L"",78],[""H"",45],[""L"",79],[""H"",47],[""L"",78]]",False,True,False,ZL1_N3_M3_L78_H46,independent_layer_1nm,81,independent_layer_1nm_ZL1_N3_M3_L78_H46_0081,1,"[-1,0,0,-1,-1,-1,-1,0,-1,1,1,0]"
452.4400000000028,3.429791514946942,0.12543886469361332,0.32429271804413207,0.8962960520513339,-10.0,7.476010075538712,0.3280283474020814,False,False,0.0,1.2212453270876722e-15,False,False,"[[""H"",46],[""L"",78],[""H"",47],[""L"",78],[""H"",47],[""L"",312],[""H"",47],[""L"",78],[""H"",47],[""L"",78],[""H"",46],[""L"",77]]",False,False,False,ZL1_N3_M3_L78_H46,independent_layer_1nm,82,independent_layer_1nm_ZL1_N3_M3_L78_H46_0082,1,"[0,0,1,0,1,0,1,0,1,0,0,-1]"
450.66000000000247,3.3786207814558225,0.2793164122825029,0.8584772822393446,0.3466663214863447,-5.0,19.27265774534742,0.8653714123499262,False,True,0.0,6.661338147750939e-16,False,False,"[[""H"",45],[""L"",79],[""H"",46],[""L"",79],[""H"",47],[""L"",312],[""H"",45],[""L"",78],[""H"",47],[""L"",77],[""H"",45],[""L"",77]]",True,True,True,ZL1_N3_M3_L78_H46,independent_layer_1nm,83,independent_layer_1nm_ZL1_N3_M3_L78_H46_0083,1,"[-1,1,0,1,1,0,-1,0,1,-1,-1,-1]"
451.6200000000026,3.3903850455325824,0.17385682040234898,0.5160957399163666,0.5986962862284679,-8.0,22.875939528742975,0.5199271924671289,False,False,0.0,6.661338147750939e-16,False,False,"[[""H"",45],[""L"",78],[""H"",46],[""L"",78],[""H"",47],[""L"",312],[""H"",47],[""L"",78],[""H"",45],[""L"",78],[""H"",46],[""L"",78]]",False,False,False,ZL1_N3_M3_L78_H46,independent_layer_1nm,84,independent_layer_1nm_ZL1_N3_M3_L78_H46_0084,1,"[-1,0,0,0,1,0,1,0,-1,0,0,0]"
450.82000000000244,3.4006036489657845,0.2603161426036895,0.804772007312512,0.3789901532455656,-6.0,19.90872836072738,0.8148444722907789,False,False,0.0,8.881784197001252e-16,False,False,"[[""H"",47],[""L"",79],[""H"",47],[""L"",77],[""H"",47],[""L"",313],[""H"",45],[""L"",77],[""H"",45],[""L"",78],[""H"",47],[""L"",77]]",True,False,False,ZL1_N3_M3_L78_H46,independent_layer_1nm,85,independent_layer_1nm_ZL1_N3_M3_L78_H46_0085,1,"[1,1,1,-1,1,1,-1,-1,-1,0,1,-1]"
447.32000000000164,3.295679998436242,0.8485405767615044,0.27761097898498666,0.08237102628075263,0.0,15.279947720056613,1.0,True,True,0.0,6.661338147750939e-16,False,False,"[[""H"",45],[""L"",77],[""H"",45],[""L"",78],[""H"",45],[""L"",311],[""H"",45],[""L"",77],[""H"",47],[""L"",77],[""H"",45],[""L"",78]]",False,True,False,ZL1_N3_M3_L78_H46,independent_layer_1nm,86,independent_layer_1nm_ZL1_N3_M3_L78_H46_0086,1,"[-1,-1,-1,0,-1,-1,-1,-1,1,-1,-1,0]"
451.84000000000265,3.4144994324004756,0.15989345903205077,0.45554361748940986,0.6807210360630515,-8.0,9.716401615506065,0.46589556093352913,False,False,0.0,6.661338147750939e-16,False,False,"[[""H"",47],[""L"",79],[""H"",46],[""L"",78],[""H"",46],[""L"",313],[""H"",47],[""L"",77],[""H"",46],[""L"",77],[""H"",47],[""L"",79]]",False,False,False,ZL1_N3_M3_L78_H46,independent_layer_1nm,87,independent_layer_1nm_ZL1_N3_M3_L78_H46_0087,1,"[1,1,0,0,0,1,1,-1,0,-1,1,1]"
449.9400000000022,3.370794405877348,0.4224785241788531,0.9920515690513108,0.2370663885329965,0.0,16.038116002244095,1.0,True,True,0.0,5.551115123125783e-16,False,False,"[[""H"",47],[""L"",77],[""H"",46],[""L"",77],[""H"",46],[""L"",311],[""H"",47],[""L"",78],[""H"",45],[""L"",79],[""H"",47],[""L"",78]]",True,True,True,ZL1_N3_M3_L78_H46,independent_layer_1nm,88,independent_layer_1nm_ZL1_N3_M3_L78_H46_0088,1,"[1,-1,0,-1,0,-1,1,0,-1,1,1,0]"
449.4400000000021,3.3596174116663065,0.5717827522475118,0.8904608367208411,0.18564267845301463,0.0,14.321272399670281,1.0,True,True,0.0,6.661338147750939e-16,False,False,"[[""H"",47],[""L"",77],[""H"",47],[""L"",78],[""H"",45],[""L"",311],[""H"",47],[""L"",77],[""H"",46],[""L"",78],[""H"",45],[""L"",79]]",True,True,True,ZL1_N3_M3_L78_H46,independent_layer_1nm,89,independent_layer_1nm_ZL1_N3_M3_L78_H46_0089,1,"[1,-1,1,0,-1,-1,1,-1,0,0,-1,1]"
449.1800000000021,3.335047894905358,0.661491931614554,0.7985614751200933,0.164808520055107,0.0,13.859146684788112,1.0,True,True,0.0,6.661338147750939e-16,False,False,"[[""H"",46],[""L"",77],[""H"",46],[""L"",77],[""H"",45],[""L"",311],[""H"",47],[""L"",79],[""H"",45],[""L"",79],[""H"",45],[""L"",78]]",True,True,True,ZL1_N3_M3_L78_H46,independent_layer_1nm,90,independent_layer_1nm_ZL1_N3_M3_L78_H46_0090,1,"[0,-1,0,-1,-1,-1,1,1,-1,1,-1,0]"
449.8000000000022,3.394954623732133,0.46110122476365706,0.9795777941446093,0.22356968200340344,0.0,15.514542924942072,1.0,True,True,0.0,4.440892098500626e-16,False,False,"[[""H"",47],[""L"",79],[""H"",47],[""L"",78],[""H"",46],[""L"",312],[""H"",45],[""L"",77],[""H"",46],[""L"",79],[""H"",47],[""L"",79]]",True,True,True,ZL1_N3_M3_L78_H46,independent_layer_1nm,91,independent_layer_1nm_ZL1_N3_M3_L78_H46_0091,1,"[1,1,1,0,0,0,-1,-1,0,1,1,1]"
449.1600000000021,3.327247698835208,0.6653073173269322,0.7922269935238514,0.16363218023743453,0.0,13.849864911568933,1.0,True,True,0.0,4.440892098500626e-16,False,False,"[[""H"",45],[""L"",77],[""H"",45],[""L"",77],[""H"",47],[""L"",311],[""H"",46],[""L"",77],[""H"",45],[""L"",78],[""H"",46],[""L"",79]]",True,True,True,ZL1_N3_M3_L78_H46,independent_layer_1nm,92,independent_layer_1nm_ZL1_N3_M3_L78_H46_0092,1,"[-1,-1,-1,-1,1,-1,0,-1,-1,0,0,1]"
451.1400000000025,3.393318463940375,0.21886074444646342,0.678971857339522,0.4588209786611213,-7.0,21.203903953931214,0.6850714831386265,False,False,0.0,6.661338147750939e-16,False,False,"[[""H"",45],[""L"",79],[""H"",45],[""L"",77],[""H"",45],[""L"",313],[""H"",47],[""L"",79],[""H"",47],[""L"",77],[""H"",47],[""L"",79]]",True,False,False,ZL1_N3_M3_L78_H46,independent_layer_1nm,93,independent_layer_1nm_ZL1_N3_M3_L78_H46_0093,1,"[-1,1,-1,-1,-1,1,1,1,1,-1,1,1]"
449.92000000000223,3.3550122211161693,0.4261239900727275,0.9901758047127627,0.23295462516442372,0.0,15.88635789545903,1.0,True,True,0.0,6.661338147750939e-16,False,False,"[[""H"",46],[""L"",77],[""H"",46],[""L"",79],[""H"",46],[""L"",311],[""H"",47],[""L"",77],[""H"",45],[""L"",77],[""H"",46],[""L"",79]]",True,True,True,ZL1_N3_M3_L78_H46,independent_layer_1nm,94,independent_layer_1nm_ZL1_N3_M3_L78_H46_0094,1,"[0,-1,0,1,0,-1,1,-1,-1,-1,0,1]"
449.92000000000223,3.373724371190008,0.42708905861948515,0.9916566194638132,0.2354750235216949,0.0,15.962244243469843,1.0,True,True,0.0,6.661338147750939e-16,False,False,"[[""H"",46],[""L"",77],[""H"",47],[""L"",78],[""H"",45],[""L"",311],[""H"",47],[""L"",79],[""H"",46],[""L"",77],[""H"",47],[""L"",78]]",True,True,True,ZL1_N3_M3_L78_H46,independent_layer_1nm,95,independent_layer_1nm_ZL1_N3_M3_L78_H46_0095,1,"[0,-1,1,0,-1,-1,1,1,0,-1,1,0]"
449.26000000000215,3.350221620580214,0.6300060349910945,0.8343526480074276,0.17207319475341598,0.0,13.994850955019198,1.0,True,True,0.0,6.661338147750939e-16,False,False,"[[""H"",45],[""L"",78],[""H"",46],[""L"",77],[""H"",46],[""L"",311],[""H"",46],[""L"",77],[""H"",47],[""L"",79],[""H"",46],[""L"",79]]",True,True,True,ZL1_N3_M3_L78_H46,independent_layer_1nm,96,independent_layer_1nm_ZL1_N3_M3_L78_H46_0096,1,"[-1,0,0,-1,0,-1,0,-1,1,1,0,1]"
451.1400000000025,3.3977374867009758,0.22114589076598468,0.6845117205173444,0.4541839464633409,-7.0,21.18418186044054,0.6925784321212466,False,False,0.0,6.661338147750939e-16,False,False,"[[""H"",46],[""L"",77],[""H"",47],[""L"",77],[""H"",47],[""L"",312],[""H"",46],[""L"",78],[""H"",46],[""L"",78],[""H"",47],[""L"",79]]",True,False,False,ZL1_N3_M3_L78_H46,independent_layer_1nm,97,independent_layer_1nm_ZL1_N3_M3_L78_H46_0097,1,"[0,-1,1,-1,1,0,0,0,0,0,1,1]"
452.36000000000286,3.4277789250601813,0.12913947492847785,0.33907006366228387,0.8686139782431639,-10.0,7.705071598073757,0.3463327453106058,False,False,0.0,8.881784197001252e-16,False,False,"[[""H"",47],[""L"",77],[""H"",47],[""L"",78],[""H"",47],[""L"",313],[""H"",46],[""L"",78],[""H"",47],[""L"",78],[""H"",45],[""L"",77]]",False,False,False,ZL1_N3_M3_L78_H46,independent_layer_1nm,98,independent_layer_1nm_ZL1_N3_M3_L78_H46_0098,1,"[1,-1,1,0,1,1,0,0,1,0,-1,-1]"
450.9800000000025,3.3739257660195676,0.23539257478246572,0.740404414120583,0.41363082016628794,-6.0,20.507706379477106,0.7466306153521824,False,False,0.0,6.661338147750939e-16,False,False,"[[""H"",45],[""L"",79],[""H"",46],[""L"",79],[""H"",45],[""L"",313],[""H"",47],[""L"",77],[""H"",46],[""L"",77],[""H"",45],[""L"",78]]",True,False,False,ZL1_N3_M3_L78_H46,independent_layer_1nm,99,independent_layer_1nm_ZL1_N3_M3_L78_H46_0099,1,"[-1,1,0,1,-1,1,1,-1,0,-1,-1,0]"
450.80000000000246,3.407743527006801,0.2633038174577709,0.8098277299515259,0.37706121837583306,-6.0,19.855341440023718,0.8207834008084096,False,False,0.0,4.440892098500626e-16,False,False,"[[""H"",47],[""L"",79],[""H"",47],[""L"",79],[""H"",46],[""L"",313],[""H"",45],[""L"",78],[""H"",45],[""L"",78],[""H"",47],[""L"",79]]",True,False,False,ZL1_N3_M3_L78_H46,independent_layer_1nm,100,independent_layer_1nm_ZL1_N3_M3_L78_H46_0100,1,"[1,1,1,1,0,1,-1,0,-1,0,1,1]"
451.46000000000265,3.4002251666467487,0.18808579831156874,0.5654315844681577,0.5515674509691284,-8.0,22.37231127327955,0.5748251154630261,False,False,0.0,1.1102230246251565e-15,False,False,"[[""H"",46],[""L"",79],[""H"",46],[""L"",78],[""H"",46],[""L"",313],[""H"",46],[""L"",79],[""H"",46],[""L"",77],[""H"",47],[""L"",79]]",False,False,False,ZL1_N3_M3_L78_H46,independent_layer_1nm,101,independent_layer_1nm_ZL1_N3_M3_L78_H46_0101,1,"[0,1,0,0,0,1,0,1,0,-1,1,1]"
450.16000000000236,3.361400663651523,0.36875888809100177,0.9837377716818203,0.26429007385838865,-2.0,17.07455817902389,0.9919688608026827,False,True,0.0,4.440892098500626e-16,False,False,"[[""H"",45],[""L"",78],[""H"",47],[""L"",77],[""H"",45],[""L"",313],[""H"",46],[""L"",77],[""H"",47],[""L"",78],[""H"",45],[""L"",78]]",True,True,True,ZL1_N3_M3_L78_H46,independent_layer_1nm,102,independent_layer_1nm_ZL1_N3_M3_L78_H46_0102,1,"[-1,0,1,-1,-1,1,0,-1,1,0,-1,0]"
452.26000000000283,3.4215404592186474,0.13354822316227305,0.3557841170733249,0.8382273282170768,-9.0,7.96153689849673,0.3635785739275155,False,False,0.0,6.661338147750939e-16,False,False,"[[""H"",47],[""L"",79],[""H"",46],[""L"",79],[""H"",46],[""L"",313],[""H"",47],[""L"",78],[""H"",46],[""L"",77],[""H"",46],[""L"",78]]",False,False,False,ZL1_N3_M3_L78_H46,independent_layer_1nm,103,independent_layer_1nm_ZL1_N3_M3_L78_H46_0103,1,"[1,1,0,1,0,1,1,0,0,-1,0,0]"
448.46000000000197,3.3226654857062385,0.9211304763760899,0.5373615709336346,0.12306775566799272,0.0,13.814377136706694,1.0,True,True,0.0,5.551115123125783e-16,False,False,"[[""H"",45],[""L"",77],[""H"",47],[""L"",78],[""H"",45],[""L"",312],[""H"",45],[""L"",77],[""H"",46],[""L"",78],[""H"",45],[""L"",78]]",False,True,False,ZL1_N3_M3_L78_H46,independent_layer_1nm,104,independent_layer_1nm_ZL1_N3_M3_L78_H46_0104,1,"[-1,-1,1,0,-1,0,-1,-1,0,0,-1,0]"
452.6800000000029,3.4234618523239533,0.11337297192990542,0.28341559827519297,0.957556640834353,-10.0,7.002479620654332,0.2873307286253307,False,False,0.0,6.661338147750939e-16,False,False,"[[""H"",46],[""L"",78],[""H"",47],[""L"",77],[""H"",47],[""L"",313],[""H"",47],[""L"",78],[""H"",46],[""L"",77],[""H"",46],[""L"",78]]",False,False,False,ZL1_N3_M3_L78_H46,independent_layer_1nm,105,independent_layer_1nm_ZL1_N3_M3_L78_H46_0105,1,"[0,0,1,-1,1,1,1,0,0,-1,0,0]"
449.8000000000022,3.3752830885563867,0.45874535998545285,0.9801997634909945,0.22218264314303166,0.0,15.481026084850372,1.0,True,True,0.0,8.881784197001252e-16,False,False,"[[""H"",46],[""L"",78],[""H"",47],[""L"",79],[""H"",45],[""L"",311],[""H"",47],[""L"",77],[""H"",46],[""L"",78],[""H"",47],[""L"",77]]",True,True,True,ZL1_N3_M3_L78_H46,independent_layer_1nm,106,independent_layer_1nm_ZL1_N3_M3_L78_H46_0106,1,"[0,0,1,1,-1,-1,1,-1,0,0,1,-1]"
450.80000000000246,3.417892397391995,0.2656418007423573,0.8119749068147111,0.3787258067000136,-6.0,19.919689891276988,0.820872191123397,False,False,0.0,8.881784197001252e-16,False,False,"[[""H"",47],[""L"",78],[""H"",47],[""L"",78],[""H"",46],[""L"",311],[""H"",47],[""L"",77],[""H"",47],[""L"",79],[""H"",47],[""L"",79]]",True,False,False,ZL1_N3_M3_L78_H46,independent_layer_1nm,107,independent_layer_1nm_ZL1_N3_M3_L78_H46_0107,1,"[1,0,1,0,0,-1,1,-1,1,1,1,1]"
449.90000000000225,3.3472168536712275,0.42605437274704744,0.9894993296384619,0.23186791452007466,0.0,15.817918890909493,1.0,True,True,0.0,1.1102230246251565e-15,False,False,"[[""H"",45],[""L"",79],[""H"",46],[""L"",78],[""H"",46],[""L"",313],[""H"",45],[""L"",77],[""H"",46],[""L"",77],[""H"",45],[""L"",78]]",True,True,True,ZL1_N3_M3_L78_H46,independent_layer_1nm,108,independent_layer_1nm_ZL1_N3_M3_L78_H46_0108,1,"[-1,1,0,0,0,1,-1,-1,0,-1,-1,0]"
450.70000000000243,3.385461163647733,0.275925054732135,0.847805674040206,0.35375677774270625,-5.0,19.443449767053526,0.8548644290685232,False,True,0.0,6.661338147750939e-16,False,False,"[[""H"",45],[""L"",77],[""H"",47],[""L"",79],[""H"",46],[""L"",311],[""H"",47],[""L"",77],[""H"",47],[""L"",79],[""H"",45],[""L"",79]]",True,True,True,ZL1_N3_M3_L78_H46,independent_layer_1nm,109,independent_layer_1nm_ZL1_N3_M3_L78_H46_0109,1,"[-1,-1,1,1,0,-1,1,-1,1,1,-1,1]"
450.18000000000234,3.3867925298642945,0.36988766530598394,0.9819338213763495,0.2681825450973786,-3.0,17.206486827285456,0.9896932867108753,False,True,0.0,6.661338147750939e-16,False,False,"[[""H"",46],[""L"",77],[""H"",47],[""L"",79],[""H"",46],[""L"",311],[""H"",46],[""L"",78],[""H"",47],[""L"",77],[""H"",47],[""L"",78]]",True,True,True,ZL1_N3_M3_L78_H46,independent_layer_1nm,110,independent_layer_1nm_ZL1_N3_M3_L78_H46_0110,1,"[0,-1,1,1,0,-1,0,0,1,-1,1,0]"
447.4000000000017,3.310815901194019,0.8771020418929723,0.2909551921457376,0.08465511542061543,0.0,15.156250201218349,1.0,True,True,0.0,5.551115123125783e-16,False,False,"[[""H"",46],[""L"",77],[""H"",47],[""L"",77],[""H"",45],[""L"",311],[""H"",45],[""L"",77],[""H"",46],[""L"",77],[""H"",45],[""L"",79]]",False,True,False,ZL1_N3_M3_L78_H46,independent_layer_1nm,111,independent_layer_1nm_ZL1_N3_M3_L78_H46_0111,1,"[0,-1,1,-1,-1,-1,-1,-1,0,-1,-1,1]"
450.5000000000024,3.3694839683168993,0.30611679475369324,0.9138795273460418,0.3146051893540255,-4.0,18.549029325305312,0.9231899740514891,False,True,0.0,4.440892098500626e-16,False,False,"[[""H"",46],[""L"",78],[""H"",46],[""L"",79],[""H"",46],[""L"",312],[""H"",46],[""L"",78],[""H"",46],[""L"",78],[""H"",45],[""L"",78]]",True,True,True,ZL1_N3_M3_L78_H46,independent_layer_1nm,112,independent_layer_1nm_ZL1_N3_M3_L78_H46_0112,1,"[0,0,0,1,0,0,0,0,0,0,-1,0]"
451.7600000000027,3.4095458544494477,0.16555351937071217,0.4786383421557747,0.6491218354946711,-8.0,10.353214040838434,0.48475120651009657,False,False,0.0,8.881784197001252e-16,False,False,"[[""H"",47],[""L"",79],[""H"",45],[""L"",77],[""H"",47],[""L"",312],[""H"",47],[""L"",78],[""H"",47],[""L"",77],[""H"",46],[""L"",78]]",False,False,False,ZL1_N3_M3_L78_H46,independent_layer_1nm,113,independent_layer_1nm_ZL1_N3_M3_L78_H46_0113,1,"[1,1,-1,-1,1,0,1,0,1,-1,0,0]"
450.0000000000023,3.3714943519767075,0.41083504311810065,0.9938768325690792,0.2429741690302954,0.0,16.262053160540642,1.0,True,True,0.0,6.661338147750939e-16,False,False,"[[""H"",46],[""L"",77],[""H"",46],[""L"",79],[""H"",45],[""L"",311],[""H"",47],[""L"",79],[""H"",46],[""L"",78],[""H"",47],[""L"",77]]",True,True,True,ZL1_N3_M3_L78_H46,independent_layer_1nm,114,independent_layer_1nm_ZL1_N3_M3_L78_H46_0114,1,"[0,-1,0,1,-1,-1,1,1,0,0,1,-1]"
450.80000000000246,3.413985372397292,0.26406660151182965,0.8090002944452874,0.3794551797868771,-6.0,19.931007812514252,0.8178646486167315,False,False,0.0,6.661338147750939e-16,False,False,"[[""H"",47],[""L"",79],[""H"",47],[""L"",77],[""H"",46],[""L"",311],[""H"",47],[""L"",78],[""H"",47],[""L"",79],[""H"",46],[""L"",79]]",True,False,False,ZL1_N3_M3_L78_H46,independent_layer_1nm,115,independent_layer_1nm_ZL1_N3_M3_L78_H46_0115,1,"[1,1,1,-1,0,-1,1,0,1,1,0,1]"
450.2400000000023,3.368469594489966,0.3559362703092709,0.9758216360395815,0.2746254902444234,-3.0,17.407250302550967,0.9814140634235209,False,True,0.0,5.551115123125783e-16,False,False,"[[""H"",45],[""L"",78],[""H"",45],[""L"",77],[""H"",46],[""L"",311],[""H"",47],[""L"",79],[""H"",47],[""L"",78],[""H"",46],[""L"",77]]",True,True,True,ZL1_N3_M3_L78_H46,independent_layer_1nm,116,independent_layer_1nm_ZL1_N3_M3_L78_H46_0116,1,"[-1,0,-1,-1,0,-1,1,1,1,0,0,-1]"
449.28000000000213,3.340900585365148,0.6237376420469067,0.8348130517244181,0.17251648355220528,0.0,13.994301335471985,1.0,True,True,0.0,7.771561172376096e-16,False,False,"[[""H"",46],[""L"",77],[""H"",46],[""L"",79],[""H"",47],[""L"",311],[""H"",45],[""L"",78],[""H"",45],[""L"",77],[""H"",45],[""L"",78]]",True,True,True,ZL1_N3_M3_L78_H46,independent_layer_1nm,117,independent_layer_1nm_ZL1_N3_M3_L78_H46_0117,1,"[0,-1,0,1,1,-1,-1,0,-1,-1,-1,0]"
450.2200000000023,3.373653846203524,0.36037664032242955,0.9770625153550432,0.271677248426486,-3.0,17.295172462488136,0.9846021235785594,False,True,0.0,6.661338147750939e-16,False,False,"[[""H"",45],[""L"",79],[""H"",47],[""L"",78],[""H"",46],[""L"",313],[""H"",45],[""L"",77],[""H"",45],[""L"",79],[""H"",47],[""L"",78]]",True,True,True,ZL1_N3_M3_L78_H46,independent_layer_1nm,118,independent_layer_1nm_ZL1_N3_M3_L78_H46_0118,1,"[-1,1,1,0,0,1,-1,-1,-1,1,1,0]"
449.3400000000021,3.355069607669293,0.6051132386086626,0.858618988939152,0.1776017685246215,0.0,14.115473546719155,1.0,True,True,0.0,6.661338147750939e-16,False,False,"[[""H"",47],[""L"",78],[""H"",46],[""L"",77],[""H"",45],[""L"",311],[""H"",47],[""L"",78],[""H"",46],[""L"",79],[""H"",45],[""L"",79]]",True,True,True,ZL1_N3_M3_L78_H46,independent_layer_1nm,119,independent_layer_1nm_ZL1_N3_M3_L78_H46_0119,1,"[1,0,0,-1,-1,-1,1,0,0,1,-1,1]"
447.6600000000018,3.3184091304211165,0.9510772194443102,0.33606225096845277,0.09240223206562921,0.0,14.767175653674828,1.0,True,True,0.0,6.661338147750939e-16,False,False,"[[""H"",46],[""L"",77],[""H"",47],[""L"",79],[""H"",45],[""L"",311],[""H"",45],[""L"",77],[""H"",45],[""L"",77],[""H"",45],[""L"",79]]",False,True,False,ZL1_N3_M3_L78_H46,independent_layer_1nm,120,independent_layer_1nm_ZL1_N3_M3_L78_H46_0120,1,"[0,-1,1,1,-1,-1,-1,-1,-1,-1,-1,1]"
448.36000000000195,3.3311218169762924,0.950120950610264,0.5049187881062015,0.11828003062281821,0.0,13.91507025384623,1.0,True,True,0.0,6.661338147750939e-16,False,False,"[[""H"",45],[""L"",77],[""H"",47],[""L"",77],[""H"",46],[""L"",311],[""H"",45],[""L"",78],[""H"",45],[""L"",78],[""H"",47],[""L"",78]]",False,True,False,ZL1_N3_M3_L78_H46,independent_layer_1nm,121,independent_layer_1nm_ZL1_N3_M3_L78_H46_0121,1,"[-1,-1,1,-1,0,-1,-1,0,-1,0,1,0]"
449.9800000000023,3.3581250990225158,0.4127441099070717,0.99254248599789,0.23977067223078546,0.0,16.120649677658538,1.0,True,True,0.0,6.661338147750939e-16,False,False,"[[""H"",47],[""L"",78],[""H"",45],[""L"",78],[""H"",45],[""L"",313],[""H"",46],[""L"",77],[""H"",47],[""L"",77],[""H"",45],[""L"",78]]",True,True,True,ZL1_N3_M3_L78_H46,independent_layer_1nm,122,independent_layer_1nm_ZL1_N3_M3_L78_H46_0122,1,"[1,0,-1,0,-1,1,0,-1,1,-1,-1,0]"
449.12000000000205,3.352269209668293,0.6870040758942809,0.7771572739624626,0.16131737039664973,0.0,13.825420668887716,1.0,True,True,0.0,6.661338147750939e-16,False,False,"[[""H"",45],[""L"",79],[""H"",47],[""L"",77],[""H"",45],[""L"",311],[""H"",46],[""L"",79],[""H"",47],[""L"",78],[""H"",45],[""L"",77]]",True,True,True,ZL1_N3_M3_L78_H46,independent_layer_1nm,123,independent_layer_1nm_ZL1_N3_M3_L78_H46_0123,1,"[-1,1,1,-1,-1,-1,0,1,1,0,-1,-1]"
447.2600000000017,3.302471340006946,0.8311098331900134,0.27094550031256415,0.08107348121529923,0.0,15.349339785384092,1.0,True,True,0.0,6.661338147750939e-16,False,False,"[[""H"",45],[""L"",79],[""H"",46],[""L"",77],[""H"",45],[""L"",311],[""H"",45],[""L"",77],[""H"",46],[""L"",77],[""H"",46],[""L"",77]]",False,True,False,ZL1_N3_M3_L78_H46,independent_layer_1nm,124,independent_layer_1nm_ZL1_N3_M3_L78_H46_0124,1,"[-1,1,0,-1,-1,-1,-1,-1,0,-1,0,-1]"
449.4400000000021,3.3489454818252398,0.571258810313859,0.8912718517423033,0.1856110405967079,0.0,14.266591646834996,1.0,True,True,0.0,5.551115123125783e-16,False,False,"[[""H"",45],[""L"",77],[""H"",45],[""L"",77],[""H"",45],[""L"",313],[""H"",45],[""L"",79],[""H"",47],[""L"",79],[""H"",46],[""L"",78]]",True,True,True,ZL1_N3_M3_L78_H46,independent_layer_1nm,125,independent_layer_1nm_ZL1_N3_M3_L78_H46_0125,1,"[-1,-1,-1,-1,-1,1,-1,1,1,1,0,0]"
450.2200000000023,3.3639904206613096,0.35727137489430455,0.9763583332504401,0.27213048907183834,-3.0,17.329749185748874,0.9835628226179484,False,True,0.0,6.661338147750939e-16,False,False,"[[""H"",47],[""L"",77],[""H"",45],[""L"",79],[""H"",46],[""L"",311],[""H"",47],[""L"",79],[""H"",45],[""L"",78],[""H"",45],[""L"",77]]",True,True,True,ZL1_N3_M3_L78_H46,independent_layer_1nm,126,independent_layer_1nm_ZL1_N3_M3_L78_H46_0126,1,"[1,-1,-1,1,0,-1,1,1,-1,0,-1,-1]"
452.10000000000275,3.4226504916297245,0.14361802495035275,0.3920431942494033,0.7799031991603997,-9.0,8.27452433846442,0.3947092665177228,False,False,0.0,6.661338147750939e-16,False,False,"[[""H"",47],[""L"",78],[""H"",45],[""L"",78],[""H"",46],[""L"",313],[""H"",47],[""L"",78],[""H"",47],[""L"",78],[""H"",47],[""L"",79]]",False,False,False,ZL1_N3_M3_L78_H46,independent_layer_1nm,127,independent_layer_1nm_ZL1_N3_M3_L78_H46_0127,1,"[1,0,-1,0,0,1,1,0,1,0,1,1]"
449.7000000000022,3.3674880538257526,0.48956323680059455,0.9633791932227386,0.21066131698065804,0.0,15.070901415108354,1.0,True,True,0.0,6.661338147750939e-16,False,False,"[[""H"",45],[""L"",77],[""H"",46],[""L"",79],[""H"",45],[""L"",311],[""H"",47],[""L"",77],[""H"",47],[""L"",78],[""H"",47],[""L"",79]]",True,True,True,ZL1_N3_M3_L78_H46,independent_layer_1nm,128,independent_layer_1nm_ZL1_N3_M3_L78_H46_0128,1,"[-1,-1,0,1,-1,-1,1,-1,1,0,1,1]"
448.2600000000019,3.3480923066824175,0.9699821519232905,0.4775083674443977,0.11445691543625076,0.0,14.027546870835707,1.0,True,True,0.0,5.551115123125783e-16,False,False,"[[""H"",47],[""L"",77],[""H"",47],[""L"",77],[""H"",46],[""L"",311],[""H"",45],[""L"",77],[""H"",45],[""L"",78],[""H"",47],[""L"",79]]",False,True,False,ZL1_N3_M3_L78_H46,independent_layer_1nm,129,independent_layer_1nm_ZL1_N3_M3_L78_H46_0129,1,"[1,-1,1,-1,0,-1,-1,-1,-1,0,1,1]"
451.1000000000025,3.3923067522243855,0.22502117145037914,0.6999311055801929,0.4430374139923955,-7.0,21.012002465112868,0.710948575548087,False,False,0.0,8.881784197001252e-16,False,False,"[[""H"",47],[""L"",79],[""H"",45],[""L"",78],[""H"",45],[""L"",313],[""H"",47],[""L"",79],[""H"",45],[""L"",78],[""H"",47],[""L"",78]]",True,False,False,ZL1_N3_M3_L78_H46,independent_layer_1nm,130,independent_layer_1nm_ZL1_N3_M3_L78_H46_0130,1,"[1,1,-1,0,-1,1,1,1,-1,0,1,0]"
450.2600000000024,3.360631061009599,0.3484637598784393,0.9697358673010693,0.2775363663781897,-3.0,17.490857192451347,0.9769355686922838,False,True,0.0,6.661338147750939e-16,False,False,"[[""H"",45],[""L"",78],[""H"",45],[""L"",78],[""H"",47],[""L"",312],[""H"",45],[""L"",79],[""H"",46],[""L"",78],[""H"",46],[""L"",79]]",True,True,True,ZL1_N3_M3_L78_H46,independent_layer_1nm,131,independent_layer_1nm_ZL1_N3_M3_L78_H46_0131,1,"[-1,0,-1,0,1,0,-1,1,0,0,0,1]"
452.12000000000273,3.4102314108124006,0.1401980849931893,0.383218834232507,0.7890996421938143,-9.0,8.163124881466494,0.3862115930946256,False,False,0.0,6.661338147750939e-16,False,False,"[[""H"",46],[""L"",77],[""H"",45],[""L"",78],[""H"",46],[""L"",313],[""H"",47],[""L"",79],[""H"",47],[""L"",79],[""H"",45],[""L"",78]]",False,False,False,ZL1_N3_M3_L78_H46,independent_layer_1nm,132,independent_layer_1nm_ZL1_N3_M3_L78_H46_0132,1,"[0,-1,-1,0,0,1,1,1,1,1,-1,0]"
450.3800000000024,3.3793637853191285,0.32679563146427826,0.9431654384299759,0.2984836560201404,-4.0,18.095972912675744,0.9497909665110694,False,True,0.0,7.771561172376096e-16,False,False,"[[""H"",47],[""L"",78],[""H"",45],[""L"",79],[""H"",46],[""L"",311],[""H"",47],[""L"",77],[""H"",47],[""L"",79],[""H"",45],[""L"",78]]",True,True,True,ZL1_N3_M3_L78_H46,independent_layer_1nm,133,independent_layer_1nm_ZL1_N3_M3_L78_H46_0133,1,"[1,0,-1,1,0,-1,1,-1,1,1,-1,0]"
448.0600000000019,3.3399845695384442,0.9925004997339537,0.4253864063171974,0.10638888433554564,0.0,14.222853061662786,1.0,True,True,0.0,4.440892098500626e-16,False,False,"[[""H"",46],[""L"",77],[""H"",46],[""L"",79],[""H"",45],[""L"",311],[""H"",45],[""L"",77],[""H"",47],[""L"",77],[""H"",47],[""L"",79]]",False,True,False,ZL1_N3_M3_L78_H46,independent_layer_1nm,134,independent_layer_1nm_ZL1_N3_M3_L78_H46_0134,1,"[0,-1,0,1,-1,-1,-1,-1,1,-1,1,1]"
452.22000000000276,3.4123448361975193,0.13544321376874008,0.3649445615903147,0.818799350652492,-9.0,8.009947507033967,0.370620986761306,False,False,0.0,9.992007221626409e-16,False,False,"[[""H"",47],[""L"",78],[""H"",45],[""L"",79],[""H"",47],[""L"",313],[""H"",46],[""L"",79],[""H"",46],[""L"",78],[""H"",45],[""L"",79]]",False,False,False,ZL1_N3_M3_L78_H46,independent_layer_1nm,135,independent_layer_1nm_ZL1_N3_M3_L78_H46_0135,1,"[1,0,-1,1,1,1,0,1,0,0,-1,1]"
450.7200000000024,3.3926985133202265,0.27159173418664795,0.8359729951413515,0.36069778486996795,-5.0,19.573683677805136,0.8453723522196962,False,True,0.0,5.551115123125783e-16,False,False,"[[""H"",46],[""L"",79],[""H"",47],[""L"",79],[""H"",46],[""L"",312],[""H"",46],[""L"",77],[""H"",47],[""L"",77],[""H"",45],[""L"",77]]",True,True,True,ZL1_N3_M3_L78_H46,independent_layer_1nm,136,independent_layer_1nm_ZL1_N3_M3_L78_H46_0136,1,"[0,1,1,1,0,0,0,-1,1,-1,-1,-1]"
450.8800000000025,3.388057281358101,0.24856016993556598,0.7750015437872675,0.3942929510453417,-6.0,20.205701758589424,0.7815833522423208,False,False,0.0,4.440892098500626e-16,False,False,"[[""H"",46],[""L"",79],[""H"",47],[""L"",77],[""H"",47],[""L"",311],[""H"",47],[""L"",78],[""H"",45],[""L"",78],[""H"",45],[""L"",79]]",True,False,False,ZL1_N3_M3_L78_H46,independent_layer_1nm,137,independent_layer_1nm_ZL1_N3_M3_L78_H46_0137,1,"[0,1,1,-1,1,-1,1,0,-1,0,-1,1]"
449.3200000000021,3.380176350386307,0.6135181622056896,0.8538451293947803,0.17760120740637275,0.0,14.129377835325418,1.0,True,True,0.0,6.661338147750939e-16,False,False,"[[""H"",47],[""L"",78],[""H"",47],[""L"",79],[""H"",46],[""L"",311],[""H"",45],[""L"",78],[""H"",46],[""L"",78],[""H"",47],[""L"",77]]",True,True,True,ZL1_N3_M3_L78_H46,independent_layer_1nm,138,independent_layer_1nm_ZL1_N3_M3_L78_H46_0138,1,"[1,0,1,1,0,-1,-1,0,0,0,1,-1]"
451.72000000000264,3.410954825644069,0.16787640064381315,0.48673897001969196,0.6393326286042031,-8.0,10.608637196988624,0.4918906466510918,False,False,0.0,8.881784197001252e-16,False,False,"[[""H"",47],[""L"",79],[""H"",45],[""L"",78],[""H"",47],[""L"",313],[""H"",46],[""L"",77],[""H"",46],[""L"",79],[""H"",47],[""L"",78]]",False,False,False,ZL1_N3_M3_L78_H46,independent_layer_1nm,139,independent_layer_1nm_ZL1_N3_M3_L78_H46_0139,1,"[1,1,-1,0,1,1,0,-1,0,1,1,0]"
450.80000000000246,3.3742639487588804,0.2594708288864296,0.8099443057961604,0.3730550330208113,-6.0,19.821107949889168,0.8196322170163655,False,False,0.0,1.1102230246251565e-15,False,False,"[[""H"",45],[""L"",77],[""H"",46],[""L"",77],[""H"",47],[""L"",312],[""H"",46],[""L"",78],[""H"",46],[""L"",79],[""H"",46],[""L"",78]]",True,False,False,ZL1_N3_M3_L78_H46,independent_layer_1nm,140,independent_layer_1nm_ZL1_N3_M3_L78_H46_0140,1,"[-1,-1,0,-1,1,0,0,0,0,1,0,0]"
450.52000000000237,3.3674381024758304,0.3010063652898725,0.9067032259186899,0.3189213402321792,-4.0,18.66012273398296,0.9177059768609337,False,True,0.0,7.771561172376096e-16,False,False,"[[""H"",47],[""L"",78],[""H"",45],[""L"",77],[""H"",47],[""L"",313],[""H"",45],[""L"",79],[""H"",45],[""L"",77],[""H"",45],[""L"",77]]",True,True,True,ZL1_N3_M3_L78_H46,independent_layer_1nm,141,independent_layer_1nm_ZL1_N3_M3_L78_H46_0141,1,"[1,0,-1,-1,1,1,-1,1,-1,-1,-1,-1]"
449.38000000000216,3.335410844369335,0.5894003505657,0.8699261729885737,0.17969173016504153,0.0,14.112077802979503,1.0,True,True,0.0,4.440892098500626e-16,False,False,"[[""H"",45],[""L"",78],[""H"",45],[""L"",79],[""H"",45],[""L"",313],[""H"",45],[""L"",77],[""H"",47],[""L"",78],[""H"",45],[""L"",79]]",True,True,True,ZL1_N3_M3_L78_H46,independent_layer_1nm,142,independent_layer_1nm_ZL1_N3_M3_L78_H46_0142,1,"[-1,0,-1,1,-1,1,-1,-1,1,0,-1,1]"
448.0000000000018,3.320176113077025,0.9918639768491203,0.4099804206535067,0.1042189650326459,0.0,14.308846768487795,1.0,True,True,0.0,4.440892098500626e-16,False,False,"[[""H"",46],[""L"",78],[""H"",47],[""L"",77],[""H"",45],[""L"",311],[""H"",46],[""L"",77],[""H"",45],[""L"",77],[""H"",45],[""L"",77]]",False,True,False,ZL1_N3_M3_L78_H46,independent_layer_1nm,143,independent_layer_1nm_ZL1_N3_M3_L78_H46_0143,1,"[0,0,1,-1,-1,-1,0,-1,-1,-1,-1,-1]"
450.7400000000024,3.3911403456731932,0.26881525268122186,0.8287534815303863,0.3643871316393038,-5.0,19.650783312414866,0.8390658497674769,False,True,0.0,5.551115123125783e-16,False,False,"[[""H"",47],[""L"",77],[""H"",47],[""L"",78],[""H"",46],[""L"",312],[""H"",46],[""L"",79],[""H"",46],[""L"",77],[""H"",46],[""L"",79]]",True,True,True,ZL1_N3_M3_L78_H46,independent_layer_1nm,144,independent_layer_1nm_ZL1_N3_M3_L78_H46_0144,1,"[1,-1,1,0,0,0,0,1,0,-1,0,1]"
449.9800000000023,3.3603634933641047,0.4102288659582697,0.9915937280454434,0.24088918359422454,0.0,16.188199047671738,1.0,True,True,0.0,4.440892098500626e-16,False,False,"[[""H"",46],[""L"",78],[""H"",46],[""L"",79],[""H"",47],[""L"",312],[""H"",45],[""L"",77],[""H"",45],[""L"",77],[""H"",46],[""L"",78]]",True,True,True,ZL1_N3_M3_L78_H46,independent_layer_1nm,145,independent_layer_1nm_ZL1_N3_M3_L78_H46_0145,1,"[0,0,0,1,1,0,-1,-1,-1,-1,0,0]"
450.8800000000025,3.4069214802738657,0.2521213569389932,0.7795090313772721,0.3943524687789134,-6.0,20.18984270198158,0.7868633960047422,False,False,0.0,6.661338147750939e-16,False,False,"[[""H"",47],[""L"",79],[""H"",47],[""L"",78],[""H"",47],[""L"",311],[""H"",46],[""L"",79],[""H"",46],[""L"",78],[""H"",45],[""L"",77]]",True,False,False,ZL1_N3_M3_L78_H46,independent_layer_1nm,146,independent_layer_1nm_ZL1_N3_M3_L78_H46_0146,1,"[1,1,1,0,1,-1,0,1,0,0,-1,-1]"
450.2600000000024,3.39241667453814,0.35385772562321016,0.9705622981365807,0.28056586066619493,-3.0,17.576683908818726,0.9769125203527409,False,True,0.0,6.661338147750939e-16,False,False,"[[""H"",46],[""L"",78],[""H"",47],[""L"",78],[""H"",45],[""L"",311],[""H"",47],[""L"",79],[""H"",47],[""L"",77],[""H"",47],[""L"",78]]",True,True,True,ZL1_N3_M3_L78_H46,independent_layer_1nm,147,independent_layer_1nm_ZL1_N3_M3_L78_H46_0147,1,"[0,0,1,0,-1,-1,1,1,1,-1,1,0]"
450.94000000000244,3.416632123937518,0.24570564350543955,0.7566615041122027,0.41049919086380027,-6.0,20.48899954499558,0.7628881244467569,False,False,0.0,6.661338147750939e-16,False,False,"[[""H"",47],[""L"",78],[""H"",47],[""L"",78],[""H"",47],[""L"",311],[""H"",46],[""L"",78],[""H"",47],[""L"",78],[""H"",47],[""L"",77]]",True,False,False,ZL1_N3_M3_L78_H46,independent_layer_1nm,148,independent_layer_1nm_ZL1_N3_M3_L78_H46_0148,1,"[1,0,1,0,1,-1,0,0,1,0,1,-1]"
452.74000000000285,3.437374985207782,0.11236958490087581,0.27701316550805666,0.9703310815425302,-10.0,6.9943227614782995,0.2820876746920243,False,False,0.0,6.661338147750939e-16,False,False,"[[""H"",45],[""L"",77],[""H"",46],[""L"",79],[""H"",47],[""L"",313],[""H"",46],[""L"",79],[""H"",47],[""L"",79],[""H"",47],[""L"",79]]",False,False,False,ZL1_N3_M3_L78_H46,independent_layer_1nm,149,independent_layer_1nm_ZL1_N3_M3_L78_H46_0149,1,"[-1,-1,0,1,1,1,0,1,1,1,1,1]"
452.0600000000028,3.4153531298099438,0.14513845232032563,0.40106509107402316,0.7591766317717571,-9.0,8.440151293053374,0.4045440426901323,False,False,0.0,6.661338147750939e-16,False,False,"[[""H"",47],[""L"",77],[""H"",47],[""L"",78],[""H"",47],[""L"",313],[""H"",46],[""L"",78],[""H"",46],[""L"",77],[""H"",45],[""L"",79]]",False,False,False,ZL1_N3_M3_L78_H46,independent_layer_1nm,150,independent_layer_1nm_ZL1_N3_M3_L78_H46_0150,1,"[1,-1,1,0,1,1,0,0,0,-1,-1,1]"
450.3600000000024,3.3596292884104173,0.32937559968506797,0.9504970809184072,0.29197993027118346,-4.0,17.90569517254843,0.9579525081407312,False,True,0.0,6.661338147750939e-16,False,False,"[[""H"",46],[""L"",77],[""H"",45],[""L"",77],[""H"",46],[""L"",313],[""H"",46],[""L"",77],[""H"",46],[""L"",79],[""H"",46],[""L"",78]]",True,True,True,ZL1_N3_M3_L78_H46,independent_layer_1nm,151,independent_layer_1nm_ZL1_N3_M3_L78_H46_0151,1,"[0,-1,-1,-1,0,1,0,-1,0,1,0,0]"
448.940000000002,3.346550813980741,0.7528165774532918,0.7091973633991606,0.1494105832618321,0.0,13.71455470633056,1.0,True,True,0.0,5.551115123125783e-16,False,False,"[[""H"",46],[""L"",77],[""H"",47],[""L"",78],[""H"",46],[""L"",311],[""H"",45],[""L"",79],[""H"",45],[""L"",79],[""H"",46],[""L"",78]]",True,True,True,ZL1_N3_M3_L78_H46,independent_layer_1nm,152,independent_layer_1nm_ZL1_N3_M3_L78_H46_0152,1,"[0,-1,1,0,0,-1,-1,1,-1,1,0,0]"
451.2600000000026,3.3789196374214043,0.20485217692340793,0.6350676727115618,0.48703198966444194,-7.0,21.534307645435604,0.6392038186403102,False,False,0.0,6.661338147750939e-16,False,False,"[[""H"",45],[""L"",78],[""H"",45],[""L"",79],[""H"",45],[""L"",313],[""H"",47],[""L"",79],[""H"",46],[""L"",78],[""H"",45],[""L"",79]]",True,False,False,ZL1_N3_M3_L78_H46,independent_layer_1nm,153,independent_layer_1nm_ZL1_N3_M3_L78_H46_0153,1,"[-1,0,-1,1,-1,1,1,1,0,0,-1,1]"
449.4800000000022,3.345627896622659,0.5524758130936421,0.9076946056338937,0.18962103447770795,0.0,14.388023409341226,1.0,True,True,0.0,4.440892098500626e-16,False,False,"[[""H"",45],[""L"",78],[""H"",45],[""L"",79],[""H"",45],[""L"",312],[""H"",46],[""L"",78],[""H"",46],[""L"",78],[""H"",47],[""L"",77]]",True,True,True,ZL1_N3_M3_L78_H46,independent_layer_1nm,154,independent_layer_1nm_ZL1_N3_M3_L78_H46_0154,1,"[-1,0,-1,1,-1,0,0,0,0,0,1,-1]"
449.3000000000021,3.3589692309277552,0.6181347479115187,0.8440170947386499,0.17511736536507755,0.0,14.053752446682319,1.0,True,True,0.0,6.661338147750939e-16,False,False,"[[""H"",47],[""L"",79],[""H"",47],[""L"",77],[""H"",45],[""L"",312],[""H"",46],[""L"",78],[""H"",45],[""L"",78],[""H"",45],[""L"",77]]",True,True,True,ZL1_N3_M3_L78_H46,independent_layer_1nm,155,independent_layer_1nm_ZL1_N3_M3_L78_H46_0155,1,"[1,1,1,-1,-1,0,0,0,-1,0,-1,-1]"
451.0200000000025,3.391028470711774,0.23390072710301812,0.7283222843358776,0.42414868866940686,-6.0,20.723595061136148,0.7359674408720092,False,False,0.0,5.551115123125783e-16,False,False,"[[""H"",46],[""L"",79],[""H"",46],[""L"",78],[""H"",46],[""L"",312],[""H"",47],[""L"",77],[""H"",46],[""L"",78],[""H"",47],[""L"",78]]",True,False,False,ZL1_N3_M3_L78_H46,independent_layer_1nm,156,independent_layer_1nm_ZL1_N3_M3_L78_H46_0156,1,"[0,1,0,0,0,0,1,-1,0,0,1,0]"
449.66000000000224,3.361507501977144,0.4994597940488905,0.9537135734044218,0.2062727537841731,0.0,14.93169605724494,1.0,True,True,0.0,6.661338147750939e-16,False,False,"[[""H"",46],[""L"",77],[""H"",46],[""L"",77],[""H"",47],[""L"",311],[""H"",45],[""L"",79],[""H"",47],[""L"",78],[""H"",46],[""L"",77]]",True,True,True,ZL1_N3_M3_L78_H46,independent_layer_1nm,157,independent_layer_1nm_ZL1_N3_M3_L78_H46_0157,1,"[0,-1,0,-1,1,-1,-1,1,1,0,0,-1]"
450.2600000000024,3.381742687151018,0.3536486909127696,0.9714355557940879,0.27820006671757636,-3.0,17.491373245074804,0.9783261305007698,False,True,0.0,5.551115123125783e-16,False,False,"[[""H"",46],[""L"",78],[""H"",47],[""L"",78],[""H"",45],[""L"",312],[""H"",46],[""L"",79],[""H"",47],[""L"",79],[""H"",45],[""L"",77]]",True,True,True,ZL1_N3_M3_L78_H46,independent_layer_1nm,158,independent_layer_1nm_ZL1_N3_M3_L78_H46_0158,1,"[0,0,1,0,-1,0,0,1,1,1,-1,-1]"
450.1200000000023,3.359321174608226,0.3789376428386172,0.9879648683304202,0.2576525210337388,-2.0,16.851056379526344,0.9955672359739816,False,True,0.0,4.440892098500626e-16,False,False,"[[""H"",47],[""L"",79],[""H"",45],[""L"",77],[""H"",46],[""L"",312],[""H"",47],[""L"",77],[""H"",45],[""L"",77],[""H"",45],[""L"",79]]",True,True,True,ZL1_N3_M3_L78_H46,independent_layer_1nm,159,independent_layer_1nm_ZL1_N3_M3_L78_H46_0159,1,"[1,1,-1,-1,0,0,1,-1,-1,-1,-1,1]"
449.8200000000022,3.3554476489277363,0.4537640373775973,0.9808741827950865,0.22159275378452262,0.0,15.460835745946124,1.0,True,True,0.0,8.881784197001252e-16,False,False,"[[""H"",46],[""L"",79],[""H"",46],[""L"",77],[""H"",45],[""L"",312],[""H"",47],[""L"",77],[""H"",46],[""L"",77],[""H"",46],[""L"",79]]",True,True,True,ZL1_N3_M3_L78_H46,independent_layer_1nm,160,independent_layer_1nm_ZL1_N3_M3_L78_H46_0160,1,"[0,1,0,-1,-1,0,1,-1,0,-1,0,1]"
449.9800000000023,3.3774217742498536,0.4124718216992578,0.9929739489900589,0.24273308280843064,0.0,16.26014331244543,1.0,True,True,0.0,8.881784197001252e-16,False,False,"[[""H"",46],[""L"",78],[""H"",46],[""L"",78],[""H"",47],[""L"",311],[""H"",45],[""L"",79],[""H"",47],[""L"",77],[""H"",47],[""L"",77]]",True,True,True,ZL1_N3_M3_L78_H46,independent_layer_1nm,161,independent_layer_1nm_ZL1_N3_M3_L78_H46_0161,1,"[0,0,0,0,1,-1,-1,1,1,-1,1,-1]"
447.9200000000018,3.313003619557321,0.9899248959290836,0.38876242489667895,0.10070296088419893,0.0,14.40422457645898,1.0,True,True,0.0,6.661338147750939e-16,False,False,"[[""H"",47],[""L"",77],[""H"",45],[""L"",78],[""H"",45],[""L"",311],[""H"",46],[""L"",77],[""H"",45],[""L"",79],[""H"",45],[""L"",78]]",False,True,False,ZL1_N3_M3_L78_H46,independent_layer_1nm,162,independent_layer_1nm_ZL1_N3_M3_L78_H46_0162,1,"[1,-1,-1,0,-1,-1,0,-1,-1,1,-1,0]"
447.9000000000018,3.33077757710646,0.9877966581528888,0.3855741672941629,0.10020454011358107,0.0,14.424015587735138,1.0,True,True,0.0,6.661338147750939e-16,False,False,"[[""H"",45],[""L"",79],[""H"",47],[""L"",79],[""H"",45],[""L"",311],[""H"",45],[""L"",77],[""H"",45],[""L"",78],[""H"",46],[""L"",79]]",False,True,False,ZL1_N3_M3_L78_H46,independent_layer_1nm,163,independent_layer_1nm_ZL1_N3_M3_L78_H46_0163,1,"[-1,1,1,1,-1,-1,-1,-1,-1,0,0,1]"
448.4200000000019,3.331347684802097,0.9352733937398998,0.5237422797270548,0.1210023453922354,0.0,13.862917986311171,1.0,True,True,0.0,6.661338147750939e-16,False,False,"[[""H"",45],[""L"",78],[""H"",46],[""L"",78],[""H"",46],[""L"",311],[""H"",45],[""L"",77],[""H"",46],[""L"",78],[""H"",47],[""L"",77]]",False,True,False,ZL1_N3_M3_L78_H46,independent_layer_1nm,164,independent_layer_1nm_ZL1_N3_M3_L78_H46_0164,1,"[-1,0,0,0,0,-1,-1,-1,0,0,1,-1]"
449.00000000000205,3.3327498389687094,0.724751481091032,0.7341171031205851,0.153206019882501,0.0,13.730987984115533,1.0,True,True,0.0,6.661338147750939e-16,False,False,"[[""H"",46],[""L"",78],[""H"",46],[""L"",77],[""H"",46],[""L"",311],[""H"",46],[""L"",78],[""H"",45],[""L"",79],[""H"",45],[""L"",79]]",True,True,True,ZL1_N3_M3_L78_H46,independent_layer_1nm,165,independent_layer_1nm_ZL1_N3_M3_L78_H46_0165,1,"[0,0,0,-1,0,-1,0,0,-1,1,-1,1]"
449.38000000000216,3.3563214329324182,0.5913583645737711,0.8715667432931088,0.18075820525581748,0.0,14.186441133302694,1.0,True,True,0.0,4.440892098500626e-16,False,False,"[[""H"",47],[""L"",78],[""H"",45],[""L"",77],[""H"",47],[""L"",311],[""H"",45],[""L"",79],[""H"",46],[""L"",79],[""H"",46],[""L"",77]]",True,True,True,ZL1_N3_M3_L78_H46,independent_layer_1nm,166,independent_layer_1nm_ZL1_N3_M3_L78_H46_0166,1,"[1,0,-1,-1,1,-1,-1,1,0,1,0,-1]"
451.3800000000026,3.404859174435728,0.19587677673840137,0.5929754557807665,0.5272350082496949,-7.0,22.089989063446875,0.6015856046320982,False,False,0.0,4.440892098500626e-16,False,False,"[[""H"",47],[""L"",77],[""H"",46],[""L"",78],[""H"",47],[""L"",312],[""H"",46],[""L"",78],[""H"",47],[""L"",78],[""H"",46],[""L"",79]]",False,False,False,ZL1_N3_M3_L78_H46,independent_layer_1nm,167,independent_layer_1nm_ZL1_N3_M3_L78_H46_0167,1,"[1,-1,0,0,1,0,0,0,1,0,0,1]"
451.08000000000254,3.373095523796394,0.22342499427769125,0.7025531740807708,0.4378666242742254,-6.0,20.961206779217207,0.7137876891759306,False,False,0.0,6.661338147750939e-16,False,False,"[[""H"",45],[""L"",78],[""H"",45],[""L"",78],[""H"",46],[""L"",313],[""H"",47],[""L"",77],[""H"",45],[""L"",77],[""H"",47],[""L"",77]]",True,False,False,ZL1_N3_M3_L78_H46,independent_layer_1nm,168,independent_layer_1nm_ZL1_N3_M3_L78_H46_0168,1,"[-1,0,-1,0,0,1,1,-1,-1,-1,1,-1]"
450.94000000000244,3.383933900340651,0.2413925829686856,0.755616899258426,0.4053611791312929,-6.0,20.35691733893983,0.7619057500265928,False,False,0.0,6.661338147750939e-16,False,False,"[[""H"",47],[""L"",79],[""H"",46],[""L"",77],[""H"",46],[""L"",313],[""H"",46],[""L"",79],[""H"",45],[""L"",78],[""H"",45],[""L"",78]]",True,False,False,ZL1_N3_M3_L78_H46,independent_layer_1nm,169,independent_layer_1nm_ZL1_N3_M3_L78_H46_0169,1,"[1,1,0,-1,0,1,0,1,-1,0,-1,0]"
450.7800000000025,3.381729736662521,0.2629831889611921,0.8174355608196227,0.37064294116973806,-6.0,19.770622174597733,0.8280403435637556,False,False,0.0,7.771561172376096e-16,False,False,"[[""H"",45],[""L"",77],[""H"",47],[""L"",78],[""H"",45],[""L"",312],[""H"",47],[""L"",79],[""H"",47],[""L"",77],[""H"",45],[""L"",78]]",True,False,False,ZL1_N3_M3_L78_H46,independent_layer_1nm,170,independent_layer_1nm_ZL1_N3_M3_L78_H46_0170,1,"[-1,-1,1,0,-1,0,1,1,1,-1,-1,0]"
449.4400000000021,3.369989681894083,0.5674924942854233,0.895368943797852,0.18749851034122106,0.0,14.372599713759135,1.0,True,True,0.0,6.661338147750939e-16,False,False,"[[""H"",47],[""L"",79],[""H"",46],[""L"",78],[""H"",47],[""L"",311],[""H"",45],[""L"",78],[""H"",45],[""L"",78],[""H"",47],[""L"",77]]",True,True,True,ZL1_N3_M3_L78_H46,independent_layer_1nm,171,independent_layer_1nm_ZL1_N3_M3_L78_H46_0171,1,"[1,1,0,0,1,-1,-1,0,-1,0,1,-1]"
449.020000000002,3.332154995475662,0.7230094516555775,0.7373645950412288,0.15399190904723692,0.0,13.735935991318271,1.0,True,True,0.0,5.551115123125783e-16,False,False,"[[""H"",45],[""L"",77],[""H"",46],[""L"",77],[""H"",45],[""L"",312],[""H"",46],[""L"",77],[""H"",47],[""L"",77],[""H"",46],[""L"",78]]",True,True,True,ZL1_N3_M3_L78_H46,independent_layer_1nm,172,independent_layer_1nm_ZL1_N3_M3_L78_H46_0172,1,"[-1,-1,0,-1,-1,0,0,-1,1,-1,0,0]"
451.6800000000027,3.394328232427938,0.1685412068737343,0.49462801081870045,0.624665758972168,-8.0,11.404495474205952,0.4987707095282363,False,False,0.0,6.661338147750939e-16,False,False,"[[""H"",46],[""L"",77],[""H"",45],[""L"",78],[""H"",47],[""L"",312],[""H"",47],[""L"",79],[""H"",45],[""L"",79],[""H"",46],[""L"",78]]",False,False,False,ZL1_N3_M3_L78_H46,independent_layer_1nm,173,independent_layer_1nm_ZL1_N3_M3_L78_H46_0173,1,"[0,-1,-1,0,1,0,1,1,-1,1,0,0]"
449.4400000000021,3.353195659967355,0.5661255624570481,0.8931444231499317,0.1861966968596434,0.0,14.3289975599598,1.0,True,True,0.0,6.661338147750939e-16,False,False,"[[""H"",46],[""L"",78],[""H"",47],[""L"",77],[""H"",47],[""L"",311],[""H"",45],[""L"",79],[""H"",45],[""L"",78],[""H"",45],[""L"",79]]",True,True,True,ZL1_N3_M3_L78_H46,independent_layer_1nm,174,independent_layer_1nm_ZL1_N3_M3_L78_H46_0174,1,"[0,0,1,-1,1,-1,-1,1,-1,0,-1,1]"
449.24000000000206,3.339156245931349,0.6347333862367057,0.8251378882972232,0.17005497055179913,0.0,13.941531728297225,1.0,True,True,0.0,5.551115123125783e-16,False,False,"[[""H"",46],[""L"",77],[""H"",45],[""L"",78],[""H"",47],[""L"",311],[""H"",45],[""L"",79],[""H"",45],[""L"",79],[""H"",46],[""L"",78]]",True,True,True,ZL1_N3_M3_L78_H46,independent_layer_1nm,175,independent_layer_1nm_ZL1_N3_M3_L78_H46_0175,1,"[0,-1,-1,0,1,-1,-1,1,-1,1,0,0]"
451.30000000000257,3.3952260200606474,0.20214328476503624,0.6203128446304,0.5011938037303694,-7.0,21.764663315234756,0.6261409625224703,False,False,0.0,5.551115123125783e-16,False,False,"[[""H"",45],[""L"",78],[""H"",47],[""L"",79],[""H"",47],[""L"",311],[""H"",47],[""L"",78],[""H"",45],[""L"",79],[""H"",45],[""L"",77]]",True,False,False,ZL1_N3_M3_L78_H46,independent_layer_1nm,176,independent_layer_1nm_ZL1_N3_M3_L78_H46_0176,1,"[-1,0,1,1,1,-1,1,0,-1,1,-1,-1]"
449.76000000000226,3.367566775486125,0.4681100626052457,0.9740970953700656,0.21753668277223814,0.0,15.312539908531962,1.0,True,True,0.0,4.440892098500626e-16,False,False,"[[""H"",47],[""L"",78],[""H"",45],[""L"",78],[""H"",47],[""L"",311],[""H"",45],[""L"",79],[""H"",47],[""L"",78],[""H"",45],[""L"",79]]",True,True,True,ZL1_N3_M3_L78_H46,independent_layer_1nm,177,independent_layer_1nm_ZL1_N3_M3_L78_H46_0177,1,"[1,0,-1,0,1,-1,-1,1,1,0,-1,1]"
447.56000000000176,3.3114504074973183,0.9279925914386264,0.3177262887815149,0.08906663980338014,0.0,14.894163388502541,1.0,True,True,0.0,4.440892098500626e-16,False,False,"[[""H"",45],[""L"",78],[""H"",46],[""L"",77],[""H"",45],[""L"",311],[""H"",45],[""L"",78],[""H"",46],[""L"",78],[""H"",46],[""L"",79]]",False,True,False,ZL1_N3_M3_L78_H46,independent_layer_1nm,178,independent_layer_1nm_ZL1_N3_M3_L78_H46_0178,1,"[-1,0,0,-1,-1,-1,-1,0,0,0,0,1]"
452.6800000000029,3.419111093580625,0.112545775014468,0.28146585922585066,0.9601068082211436,-10.0,6.976447921974825,0.2852150814369163,False,False,0.0,5.551115123125783e-16,False,False,"[[""H"",45],[""L"",78],[""H"",45],[""L"",78],[""H"",47],[""L"",313],[""H"",47],[""L"",79],[""H"",46],[""L"",77],[""H"",47],[""L"",78]]",False,False,False,ZL1_N3_M3_L78_H46,independent_layer_1nm,179,independent_layer_1nm_ZL1_N3_M3_L78_H46_0179,1,"[-1,0,-1,0,1,1,1,1,0,-1,1,0]"
451.1000000000025,3.3964578803378345,0.22338664626368215,0.6942824624226469,0.44634518257575756,-7.0,21.078148759597315,0.7054171193609814,False,False,0.0,6.661338147750939e-16,False,False,"[[""H"",47],[""L"",77],[""H"",47],[""L"",78],[""H"",47],[""L"",313],[""H"",45],[""L"",77],[""H"",46],[""L"",79],[""H"",45],[""L"",77]]",True,False,False,ZL1_N3_M3_L78_H46,independent_layer_1nm,180,independent_layer_1nm_ZL1_N3_M3_L78_H46_0180,1,"[1,-1,1,0,1,1,-1,-1,0,1,-1,-1]"
452.4200000000028,3.4089436771997157,0.12404635370709209,0.3246594445589812,0.8877630503170637,-10.0,7.4733104365832,0.32903053332223425,False,False,0.0,9.992007221626409e-16,False,False,"[[""H"",45],[""L"",77],[""H"",46],[""L"",78],[""H"",47],[""L"",313],[""H"",47],[""L"",78],[""H"",45],[""L"",79],[""H"",46],[""L"",77]]",False,False,False,ZL1_N3_M3_L78_H46,independent_layer_1nm,181,independent_layer_1nm_ZL1_N3_M3_L78_H46_0181,1,"[-1,-1,0,0,1,1,1,0,-1,1,0,-1]"
449.8000000000022,3.3658726974028923,0.4589613838815398,0.9798076510540474,0.22116755717043438,0.0,15.41632891200091,1.0,True,True,0.0,4.440892098500626e-16,False,False,"[[""H"",47],[""L"",77],[""H"",45],[""L"",79],[""H"",45],[""L"",312],[""H"",46],[""L"",79],[""H"",46],[""L"",78],[""H"",47],[""L"",77]]",True,True,True,ZL1_N3_M3_L78_H46,independent_layer_1nm,182,independent_layer_1nm_ZL1_N3_M3_L78_H46_0182,1,"[1,-1,-1,1,-1,0,0,1,0,0,1,-1]"
451.70000000000266,3.419318071385703,0.1698683900355523,0.49242230839256695,0.6344972177991008,-8.0,11.262829073805957,0.49739045871627835,False,False,0.0,5.551115123125783e-16,False,False,"[[""H"",47],[""L"",79],[""H"",47],[""L"",77],[""H"",46],[""L"",313],[""H"",46],[""L"",79],[""H"",47],[""L"",78],[""H"",45],[""L"",78]]",False,False,False,ZL1_N3_M3_L78_H46,independent_layer_1nm,183,independent_layer_1nm_ZL1_N3_M3_L78_H46_0183,1,"[1,1,1,-1,0,1,0,1,1,0,-1,0]"
448.50000000000193,3.3153009041744212,0.9096201620292387,0.550142279767055,0.12483039636494067,0.0,13.78229930468481,1.0,True,True,0.0,4.440892098500626e-16,False,False,"[[""H"",45],[""L"",78],[""H"",45],[""L"",77],[""H"",45],[""L"",312],[""H"",46],[""L"",77],[""H"",45],[""L"",79],[""H"",46],[""L"",79]]",False,True,False,ZL1_N3_M3_L78_H46,independent_layer_1nm,184,independent_layer_1nm_ZL1_N3_M3_L78_H46_0184,1,"[-1,0,-1,-1,-1,0,0,-1,-1,1,0,1]"
449.9600000000023,3.35369576195626,0.4138191026992254,0.9931697426402459,0.2388392711618858,0.0,16.09359577172474,1.0,True,True,0.0,5.551115123125783e-16,False,False,"[[""H"",45],[""L"",77],[""H"",46],[""L"",78],[""H"",45],[""L"",312],[""H"",47],[""L"",78],[""H"",45],[""L"",78],[""H"",47],[""L"",77]]",True,True,True,ZL1_N3_M3_L78_H46,independent_layer_1nm,185,independent_layer_1nm_ZL1_N3_M3_L78_H46_0185,1,"[-1,-1,0,0,-1,0,1,0,-1,0,1,-1]"
450.92000000000246,3.3891446782389494,0.24561311314891718,0.7656590241263852,0.4010525554452009,-6.0,20.26558158634695,0.7709281180767189,False,False,0.0,6.661338147750939e-16,False,False,"[[""H"",46],[""L"",77],[""H"",47],[""L"",78],[""H"",45],[""L"",313],[""H"",46],[""L"",79],[""H"",47],[""L"",77],[""H"",46],[""L"",78]]",True,False,False,ZL1_N3_M3_L78_H46,independent_layer_1nm,186,independent_layer_1nm_ZL1_N3_M3_L78_H46_0186,1,"[0,-1,1,0,-1,1,0,1,1,-1,0,0]"
452.76000000000295,3.458030111707842,0.11349240069141839,0.27698189622107816,0.9737911962067292,-10.0,7.06387734846234,0.28335168756463275,False,False,0.0,1.1102230246251565e-15,False,False,"[[""H"",47],[""L"",79],[""H"",47],[""L"",77],[""H"",47],[""L"",312],[""H"",47],[""L"",79],[""H"",47],[""L"",79],[""H"",47],[""L"",78]]",False,False,False,ZL1_N3_M3_L78_H46,independent_layer_1nm,187,independent_layer_1nm_ZL1_N3_M3_L78_H46_0187,1,"[1,1,1,-1,1,0,1,1,1,1,1,0]"
449.4400000000021,3.3434668262657397,0.5656907536855229,0.8930557098929226,0.18557896548536754,0.0,14.296803802288544,1.0,True,True,0.0,5.551115123125783e-16,False,False,"[[""H"",46],[""L"",78],[""H"",46],[""L"",78],[""H"",46],[""L"",311],[""H"",46],[""L"",79],[""H"",45],[""L"",78],[""H"",45],[""L"",79]]",True,True,True,ZL1_N3_M3_L78_H46,independent_layer_1nm,188,independent_layer_1nm_ZL1_N3_M3_L78_H46_0188,1,"[0,0,0,0,0,-1,0,1,-1,0,-1,1]"
449.4400000000021,3.352067377223193,0.5695366307375479,0.8932829757376817,0.1858670539874931,0.0,14.311319679783443,1.0,True,True,0.0,6.661338147750939e-16,False,False,"[[""H"",46],[""L"",78],[""H"",45],[""L"",77],[""H"",46],[""L"",311],[""H"",46],[""L"",79],[""H"",47],[""L"",77],[""H"",46],[""L"",79]]",True,True,True,ZL1_N3_M3_L78_H46,independent_layer_1nm,189,independent_layer_1nm_ZL1_N3_M3_L78_H46_0189,1,"[0,0,-1,-1,0,-1,0,1,1,-1,0,1]"
451.6600000000027,3.4136778596679846,0.17342091465007411,0.5066590182807302,0.6167641088561271,-8.0,23.05041215964976,0.5105533357356655,False,False,0.0,5.551115123125783e-16,False,False,"[[""H"",45],[""L"",77],[""H"",47],[""L"",79],[""H"",47],[""L"",312],[""H"",46],[""L"",78],[""H"",46],[""L"",79],[""H"",47],[""L"",79]]",False,False,False,ZL1_N3_M3_L78_H46,independent_layer_1nm,190,independent_layer_1nm_ZL1_N3_M3_L78_H46_0190,1,"[-1,-1,1,1,1,0,0,0,0,1,1,1]"
449.5600000000022,3.346102508706565,0.5267081405758363,0.9284301196205983,0.1962330869949274,0.0,14.607639198249778,1.0,True,True,0.0,6.661338147750939e-16,False,False,"[[""H"",46],[""L"",77],[""H"",46],[""L"",77],[""H"",47],[""L"",312],[""H"",45],[""L"",77],[""H"",45],[""L"",79],[""H"",46],[""L"",79]]",True,True,True,ZL1_N3_M3_L78_H46,independent_layer_1nm,191,independent_layer_1nm_ZL1_N3_M3_L78_H46_0191,1,"[0,-1,0,-1,1,0,-1,-1,-1,1,0,1]"
450.30000000000234,3.3750421410432523,0.3445452794907814,0.9641365840975094,0.2833984374800005,-3.0,17.69306893177311,0.9721916837393044,False,True,0.0,8.881784197001252e-16,False,False,"[[""H"",46],[""L"",79],[""H"",46],[""L"",78],[""H"",46],[""L"",311],[""H"",47],[""L"",77],[""H"",47],[""L"",77],[""H"",46],[""L"",77]]",True,True,True,ZL1_N3_M3_L78_H46,independent_layer_1nm,192,independent_layer_1nm_ZL1_N3_M3_L78_H46_0192,1,"[0,1,0,0,0,-1,1,-1,1,-1,0,-1]"
451.5400000000026,3.4083135624286456,0.18279847219637393,0.5437838064578657,0.5745117300049387,-8.0,22.622819076154236,0.5496644500001588,False,False,0.0,4.440892098500626e-16,False,False,"[[""H"",47],[""L"",79],[""H"",45],[""L"",79],[""H"",47],[""L"",312],[""H"",46],[""L"",78],[""H"",47],[""L"",79],[""H"",45],[""L"",78]]",False,False,False,ZL1_N3_M3_L78_H46,independent_layer_1nm,193,independent_layer_1nm_ZL1_N3_M3_L78_H46_0193,1,"[1,1,-1,1,1,0,0,0,1,1,-1,0]"
451.34000000000253,3.4014665108921918,0.1996227879324651,0.6078276982601594,0.5136161878821838,-7.0,21.869325916315386,0.614217258442277,False,False,0.0,5.551115123125783e-16,False,False,"[[""H"",47],[""L"",78],[""H"",46],[""L"",78],[""H"",46],[""L"",313],[""H"",46],[""L"",79],[""H"",45],[""L"",79],[""H"",47],[""L"",78]]",True,False,False,ZL1_N3_M3_L78_H46,independent_layer_1nm,194,independent_layer_1nm_ZL1_N3_M3_L78_H46_0194,1,"[1,0,0,0,0,1,0,1,-1,1,1,0]"
451.34000000000253,3.3816086926750017,0.1974846665149872,0.607763778545563,0.5091579540129922,-7.0,21.843107927201775,0.6137052776648141,False,False,0.0,6.661338147750939e-16,False,False,"[[""H"",45],[""L"",79],[""H"",46],[""L"",77],[""H"",46],[""L"",313],[""H"",47],[""L"",77],[""H"",46],[""L"",77],[""H"",46],[""L"",77]]",True,False,False,ZL1_N3_M3_L78_H46,independent_layer_1nm,195,independent_layer_1nm_ZL1_N3_M3_L78_H46_0195,1,"[-1,1,0,-1,0,1,1,-1,0,-1,0,-1]"
449.74000000000217,3.3371250262644025,0.47044592503765215,0.9693342510882346,0.21358497413939534,0.0,15.141428537776843,1.0,True,True,0.0,6.661338147750939e-16,False,False,"[[""H"",45],[""L"",77],[""H"",45],[""L"",77],[""H"",46],[""L"",313],[""H"",45],[""L"",79],[""H"",46],[""L"",77],[""H"",45],[""L"",77]]",True,True,True,ZL1_N3_M3_L78_H46,independent_layer_1nm,196,independent_layer_1nm_ZL1_N3_M3_L78_H46_0196,1,"[-1,-1,-1,-1,0,1,-1,1,0,-1,-1,-1]"
450.82000000000244,3.396635308579164,0.2592944776692233,0.8019724673877511,0.381767890147678,-6.0,19.94093538755157,0.8090294961123904,False,False,0.0,6.661338147750939e-16,False,False,"[[""H"",45],[""L"",79],[""H"",47],[""L"",77],[""H"",45],[""L"",312],[""H"",47],[""L"",79],[""H"",47],[""L"",77],[""H"",47],[""L"",78]]",True,False,False,ZL1_N3_M3_L78_H46,independent_layer_1nm,197,independent_layer_1nm_ZL1_N3_M3_L78_H46_0197,1,"[-1,1,1,-1,-1,0,1,1,1,-1,1,0]"
452.24000000000274,3.4211666834121957,0.13429723747343453,0.3588454465762758,0.8327642512006187,-9.0,7.9838379753956366,0.36592579534548286,False,False,0.0,8.881784197001252e-16,False,False,"[[""H"",47],[""L"",79],[""H"",45],[""L"",79],[""H"",47],[""L"",313],[""H"",46],[""L"",78],[""H"",47],[""L"",77],[""H"",46],[""L"",77]]",False,False,False,ZL1_N3_M3_L78_H46,independent_layer_1nm,198,independent_layer_1nm_ZL1_N3_M3_L78_H46_0198,1,"[1,1,-1,1,1,1,0,0,1,-1,0,-1]"
451.1400000000025,3.3827513126907434,0.21766503768611062,0.6779964826263052,0.4553548160220367,-7.0,21.164967754172395,0.6857977238898504,False,False,0.0,5.551115123125783e-16,False,False,"[[""H"",46],[""L"",78],[""H"",46],[""L"",79],[""H"",46],[""L"",313],[""H"",46],[""L"",77],[""H"",46],[""L"",79],[""H"",45],[""L"",79]]",True,False,False,ZL1_N3_M3_L78_H46,independent_layer_1nm,199,independent_layer_1nm_ZL1_N3_M3_L78_H46_0199,1,"[0,0,0,1,0,1,0,-1,0,1,-1,1]"
450.54000000000235,3.372897383582938,0.2972047822123034,0.8974770852391825,0.32449658330759557,-5.0,18.771206547929108,0.9071638022165158,False,True,0.0,6.661338147750939e-16,False,False,"[[""H"",47],[""L"",78],[""H"",45],[""L"",79],[""H"",46],[""L"",313],[""H"",45],[""L"",79],[""H"",46],[""L"",78],[""H"",45],[""L"",77]]",True,True,True,ZL1_N3_M3_L78_H46,independent_layer_1nm,200,independent_layer_1nm_ZL1_N3_M3_L78_H46_0200,1,"[1,0,-1,1,0,1,-1,1,0,0,-1,-1]"
449.040000000002,3.3403164789635866,0.7142022561133927,0.7469659256277414,0.15581765538302672,0.0,13.753771614464835,1.0,True,True,0.0,4.440892098500626e-16,False,False,"[[""H"",47],[""L"",78],[""H"",45],[""L"",77],[""H"",45],[""L"",312],[""H"",46],[""L"",78],[""H"",46],[""L"",78],[""H"",46],[""L"",77]]",True,True,True,ZL1_N3_M3_L78_H46,independent_layer_1nm,201,independent_layer_1nm_ZL1_N3_M3_L78_H46_0201,1,"[1,0,-1,-1,-1,0,0,0,0,0,0,-1]"
451.08000000000254,3.3940750801063473,0.2271827092611415,0.706306822151932,0.4384299379218216,-6.0,20.95802795718721,0.7178266996393452,False,False,0.0,8.881784197001252e-16,False,False,"[[""H"",47],[""L"",79],[""H"",46],[""L"",77],[""H"",46],[""L"",313],[""H"",46],[""L"",78],[""H"",46],[""L"",79],[""H"",46],[""L"",77]]",True,False,False,ZL1_N3_M3_L78_H46,independent_layer_1nm,202,independent_layer_1nm_ZL1_N3_M3_L78_H46_0202,1,"[1,1,0,-1,0,1,0,0,0,1,0,-1]"
451.32000000000255,3.4043341755374286,0.2015826674134425,0.6137238568492616,0.510177741543361,-7.0,21.882537993492004,0.6193868113364814,False,False,0.0,1.1102230246251565e-15,False,False,"[[""H"",45],[""L"",77],[""H"",47],[""L"",77],[""H"",47],[""L"",311],[""H"",47],[""L"",78],[""H"",47],[""L"",79],[""H"",46],[""L"",79]]",True,False,False,ZL1_N3_M3_L78_H46,independent_layer_1nm,203,independent_layer_1nm_ZL1_N3_M3_L78_H46_0203,1,"[-1,-1,1,-1,1,-1,1,0,1,1,0,1]"
450.8600000000025,3.3763079760437904,0.25018084582536154,0.7833471819494188,0.38806076771532405,-6.0,20.058375042368816,0.7898710224726815,False,False,0.0,6.661338147750939e-16,False,False,"[[""H"",46],[""L"",79],[""H"",45],[""L"",78],[""H"",47],[""L"",312],[""H"",46],[""L"",78],[""H"",46],[""L"",77],[""H"",46],[""L"",78]]",True,False,False,ZL1_N3_M3_L78_H46,independent_layer_1nm,204,independent_layer_1nm_ZL1_N3_M3_L78_H46_0204,1,"[0,1,-1,0,1,0,0,0,0,-1,0,0]"
449.1600000000021,3.343572503001724,0.6636792432409724,0.7967534677075963,0.1648779248142982,0.0,13.860025418583476,1.0,True,True,0.0,8.881784197001252e-16,False,False,"[[""H"",47],[""L"",77],[""H"",46],[""L"",79],[""H"",45],[""L"",312],[""H"",46],[""L"",77],[""H"",45],[""L"",77],[""H"",46],[""L"",79]]",True,True,True,ZL1_N3_M3_L78_H46,independent_layer_1nm,205,independent_layer_1nm_ZL1_N3_M3_L78_H46_0205,1,"[1,-1,0,1,-1,0,0,-1,-1,-1,0,1]"
449.7200000000022,3.352534392640621,0.47950186501024883,0.9656737074409182,0.21194589338596165,0.0,15.127550929089024,1.0,True,True,0.0,8.881784197001252e-16,False,False,"[[""H"",47],[""L"",78],[""H"",45],[""L"",77],[""H"",46],[""L"",311],[""H"",47],[""L"",78],[""H"",46],[""L"",77],[""H"",45],[""L"",78]]",True,True,True,ZL1_N3_M3_L78_H46,independent_layer_1nm,206,independent_layer_1nm_ZL1_N3_M3_L78_H46_0206,1,"[1,0,-1,-1,0,-1,1,0,0,-1,-1,0]"
451.2800000000026,3.401681029950737,0.20492662948115978,0.6276038388582621,0.49708820564789635,-7.0,21.69148554751117,0.6328761977451766,False,False,0.0,6.661338147750939e-16,False,False,"[[""H"",47],[""L"",77],[""H"",47],[""L"",78],[""H"",46],[""L"",313],[""H"",46],[""L"",77],[""H"",47],[""L"",77],[""H"",46],[""L"",78]]",True,False,False,ZL1_N3_M3_L78_H46,independent_layer_1nm,207,independent_layer_1nm_ZL1_N3_M3_L78_H46_0207,1,"[1,-1,1,0,0,1,0,-1,1,-1,0,0]"
452.62000000000285,3.4414313197361253,0.1176679388140677,0.294301665830079,0.9472614063301423,-10.0,7.07432593315546,0.2973461309371909,False,False,0.0,8.881784197001252e-16,False,False,"[[""H"",46],[""L"",79],[""H"",47],[""L"",79],[""H"",47],[""L"",312],[""H"",47],[""L"",78],[""H"",46],[""L"",78],[""H"",47],[""L"",79]]",False,False,False,ZL1_N3_M3_L78_H46,independent_layer_1nm,208,independent_layer_1nm_ZL1_N3_M3_L78_H46_0208,1,"[0,1,1,1,1,0,1,0,0,0,1,1]"
449.8400000000022,3.3526513640525764,0.444888663708784,0.9843943698680582,0.2248719633507374,0.0,15.588879360388612,1.0,True,True,0.0,6.661338147750939e-16,False,False,"[[""H"",46],[""L"",77],[""H"",45],[""L"",77],[""H"",47],[""L"",311],[""H"",46],[""L"",78],[""H"",47],[""L"",77],[""H"",45],[""L"",79]]",True,True,True,ZL1_N3_M3_L78_H46,independent_layer_1nm,209,independent_layer_1nm_ZL1_N3_M3_L78_H46_0209,1,"[0,-1,-1,-1,1,-1,0,0,1,-1,-1,1]"
450.3400000000023,3.369036374673442,0.3341374224340851,0.9542822997476395,0.29044459163754527,-4.0,17.868700107228584,0.9617972140445957,False,True,0.0,5.551115123125783e-16,False,False,"[[""H"",45],[""L"",79],[""H"",46],[""L"",78],[""H"",45],[""L"",312],[""H"",47],[""L"",77],[""H"",47],[""L"",79],[""H"",45],[""L"",79]]",True,True,True,ZL1_N3_M3_L78_H46,independent_layer_1nm,210,independent_layer_1nm_ZL1_N3_M3_L78_H46_0210,1,"[-1,1,0,0,-1,0,1,-1,1,1,-1,1]"
451.20000000000255,3.3962277377715395,0.21443955502289153,0.6620618119021967,0.4706898436715421,-7.0,21.357688581728617,0.6669748238497006,False,False,0.0,7.771561172376096e-16,False,False,"[[""H"",46],[""L"",79],[""H"",46],[""L"",78],[""H"",45],[""L"",313],[""H"",47],[""L"",77],[""H"",47],[""L"",77],[""H"",47],[""L"",78]]",True,False,False,ZL1_N3_M3_L78_H46,independent_layer_1nm,211,independent_layer_1nm_ZL1_N3_M3_L78_H46_0211,1,"[0,1,0,0,-1,1,1,-1,1,-1,1,0]"
449.28000000000213,3.337763076134536,0.6195684952003983,0.8414808237189693,0.17347556574903017,0.0,13.992667613836648,1.0,True,True,0.0,5.551115123125783e-16,False,False,"[[""H"",45],[""L"",77],[""H"",45],[""L"",79],[""H"",45],[""L"",312],[""H"",46],[""L"",77],[""H"",47],[""L"",77],[""H"",46],[""L"",79]]",True,True,True,ZL1_N3_M3_L78_H46,independent_layer_1nm,212,independent_layer_1nm_ZL1_N3_M3_L78_H46_0212,1,"[-1,-1,-1,1,-1,0,0,-1,1,-1,0,1]"
450.7400000000024,3.38283772781557,0.2693298968066331,0.8327681945115236,0.3610128178035965,-5.0,19.580362667163268,0.842340197912608,False,True,0.0,4.440892098500626e-16,False,False,"[[""H"",45],[""L"",78],[""H"",47],[""L"",78],[""H"",47],[""L"",312],[""H"",45],[""L"",79],[""H"",46],[""L"",78],[""H"",46],[""L"",77]]",True,True,True,ZL1_N3_M3_L78_H46,independent_layer_1nm,213,independent_layer_1nm_ZL1_N3_M3_L78_H46_0213,1,"[-1,0,1,0,1,0,-1,1,0,0,0,-1]"
451.06000000000256,3.377634083051305,0.22597594976687674,0.7085239434010493,0.43372602629214674,-6.0,20.89010283511868,0.7194099048763072,False,False,0.0,7.771561172376096e-16,False,False,"[[""H"",45],[""L"",79],[""H"",46],[""L"",78],[""H"",47],[""L"",312],[""H"",46],[""L"",79],[""H"",45],[""L"",78],[""H"",45],[""L"",78]]",True,False,False,ZL1_N3_M3_L78_H46,independent_layer_1nm,214,independent_layer_1nm_ZL1_N3_M3_L78_H46_0214,1,"[-1,1,0,0,1,0,0,1,-1,0,-1,0]"
447.04000000000156,3.295357414550267,0.7451547750251926,0.24089564385233947,0.07554496441789785,0.0,15.69659510574658,1.0,True,True,0.0,6.661338147750939e-16,False,False,"[[""H"",46],[""L"",77],[""H"",46],[""L"",77],[""H"",45],[""L"",311],[""H"",45],[""L"",77],[""H"",45],[""L"",79],[""H"",45],[""L"",79]]",False,True,False,ZL1_N3_M3_L78_H46,independent_layer_1nm,215,independent_layer_1nm_ZL1_N3_M3_L78_H46_0215,1,"[0,-1,0,-1,-1,-1,-1,-1,-1,1,-1,1]"
450.8800000000025,3.3834962792579404,0.2487389969081782,0.7767338807496442,0.3928737365364583,-6.0,20.171711980102245,0.7829784144248857,False,False,0.0,8.881784197001252e-16,False,False,"[[""H"",46],[""L"",79],[""H"",46],[""L"",78],[""H"",47],[""L"",311],[""H"",47],[""L"",78],[""H"",45],[""L"",77],[""H"",46],[""L"",79]]",True,False,False,ZL1_N3_M3_L78_H46,independent_layer_1nm,216,independent_layer_1nm_ZL1_N3_M3_L78_H46_0216,1,"[0,1,0,0,1,-1,1,0,-1,-1,0,1]"
450.4400000000023,3.3837415458394275,0.3170026182246321,0.9285711462216473,0.3080110978662737,-4.0,18.334600401518568,0.9357030139812471,False,True,0.0,4.440892098500626e-16,False,False,"[[""H"",47],[""L"",79],[""H"",46],[""L"",77],[""H"",45],[""L"",313],[""H"",46],[""L"",78],[""H"",47],[""L"",79],[""H"",45],[""L"",77]]",True,True,True,ZL1_N3_M3_L78_H46,independent_layer_1nm,217,independent_layer_1nm_ZL1_N3_M3_L78_H46_0217,1,"[1,1,0,-1,-1,1,0,0,1,1,-1,-1]"
448.0400000000018,3.3329057673344096,0.9910037818445555,0.42044916516479824,0.10570859900817611,0.0,14.237985850547807,1.0,True,True,0.0,7.771561172376096e-16,False,False,"[[""H"",47],[""L"",78],[""H"",46],[""L"",79],[""H"",45],[""L"",311],[""H"",45],[""L"",78],[""H"",46],[""L"",77],[""H"",45],[""L"",78]]",False,True,False,ZL1_N3_M3_L78_H46,independent_layer_1nm,218,independent_layer_1nm_ZL1_N3_M3_L78_H46_0218,1,"[1,0,0,1,-1,-1,-1,0,0,-1,-1,0]"
448.98000000000206,3.33875695956732,0.7353756198933583,0.7241627835227056,0.15209930875871902,0.0,13.72672245511441,1.0,True,True,0.0,5.551115123125783e-16,False,False,"[[""H"",47],[""L"",79],[""H"",45],[""L"",78],[""H"",46],[""L"",312],[""H"",45],[""L"",77],[""H"",46],[""L"",77],[""H"",45],[""L"",78]]",True,True,True,ZL1_N3_M3_L78_H46,independent_layer_1nm,219,independent_layer_1nm_ZL1_N3_M3_L78_H46_0219,1,"[1,1,-1,0,0,0,-1,-1,0,-1,-1,0]"
450.4800000000024,3.35307338911889,0.3039653996975379,0.9149840844845055,0.31289839836053707,-4.0,18.492000779314623,0.9235927766555108,False,True,0.0,4.440892098500626e-16,False,False,"[[""H"",45],[""L"",78],[""H"",45],[""L"",77],[""H"",46],[""L"",313],[""H"",46],[""L"",79],[""H"",45],[""L"",78],[""H"",45],[""L"",79]]",True,True,True,ZL1_N3_M3_L78_H46,independent_layer_1nm,220,independent_layer_1nm_ZL1_N3_M3_L78_H46_0220,1,"[-1,0,-1,-1,0,1,0,1,-1,0,-1,1]"
448.84000000000196,3.3302869287083467,0.79284208432048,0.6662336774776361,0.1426508983883416,0.0,13.706034376002409,1.0,True,True,0.0,5.551115123125783e-16,False,False,"[[""H"",45],[""L"",77],[""H"",47],[""L"",77],[""H"",47],[""L"",311],[""H"",45],[""L"",77],[""H"",45],[""L"",79],[""H"",45],[""L"",77]]",True,True,True,ZL1_N3_M3_L78_H46,independent_layer_1nm,221,independent_layer_1nm_ZL1_N3_M3_L78_H46_0221,1,"[-1,-1,1,-1,1,-1,-1,-1,-1,1,-1,-1]"
451.86000000000274,3.41412118924643,0.15859370204847645,0.45162402054156114,0.684703868865844,-9.0,9.642263676289343,0.4621426257789647,False,False,0.0,8.881784197001252e-16,False,False,"[[""H"",47],[""L"",77],[""H"",47],[""L"",78],[""H"",47],[""L"",312],[""H"",47],[""L"",77],[""H"",46],[""L"",77],[""H"",46],[""L"",78]]",False,False,False,ZL1_N3_M3_L78_H46,independent_layer_1nm,222,independent_layer_1nm_ZL1_N3_M3_L78_H46_0222,1,"[1,-1,1,0,1,0,1,-1,0,-1,0,0]"
448.86000000000206,3.333262235318955,0.7847007974797615,0.6778506468216986,0.14435006565396014,0.0,13.704642683168347,1.0,True,True,0.0,6.661338147750939e-16,False,False,"[[""H"",45],[""L"",77],[""H"",45],[""L"",77],[""H"",46],[""L"",311],[""H"",46],[""L"",77],[""H"",47],[""L"",78],[""H"",46],[""L"",79]]",True,True,True,ZL1_N3_M3_L78_H46,independent_layer_1nm,223,independent_layer_1nm_ZL1_N3_M3_L78_H46_0223,1,"[-1,-1,-1,-1,0,-1,0,-1,1,0,0,1]"
448.1200000000018,3.314898832969675,0.9879899533268033,0.4385304904500201,0.10816901794669107,0.0,14.135906602488316,1.0,True,True,0.0,6.661338147750939e-16,False,False,"[[""H"",45],[""L"",78],[""H"",45],[""L"",78],[""H"",46],[""L"",311],[""H"",45],[""L"",77],[""H"",46],[""L"",78],[""H"",46],[""L"",79]]",False,True,False,ZL1_N3_M3_L78_H46,independent_layer_1nm,224,independent_layer_1nm_ZL1_N3_M3_L78_H46_0224,1,"[-1,0,-1,0,0,-1,-1,-1,0,0,0,1]"
450.02000000000226,3.372145140591215,0.4038713077807522,0.9922880139555194,0.24605710764525346,-1.0,16.378248099845617,0.9999317185512304,True,True,0.0,8.881784197001252e-16,False,False,"[[""H"",47],[""L"",78],[""H"",46],[""L"",78],[""H"",46],[""L"",313],[""H"",45],[""L"",77],[""H"",45],[""L"",79],[""H"",47],[""L"",78]]",True,True,True,ZL1_N3_M3_L78_H46,independent_layer_1nm,225,independent_layer_1nm_ZL1_N3_M3_L78_H46_0225,1,"[1,0,0,0,0,1,-1,-1,-1,1,1,0]"
448.98000000000206,3.37405629669621,0.7417915980416298,0.7278612017925326,0.1532769713913421,0.0,13.762872486950743,1.0,True,True,0.0,4.440892098500626e-16,False,False,"[[""H"",47],[""L"",79],[""H"",46],[""L"",78],[""H"",45],[""L"",312],[""H"",45],[""L"",77],[""H"",47],[""L"",79],[""H"",47],[""L"",78]]",True,True,True,ZL1_N3_M3_L78_H46,independent_layer_1nm,226,independent_layer_1nm_ZL1_N3_M3_L78_H46_0226,1,"[1,1,0,0,-1,0,-1,-1,1,1,1,0]"
449.62000000000216,3.3441891577656975,0.5056197946569881,0.945786267149565,0.20249093358764242,0.0,14.812813196998986,1.0,True,True,0.0,1.3322676295501878e-15,False,False,"[[""H"",46],[""L"",77],[""H"",45],[""L"",77],[""H"",47],[""L"",311],[""H"",46],[""L"",78],[""H"",46],[""L"",77],[""H"",46],[""L"",77]]",True,True,True,ZL1_N3_M3_L78_H46,independent_layer_1nm,227,independent_layer_1nm_ZL1_N3_M3_L78_H46_0227,1,"[0,-1,-1,-1,1,-1,0,0,0,-1,0,-1]"
449.9400000000022,3.339487855413779,0.41554343840618335,0.9921256237877998,0.23606723600268126,0.0,15.972808424723052,1.0,True,True,0.0,4.440892098500626e-16,False,False,"[[""H"",45],[""L"",77],[""H"",45],[""L"",77],[""H"",45],[""L"",313],[""H"",47],[""L"",77],[""H"",45],[""L"",79],[""H"",45],[""L"",77]]",True,True,True,ZL1_N3_M3_L78_H46,independent_layer_1nm,228,independent_layer_1nm_ZL1_N3_M3_L78_H46_0228,1,"[-1,-1,-1,-1,-1,1,1,-1,-1,1,-1,-1]"
447.4800000000017,3.2995708412693716,0.9036558192073479,0.3032773653039277,0.08674017069879081,0.0,15.01093199618069,1.0,True,True,0.0,5.551115123125783e-16,False,False,"[[""H"",46],[""L"",78],[""H"",45],[""L"",78],[""H"",45],[""L"",311],[""H"",45],[""L"",79],[""H"",45],[""L"",77],[""H"",45],[""L"",79]]",False,True,False,ZL1_N3_M3_L78_H46,independent_layer_1nm,229,independent_layer_1nm_ZL1_N3_M3_L78_H46_0229,1,"[0,0,-1,0,-1,-1,-1,1,-1,-1,-1,1]"
450.7800000000025,3.3692927087676594,0.2610498957131875,0.8167867859451776,0.3693137197355538,-6.0,19.733691910088382,0.8275672140884602,False,False,0.0,4.440892098500626e-16,False,False,"[[""H"",45],[""L"",77],[""H"",45],[""L"",79],[""H"",45],[""L"",313],[""H"",47],[""L"",78],[""H"",45],[""L"",78],[""H"",47],[""L"",77]]",True,False,False,ZL1_N3_M3_L78_H46,independent_layer_1nm,230,independent_layer_1nm_ZL1_N3_M3_L78_H46_0230,1,"[-1,-1,-1,1,-1,1,1,0,-1,0,1,-1]"
452.08000000000277,3.418898328532407,0.14443850875243483,0.39639439373000984,0.7696838786554218,-9.0,8.344948907788318,0.399458751169261,False,False,0.0,5.551115123125783e-16,False,False,"[[""H"",46],[""L"",78],[""H"",47],[""L"",79],[""H"",46],[""L"",313],[""H"",46],[""L"",79],[""H"",47],[""L"",78],[""H"",45],[""L"",78]]",False,False,False,ZL1_N3_M3_L78_H46,independent_layer_1nm,231,independent_layer_1nm_ZL1_N3_M3_L78_H46_0231,1,"[0,0,1,1,0,1,0,1,1,0,-1,0]"
449.92000000000223,3.3490938399901893,0.4221152022741116,0.9915555114511521,0.234130228345849,0.0,15.915169282753,1.0,True,True,0.0,6.661338147750939e-16,False,False,"[[""H"",45],[""L"",78],[""H"",45],[""L"",78],[""H"",46],[""L"",312],[""H"",46],[""L"",77],[""H"",47],[""L"",78],[""H"",45],[""L"",79]]",True,True,True,ZL1_N3_M3_L78_H46,independent_layer_1nm,232,independent_layer_1nm_ZL1_N3_M3_L78_H46_0232,1,"[-1,0,-1,0,0,0,0,-1,1,0,-1,1]"
447.96000000000186,3.297498855437368,0.9921661557522077,0.39632578384071426,0.10195324324380145,0.0,14.333500398315529,1.0,True,True,0.0,4.440892098500626e-16,False,False,"[[""H"",45],[""L"",78],[""H"",45],[""L"",77],[""H"",45],[""L"",312],[""H"",45],[""L"",79],[""H"",45],[""L"",77],[""H"",45],[""L"",78]]",False,True,False,ZL1_N3_M3_L78_H46,independent_layer_1nm,233,independent_layer_1nm_ZL1_N3_M3_L78_H46_0233,1,"[-1,0,-1,-1,-1,0,-1,1,-1,-1,-1,0]"
450.4400000000023,3.3701966919327333,0.31454300897576126,0.9277237367845694,0.3065013312316822,-4.0,18.311884656468536,0.9356931818438297,False,True,0.0,8.881784197001252e-16,False,False,"[[""H"",47],[""L"",79],[""H"",45],[""L"",77],[""H"",47],[""L"",313],[""H"",45],[""L"",78],[""H"",45],[""L"",77],[""H"",46],[""L"",79]]",True,True,True,ZL1_N3_M3_L78_H46,independent_layer_1nm,234,independent_layer_1nm_ZL1_N3_M3_L78_H46_0234,1,"[1,1,-1,-1,1,1,-1,0,-1,-1,0,1]"
448.88000000000204,3.3579126531737415,0.7749413064416644,0.6905765443112999,0.14675745018906375,0.0,13.718801171305842,1.0,True,True,0.0,6.661338147750939e-16,False,False,"[[""H"",47],[""L"",79],[""H"",46],[""L"",78],[""H"",45],[""L"",311],[""H"",46],[""L"",79],[""H"",45],[""L"",78],[""H"",47],[""L"",77]]",True,True,True,ZL1_N3_M3_L78_H46,independent_layer_1nm,235,independent_layer_1nm_ZL1_N3_M3_L78_H46_0235,1,"[1,1,0,0,-1,-1,0,1,-1,0,1,-1]"
451.4200000000026,3.3923561532325834,0.19127631721483818,0.5811485655515478,0.5345026408327749,-7.0,22.194455269018704,0.5913712532147698,False,False,0.0,6.661338147750939e-16,False,False,"[[""H"",45],[""L"",77],[""H"",47],[""L"",79],[""H"",46],[""L"",312],[""H"",47],[""L"",78],[""H"",46],[""L"",78],[""H"",45],[""L"",78]]",False,False,False,ZL1_N3_M3_L78_H46,independent_layer_1nm,236,independent_layer_1nm_ZL1_N3_M3_L78_H46_0236,1,"[-1,-1,1,1,0,0,1,0,0,0,-1,0]"
449.50000000000216,3.3460285638723235,0.5445501042997434,0.913487912536705,0.19124695740237674,0.0,14.453858447431038,1.0,True,True,0.0,4.440892098500626e-16,False,False,"[[""H"",45],[""L"",78],[""H"",46],[""L"",79],[""H"",46],[""L"",311],[""H"",46],[""L"",78],[""H"",45],[""L"",79],[""H"",46],[""L"",78]]",True,True,True,ZL1_N3_M3_L78_H46,independent_layer_1nm,237,independent_layer_1nm_ZL1_N3_M3_L78_H46_0237,1,"[-1,0,0,1,0,-1,0,0,-1,1,0,0]"
451.34000000000253,3.3827011147296275,0.19708605132256218,0.6075272246057133,0.509523551953933,-7.0,21.8340385334967,0.6135813338010393,False,False,0.0,4.440892098500626e-16,False,False,"[[""H"",46],[""L"",79],[""H"",45],[""L"",79],[""H"",46],[""L"",313],[""H"",47],[""L"",77],[""H"",45],[""L"",77],[""H"",45],[""L"",77]]",True,False,False,ZL1_N3_M3_L78_H46,independent_layer_1nm,238,independent_layer_1nm_ZL1_N3_M3_L78_H46_0238,1,"[0,1,-1,1,0,1,1,-1,-1,-1,-1,-1]"
450.68000000000245,3.37272904550548,0.2748163021830461,0.8490967633215623,0.3510692185982469,-5.0,19.383386890706753,0.8561626864382408,False,True,0.0,6.661338147750939e-16,False,False,"[[""H"",46],[""L"",78],[""H"",45],[""L"",78],[""H"",47],[""L"",312],[""H"",46],[""L"",77],[""H"",46],[""L"",79],[""H"",46],[""L"",78]]",True,True,True,ZL1_N3_M3_L78_H46,independent_layer_1nm,239,independent_layer_1nm_ZL1_N3_M3_L78_H46_0239,1,"[0,0,-1,0,1,0,0,-1,0,1,0,0]"
450.70000000000243,3.368390951638901,0.27197142321550866,0.8446070780718857,0.3534159592112279,-5.0,19.417075841862903,0.8519158069787893,False,True,0.0,4.440892098500626e-16,False,False,"[[""H"",45],[""L"",78],[""H"",45],[""L"",78],[""H"",47],[""L"",313],[""H"",45],[""L"",77],[""H"",47],[""L"",77],[""H"",46],[""L"",77]]",True,True,True,ZL1_N3_M3_L78_H46,independent_layer_1nm,240,independent_layer_1nm_ZL1_N3_M3_L78_H46_0240,1,"[-1,0,-1,0,1,1,-1,-1,1,-1,0,-1]"
448.680000000002,3.3413042942688094,0.8535363159941805,0.6108472998316046,0.13417707267726392,0.0,13.714669721519973,1.0,True,True,0.0,6.661338147750939e-16,False,False,"[[""H"",47],[""L"",78],[""H"",45],[""L"",79],[""H"",45],[""L"",312],[""H"",45],[""L"",77],[""H"",47],[""L"",77],[""H"",46],[""L"",78]]",True,True,True,ZL1_N3_M3_L78_H46,independent_layer_1nm,241,independent_layer_1nm_ZL1_N3_M3_L78_H46_0241,1,"[1,0,-1,1,-1,0,-1,-1,1,-1,0,0]"
449.3400000000021,3.367468880887259,0.601769449490765,0.8631877131746768,0.1790998954895487,0.0,14.131976780353737,1.0,True,True,0.0,6.661338147750939e-16,False,False,"[[""H"",46],[""L"",79],[""H"",47],[""L"",79],[""H"",45],[""L"",312],[""H"",45],[""L"",78],[""H"",46],[""L"",79],[""H"",46],[""L"",78]]",True,True,True,ZL1_N3_M3_L78_H46,independent_layer_1nm,242,independent_layer_1nm_ZL1_N3_M3_L78_H46_0242,1,"[0,1,1,1,-1,0,-1,0,0,1,0,0]"
449.3400000000021,3.348454005403937,0.6003913494536366,0.8623668627597418,0.17831480746588318,0.0,14.117919449921462,1.0,True,True,0.0,4.440892098500626e-16,False,False,"[[""H"",45],[""L"",77],[""H"",47],[""L"",77],[""H"",45],[""L"",312],[""H"",46],[""L"",77],[""H"",47],[""L"",78],[""H"",46],[""L"",78]]",True,True,True,ZL1_N3_M3_L78_H46,independent_layer_1nm,243,independent_layer_1nm_ZL1_N3_M3_L78_H46_0243,1,"[-1,-1,1,-1,-1,0,0,-1,1,0,0,0]"
449.92000000000223,3.366716939760124,0.42752311170025775,0.9922522051846971,0.23482498014470832,0.0,15.904144276744695,1.0,True,True,0.0,4.440892098500626e-16,False,False,"[[""H"",45],[""L"",77],[""H"",45],[""L"",79],[""H"",45],[""L"",312],[""H"",46],[""L"",79],[""H"",47],[""L"",78],[""H"",47],[""L"",77]]",True,True,True,ZL1_N3_M3_L78_H46,independent_layer_1nm,244,independent_layer_1nm_ZL1_N3_M3_L78_H46_0244,1,"[-1,-1,-1,1,-1,0,0,1,1,0,1,-1]"
451.6800000000027,3.389959520475145,0.1682873122753759,0.49549338575707524,0.6217758398186739,-8.0,11.495583066242382,0.4996484896262686,False,False,0.0,7.771561172376096e-16,False,False,"[[""H"",45],[""L"",79],[""H"",45],[""L"",79],[""H"",47],[""L"",313],[""H"",46],[""L"",77],[""H"",46],[""L"",79],[""H"",45],[""L"",77]]",False,False,False,ZL1_N3_M3_L78_H46,independent_layer_1nm,245,independent_layer_1nm_ZL1_N3_M3_L78_H46_0245,1,"[-1,1,-1,1,1,1,0,-1,0,1,-1,-1]"
447.72000000000173,3.2923447975271074,0.9642925829162814,0.345127890658278,0.09381698389217552,0.0,14.668004824598853,1.0,True,True,0.0,6.661338147750939e-16,False,False,"[[""H"",45],[""L"",77],[""H"",45],[""L"",78],[""H"",45],[""L"",312],[""H"",45],[""L"",77],[""H"",45],[""L"",78],[""H"",45],[""L"",79]]",False,True,False,ZL1_N3_M3_L78_H46,independent_layer_1nm,246,independent_layer_1nm_ZL1_N3_M3_L78_H46_0246,1,"[-1,-1,-1,0,-1,0,-1,-1,-1,0,-1,1]"
449.5600000000022,3.3547508064190197,0.5293082466349767,0.9296583696071722,0.1966656417705803,0.0,14.603770950657292,1.0,True,True,0.0,4.440892098500626e-16,False,False,"[[""H"",45],[""L"",78],[""H"",46],[""L"",79],[""H"",45],[""L"",312],[""H"",46],[""L"",77],[""H"",46],[""L"",79],[""H"",47],[""L"",77]]",True,True,True,ZL1_N3_M3_L78_H46,independent_layer_1nm,247,independent_layer_1nm_ZL1_N3_M3_L78_H46_0247,1,"[-1,0,0,1,-1,0,0,-1,0,1,1,-1]"
450.54000000000235,3.3743286834347828,0.29819624147131735,0.8988098726921634,0.32376231782174547,-5.0,18.82412124934204,0.9086247835457921,False,True,0.0,6.661338147750939e-16,False,False,"[[""H"",45],[""L"",79],[""H"",47],[""L"",77],[""H"",47],[""L"",311],[""H"",47],[""L"",77],[""H"",45],[""L"",77],[""H"",46],[""L"",78]]",True,True,True,ZL1_N3_M3_L78_H46,independent_layer_1nm,248,independent_layer_1nm_ZL1_N3_M3_L78_H46_0248,1,"[-1,1,1,-1,1,-1,1,-1,-1,-1,0,0]"
450.7400000000024,3.3809645871286307,0.2690119590804032,0.8327939966962403,0.3616079035202633,-5.0,19.569955730150344,0.8415109367254108,False,True,0.0,6.661338147750939e-16,False,False,"[[""H"",45],[""L"",78],[""H"",47],[""L"",78],[""H"",45],[""L"",313],[""H"",46],[""L"",78],[""H"",47],[""L"",79],[""H"",45],[""L"",77]]",True,True,True,ZL1_N3_M3_L78_H46,independent_layer_1nm,249,independent_layer_1nm_ZL1_N3_M3_L78_H46_0249,1,"[-1,0,1,0,-1,1,0,0,1,1,-1,-1]"
450.52000000000237,3.377260346688672,0.30429627641021023,0.9091344334717965,0.3192535559958358,-4.0,18.672277956240894,0.9184370445556559,False,True,0.0,4.440892098500626e-16,False,False,"[[""H"",45],[""L"",77],[""H"",46],[""L"",78],[""H"",46],[""L"",312],[""H"",46],[""L"",78],[""H"",47],[""L"",79],[""H"",46],[""L"",79]]",True,True,True,ZL1_N3_M3_L78_H46,independent_layer_1nm,250,independent_layer_1nm_ZL1_N3_M3_L78_H46_0250,1,"[-1,-1,0,0,0,0,0,0,1,1,0,1]"
449.4600000000022,3.345367646556042,0.5565211934651404,0.901908118084973,0.18818620068320369,0.0,14.375773742920785,1.0,True,True,0.0,8.881784197001252e-16,False,False,"[[""H"",45],[""L"",77],[""H"",47],[""L"",78],[""H"",46],[""L"",311],[""H"",46],[""L"",78],[""H"",46],[""L"",77],[""H"",45],[""L"",79]]",True,True,True,ZL1_N3_M3_L78_H46,independent_layer_1nm,251,independent_layer_1nm_ZL1_N3_M3_L78_H46_0251,1,"[-1,-1,1,0,0,-1,0,0,0,-1,-1,1]"
449.62000000000216,3.338596373835287,0.5087902818077162,0.9433051580578651,0.20101526395296454,0.0,14.740960563403615,1.0,True,True,0.0,6.661338147750939e-16,False,False,"[[""H"",45],[""L"",79],[""H"",45],[""L"",78],[""H"",45],[""L"",312],[""H"",47],[""L"",77],[""H"",45],[""L"",79],[""H"",46],[""L"",77]]",True,True,True,ZL1_N3_M3_L78_H46,independent_layer_1nm,252,independent_layer_1nm_ZL1_N3_M3_L78_H46_0252,1,"[-1,1,-1,0,-1,0,1,-1,-1,1,0,-1]"
449.26000000000215,3.3496004722252337,0.6343714368232691,0.8283255752851066,0.17112573999317804,0.0,13.955546687297717,1.0,True,True,0.0,5.551115123125783e-16,False,False,"[[""H"",47],[""L"",77],[""H"",46],[""L"",77],[""H"",45],[""L"",313],[""H"",45],[""L"",77],[""H"",47],[""L"",79],[""H"",45],[""L"",79]]",True,True,True,ZL1_N3_M3_L78_H46,independent_layer_1nm,253,independent_layer_1nm_ZL1_N3_M3_L78_H46_0253,1,"[1,-1,0,-1,-1,1,-1,-1,1,1,-1,1]"
450.54000000000235,3.367288794966953,0.2964511679303699,0.8977607260110159,0.32414064710442964,-5.0,18.781915461911314,0.9069082107054691,False,True,0.0,6.661338147750939e-16,False,False,"[[""H"",46],[""L"",77],[""H"",45],[""L"",77],[""H"",47],[""L"",313],[""H"",45],[""L"",79],[""H"",45],[""L"",77],[""H"",47],[""L"",79]]",True,True,True,ZL1_N3_M3_L78_H46,independent_layer_1nm,254,independent_layer_1nm_ZL1_N3_M3_L78_H46_0254,1,"[0,-1,-1,-1,1,1,-1,1,-1,-1,1,1]"
447.70000000000175,3.3405143391594834,0.9598127607112681,0.3448836179058085,0.09380834809658425,0.0,14.71800357892854,1.0,True,True,0.0,4.440892098500626e-16,False,False,"[[""H"",47],[""L"",77],[""H"",47],[""L"",77],[""H"",45],[""L"",311],[""H"",45],[""L"",78],[""H"",45],[""L"",78],[""H"",47],[""L"",79]]",False,True,False,ZL1_N3_M3_L78_H46,independent_layer_1nm,255,independent_layer_1nm_ZL1_N3_M3_L78_H46_0255,1,"[1,-1,1,-1,-1,-1,-1,0,-1,0,1,1]"
448.9600000000021,3.3423460008521033,0.7444220810355782,0.7188748983848734,0.15105485448802625,0.0,13.738756718558244,1.0,True,True,0.0,8.881784197001252e-16,False,False,"[[""H"",46],[""L"",78],[""H"",45],[""L"",77],[""H"",46],[""L"",311],[""H"",46],[""L"",77],[""H"",47],[""L"",77],[""H"",47],[""L"",77]]",True,True,True,ZL1_N3_M3_L78_H46,independent_layer_1nm,256,independent_layer_1nm_ZL1_N3_M3_L78_H46_0256,1,"[0,0,-1,-1,0,-1,0,-1,1,-1,1,-1]"
450.6200000000024,3.374347946683656,0.28567886431538886,0.8734455320535857,0.33844369069786184,-5.0,19.11121028372758,0.8794243522492953,False,True,0.0,6.661338147750939e-16,False,False,"[[""H"",46],[""L"",77],[""H"",46],[""L"",78],[""H"",46],[""L"",312],[""H"",47],[""L"",77],[""H"",45],[""L"",78],[""H"",47],[""L"",79]]",True,True,True,ZL1_N3_M3_L78_H46,independent_layer_1nm,257,independent_layer_1nm_ZL1_N3_M3_L78_H46_0257,1,"[0,-1,0,0,0,0,1,-1,-1,0,1,1]"
450.5000000000024,3.385749991434068,0.30672934875925595,0.9114824756278337,0.31912202526840844,-4.0,18.67139731915927,0.9202013251351905,False,True,0.0,5.551115123125783e-16,False,False,"[[""H"",45],[""L"",78],[""H"",47],[""L"",77],[""H"",45],[""L"",312],[""H"",47],[""L"",78],[""H"",47],[""L"",77],[""H"",47],[""L"",79]]",True,True,True,ZL1_N3_M3_L78_H46,independent_layer_1nm,258,independent_layer_1nm_ZL1_N3_M3_L78_H46_0258,1,"[-1,0,1,-1,-1,0,1,0,1,-1,1,1]"
449.3000000000021,3.347811560158334,0.6160913887836195,0.8460008702058079,0.17451431438272927,0.0,14.041787244249655,1.0,True,True,0.0,8.881784197001252e-16,False,False,"[[""H"",46],[""L"",78],[""H"",46],[""L"",78],[""H"",46],[""L"",311],[""H"",46],[""L"",77],[""H"",46],[""L"",79],[""H"",46],[""L"",77]]",True,True,True,ZL1_N3_M3_L78_H46,independent_layer_1nm,259,independent_layer_1nm_ZL1_N3_M3_L78_H46_0259,1,"[0,0,0,0,0,-1,0,-1,0,1,0,-1]"
449.92000000000223,3.3674161361869324,0.4266116685805045,0.9906619909644904,0.23442318893250816,0.0,15.902847369901858,1.0,True,True,0.0,5.551115123125783e-16,False,False,"[[""H"",47],[""L"",79],[""H"",45],[""L"",79],[""H"",45],[""L"",312],[""H"",46],[""L"",79],[""H"",46],[""L"",79],[""H"",45],[""L"",79]]",True,True,True,ZL1_N3_M3_L78_H46,independent_layer_1nm,260,independent_layer_1nm_ZL1_N3_M3_L78_H46_0260,1,"[1,1,-1,1,-1,0,0,1,0,1,-1,1]"
451.34000000000253,3.3857529909279265,0.19696838408083153,0.6051903893183892,0.5119737426955595,-7.0,21.871274205323015,0.6116632832534817,False,False,0.0,5.551115123125783e-16,False,False,"[[""H"",46],[""L"",77],[""H"",45],[""L"",79],[""H"",47],[""L"",313],[""H"",46],[""L"",77],[""H"",45],[""L"",77],[""H"",47],[""L"",78]]",True,False,False,ZL1_N3_M3_L78_H46,independent_layer_1nm,261,independent_layer_1nm_ZL1_N3_M3_L78_H46_0261,1,"[0,-1,-1,1,1,1,0,-1,-1,-1,1,0]"
450.1000000000023,3.3758733833128076,0.3852862769060209,0.9889180596324164,0.25660159739544625,-2.0,16.77159943783757,0.9964849268870375,False,True,0.0,1.3322676295501878e-15,False,False,"[[""H"",46],[""L"",78],[""H"",47],[""L"",79],[""H"",45],[""L"",313],[""H"",45],[""L"",78],[""H"",46],[""L"",79],[""H"",46],[""L"",79]]",True,True,True,ZL1_N3_M3_L78_H46,independent_layer_1nm,262,independent_layer_1nm_ZL1_N3_M3_L78_H46_0262,1,"[0,0,1,1,-1,1,-1,0,0,1,0,1]"
448.36000000000195,3.3298014260722653,0.9464003672099927,0.5079820382578146,0.11880094308569224,0.0,13.903042436827224,1.0,True,True,0.0,6.661338147750939e-16,False,False,"[[""H"",47],[""L"",78],[""H"",45],[""L"",79],[""H"",46],[""L"",311],[""H"",45],[""L"",77],[""H"",46],[""L"",77],[""H"",45],[""L"",79]]",False,True,False,ZL1_N3_M3_L78_H46,independent_layer_1nm,263,independent_layer_1nm_ZL1_N3_M3_L78_H46_0263,1,"[1,0,-1,1,0,-1,-1,-1,0,-1,-1,1]"
449.40000000000214,3.3685716838314193,0.5853765599879077,0.8800933948336629,0.18318894815727949,0.0,14.261275676781697,1.0,True,True,0.0,1.1102230246251565e-15,False,False,"[[""H"",47],[""L"",79],[""H"",46],[""L"",77],[""H"",46],[""L"",311],[""H"",46],[""L"",78],[""H"",46],[""L"",77],[""H"",47],[""L"",79]]",True,True,True,ZL1_N3_M3_L78_H46,independent_layer_1nm,264,independent_layer_1nm_ZL1_N3_M3_L78_H46_0264,1,"[1,1,0,-1,0,-1,0,0,0,-1,1,1]"
451.5400000000026,3.408697031430563,0.18197834189593787,0.5409182733199764,0.5775164275363512,-8.0,22.64919113122976,0.5464896340369992,False,False,0.0,8.881784197001252e-16,False,False,"[[""H"",47],[""L"",77],[""H"",47],[""L"",78],[""H"",46],[""L"",313],[""H"",46],[""L"",78],[""H"",47],[""L"",77],[""H"",46],[""L"",78]]",False,False,False,ZL1_N3_M3_L78_H46,independent_layer_1nm,265,independent_layer_1nm_ZL1_N3_M3_L78_H46_0265,1,"[1,-1,1,0,0,1,0,0,1,-1,0,0]"
449.14000000000203,3.3501603152206485,0.6762826821468098,0.7855862603116692,0.16288840016350206,0.0,13.851509078698774,1.0,True,True,0.0,6.661338147750939e-16,False,False,"[[""H"",47],[""L"",79],[""H"",46],[""L"",78],[""H"",45],[""L"",311],[""H"",47],[""L"",77],[""H"",45],[""L"",79],[""H"",45],[""L"",78]]",True,True,True,ZL1_N3_M3_L78_H46,independent_layer_1nm,266,independent_layer_1nm_ZL1_N3_M3_L78_H46_0266,1,"[1,1,0,0,-1,-1,1,-1,-1,1,-1,0]"
449.66000000000224,3.3623796336943883,0.49704959236400115,0.9542535166175558,0.20714845657684672,0.0,14.951798027374243,1.0,True,True,0.0,6.661338147750939e-16,False,False,"[[""H"",46],[""L"",79],[""H"",47],[""L"",78],[""H"",45],[""L"",311],[""H"",47],[""L"",79],[""H"",45],[""L"",77],[""H"",45],[""L"",77]]",True,True,True,ZL1_N3_M3_L78_H46,independent_layer_1nm,267,independent_layer_1nm_ZL1_N3_M3_L78_H46_0267,1,"[0,1,1,0,-1,-1,1,1,-1,-1,-1,-1]"
453.00000000000296,3.436550906489572,0.10168994130697691,0.24133589387153465,0.992916010906004,-11.0,6.536358961350562,0.24371250953535167,False,False,0.0,8.881784197001252e-16,False,False,"[[""H"",45],[""L"",79],[""H"",47],[""L"",78],[""H"",47],[""L"",313],[""H"",47],[""L"",77],[""H"",47],[""L"",77],[""H"",47],[""L"",77]]",False,False,False,ZL1_N3_M3_L78_H46,independent_layer_1nm,268,independent_layer_1nm_ZL1_N3_M3_L78_H46_0268,1,"[-1,1,1,0,1,1,1,-1,1,-1,1,-1]"
448.32000000000187,3.3018549605513385,0.9570343265019396,0.4921035002907653,0.11654108716569916,0.0,13.917230271905131,1.0,True,True,0.0,6.661338147750939e-16,False,False,"[[""H"",45],[""L"",77],[""H"",45],[""L"",77],[""H"",45],[""L"",313],[""H"",45],[""L"",77],[""H"",45],[""L"",79],[""H"",45],[""L"",77]]",False,True,False,ZL1_N3_M3_L78_H46,independent_layer_1nm,269,independent_layer_1nm_ZL1_N3_M3_L78_H46_0269,1,"[-1,-1,-1,-1,-1,1,-1,-1,-1,1,-1,-1]"
448.2600000000019,3.324432567863596,0.9683759195938736,0.47779467946080123,0.11421781240202203,0.0,13.997575828243873,1.0,True,True,0.0,6.661338147750939e-16,False,False,"[[""H"",45],[""L"",77],[""H"",47],[""L"",77],[""H"",46],[""L"",311],[""H"",45],[""L"",77],[""H"",46],[""L"",78],[""H"",46],[""L"",77]]",False,True,False,ZL1_N3_M3_L78_H46,independent_layer_1nm,270,independent_layer_1nm_ZL1_N3_M3_L78_H46_0270,1,"[-1,-1,1,-1,0,-1,-1,-1,0,0,0,-1]"
449.040000000002,3.3442291398653765,0.7135377754688832,0.7468883863874722,0.15604114471858255,0.0,13.771527554212748,1.0,True,True,0.0,6.661338147750939e-16,False,False,"[[""H"",47],[""L"",79],[""H"",45],[""L"",79],[""H"",46],[""L"",311],[""H"",46],[""L"",77],[""H"",45],[""L"",77],[""H"",46],[""L"",77]]",True,True,True,ZL1_N3_M3_L78_H46,independent_layer_1nm,271,independent_layer_1nm_ZL1_N3_M3_L78_H46_0271,1,"[1,1,-1,1,0,-1,0,-1,-1,-1,0,-1]"
449.74000000000217,3.363464237187543,0.47608768048440847,0.9708987395197393,0.21474201976589927,0.0,15.205150618408874,1.0,True,True,0.0,1.1102230246251565e-15,False,False,"[[""H"",46],[""L"",77],[""H"",45],[""L"",78],[""H"",46],[""L"",311],[""H"",46],[""L"",79],[""H"",47],[""L"",79],[""H"",46],[""L"",77]]",True,True,True,ZL1_N3_M3_L78_H46,independent_layer_1nm,272,independent_layer_1nm_ZL1_N3_M3_L78_H46_0272,1,"[0,-1,-1,0,0,-1,0,1,1,1,0,-1]"
450.82000000000244,3.3733861374403205,0.2571208327129628,0.8040099812808275,0.37627845497957363,-6.0,19.852550837058992,0.8127449781038484,False,False,0.0,4.440892098500626e-16,False,False,"[[""H"",45],[""L"",78],[""H"",47],[""L"",77],[""H"",45],[""L"",313],[""H"",47],[""L"",78],[""H"",45],[""L"",78],[""H"",46],[""L"",79]]",True,False,False,ZL1_N3_M3_L78_H46,independent_layer_1nm,273,independent_layer_1nm_ZL1_N3_M3_L78_H46_0273,1,"[-1,0,1,-1,-1,1,1,0,-1,0,0,1]"
452.0600000000028,3.411329891864284,0.14456327906976818,0.39871595232356616,0.763535326084825,-9.0,8.384708843808802,0.40160348884884656,False,False,0.0,6.661338147750939e-16,False,False,"[[""H"",45],[""L"",77],[""H"",47],[""L"",77],[""H"",47],[""L"",313],[""H"",46],[""L"",78],[""H"",47],[""L"",78],[""H"",46],[""L"",79]]",False,False,False,ZL1_N3_M3_L78_H46,independent_layer_1nm,274,independent_layer_1nm_ZL1_N3_M3_L78_H46_0274,1,"[-1,-1,1,-1,1,1,0,0,1,0,0,1]"
452.5600000000029,3.421112270359231,0.11813597264842018,0.301204452199477,0.930221260235295,-10.0,7.132662767997891,0.303596798638551,False,False,0.0,8.881784197001252e-16,False,False,"[[""H"",47],[""L"",78],[""H"",46],[""L"",77],[""H"",47],[""L"",313],[""H"",47],[""L"",79],[""H"",45],[""L"",79],[""H"",45],[""L"",77]]",False,False,False,ZL1_N3_M3_L78_H46,independent_layer_1nm,275,independent_layer_1nm_ZL1_N3_M3_L78_H46_0275,1,"[1,0,0,-1,1,1,1,1,-1,1,-1,-1]"
451.1200000000025,3.3749021006836415,0.21924042521202358,0.6871867980038436,0.44792347790293574,-7.0,21.105619825588654,0.6960898591098205,False,False,0.0,6.661338147750939e-16,False,False,"[[""H"",45],[""L"",79],[""H"",45],[""L"",78],[""H"",47],[""L"",312],[""H"",47],[""L"",77],[""H"",45],[""L"",77],[""H"",46],[""L"",79]]",True,False,False,ZL1_N3_M3_L78_H46,independent_layer_1nm,276,independent_layer_1nm_ZL1_N3_M3_L78_H46_0276,1,"[-1,1,-1,0,1,0,1,-1,-1,-1,0,1]"
450.1000000000023,3.3568439955797658,0.38422530692529283,0.990814821091464,0.25467873303178057,-2.0,16.733493350237005,0.9971197809614646,False,True,0.0,4.440892098500626e-16,False,False,"[[""H"",45],[""L"",78],[""H"",46],[""L"",77],[""H"",45],[""L"",312],[""H"",47],[""L"",78],[""H"",47],[""L"",77],[""H"",45],[""L"",78]]",True,True,True,ZL1_N3_M3_L78_H46,independent_layer_1nm,277,independent_layer_1nm_ZL1_N3_M3_L78_H46_0277,1,"[-1,0,0,-1,-1,0,1,0,1,-1,-1,0]"
450.0000000000023,3.371513721128565,0.40648925426919014,0.9921870274626371,0.24439902513246695,0.0,16.32216190685791,1.0,True,True,0.0,5.551115123125783e-16,False,False,"[[""H"",46],[""L"",78],[""H"",47],[""L"",78],[""H"",46],[""L"",312],[""H"",45],[""L"",79],[""H"",46],[""L"",78],[""H"",46],[""L"",78]]",True,True,True,ZL1_N3_M3_L78_H46,independent_layer_1nm,278,independent_layer_1nm_ZL1_N3_M3_L78_H46_0278,1,"[0,0,1,0,0,0,-1,1,0,0,0,0]"
448.1200000000018,3.3174743018584536,0.9882774154419904,0.4364484804783879,0.1080480717549884,0.0,14.153462746912124,1.0,True,True,0.0,1.1102230246251565e-15,False,False,"[[""H"",47],[""L"",77],[""H"",45],[""L"",77],[""H"",45],[""L"",311],[""H"",46],[""L"",79],[""H"",45],[""L"",78],[""H"",45],[""L"",79]]",False,True,False,ZL1_N3_M3_L78_H46,independent_layer_1nm,279,independent_layer_1nm_ZL1_N3_M3_L78_H46_0279,1,"[1,-1,-1,-1,-1,-1,0,1,-1,0,-1,1]"
449.78000000000225,3.3601944765050575,0.46205720595411737,0.9760088890839994,0.21875966204662844,0.0,15.362591771991559,1.0,True,True,0.0,5.551115123125783e-16,False,False,"[[""H"",45],[""L"",77],[""H"",47],[""L"",78],[""H"",47],[""L"",311],[""H"",45],[""L"",79],[""H"",46],[""L"",77],[""H"",46],[""L"",78]]",True,True,True,ZL1_N3_M3_L78_H46,independent_layer_1nm,280,independent_layer_1nm_ZL1_N3_M3_L78_H46_0280,1,"[-1,-1,1,0,1,-1,-1,1,0,-1,0,0]"
450.3200000000023,3.358860411369733,0.3363629166220592,0.9581669386447992,0.2860253218677453,-3.0,17.738086390903657,0.9678419747372327,False,True,0.0,5.551115123125783e-16,False,False,"[[""H"",45],[""L"",78],[""H"",46],[""L"",78],[""H"",46],[""L"",313],[""H"",45],[""L"",79],[""H"",45],[""L"",79],[""H"",46],[""L"",78]]",True,True,True,ZL1_N3_M3_L78_H46,independent_layer_1nm,281,independent_layer_1nm_ZL1_N3_M3_L78_H46_0281,1,"[-1,0,0,0,0,1,-1,1,-1,1,0,0]"
449.88000000000227,3.358568334237418,0.43454323238473946,0.9882442113258376,0.22975121710429824,0.0,15.750105257478438,1.0,True,True,0.0,6.661338147750939e-16,False,False,"[[""H"",45],[""L"",79],[""H"",45],[""L"",79],[""H"",47],[""L"",311],[""H"",45],[""L"",79],[""H"",47],[""L"",77],[""H"",45],[""L"",79]]",True,True,True,ZL1_N3_M3_L78_H46,independent_layer_1nm,282,independent_layer_1nm_ZL1_N3_M3_L78_H46_0282,1,"[-1,1,-1,1,1,-1,-1,1,1,-1,-1,1]"
450.0000000000023,3.3499457025158677,0.40583614460186906,0.9928996031933328,0.24198289080899912,0.0,16.216432521131033,1.0,True,True,0.0,8.881784197001252e-16,False,False,"[[""H"",45],[""L"",77],[""H"",46],[""L"",78],[""H"",46],[""L"",313],[""H"",45],[""L"",77],[""H"",47],[""L"",77],[""H"",45],[""L"",77]]",True,True,True,ZL1_N3_M3_L78_H46,independent_layer_1nm,283,independent_layer_1nm_ZL1_N3_M3_L78_H46_0283,1,"[-1,-1,0,0,0,1,-1,-1,1,-1,-1,-1]"
450.3600000000024,3.3725966823374733,0.33065649238077366,0.9492974201613636,0.29364803754426627,-4.0,17.973026062134036,0.9567623536883971,False,True,0.0,6.661338147750939e-16,False,False,"[[""H"",45],[""L"",78],[""H"",47],[""L"",78],[""H"",46],[""L"",311],[""H"",47],[""L"",77],[""H"",47],[""L"",77],[""H"",45],[""L"",79]]",True,True,True,ZL1_N3_M3_L78_H46,independent_layer_1nm,284,independent_layer_1nm_ZL1_N3_M3_L78_H46_0284,1,"[-1,0,1,0,0,-1,1,-1,1,-1,-1,1]"
450.70000000000243,3.3801679759545777,0.274907713991672,0.8472512445598577,0.3528918918003707,-5.0,19.422498024323723,0.8548741750210621,False,True,0.0,8.881784197001252e-16,False,False,"[[""H"",47],[""L"",78],[""H"",46],[""L"",78],[""H"",46],[""L"",312],[""H"",47],[""L"",77],[""H"",45],[""L"",78],[""H"",46],[""L"",79]]",True,True,True,ZL1_N3_M3_L78_H46,independent_layer_1nm,285,independent_layer_1nm_ZL1_N3_M3_L78_H46_0285,1,"[1,0,0,0,0,0,1,-1,-1,0,0,1]"
450.2400000000023,3.3685736154393453,0.3526249819244971,0.9716540471259718,0.2757879056587171,-3.0,17.44416730326454,0.9794807867628945,False,True,0.0,1.3322676295501878e-15,False,False,"[[""H"",47],[""L"",77],[""H"",46],[""L"",79],[""H"",46],[""L"",312],[""H"",46],[""L"",77],[""H"",46],[""L"",78],[""H"",45],[""L"",79]]",True,True,True,ZL1_N3_M3_L78_H46,independent_layer_1nm,286,independent_layer_1nm_ZL1_N3_M3_L78_H46_0286,1,"[1,-1,0,1,0,0,0,-1,0,0,-1,1]"
447.32000000000164,3.2944517817612677,0.8472056145311522,0.27702620345534534,0.0822267223073257,0.0,15.281705224295154,1.0,True,True,0.0,6.661338147750939e-16,False,False,"[[""H"",45],[""L"",77],[""H"",46],[""L"",78],[""H"",45],[""L"",311],[""H"",45],[""L"",77],[""H"",46],[""L"",77],[""H"",45],[""L"",78]]",False,True,False,ZL1_N3_M3_L78_H46,independent_layer_1nm,287,independent_layer_1nm_ZL1_N3_M3_L78_H46_0287,1,"[-1,-1,0,0,-1,-1,-1,-1,0,-1,-1,0]"
449.0800000000021,3.3430533114607783,0.6990360012375851,0.7638593259390716,0.15867739796836886,0.0,13.789795072110756,1.0,True,True,0.0,6.661338147750939e-16,False,False,"[[""H"",46],[""L"",79],[""H"",45],[""L"",77],[""H"",45],[""L"",311],[""H"",47],[""L"",79],[""H"",45],[""L"",77],[""H"",47],[""L"",79]]",True,True,True,ZL1_N3_M3_L78_H46,independent_layer_1nm,288,independent_layer_1nm_ZL1_N3_M3_L78_H46_0288,1,"[0,1,-1,-1,-1,-1,1,1,-1,-1,1,1]"
449.88000000000227,3.363781235087174,0.4369653114893544,0.9879359800672012,0.22948907206327057,0.0,15.732584611204809,1.0,True,True,0.0,6.661338147750939e-16,False,False,"[[""H"",45],[""L"",77],[""H"",47],[""L"",78],[""H"",46],[""L"",312],[""H"",45],[""L"",78],[""H"",47],[""L"",79],[""H"",45],[""L"",79]]",True,True,True,ZL1_N3_M3_L78_H46,independent_layer_1nm,289,independent_layer_1nm_ZL1_N3_M3_L78_H46_0289,1,"[-1,-1,1,0,0,0,-1,0,1,1,-1,1]"
451.32000000000255,3.386015368775702,0.2006133420580657,0.617011771481978,0.5020568196679525,-7.0,21.731516025583836,0.622467030405497,False,False,0.0,6.661338147750939e-16,False,False,"[[""H"",45],[""L"",78],[""H"",46],[""L"",78],[""H"",47],[""L"",313],[""H"",45],[""L"",79],[""H"",46],[""L"",78],[""H"",46],[""L"",78]]",True,False,False,ZL1_N3_M3_L78_H46,independent_layer_1nm,290,independent_layer_1nm_ZL1_N3_M3_L78_H46_0290,1,"[-1,0,0,0,1,1,-1,1,0,0,0,0]"
452.4600000000029,3.4160351788644903,0.12295173050237188,0.3184070043095356,0.9018546875575699,-10.0,7.376230505221309,0.3215781649305908,False,False,0.0,7.771561172376096e-16,False,False,"[[""H"",46],[""L"",79],[""H"",45],[""L"",78],[""H"",47],[""L"",313],[""H"",47],[""L"",78],[""H"",45],[""L"",79],[""H"",47],[""L"",77]]",False,False,False,ZL1_N3_M3_L78_H46,independent_layer_1nm,291,independent_layer_1nm_ZL1_N3_M3_L78_H46_0291,1,"[0,1,-1,0,1,1,1,0,-1,1,1,-1]"
452.86000000000297,3.419711463711394,0.10503153738201312,0.2562795728183094,0.9859533433863794,-11.0,6.816017847539645,0.26275806745683505,False,False,0.0,8.881784197001252e-16,False,False,"[[""H"",45],[""L"",79],[""H"",45],[""L"",79],[""H"",47],[""L"",313],[""H"",47],[""L"",79],[""H"",46],[""L"",77],[""H"",45],[""L"",77]]",False,False,False,ZL1_N3_M3_L78_H46,independent_layer_1nm,292,independent_layer_1nm_ZL1_N3_M3_L78_H46_0292,1,"[-1,1,-1,1,1,1,1,1,0,-1,-1,-1]"
451.3800000000026,3.3935449681290493,0.19525356149334974,0.595000812103124,0.5224281084359477,-7.0,21.981935979284593,0.6028865167620051,False,False,0.0,6.661338147750939e-16,False,False,"[[""H"",47],[""L"",77],[""H"",46],[""L"",78],[""H"",46],[""L"",313],[""H"",46],[""L"",79],[""H"",46],[""L"",79],[""H"",45],[""L"",78]]",False,False,False,ZL1_N3_M3_L78_H46,independent_layer_1nm,293,independent_layer_1nm_ZL1_N3_M3_L78_H46_0293,1,"[1,-1,0,0,0,1,0,1,0,1,-1,0]"
452.64000000000283,3.42250223357604,0.11517795975880593,0.2895831114479807,0.9498324832934106,-10.0,7.012439566377207,0.292411193389599,False,False,0.0,5.551115123125783e-16,False,False,"[[""H"",46],[""L"",78],[""H"",45],[""L"",79],[""H"",47],[""L"",313],[""H"",47],[""L"",77],[""H"",46],[""L"",79],[""H"",47],[""L"",77]]",False,False,False,ZL1_N3_M3_L78_H46,independent_layer_1nm,294,independent_layer_1nm_ZL1_N3_M3_L78_H46_0294,1,"[0,0,-1,1,1,1,1,-1,0,1,1,-1]"
451.2200000000025,3.389633901770708,0.2110285212628315,0.6521882606136259,0.4762566103006928,-7.0,21.414518944279585,0.6567526037060482,False,False,0.0,6.661338147750939e-16,False,False,"[[""H"",46],[""L"",79],[""H"",45],[""L"",78],[""H"",46],[""L"",313],[""H"",46],[""L"",78],[""H"",47],[""L"",78],[""H"",46],[""L"",79]]",True,False,False,ZL1_N3_M3_L78_H46,independent_layer_1nm,295,independent_layer_1nm_ZL1_N3_M3_L78_H46_0295,1,"[0,1,-1,0,0,1,0,0,1,0,0,1]"
450.1000000000023,3.346776147776552,0.38005951324606735,0.9891581986664915,0.2548731117635993,-2.0,16.755554022664366,0.9965476411989046,False,True,0.0,4.440892098500626e-16,False,False,"[[""H"",45],[""L"",79],[""H"",45],[""L"",77],[""H"",47],[""L"",312],[""H"",46],[""L"",77],[""H"",45],[""L"",79],[""H"",45],[""L"",77]]",True,True,True,ZL1_N3_M3_L78_H46,independent_layer_1nm,296,independent_layer_1nm_ZL1_N3_M3_L78_H46_0296,1,"[-1,1,-1,-1,1,0,0,-1,-1,1,-1,-1]"
450.66000000000247,3.3900032566049845,0.28286760444673154,0.8623377891392208,0.3461966104265647,-5.0,19.248219113674043,0.8685662369625509,False,True,0.0,6.661338147750939e-16,False,False,"[[""H"",46],[""L"",78],[""H"",47],[""L"",77],[""H"",46],[""L"",313],[""H"",45],[""L"",78],[""H"",47],[""L"",79],[""H"",46],[""L"",79]]",True,True,True,ZL1_N3_M3_L78_H46,independent_layer_1nm,297,independent_layer_1nm_ZL1_N3_M3_L78_H46_0297,1,"[0,0,1,-1,0,1,-1,0,1,1,0,1]"
452.00000000000273,3.430836404922559,0.15048432112323695,0.41648910854111715,0.7412057647884532,-9.0,8.725958736960555,0.42071530107542293,False,False,0.0,5.551115123125783e-16,False,False,"[[""H"",47],[""L"",79],[""H"",47],[""L"",78],[""H"",47],[""L"",313],[""H"",46],[""L"",77],[""H"",45],[""L"",79],[""H"",47],[""L"",79]]",False,False,False,ZL1_N3_M3_L78_H46,independent_layer_1nm,298,independent_layer_1nm_ZL1_N3_M3_L78_H46_0298,1,"[1,1,1,0,1,1,0,-1,-1,1,1,1]"
450.7800000000025,3.365908157150841,0.26039658926037224,0.8156069391061735,0.3688638849885511,-6.0,19.73317271480294,0.8267445375771553,False,False,0.0,5.551115123125783e-16,False,False,"[[""H"",45],[""L"",78],[""H"",45],[""L"",79],[""H"",46],[""L"",313],[""H"",46],[""L"",77],[""H"",46],[""L"",78],[""H"",46],[""L"",77]]",True,False,False,ZL1_N3_M3_L78_H46,independent_layer_1nm,299,independent_layer_1nm_ZL1_N3_M3_L78_H46_0299,1,"[-1,0,-1,1,0,1,0,-1,0,0,0,-1]"
448.3000000000019,3.3378123160061364,0.9615581991702897,0.493704691928173,0.11766060645240833,0.0,14.005626987888617,1.0,True,True,0.0,6.661338147750939e-16,False,False,"[[""H"",43],[""L"",75],[""H"",45],[""L"",77],[""H"",46],[""L"",309],[""H"",47],[""L"",80],[""H"",46],[""L"",80],[""H"",44],[""L"",80]]",False,True,False,ZL1_N3_M3_L78_H46,independent_layer_3nm,0,independent_layer_3nm_ZL1_N3_M3_L78_H46_0000,3,"[-3,-3,-1,-1,0,-3,1,2,0,2,-2,2]"
451.94000000000267,3.4173203787394755,0.1507046578835285,0.4261053318383074,0.7228405719742622,-9.0,8.859819398749966,0.43103102833613544,False,False,0.0,6.661338147750939e-16,False,False,"[[""H"",45],[""L"",81],[""H"",46],[""L"",77],[""H"",44],[""L"",315],[""H"",47],[""L"",81],[""H"",45],[""L"",75],[""H"",44],[""L"",76]]",False,False,False,ZL1_N3_M3_L78_H46,independent_layer_3nm,1,independent_layer_3nm_ZL1_N3_M3_L78_H46_0001,3,"[-1,3,0,-1,-2,3,1,3,-1,-3,-2,-2]"
454.4000000000033,3.526698381200845,0.0668974452176427,0.1326781566992175,0.6021416469636701,-13.0,5.406846186507067,0.13470978858042357,False,False,0.0,6.661338147750939e-16,False,False,"[[""H"",47],[""L"",81],[""H"",48],[""L"",81],[""H"",48],[""L"",315],[""H"",45],[""L"",77],[""H"",45],[""L"",77],[""H"",43],[""L"",80]]",False,False,False,ZL1_N3_M3_L78_H46,independent_layer_3nm,2,independent_layer_3nm_ZL1_N3_M3_L78_H46_0002,3,"[1,3,2,3,2,3,-1,-1,-1,-1,-3,2]"
449.38000000000216,3.4107625827156767,0.5993950408571662,0.8759804465545076,0.1848340989123274,0.0,14.299973924061566,1.0,True,True,0.0,1.7763568394002505e-15,False,False,"[[""H"",49],[""L"",80],[""H"",43],[""L"",80],[""H"",44],[""L"",312],[""H"",47],[""L"",75],[""H"",47],[""L"",81],[""H"",47],[""L"",76]]",True,True,True,ZL1_N3_M3_L78_H46,independent_layer_3nm,3,independent_layer_3nm_ZL1_N3_M3_L78_H46_0003,3,"[3,2,-3,2,-2,0,1,-3,1,3,1,-2]"
450.2600000000024,3.530159707454402,0.37628930252692105,0.9765761198967645,0.2956810561190566,-3.0,17.844832884814394,0.9781348142085112,False,True,0.0,6.661338147750939e-16,False,False,"[[""H"",47],[""L"",81],[""H"",43],[""L"",81],[""H"",45],[""L"",309],[""H"",47],[""L"",81],[""H"",49],[""L"",81],[""H"",49],[""L"",80]]",True,True,True,ZL1_N3_M3_L78_H46,independent_layer_3nm,4,independent_layer_3nm_ZL1_N3_M3_L78_H46_0004,3,"[1,3,-3,3,-1,-3,1,3,3,3,3,2]"
442.6000000000006,3.19715757372461,0.08583451697753977,0.04922703159469233,0.02710092514005631,0.0,23.195368143440792,1.0,True,True,0.0,6.661338147750939e-16,False,False,"[[""H"",44],[""L"",79],[""H"",43],[""L"",79],[""H"",45],[""L"",309],[""H"",43],[""L"",75],[""H"",44],[""L"",75],[""H"",47],[""L"",77]]",False,True,False,ZL1_N3_M3_L78_H46,independent_layer_3nm,5,independent_layer_3nm_ZL1_N3_M3_L78_H46_0005,3,"[-2,1,-3,1,-1,-3,-3,-3,-2,-3,1,-1]"
449.38000000000216,3.418010925896283,0.5991325954798166,0.8749146341100309,0.18538556285630253,0.0,14.308536197697478,1.0,True,True,0.0,7.771561172376096e-16,False,False,"[[""H"",47],[""L"",77],[""H"",49],[""L"",80],[""H"",43],[""L"",314],[""H"",45],[""L"",75],[""H"",47],[""L"",75],[""H"",49],[""L"",75]]",True,True,True,ZL1_N3_M3_L78_H46,independent_layer_3nm,6,independent_layer_3nm_ZL1_N3_M3_L78_H46_0006,3,"[1,-1,3,2,-3,2,-1,-3,1,-3,3,-3]"
448.88000000000204,3.329256894964317,0.7769534390370398,0.6835992714101734,0.1464051896003708,0.0,13.735181000686934,1.0,True,True,0.0,4.440892098500626e-16,False,False,"[[""H"",44],[""L"",77],[""H"",45],[""L"",78],[""H"",47],[""L"",310],[""H"",46],[""L"",79],[""H"",46],[""L"",75],[""H"",44],[""L"",76]]",True,True,True,ZL1_N3_M3_L78_H46,independent_layer_3nm,7,independent_layer_3nm_ZL1_N3_M3_L78_H46_0007,3,"[-2,-1,-1,0,1,-2,0,1,0,-3,-2,-2]"
451.0000000000025,3.4067828148561716,0.23536809392902708,0.7362537586143532,0.4241242175063101,-6.0,20.679764782517037,0.7429230690217777,False,False,0.0,6.661338147750939e-16,False,False,"[[""H"",47],[""L"",77],[""H"",43],[""L"",76],[""H"",43],[""L"",314],[""H"",49],[""L"",81],[""H"",45],[""L"",77],[""H"",44],[""L"",80]]",True,False,False,ZL1_N3_M3_L78_H46,independent_layer_3nm,8,independent_layer_3nm_ZL1_N3_M3_L78_H46_0008,3,"[1,-1,-3,-2,-3,2,3,3,-1,-1,-2,2]"
450.28000000000236,3.3863758616476503,0.3448805986875435,0.9631490369341167,0.2849518381609658,-3.0,17.642619140532588,0.9727704548117054,False,True,0.0,4.440892098500626e-16,False,False,"[[""H"",49],[""L"",77],[""H"",44],[""L"",81],[""H"",45],[""L"",314],[""H"",45],[""L"",79],[""H"",44],[""L"",76],[""H"",46],[""L"",78]]",True,True,True,ZL1_N3_M3_L78_H46,independent_layer_3nm,9,independent_layer_3nm_ZL1_N3_M3_L78_H46_0009,3,"[3,-1,-2,3,-1,2,-1,1,-2,-2,0,0]"
446.14000000000135,3.2889085494849724,0.4403916824925106,0.15888090281654638,0.05937320794587843,0.0,17.32565253773521,1.0,True,True,0.0,4.440892098500626e-16,False,False,"[[""H"",48],[""L"",75],[""H"",43],[""L"",80],[""H"",44],[""L"",309],[""H"",48],[""L"",76],[""H"",43],[""L"",79],[""H"",43],[""L"",79]]",False,True,False,ZL1_N3_M3_L78_H46,independent_layer_3nm,10,independent_layer_3nm_ZL1_N3_M3_L78_H46_0010,3,"[2,-3,-3,2,-2,-3,2,-2,-3,1,-3,1]"
454.6600000000034,3.515059818573093,0.06322582991844336,0.12131891033382383,0.5211998904510564,-14.0,5.385508398871707,0.1261411070672129,False,False,0.0,6.661338147750939e-16,False,False,"[[""H"",49],[""L"",76],[""H"",47],[""L"",80],[""H"",49],[""L"",311],[""H"",49],[""L"",75],[""H"",46],[""L"",79],[""H"",47],[""L"",81]]",False,False,False,ZL1_N3_M3_L78_H46,independent_layer_3nm,11,independent_layer_3nm_ZL1_N3_M3_L78_H46_0011,3,"[3,-2,1,2,3,-1,3,-3,0,1,1,3]"
451.6800000000027,3.508677472399313,0.1832774051552286,0.5182856401805924,0.6348419344232048,-8.0,23.299423379095252,0.5217479296619512,False,False,0.0,6.661338147750939e-16,False,False,"[[""H"",48],[""L"",80],[""H"",46],[""L"",78],[""H"",48],[""L"",310],[""H"",46],[""L"",78],[""H"",49],[""L"",79],[""H"",49],[""L"",77]]",False,False,False,ZL1_N3_M3_L78_H46,independent_layer_3nm,12,independent_layer_3nm_ZL1_N3_M3_L78_H46_0012,3,"[2,2,0,0,2,-2,0,0,3,1,3,-1]"
448.0200000000018,3.376462713942203,0.9891872872696232,0.4209302593929286,0.10761378124031662,0.0,14.314267107212551,1.0,True,True,0.0,4.440892098500626e-16,False,False,"[[""H"",48],[""L"",78],[""H"",47],[""L"",81],[""H"",45],[""L"",313],[""H"",43],[""L"",77],[""H"",43],[""L"",81],[""H"",43],[""L"",77]]",False,True,False,ZL1_N3_M3_L78_H46,independent_layer_3nm,13,independent_layer_3nm_ZL1_N3_M3_L78_H46_0013,3,"[2,0,1,3,-1,1,-3,-1,-3,3,-3,-1]"
452.4600000000029,3.4397599711820135,0.12390395635154225,0.31944674546583,0.9071376805116886,-10.0,7.397554519589119,0.32217496136238705,False,False,0.0,6.661338147750939e-16,False,False,"[[""H"",47],[""L"",81],[""H"",44],[""L"",76],[""H"",45],[""L"",314],[""H"",48],[""L"",81],[""H"",45],[""L"",75],[""H"",48],[""L"",78]]",False,False,False,ZL1_N3_M3_L78_H46,independent_layer_3nm,14,independent_layer_3nm_ZL1_N3_M3_L78_H46_0014,3,"[1,3,-2,-2,-1,2,2,3,-1,-3,2,0]"
456.50000000000375,3.5182261471443894,0.039962856873184974,0.06641408971561504,0.19782770268159464,-16.0,4.396384336507619,0.06703122406863098,False,False,0.0,7.771561172376096e-16,False,False,"[[""H"",46],[""L"",80],[""H"",46],[""L"",81],[""H"",47],[""L"",314],[""H"",49],[""L"",77],[""H"",48],[""L"",77],[""H"",48],[""L"",80]]",False,False,False,ZL1_N3_M3_L78_H46,independent_layer_3nm,15,independent_layer_3nm_ZL1_N3_M3_L78_H46_0015,3,"[0,2,0,3,1,2,3,-1,2,-1,2,2]"
447.2200000000016,3.3298327493416195,0.8158338733388928,0.2671150620222652,0.08067376132270354,0.0,15.433831911603276,1.0,True,True,0.0,4.440892098500626e-16,False,False,"[[""H"",48],[""L"",78],[""H"",45],[""L"",80],[""H"",45],[""L"",310],[""H"",46],[""L"",75],[""H"",45],[""L"",79],[""H"",44],[""L"",81]]",False,True,False,ZL1_N3_M3_L78_H46,independent_layer_3nm,16,independent_layer_3nm_ZL1_N3_M3_L78_H46_0016,3,"[2,0,-1,2,-1,-2,0,-3,-1,1,-2,3]"
451.86000000000274,3.4058786871684106,0.15686877863590204,0.4478667485173218,0.6888839579264225,-9.0,9.498881356974195,0.4564883917644092,False,False,0.0,6.661338147750939e-16,False,False,"[[""H"",45],[""L"",76],[""H"",46],[""L"",76],[""H"",47],[""L"",312],[""H"",48],[""L"",76],[""H"",47],[""L"",80],[""H"",45],[""L"",79]]",False,False,False,ZL1_N3_M3_L78_H46,independent_layer_3nm,17,independent_layer_3nm_ZL1_N3_M3_L78_H46_0017,3,"[-1,-2,0,-2,1,0,2,-2,1,2,-1,1]"
449.12000000000205,3.4151420702671658,0.6972655246639943,0.7862481152178631,0.1658406536624874,0.0,13.970284906620956,1.0,True,True,0.0,8.881784197001252e-16,False,False,"[[""H"",47],[""L"",80],[""H"",44],[""L"",76],[""H"",43],[""L"",310],[""H"",49],[""L"",80],[""H"",48],[""L"",80],[""H"",45],[""L"",81]]",True,True,True,ZL1_N3_M3_L78_H46,independent_layer_3nm,18,independent_layer_3nm_ZL1_N3_M3_L78_H46_0018,3,"[1,2,-2,-2,-3,-2,3,2,2,2,-1,3]"
453.14000000000294,3.472857830718681,0.09782300314220507,0.22713107648561373,0.9871947391782305,-11.0,6.395486880188958,0.22876841245606577,False,False,0.0,6.661338147750939e-16,False,False,"[[""H"",48],[""L"",78],[""H"",46],[""L"",79],[""H"",45],[""L"",315],[""H"",46],[""L"",80],[""H"",49],[""L"",75],[""H"",43],[""L"",77]]",False,False,False,ZL1_N3_M3_L78_H46,independent_layer_3nm,19,independent_layer_3nm_ZL1_N3_M3_L78_H46_0019,3,"[2,0,0,1,-1,3,0,2,3,-3,-3,-1]"
449.4400000000021,3.413655399138122,0.5792970440523946,0.8986473541528182,0.19001468112148884,0.0,14.466034127561532,1.0,True,True,0.0,6.661338147750939e-16,False,False,"[[""H"",47],[""L"",81],[""H"",45],[""L"",78],[""H"",45],[""L"",309],[""H"",48],[""L"",79],[""H"",47],[""L"",79],[""H"",48],[""L"",75]]",True,True,True,ZL1_N3_M3_L78_H46,independent_layer_3nm,20,independent_layer_3nm_ZL1_N3_M3_L78_H46_0020,3,"[1,3,-1,0,-1,-3,2,1,1,1,2,-3]"
450.4400000000023,3.3771505484970135,0.31468020228048776,0.9292653224739461,0.30817376091757026,-4.0,18.319108949678927,0.937147664754094,False,True,0.0,1.1102230246251565e-15,False,False,"[[""H"",47],[""L"",75],[""H"",45],[""L"",79],[""H"",48],[""L"",313],[""H"",44],[""L"",79],[""H"",44],[""L"",77],[""H"",43],[""L"",79]]",True,True,True,ZL1_N3_M3_L78_H46,independent_layer_3nm,21,independent_layer_3nm_ZL1_N3_M3_L78_H46_0021,3,"[1,-3,-1,1,2,1,-2,1,-2,-1,-3,1]"
447.4000000000017,3.41850499618522,0.8857061559960835,0.3022078453372371,0.08747064088435097,0.0,15.150384389512448,1.0,True,True,0.0,5.551115123125783e-16,False,False,"[[""H"",48],[""L"",80],[""H"",45],[""L"",81],[""H"",44],[""L"",309],[""H"",46],[""L"",80],[""H"",44],[""L"",79],[""H"",49],[""L"",81]]",False,True,False,ZL1_N3_M3_L78_H46,independent_layer_3nm,22,independent_layer_3nm_ZL1_N3_M3_L78_H46_0022,3,"[2,2,-1,3,-2,-3,0,2,-2,1,3,3]"
451.5400000000026,3.4102858497540183,0.18120035698624976,0.5400944647147081,0.5778100408194169,-8.0,22.737213847486647,0.5457709584974059,False,False,0.0,5.551115123125783e-16,False,False,"[[""H"",44],[""L"",81],[""H"",47],[""L"",75],[""H"",49],[""L"",311],[""H"",47],[""L"",77],[""H"",44],[""L"",77],[""H"",46],[""L"",81]]",False,False,False,ZL1_N3_M3_L78_H46,independent_layer_3nm,23,independent_layer_3nm_ZL1_N3_M3_L78_H46_0023,3,"[-2,3,1,-3,3,-1,1,-1,-2,-1,0,3]"
456.26000000000374,3.506190162294729,0.04076394766246605,0.06937739248922872,0.21857576968001247,-16.0,4.551248590802027,0.07145381802662781,False,False,0.0,4.440892098500626e-16,False,False,"[[""H"",48],[""L"",79],[""H"",43],[""L"",80],[""H"",48],[""L"",314],[""H"",49],[""L"",79],[""H"",46],[""L"",79],[""H"",45],[""L"",78]]",False,False,False,ZL1_N3_M3_L78_H46,independent_layer_3nm,24,independent_layer_3nm_ZL1_N3_M3_L78_H46_0024,3,"[2,1,-3,2,2,2,3,1,0,1,-1,0]"
450.7400000000024,3.4162469453365816,0.2753846720992007,0.8397035749729338,0.3648890028820792,-5.0,19.667311401940264,0.8467525643932683,False,True,0.0,1.1102230246251565e-15,False,False,"[[""H"",47],[""L"",76],[""H"",45],[""L"",77],[""H"",47],[""L"",310],[""H"",48],[""L"",80],[""H"",44],[""L"",77],[""H"",49],[""L"",81]]",True,True,True,ZL1_N3_M3_L78_H46,independent_layer_3nm,25,independent_layer_3nm_ZL1_N3_M3_L78_H46_0025,3,"[1,-2,-1,-1,1,-2,2,2,-2,-1,3,3]"
451.7800000000027,3.406087783078931,0.16224893742146837,0.46869705999197847,0.6613976974341944,-8.0,9.983252056681014,0.47561190556402855,False,False,0.0,5.551115123125783e-16,False,False,"[[""H"",46],[""L"",79],[""H"",43],[""L"",78],[""H"",46],[""L"",312],[""H"",48],[""L"",80],[""H"",46],[""L"",79],[""H"",45],[""L"",78]]",False,False,False,ZL1_N3_M3_L78_H46,independent_layer_3nm,26,independent_layer_3nm_ZL1_N3_M3_L78_H46_0026,3,"[0,1,-3,0,0,0,2,2,0,1,-1,0]"
450.0000000000023,3.374806005281414,0.4063832796337052,0.9933595212797167,0.24598385140148404,0.0,16.317016052108084,1.0,True,True,0.0,5.551115123125783e-16,False,False,"[[""H"",47],[""L"",77],[""H"",46],[""L"",77],[""H"",45],[""L"",314],[""H"",44],[""L"",80],[""H"",48],[""L"",77],[""H"",43],[""L"",81]]",True,True,True,ZL1_N3_M3_L78_H46,independent_layer_3nm,27,independent_layer_3nm_ZL1_N3_M3_L78_H46_0027,3,"[1,-1,0,-1,-1,2,-2,2,2,-1,-3,3]"
449.7200000000022,3.3666101364393057,0.4798489887433323,0.9661583131691118,0.21493099915092323,0.0,15.198620040093957,1.0,True,True,0.0,9.992007221626409e-16,False,False,"[[""H"",48],[""L"",77],[""H"",43],[""L"",75],[""H"",45],[""L"",312],[""H"",49],[""L"",78],[""H"",43],[""L"",79],[""H"",45],[""L"",78]]",True,True,True,ZL1_N3_M3_L78_H46,independent_layer_3nm,28,independent_layer_3nm_ZL1_N3_M3_L78_H46_0028,3,"[2,-1,-3,-3,-1,0,3,0,-3,1,-1,0]"
444.9000000000011,3.261572816218063,0.21972300923947982,0.09673689888620732,0.04274169687062513,0.0,19.368521880741195,1.0,True,True,0.0,6.661338147750939e-16,False,False,"[[""H"",45],[""L"",80],[""H"",43],[""L"",78],[""H"",45],[""L"",309],[""H"",45],[""L"",76],[""H"",46],[""L"",75],[""H"",47],[""L"",78]]",False,True,False,ZL1_N3_M3_L78_H46,independent_layer_3nm,29,independent_layer_3nm_ZL1_N3_M3_L78_H46_0029,3,"[-1,2,-3,0,-1,-3,-1,-2,0,-3,1,0]"
452.4000000000028,3.436489920236056,0.1281594347776571,0.3330414166427276,0.8859317363272157,-10.0,7.584761891297436,0.33795523120899473,False,False,0.0,5.551115123125783e-16,False,False,"[[""H"",46],[""L"",80],[""H"",44],[""L"",80],[""H"",44],[""L"",314],[""H"",47],[""L"",81],[""H"",47],[""L"",78],[""H"",47],[""L"",78]]",False,False,False,ZL1_N3_M3_L78_H46,independent_layer_3nm,30,independent_layer_3nm_ZL1_N3_M3_L78_H46_0030,3,"[0,2,-2,2,-2,2,1,3,1,0,1,0]"
453.8800000000032,3.4849058080473583,0.07799429078620843,0.163434404857287,0.7895820378185907,-12.0,5.7665224926281535,0.16730265617581563,False,False,0.0,5.551115123125783e-16,False,False,"[[""H"",48],[""L"",78],[""H"",46],[""L"",78],[""H"",49],[""L"",314],[""H"",44],[""L"",81],[""H"",47],[""L"",75],[""H"",48],[""L"",80]]",False,False,False,ZL1_N3_M3_L78_H46,independent_layer_3nm,31,independent_layer_3nm_ZL1_N3_M3_L78_H46_0031,3,"[2,0,0,0,3,2,-2,3,1,-3,2,2]"
447.32000000000164,3.406797741914545,0.8588621567397872,0.2888789591147903,0.08496317380931351,0.0,15.29139799618027,1.0,True,True,0.0,4.440892098500626e-16,False,False,"[[""H"",47],[""L"",81],[""H"",46],[""L"",80],[""H"",45],[""L"",309],[""H"",45],[""L"",77],[""H"",48],[""L"",76],[""H"",49],[""L"",75]]",False,True,False,ZL1_N3_M3_L78_H46,independent_layer_3nm,32,independent_layer_3nm_ZL1_N3_M3_L78_H46_0032,3,"[1,3,0,2,-1,-3,-1,-1,2,-2,3,-3]"
451.20000000000255,3.4592015636184215,0.22089790555647204,0.6669043494003069,0.48051612431902146,-7.0,21.458366280397446,0.6725251679926967,False,False,0.0,5.551115123125783e-16,False,False,"[[""H"",48],[""L"",79],[""H"",48],[""L"",77],[""H"",44],[""L"",315],[""H"",45],[""L"",77],[""H"",49],[""L"",75],[""H"",48],[""L"",78]]",True,False,False,ZL1_N3_M3_L78_H46,independent_layer_3nm,33,independent_layer_3nm_ZL1_N3_M3_L78_H46_0033,3,"[2,1,2,-1,-2,3,-1,-1,3,-3,2,0]"
453.5800000000031,3.5097979718474903,0.08754638136556286,0.1889976744973905,0.8901276095282544,-12.0,6.070671369166437,0.19164199598321668,False,False,0.0,7.771561172376096e-16,False,False,"[[""H"",48],[""L"",80],[""H"",47],[""L"",81],[""H"",48],[""L"",310],[""H"",48],[""L"",81],[""H"",43],[""L"",81],[""H"",46],[""L"",81]]",False,False,False,ZL1_N3_M3_L78_H46,independent_layer_3nm,34,independent_layer_3nm_ZL1_N3_M3_L78_H46_0034,3,"[2,2,1,3,2,-2,2,3,-3,3,0,3]"
447.8800000000018,3.4277867537634847,0.9878305346955969,0.3924247940980138,0.10272458127096767,0.0,14.519117958216528,1.0,True,True,0.0,8.881784197001252e-16,False,False,"[[""H"",45],[""L"",79],[""H"",49],[""L"",80],[""H"",43],[""L"",311],[""H"",45],[""L"",77],[""H"",48],[""L"",76],[""H"",49],[""L"",79]]",False,True,False,ZL1_N3_M3_L78_H46,independent_layer_3nm,35,independent_layer_3nm_ZL1_N3_M3_L78_H46_0035,3,"[-1,1,3,2,-3,-1,-1,-1,2,-2,3,1]"
452.48000000000286,3.451676240542554,0.1245327609994327,0.3196323238861466,0.907535489213485,-10.0,7.410411331960024,0.32326993335285137,False,False,0.0,8.881784197001252e-16,False,False,"[[""H"",46],[""L"",78],[""H"",49],[""L"",79],[""H"",45],[""L"",315],[""H"",46],[""L"",78],[""H"",43],[""L"",81],[""H"",47],[""L"",76]]",False,False,False,ZL1_N3_M3_L78_H46,independent_layer_3nm,36,independent_layer_3nm_ZL1_N3_M3_L78_H46_0036,3,"[0,0,3,1,-1,3,0,0,-3,3,1,-2]"
447.98000000000184,3.3409575656201014,0.9934796828901273,0.4064986745747513,0.1039870157611191,0.0,14.369669709713133,1.0,True,True,0.0,6.661338147750939e-16,False,False,"[[""H"",44],[""L"",77],[""H"",46],[""L"",75],[""H"",48],[""L"",310],[""H"",44],[""L"",79],[""H"",45],[""L"",80],[""H"",48],[""L"",76]]",False,True,False,ZL1_N3_M3_L78_H46,independent_layer_3nm,37,independent_layer_3nm_ZL1_N3_M3_L78_H46_0037,3,"[-2,-1,0,-3,2,-2,-2,1,-1,2,2,-2]"
453.26000000000306,3.481463510347112,0.09493566744190989,0.21589060136290197,0.9730025777046278,-11.0,6.333699164592889,0.21922692306533303,False,False,0.0,4.440892098500626e-16,False,False,"[[""H"",45],[""L"",80],[""H"",43],[""L"",79],[""H"",44],[""L"",315],[""H"",49],[""L"",75],[""H"",48],[""L"",80],[""H"",49],[""L"",77]]",False,False,False,ZL1_N3_M3_L78_H46,independent_layer_3nm,38,independent_layer_3nm_ZL1_N3_M3_L78_H46_0038,3,"[-1,2,-3,1,-2,3,3,-3,2,2,3,-1]"
450.7600000000025,3.3835225555334887,0.26276462223723035,0.8231478685644796,0.3704667803294329,-5.0,19.741468989197664,0.8329843701094638,False,True,0.0,4.440892098500626e-16,False,False,"[[""H"",45],[""L"",78],[""H"",43],[""L"",81],[""H"",46],[""L"",312],[""H"",48],[""L"",78],[""H"",43],[""L"",75],[""H"",45],[""L"",76]]",True,True,True,ZL1_N3_M3_L78_H46,independent_layer_3nm,39,independent_layer_3nm_ZL1_N3_M3_L78_H46_0039,3,"[-1,0,-3,3,0,0,2,0,-3,-3,-1,-2]"
453.00000000000296,3.4663862242896357,0.10242793534557737,0.24240672398782423,0.9915769889165159,-11.0,6.562777242389182,0.2451853788694518,False,False,0.0,4.440892098500626e-16,False,False,"[[""H"",48],[""L"",76],[""H"",47],[""L"",77],[""H"",49],[""L"",315],[""H"",43],[""L"",81],[""H"",43],[""L"",80],[""H"",48],[""L"",75]]",False,False,False,ZL1_N3_M3_L78_H46,independent_layer_3nm,40,independent_layer_3nm_ZL1_N3_M3_L78_H46_0040,3,"[2,-2,1,-1,3,3,-3,3,-3,2,2,-3]"
453.440000000003,3.447301195911507,0.08742448448149417,0.19543780642403158,0.9349238109419911,-12.0,6.16087082635824,0.20014679049086112,False,False,0.0,4.440892098500626e-16,False,False,"[[""H"",45],[""L"",79],[""H"",46],[""L"",77],[""H"",48],[""L"",313],[""H"",47],[""L"",76],[""H"",49],[""L"",78],[""H"",44],[""L"",78]]",False,False,False,ZL1_N3_M3_L78_H46,independent_layer_3nm,41,independent_layer_3nm_ZL1_N3_M3_L78_H46_0041,3,"[-1,1,0,-1,2,1,1,-2,3,0,-2,0]"
448.5200000000019,3.3889808274073516,0.9041634922161765,0.5626648016476352,0.12848461699827846,0.0,13.909641164826262,1.0,True,True,0.0,8.881784197001252e-16,False,False,"[[""H"",44],[""L"",81],[""H"",49],[""L"",76],[""H"",48],[""L"",310],[""H"",44],[""L"",75],[""H"",47],[""L"",79],[""H"",45],[""L"",76]]",False,True,False,ZL1_N3_M3_L78_H46,independent_layer_3nm,42,independent_layer_3nm_ZL1_N3_M3_L78_H46_0042,3,"[-2,3,3,-2,2,-2,-2,-3,1,1,-1,-2]"
450.6200000000024,3.4534976765020815,0.2982557773475161,0.8792003948900473,0.3472891859146984,-5.0,19.319683907899723,0.8834848520060046,False,True,0.0,4.440892098500626e-16,False,False,"[[""H"",47],[""L"",80],[""H"",47],[""L"",76],[""H"",46],[""L"",309],[""H"",49],[""L"",77],[""H"",47],[""L"",80],[""H"",48],[""L"",79]]",True,True,True,ZL1_N3_M3_L78_H46,independent_layer_3nm,43,independent_layer_3nm_ZL1_N3_M3_L78_H46_0043,3,"[1,2,1,-2,0,-3,3,-1,1,2,2,1]"
443.96000000000095,3.2631034770868155,0.14349083065926366,0.07151503026374129,0.03484295665376908,0.0,20.827378993028496,1.0,True,True,0.0,6.661338147750939e-16,False,False,"[[""H"",45],[""L"",81],[""H"",44],[""L"",76],[""H"",45],[""L"",309],[""H"",43],[""L"",81],[""H"",43],[""L"",80],[""H"",47],[""L"",76]]",False,True,False,ZL1_N3_M3_L78_H46,independent_layer_3nm,44,independent_layer_3nm_ZL1_N3_M3_L78_H46_0044,3,"[-1,3,-2,-2,-1,-3,-3,3,-3,2,1,-2]"
449.5800000000022,3.419994233081468,0.5343316585636226,0.9326903759001857,0.20278531484686124,0.0,14.742251228942036,1.0,True,True,0.0,5.551115123125783e-16,False,False,"[[""H"",48],[""L"",81],[""H"",47],[""L"",75],[""H"",43],[""L"",315],[""H"",44],[""L"",81],[""H"",47],[""L"",81],[""H"",43],[""L"",77]]",True,True,True,ZL1_N3_M3_L78_H46,independent_layer_3nm,45,independent_layer_3nm_ZL1_N3_M3_L78_H46_0045,3,"[2,3,1,-3,-3,3,-2,3,1,3,-3,-1]"
448.780000000002,3.3581269272287955,0.8123943962096221,0.65383683335726,0.14303809164180625,0.0,13.744821801979082,1.0,True,True,0.0,6.661338147750939e-16,False,False,"[[""H"",48],[""L"",76],[""H"",47],[""L"",78],[""H"",45],[""L"",315],[""H"",43],[""L"",76],[""H"",46],[""L"",75],[""H"",43],[""L"",79]]",True,True,True,ZL1_N3_M3_L78_H46,independent_layer_3nm,46,independent_layer_3nm_ZL1_N3_M3_L78_H46_0046,3,"[2,-2,1,0,-1,3,-3,-2,0,-3,-3,1]"
451.46000000000265,3.4377796083157364,0.19142625590753098,0.5758947707621438,0.5537214124994421,-8.0,22.484430853823714,0.5846692823311784,False,False,0.0,4.440892098500626e-16,False,False,"[[""H"",44],[""L"",78],[""H"",43],[""L"",75],[""H"",48],[""L"",311],[""H"",47],[""L"",81],[""H"",49],[""L"",75],[""H"",45],[""L"",75]]",False,False,False,ZL1_N3_M3_L78_H46,independent_layer_3nm,47,independent_layer_3nm_ZL1_N3_M3_L78_H46_0047,3,"[-2,0,-3,-3,2,-1,1,3,3,-3,-1,-3]"
445.2800000000012,3.259297391906216,0.2686249735746368,0.11211231915999045,0.04766348098264478,0.0,18.72989297557576,1.0,True,True,0.0,6.661338147750939e-16,False,False,"[[""H"",43],[""L"",78],[""H"",44],[""L"",76],[""H"",43],[""L"",314],[""H"",43],[""L"",78],[""H"",44],[""L"",76],[""H"",47],[""L"",80]]",False,True,False,ZL1_N3_M3_L78_H46,independent_layer_3nm,48,independent_layer_3nm_ZL1_N3_M3_L78_H46_0048,3,"[-3,0,-2,-2,-3,2,-3,0,-2,-2,1,2]"
449.40000000000214,3.369940885985727,0.583790356427145,0.8813508655971091,0.18652499921769716,0.0,14.341275521857055,1.0,True,True,0.0,6.661338147750939e-16,False,False,"[[""H"",47],[""L"",75],[""H"",43],[""L"",75],[""H"",44],[""L"",313],[""H"",49],[""L"",77],[""H"",44],[""L"",75],[""H"",48],[""L"",78]]",True,True,True,ZL1_N3_M3_L78_H46,independent_layer_3nm,49,independent_layer_3nm_ZL1_N3_M3_L78_H46_0049,3,"[1,-3,-3,-3,-2,1,3,-1,-2,-3,2,0]"
449.9600000000023,3.3823178850228715,0.4215931637744877,0.9923875861724598,0.239787977173262,0.0,16.034105901953456,1.0,True,True,0.0,8.881784197001252e-16,False,False,"[[""H"",48],[""L"",77],[""H"",44],[""L"",79],[""H"",43],[""L"",315],[""H"",46],[""L"",78],[""H"",44],[""L"",81],[""H"",47],[""L"",80]]",True,True,True,ZL1_N3_M3_L78_H46,independent_layer_3nm,50,independent_layer_3nm_ZL1_N3_M3_L78_H46_0050,3,"[2,-1,-2,1,-3,3,0,0,-2,3,1,2]"
445.6800000000013,3.258813803782118,0.33429321804707024,0.1300397213901745,0.05213223728968186,0.0,17.99664814960674,1.0,True,True,0.0,6.661338147750939e-16,False,False,"[[""H"",45],[""L"",79],[""H"",44],[""L"",78],[""H"",43],[""L"",314],[""H"",43],[""L"",76],[""H"",45],[""L"",77],[""H"",46],[""L"",76]]",False,True,False,ZL1_N3_M3_L78_H46,independent_layer_3nm,51,independent_layer_3nm_ZL1_N3_M3_L78_H46_0051,3,"[-1,1,-2,0,-3,2,-3,-2,-1,-1,0,-2]"
449.1600000000021,3.4044730955648674,0.6710546642421058,0.8015650293382879,0.1691931374969126,0.0,14.019597106650988,1.0,True,True,0.0,6.661338147750939e-16,False,False,"[[""H"",48],[""L"",75],[""H"",49],[""L"",80],[""H"",43],[""L"",310],[""H"",49],[""L"",78],[""H"",44],[""L"",76],[""H"",46],[""L"",75]]",True,True,True,ZL1_N3_M3_L78_H46,independent_layer_3nm,52,independent_layer_3nm_ZL1_N3_M3_L78_H46_0052,3,"[2,-3,3,2,-3,-2,3,0,-2,-2,0,-3]"
454.06000000000324,3.4676255224252372,0.07235849270776833,0.14898200776636175,0.7183669876779806,-13.0,5.646369372628387,0.15305058274793587,False,False,0.0,6.661338147750939e-16,False,False,"[[""H"",44],[""L"",78],[""H"",47],[""L"",78],[""H"",49],[""L"",314],[""H"",45],[""L"",77],[""H"",48],[""L"",79],[""H"",46],[""L"",80]]",False,False,False,ZL1_N3_M3_L78_H46,independent_layer_3nm,53,independent_layer_3nm_ZL1_N3_M3_L78_H46_0053,3,"[-2,0,1,0,3,2,-1,-1,2,1,0,2]"
448.6400000000019,3.324779333935396,0.8624612786686756,0.6001638273259309,0.13381399134566924,0.0,13.760309767458512,1.0,True,True,0.0,6.661338147750939e-16,False,False,"[[""H"",47],[""L"",77],[""H"",43],[""L"",78],[""H"",44],[""L"",312],[""H"",48],[""L"",77],[""H"",44],[""L"",79],[""H"",43],[""L"",78]]",True,True,True,ZL1_N3_M3_L78_H46,independent_layer_3nm,54,independent_layer_3nm_ZL1_N3_M3_L78_H46_0054,3,"[1,-1,-3,0,-2,0,2,-1,-2,1,-3,0]"
451.72000000000264,3.4607506788125306,0.1737584750290581,0.4983856404951712,0.6439978659439111,-8.0,23.358452821223096,0.5021454701426664,False,False,0.0,6.661338147750939e-16,False,False,"[[""H"",45],[""L"",76],[""H"",44],[""L"",80],[""H"",48],[""L"",311],[""H"",46],[""L"",78],[""H"",49],[""L"",75],[""H"",49],[""L"",81]]",False,False,False,ZL1_N3_M3_L78_H46,independent_layer_3nm,55,independent_layer_3nm_ZL1_N3_M3_L78_H46_0055,3,"[-1,-2,-2,2,2,-1,0,0,3,-3,3,3]"
444.46000000000106,3.248920584966413,0.1785677207390228,0.08367802422243713,0.03890453543321143,0.0,20.074762804363445,1.0,True,True,0.0,6.661338147750939e-16,False,False,"[[""H"",45],[""L"",79],[""H"",43],[""L"",77],[""H"",45],[""L"",310],[""H"",44],[""L"",76],[""H"",45],[""L"",77],[""H"",47],[""L"",78]]",False,True,False,ZL1_N3_M3_L78_H46,independent_layer_3nm,56,independent_layer_3nm_ZL1_N3_M3_L78_H46_0056,3,"[-1,1,-3,-1,-1,-2,-2,-2,-1,-1,1,0]"
446.3200000000014,3.310839708392052,0.49429972293866664,0.17228533911045932,0.06174318317771799,0.0,16.852165933292504,1.0,True,True,0.0,4.440892098500626e-16,False,False,"[[""H"",46],[""L"",80],[""H"",45],[""L"",77],[""H"",44],[""L"",312],[""H"",43],[""L"",80],[""H"",45],[""L"",81],[""H"",46],[""L"",75]]",False,True,False,ZL1_N3_M3_L78_H46,independent_layer_3nm,57,independent_layer_3nm_ZL1_N3_M3_L78_H46_0057,3,"[0,2,-1,-1,-2,0,-3,2,-1,3,0,-3]"
451.4200000000026,3.418339504981418,0.19083794919583238,0.5784176650886605,0.5426391895302123,-7.0,22.253741586807415,0.5900470565052008,False,False,0.0,8.881784197001252e-16,False,False,"[[""H"",45],[""L"",75],[""H"",49],[""L"",80],[""H"",46],[""L"",315],[""H"",44],[""L"",78],[""H"",44],[""L"",78],[""H"",44],[""L"",77]]",False,False,False,ZL1_N3_M3_L78_H46,independent_layer_3nm,58,independent_layer_3nm_ZL1_N3_M3_L78_H46_0058,3,"[-1,-3,3,2,0,3,-2,0,-2,0,-2,-1]"
446.02000000000135,3.29508686046654,0.4103066670722931,0.1503797482806459,0.056856281324692524,0.0,17.41916052467819,1.0,True,True,0.0,4.440892098500626e-16,False,False,"[[""H"",45],[""L"",79],[""H"",45],[""L"",79],[""H"",44],[""L"",309],[""H"",45],[""L"",81],[""H"",46],[""L"",79],[""H"",43],[""L"",75]]",False,True,False,ZL1_N3_M3_L78_H46,independent_layer_3nm,59,independent_layer_3nm_ZL1_N3_M3_L78_H46_0059,3,"[-1,1,-1,1,-2,-3,-1,3,0,1,-3,-3]"
448.88000000000204,3.341255938538211,0.77452651908683,0.6907065277256419,0.14714359221027024,0.0,13.768285289502545,1.0,True,True,0.0,5.551115123125783e-16,False,False,"[[""H"",43],[""L"",80],[""H"",45],[""L"",76],[""H"",46],[""L"",309],[""H"",49],[""L"",77],[""H"",45],[""L"",75],[""H"",47],[""L"",81]]",True,True,True,ZL1_N3_M3_L78_H46,independent_layer_3nm,60,independent_layer_3nm_ZL1_N3_M3_L78_H46_0060,3,"[-3,2,-1,-2,0,-3,3,-1,-1,-3,1,3]"
453.56000000000313,3.505017487431303,0.08753757507414434,0.19071106142863953,0.9018760194134088,-12.0,6.112370411275366,0.1928450769268031,False,False,0.0,1.2212453270876722e-15,False,False,"[[""H"",47],[""L"",77],[""H"",49],[""L"",78],[""H"",48],[""L"",310],[""H"",49],[""L"",76],[""H"",49],[""L"",78],[""H"",43],[""L"",77]]",False,False,False,ZL1_N3_M3_L78_H46,independent_layer_3nm,61,independent_layer_3nm_ZL1_N3_M3_L78_H46_0061,3,"[1,-1,3,0,2,-2,3,-2,3,0,-3,-1]"
454.5000000000033,3.492898341502382,0.06485905187751874,0.1270383838711663,0.5688405808676502,-13.0,5.357441245631303,0.1297044545027187,False,False,0.0,6.661338147750939e-16,False,False,"[[""H"",48],[""L"",79],[""H"",45],[""L"",81],[""H"",48],[""L"",315],[""H"",46],[""L"",75],[""H"",45],[""L"",81],[""H"",48],[""L"",79]]",False,False,False,ZL1_N3_M3_L78_H46,independent_layer_3nm,62,independent_layer_3nm_ZL1_N3_M3_L78_H46_0062,3,"[2,1,-1,3,2,3,0,-3,-1,3,2,1]"
450.42000000000235,3.4263511125851096,0.32752545595943805,0.9364423606109763,0.3090307694399213,-4.0,18.264002036324477,0.9426613602585273,False,True,0.0,5.551115123125783e-16,False,False,"[[""H"",46],[""L"",76],[""H"",49],[""L"",78],[""H"",44],[""L"",315],[""H"",43],[""L"",80],[""H"",48],[""L"",79],[""H"",47],[""L"",75]]",True,True,True,ZL1_N3_M3_L78_H46,independent_layer_3nm,63,independent_layer_3nm_ZL1_N3_M3_L78_H46_0063,3,"[0,-2,3,0,-2,3,-3,2,2,1,1,-3]"
455.5000000000035,3.5176981113478405,0.05046453116494155,0.09010018703465009,0.3255671907516614,-15.0,4.842216706852877,0.09288829154108065,False,False,0.0,6.661338147750939e-16,False,False,"[[""H"",48],[""L"",80],[""H"",47],[""L"",81],[""H"",45],[""L"",314],[""H"",49],[""L"",80],[""H"",46],[""L"",81],[""H"",43],[""L"",81]]",False,False,False,ZL1_N3_M3_L78_H46,independent_layer_3nm,64,independent_layer_3nm_ZL1_N3_M3_L78_H46_0064,3,"[2,2,1,3,-1,2,3,2,0,3,-3,3]"
448.2400000000018,3.35808326169024,0.9704717512461889,0.4749993100538312,0.11526900884039568,0.0,14.06523891697088,1.0,True,True,0.0,7.771561172376096e-16,False,False,"[[""H"",43],[""L"",80],[""H"",48],[""L"",79],[""H"",47],[""L"",311],[""H"",43],[""L"",80],[""H"",43],[""L"",77],[""H"",46],[""L"",76]]",False,True,False,ZL1_N3_M3_L78_H46,independent_layer_3nm,65,independent_layer_3nm_ZL1_N3_M3_L78_H46_0065,3,"[-3,2,2,1,1,-1,-3,2,-3,-1,0,-2]"
454.32000000000323,3.4988679616450327,0.06810727057579938,0.1362113012362622,0.6298712041929306,-13.0,5.412081751644548,0.13738127116106896,False,False,0.0,4.440892098500626e-16,False,False,"[[""H"",43],[""L"",75],[""H"",48],[""L"",79],[""H"",48],[""L"",312],[""H"",48],[""L"",80],[""H"",45],[""L"",77],[""H"",49],[""L"",79]]",False,False,False,ZL1_N3_M3_L78_H46,independent_layer_3nm,66,independent_layer_3nm_ZL1_N3_M3_L78_H46_0066,3,"[-3,-3,2,1,2,0,2,2,-1,-1,3,1]"
452.08000000000277,3.445146189176114,0.14622151304787218,0.39992608132141405,0.7736601157279256,-9.0,8.445728081115746,0.402601115423229,False,False,0.0,5.551115123125783e-16,False,False,"[[""H"",46],[""L"",77],[""H"",49],[""L"",77],[""H"",43],[""L"",313],[""H"",49],[""L"",81],[""H"",46],[""L"",75],[""H"",45],[""L"",80]]",False,False,False,ZL1_N3_M3_L78_H46,independent_layer_3nm,67,independent_layer_3nm_ZL1_N3_M3_L78_H46_0067,3,"[0,-1,3,-1,-3,1,3,3,0,-3,-1,2]"
456.38000000000375,3.536119962489579,0.04072547975390757,0.06835728000108701,0.20823860092783247,-16.0,4.47575806610409,0.06951126082306683,False,False,0.0,5.551115123125783e-16,False,False,"[[""H"",44],[""L"",79],[""H"",49],[""L"",80],[""H"",49],[""L"",312],[""H"",49],[""L"",80],[""H"",43],[""L"",80],[""H"",46],[""L"",80]]",False,False,False,ZL1_N3_M3_L78_H46,independent_layer_3nm,68,independent_layer_3nm_ZL1_N3_M3_L78_H46_0068,3,"[-2,1,3,2,3,0,3,2,-3,2,0,2]"
450.0000000000023,3.4107161269211588,0.40962908979371637,0.99130407765386,0.2503947207690738,0.0,16.534119708296842,1.0,True,True,0.0,6.661338147750939e-16,False,False,"[[""H"",48],[""L"",78],[""H"",46],[""L"",77],[""H"",49],[""L"",310],[""H"",46],[""L"",76],[""H"",46],[""L"",75],[""H"",43],[""L"",75]]",True,True,True,ZL1_N3_M3_L78_H46,independent_layer_3nm,69,independent_layer_3nm_ZL1_N3_M3_L78_H46_0069,3,"[2,0,0,-1,3,-2,0,-2,0,-3,-3,-3]"
448.62000000000194,3.402652283029738,0.8763437093342953,0.5975225292715075,0.1340641904139826,0.0,13.845396718611017,1.0,True,True,0.0,6.661338147750939e-16,False,False,"[[""H"",49],[""L"",76],[""H"",46],[""L"",80],[""H"",47],[""L"",311],[""H"",43],[""L"",76],[""H"",49],[""L"",78],[""H"",45],[""L"",77]]",False,True,False,ZL1_N3_M3_L78_H46,independent_layer_3nm,70,independent_layer_3nm_ZL1_N3_M3_L78_H46_0070,3,"[3,-2,0,2,1,-1,-3,-2,3,0,-1,-1]"
454.46000000000333,3.4800275596536494,0.06550662158561843,0.12878015731493886,0.5820387839039056,-13.0,5.356453862602441,0.13079319501709122,False,False,0.0,6.661338147750939e-16,False,False,"[[""H"",45],[""L"",79],[""H"",47],[""L"",80],[""H"",46],[""L"",312],[""H"",49],[""L"",80],[""H"",47],[""L"",81],[""H"",44],[""L"",80]]",False,False,False,ZL1_N3_M3_L78_H46,independent_layer_3nm,71,independent_layer_3nm_ZL1_N3_M3_L78_H46_0071,3,"[-1,1,1,2,0,0,3,2,1,3,-2,2]"
453.0400000000029,3.4626832171721276,0.10169725564612911,0.23902543096347445,0.994228237709184,-11.0,6.523106610270556,0.24042380903714963,False,False,0.0,1.1102230246251565e-15,False,False,"[[""H"",45],[""L"",80],[""H"",44],[""L"",76],[""H"",48],[""L"",312],[""H"",47],[""L"",80],[""H"",48],[""L"",81],[""H"",46],[""L"",75]]",False,False,False,ZL1_N3_M3_L78_H46,independent_layer_3nm,72,independent_layer_3nm_ZL1_N3_M3_L78_H46_0072,3,"[-1,2,-2,-2,2,0,1,2,2,3,0,-3]"
448.820000000002,3.381300655965788,0.806516600472929,0.6680616783705711,0.14461989016093313,0.0,13.785465693524845,1.0,True,True,0.0,4.440892098500626e-16,False,False,"[[""H"",48],[""L"",77],[""H"",43],[""L"",80],[""H"",45],[""L"",311],[""H"",47],[""L"",75],[""H"",47],[""L"",75],[""H"",49],[""L"",80]]",True,True,True,ZL1_N3_M3_L78_H46,independent_layer_3nm,73,independent_layer_3nm_ZL1_N3_M3_L78_H46_0073,3,"[2,-1,-3,2,-1,-1,1,-3,1,-3,3,2]"
450.1200000000023,3.385327969539162,0.3802728263622578,0.9856933213997102,0.26080396967886776,-2.0,16.960480005567447,0.9947505097804681,False,True,0.0,5.551115123125783e-16,False,False,"[[""H"",45],[""L"",78],[""H"",49],[""L"",75],[""H"",47],[""L"",312],[""H"",45],[""L"",78],[""H"",45],[""L"",80],[""H"",46],[""L"",77]]",True,True,True,ZL1_N3_M3_L78_H46,independent_layer_3nm,74,independent_layer_3nm_ZL1_N3_M3_L78_H46_0074,3,"[-1,0,3,-3,1,0,-1,0,-1,2,0,-1]"
451.8800000000027,3.446917454143147,0.15954672093569267,0.44929152748459095,0.6992787286758326,-9.0,9.560694374109474,0.45808684724429394,False,False,0.0,6.661338147750939e-16,False,False,"[[""H"",43],[""L"",81],[""H"",48],[""L"",81],[""H"",45],[""L"",311],[""H"",48],[""L"",79],[""H"",47],[""L"",76],[""H"",45],[""L"",76]]",False,False,False,ZL1_N3_M3_L78_H46,independent_layer_3nm,75,independent_layer_3nm_ZL1_N3_M3_L78_H46_0075,3,"[-3,3,2,3,-1,-1,2,1,1,-2,-1,-2]"
452.3200000000028,3.4418507088298043,0.13196479898845853,0.3464940423947727,0.8606092486263236,-10.0,7.873958919282242,0.35532025878312656,False,False,0.0,6.661338147750939e-16,False,False,"[[""H"",45],[""L"",81],[""H"",48],[""L"",78],[""H"",46],[""L"",312],[""H"",48],[""L"",79],[""H"",43],[""L"",81],[""H"",45],[""L"",81]]",False,False,False,ZL1_N3_M3_L78_H46,independent_layer_3nm,76,independent_layer_3nm_ZL1_N3_M3_L78_H46_0076,3,"[-1,3,2,0,0,0,2,1,-3,3,-1,3]"
447.72000000000173,3.3720560452645714,0.9669155226206574,0.3565223893759695,0.09696033176662883,0.0,14.755161294947769,1.0,True,True,0.0,8.881784197001252e-16,False,False,"[[""H"",49],[""L"",77],[""H"",46],[""L"",78],[""H"",45],[""L"",310],[""H"",47],[""L"",77],[""H"",43],[""L"",75],[""H"",49],[""L"",75]]",False,True,False,ZL1_N3_M3_L78_H46,independent_layer_3nm,77,independent_layer_3nm_ZL1_N3_M3_L78_H46_0077,3,"[3,-1,0,0,-1,-2,1,-1,-3,-3,3,-3]"
452.9200000000029,3.4537539420146572,0.10571720061101739,0.2536868754196445,0.9919546736254129,-11.0,6.735395861273942,0.2576561267935798,False,False,0.0,7.771561172376096e-16,False,False,"[[""H"",47],[""L"",76],[""H"",45],[""L"",77],[""H"",44],[""L"",315],[""H"",48],[""L"",79],[""H"",47],[""L"",80],[""H"",47],[""L"",78]]",False,False,False,ZL1_N3_M3_L78_H46,independent_layer_3nm,78,independent_layer_3nm_ZL1_N3_M3_L78_H46_0078,3,"[1,-2,-1,-1,-2,3,2,1,1,2,1,0]"
454.04000000000315,3.480646206929464,0.0724164344662498,0.1501159849697163,0.7273344792294609,-13.0,5.680525580995811,0.15396916742432756,False,False,0.0,6.661338147750939e-16,False,False,"[[""H"",43],[""L"",75],[""H"",46],[""L"",77],[""H"",46],[""L"",314],[""H"",49],[""L"",77],[""H"",48],[""L"",79],[""H"",46],[""L"",79]]",False,False,False,ZL1_N3_M3_L78_H46,independent_layer_3nm,79,independent_layer_3nm_ZL1_N3_M3_L78_H46_0079,3,"[-3,-3,0,-1,0,2,3,-1,2,1,0,1]"
449.6800000000022,3.3684852763404933,0.4911985322191095,0.9576681381413534,0.2119369354188153,0.0,15.07264798550086,1.0,True,True,0.0,4.440892098500626e-16,False,False,"[[""H"",43],[""L"",76],[""H"",43],[""L"",75],[""H"",46],[""L"",312],[""H"",48],[""L"",79],[""H"",43],[""L"",80],[""H"",46],[""L"",77]]",True,True,True,ZL1_N3_M3_L78_H46,independent_layer_3nm,80,independent_layer_3nm_ZL1_N3_M3_L78_H46_0080,3,"[-3,-2,-3,-3,0,0,2,1,-3,2,0,-1]"
449.2200000000021,3.3769124824660253,0.6475461279395287,0.8242785564269877,0.17252547875873567,0.0,14.038642726145815,1.0,True,True,0.0,4.440892098500626e-16,False,False,"[[""H"",43],[""L"",75],[""H"",47],[""L"",77],[""H"",45],[""L"",310],[""H"",47],[""L"",80],[""H"",49],[""L"",75],[""H"",45],[""L"",78]]",True,True,True,ZL1_N3_M3_L78_H46,independent_layer_3nm,81,independent_layer_3nm_ZL1_N3_M3_L78_H46_0081,3,"[-3,-3,1,-1,-1,-2,1,2,3,-3,-1,0]"
451.6800000000027,3.4327195671389745,0.1735062665856315,0.5050205090308578,0.6255219634930498,-8.0,23.204951130727782,0.5086552885088158,False,False,0.0,6.661338147750939e-16,False,False,"[[""H"",45],[""L"",76],[""H"",45],[""L"",75],[""H"",49],[""L"",311],[""H"",46],[""L"",79],[""H"",49],[""L"",77],[""H"",46],[""L"",80]]",False,False,False,ZL1_N3_M3_L78_H46,independent_layer_3nm,82,independent_layer_3nm_ZL1_N3_M3_L78_H46_0082,3,"[-1,-2,-1,-3,3,-1,0,1,3,-1,0,2]"
450.7600000000025,3.5115999331285934,0.27854258784944197,0.8242453438369368,0.3803824873306333,-5.0,20.006637747445986,0.8432401901882959,False,True,0.0,5.551115123125783e-16,False,False,"[[""H"",49],[""L"",80],[""H"",49],[""L"",78],[""H"",49],[""L"",311],[""H"",44],[""L"",77],[""H"",45],[""L"",75],[""H"",46],[""L"",79]]",True,True,True,ZL1_N3_M3_L78_H46,independent_layer_3nm,83,independent_layer_3nm_ZL1_N3_M3_L78_H46_0083,3,"[3,2,3,0,3,-1,-2,-1,-1,-3,0,1]"
447.4800000000017,3.3057758677610423,0.9012421182131403,0.3035590430382919,0.0876272117329578,0.0,15.109348973199447,1.0,True,True,0.0,8.881784197001252e-16,False,False,"[[""H"",43],[""L"",78],[""H"",47],[""L"",76],[""H"",46],[""L"",309],[""H"",47],[""L"",79],[""H"",43],[""L"",77],[""H"",43],[""L"",81]]",False,True,False,ZL1_N3_M3_L78_H46,independent_layer_3nm,84,independent_layer_3nm_ZL1_N3_M3_L78_H46_0084,3,"[-3,0,1,-2,0,-3,1,1,-3,-1,-3,3]"
446.5800000000015,3.336634059865901,0.5745098304124713,0.19426339778626128,0.0666718275009533,0.0,16.456450422634486,1.0,True,True,0.0,5.551115123125783e-16,False,False,"[[""H"",44],[""L"",77],[""H"",48],[""L"",81],[""H"",45],[""L"",310],[""H"",43],[""L"",81],[""H"",43],[""L"",78],[""H"",47],[""L"",78]]",False,True,False,ZL1_N3_M3_L78_H46,independent_layer_3nm,85,independent_layer_3nm_ZL1_N3_M3_L78_H46_0085,3,"[-2,-1,2,3,-1,-2,-3,3,-3,0,1,0]"
444.58000000000106,3.2761816066575307,0.1904601213667182,0.08772080234287688,0.04013525213376153,0.0,19.890346082791012,1.0,True,True,0.0,6.661338147750939e-16,False,False,"[[""H"",44],[""L"",75],[""H"",47],[""L"",76],[""H"",43],[""L"",309],[""H"",46],[""L"",76],[""H"",47],[""L"",79],[""H"",46],[""L"",75]]",False,True,False,ZL1_N3_M3_L78_H46,independent_layer_3nm,86,independent_layer_3nm_ZL1_N3_M3_L78_H46_0086,3,"[-2,-3,1,-2,-3,-3,0,-2,1,1,0,-3]"
456.0800000000037,3.5316898509315138,0.04353266295448624,0.07476226167305733,0.2419917068696179,-15.0,4.740689828895642,0.07868922580518188,False,False,0.0,6.661338147750939e-16,False,False,"[[""H"",49],[""L"",80],[""H"",46],[""L"",77],[""H"",48],[""L"",315],[""H"",48],[""L"",80],[""H"",44],[""L"",75],[""H"",49],[""L"",76]]",False,False,False,ZL1_N3_M3_L78_H46,independent_layer_3nm,87,independent_layer_3nm_ZL1_N3_M3_L78_H46_0087,3,"[3,2,0,-1,2,3,2,2,-2,-3,3,-2]"
448.1200000000018,3.3354374819452346,0.9850117100625166,0.4432374415540349,0.11017466542237433,0.0,14.200848337323439,1.0,True,True,0.0,4.440892098500626e-16,False,False,"[[""H"",44],[""L"",75],[""H"",49],[""L"",76],[""H"",47],[""L"",311],[""H"",44],[""L"",79],[""H"",44],[""L"",76],[""H"",46],[""L"",76]]",False,True,False,ZL1_N3_M3_L78_H46,independent_layer_3nm,88,independent_layer_3nm_ZL1_N3_M3_L78_H46_0088,3,"[-2,-3,3,-2,1,-1,-2,1,-2,-2,0,-2]"
447.7600000000018,3.3338055107619198,0.9736963302277393,0.36082067301011533,0.09844138691765528,0.0,14.726093599322136,1.0,True,True,0.0,1.5543122344752192e-15,False,False,"[[""H"",44],[""L"",76],[""H"",43],[""L"",76],[""H"",43],[""L"",313],[""H"",48],[""L"",76],[""H"",44],[""L"",76],[""H"",49],[""L"",76]]",False,True,False,ZL1_N3_M3_L78_H46,independent_layer_3nm,89,independent_layer_3nm_ZL1_N3_M3_L78_H46_0089,3,"[-2,-2,-3,-2,-3,1,2,-2,-2,-2,3,-2]"
458.5200000000042,3.5934232729572955,0.027125143518150208,0.040653783858045855,0.09178563994850794,-18.0,4.079993076105765,0.04258193184663793,False,False,0.0,6.661338147750939e-16,False,False,"[[""H"",49],[""L"",77],[""H"",49],[""L"",79],[""H"",48],[""L"",315],[""H"",49],[""L"",81],[""H"",46],[""L"",75],[""H"",46],[""L"",78]]",False,False,False,ZL1_N3_M3_L78_H46,independent_layer_3nm,90,independent_layer_3nm_ZL1_N3_M3_L78_H46_0090,3,"[3,-1,3,1,2,3,3,3,0,-3,0,0]"
453.220000000003,3.4652834604374902,0.09527829423575207,0.21858372286234135,0.9775424743571348,-11.0,6.335353275553637,0.2216218103555205,False,False,0.0,5.551115123125783e-16,False,False,"[[""H"",49],[""L"",75],[""H"",44],[""L"",81],[""H"",46],[""L"",313],[""H"",48],[""L"",77],[""H"",48],[""L"",78],[""H"",46],[""L"",76]]",False,False,False,ZL1_N3_M3_L78_H46,independent_layer_3nm,91,independent_layer_3nm_ZL1_N3_M3_L78_H46_0091,3,"[3,-3,-2,3,0,1,2,-1,2,0,0,-2]"
451.8800000000027,3.416751068015742,0.15602026559562832,0.44379588170509165,0.6989277788017523,-9.0,9.355545935948975,0.4508922381119264,False,False,0.0,4.440892098500626e-16,False,False,"[[""H"",45],[""L"",78],[""H"",44],[""L"",76],[""H"",45],[""L"",313],[""H"",49],[""L"",78],[""H"",46],[""L"",81],[""H"",46],[""L"",76]]",False,False,False,ZL1_N3_M3_L78_H46,independent_layer_3nm,92,independent_layer_3nm_ZL1_N3_M3_L78_H46_0092,3,"[-1,0,-2,-2,-1,1,3,0,0,3,0,-2]"
446.68000000000154,3.368974748408789,0.6169041975839256,0.2070704450295141,0.06958706752034799,0.0,16.327015024970756,1.0,True,True,0.0,6.661338147750939e-16,False,False,"[[""H"",43],[""L"",79],[""H"",45],[""L"",77],[""H"",45],[""L"",309],[""H"",46],[""L"",78],[""H"",45],[""L"",81],[""H"",49],[""L"",81]]",False,True,False,ZL1_N3_M3_L78_H46,independent_layer_3nm,93,independent_layer_3nm_ZL1_N3_M3_L78_H46_0093,3,"[-3,1,-1,-1,-1,-3,0,0,-1,3,3,3]"
451.46000000000265,3.438199716255326,0.1931120202570537,0.5742275369927725,0.5530603223634414,-8.0,22.487486362009427,0.5840372965367838,False,False,0.0,5.551115123125783e-16,False,False,"[[""H"",43],[""L"",77],[""H"",48],[""L"",79],[""H"",48],[""L"",309],[""H"",47],[""L"",79],[""H"",47],[""L"",80],[""H"",45],[""L"",81]]",False,False,False,ZL1_N3_M3_L78_H46,independent_layer_3nm,94,independent_layer_3nm_ZL1_N3_M3_L78_H46_0094,3,"[-3,-1,2,1,2,-3,1,1,1,2,-1,3]"
448.4200000000019,3.3921902323384074,0.939388523807772,0.5360211593410615,0.12477340069089393,0.0,13.931949459404311,1.0,True,True,0.0,5.551115123125783e-16,False,False,"[[""H"",45],[""L"",76],[""H"",45],[""L"",78],[""H"",43],[""L"",311],[""H"",47],[""L"",80],[""H"",47],[""L"",78],[""H"",49],[""L"",79]]",False,True,False,ZL1_N3_M3_L78_H46,independent_layer_3nm,95,independent_layer_3nm_ZL1_N3_M3_L78_H46_0095,3,"[-1,-2,-1,0,-3,-1,1,2,1,0,3,1]"
450.02000000000226,3.452840785249407,0.4180158354690859,0.9922220949401548,0.2521788417939975,-1.0,16.580376483420178,0.9999923369986583,True,True,0.0,6.661338147750939e-16,False,False,"[[""H"",45],[""L"",79],[""H"",49],[""L"",77],[""H"",48],[""L"",310],[""H"",45],[""L"",78],[""H"",44],[""L"",81],[""H"",49],[""L"",80]]",True,True,True,ZL1_N3_M3_L78_H46,independent_layer_3nm,96,independent_layer_3nm_ZL1_N3_M3_L78_H46_0096,3,"[-1,1,3,-1,2,-2,-1,0,-2,3,3,2]"
452.26000000000283,3.4172467360336896,0.13185006085641454,0.35499866442247985,0.8340477635824527,-9.0,7.940286867683227,0.36266029352863205,False,False,0.0,6.661338147750939e-16,False,False,"[[""H"",43],[""L"",81],[""H"",43],[""L"",79],[""H"",49],[""L"",313],[""H"",45],[""L"",79],[""H"",45],[""L"",79],[""H"",45],[""L"",76]]",False,False,False,ZL1_N3_M3_L78_H46,independent_layer_3nm,97,independent_layer_3nm_ZL1_N3_M3_L78_H46_0097,3,"[-3,3,-3,1,3,1,-1,1,-1,1,-1,-2]"
455.1600000000035,3.511214889058351,0.05473470260755221,0.10051227111146528,0.39029890711136483,-14.0,5.065376564877138,0.10287423864687832,False,False,0.0,4.440892098500626e-16,False,False,"[[""H"",43],[""L"",79],[""H"",47],[""L"",77],[""H"",49],[""L"",311],[""H"",49],[""L"",80],[""H"",47],[""L"",77],[""H"",48],[""L"",81]]",False,False,False,ZL1_N3_M3_L78_H46,independent_layer_3nm,98,independent_layer_3nm_ZL1_N3_M3_L78_H46_0098,3,"[-3,1,1,-1,3,-1,3,2,1,-1,2,3]"
449.26000000000215,3.386268104028545,0.6399394445052551,0.8324584856397804,0.17404714906764196,0.0,14.09814868942586,1.0,True,True,0.0,7.771561172376096e-16,False,False,"[[""H"",48],[""L"",80],[""H"",43],[""L"",78],[""H"",46],[""L"",309],[""H"",48],[""L"",77],[""H"",49],[""L"",76],[""H"",44],[""L"",78]]",True,True,True,ZL1_N3_M3_L78_H46,independent_layer_3nm,99,independent_layer_3nm_ZL1_N3_M3_L78_H46_0099,3,"[2,2,-3,0,0,-3,2,-1,3,-2,-2,0]"
450.0000000000023,3.403453336311088,0.41062333745680546,0.9910863036779857,0.24766087969603762,0.0,16.465643780220343,1.0,True,True,0.0,6.661338147750939e-16,False,False,"[[""H"",47],[""L"",76],[""H"",47],[""L"",78],[""H"",49],[""L"",310],[""H"",45],[""L"",78],[""H"",44],[""L"",76],[""H"",49],[""L"",75]]",True,True,True,ZL1_N3_M3_L78_H46,independent_layer_3nm,100,independent_layer_3nm_ZL1_N3_M3_L78_H46_0100,3,"[1,-2,1,0,3,-2,-1,0,-2,-2,3,-3]"
451.86000000000274,3.4364041225944106,0.15958361040542673,0.4537374042468343,0.6916009563333105,-9.0,9.669067532675268,0.46232788779271655,False,False,0.0,6.661338147750939e-16,False,False,"[[""H"",43],[""L"",76],[""H"",45],[""L"",77],[""H"",46],[""L"",313],[""H"",48],[""L"",75],[""H"",48],[""L"",80],[""H"",47],[""L"",78]]",False,False,False,ZL1_N3_M3_L78_H46,independent_layer_3nm,101,independent_layer_3nm_ZL1_N3_M3_L78_H46_0101,3,"[-3,-2,-1,-1,0,1,2,-3,2,2,1,0]"
449.7200000000022,3.3993342609426804,0.48658709160421887,0.97123814896373,0.2163544259108053,0.0,15.2971062002667,1.0,True,True,0.0,4.440892098500626e-16,False,False,"[[""H"",45],[""L"",77],[""H"",47],[""L"",78],[""H"",45],[""L"",309],[""H"",49],[""L"",75],[""H"",49],[""L"",79],[""H"",46],[""L"",79]]",True,True,True,ZL1_N3_M3_L78_H46,independent_layer_3nm,102,independent_layer_3nm_ZL1_N3_M3_L78_H46_0102,3,"[-1,-1,1,0,-1,-3,3,-3,3,1,0,1]"
454.5000000000033,3.4711628575474833,0.06219756470053542,0.12306547230518478,0.5616516940777802,-13.0,5.341751045335153,0.1262422199846357,False,False,0.0,7.771561172376096e-16,False,False,"[[""H"",48],[""L"",76],[""H"",45],[""L"",75],[""H"",48],[""L"",314],[""H"",49],[""L"",78],[""H"",44],[""L"",81],[""H"",43],[""L"",80]]",False,False,False,ZL1_N3_M3_L78_H46,independent_layer_3nm,103,independent_layer_3nm_ZL1_N3_M3_L78_H46_0103,3,"[2,-2,-1,-3,2,2,3,0,-2,3,-3,2]"
449.24000000000206,3.4103905320205286,0.6427364567231602,0.8285242411280906,0.17457262506349996,0.0,14.115286475304273,1.0,True,True,0.0,6.661338147750939e-16,False,False,"[[""H"",46],[""L"",81],[""H"",49],[""L"",75],[""H"",47],[""L"",313],[""H"",43],[""L"",75],[""H"",48],[""L"",75],[""H"",46],[""L"",78]]",True,True,True,ZL1_N3_M3_L78_H46,independent_layer_3nm,104,independent_layer_3nm_ZL1_N3_M3_L78_H46_0104,3,"[0,3,3,-3,1,1,-3,-3,2,-3,0,0]"
448.48000000000195,3.4237356473998375,0.9266301232188534,0.5568786066735525,0.12839955018389665,0.0,13.894597504985766,1.0,True,True,0.0,4.440892098500626e-16,False,False,"[[""H"",44],[""L"",79],[""H"",46],[""L"",79],[""H"",43],[""L"",312],[""H"",45],[""L"",79],[""H"",48],[""L"",81],[""H"",49],[""L"",77]]",False,True,False,ZL1_N3_M3_L78_H46,independent_layer_3nm,105,independent_layer_3nm_ZL1_N3_M3_L78_H46_0105,3,"[-2,1,0,1,-3,0,-1,1,2,3,3,-1]"
452.9200000000029,3.496044936166413,0.10724507669156662,0.2561870057559106,0.9876800503722178,-11.0,6.820515326318223,0.26161922335824456,False,False,0.0,6.661338147750939e-16,False,False,"[[""H"",47],[""L"",80],[""H"",49],[""L"",80],[""H"",46],[""L"",315],[""H"",45],[""L"",77],[""H"",46],[""L"",76],[""H"",45],[""L"",75]]",False,False,False,ZL1_N3_M3_L78_H46,independent_layer_3nm,106,independent_layer_3nm_ZL1_N3_M3_L78_H46_0106,3,"[1,2,3,2,0,3,-1,-1,0,-2,-1,-3]"
451.1000000000025,3.3946331625526227,0.22399956832810902,0.6983019011873357,0.4450785975584969,-7.0,21.071501551077695,0.708643211783411,False,False,0.0,6.661338147750939e-16,False,False,"[[""H"",47],[""L"",78],[""H"",46],[""L"",76],[""H"",46],[""L"",313],[""H"",47],[""L"",78],[""H"",45],[""L"",75],[""H"",48],[""L"",75]]",True,False,False,ZL1_N3_M3_L78_H46,independent_layer_3nm,107,independent_layer_3nm_ZL1_N3_M3_L78_H46_0107,3,"[1,0,0,-2,0,1,1,0,-1,-3,2,-3]"
447.20000000000164,3.3445686898477334,0.804828331986281,0.2655797286655903,0.08157808142449882,0.0,15.487462789101095,1.0,True,True,0.0,4.440892098500626e-16,False,False,"[[""H"",49],[""L"",79],[""H"",43],[""L"",81],[""H"",43],[""L"",312],[""H"",45],[""L"",81],[""H"",44],[""L"",75],[""H"",44],[""L"",76]]",False,True,False,ZL1_N3_M3_L78_H46,independent_layer_3nm,108,independent_layer_3nm_ZL1_N3_M3_L78_H46_0108,3,"[3,1,-3,3,-3,0,-1,3,-2,-3,-2,-2]"
448.820000000002,3.3681057351163304,0.8029913659883119,0.6708197885741412,0.14487119866971157,0.0,13.77899784957529,1.0,True,True,0.0,4.440892098500626e-16,False,False,"[[""H"",44],[""L"",81],[""H"",44],[""L"",77],[""H"",43],[""L"",311],[""H"",49],[""L"",77],[""H"",47],[""L"",75],[""H"",49],[""L"",77]]",True,True,True,ZL1_N3_M3_L78_H46,independent_layer_3nm,109,independent_layer_3nm_ZL1_N3_M3_L78_H46_0109,3,"[-2,3,-2,-1,-3,-1,3,-1,1,-3,3,-1]"
449.3600000000022,3.332342076676582,0.5892881426482885,0.8674178885662096,0.18057823472093182,0.0,14.146990545876632,1.0,True,True,0.0,4.440892098500626e-16,False,False,"[[""H"",44],[""L"",79],[""H"",45],[""L"",76],[""H"",48],[""L"",314],[""H"",43],[""L"",76],[""H"",45],[""L"",77],[""H"",45],[""L"",77]]",True,True,True,ZL1_N3_M3_L78_H46,independent_layer_3nm,110,independent_layer_3nm_ZL1_N3_M3_L78_H46_0110,3,"[-2,1,-1,-2,2,2,-3,-2,-1,-1,-1,-1]"
450.8800000000025,3.415753863963687,0.2529304212873913,0.7838495050499938,0.3947073974709075,-6.0,20.092316172434273,0.7915723297050248,False,False,0.0,6.661338147750939e-16,False,False,"[[""H"",48],[""L"",76],[""H"",48],[""L"",79],[""H"",45],[""L"",315],[""H"",44],[""L"",81],[""H"",43],[""L"",76],[""H"",46],[""L"",76]]",True,False,False,ZL1_N3_M3_L78_H46,independent_layer_3nm,111,independent_layer_3nm_ZL1_N3_M3_L78_H46_0111,3,"[2,-2,2,1,-1,3,-2,3,-3,-2,0,-2]"
455.1200000000034,3.5207915865860286,0.055917140455626534,0.10304745437968643,0.4034977460659979,-14.0,5.041975117096035,0.10433130972280742,False,False,0.0,4.440892098500626e-16,False,False,"[[""H"",44],[""L"",78],[""H"",46],[""L"",77],[""H"",49],[""L"",314],[""H"",46],[""L"",79],[""H"",48],[""L"",79],[""H"",49],[""L"",81]]",False,False,False,ZL1_N3_M3_L78_H46,independent_layer_3nm,112,independent_layer_3nm_ZL1_N3_M3_L78_H46_0112,3,"[-2,0,0,-1,3,2,0,1,2,1,3,3]"
451.1200000000025,3.493645694952704,0.23437646111178645,0.7003320949606061,0.45909712123185553,-7.0,21.26468354301371,0.7132480440032299,False,False,0.0,6.661338147750939e-16,False,False,"[[""H"",48],[""L"",81],[""H"",47],[""L"",81],[""H"",48],[""L"",310],[""H"",44],[""L"",81],[""H"",47],[""L"",77],[""H"",46],[""L"",81]]",True,False,False,ZL1_N3_M3_L78_H46,independent_layer_3nm,113,independent_layer_3nm_ZL1_N3_M3_L78_H46_0113,3,"[2,3,1,3,2,-2,-2,3,1,-1,0,3]"
445.38000000000125,3.286019174686942,0.2868574007264445,0.11691723760975894,0.04848335439952593,0.0,18.49653719245817,1.0,True,True,0.0,8.881784197001252e-16,False,False,"[[""H"",43],[""L"",81],[""H"",44],[""L"",80],[""H"",43],[""L"",310],[""H"",45],[""L"",76],[""H"",49],[""L"",75],[""H"",45],[""L"",77]]",False,True,False,ZL1_N3_M3_L78_H46,independent_layer_3nm,114,independent_layer_3nm_ZL1_N3_M3_L78_H46_0114,3,"[-3,3,-2,2,-3,-2,-1,-2,3,-3,-1,-1]"
449.40000000000214,3.400491087010664,0.5901946012989376,0.8802884015812904,0.18606509714015074,0.0,14.351536970527077,1.0,True,True,0.0,6.661338147750939e-16,False,False,"[[""H"",49],[""L"",81],[""H"",44],[""L"",75],[""H"",45],[""L"",312],[""H"",47],[""L"",76],[""H"",48],[""L"",79],[""H"",44],[""L"",77]]",True,True,True,ZL1_N3_M3_L78_H46,independent_layer_3nm,115,independent_layer_3nm_ZL1_N3_M3_L78_H46_0115,3,"[3,3,-2,-3,-1,0,1,-2,2,1,-2,-1]"
446.42000000000144,3.28785064222933,0.521082662244971,0.1802719440805382,0.06452195997947835,0.0,16.792842207028404,1.0,True,True,0.0,5.551115123125783e-16,False,False,"[[""H"",44],[""L"",75],[""H"",47],[""L"",80],[""H"",43],[""L"",314],[""H"",43],[""L"",76],[""H"",45],[""L"",78],[""H"",43],[""L"",75]]",False,True,False,ZL1_N3_M3_L78_H46,independent_layer_3nm,116,independent_layer_3nm_ZL1_N3_M3_L78_H46_0116,3,"[-2,-3,1,2,-3,2,-3,-2,-1,0,-3,-3]"
454.5200000000033,3.563987687001884,0.06815125262444131,0.13167799117219242,0.5694695851424922,-13.0,5.5219659301558615,0.13600889182786172,False,False,0.0,4.440892098500626e-16,False,False,"[[""H"",49],[""L"",79],[""H"",49],[""L"",80],[""H"",48],[""L"",312],[""H"",47],[""L"",76],[""H"",49],[""L"",76],[""H"",47],[""L"",78]]",False,False,False,ZL1_N3_M3_L78_H46,independent_layer_3nm,117,independent_layer_3nm_ZL1_N3_M3_L78_H46_0117,3,"[3,1,3,2,2,0,1,-2,3,-2,1,0]"
446.92000000000155,3.3681793581537818,0.7038995522502407,0.23183312105458556,0.07436715802560731,0.0,15.896916615402922,1.0,True,True,0.0,6.661338147750939e-16,False,False,"[[""H"",47],[""L"",81],[""H"",44],[""L"",77],[""H"",43],[""L"",310],[""H"",46],[""L"",80],[""H"",48],[""L"",81],[""H"",44],[""L"",78]]",False,True,False,ZL1_N3_M3_L78_H46,independent_layer_3nm,118,independent_layer_3nm_ZL1_N3_M3_L78_H46_0118,3,"[1,3,-2,-1,-3,-2,0,2,2,3,-2,0]"
451.0200000000025,3.4463670734847938,0.2409945211029978,0.7374339530082169,0.43328165048597245,-6.0,20.90087095387944,0.7426380544975044,False,False,0.0,8.881784197001252e-16,False,False,"[[""H"",47],[""L"",77],[""H"",45],[""L"",76],[""H"",46],[""L"",309],[""H"",49],[""L"",81],[""H"",49],[""L"",79],[""H"",44],[""L"",75]]",True,False,False,ZL1_N3_M3_L78_H46,independent_layer_3nm,119,independent_layer_3nm_ZL1_N3_M3_L78_H46_0119,3,"[1,-1,-1,-2,0,-3,3,3,3,1,-2,-3]"
451.4200000000026,3.4048139999280806,0.19083131396859782,0.5804926200564748,0.5381327172494237,-7.0,22.249658729095806,0.5913053564263796,False,False,0.0,6.661338147750939e-16,False,False,"[[""H"",43],[""L"",80],[""H"",48],[""L"",75],[""H"",47],[""L"",313],[""H"",46],[""L"",80],[""H"",44],[""L"",76],[""H"",46],[""L"",75]]",False,False,False,ZL1_N3_M3_L78_H46,independent_layer_3nm,120,independent_layer_3nm_ZL1_N3_M3_L78_H46_0120,3,"[-3,2,2,-3,1,1,0,2,-2,-2,0,-3]"
449.8200000000022,3.39362334416046,0.4570476504191182,0.9855206665465845,0.22706060171554357,0.0,15.567684340173116,1.0,True,True,0.0,8.881784197001252e-16,False,False,"[[""H"",45],[""L"",79],[""H"",45],[""L"",77],[""H"",45],[""L"",315],[""H"",44],[""L"",75],[""H"",48],[""L"",79],[""H"",48],[""L"",81]]",True,True,True,ZL1_N3_M3_L78_H46,independent_layer_3nm,121,independent_layer_3nm_ZL1_N3_M3_L78_H46_0121,3,"[-1,1,-1,-1,-1,3,-2,-3,2,1,2,3]"
453.80000000000314,3.461653100213539,0.07695093578205883,0.16444443539529985,0.813419134112182,-12.0,5.733519898611821,0.16699266267561022,False,False,0.0,6.661338147750939e-16,False,False,"[[""H"",47],[""L"",79],[""H"",45],[""L"",79],[""H"",48],[""L"",313],[""H"",48],[""L"",78],[""H"",43],[""L"",81],[""H"",44],[""L"",75]]",False,False,False,ZL1_N3_M3_L78_H46,independent_layer_3nm,122,independent_layer_3nm_ZL1_N3_M3_L78_H46_0122,3,"[1,1,-1,1,2,1,2,0,-3,3,-2,-3]"
456.4200000000037,3.527417717525566,0.039327200854835806,0.06639746156825187,0.20378510188784268,-16.0,4.4128533171916775,0.06700051778559543,False,False,0.0,1.1102230246251565e-15,False,False,"[[""H"",43],[""L"",78],[""H"",49],[""L"",75],[""H"",49],[""L"",315],[""H"",49],[""L"",76],[""H"",44],[""L"",76],[""H"",48],[""L"",80]]",False,False,False,ZL1_N3_M3_L78_H46,independent_layer_3nm,123,independent_layer_3nm_ZL1_N3_M3_L78_H46_0123,3,"[-3,0,3,-3,3,3,3,-2,-2,-2,2,2]"
447.9000000000018,3.33443258482032,0.9905858401390006,0.3892662365267596,0.10225075778414154,0.0,14.533356829919068,1.0,True,True,0.0,4.440892098500626e-16,False,False,"[[""H"",44],[""L"",77],[""H"",43],[""L"",76],[""H"",47],[""L"",310],[""H"",46],[""L"",75],[""H"",49],[""L"",79],[""H"",44],[""L"",75]]",False,True,False,ZL1_N3_M3_L78_H46,independent_layer_3nm,124,independent_layer_3nm_ZL1_N3_M3_L78_H46_0124,3,"[-2,-1,-3,-2,1,-2,0,-3,3,1,-2,-3]"
453.060000000003,3.457432639142155,0.09910672698637726,0.23382216656467736,0.9910947159368149,-11.0,6.4854316469586335,0.2356125492524116,False,False,0.0,8.881784197001252e-16,False,False,"[[""H"",48],[""L"",76],[""H"",43],[""L"",75],[""H"",48],[""L"",312],[""H"",49],[""L"",79],[""H"",46],[""L"",79],[""H"",44],[""L"",80]]",False,False,False,ZL1_N3_M3_L78_H46,independent_layer_3nm,125,independent_layer_3nm_ZL1_N3_M3_L78_H46_0125,3,"[2,-2,-3,-3,2,0,3,1,0,1,-2,2]"
452.10000000000275,3.4487936302675735,0.14503113337858436,0.3934465320465269,0.7830187893336757,-9.0,8.35149368316248,0.3972599283469622,False,False,0.0,5.551115123125783e-16,False,False,"[[""H"",48],[""L"",75],[""H"",47],[""L"",81],[""H"",47],[""L"",313],[""H"",45],[""L"",76],[""H"",48],[""L"",80],[""H"",44],[""L"",80]]",False,False,False,ZL1_N3_M3_L78_H46,independent_layer_3nm,126,independent_layer_3nm_ZL1_N3_M3_L78_H46_0126,3,"[2,-3,1,3,1,1,-1,-2,2,2,-2,2]"
449.88000000000227,3.446940852221644,0.45192347042431213,0.9889211693481845,0.2357136332210626,0.0,15.877257588036365,1.0,True,True,0.0,4.440892098500626e-16,False,False,"[[""H"",47],[""L"",77],[""H"",48],[""L"",79],[""H"",46],[""L"",312],[""H"",43],[""L"",79],[""H"",49],[""L"",81],[""H"",45],[""L"",81]]",True,True,True,ZL1_N3_M3_L78_H46,independent_layer_3nm,127,independent_layer_3nm_ZL1_N3_M3_L78_H46_0127,3,"[1,-1,2,1,0,0,-3,1,3,3,-1,3]"
454.92000000000337,3.5351446760716385,0.05880253875696066,0.11056483122506748,0.4522343582255962,-14.0,5.108865089281764,0.11205526014228086,False,False,0.0,8.881784197001252e-16,False,False,"[[""H"",48],[""L"",80],[""H"",49],[""L"",80],[""H"",46],[""L"",314],[""H"",49],[""L"",75],[""H"",45],[""L"",80],[""H"",43],[""L"",80]]",False,False,False,ZL1_N3_M3_L78_H46,independent_layer_3nm,128,independent_layer_3nm_ZL1_N3_M3_L78_H46_0128,3,"[2,2,3,2,0,2,3,-3,-1,2,-3,2]"
454.2400000000032,3.477646497222395,0.06931267656781606,0.14001435533750978,0.6596241847663074,-13.0,5.425565157686924,0.1410254454516009,False,False,0.0,4.440892098500626e-16,False,False,"[[""H"",48],[""L"",78],[""H"",45],[""L"",77],[""H"",45],[""L"",315],[""H"",49],[""L"",76],[""H"",49],[""L"",77],[""H"",46],[""L"",80]]",False,False,False,ZL1_N3_M3_L78_H46,independent_layer_3nm,129,independent_layer_3nm_ZL1_N3_M3_L78_H46_0129,3,"[2,0,-1,-1,-1,3,3,-2,3,-1,0,2]"
450.8600000000025,3.4395291556860457,0.2623644616595431,0.7986715254227281,0.3930385301161847,-6.0,20.212675835128536,0.8024803112074302,False,False,0.0,5.551115123125783e-16,False,False,"[[""H"",44],[""L"",78],[""H"",47],[""L"",75],[""H"",47],[""L"",309],[""H"",49],[""L"",77],[""H"",47],[""L"",80],[""H"",48],[""L"",81]]",True,False,False,ZL1_N3_M3_L78_H46,independent_layer_3nm,130,independent_layer_3nm_ZL1_N3_M3_L78_H46_0130,3,"[-2,0,1,-3,1,-3,3,-1,1,2,2,3]"
451.0000000000025,3.4514283437212043,0.2435990526151203,0.7415083798346453,0.42903247421852475,-6.0,20.683354610234286,0.7471808769439089,False,False,0.0,7.771561172376096e-16,False,False,"[[""H"",47],[""L"",77],[""H"",47],[""L"",80],[""H"",45],[""L"",314],[""H"",43],[""L"",81],[""H"",49],[""L"",77],[""H"",48],[""L"",75]]",True,False,False,ZL1_N3_M3_L78_H46,independent_layer_3nm,131,independent_layer_3nm_ZL1_N3_M3_L78_H46_0131,3,"[1,-1,1,2,-1,2,-3,3,3,-1,2,-3]"
451.30000000000257,3.4002403537944588,0.19890937460206848,0.6176594108566646,0.5066042739299705,-7.0,21.73088538873798,0.6226932715071372,False,False,0.0,8.881784197001252e-16,False,False,"[[""H"",44],[""L"",76],[""H"",44],[""L"",80],[""H"",47],[""L"",315],[""H"",44],[""L"",81],[""H"",43],[""L"",76],[""H"",43],[""L"",80]]",True,False,False,ZL1_N3_M3_L78_H46,independent_layer_3nm,132,independent_layer_3nm_ZL1_N3_M3_L78_H46_0132,3,"[-2,-2,-2,2,1,3,-2,3,-3,-2,-3,2]"
449.76000000000226,3.423344884735002,0.4810815657273357,0.9754483687953228,0.22164200705144516,0.0,15.46827328029454,1.0,True,True,0.0,6.661338147750939e-16,False,False,"[[""H"",49],[""L"",78],[""H"",43],[""L"",77],[""H"",46],[""L"",309],[""H"",49],[""L"",76],[""H"",49],[""L"",77],[""H"",46],[""L"",81]]",True,True,True,ZL1_N3_M3_L78_H46,independent_layer_3nm,133,independent_layer_3nm_ZL1_N3_M3_L78_H46_0133,3,"[3,0,-3,-1,0,-3,3,-2,3,-1,0,3]"
454.7200000000033,3.4904099153968104,0.06013080437639173,0.1154962416795427,0.4972405460271083,-14.0,5.230089465556663,0.11962076414880853,False,False,0.0,6.661338147750939e-16,False,False,"[[""H"",47],[""L"",78],[""H"",48],[""L"",81],[""H"",46],[""L"",314],[""H"",48],[""L"",79],[""H"",44],[""L"",81],[""H"",43],[""L"",80]]",False,False,False,ZL1_N3_M3_L78_H46,independent_layer_3nm,134,independent_layer_3nm_ZL1_N3_M3_L78_H46_0134,3,"[1,0,2,3,0,2,2,1,-2,3,-3,2]"
446.7400000000015,3.273496802127454,0.6261556259164808,0.20734917176036077,0.07006552706016238,0.0,16.26750799185783,1.0,True,True,0.0,6.661338147750939e-16,False,False,"[[""H"",45],[""L"",75],[""H"",43],[""L"",79],[""H"",44],[""L"",313],[""H"",45],[""L"",75],[""H"",45],[""L"",79],[""H"",43],[""L"",79]]",False,True,False,ZL1_N3_M3_L78_H46,independent_layer_3nm,135,independent_layer_3nm_ZL1_N3_M3_L78_H46_0135,3,"[-1,-3,-3,1,-2,1,-1,-3,-1,1,-3,1]"
448.1400000000018,3.333942323622921,0.9877340267104356,0.44679366621280925,0.11101558126355482,0.0,14.152050593416224,1.0,True,True,0.0,8.881784197001252e-16,False,False,"[[""H"",44],[""L"",77],[""H"",43],[""L"",78],[""H"",43],[""L"",313],[""H"",46],[""L"",78],[""H"",48],[""L"",79],[""H"",43],[""L"",81]]",False,True,False,ZL1_N3_M3_L78_H46,independent_layer_3nm,136,independent_layer_3nm_ZL1_N3_M3_L78_H46_0136,3,"[-2,-1,-3,0,-3,1,0,0,2,1,-3,3]"
451.6400000000026,3.4412248999623216,0.17703678557449587,0.5170076625168867,0.6114225857229629,-8.0,23.0900607095824,0.5216987911861573,False,False,0.0,6.661338147750939e-16,False,False,"[[""H"",48],[""L"",81],[""H"",44],[""L"",78],[""H"",49],[""L"",310],[""H"",48],[""L"",77],[""H"",43],[""L"",77],[""H"",47],[""L"",80]]",False,False,False,ZL1_N3_M3_L78_H46,independent_layer_3nm,137,independent_layer_3nm_ZL1_N3_M3_L78_H46_0137,3,"[2,3,-2,0,3,-2,2,-1,-3,-1,1,2]"
448.820000000002,3.3858603507063094,0.8059199778404849,0.6669716536153205,0.1445283274811177,0.0,13.79906148680186,1.0,True,True,0.0,8.881784197001252e-16,False,False,"[[""H"",47],[""L"",78],[""H"",48],[""L"",76],[""H"",45],[""L"",311],[""H"",46],[""L"",76],[""H"",49],[""L"",78],[""H"",44],[""L"",75]]",True,True,True,ZL1_N3_M3_L78_H46,independent_layer_3nm,138,independent_layer_3nm_ZL1_N3_M3_L78_H46_0138,3,"[1,0,2,-2,-1,-1,0,-2,3,0,-2,-3]"
449.8600000000023,3.423486366183454,0.4517029689636249,0.9882126850388593,0.2327876273076071,0.0,15.840203024604406,1.0,True,True,0.0,6.661338147750939e-16,False,False,"[[""H"",49],[""L"",75],[""H"",46],[""L"",77],[""H"",46],[""L"",310],[""H"",47],[""L"",77],[""H"",49],[""L"",81],[""H"",44],[""L"",80]]",True,True,True,ZL1_N3_M3_L78_H46,independent_layer_3nm,139,independent_layer_3nm_ZL1_N3_M3_L78_H46_0139,3,"[3,-3,0,-1,0,-2,1,-1,3,3,-2,2]"
447.2600000000017,3.3201875684218862,0.8307344623054951,0.2729049458509091,0.0821982823699309,0.0,15.395449107140418,1.0,True,True,0.0,5.551115123125783e-16,False,False,"[[""H"",48],[""L"",75],[""H"",45],[""L"",75],[""H"",43],[""L"",313],[""H"",46],[""L"",76],[""H"",47],[""L"",79],[""H"",44],[""L"",79]]",False,True,False,ZL1_N3_M3_L78_H46,independent_layer_3nm,140,independent_layer_3nm_ZL1_N3_M3_L78_H46_0140,3,"[2,-3,-1,-3,-3,1,0,-2,1,1,-2,1]"
449.4800000000022,3.33721780609244,0.5532473373806718,0.9034043388806949,0.18962227032153026,0.0,14.325723787084996,1.0,True,True,0.0,6.661338147750939e-16,False,False,"[[""H"",43],[""L"",79],[""H"",45],[""L"",81],[""H"",44],[""L"",315],[""H"",45],[""L"",76],[""H"",43],[""L"",79],[""H"",45],[""L"",81]]",True,True,True,ZL1_N3_M3_L78_H46,independent_layer_3nm,141,independent_layer_3nm_ZL1_N3_M3_L78_H46_0141,3,"[-3,1,-1,3,-2,3,-1,-2,-3,1,-1,3]"
446.8800000000016,3.286018863858203,0.6761648286529051,0.2205310030155405,0.07198707743369588,0.0,16.010624477243695,1.0,True,True,0.0,6.661338147750939e-16,False,False,"[[""H"",44],[""L"",78],[""H"",44],[""L"",79],[""H"",47],[""L"",310],[""H"",44],[""L"",76],[""H"",46],[""L"",79],[""H"",43],[""L"",80]]",False,True,False,ZL1_N3_M3_L78_H46,independent_layer_3nm,142,independent_layer_3nm_ZL1_N3_M3_L78_H46_0142,3,"[-2,0,-2,1,1,-2,-2,-2,0,1,-3,2]"
451.7400000000026,3.415881123916563,0.16717794434066863,0.48461750253891106,0.6441045488638535,-8.0,10.477845008874123,0.4892865070308755,False,False,0.0,6.661338147750939e-16,False,False,"[[""H"",45],[""L"",76],[""H"",47],[""L"",81],[""H"",43],[""L"",315],[""H"",46],[""L"",80],[""H"",47],[""L"",75],[""H"",47],[""L"",79]]",False,False,False,ZL1_N3_M3_L78_H46,independent_layer_3nm,143,independent_layer_3nm_ZL1_N3_M3_L78_H46_0143,3,"[-1,-2,1,3,-3,3,0,2,1,-3,1,1]"
449.3600000000022,3.382854473388477,0.6022127508035305,0.8677775827849226,0.18121367081295242,0.0,14.213346331635861,1.0,True,True,0.0,4.440892098500626e-16,False,False,"[[""H"",47],[""L"",78],[""H"",46],[""L"",77],[""H"",47],[""L"",311],[""H"",44],[""L"",79],[""H"",49],[""L"",77],[""H"",45],[""L"",77]]",True,True,True,ZL1_N3_M3_L78_H46,independent_layer_3nm,144,independent_layer_3nm_ZL1_N3_M3_L78_H46_0144,3,"[1,0,0,-1,1,-1,-2,1,3,-1,-1,-1]"
449.3200000000021,3.375397959606289,0.6150154342762036,0.8558373316859288,0.17856357345775076,0.0,14.090189459804739,1.0,True,True,0.0,7.771561172376096e-16,False,False,"[[""H"",44],[""L"",80],[""H"",46],[""L"",75],[""H"",44],[""L"",314],[""H"",45],[""L"",81],[""H"",44],[""L"",79],[""H"",49],[""L"",79]]",True,True,True,ZL1_N3_M3_L78_H46,independent_layer_3nm,145,independent_layer_3nm_ZL1_N3_M3_L78_H46_0145,3,"[-2,2,0,-3,-2,2,-1,3,-2,1,3,1]"
453.7000000000031,3.5077472929543205,0.0823307100922452,0.1774445349709763,0.855778239659011,-12.0,5.911463877309595,0.1795867223585157,False,False,0.0,5.551115123125783e-16,False,False,"[[""H"",43],[""L"",81],[""H"",49],[""L"",81],[""H"",48],[""L"",312],[""H"",47],[""L"",79],[""H"",43],[""L"",78],[""H"",44],[""L"",78]]",False,False,False,ZL1_N3_M3_L78_H46,independent_layer_3nm,146,independent_layer_3nm_ZL1_N3_M3_L78_H46_0146,3,"[-3,3,3,3,2,0,1,1,-3,0,-2,0]"
454.28000000000327,3.459530071570839,0.06657557100081568,0.13428468532268834,0.6343210327018426,-13.0,5.328890419029685,0.1355357263015846,False,False,0.0,4.440892098500626e-16,False,False,"[[""H"",47],[""L"",80],[""H"",43],[""L"",78],[""H"",49],[""L"",315],[""H"",45],[""L"",80],[""H"",45],[""L"",81],[""H"",45],[""L"",79]]",False,False,False,ZL1_N3_M3_L78_H46,independent_layer_3nm,147,independent_layer_3nm_ZL1_N3_M3_L78_H46_0147,3,"[1,2,-3,0,3,3,-1,2,-1,3,-1,1]"
448.3800000000019,3.3610626608380585,0.9460759174176001,0.5201720616963911,0.12189460291948853,0.0,13.930732781008984,1.0,True,True,0.0,4.440892098500626e-16,False,False,"[[""H"",44],[""L"",78],[""H"",46],[""L"",75],[""H"",43],[""L"",312],[""H"",47],[""L"",81],[""H"",45],[""L"",76],[""H"",49],[""L"",79]]",False,True,False,ZL1_N3_M3_L78_H46,independent_layer_3nm,148,independent_layer_3nm_ZL1_N3_M3_L78_H46_0148,3,"[-2,0,0,-3,-3,0,1,3,-1,-2,3,1]"
458.2200000000041,3.5664559432357237,0.028373501809039935,0.04309457236114264,0.10068776364823465,-18.0,3.910248659518924,0.04374502625726652,False,False,0.0,1.4432899320127035e-15,False,False,"[[""H"",46],[""L"",78],[""H"",49],[""L"",80],[""H"",49],[""L"",315],[""H"",48],[""L"",80],[""H"",43],[""L"",81],[""H"",47],[""L"",80]]",False,False,False,ZL1_N3_M3_L78_H46,independent_layer_3nm,149,independent_layer_3nm_ZL1_N3_M3_L78_H46_0149,3,"[0,0,3,2,3,3,2,2,-3,3,1,2]"
454.7600000000034,3.4959407003617002,0.05958290052117843,0.11419872424983973,0.4885900284813882,-14.0,5.16853835816007,0.11659670089968306,False,False,0.0,8.881784197001252e-16,False,False,"[[""H"",48],[""L"",77],[""H"",44],[""L"",78],[""H"",49],[""L"",311],[""H"",49],[""L"",81],[""H"",47],[""L"",77],[""H"",44],[""L"",78]]",False,False,False,ZL1_N3_M3_L78_H46,independent_layer_3nm,150,independent_layer_3nm_ZL1_N3_M3_L78_H46_0150,3,"[2,-1,-2,0,3,-1,3,3,1,-1,-2,0]"
446.6200000000015,3.3036949701715344,0.5887329354167082,0.19768784864644107,0.06775016480082469,0.0,16.46872766775677,1.0,True,True,0.0,6.661338147750939e-16,False,False,"[[""H"",43],[""L"",78],[""H"",46],[""L"",75],[""H"",45],[""L"",312],[""H"",45],[""L"",75],[""H"",44],[""L"",78],[""H"",49],[""L"",76]]",False,True,False,ZL1_N3_M3_L78_H46,independent_layer_3nm,151,independent_layer_3nm_ZL1_N3_M3_L78_H46_0151,3,"[-3,0,0,-3,-1,0,-1,-3,-2,0,3,-2]"
449.3400000000021,3.38695733171204,0.6047957855952939,0.8627049121568428,0.18104159864149036,0.0,14.260992040871258,1.0,True,True,0.0,6.661338147750939e-16,False,False,"[[""H"",49],[""L"",76],[""H"",44],[""L"",76],[""H"",49],[""L"",309],[""H"",46],[""L"",80],[""H"",44],[""L"",76],[""H"",48],[""L"",78]]",True,True,True,ZL1_N3_M3_L78_H46,independent_layer_3nm,152,independent_layer_3nm_ZL1_N3_M3_L78_H46_0152,3,"[3,-2,-2,-2,3,-3,0,2,-2,-2,2,0]"
447.5000000000017,3.4056818297300993,0.9147818415314211,0.31744322377936784,0.09050282834164625,0.0,15.11917968971231,1.0,True,True,0.0,6.661338147750939e-16,False,False,"[[""H"",49],[""L"",75],[""H"",47],[""L"",75],[""H"",44],[""L"",309],[""H"",49],[""L"",76],[""H"",44],[""L"",79],[""H"",49],[""L"",81]]",False,True,False,ZL1_N3_M3_L78_H46,independent_layer_3nm,153,independent_layer_3nm_ZL1_N3_M3_L78_H46_0153,3,"[3,-3,1,-3,-2,-3,3,-2,-2,1,3,3]"
450.9800000000025,3.436808295023525,0.24380017466316994,0.7487198967955631,0.41924225176625174,-6.0,20.6093550584425,0.7561789381547112,False,False,0.0,4.440892098500626e-16,False,False,"[[""H"",49],[""L"",79],[""H"",46],[""L"",77],[""H"",47],[""L"",314],[""H"",45],[""L"",75],[""H"",44],[""L"",80],[""H"",48],[""L"",77]]",True,False,False,ZL1_N3_M3_L78_H46,independent_layer_3nm,154,independent_layer_3nm_ZL1_N3_M3_L78_H46_0154,3,"[3,1,0,-1,1,2,-1,-3,-2,2,2,-1]"
450.52000000000237,3.4851383750382183,0.3186752691571474,0.9120242537069536,0.3332833070674627,-5.0,18.942831206224817,0.91981956648232,False,True,0.0,6.661338147750939e-16,False,False,"[[""H"",49],[""L"",80],[""H"",45],[""L"",78],[""H"",43],[""L"",312],[""H"",48],[""L"",78],[""H"",49],[""L"",77],[""H"",49],[""L"",77]]",True,True,True,ZL1_N3_M3_L78_H46,independent_layer_3nm,155,independent_layer_3nm_ZL1_N3_M3_L78_H46_0155,3,"[3,2,-1,0,-3,0,2,0,3,-1,3,-1]"
448.20000000000186,3.3696375972872374,0.9819001928816884,0.47010781299567195,0.11475594786023188,0.0,14.17348569989201,1.0,True,True,0.0,6.661338147750939e-16,False,False,"[[""H"",43],[""L"",80],[""H"",43],[""L"",75],[""H"",45],[""L"",309],[""H"",49],[""L"",77],[""H"",47],[""L"",80],[""H"",47],[""L"",79]]",False,True,False,ZL1_N3_M3_L78_H46,independent_layer_3nm,156,independent_layer_3nm_ZL1_N3_M3_L78_H46_0156,3,"[-3,2,-3,-3,-1,-3,3,-1,1,2,1,1]"
453.060000000003,3.486479286950896,0.10331643351471045,0.24080801537790994,0.9930695517191431,-11.0,6.544562620256056,0.24235880790505418,False,False,0.0,5.551115123125783e-16,False,False,"[[""H"",49],[""L"",77],[""H"",46],[""L"",77],[""H"",44],[""L"",315],[""H"",48],[""L"",78],[""H"",46],[""L"",81],[""H"",48],[""L"",80]]",False,False,False,ZL1_N3_M3_L78_H46,independent_layer_3nm,157,independent_layer_3nm_ZL1_N3_M3_L78_H46_0157,3,"[3,-1,0,-1,-2,3,2,0,0,3,2,2]"
457.04000000000383,3.5276882917756893,0.03408692012431225,0.055446907332952405,0.15368737446756836,-17.0,4.343108083565671,0.057204599723805066,False,False,0.0,6.661338147750939e-16,False,False,"[[""H"",44],[""L"",75],[""H"",48],[""L"",76],[""H"",49],[""L"",315],[""H"",49],[""L"",77],[""H"",46],[""L"",78],[""H"",47],[""L"",76]]",False,False,False,ZL1_N3_M3_L78_H46,independent_layer_3nm,158,independent_layer_3nm_ZL1_N3_M3_L78_H46_0158,3,"[-2,-3,2,-2,3,3,3,-1,0,0,1,-2]"
454.6000000000033,3.485275994582821,0.060731788614973366,0.11894282249368945,0.5310263800754627,-13.0,5.3898945592377085,0.1246165182981438,False,False,0.0,6.661338147750939e-16,False,False,"[[""H"",45],[""L"",75],[""H"",43],[""L"",79],[""H"",49],[""L"",313],[""H"",49],[""L"",75],[""H"",46],[""L"",81],[""H"",45],[""L"",79]]",False,False,False,ZL1_N3_M3_L78_H46,independent_layer_3nm,159,independent_layer_3nm_ZL1_N3_M3_L78_H46_0159,3,"[-1,-3,-3,1,3,1,3,-3,0,3,-1,1]"
456.6800000000038,3.5650630503072875,0.03634331256801837,0.060862025579601325,0.18041171312155177,-16.0,4.3931576732286235,0.062304336095436556,False,False,0.0,6.661338147750939e-16,False,False,"[[""H"",43],[""L"",75],[""H"",43],[""L"",80],[""H"",49],[""L"",315],[""H"",49],[""L"",79],[""H"",45],[""L"",76],[""H"",44],[""L"",81]]",False,False,False,ZL1_N3_M3_L78_H46,independent_layer_3nm,160,independent_layer_3nm_ZL1_N3_M3_L78_H46_0160,3,"[-3,-3,-3,2,3,3,3,1,-1,-2,-2,3]"
450.30000000000234,3.4567497375718403,0.35378390597586634,0.9595075251969909,0.29104878999490724,-3.0,17.805982748762542,0.9728243244335528,False,True,0.0,4.440892098500626e-16,False,False,"[[""H"",49],[""L"",76],[""H"",49],[""L"",81],[""H"",45],[""L"",313],[""H"",44],[""L"",80],[""H"",44],[""L"",77],[""H"",47],[""L"",79]]",True,True,True,ZL1_N3_M3_L78_H46,independent_layer_3nm,161,independent_layer_3nm_ZL1_N3_M3_L78_H46_0161,3,"[3,-2,3,3,-1,1,-2,2,-2,-1,1,1]"
452.60000000000286,3.4389321045487122,0.11590562031000176,0.29566996153671354,0.9401754308249,-10.0,7.093847540847055,0.2981587699214038,False,False,0.0,7.771561172376096e-16,False,False,"[[""H"",45],[""L"",76],[""H"",43],[""L"",77],[""H"",48],[""L"",312],[""H"",48],[""L"",81],[""H"",45],[""L"",76],[""H"",45],[""L"",77]]",False,False,False,ZL1_N3_M3_L78_H46,independent_layer_3nm,162,independent_layer_3nm_ZL1_N3_M3_L78_H46_0162,3,"[-1,-2,-3,-1,2,0,2,3,-1,-2,-1,-1]"
447.8800000000018,3.3141284397436266,0.9861894178463884,0.38017153048996827,0.10043882087225171,0.0,14.449206526623081,1.0,True,True,0.0,5.551115123125783e-16,False,False,"[[""H"",47],[""L"",78],[""H"",44],[""L"",76],[""H"",43],[""L"",315],[""H"",44],[""L"",81],[""H"",44],[""L"",78],[""H"",45],[""L"",75]]",False,True,False,ZL1_N3_M3_L78_H46,independent_layer_3nm,163,independent_layer_3nm_ZL1_N3_M3_L78_H46_0163,3,"[1,0,-2,-2,-3,3,-2,3,-2,0,-1,-3]"
445.8000000000013,3.2786358365813726,0.3599514250638538,0.13690717890306592,0.05365315237341696,0.0,17.866340107942964,1.0,True,True,0.0,6.661338147750939e-16,False,False,"[[""H"",43],[""L"",77],[""H"",46],[""L"",75],[""H"",46],[""L"",309],[""H"",45],[""L"",76],[""H"",48],[""L"",77],[""H"",44],[""L"",79]]",False,True,False,ZL1_N3_M3_L78_H46,independent_layer_3nm,164,independent_layer_3nm_ZL1_N3_M3_L78_H46_0164,3,"[-3,-1,0,-3,0,-3,-1,-2,2,-1,-2,1]"
453.320000000003,3.4877564672609083,0.0943851531137971,0.21238474203565877,0.9623150863582037,-11.0,6.370915963626318,0.21793021542684685,False,False,0.0,6.661338147750939e-16,False,False,"[[""H"",46],[""L"",78],[""H"",49],[""L"",81],[""H"",44],[""L"",313],[""H"",49],[""L"",75],[""H"",49],[""L"",76],[""H"",45],[""L"",81]]",False,False,False,ZL1_N3_M3_L78_H46,independent_layer_3nm,165,independent_layer_3nm_ZL1_N3_M3_L78_H46_0165,3,"[0,0,3,3,-2,1,3,-3,3,-2,-1,3]"
453.8200000000031,3.511836963557869,0.08040563285148705,0.17010016643931156,0.8179703610354254,-12.0,5.859516914956734,0.17294172146428097,False,False,0.0,7.771561172376096e-16,False,False,"[[""H"",43],[""L"",76],[""H"",45],[""L"",77],[""H"",49],[""L"",310],[""H"",49],[""L"",80],[""H"",48],[""L"",76],[""H"",49],[""L"",78]]",False,False,False,ZL1_N3_M3_L78_H46,independent_layer_3nm,166,independent_layer_3nm_ZL1_N3_M3_L78_H46_0166,3,"[-3,-2,-1,-1,3,-2,3,2,2,-2,3,0]"
445.8000000000013,3.2684058028802383,0.3579825083068203,0.13728836468831385,0.05445370691210581,0.0,17.888094513504832,1.0,True,True,0.0,7.771561172376096e-16,False,False,"[[""H"",43],[""L"",78],[""H"",43],[""L"",75],[""H"",45],[""L"",314],[""H"",43],[""L"",75],[""H"",44],[""L"",79],[""H"",46],[""L"",80]]",False,True,False,ZL1_N3_M3_L78_H46,independent_layer_3nm,167,independent_layer_3nm_ZL1_N3_M3_L78_H46_0167,3,"[-3,0,-3,-3,-1,2,-3,-3,-2,1,0,2]"
452.4200000000028,3.4792902970430077,0.13129559366515864,0.3363272823424967,0.8952637480671042,-10.0,7.666138457874594,0.33962947648951164,False,False,0.0,6.661338147750939e-16,False,False,"[[""H"",43],[""L"",81],[""H"",47],[""L"",80],[""H"",46],[""L"",310],[""H"",49],[""L"",77],[""H"",49],[""L"",75],[""H"",48],[""L"",81]]",False,False,False,ZL1_N3_M3_L78_H46,independent_layer_3nm,168,independent_layer_3nm_ZL1_N3_M3_L78_H46_0168,3,"[-3,3,1,2,0,-2,3,-1,3,-3,2,3]"
452.980000000003,3.562284296868029,0.11243240048731659,0.26028982765187,0.9916661631997762,-11.0,6.868958749753302,0.2636660544952862,False,False,0.0,5.551115123125783e-16,False,False,"[[""H"",49],[""L"",81],[""H"",47],[""L"",77],[""H"",49],[""L"",311],[""H"",45],[""L"",80],[""H"",48],[""L"",80],[""H"",48],[""L"",81]]",False,False,False,ZL1_N3_M3_L78_H46,independent_layer_3nm,169,independent_layer_3nm_ZL1_N3_M3_L78_H46_0169,3,"[3,3,1,-1,3,-1,-1,2,2,2,2,3]"
447.72000000000173,3.4092641679460485,0.9638087568980379,0.35691200255172806,0.09677061575732718,0.0,14.734011093740436,1.0,True,True,0.0,4.440892098500626e-16,False,False,"[[""H"",49],[""L"",81],[""H"",43],[""L"",81],[""H"",47],[""L"",309],[""H"",44],[""L"",77],[""H"",47],[""L"",81],[""H"",46],[""L"",76]]",False,True,False,ZL1_N3_M3_L78_H46,independent_layer_3nm,170,independent_layer_3nm_ZL1_N3_M3_L78_H46_0170,3,"[3,3,-3,3,1,-3,-2,-1,1,3,0,-2]"
448.560000000002,3.3854363099401894,0.8944348043657047,0.5778351834378211,0.13030069662918486,0.0,13.848112272517794,1.0,True,True,0.0,5.551115123125783e-16,False,False,"[[""H"",47],[""L"",79],[""H"",46],[""L"",76],[""H"",48],[""L"",309],[""H"",44],[""L"",80],[""H"",48],[""L"",81],[""H"",43],[""L"",78]]",False,True,False,ZL1_N3_M3_L78_H46,independent_layer_3nm,171,independent_layer_3nm_ZL1_N3_M3_L78_H46_0171,3,"[1,1,0,-2,2,-3,-2,2,2,3,-3,0]"
456.12000000000364,3.5195504467071146,0.04353523862443716,0.07427078534278006,0.23745142305800393,-16.0,4.743633944328501,0.07853619747825775,False,False,0.0,6.661338147750939e-16,False,False,"[[""H"",46],[""L"",76],[""H"",48],[""L"",78],[""H"",49],[""L"",313],[""H"",48],[""L"",78],[""H"",47],[""L"",80],[""H"",48],[""L"",77]]",False,False,False,ZL1_N3_M3_L78_H46,independent_layer_3nm,172,independent_layer_3nm_ZL1_N3_M3_L78_H46_0172,3,"[0,-2,2,0,3,1,2,0,1,2,2,-1]"
451.20000000000255,3.400246756653303,0.2143153913528532,0.6626072878473707,0.4711431689604334,-7.0,21.383358220222906,0.6677636156650707,False,False,0.0,7.771561172376096e-16,False,False,"[[""H"",47],[""L"",77],[""H"",47],[""L"",75],[""H"",45],[""L"",313],[""H"",48],[""L"",79],[""H"",44],[""L"",77],[""H"",47],[""L"",80]]",True,False,False,ZL1_N3_M3_L78_H46,independent_layer_3nm,173,independent_layer_3nm_ZL1_N3_M3_L78_H46_0173,3,"[1,-1,1,-3,-1,1,2,1,-2,-1,1,2]"
447.0000000000016,3.4453189320511797,0.7466743316216999,0.24910275154739017,0.07819421668551785,0.0,15.835128758495564,1.0,True,True,0.0,6.661338147750939e-16,False,False,"[[""H"",49],[""L"",80],[""H"",47],[""L"",75],[""H"",44],[""L"",309],[""H"",47],[""L"",75],[""H"",49],[""L"",77],[""H"",48],[""L"",79]]",False,True,False,ZL1_N3_M3_L78_H46,independent_layer_3nm,174,independent_layer_3nm_ZL1_N3_M3_L78_H46_0174,3,"[3,2,1,-3,-2,-3,1,-3,3,-1,2,1]"
451.72000000000264,3.4508862665340985,0.17152409756609535,0.4915494751907667,0.6435230439670754,-8.0,11.363434469423606,0.4978032374917,False,False,0.0,4.440892098500626e-16,False,False,"[[""H"",47],[""L"",80],[""H"",49],[""L"",77],[""H"",44],[""L"",314],[""H"",47],[""L"",77],[""H"",46],[""L"",80],[""H"",45],[""L"",80]]",False,False,False,ZL1_N3_M3_L78_H46,independent_layer_3nm,175,independent_layer_3nm_ZL1_N3_M3_L78_H46_0175,3,"[1,2,3,-1,-2,2,1,-1,0,2,-1,2]"
448.50000000000193,3.394814341268159,0.911488333580053,0.559423841882718,0.1282048969802037,0.0,13.905684264336667,1.0,True,True,0.0,6.661338147750939e-16,False,False,"[[""H"",48],[""L"",75],[""H"",48],[""L"",79],[""H"",46],[""L"",309],[""H"",46],[""L"",81],[""H"",43],[""L"",75],[""H"",49],[""L"",76]]",False,True,False,ZL1_N3_M3_L78_H46,independent_layer_3nm,176,independent_layer_3nm_ZL1_N3_M3_L78_H46_0176,3,"[2,-3,2,1,0,-3,0,3,-3,-3,3,-2]"
450.96000000000254,3.408074490915965,0.2399107279666099,0.7480211100326148,0.4172418120493349,-6.0,20.558795138322754,0.7532670908598603,False,False,0.0,1.1102230246251565e-15,False,False,"[[""H"",46],[""L"",76],[""H"",43],[""L"",78],[""H"",47],[""L"",314],[""H"",46],[""L"",75],[""H"",44],[""L"",81],[""H"",49],[""L"",76]]",True,False,False,ZL1_N3_M3_L78_H46,independent_layer_3nm,177,independent_layer_3nm_ZL1_N3_M3_L78_H46_0177,3,"[0,-2,-3,0,1,2,0,-3,-2,3,3,-2]"
444.8200000000011,3.337277871066931,0.21591718035120194,0.09607544480137323,0.04254415022365517,0.0,19.462640947672146,1.0,True,True,0.0,5.551115123125783e-16,False,False,"[[""H"",48],[""L"",76],[""H"",48],[""L"",77],[""H"",46],[""L"",309],[""H"",43],[""L"",75],[""H"",45],[""L"",80],[""H"",46],[""L"",78]]",False,True,False,ZL1_N3_M3_L78_H46,independent_layer_3nm,178,independent_layer_3nm_ZL1_N3_M3_L78_H46_0178,3,"[2,-2,2,-1,0,-3,-3,-3,-1,2,0,0]"
450.3200000000023,3.473624146124962,0.3543146180478433,0.961924982912314,0.29870607326212756,-4.0,18.05285359451844,0.9678095588369426,False,True,0.0,8.881784197001252e-16,False,False,"[[""H"",48],[""L"",77],[""H"",48],[""L"",75],[""H"",44],[""L"",311],[""H"",48],[""L"",78],[""H"",49],[""L"",79],[""H"",48],[""L"",78]]",True,True,True,ZL1_N3_M3_L78_H46,independent_layer_3nm,179,independent_layer_3nm_ZL1_N3_M3_L78_H46_0179,3,"[2,-1,2,-3,-2,-1,2,0,3,1,2,0]"
443.3600000000008,3.232810089859413,0.11295196750232926,0.060392662479359524,0.031295593129505514,0.0,21.866209131234115,1.0,True,True,0.0,6.661338147750939e-16,False,False,"[[""H"",46],[""L"",81],[""H"",44],[""L"",79],[""H"",43],[""L"",311],[""H"",43],[""L"",76],[""H"",44],[""L"",78],[""H"",43],[""L"",78]]",False,True,False,ZL1_N3_M3_L78_H46,independent_layer_3nm,180,independent_layer_3nm_ZL1_N3_M3_L78_H46_0180,3,"[0,3,-2,1,-3,-1,-3,-2,-2,0,-3,0]"
451.34000000000253,3.461710181699061,0.20587745948965785,0.6150527864865998,0.5199044202798363,-7.0,21.964953186982346,0.6233527115184992,False,False,0.0,5.551115123125783e-16,False,False,"[[""H"",49],[""L"",78],[""H"",48],[""L"",77],[""H"",47],[""L"",314],[""H"",44],[""L"",77],[""H"",45],[""L"",80],[""H"",47],[""L"",80]]",True,False,False,ZL1_N3_M3_L78_H46,independent_layer_3nm,181,independent_layer_3nm_ZL1_N3_M3_L78_H46_0181,3,"[3,0,2,-1,1,2,-2,-1,-1,2,1,2]"
447.32000000000164,3.4183318741153244,0.8544348318402958,0.2879736343154741,0.08510316042010385,0.0,15.315704963988294,1.0,True,True,0.0,4.440892098500626e-16,False,False,"[[""H"",48],[""L"",77],[""H"",48],[""L"",78],[""H"",45],[""L"",309],[""H"",44],[""L"",80],[""H"",49],[""L"",81],[""H"",43],[""L"",78]]",False,True,False,ZL1_N3_M3_L78_H46,independent_layer_3nm,182,independent_layer_3nm_ZL1_N3_M3_L78_H46_0182,3,"[2,-1,2,0,-1,-3,-2,2,3,3,-3,0]"
453.340000000003,3.486926641932655,0.0898295866465294,0.20421174955258675,0.952505948539554,-11.0,6.328079557134773,0.21124904392406488,False,False,0.0,6.661338147750939e-16,False,False,"[[""H"",43],[""L"",75],[""H"",44],[""L"",75],[""H"",49],[""L"",315],[""H"",45],[""L"",81],[""H"",46],[""L"",75],[""H"",49],[""L"",75]]",False,False,False,ZL1_N3_M3_L78_H46,independent_layer_3nm,183,independent_layer_3nm_ZL1_N3_M3_L78_H46_0183,3,"[-3,-3,-2,-3,3,3,-1,3,0,-3,3,-3]"
449.3000000000021,3.3678880339403463,0.6174124383619681,0.8524172809214323,0.17756025936444114,0.0,14.135032830257234,1.0,True,True,0.0,6.661338147750939e-16,False,False,"[[""H"",45],[""L"",76],[""H"",46],[""L"",79],[""H"",45],[""L"",309],[""H"",48],[""L"",79],[""H"",48],[""L"",78],[""H"",44],[""L"",75]]",True,True,True,ZL1_N3_M3_L78_H46,independent_layer_3nm,184,independent_layer_3nm_ZL1_N3_M3_L78_H46_0184,3,"[-1,-2,0,1,-1,-3,2,1,2,0,-2,-3]"
447.0000000000016,3.346402660496153,0.730331995730052,0.23877020386661107,0.07543308131280471,0.0,15.790074014322437,1.0,True,True,0.0,1.1102230246251565e-15,False,False,"[[""H"",46],[""L"",81],[""H"",47],[""L"",75],[""H"",44],[""L"",309],[""H"",47],[""L"",81],[""H"",43],[""L"",81],[""H"",46],[""L"",76]]",False,True,False,ZL1_N3_M3_L78_H46,independent_layer_3nm,185,independent_layer_3nm_ZL1_N3_M3_L78_H46_0185,3,"[0,3,1,-3,-2,-3,1,3,-3,3,0,-2]"
453.52000000000305,3.482342617593986,0.08622615145612372,0.18984034975560105,0.9090351966254249,-12.0,6.067293021819522,0.19260471453154313,False,False,0.0,6.661338147750939e-16,False,False,"[[""H"",44],[""L"",75],[""H"",49],[""L"",79],[""H"",47],[""L"",315],[""H"",46],[""L"",77],[""H"",43],[""L"",79],[""H"",49],[""L"",80]]",False,False,False,ZL1_N3_M3_L78_H46,independent_layer_3nm,186,independent_layer_3nm_ZL1_N3_M3_L78_H46_0186,3,"[-2,-3,3,1,1,3,0,-1,-3,1,3,2]"
451.84000000000265,3.433089712346714,0.16063000122280668,0.4559113607425903,0.683663610212794,-8.0,9.731413143465247,0.466859752108689,False,False,0.0,6.661338147750939e-16,False,False,"[[""H"",48],[""L"",78],[""H"",48],[""L"",77],[""H"",45],[""L"",315],[""H"",45],[""L"",80],[""H"",45],[""L"",80],[""H"",45],[""L"",77]]",False,False,False,ZL1_N3_M3_L78_H46,independent_layer_3nm,187,independent_layer_3nm_ZL1_N3_M3_L78_H46_0187,3,"[2,0,2,-1,-1,3,-1,2,-1,2,-1,-1]"
454.2200000000032,3.494583952970004,0.07046541892126501,0.14185555863736088,0.6622725665484435,-13.0,5.4753351859798265,0.14333005715839928,False,False,0.0,6.661338147750939e-16,False,False,"[[""H"",48],[""L"",78],[""H"",47],[""L"",80],[""H"",47],[""L"",313],[""H"",48],[""L"",78],[""H"",45],[""L"",75],[""H"",49],[""L"",79]]",False,False,False,ZL1_N3_M3_L78_H46,independent_layer_3nm,188,independent_layer_3nm_ZL1_N3_M3_L78_H46_0188,3,"[2,0,1,2,1,1,2,0,-1,-3,3,1]"
449.6800000000022,3.4038211264882534,0.5013776935838499,0.9572844352388358,0.2116295946783736,0.0,15.111665827280934,1.0,True,True,0.0,6.661338147750939e-16,False,False,"[[""H"",43],[""L"",76],[""H"",47],[""L"",78],[""H"",49],[""L"",309],[""H"",44],[""L"",80],[""H"",49],[""L"",76],[""H"",46],[""L"",75]]",True,True,True,ZL1_N3_M3_L78_H46,independent_layer_3nm,189,independent_layer_3nm_ZL1_N3_M3_L78_H46_0189,3,"[-3,-2,1,0,3,-3,-2,2,3,-2,0,-3]"
446.5800000000015,3.310786869732169,0.5752218898748329,0.19478219622061643,0.06745168985693983,0.0,16.497689775579094,1.0,True,True,0.0,6.661338147750939e-16,False,False,"[[""H"",44],[""L"",76],[""H"",46],[""L"",75],[""H"",43],[""L"",315],[""H"",43],[""L"",79],[""H"",44],[""L"",75],[""H"",49],[""L"",80]]",False,True,False,ZL1_N3_M3_L78_H46,independent_layer_3nm,190,independent_layer_3nm_ZL1_N3_M3_L78_H46_0190,3,"[-2,-2,0,-3,-3,3,-3,1,-2,-3,3,2]"
448.2400000000018,3.4090913799498708,0.9767120278858641,0.48330787026052024,0.11692536439882717,0.0,14.159936308757302,1.0,True,True,0.0,8.881784197001252e-16,False,False,"[[""H"",49],[""L"",75],[""H"",45],[""L"",77],[""H"",45],[""L"",309],[""H"",48],[""L"",76],[""H"",47],[""L"",80],[""H"",49],[""L"",75]]",False,True,False,ZL1_N3_M3_L78_H46,independent_layer_3nm,191,independent_layer_3nm_ZL1_N3_M3_L78_H46_0191,3,"[3,-3,-1,-1,-1,-3,2,-2,1,2,3,-3]"
444.08000000000095,3.3152315655306666,0.15407241225919455,0.075674113655948,0.03636207499479148,0.0,20.61372730899065,1.0,True,True,0.0,4.440892098500626e-16,False,False,"[[""H"",47],[""L"",75],[""H"",48],[""L"",81],[""H"",43],[""L"",310],[""H"",43],[""L"",77],[""H"",43],[""L"",80],[""H"",47],[""L"",75]]",False,True,False,ZL1_N3_M3_L78_H46,independent_layer_3nm,192,independent_layer_3nm_ZL1_N3_M3_L78_H46_0192,3,"[1,-3,2,3,-3,-2,-3,-1,-3,2,1,-3]"
448.46000000000197,3.364894948197673,0.9242874843597411,0.5412154371617052,0.12479467024988639,0.0,13.878676978550422,1.0,True,True,0.0,6.661338147750939e-16,False,False,"[[""H"",46],[""L"",75],[""H"",48],[""L"",79],[""H"",46],[""L"",312],[""H"",43],[""L"",76],[""H"",49],[""L"",77],[""H"",44],[""L"",79]]",False,True,False,ZL1_N3_M3_L78_H46,independent_layer_3nm,193,independent_layer_3nm_ZL1_N3_M3_L78_H46_0193,3,"[0,-3,2,1,0,0,-3,-2,3,-1,-2,1]"
450.2600000000024,3.370228354696792,0.3459801421100147,0.9698680498034795,0.28281318218550766,-3.0,17.569613594882274,0.9762017532724213,False,True,0.0,5.551115123125783e-16,False,False,"[[""H"",45],[""L"",75],[""H"",45],[""L"",78],[""H"",43],[""L"",315],[""H"",48],[""L"",75],[""H"",46],[""L"",77],[""H"",43],[""L"",75]]",True,True,True,ZL1_N3_M3_L78_H46,independent_layer_3nm,194,independent_layer_3nm_ZL1_N3_M3_L78_H46_0194,3,"[-1,-3,-1,0,-3,3,2,-3,0,-1,-3,-3]"
448.32000000000187,3.3142663409464035,0.9575300480236708,0.4932024769903432,0.11706737178378251,0.0,13.942488266855905,1.0,True,True,0.0,6.661338147750939e-16,False,False,"[[""H"",43],[""L"",78],[""H"",45],[""L"",81],[""H"",45],[""L"",311],[""H"",46],[""L"",76],[""H"",46],[""L"",78],[""H"",44],[""L"",77]]",False,True,False,ZL1_N3_M3_L78_H46,independent_layer_3nm,195,independent_layer_3nm_ZL1_N3_M3_L78_H46_0195,3,"[-3,0,-1,3,-1,-1,0,-2,0,0,-2,-1]"
447.8000000000018,3.3361725814332317,0.9754574387615413,0.3635419274747598,0.09679574631617263,0.0,14.59754588623647,1.0,True,True,0.0,5.551115123125783e-16,False,False,"[[""H"",46],[""L"",81],[""H"",45],[""L"",79],[""H"",47],[""L"",309],[""H"",45],[""L"",77],[""H"",46],[""L"",79],[""H"",44],[""L"",78]]",False,True,False,ZL1_N3_M3_L78_H46,independent_layer_3nm,196,independent_layer_3nm_ZL1_N3_M3_L78_H46_0196,3,"[0,3,-1,1,1,-3,-1,-1,0,1,-2,0]"
451.7600000000027,3.4932094605417205,0.17291264008184032,0.4891506832581929,0.6671246481235014,-8.0,10.966361264622979,0.4939717149994236,False,False,0.0,7.771561172376096e-16,False,False,"[[""H"",47],[""L"",78],[""H"",43],[""L"",75],[""H"",45],[""L"",313],[""H"",48],[""L"",79],[""H"",49],[""L"",78],[""H"",49],[""L"",79]]",False,False,False,ZL1_N3_M3_L78_H46,independent_layer_3nm,197,independent_layer_3nm_ZL1_N3_M3_L78_H46_0197,3,"[1,0,-3,-3,-1,1,2,1,3,0,3,1]"
449.020000000002,3.3463060597409253,0.7223138079884546,0.7393128760193155,0.15835134368212453,0.0,13.85618694210932,1.0,True,True,0.0,6.661338147750939e-16,False,False,"[[""H"",44],[""L"",76],[""H"",43],[""L"",77],[""H"",49],[""L"",313],[""H"",44],[""L"",75],[""H"",44],[""L"",75],[""H"",45],[""L"",76]]",True,True,True,ZL1_N3_M3_L78_H46,independent_layer_3nm,198,independent_layer_3nm_ZL1_N3_M3_L78_H46_0198,3,"[-2,-2,-3,-1,3,1,-2,-3,-2,-3,-1,-2]"
448.560000000002,3.4432371192980895,0.8900900955283364,0.5850034898417309,0.13507901176897025,0.0,14.02610005684636,1.0,True,True,0.0,5.551115123125783e-16,False,False,"[[""H"",48],[""L"",81],[""H"",47],[""L"",79],[""H"",49],[""L"",309],[""H"",45],[""L"",75],[""H"",43],[""L"",75],[""H"",45],[""L"",76]]",False,True,False,ZL1_N3_M3_L78_H46,independent_layer_3nm,199,independent_layer_3nm_ZL1_N3_M3_L78_H46_0199,3,"[2,3,1,1,3,-3,-1,-3,-3,-3,-1,-2]"
446.3600000000015,3.2718200447068853,0.4979019852918073,0.1733878167454555,0.06267422618159613,0.0,16.950820764341604,1.0,True,True,0.0,6.661338147750939e-16,False,False,"[[""H"",45],[""L"",76],[""H"",43],[""L"",78],[""H"",44],[""L"",311],[""H"",46],[""L"",78],[""H"",45],[""L"",75],[""H"",46],[""L"",75]]",False,True,False,ZL1_N3_M3_L78_H46,independent_layer_3nm,200,independent_layer_3nm_ZL1_N3_M3_L78_H46_0200,3,"[-1,-2,-3,0,-2,-1,0,0,-1,-3,0,-3]"
449.0800000000021,3.4000672574679243,0.7103549580834924,0.7677798844395556,0.16159156442353667,0.0,13.86549184744513,1.0,True,True,0.0,4.440892098500626e-16,False,False,"[[""H"",47],[""L"",81],[""H"",43],[""L"",81],[""H"",43],[""L"",311],[""H"",47],[""L"",79],[""H"",49],[""L"",75],[""H"",47],[""L"",79]]",True,True,True,ZL1_N3_M3_L78_H46,independent_layer_3nm,201,independent_layer_3nm_ZL1_N3_M3_L78_H46_0201,3,"[1,3,-3,3,-3,-1,1,1,3,-3,1,1]"
454.0000000000032,3.487368818402672,0.07378226312435941,0.15329989040209946,0.741400038899179,-13.0,5.77318859501313,0.16002950052821913,False,False,0.0,5.551115123125783e-16,False,False,"[[""H"",45],[""L"",80],[""H"",48],[""L"",81],[""H"",48],[""L"",314],[""H"",45],[""L"",80],[""H"",44],[""L"",78],[""H"",44],[""L"",78]]",False,False,False,ZL1_N3_M3_L78_H46,independent_layer_3nm,202,independent_layer_3nm_ZL1_N3_M3_L78_H46_0202,3,"[-1,2,2,3,2,2,-1,2,-2,0,-2,0]"
447.82000000000176,3.3110948168896925,0.9821263504153779,0.3705858022183447,0.09907236433414796,0.0,14.52188023885371,1.0,True,True,0.0,6.661338147750939e-16,False,False,"[[""H"",43],[""L"",77],[""H"",43],[""L"",81],[""H"",44],[""L"",313],[""H"",44],[""L"",79],[""H"",47],[""L"",77],[""H"",43],[""L"",79]]",False,True,False,ZL1_N3_M3_L78_H46,independent_layer_3nm,203,independent_layer_3nm_ZL1_N3_M3_L78_H46_0203,3,"[-3,-1,-3,3,-2,1,-2,1,1,-1,-3,1]"
444.86000000000115,3.264998859829632,0.2161004267542206,0.09567979673495078,0.04244780137548988,0.0,19.356480166426614,1.0,True,True,0.0,4.440892098500626e-16,False,False,"[[""H"",43],[""L"",80],[""H"",44],[""L"",80],[""H"",43],[""L"",309],[""H"",45],[""L"",80],[""H"",45],[""L"",80],[""H"",45],[""L"",75]]",False,True,False,ZL1_N3_M3_L78_H46,independent_layer_3nm,204,independent_layer_3nm_ZL1_N3_M3_L78_H46_0204,3,"[-3,2,-2,2,-3,-3,-1,2,-1,2,-1,-3]"
451.46000000000265,3.4216536255981964,0.18854983370891243,0.5678789920899214,0.5537030166404839,-8.0,22.436525255253734,0.5779649841984501,False,False,0.0,6.661338147750939e-16,False,False,"[[""H"",45],[""L"",75],[""H"",43],[""L"",81],[""H"",49],[""L"",313],[""H"",44],[""L"",77],[""H"",46],[""L"",77],[""H"",48],[""L"",78]]",False,False,False,ZL1_N3_M3_L78_H46,independent_layer_3nm,205,independent_layer_3nm_ZL1_N3_M3_L78_H46_0205,3,"[-1,-3,-3,3,3,1,-2,-1,0,-1,2,0]"
451.32000000000255,3.4195584152695915,0.20294876096100084,0.615751797719839,0.5117783474058948,-7.0,21.94132426878974,0.6219786520829842,False,False,0.0,4.440892098500626e-16,False,False,"[[""H"",45],[""L"",81],[""H"",46],[""L"",75],[""H"",49],[""L"",311],[""H"",46],[""L"",75],[""H"",49],[""L"",79],[""H"",45],[""L"",77]]",True,False,False,ZL1_N3_M3_L78_H46,independent_layer_3nm,206,independent_layer_3nm_ZL1_N3_M3_L78_H46_0206,3,"[-1,3,0,-3,3,-1,0,-3,3,1,-1,-1]"
449.2000000000021,3.41992134927375,0.657949115138843,0.8135069296243875,0.17183904666002706,0.0,14.115913473231913,1.0,True,True,0.0,1.1102230246251565e-15,False,False,"[[""H"",47],[""L"",79],[""H"",49],[""L"",75],[""H"",49],[""L"",311],[""H"",43],[""L"",75],[""H"",48],[""L"",76],[""H"",45],[""L"",79]]",True,True,True,ZL1_N3_M3_L78_H46,independent_layer_3nm,207,independent_layer_3nm_ZL1_N3_M3_L78_H46_0207,3,"[1,1,3,-3,3,-1,-3,-3,2,-2,-1,1]"
446.8400000000015,3.336476409748002,0.6695392728448761,0.2201528345011317,0.07177765694622605,0.0,16.02782433629098,1.0,True,True,0.0,6.661338147750939e-16,False,False,"[[""H"",45],[""L"",76],[""H"",47],[""L"",79],[""H"",44],[""L"",309],[""H"",45],[""L"",81],[""H"",48],[""L"",77],[""H"",45],[""L"",77]]",False,True,False,ZL1_N3_M3_L78_H46,independent_layer_3nm,208,independent_layer_3nm_ZL1_N3_M3_L78_H46_0208,3,"[-1,-2,1,1,-2,-3,-1,3,2,-1,-1,-1]"
453.8800000000032,3.4842262429070274,0.07775699290668064,0.16330836128339385,0.7911213010614355,-12.0,5.7719228168205134,0.1672019384035731,False,False,0.0,5.551115123125783e-16,False,False,"[[""H"",45],[""L"",76],[""H"",48],[""L"",81],[""H"",48],[""L"",314],[""H"",45],[""L"",76],[""H"",48],[""L"",77],[""H"",48],[""L"",77]]",False,False,False,ZL1_N3_M3_L78_H46,independent_layer_3nm,209,independent_layer_3nm_ZL1_N3_M3_L78_H46_0209,3,"[-1,-2,2,3,2,2,-1,-2,2,-1,2,-1]"
446.2400000000014,3.3360252333579865,0.47038782590315165,0.16721513386267067,0.061025205387070486,0.0,17.0390533299147,1.0,True,True,0.0,5.551115123125783e-16,False,False,"[[""H"",46],[""L"",80],[""H"",47],[""L"",81],[""H"",44],[""L"",312],[""H"",43],[""L"",76],[""H"",43],[""L"",80],[""H"",45],[""L"",78]]",False,True,False,ZL1_N3_M3_L78_H46,independent_layer_3nm,210,independent_layer_3nm_ZL1_N3_M3_L78_H46_0210,3,"[0,2,1,3,-2,0,-3,-2,-3,2,-1,0]"
448.940000000002,3.3996847308464453,0.7544774270128313,0.7153937621707468,0.15325531142400856,0.0,13.86306638325543,1.0,True,True,0.0,8.881784197001252e-16,False,False,"[[""H"",49],[""L"",78],[""H"",44],[""L"",80],[""H"",49],[""L"",309],[""H"",45],[""L"",78],[""H"",43],[""L"",76],[""H"",47],[""L"",81]]",True,True,True,ZL1_N3_M3_L78_H46,independent_layer_3nm,211,independent_layer_3nm_ZL1_N3_M3_L78_H46_0211,3,"[3,0,-2,2,3,-3,-1,0,-3,-2,1,3]"
450.7400000000024,3.3799485617302025,0.2659783471601121,0.8297259580726521,0.36451510474661186,-5.0,19.58984729671328,0.8389483349434163,False,True,0.0,6.661338147750939e-16,False,False,"[[""H"",46],[""L"",78],[""H"",46],[""L"",80],[""H"",45],[""L"",315],[""H"",45],[""L"",76],[""H"",46],[""L"",76],[""H"",43],[""L"",78]]",True,True,True,ZL1_N3_M3_L78_H46,independent_layer_3nm,212,independent_layer_3nm_ZL1_N3_M3_L78_H46_0212,3,"[0,0,0,2,-1,3,-1,-2,0,-2,-3,0]"
452.74000000000285,3.448975594142098,0.11163352327289124,0.27643107871114014,0.9682978875968755,-10.0,7.039359138598735,0.28259903946635756,False,False,0.0,5.551115123125783e-16,False,False,"[[""H"",48],[""L"",76],[""H"",46],[""L"",78],[""H"",49],[""L"",312],[""H"",46],[""L"",81],[""H"",44],[""L"",75],[""H"",45],[""L"",80]]",False,False,False,ZL1_N3_M3_L78_H46,independent_layer_3nm,213,independent_layer_3nm_ZL1_N3_M3_L78_H46_0213,3,"[2,-2,0,0,3,0,0,3,-2,-3,-1,2]"
452.36000000000286,3.447635273018534,0.1300876438928874,0.3402422229646364,0.8715391818247544,-10.0,7.733233999900097,0.347525569619489,False,False,0.0,8.881784197001252e-16,False,False,"[[""H"",46],[""L"",77],[""H"",46],[""L"",81],[""H"",49],[""L"",314],[""H"",43],[""L"",76],[""H"",46],[""L"",80],[""H"",47],[""L"",77]]",False,False,False,ZL1_N3_M3_L78_H46,independent_layer_3nm,214,independent_layer_3nm_ZL1_N3_M3_L78_H46_0214,3,"[0,-1,0,3,3,2,-3,-2,0,2,1,-1]"
450.3800000000024,3.5334448666485514,0.3474637336457408,0.9409055072525143,0.310967841793202,-4.0,18.3961686836847,0.9561459536389763,False,True,0.0,6.661338147750939e-16,False,False,"[[""H"",49],[""L"",80],[""H"",49],[""L"",80],[""H"",48],[""L"",312],[""H"",43],[""L"",75],[""H"",45],[""L"",79],[""H"",48],[""L"",77]]",True,True,True,ZL1_N3_M3_L78_H46,independent_layer_3nm,215,independent_layer_3nm_ZL1_N3_M3_L78_H46_0215,3,"[3,2,3,2,2,0,-3,-3,-1,1,2,-1]"
448.3000000000019,3.359183507483465,0.9632081153935805,0.4919775901892683,0.11684488975792517,0.0,13.97340609674865,1.0,True,True,0.0,5.551115123125783e-16,False,False,"[[""H"",46],[""L"",81],[""H"",46],[""L"",79],[""H"",43],[""L"",310],[""H"",48],[""L"",80],[""H"",43],[""L"",80],[""H"",46],[""L"",79]]",False,True,False,ZL1_N3_M3_L78_H46,independent_layer_3nm,216,independent_layer_3nm_ZL1_N3_M3_L78_H46_0216,3,"[0,3,0,1,-3,-2,2,2,-3,2,0,1]"
447.04000000000156,3.312342232227877,0.7472496378679592,0.24329945217773719,0.07666630274976918,0.0,15.727854953298802,1.0,True,True,0.0,6.661338147750939e-16,False,False,"[[""H"",48],[""L"",77],[""H"",43],[""L"",80],[""H"",43],[""L"",311],[""H"",47],[""L"",77],[""H"",45],[""L"",77],[""H"",46],[""L"",75]]",False,True,False,ZL1_N3_M3_L78_H46,independent_layer_3nm,217,independent_layer_3nm_ZL1_N3_M3_L78_H46_0217,3,"[2,-1,-3,2,-3,-1,1,-1,-1,-1,0,-3]"
448.32000000000187,3.3429221497767116,0.9591990899381242,0.4960178225958153,0.11759840931112431,0.0,13.979526811773006,1.0,True,True,0.0,6.661338147750939e-16,False,False,"[[""H"",47],[""L"",78],[""H"",43],[""L"",77],[""H"",47],[""L"",310],[""H"",45],[""L"",79],[""H"",48],[""L"",77],[""H"",44],[""L"",80]]",False,True,False,ZL1_N3_M3_L78_H46,independent_layer_3nm,218,independent_layer_3nm_ZL1_N3_M3_L78_H46_0218,3,"[1,0,-3,-1,1,-2,-1,1,2,-1,-2,2]"
452.8200000000029,3.5369776387926777,0.11654086621991555,0.2788846058454546,0.980676740786027,-11.0,7.245239699029369,0.287701940301822,False,False,0.0,7.771561172376096e-16,False,False,"[[""H"",48],[""L"",79],[""H"",49],[""L"",79],[""H"",47],[""L"",309],[""H"",48],[""L"",81],[""H"",49],[""L"",76],[""H"",44],[""L"",77]]",False,False,False,ZL1_N3_M3_L78_H46,independent_layer_3nm,219,independent_layer_3nm_ZL1_N3_M3_L78_H46_0219,3,"[2,1,3,1,1,-3,2,3,3,-2,-2,-1]"
451.4200000000026,3.5432725202420556,0.20725644934498016,0.5995354766269567,0.5536250414508581,-7.0,22.514990733039156,0.6125410877581989,False,False,0.0,6.661338147750939e-16,False,False,"[[""H"",49],[""L"",81],[""H"",48],[""L"",81],[""H"",46],[""L"",309],[""H"",47],[""L"",80],[""H"",49],[""L"",77],[""H"",43],[""L"",78]]",False,False,False,ZL1_N3_M3_L78_H46,independent_layer_3nm,220,independent_layer_3nm_ZL1_N3_M3_L78_H46_0220,3,"[3,3,2,3,0,-3,1,2,3,-1,-3,0]"
450.9800000000025,3.4040231973785353,0.23867394190006422,0.7410196175144088,0.41816710635028864,-6.0,20.595274633389955,0.7481474658026895,False,False,0.0,6.661338147750939e-16,False,False,"[[""H"",45],[""L"",81],[""H"",47],[""L"",80],[""H"",45],[""L"",311],[""H"",48],[""L"",79],[""H"",44],[""L"",79],[""H"",45],[""L"",77]]",True,False,False,ZL1_N3_M3_L78_H46,independent_layer_3nm,221,independent_layer_3nm_ZL1_N3_M3_L78_H46_0221,3,"[-1,3,1,2,-1,-1,2,1,-2,1,-1,-1]"
452.76000000000295,3.4433010187033233,0.11054244525908857,0.2720680516123629,0.9722966005907017,-10.0,7.011101751445096,0.27925146130366674,False,False,0.0,6.661338147750939e-16,False,False,"[[""H"",44],[""L"",81],[""H"",46],[""L"",80],[""H"",49],[""L"",311],[""H"",46],[""L"",81],[""H"",44],[""L"",78],[""H"",45],[""L"",78]]",False,False,False,ZL1_N3_M3_L78_H46,independent_layer_3nm,222,independent_layer_3nm_ZL1_N3_M3_L78_H46_0222,3,"[-2,3,0,2,3,-1,0,3,-2,0,-1,0]"
449.8600000000023,3.372633117995292,0.4433118305109002,0.9853351934049328,0.22827721373658172,0.0,15.720552041645881,1.0,True,True,0.0,5.551115123125783e-16,False,False,"[[""H"",46],[""L"",81],[""H"",44],[""L"",81],[""H"",47],[""L"",309],[""H"",48],[""L"",75],[""H"",46],[""L"",77],[""H"",45],[""L"",76]]",True,True,True,ZL1_N3_M3_L78_H46,independent_layer_3nm,223,independent_layer_3nm_ZL1_N3_M3_L78_H46_0223,3,"[0,3,-2,3,1,-3,2,-3,0,-1,-1,-2]"
451.70000000000266,3.4615197758386103,0.17280898156441382,0.4976957438724502,0.6364019056878252,-8.0,23.355735146230522,0.5049321509941715,False,False,0.0,6.661338147750939e-16,False,False,"[[""H"",45],[""L"",78],[""H"",49],[""L"",80],[""H"",49],[""L"",311],[""H"",45],[""L"",75],[""H"",47],[""L"",78],[""H"",44],[""L"",77]]",False,False,False,ZL1_N3_M3_L78_H46,independent_layer_3nm,224,independent_layer_3nm_ZL1_N3_M3_L78_H46_0224,3,"[-1,0,3,2,3,-1,-1,-3,1,0,-2,-1]"
450.7400000000024,3.4317512763306013,0.27590694354889544,0.835367063906668,0.3669885072789777,-5.0,19.717214300869806,0.845343585121551,False,True,0.0,6.661338147750939e-16,False,False,"[[""H"",45],[""L"",80],[""H"",48],[""L"",77],[""H"",48],[""L"",310],[""H"",45],[""L"",80],[""H"",48],[""L"",76],[""H"",47],[""L"",75]]",True,True,True,ZL1_N3_M3_L78_H46,independent_layer_3nm,225,independent_layer_3nm_ZL1_N3_M3_L78_H46_0225,3,"[-1,2,2,-1,2,-2,-1,2,2,-2,1,-3]"
453.38000000000306,3.472915222002314,0.09122656591657306,0.20431357341614928,0.950202205594901,-11.0,6.324034208295534,0.21152586718700328,False,False,0.0,5.551115123125783e-16,False,False,"[[""H"",45],[""L"",80],[""H"",48],[""L"",77],[""H"",45],[""L"",313],[""H"",48],[""L"",81],[""H"",48],[""L"",76],[""H"",46],[""L"",75]]",False,False,False,ZL1_N3_M3_L78_H46,independent_layer_3nm,226,independent_layer_3nm_ZL1_N3_M3_L78_H46_0226,3,"[-1,2,2,-1,-1,1,2,3,2,-2,0,-3]"
450.2400000000023,3.389120658890363,0.3569703319937334,0.974370368281833,0.2780670155427074,-3.0,17.502825434933786,0.9803531033044791,False,True,0.0,6.661338147750939e-16,False,False,"[[""H"",43],[""L"",81],[""H"",43],[""L"",78],[""H"",48],[""L"",311],[""H"",46],[""L"",75],[""H"",48],[""L"",78],[""H"",47],[""L"",80]]",True,True,True,ZL1_N3_M3_L78_H46,independent_layer_3nm,227,independent_layer_3nm_ZL1_N3_M3_L78_H46_0227,3,"[-3,3,-3,0,2,-1,0,-3,2,0,1,2]"
450.06000000000233,3.399249571285395,0.40182247176923724,0.9947878481997574,0.253145951015716,-1.0,16.58542054506075,0.999332125825703,True,True,0.0,1.4432899320127035e-15,False,False,"[[""H"",44],[""L"",81],[""H"",45],[""L"",79],[""H"",44],[""L"",312],[""H"",46],[""L"",80],[""H"",49],[""L"",78],[""H"",45],[""L"",81]]",True,True,True,ZL1_N3_M3_L78_H46,independent_layer_3nm,228,independent_layer_3nm_ZL1_N3_M3_L78_H46_0228,3,"[-2,3,-1,1,-2,0,0,2,3,0,-1,3]"
452.38000000000284,3.4586978595069127,0.12894971476590106,0.3365331768324459,0.8836977606760298,-10.0,7.661579043443113,0.341089012936423,False,False,0.0,1.1102230246251565e-15,False,False,"[[""H"",45],[""L"",76],[""H"",44],[""L"",75],[""H"",45],[""L"",315],[""H"",48],[""L"",77],[""H"",47],[""L"",80],[""H"",48],[""L"",79]]",False,False,False,ZL1_N3_M3_L78_H46,independent_layer_3nm,229,independent_layer_3nm_ZL1_N3_M3_L78_H46_0229,3,"[-1,-2,-2,-3,-1,3,2,-1,1,2,2,1]"
454.92000000000337,3.569856920027121,0.06186659077469522,0.11492291330454853,0.4590848195343674,-14.0,5.179782226230497,0.11632690444996696,False,False,0.0,4.440892098500626e-16,False,False,"[[""H"",48],[""L"",75],[""H"",49],[""L"",81],[""H"",48],[""L"",314],[""H"",45],[""L"",76],[""H"",49],[""L"",81],[""H"",48],[""L"",81]]",False,False,False,ZL1_N3_M3_L78_H46,independent_layer_3nm,230,independent_layer_3nm_ZL1_N3_M3_L78_H46_0230,3,"[2,-3,3,3,2,2,-1,-2,3,3,2,3]"
446.80000000000155,3.379607014910789,0.6637787599728329,0.2203342772862915,0.07205152130666923,0.0,16.0635262539812,1.0,True,True,0.0,6.661338147750939e-16,False,False,"[[""H"",45],[""L"",77],[""H"",49],[""L"",78],[""H"",44],[""L"",311],[""H"",43],[""L"",79],[""H"",48],[""L"",76],[""H"",48],[""L"",78]]",False,True,False,ZL1_N3_M3_L78_H46,independent_layer_3nm,231,independent_layer_3nm_ZL1_N3_M3_L78_H46_0231,3,"[-1,-1,3,0,-2,-1,-3,1,2,-2,2,0]"
456.0800000000037,3.526772601680193,0.0436739954102532,0.07478107133232147,0.24085726982395583,-15.0,4.7417666100314815,0.07886063775464798,False,False,0.0,4.440892098500626e-16,False,False,"[[""H"",48],[""L"",76],[""H"",49],[""L"",80],[""H"",46],[""L"",314],[""H"",49],[""L"",80],[""H"",46],[""L"",77],[""H"",46],[""L"",77]]",False,False,False,ZL1_N3_M3_L78_H46,independent_layer_3nm,232,independent_layer_3nm_ZL1_N3_M3_L78_H46_0232,3,"[2,-2,3,2,0,2,3,2,0,-1,0,-1]"
449.50000000000216,3.4298256642744605,0.5549047938818735,0.9121756393515987,0.1967722626941898,0.0,14.692462023770219,1.0,True,True,0.0,7.771561172376096e-16,False,False,"[[""H"",49],[""L"",80],[""H"",48],[""L"",75],[""H"",47],[""L"",310],[""H"",47],[""L"",77],[""H"",43],[""L"",80],[""H"",45],[""L"",79]]",True,True,True,ZL1_N3_M3_L78_H46,independent_layer_3nm,233,independent_layer_3nm_ZL1_N3_M3_L78_H46_0233,3,"[3,2,2,-3,1,-2,1,-1,-3,2,-1,1]"
446.92000000000155,3.361269017329107,0.703446971151328,0.2320247892249428,0.07480894143686473,0.0,15.929609032912959,1.0,True,True,0.0,6.661338147750939e-16,False,False,"[[""H"",45],[""L"",77],[""H"",44],[""L"",76],[""H"",43],[""L"",311],[""H"",46],[""L"",81],[""H"",46],[""L"",78],[""H"",49],[""L"",79]]",False,True,False,ZL1_N3_M3_L78_H46,independent_layer_3nm,234,independent_layer_3nm_ZL1_N3_M3_L78_H46_0234,3,"[-1,-1,-2,-2,-3,-1,0,3,0,0,3,1]"
449.9800000000023,3.456685268856859,0.43078929171510577,0.9972000966744059,0.24878359472566416,0.0,16.342639365981242,1.0,True,True,0.0,8.881784197001252e-16,False,False,"[[""H"",43],[""L"",79],[""H"",46],[""L"",81],[""H"",44],[""L"",310],[""H"",47],[""L"",81],[""H"",47],[""L"",80],[""H"",49],[""L"",80]]",True,True,True,ZL1_N3_M3_L78_H46,independent_layer_3nm,235,independent_layer_3nm_ZL1_N3_M3_L78_H46_0235,3,"[-3,1,0,3,-2,-2,1,3,1,2,3,2]"
450.06000000000233,3.479714207447387,0.4141169280366259,0.9971069714296315,0.26191116248753477,-1.0,16.846741871954546,0.9992624886107087,True,True,0.0,1.3322676295501878e-15,False,False,"[[""H"",47],[""L"",81],[""H"",43],[""L"",78],[""H"",43],[""L"",310],[""H"",49],[""L"",81],[""H"",49],[""L"",79],[""H"",47],[""L"",81]]",True,True,True,ZL1_N3_M3_L78_H46,independent_layer_3nm,236,independent_layer_3nm_ZL1_N3_M3_L78_H46_0236,3,"[1,3,-3,0,-3,-2,3,3,3,1,1,3]"
450.66000000000247,3.446362511513655,0.29175834455385274,0.8689788383020456,0.35437308593487227,-5.0,19.388239996679445,0.871579355272678,False,True,0.0,4.440892098500626e-16,False,False,"[[""H"",45],[""L"",81],[""H"",45],[""L"",78],[""H"",44],[""L"",311],[""H"",48],[""L"",79],[""H"",49],[""L"",79],[""H"",48],[""L"",76]]",True,True,True,ZL1_N3_M3_L78_H46,independent_layer_3nm,237,independent_layer_3nm_ZL1_N3_M3_L78_H46_0237,3,"[-1,3,-1,0,-2,-1,2,1,3,1,2,-2]"
449.78000000000225,3.402885418516462,0.47168498340344756,0.9768802108630139,0.22224489533195113,0.0,15.414575910464098,1.0,True,True,0.0,8.881784197001252e-16,False,False,"[[""H"",48],[""L"",76],[""H"",43],[""L"",80],[""H"",47],[""L"",311],[""H"",44],[""L"",81],[""H"",49],[""L"",77],[""H"",45],[""L"",76]]",True,True,True,ZL1_N3_M3_L78_H46,independent_layer_3nm,238,independent_layer_3nm_ZL1_N3_M3_L78_H46_0238,3,"[2,-2,-3,2,1,-1,-2,3,3,-1,-1,-2]"
452.5400000000028,3.4886126882275335,0.12579621810653996,0.31624039198665044,0.928573815425078,-10.0,7.38433045071893,0.3181704560687292,False,False,0.0,8.881784197001252e-16,False,False,"[[""H"",49],[""L"",79],[""H"",44],[""L"",80],[""H"",46],[""L"",311],[""H"",48],[""L"",79],[""H"",49],[""L"",80],[""H"",45],[""L"",77]]",False,False,False,ZL1_N3_M3_L78_H46,independent_layer_3nm,239,independent_layer_3nm_ZL1_N3_M3_L78_H46_0239,3,"[3,1,-2,2,0,-1,2,1,3,2,-1,-1]"
453.4600000000031,3.475656721546443,0.0884271218148776,0.19596727471262015,0.9275468389647714,-12.0,6.1806686061730325,0.19970333737000792,False,False,0.0,5.551115123125783e-16,False,False,"[[""H"",46],[""L"",79],[""H"",48],[""L"",76],[""H"",49],[""L"",311],[""H"",49],[""L"",76],[""H"",43],[""L"",80],[""H"",48],[""L"",76]]",False,False,False,ZL1_N3_M3_L78_H46,independent_layer_3nm,240,independent_layer_3nm_ZL1_N3_M3_L78_H46_0240,3,"[0,1,2,-2,3,-1,3,-2,-3,2,2,-2]"
451.2800000000026,3.424181396951383,0.20529653913520607,0.6288066120210889,0.5013135299898094,-7.0,21.75042690405593,0.6348553252859628,False,False,0.0,4.440892098500626e-16,False,False,"[[""H"",47],[""L"",75],[""H"",48],[""L"",78],[""H"",48],[""L"",312],[""H"",45],[""L"",81],[""H"",43],[""L"",78],[""H"",44],[""L"",75]]",True,False,False,ZL1_N3_M3_L78_H46,independent_layer_3nm,241,independent_layer_3nm_ZL1_N3_M3_L78_H46_0241,3,"[1,-3,2,0,2,0,-1,3,-3,0,-2,-3]"
450.7800000000025,3.4772535141381695,0.2734437595285982,0.8203310558081668,0.3800547014031833,-6.0,19.981563406788336,0.8359876216992738,False,False,0.0,4.440892098500626e-16,False,False,"[[""H"",49],[""L"",77],[""H"",48],[""L"",81],[""H"",48],[""L"",309],[""H"",46],[""L"",79],[""H"",46],[""L"",75],[""H"",43],[""L"",80]]",True,False,False,ZL1_N3_M3_L78_H46,independent_layer_3nm,242,independent_layer_3nm_ZL1_N3_M3_L78_H46_0242,3,"[3,-1,2,3,2,-3,0,1,0,-3,-3,2]"
450.2200000000023,3.4458572800558613,0.3662797304023869,0.9729568663511083,0.28109184490319356,-3.0,17.531230652111667,0.9838258609850742,False,True,0.0,5.551115123125783e-16,False,False,"[[""H"",48],[""L"",78],[""H"",49],[""L"",77],[""H"",48],[""L"",314],[""H"",43],[""L"",75],[""H"",43],[""L"",79],[""H"",44],[""L"",80]]",True,True,True,ZL1_N3_M3_L78_H46,independent_layer_3nm,243,independent_layer_3nm_ZL1_N3_M3_L78_H46_0243,3,"[2,0,3,-1,2,2,-3,-3,-3,1,-2,2]"
449.52000000000214,3.487149109276686,0.5588752256969697,0.9227953052186704,0.20217040428759683,0.0,14.879454631287919,1.0,True,True,0.0,6.661338147750939e-16,False,False,"[[""H"",48],[""L"",78],[""H"",49],[""L"",76],[""H"",49],[""L"",309],[""H"",44],[""L"",77],[""H"",48],[""L"",77],[""H"",49],[""L"",79]]",True,True,True,ZL1_N3_M3_L78_H46,independent_layer_3nm,244,independent_layer_3nm_ZL1_N3_M3_L78_H46_0244,3,"[2,0,3,-2,3,-3,-2,-1,2,-1,3,1]"
451.7800000000027,3.429819865750801,0.16436352066332294,0.4705137971851334,0.6642163076325942,-8.0,10.139262728421164,0.47873179331214777,False,False,0.0,6.661338147750939e-16,False,False,"[[""H"",46],[""L"",81],[""H"",44],[""L"",80],[""H"",49],[""L"",312],[""H"",44],[""L"",80],[""H"",46],[""L"",75],[""H"",48],[""L"",77]]",False,False,False,ZL1_N3_M3_L78_H46,independent_layer_3nm,245,independent_layer_3nm_ZL1_N3_M3_L78_H46_0245,3,"[0,3,-2,2,3,0,-2,2,0,-3,2,-1]"
455.48000000000354,3.5146157289159987,0.05031687574927639,0.0901534516418804,0.32804434411993266,-15.0,4.840087426750536,0.09234385135066141,False,False,0.0,6.661338147750939e-16,False,False,"[[""H"",44],[""L"",77],[""H"",46],[""L"",79],[""H"",47],[""L"",313],[""H"",49],[""L"",80],[""H"",47],[""L"",79],[""H"",49],[""L"",76]]",False,False,False,ZL1_N3_M3_L78_H46,independent_layer_3nm,246,independent_layer_3nm_ZL1_N3_M3_L78_H46_0246,3,"[-2,-1,0,1,1,1,3,2,1,1,3,-2]"
446.14000000000135,3.2964893499591312,0.44302861849265174,0.158796500114811,0.05875163674062353,0.0,17.190042333680303,1.0,True,True,0.0,5.551115123125783e-16,False,False,"[[""H"",46],[""L"",76],[""H"",46],[""L"",75],[""H"",45],[""L"",312],[""H"",43],[""L"",79],[""H"",44],[""L"",81],[""H"",46],[""L"",80]]",False,True,False,ZL1_N3_M3_L78_H46,independent_layer_3nm,247,independent_layer_3nm_ZL1_N3_M3_L78_H46_0247,3,"[0,-2,0,-3,-1,0,-3,1,-2,3,0,2]"
454.5000000000033,3.5041324005313186,0.06534536834172208,0.1280849127160597,0.5729984609010985,-13.0,5.420992390568161,0.13113545340062432,False,False,0.0,8.881784197001252e-16,False,False,"[[""H"",48],[""L"",81],[""H"",43],[""L"",76],[""H"",49],[""L"",311],[""H"",49],[""L"",81],[""H"",47],[""L"",77],[""H"",47],[""L"",76]]",False,False,False,ZL1_N3_M3_L78_H46,independent_layer_3nm,248,independent_layer_3nm_ZL1_N3_M3_L78_H46_0248,3,"[2,3,-3,-2,3,-1,3,3,1,-1,1,-2]"
453.8800000000032,3.5027221857076825,0.07765375444300802,0.16300623890261923,0.7860042465625925,-12.0,5.816077020756246,0.16810712712356862,False,False,0.0,5.551115123125783e-16,False,False,"[[""H"",48],[""L"",75],[""H"",49],[""L"",80],[""H"",49],[""L"",313],[""H"",46],[""L"",76],[""H"",44],[""L"",81],[""H"",44],[""L"",80]]",False,False,False,ZL1_N3_M3_L78_H46,independent_layer_3nm,249,independent_layer_3nm_ZL1_N3_M3_L78_H46_0249,3,"[2,-3,3,2,3,1,0,-2,-2,3,-2,2]"
456.8200000000038,3.520974874376236,0.03663417173340535,0.05992455329203478,0.1701010898764783,-16.0,4.464206301878205,0.06281080079173076,False,False,0.0,4.440892098500626e-16,False,False,"[[""H"",47],[""L"",79],[""H"",46],[""L"",79],[""H"",49],[""L"",314],[""H"",48],[""L"",78],[""H"",48],[""L"",76],[""H"",47],[""L"",76]]",False,False,False,ZL1_N3_M3_L78_H46,independent_layer_3nm,250,independent_layer_3nm_ZL1_N3_M3_L78_H46_0250,3,"[1,1,0,1,3,2,2,0,2,-2,1,-2]"
452.8200000000029,3.5266860922417322,0.11399935137164473,0.2741337309233985,0.9787823687001926,-11.0,7.172761252140629,0.2838508592774177,False,False,0.0,6.661338147750939e-16,False,False,"[[""H"",49],[""L"",80],[""H"",49],[""L"",75],[""H"",48],[""L"",315],[""H"",43],[""L"",78],[""H"",49],[""L"",77],[""H"",43],[""L"",80]]",False,False,False,ZL1_N3_M3_L78_H46,independent_layer_3nm,251,independent_layer_3nm_ZL1_N3_M3_L78_H46_0251,3,"[3,2,3,-3,2,3,-3,0,3,-1,-3,2]"
449.9800000000023,3.375007407795181,0.40921582777869414,0.9916738715623562,0.24469744912607144,0.0,16.26923283454545,1.0,True,True,0.0,9.992007221626409e-16,False,False,"[[""H"",47],[""L"",76],[""H"",48],[""L"",75],[""H"",47],[""L"",315],[""H"",43],[""L"",77],[""H"",45],[""L"",77],[""H"",43],[""L"",79]]",True,True,True,ZL1_N3_M3_L78_H46,independent_layer_3nm,252,independent_layer_3nm_ZL1_N3_M3_L78_H46_0252,3,"[1,-2,2,-3,1,3,-3,-1,-1,-1,-3,1]"
452.38000000000284,3.460641880581875,0.13154457987071294,0.3404661470928469,0.8790696286326252,-10.0,7.73774291735287,0.34581348430348097,False,False,0.0,6.661338147750939e-16,False,False,"[[""H"",46],[""L"",79],[""H"",47],[""L"",77],[""H"",49],[""L"",310],[""H"",47],[""L"",76],[""H"",49],[""L"",80],[""H"",45],[""L"",78]]",False,False,False,ZL1_N3_M3_L78_H46,independent_layer_3nm,253,independent_layer_3nm_ZL1_N3_M3_L78_H46_0253,3,"[0,1,1,-1,3,-2,1,-2,3,2,-1,0]"
455.0200000000034,3.4971617985582384,0.05598954129628293,0.10436351389024395,0.42005513655859805,-14.0,5.010940396366365,0.10525067755020392,False,False,0.0,8.881784197001252e-16,False,False,"[[""H"",43],[""L"",81],[""H"",44],[""L"",79],[""H"",49],[""L"",313],[""H"",47],[""L"",79],[""H"",47],[""L"",81],[""H"",47],[""L"",80]]",False,False,False,ZL1_N3_M3_L78_H46,independent_layer_3nm,254,independent_layer_3nm_ZL1_N3_M3_L78_H46_0254,3,"[-3,3,-2,1,3,1,1,1,1,3,1,2]"
447.6200000000017,3.308545614431523,0.9408629270094047,0.32765665198407123,0.09163335023184416,0.0,14.840457546493734,1.0,True,True,0.0,4.440892098500626e-16,False,False,"[[""H"",43],[""L"",81],[""H"",46],[""L"",77],[""H"",45],[""L"",314],[""H"",43],[""L"",75],[""H"",47],[""L"",75],[""H"",44],[""L"",81]]",False,True,False,ZL1_N3_M3_L78_H46,independent_layer_3nm,255,independent_layer_3nm_ZL1_N3_M3_L78_H46_0255,3,"[-3,3,0,-1,-1,2,-3,-3,1,-3,-2,3]"
451.3800000000026,3.3934339681315464,0.1942451313080899,0.5957366943985065,0.5223301962305078,-7.0,22.049231071634594,0.6036049711531092,False,False,0.0,6.661338147750939e-16,False,False,"[[""H"",45],[""L"",81],[""H"",43],[""L"",76],[""H"",48],[""L"",312],[""H"",47],[""L"",77],[""H"",47],[""L"",76],[""H"",45],[""L"",76]]",False,False,False,ZL1_N3_M3_L78_H46,independent_layer_3nm,256,independent_layer_3nm_ZL1_N3_M3_L78_H46_0256,3,"[-1,3,-3,-2,2,0,1,-1,1,-2,-1,-2]"
454.84000000000333,3.498938770875725,0.05855752550018293,0.11131796874429326,0.46802382825794786,-14.0,5.103198457897307,0.11314208148433298,False,False,0.0,8.881784197001252e-16,False,False,"[[""H"",47],[""L"",76],[""H"",49],[""L"",79],[""H"",48],[""L"",313],[""H"",48],[""L"",77],[""H"",46],[""L"",75],[""H"",46],[""L"",78]]",False,False,False,ZL1_N3_M3_L78_H46,independent_layer_3nm,257,independent_layer_3nm_ZL1_N3_M3_L78_H46_0257,3,"[1,-2,3,1,2,1,2,-1,0,-3,0,0]"
448.98000000000206,3.343635791324857,0.7380119480524487,0.7260217550063756,0.15301360571014472,0.0,13.780224588970524,1.0,True,True,0.0,6.661338147750939e-16,False,False,"[[""H"",46],[""L"",76],[""H"",43],[""L"",79],[""H"",46],[""L"",309],[""H"",48],[""L"",78],[""H"",47],[""L"",78],[""H"",44],[""L"",79]]",True,True,True,ZL1_N3_M3_L78_H46,independent_layer_3nm,258,independent_layer_3nm_ZL1_N3_M3_L78_H46_0258,3,"[0,-2,-3,1,0,-3,2,0,1,0,-2,1]"
451.5200000000026,3.463019086412487,0.1902679966037536,0.5568094468666246,0.5761483147231985,-8.0,22.72590890052656,0.5636044111175836,False,False,0.0,4.440892098500626e-16,False,False,"[[""H"",49],[""L"",75],[""H"",47],[""L"",79],[""H"",48],[""L"",309],[""H"",47],[""L"",81],[""H"",45],[""L"",79],[""H"",48],[""L"",76]]",False,False,False,ZL1_N3_M3_L78_H46,independent_layer_3nm,259,independent_layer_3nm_ZL1_N3_M3_L78_H46_0259,3,"[3,-3,1,1,2,-3,1,3,-1,1,2,-2]"
448.4400000000019,3.372457046204829,0.9280529214310822,0.5388981361433701,0.12438898736100197,0.0,13.853346305371112,1.0,True,True,0.0,7.771561172376096e-16,False,False,"[[""H"",44],[""L"",77],[""H"",48],[""L"",81],[""H"",44],[""L"",312],[""H"",44],[""L"",77],[""H"",48],[""L"",81],[""H"",43],[""L"",81]]",False,True,False,ZL1_N3_M3_L78_H46,independent_layer_3nm,260,independent_layer_3nm_ZL1_N3_M3_L78_H46_0260,3,"[-2,-1,2,3,-2,0,-2,-1,2,3,-3,3]"
453.42000000000303,3.42860186983404,0.08686445739680626,0.195076649716939,0.938362538018592,-12.0,6.148963801801745,0.20115515144001178,False,False,0.0,8.881784197001252e-16,False,False,"[[""H"",45],[""L"",80],[""H"",46],[""L"",79],[""H"",46],[""L"",315],[""H"",47],[""L"",76],[""H"",46],[""L"",78],[""H"",46],[""L"",79]]",False,False,False,ZL1_N3_M3_L78_H46,independent_layer_3nm,261,independent_layer_3nm_ZL1_N3_M3_L78_H46_0261,3,"[-1,2,0,1,0,3,1,-2,0,0,0,1]"
449.6000000000022,3.388479669949561,0.5183333673696222,0.9388616985070095,0.2042431699512957,0.0,14.896888624414753,1.0,True,True,0.0,9.992007221626409e-16,False,False,"[[""H"",48],[""L"",81],[""H"",43],[""L"",78],[""H"",49],[""L"",309],[""H"",47],[""L"",76],[""H"",45],[""L"",75],[""H"",44],[""L"",78]]",True,True,True,ZL1_N3_M3_L78_H46,independent_layer_3nm,262,independent_layer_3nm_ZL1_N3_M3_L78_H46_0262,3,"[2,3,-3,0,3,-3,1,-2,-1,-3,-2,0]"
451.44000000000256,3.4299529049355897,0.1946185065378987,0.582900869125216,0.5452398845893129,-7.0,22.342859501507533,0.5929389414618453,False,False,0.0,6.661338147750939e-16,False,False,"[[""H"",48],[""L"",77],[""H"",45],[""L"",80],[""H"",44],[""L"",311],[""H"",49],[""L"",81],[""H"",47],[""L"",75],[""H"",45],[""L"",81]]",False,False,False,ZL1_N3_M3_L78_H46,independent_layer_3nm,263,independent_layer_3nm_ZL1_N3_M3_L78_H46_0263,3,"[2,-1,-1,2,-2,-1,3,3,1,-3,-1,3]"
450.6200000000024,3.408644130510197,0.2892899689623142,0.873095174476097,0.342295284517769,-5.0,19.175895499709522,0.8809035317587522,False,True,0.0,6.661338147750939e-16,False,False,"[[""H"",48],[""L"",77],[""H"",48],[""L"",76],[""H"",46],[""L"",312],[""H"",46],[""L"",81],[""H"",45],[""L"",75],[""H"",45],[""L"",81]]",True,True,True,ZL1_N3_M3_L78_H46,independent_layer_3nm,264,independent_layer_3nm_ZL1_N3_M3_L78_H46_0264,3,"[2,-1,2,-2,0,0,0,3,-1,-3,-1,3]"
452.60000000000286,3.430861873584888,0.11698573569458091,0.29533800602771226,0.9404738197444997,-10.0,7.059973223183596,0.29838199789471453,False,False,0.0,8.881784197001252e-16,False,False,"[[""H"",46],[""L"",78],[""H"",45],[""L"",80],[""H"",49],[""L"",312],[""H"",45],[""L"",80],[""H"",45],[""L"",81],[""H"",44],[""L"",80]]",False,False,False,ZL1_N3_M3_L78_H46,independent_layer_3nm,265,independent_layer_3nm_ZL1_N3_M3_L78_H46_0265,3,"[0,0,-1,2,3,0,-1,2,-1,3,-2,2]"
448.2400000000018,3.3606473132911674,0.9718280660412981,0.47871309527999234,0.11499068680493227,0.0,14.08289377002539,1.0,True,True,0.0,5.551115123125783e-16,False,False,"[[""H"",46],[""L"",81],[""H"",47],[""L"",76],[""H"",44],[""L"",309],[""H"",49],[""L"",77],[""H"",46],[""L"",76],[""H"",45],[""L"",81]]",False,True,False,ZL1_N3_M3_L78_H46,independent_layer_3nm,266,independent_layer_3nm_ZL1_N3_M3_L78_H46_0266,3,"[0,3,1,-2,-2,-3,3,-1,0,-2,-1,3]"
453.28000000000304,3.4787220778777055,0.09411737493815892,0.2136569583758508,0.9679596388501084,-11.0,6.289717145955993,0.217620713884105,False,False,0.0,6.661338147750939e-16,False,False,"[[""H"",45],[""L"",78],[""H"",49],[""L"",79],[""H"",45],[""L"",315],[""H"",45],[""L"",81],[""H"",49],[""L"",76],[""H"",43],[""L"",80]]",False,False,False,ZL1_N3_M3_L78_H46,independent_layer_3nm,267,independent_layer_3nm_ZL1_N3_M3_L78_H46_0267,3,"[-1,0,3,1,-1,3,-1,3,3,-2,-3,2]"
448.08000000000186,3.3152674730327476,0.9908896386213033,0.4314218616043113,0.10749733285363983,0.0,14.1996337572283,1.0,True,True,0.0,7.771561172376096e-16,False,False,"[[""H"",44],[""L"",77],[""H"",44],[""L"",81],[""H"",45],[""L"",309],[""H"",48],[""L"",77],[""H"",44],[""L"",80],[""H"",45],[""L"",80]]",False,True,False,ZL1_N3_M3_L78_H46,independent_layer_3nm,268,independent_layer_3nm_ZL1_N3_M3_L78_H46_0268,3,"[-2,-1,-2,3,-1,-3,2,-1,-2,2,-1,2]"
451.1400000000025,3.405556300076057,0.2203226284263159,0.6802728425370096,0.45921091894661825,-7.0,21.248773830249693,0.6873503201356368,False,False,0.0,4.440892098500626e-16,False,False,"[[""H"",43],[""L"",80],[""H"",48],[""L"",76],[""H"",46],[""L"",312],[""H"",47],[""L"",77],[""H"",47],[""L"",79],[""H"",46],[""L"",78]]",True,False,False,ZL1_N3_M3_L78_H46,independent_layer_3nm,269,independent_layer_3nm_ZL1_N3_M3_L78_H46_0269,3,"[-3,2,2,-2,0,0,1,-1,1,1,0,0]"
452.4200000000028,3.451644123149947,0.12595003163534313,0.32865246643800433,0.8929595901896903,-10.0,7.547853972932372,0.33273408703433366,False,False,0.0,6.661338147750939e-16,False,False,"[[""H"",46],[""L"",76],[""H"",48],[""L"",81],[""H"",43],[""L"",314],[""H"",49],[""L"",79],[""H"",44],[""L"",75],[""H"",44],[""L"",77]]",False,False,False,ZL1_N3_M3_L78_H46,independent_layer_3nm,270,independent_layer_3nm_ZL1_N3_M3_L78_H46_0270,3,"[0,-2,2,3,-3,2,3,1,-2,-3,-2,-1]"
448.08000000000186,3.335267364990443,0.9911990176282229,0.42851978914642774,0.10707304196872883,0.0,14.186922053006748,1.0,True,True,0.0,4.440892098500626e-16,False,False,"[[""H"",47],[""L"",79],[""H"",44],[""L"",80],[""H"",44],[""L"",312],[""H"",45],[""L"",78],[""H"",47],[""L"",75],[""H"",46],[""L"",80]]",False,True,False,ZL1_N3_M3_L78_H46,independent_layer_3nm,271,independent_layer_3nm_ZL1_N3_M3_L78_H46_0271,3,"[1,1,-2,2,-2,0,-1,0,1,-3,0,2]"
449.2200000000021,3.3496739487264335,0.6485029587055342,0.8139493257837137,0.1703699695335013,0.0,13.93070643181001,1.0,True,True,0.0,5.551115123125783e-16,False,False,"[[""H"",46],[""L"",77],[""H"",43],[""L"",75],[""H"",45],[""L"",315],[""H"",44],[""L"",79],[""H"",48],[""L"",77],[""H"",44],[""L"",76]]",True,True,True,ZL1_N3_M3_L78_H46,independent_layer_3nm,272,independent_layer_3nm_ZL1_N3_M3_L78_H46_0272,3,"[0,-1,-3,-3,-1,3,-2,1,2,-1,-2,-2]"
442.8400000000006,3.251286060090365,0.09473902724969863,0.052994924830843664,0.028471214519575364,0.0,22.713146829986506,1.0,True,True,0.0,4.440892098500626e-16,False,False,"[[""H"",49],[""L"",76],[""H"",45],[""L"",76],[""H"",43],[""L"",310],[""H"",44],[""L"",76],[""H"",44],[""L"",78],[""H"",46],[""L"",76]]",False,True,False,ZL1_N3_M3_L78_H46,independent_layer_3nm,273,independent_layer_3nm_ZL1_N3_M3_L78_H46_0273,3,"[3,-2,-1,-2,-3,-2,-2,-2,-2,0,0,-2]"
446.52000000000146,3.3109742498198784,0.5550172253152468,0.18910472687727214,0.06603052809904368,0.0,16.65060881226429,1.0,True,True,0.0,6.661338147750939e-16,False,False,"[[""H"",44],[""L"",75],[""H"",45],[""L"",77],[""H"",43],[""L"",311],[""H"",46],[""L"",77],[""H"",49],[""L"",77],[""H"",45],[""L"",76]]",False,True,False,ZL1_N3_M3_L78_H46,independent_layer_3nm,274,independent_layer_3nm_ZL1_N3_M3_L78_H46_0274,3,"[-2,-3,-1,-1,-3,-1,0,-1,3,-1,-1,-2]"
452.38000000000284,3.462925763640044,0.12948746737130934,0.3375834484268816,0.8775412795854032,-10.0,7.703242566640265,0.3446310191359902,False,False,0.0,8.881784197001252e-16,False,False,"[[""H"",47],[""L"",81],[""H"",47],[""L"",79],[""H"",48],[""L"",313],[""H"",45],[""L"",79],[""H"",44],[""L"",79],[""H"",43],[""L"",78]]",False,False,False,ZL1_N3_M3_L78_H46,independent_layer_3nm,275,independent_layer_3nm_ZL1_N3_M3_L78_H46_0275,3,"[1,3,1,1,2,1,-1,1,-2,1,-3,0]"
446.7600000000016,3.4311481462119673,0.6550332075932148,0.2196790919251036,0.07206892322139435,0.0,16.11390573079817,1.0,True,True,0.0,7.771561172376096e-16,False,False,"[[""H"",46],[""L"",79],[""H"",47],[""L"",81],[""H"",43],[""L"",309],[""H"",45],[""L"",80],[""H"",47],[""L"",78],[""H"",49],[""L"",81]]",False,True,False,ZL1_N3_M3_L78_H46,independent_layer_3nm,276,independent_layer_3nm_ZL1_N3_M3_L78_H46_0276,3,"[0,1,1,3,-3,-3,-1,2,1,0,3,3]"
444.48000000000104,3.2871499934253734,0.18263871694217645,0.08569172099324573,0.03986957025040404,0.0,20.04879761069943,1.0,True,True,0.0,4.440892098500626e-16,False,False,"[[""H"",48],[""L"",75],[""H"",47],[""L"",79],[""H"",43],[""L"",312],[""H"",43],[""L"",75],[""H"",44],[""L"",80],[""H"",43],[""L"",76]]",False,True,False,ZL1_N3_M3_L78_H46,independent_layer_3nm,277,independent_layer_3nm_ZL1_N3_M3_L78_H46_0277,3,"[2,-3,1,1,-3,0,-3,-3,-2,2,-3,-2]"
450.0800000000023,3.367435251168615,0.38985834218571824,0.9909887361502743,0.2530303618660784,-2.0,16.6605966862265,0.998481647776778,False,True,0.0,4.440892098500626e-16,False,False,"[[""H"",44],[""L"",81],[""H"",44],[""L"",78],[""H"",48],[""L"",312],[""H"",44],[""L"",78],[""H"",47],[""L"",76],[""H"",47],[""L"",78]]",True,True,True,ZL1_N3_M3_L78_H46,independent_layer_3nm,278,independent_layer_3nm_ZL1_N3_M3_L78_H46_0278,3,"[-2,3,-2,0,2,0,-2,0,1,-2,1,0]"
450.54000000000235,3.4080427182862536,0.3041390253872257,0.9028689254827924,0.32596480001575007,-5.0,18.830675942243847,0.9137715686735097,False,True,0.0,6.661338147750939e-16,False,False,"[[""H"",48],[""L"",80],[""H"",44],[""L"",78],[""H"",48],[""L"",313],[""H"",44],[""L"",76],[""H"",47],[""L"",75],[""H"",48],[""L"",76]]",True,True,True,ZL1_N3_M3_L78_H46,independent_layer_3nm,279,independent_layer_3nm_ZL1_N3_M3_L78_H46_0279,3,"[2,2,-2,0,2,1,-2,-2,1,-3,2,-2]"
446.3600000000015,3.2716913216070793,0.5007679852566795,0.1739545007894885,0.0626886559908083,0.0,16.955930875722256,1.0,True,True,0.0,4.440892098500626e-16,False,False,"[[""H"",45],[""L"",76],[""H"",44],[""L"",77],[""H"",45],[""L"",309],[""H"",47],[""L"",79],[""H"",44],[""L"",76],[""H"",45],[""L"",75]]",False,True,False,ZL1_N3_M3_L78_H46,independent_layer_3nm,280,independent_layer_3nm_ZL1_N3_M3_L78_H46_0280,3,"[-1,-2,-2,-1,-1,-3,1,1,-2,-2,-1,-3]"
454.04000000000315,3.503092801539651,0.0742321787322181,0.15346758162850033,0.7355094194577528,-13.0,5.75199876278826,0.15758725369762555,False,False,0.0,7.771561172376096e-16,False,False,"[[""H"",47],[""L"",76],[""H"",43],[""L"",75],[""H"",49],[""L"",314],[""H"",47],[""L"",76],[""H"",49],[""L"",79],[""H"",48],[""L"",77]]",False,False,False,ZL1_N3_M3_L78_H46,independent_layer_3nm,281,independent_layer_3nm_ZL1_N3_M3_L78_H46_0281,3,"[1,-2,-3,-3,3,2,1,-2,3,1,2,-1]"
450.3600000000024,3.4067768265367135,0.33624503783863935,0.9540045729222955,0.29842309710823023,-4.0,18.075245055050804,0.9593406380678683,False,True,0.0,6.661338147750939e-16,False,False,"[[""H"",43],[""L"",79],[""H"",43],[""L"",75],[""H"",46],[""L"",310],[""H"",49],[""L"",80],[""H"",48],[""L"",76],[""H"",46],[""L"",77]]",True,True,True,ZL1_N3_M3_L78_H46,independent_layer_3nm,282,independent_layer_3nm_ZL1_N3_M3_L78_H46_0282,3,"[-3,1,-3,-3,0,-2,3,2,2,-2,0,-1]"
450.0800000000023,3.4101565752744136,0.39114553174404393,0.9874785131034234,0.25893911974153616,-2.0,16.88464382496316,0.9972742840105104,False,True,0.0,6.661338147750939e-16,False,False,"[[""H"",43],[""L"",77],[""H"",49],[""L"",79],[""H"",48],[""L"",310],[""H"",45],[""L"",76],[""H"",48],[""L"",78],[""H"",44],[""L"",77]]",True,True,True,ZL1_N3_M3_L78_H46,independent_layer_3nm,283,independent_layer_3nm_ZL1_N3_M3_L78_H46_0283,3,"[-3,-1,3,1,2,-2,-1,-2,2,0,-2,-1]"
449.1600000000021,3.37405593256301,0.6748339041181292,0.7946310122687403,0.1667709350288151,0.0,13.954173045569275,1.0,True,True,0.0,5.551115123125783e-16,False,False,"[[""H"",47],[""L"",75],[""H"",44],[""L"",81],[""H"",47],[""L"",310],[""H"",47],[""L"",76],[""H"",43],[""L"",75],[""H"",49],[""L"",80]]",True,True,True,ZL1_N3_M3_L78_H46,independent_layer_3nm,284,independent_layer_3nm_ZL1_N3_M3_L78_H46_0284,3,"[1,-3,-2,3,1,-2,1,-2,-3,-3,3,2]"
448.0400000000018,3.405267058839854,0.9932265067816957,0.429335555911353,0.10878478671647693,0.0,14.324170223363007,1.0,True,True,0.0,8.881784197001252e-16,False,False,"[[""H"",49],[""L"",80],[""H"",43],[""L"",75],[""H"",44],[""L"",312],[""H"",46],[""L"",79],[""H"",46],[""L"",79],[""H"",48],[""L"",80]]",False,True,False,ZL1_N3_M3_L78_H46,independent_layer_3nm,285,independent_layer_3nm_ZL1_N3_M3_L78_H46_0285,3,"[3,2,-3,-3,-2,0,0,1,0,1,2,2]"
445.12000000000114,3.32709195160254,0.2535328113767473,0.107656395727936,0.04595182147958844,0.0,18.91189615896675,1.0,True,True,0.0,7.771561172376096e-16,False,False,"[[""H"",47],[""L"",78],[""H"",43],[""L"",75],[""H"",46],[""L"",309],[""H"",43],[""L"",80],[""H"",48],[""L"",81],[""H"",44],[""L"",80]]",False,True,False,ZL1_N3_M3_L78_H46,independent_layer_3nm,286,independent_layer_3nm_ZL1_N3_M3_L78_H46_0286,3,"[1,0,-3,-3,0,-3,-3,2,2,3,-2,2]"
448.08000000000186,3.4069118045158007,0.9930849325559706,0.44226443407059823,0.11051349453438869,0.0,14.251319965949241,1.0,True,True,0.0,8.881784197001252e-16,False,False,"[[""H"",48],[""L"",79],[""H"",44],[""L"",80],[""H"",43],[""L"",310],[""H"",48],[""L"",79],[""H"",43],[""L"",81],[""H"",49],[""L"",80]]",False,True,False,ZL1_N3_M3_L78_H46,independent_layer_3nm,287,independent_layer_3nm_ZL1_N3_M3_L78_H46_0287,3,"[2,1,-2,2,-3,-2,2,1,-3,3,3,2]"
450.18000000000234,3.406007369357553,0.37337869655107714,0.9836237416973552,0.2705606225511856,-3.0,17.31107381785952,0.990058863633506,False,True,0.0,5.551115123125783e-16,False,False,"[[""H"",48],[""L"",77],[""H"",46],[""L"",77],[""H"",46],[""L"",309],[""H"",49],[""L"",77],[""H"",48],[""L"",75],[""H"",47],[""L"",75]]",True,True,True,ZL1_N3_M3_L78_H46,independent_layer_3nm,288,independent_layer_3nm_ZL1_N3_M3_L78_H46_0288,3,"[2,-1,0,-1,0,-3,3,-1,2,-3,1,-3]"
446.12000000000137,3.3079038353796477,0.4347518501940504,0.15704245099170372,0.058468720661523754,0.0,17.287800185641224,1.0,True,True,0.0,6.661338147750939e-16,False,False,"[[""H"",48],[""L"",77],[""H"",44],[""L"",76],[""H"",44],[""L"",311],[""H"",45],[""L"",77],[""H"",47],[""L"",80],[""H"",44],[""L"",78]]",False,True,False,ZL1_N3_M3_L78_H46,independent_layer_3nm,289,independent_layer_3nm_ZL1_N3_M3_L78_H46_0289,3,"[2,-1,-2,-2,-2,-1,-1,-1,1,2,-2,0]"
448.900000000002,3.3359766769059433,0.7689981358327325,0.692964274400585,0.14840252038394863,0.0,13.703169537320345,1.0,True,True,0.0,5.551115123125783e-16,False,False,"[[""H"",44],[""L"",81],[""H"",46],[""L"",77],[""H"",44],[""L"",313],[""H"",46],[""L"",80],[""H"",43],[""L"",79],[""H"",43],[""L"",75]]",True,True,True,ZL1_N3_M3_L78_H46,independent_layer_3nm,290,independent_layer_3nm_ZL1_N3_M3_L78_H46_0290,3,"[-2,3,0,-1,-2,1,0,2,-3,1,-3,-3]"
451.4200000000026,3.4003870395671925,0.1915252169144469,0.5811428870835196,0.5378326312548748,-7.0,22.185062832006995,0.5906755258642927,False,False,0.0,6.661338147750939e-16,False,False,"[[""H"",47],[""L"",77],[""H"",44],[""L"",80],[""H"",44],[""L"",314],[""H"",47],[""L"",78],[""H"",48],[""L"",76],[""H"",45],[""L"",79]]",False,False,False,ZL1_N3_M3_L78_H46,independent_layer_3nm,291,independent_layer_3nm_ZL1_N3_M3_L78_H46_0291,3,"[1,-1,-2,2,-2,2,1,0,2,-2,-1,1]"
452.6600000000029,3.5119276979829124,0.12002909008863644,0.2956529336393352,0.9558891748950873,-10.0,7.227820760769966,0.30048851760310497,False,False,0.0,6.661338147750939e-16,False,False,"[[""H"",45],[""L"",81],[""H"",49],[""L"",80],[""H"",48],[""L"",311],[""H"",47],[""L"",78],[""H"",43],[""L"",75],[""H"",49],[""L"",80]]",False,False,False,ZL1_N3_M3_L78_H46,independent_layer_3nm,292,independent_layer_3nm_ZL1_N3_M3_L78_H46_0292,3,"[-1,3,3,2,2,-1,1,0,-3,-3,3,2]"
448.6400000000019,3.3708804816623115,0.8686223979107259,0.6024698872694149,0.13458287389568427,0.0,13.807373536600362,1.0,True,True,0.0,6.661338147750939e-16,False,False,"[[""H"",48],[""L"",78],[""H"",45],[""L"",80],[""H"",45],[""L"",309],[""H"",47],[""L"",81],[""H"",46],[""L"",76],[""H"",43],[""L"",76]]",True,True,True,ZL1_N3_M3_L78_H46,independent_layer_3nm,293,independent_layer_3nm_ZL1_N3_M3_L78_H46_0293,3,"[2,0,-1,2,-1,-3,1,3,0,-2,-3,-2]"
449.38000000000216,3.383638280338289,0.5966364063565553,0.8750621366557556,0.18279865563543485,0.0,14.21319514804838,1.0,True,True,0.0,6.661338147750939e-16,False,False,"[[""H"",46],[""L"",80],[""H"",44],[""L"",80],[""H"",46],[""L"",311],[""H"",44],[""L"",81],[""H"",49],[""L"",76],[""H"",45],[""L"",80]]",True,True,True,ZL1_N3_M3_L78_H46,independent_layer_3nm,294,independent_layer_3nm_ZL1_N3_M3_L78_H46_0294,3,"[0,2,-2,2,0,-1,-2,3,3,-2,-1,2]"
452.9200000000029,3.5059592600838414,0.10825946532545877,0.25696955472593663,0.987438084977341,-11.0,6.841753737338626,0.26152164881349554,False,False,0.0,5.551115123125783e-16,False,False,"[[""H"",49],[""L"",75],[""H"",48],[""L"",81],[""H"",49],[""L"",309],[""H"",49],[""L"",76],[""H"",43],[""L"",80],[""H"",46],[""L"",78]]",False,False,False,ZL1_N3_M3_L78_H46,independent_layer_3nm,295,independent_layer_3nm_ZL1_N3_M3_L78_H46_0295,3,"[3,-3,2,3,3,-3,3,-2,-3,2,0,0]"
451.6800000000027,3.454109593472708,0.17261547253367393,0.5034300565553116,0.6305191487444666,-8.0,23.27050479842746,0.508543914578435,False,False,0.0,6.661338147750939e-16,False,False,"[[""H"",45],[""L"",78],[""H"",48],[""L"",79],[""H"",49],[""L"",311],[""H"",46],[""L"",78],[""H"",44],[""L"",75],[""H"",43],[""L"",77]]",False,False,False,ZL1_N3_M3_L78_H46,independent_layer_3nm,296,independent_layer_3nm_ZL1_N3_M3_L78_H46_0296,3,"[-1,0,2,1,3,-1,0,0,-2,-3,-3,-1]"
453.66000000000315,3.489585377206595,0.08324270930490993,0.18010570789830538,0.8705425508933538,-12.0,5.924143150946847,0.1813892236566625,False,False,0.0,5.551115123125783e-16,False,False,"[[""H"",44],[""L"",76],[""H"",44],[""L"",80],[""H"",49],[""L"",312],[""H"",46],[""L"",79],[""H"",49],[""L"",81],[""H"",45],[""L"",77]]",False,False,False,ZL1_N3_M3_L78_H46,independent_layer_3nm,297,independent_layer_3nm_ZL1_N3_M3_L78_H46_0297,3,"[-2,-2,-2,2,3,0,0,1,3,3,-1,-1]"
455.2600000000035,3.4937330183251447,0.05219346418385782,0.09544300121434796,0.3659485005750961,-14.0,5.006119100216155,0.09877975417418583,False,False,0.0,6.661338147750939e-16,False,False,"[[""H"",44],[""L"",77],[""H"",46],[""L"",79],[""H"",48],[""L"",314],[""H"",47],[""L"",79],[""H"",48],[""L"",77],[""H"",48],[""L"",78]]",False,False,False,ZL1_N3_M3_L78_H46,independent_layer_3nm,298,independent_layer_3nm_ZL1_N3_M3_L78_H46_0298,3,"[-2,-1,0,1,2,2,1,1,2,-1,2,0]"
455.5000000000035,3.5160877948686107,0.04893199087967002,0.088130610212644,0.32267937083309256,-15.0,4.804722907810513,0.09000606072976901,False,False,0.0,4.440892098500626e-16,False,False,"[[""H"",43],[""L"",75],[""H"",47],[""L"",77],[""H"",49],[""L"",313],[""H"",48],[""L"",79],[""H"",48],[""L"",79],[""H"",45],[""L"",76]]",False,False,False,ZL1_N3_M3_L78_H46,independent_layer_3nm,299,independent_layer_3nm_ZL1_N3_M3_L78_H46_0299,3,"[-3,-3,1,-1,3,1,2,1,2,1,-1,-2]"
448.0400000000018,3.468798648313225,0.9957440175706681,0.43907563172482267,0.11172683043549222,0.0,14.351083533407294,1.0,True,True,0.0,5.551115123125783e-16,False,False,"[[""H"",46],[""L"",79],[""H"",49],[""L"",73],[""H"",42],[""L"",314],[""H"",43],[""L"",83],[""H"",49],[""L"",78],[""H"",49],[""L"",74]]",False,True,False,ZL1_N3_M3_L78_H46,independent_layer_5nm,0,independent_layer_5nm_ZL1_N3_M3_L78_H46_0000,5,"[0,1,3,-5,-4,2,-3,5,3,0,3,-4]"
443.9000000000009,3.261087405613523,0.1415019787132395,0.07120889868276428,0.035058855990411794,0.0,21.094595179110804,1.0,True,True,0.0,7.771561172376096e-16,False,False,"[[""H"",46],[""L"",73],[""H"",47],[""L"",78],[""H"",41],[""L"",308],[""H"",49],[""L"",75],[""H"",43],[""L"",81],[""H"",45],[""L"",75]]",False,True,False,ZL1_N3_M3_L78_H46,independent_layer_5nm,1,independent_layer_5nm_ZL1_N3_M3_L78_H46_0001,5,"[0,-5,1,0,-5,-4,3,-3,-3,3,-1,-3]"
449.24000000000206,3.351113213519625,0.6332085991039311,0.826368118955797,0.1734382489906952,0.0,14.001764929175442,1.0,True,True,0.0,6.661338147750939e-16,False,False,"[[""H"",43],[""L"",83],[""H"",41],[""L"",74],[""H"",48],[""L"",315],[""H"",43],[""L"",76],[""H"",46],[""L"",78],[""H"",45],[""L"",79]]",True,True,True,ZL1_N3_M3_L78_H46,independent_layer_5nm,2,independent_layer_5nm_ZL1_N3_M3_L78_H46_0002,5,"[-3,5,-5,-4,2,3,-3,-2,0,0,-1,1]"
445.7000000000013,3.4485802546232662,0.3590221890999615,0.1394233783751832,0.05453475566387993,0.0,17.879808582604984,1.0,True,True,0.0,6.661338147750939e-16,False,False,"[[""H"",51],[""L"",80],[""H"",43],[""L"",80],[""H"",44],[""L"",308],[""H"",45],[""L"",79],[""H"",48],[""L"",78],[""H"",46],[""L"",82]]",False,True,False,ZL1_N3_M3_L78_H46,independent_layer_5nm,3,independent_layer_5nm_ZL1_N3_M3_L78_H46_0003,5,"[5,2,-3,2,-2,-4,-1,1,2,0,0,4]"
452.76000000000295,3.6853537092651436,0.12978603262422186,0.30413128031255665,0.972558893413503,-10.0,7.551522501170138,0.31204577895442315,False,False,0.0,6.661338147750939e-16,False,False,"[[""H"",48],[""L"",83],[""H"",51],[""L"",81],[""H"",43],[""L"",313],[""H"",47],[""L"",78],[""H"",46],[""L"",82],[""H"",50],[""L"",79]]",False,False,False,ZL1_N3_M3_L78_H46,independent_layer_5nm,4,independent_layer_5nm_ZL1_N3_M3_L78_H46_0004,5,"[2,5,5,3,-3,1,1,0,0,4,4,1]"
450.9800000000025,3.4334368455658932,0.24264481419812034,0.7487096719054598,0.41999218401941896,-6.0,20.578795490823996,0.755334957849272,False,False,0.0,6.661338147750939e-16,False,False,"[[""H"",42],[""L"",76],[""H"",50],[""L"",73],[""H"",46],[""L"",314],[""H"",44],[""L"",82],[""H"",47],[""L"",81],[""H"",44],[""L"",77]]",True,False,False,ZL1_N3_M3_L78_H46,independent_layer_5nm,5,independent_layer_5nm_ZL1_N3_M3_L78_H46_0005,5,"[-4,-2,4,-5,0,2,-2,4,1,3,-2,-1]"
445.90000000000134,3.296298289204458,0.3833358980165573,0.14496043377688173,0.05667936337170791,0.0,17.794532511208896,1.0,True,True,0.0,6.661338147750939e-16,False,False,"[[""H"",44],[""L"",73],[""H"",49],[""L"",73],[""H"",46],[""L"",311],[""H"",44],[""L"",77],[""H"",44],[""L"",81],[""H"",41],[""L"",75]]",False,True,False,ZL1_N3_M3_L78_H46,independent_layer_5nm,6,independent_layer_5nm_ZL1_N3_M3_L78_H46_0006,5,"[-2,-5,3,-5,0,-1,-2,-1,-2,3,-5,-3]"
453.90000000000316,3.675459271141733,0.08712691192899429,0.17756968017589864,0.7863486224423551,-12.0,6.175124334118452,0.18578757532511855,False,False,0.0,8.881784197001252e-16,False,False,"[[""H"",48],[""L"",82],[""H"",51],[""L"",83],[""H"",48],[""L"",309],[""H"",48],[""L"",77],[""H"",44],[""L"",82],[""H"",47],[""L"",79]]",False,False,False,ZL1_N3_M3_L78_H46,independent_layer_5nm,7,independent_layer_5nm_ZL1_N3_M3_L78_H46_0007,5,"[2,4,5,5,2,-3,2,-1,-2,4,1,1]"
448.32000000000187,3.3952473955184246,0.9560840532695458,0.5050566533348362,0.1212500536157627,0.0,13.998862063178738,1.0,True,True,0.0,6.661338147750939e-16,False,False,"[[""H"",44],[""L"",78],[""H"",51],[""L"",75],[""H"",43],[""L"",315],[""H"",43],[""L"",83],[""H"",42],[""L"",74],[""H"",47],[""L"",81]]",False,True,False,ZL1_N3_M3_L78_H46,independent_layer_5nm,8,independent_layer_5nm_ZL1_N3_M3_L78_H46_0008,5,"[-2,0,5,-3,-3,3,-3,5,-4,-4,1,3]"
449.26000000000215,3.5799197909657323,0.6575313929109922,0.8410447098719002,0.18586182296815795,0.0,14.540596813303017,1.0,True,True,0.0,6.661338147750939e-16,False,False,"[[""H"",51],[""L"",76],[""H"",48],[""L"",79],[""H"",51],[""L"",307],[""H"",43],[""L"",82],[""H"",41],[""L"",81],[""H"",50],[""L"",79]]",True,True,True,ZL1_N3_M3_L78_H46,independent_layer_5nm,9,independent_layer_5nm_ZL1_N3_M3_L78_H46_0009,5,"[5,-2,2,1,5,-5,-3,4,-5,3,4,1]"
452.7000000000029,3.547926250084572,0.118084509992724,0.2918114857926376,0.9701762460102197,-10.0,7.268659771106177,0.29598789285810456,False,False,0.0,6.661338147750939e-16,False,False,"[[""H"",43],[""L"",75],[""H"",51],[""L"",74],[""H"",45],[""L"",312],[""H"",49],[""L"",83],[""H"",47],[""L"",76],[""H"",41],[""L"",73]]",False,False,False,ZL1_N3_M3_L78_H46,independent_layer_5nm,10,independent_layer_5nm_ZL1_N3_M3_L78_H46_0010,5,"[-3,-3,5,-4,-1,0,3,5,1,-2,-5,-5]"
449.8000000000022,3.5465985801611737,0.4824102322116628,0.9761224734275815,0.23793726567152096,0.0,15.908106750149871,1.0,True,True,0.0,6.661338147750939e-16,False,False,"[[""H"",50],[""L"",83],[""H"",42],[""L"",81],[""H"",51],[""L"",311],[""H"",41],[""L"",74],[""H"",51],[""L"",77],[""H"",41],[""L"",77]]",True,True,True,ZL1_N3_M3_L78_H46,independent_layer_5nm,11,independent_layer_5nm_ZL1_N3_M3_L78_H46_0011,5,"[4,5,-4,3,5,-1,-5,-4,5,-1,-5,-1]"
450.4800000000024,3.4058085465791237,0.31488044581553293,0.9217419654965522,0.315690556550557,-4.0,18.528224920153963,0.9293230255874042,False,True,0.0,4.440892098500626e-16,False,False,"[[""H"",45],[""L"",81],[""H"",47],[""L"",73],[""H"",47],[""L"",312],[""H"",46],[""L"",82],[""H"",41],[""L"",83],[""H"",46],[""L"",82]]",True,True,True,ZL1_N3_M3_L78_H46,independent_layer_5nm,12,independent_layer_5nm_ZL1_N3_M3_L78_H46_0012,5,"[-1,3,1,-5,1,0,0,4,-5,5,0,4]"
448.5400000000019,3.4045111122593994,0.9065276683927486,0.5735086325560851,0.1327402926850895,0.0,13.912230322357003,1.0,True,True,0.0,6.661338147750939e-16,False,False,"[[""H"",42],[""L"",79],[""H"",42],[""L"",79],[""H"",41],[""L"",315],[""H"",47],[""L"",75],[""H"",48],[""L"",79],[""H"",49],[""L"",75]]",False,True,False,ZL1_N3_M3_L78_H46,independent_layer_5nm,13,independent_layer_5nm_ZL1_N3_M3_L78_H46_0013,5,"[-4,1,-4,1,-5,3,1,-3,2,1,3,-3]"
449.52000000000214,3.388567632763852,0.5490331674442865,0.9204701377578718,0.1968687101733272,0.0,14.665706116197624,1.0,True,True,0.0,4.440892098500626e-16,False,False,"[[""H"",47],[""L"",77],[""H"",43],[""L"",83],[""H"",45],[""L"",307],[""H"",51],[""L"",76],[""H"",47],[""L"",77],[""H"",44],[""L"",74]]",True,True,True,ZL1_N3_M3_L78_H46,independent_layer_5nm,14,independent_layer_5nm_ZL1_N3_M3_L78_H46_0014,5,"[1,-1,-3,5,-1,-5,5,-2,1,-1,-2,-4]"
451.84000000000265,3.4206133129004,0.15845216656188227,0.4541345529883985,0.6831159640703054,-8.0,9.716393477520754,0.4649959563643002,False,False,0.0,6.661338147750939e-16,False,False,"[[""H"",43],[""L"",83],[""H"",47],[""L"",75],[""H"",47],[""L"",313],[""H"",47],[""L"",77],[""H"",46],[""L"",77],[""H"",42],[""L"",81]]",False,False,False,ZL1_N3_M3_L78_H46,independent_layer_5nm,15,independent_layer_5nm_ZL1_N3_M3_L78_H46_0015,5,"[-3,5,1,-3,1,1,1,-1,0,-1,-4,3]"
446.1800000000014,3.338363070331013,0.4568347501083322,0.16474369835126323,0.06113502955968994,0.0,17.212479773536277,1.0,True,True,0.0,5.551115123125783e-16,False,False,"[[""H"",49],[""L"",73],[""H"",46],[""L"",83],[""H"",44],[""L"",311],[""H"",44],[""L"",77],[""H"",43],[""L"",79],[""H"",44],[""L"",73]]",False,True,False,ZL1_N3_M3_L78_H46,independent_layer_5nm,16,independent_layer_5nm_ZL1_N3_M3_L78_H46_0016,5,"[3,-5,0,5,-2,-1,-2,-1,-3,1,-2,-5]"
449.8000000000022,3.446909965706027,0.47216388859060143,0.9782637583770113,0.22910285152106324,0.0,15.56330026057136,1.0,True,True,0.0,8.881784197001252e-16,False,False,"[[""H"",51],[""L"",74],[""H"",43],[""L"",83],[""H"",43],[""L"",315],[""H"",47],[""L"",74],[""H"",41],[""L"",81],[""H"",48],[""L"",80]]",True,True,True,ZL1_N3_M3_L78_H46,independent_layer_5nm,17,independent_layer_5nm_ZL1_N3_M3_L78_H46_0017,5,"[5,-4,-3,5,-3,3,1,-4,-5,3,2,2]"
446.14000000000135,3.3177976669933287,0.44323638690058353,0.15995133560814312,0.059468874611401906,0.0,17.33467646319293,1.0,True,True,0.0,4.440892098500626e-16,False,False,"[[""H"",44],[""L"",81],[""H"",47],[""L"",77],[""H"",42],[""L"",308],[""H"",50],[""L"",75],[""H"",46],[""L"",78],[""H"",42],[""L"",78]]",False,True,False,ZL1_N3_M3_L78_H46,independent_layer_5nm,18,independent_layer_5nm_ZL1_N3_M3_L78_H46_0018,5,"[-2,3,1,-1,-4,-4,4,-3,0,0,-4,0]"
453.180000000003,3.5038847186731346,0.09698287398174482,0.22519325322479322,0.9854460971226722,-11.0,6.4323330662064855,0.227100602837118,False,False,0.0,5.551115123125783e-16,False,False,"[[""H"",46],[""L"",77],[""H"",45],[""L"",79],[""H"",49],[""L"",315],[""H"",44],[""L"",74],[""H"",51],[""L"",76],[""H"",41],[""L"",75]]",False,False,False,ZL1_N3_M3_L78_H46,independent_layer_5nm,19,independent_layer_5nm_ZL1_N3_M3_L78_H46_0019,5,"[0,-1,-1,1,3,3,-2,-4,5,-2,-5,-3]"
447.2600000000017,3.360767963876981,0.8332312115185654,0.2771620725050106,0.0836872856852526,0.0,15.379703280923627,1.0,True,True,0.0,6.661338147750939e-16,False,False,"[[""H"",45],[""L"",80],[""H"",49],[""L"",74],[""H"",45],[""L"",314],[""H"",41],[""L"",80],[""H"",47],[""L"",77],[""H"",41],[""L"",81]]",False,True,False,ZL1_N3_M3_L78_H46,independent_layer_5nm,20,independent_layer_5nm_ZL1_N3_M3_L78_H46_0020,5,"[-1,2,3,-4,-1,2,-5,2,1,-1,-5,3]"
446.3200000000014,3.443083066625263,0.5091555699155319,0.17974055619877963,0.06378157064655278,0.0,16.87971343363942,1.0,True,True,0.0,4.440892098500626e-16,False,False,"[[""H"",46],[""L"",81],[""H"",46],[""L"",82],[""H"",41],[""L"",308],[""H"",48],[""L"",76],[""H"",48],[""L"",82],[""H"",46],[""L"",83]]",False,True,False,ZL1_N3_M3_L78_H46,independent_layer_5nm,21,independent_layer_5nm_ZL1_N3_M3_L78_H46_0021,5,"[0,3,0,4,-5,-4,2,-2,2,4,0,5]"
446.7200000000015,3.5755185850526914,0.661540689191239,0.2308264602683936,0.07736765120392602,0.0,16.437734540890514,1.0,True,True,0.0,4.440892098500626e-16,False,False,"[[""H"",51],[""L"",82],[""H"",42],[""L"",73],[""H"",41],[""L"",311],[""H"",49],[""L"",75],[""H"",50],[""L"",76],[""H"",51],[""L"",76]]",False,True,False,ZL1_N3_M3_L78_H46,independent_layer_5nm,22,independent_layer_5nm_ZL1_N3_M3_L78_H46_0022,5,"[5,4,-4,-5,-5,-1,3,-3,4,-2,5,-2]"
446.5800000000015,3.309139207746341,0.5769671822664332,0.19496819826338108,0.06733865403383438,0.0,16.51588131047367,1.0,True,True,0.0,6.661338147750939e-16,False,False,"[[""H"",42],[""L"",77],[""H"",47],[""L"",79],[""H"",42],[""L"",311],[""H"",48],[""L"",75],[""H"",42],[""L"",83],[""H"",45],[""L"",79]]",False,True,False,ZL1_N3_M3_L78_H46,independent_layer_5nm,23,independent_layer_5nm_ZL1_N3_M3_L78_H46_0023,5,"[-4,-1,1,1,-4,-1,2,-3,-4,5,-1,1]"
460.62000000000467,3.7113314412431464,0.021531086910757752,0.02965257373598939,0.0551229665453261,-20.0,3.991270695031254,0.03222898352566509,False,False,0.0,4.440892098500626e-16,False,False,"[[""H"",47],[""L"",77],[""H"",48],[""L"",73],[""H"",51],[""L"",317],[""H"",46],[""L"",82],[""H"",51],[""L"",83],[""H"",49],[""L"",77]]",False,False,False,ZL1_N3_M3_L78_H46,independent_layer_5nm,24,independent_layer_5nm_ZL1_N3_M3_L78_H46_0024,5,"[1,-1,2,-5,5,5,0,4,5,5,3,-1]"
451.46000000000265,3.4191613662396207,0.18904219465034977,0.567944624421787,0.5540750809725992,-8.0,22.44992528890952,0.5772489984627506,False,False,0.0,6.661338147750939e-16,False,False,"[[""H"",42],[""L"",79],[""H"",46],[""L"",81],[""H"",47],[""L"",310],[""H"",48],[""L"",78],[""H"",44],[""L"",83],[""H"",45],[""L"",75]]",False,False,False,ZL1_N3_M3_L78_H46,independent_layer_5nm,25,independent_layer_5nm_ZL1_N3_M3_L78_H46_0025,5,"[-4,1,0,3,1,-2,2,0,-2,5,-1,-3]"
447.8800000000018,3.5452432546726413,0.9950254814300965,0.4110258638652629,0.10849709698276885,0.0,14.699455645200413,1.0,True,True,0.0,5.551115123125783e-16,False,False,"[[""H"",44],[""L"",81],[""H"",46],[""L"",75],[""H"",48],[""L"",307],[""H"",44],[""L"",80],[""H"",51],[""L"",80],[""H"",51],[""L"",73]]",False,True,False,ZL1_N3_M3_L78_H46,independent_layer_5nm,26,independent_layer_5nm_ZL1_N3_M3_L78_H46_0026,5,"[-2,3,0,-3,2,-5,-2,2,5,2,5,-5]"
450.1000000000023,3.5408970121000607,0.4076254143350444,0.9820559486639767,0.27085967342832584,-2.0,17.09500433041688,0.9974055319286064,False,True,0.0,7.771561172376096e-16,False,False,"[[""H"",44],[""L"",82],[""H"",51],[""L"",82],[""H"",46],[""L"",312],[""H"",43],[""L"",82],[""H"",41],[""L"",75],[""H"",48],[""L"",79]]",True,True,True,ZL1_N3_M3_L78_H46,independent_layer_5nm,27,independent_layer_5nm_ZL1_N3_M3_L78_H46_0027,5,"[-2,4,5,4,0,0,-3,4,-5,-3,2,1]"
450.96000000000254,3.4839178827306796,0.2520214821259564,0.7590880124758229,0.41964473821451276,-6.0,20.71659321839161,0.7679642045170695,False,False,0.0,6.661338147750939e-16,False,False,"[[""H"",48],[""L"",83],[""H"",43],[""L"",79],[""H"",51],[""L"",307],[""H"",47],[""L"",79],[""H"",42],[""L"",83],[""H"",48],[""L"",76]]",True,False,False,ZL1_N3_M3_L78_H46,independent_layer_5nm,28,independent_layer_5nm_ZL1_N3_M3_L78_H46_0028,5,"[2,5,-3,1,5,-5,1,1,-4,5,2,-2]"
447.2200000000016,3.3296898510226924,0.8153197922537012,0.2706384715266567,0.08381508014245379,0.0,15.584825932610036,1.0,True,True,0.0,7.771561172376096e-16,False,False,"[[""H"",42],[""L"",75],[""H"",42],[""L"",77],[""H"",46],[""L"",311],[""H"",46],[""L"",79],[""H"",44],[""L"",75],[""H"",47],[""L"",73]]",False,True,False,ZL1_N3_M3_L78_H46,independent_layer_5nm,29,independent_layer_5nm_ZL1_N3_M3_L78_H46_0029,5,"[-4,-3,-4,-1,0,-1,0,1,-2,-3,1,-5]"
449.52000000000214,3.3596378350132454,0.5394048373379732,0.919328827044386,0.19535150924279857,0.0,14.565902523330472,1.0,True,True,0.0,6.661338147750939e-16,False,False,"[[""H"",46],[""L"",81],[""H"",42],[""L"",77],[""H"",48],[""L"",313],[""H"",44],[""L"",76],[""H"",47],[""L"",73],[""H"",47],[""L"",79]]",True,True,True,ZL1_N3_M3_L78_H46,independent_layer_5nm,30,independent_layer_5nm_ZL1_N3_M3_L78_H46_0030,5,"[0,3,-4,-1,2,1,-2,-2,1,-5,1,1]"
455.6800000000036,3.571396471283606,0.04955139417271168,0.08716814393744574,0.30171029906760766,-15.0,4.796326239182424,0.08829566000660816,False,False,0.0,6.661338147750939e-16,False,False,"[[""H"",49],[""L"",75],[""H"",46],[""L"",81],[""H"",51],[""L"",315],[""H"",42],[""L"",79],[""H"",50],[""L"",81],[""H"",42],[""L"",82]]",False,False,False,ZL1_N3_M3_L78_H46,independent_layer_5nm,31,independent_layer_5nm_ZL1_N3_M3_L78_H46_0031,5,"[3,-3,0,3,5,3,-4,1,4,3,-4,4]"
454.58000000000334,3.7700792132517336,0.07770187311566772,0.14581266825468003,0.5807379406100192,-13.0,5.835084138414674,0.15089258365121508,False,False,0.0,5.551115123125783e-16,False,False,"[[""H"",51],[""L"",80],[""H"",51],[""L"",73],[""H"",49],[""L"",313],[""H"",43],[""L"",83],[""H"",50],[""L"",82],[""H"",50],[""L"",75]]",False,False,False,ZL1_N3_M3_L78_H46,independent_layer_5nm,32,independent_layer_5nm_ZL1_N3_M3_L78_H46_0032,5,"[5,2,5,-5,3,1,-3,5,4,4,4,-3]"
452.86000000000297,3.5133473268358557,0.11111994652813423,0.2675237552733479,0.9847870174305454,-11.0,7.036000452664589,0.27465411706231546,False,False,0.0,6.661338147750939e-16,False,False,"[[""H"",51],[""L"",75],[""H"",47],[""L"",80],[""H"",42],[""L"",316],[""H"",49],[""L"",73],[""H"",48],[""L"",81],[""H"",43],[""L"",76]]",False,False,False,ZL1_N3_M3_L78_H46,independent_layer_5nm,33,independent_layer_5nm_ZL1_N3_M3_L78_H46_0033,5,"[5,-3,1,2,-4,4,3,-5,2,3,-3,-2]"
453.7600000000032,3.525236976765541,0.08022310647164224,0.17237107302173604,0.834924781034893,-12.0,5.8515069906602015,0.17437744429595764,False,False,0.0,6.661338147750939e-16,False,False,"[[""H"",43],[""L"",77],[""H"",42],[""L"",79],[""H"",51],[""L"",317],[""H"",42],[""L"",73],[""H"",48],[""L"",83],[""H"",46],[""L"",77]]",False,False,False,ZL1_N3_M3_L78_H46,independent_layer_5nm,34,independent_layer_5nm_ZL1_N3_M3_L78_H46_0034,5,"[-3,-1,-4,1,5,5,-4,-5,2,5,0,-1]"
443.8400000000008,3.2588287613708644,0.13776557746708384,0.07006606123280995,0.03484073710856862,0.0,21.167743597796502,1.0,True,True,0.0,4.440892098500626e-16,False,False,"[[""H"",41],[""L"",76],[""H"",45],[""L"",80],[""H"",45],[""L"",310],[""H"",43],[""L"",73],[""H"",45],[""L"",80],[""H"",46],[""L"",79]]",False,True,False,ZL1_N3_M3_L78_H46,independent_layer_5nm,35,independent_layer_5nm_ZL1_N3_M3_L78_H46_0035,5,"[-5,-2,-1,2,-1,-2,-3,-5,-1,2,0,1]"
453.64000000000306,3.6153149105124385,0.09196023328709381,0.1961800774473128,0.8900856888261619,-12.0,6.190063765362776,0.1965328673262144,False,False,0.0,6.661338147750939e-16,False,False,"[[""H"",44],[""L"",80],[""H"",43],[""L"",75],[""H"",46],[""L"",314],[""H"",47],[""L"",81],[""H"",50],[""L"",80],[""H"",51],[""L"",79]]",False,False,False,ZL1_N3_M3_L78_H46,independent_layer_5nm,36,independent_layer_5nm_ZL1_N3_M3_L78_H46_0036,5,"[-2,2,-3,-3,0,2,1,3,4,2,5,1]"
454.7600000000034,3.652632707846692,0.06935275684616676,0.12937589265526145,0.5182945270886847,-14.0,5.557896953847079,0.13209312267425458,False,False,0.0,6.661338147750939e-16,False,False,"[[""H"",47],[""L"",76],[""H"",50],[""L"",81],[""H"",46],[""L"",307],[""H"",51],[""L"",82],[""H"",51],[""L"",82],[""H"",44],[""L"",81]]",False,False,False,ZL1_N3_M3_L78_H46,independent_layer_5nm,37,independent_layer_5nm_ZL1_N3_M3_L78_H46_0037,5,"[1,-2,4,3,0,-5,5,4,5,4,-2,3]"
449.4800000000022,3.439281309951582,0.563955120480151,0.9104392927234604,0.1964921564181093,0.0,14.640044602934953,1.0,True,True,0.0,4.440892098500626e-16,False,False,"[[""H"",47],[""L"",81],[""H"",47],[""L"",73],[""H"",50],[""L"",312],[""H"",41],[""L"",82],[""H"",45],[""L"",74],[""H"",48],[""L"",83]]",True,True,True,ZL1_N3_M3_L78_H46,independent_layer_5nm,38,independent_layer_5nm_ZL1_N3_M3_L78_H46_0038,5,"[1,3,1,-5,4,0,-5,4,-1,-4,2,5]"
456.00000000000364,3.529737862585762,0.04442335052849007,0.07651396621104822,0.25015668622623344,-15.0,4.660310316202535,0.0786490123568627,False,False,0.0,5.551115123125783e-16,False,False,"[[""H"",47],[""L"",82],[""H"",46],[""L"",83],[""H"",45],[""L"",317],[""H"",46],[""L"",79],[""H"",49],[""L"",76],[""H"",45],[""L"",76]]",False,False,False,ZL1_N3_M3_L78_H46,independent_layer_5nm,39,independent_layer_5nm_ZL1_N3_M3_L78_H46_0039,5,"[1,4,0,5,-1,5,0,1,3,-2,-1,-2]"
448.6400000000019,3.5862943629664414,0.8715184263351439,0.6285073683522355,0.14628633271620595,0.0,14.192423647465892,1.0,True,True,0.0,5.551115123125783e-16,False,False,"[[""H"",50],[""L"",83],[""H"",50],[""L"",75],[""H"",43],[""L"",308],[""H"",49],[""L"",82],[""H"",46],[""L"",77],[""H"",41],[""L"",78]]",True,True,True,ZL1_N3_M3_L78_H46,independent_layer_5nm,40,independent_layer_5nm_ZL1_N3_M3_L78_H46_0040,5,"[4,5,4,-3,-3,-4,3,4,0,-1,-5,0]"
445.9600000000014,3.4562713285192785,0.42197545542010806,0.15960360355116987,0.061246688400941995,0.0,17.67737254501876,1.0,True,True,0.0,4.440892098500626e-16,False,False,"[[""H"",42],[""L"",81],[""H"",41],[""L"",73],[""H"",41],[""L"",310],[""H"",49],[""L"",81],[""H"",48],[""L"",77],[""H"",48],[""L"",82]]",False,True,False,ZL1_N3_M3_L78_H46,independent_layer_5nm,41,independent_layer_5nm_ZL1_N3_M3_L78_H46_0041,5,"[-4,3,-5,-5,-5,-2,3,3,2,-1,2,4]"
451.8800000000027,3.552910325709149,0.16320491658876468,0.45767647055100047,0.7155127547034295,-9.0,9.899899775515557,0.464958743241164,False,False,0.0,4.440892098500626e-16,False,False,"[[""H"",43],[""L"",75],[""H"",41],[""L"",73],[""H"",50],[""L"",312],[""H"",49],[""L"",77],[""H"",41],[""L"",80],[""H"",51],[""L"",74]]",False,False,False,ZL1_N3_M3_L78_H46,independent_layer_5nm,42,independent_layer_5nm_ZL1_N3_M3_L78_H46_0042,5,"[-3,-3,-5,-5,4,0,3,-1,-5,2,5,-4]"
451.48000000000263,3.46398517860365,0.19273511872667104,0.5723692140558332,0.5638626619730776,-8.0,22.544120906646718,0.5803269739671797,False,False,0.0,4.440892098500626e-16,False,False,"[[""H"",44],[""L"",79],[""H"",49],[""L"",81],[""H"",42],[""L"",313],[""H"",51],[""L"",74],[""H"",41],[""L"",82],[""H"",47],[""L"",76]]",False,False,False,ZL1_N3_M3_L78_H46,independent_layer_5nm,43,independent_layer_5nm_ZL1_N3_M3_L78_H46_0043,5,"[-2,1,3,3,-4,1,5,-4,-5,4,1,-2]"
443.56000000000085,3.339423847288799,0.12789329095012236,0.06673193848705719,0.033724558065569295,0.0,21.63260834967337,1.0,True,True,0.0,6.661338147750939e-16,False,False,"[[""H"",44],[""L"",79],[""H"",50],[""L"",73],[""H"",41],[""L"",307],[""H"",50],[""L"",77],[""H"",41],[""L"",75],[""H"",47],[""L"",83]]",False,True,False,ZL1_N3_M3_L78_H46,independent_layer_5nm,44,independent_layer_5nm_ZL1_N3_M3_L78_H46_0044,5,"[-2,1,4,-5,-5,-5,4,-1,-5,-3,1,5]"
455.36000000000354,3.593387955216599,0.053086384738711856,0.09628609675123122,0.3576504511598055,-15.0,5.121278620468624,0.10118018516453127,False,False,0.0,8.881784197001252e-16,False,False,"[[""H"",50],[""L"",79],[""H"",46],[""L"",81],[""H"",51],[""L"",313],[""H"",46],[""L"",77],[""H"",43],[""L"",82],[""H"",42],[""L"",76]]",False,False,False,ZL1_N3_M3_L78_H46,independent_layer_5nm,45,independent_layer_5nm_ZL1_N3_M3_L78_H46_0045,5,"[4,1,0,3,5,1,0,-1,-3,4,-4,-2]"
445.66000000000133,3.418325752709279,0.34821116387744444,0.13645739770570714,0.054091712773950675,0.0,18.024218233722987,1.0,True,True,0.0,6.661338147750939e-16,False,False,"[[""H"",50],[""L"",83],[""H"",42],[""L"",75],[""H"",46],[""L"",309],[""H"",44],[""L"",77],[""H"",49],[""L"",81],[""H"",43],[""L"",78]]",False,True,False,ZL1_N3_M3_L78_H46,independent_layer_5nm,46,independent_layer_5nm_ZL1_N3_M3_L78_H46_0046,5,"[4,5,-4,-3,0,-3,-2,-1,3,3,-3,0]"
444.70000000000107,3.458215815799406,0.21400526323979108,0.09712208252153091,0.04345814870011552,0.0,19.607606815050346,1.0,True,True,0.0,7.771561172376096e-16,False,False,"[[""H"",47],[""L"",82],[""H"",51],[""L"",75],[""H"",42],[""L"",308],[""H"",46],[""L"",82],[""H"",43],[""L"",74],[""H"",45],[""L"",83]]",False,True,False,ZL1_N3_M3_L78_H46,independent_layer_5nm,47,independent_layer_5nm_ZL1_N3_M3_L78_H46_0047,5,"[1,4,5,-3,-4,-4,0,4,-3,-4,-1,5]"
447.6200000000017,3.333558852870226,0.9449057207372868,0.33219131307018124,0.09299100717591822,0.0,14.908339658600994,1.0,True,True,0.0,7.771561172376096e-16,False,False,"[[""H"",45],[""L"",80],[""H"",43],[""L"",77],[""H"",45],[""L"",309],[""H"",48],[""L"",82],[""H"",42],[""L"",74],[""H"",49],[""L"",74]]",False,True,False,ZL1_N3_M3_L78_H46,independent_layer_5nm,48,independent_layer_5nm_ZL1_N3_M3_L78_H46_0048,5,"[-1,2,-3,-1,-1,-3,2,4,-4,-4,3,-4]"
447.44000000000165,3.5399238717702133,0.891354392628587,0.3214034089640101,0.09530949097672992,0.0,15.369693676106337,1.0,True,True,0.0,5.551115123125783e-16,False,False,"[[""H"",45],[""L"",83],[""H"",51],[""L"",82],[""H"",45],[""L"",310],[""H"",45],[""L"",73],[""H"",44],[""L"",75],[""H"",42],[""L"",77]]",False,True,False,ZL1_N3_M3_L78_H46,independent_layer_5nm,49,independent_layer_5nm_ZL1_N3_M3_L78_H46_0049,5,"[-1,5,5,4,-1,-2,-1,-5,-2,-3,-4,-1]"
451.8000000000027,3.6257718737263644,0.1831735734591543,0.5023548967629168,0.6926874943867127,-8.0,23.88800073574367,0.5075776156229459,False,False,0.0,7.771561172376096e-16,False,False,"[[""H"",41],[""L"",81],[""H"",42],[""L"",77],[""H"",50],[""L"",312],[""H"",44],[""L"",75],[""H"",51],[""L"",82],[""H"",50],[""L"",82]]",False,False,False,ZL1_N3_M3_L78_H46,independent_layer_5nm,50,independent_layer_5nm_ZL1_N3_M3_L78_H46_0050,5,"[-5,3,-4,-1,4,0,-2,-3,5,4,4,4]"
457.78000000000407,3.612488117156772,0.032390509696124385,0.049929044420924856,0.12179643262157566,-17.0,4.382226912455591,0.05327183101120018,False,False,0.0,8.881784197001252e-16,False,False,"[[""H"",45],[""L"",74],[""H"",50],[""L"",83],[""H"",47],[""L"",316],[""H"",46],[""L"",79],[""H"",50],[""L"",78],[""H"",49],[""L"",75]]",False,False,False,ZL1_N3_M3_L78_H46,independent_layer_5nm,51,independent_layer_5nm_ZL1_N3_M3_L78_H46_0051,5,"[-1,-4,4,5,1,4,0,1,4,0,3,-3]"
447.3400000000016,3.3582718281575126,0.8648590391223872,0.2944517559771791,0.08992232653626,0.0,15.458031636693956,1.0,True,True,0.0,8.881784197001252e-16,False,False,"[[""H"",47],[""L"",74],[""H"",42],[""L"",77],[""H"",45],[""L"",313],[""H"",46],[""L"",79],[""H"",42],[""L"",73],[""H"",43],[""L"",73]]",False,True,False,ZL1_N3_M3_L78_H46,independent_layer_5nm,52,independent_layer_5nm_ZL1_N3_M3_L78_H46_0052,5,"[1,-4,-4,-1,-1,1,0,1,-4,-5,-3,-5]"
445.2000000000012,3.4851845153856402,0.2767880025006739,0.11707683651184372,0.0493367499481058,0.0,18.74991080025708,1.0,True,True,0.0,5.551115123125783e-16,False,False,"[[""H"",49],[""L"",78],[""H"",50],[""L"",81],[""H"",42],[""L"",312],[""H"",41],[""L"",78],[""H"",48],[""L"",73],[""H"",48],[""L"",73]]",False,True,False,ZL1_N3_M3_L78_H46,independent_layer_5nm,53,independent_layer_5nm_ZL1_N3_M3_L78_H46_0053,5,"[3,0,4,3,-4,0,-5,0,2,-5,2,-5]"
453.14000000000294,3.557027041790377,0.10436572949276306,0.23909797002529332,0.9884495743532116,-11.0,6.598395270082907,0.24092858680399853,False,False,0.0,6.661338147750939e-16,False,False,"[[""H"",49],[""L"",83],[""H"",45],[""L"",83],[""H"",43],[""L"",311],[""H"",51],[""L"",83],[""H"",43],[""L"",73],[""H"",49],[""L"",76]]",False,False,False,ZL1_N3_M3_L78_H46,independent_layer_5nm,54,independent_layer_5nm_ZL1_N3_M3_L78_H46_0054,5,"[3,5,-1,5,-3,-1,5,5,-3,-5,3,-2]"
452.9200000000029,3.559546052041071,0.114340538976212,0.26757763161931836,0.9911919350975795,-11.0,7.016759002462437,0.2713141089767151,False,False,0.0,6.661338147750939e-16,False,False,"[[""H"",47],[""L"",81],[""H"",46],[""L"",81],[""H"",50],[""L"",307],[""H"",49],[""L"",75],[""H"",46],[""L"",83],[""H"",50],[""L"",73]]",False,False,False,ZL1_N3_M3_L78_H46,independent_layer_5nm,55,independent_layer_5nm_ZL1_N3_M3_L78_H46_0055,5,"[1,3,0,3,4,-5,3,-3,0,5,4,-5]"
448.900000000002,3.4388413415809964,0.7784807603441775,0.7030544979559366,0.15217668468416068,0.0,13.89989547831968,1.0,True,True,0.0,4.440892098500626e-16,False,False,"[[""H"",45],[""L"",80],[""H"",49],[""L"",82],[""H"",44],[""L"",307],[""H"",50],[""L"",78],[""H"",41],[""L"",83],[""H"",46],[""L"",77]]",True,True,True,ZL1_N3_M3_L78_H46,independent_layer_5nm,56,independent_layer_5nm_ZL1_N3_M3_L78_H46_0056,5,"[-1,2,3,4,-2,-5,4,0,-5,5,0,-1]"
452.6600000000029,3.550868875702349,0.12154536481107336,0.2992140300112036,0.95665516835663,-10.0,7.2495113562434605,0.3033352420734578,False,False,0.0,1.1102230246251565e-15,False,False,"[[""H"",51],[""L"",82],[""H"",44],[""L"",82],[""H"",41],[""L"",315],[""H"",49],[""L"",82],[""H"",45],[""L"",73],[""H"",45],[""L"",80]]",False,False,False,ZL1_N3_M3_L78_H46,independent_layer_5nm,57,independent_layer_5nm_ZL1_N3_M3_L78_H46_0057,5,"[5,4,-2,4,-5,3,3,4,-1,-5,-1,2]"
450.68000000000245,3.4299860695564917,0.2794977098289082,0.8562560421684609,0.3600494797247221,-5.0,19.541594828187005,0.8633096386618646,False,True,0.0,4.440892098500626e-16,False,False,"[[""H"",46],[""L"",75],[""H"",43],[""L"",79],[""H"",51],[""L"",314],[""H"",43],[""L"",73],[""H"",44],[""L"",74],[""H"",45],[""L"",79]]",True,True,True,ZL1_N3_M3_L78_H46,independent_layer_5nm,58,independent_layer_5nm_ZL1_N3_M3_L78_H46_0058,5,"[0,-3,-3,1,5,2,-3,-5,-2,-4,-1,1]"
445.8000000000013,3.381375643013371,0.37950338351859464,0.1489699036091499,0.060165215142309214,0.0,18.098329616298837,1.0,True,True,0.0,6.661338147750939e-16,False,False,"[[""H"",46],[""L"",83],[""H"",42],[""L"",78],[""H"",42],[""L"",313],[""H"",48],[""L"",74],[""H"",41],[""L"",74],[""H"",41],[""L"",73]]",False,True,False,ZL1_N3_M3_L78_H46,independent_layer_5nm,59,independent_layer_5nm_ZL1_N3_M3_L78_H46_0059,5,"[0,5,-4,0,-4,1,2,-4,-5,-4,-5,-5]"
455.74000000000353,3.5861810050283225,0.048517107248601976,0.08527355477382581,0.29275639799341907,-15.0,4.802254778435911,0.08605123622457687,False,False,0.0,4.440892098500626e-16,False,False,"[[""H"",49],[""L"",78],[""H"",46],[""L"",83],[""H"",49],[""L"",315],[""H"",47],[""L"",74],[""H"",43],[""L"",74],[""H"",51],[""L"",76]]",False,False,False,ZL1_N3_M3_L78_H46,independent_layer_5nm,60,independent_layer_5nm_ZL1_N3_M3_L78_H46_0060,5,"[3,0,0,5,3,3,1,-4,-3,-4,5,-2]"
444.620000000001,3.277165285006788,0.19691302821971418,0.09109800848240909,0.04210620530270612,0.0,19.921725008252714,1.0,True,True,0.0,5.551115123125783e-16,False,False,"[[""H"",48],[""L"",75],[""H"",41],[""L"",78],[""H"",44],[""L"",313],[""H"",43],[""L"",77],[""H"",44],[""L"",73],[""H"",48],[""L"",74]]",False,True,False,ZL1_N3_M3_L78_H46,independent_layer_5nm,61,independent_layer_5nm_ZL1_N3_M3_L78_H46_0061,5,"[2,-3,-5,0,-2,1,-3,-1,-2,-5,2,-4]"
451.20000000000255,3.4456680042933385,0.21837176794551005,0.6642983635842665,0.4773595545043572,-7.0,21.49548407201453,0.6715781001333243,False,False,0.0,4.440892098500626e-16,False,False,"[[""H"",46],[""L"",80],[""H"",45],[""L"",83],[""H"",49],[""L"",308],[""H"",46],[""L"",81],[""H"",46],[""L"",77],[""H"",42],[""L"",82]]",True,False,False,ZL1_N3_M3_L78_H46,independent_layer_5nm,62,independent_layer_5nm_ZL1_N3_M3_L78_H46_0062,5,"[0,2,-1,5,3,-4,0,3,0,-1,-4,4]"
455.7800000000036,3.5275837135184247,0.046346838744930216,0.0815052028696462,0.2806153645926021,-15.0,4.728566778524215,0.0823554098084762,False,False,0.0,6.661338147750939e-16,False,False,"[[""H"",44],[""L"",75],[""H"",49],[""L"",73],[""H"",48],[""L"",314],[""H"",49],[""L"",79],[""H"",47],[""L"",79],[""H"",48],[""L"",73]]",False,False,False,ZL1_N3_M3_L78_H46,independent_layer_5nm,63,independent_layer_5nm_ZL1_N3_M3_L78_H46_0063,5,"[-2,-3,3,-5,2,2,3,1,1,1,2,-5]"
454.80000000000337,3.5373393795597963,0.061218882035527944,0.11625729722259864,0.48612843148485607,-14.0,5.215343783391047,0.1174641029591456,False,False,0.0,4.440892098500626e-16,False,False,"[[""H"",43],[""L"",82],[""H"",44],[""L"",77],[""H"",49],[""L"",309],[""H"",51],[""L"",78],[""H"",51],[""L"",74],[""H"",47],[""L"",76]]",False,False,False,ZL1_N3_M3_L78_H46,independent_layer_5nm,64,independent_layer_5nm_ZL1_N3_M3_L78_H46_0064,5,"[-3,4,-2,-1,3,-3,5,0,5,-4,1,-2]"
448.800000000002,3.4096243148591725,0.8062619935220152,0.6664971068072609,0.1458684550799152,0.0,13.820844569576055,1.0,True,True,0.0,6.661338147750939e-16,False,False,"[[""H"",44],[""L"",82],[""H"",50],[""L"",73],[""H"",47],[""L"",312],[""H"",43],[""L"",83],[""H"",42],[""L"",76],[""H"",47],[""L"",79]]",True,True,True,ZL1_N3_M3_L78_H46,independent_layer_5nm,65,independent_layer_5nm_ZL1_N3_M3_L78_H46_0065,5,"[-2,4,4,-5,1,0,-3,5,-4,-2,1,1]"
452.36000000000286,3.464754462237579,0.13231052302401353,0.34448873144316483,0.8762775154283864,-10.0,7.791081330701627,0.35109379690892245,False,False,0.0,7.771561172376096e-16,False,False,"[[""H"",45],[""L"",79],[""H"",44],[""L"",82],[""H"",45],[""L"",315],[""H"",44],[""L"",79],[""H"",51],[""L"",79],[""H"",44],[""L"",80]]",False,False,False,ZL1_N3_M3_L78_H46,independent_layer_5nm,66,independent_layer_5nm_ZL1_N3_M3_L78_H46_0066,5,"[-1,1,-2,4,-1,3,-2,1,5,1,-2,2]"
447.72000000000173,3.516777196950784,0.9754390480762539,0.3778390796738922,0.10501944543945281,0.0,14.851755898733314,1.0,True,True,0.0,7.771561172376096e-16,False,False,"[[""H"",42],[""L"",76],[""H"",43],[""L"",77],[""H"",43],[""L"",317],[""H"",41],[""L"",76],[""H"",51],[""L"",80],[""H"",50],[""L"",80]]",False,True,False,ZL1_N3_M3_L78_H46,independent_layer_5nm,67,independent_layer_5nm_ZL1_N3_M3_L78_H46_0067,5,"[-4,-2,-3,-1,-3,5,-5,-2,5,2,4,2]"
448.60000000000196,3.4710771688741033,0.8771168965825024,0.5998721168583083,0.13764459648769622,0.0,13.97730932012498,1.0,True,True,0.0,8.881784197001252e-16,False,False,"[[""H"",49],[""L"",83],[""H"",48],[""L"",78],[""H"",45],[""L"",311],[""H"",46],[""L"",77],[""H"",43],[""L"",77],[""H"",45],[""L"",76]]",False,True,False,ZL1_N3_M3_L78_H46,independent_layer_5nm,68,independent_layer_5nm_ZL1_N3_M3_L78_H46_0068,5,"[3,5,2,0,-1,-1,0,-1,-3,-1,-1,-2]"
450.30000000000234,3.4012075059357585,0.33928118753643605,0.9592472380182717,0.2931703457137129,-3.0,17.830631236607804,0.9699723056371549,False,True,0.0,6.661338147750939e-16,False,False,"[[""H"",42],[""L"",75],[""H"",44],[""L"",76],[""H"",43],[""L"",317],[""H"",47],[""L"",75],[""H"",46],[""L"",79],[""H"",44],[""L"",74]]",True,True,True,ZL1_N3_M3_L78_H46,independent_layer_5nm,69,independent_layer_5nm_ZL1_N3_M3_L78_H46_0069,5,"[-4,-3,-2,-2,-3,5,1,-3,0,1,-2,-4]"
451.9000000000027,3.485846266816054,0.15699848447646697,0.4474965912630492,0.7149903894962129,-9.0,9.479824588430953,0.4531689008357072,False,False,0.0,4.440892098500626e-16,False,False,"[[""H"",43],[""L"",80],[""H"",43],[""L"",83],[""H"",48],[""L"",315],[""H"",46],[""L"",73],[""H"",41],[""L"",76],[""H"",43],[""L"",79]]",False,False,False,ZL1_N3_M3_L78_H46,independent_layer_5nm,70,independent_layer_5nm_ZL1_N3_M3_L78_H46_0070,5,"[-3,2,-3,5,2,3,0,-5,-5,-2,-3,1]"
456.4400000000037,3.5623688686835635,0.041062675302342894,0.06854499026350794,0.20602078163262424,-16.0,4.481423046037248,0.06979847644405078,False,False,0.0,6.661338147750939e-16,False,False,"[[""H"",45],[""L"",74],[""H"",50],[""L"",82],[""H"",49],[""L"",314],[""H"",45],[""L"",81],[""H"",48],[""L"",76],[""H"",46],[""L"",80]]",False,False,False,ZL1_N3_M3_L78_H46,independent_layer_5nm,71,independent_layer_5nm_ZL1_N3_M3_L78_H46_0071,5,"[-1,-4,4,4,3,2,-1,3,2,-2,0,2]"
444.36000000000104,3.460734570761815,0.18668208043790868,0.0887766309328893,0.041319481362249444,0.0,20.16459991653359,1.0,True,True,0.0,7.771561172376096e-16,False,False,"[[""H"",43],[""L"",73],[""H"",50],[""L"",79],[""H"",42],[""L"",307],[""H"",44],[""L"",82],[""H"",51],[""L"",83],[""H"",41],[""L"",73]]",False,True,False,ZL1_N3_M3_L78_H46,independent_layer_5nm,72,independent_layer_5nm_ZL1_N3_M3_L78_H46_0072,5,"[-3,-5,4,1,-4,-5,-2,4,5,5,-5,-5]"
450.30000000000234,3.48836490843172,0.3592192239416131,0.9674895117560158,0.2990582160924119,-3.0,17.843825900081637,0.9723099818172127,False,True,0.0,6.661338147750939e-16,False,False,"[[""H"",41],[""L"",78],[""H"",48],[""L"",79],[""H"",43],[""L"",317],[""H"",41],[""L"",80],[""H"",51],[""L"",81],[""H"",46],[""L"",75]]",True,True,True,ZL1_N3_M3_L78_H46,independent_layer_5nm,73,independent_layer_5nm_ZL1_N3_M3_L78_H46_0073,5,"[-5,0,2,1,-3,5,-5,2,5,3,0,-3]"
448.08000000000186,3.3767029997128475,0.9930135176041562,0.43765452976144,0.11046638491038802,0.0,14.230661256429377,1.0,True,True,0.0,1.1102230246251565e-15,False,False,"[[""H"",47],[""L"",77],[""H"",42],[""L"",78],[""H"",43],[""L"",314],[""H"",44],[""L"",80],[""H"",48],[""L"",83],[""H"",44],[""L"",75]]",False,True,False,ZL1_N3_M3_L78_H46,independent_layer_5nm,74,independent_layer_5nm_ZL1_N3_M3_L78_H46_0074,5,"[1,-1,-4,0,-3,2,-2,2,2,5,-2,-3]"
450.8800000000025,3.54761944334723,0.2671536361484807,0.7951998504755754,0.4189974473828171,-6.0,20.63690903152076,0.7969976068337432,False,False,0.0,4.440892098500626e-16,False,False,"[[""H"",42],[""L"",77],[""H"",42],[""L"",75],[""H"",44],[""L"",310],[""H"",51],[""L"",80],[""H"",51],[""L"",79],[""H"",44],[""L"",79]]",True,False,False,ZL1_N3_M3_L78_H46,independent_layer_5nm,75,independent_layer_5nm_ZL1_N3_M3_L78_H46_0075,5,"[-4,-1,-4,-3,-2,-2,5,2,5,1,-2,1]"
450.4400000000023,3.590508757680084,0.3450336657878451,0.9341136122344831,0.3315655010086051,-4.0,18.826590516125723,0.9416074264717086,False,True,0.0,4.440892098500626e-16,False,False,"[[""H"",50],[""L"",81],[""H"",49],[""L"",74],[""H"",42],[""L"",312],[""H"",50],[""L"",81],[""H"",41],[""L"",77],[""H"",51],[""L"",81]]",True,True,True,ZL1_N3_M3_L78_H46,independent_layer_5nm,76,independent_layer_5nm_ZL1_N3_M3_L78_H46_0076,5,"[4,3,3,-4,-4,0,4,3,-5,-1,5,3]"
449.4800000000022,3.4036797012620355,0.5601684854069705,0.9065668725996519,0.1952912006429366,0.0,14.597792858736547,1.0,True,True,0.0,6.661338147750939e-16,False,False,"[[""H"",47],[""L"",83],[""H"",43],[""L"",75],[""H"",50],[""L"",312],[""H"",43],[""L"",76],[""H"",48],[""L"",73],[""H"",44],[""L"",75]]",True,True,True,ZL1_N3_M3_L78_H46,independent_layer_5nm,77,independent_layer_5nm_ZL1_N3_M3_L78_H46_0077,5,"[1,5,-3,-3,4,0,-3,-2,2,-5,-2,-3]"
440.70000000000016,3.3902643308730944,0.05327796979409387,0.034376255413374746,0.020898941053914787,-60.0,,0.8188909255849677,False,False,0.0,6.661338147750939e-16,False,True,"[[""H"",51],[""L"",73],[""H"",48],[""L"",83],[""H"",41],[""L"",309],[""H"",42],[""L"",75],[""H"",41],[""L"",83],[""H"",47],[""L"",75]]",False,False,False,ZL1_N3_M3_L78_H46,independent_layer_5nm,78,independent_layer_5nm_ZL1_N3_M3_L78_H46_0078,5,"[5,-5,2,5,-5,-3,-4,-3,-5,5,1,-3]"
454.6200000000033,3.5265675614205634,0.06353432620278329,0.1233223934773606,0.5390785410453647,-13.0,5.412790717944082,0.12773564608226942,False,False,0.0,6.661338147750939e-16,False,False,"[[""H"",46],[""L"",73],[""H"",47],[""L"",83],[""H"",42],[""L"",315],[""H"",51],[""L"",79],[""H"",44],[""L"",75],[""H"",50],[""L"",81]]",False,False,False,ZL1_N3_M3_L78_H46,independent_layer_5nm,79,independent_layer_5nm_ZL1_N3_M3_L78_H46_0079,5,"[0,-5,1,5,-4,3,5,1,-2,-3,4,3]"
453.00000000000296,3.599577122325229,0.11353807416994294,0.26162565275289207,0.9894097091707277,-11.0,6.929846073442431,0.26527053139524737,False,False,0.0,1.3322676295501878e-15,False,False,"[[""H"",50],[""L"",79],[""H"",47],[""L"",82],[""H"",49],[""L"",310],[""H"",46],[""L"",75],[""H"",50],[""L"",73],[""H"",50],[""L"",79]]",False,False,False,ZL1_N3_M3_L78_H46,independent_layer_5nm,80,independent_layer_5nm_ZL1_N3_M3_L78_H46_0080,5,"[4,1,1,4,3,-2,0,-3,4,-5,4,1]"
454.54000000000326,3.4783840341621044,0.06075358321617376,0.12047446409787133,0.5501177630133867,-13.0,5.334964508141406,0.12414079516758957,False,False,0.0,6.661338147750939e-16,False,False,"[[""H"",43],[""L"",77],[""H"",48],[""L"",74],[""H"",47],[""L"",317],[""H"",48],[""L"",74],[""H"",44],[""L"",82],[""H"",43],[""L"",77]]",False,False,False,ZL1_N3_M3_L78_H46,independent_layer_5nm,81,independent_layer_5nm_ZL1_N3_M3_L78_H46_0081,5,"[-3,-1,2,-4,1,5,2,-4,-2,4,-3,-1]"
457.360000000004,3.592556160561628,0.03308763061665463,0.05280215017541955,0.13903589270799327,-17.0,4.1498371354292924,0.05340984329031742,False,False,0.0,4.440892098500626e-16,False,False,"[[""H"",44],[""L"",80],[""H"",50],[""L"",81],[""H"",48],[""L"",316],[""H"",48],[""L"",75],[""H"",45],[""L"",77],[""H"",44],[""L"",76]]",False,False,False,ZL1_N3_M3_L78_H46,independent_layer_5nm,82,independent_layer_5nm_ZL1_N3_M3_L78_H46_0082,5,"[-2,2,4,3,2,4,2,-3,-1,-1,-2,-2]"
453.7000000000031,3.55930847644521,0.0866170729934442,0.18394307916092545,0.857513939281783,-12.0,6.01184258903864,0.18604535515315107,False,False,0.0,7.771561172376096e-16,False,False,"[[""H"",48],[""L"",82],[""H"",49],[""L"",78],[""H"",47],[""L"",317],[""H"",43],[""L"",73],[""H"",49],[""L"",81],[""H"",46],[""L"",77]]",False,False,False,ZL1_N3_M3_L78_H46,independent_layer_5nm,83,independent_layer_5nm_ZL1_N3_M3_L78_H46_0083,5,"[2,4,3,0,1,5,-3,-5,3,3,0,-1]"
442.8600000000007,3.223534725547154,0.09503097931911676,0.05333795941436105,0.02883163614434811,0.0,22.90178832640831,1.0,True,True,0.0,6.661338147750939e-16,False,False,"[[""H"",44],[""L"",76],[""H"",46],[""L"",77],[""H"",47],[""L"",307],[""H"",43],[""L"",74],[""H"",47],[""L"",76],[""H"",43],[""L"",73]]",False,True,False,ZL1_N3_M3_L78_H46,independent_layer_5nm,84,independent_layer_5nm_ZL1_N3_M3_L78_H46_0084,5,"[-2,-2,0,-1,1,-5,-3,-4,1,-2,-3,-5]"
454.2600000000033,3.5420646668011386,0.06886755073845637,0.1399988962083518,0.6558720232349328,-13.0,5.472738896835168,0.14072359081907646,False,False,0.0,8.881784197001252e-16,False,False,"[[""H"",43],[""L"",76],[""H"",44],[""L"",77],[""H"",49],[""L"",316],[""H"",47],[""L"",76],[""H"",42],[""L"",74],[""H"",51],[""L"",82]]",False,False,False,ZL1_N3_M3_L78_H46,independent_layer_5nm,85,independent_layer_5nm_ZL1_N3_M3_L78_H46_0085,5,"[-3,-2,-2,-1,3,4,1,-2,-4,-4,5,4]"
454.44000000000324,3.556821116938238,0.06339670345554074,0.12774529871036763,0.5893817557175991,-13.0,5.436136531393293,0.13023594687458878,False,False,0.0,6.661338147750939e-16,False,False,"[[""H"",42],[""L"",77],[""H"",41],[""L"",77],[""H"",47],[""L"",316],[""H"",50],[""L"",77],[""H"",43],[""L"",76],[""H"",45],[""L"",77]]",False,False,False,ZL1_N3_M3_L78_H46,independent_layer_5nm,86,independent_layer_5nm_ZL1_N3_M3_L78_H46_0086,5,"[-4,-1,-5,-1,1,4,4,-1,-3,-2,-1,-1]"
455.34000000000344,3.7464682250150076,0.06222370380099622,0.11027814460846933,0.3899387954734046,-14.0,5.402168464723816,0.11488500476366871,False,False,0.0,5.551115123125783e-16,False,False,"[[""H"",51],[""L"",83],[""H"",49],[""L"",74],[""H"",42],[""L"",315],[""H"",49],[""L"",83],[""H"",51],[""L"",82],[""H"",45],[""L"",76]]",False,False,False,ZL1_N3_M3_L78_H46,independent_layer_5nm,87,independent_layer_5nm_ZL1_N3_M3_L78_H46_0087,5,"[5,5,3,-4,-4,3,3,5,5,4,-1,-2]"
445.26000000000124,3.305046307132386,0.27106467563545333,0.11356172406365694,0.048248049953357935,0.0,18.732177875309887,1.0,True,True,0.0,6.661338147750939e-16,False,False,"[[""H"",43],[""L"",75],[""H"",45],[""L"",83],[""H"",44],[""L"",313],[""H"",42],[""L"",74],[""H"",43],[""L"",79],[""H"",47],[""L"",82]]",False,True,False,ZL1_N3_M3_L78_H46,independent_layer_5nm,88,independent_layer_5nm_ZL1_N3_M3_L78_H46_0088,5,"[-3,-3,-1,5,-2,1,-4,-4,-3,1,1,4]"
444.08000000000095,3.2849685105899766,0.15690334326347632,0.07814013842707668,0.03836136994856895,0.0,20.8021267668347,1.0,True,True,0.0,8.881784197001252e-16,False,False,"[[""H"",41],[""L"",77],[""H"",44],[""L"",82],[""H"",41],[""L"",316],[""H"",42],[""L"",73],[""H"",42],[""L"",76],[""H"",49],[""L"",77]]",False,True,False,ZL1_N3_M3_L78_H46,independent_layer_5nm,89,independent_layer_5nm_ZL1_N3_M3_L78_H46_0089,5,"[-5,-1,-2,4,-5,4,-4,-5,-4,-2,3,-1]"
440.94000000000017,3.185060419501667,0.053695045993127334,0.034652901475254655,0.02124944326030474,-60.0,,0.5882785081703598,False,False,0.0,6.661338147750939e-16,False,True,"[[""H"",45],[""L"",83],[""H"",42],[""L"",77],[""H"",42],[""L"",312],[""H"",42],[""L"",76],[""H"",41],[""L"",76],[""H"",46],[""L"",79]]",False,False,False,ZL1_N3_M3_L78_H46,independent_layer_5nm,90,independent_layer_5nm_ZL1_N3_M3_L78_H46_0090,5,"[-1,5,-4,-1,-4,0,-4,-2,-5,-2,0,1]"
448.22000000000185,3.389501033904139,0.9774638698029859,0.47809474228142124,0.11610885245921143,0.0,14.038985931272594,1.0,True,True,0.0,4.440892098500626e-16,False,False,"[[""H"",44],[""L"",74],[""H"",46],[""L"",81],[""H"",46],[""L"",312],[""H"",41],[""L"",83],[""H"",46],[""L"",82],[""H"",47],[""L"",77]]",False,True,False,ZL1_N3_M3_L78_H46,independent_layer_5nm,91,independent_layer_5nm_ZL1_N3_M3_L78_H46_0091,5,"[-2,-4,0,3,0,0,-5,5,0,4,1,-1]"
452.7000000000029,3.60900887215098,0.1266567098339767,0.30452370063029965,0.9626583787612915,-10.0,7.441307680061524,0.31003124221461503,False,False,0.0,6.661338147750939e-16,False,False,"[[""H"",51],[""L"",74],[""H"",50],[""L"",81],[""H"",46],[""L"",313],[""H"",44],[""L"",78],[""H"",51],[""L"",80],[""H"",45],[""L"",76]]",False,False,False,ZL1_N3_M3_L78_H46,independent_layer_5nm,92,independent_layer_5nm_ZL1_N3_M3_L78_H46_0092,5,"[5,-4,4,3,0,1,-2,0,5,2,-1,-2]"
454.84000000000333,3.5087673081328035,0.058125058356854734,0.11093282467546828,0.46832274505013394,-14.0,5.07778806496299,0.11261349018196132,False,False,0.0,4.440892098500626e-16,False,False,"[[""H"",41],[""L"",78],[""H"",47],[""L"",78],[""H"",48],[""L"",316],[""H"",46],[""L"",76],[""H"",47],[""L"",75],[""H"",48],[""L"",83]]",False,False,False,ZL1_N3_M3_L78_H46,independent_layer_5nm,93,independent_layer_5nm_ZL1_N3_M3_L78_H46_0093,5,"[-5,0,1,0,2,4,0,-2,1,-3,2,5]"
448.34000000000185,3.3884929010113183,0.9525285271911237,0.5127740743239788,0.12182316929077347,0.0,14.060578632186553,1.0,True,True,0.0,8.881784197001252e-16,False,False,"[[""H"",46],[""L"",75],[""H"",46],[""L"",77],[""H"",50],[""L"",311],[""H"",41],[""L"",75],[""H"",50],[""L"",77],[""H"",46],[""L"",74]]",False,True,False,ZL1_N3_M3_L78_H46,independent_layer_5nm,94,independent_layer_5nm_ZL1_N3_M3_L78_H46_0094,5,"[0,-3,0,-1,4,-1,-5,-3,4,-1,0,-4]"
452.4400000000028,3.4690483271982657,0.12673356810413638,0.327053964200788,0.8981614848892845,-10.0,7.530625774746115,0.3316340649824714,False,False,0.0,5.551115123125783e-16,False,False,"[[""H"",41],[""L"",82],[""H"",49],[""L"",74],[""H"",48],[""L"",316],[""H"",42],[""L"",80],[""H"",47],[""L"",80],[""H"",43],[""L"",83]]",False,False,False,ZL1_N3_M3_L78_H46,independent_layer_5nm,95,independent_layer_5nm_ZL1_N3_M3_L78_H46_0095,5,"[-5,4,3,-4,2,4,-4,2,1,2,-3,5]"
449.90000000000225,3.3577916404369716,0.4321681618846819,0.989091559758813,0.23142952084345458,0.0,15.860667646166235,1.0,True,True,0.0,6.661338147750939e-16,False,False,"[[""H"",46],[""L"",77],[""H"",44],[""L"",76],[""H"",48],[""L"",310],[""H"",48],[""L"",74],[""H"",47],[""L"",76],[""H"",45],[""L"",81]]",True,True,True,ZL1_N3_M3_L78_H46,independent_layer_5nm,96,independent_layer_5nm_ZL1_N3_M3_L78_H46_0096,5,"[0,-1,-2,-2,2,-2,2,-4,1,-2,-1,3]"
445.36000000000126,3.301127744504356,0.28464299671191146,0.11727463696638481,0.0491485493847181,0.0,18.53068935400211,1.0,True,True,0.0,6.661338147750939e-16,False,False,"[[""H"",43],[""L"",77],[""H"",47],[""L"",82],[""H"",41],[""L"",311],[""H"",45],[""L"",83],[""H"",41],[""L"",75],[""H"",45],[""L"",81]]",False,True,False,ZL1_N3_M3_L78_H46,independent_layer_5nm,97,independent_layer_5nm_ZL1_N3_M3_L78_H46_0097,5,"[-3,-1,1,4,-5,-1,-1,5,-5,-3,-1,3]"
451.2400000000025,3.5242043375558865,0.2223810919244947,0.6589477044423755,0.5025024257257813,-7.0,21.791841167844122,0.6638966257500858,False,False,0.0,6.661338147750939e-16,False,False,"[[""H"",49],[""L"",74],[""H"",49],[""L"",75],[""H"",50],[""L"",315],[""H"",41],[""L"",75],[""H"",45],[""L"",79],[""H"",50],[""L"",81]]",True,False,False,ZL1_N3_M3_L78_H46,independent_layer_5nm,98,independent_layer_5nm_ZL1_N3_M3_L78_H46_0098,5,"[3,-4,3,-3,4,3,-5,-3,-1,1,4,3]"
452.4000000000028,3.4782636378142797,0.1290704259769329,0.3355168029459114,0.8857839010568971,-10.0,7.677607347124509,0.34085389502535984,False,False,0.0,8.881784197001252e-16,False,False,"[[""H"",49],[""L"",81],[""H"",41],[""L"",75],[""H"",48],[""L"",313],[""H"",47],[""L"",81],[""H"",45],[""L"",76],[""H"",48],[""L"",74]]",False,False,False,ZL1_N3_M3_L78_H46,independent_layer_5nm,99,independent_layer_5nm_ZL1_N3_M3_L78_H46_0099,5,"[3,3,-5,-3,2,1,1,3,-1,-2,2,-4]"
453.080000000003,3.573332927243598,0.10237465588327636,0.24170564724679514,0.9921091509752802,-11.0,6.677145426887035,0.24322627536469615,False,False,0.0,6.661338147750939e-16,False,False,"[[""H"",41],[""L"",77],[""H"",42],[""L"",79],[""H"",50],[""L"",313],[""H"",49],[""L"",73],[""H"",41],[""L"",74],[""H"",51],[""L"",77]]",False,False,False,ZL1_N3_M3_L78_H46,independent_layer_5nm,100,independent_layer_5nm_ZL1_N3_M3_L78_H46_0100,5,"[-5,-1,-4,1,4,1,3,-5,-5,-4,5,-1]"
444.380000000001,3.5402533843816286,0.19112263483993738,0.08997602166040322,0.0412141993540424,0.0,20.028246522087535,1.0,True,True,0.0,6.661338147750939e-16,False,False,"[[""H"",51],[""L"",81],[""H"",47],[""L"",81],[""H"",41],[""L"",307],[""H"",47],[""L"",75],[""H"",49],[""L"",73],[""H"",47],[""L"",83]]",False,True,False,ZL1_N3_M3_L78_H46,independent_layer_5nm,101,independent_layer_5nm_ZL1_N3_M3_L78_H46_0101,5,"[5,3,1,3,-5,-5,1,-3,3,-5,1,5]"
444.08000000000095,3.4363036446213187,0.16268150959318395,0.0798044994448521,0.03807357967780055,0.0,20.678673821187274,1.0,True,True,0.0,6.661338147750939e-16,False,False,"[[""H"",49],[""L"",74],[""H"",42],[""L"",81],[""H"",45],[""L"",307],[""H"",45],[""L"",73],[""H"",50],[""L"",73],[""H"",51],[""L"",82]]",False,True,False,ZL1_N3_M3_L78_H46,independent_layer_5nm,102,independent_layer_5nm_ZL1_N3_M3_L78_H46_0102,5,"[3,-4,-4,3,-1,-5,-1,-5,4,-5,5,4]"
443.06000000000074,3.4371615604147223,0.10921115904112225,0.059596405864168714,0.03112257165051309,0.0,22.198427203006897,1.0,True,True,0.0,4.440892098500626e-16,False,False,"[[""H"",49],[""L"",79],[""H"",51],[""L"",74],[""H"",42],[""L"",310],[""H"",42],[""L"",79],[""H"",48],[""L"",75],[""H"",43],[""L"",78]]",False,True,False,ZL1_N3_M3_L78_H46,independent_layer_5nm,103,independent_layer_5nm_ZL1_N3_M3_L78_H46_0103,5,"[3,1,5,-4,-4,-2,-4,1,2,-3,-3,0]"
445.9600000000014,3.3899924840474682,0.40949702287740586,0.15528825670597537,0.06037887190107321,0.0,17.704353893684697,1.0,True,True,0.0,5.551115123125783e-16,False,False,"[[""H"",45],[""L"",82],[""H"",49],[""L"",75],[""H"",45],[""L"",314],[""H"",42],[""L"",76],[""H"",42],[""L"",73],[""H"",42],[""L"",81]]",False,True,False,ZL1_N3_M3_L78_H46,independent_layer_5nm,104,independent_layer_5nm_ZL1_N3_M3_L78_H46_0104,5,"[-1,4,3,-3,-1,2,-4,-2,-4,-5,-4,3]"
444.400000000001,3.316902558137542,0.17917803847878389,0.08491197022226718,0.03977576445141605,0.0,20.164385692406025,1.0,True,True,0.0,6.661338147750939e-16,False,False,"[[""H"",48],[""L"",78],[""H"",46],[""L"",82],[""H"",41],[""L"",311],[""H"",45],[""L"",75],[""H"",46],[""L"",73],[""H"",43],[""L"",78]]",False,True,False,ZL1_N3_M3_L78_H46,independent_layer_5nm,105,independent_layer_5nm_ZL1_N3_M3_L78_H46_0105,5,"[2,0,0,4,-5,-1,-1,-3,0,-5,-3,0]"
450.2600000000024,3.522234926930537,0.3720972086356569,0.9750994526624877,0.2969536709418942,-3.0,17.823754585794255,0.978326367916425,False,True,0.0,6.661338147750939e-16,False,False,"[[""H"",41],[""L"",75],[""H"",48],[""L"",78],[""H"",41],[""L"",314],[""H"",47],[""L"",80],[""H"",49],[""L"",79],[""H"",50],[""L"",76]]",True,True,True,ZL1_N3_M3_L78_H46,independent_layer_5nm,106,independent_layer_5nm_ZL1_N3_M3_L78_H46_0106,5,"[-5,-3,2,0,-5,2,1,2,3,1,4,-2]"
449.5400000000021,3.5503023453229616,0.5660479460025976,0.9326249827504633,0.2092901082343715,0.0,15.017366480172392,1.0,True,True,0.0,8.881784197001252e-16,False,False,"[[""H"",49],[""L"",74],[""H"",51],[""L"",73],[""H"",47],[""L"",310],[""H"",43],[""L"",83],[""H"",50],[""L"",81],[""H"",45],[""L"",82]]",True,True,True,ZL1_N3_M3_L78_H46,independent_layer_5nm,107,independent_layer_5nm_ZL1_N3_M3_L78_H46_0107,5,"[3,-4,5,-5,1,-2,-3,5,4,3,-1,4]"
450.5000000000024,3.440249541290086,0.31202300296652086,0.9151033343769709,0.32819436713441097,-4.0,18.735654080087226,0.9225136844200191,False,True,0.0,4.440892098500626e-16,False,False,"[[""H"",46],[""L"",73],[""H"",43],[""L"",79],[""H"",46],[""L"",317],[""H"",43],[""L"",76],[""H"",44],[""L"",80],[""H"",51],[""L"",76]]",True,True,True,ZL1_N3_M3_L78_H46,independent_layer_5nm,108,independent_layer_5nm_ZL1_N3_M3_L78_H46_0108,5,"[0,-5,-3,1,0,5,-3,-2,-2,2,5,-2]"
445.4600000000013,3.6404733456566305,0.3382992212984466,0.13902911572731147,0.056505101165865296,0.0,18.274832977362355,1.0,True,True,0.0,4.440892098500626e-16,False,False,"[[""H"",49],[""L"",83],[""H"",42],[""L"",74],[""H"",41],[""L"",315],[""H"",41],[""L"",80],[""H"",50],[""L"",82],[""H"",50],[""L"",82]]",False,True,False,ZL1_N3_M3_L78_H46,independent_layer_5nm,109,independent_layer_5nm_ZL1_N3_M3_L78_H46_0109,5,"[3,5,-4,-4,-5,3,-5,2,4,4,4,4]"
448.4400000000019,3.4056826857896567,0.927874751098565,0.5403847097033334,0.12523851767310634,0.0,13.98331184574769,1.0,True,True,0.0,6.661338147750939e-16,False,False,"[[""H"",46],[""L"",76],[""H"",46],[""L"",81],[""H"",50],[""L"",307],[""H"",44],[""L"",78],[""H"",45],[""L"",77],[""H"",48],[""L"",82]]",False,True,False,ZL1_N3_M3_L78_H46,independent_layer_5nm,110,independent_layer_5nm_ZL1_N3_M3_L78_H46_0110,5,"[0,-2,0,3,4,-5,-2,0,-1,-1,2,4]"
445.78000000000134,3.4644910730776246,0.38094374600185366,0.14898042437520662,0.0590415653376889,0.0,17.900554388230773,1.0,True,True,0.0,6.661338147750939e-16,False,False,"[[""H"",41],[""L"",75],[""H"",42],[""L"",78],[""H"",41],[""L"",314],[""H"",44],[""L"",78],[""H"",48],[""L"",83],[""H"",49],[""L"",77]]",False,True,False,ZL1_N3_M3_L78_H46,independent_layer_5nm,111,independent_layer_5nm_ZL1_N3_M3_L78_H46_0111,5,"[-5,-3,-4,0,-5,2,-2,0,2,5,3,-1]"
453.4600000000031,3.5538109800368147,0.09379099874845667,0.2044954281843644,0.9252050501972855,-12.0,6.331767562416751,0.21011300418119352,False,False,0.0,6.661338147750939e-16,False,False,"[[""H"",48],[""L"",83],[""H"",48],[""L"",82],[""H"",46],[""L"",311],[""H"",49],[""L"",75],[""H"",46],[""L"",80],[""H"",46],[""L"",80]]",False,False,False,ZL1_N3_M3_L78_H46,independent_layer_5nm,112,independent_layer_5nm_ZL1_N3_M3_L78_H46_0112,5,"[2,5,2,4,0,-1,3,-3,0,2,0,2]"
445.8000000000013,3.385399600558685,0.37156113239426947,0.142507559615087,0.055631272390877375,0.0,17.71057407907275,1.0,True,True,0.0,5.551115123125783e-16,False,False,"[[""H"",41],[""L"",79],[""H"",49],[""L"",81],[""H"",42],[""L"",312],[""H"",42],[""L"",83],[""H"",44],[""L"",74],[""H"",49],[""L"",81]]",False,True,False,ZL1_N3_M3_L78_H46,independent_layer_5nm,113,independent_layer_5nm_ZL1_N3_M3_L78_H46_0113,5,"[-5,1,3,3,-4,0,-4,5,-2,-4,3,3]"
454.42000000000326,3.560616428613457,0.06911323810141182,0.13590008474672283,0.6046013476521965,-13.0,5.460384463889499,0.1375031809801553,False,False,0.0,4.440892098500626e-16,False,False,"[[""H"",49],[""L"",79],[""H"",49],[""L"",78],[""H"",42],[""L"",316],[""H"",51],[""L"",77],[""H"",41],[""L"",82],[""H"",48],[""L"",80]]",False,False,False,ZL1_N3_M3_L78_H46,independent_layer_5nm,114,independent_layer_5nm_ZL1_N3_M3_L78_H46_0114,5,"[3,1,3,0,-4,4,5,-1,-5,4,2,2]"
457.56000000000404,3.716423846650912,0.03739473263448352,0.057643177746748264,0.14191620630452745,-17.0,4.352434169033561,0.058605750599655136,False,False,0.0,8.881784197001252e-16,False,False,"[[""H"",50],[""L"",76],[""H"",45],[""L"",82],[""H"",50],[""L"",317],[""H"",41],[""L"",82],[""H"",51],[""L"",83],[""H"",50],[""L"",78]]",False,False,False,ZL1_N3_M3_L78_H46,independent_layer_5nm,115,independent_layer_5nm_ZL1_N3_M3_L78_H46_0115,5,"[4,-2,-1,4,4,5,-5,4,5,5,4,0]"
452.2000000000028,3.5890053932319574,0.15132608308191986,0.3920380237302721,0.8285983362440132,-9.0,8.65398429215077,0.3999673110125995,False,False,0.0,4.440892098500626e-16,False,False,"[[""H"",48],[""L"",82],[""H"",50],[""L"",76],[""H"",48],[""L"",309],[""H"",50],[""L"",73],[""H"",43],[""L"",81],[""H"",49],[""L"",81]]",False,False,False,ZL1_N3_M3_L78_H46,independent_layer_5nm,116,independent_layer_5nm_ZL1_N3_M3_L78_H46_0116,5,"[2,4,4,-2,2,-3,4,-5,-3,3,3,3]"
444.06000000000097,3.303688973436863,0.1544478533192291,0.07654756818680422,0.03723736627833382,0.0,20.84382383093566,1.0,True,True,0.0,4.440892098500626e-16,False,False,"[[""H"",49],[""L"",76],[""H"",43],[""L"",77],[""H"",47],[""L"",311],[""H"",41],[""L"",77],[""H"",43],[""L"",73],[""H"",49],[""L"",76]]",False,True,False,ZL1_N3_M3_L78_H46,independent_layer_5nm,117,independent_layer_5nm_ZL1_N3_M3_L78_H46_0117,5,"[3,-2,-3,-1,1,-1,-5,-1,-3,-5,3,-2]"
451.1400000000025,3.442705803740864,0.22189637267352658,0.6845403792041045,0.4679227952586229,-7.0,21.260334409231092,0.6903794780264607,False,False,0.0,4.440892098500626e-16,False,False,"[[""H"",42],[""L"",82],[""H"",42],[""L"",78],[""H"",45],[""L"",314],[""H"",46],[""L"",80],[""H"",48],[""L"",83],[""H"",41],[""L"",75]]",True,False,False,ZL1_N3_M3_L78_H46,independent_layer_5nm,118,independent_layer_5nm_ZL1_N3_M3_L78_H46_0118,5,"[-4,4,-4,0,-1,2,0,2,2,5,-5,-3]"
450.56000000000245,3.393610286291164,0.29925848341248923,0.8970604013208974,0.32780342508142435,-5.0,18.870956104755557,0.906168113516877,False,True,0.0,4.440892098500626e-16,False,False,"[[""H"",45],[""L"",80],[""H"",47],[""L"",79],[""H"",46],[""L"",312],[""H"",46],[""L"",77],[""H"",47],[""L"",73],[""H"",47],[""L"",76]]",True,True,True,ZL1_N3_M3_L78_H46,independent_layer_5nm,119,independent_layer_5nm_ZL1_N3_M3_L78_H46_0119,5,"[-1,2,1,1,0,0,0,-1,1,-5,1,-2]"
455.7800000000036,3.5674346878579968,0.04600596443654963,0.08142976802738427,0.2820340944596407,-15.0,4.720093161526508,0.08216270673479395,False,False,0.0,4.440892098500626e-16,False,False,"[[""H"",50],[""L"",73],[""H"",41],[""L"",83],[""H"",44],[""L"",317],[""H"",50],[""L"",77],[""H"",48],[""L"",75],[""H"",43],[""L"",82]]",False,False,False,ZL1_N3_M3_L78_H46,independent_layer_5nm,120,independent_layer_5nm_ZL1_N3_M3_L78_H46_0120,5,"[4,-5,-5,5,-2,5,4,-1,2,-3,-3,4]"
454.3800000000033,3.673755452562091,0.0756275486802484,0.14691307340306797,0.6273021192438615,-13.0,5.674818673236944,0.15058213407602503,False,False,0.0,6.661338147750939e-16,False,False,"[[""H"",50],[""L"",83],[""H"",49],[""L"",83],[""H"",47],[""L"",310],[""H"",48],[""L"",83],[""H"",42],[""L"",79],[""H"",47],[""L"",80]]",False,False,False,ZL1_N3_M3_L78_H46,independent_layer_5nm,121,independent_layer_5nm_ZL1_N3_M3_L78_H46_0121,5,"[4,5,3,5,1,-2,2,5,-4,1,1,2]"
449.66000000000224,3.4956411219657753,0.5148689431388833,0.9596586432441945,0.2240445029197859,0.0,15.39069413007611,1.0,True,True,0.0,6.661338147750939e-16,False,False,"[[""H"",42],[""L"",74],[""H"",50],[""L"",81],[""H"",46],[""L"",309],[""H"",49],[""L"",76],[""H"",44],[""L"",73],[""H"",41],[""L"",74]]",True,True,True,ZL1_N3_M3_L78_H46,independent_layer_5nm,122,independent_layer_5nm_ZL1_N3_M3_L78_H46_0122,5,"[-4,-4,4,3,0,-3,3,-2,-2,-5,-5,-4]"
454.0000000000032,3.617290051425414,0.08226200565450591,0.16741781656583268,0.7599395056297581,-13.0,6.010663360623319,0.1723669416661529,False,False,0.0,6.661338147750939e-16,False,False,"[[""H"",47],[""L"",81],[""H"",41],[""L"",82],[""H"",50],[""L"",313],[""H"",45],[""L"",73],[""H"",50],[""L"",80],[""H"",51],[""L"",82]]",False,False,False,ZL1_N3_M3_L78_H46,independent_layer_5nm,123,independent_layer_5nm_ZL1_N3_M3_L78_H46_0123,5,"[1,3,-5,4,4,1,-1,-5,4,2,5,4]"
448.5400000000019,3.559715406038606,0.9032929047876334,0.5919114034197128,0.13863342936841722,0.0,14.096099685079448,1.0,True,True,0.0,6.661338147750939e-16,False,False,"[[""H"",50],[""L"",77],[""H"",51],[""L"",79],[""H"",42],[""L"",311],[""H"",45],[""L"",81],[""H"",50],[""L"",76],[""H"",41],[""L"",82]]",False,True,False,ZL1_N3_M3_L78_H46,independent_layer_5nm,124,independent_layer_5nm_ZL1_N3_M3_L78_H46_0124,5,"[4,-1,5,1,-4,-1,-1,3,4,-2,-5,4]"
457.14000000000385,3.5699172164150923,0.03362932300562288,0.05453360443583209,0.14923888061165386,-17.0,4.283056405115007,0.0558471916704423,False,False,0.0,6.661338147750939e-16,False,False,"[[""H"",41],[""L"",79],[""H"",44],[""L"",76],[""H"",51],[""L"",317],[""H"",45],[""L"",80],[""H"",47],[""L"",77],[""H"",47],[""L"",80]]",False,False,False,ZL1_N3_M3_L78_H46,independent_layer_5nm,125,independent_layer_5nm_ZL1_N3_M3_L78_H46_0125,5,"[-5,1,-2,-2,5,5,-1,2,1,-1,1,2]"
460.5800000000047,3.680562199582539,0.021053651657760346,0.029100000419102712,0.0544591757330729,-20.0,4.00220558134518,0.03178688415819148,False,False,0.0,6.661338147750939e-16,False,False,"[[""H"",47],[""L"",74],[""H"",50],[""L"",83],[""H"",48],[""L"",313],[""H"",51],[""L"",80],[""H"",50],[""L"",79],[""H"",46],[""L"",77]]",False,False,False,ZL1_N3_M3_L78_H46,independent_layer_5nm,126,independent_layer_5nm_ZL1_N3_M3_L78_H46_0126,5,"[1,-4,4,5,2,1,5,2,4,1,0,-1]"
448.700000000002,3.466020629111256,0.8538837227043277,0.637366122748366,0.14340656431082505,0.0,13.938444421576529,1.0,True,True,0.0,8.881784197001252e-16,False,False,"[[""H"",42],[""L"",79],[""H"",49],[""L"",79],[""H"",48],[""L"",313],[""H"",41],[""L"",73],[""H"",46],[""L"",80],[""H"",50],[""L"",78]]",True,True,True,ZL1_N3_M3_L78_H46,independent_layer_5nm,127,independent_layer_5nm_ZL1_N3_M3_L78_H46_0127,5,"[-4,1,3,1,2,1,-5,-5,0,2,4,0]"
454.04000000000315,3.515834646196936,0.0737177523451604,0.1524715199416313,0.7297259529386273,-13.0,5.743679631852167,0.15782054180321345,False,False,0.0,6.661338147750939e-16,False,False,"[[""H"",43],[""L"",82],[""H"",48],[""L"",80],[""H"",47],[""L"",316],[""H"",43],[""L"",82],[""H"",48],[""L"",74],[""H"",43],[""L"",76]]",False,False,False,ZL1_N3_M3_L78_H46,independent_layer_5nm,128,independent_layer_5nm_ZL1_N3_M3_L78_H46_0128,5,"[-3,4,2,2,1,4,-3,4,2,-4,-3,-2]"
448.84000000000196,3.3683763472424744,0.790934073197042,0.6773543279738992,0.1464301325862918,0.0,13.72948716147284,1.0,True,True,0.0,5.551115123125783e-16,False,False,"[[""H"",49],[""L"",75],[""H"",43],[""L"",77],[""H"",44],[""L"",315],[""H"",44],[""L"",79],[""H"",46],[""L"",79],[""H"",47],[""L"",77]]",True,True,True,ZL1_N3_M3_L78_H46,independent_layer_5nm,129,independent_layer_5nm_ZL1_N3_M3_L78_H46_0129,5,"[3,-3,-3,-1,-2,3,-2,1,0,1,1,-1]"
448.08000000000186,3.4110194171167336,0.9906615107142089,0.4426592983749964,0.11203980451907647,0.0,14.311264724534364,1.0,True,True,0.0,6.661338147750939e-16,False,False,"[[""H"",44],[""L"",73],[""H"",51],[""L"",76],[""H"",45],[""L"",312],[""H"",43],[""L"",79],[""H"",48],[""L"",83],[""H"",42],[""L"",73]]",False,True,False,ZL1_N3_M3_L78_H46,independent_layer_5nm,130,independent_layer_5nm_ZL1_N3_M3_L78_H46_0130,5,"[-2,-5,5,-2,-1,0,-3,1,2,5,-4,-5]"
459.3000000000044,3.693437429486778,0.026125371164380518,0.03759405163438056,0.07747238561095027,-19.0,4.005913439722949,0.03907781958500656,False,False,0.0,8.881784197001252e-16,False,False,"[[""H"",51],[""L"",79],[""H"",50],[""L"",75],[""H"",50],[""L"",313],[""H"",50],[""L"",78],[""H"",50],[""L"",79],[""H"",43],[""L"",81]]",False,False,False,ZL1_N3_M3_L78_H46,independent_layer_5nm,131,independent_layer_5nm_ZL1_N3_M3_L78_H46_0131,5,"[5,1,4,-3,4,1,4,0,4,1,-3,3]"
447.3400000000016,3.396694994802999,0.8566979126998157,0.2896386244656282,0.08615120175305482,0.0,15.361439599646134,1.0,True,True,0.0,4.440892098500626e-16,False,False,"[[""H"",44],[""L"",78],[""H"",50],[""L"",76],[""H"",49],[""L"",310],[""H"",41],[""L"",78],[""H"",45],[""L"",83],[""H"",43],[""L"",74]]",False,True,False,ZL1_N3_M3_L78_H46,independent_layer_5nm,132,independent_layer_5nm_ZL1_N3_M3_L78_H46_0132,5,"[-2,0,4,-2,3,-2,-5,0,-1,5,-3,-4]"
451.34000000000253,3.527871653871557,0.21217948514248175,0.6265271525809578,0.5308352240593597,-7.0,22.12323476887065,0.6326936230366442,False,False,0.0,4.440892098500626e-16,False,False,"[[""H"",48],[""L"",76],[""H"",51],[""L"",73],[""H"",46],[""L"",314],[""H"",44],[""L"",79],[""H"",51],[""L"",77],[""H"",41],[""L"",75]]",True,False,False,ZL1_N3_M3_L78_H46,independent_layer_5nm,133,independent_layer_5nm_ZL1_N3_M3_L78_H46_0133,5,"[2,-2,5,-5,0,2,-2,1,5,-1,-5,-3]"
460.4200000000046,3.6427740991757673,0.01929859699379365,0.02725422442076754,0.05285104531471026,-20.0,3.6142967158272263,0.028092318053202753,False,False,0.0,4.440892098500626e-16,False,False,"[[""H"",46],[""L"",77],[""H"",44],[""L"",83],[""H"",47],[""L"",317],[""H"",50],[""L"",82],[""H"",48],[""L"",76],[""H"",45],[""L"",74]]",False,False,False,ZL1_N3_M3_L78_H46,independent_layer_5nm,134,independent_layer_5nm_ZL1_N3_M3_L78_H46_0134,5,"[0,-1,-2,5,1,5,4,4,2,-2,-1,-4]"
444.9200000000011,3.5924917179422096,0.25228899548866635,0.11113951859765653,0.04805639722429399,0.0,19.132598155432454,1.0,True,True,0.0,4.440892098500626e-16,False,False,"[[""H"",50],[""L"",82],[""H"",44],[""L"",77],[""H"",41],[""L"",312],[""H"",42],[""L"",80],[""H"",51],[""L"",77],[""H"",51],[""L"",76]]",False,True,False,ZL1_N3_M3_L78_H46,independent_layer_5nm,135,independent_layer_5nm_ZL1_N3_M3_L78_H46_0135,5,"[4,4,-2,-1,-5,0,-4,2,5,-1,5,-2]"
454.2400000000032,3.5773872008836634,0.07514566656362201,0.14938292701249556,0.6717645239329256,-13.0,5.62677216735505,0.15111838834268096,False,False,0.0,6.661338147750939e-16,False,False,"[[""H"",46],[""L"",82],[""H"",50],[""L"",79],[""H"",43],[""L"",316],[""H"",47],[""L"",79],[""H"",47],[""L"",75],[""H"",51],[""L"",80]]",False,False,False,ZL1_N3_M3_L78_H46,independent_layer_5nm,136,independent_layer_5nm_ZL1_N3_M3_L78_H46_0136,5,"[0,4,4,1,-3,4,1,1,1,-3,5,2]"
453.28000000000304,3.54056683084292,0.09440629924708907,0.21602354307836408,0.9683354488439062,-11.0,6.440574961947648,0.22065356371754227,False,False,0.0,6.661338147750939e-16,False,False,"[[""H"",49],[""L"",73],[""H"",47],[""L"",81],[""H"",49],[""L"",316],[""H"",43],[""L"",77],[""H"",44],[""L"",78],[""H"",42],[""L"",73]]",False,False,False,ZL1_N3_M3_L78_H46,independent_layer_5nm,137,independent_layer_5nm_ZL1_N3_M3_L78_H46_0137,5,"[3,-5,1,3,3,4,-3,-1,-2,0,-4,-5]"
447.4800000000017,3.344740225051453,0.9084231992549512,0.3112159805195637,0.09017569587348478,0.0,15.08763430430292,1.0,True,True,0.0,4.440892098500626e-16,False,False,"[[""H"",42],[""L"",79],[""H"",44],[""L"",79],[""H"",47],[""L"",313],[""H"",41],[""L"",76],[""H"",50],[""L"",76],[""H"",41],[""L"",82]]",False,True,False,ZL1_N3_M3_L78_H46,independent_layer_5nm,138,independent_layer_5nm_ZL1_N3_M3_L78_H46_0138,5,"[-4,1,-2,1,1,1,-5,-2,4,-2,-5,4]"
449.0600000000021,3.4567934236306996,0.7193071200874652,0.7632799784656675,0.16851338171775637,0.0,14.126769371557227,1.0,True,True,0.0,4.440892098500626e-16,False,False,"[[""H"",43],[""L"",73],[""H"",41],[""L"",77],[""H"",51],[""L"",313],[""H"",41],[""L"",75],[""H"",51],[""L"",74],[""H"",43],[""L"",82]]",True,True,True,ZL1_N3_M3_L78_H46,independent_layer_5nm,139,independent_layer_5nm_ZL1_N3_M3_L78_H46_0139,5,"[-3,-5,-5,-1,5,1,-5,-3,5,-4,-3,4]"
444.300000000001,3.379090627459675,0.17469269280794097,0.08342920014433647,0.039039836977254536,0.0,20.19248653319314,1.0,True,True,0.0,4.440892098500626e-16,False,False,"[[""H"",46],[""L"",81],[""H"",42],[""L"",75],[""H"",44],[""L"",310],[""H"",42],[""L"",82],[""H"",49],[""L"",80],[""H"",47],[""L"",77]]",False,True,False,ZL1_N3_M3_L78_H46,independent_layer_5nm,140,independent_layer_5nm_ZL1_N3_M3_L78_H46_0140,5,"[0,3,-4,-3,-2,-2,-4,4,3,2,1,-1]"
457.80000000000405,3.6336091011521034,0.02913870634220342,0.04611687353654756,0.11684641162379569,-18.0,4.292749608338301,0.048348329076758435,False,False,0.0,6.661338147750939e-16,False,False,"[[""H"",43],[""L"",81],[""H"",42],[""L"",80],[""H"",50],[""L"",316],[""H"",50],[""L"",76],[""H"",43],[""L"",75],[""H"",42],[""L"",81]]",False,False,False,ZL1_N3_M3_L78_H46,independent_layer_5nm,141,independent_layer_5nm_ZL1_N3_M3_L78_H46_0141,5,"[-3,3,-4,2,4,4,4,-2,-3,-3,-4,3]"
450.02000000000226,3.600316269822258,0.431073207135691,0.9805388009564253,0.26689294923358475,-1.0,16.934907502261737,0.999949850239855,True,True,0.0,8.881784197001252e-16,False,False,"[[""H"",51],[""L"",78],[""H"",50],[""L"",81],[""H"",47],[""L"",312],[""H"",43],[""L"",80],[""H"",42],[""L"",74],[""H"",46],[""L"",75]]",True,True,True,ZL1_N3_M3_L78_H46,independent_layer_5nm,142,independent_layer_5nm_ZL1_N3_M3_L78_H46_0142,5,"[5,0,4,3,1,0,-3,2,-4,-4,0,-3]"
449.78000000000225,3.525667085916041,0.4924115884040876,0.9807337978815653,0.2315431029589034,0.0,15.730821086769609,1.0,True,True,0.0,8.881784197001252e-16,False,False,"[[""H"",45],[""L"",82],[""H"",44],[""L"",81],[""H"",50],[""L"",307],[""H"",44],[""L"",79],[""H"",48],[""L"",81],[""H"",50],[""L"",80]]",True,True,True,ZL1_N3_M3_L78_H46,independent_layer_5nm,143,independent_layer_5nm_ZL1_N3_M3_L78_H46_0143,5,"[-1,4,-2,3,4,-5,-2,1,2,3,4,2]"
451.5200000000026,3.554476038005987,0.20095485871027635,0.5725297673649838,0.5861454860942323,-8.0,22.894325879409124,0.5793542102913939,False,False,0.0,4.440892098500626e-16,False,False,"[[""H"",47],[""L"",75],[""H"",50],[""L"",81],[""H"",48],[""L"",308],[""H"",46],[""L"",79],[""H"",49],[""L"",77],[""H"",50],[""L"",73]]",False,False,False,ZL1_N3_M3_L78_H46,independent_layer_5nm,144,independent_layer_5nm_ZL1_N3_M3_L78_H46_0144,5,"[1,-3,4,3,2,-4,0,1,3,-1,4,-5]"
446.9600000000016,3.4495325053163697,0.7298254166206297,0.24577205411488762,0.07881050910047877,0.0,15.844879110260223,1.0,True,True,0.0,5.551115123125783e-16,False,False,"[[""H"",41],[""L"",78],[""H"",51],[""L"",80],[""H"",41],[""L"",315],[""H"",41],[""L"",78],[""H"",50],[""L"",75],[""H"",48],[""L"",75]]",False,True,False,ZL1_N3_M3_L78_H46,independent_layer_5nm,145,independent_layer_5nm_ZL1_N3_M3_L78_H46_0145,5,"[-5,0,5,2,-5,3,-5,0,4,-3,2,-3]"
456.50000000000375,3.6347721904710397,0.04379807478378519,0.07200360399784718,0.20977403572900055,-16.0,4.601881363737752,0.07327241840034347,False,False,0.0,6.661338147750939e-16,False,False,"[[""H"",50],[""L"",82],[""H"",48],[""L"",79],[""H"",48],[""L"",314],[""H"",46],[""L"",81],[""H"",49],[""L"",76],[""H"",49],[""L"",74]]",False,False,False,ZL1_N3_M3_L78_H46,independent_layer_5nm,146,independent_layer_5nm_ZL1_N3_M3_L78_H46_0146,5,"[4,4,2,1,2,2,0,3,3,-2,3,-4]"
450.7400000000024,3.500749596960418,0.27886899311687885,0.8333368295116527,0.3788391109271301,-5.0,19.932656031521837,0.8475492402726599,False,True,0.0,5.551115123125783e-16,False,False,"[[""H"",46],[""L"",75],[""H"",50],[""L"",83],[""H"",48],[""L"",310],[""H"",46],[""L"",76],[""H"",43],[""L"",75],[""H"",44],[""L"",76]]",True,True,True,ZL1_N3_M3_L78_H46,independent_layer_5nm,147,independent_layer_5nm_ZL1_N3_M3_L78_H46_0147,5,"[0,-3,4,5,2,-2,0,-2,-3,-3,-2,-2]"
454.02000000000317,3.6061138650087514,0.08120110657362098,0.16548725431864714,0.755680819113189,-13.0,5.98277212557146,0.16991954020962785,False,False,0.0,6.661338147750939e-16,False,False,"[[""H"",50],[""L"",75],[""H"",46],[""L"",79],[""H"",42],[""L"",312],[""H"",51],[""L"",83],[""H"",50],[""L"",82],[""H"",43],[""L"",78]]",False,False,False,ZL1_N3_M3_L78_H46,independent_layer_5nm,148,independent_layer_5nm_ZL1_N3_M3_L78_H46_0148,5,"[4,-3,0,1,-4,0,5,5,4,4,-3,0]"
452.90000000000293,3.5638810423895393,0.11416694073450973,0.26948659394911545,0.9896306983670109,-11.0,7.051259589798743,0.27403854976149855,False,False,0.0,9.992007221626409e-16,False,False,"[[""H"",43],[""L"",83],[""H"",51],[""L"",77],[""H"",45],[""L"",312],[""H"",50],[""L"",74],[""H"",44],[""L"",80],[""H"",51],[""L"",74]]",False,False,False,ZL1_N3_M3_L78_H46,independent_layer_5nm,149,independent_layer_5nm_ZL1_N3_M3_L78_H46_0149,5,"[-3,5,5,-1,-1,0,4,-4,-2,2,5,-4]"
453.00000000000296,3.51719190595702,0.107872037925902,0.25198572871914715,0.99306642819658,-11.0,6.704733774924097,0.25468074057951307,False,False,0.0,5.551115123125783e-16,False,False,"[[""H"",43],[""L"",77],[""H"",47],[""L"",82],[""H"",49],[""L"",309],[""H"",46],[""L"",83],[""H"",46],[""L"",80],[""H"",48],[""L"",81]]",False,False,False,ZL1_N3_M3_L78_H46,independent_layer_5nm,150,independent_layer_5nm_ZL1_N3_M3_L78_H46_0150,5,"[-3,-1,1,4,3,-3,0,5,0,2,2,3]"
451.7600000000027,3.4450911827149184,0.166097303271508,0.4788927695016184,0.6592207537347207,-8.0,10.383645675748452,0.4851022423091196,False,False,0.0,5.551115123125783e-16,False,False,"[[""H"",49],[""L"",75],[""H"",46],[""L"",75],[""H"",47],[""L"",317],[""H"",42],[""L"",79],[""H"",49],[""L"",76],[""H"",42],[""L"",81]]",False,False,False,ZL1_N3_M3_L78_H46,independent_layer_5nm,151,independent_layer_5nm_ZL1_N3_M3_L78_H46_0151,5,"[3,-3,0,-3,1,5,-4,1,3,-2,-4,3]"
449.1600000000021,3.403751626575854,0.6764151238650042,0.7994555588887834,0.1707932304041227,0.0,14.05243194371043,1.0,True,True,0.0,6.661338147750939e-16,False,False,"[[""H"",43],[""L"",77],[""H"",48],[""L"",76],[""H"",49],[""L"",313],[""H"",43],[""L"",76],[""H"",42],[""L"",73],[""H"",48],[""L"",83]]",True,True,True,ZL1_N3_M3_L78_H46,independent_layer_5nm,152,independent_layer_5nm_ZL1_N3_M3_L78_H46_0152,5,"[-3,-1,2,-2,3,1,-3,-2,-4,-5,2,5]"
448.780000000002,3.4924220832867263,0.8205437262245916,0.6669474010978969,0.15237477488333348,0.0,14.122491306645786,1.0,True,True,0.0,6.661338147750939e-16,False,False,"[[""H"",41],[""L"",73],[""H"",49],[""L"",82],[""H"",51],[""L"",310],[""H"",42],[""L"",76],[""H"",41],[""L"",75],[""H"",48],[""L"",77]]",True,True,True,ZL1_N3_M3_L78_H46,independent_layer_5nm,153,independent_layer_5nm_ZL1_N3_M3_L78_H46_0153,5,"[-5,-5,3,4,5,-2,-4,-2,-5,-3,2,-1]"
452.2800000000028,3.5505586588391793,0.14598457180361818,0.3752433638882502,0.8548723292554905,-9.0,8.427349921057566,0.3834512445716887,False,False,0.0,6.661338147750939e-16,False,False,"[[""H"",49],[""L"",79],[""H"",45],[""L"",83],[""H"",46],[""L"",307],[""H"",51],[""L"",78],[""H"",47],[""L"",78],[""H"",50],[""L"",79]]",False,False,False,ZL1_N3_M3_L78_H46,independent_layer_5nm,154,independent_layer_5nm_ZL1_N3_M3_L78_H46_0154,5,"[3,1,-1,5,0,-5,5,0,1,0,4,1]"
454.7600000000034,3.5694371087266177,0.058806985570315606,0.11441454646395594,0.49434973268678123,-14.0,5.227757992885953,0.11612292953264897,False,False,0.0,4.440892098500626e-16,False,False,"[[""H"",49],[""L"",74],[""H"",43],[""L"",75],[""H"",48],[""L"",316],[""H"",50],[""L"",76],[""H"",42],[""L"",75],[""H"",42],[""L"",82]]",False,False,False,ZL1_N3_M3_L78_H46,independent_layer_5nm,155,independent_layer_5nm_ZL1_N3_M3_L78_H46_0155,5,"[3,-4,-3,-3,2,4,4,-2,-4,-3,-4,4]"
452.1800000000028,3.5927104857765926,0.15460056708127046,0.40110564540556864,0.8269986712912485,-9.0,8.620951968830822,0.4036234029506153,False,False,0.0,6.661338147750939e-16,False,False,"[[""H"",50],[""L"",73],[""H"",46],[""L"",82],[""H"",45],[""L"",314],[""H"",43],[""L"",82],[""H"",51],[""L"",77],[""H"",50],[""L"",79]]",False,False,False,ZL1_N3_M3_L78_H46,independent_layer_5nm,156,independent_layer_5nm_ZL1_N3_M3_L78_H46_0156,5,"[4,-5,0,4,-1,2,-3,4,5,-1,4,1]"
456.4600000000038,3.5883872567911794,0.04227994484875752,0.07019078245964888,0.20868107001097785,-16.0,4.5824172446666775,0.07096735560040665,False,False,0.0,6.661338147750939e-16,False,False,"[[""H"",50],[""L"",73],[""H"",49],[""L"",75],[""H"",49],[""L"",312],[""H"",50],[""L"",76],[""H"",51],[""L"",73],[""H"",48],[""L"",79]]",False,False,False,ZL1_N3_M3_L78_H46,independent_layer_5nm,157,independent_layer_5nm_ZL1_N3_M3_L78_H46_0157,5,"[4,-5,3,-3,3,0,4,-2,5,-5,2,1]"
462.30000000000507,3.7282769332146017,0.0147950679636288,0.019956961877851072,0.034777771917353734,-22.0,3.3835815469809205,0.02021736883023293,False,False,0.0,1.1102230246251565e-15,False,False,"[[""H"",44],[""L"",81],[""H"",45],[""L"",80],[""H"",51],[""L"",317],[""H"",50],[""L"",81],[""H"",46],[""L"",74],[""H"",44],[""L"",74]]",False,False,False,ZL1_N3_M3_L78_H46,independent_layer_5nm,158,independent_layer_5nm_ZL1_N3_M3_L78_H46_0158,5,"[-2,3,-1,2,5,5,4,3,0,-4,-2,-4]"
443.6200000000008,3.328402774084509,0.13099666859459363,0.06857658683091539,0.03492897681534238,0.0,21.611820097418942,1.0,True,True,0.0,6.661338147750939e-16,False,False,"[[""H"",50],[""L"",78],[""H"",42],[""L"",79],[""H"",47],[""L"",308],[""H"",42],[""L"",83],[""H"",41],[""L"",74],[""H"",44],[""L"",73]]",False,True,False,ZL1_N3_M3_L78_H46,independent_layer_5nm,159,independent_layer_5nm_ZL1_N3_M3_L78_H46_0159,5,"[4,0,-4,1,1,-4,-4,5,-5,-4,-2,-5]"
452.5600000000029,3.473707832958212,0.12341273441774658,0.31110188892459095,0.933360095781298,-10.0,7.275610714601966,0.3124748042036151,False,False,0.0,6.661338147750939e-16,False,False,"[[""H"",44],[""L"",83],[""H"",42],[""L"",80],[""H"",46],[""L"",314],[""H"",46],[""L"",77],[""H"",49],[""L"",81],[""H"",47],[""L"",80]]",False,False,False,ZL1_N3_M3_L78_H46,independent_layer_5nm,160,independent_layer_5nm_ZL1_N3_M3_L78_H46_0160,5,"[-2,5,-4,2,0,2,0,-1,3,3,1,2]"
444.2400000000009,3.39056852905469,0.16950234958537638,0.08139199922420108,0.03822699094646749,0.0,20.407168636528286,1.0,True,True,0.0,6.661338147750939e-16,False,False,"[[""H"",50],[""L"",73],[""H"",49],[""L"",79],[""H"",46],[""L"",307],[""H"",43],[""L"",76],[""H"",47],[""L"",75],[""H"",46],[""L"",78]]",False,True,False,ZL1_N3_M3_L78_H46,independent_layer_5nm,161,independent_layer_5nm_ZL1_N3_M3_L78_H46_0161,5,"[4,-5,3,1,0,-5,-3,-2,1,-3,0,0]"
444.48000000000104,3.402613471641928,0.19282373553310128,0.09043056974796514,0.04180624119112779,0.0,20.04158567254094,1.0,True,True,0.0,5.551115123125783e-16,False,False,"[[""H"",51],[""L"",73],[""H"",44],[""L"",73],[""H"",45],[""L"",312],[""H"",41],[""L"",77],[""H"",50],[""L"",82],[""H"",44],[""L"",73]]",False,True,False,ZL1_N3_M3_L78_H46,independent_layer_5nm,162,independent_layer_5nm_ZL1_N3_M3_L78_H46_0162,5,"[5,-5,-2,-5,-1,0,-5,-1,4,4,-2,-5]"
449.90000000000225,3.5737220053429724,0.4627104421047045,0.991211430643619,0.25431348153654243,0.0,16.414493445527963,1.0,True,True,0.0,8.881784197001252e-16,False,False,"[[""H"",41],[""L"",73],[""H"",41],[""L"",79],[""H"",48],[""L"",308],[""H"",48],[""L"",80],[""H"",47],[""L"",82],[""H"",50],[""L"",74]]",True,True,True,ZL1_N3_M3_L78_H46,independent_layer_5nm,163,independent_layer_5nm_ZL1_N3_M3_L78_H46_0163,5,"[-5,-5,-5,1,2,-4,2,2,1,4,4,-4]"
455.72000000000355,3.6548854136671025,0.05357111809144692,0.09247513261474591,0.3076960116254711,-15.0,5.028328495448875,0.09429135496131906,False,False,0.0,7.771561172376096e-16,False,False,"[[""H"",51],[""L"",78],[""H"",46],[""L"",83],[""H"",50],[""L"",307],[""H"",49],[""L"",82],[""H"",50],[""L"",78],[""H"",46],[""L"",76]]",False,False,False,ZL1_N3_M3_L78_H46,independent_layer_5nm,164,independent_layer_5nm_ZL1_N3_M3_L78_H46_0164,5,"[5,0,0,5,4,-5,3,4,4,0,0,-2]"
443.2200000000007,3.3533089108071295,0.11254336698555475,0.06046832604708412,0.031204405479956426,0.0,21.85724383325433,1.0,True,True,0.0,4.440892098500626e-16,False,False,"[[""H"",44],[""L"",80],[""H"",46],[""L"",76],[""H"",42],[""L"",311],[""H"",42],[""L"",80],[""H"",45],[""L"",80],[""H"",51],[""L"",75]]",False,True,False,ZL1_N3_M3_L78_H46,independent_layer_5nm,165,independent_layer_5nm_ZL1_N3_M3_L78_H46_0165,5,"[-2,2,0,-2,-4,-1,-4,2,-1,2,5,-3]"
448.3000000000019,3.446329829265835,0.9623772773558372,0.5075311073352605,0.12231482452636425,0.0,14.149479253286808,1.0,True,True,0.0,6.661338147750939e-16,False,False,"[[""H"",45],[""L"",78],[""H"",51],[""L"",77],[""H"",41],[""L"",310],[""H"",49],[""L"",77],[""H"",49],[""L"",79],[""H"",41],[""L"",79]]",False,True,False,ZL1_N3_M3_L78_H46,independent_layer_5nm,166,independent_layer_5nm_ZL1_N3_M3_L78_H46_0166,5,"[-1,0,5,-1,-5,-2,3,-1,3,1,-5,1]"
455.1800000000035,3.5289198580033485,0.05555807768203991,0.10149128242190757,0.3896379711515745,-14.0,5.115740932626707,0.10443361544860537,False,False,0.0,4.440892098500626e-16,False,False,"[[""H"",48],[""L"",76],[""H"",48],[""L"",74],[""H"",50],[""L"",312],[""H"",48],[""L"",76],[""H"",49],[""L"",81],[""H"",45],[""L"",83]]",False,False,False,ZL1_N3_M3_L78_H46,independent_layer_5nm,167,independent_layer_5nm_ZL1_N3_M3_L78_H46_0167,5,"[2,-2,2,-4,4,0,2,-2,3,3,-1,5]"
449.2000000000021,3.5318761292267027,0.6840239431128523,0.8226914471078464,0.17807838615700455,0.0,14.331816828920845,1.0,True,True,0.0,6.661338147750939e-16,False,False,"[[""H"",44],[""L"",77],[""H"",51],[""L"",73],[""H"",49],[""L"",308],[""H"",44],[""L"",78],[""H"",50],[""L"",82],[""H"",47],[""L"",82]]",True,True,True,ZL1_N3_M3_L78_H46,independent_layer_5nm,168,independent_layer_5nm_ZL1_N3_M3_L78_H46_0168,5,"[-2,-1,5,-5,3,-4,-2,0,4,4,1,4]"
449.12000000000205,3.431300439404879,0.6916698947116813,0.7910756969419327,0.17035643345305757,0.0,14.120551545970269,1.0,True,True,0.0,5.551115123125783e-16,False,False,"[[""H"",46],[""L"",74],[""H"",42],[""L"",73],[""H"",48],[""L"",311],[""H"",48],[""L"",74],[""H"",44],[""L"",81],[""H"",50],[""L"",78]]",True,True,True,ZL1_N3_M3_L78_H46,independent_layer_5nm,169,independent_layer_5nm_ZL1_N3_M3_L78_H46_0169,5,"[0,-4,-4,-5,2,-1,2,-4,-2,3,4,0]"
456.38000000000375,3.67338480442902,0.043466034270339376,0.07309007504891823,0.2218381038667969,-16.0,4.636590882304294,0.07463452588306184,False,False,0.0,5.551115123125783e-16,False,False,"[[""H"",51],[""L"",82],[""H"",48],[""L"",81],[""H"",44],[""L"",317],[""H"",49],[""L"",80],[""H"",42],[""L"",78],[""H"",43],[""L"",75]]",False,False,False,ZL1_N3_M3_L78_H46,independent_layer_5nm,170,independent_layer_5nm_ZL1_N3_M3_L78_H46_0170,5,"[5,4,2,3,-2,5,3,2,-4,0,-3,-3]"
449.7200000000022,3.4332456783754424,0.491278983869189,0.9704044827875502,0.2243575516237199,0.0,15.393324077564968,1.0,True,True,0.0,4.440892098500626e-16,False,False,"[[""H"",44],[""L"",83],[""H"",46],[""L"",74],[""H"",43],[""L"",314],[""H"",51],[""L"",73],[""H"",41],[""L"",75],[""H"",43],[""L"",76]]",True,True,True,ZL1_N3_M3_L78_H46,independent_layer_5nm,171,independent_layer_5nm_ZL1_N3_M3_L78_H46_0171,5,"[-2,5,0,-4,-3,2,5,-5,-5,-3,-3,-2]"
448.580000000002,3.4168216679042303,0.8889157333467173,0.5938244783007203,0.13792701293255832,0.0,13.948891188580294,1.0,True,True,0.0,7.771561172376096e-16,False,False,"[[""H"",47],[""L"",76],[""H"",48],[""L"",80],[""H"",46],[""L"",315],[""H"",42],[""L"",77],[""H"",42],[""L"",74],[""H"",43],[""L"",76]]",False,True,False,ZL1_N3_M3_L78_H46,independent_layer_5nm,172,independent_layer_5nm_ZL1_N3_M3_L78_H46_0172,5,"[1,-2,2,2,0,3,-4,-1,-4,-4,-3,-2]"
449.7200000000022,3.436622830400893,0.4891110113352468,0.9677266232156474,0.22029456347874998,0.0,15.315852746217953,1.0,True,True,0.0,7.771561172376096e-16,False,False,"[[""H"",48],[""L"",75],[""H"",50],[""L"",74],[""H"",42],[""L"",314],[""H"",46],[""L"",82],[""H"",47],[""L"",80],[""H"",42],[""L"",77]]",True,True,True,ZL1_N3_M3_L78_H46,independent_layer_5nm,173,independent_layer_5nm_ZL1_N3_M3_L78_H46_0173,5,"[2,-3,4,-4,-4,2,0,4,1,2,-4,-1]"
439.93999999999994,3.1880844667837778,0.040892560232969874,0.027554420434858697,0.017530083583512105,-60.0,,0.6521853315596329,False,False,0.0,4.440892098500626e-16,False,True,"[[""H"",43],[""L"",77],[""H"",48],[""L"",77],[""H"",42],[""L"",307],[""H"",42],[""L"",82],[""H"",43],[""L"",80],[""H"",43],[""L"",80]]",False,False,False,ZL1_N3_M3_L78_H46,independent_layer_5nm,174,independent_layer_5nm_ZL1_N3_M3_L78_H46_0174,5,"[-3,-1,2,-1,-4,-5,-4,4,-3,2,-3,2]"
456.64000000000374,3.6443131555632817,0.039153778813962425,0.06533952592499367,0.19264192583286482,-16.0,4.587963188447308,0.06700292699716293,False,False,0.0,8.881784197001252e-16,False,False,"[[""H"",44],[""L"",74],[""H"",50],[""L"",81],[""H"",51],[""L"",312],[""H"",49],[""L"",75],[""H"",45],[""L"",74],[""H"",44],[""L"",73]]",False,False,False,ZL1_N3_M3_L78_H46,independent_layer_5nm,175,independent_layer_5nm_ZL1_N3_M3_L78_H46_0175,5,"[-2,-4,4,3,5,0,3,-3,-1,-4,-2,-5]"
443.44000000000074,3.2339988733979226,0.11710583206374678,0.062255282582710715,0.03215334167574631,0.0,21.81386763713689,1.0,True,True,0.0,4.440892098500626e-16,False,False,"[[""H"",45],[""L"",80],[""H"",45],[""L"",76],[""H"",42],[""L"",314],[""H"",42],[""L"",73],[""H"",47],[""L"",76],[""H"",45],[""L"",74]]",False,True,False,ZL1_N3_M3_L78_H46,independent_layer_5nm,176,independent_layer_5nm_ZL1_N3_M3_L78_H46_0176,5,"[-1,2,-1,-2,-4,2,-4,-5,1,-2,-1,-4]"
452.00000000000273,3.4806451523879787,0.15373874514963834,0.4235561405978454,0.7496263847207422,-9.0,8.863400769183267,0.42652461305223666,False,False,0.0,4.440892098500626e-16,False,False,"[[""H"",41],[""L"",80],[""H"",48],[""L"",78],[""H"",42],[""L"",315],[""H"",47],[""L"",80],[""H"",50],[""L"",77],[""H"",45],[""L"",76]]",False,False,False,ZL1_N3_M3_L78_H46,independent_layer_5nm,177,independent_layer_5nm_ZL1_N3_M3_L78_H46_0177,5,"[-5,2,2,0,-4,3,1,2,4,-1,-1,-2]"
449.40000000000214,3.452178422771567,0.59458908351562,0.883265353238853,0.194664828912449,0.0,14.54561159188939,1.0,True,True,0.0,1.2212453270876722e-15,False,False,"[[""H"",41],[""L"",73],[""H"",42],[""L"",80],[""H"",45],[""L"",314],[""H"",47],[""L"",74],[""H"",45],[""L"",74],[""H"",51],[""L"",74]]",True,True,True,ZL1_N3_M3_L78_H46,independent_layer_5nm,178,independent_layer_5nm_ZL1_N3_M3_L78_H46_0178,5,"[-5,-5,-4,2,-1,2,1,-4,-1,-4,5,-4]"
450.2400000000023,3.4851273229667754,0.3693499483934163,0.970939066143576,0.2868963992300418,-3.0,17.687753395665048,0.9808128339974523,False,True,0.0,7.771561172376096e-16,False,False,"[[""H"",42],[""L"",82],[""H"",51],[""L"",79],[""H"",44],[""L"",309],[""H"",48],[""L"",83],[""H"",45],[""L"",74],[""H"",46],[""L"",81]]",True,True,True,ZL1_N3_M3_L78_H46,independent_layer_5nm,179,independent_layer_5nm_ZL1_N3_M3_L78_H46_0179,5,"[-4,4,5,1,-2,-3,2,5,-1,-4,0,3]"
452.6800000000029,3.593575708221749,0.12622437491709015,0.3039313251123935,0.9575645034290996,-10.0,7.427967928160706,0.31026921266390434,False,False,0.0,6.661338147750939e-16,False,False,"[[""H"",48],[""L"",81],[""H"",49],[""L"",83],[""H"",47],[""L"",311],[""H"",45],[""L"",79],[""H"",48],[""L"",74],[""H"",49],[""L"",80]]",False,False,False,ZL1_N3_M3_L78_H46,independent_layer_5nm,180,independent_layer_5nm_ZL1_N3_M3_L78_H46_0180,5,"[2,3,3,5,1,-1,-1,1,2,-4,3,2]"
450.7400000000024,3.6246573017347146,0.30531363201034417,0.8565227694597346,0.3883540727547629,-5.0,20.12456263131114,0.8624680439321892,False,True,0.0,4.440892098500626e-16,False,False,"[[""H"",50],[""L"",77],[""H"",50],[""L"",74],[""H"",46],[""L"",308],[""H"",49],[""L"",76],[""H"",50],[""L"",80],[""H"",50],[""L"",78]]",True,True,True,ZL1_N3_M3_L78_H46,independent_layer_5nm,181,independent_layer_5nm_ZL1_N3_M3_L78_H46_0181,5,"[4,-1,4,-4,0,-4,3,-2,4,2,4,0]"
445.76000000000136,3.2922564928175007,0.35583082598301935,0.136602080379905,0.05396568492668567,0.0,17.857111625656607,1.0,True,True,0.0,6.661338147750939e-16,False,False,"[[""H"",45],[""L"",79],[""H"",42],[""L"",77],[""H"",43],[""L"",312],[""H"",44],[""L"",80],[""H"",48],[""L"",77],[""H"",44],[""L"",77]]",False,True,False,ZL1_N3_M3_L78_H46,independent_layer_5nm,182,independent_layer_5nm_ZL1_N3_M3_L78_H46_0182,5,"[-1,1,-4,-1,-3,0,-2,2,2,-1,-2,-1]"
460.4600000000047,3.6346701521335945,0.020621491893682987,0.02869052714271644,0.054387681181157554,-20.0,3.7553691441452948,0.030139772351530876,False,False,0.0,4.440892098500626e-16,False,False,"[[""H"",47],[""L"",83],[""H"",47],[""L"",76],[""H"",49],[""L"",317],[""H"",49],[""L"",76],[""H"",51],[""L"",81],[""H"",45],[""L"",80]]",False,False,False,ZL1_N3_M3_L78_H46,independent_layer_5nm,183,independent_layer_5nm_ZL1_N3_M3_L78_H46_0183,5,"[1,5,1,-2,3,5,3,-2,5,3,-1,2]"
453.300000000003,3.5280395557398947,0.09725343557956875,0.2182367281028688,0.9691481152104255,-11.0,6.5413016508195305,0.22370927346561584,False,False,0.0,8.881784197001252e-16,False,False,"[[""H"",43],[""L"",79],[""H"",45],[""L"",77],[""H"",48],[""L"",307],[""H"",51],[""L"",83],[""H"",47],[""L"",82],[""H"",47],[""L"",74]]",False,False,False,ZL1_N3_M3_L78_H46,independent_layer_5nm,184,independent_layer_5nm_ZL1_N3_M3_L78_H46_0184,5,"[-3,1,-1,-1,2,-5,5,5,1,4,1,-4]"
448.2400000000018,3.4217709465846724,0.9688624542885185,0.48308395767093015,0.11859521779571412,0.0,14.125068623301033,1.0,True,True,0.0,6.661338147750939e-16,False,False,"[[""H"",51],[""L"",81],[""H"",42],[""L"",79],[""H"",41],[""L"",315],[""H"",47],[""L"",76],[""H"",43],[""L"",81],[""H"",45],[""L"",80]]",False,True,False,ZL1_N3_M3_L78_H46,independent_layer_5nm,185,independent_layer_5nm_ZL1_N3_M3_L78_H46_0185,5,"[5,3,-4,1,-5,3,1,-2,-3,3,-1,2]"
444.9200000000011,3.411159240256268,0.23424446814110217,0.10331462804480833,0.045363560868180004,0.0,19.34836849953868,1.0,True,True,0.0,6.661338147750939e-16,False,False,"[[""H"",49],[""L"",80],[""H"",48],[""L"",77],[""H"",47],[""L"",310],[""H"",41],[""L"",75],[""H"",45],[""L"",78],[""H"",45],[""L"",74]]",False,True,False,ZL1_N3_M3_L78_H46,independent_layer_5nm,186,independent_layer_5nm_ZL1_N3_M3_L78_H46_0186,5,"[3,2,2,-1,1,-2,-5,-3,-1,0,-1,-4]"
440.34000000000003,3.1607142903504837,0.0458632987780874,0.0305788710464451,0.019346615395511867,-60.0,,0.5669616928909694,False,False,0.0,6.661338147750939e-16,False,True,"[[""H"",41],[""L"",81],[""H"",46],[""L"",77],[""H"",41],[""L"",308],[""H"",45],[""L"",78],[""H"",41],[""L"",79],[""H"",43],[""L"",74]]",False,False,False,ZL1_N3_M3_L78_H46,independent_layer_5nm,187,independent_layer_5nm_ZL1_N3_M3_L78_H46_0187,5,"[-5,3,0,-1,-5,-4,-1,0,-5,1,-3,-4]"
448.36000000000195,3.442047592860888,0.9484791056843738,0.5248087494956877,0.1245061898615935,0.0,13.983822730876176,1.0,True,True,0.0,1.3322676295501878e-15,False,False,"[[""H"",47],[""L"",77],[""H"",50],[""L"",77],[""H"",41],[""L"",315],[""H"",43],[""L"",80],[""H"",50],[""L"",78],[""H"",43],[""L"",80]]",False,True,False,ZL1_N3_M3_L78_H46,independent_layer_5nm,188,independent_layer_5nm_ZL1_N3_M3_L78_H46_0188,5,"[1,-1,4,-1,-5,3,-3,2,4,0,-3,2]"
453.4600000000031,3.56886322438163,0.09129763042945313,0.20321461371530666,0.934621014307059,-12.0,6.332918218805926,0.20612394034783324,False,False,0.0,6.661338147750939e-16,False,False,"[[""H"",41],[""L"",81],[""H"",51],[""L"",73],[""H"",47],[""L"",313],[""H"",51],[""L"",74],[""H"",41],[""L"",74],[""H"",50],[""L"",73]]",False,False,False,ZL1_N3_M3_L78_H46,independent_layer_5nm,189,independent_layer_5nm_ZL1_N3_M3_L78_H46_0189,5,"[-5,3,5,-5,1,1,5,-4,-5,-4,4,-5]"
454.18000000000325,3.5434973720275025,0.0725015657896271,0.14701252661101677,0.684613336958477,-13.0,5.606739323292702,0.14802309207699912,False,False,0.0,4.440892098500626e-16,False,False,"[[""H"",42],[""L"",80],[""H"",48],[""L"",76],[""H"",46],[""L"",311],[""H"",50],[""L"",82],[""H"",49],[""L"",78],[""H"",43],[""L"",73]]",False,False,False,ZL1_N3_M3_L78_H46,independent_layer_5nm,190,independent_layer_5nm_ZL1_N3_M3_L78_H46_0190,5,"[-4,2,2,-2,0,-1,4,4,3,0,-3,-5]"
447.0000000000016,3.33159357593064,0.7295918695842663,0.2404369884268961,0.07731560505293505,0.0,15.916799213454183,1.0,True,True,0.0,5.551115123125783e-16,False,False,"[[""H"",49],[""L"",74],[""H"",42],[""L"",80],[""H"",48],[""L"",310],[""H"",45],[""L"",74],[""H"",43],[""L"",79],[""H"",43],[""L"",79]]",False,True,False,ZL1_N3_M3_L78_H46,independent_layer_5nm,191,independent_layer_5nm_ZL1_N3_M3_L78_H46_0191,5,"[3,-4,-4,2,2,-2,-1,-4,-3,1,-3,1]"
452.86000000000297,3.5933187365318418,0.11384229181425234,0.27413591447174707,0.9862124616329049,-11.0,7.1746303589025455,0.27873713829964575,False,False,0.0,8.881784197001252e-16,False,False,"[[""H"",43],[""L"",75],[""H"",41],[""L"",73],[""H"",49],[""L"",310],[""H"",50],[""L"",81],[""H"",50],[""L"",73],[""H"",46],[""L"",81]]",False,False,False,ZL1_N3_M3_L78_H46,independent_layer_5nm,192,independent_layer_5nm_ZL1_N3_M3_L78_H46_0192,5,"[-3,-3,-5,-5,3,-2,4,3,4,-5,0,3]"
450.40000000000236,3.522533448059505,0.3417552191896084,0.9436731342327297,0.32024773701716436,-4.0,18.531836825768405,0.9482749416621388,False,True,0.0,5.551115123125783e-16,False,False,"[[""H"",43],[""L"",76],[""H"",42],[""L"",78],[""H"",51],[""L"",312],[""H"",42],[""L"",78],[""H"",46],[""L"",81],[""H"",51],[""L"",80]]",True,True,True,ZL1_N3_M3_L78_H46,independent_layer_5nm,193,independent_layer_5nm_ZL1_N3_M3_L78_H46_0193,5,"[-3,-2,-4,0,5,0,-4,0,0,3,5,2]"
453.38000000000306,3.5283887118398525,0.09427949843983632,0.20938440809598746,0.9509591245542282,-12.0,6.398526595620355,0.21462185578252546,False,False,0.0,6.661338147750939e-16,False,False,"[[""H"",45],[""L"",78],[""H"",44],[""L"",77],[""H"",48],[""L"",313],[""H"",47],[""L"",75],[""H"",51],[""L"",75],[""H"",51],[""L"",78]]",False,False,False,ZL1_N3_M3_L78_H46,independent_layer_5nm,194,independent_layer_5nm_ZL1_N3_M3_L78_H46_0194,5,"[-1,0,-2,-1,2,1,1,-3,5,-3,5,0]"
433.9199999999986,3.0978456223094213,0.015181639997119873,0.012290557718712344,0.009521474156061483,-60.0,,0.13613514147125186,False,False,0.0,5.551115123125783e-16,False,True,"[[""H"",47],[""L"",82],[""H"",41],[""L"",73],[""H"",41],[""L"",307],[""H"",41],[""L"",75],[""H"",42],[""L"",73],[""H"",48],[""L"",75]]",False,False,False,ZL1_N3_M3_L78_H46,independent_layer_5nm,195,independent_layer_5nm_ZL1_N3_M3_L78_H46_0195,5,"[1,4,-5,-5,-5,-5,-5,-3,-4,-5,2,-3]"
451.06000000000256,3.4884438567289067,0.23955489417263287,0.7199678865015011,0.44490629090150347,-6.0,21.112690691223392,0.7339882810303704,False,False,0.0,1.1102230246251565e-15,False,False,"[[""H"",48],[""L"",73],[""H"",48],[""L"",83],[""H"",49],[""L"",308],[""H"",45],[""L"",82],[""H"",44],[""L"",80],[""H"",48],[""L"",75]]",True,False,False,ZL1_N3_M3_L78_H46,independent_layer_5nm,196,independent_layer_5nm_ZL1_N3_M3_L78_H46_0196,5,"[2,-5,2,5,3,-4,-1,4,-2,2,2,-3]"
447.44000000000165,3.3822138727097126,0.8924233359378553,0.30636165220488,0.08951131444933016,0.0,15.194627541861832,1.0,True,True,0.0,4.440892098500626e-16,False,False,"[[""H"",47],[""L"",81],[""H"",42],[""L"",81],[""H"",50],[""L"",309],[""H"",41],[""L"",81],[""H"",46],[""L"",76],[""H"",41],[""L"",79]]",False,True,False,ZL1_N3_M3_L78_H46,independent_layer_5nm,197,independent_layer_5nm_ZL1_N3_M3_L78_H46_0197,5,"[1,3,-4,3,4,-3,-5,3,0,-2,-5,1]"
457.1000000000039,3.5810905214018476,0.035156558135205004,0.05676850806739252,0.15472341592780953,-17.0,4.346255075922201,0.05795946787629316,False,False,0.0,6.661338147750939e-16,False,False,"[[""H"",49],[""L"",81],[""H"",45],[""L"",74],[""H"",51],[""L"",313],[""H"",50],[""L"",80],[""H"",41],[""L"",81],[""H"",47],[""L"",74]]",False,False,False,ZL1_N3_M3_L78_H46,independent_layer_5nm,198,independent_layer_5nm_ZL1_N3_M3_L78_H46_0198,5,"[3,3,-1,-4,5,1,4,2,-5,3,1,-4]"
447.9000000000018,3.373666342112358,0.9909889285827607,0.3973179419650064,0.10503135058152682,0.0,14.489027275734891,1.0,True,True,0.0,6.661338147750939e-16,False,False,"[[""H"",48],[""L"",78],[""H"",41],[""L"",79],[""H"",43],[""L"",313],[""H"",45],[""L"",82],[""H"",48],[""L"",74],[""H"",41],[""L"",81]]",False,True,False,ZL1_N3_M3_L78_H46,independent_layer_5nm,199,independent_layer_5nm_ZL1_N3_M3_L78_H46_0199,5,"[2,0,-5,1,-3,1,-1,4,2,-4,-5,3]"
459.5400000000044,3.6506390834123863,0.021632189070614427,0.031645283554169824,0.06629916575818223,-19.0,3.990548125141178,0.034032721618979335,False,False,0.0,6.661338147750939e-16,False,False,"[[""H"",43],[""L"",79],[""H"",42],[""L"",82],[""H"",51],[""L"",316],[""H"",49],[""L"",76],[""H"",48],[""L"",75],[""H"",43],[""L"",81]]",False,False,False,ZL1_N3_M3_L78_H46,independent_layer_5nm,200,independent_layer_5nm_ZL1_N3_M3_L78_H46_0200,5,"[-3,1,-4,4,5,4,3,-2,2,-3,-3,3]"
457.0800000000039,3.546883149043367,0.035058998165860875,0.056551135565278285,0.15431351945211685,-17.0,4.374534373377276,0.05872776182988384,False,False,0.0,6.661338147750939e-16,False,False,"[[""H"",43],[""L"",79],[""H"",50],[""L"",79],[""H"",45],[""L"",317],[""H"",49],[""L"",77],[""H"",45],[""L"",83],[""H"",47],[""L"",75]]",False,False,False,ZL1_N3_M3_L78_H46,independent_layer_5nm,201,independent_layer_5nm_ZL1_N3_M3_L78_H46_0201,5,"[-3,1,4,1,-1,5,3,-1,-1,5,1,-3]"
450.9800000000025,3.438421084917991,0.24290440977272815,0.7506592904412513,0.4241785319778636,-6.0,20.69722623062722,0.754351622401909,False,False,0.0,6.661338147750939e-16,False,False,"[[""H"",45],[""L"",77],[""H"",46],[""L"",75],[""H"",43],[""L"",313],[""H"",51],[""L"",79],[""H"",41],[""L"",76],[""H"",49],[""L"",82]]",True,False,False,ZL1_N3_M3_L78_H46,independent_layer_5nm,202,independent_layer_5nm_ZL1_N3_M3_L78_H46_0202,5,"[-1,-1,0,-3,-3,1,5,1,-5,-2,3,4]"
443.70000000000084,3.2552035224164797,0.1331076275333708,0.06956983023958327,0.035625953506754016,0.0,21.460764554603866,1.0,True,True,0.0,4.440892098500626e-16,False,False,"[[""H"",41],[""L"",83],[""H"",43],[""L"",79],[""H"",41],[""L"",315],[""H"",42],[""L"",80],[""H"",41],[""L"",75],[""H"",41],[""L"",83]]",False,True,False,ZL1_N3_M3_L78_H46,independent_layer_5nm,203,independent_layer_5nm_ZL1_N3_M3_L78_H46_0203,5,"[-5,5,-3,1,-5,3,-4,2,-5,-3,-5,5]"
445.9200000000013,3.353904966948278,0.3951708389313868,0.14907801683914107,0.05769370259910918,0.0,17.71976965193138,1.0,True,True,0.0,6.661338147750939e-16,False,False,"[[""H"",48],[""L"",82],[""H"",42],[""L"",74],[""H"",44],[""L"",311],[""H"",46],[""L"",75],[""H"",50],[""L"",74],[""H"",41],[""L"",81]]",False,True,False,ZL1_N3_M3_L78_H46,independent_layer_5nm,204,independent_layer_5nm_ZL1_N3_M3_L78_H46_0204,5,"[2,4,-4,-4,-2,-1,0,-3,4,-4,-5,3]"
444.7600000000011,3.2780382790104454,0.21022357275448417,0.0953236936601001,0.043342135132367496,0.0,19.68228107392281,1.0,True,True,0.0,8.881784197001252e-16,False,False,"[[""H"",42],[""L"",74],[""H"",43],[""L"",80],[""H"",44],[""L"",312],[""H"",44],[""L"",74],[""H"",44],[""L"",77],[""H"",48],[""L"",78]]",False,True,False,ZL1_N3_M3_L78_H46,independent_layer_5nm,205,independent_layer_5nm_ZL1_N3_M3_L78_H46_0205,5,"[-4,-4,-3,2,-2,0,-2,-4,-2,-1,2,0]"
445.62000000000126,3.266669440848432,0.32376996323012663,0.12787078654842798,0.05198208712069455,0.0,18.20668960491059,1.0,True,True,0.0,4.440892098500626e-16,False,False,"[[""H"",44],[""L"",80],[""H"",41],[""L"",76],[""H"",46],[""L"",312],[""H"",43],[""L"",76],[""H"",47],[""L"",77],[""H"",44],[""L"",77]]",False,True,False,ZL1_N3_M3_L78_H46,independent_layer_5nm,206,independent_layer_5nm_ZL1_N3_M3_L78_H46_0206,5,"[-2,2,-5,-2,0,0,-3,-2,1,-1,-2,-1]"
454.18000000000325,3.566769427628401,0.07492046102138449,0.15063212762218384,0.6888193168273584,-13.0,5.669024740403049,0.15288660201561566,False,False,0.0,6.661338147750939e-16,False,False,"[[""H"",41],[""L"",83],[""H"",50],[""L"",79],[""H"",46],[""L"",314],[""H"",47],[""L"",77],[""H"",45],[""L"",83],[""H"",50],[""L"",73]]",False,False,False,ZL1_N3_M3_L78_H46,independent_layer_5nm,207,independent_layer_5nm_ZL1_N3_M3_L78_H46_0207,5,"[-5,5,4,1,0,2,1,-1,-1,5,4,-5]"
442.80000000000064,3.466834805733754,0.1010356823486559,0.05658355301761122,0.03023838579408778,0.0,22.613069055486733,1.0,True,True,0.0,6.661338147750939e-16,False,False,"[[""H"",51],[""L"",74],[""H"",50],[""L"",83],[""H"",42],[""L"",309],[""H"",41],[""L"",81],[""H"",44],[""L"",75],[""H"",45],[""L"",73]]",False,True,False,ZL1_N3_M3_L78_H46,independent_layer_5nm,208,independent_layer_5nm_ZL1_N3_M3_L78_H46_0208,5,"[5,-4,4,5,-4,-3,-5,3,-2,-3,-1,-5]"
453.060000000003,3.4972973090939945,0.10057707082529752,0.2373879249460287,0.9925154782737642,-11.0,6.584916460960503,0.2389745829317652,False,False,0.0,5.551115123125783e-16,False,False,"[[""H"",46],[""L"",75],[""H"",46],[""L"",73],[""H"",51],[""L"",312],[""H"",47],[""L"",73],[""H"",51],[""L"",73],[""H"",44],[""L"",74]]",False,False,False,ZL1_N3_M3_L78_H46,independent_layer_5nm,209,independent_layer_5nm_ZL1_N3_M3_L78_H46_0209,5,"[0,-3,0,-5,5,0,1,-5,5,-5,-2,-4]"
448.1200000000018,3.365277087620143,0.9885588324801455,0.44878092864973357,0.11468629675317071,0.0,14.273677513532826,1.0,True,True,0.0,6.661338147750939e-16,False,False,"[[""H"",41],[""L"",76],[""H"",46],[""L"",75],[""H"",43],[""L"",317],[""H"",43],[""L"",78],[""H"",47],[""L"",79],[""H"",41],[""L"",73]]",False,True,False,ZL1_N3_M3_L78_H46,independent_layer_5nm,210,independent_layer_5nm_ZL1_N3_M3_L78_H46_0210,5,"[-5,-2,0,-3,-3,5,-3,0,1,1,-5,-5]"
451.2600000000026,3.5043231432763946,0.21615964927903045,0.6493862879929775,0.5016294665328227,-7.0,21.741252519135504,0.6572300415803785,False,False,0.0,5.551115123125783e-16,False,False,"[[""H"",51],[""L"",83],[""H"",43],[""L"",78],[""H"",47],[""L"",314],[""H"",46],[""L"",76],[""H"",42],[""L"",82],[""H"",43],[""L"",76]]",True,False,False,ZL1_N3_M3_L78_H46,independent_layer_5nm,211,independent_layer_5nm_ZL1_N3_M3_L78_H46_0211,5,"[5,5,-3,0,1,2,0,-2,-4,4,-3,-2]"
454.56000000000336,3.5818712976394522,0.06724849818413356,0.12976984639852934,0.5575494606215348,-13.0,5.525916843936253,0.13485726923067198,False,False,0.0,6.661338147750939e-16,False,False,"[[""H"",48],[""L"",74],[""H"",50],[""L"",82],[""H"",50],[""L"",314],[""H"",43],[""L"",77],[""H"",45],[""L"",80],[""H"",49],[""L"",77]]",False,False,False,ZL1_N3_M3_L78_H46,independent_layer_5nm,212,independent_layer_5nm_ZL1_N3_M3_L78_H46_0212,5,"[2,-4,4,4,4,2,-3,-1,-1,2,3,-1]"
450.82000000000244,3.499720041145281,0.2683470856475734,0.8116053731103927,0.3954951775211645,-6.0,20.30713276286511,0.8205451463914485,False,False,0.0,9.992007221626409e-16,False,False,"[[""H"",42],[""L"",74],[""H"",42],[""L"",75],[""H"",50],[""L"",309],[""H"",49],[""L"",73],[""H"",49],[""L"",83],[""H"",43],[""L"",76]]",True,False,False,ZL1_N3_M3_L78_H46,independent_layer_5nm,213,independent_layer_5nm_ZL1_N3_M3_L78_H46_0213,5,"[-4,-4,-4,-3,4,-3,3,-5,3,5,-3,-2]"
442.16000000000054,3.192848055577599,0.07721902964725408,0.04649636707422884,0.026913109761246504,-60.0,,0.6847167520639077,False,False,0.0,6.661338147750939e-16,False,True,"[[""H"",42],[""L"",82],[""H"",42],[""L"",73],[""H"",46],[""L"",312],[""H"",42],[""L"",73],[""H"",42],[""L"",76],[""H"",44],[""L"",74]]",False,False,False,ZL1_N3_M3_L78_H46,independent_layer_5nm,214,independent_layer_5nm_ZL1_N3_M3_L78_H46_0214,5,"[-4,4,-4,-5,0,0,-4,-5,-4,-2,-2,-4]"
445.76000000000136,3.340298604380564,0.36609963842725673,0.14384632869317987,0.05834471161955109,0.0,18.137633449660658,1.0,True,True,0.0,6.661338147750939e-16,False,False,"[[""H"",42],[""L"",73],[""H"",43],[""L"",81],[""H"",48],[""L"",312],[""H"",41],[""L"",77],[""H"",44],[""L"",74],[""H"",41],[""L"",77]]",False,True,False,ZL1_N3_M3_L78_H46,independent_layer_5nm,215,independent_layer_5nm_ZL1_N3_M3_L78_H46_0215,5,"[-4,-5,-3,3,2,0,-5,-1,-2,-4,-5,-1]"
448.84000000000196,3.389566651379596,0.7941388390210182,0.6821756852857996,0.14681031682391868,0.0,13.808999923340096,1.0,True,True,0.0,9.992007221626409e-16,False,False,"[[""H"",46],[""L"",81],[""H"",45],[""L"",80],[""H"",45],[""L"",309],[""H"",49],[""L"",74],[""H"",44],[""L"",81],[""H"",49],[""L"",74]]",True,True,True,ZL1_N3_M3_L78_H46,independent_layer_5nm,216,independent_layer_5nm_ZL1_N3_M3_L78_H46_0216,5,"[0,3,-1,2,-1,-3,3,-4,-2,3,3,-4]"
447.2800000000017,3.3938191459590143,0.8410474844152818,0.28119751541548554,0.08416180097081688,0.0,15.415053534825054,1.0,True,True,0.0,4.440892098500626e-16,False,False,"[[""H"",45],[""L"",77],[""H"",45],[""L"",73],[""H"",50],[""L"",308],[""H"",43],[""L"",83],[""H"",43],[""L"",82],[""H"",48],[""L"",83]]",False,True,False,ZL1_N3_M3_L78_H46,independent_layer_5nm,217,independent_layer_5nm_ZL1_N3_M3_L78_H46_0217,5,"[-1,-1,-1,-5,4,-4,-3,5,-3,4,2,5]"
450.14000000000226,3.486888672814132,0.39161182864657934,0.9854877984670705,0.27412365751355044,-2.0,17.25217025815178,0.9941989761641403,False,True,0.0,7.771561172376096e-16,False,False,"[[""H"",49],[""L"",77],[""H"",50],[""L"",75],[""H"",45],[""L"",315],[""H"",46],[""L"",73],[""H"",41],[""L"",80],[""H"",49],[""L"",78]]",True,True,True,ZL1_N3_M3_L78_H46,independent_layer_5nm,218,independent_layer_5nm_ZL1_N3_M3_L78_H46_0218,5,"[3,-1,4,-3,-1,3,0,-5,-5,2,3,0]"
452.72000000000287,3.671075830374889,0.13241307823055037,0.3135694325389622,0.9728085505843863,-10.0,7.705377806079147,0.31863598369159657,False,False,0.0,6.661338147750939e-16,False,False,"[[""H"",50],[""L"",83],[""H"",43],[""L"",77],[""H"",50],[""L"",307],[""H"",50],[""L"",74],[""H"",48],[""L"",82],[""H"",51],[""L"",82]]",False,False,False,ZL1_N3_M3_L78_H46,independent_layer_5nm,219,independent_layer_5nm_ZL1_N3_M3_L78_H46_0219,5,"[4,5,-3,-1,4,-5,4,-4,2,4,5,4]"
451.4000000000026,3.5055437745911036,0.20567044605217527,0.6023114840249586,0.5482916937426132,-7.0,22.322807653780295,0.6101498312582332,False,False,0.0,6.661338147750939e-16,False,False,"[[""H"",48],[""L"",77],[""H"",45],[""L"",82],[""H"",47],[""L"",311],[""H"",46],[""L"",80],[""H"",42],[""L"",83],[""H"",51],[""L"",78]]",True,False,False,ZL1_N3_M3_L78_H46,independent_layer_5nm,220,independent_layer_5nm_ZL1_N3_M3_L78_H46_0220,5,"[2,-1,-1,4,1,-1,0,2,-4,5,5,0]"
449.2200000000021,3.5008722262937226,0.6690196842048046,0.8281603707075194,0.1784609560640812,0.0,14.249297199747515,1.0,True,True,0.0,4.440892098500626e-16,False,False,"[[""H"",50],[""L"",79],[""H"",47],[""L"",76],[""H"",41],[""L"",311],[""H"",49],[""L"",83],[""H"",45],[""L"",77],[""H"",49],[""L"",79]]",True,True,True,ZL1_N3_M3_L78_H46,independent_layer_5nm,221,independent_layer_5nm_ZL1_N3_M3_L78_H46_0221,5,"[4,1,1,-2,-5,-1,3,5,-1,-1,3,1]"
451.0000000000025,3.4805015863099698,0.24678858877806914,0.7486702302660314,0.43371386987771265,-6.0,20.95475841690585,0.7529211958635389,False,False,0.0,5.551115123125783e-16,False,False,"[[""H"",43],[""L"",74],[""H"",48],[""L"",74],[""H"",45],[""L"",310],[""H"",51],[""L"",76],[""H"",48],[""L"",74],[""H"",51],[""L"",77]]",True,False,False,ZL1_N3_M3_L78_H46,independent_layer_5nm,222,independent_layer_5nm_ZL1_N3_M3_L78_H46_0222,5,"[-3,-4,2,-4,-1,-2,5,-2,2,-4,5,-1]"
460.00000000000455,3.6723288923853374,0.022190846218252857,0.031449900287787075,0.06201958809030317,-20.0,3.7298798407619067,0.03207340791450615,False,False,0.0,4.440892098500626e-16,False,False,"[[""H"",47],[""L"",81],[""H"",42],[""L"",81],[""H"",49],[""L"",313],[""H"",51],[""L"",83],[""H"",51],[""L"",73],[""H"",47],[""L"",76]]",False,False,False,ZL1_N3_M3_L78_H46,independent_layer_5nm,223,independent_layer_5nm_ZL1_N3_M3_L78_H46_0223,5,"[1,3,-4,3,3,1,5,5,5,-5,1,-2]"
440.4000000000001,3.278296543290537,0.04786597277033629,0.03156844044758045,0.01967380393314524,-60.0,,0.6267276512741226,False,False,0.0,5.551115123125783e-16,False,True,"[[""H"",47],[""L"",81],[""H"",46],[""L"",82],[""H"",42],[""L"",310],[""H"",41],[""L"",73],[""H"",42],[""L"",80],[""H"",44],[""L"",77]]",False,False,False,ZL1_N3_M3_L78_H46,independent_layer_5nm,224,independent_layer_5nm_ZL1_N3_M3_L78_H46_0224,5,"[1,3,0,4,-4,-2,-5,-5,-4,2,-2,-1]"
451.82000000000266,3.4651920244733674,0.16641572196307378,0.47115207431698247,0.6773593422451593,-8.0,10.283103685794046,0.4799968355847938,False,False,0.0,7.771561172376096e-16,False,False,"[[""H"",47],[""L"",79],[""H"",49],[""L"",75],[""H"",45],[""L"",310],[""H"",50],[""L"",83],[""H"",43],[""L"",79],[""H"",45],[""L"",76]]",False,False,False,ZL1_N3_M3_L78_H46,independent_layer_5nm,225,independent_layer_5nm_ZL1_N3_M3_L78_H46_0225,5,"[1,1,3,-3,-1,-2,4,5,-3,1,-1,-2]"
453.40000000000305,3.54160595107021,0.09382247602993876,0.20826274091975833,0.9457833250714716,-12.0,6.38884549660077,0.2145083324600524,False,False,0.0,8.881784197001252e-16,False,False,"[[""H"",47],[""L"",78],[""H"",41],[""L"",83],[""H"",49],[""L"",314],[""H"",45],[""L"",76],[""H"",44],[""L"",83],[""H"",51],[""L"",78]]",False,False,False,ZL1_N3_M3_L78_H46,independent_layer_5nm,226,independent_layer_5nm_ZL1_N3_M3_L78_H46_0226,5,"[1,0,-5,5,3,2,-1,-2,-2,5,5,0]"
455.6600000000036,3.607976995113745,0.05155492712761843,0.0906196170903825,0.3129778134040881,-15.0,4.897619443844862,0.09103848822089006,False,False,0.0,4.440892098500626e-16,False,False,"[[""H"",43],[""L"",81],[""H"",45],[""L"",77],[""H"",45],[""L"",312],[""H"",51],[""L"",83],[""H"",51],[""L"",73],[""H"",50],[""L"",75]]",False,False,False,ZL1_N3_M3_L78_H46,independent_layer_5nm,227,independent_layer_5nm_ZL1_N3_M3_L78_H46_0227,5,"[-3,3,-1,-1,-1,0,5,5,5,-5,4,-3]"
454.4800000000033,3.5945856785495494,0.07033564574265988,0.13646522256499585,0.5907574270792803,-13.0,5.5488276203898135,0.13882027285178325,False,False,0.0,5.551115123125783e-16,False,False,"[[""H"",50],[""L"",73],[""H"",44],[""L"",78],[""H"",48],[""L"",313],[""H"",47],[""L"",78],[""H"",51],[""L"",77],[""H"",49],[""L"",83]]",False,False,False,ZL1_N3_M3_L78_H46,independent_layer_5nm,228,independent_layer_5nm_ZL1_N3_M3_L78_H46_0228,5,"[4,-5,-2,0,2,1,1,0,5,-1,3,5]"
453.7200000000031,3.509463949044971,0.07934937996040875,0.1722632076359226,0.8444717155135112,-12.0,5.849866754247671,0.17420977853292546,False,False,0.0,5.551115123125783e-16,False,False,"[[""H"",41],[""L"",80],[""H"",43],[""L"",76],[""H"",51],[""L"",316],[""H"",45],[""L"",74],[""H"",42],[""L"",83],[""H"",46],[""L"",80]]",False,False,False,ZL1_N3_M3_L78_H46,independent_layer_5nm,229,independent_layer_5nm_ZL1_N3_M3_L78_H46_0229,5,"[-5,2,-3,-2,5,4,-1,-4,-4,5,0,2]"
446.2200000000014,3.318642945949591,0.46467677741051955,0.16643540182876398,0.061526615747165975,0.0,17.097752772344446,1.0,True,True,0.0,5.551115123125783e-16,False,False,"[[""H"",45],[""L"",76],[""H"",47],[""L"",83],[""H"",43],[""L"",312],[""H"",43],[""L"",82],[""H"",41],[""L"",77],[""H"",43],[""L"",79]]",False,True,False,ZL1_N3_M3_L78_H46,independent_layer_5nm,230,independent_layer_5nm_ZL1_N3_M3_L78_H46_0230,5,"[-1,-2,1,5,-3,0,-3,4,-5,-1,-3,1]"
447.4800000000017,3.595783866250599,0.9115800772596159,0.33300301678160943,0.0953992164877205,0.0,15.163525805811645,1.0,True,True,0.0,6.661338147750939e-16,False,False,"[[""H"",48],[""L"",81],[""H"",50],[""L"",82],[""H"",45],[""L"",309],[""H"",42],[""L"",78],[""H"",50],[""L"",80],[""H"",46],[""L"",78]]",False,True,False,ZL1_N3_M3_L78_H46,independent_layer_5nm,231,independent_layer_5nm_ZL1_N3_M3_L78_H46_0231,5,"[2,3,4,4,-1,-3,-4,0,4,2,0,0]"
454.6600000000034,3.562214421294186,0.06108997795949327,0.11979556784694188,0.5273030857548744,-14.0,5.394178614997154,0.12318992144278416,False,False,0.0,4.440892098500626e-16,False,False,"[[""H"",42],[""L"",73],[""H"",49],[""L"",73],[""H"",49],[""L"",313],[""H"",51],[""L"",76],[""H"",42],[""L"",75],[""H"",47],[""L"",74]]",False,False,False,ZL1_N3_M3_L78_H46,independent_layer_5nm,232,independent_layer_5nm_ZL1_N3_M3_L78_H46_0232,5,"[-4,-5,3,-5,3,1,5,-2,-4,-3,1,-4]"
448.1600000000019,3.40785809383641,0.9824679895657287,0.4583402071896532,0.11327561732331701,0.0,14.231264022159737,1.0,True,True,0.0,7.771561172376096e-16,False,False,"[[""H"",41],[""L"",83],[""H"",46],[""L"",76],[""H"",51],[""L"",307],[""H"",42],[""L"",83],[""H"",46],[""L"",83],[""H"",43],[""L"",80]]",False,True,False,ZL1_N3_M3_L78_H46,independent_layer_5nm,233,independent_layer_5nm_ZL1_N3_M3_L78_H46_0233,5,"[-5,5,0,-2,5,-5,-4,5,0,5,-3,2]"
441.7000000000004,3.1810636612481176,0.0656804772275954,0.04047457107097951,0.02380356968672806,-60.0,,0.7585061766369813,False,False,0.0,7.771561172376096e-16,False,True,"[[""H"",47],[""L"",73],[""H"",43],[""L"",76],[""H"",41],[""L"",311],[""H"",45],[""L"",75],[""H"",44],[""L"",80],[""H"",43],[""L"",78]]",False,False,False,ZL1_N3_M3_L78_H46,independent_layer_5nm,234,independent_layer_5nm_ZL1_N3_M3_L78_H46_0234,5,"[1,-5,-3,-2,-5,-1,-1,-3,-2,2,-3,0]"
453.6000000000031,3.491655292276846,0.08580470245628447,0.18617395823198105,0.8896484715942241,-12.0,6.006440713646953,0.18764826396377823,False,False,0.0,4.440892098500626e-16,False,False,"[[""H"",49],[""L"",76],[""H"",47],[""L"",75],[""H"",44],[""L"",315],[""H"",49],[""L"",77],[""H"",48],[""L"",81],[""H"",45],[""L"",81]]",False,False,False,ZL1_N3_M3_L78_H46,independent_layer_5nm,235,independent_layer_5nm_ZL1_N3_M3_L78_H46_0235,5,"[3,-2,1,-3,-2,3,3,-1,2,3,-1,3]"
447.3800000000017,3.6017956508628117,0.8939116984713925,0.32059781792509656,0.09413087921629548,0.0,15.399359164745812,1.0,True,True,0.0,8.881784197001252e-16,False,False,"[[""H"",50],[""L"",78],[""H"",46],[""L"",74],[""H"",42],[""L"",308],[""H"",49],[""L"",81],[""H"",47],[""L"",83],[""H"",51],[""L"",76]]",False,True,False,ZL1_N3_M3_L78_H46,independent_layer_5nm,236,independent_layer_5nm_ZL1_N3_M3_L78_H46_0236,5,"[4,0,0,-4,-4,-4,3,3,1,5,5,-2]"
442.24000000000046,3.2081949924061064,0.0772300740960321,0.04566900817124897,0.025831209410265003,0.0,23.72206718081509,1.0,True,True,0.0,5.551115123125783e-16,False,False,"[[""H"",43],[""L"",77],[""H"",43],[""L"",77],[""H"",42],[""L"",311],[""H"",43],[""L"",77],[""H"",45],[""L"",83],[""H"",45],[""L"",73]]",False,True,False,ZL1_N3_M3_L78_H46,independent_layer_5nm,237,independent_layer_5nm_ZL1_N3_M3_L78_H46_0237,5,"[-3,-1,-3,-1,-4,-1,-3,-1,-1,5,-1,-5]"
453.340000000003,3.521144261076472,0.09401599384405165,0.211146651966666,0.9577550385800547,-11.0,6.425817000961886,0.21733244114444455,False,False,0.0,6.661338147750939e-16,False,False,"[[""H"",49],[""L"",73],[""H"",42],[""L"",83],[""H"",45],[""L"",311],[""H"",50],[""L"",83],[""H"",45],[""L"",81],[""H"",47],[""L"",73]]",False,False,False,ZL1_N3_M3_L78_H46,independent_layer_5nm,238,independent_layer_5nm_ZL1_N3_M3_L78_H46_0238,5,"[3,-5,-4,5,-1,-1,4,5,-1,3,1,-5]"
446.40000000000146,3.354445751450953,0.5234598600982074,0.1816215599018779,0.06424606559318068,0.0,16.727533132681156,1.0,True,True,0.0,6.661338147750939e-16,False,False,"[[""H"",45],[""L"",82],[""H"",43],[""L"",81],[""H"",46],[""L"",312],[""H"",41],[""L"",78],[""H"",44],[""L"",81],[""H"",49],[""L"",76]]",False,True,False,ZL1_N3_M3_L78_H46,independent_layer_5nm,239,independent_layer_5nm_ZL1_N3_M3_L78_H46_0239,5,"[-1,4,-3,3,0,0,-5,0,-2,3,3,-2]"
455.36000000000354,3.627898355410423,0.05782346090862149,0.10277603917042069,0.36921586212193735,-14.0,5.27341973385721,0.1085582194053604,False,False,0.0,4.440892098500626e-16,False,False,"[[""H"",50],[""L"",77],[""H"",50],[""L"",79],[""H"",48],[""L"",312],[""H"",46],[""L"",81],[""H"",50],[""L"",78],[""H"",46],[""L"",83]]",False,False,False,ZL1_N3_M3_L78_H46,independent_layer_5nm,240,independent_layer_5nm_ZL1_N3_M3_L78_H46_0240,5,"[4,-1,4,1,2,0,0,3,4,0,0,5]"
449.5800000000022,3.5107778694148806,0.5395459569918107,0.9313983622897817,0.2112822203572582,0.0,15.156965812953157,1.0,True,True,0.0,6.661338147750939e-16,False,False,"[[""H"",51],[""L"",74],[""H"",48],[""L"",79],[""H"",51],[""L"",311],[""H"",42],[""L"",73],[""H"",46],[""L"",74],[""H"",45],[""L"",80]]",True,True,True,ZL1_N3_M3_L78_H46,independent_layer_5nm,241,independent_layer_5nm_ZL1_N3_M3_L78_H46_0241,5,"[5,-4,2,1,5,-1,-4,-5,0,-4,-1,2]"
446.42000000000144,3.352506222025056,0.5300145988979129,0.18373415442456675,0.06498092569195488,0.0,16.731630574377736,1.0,True,True,0.0,5.551115123125783e-16,False,False,"[[""H"",45],[""L"",77],[""H"",46],[""L"",78],[""H"",45],[""L"",313],[""H"",42],[""L"",78],[""H"",42],[""L"",81],[""H"",50],[""L"",78]]",False,True,False,ZL1_N3_M3_L78_H46,independent_layer_5nm,242,independent_layer_5nm_ZL1_N3_M3_L78_H46_0242,5,"[-1,-1,0,0,-1,1,-4,0,-4,3,4,0]"
447.2800000000017,3.443262239708872,0.8475195373547482,0.2906272471873324,0.08874990040037366,0.0,15.580672744812697,1.0,True,True,0.0,8.881784197001252e-16,False,False,"[[""H"",41],[""L"",78],[""H"",41],[""L"",76],[""H"",42],[""L"",311],[""H"",50],[""L"",75],[""H"",48],[""L"",76],[""H"",49],[""L"",81]]",False,True,False,ZL1_N3_M3_L78_H46,independent_layer_5nm,243,independent_layer_5nm_ZL1_N3_M3_L78_H46_0243,5,"[-5,0,-5,-2,-4,-1,4,-3,2,-2,3,3]"
455.2800000000035,3.612282005348561,0.057347904418458044,0.10341182530418647,0.3826194921503695,-14.0,5.183635706936165,0.10661165361961655,False,False,0.0,4.440892098500626e-16,False,False,"[[""H"",44],[""L"",73],[""H"",48],[""L"",82],[""H"",48],[""L"",313],[""H"",45],[""L"",81],[""H"",50],[""L"",82],[""H"",49],[""L"",75]]",False,False,False,ZL1_N3_M3_L78_H46,independent_layer_5nm,244,independent_layer_5nm_ZL1_N3_M3_L78_H46_0244,5,"[-2,-5,2,4,2,1,-1,3,4,4,3,-3]"
454.4800000000033,3.584336640800359,0.06894338303978778,0.13470222008381133,0.5904925297773878,-13.0,5.465986703470341,0.13668149460934426,False,False,0.0,8.881784197001252e-16,False,False,"[[""H"",43],[""L"",83],[""H"",50],[""L"",82],[""H"",42],[""L"",316],[""H"",47],[""L"",79],[""H"",51],[""L"",74],[""H"",45],[""L"",74]]",False,False,False,ZL1_N3_M3_L78_H46,independent_layer_5nm,245,independent_layer_5nm_ZL1_N3_M3_L78_H46_0245,5,"[-3,5,4,4,-4,4,1,1,5,-4,-1,-4]"
447.82000000000176,3.3320480578012734,0.9814273476933995,0.37096561332349065,0.09964492550179671,0.0,14.625419111795813,1.0,True,True,0.0,8.881784197001252e-16,False,False,"[[""H"",45],[""L"",80],[""H"",41],[""L"",77],[""H"",43],[""L"",311],[""H"",49],[""L"",78],[""H"",45],[""L"",81],[""H"",42],[""L"",80]]",False,True,False,ZL1_N3_M3_L78_H46,independent_layer_5nm,246,independent_layer_5nm_ZL1_N3_M3_L78_H46_0246,5,"[-1,2,-5,-1,-3,-1,3,0,-1,3,-4,2]"
444.0400000000009,3.3047006409856863,0.152402274534247,0.07523734035580472,0.03635558977928148,0.0,20.779529455291314,1.0,True,True,0.0,4.440892098500626e-16,False,False,"[[""H"",47],[""L"",81],[""H"",44],[""L"",73],[""H"",43],[""L"",309],[""H"",47],[""L"",77],[""H"",43],[""L"",81],[""H"",48],[""L"",73]]",False,True,False,ZL1_N3_M3_L78_H46,independent_layer_5nm,247,independent_layer_5nm_ZL1_N3_M3_L78_H46_0247,5,"[1,3,-2,-5,-3,-3,1,-1,-3,3,2,-5]"
451.44000000000256,3.5278127753717285,0.20346763232558504,0.5939745541024659,0.5574656559463325,-7.0,22.50275678538143,0.6059237082920211,False,False,0.0,6.661338147750939e-16,False,False,"[[""H"",50],[""L"",80],[""H"",42],[""L"",83],[""H"",49],[""L"",314],[""H"",42],[""L"",75],[""H"",47],[""L"",75],[""H"",51],[""L"",76]]",False,False,False,ZL1_N3_M3_L78_H46,independent_layer_5nm,248,independent_layer_5nm_ZL1_N3_M3_L78_H46_0248,5,"[4,2,-4,5,3,2,-4,-3,1,-3,5,-2]"
457.90000000000407,3.667140018995667,0.03428965014266807,0.05196235468107926,0.1226905896970817,-18.0,4.449377282696906,0.055333794099994255,False,False,0.0,8.881784197001252e-16,False,False,"[[""H"",49],[""L"",82],[""H"",46],[""L"",83],[""H"",48],[""L"",313],[""H"",47],[""L"",83],[""H"",49],[""L"",80],[""H"",50],[""L"",75]]",False,False,False,ZL1_N3_M3_L78_H46,independent_layer_5nm,249,independent_layer_5nm_ZL1_N3_M3_L78_H46_0249,5,"[3,4,0,5,2,1,1,5,3,2,4,-3]"
449.8400000000022,3.491909430512635,0.46595444017982846,0.9760870988208482,0.23457809837509636,0.0,15.778615462934992,1.0,True,True,0.0,4.440892098500626e-16,False,False,"[[""H"",51],[""L"",76],[""H"",50],[""L"",76],[""H"",45],[""L"",315],[""H"",42],[""L"",82],[""H"",44],[""L"",80],[""H"",42],[""L"",81]]",True,True,True,ZL1_N3_M3_L78_H46,independent_layer_5nm,250,independent_layer_5nm_ZL1_N3_M3_L78_H46_0250,5,"[5,-2,4,-2,-1,3,-4,4,-2,2,-4,3]"
446.7000000000015,3.2989313781291685,0.6130543605698704,0.204177414430141,0.06915355273824322,0.0,16.3500393635824,1.0,True,True,0.0,6.661338147750939e-16,False,False,"[[""H"",45],[""L"",77],[""H"",48],[""L"",73],[""H"",45],[""L"",313],[""H"",44],[""L"",74],[""H"",46],[""L"",81],[""H"",42],[""L"",78]]",False,True,False,ZL1_N3_M3_L78_H46,independent_layer_5nm,251,independent_layer_5nm_ZL1_N3_M3_L78_H46_0251,5,"[-1,-1,2,-5,-1,1,-2,-4,0,3,-4,0]"
458.70000000000425,3.644653936953432,0.028082662663063626,0.041434505258839974,0.09069555787419831,-18.0,4.209539291638986,0.044578302152060066,False,False,0.0,4.440892098500626e-16,False,False,"[[""H"",48],[""L"",83],[""H"",49],[""L"",81],[""H"",48],[""L"",316],[""H"",46],[""L"",83],[""H"",47],[""L"",74],[""H"",47],[""L"",83]]",False,False,False,ZL1_N3_M3_L78_H46,independent_layer_5nm,252,independent_layer_5nm_ZL1_N3_M3_L78_H46_0252,5,"[2,5,3,3,2,4,0,5,1,-4,1,5]"
447.1400000000016,3.4396011479738604,0.7905438146936576,0.26628773454769306,0.08261823034510186,0.0,15.667722211581665,1.0,True,True,0.0,6.661338147750939e-16,False,False,"[[""H"",51],[""L"",79],[""H"",47],[""L"",73],[""H"",43],[""L"",310],[""H"",48],[""L"",82],[""H"",41],[""L"",82],[""H"",42],[""L"",82]]",False,True,False,ZL1_N3_M3_L78_H46,independent_layer_5nm,253,independent_layer_5nm_ZL1_N3_M3_L78_H46_0253,5,"[5,1,1,-5,-3,-2,2,4,-5,4,-4,4]"
448.4400000000019,3.7267220478815943,0.9265322630441457,0.5764975795692617,0.14576177711140664,0.0,14.503056195202245,1.0,True,True,0.0,6.661338147750939e-16,False,False,"[[""H"",51],[""L"",83],[""H"",51],[""L"",80],[""H"",42],[""L"",317],[""H"",42],[""L"",75],[""H"",44],[""L"",73],[""H"",41],[""L"",78]]",False,True,False,ZL1_N3_M3_L78_H46,independent_layer_5nm,254,independent_layer_5nm_ZL1_N3_M3_L78_H46_0254,5,"[5,5,5,2,-4,5,-4,-3,-2,-5,-5,0]"
450.3200000000023,3.5774183129695416,0.3697278804597487,0.9630852273724946,0.3083618300335902,-4.0,18.231077943469895,0.970511185839856,False,True,0.0,9.992007221626409e-16,False,False,"[[""H"",51],[""L"",80],[""H"",43],[""L"",80],[""H"",48],[""L"",309],[""H"",44],[""L"",81],[""H"",51],[""L"",77],[""H"",48],[""L"",80]]",True,True,True,ZL1_N3_M3_L78_H46,independent_layer_5nm,255,independent_layer_5nm_ZL1_N3_M3_L78_H46_0255,5,"[5,2,-3,2,2,-3,-2,3,5,-1,2,2]"
447.70000000000175,3.351071206533163,0.9615001436737036,0.34888439348086653,0.09574226419530477,0.0,14.690854048227472,1.0,True,True,0.0,1.3322676295501878e-15,False,False,"[[""H"",47],[""L"",81],[""H"",45],[""L"",79],[""H"",43],[""L"",317],[""H"",41],[""L"",76],[""H"",47],[""L"",75],[""H"",47],[""L"",75]]",False,True,False,ZL1_N3_M3_L78_H46,independent_layer_5nm,256,independent_layer_5nm_ZL1_N3_M3_L78_H46_0256,5,"[1,3,-1,1,-3,5,-5,-2,1,-3,1,-3]"
451.2600000000026,3.469338794963619,0.21451991688754857,0.6483083526312221,0.4995639373716343,-7.0,21.724660513711445,0.6520941975124124,False,False,0.0,4.440892098500626e-16,False,False,"[[""H"",41],[""L"",78],[""H"",46],[""L"",75],[""H"",49],[""L"",314],[""H"",43],[""L"",76],[""H"",49],[""L"",77],[""H"",49],[""L"",80]]",True,False,False,ZL1_N3_M3_L78_H46,independent_layer_5nm,257,independent_layer_5nm_ZL1_N3_M3_L78_H46_0257,5,"[-5,0,0,-3,3,2,-3,-2,3,-1,3,2]"
450.0000000000023,3.3937231580715093,0.40959625345205963,0.9937563342343985,0.24851166321185603,0.0,16.36678231123897,1.0,True,True,0.0,5.551115123125783e-16,False,False,"[[""H"",44],[""L"",73],[""H"",47],[""L"",77],[""H"",42],[""L"",314],[""H"",47],[""L"",82],[""H"",47],[""L"",75],[""H"",45],[""L"",81]]",True,True,True,ZL1_N3_M3_L78_H46,independent_layer_5nm,258,independent_layer_5nm_ZL1_N3_M3_L78_H46_0258,5,"[-2,-5,1,-1,-4,2,1,4,1,-3,-1,3]"
445.0400000000011,3.303821613200739,0.24084441078902896,0.10375688202859602,0.0449352321068284,0.0,19.093832335040183,1.0,True,True,0.0,5.551115123125783e-16,False,False,"[[""H"",47],[""L"",79],[""H"",44],[""L"",79],[""H"",45],[""L"",308],[""H"",44],[""L"",80],[""H"",48],[""L"",75],[""H"",43],[""L"",76]]",False,True,False,ZL1_N3_M3_L78_H46,independent_layer_5nm,259,independent_layer_5nm_ZL1_N3_M3_L78_H46_0259,5,"[1,1,-2,1,-1,-4,-2,2,2,-3,-3,-2]"
444.46000000000106,3.368020008083249,0.18780946428279227,0.08845168325687065,0.04115767266412036,0.0,20.089575239370284,1.0,True,True,0.0,6.661338147750939e-16,False,False,"[[""H"",46],[""L"",76],[""H"",51],[""L"",79],[""H"",43],[""L"",310],[""H"",44],[""L"",77],[""H"",41],[""L"",82],[""H"",42],[""L"",75]]",False,True,False,ZL1_N3_M3_L78_H46,independent_layer_5nm,260,independent_layer_5nm_ZL1_N3_M3_L78_H46_0260,5,"[0,-2,5,1,-3,-2,-2,-1,-5,4,-4,-3]"
449.1600000000021,3.4305674484110114,0.6762810273282528,0.8036759694171607,0.1714774286641247,0.0,13.99780083000057,1.0,True,True,0.0,4.440892098500626e-16,False,False,"[[""H"",46],[""L"",83],[""H"",47],[""L"",80],[""H"",44],[""L"",317],[""H"",41],[""L"",73],[""H"",49],[""L"",78],[""H"",45],[""L"",73]]",True,True,True,ZL1_N3_M3_L78_H46,independent_layer_5nm,261,independent_layer_5nm_ZL1_N3_M3_L78_H46_0261,5,"[0,5,1,2,-2,5,-5,-5,3,0,-1,-5]"
456.26000000000374,3.5691708713907815,0.04124577224928418,0.07061661151291344,0.2236328796598101,-16.0,4.603023858751566,0.07252244569716677,False,False,0.0,6.661338147750939e-16,False,False,"[[""H"",42],[""L"",79],[""H"",46],[""L"",82],[""H"",43],[""L"",316],[""H"",51],[""L"",78],[""H"",48],[""L"",79],[""H"",41],[""L"",76]]",False,False,False,ZL1_N3_M3_L78_H46,independent_layer_5nm,262,independent_layer_5nm_ZL1_N3_M3_L78_H46_0262,5,"[-4,1,0,4,-3,4,5,0,2,1,-5,-2]"
458.6600000000043,3.5969965953865426,0.02586682076226932,0.03874378452126433,0.08688125913029149,-18.0,4.191360933672335,0.04203155176906301,False,False,0.0,8.881784197001252e-16,False,False,"[[""H"",43],[""L"",81],[""H"",50],[""L"",78],[""H"",49],[""L"",316],[""H"",48],[""L"",78],[""H"",47],[""L"",76],[""H"",44],[""L"",79]]",False,False,False,ZL1_N3_M3_L78_H46,independent_layer_5nm,263,independent_layer_5nm_ZL1_N3_M3_L78_H46_0263,5,"[-3,3,4,0,3,4,2,0,1,-2,-2,1]"
448.680000000002,3.486787730443325,0.8555997915803053,0.6249696098920763,0.14165420761395725,0.0,14.000671212848223,1.0,True,True,0.0,8.881784197001252e-16,False,False,"[[""H"",46],[""L"",83],[""H"",47],[""L"",83],[""H"",49],[""L"",309],[""H"",42],[""L"",75],[""H"",49],[""L"",74],[""H"",45],[""L"",76]]",True,True,True,ZL1_N3_M3_L78_H46,independent_layer_5nm,264,independent_layer_5nm_ZL1_N3_M3_L78_H46_0264,5,"[0,5,1,5,3,-3,-4,-3,3,-4,-1,-2]"
447.30000000000166,3.348485841504612,0.8467403946096574,0.2813063848714903,0.08409947857454933,0.0,15.308795640079955,1.0,True,True,0.0,4.440892098500626e-16,False,False,"[[""H"",44],[""L"",76],[""H"",47],[""L"",83],[""H"",41],[""L"",313],[""H"",45],[""L"",75],[""H"",50],[""L"",74],[""H"",44],[""L"",79]]",False,True,False,ZL1_N3_M3_L78_H46,independent_layer_5nm,265,independent_layer_5nm_ZL1_N3_M3_L78_H46_0265,5,"[-2,-2,1,5,-5,1,-1,-3,4,-4,-2,1]"
453.26000000000306,3.5217633585288013,0.09558134219467067,0.21859721283244077,0.9749795837815571,-11.0,6.48475246905135,0.22265657303342493,False,False,0.0,6.661338147750939e-16,False,False,"[[""H"",45],[""L"",75],[""H"",46],[""L"",73],[""H"",48],[""L"",311],[""H"",49],[""L"",81],[""H"",50],[""L"",76],[""H"",41],[""L"",77]]",False,False,False,ZL1_N3_M3_L78_H46,independent_layer_5nm,266,independent_layer_5nm_ZL1_N3_M3_L78_H46_0266,5,"[-1,-3,0,-5,2,-1,3,3,4,-2,-5,-1]"
454.46000000000333,3.546682956674431,0.06704557006931429,0.13164782276626005,0.5858535177877441,-13.0,5.501987912611867,0.13545995968119323,False,False,0.0,4.440892098500626e-16,False,False,"[[""H"",48],[""L"",73],[""H"",49],[""L"",81],[""H"",51],[""L"",309],[""H"",47],[""L"",82],[""H"",44],[""L"",77],[""H"",44],[""L"",80]]",False,False,False,ZL1_N3_M3_L78_H46,independent_layer_5nm,267,independent_layer_5nm_ZL1_N3_M3_L78_H46_0267,5,"[2,-5,3,3,5,-3,1,4,-2,-1,-2,2]"
455.34000000000344,3.5319089511527864,0.04990471239708346,0.09207013077199769,0.3542042298702862,-15.0,5.048959170673877,0.09678550702724108,False,False,0.0,6.661338147750939e-16,False,False,"[[""H"",44],[""L"",76],[""H"",43],[""L"",77],[""H"",48],[""L"",314],[""H"",50],[""L"",82],[""H"",41],[""L"",81],[""H"",44],[""L"",77]]",False,False,False,ZL1_N3_M3_L78_H46,independent_layer_5nm,268,independent_layer_5nm_ZL1_N3_M3_L78_H46_0268,5,"[-2,-2,-3,-1,2,2,4,4,-5,3,-2,-1]"
451.5000000000026,3.4513619165996943,0.18925716175844737,0.5625613971423654,0.5703962554020734,-8.0,22.533870319350893,0.56913046589889,False,False,0.0,4.440892098500626e-16,False,False,"[[""H"",44],[""L"",73],[""H"",46],[""L"",77],[""H"",45],[""L"",315],[""H"",45],[""L"",81],[""H"",46],[""L"",81],[""H"",49],[""L"",74]]",False,False,False,ZL1_N3_M3_L78_H46,independent_layer_5nm,269,independent_layer_5nm_ZL1_N3_M3_L78_H46_0269,5,"[-2,-5,0,-1,-1,3,-1,3,0,3,3,-4]"
442.4200000000005,3.256486386016377,0.08370090611722608,0.04882110653832873,0.02727694695794257,-60.0,,0.9614944363664873,False,False,0.0,7.771561172376096e-16,False,True,"[[""H"",49],[""L"",79],[""H"",42],[""L"",76],[""H"",42],[""L"",313],[""H"",42],[""L"",75],[""H"",47],[""L"",76],[""H"",41],[""L"",82]]",False,False,False,ZL1_N3_M3_L78_H46,independent_layer_5nm,270,independent_layer_5nm_ZL1_N3_M3_L78_H46_0270,5,"[3,1,-4,-2,-4,1,-4,-3,1,-2,-5,4]"
451.6400000000026,3.5157120288976103,0.17696715233657123,0.5207192504522777,0.6249502719980595,-8.0,23.188152084002688,0.5262165453250869,False,False,0.0,4.440892098500626e-16,False,False,"[[""H"",42],[""L"",74],[""H"",41],[""L"",77],[""H"",47],[""L"",314],[""H"",47],[""L"",82],[""H"",44],[""L"",78],[""H"",43],[""L"",73]]",False,False,False,ZL1_N3_M3_L78_H46,independent_layer_5nm,271,independent_layer_5nm_ZL1_N3_M3_L78_H46_0271,5,"[-4,-4,-5,-1,1,2,1,4,-2,0,-3,-5]"
442.8200000000006,3.4503248759079383,0.1010400699525135,0.05605166859566295,0.02958458514012933,0.0,22.37342574835927,1.0,True,True,0.0,4.440892098500626e-16,False,False,"[[""H"",48],[""L"",82],[""H"",46],[""L"",74],[""H"",43],[""L"",310],[""H"",41],[""L"",82],[""H"",45],[""L"",79],[""H"",51],[""L"",78]]",False,True,False,ZL1_N3_M3_L78_H46,independent_layer_5nm,272,independent_layer_5nm_ZL1_N3_M3_L78_H46_0272,5,"[2,4,0,-4,-3,-2,-5,4,-1,1,5,0]"
452.90000000000293,3.5132367577750756,0.10931357853794213,0.2622011090957901,0.9912059063953362,-11.0,6.926474551937437,0.265995525476934,False,False,0.0,4.440892098500626e-16,False,False,"[[""H"",50],[""L"",76],[""H"",46],[""L"",78],[""H"",47],[""L"",309],[""H"",51],[""L"",82],[""H"",43],[""L"",77],[""H"",44],[""L"",74]]",False,False,False,ZL1_N3_M3_L78_H46,independent_layer_5nm,273,independent_layer_5nm_ZL1_N3_M3_L78_H46_0273,5,"[4,-2,0,0,1,-3,5,4,-3,-1,-2,-4]"
453.100000000003,3.6184698990008997,0.10948980971584293,0.24970370349650722,0.9901245250538113,-11.0,6.727329835004307,0.2515116096777573,False,False,0.0,6.661338147750939e-16,False,False,"[[""H"",41],[""L"",74],[""H"",51],[""L"",82],[""H"",46],[""L"",315],[""H"",43],[""L"",77],[""H"",49],[""L"",83],[""H"",48],[""L"",82]]",False,False,False,ZL1_N3_M3_L78_H46,independent_layer_5nm,274,independent_layer_5nm_ZL1_N3_M3_L78_H46_0274,5,"[-5,-4,5,4,0,3,-3,-1,3,5,2,4]"
444.640000000001,3.397525419582905,0.20395252979683492,0.09295306216348587,0.041798650489232786,0.0,19.654468822071724,1.0,True,True,0.0,4.440892098500626e-16,False,False,"[[""H"",42],[""L"",79],[""H"",49],[""L"",83],[""H"",44],[""L"",307],[""H"",45],[""L"",74],[""H"",44],[""L"",83],[""H"",47],[""L"",80]]",False,True,False,ZL1_N3_M3_L78_H46,independent_layer_5nm,275,independent_layer_5nm_ZL1_N3_M3_L78_H46_0275,5,"[-4,1,3,5,-2,-5,-1,-4,-2,5,1,2]"
452.5600000000029,3.512428483352835,0.12534092008128145,0.3141172137015508,0.9297217501909862,-10.0,7.384445436302568,0.3176166934332519,False,False,0.0,6.661338147750939e-16,False,False,"[[""H"",43],[""L"",80],[""H"",49],[""L"",83],[""H"",47],[""L"",311],[""H"",46],[""L"",82],[""H"",42],[""L"",78],[""H"",49],[""L"",77]]",False,False,False,ZL1_N3_M3_L78_H46,independent_layer_5nm,276,independent_layer_5nm_ZL1_N3_M3_L78_H46_0276,5,"[-3,2,3,5,1,-1,0,4,-4,0,3,-1]"
448.820000000002,3.450177850084856,0.8030098461216889,0.6707182208204532,0.14755403855683347,0.0,13.945937396731185,1.0,True,True,0.0,5.551115123125783e-16,False,False,"[[""H"",48],[""L"",74],[""H"",51],[""L"",77],[""H"",49],[""L"",307],[""H"",45],[""L"",82],[""H"",42],[""L"",80],[""H"",44],[""L"",79]]",True,True,True,ZL1_N3_M3_L78_H46,independent_layer_5nm,277,independent_layer_5nm_ZL1_N3_M3_L78_H46_0277,5,"[2,-4,5,-1,3,-5,-1,4,-4,2,-2,1]"
442.6000000000006,3.4553847826152833,0.09341298157206959,0.05304758666277257,0.028652057650314904,0.0,22.86606069713184,1.0,True,True,0.0,4.440892098500626e-16,False,False,"[[""H"",48],[""L"",81],[""H"",51],[""L"",77],[""H"",41],[""L"",310],[""H"",42],[""L"",77],[""H"",47],[""L"",79],[""H"",42],[""L"",78]]",False,True,False,ZL1_N3_M3_L78_H46,independent_layer_5nm,278,independent_layer_5nm_ZL1_N3_M3_L78_H46_0278,5,"[2,3,5,-1,-5,-2,-4,-1,1,1,-4,0]"
446.3800000000015,3.33352790986487,0.5121561852829846,0.17939358390825746,0.0645657648324771,0.0,16.893274987439355,1.0,True,True,0.0,6.661338147750939e-16,False,False,"[[""H"",44],[""L"",74],[""H"",41],[""L"",82],[""H"",42],[""L"",311],[""H"",47],[""L"",78],[""H"",45],[""L"",81],[""H"",46],[""L"",79]]",False,True,False,ZL1_N3_M3_L78_H46,independent_layer_5nm,279,independent_layer_5nm_ZL1_N3_M3_L78_H46_0279,5,"[-2,-4,-5,4,-4,-1,1,0,-1,3,0,1]"
449.3000000000021,3.4849662415309695,0.6300724788967388,0.8502546194515053,0.18365662125712534,0.0,14.437438779405323,1.0,True,True,0.0,6.661338147750939e-16,False,False,"[[""H"",49],[""L"",80],[""H"",48],[""L"",78],[""H"",49],[""L"",308],[""H"",46],[""L"",76],[""H"",44],[""L"",75],[""H"",49],[""L"",73]]",True,True,True,ZL1_N3_M3_L78_H46,independent_layer_5nm,280,independent_layer_5nm_ZL1_N3_M3_L78_H46_0280,5,"[3,2,2,0,3,-4,0,-2,-2,-3,3,-5]"
449.5800000000022,3.4240230413951167,0.5327532752640446,0.9376749997332828,0.20809268267864617,0.0,14.847177164355005,1.0,True,True,0.0,8.881784197001252e-16,False,False,"[[""H"",48],[""L"",78],[""H"",46],[""L"",77],[""H"",47],[""L"",317],[""H"",41],[""L"",79],[""H"",41],[""L"",73],[""H"",47],[""L"",74]]",True,True,True,ZL1_N3_M3_L78_H46,independent_layer_5nm,281,independent_layer_5nm_ZL1_N3_M3_L78_H46_0281,5,"[2,0,0,-1,1,5,-5,1,-5,-5,1,-4]"
444.400000000001,3.4012041273944646,0.18375770786309475,0.08659930408599237,0.04007977001849787,0.0,20.086987933392056,1.0,True,True,0.0,5.551115123125783e-16,False,False,"[[""H"",45],[""L"",83],[""H"",49],[""L"",81],[""H"",41],[""L"",307],[""H"",48],[""L"",74],[""H"",45],[""L"",82],[""H"",42],[""L"",76]]",False,True,False,ZL1_N3_M3_L78_H46,independent_layer_5nm,282,independent_layer_5nm_ZL1_N3_M3_L78_H46_0282,5,"[-1,5,3,3,-5,-5,2,-4,-1,4,-4,-2]"
452.1600000000028,3.525812499969959,0.14868813685885335,0.39524273147109856,0.8101108239063382,-9.0,8.495933165080064,0.39839352740484885,False,False,0.0,5.551115123125783e-16,False,False,"[[""H"",50],[""L"",76],[""H"",44],[""L"",76],[""H"",42],[""L"",314],[""H"",51],[""L"",76],[""H"",47],[""L"",83],[""H"",47],[""L"",80]]",False,False,False,ZL1_N3_M3_L78_H46,independent_layer_5nm,283,independent_layer_5nm_ZL1_N3_M3_L78_H46_0283,5,"[4,-2,-2,-2,-4,2,5,-2,1,5,1,2]"
457.64000000000397,3.533378963116604,0.030505261552937146,0.04789447540081834,0.12123442619709948,-17.0,4.250295805342338,0.050331711319046776,False,False,0.0,9.992007221626409e-16,False,False,"[[""H"",46],[""L"",77],[""H"",47],[""L"",76],[""H"",50],[""L"",314],[""H"",49],[""L"",81],[""H"",44],[""L"",78],[""H"",47],[""L"",78]]",False,False,False,ZL1_N3_M3_L78_H46,independent_layer_5nm,284,independent_layer_5nm_ZL1_N3_M3_L78_H46_0284,5,"[0,-1,1,-2,4,2,3,3,-2,0,1,0]"
457.52000000000396,3.577297062465334,0.03289645626440231,0.05166741476253657,0.13167918759553232,-17.0,4.16764789484761,0.05268185130388824,False,False,0.0,4.440892098500626e-16,False,False,"[[""H"",49],[""L"",74],[""H"",45],[""L"",76],[""H"",49],[""L"",315],[""H"",48],[""L"",83],[""H"",45],[""L"",82],[""H"",49],[""L"",77]]",False,False,False,ZL1_N3_M3_L78_H46,independent_layer_5nm,285,independent_layer_5nm_ZL1_N3_M3_L78_H46_0285,5,"[3,-4,-1,-2,3,3,2,5,-1,4,3,-1]"
451.9000000000027,3.5451352894268098,0.16671125813452858,0.458512243672755,0.7227484826019097,-9.0,9.799336412975757,0.4641716257798033,False,False,0.0,6.661338147750939e-16,False,False,"[[""H"",48],[""L"",75],[""H"",42],[""L"",76],[""H"",49],[""L"",314],[""H"",42],[""L"",81],[""H"",51],[""L"",83],[""H"",44],[""L"",82]]",False,False,False,ZL1_N3_M3_L78_H46,independent_layer_5nm,286,independent_layer_5nm_ZL1_N3_M3_L78_H46_0286,5,"[2,-3,-4,-2,3,2,-4,3,5,5,-2,4]"
452.6600000000029,3.4844176214515983,0.1161511786532039,0.28991327364655883,0.9578107706034367,-10.0,7.2072668210461694,0.29477447286997366,False,False,0.0,6.661338147750939e-16,False,False,"[[""H"",49],[""L"",80],[""H"",43],[""L"",75],[""H"",50],[""L"",310],[""H"",50],[""L"",76],[""H"",44],[""L"",74],[""H"",45],[""L"",81]]",False,False,False,ZL1_N3_M3_L78_H46,independent_layer_5nm,287,independent_layer_5nm_ZL1_N3_M3_L78_H46_0287,5,"[3,2,-3,-3,4,-2,4,-2,-2,-4,-1,3]"
450.68000000000245,3.5864807667807668,0.30216821503731306,0.8659882898443607,0.37455530032937107,-5.0,19.752684423923853,0.8754325059145062,False,True,0.0,6.661338147750939e-16,False,False,"[[""H"",41],[""L"",82],[""H"",49],[""L"",82],[""H"",50],[""L"",310],[""H"",41],[""L"",79],[""H"",51],[""L"",76],[""H"",41],[""L"",73]]",True,True,True,ZL1_N3_M3_L78_H46,independent_layer_5nm,288,independent_layer_5nm_ZL1_N3_M3_L78_H46_0288,5,"[-5,4,3,4,4,-2,-5,1,5,-2,-5,-5]"
448.580000000002,3.391440044168178,0.890206200027227,0.5843826307596538,0.13181587031690428,0.0,13.816927482523056,1.0,True,True,0.0,6.661338147750939e-16,False,False,"[[""H"",44],[""L"",76],[""H"",49],[""L"",79],[""H"",45],[""L"",313],[""H"",43],[""L"",75],[""H"",48],[""L"",81],[""H"",45],[""L"",82]]",False,True,False,ZL1_N3_M3_L78_H46,independent_layer_5nm,289,independent_layer_5nm_ZL1_N3_M3_L78_H46_0289,5,"[-2,-2,3,1,-1,1,-3,-3,2,3,-1,4]"
453.0400000000029,3.594973607019881,0.1124737663826674,0.2576410081643434,0.9935264123312246,-11.0,6.838073420293943,0.25979550796052064,False,False,0.0,6.661338147750939e-16,False,False,"[[""H"",50],[""L"",73],[""H"",48],[""L"",78],[""H"",50],[""L"",309],[""H"",45],[""L"",82],[""H"",50],[""L"",78],[""H"",49],[""L"",77]]",False,False,False,ZL1_N3_M3_L78_H46,independent_layer_5nm,290,independent_layer_5nm_ZL1_N3_M3_L78_H46_0290,5,"[4,-5,2,0,4,-3,-1,4,4,0,3,-1]"
456.7200000000038,3.7123173623003822,0.04246080199317105,0.06924527205753518,0.1952935947367156,-16.0,4.70093830437016,0.07125070112539433,False,False,0.0,5.551115123125783e-16,False,False,"[[""H"",49],[""L"",74],[""H"",42],[""L"",74],[""H"",47],[""L"",315],[""H"",51],[""L"",76],[""H"",50],[""L"",82],[""H"",50],[""L"",82]]",False,False,False,ZL1_N3_M3_L78_H46,independent_layer_5nm,291,independent_layer_5nm_ZL1_N3_M3_L78_H46_0291,5,"[3,-4,-4,-4,1,3,5,-2,4,4,4,4]"
454.46000000000333,3.596019661603009,0.07101544714283126,0.138085323174792,0.5998035062274232,-13.0,5.5570291630440725,0.14025691614361147,False,False,0.0,6.661338147750939e-16,False,False,"[[""H"",42],[""L"",76],[""H"",50],[""L"",78],[""H"",48],[""L"",312],[""H"",47],[""L"",77],[""H"",49],[""L"",82],[""H"",50],[""L"",76]]",False,False,False,ZL1_N3_M3_L78_H46,independent_layer_5nm,292,independent_layer_5nm_ZL1_N3_M3_L78_H46_0292,5,"[-4,-2,4,0,2,0,1,-1,3,4,4,-2]"
455.2600000000035,3.5869265644522557,0.05326037967065554,0.09821723399195459,0.37760729913937363,-14.0,5.077050773500025,0.10101092558091543,False,False,0.0,6.661338147750939e-16,False,False,"[[""H"",41],[""L"",78],[""H"",42],[""L"",81],[""H"",49],[""L"",317],[""H"",43],[""L"",80],[""H"",51],[""L"",74],[""H"",47],[""L"",73]]",False,False,False,ZL1_N3_M3_L78_H46,independent_layer_5nm,293,independent_layer_5nm_ZL1_N3_M3_L78_H46_0293,5,"[-5,0,-4,3,3,5,-3,2,5,-4,1,-5]"
447.6000000000017,3.5144080692432453,0.9422678110596632,0.34671284829323645,0.0974665658090251,0.0,15.007766318774655,1.0,True,True,0.0,5.551115123125783e-16,False,False,"[[""H"",49],[""L"",80],[""H"",49],[""L"",75],[""H"",42],[""L"",314],[""H"",44],[""L"",73],[""H"",51],[""L"",79],[""H"",48],[""L"",73]]",False,True,False,ZL1_N3_M3_L78_H46,independent_layer_5nm,294,independent_layer_5nm_ZL1_N3_M3_L78_H46_0294,5,"[3,2,3,-3,-4,2,-2,-5,5,1,2,-5]"
450.2600000000024,3.472573958990438,0.3653542955603698,0.9728055082174052,0.2896227083068138,-3.0,17.758565377222403,0.9792208829419439,False,True,0.0,8.881784197001252e-16,False,False,"[[""H"",49],[""L"",81],[""H"",44],[""L"",83],[""H"",45],[""L"",307],[""H"",51],[""L"",80],[""H"",43],[""L"",79],[""H"",42],[""L"",75]]",True,True,True,ZL1_N3_M3_L78_H46,independent_layer_5nm,295,independent_layer_5nm_ZL1_N3_M3_L78_H46_0295,5,"[3,3,-2,5,-1,-5,5,2,-3,1,-4,-3]"
456.50000000000375,3.632934945424779,0.04337535281342257,0.0714953250190827,0.20891222109681107,-16.0,4.59966903877185,0.07206871243200064,False,False,0.0,8.881784197001252e-16,False,False,"[[""H"",49],[""L"",79],[""H"",41],[""L"",80],[""H"",48],[""L"",312],[""H"",50],[""L"",78],[""H"",51],[""L"",82],[""H"",47],[""L"",80]]",False,False,False,ZL1_N3_M3_L78_H46,independent_layer_5nm,296,independent_layer_5nm_ZL1_N3_M3_L78_H46_0296,5,"[3,1,-5,2,2,0,4,0,5,4,1,2]"
448.4400000000019,3.42061562577436,0.933961633313112,0.5479804755788134,0.12893457704286265,0.0,13.925458714024623,1.0,True,True,0.0,7.771561172376096e-16,False,False,"[[""H"",42],[""L"",83],[""H"",46],[""L"",74],[""H"",45],[""L"",317],[""H"",41],[""L"",80],[""H"",41],[""L"",81],[""H"",51],[""L"",79]]",False,True,False,ZL1_N3_M3_L78_H46,independent_layer_5nm,297,independent_layer_5nm_ZL1_N3_M3_L78_H46_0297,5,"[-4,5,0,-4,-1,5,-5,2,-5,3,5,1]"
444.88000000000113,3.492376702756985,0.23804790653788882,0.10514731166688829,0.04582378166707934,0.0,19.319477847522325,1.0,True,True,0.0,4.440892098500626e-16,False,False,"[[""H"",49],[""L"",76],[""H"",42],[""L"",82],[""H"",47],[""L"",307],[""H"",42],[""L"",76],[""H"",51],[""L"",76],[""H"",51],[""L"",77]]",False,True,False,ZL1_N3_M3_L78_H46,independent_layer_5nm,298,independent_layer_5nm_ZL1_N3_M3_L78_H46_0298,5,"[3,-2,-4,4,1,-5,-4,-2,5,-2,5,-1]"
448.6400000000019,3.410824457231854,0.8705493933710298,0.6082428129953352,0.13932552654472938,0.0,13.964779101058566,1.0,True,True,0.0,8.881784197001252e-16,False,False,"[[""H"",51],[""L"",73],[""H"",46],[""L"",76],[""H"",42],[""L"",313],[""H"",50],[""L"",75],[""H"",43],[""L"",75],[""H"",44],[""L"",76]]",True,True,True,ZL1_N3_M3_L78_H46,independent_layer_5nm,299,independent_layer_5nm_ZL1_N3_M3_L78_H46_0299,5,"[5,-5,0,-2,-4,1,4,-3,-3,-3,-2,-2]"
448.0600000000019,3.3071224747125143,0.9913838290678678,0.4236624615484793,0.10719141946761573,0.0,14.178157070032798,1.0,True,True,0.0,6.661338147750939e-16,False,False,"[[""H"",43],[""L"",78],[""H"",43],[""L"",79],[""H"",43],[""L"",315],[""H"",44],[""L"",80],[""H"",44],[""L"",80],[""H"",45],[""L"",78]]",False,True,False,ZL1_N3_M3_L79_H44_C316,independent_layer_1nm,0,independent_layer_1nm_ZL1_N3_M3_L79_H44_C316_0000,1,"[-1,-1,-1,0,-1,-1,0,1,0,1,1,-1]"
448.72000000000196,3.3103018279576872,0.8340997301250865,0.6242895470217007,0.13649726232626563,0.0,13.633424589516297,1.0,True,True,0.0,4.440892098500626e-16,False,False,"[[""H"",44],[""L"",79],[""H"",45],[""L"",78],[""H"",44],[""L"",316],[""H"",43],[""L"",78],[""H"",44],[""L"",80],[""H"",44],[""L"",80]]",True,True,True,ZL1_N3_M3_L79_H44_C316,independent_layer_1nm,1,independent_layer_1nm_ZL1_N3_M3_L79_H44_C316_0001,1,"[0,0,1,-1,0,0,-1,-1,0,1,0,1]"
452.4200000000028,3.4045869246853044,0.1226123159654359,0.3229762628629608,0.886903139238942,-10.0,7.436734416164191,0.32808983418731025,False,False,0.0,6.661338147750939e-16,False,False,"[[""H"",43],[""L"",80],[""H"",44],[""L"",78],[""H"",45],[""L"",317],[""H"",45],[""L"",80],[""H"",45],[""L"",78],[""H"",45],[""L"",80]]",False,False,False,ZL1_N3_M3_L79_H44_C316,independent_layer_1nm,2,independent_layer_1nm_ZL1_N3_M3_L79_H44_C316_0002,1,"[-1,1,0,-1,1,1,1,1,1,-1,1,1]"
447.96000000000186,3.304026673253304,0.9923205595270232,0.39934229387904857,0.10289125605550277,0.0,14.271140328972086,1.0,True,True,0.0,6.661338147750939e-16,False,False,"[[""H"",43],[""L"",79],[""H"",45],[""L"",80],[""H"",43],[""L"",315],[""H"",43],[""L"",80],[""H"",44],[""L"",78],[""H"",45],[""L"",80]]",False,True,False,ZL1_N3_M3_L79_H44_C316,independent_layer_1nm,3,independent_layer_1nm_ZL1_N3_M3_L79_H44_C316_0003,1,"[-1,0,1,1,-1,-1,-1,1,0,-1,1,1]"
450.7400000000024,3.361773435094449,0.26336974802464996,0.8304402517473016,0.3618540037585238,-5.0,19.493330038372957,0.8392927286838231,False,True,0.0,7.771561172376096e-16,False,False,"[[""H"",44],[""L"",79],[""H"",43],[""L"",78],[""H"",45],[""L"",317],[""H"",44],[""L"",79],[""H"",44],[""L"",79],[""H"",43],[""L"",79]]",True,True,True,ZL1_N3_M3_L79_H44_C316,independent_layer_1nm,4,independent_layer_1nm_ZL1_N3_M3_L79_H44_C316_0004,1,"[0,0,-1,-1,1,1,0,0,0,0,-1,0]"
452.48000000000286,3.4077772716926233,0.11915238989823382,0.3109565927572069,0.9084038286740983,-10.0,7.253080445307822,0.31392800778894525,False,False,0.0,8.881784197001252e-16,False,False,"[[""H"",44],[""L"",78],[""H"",45],[""L"",78],[""H"",45],[""L"",317],[""H"",45],[""L"",80],[""H"",45],[""L"",79],[""H"",43],[""L"",78]]",False,False,False,ZL1_N3_M3_L79_H44_C316,independent_layer_1nm,5,independent_layer_1nm_ZL1_N3_M3_L79_H44_C316_0005,1,"[0,-1,1,-1,1,1,1,1,1,0,-1,-1]"
453.12000000000296,3.4150918145233504,0.09472473450239213,0.2222873380052387,0.9874817823718203,-11.0,6.279932726098179,0.2239284235254025,False,False,0.0,1.4432899320127035e-15,False,False,"[[""H"",45],[""L"",79],[""H"",45],[""L"",80],[""H"",45],[""L"",317],[""H"",45],[""L"",79],[""H"",45],[""L"",80],[""H"",45],[""L"",79]]",False,False,False,ZL1_N3_M3_L79_H44_C316,independent_layer_1nm,6,independent_layer_1nm_ZL1_N3_M3_L79_H44_C316_0006,1,"[1,0,1,1,1,1,1,0,1,1,1,0]"
450.7400000000024,3.3653022156775023,0.2642536901248106,0.829865929643303,0.3623927645846687,-5.0,19.498443462416805,0.8385742355386522,False,True,0.0,8.881784197001252e-16,False,False,"[[""H"",44],[""L"",80],[""H"",45],[""L"",80],[""H"",45],[""L"",317],[""H"",43],[""L"",78],[""H"",44],[""L"",78],[""H"",44],[""L"",78]]",True,True,True,ZL1_N3_M3_L79_H44_C316,independent_layer_1nm,7,independent_layer_1nm_ZL1_N3_M3_L79_H44_C316_0007,1,"[0,1,1,1,1,1,-1,-1,0,-1,0,-1]"
450.6400000000024,3.3620805375709892,0.2796502549806674,0.8677846136602909,0.34101704924140763,-5.0,19.054120404072677,0.8743748934007658,False,True,0.0,6.661338147750939e-16,False,False,"[[""H"",43],[""L"",79],[""H"",43],[""L"",79],[""H"",45],[""L"",316],[""H"",44],[""L"",80],[""H"",45],[""L"",78],[""H"",44],[""L"",80]]",True,True,True,ZL1_N3_M3_L79_H44_C316,independent_layer_1nm,8,independent_layer_1nm_ZL1_N3_M3_L79_H44_C316_0008,1,"[-1,0,-1,0,1,0,0,1,1,-1,0,1]"
450.4600000000024,3.354675810321453,0.30813565358333883,0.9237233040194017,0.3093491143015209,-4.0,18.294889109569255,0.9310465184266167,False,True,0.0,5.551115123125783e-16,False,False,"[[""H"",43],[""L"",80],[""H"",45],[""L"",79],[""H"",45],[""L"",316],[""H"",44],[""L"",78],[""H"",44],[""L"",79],[""H"",43],[""L"",80]]",True,True,True,ZL1_N3_M3_L79_H44_C316,independent_layer_1nm,9,independent_layer_1nm_ZL1_N3_M3_L79_H44_C316_0009,1,"[-1,1,1,0,1,0,0,-1,0,0,-1,1]"
450.6000000000024,3.3575157338340205,0.28380605424827116,0.8771893191087887,0.33537206783979734,-5.0,18.93432563011948,0.8837359425467187,False,True,0.0,6.661338147750939e-16,False,False,"[[""H"",44],[""L"",80],[""H"",45],[""L"",78],[""H"",44],[""L"",316],[""H"",45],[""L"",80],[""H"",43],[""L"",80],[""H"",43],[""L"",80]]",True,True,True,ZL1_N3_M3_L79_H44_C316,independent_layer_1nm,10,independent_layer_1nm_ZL1_N3_M3_L79_H44_C316_0010,1,"[0,1,1,-1,0,0,1,1,-1,1,-1,1]"
450.06000000000233,3.3461116279947873,0.3854958189018712,0.9914936896742168,0.2526676357643549,-2.0,16.566278676215713,0.9986731272270578,False,True,0.0,8.881784197001252e-16,False,False,"[[""H"",45],[""L"",80],[""H"",44],[""L"",79],[""H"",45],[""L"",315],[""H"",45],[""L"",78],[""H"",43],[""L"",79],[""H"",43],[""L"",79]]",True,True,True,ZL1_N3_M3_L79_H44_C316,independent_layer_1nm,11,independent_layer_1nm_ZL1_N3_M3_L79_H44_C316_0011,1,"[1,1,0,0,1,-1,1,-1,-1,0,-1,0]"
448.3000000000019,3.307128704129468,0.9592805845185381,0.4903622492026486,0.1176946080132871,0.0,13.909536797938614,1.0,True,True,0.0,4.440892098500626e-16,False,False,"[[""H"",43],[""L"",78],[""H"",43],[""L"",79],[""H"",43],[""L"",317],[""H"",43],[""L"",78],[""H"",44],[""L"",80],[""H"",44],[""L"",79]]",False,True,False,ZL1_N3_M3_L79_H44_C316,independent_layer_1nm,12,independent_layer_1nm_ZL1_N3_M3_L79_H44_C316_0012,1,"[-1,-1,-1,0,-1,1,-1,-1,0,1,0,0]"
448.74000000000194,3.3157287787234395,0.8257862004820196,0.6340255465947888,0.1390663567112519,0.0,13.659363727650565,1.0,True,True,0.0,4.440892098500626e-16,False,False,"[[""H"",43],[""L"",80],[""H"",44],[""L"",79],[""H"",45],[""L"",315],[""H"",43],[""L"",80],[""H"",43],[""L"",78],[""H"",43],[""L"",79]]",True,True,True,ZL1_N3_M3_L79_H44_C316,independent_layer_1nm,13,independent_layer_1nm_ZL1_N3_M3_L79_H44_C316_0013,1,"[-1,1,0,0,1,-1,-1,1,-1,-1,-1,0]"
450.52000000000237,3.3552264617158585,0.296626359803947,0.9041537928481929,0.32084878632696745,-4.0,18.595401857978516,0.9145445781055673,False,True,0.0,6.661338147750939e-16,False,False,"[[""H"",45],[""L"",78],[""H"",44],[""L"",80],[""H"",44],[""L"",317],[""H"",44],[""L"",79],[""H"",43],[""L"",80],[""H"",43],[""L"",80]]",True,True,True,ZL1_N3_M3_L79_H44_C316,independent_layer_1nm,14,independent_layer_1nm_ZL1_N3_M3_L79_H44_C316_0014,1,"[1,-1,0,1,0,1,0,0,-1,1,-1,1]"
449.8600000000023,3.340522566627101,0.43416135401353373,0.9866144191935691,0.22910040872952003,0.0,15.602589327103107,1.0,True,True,0.0,7.771561172376096e-16,False,False,"[[""H"",44],[""L"",78],[""H"",43],[""L"",79],[""H"",45],[""L"",316],[""H"",44],[""L"",79],[""H"",43],[""L"",79],[""H"",43],[""L"",80]]",True,True,True,ZL1_N3_M3_L79_H44_C316,independent_layer_1nm,15,independent_layer_1nm_ZL1_N3_M3_L79_H44_C316_0015,1,"[0,-1,-1,0,1,0,0,0,-1,0,-1,1]"
450.4400000000023,3.36022458509251,0.311718679278797,0.9298914308919337,0.3077661779254166,-4.0,18.191837767592084,0.9362526378967131,False,True,0.0,5.551115123125783e-16,False,False,"[[""H"",44],[""L"",80],[""H"",43],[""L"",80],[""H"",45],[""L"",317],[""H"",43],[""L"",80],[""H"",43],[""L"",78],[""H"",43],[""L"",79]]",True,True,True,ZL1_N3_M3_L79_H44_C316,independent_layer_1nm,16,independent_layer_1nm_ZL1_N3_M3_L79_H44_C316_0016,1,"[0,1,-1,1,1,1,-1,1,-1,-1,-1,0]"
448.1800000000019,3.3142992345656808,0.9817736102581894,0.4526489574805813,0.11100367669169356,0.0,14.0080155325943,1.0,True,True,0.0,1.1102230246251565e-15,False,False,"[[""H"",45],[""L"",80],[""H"",45],[""L"",80],[""H"",43],[""L"",315],[""H"",43],[""L"",80],[""H"",44],[""L"",80],[""H"",43],[""L"",79]]",False,True,False,ZL1_N3_M3_L79_H44_C316,independent_layer_1nm,17,independent_layer_1nm_ZL1_N3_M3_L79_H44_C316_0017,1,"[1,1,1,1,-1,-1,-1,1,0,1,-1,0]"
447.68000000000177,3.296644195547856,0.9576039629501525,0.3411169886119618,0.0944750310860773,0.0,14.697217996841355,1.0,True,True,0.0,8.881784197001252e-16,False,False,"[[""H"",43],[""L"",78],[""H"",43],[""L"",79],[""H"",43],[""L"",316],[""H"",43],[""L"",80],[""H"",43],[""L"",78],[""H"",45],[""L"",80]]",False,True,False,ZL1_N3_M3_L79_H44_C316,independent_layer_1nm,18,independent_layer_1nm_ZL1_N3_M3_L79_H44_C316_0018,1,"[-1,-1,-1,0,-1,0,-1,1,-1,-1,1,1]"
448.88000000000204,3.3184730335498216,0.7731578800882846,0.6844876736104625,0.14661430077814636,0.0,13.627171054856012,1.0,True,True,0.0,1.1102230246251565e-15,False,False,"[[""H"",45],[""L"",80],[""H"",44],[""L"",78],[""H"",43],[""L"",317],[""H"",43],[""L"",80],[""H"",44],[""L"",78],[""H"",43],[""L"",79]]",True,True,True,ZL1_N3_M3_L79_H44_C316,independent_layer_1nm,19,independent_layer_1nm_ZL1_N3_M3_L79_H44_C316_0019,1,"[1,1,0,-1,-1,1,-1,1,0,-1,-1,0]"
450.0800000000023,3.347887500879267,0.3835607019200983,0.990685363092143,0.2538949102577027,-2.0,16.583285992264205,0.9980041783692468,False,True,0.0,9.992007221626409e-16,False,False,"[[""H"",43],[""L"",80],[""H"",45],[""L"",79],[""H"",43],[""L"",316],[""H"",45],[""L"",80],[""H"",44],[""L"",78],[""H"",43],[""L"",80]]",True,True,True,ZL1_N3_M3_L79_H44_C316,independent_layer_1nm,20,independent_layer_1nm_ZL1_N3_M3_L79_H44_C316_0020,1,"[-1,1,1,0,-1,0,1,1,0,-1,-1,1]"
449.52000000000214,3.334349256017049,0.53319543414977,0.919737865366766,0.19504007612895774,0.0,14.458344606416745,1.0,True,True,0.0,7.771561172376096e-16,False,False,"[[""H"",44],[""L"",78],[""H"",43],[""L"",78],[""H"",44],[""L"",316],[""H"",44],[""L"",80],[""H"",45],[""L"",79],[""H"",43],[""L"",78]]",True,True,True,ZL1_N3_M3_L79_H44_C316,independent_layer_1nm,21,independent_layer_1nm_ZL1_N3_M3_L79_H44_C316_0021,1,"[0,-1,-1,-1,0,0,0,1,1,0,-1,-1]"
450.28000000000236,3.352867486750597,0.3423046226982074,0.9661737306275309,0.28066025186967203,-3.0,17.495272046436504,0.9738114294453981,False,True,0.0,6.661338147750939e-16,False,False,"[[""H"",44],[""L"",78],[""H"",44],[""L"",80],[""H"",43],[""L"",316],[""H"",45],[""L"",79],[""H"",45],[""L"",80],[""H"",45],[""L"",79]]",True,True,True,ZL1_N3_M3_L79_H44_C316,independent_layer_1nm,22,independent_layer_1nm_ZL1_N3_M3_L79_H44_C316_0022,1,"[0,-1,0,1,-1,0,1,0,1,1,1,0]"
447.7400000000017,3.295242907072179,0.9669529990980321,0.34940918904204243,0.09542168928480486,0.0,14.626384510932136,1.0,True,True,0.0,4.440892098500626e-16,False,False,"[[""H"",45],[""L"",79],[""H"",45],[""L"",78],[""H"",43],[""L"",316],[""H"",43],[""L"",78],[""H"",44],[""L"",78],[""H"",43],[""L"",79]]",False,True,False,ZL1_N3_M3_L79_H44_C316,independent_layer_1nm,23,independent_layer_1nm_ZL1_N3_M3_L79_H44_C316_0023,1,"[1,0,1,-1,-1,0,-1,-1,0,-1,-1,0]"
449.88000000000227,3.3411216677478706,0.43011799904354586,0.9883489854303985,0.23015927075327716,0.0,15.673225922435154,1.0,True,True,0.0,6.661338147750939e-16,False,False,"[[""H"",45],[""L"",79],[""H"",43],[""L"",79],[""H"",44],[""L"",315],[""H"",45],[""L"",80],[""H"",45],[""L"",78],[""H"",43],[""L"",80]]",True,True,True,ZL1_N3_M3_L79_H44_C316,independent_layer_1nm,24,independent_layer_1nm_ZL1_N3_M3_L79_H44_C316_0024,1,"[1,0,-1,0,0,-1,1,1,1,-1,-1,1]"
448.800000000002,3.3149138398049445,0.8001815280826505,0.6577636265439593,0.14217524517896013,0.0,13.630053346323642,1.0,True,True,0.0,4.440892098500626e-16,False,False,"[[""H"",43],[""L"",78],[""H"",44],[""L"",80],[""H"",44],[""L"",316],[""H"",43],[""L"",78],[""H"",44],[""L"",79],[""H"",45],[""L"",79]]",True,True,True,ZL1_N3_M3_L79_H44_C316,independent_layer_1nm,25,independent_layer_1nm_ZL1_N3_M3_L79_H44_C316_0025,1,"[-1,-1,0,1,0,0,-1,-1,0,0,1,0]"
450.2000000000023,3.348816600083353,0.3583234204173235,0.9801200022572428,0.26932114439038657,-3.0,17.125068036905574,0.9876375720008982,False,True,0.0,6.661338147750939e-16,False,False,"[[""H"",45],[""L"",78],[""H"",43],[""L"",79],[""H"",45],[""L"",316],[""H"",44],[""L"",80],[""H"",43],[""L"",79],[""H"",43],[""L"",80]]",True,True,True,ZL1_N3_M3_L79_H44_C316,independent_layer_1nm,26,independent_layer_1nm_ZL1_N3_M3_L79_H44_C316_0026,1,"[1,-1,-1,0,1,0,0,1,-1,0,-1,1]"
450.28000000000236,3.353282917257161,0.34030064689157313,0.9661577967452037,0.28287275281874424,-3.0,17.53577373269393,0.9736440792373585,False,True,0.0,5.551115123125783e-16,False,False,"[[""H"",45],[""L"",79],[""H"",43],[""L"",78],[""H"",44],[""L"",317],[""H"",45],[""L"",78],[""H"",43],[""L"",79],[""H"",43],[""L"",78]]",True,True,True,ZL1_N3_M3_L79_H44_C316,independent_layer_1nm,27,independent_layer_1nm_ZL1_N3_M3_L79_H44_C316_0027,1,"[1,0,-1,-1,0,1,1,-1,-1,0,-1,-1]"
448.86000000000206,3.3178291629213845,0.7811016993702717,0.6767940502279561,0.14498576611889394,0.0,13.64178141519509,1.0,True,True,0.0,6.661338147750939e-16,False,False,"[[""H"",44],[""L"",78],[""H"",45],[""L"",80],[""H"",45],[""L"",315],[""H"",43],[""L"",78],[""H"",43],[""L"",79],[""H"",45],[""L"",78]]",True,True,True,ZL1_N3_M3_L79_H44_C316,independent_layer_1nm,28,independent_layer_1nm_ZL1_N3_M3_L79_H44_C316_0028,1,"[0,-1,1,1,1,-1,-1,-1,-1,0,1,-1]"
447.58000000000175,3.2894785633453125,0.9328491595747033,0.3218004385200155,0.09134340642502362,0.0,14.870267376597429,1.0,True,True,0.0,6.661338147750939e-16,False,False,"[[""H"",43],[""L"",79],[""H"",44],[""L"",79],[""H"",43],[""L"",315],[""H"",44],[""L"",79],[""H"",43],[""L"",78],[""H"",43],[""L"",78]]",False,True,False,ZL1_N3_M3_L79_H44_C316,independent_layer_1nm,29,independent_layer_1nm_ZL1_N3_M3_L79_H44_C316_0029,1,"[-1,0,0,0,-1,-1,0,0,-1,-1,-1,-1]"
449.020000000002,3.3214816910401623,0.7154729073787283,0.7407892551335615,0.15665913907379722,0.0,13.708100331094927,1.0,True,True,0.0,6.661338147750939e-16,False,False,"[[""H"",43],[""L"",78],[""H"",43],[""L"",79],[""H"",45],[""L"",316],[""H"",43],[""L"",79],[""H"",43],[""L"",79],[""H"",44],[""L"",78]]",True,True,True,ZL1_N3_M3_L79_H44_C316,independent_layer_1nm,30,independent_layer_1nm_ZL1_N3_M3_L79_H44_C316_0030,1,"[-1,-1,-1,0,1,0,-1,0,-1,0,0,-1]"
447.72000000000173,3.294220424352716,0.9652905799351034,0.3472206810495878,0.09470846009836531,0.0,14.624362331849522,1.0,True,True,0.0,5.551115123125783e-16,False,False,"[[""H"",45],[""L"",80],[""H"",44],[""L"",78],[""H"",43],[""L"",315],[""H"",44],[""L"",79],[""H"",43],[""L"",79],[""H"",44],[""L"",80]]",False,True,False,ZL1_N3_M3_L79_H44_C316,independent_layer_1nm,31,independent_layer_1nm_ZL1_N3_M3_L79_H44_C316_0031,1,"[1,1,0,-1,-1,-1,0,0,-1,0,0,1]"
450.28000000000236,3.3516928325383333,0.3410846485119258,0.9651877918179217,0.2813045273856406,-3.0,17.502768064024696,0.9730102189791553,False,True,0.0,8.881784197001252e-16,False,False,"[[""H"",45],[""L"",79],[""H"",45],[""L"",80],[""H"",44],[""L"",317],[""H"",43],[""L"",79],[""H"",44],[""L"",78],[""H"",45],[""L"",80]]",True,True,True,ZL1_N3_M3_L79_H44_C316,independent_layer_1nm,32,independent_layer_1nm_ZL1_N3_M3_L79_H44_C316_0032,1,"[1,0,1,1,0,1,-1,0,0,-1,1,1]"
449.3000000000021,3.324458595784904,0.6124028578403431,0.8429547174985402,0.17533159766666734,0.0,13.9525379067723,1.0,True,True,0.0,6.661338147750939e-16,False,False,"[[""H"",43],[""L"",79],[""H"",44],[""L"",78],[""H"",43],[""L"",317],[""H"",44],[""L"",78],[""H"",45],[""L"",79],[""H"",43],[""L"",79]]",True,True,True,ZL1_N3_M3_L79_H44_C316,independent_layer_1nm,33,independent_layer_1nm_ZL1_N3_M3_L79_H44_C316_0033,1,"[-1,0,0,-1,-1,1,0,-1,1,0,-1,0]"
448.22000000000185,3.3045529067721873,0.9744018060650512,0.46703709675793725,0.11359471992487227,0.0,13.977073019373169,1.0,True,True,0.0,4.440892098500626e-16,False,False,"[[""H"",45],[""L"",79],[""H"",44],[""L"",80],[""H"",43],[""L"",315],[""H"",44],[""L"",79],[""H"",44],[""L"",78],[""H"",43],[""L"",78]]",False,True,False,ZL1_N3_M3_L79_H44_C316,independent_layer_1nm,34,independent_layer_1nm_ZL1_N3_M3_L79_H44_C316_0034,1,"[1,0,0,1,-1,-1,0,0,0,-1,-1,-1]"
450.3600000000024,3.3535904934953464,0.32636390205449406,0.9492582961418541,0.2929982780521555,-4.0,17.854040708925226,0.9573147146225364,False,True,0.0,4.440892098500626e-16,False,False,"[[""H"",43],[""L"",80],[""H"",43],[""L"",78],[""H"",45],[""L"",315],[""H"",45],[""L"",80],[""H"",44],[""L"",80],[""H"",44],[""L"",80]]",True,True,True,ZL1_N3_M3_L79_H44_C316,independent_layer_1nm,35,independent_layer_1nm_ZL1_N3_M3_L79_H44_C316_0035,1,"[-1,1,-1,-1,1,-1,1,1,0,1,0,1]"
447.30000000000166,3.2859012593111743,0.8421340936019737,0.27525545934297313,0.08239002710613264,0.0,15.250011562436661,1.0,True,True,0.0,6.661338147750939e-16,False,False,"[[""H"",45],[""L"",78],[""H"",44],[""L"",80],[""H"",43],[""L"",315],[""H"",43],[""L"",78],[""H"",44],[""L"",79],[""H"",45],[""L"",78]]",False,True,False,ZL1_N3_M3_L79_H44_C316,independent_layer_1nm,36,independent_layer_1nm_ZL1_N3_M3_L79_H44_C316_0036,1,"[1,-1,0,1,-1,-1,-1,-1,0,0,1,-1]"
449.74000000000217,3.340483983614263,0.4684564871257971,0.9705934694259089,0.21488935948827875,0.0,15.102439364983223,1.0,True,True,0.0,6.661338147750939e-16,False,False,"[[""H"",44],[""L"",80],[""H"",45],[""L"",80],[""H"",44],[""L"",316],[""H"",43],[""L"",80],[""H"",44],[""L"",80],[""H"",43],[""L"",80]]",True,True,True,ZL1_N3_M3_L79_H44_C316,independent_layer_1nm,37,independent_layer_1nm_ZL1_N3_M3_L79_H44_C316_0037,1,"[0,1,1,1,0,0,-1,1,0,1,-1,1]"
449.64000000000215,3.3327591931167717,0.5011057148014701,0.9469127532919761,0.20347626014384912,0.0,14.727600758751736,1.0,True,True,0.0,1.3322676295501878e-15,False,False,"[[""H"",43],[""L"",79],[""H"",45],[""L"",78],[""H"",44],[""L"",317],[""H"",43],[""L"",78],[""H"",45],[""L"",78],[""H"",45],[""L"",80]]",True,True,True,ZL1_N3_M3_L79_H44_C316,independent_layer_1nm,38,independent_layer_1nm_ZL1_N3_M3_L79_H44_C316_0038,1,"[-1,0,1,-1,0,1,-1,-1,1,-1,1,1]"
449.040000000002,3.3187230035485413,0.7124884238704005,0.743444601236905,0.15547047482707566,0.0,13.673851350662492,1.0,True,True,0.0,4.440892098500626e-16,False,False,"[[""H"",44],[""L"",80],[""H"",43],[""L"",79],[""H"",45],[""L"",315],[""H"",43],[""L"",80],[""H"",44],[""L"",79],[""H"",45],[""L"",79]]",True,True,True,ZL1_N3_M3_L79_H44_C316,independent_layer_1nm,39,independent_layer_1nm_ZL1_N3_M3_L79_H44_C316_0039,1,"[0,1,-1,0,1,-1,-1,1,0,0,1,0]"
449.9600000000023,3.3441988131727385,0.41215975611292244,0.9920536497898432,0.23866216859506673,0.0,15.964823975603574,1.0,True,True,0.0,6.661338147750939e-16,False,False,"[[""H"",43],[""L"",78],[""H"",44],[""L"",80],[""H"",44],[""L"",316],[""H"",44],[""L"",80],[""H"",43],[""L"",80],[""H"",45],[""L"",79]]",True,True,True,ZL1_N3_M3_L79_H44_C316,independent_layer_1nm,40,independent_layer_1nm_ZL1_N3_M3_L79_H44_C316_0040,1,"[-1,-1,0,1,0,0,0,1,-1,1,1,0]"
450.92000000000246,3.3687969494953904,0.23995980487940313,0.759938568476892,0.4014593634369375,-6.0,20.180199274330793,0.7656261766153032,False,False,0.0,6.661338147750939e-16,False,False,"[[""H"",43],[""L"",78],[""H"",45],[""L"",79],[""H"",43],[""L"",317],[""H"",45],[""L"",79],[""H"",45],[""L"",79],[""H"",45],[""L"",78]]",True,False,False,ZL1_N3_M3_L79_H44_C316,independent_layer_1nm,41,independent_layer_1nm_ZL1_N3_M3_L79_H44_C316_0041,1,"[-1,-1,1,0,-1,1,1,0,1,0,1,-1]"
448.20000000000186,3.301318448836412,0.9783052404271982,0.4596403586425329,0.11246231222877756,0.0,13.99728041321924,1.0,True,True,0.0,5.551115123125783e-16,False,False,"[[""H"",43],[""L"",79],[""H"",44],[""L"",79],[""H"",44],[""L"",315],[""H"",43],[""L"",80],[""H"",44],[""L"",79],[""H"",43],[""L"",80]]",False,True,False,ZL1_N3_M3_L79_H44_C316,independent_layer_1nm,42,independent_layer_1nm_ZL1_N3_M3_L79_H44_C316_0042,1,"[-1,0,0,0,0,-1,-1,1,0,0,-1,1]"
447.58000000000175,3.289674152128839,0.9315237039426295,0.3203544854418747,0.09067904316199815,0.0,14.855190222370117,1.0,True,True,0.0,6.661338147750939e-16,False,False,"[[""H"",45],[""L"",78],[""H"",43],[""L"",80],[""H"",44],[""L"",315],[""H"",43],[""L"",78],[""H"",43],[""L"",80],[""H"",43],[""L"",80]]",False,True,False,ZL1_N3_M3_L79_H44_C316,independent_layer_1nm,43,independent_layer_1nm_ZL1_N3_M3_L79_H44_C316_0043,1,"[1,-1,-1,1,0,-1,-1,-1,-1,1,-1,1]"
451.5200000000026,3.3844933491920983,0.17967035841415813,0.5432974619163635,0.568215010748303,-8.0,22.437103541632638,0.5501316996618206,False,False,0.0,8.881784197001252e-16,False,False,"[[""H"",43],[""L"",79],[""H"",45],[""L"",80],[""H"",45],[""L"",316],[""H"",44],[""L"",80],[""H"",45],[""L"",80],[""H"",44],[""L"",78]]",False,False,False,ZL1_N3_M3_L79_H44_C316,independent_layer_1nm,44,independent_layer_1nm_ZL1_N3_M3_L79_H44_C316_0044,1,"[-1,0,1,1,1,0,0,1,1,1,0,-1]"
451.7400000000026,3.391423511748826,0.16250044566248287,0.4779565393114784,0.6428394336967915,-8.0,10.188062692322488,0.48292059349755445,False,False,0.0,4.440892098500626e-16,False,False,"[[""H"",45],[""L"",78],[""H"",43],[""L"",80],[""H"",45],[""L"",316],[""H"",45],[""L"",80],[""H"",45],[""L"",79],[""H"",43],[""L"",78]]",False,False,False,ZL1_N3_M3_L79_H44_C316,independent_layer_1nm,45,independent_layer_1nm_ZL1_N3_M3_L79_H44_C316_0045,1,"[1,-1,-1,1,1,0,1,1,1,0,-1,-1]"
448.62000000000194,3.308598640815717,0.8714064915272375,0.5877402808555674,0.13145299085384599,0.0,13.684110608850505,1.0,True,True,0.0,5.551115123125783e-16,False,False,"[[""H"",44],[""L"",79],[""H"",44],[""L"",78],[""H"",43],[""L"",316],[""H"",44],[""L"",78],[""H"",45],[""L"",80],[""H"",43],[""L"",78]]",False,True,False,ZL1_N3_M3_L79_H44_C316,independent_layer_1nm,46,independent_layer_1nm_ZL1_N3_M3_L79_H44_C316_0046,1,"[0,0,0,-1,-1,0,0,-1,1,1,-1,-1]"
449.6800000000022,3.333517827654532,0.4864439131614372,0.9579488976760184,0.20798570016300322,0.0,14.878954113996299,1.0,True,True,0.0,4.440892098500626e-16,False,False,"[[""H"",45],[""L"",80],[""H"",44],[""L"",79],[""H"",44],[""L"",316],[""H"",44],[""L"",79],[""H"",43],[""L"",80],[""H"",44],[""L"",80]]",True,True,True,ZL1_N3_M3_L79_H44_C316,independent_layer_1nm,47,independent_layer_1nm_ZL1_N3_M3_L79_H44_C316_0047,1,"[1,1,0,0,0,0,0,0,-1,1,0,1]"
447.8800000000018,3.293933838460134,0.9879851359824032,0.3807443102382617,0.09992367805753788,0.0,14.390949929098467,1.0,True,True,0.0,1.1102230246251565e-15,False,False,"[[""H"",44],[""L"",80],[""H"",44],[""L"",79],[""H"",43],[""L"",315],[""H"",44],[""L"",78],[""H"",44],[""L"",78],[""H"",45],[""L"",79]]",False,True,False,ZL1_N3_M3_L79_H44_C316,independent_layer_1nm,48,independent_layer_1nm_ZL1_N3_M3_L79_H44_C316_0048,1,"[0,1,0,0,-1,-1,0,-1,0,-1,1,0]"
448.86000000000206,3.315656719884032,0.7811587820204101,0.6762320516706314,0.14540322432793287,0.0,13.638528257736366,1.0,True,True,0.0,6.661338147750939e-16,False,False,"[[""H"",43],[""L"",78],[""H"",44],[""L"",79],[""H"",44],[""L"",316],[""H"",43],[""L"",79],[""H"",45],[""L"",78],[""H"",43],[""L"",80]]",True,True,True,ZL1_N3_M3_L79_H44_C316,independent_layer_1nm,49,independent_layer_1nm_ZL1_N3_M3_L79_H44_C316_0049,1,"[-1,-1,0,0,0,0,-1,0,1,-1,-1,1]"
449.50000000000216,3.3351005013615236,0.5407602628820694,0.9131334440230565,0.19290430176062215,0.0,14.38369609438259,1.0,True,True,0.0,4.440892098500626e-16,False,False,"[[""H"",43],[""L"",79],[""H"",43],[""L"",78],[""H"",44],[""L"",317],[""H"",43],[""L"",80],[""H"",44],[""L"",80],[""H"",45],[""L"",78]]",True,True,True,ZL1_N3_M3_L79_H44_C316,independent_layer_1nm,50,independent_layer_1nm_ZL1_N3_M3_L79_H44_C316_0050,1,"[-1,0,-1,-1,0,1,-1,1,0,1,1,-1]"
448.74000000000194,3.3108809474419445,0.8227866349696809,0.6354137675802629,0.13867973915220583,0.0,13.64479560331462,1.0,True,True,0.0,4.440892098500626e-16,False,False,"[[""H"",44],[""L"",79],[""H"",44],[""L"",80],[""H"",43],[""L"",315],[""H"",45],[""L"",78],[""H"",44],[""L"",78],[""H"",43],[""L"",80]]",True,True,True,ZL1_N3_M3_L79_H44_C316,independent_layer_1nm,51,independent_layer_1nm_ZL1_N3_M3_L79_H44_C316_0051,1,"[0,0,0,1,-1,-1,1,-1,0,-1,-1,1]"
451.1600000000026,3.3722713237087873,0.21246838651423114,0.6690441867250136,0.4602224709442244,-7.0,21.15147904712063,0.6761737874505144,False,False,0.0,4.440892098500626e-16,False,False,"[[""H"",44],[""L"",79],[""H"",43],[""L"",78],[""H"",45],[""L"",316],[""H"",45],[""L"",80],[""H"",44],[""L"",80],[""H"",44],[""L"",80]]",True,False,False,ZL1_N3_M3_L79_H44_C316,independent_layer_1nm,52,independent_layer_1nm_ZL1_N3_M3_L79_H44_C316_0052,1,"[0,0,-1,-1,1,0,1,1,0,1,0,1]"
448.6400000000019,3.3233769987111828,0.8653075691861691,0.5956938521814357,0.13191114544372784,0.0,13.660416147720488,1.0,True,True,0.0,6.661338147750939e-16,False,False,"[[""H"",45],[""L"",80],[""H"",45],[""L"",80],[""H"",43],[""L"",315],[""H"",44],[""L"",78],[""H"",44],[""L"",80],[""H"",45],[""L"",80]]",False,True,False,ZL1_N3_M3_L79_H44_C316,independent_layer_1nm,53,independent_layer_1nm_ZL1_N3_M3_L79_H44_C316_0053,1,"[1,1,1,1,-1,-1,0,-1,0,1,1,1]"
449.8000000000022,3.339704851530769,0.4509188944208801,0.9797264830290868,0.22223526860311055,0.0,15.331041632616152,1.0,True,True,0.0,4.440892098500626e-16,False,False,"[[""H"",43],[""L"",79],[""H"",44],[""L"",80],[""H"",44],[""L"",317],[""H"",43],[""L"",80],[""H"",43],[""L"",78],[""H"",44],[""L"",79]]",True,True,True,ZL1_N3_M3_L79_H44_C316,independent_layer_1nm,54,independent_layer_1nm_ZL1_N3_M3_L79_H44_C316_0054,1,"[-1,0,0,1,0,1,-1,1,-1,-1,0,0]"
449.040000000002,3.3217235577594124,0.7107951899653957,0.7458717036899812,0.15658095352492787,0.0,13.676456236511104,1.0,True,True,0.0,6.661338147750939e-16,False,False,"[[""H"",45],[""L"",80],[""H"",43],[""L"",80],[""H"",44],[""L"",316],[""H"",43],[""L"",80],[""H"",43],[""L"",80],[""H"",43],[""L"",79]]",True,True,True,ZL1_N3_M3_L79_H44_C316,independent_layer_1nm,55,independent_layer_1nm_ZL1_N3_M3_L79_H44_C316_0055,1,"[1,1,-1,1,0,0,-1,1,-1,1,-1,0]"
448.6400000000019,3.3119082592078826,0.8601806968196077,0.5991221039587536,0.13345170204903384,0.0,13.661293797548868,1.0,True,True,0.0,6.661338147750939e-16,False,False,"[[""H"",44],[""L"",79],[""H"",43],[""L"",78],[""H"",43],[""L"",317],[""H"",43],[""L"",80],[""H"",44],[""L"",79],[""H"",44],[""L"",80]]",False,True,False,ZL1_N3_M3_L79_H44_C316,independent_layer_1nm,56,independent_layer_1nm_ZL1_N3_M3_L79_H44_C316_0056,1,"[0,0,-1,-1,-1,1,-1,1,0,0,0,1]"
451.0000000000025,3.3741026822485765,0.2303948216689639,0.730589991952459,0.42050709444306716,-6.0,20.553346880804632,0.7378032209625233,False,False,0.0,7.771561172376096e-16,False,False,"[[""H"",43],[""L"",79],[""H"",43],[""L"",78],[""H"",45],[""L"",316],[""H"",45],[""L"",79],[""H"",45],[""L"",80],[""H"",43],[""L"",79]]",True,False,False,ZL1_N3_M3_L79_H44_C316,independent_layer_1nm,57,independent_layer_1nm_ZL1_N3_M3_L79_H44_C316_0057,1,"[-1,0,-1,-1,1,0,1,0,1,1,-1,0]"
450.06000000000233,3.3429525379940515,0.3884355119665241,0.9918070448493861,0.2504551569220981,-1.0,16.45933759691912,0.9992586083919818,True,True,0.0,6.661338147750939e-16,False,False,"[[""H"",45],[""L"",79],[""H"",44],[""L"",78],[""H"",43],[""L"",317],[""H"",45],[""L"",78],[""H"",44],[""L"",80],[""H"",43],[""L"",78]]",True,True,True,ZL1_N3_M3_L79_H44_C316,independent_layer_1nm,58,independent_layer_1nm_ZL1_N3_M3_L79_H44_C316_0058,1,"[1,0,0,-1,-1,1,1,-1,0,1,-1,-1]"
450.2200000000023,3.3479179854855374,0.3547116942752736,0.9772808117669184,0.2711714938064824,-3.0,17.17532059978438,0.9844772192245896,False,True,0.0,6.661338147750939e-16,False,False,"[[""H"",44],[""L"",79],[""H"",45],[""L"",79],[""H"",43],[""L"",317],[""H"",44],[""L"",80],[""H"",44],[""L"",80],[""H"",43],[""L"",79]]",True,True,True,ZL1_N3_M3_L79_H44_C316,independent_layer_1nm,59,independent_layer_1nm_ZL1_N3_M3_L79_H44_C316_0059,1,"[0,0,1,0,-1,1,0,1,0,1,-1,0]"
450.3400000000023,3.3512806448641754,0.3288652832355049,0.9535273774201511,0.29075069939108694,-4.0,17.772999262187085,0.9621871973980398,False,True,0.0,5.551115123125783e-16,False,False,"[[""H"",44],[""L"",78],[""H"",44],[""L"",79],[""H"",43],[""L"",317],[""H"",45],[""L"",78],[""H"",45],[""L"",79],[""H"",43],[""L"",78]]",True,True,True,ZL1_N3_M3_L79_H44_C316,independent_layer_1nm,60,independent_layer_1nm_ZL1_N3_M3_L79_H44_C316_0060,1,"[0,-1,0,0,-1,1,1,-1,1,0,-1,-1]"
448.88000000000204,3.3148862896618425,0.7686753205194582,0.6878541550540269,0.14617607080314632,0.0,13.630991555904078,1.0,True,True,0.0,6.661338147750939e-16,False,False,"[[""H"",44],[""L"",79],[""H"",45],[""L"",79],[""H"",43],[""L"",315],[""H"",45],[""L"",78],[""H"",44],[""L"",78],[""H"",45],[""L"",80]]",True,True,True,ZL1_N3_M3_L79_H44_C316,independent_layer_1nm,61,independent_layer_1nm_ZL1_N3_M3_L79_H44_C316_0061,1,"[0,0,1,0,-1,-1,1,-1,0,-1,1,1]"
448.74000000000194,3.3138662689976286,0.8234049706071551,0.6358908038406421,0.13907922849582163,0.0,13.643867907558267,1.0,True,True,0.0,1.1102230246251565e-15,False,False,"[[""H"",44],[""L"",79],[""H"",45],[""L"",78],[""H"",44],[""L"",316],[""H"",43],[""L"",80],[""H"",43],[""L"",78],[""H"",43],[""L"",80]]",True,True,True,ZL1_N3_M3_L79_H44_C316,independent_layer_1nm,62,independent_layer_1nm_ZL1_N3_M3_L79_H44_C316_0062,1,"[0,0,1,-1,0,0,-1,1,-1,-1,-1,1]"
449.28000000000213,3.3197710197300125,0.6214248538204787,0.8338764660819782,0.17230536023094498,0.0,13.903594092799683,1.0,True,True,0.0,5.551115123125783e-16,False,False,"[[""H"",44],[""L"",79],[""H"",44],[""L"",78],[""H"",44],[""L"",316],[""H"",44],[""L"",78],[""H"",44],[""L"",79],[""H"",45],[""L"",80]]",True,True,True,ZL1_N3_M3_L79_H44_C316,independent_layer_1nm,63,independent_layer_1nm_ZL1_N3_M3_L79_H44_C316_0063,1,"[0,0,0,-1,0,0,0,-1,0,0,1,1]"
450.2600000000024,3.346562397787409,0.34627232693852594,0.9705857290017026,0.276504555407028,-3.0,17.365917619715272,0.9777402773706524,False,True,0.0,6.661338147750939e-16,False,False,"[[""H"",45],[""L"",79],[""H"",44],[""L"",80],[""H"",44],[""L"",316],[""H"",44],[""L"",80],[""H"",44],[""L"",78],[""H"",45],[""L"",78]]",True,True,True,ZL1_N3_M3_L79_H44_C316,independent_layer_1nm,64,independent_layer_1nm_ZL1_N3_M3_L79_H44_C316_0064,1,"[1,0,0,1,0,0,0,1,0,-1,1,-1]"
450.5000000000024,3.356450042218057,0.3012167308925996,0.9119685758081075,0.31646156794251934,-4.0,18.492758599321796,0.920947507372674,False,True,0.0,9.992007221626409e-16,False,False,"[[""H"",43],[""L"",80],[""H"",45],[""L"",79],[""H"",45],[""L"",316],[""H"",44],[""L"",79],[""H"",43],[""L"",79],[""H"",44],[""L"",78]]",True,True,True,ZL1_N3_M3_L79_H44_C316,independent_layer_1nm,65,independent_layer_1nm_ZL1_N3_M3_L79_H44_C316_0065,1,"[-1,1,1,0,1,0,0,0,-1,0,0,-1]"
449.1600000000021,3.325553279318683,0.665960677646674,0.7908885525667282,0.1643704910271638,0.0,13.762676276942472,1.0,True,True,0.0,6.661338147750939e-16,False,False,"[[""H"",43],[""L"",80],[""H"",44],[""L"",78],[""H"",43],[""L"",317],[""H"",43],[""L"",80],[""H"",45],[""L"",78],[""H"",45],[""L"",80]]",True,True,True,ZL1_N3_M3_L79_H44_C316,independent_layer_1nm,66,independent_layer_1nm_ZL1_N3_M3_L79_H44_C316_0066,1,"[-1,1,0,-1,-1,1,-1,1,1,-1,1,1]"
449.78000000000225,3.3336233686210903,0.4585422173925479,0.9753437962704076,0.2180169027125448,0.0,15.224919441007453,1.0,True,True,0.0,5.551115123125783e-16,False,False,"[[""H"",44],[""L"",78],[""H"",44],[""L"",79],[""H"",45],[""L"",316],[""H"",43],[""L"",79],[""H"",45],[""L"",78],[""H"",44],[""L"",78]]",True,True,True,ZL1_N3_M3_L79_H44_C316,independent_layer_1nm,67,independent_layer_1nm_ZL1_N3_M3_L79_H44_C316_0067,1,"[0,-1,0,0,1,0,-1,0,1,-1,0,-1]"
451.9000000000027,3.3888789894099887,0.15152838532453342,0.43463905617483967,0.6996031329685823,-9.0,9.095859167046816,0.4431557759192544,False,False,0.0,4.440892098500626e-16,False,False,"[[""H"",44],[""L"",79],[""H"",45],[""L"",80],[""H"",45],[""L"",317],[""H"",44],[""L"",79],[""H"",44],[""L"",80],[""H"",44],[""L"",78]]",False,False,False,ZL1_N3_M3_L79_H44_C316,independent_layer_1nm,68,independent_layer_1nm_ZL1_N3_M3_L79_H44_C316_0068,1,"[0,0,1,1,1,1,0,0,0,1,0,-1]"
451.2200000000025,3.37239769907751,0.2063025262025546,0.6476988170190183,0.4759688146769078,-7.0,21.317332220033613,0.652708349885304,False,False,0.0,8.881784197001252e-16,False,False,"[[""H"",44],[""L"",80],[""H"",43],[""L"",80],[""H"",44],[""L"",317],[""H"",45],[""L"",79],[""H"",43],[""L"",79],[""H"",45],[""L"",79]]",True,False,False,ZL1_N3_M3_L79_H44_C316,independent_layer_1nm,69,independent_layer_1nm_ZL1_N3_M3_L79_H44_C316_0069,1,"[0,1,-1,1,0,1,1,0,-1,0,1,0]"
449.8400000000022,3.33540465350319,0.4418989819531657,0.9835662938848753,0.2249832329850016,0.0,15.47702528286339,1.0,True,True,0.0,5.551115123125783e-16,False,False,"[[""H"",45],[""L"",78],[""H"",44],[""L"",78],[""H"",44],[""L"",316],[""H"",45],[""L"",78],[""H"",44],[""L"",78],[""H"",43],[""L"",79]]",True,True,True,ZL1_N3_M3_L79_H44_C316,independent_layer_1nm,70,independent_layer_1nm_ZL1_N3_M3_L79_H44_C316_0070,1,"[1,-1,0,-1,0,0,1,-1,0,-1,-1,0]"
448.0400000000018,3.29671682965801,0.9922106330004996,0.4182580718805198,0.10571011534573942,0.0,14.180476174666811,1.0,True,True,0.0,6.661338147750939e-16,False,False,"[[""H"",44],[""L"",78],[""H"",45],[""L"",78],[""H"",44],[""L"",315],[""H"",43],[""L"",79],[""H"",44],[""L"",79],[""H"",45],[""L"",78]]",False,True,False,ZL1_N3_M3_L79_H44_C316,independent_layer_1nm,71,independent_layer_1nm_ZL1_N3_M3_L79_H44_C316_0071,1,"[0,-1,1,-1,0,-1,-1,0,0,0,1,-1]"
450.7600000000025,3.3614932494431855,0.2612459652080956,0.8235716977031817,0.364785338682838,-5.0,19.5853117569882,0.8338133469229129,False,True,0.0,5.551115123125783e-16,False,False,"[[""H"",43],[""L"",78],[""H"",44],[""L"",78],[""H"",45],[""L"",316],[""H"",45],[""L"",78],[""H"",44],[""L"",80],[""H"",44],[""L"",80]]",True,True,True,ZL1_N3_M3_L79_H44_C316,independent_layer_1nm,72,independent_layer_1nm_ZL1_N3_M3_L79_H44_C316_0072,1,"[-1,-1,0,-1,1,0,1,-1,0,1,0,1]"
451.1200000000025,3.3779170007215384,0.21654987419613075,0.6818984794413532,0.45246240612910027,-7.0,21.067913028560607,0.6909259483256422,False,False,0.0,6.661338147750939e-16,False,False,"[[""H"",43],[""L"",79],[""H"",43],[""L"",78],[""H"",45],[""L"",316],[""H"",45],[""L"",79],[""H"",45],[""L"",80],[""H"",45],[""L"",78]]",True,False,False,ZL1_N3_M3_L79_H44_C316,independent_layer_1nm,73,independent_layer_1nm_ZL1_N3_M3_L79_H44_C316_0073,1,"[-1,0,-1,-1,1,0,1,0,1,1,1,-1]"
449.1600000000021,3.320355032022178,0.666368144618652,0.7892447092491941,0.16361189206902016,0.0,13.756258200308302,1.0,True,True,0.0,5.551115123125783e-16,False,False,"[[""H"",44],[""L"",78],[""H"",45],[""L"",80],[""H"",43],[""L"",316],[""H"",44],[""L"",78],[""H"",44],[""L"",80],[""H"",44],[""L"",80]]",True,True,True,ZL1_N3_M3_L79_H44_C316,independent_layer_1nm,74,independent_layer_1nm_ZL1_N3_M3_L79_H44_C316_0074,1,"[0,-1,1,1,-1,0,0,-1,0,1,0,1]"
449.9600000000023,3.3426785254117135,0.4122010245795177,0.9923496366099298,0.23816632467013593,0.0,15.974066213774051,1.0,True,True,0.0,6.661338147750939e-16,False,False,"[[""H"",44],[""L"",78],[""H"",45],[""L"",80],[""H"",45],[""L"",316],[""H"",43],[""L"",78],[""H"",44],[""L"",79],[""H"",45],[""L"",80]]",True,True,True,ZL1_N3_M3_L79_H44_C316,independent_layer_1nm,75,independent_layer_1nm_ZL1_N3_M3_L79_H44_C316_0075,1,"[0,-1,1,1,1,0,-1,-1,0,0,1,1]"
451.30000000000257,3.3794335443740806,0.19806224559849067,0.6157031553598921,0.5018222440674496,-7.0,21.66208729227315,0.620974631906992,False,False,0.0,5.551115123125783e-16,False,False,"[[""H"",43],[""L"",78],[""H"",44],[""L"",78],[""H"",45],[""L"",316],[""H"",45],[""L"",80],[""H"",44],[""L"",80],[""H"",45],[""L"",78]]",True,False,False,ZL1_N3_M3_L79_H44_C316,independent_layer_1nm,76,independent_layer_1nm_ZL1_N3_M3_L79_H44_C316_0076,1,"[-1,-1,0,-1,1,0,1,1,0,1,1,-1]"
447.32000000000164,3.284407012519978,0.8481044230166208,0.27791073094926877,0.08307321245300633,0.0,15.225087406765926,1.0,True,True,0.0,4.440892098500626e-16,False,False,"[[""H"",44],[""L"",80],[""H"",43],[""L"",79],[""H"",43],[""L"",315],[""H"",43],[""L"",80],[""H"",44],[""L"",79],[""H"",44],[""L"",78]]",False,True,False,ZL1_N3_M3_L79_H44_C316,independent_layer_1nm,77,independent_layer_1nm_ZL1_N3_M3_L79_H44_C316_0077,1,"[0,1,-1,0,-1,-1,-1,1,0,0,0,-1]"
450.06000000000233,3.3440469436691274,0.3892273731172334,0.9921221090277808,0.25014326985577606,-1.0,16.463771159753396,0.999266399092259,True,True,0.0,3.3306690738754696e-16,False,False,"[[""H"",44],[""L"",79],[""H"",45],[""L"",79],[""H"",44],[""L"",315],[""H"",45],[""L"",80],[""H"",44],[""L"",78],[""H"",43],[""L"",79]]",True,True,True,ZL1_N3_M3_L79_H44_C316,independent_layer_1nm,78,independent_layer_1nm_ZL1_N3_M3_L79_H44_C316_0078,1,"[0,0,1,0,0,-1,1,1,0,-1,-1,0]"
449.5400000000021,3.334493100547377,0.5325678945052158,0.9216605534496485,0.19385935365840756,0.0,14.451545556916741,1.0,True,True,0.0,8.881784197001252e-16,False,False,"[[""H"",45],[""L"",79],[""H"",45],[""L"",79],[""H"",43],[""L"",315],[""H"",45],[""L"",79],[""H"",45],[""L"",80],[""H"",44],[""L"",79]]",True,True,True,ZL1_N3_M3_L79_H44_C316,independent_layer_1nm,79,independent_layer_1nm_ZL1_N3_M3_L79_H44_C316_0079,1,"[1,0,1,0,-1,-1,1,0,1,1,0,0]"
449.2200000000021,3.3244715708806325,0.6420593079710913,0.8146155489391413,0.16931749281423275,0.0,13.840525929790214,1.0,True,True,0.0,6.661338147750939e-16,False,False,"[[""H"",45],[""L"",78],[""H"",44],[""L"",80],[""H"",44],[""L"",316],[""H"",43],[""L"",80],[""H"",44],[""L"",78],[""H"",43],[""L"",78]]",True,True,True,ZL1_N3_M3_L79_H44_C316,independent_layer_1nm,80,independent_layer_1nm_ZL1_N3_M3_L79_H44_C316_0080,1,"[1,-1,0,1,0,0,-1,1,0,-1,-1,-1]"
448.660000000002,3.3143615063979723,0.8563417830670814,0.6039474862646821,0.13419150361564114,0.0,13.677174426039269,1.0,True,True,0.0,8.881784197001252e-16,False,False,"[[""H"",43],[""L"",80],[""H"",44],[""L"",80],[""H"",45],[""L"",315],[""H"",43],[""L"",78],[""H"",43],[""L"",80],[""H"",43],[""L"",80]]",True,True,True,ZL1_N3_M3_L79_H44_C316,independent_layer_1nm,81,independent_layer_1nm_ZL1_N3_M3_L79_H44_C316_0081,1,"[-1,1,0,1,1,-1,-1,-1,-1,1,-1,1]"
449.76000000000226,3.3334859514818618,0.464226740350737,0.9724038519382878,0.2155578643080104,0.0,15.148108449798805,1.0,True,True,0.0,6.661338147750939e-16,False,False,"[[""H"",45],[""L"",78],[""H"",44],[""L"",79],[""H"",45],[""L"",316],[""H"",43],[""L"",79],[""H"",44],[""L"",79],[""H"",45],[""L"",79]]",True,True,True,ZL1_N3_M3_L79_H44_C316,independent_layer_1nm,82,independent_layer_1nm_ZL1_N3_M3_L79_H44_C316_0082,1,"[1,-1,0,0,1,0,-1,0,0,0,1,0]"
449.3000000000021,3.3248489496085085,0.6115290908473774,0.8442200441274037,0.17565752152293493,0.0,13.9716663335937,1.0,True,True,0.0,6.661338147750939e-16,False,False,"[[""H"",43],[""L"",80],[""H"",43],[""L"",79],[""H"",45],[""L"",315],[""H"",44],[""L"",79],[""H"",44],[""L"",78],[""H"",43],[""L"",79]]",True,True,True,ZL1_N3_M3_L79_H44_C316,independent_layer_1nm,83,independent_layer_1nm_ZL1_N3_M3_L79_H44_C316_0083,1,"[-1,1,-1,0,1,-1,0,0,0,-1,-1,0]"
450.4400000000023,3.3515581589167027,0.31117083843517634,0.9286938233546764,0.3057528259521117,-4.0,18.18828442038244,0.9356121233323078,False,True,0.0,4.440892098500626e-16,False,False,"[[""H"",44],[""L"",78],[""H"",44],[""L"",78],[""H"",45],[""L"",317],[""H"",43],[""L"",79],[""H"",45],[""L"",78],[""H"",45],[""L"",80]]",True,True,True,ZL1_N3_M3_L79_H44_C316,independent_layer_1nm,84,independent_layer_1nm_ZL1_N3_M3_L79_H44_C316_0084,1,"[0,-1,0,-1,1,1,-1,0,1,-1,1,1]"
449.40000000000214,3.3298736650333467,0.5777702359118989,0.8785019932931362,0.18254004038548033,0.0,14.117747875085932,1.0,True,True,0.0,4.440892098500626e-16,False,False,"[[""H"",43],[""L"",80],[""H"",45],[""L"",78],[""H"",43],[""L"",316],[""H"",44],[""L"",80],[""H"",45],[""L"",79],[""H"",44],[""L"",79]]",True,True,True,ZL1_N3_M3_L79_H44_C316,independent_layer_1nm,85,independent_layer_1nm_ZL1_N3_M3_L79_H44_C316_0085,1,"[-1,1,1,-1,-1,0,0,1,1,0,0,0]"
450.16000000000236,3.3465763814840557,0.3671439403833262,0.9849224011073623,0.2631781737104337,-2.0,16.948208107125964,0.9927274626976851,False,True,0.0,5.551115123125783e-16,False,False,"[[""H"",45],[""L"",80],[""H"",43],[""L"",79],[""H"",45],[""L"",315],[""H"",45],[""L"",79],[""H"",43],[""L"",80],[""H"",43],[""L"",79]]",True,True,True,ZL1_N3_M3_L79_H44_C316,independent_layer_1nm,86,independent_layer_1nm_ZL1_N3_M3_L79_H44_C316_0086,1,"[1,1,-1,0,1,-1,1,0,-1,1,-1,0]"
450.5800000000024,3.356867844258545,0.2884748608435945,0.8862674178922767,0.3298413247484868,-5.0,18.842935884584897,0.8938792047987099,False,True,0.0,6.661338147750939e-16,False,False,"[[""H"",44],[""L"",80],[""H"",43],[""L"",78],[""H"",45],[""L"",315],[""H"",45],[""L"",80],[""H"",45],[""L"",78],[""H"",45],[""L"",79]]",True,True,True,ZL1_N3_M3_L79_H44_C316,independent_layer_1nm,87,independent_layer_1nm_ZL1_N3_M3_L79_H44_C316_0087,1,"[0,1,-1,-1,1,-1,1,1,1,-1,1,0]"
448.88000000000204,3.3139152354312387,0.7707714658708125,0.6857357990041705,0.14588545596113195,0.0,13.627742335466838,1.0,True,True,0.0,1.1102230246251565e-15,False,False,"[[""H"",45],[""L"",78],[""H"",44],[""L"",78],[""H"",44],[""L"",315],[""H"",44],[""L"",80],[""H"",44],[""L"",78],[""H"",45],[""L"",80]]",True,True,True,ZL1_N3_M3_L79_H44_C316,independent_layer_1nm,88,independent_layer_1nm_ZL1_N3_M3_L79_H44_C316_0088,1,"[1,-1,0,-1,0,-1,0,1,0,-1,1,1]"
449.38000000000216,3.329751154125802,0.5847626761011673,0.8705807574138666,0.18205711968904445,0.0,14.087362003682621,1.0,True,True,0.0,8.881784197001252e-16,False,False,"[[""H"",43],[""L"",79],[""H"",43],[""L"",79],[""H"",43],[""L"",317],[""H"",44],[""L"",80],[""H"",43],[""L"",79],[""H"",44],[""L"",79]]",True,True,True,ZL1_N3_M3_L79_H44_C316,independent_layer_1nm,89,independent_layer_1nm_ZL1_N3_M3_L79_H44_C316_0089,1,"[-1,0,-1,0,-1,1,0,1,-1,0,0,0]"
447.30000000000166,3.2835106983027913,0.8427664097505035,0.27626899480213607,0.08317381905879456,0.0,15.287449280112764,1.0,True,True,0.0,5.551115123125783e-16,False,False,"[[""H"",45],[""L"",79],[""H"",43],[""L"",79],[""H"",44],[""L"",315],[""H"",43],[""L"",78],[""H"",43],[""L"",79],[""H"",43],[""L"",79]]",False,True,False,ZL1_N3_M3_L79_H44_C316,independent_layer_1nm,90,independent_layer_1nm_ZL1_N3_M3_L79_H44_C316_0090,1,"[1,0,-1,0,0,-1,-1,-1,-1,0,-1,0]"
450.3200000000023,3.352514700382187,0.3325146640502219,0.9565417014507023,0.28792778148293097,-4.0,17.724907531395743,0.9660747460389865,False,True,0.0,4.440892098500626e-16,False,False,"[[""H"",44],[""L"",78],[""H"",43],[""L"",79],[""H"",45],[""L"",316],[""H"",44],[""L"",78],[""H"",45],[""L"",80],[""H"",45],[""L"",79]]",True,True,True,ZL1_N3_M3_L79_H44_C316,independent_layer_1nm,91,independent_layer_1nm_ZL1_N3_M3_L79_H44_C316_0091,1,"[0,-1,-1,0,1,0,0,-1,1,1,1,0]"
451.82000000000266,3.389267812599826,0.15738271272869803,0.4573827376249232,0.6688452776346778,-8.0,9.595358342467346,0.4651626636805586,False,False,0.0,6.661338147750939e-16,False,False,"[[""H"",45],[""L"",79],[""H"",45],[""L"",79],[""H"",45],[""L"",317],[""H"",44],[""L"",79],[""H"",45],[""L"",79],[""H"",43],[""L"",78]]",False,False,False,ZL1_N3_M3_L79_H44_C316,independent_layer_1nm,92,independent_layer_1nm_ZL1_N3_M3_L79_H44_C316_0092,1,"[1,0,1,0,1,1,0,0,1,0,-1,-1]"
447.82000000000176,3.300637529140033,0.9822007866954103,0.3689374802111144,0.09786734394606997,0.0,14.449731465377978,1.0,True,True,0.0,6.661338147750939e-16,False,False,"[[""H"",45],[""L"",78],[""H"",45],[""L"",79],[""H"",43],[""L"",315],[""H"",43],[""L"",80],[""H"",44],[""L"",79],[""H"",45],[""L"",79]]",False,True,False,ZL1_N3_M3_L79_H44_C316,independent_layer_1nm,93,independent_layer_1nm_ZL1_N3_M3_L79_H44_C316_0093,1,"[1,-1,1,0,-1,-1,-1,1,0,0,1,0]"
450.7800000000025,3.3640557369431576,0.2593780378369203,0.8140577728083893,0.3694566747912833,-6.0,19.67479720865683,0.82565086486134,False,False,0.0,6.661338147750939e-16,False,False,"[[""H"",45],[""L"",79],[""H"",45],[""L"",80],[""H"",44],[""L"",315],[""H"",45],[""L"",80],[""H"",45],[""L"",79],[""H"",44],[""L"",79]]",True,False,False,ZL1_N3_M3_L79_H44_C316,independent_layer_1nm,94,independent_layer_1nm_ZL1_N3_M3_L79_H44_C316_0094,1,"[1,0,1,1,0,-1,1,1,1,0,0,0]"
450.06000000000233,3.3415920954644776,0.3871193744712704,0.9918370048260464,0.25108007232047724,-1.0,16.475753532613464,0.9991742601399966,True,True,0.0,6.661338147750939e-16,False,False,"[[""H"",44],[""L"",80],[""H"",43],[""L"",79],[""H"",45],[""L"",317],[""H"",43],[""L"",78],[""H"",44],[""L"",79],[""H"",44],[""L"",78]]",True,True,True,ZL1_N3_M3_L79_H44_C316,independent_layer_1nm,95,independent_layer_1nm_ZL1_N3_M3_L79_H44_C316_0095,1,"[0,1,-1,0,1,1,-1,-1,0,0,0,-1]"
447.06000000000165,3.2817077682774425,0.7483220230676595,0.24233284978023853,0.07647184820214441,0.0,15.645927671781518,1.0,True,True,0.0,6.661338147750939e-16,False,False,"[[""H"",44],[""L"",79],[""H"",43],[""L"",79],[""H"",43],[""L"",315],[""H"",43],[""L"",78],[""H"",45],[""L"",79],[""H"",45],[""L"",78]]",False,True,False,ZL1_N3_M3_L79_H44_C316,independent_layer_1nm,96,independent_layer_1nm_ZL1_N3_M3_L79_H44_C316_0096,1,"[0,0,-1,0,-1,-1,-1,-1,1,0,1,-1]"
451.04000000000246,3.382019180104521,0.2275853484870909,0.7164501484191261,0.43052925009699955,-6.0,20.72928816308847,0.7253652150533225,False,False,0.0,6.661338147750939e-16,False,False,"[[""H"",43],[""L"",78],[""H"",43],[""L"",80],[""H"",45],[""L"",315],[""H"",45],[""L"",80],[""H"",45],[""L"",80],[""H"",45],[""L"",80]]",True,False,False,ZL1_N3_M3_L79_H44_C316,independent_layer_1nm,97,independent_layer_1nm_ZL1_N3_M3_L79_H44_C316_0097,1,"[-1,-1,-1,1,1,-1,1,1,1,1,1,1]"
450.92000000000246,3.370410599347963,0.24092441941299386,0.7610196318721978,0.4009538466811686,-6.0,20.193046736811304,0.7665570427220334,False,False,0.0,4.440892098500626e-16,False,False,"[[""H"",43],[""L"",80],[""H"",43],[""L"",80],[""H"",45],[""L"",315],[""H"",45],[""L"",79],[""H"",45],[""L"",80],[""H"",45],[""L"",79]]",True,False,False,ZL1_N3_M3_L79_H44_C316,independent_layer_1nm,98,independent_layer_1nm_ZL1_N3_M3_L79_H44_C316_0098,1,"[-1,1,-1,1,1,-1,1,0,1,1,1,0]"
452.12000000000273,3.391932868036804,0.13767472354136645,0.3813750412064286,0.7822700894720551,-9.0,8.079709486917418,0.3843480433227116,False,False,0.0,4.440892098500626e-16,False,False,"[[""H"",44],[""L"",78],[""H"",45],[""L"",78],[""H"",45],[""L"",317],[""H"",45],[""L"",78],[""H"",45],[""L"",80],[""H"",44],[""L"",78]]",False,False,False,ZL1_N3_M3_L79_H44_C316,independent_layer_1nm,99,independent_layer_1nm_ZL1_N3_M3_L79_H44_C316_0099,1,"[0,-1,1,-1,1,1,1,-1,1,1,0,-1]"
448.2400000000018,3.3039516719411495,0.9732115397994816,0.4694657476661389,0.11477234916464704,0.0,13.985467739889108,1.0,True,True,0.0,1.1102230246251565e-15,False,False,"[[""H"",43],[""L"",80],[""H"",43],[""L"",78],[""H"",43],[""L"",317],[""H"",43],[""L"",79],[""H"",44],[""L"",78],[""H"",43],[""L"",79]]",False,True,False,ZL1_N3_M3_L79_H44_C316,independent_layer_1nm,100,independent_layer_1nm_ZL1_N3_M3_L79_H44_C316_0100,1,"[-1,1,-1,-1,-1,1,-1,0,0,-1,-1,0]"
450.70000000000243,3.3675644236286075,0.26921812916865606,0.8437286114048506,0.35581766918195556,-5.0,19.34498909681103,0.8508471467786104,False,True,0.0,8.881784197001252e-16,False,False,"[[""H"",43],[""L"",78],[""H"",45],[""L"",80],[""H"",43],[""L"",317],[""H"",45],[""L"",79],[""H"",44],[""L"",78],[""H"",43],[""L"",78]]",True,True,True,ZL1_N3_M3_L79_H44_C316,independent_layer_1nm,101,independent_layer_1nm_ZL1_N3_M3_L79_H44_C316_0101,1,"[-1,-1,1,1,-1,1,1,0,0,-1,-1,-1]"
448.86000000000206,3.3178297831168493,0.7842344098065978,0.673602665410435,0.1441203973405883,0.0,13.6037099884047,1.0,True,True,0.0,4.440892098500626e-16,False,False,"[[""H"",44],[""L"",80],[""H"",44],[""L"",80],[""H"",43],[""L"",316],[""H"",43],[""L"",80],[""H"",45],[""L"",78],[""H"",44],[""L"",80]]",True,True,True,ZL1_N3_M3_L79_H44_C316,independent_layer_1nm,102,independent_layer_1nm_ZL1_N3_M3_L79_H44_C316_0102,1,"[0,1,0,1,-1,0,-1,1,1,-1,0,1]"
451.18000000000256,3.3754719263420725,0.21262101149790913,0.6651186957527915,0.4635763717393986,-7.0,21.20014216042905,0.6713360389290695,False,False,0.0,5.551115123125783e-16,False,False,"[[""H"",43],[""L"",80],[""H"",45],[""L"",78],[""H"",45],[""L"",315],[""H"",45],[""L"",80],[""H"",45],[""L"",80],[""H"",45],[""L"",79]]",True,False,False,ZL1_N3_M3_L79_H44_C316,independent_layer_1nm,103,independent_layer_1nm_ZL1_N3_M3_L79_H44_C316_0103,1,"[-1,1,1,-1,1,-1,1,1,1,1,1,0]"
447.82000000000176,3.298119658898827,0.9806126306499547,0.3663461576947423,0.09781442100603538,0.0,14.501167491688715,1.0,True,True,0.0,8.881784197001252e-16,False,False,"[[""H"",45],[""L"",78],[""H"",45],[""L"",79],[""H"",44],[""L"",315],[""H"",43],[""L"",78],[""H"",43],[""L"",78],[""H"",45],[""L"",80]]",False,True,False,ZL1_N3_M3_L79_H44_C316,independent_layer_1nm,104,independent_layer_1nm_ZL1_N3_M3_L79_H44_C316_0104,1,"[1,-1,1,0,0,-1,-1,-1,-1,-1,1,1]"
451.4200000000026,3.3782253062356062,0.18798866376972218,0.575011558494626,0.5363785573768671,-7.0,22.07809297059908,0.5849546277167996,False,False,0.0,6.661338147750939e-16,False,False,"[[""H"",44],[""L"",79],[""H"",45],[""L"",80],[""H"",45],[""L"",316],[""H"",44],[""L"",80],[""H"",44],[""L"",80],[""H"",45],[""L"",79]]",False,False,False,ZL1_N3_M3_L79_H44_C316,independent_layer_1nm,105,independent_layer_1nm_ZL1_N3_M3_L79_H44_C316_0105,1,"[0,0,1,1,1,0,0,1,0,1,1,0]"
450.7200000000024,3.3628143450102925,0.26716715249753986,0.8387670765886135,0.3570432314956069,-5.0,19.39076834012585,0.8466604551724721,False,True,0.0,6.661338147750939e-16,False,False,"[[""H"",43],[""L"",80],[""H"",43],[""L"",78],[""H"",45],[""L"",317],[""H"",44],[""L"",79],[""H"",43],[""L"",80],[""H"",45],[""L"",79]]",True,True,True,ZL1_N3_M3_L79_H44_C316,independent_layer_1nm,106,independent_layer_1nm_ZL1_N3_M3_L79_H44_C316_0106,1,"[-1,1,-1,-1,1,1,0,0,-1,1,1,0]"
450.42000000000235,3.351876077353836,0.31476275033025025,0.9348820170086571,0.30279627906570533,-4.0,18.085871343858777,0.9413738714717578,False,True,0.0,5.551115123125783e-16,False,False,"[[""H"",44],[""L"",79],[""H"",44],[""L"",78],[""H"",45],[""L"",317],[""H"",43],[""L"",79],[""H"",45],[""L"",79],[""H"",43],[""L"",78]]",True,True,True,ZL1_N3_M3_L79_H44_C316,independent_layer_1nm,107,independent_layer_1nm_ZL1_N3_M3_L79_H44_C316_0107,1,"[0,0,0,-1,1,1,-1,0,1,0,-1,-1]"
450.66000000000247,3.356605059062076,0.27697998622444575,0.8616846763846795,0.3432040226028825,-5.0,19.107572314313213,0.8678638176990568,False,True,0.0,4.440892098500626e-16,False,False,"[[""H"",45],[""L"",78],[""H"",44],[""L"",79],[""H"",45],[""L"",316],[""H"",44],[""L"",80],[""H"",43],[""L"",80],[""H"",45],[""L"",79]]",True,True,True,ZL1_N3_M3_L79_H44_C316,independent_layer_1nm,108,independent_layer_1nm_ZL1_N3_M3_L79_H44_C316_0108,1,"[1,-1,0,0,1,0,0,1,-1,1,1,0]"
448.5400000000019,3.3051489170759396,0.8968775168464176,0.5620374387251965,0.1278701437004754,0.0,13.726536534910569,1.0,True,True,0.0,6.661338147750939e-16,False,False,"[[""H"",44],[""L"",79],[""H"",44],[""L"",78],[""H"",44],[""L"",316],[""H"",43],[""L"",79],[""H"",44],[""L"",79],[""H"",43],[""L"",78]]",False,True,False,ZL1_N3_M3_L79_H44_C316,independent_layer_1nm,109,independent_layer_1nm_ZL1_N3_M3_L79_H44_C316_0109,1,"[0,0,0,-1,0,0,-1,0,0,0,-1,-1]"
450.14000000000226,3.347665004243993,0.369287567575615,0.9854817143817909,0.2617796726486876,-2.0,16.910049138286954,0.9931828771104833,False,True,0.0,9.992007221626409e-16,False,False,"[[""H"",44],[""L"",80],[""H"",45],[""L"",80],[""H"",44],[""L"",315],[""H"",45],[""L"",78],[""H"",45],[""L"",78],[""H"",43],[""L"",80]]",True,True,True,ZL1_N3_M3_L79_H44_C316,independent_layer_1nm,110,independent_layer_1nm_ZL1_N3_M3_L79_H44_C316_0110,1,"[0,1,1,1,0,-1,1,-1,1,-1,-1,1]"
447.86000000000183,3.2959049312671027,0.9858599514941995,0.37586848579156606,0.09923710070530828,0.0,14.43092590396896,1.0,True,True,0.0,4.440892098500626e-16,False,False,"[[""H"",45],[""L"",79],[""H"",43],[""L"",78],[""H"",44],[""L"",315],[""H"",43],[""L"",79],[""H"",45],[""L"",78],[""H"",45],[""L"",78]]",False,True,False,ZL1_N3_M3_L79_H44_C316,independent_layer_1nm,111,independent_layer_1nm_ZL1_N3_M3_L79_H44_C316_0111,1,"[1,0,-1,-1,0,-1,-1,0,1,-1,1,-1]"
450.6000000000024,3.361199761481089,0.2838211532951755,0.8763495848992388,0.33624915155212004,-5.0,18.95311788408,0.8829795233252395,False,True,0.0,4.440892098500626e-16,False,False,"[[""H"",43],[""L"",80],[""H"",45],[""L"",80],[""H"",45],[""L"",316],[""H"",44],[""L"",78],[""H"",43],[""L"",80],[""H"",44],[""L"",80]]",True,True,True,ZL1_N3_M3_L79_H44_C316,independent_layer_1nm,112,independent_layer_1nm_ZL1_N3_M3_L79_H44_C316_0112,1,"[-1,1,1,1,1,0,0,-1,-1,1,0,1]"
449.6800000000022,3.330093468440282,0.4886673733201756,0.9558129302405466,0.2071015353483385,0.0,14.85058109223672,1.0,True,True,0.0,3.3306690738754696e-16,False,False,"[[""H"",44],[""L"",79],[""H"",44],[""L"",79],[""H"",45],[""L"",316],[""H"",43],[""L"",79],[""H"",44],[""L"",78],[""H"",45],[""L"",78]]",True,True,True,ZL1_N3_M3_L79_H44_C316,independent_layer_1nm,113,independent_layer_1nm_ZL1_N3_M3_L79_H44_C316_0113,1,"[0,0,0,0,1,0,-1,0,0,-1,1,-1]"
449.76000000000226,3.3418258358108233,0.46479845110139256,0.9726229420344916,0.2166061798583364,0.0,15.187173703844987,1.0,True,True,0.0,6.661338147750939e-16,False,False,"[[""H"",43],[""L"",80],[""H"",43],[""L"",78],[""H"",44],[""L"",315],[""H"",45],[""L"",80],[""H"",45],[""L"",79],[""H"",45],[""L"",78]]",True,True,True,ZL1_N3_M3_L79_H44_C316,independent_layer_1nm,114,independent_layer_1nm_ZL1_N3_M3_L79_H44_C316_0114,1,"[-1,1,-1,-1,0,-1,1,1,1,0,1,-1]"
449.2000000000021,3.319149417918311,0.6445167067094149,0.8104413973759363,0.16825100539429894,0.0,13.830668077644269,1.0,True,True,0.0,4.440892098500626e-16,False,False,"[[""H"",44],[""L"",79],[""H"",43],[""L"",79],[""H"",44],[""L"",316],[""H"",44],[""L"",78],[""H"",44],[""L"",80],[""H"",43],[""L"",80]]",True,True,True,ZL1_N3_M3_L79_H44_C316,independent_layer_1nm,115,independent_layer_1nm_ZL1_N3_M3_L79_H44_C316_0115,1,"[0,0,-1,0,0,0,0,-1,0,1,-1,1]"
448.2600000000019,3.3071385532285262,0.9677940279225536,0.47794749061154806,0.11502039406990112,0.0,13.924639132814827,1.0,True,True,0.0,6.661338147750939e-16,False,False,"[[""H"",43],[""L"",78],[""H"",45],[""L"",79],[""H"",43],[""L"",316],[""H"",43],[""L"",79],[""H"",44],[""L"",79],[""H"",45],[""L"",80]]",False,True,False,ZL1_N3_M3_L79_H44_C316,independent_layer_1nm,116,independent_layer_1nm_ZL1_N3_M3_L79_H44_C316_0116,1,"[-1,-1,1,0,-1,0,-1,0,0,0,1,1]"
448.0000000000018,3.30298261824953,0.9926842847557289,0.4092235138820319,0.10487241430133126,0.0,14.250295936535974,1.0,True,True,0.0,6.661338147750939e-16,False,False,"[[""H"",43],[""L"",78],[""H"",43],[""L"",80],[""H"",43],[""L"",315],[""H"",44],[""L"",78],[""H"",45],[""L"",80],[""H"",44],[""L"",79]]",False,True,False,ZL1_N3_M3_L79_H44_C316,independent_layer_1nm,117,independent_layer_1nm_ZL1_N3_M3_L79_H44_C316_0117,1,"[-1,-1,-1,1,-1,-1,0,-1,1,1,0,0]"
449.88000000000227,3.3434467984820344,0.43125798517969144,0.9882221643989638,0.2295715519161216,0.0,15.655872104451502,1.0,True,True,0.0,1.1102230246251565e-15,False,False,"[[""H"",44],[""L"",78],[""H"",45],[""L"",80],[""H"",45],[""L"",315],[""H"",43],[""L"",80],[""H"",45],[""L"",80],[""H"",44],[""L"",78]]",True,True,True,ZL1_N3_M3_L79_H44_C316,independent_layer_1nm,118,independent_layer_1nm_ZL1_N3_M3_L79_H44_C316_0118,1,"[0,-1,1,1,1,-1,-1,1,1,1,0,-1]"
448.940000000002,3.3160983263410913,0.7471884565752922,0.7086186130537191,0.1504599709440676,0.0,13.660724000309065,1.0,True,True,0.0,6.661338147750939e-16,False,False,"[[""H"",45],[""L"",79],[""H"",43],[""L"",78],[""H"",43],[""L"",316],[""H"",45],[""L"",78],[""H"",44],[""L"",79],[""H"",43],[""L"",80]]",True,True,True,ZL1_N3_M3_L79_H44_C316,independent_layer_1nm,119,independent_layer_1nm_ZL1_N3_M3_L79_H44_C316_0119,1,"[1,0,-1,-1,-1,0,1,-1,0,0,-1,1]"
447.70000000000175,3.292654022340571,0.9629580197815482,0.3445125449111419,0.09428338653711306,0.0,14.645291845040578,1.0,True,True,0.0,6.661338147750939e-16,False,False,"[[""H"",44],[""L"",80],[""H"",44],[""L"",79],[""H"",44],[""L"",315],[""H"",43],[""L"",78],[""H"",43],[""L"",79],[""H"",45],[""L"",79]]",False,True,False,ZL1_N3_M3_L79_H44_C316,independent_layer_1nm,120,independent_layer_1nm_ZL1_N3_M3_L79_H44_C316_0120,1,"[0,1,0,0,0,-1,-1,-1,-1,0,1,0]"
448.50000000000193,3.3088179402320748,0.9061639722902144,0.5528078082475435,0.1270748290081328,0.0,13.787851209594855,1.0,True,True,0.0,6.661338147750939e-16,False,False,"[[""H"",43],[""L"",78],[""H"",43],[""L"",78],[""H"",45],[""L"",315],[""H"",44],[""L"",78],[""H"",43],[""L"",78],[""H"",45],[""L"",78]]",False,True,False,ZL1_N3_M3_L79_H44_C316,independent_layer_1nm,121,independent_layer_1nm_ZL1_N3_M3_L79_H44_C316_0121,1,"[-1,-1,-1,-1,1,-1,0,-1,-1,-1,1,-1]"
450.9000000000025,3.364456883128071,0.24361767796699504,0.7712973157711542,0.3940355802451467,-6.0,20.047978946332073,0.7771413574398807,False,False,0.0,4.440892098500626e-16,False,False,"[[""H"",45],[""L"",79],[""H"",43],[""L"",80],[""H"",45],[""L"",316],[""H"",44],[""L"",79],[""H"",45],[""L"",80],[""H"",44],[""L"",78]]",True,False,False,ZL1_N3_M3_L79_H44_C316,independent_layer_1nm,122,independent_layer_1nm_ZL1_N3_M3_L79_H44_C316_0122,1,"[1,0,-1,1,1,0,0,0,1,1,0,-1]"
450.30000000000234,3.3502250993117855,0.33568705963531054,0.960253425721421,0.2850798762171528,-3.0,17.644663329113733,0.969147562282306,False,True,0.0,6.661338147750939e-16,False,False,"[[""H"",44],[""L"",78],[""H"",45],[""L"",79],[""H"",45],[""L"",315],[""H"",44],[""L"",80],[""H"",45],[""L"",79],[""H"",43],[""L"",79]]",True,True,True,ZL1_N3_M3_L79_H44_C316,independent_layer_1nm,123,independent_layer_1nm_ZL1_N3_M3_L79_H44_C316_0123,1,"[0,-1,1,0,1,-1,0,1,1,0,-1,0]"
448.5400000000019,3.315577195562639,0.8984057557023558,0.5614874459894924,0.1272658897934792,0.0,13.703926246139883,1.0,True,True,0.0,6.661338147750939e-16,False,False,"[[""H"",44],[""L"",80],[""H"",45],[""L"",80],[""H"",43],[""L"",316],[""H"",43],[""L"",79],[""H"",43],[""L"",80],[""H"",45],[""L"",78]]",False,True,False,ZL1_N3_M3_L79_H44_C316,independent_layer_1nm,124,independent_layer_1nm_ZL1_N3_M3_L79_H44_C316_0124,1,"[0,1,1,1,-1,0,-1,0,-1,1,1,-1]"
448.820000000002,3.313219292131862,0.7956856420174081,0.6616378599086087,0.14292838834721297,0.0,13.628033571866284,1.0,True,True,0.0,4.440892098500626e-16,False,False,"[[""H"",43],[""L"",80],[""H"",44],[""L"",79],[""H"",43],[""L"",316],[""H"",44],[""L"",79],[""H"",44],[""L"",79],[""H"",43],[""L"",79]]",True,True,True,ZL1_N3_M3_L79_H44_C316,independent_layer_1nm,125,independent_layer_1nm_ZL1_N3_M3_L79_H44_C316_0125,1,"[-1,1,0,0,-1,0,0,0,0,0,-1,0]"
449.6800000000022,3.332325902937214,0.4889349507947105,0.9560217710662208,0.20719045791120633,0.0,14.870638557945009,1.0,True,True,0.0,4.440892098500626e-16,False,False,"[[""H"",45],[""L"",78],[""H"",45],[""L"",79],[""H"",44],[""L"",315],[""H"",45],[""L"",78],[""H"",44],[""L"",80],[""H"",43],[""L"",78]]",True,True,True,ZL1_N3_M3_L79_H44_C316,independent_layer_1nm,126,independent_layer_1nm_ZL1_N3_M3_L79_H44_C316_0126,1,"[1,-1,1,0,0,-1,1,-1,0,1,-1,-1]"
451.18000000000256,3.374110885025516,0.21078876692085147,0.660201679672648,0.4668841196852006,-7.0,21.215447755914656,0.6661510333650668,False,False,0.0,6.661338147750939e-16,False,False,"[[""H"",45],[""L"",80],[""H"",45],[""L"",79],[""H"",44],[""L"",316],[""H"",45],[""L"",80],[""H"",44],[""L"",80],[""H"",43],[""L"",80]]",True,False,False,ZL1_N3_M3_L79_H44_C316,independent_layer_1nm,127,independent_layer_1nm_ZL1_N3_M3_L79_H44_C316_0127,1,"[1,1,1,0,0,0,1,1,0,1,-1,1]"
448.3000000000019,3.308304552790389,0.9618339525819551,0.4868525478157262,0.11607835462018827,0.0,13.882814001359986,1.0,True,True,0.0,5.551115123125783e-16,False,False,"[[""H"",44],[""L"",80],[""H"",44],[""L"",78],[""H"",43],[""L"",316],[""H"",43],[""L"",80],[""H"",44],[""L"",80],[""H"",45],[""L"",79]]",False,True,False,ZL1_N3_M3_L79_H44_C316,independent_layer_1nm,128,independent_layer_1nm_ZL1_N3_M3_L79_H44_C316_0128,1,"[0,1,0,-1,-1,0,-1,1,0,1,1,0]"
449.5600000000022,3.3314393773605957,0.5200367509405595,0.9305568300709698,0.19825927796096898,0.0,14.566209150246927,1.0,True,True,0.0,5.551115123125783e-16,False,False,"[[""H"",43],[""L"",80],[""H"",43],[""L"",78],[""H"",44],[""L"",316],[""H"",45],[""L"",78],[""H"",43],[""L"",79],[""H"",45],[""L"",79]]",True,True,True,ZL1_N3_M3_L79_H44_C316,independent_layer_1nm,129,independent_layer_1nm_ZL1_N3_M3_L79_H44_C316_0129,1,"[-1,1,-1,-1,0,0,1,-1,-1,0,1,0]"
450.0000000000023,3.3363594911457994,0.3997504778772985,0.992850402223209,0.24329542298834483,0.0,16.202220565548515,1.0,True,True,0.0,6.661338147750939e-16,False,False,"[[""H"",45],[""L"",78],[""H"",44],[""L"",78],[""H"",45],[""L"",316],[""H"",44],[""L"",78],[""H"",44],[""L"",79],[""H"",44],[""L"",80]]",True,True,True,ZL1_N3_M3_L79_H44_C316,independent_layer_1nm,130,independent_layer_1nm_ZL1_N3_M3_L79_H44_C316_0130,1,"[1,-1,0,-1,1,0,0,-1,0,0,0,1]"
451.20000000000255,3.3712140712529504,0.2083840110028531,0.6531535967512208,0.4714229988468525,-7.0,21.27360941526703,0.6584658726403029,False,False,0.0,6.661338147750939e-16,False,False,"[[""H"",45],[""L"",78],[""H"",44],[""L"",80],[""H"",44],[""L"",316],[""H"",45],[""L"",80],[""H"",45],[""L"",78],[""H"",44],[""L"",80]]",True,False,False,ZL1_N3_M3_L79_H44_C316,independent_layer_1nm,131,independent_layer_1nm_ZL1_N3_M3_L79_H44_C316_0131,1,"[1,-1,0,1,0,0,1,1,1,-1,0,1]"
451.0000000000025,3.3666097384331124,0.22859472752308543,0.7264432328374721,0.4219088764959493,-6.0,20.562336601334593,0.7336227570044404,False,False,0.0,4.440892098500626e-16,False,False,"[[""H"",43],[""L"",80],[""H"",44],[""L"",79],[""H"",45],[""L"",317],[""H"",44],[""L"",78],[""H"",44],[""L"",78],[""H"",44],[""L"",80]]",True,False,False,ZL1_N3_M3_L79_H44_C316,independent_layer_1nm,132,independent_layer_1nm_ZL1_N3_M3_L79_H44_C316_0132,1,"[-1,1,0,0,1,1,0,-1,0,-1,0,1]"
448.0600000000019,3.3000255042396134,0.9918526561215721,0.42286380543569296,0.1075668029023937,0.0,14.190284090455037,1.0,True,True,0.0,7.771561172376096e-16,False,False,"[[""H"",45],[""L"",78],[""H"",43],[""L"",79],[""H"",43],[""L"",317],[""H"",43],[""L"",78],[""H"",43],[""L"",79],[""H"",43],[""L"",80]]",False,True,False,ZL1_N3_M3_L79_H44_C316,independent_layer_1nm,133,independent_layer_1nm_ZL1_N3_M3_L79_H44_C316_0133,1,"[1,-1,-1,0,-1,1,-1,-1,-1,0,-1,1]"
451.6400000000026,3.3886621189463426,0.16847585172878432,0.503755725025099,0.611397140405549,-8.0,22.88102887747913,0.5073271096555052,False,False,0.0,6.661338147750939e-16,False,False,"[[""H"",44],[""L"",80],[""H"",43],[""L"",78],[""H"",45],[""L"",317],[""H"",45],[""L"",80],[""H"",43],[""L"",79],[""H"",43],[""L"",80]]",False,False,False,ZL1_N3_M3_L79_H44_C316,independent_layer_1nm,134,independent_layer_1nm_ZL1_N3_M3_L79_H44_C316_0134,1,"[0,1,-1,-1,1,1,1,1,-1,0,-1,1]"
450.1000000000023,3.3448252628554656,0.3793459858403919,0.9898214951915723,0.2559021825846348,-2.0,16.681008564729357,0.9969453304041436,False,True,0.0,5.551115123125783e-16,False,False,"[[""H"",43],[""L"",79],[""H"",44],[""L"",78],[""H"",45],[""L"",315],[""H"",45],[""L"",79],[""H"",44],[""L"",79],[""H"",43],[""L"",78]]",True,True,True,ZL1_N3_M3_L79_H44_C316,independent_layer_1nm,135,independent_layer_1nm_ZL1_N3_M3_L79_H44_C316_0135,1,"[-1,0,0,-1,1,-1,1,0,0,0,-1,-1]"
448.680000000002,3.318335393618952,0.8503590303209019,0.6102183373896712,0.1344770561718,0.0,13.636634940806623,1.0,True,True,0.0,5.551115123125783e-16,False,False,"[[""H"",43],[""L"",80],[""H"",44],[""L"",80],[""H"",43],[""L"",316],[""H"",43],[""L"",79],[""H"",45],[""L"",79],[""H"",45],[""L"",80]]",True,True,True,ZL1_N3_M3_L79_H44_C316,independent_layer_1nm,136,independent_layer_1nm_ZL1_N3_M3_L79_H44_C316_0136,1,"[-1,1,0,1,-1,0,-1,0,1,0,1,1]"
449.78000000000225,3.3364736582653904,0.4585123085430043,0.9758033374121097,0.21813813155503475,0.0,15.233751412441109,1.0,True,True,0.0,6.661338147750939e-16,False,False,"[[""H"",43],[""L"",80],[""H"",44],[""L"",79],[""H"",45],[""L"",316],[""H"",43],[""L"",78],[""H"",45],[""L"",80],[""H"",44],[""L"",79]]",True,True,True,ZL1_N3_M3_L79_H44_C316,independent_layer_1nm,137,independent_layer_1nm_ZL1_N3_M3_L79_H44_C316_0137,1,"[-1,1,0,0,1,0,-1,-1,1,1,0,0]"
447.8000000000018,3.293765996998445,0.979609691727906,0.3651244710635577,0.0979145966440613,0.0,14.509045572275946,1.0,True,True,0.0,5.551115123125783e-16,False,False,"[[""H"",45],[""L"",79],[""H"",43],[""L"",80],[""H"",43],[""L"",315],[""H"",44],[""L"",79],[""H"",43],[""L"",78],[""H"",44],[""L"",79]]",False,True,False,ZL1_N3_M3_L79_H44_C316,independent_layer_1nm,138,independent_layer_1nm_ZL1_N3_M3_L79_H44_C316_0138,1,"[1,0,-1,1,-1,-1,0,0,-1,-1,0,0]"
449.6800000000022,3.3323150307628,0.4870073797551918,0.9572669012956291,0.20854492677181524,0.0,14.896111083485076,1.0,True,True,0.0,5.551115123125783e-16,False,False,"[[""H"",45],[""L"",78],[""H"",44],[""L"",78],[""H"",45],[""L"",316],[""H"",44],[""L"",78],[""H"",43],[""L"",79],[""H"",43],[""L"",80]]",True,True,True,ZL1_N3_M3_L79_H44_C316,independent_layer_1nm,139,independent_layer_1nm_ZL1_N3_M3_L79_H44_C316_0139,1,"[1,-1,0,-1,1,0,0,-1,-1,0,-1,1]"
448.820000000002,3.314079032130678,0.7977262458180492,0.660157400482501,0.14272933010759672,0.0,13.61973948716988,1.0,True,True,0.0,8.881784197001252e-16,False,False,"[[""H"",45],[""L"",78],[""H"",44],[""L"",79],[""H"",43],[""L"",317],[""H"",43],[""L"",80],[""H"",43],[""L"",78],[""H"",44],[""L"",80]]",True,True,True,ZL1_N3_M3_L79_H44_C316,independent_layer_1nm,140,independent_layer_1nm_ZL1_N3_M3_L79_H44_C316_0140,1,"[1,-1,0,0,-1,1,-1,1,-1,-1,0,1]"
447.82000000000176,3.2951503140849354,0.9812334084453513,0.3674019388217114,0.09796776680352214,0.0,14.487859198374823,1.0,True,True,0.0,8.881784197001252e-16,False,False,"[[""H"",45],[""L"",78],[""H"",45],[""L"",79],[""H"",43],[""L"",315],[""H"",44],[""L"",78],[""H"",43],[""L"",79],[""H"",44],[""L"",80]]",False,True,False,ZL1_N3_M3_L79_H44_C316,independent_layer_1nm,141,independent_layer_1nm_ZL1_N3_M3_L79_H44_C316_0141,1,"[1,-1,1,0,-1,-1,0,-1,-1,0,0,1]"
449.92000000000223,3.3374357035163484,0.4189194996049066,0.9906429691956915,0.23448804578739438,0.0,15.842872131145363,1.0,True,True,0.0,1.3322676295501878e-15,False,False,"[[""H"",45],[""L"",78],[""H"",43],[""L"",78],[""H"",45],[""L"",316],[""H"",44],[""L"",78],[""H"",45],[""L"",78],[""H"",44],[""L"",80]]",True,True,True,ZL1_N3_M3_L79_H44_C316,independent_layer_1nm,142,independent_layer_1nm_ZL1_N3_M3_L79_H44_C316_0142,1,"[1,-1,-1,-1,1,0,0,-1,1,-1,0,1]"
450.5800000000024,3.3526734620094203,0.28785263331253175,0.8857308543139129,0.32944700249927805,-5.0,18.830219659497445,0.8933286496234611,False,True,0.0,6.661338147750939e-16,False,False,"[[""H"",44],[""L"",80],[""H"",45],[""L"",78],[""H"",45],[""L"",316],[""H"",44],[""L"",78],[""H"",45],[""L"",79],[""H"",44],[""L"",79]]",True,True,True,ZL1_N3_M3_L79_H44_C316,independent_layer_1nm,143,independent_layer_1nm_ZL1_N3_M3_L79_H44_C316_0143,1,"[0,1,1,-1,1,0,0,-1,1,0,0,0]"
449.8200000000022,3.3359839128604563,0.44693592522098263,0.9816977079244965,0.22233638937989186,0.0,15.397193432457735,1.0,True,True,0.0,6.661338147750939e-16,False,False,"[[""H"",45],[""L"",78],[""H"",44],[""L"",79],[""H"",44],[""L"",315],[""H"",45],[""L"",80],[""H"",43],[""L"",80],[""H"",45],[""L"",78]]",True,True,True,ZL1_N3_M3_L79_H44_C316,independent_layer_1nm,144,independent_layer_1nm_ZL1_N3_M3_L79_H44_C316_0144,1,"[1,-1,0,0,0,-1,1,1,-1,1,1,-1]"
450.0000000000023,3.3415696730853597,0.3991528921867414,0.992699585566553,0.24436273224147737,0.0,16.20968376443197,1.0,True,True,0.0,8.881784197001252e-16,False,False,"[[""H"",44],[""L"",80],[""H"",45],[""L"",79],[""H"",43],[""L"",317],[""H"",44],[""L"",79],[""H"",44],[""L"",79],[""H"",44],[""L"",78]]",True,True,True,ZL1_N3_M3_L79_H44_C316,independent_layer_1nm,145,independent_layer_1nm_ZL1_N3_M3_L79_H44_C316_0145,1,"[0,1,1,0,-1,1,0,0,0,0,0,-1]"
449.00000000000205,3.328400626069424,0.7227837329046347,0.7350911141411409,0.15507219139036765,0.0,13.69713709394708,1.0,True,True,0.0,6.661338147750939e-16,False,False,"[[""H"",43],[""L"",78],[""H"",43],[""L"",79],[""H"",43],[""L"",315],[""H"",45],[""L"",80],[""H"",45],[""L"",79],[""H"",44],[""L"",80]]",True,True,True,ZL1_N3_M3_L79_H44_C316,independent_layer_1nm,146,independent_layer_1nm_ZL1_N3_M3_L79_H44_C316_0146,1,"[-1,-1,-1,0,-1,-1,1,1,1,0,0,1]"
451.34000000000253,3.3764744224968695,0.19550694166079557,0.6065602970936793,0.508974158290995,-7.0,21.745893598862153,0.6122051912696193,False,False,0.0,6.661338147750939e-16,False,False,"[[""H"",45],[""L"",80],[""H"",43],[""L"",79],[""H"",45],[""L"",316],[""H"",45],[""L"",79],[""H"",45],[""L"",78],[""H"",43],[""L"",80]]",True,False,False,ZL1_N3_M3_L79_H44_C316,independent_layer_1nm,147,independent_layer_1nm_ZL1_N3_M3_L79_H44_C316_0147,1,"[1,1,-1,0,1,0,1,0,1,-1,-1,1]"
449.9600000000023,3.3489535512864563,0.41019750812329225,0.9924477773197606,0.24013306988196334,0.0,16.04106277785871,1.0,True,True,0.0,1.2212453270876722e-15,False,False,"[[""H"",43],[""L"",78],[""H"",44],[""L"",80],[""H"",43],[""L"",316],[""H"",45],[""L"",78],[""H"",45],[""L"",80],[""H"",45],[""L"",80]]",True,True,True,ZL1_N3_M3_L79_H44_C316,independent_layer_1nm,148,independent_layer_1nm_ZL1_N3_M3_L79_H44_C316_0148,1,"[-1,-1,0,1,-1,0,1,-1,1,1,1,1]"
450.14000000000226,3.353143172519083,0.3722507859384102,0.9870101697846086,0.26151267271038636,-2.0,16.84607916342444,0.9941074555459349,False,True,0.0,6.661338147750939e-16,False,False,"[[""H"",44],[""L"",80],[""H"",45],[""L"",80],[""H"",43],[""L"",316],[""H"",45],[""L"",80],[""H"",43],[""L"",78],[""H"",43],[""L"",79]]",True,True,True,ZL1_N3_M3_L79_H44_C316,independent_layer_1nm,149,independent_layer_1nm_ZL1_N3_M3_L79_H44_C316_0149,1,"[0,1,1,1,-1,0,1,1,-1,-1,-1,0]"
450.14000000000226,3.3530878106637374,0.3683302252227558,0.9852619484602183,0.2638589361140674,-2.0,16.91549470682068,0.9928460786290255,False,True,0.0,4.440892098500626e-16,False,False,"[[""H"",44],[""L"",80],[""H"",45],[""L"",80],[""H"",43],[""L"",317],[""H"",44],[""L"",80],[""H"",43],[""L"",78],[""H"",43],[""L"",80]]",True,True,True,ZL1_N3_M3_L79_H44_C316,independent_layer_1nm,150,independent_layer_1nm_ZL1_N3_M3_L79_H44_C316_0150,1,"[0,1,1,1,-1,1,0,1,-1,-1,-1,1]"
448.4000000000019,3.3097929326922895,0.9354276548126974,0.5213679765587156,0.12273020304089292,0.0,13.830704705319533,1.0,True,True,0.0,1.1102230246251565e-15,False,False,"[[""H"",43],[""L"",78],[""H"",43],[""L"",80],[""H"",43],[""L"",317],[""H"",43],[""L"",79],[""H"",43],[""L"",78],[""H"",44],[""L"",79]]",False,True,False,ZL1_N3_M3_L79_H44_C316,independent_layer_1nm,151,independent_layer_1nm_ZL1_N3_M3_L79_H44_C316_0151,1,"[-1,-1,-1,1,-1,1,-1,0,-1,-1,0,0]"
450.56000000000245,3.357530988324811,0.29066985915104604,0.8925861522119596,0.3274830433050369,-5.0,18.748447716846933,0.9012478999945921,False,True,0.0,1.1102230246251565e-15,False,False,"[[""H"",43],[""L"",78],[""H"",45],[""L"",79],[""H"",44],[""L"",317],[""H"",44],[""L"",79],[""H"",44],[""L"",79],[""H"",43],[""L"",80]]",True,True,True,ZL1_N3_M3_L79_H44_C316,independent_layer_1nm,152,independent_layer_1nm_ZL1_N3_M3_L79_H44_C316_0152,1,"[-1,-1,1,0,0,1,0,0,0,0,-1,1]"
450.70000000000243,3.3607177879892447,0.2708229486138747,0.8467382953231197,0.3520387074909679,-5.0,19.291507916478544,0.8536749828403895,False,True,0.0,4.440892098500626e-16,False,False,"[[""H"",45],[""L"",79],[""H"",45],[""L"",78],[""H"",43],[""L"",317],[""H"",45],[""L"",79],[""H"",45],[""L"",78],[""H"",43],[""L"",80]]",True,True,True,ZL1_N3_M3_L79_H44_C316,independent_layer_1nm,153,independent_layer_1nm_ZL1_N3_M3_L79_H44_C316_0153,1,"[1,0,1,-1,-1,1,1,0,1,-1,-1,1]"
450.6200000000024,3.3608997373655143,0.2825893211235077,0.8718700037484064,0.3378557422091333,-5.0,18.971005354019365,0.8782517858026908,False,True,0.0,4.440892098500626e-16,False,False,"[[""H"",45],[""L"",79],[""H"",45],[""L"",80],[""H"",44],[""L"",317],[""H"",43],[""L"",79],[""H"",45],[""L"",80],[""H"",44],[""L"",80]]",True,True,True,ZL1_N3_M3_L79_H44_C316,independent_layer_1nm,154,independent_layer_1nm_ZL1_N3_M3_L79_H44_C316_0154,1,"[1,0,1,1,0,1,-1,0,1,1,0,1]"
450.2600000000024,3.3545739291090513,0.3432444912067717,0.9681120621514598,0.28063737874904504,-3.0,17.462575997216803,0.9757660092792874,False,True,0.0,5.551115123125783e-16,False,False,"[[""H"",43],[""L"",78],[""H"",43],[""L"",80],[""H"",45],[""L"",317],[""H"",43],[""L"",78],[""H"",45],[""L"",78],[""H"",44],[""L"",78]]",True,True,True,ZL1_N3_M3_L79_H44_C316,independent_layer_1nm,155,independent_layer_1nm_ZL1_N3_M3_L79_H44_C316_0155,1,"[-1,-1,-1,1,1,1,-1,-1,1,-1,0,-1]"
448.4000000000019,3.3037196433581926,0.9397629602938864,0.5153335662654561,0.12121185791737418,0.0,13.851433818261194,1.0,True,True,0.0,6.661338147750939e-16,False,False,"[[""H"",43],[""L"",79],[""H"",44],[""L"",79],[""H"",44],[""L"",315],[""H"",44],[""L"",78],[""H"",44],[""L"",78],[""H"",43],[""L"",78]]",False,True,False,ZL1_N3_M3_L79_H44_C316,independent_layer_1nm,156,independent_layer_1nm_ZL1_N3_M3_L79_H44_C316_0156,1,"[-1,0,0,0,0,-1,0,-1,0,-1,-1,-1]"
450.6000000000024,3.3586083342263464,0.2839210865302315,0.8776854596575746,0.33551157361971334,-5.0,18.95465435148215,0.8842231409141942,False,True,0.0,6.661338147750939e-16,False,False,"[[""H"",44],[""L"",78],[""H"",45],[""L"",80],[""H"",45],[""L"",315],[""H"",45],[""L"",79],[""H"",43],[""L"",78],[""H"",44],[""L"",79]]",True,True,True,ZL1_N3_M3_L79_H44_C316,independent_layer_1nm,157,independent_layer_1nm_ZL1_N3_M3_L79_H44_C316_0157,1,"[0,-1,1,1,1,-1,1,0,-1,-1,0,0]"
450.0800000000023,3.3442989250552273,0.3832940164953939,0.9905212615724648,0.25299736005353457,-2.0,16.588069812322566,0.9978674566609207,False,True,0.0,4.440892098500626e-16,False,False,"[[""H"",45],[""L"",80],[""H"",43],[""L"",80],[""H"",44],[""L"",315],[""H"",45],[""L"",79],[""H"",45],[""L"",79],[""H"",44],[""L"",78]]",True,True,True,ZL1_N3_M3_L79_H44_C316,independent_layer_1nm,158,independent_layer_1nm_ZL1_N3_M3_L79_H44_C316_0158,1,"[1,1,-1,1,0,-1,1,0,1,0,0,-1]"
448.6400000000019,3.311298355686631,0.8653462894900964,0.5942810267199807,0.132780134860853,0.0,13.668399876130282,1.0,True,True,0.0,6.661338147750939e-16,False,False,"[[""H"",43],[""L"",80],[""H"",43],[""L"",80],[""H"",43],[""L"",317],[""H"",43],[""L"",78],[""H"",44],[""L"",78],[""H"",45],[""L"",79]]",False,True,False,ZL1_N3_M3_L79_H44_C316,independent_layer_1nm,159,independent_layer_1nm_ZL1_N3_M3_L79_H44_C316_0159,1,"[-1,1,-1,1,-1,1,-1,-1,0,-1,1,0]"
450.06000000000233,3.346260753354102,0.38625532500680637,0.9911294054597422,0.25168079226576057,-2.0,16.523519216517723,0.9986990900247956,False,True,0.0,5.551115123125783e-16,False,False,"[[""H"",45],[""L"",80],[""H"",45],[""L"",79],[""H"",44],[""L"",317],[""H"",43],[""L"",78],[""H"",45],[""L"",78],[""H"",45],[""L"",78]]",True,True,True,ZL1_N3_M3_L79_H44_C316,independent_layer_1nm,160,independent_layer_1nm_ZL1_N3_M3_L79_H44_C316_0160,1,"[1,1,1,0,0,1,-1,-1,1,-1,1,-1]"
449.64000000000215,3.332356084219896,0.4971458420044056,0.9491073202969054,0.20489301787502337,0.0,14.75587618253803,1.0,True,True,0.0,1.1102230246251565e-15,False,False,"[[""H"",43],[""L"",79],[""H"",44],[""L"",79],[""H"",43],[""L"",317],[""H"",44],[""L"",79],[""H"",44],[""L"",79],[""H"",44],[""L"",80]]",True,True,True,ZL1_N3_M3_L79_H44_C316,independent_layer_1nm,161,independent_layer_1nm_ZL1_N3_M3_L79_H44_C316_0161,1,"[-1,0,0,0,-1,1,0,0,0,0,0,1]"
449.12000000000205,3.329714297284852,0.6820037875858351,0.7761387279477583,0.16214598588433823,0.0,13.76046849663963,1.0,True,True,0.0,4.440892098500626e-16,False,False,"[[""H"",45],[""L"",80],[""H"",45],[""L"",79],[""H"",44],[""L"",315],[""H"",44],[""L"",80],[""H"",43],[""L"",78],[""H"",43],[""L"",78]]",True,True,True,ZL1_N3_M3_L79_H44_C316,independent_layer_1nm,162,independent_layer_1nm_ZL1_N3_M3_L79_H44_C316_0162,1,"[1,1,1,0,0,-1,0,1,-1,-1,-1,-1]"
448.900000000002,3.3181849676904562,0.7678954682953485,0.6893079904485127,0.1467436758827011,0.0,13.640871732576409,1.0,True,True,0.0,4.440892098500626e-16,False,False,"[[""H"",45],[""L"",80],[""H"",44],[""L"",78],[""H"",43],[""L"",315],[""H"",45],[""L"",79],[""H"",45],[""L"",78],[""H"",43],[""L"",80]]",True,True,True,ZL1_N3_M3_L79_H44_C316,independent_layer_1nm,163,independent_layer_1nm_ZL1_N3_M3_L79_H44_C316_0163,1,"[1,1,0,-1,-1,-1,1,0,1,-1,-1,1]"
449.66000000000224,3.334209026746521,0.49516031472473154,0.9513899095293452,0.20576362282071914,0.0,14.777042961254878,1.0,True,True,0.0,5.551115123125783e-16,False,False,"[[""H"",45],[""L"",80],[""H"",43],[""L"",79],[""H"",44],[""L"",317],[""H"",43],[""L"",80],[""H"",43],[""L"",80],[""H"",44],[""L"",78]]",True,True,True,ZL1_N3_M3_L79_H44_C316,independent_layer_1nm,164,independent_layer_1nm_ZL1_N3_M3_L79_H44_C316_0164,1,"[1,1,-1,0,0,1,-1,1,-1,1,0,-1]"
449.8200000000022,3.338642510557463,0.44618263780021433,0.9818104634650472,0.22342115002294494,0.0,15.409752656741599,1.0,True,True,0.0,5.551115123125783e-16,False,False,"[[""H"",43],[""L"",80],[""H"",44],[""L"",80],[""H"",43],[""L"",316],[""H"",45],[""L"",78],[""H"",45],[""L"",78],[""H"",43],[""L"",80]]",True,True,True,ZL1_N3_M3_L79_H44_C316,independent_layer_1nm,165,independent_layer_1nm_ZL1_N3_M3_L79_H44_C316_0165,1,"[-1,1,0,1,-1,0,1,-1,1,-1,-1,1]"
447.9000000000018,3.2966780577832537,0.9894042594878036,0.3857486496674314,0.10118738335585697,0.0,14.363179729910142,1.0,True,True,0.0,6.661338147750939e-16,False,False,"[[""H"",43],[""L"",80],[""H"",43],[""L"",80],[""H"",43],[""L"",316],[""H"",43],[""L"",78],[""H"",44],[""L"",80],[""H"",44],[""L"",79]]",False,True,False,ZL1_N3_M3_L79_H44_C316,independent_layer_1nm,166,independent_layer_1nm_ZL1_N3_M3_L79_H44_C316_0166,1,"[-1,1,-1,1,-1,0,-1,-1,0,1,0,0]"
449.5400000000021,3.3275545022202664,0.5299283802475511,0.9221778321500178,0.19483818183028945,0.0,14.470394638754252,1.0,True,True,0.0,9.992007221626409e-16,False,False,"[[""H"",44],[""L"",78],[""H"",45],[""L"",78],[""H"",44],[""L"",315],[""H"",45],[""L"",80],[""H"",43],[""L"",78],[""H"",44],[""L"",79]]",True,True,True,ZL1_N3_M3_L79_H44_C316,independent_layer_1nm,167,independent_layer_1nm_ZL1_N3_M3_L79_H44_C316_0167,1,"[0,-1,1,-1,0,-1,1,1,-1,-1,0,0]"
451.6600000000027,3.3824968560146544,0.16858813662952132,0.502152252830201,0.611600712987614,-8.0,22.879190302674566,0.5057435678103492,False,False,0.0,6.661338147750939e-16,False,False,"[[""H"",44],[""L"",79],[""H"",44],[""L"",80],[""H"",45],[""L"",316],[""H"",45],[""L"",80],[""H"",43],[""L"",79],[""H"",45],[""L"",79]]",False,False,False,ZL1_N3_M3_L79_H44_C316,independent_layer_1nm,168,independent_layer_1nm_ZL1_N3_M3_L79_H44_C316_0168,1,"[0,0,0,1,1,0,1,1,-1,0,1,0]"
448.820000000002,3.3137341421061137,0.7926484392205235,0.6644108037996119,0.1428247466700804,0.0,13.633109813657343,1.0,True,True,0.0,5.551115123125783e-16,False,False,"[[""H"",43],[""L"",79],[""H"",45],[""L"",78],[""H"",43],[""L"",315],[""H"",45],[""L"",79],[""H"",44],[""L"",79],[""H"",44],[""L"",80]]",True,True,True,ZL1_N3_M3_L79_H44_C316,independent_layer_1nm,169,independent_layer_1nm_ZL1_N3_M3_L79_H44_C316_0169,1,"[-1,0,1,-1,-1,-1,1,0,0,0,0,1]"
450.9000000000025,3.364284416867065,0.2410999429397845,0.7656722704424309,0.3977144362678005,-6.0,20.11802269217065,0.771315416269751,False,False,0.0,6.661338147750939e-16,False,False,"[[""H"",44],[""L"",80],[""H"",43],[""L"",78],[""H"",45],[""L"",317],[""H"",44],[""L"",78],[""H"",45],[""L"",80],[""H"",43],[""L"",80]]",True,False,False,ZL1_N3_M3_L79_H44_C316,independent_layer_1nm,170,independent_layer_1nm_ZL1_N3_M3_L79_H44_C316_0170,1,"[0,1,-1,-1,1,1,0,-1,1,1,-1,1]"
450.2400000000023,3.3474869702126284,0.34909762722650417,0.9734779297741314,0.2750932432208818,-3.0,17.32519454281137,0.9802268971436305,False,True,0.0,7.771561172376096e-16,False,False,"[[""H"",45],[""L"",78],[""H"",44],[""L"",80],[""H"",45],[""L"",316],[""H"",44],[""L"",78],[""H"",43],[""L"",78],[""H"",45],[""L"",79]]",True,True,True,ZL1_N3_M3_L79_H44_C316,independent_layer_1nm,171,independent_layer_1nm_ZL1_N3_M3_L79_H44_C316_0171,1,"[1,-1,0,1,1,0,0,-1,-1,-1,1,0]"
448.46000000000197,3.3066308376245956,0.9230984522357897,0.5342420168730946,0.12378902995535365,0.0,13.801842639625345,1.0,True,True,0.0,6.661338147750939e-16,False,False,"[[""H"",45],[""L"",78],[""H"",43],[""L"",78],[""H"",44],[""L"",315],[""H"",44],[""L"",79],[""H"",45],[""L"",78],[""H"",43],[""L"",78]]",False,True,False,ZL1_N3_M3_L79_H44_C316,independent_layer_1nm,172,independent_layer_1nm_ZL1_N3_M3_L79_H44_C316_0172,1,"[1,-1,-1,-1,0,-1,0,0,1,-1,-1,-1]"
447.04000000000156,3.2756931182232165,0.7422385994153015,0.24103807444399258,0.07678148636874804,0.0,15.71161621479689,1.0,True,True,0.0,4.440892098500626e-16,False,False,"[[""H"",44],[""L"",79],[""H"",43],[""L"",78],[""H"",43],[""L"",315],[""H"",44],[""L"",78],[""H"",43],[""L"",80],[""H"",43],[""L"",78]]",False,True,False,ZL1_N3_M3_L79_H44_C316,independent_layer_1nm,173,independent_layer_1nm_ZL1_N3_M3_L79_H44_C316_0173,1,"[0,0,-1,-1,-1,-1,0,-1,-1,1,-1,-1]"
447.4000000000017,3.2892531963821057,0.8752900245658455,0.2902989477848653,0.08556821860737462,0.0,15.129538585756674,1.0,True,True,0.0,6.661338147750939e-16,False,False,"[[""H"",45],[""L"",80],[""H"",44],[""L"",78],[""H"",43],[""L"",316],[""H"",43],[""L"",78],[""H"",43],[""L"",79],[""H"",43],[""L"",80]]",False,True,False,ZL1_N3_M3_L79_H44_C316,independent_layer_1nm,174,independent_layer_1nm_ZL1_N3_M3_L79_H44_C316_0174,1,"[1,1,0,-1,-1,0,-1,-1,-1,0,-1,1]"
449.62000000000216,3.3350900545970035,0.5027029494998865,0.9451091626445213,0.20347362671014785,0.0,14.724562301237869,1.0,True,True,0.0,8.881784197001252e-16,False,False,"[[""H"",43],[""L"",79],[""H"",43],[""L"",80],[""H"",43],[""L"",316],[""H"",45],[""L"",78],[""H"",45],[""L"",79],[""H"",44],[""L"",79]]",True,True,True,ZL1_N3_M3_L79_H44_C316,independent_layer_1nm,175,independent_layer_1nm_ZL1_N3_M3_L79_H44_C316_0175,1,"[-1,0,-1,1,-1,0,1,-1,1,0,0,0]"
450.3600000000024,3.353381892747052,0.32573696306387895,0.9487281345162114,0.29376764603298255,-4.0,17.83819929376833,0.9561716315072623,False,True,0.0,6.661338147750939e-16,False,False,"[[""H"",45],[""L"",78],[""H"",45],[""L"",79],[""H"",44],[""L"",317],[""H"",43],[""L"",80],[""H"",45],[""L"",79],[""H"",43],[""L"",78]]",True,True,True,ZL1_N3_M3_L79_H44_C316,independent_layer_1nm,176,independent_layer_1nm_ZL1_N3_M3_L79_H44_C316_0176,1,"[1,-1,1,0,0,1,-1,1,1,0,-1,-1]"
449.28000000000213,3.322018507765165,0.6218911545448311,0.8333221049193528,0.17257162572406406,0.0,13.90792495308664,1.0,True,True,0.0,6.661338147750939e-16,False,False,"[[""H"",45],[""L"",79],[""H"",43],[""L"",79],[""H"",43],[""L"",316],[""H"",45],[""L"",78],[""H"",44],[""L"",79],[""H"",44],[""L"",80]]",True,True,True,ZL1_N3_M3_L79_H44_C316,independent_layer_1nm,177,independent_layer_1nm_ZL1_N3_M3_L79_H44_C316_0177,1,"[1,0,-1,0,-1,0,1,-1,0,0,0,1]"
449.52000000000214,3.3358449219069257,0.538362714843118,0.9163504012170235,0.19250768317548095,0.0,14.411340994290708,1.0,True,True,0.0,8.881784197001252e-16,False,False,"[[""H"",45],[""L"",80],[""H"",45],[""L"",79],[""H"",45],[""L"",315],[""H"",43],[""L"",79],[""H"",45],[""L"",79],[""H"",44],[""L"",78]]",True,True,True,ZL1_N3_M3_L79_H44_C316,independent_layer_1nm,178,independent_layer_1nm_ZL1_N3_M3_L79_H44_C316_0178,1,"[1,1,1,0,1,-1,-1,0,1,0,0,-1]"
449.62000000000216,3.338184916833086,0.5074752203014496,0.9429423599109211,0.20215211986499218,0.0,14.688630254529118,1.0,True,True,0.0,1.1102230246251565e-15,False,False,"[[""H"",43],[""L"",80],[""H"",43],[""L"",79],[""H"",45],[""L"",316],[""H"",43],[""L"",78],[""H"",45],[""L"",80],[""H"",45],[""L"",80]]",True,True,True,ZL1_N3_M3_L79_H44_C316,independent_layer_1nm,179,independent_layer_1nm_ZL1_N3_M3_L79_H44_C316_0179,1,"[-1,1,-1,0,1,0,-1,-1,1,1,1,1]"
450.3600000000024,3.3528413964317565,0.3279017708009331,0.9501496047509725,0.29143491933669075,-4.0,17.821219615172435,0.9583291077690271,False,True,0.0,6.661338147750939e-16,False,False,"[[""H"",44],[""L"",80],[""H"",45],[""L"",80],[""H"",45],[""L"",315],[""H"",44],[""L"",79],[""H"",44],[""L"",79],[""H"",45],[""L"",79]]",True,True,True,ZL1_N3_M3_L79_H44_C316,independent_layer_1nm,180,independent_layer_1nm_ZL1_N3_M3_L79_H44_C316_0180,1,"[0,1,1,1,1,-1,0,0,0,0,1,0]"
449.0600000000021,3.32324572890775,0.7040228031333357,0.7534678054460263,0.15871271714415086,0.0,13.718822473215605,1.0,True,True,0.0,4.440892098500626e-16,False,False,"[[""H"",43],[""L"",80],[""H"",45],[""L"",78],[""H"",44],[""L"",317],[""H"",43],[""L"",78],[""H"",43],[""L"",78],[""H"",43],[""L"",80]]",True,True,True,ZL1_N3_M3_L79_H44_C316,independent_layer_1nm,181,independent_layer_1nm_ZL1_N3_M3_L79_H44_C316_0181,1,"[-1,1,1,-1,0,1,-1,-1,-1,-1,-1,1]"
450.70000000000243,3.359721719510844,0.26954644809829187,0.843582469943321,0.35343283167524175,-5.0,19.332056706945345,0.8508547404978251,False,True,0.0,4.440892098500626e-16,False,False,"[[""H"",43],[""L"",79],[""H"",45],[""L"",80],[""H"",44],[""L"",316],[""H"",45],[""L"",78],[""H"",44],[""L"",78],[""H"",45],[""L"",80]]",True,True,True,ZL1_N3_M3_L79_H44_C316,independent_layer_1nm,182,independent_layer_1nm_ZL1_N3_M3_L79_H44_C316_0182,1,"[-1,0,1,1,0,0,1,-1,0,-1,1,1]"
447.6600000000018,3.2892756814163135,0.9542260717609532,0.3371848304699774,0.09353175616995353,0.0,14.714304593279726,1.0,True,True,0.0,4.440892098500626e-16,False,False,"[[""H"",43],[""L"",78],[""H"",44],[""L"",79],[""H"",43],[""L"",316],[""H"",43],[""L"",78],[""H"",44],[""L"",79],[""H"",44],[""L"",79]]",False,True,False,ZL1_N3_M3_L79_H44_C316,independent_layer_1nm,183,independent_layer_1nm_ZL1_N3_M3_L79_H44_C316_0183,1,"[-1,-1,0,0,-1,0,-1,-1,0,0,0,0]"
450.3400000000023,3.349005729365956,0.3290134006901106,0.9534962570640464,0.2900524563525302,-4.0,17.755562168148018,0.9621393427883256,False,True,0.0,5.551115123125783e-16,False,False,"[[""H"",45],[""L"",79],[""H"",43],[""L"",79],[""H"",45],[""L"",317],[""H"",43],[""L"",79],[""H"",44],[""L"",79],[""H"",44],[""L"",80]]",True,True,True,ZL1_N3_M3_L79_H44_C316,independent_layer_1nm,184,independent_layer_1nm_ZL1_N3_M3_L79_H44_C316_0184,1,"[1,0,-1,0,1,1,-1,0,0,0,0,1]"
448.4200000000019,3.3038615512071488,0.9323410208569024,0.5235453672981493,0.12230641826222419,0.0,13.822793515103948,1.0,True,True,0.0,7.771561172376096e-16,False,False,"[[""H"",44],[""L"",78],[""H"",43],[""L"",79],[""H"",44],[""L"",315],[""H"",44],[""L"",79],[""H"",44],[""L"",78],[""H"",43],[""L"",80]]",False,True,False,ZL1_N3_M3_L79_H44_C316,independent_layer_1nm,185,independent_layer_1nm_ZL1_N3_M3_L79_H44_C316_0185,1,"[0,-1,-1,0,0,-1,0,0,0,-1,-1,1]"
447.6600000000018,3.2931654406756365,0.9503097746184754,0.3340375257225019,0.0928992612055729,0.0,14.72856144240136,1.0,True,True,0.0,5.551115123125783e-16,False,False,"[[""H"",44],[""L"",80],[""H"",43],[""L"",78],[""H"",43],[""L"",316],[""H"",43],[""L"",80],[""H"",43],[""L"",78],[""H"",45],[""L"",80]]",False,True,False,ZL1_N3_M3_L79_H44_C316,independent_layer_1nm,186,independent_layer_1nm_ZL1_N3_M3_L79_H44_C316_0186,1,"[0,1,-1,-1,-1,0,-1,1,-1,-1,1,1]"
450.92000000000246,3.3659398289916567,0.24101233974656863,0.7630979004996856,0.3993866820760272,-6.0,20.177108428219498,0.7683962922504765,False,False,0.0,6.661338147750939e-16,False,False,"[[""H"",45],[""L"",78],[""H"",45],[""L"",78],[""H"",45],[""L"",315],[""H"",45],[""L"",80],[""H"",45],[""L"",79],[""H"",43],[""L"",78]]",True,False,False,ZL1_N3_M3_L79_H44_C316,independent_layer_1nm,187,independent_layer_1nm_ZL1_N3_M3_L79_H44_C316_0187,1,"[1,-1,1,-1,1,-1,1,1,1,0,-1,-1]"
450.30000000000234,3.352291763191886,0.33703865807014133,0.9630450802765916,0.28505947319868963,-3.0,17.606320961194605,0.9710804377533423,False,True,0.0,4.440892098500626e-16,False,False,"[[""H"",45],[""L"",79],[""H"",43],[""L"",78],[""H"",45],[""L"",317],[""H"",44],[""L"",78],[""H"",43],[""L"",79],[""H"",43],[""L"",79]]",True,True,True,ZL1_N3_M3_L79_H44_C316,independent_layer_1nm,188,independent_layer_1nm_ZL1_N3_M3_L79_H44_C316_0188,1,"[1,0,-1,-1,1,1,0,-1,-1,0,-1,0]"
451.86000000000274,3.3900552212229513,0.15270293330421553,0.44098296216592936,0.6910274807800563,-9.0,9.301762103981439,0.45071852500549436,False,False,0.0,9.992007221626409e-16,False,False,"[[""H"",45],[""L"",79],[""H"",44],[""L"",79],[""H"",45],[""L"",317],[""H"",45],[""L"",79],[""H"",43],[""L"",78],[""H"",44],[""L"",79]]",False,False,False,ZL1_N3_M3_L79_H44_C316,independent_layer_1nm,189,independent_layer_1nm_ZL1_N3_M3_L79_H44_C316_0189,1,"[1,0,0,0,1,1,1,0,-1,-1,0,0]"
450.28000000000236,3.350194377554942,0.3396978773200193,0.9639056460789711,0.2819091368132278,-3.0,17.53831975808977,0.9720587156068501,False,True,0.0,4.440892098500626e-16,False,False,"[[""H"",45],[""L"",79],[""H"",45],[""L"",79],[""H"",45],[""L"",316],[""H"",43],[""L"",80],[""H"",44],[""L"",79],[""H"",44],[""L"",80]]",True,True,True,ZL1_N3_M3_L79_H44_C316,independent_layer_1nm,190,independent_layer_1nm_ZL1_N3_M3_L79_H44_C316_0190,1,"[1,0,1,0,1,0,-1,1,0,0,0,1]"
450.2200000000023,3.351408623133352,0.35455670989697097,0.976746227242483,0.2719821945214075,-3.0,17.215471984277304,0.9837087059474604,False,True,0.0,7.771561172376096e-16,False,False,"[[""H"",44],[""L"",79],[""H"",45],[""L"",80],[""H"",45],[""L"",316],[""H"",43],[""L"",80],[""H"",43],[""L"",78],[""H"",45],[""L"",80]]",True,True,True,ZL1_N3_M3_L79_H44_C316,independent_layer_1nm,191,independent_layer_1nm_ZL1_N3_M3_L79_H44_C316_0191,1,"[0,0,1,1,1,0,-1,1,-1,-1,1,1]"
449.00000000000205,3.3186971946120707,0.7288809778812686,0.7274628591265109,0.15326255425688246,0.0,13.65508113117043,1.0,True,True,0.0,6.661338147750939e-16,False,False,"[[""H"",45],[""L"",78],[""H"",45],[""L"",79],[""H"",43],[""L"",317],[""H"",43],[""L"",78],[""H"",45],[""L"",78],[""H"",43],[""L"",80]]",True,True,True,ZL1_N3_M3_L79_H44_C316,independent_layer_1nm,192,independent_layer_1nm_ZL1_N3_M3_L79_H44_C316_0192,1,"[1,-1,1,0,-1,1,-1,-1,1,-1,-1,1]"
448.72000000000196,3.32155469372492,0.8352395890502913,0.6255811723146227,0.1365489529578791,0.0,13.627230709966437,1.0,True,True,0.0,5.551115123125783e-16,False,False,"[[""H"",45],[""L"",78],[""H"",45],[""L"",78],[""H"",43],[""L"",316],[""H"",43],[""L"",80],[""H"",45],[""L"",80],[""H"",45],[""L"",79]]",True,True,True,ZL1_N3_M3_L79_H44_C316,independent_layer_1nm,193,independent_layer_1nm_ZL1_N3_M3_L79_H44_C316_0193,1,"[1,-1,1,-1,-1,0,-1,1,1,1,1,0]"
450.18000000000234,3.3522984391006503,0.36047720047462484,0.9815717824789687,0.2689432211570446,-3.0,17.083600235903187,0.9891647791817899,False,True,0.0,4.440892098500626e-16,False,False,"[[""H"",44],[""L"",80],[""H"",43],[""L"",80],[""H"",43],[""L"",317],[""H"",45],[""L"",79],[""H"",43],[""L"",78],[""H"",43],[""L"",79]]",True,True,True,ZL1_N3_M3_L79_H44_C316,independent_layer_1nm,194,independent_layer_1nm_ZL1_N3_M3_L79_H44_C316_0194,1,"[0,1,-1,1,-1,1,1,0,-1,-1,-1,0]"
451.5600000000027,3.3806184712128697,0.17615860374962894,0.5310050441366484,0.579901230485558,-8.0,22.54399291160191,0.5361534270117467,False,False,0.0,5.551115123125783e-16,False,False,"[[""H"",45],[""L"",80],[""H"",44],[""L"",79],[""H"",45],[""L"",317],[""H"",44],[""L"",80],[""H"",43],[""L"",79],[""H"",45],[""L"",80]]",False,False,False,ZL1_N3_M3_L79_H44_C316,independent_layer_1nm,195,independent_layer_1nm_ZL1_N3_M3_L79_H44_C316_0195,1,"[1,1,0,0,1,1,0,1,-1,0,1,1]"
452.36000000000286,3.3977665757735167,0.12467745523395304,0.3308046236097299,0.8719967390842901,-10.0,7.555923115848704,0.33795525103362106,False,False,0.0,5.551115123125783e-16,False,False,"[[""H"",44],[""L"",80],[""H"",44],[""L"",79],[""H"",45],[""L"",317],[""H"",45],[""L"",79],[""H"",44],[""L"",80],[""H"",45],[""L"",79]]",False,False,False,ZL1_N3_M3_L79_H44_C316,independent_layer_1nm,196,independent_layer_1nm_ZL1_N3_M3_L79_H44_C316_0196,1,"[0,1,0,0,1,1,1,0,0,1,1,0]"
449.5800000000022,3.333396886130913,0.5198226709338021,0.931975360739989,0.19791014612845453,0.0,14.54562933873359,1.0,True,True,0.0,6.661338147750939e-16,False,False,"[[""H"",44],[""L"",79],[""H"",45],[""L"",79],[""H"",43],[""L"",316],[""H"",44],[""L"",80],[""H"",45],[""L"",79],[""H"",43],[""L"",79]]",True,True,True,ZL1_N3_M3_L79_H44_C316,independent_layer_1nm,197,independent_layer_1nm_ZL1_N3_M3_L79_H44_C316_0197,1,"[0,0,1,0,-1,0,0,1,1,0,-1,0]"
451.04000000000246,3.3682614605584718,0.22625801937637655,0.715116779262241,0.4287608481179168,-6.0,20.716125144949725,0.7238766502536567,False,False,0.0,5.551115123125783e-16,False,False,"[[""H"",45],[""L"",80],[""H"",45],[""L"",78],[""H"",45],[""L"",316],[""H"",45],[""L"",78],[""H"",43],[""L"",79],[""H"",45],[""L"",80]]",True,False,False,ZL1_N3_M3_L79_H44_C316,independent_layer_1nm,198,independent_layer_1nm_ZL1_N3_M3_L79_H44_C316_0198,1,"[1,1,1,-1,1,0,1,-1,-1,0,1,1]"
448.800000000002,3.3142834660840776,0.8065430251699806,0.6514553051275553,0.14087280378914513,0.0,13.6193468327639,1.0,True,True,0.0,5.551115123125783e-16,False,False,"[[""H"",45],[""L"",79],[""H"",44],[""L"",80],[""H"",43],[""L"",316],[""H"",44],[""L"",78],[""H"",43],[""L"",80],[""H"",44],[""L"",80]]",True,True,True,ZL1_N3_M3_L79_H44_C316,independent_layer_1nm,199,independent_layer_1nm_ZL1_N3_M3_L79_H44_C316_0199,1,"[1,0,0,1,-1,0,0,-1,-1,1,0,1]"
450.18000000000234,3.350692797216027,0.35906874629533636,0.9801187846102897,0.26902108509211986,-3.0,17.10971050928281,0.9881833358779709,False,True,0.0,8.881784197001252e-16,False,False,"[[""H"",43],[""L"",80],[""H"",43],[""L"",79],[""H"",43],[""L"",317],[""H"",45],[""L"",78],[""H"",45],[""L"",79],[""H"",43],[""L"",79]]",True,True,True,ZL1_N3_M3_L79_H44_C316,independent_layer_1nm,200,independent_layer_1nm_ZL1_N3_M3_L79_H44_C316_0200,1,"[-1,1,-1,0,-1,1,1,-1,1,0,-1,0]"
448.98000000000206,3.316923382058576,0.7313108738771563,0.724500027259326,0.1523227203715985,0.0,13.651581547894482,1.0,True,True,0.0,6.661338147750939e-16,False,False,"[[""H"",43],[""L"",80],[""H"",44],[""L"",80],[""H"",44],[""L"",315],[""H"",44],[""L"",78],[""H"",44],[""L"",80],[""H"",44],[""L"",80]]",True,True,True,ZL1_N3_M3_L79_H44_C316,independent_layer_1nm,201,independent_layer_1nm_ZL1_N3_M3_L79_H44_C316_0201,1,"[-1,1,0,1,0,-1,0,-1,0,1,0,1]"
448.46000000000197,3.313953471079685,0.9212556712403178,0.5364557295289585,0.12307783307164434,0.0,13.76216961616128,1.0,True,True,0.0,6.661338147750939e-16,False,False,"[[""H"",45],[""L"",80],[""H"",45],[""L"",78],[""H"",44],[""L"",315],[""H"",43],[""L"",79],[""H"",45],[""L"",78],[""H"",45],[""L"",79]]",False,True,False,ZL1_N3_M3_L79_H44_C316,independent_layer_1nm,202,independent_layer_1nm_ZL1_N3_M3_L79_H44_C316_0202,1,"[1,1,1,-1,0,-1,-1,0,1,-1,1,0]"
450.02000000000226,3.3433137169504903,0.3959905630613138,0.9929237096463597,0.24653461337048366,-1.0,16.27936933303378,0.9998055236087928,True,True,0.0,6.661338147750939e-16,False,False,"[[""H"",44],[""L"",80],[""H"",44],[""L"",80],[""H"",44],[""L"",317],[""H"",43],[""L"",80],[""H"",43],[""L"",78],[""H"",45],[""L"",79]]",True,True,True,ZL1_N3_M3_L79_H44_C316,independent_layer_1nm,203,independent_layer_1nm_ZL1_N3_M3_L79_H44_C316_0203,1,"[0,1,0,1,0,1,-1,1,-1,-1,1,0]"
448.48000000000195,3.304277145515073,0.9124342041595117,0.5455229886345525,0.12542447283187697,0.0,13.750309072717876,1.0,True,True,0.0,6.661338147750939e-16,False,False,"[[""H"",44],[""L"",78],[""H"",44],[""L"",79],[""H"",43],[""L"",317],[""H"",43],[""L"",78],[""H"",44],[""L"",78],[""H"",44],[""L"",80]]",False,True,False,ZL1_N3_M3_L79_H44_C316,independent_layer_1nm,204,independent_layer_1nm_ZL1_N3_M3_L79_H44_C316_0204,1,"[0,-1,0,0,-1,1,-1,-1,0,-1,0,1]"
450.3200000000023,3.3491240135343787,0.3335787220420965,0.958632106001662,0.2865423344215102,-3.0,17.665695713085142,0.9679557188470422,False,True,0.0,6.661338147750939e-16,False,False,"[[""H"",45],[""L"",79],[""H"",44],[""L"",79],[""H"",43],[""L"",317],[""H"",45],[""L"",79],[""H"",43],[""L"",78],[""H"",45],[""L"",79]]",True,True,True,ZL1_N3_M3_L79_H44_C316,independent_layer_1nm,205,independent_layer_1nm_ZL1_N3_M3_L79_H44_C316_0205,1,"[1,0,0,0,-1,1,1,0,-1,-1,1,0]"
450.82000000000244,3.3652573152547802,0.25219880014919394,0.798682856932645,0.3795012134224221,-6.0,19.81153480790178,0.8073643300768525,False,False,0.0,6.661338147750939e-16,False,False,"[[""H"",44],[""L"",78],[""H"",43],[""L"",80],[""H"",44],[""L"",317],[""H"",45],[""L"",78],[""H"",43],[""L"",79],[""H"",45],[""L"",80]]",True,False,False,ZL1_N3_M3_L79_H44_C316,independent_layer_1nm,206,independent_layer_1nm_ZL1_N3_M3_L79_H44_C316_0206,1,"[0,-1,-1,1,0,1,1,-1,-1,0,1,1]"
447.6600000000018,3.292126095562935,0.9533560621384851,0.33666427693958473,0.09344516368879344,0.0,14.73041878344321,1.0,True,True,0.0,4.440892098500626e-16,False,False,"[[""H"",43],[""L"",78],[""H"",43],[""L"",80],[""H"",44],[""L"",315],[""H"",43],[""L"",78],[""H"",44],[""L"",78],[""H"",45],[""L"",79]]",False,True,False,ZL1_N3_M3_L79_H44_C316,independent_layer_1nm,207,independent_layer_1nm_ZL1_N3_M3_L79_H44_C316_0207,1,"[-1,-1,-1,1,0,-1,-1,-1,0,-1,1,0]"
450.5800000000024,3.359831553789263,0.286594761816916,0.8831058372417206,0.33236036955923687,-5.0,18.852029349552105,0.8907456950972463,False,True,0.0,4.440892098500626e-16,False,False,"[[""H"",44],[""L"",79],[""H"",43],[""L"",79],[""H"",43],[""L"",317],[""H"",45],[""L"",80],[""H"",44],[""L"",80],[""H"",44],[""L"",79]]",True,True,True,ZL1_N3_M3_L79_H44_C316,independent_layer_1nm,208,independent_layer_1nm_ZL1_N3_M3_L79_H44_C316_0208,1,"[0,0,-1,0,-1,1,1,1,0,1,0,0]"
450.2400000000023,3.3478232054062573,0.34657921944704284,0.9713029209294224,0.276745925067691,-3.0,17.35818688688419,0.9785316870360583,False,True,0.0,4.440892098500626e-16,False,False,"[[""H"",44],[""L"",79],[""H"",43],[""L"",78],[""H"",45],[""L"",317],[""H"",43],[""L"",80],[""H"",44],[""L"",78],[""H"",45],[""L"",79]]",True,True,True,ZL1_N3_M3_L79_H44_C316,independent_layer_1nm,209,independent_layer_1nm_ZL1_N3_M3_L79_H44_C316_0209,1,"[0,0,-1,-1,1,1,-1,1,0,-1,1,0]"
450.3200000000023,3.3511713729612325,0.33150569207793235,0.9563732788836686,0.2886837199600333,-4.0,17.731438621717583,0.9655599046789447,False,True,0.0,6.661338147750939e-16,False,False,"[[""H"",45],[""L"",78],[""H"",45],[""L"",78],[""H"",43],[""L"",317],[""H"",45],[""L"",78],[""H"",45],[""L"",78],[""H"",43],[""L"",78]]",True,True,True,ZL1_N3_M3_L79_H44_C316,independent_layer_1nm,210,independent_layer_1nm_ZL1_N3_M3_L79_H44_C316_0210,1,"[1,-1,1,-1,-1,1,1,-1,1,-1,-1,-1]"
449.8200000000022,3.3367186536970053,0.44743804939537346,0.9813569703836933,0.22295606307928928,0.0,15.36981721116669,1.0,True,True,0.0,8.881784197001252e-16,False,False,"[[""H"",44],[""L"",79],[""H"",44],[""L"",79],[""H"",44],[""L"",317],[""H"",43],[""L"",80],[""H"",44],[""L"",78],[""H"",43],[""L"",80]]",True,True,True,ZL1_N3_M3_L79_H44_C316,independent_layer_1nm,211,independent_layer_1nm_ZL1_N3_M3_L79_H44_C316_0211,1,"[0,0,0,0,0,1,-1,1,0,-1,-1,1]"
448.36000000000195,3.3046539130532437,0.9497123601065052,0.502785328107495,0.11893597417225048,0.0,13.877762267224103,1.0,True,True,0.0,8.881784197001252e-16,False,False,"[[""H"",45],[""L"",78],[""H"",45],[""L"",78],[""H"",43],[""L"",315],[""H"",45],[""L"",78],[""H"",43],[""L"",80],[""H"",43],[""L"",78]]",False,True,False,ZL1_N3_M3_L79_H44_C316,independent_layer_1nm,212,independent_layer_1nm_ZL1_N3_M3_L79_H44_C316_0212,1,"[1,-1,1,-1,-1,-1,1,-1,-1,1,-1,-1]"
451.5600000000027,3.384606014124529,0.17663108162452218,0.5331346812198089,0.5790635081769466,-8.0,22.567861723208377,0.5382188253384727,False,False,0.0,6.661338147750939e-16,False,False,"[[""H"",45],[""L"",80],[""H"",44],[""L"",80],[""H"",45],[""L"",316],[""H"",45],[""L"",78],[""H"",45],[""L"",78],[""H"",43],[""L"",78]]",False,False,False,ZL1_N3_M3_L79_H44_C316,independent_layer_1nm,213,independent_layer_1nm_ZL1_N3_M3_L79_H44_C316_0213,1,"[1,1,0,1,1,0,1,-1,1,-1,-1,-1]"
448.1800000000019,3.297001098199644,0.9809835850252442,0.45331118535793646,0.11141785809896165,0.0,14.036710252358226,1.0,True,True,0.0,4.440892098500626e-16,False,False,"[[""H"",44],[""L"",79],[""H"",43],[""L"",78],[""H"",44],[""L"",315],[""H"",44],[""L"",78],[""H"",44],[""L"",80],[""H"",44],[""L"",78]]",False,True,False,ZL1_N3_M3_L79_H44_C316,independent_layer_1nm,214,independent_layer_1nm_ZL1_N3_M3_L79_H44_C316_0214,1,"[0,0,-1,-1,0,-1,0,-1,0,1,0,-1]"
450.70000000000243,3.358324601176662,0.2688326714933643,0.8426206349962071,0.3540645389590036,-5.0,19.340961705168727,0.8497744427417361,False,True,0.0,6.661338147750939e-16,False,False,"[[""H"",44],[""L"",80],[""H"",44],[""L"",79],[""H"",44],[""L"",316],[""H"",45],[""L"",79],[""H"",45],[""L"",78],[""H"",43],[""L"",80]]",True,True,True,ZL1_N3_M3_L79_H44_C316,independent_layer_1nm,215,independent_layer_1nm_ZL1_N3_M3_L79_H44_C316_0215,1,"[0,1,0,0,0,0,1,0,1,-1,-1,1]"
449.9400000000022,3.3434135908187272,0.4172867859103859,0.9914635830568557,0.23690366645465472,0.0,15.876802463843575,1.0,True,True,0.0,1.3322676295501878e-15,False,False,"[[""H"",43],[""L"",80],[""H"",44],[""L"",79],[""H"",43],[""L"",317],[""H"",45],[""L"",78],[""H"",43],[""L"",79],[""H"",43],[""L"",79]]",True,True,True,ZL1_N3_M3_L79_H44_C316,independent_layer_1nm,216,independent_layer_1nm_ZL1_N3_M3_L79_H44_C316_0216,1,"[-1,1,0,0,-1,1,1,-1,-1,0,-1,0]"
451.2400000000025,3.36936040441293,0.2033986126787049,0.6366095406021552,0.4832544908362935,-7.0,21.443610523421196,0.6412358386709922,False,False,0.0,5.551115123125783e-16,False,False,"[[""H"",45],[""L"",78],[""H"",44],[""L"",78],[""H"",45],[""L"",316],[""H"",45],[""L"",79],[""H"",45],[""L"",78],[""H"",44],[""L"",80]]",True,False,False,ZL1_N3_M3_L79_H44_C316,independent_layer_1nm,217,independent_layer_1nm_ZL1_N3_M3_L79_H44_C316_0217,1,"[1,-1,0,-1,1,0,1,0,1,-1,0,1]"
449.14000000000203,3.335044366793852,0.6713587552203677,0.7878632217303485,0.16306455946972007,0.0,13.755543200455424,1.0,True,True,0.0,7.771561172376096e-16,False,False,"[[""H"",45],[""L"",80],[""H"",45],[""L"",80],[""H"",44],[""L"",315],[""H"",43],[""L"",80],[""H"",44],[""L"",80],[""H"",45],[""L"",80]]",True,True,True,ZL1_N3_M3_L79_H44_C316,independent_layer_1nm,218,independent_layer_1nm_ZL1_N3_M3_L79_H44_C316_0218,1,"[1,1,1,1,0,-1,-1,1,0,1,1,1]"
449.8400000000022,3.3402570788333605,0.44232934305442095,0.9838815639165714,0.22447632067145182,0.0,15.49156137040115,1.0,True,True,0.0,6.661338147750939e-16,False,False,"[[""H"",45],[""L"",80],[""H"",45],[""L"",78],[""H"",45],[""L"",315],[""H"",44],[""L"",78],[""H"",45],[""L"",80],[""H"",43],[""L"",79]]",True,True,True,ZL1_N3_M3_L79_H44_C316,independent_layer_1nm,219,independent_layer_1nm_ZL1_N3_M3_L79_H44_C316_0219,1,"[1,1,1,-1,1,-1,0,-1,1,1,-1,0]"
448.940000000002,3.3166894062971437,0.7453647720844991,0.7107078477252368,0.1506984943442866,0.0,13.636844205524213,1.0,True,True,0.0,5.551115123125783e-16,False,False,"[[""H"",44],[""L"",79],[""H"",43],[""L"",80],[""H"",43],[""L"",316],[""H"",44],[""L"",80],[""H"",43],[""L"",80],[""H"",44],[""L"",78]]",True,True,True,ZL1_N3_M3_L79_H44_C316,independent_layer_1nm,220,independent_layer_1nm_ZL1_N3_M3_L79_H44_C316_0220,1,"[0,0,-1,1,-1,0,0,1,-1,1,0,-1]"
447.8800000000018,3.2958924363738333,0.9882836182129646,0.38194009584139504,0.100442495527232,0.0,14.384027365597195,1.0,True,True,0.0,5.551115123125783e-16,False,False,"[[""H"",44],[""L"",80],[""H"",44],[""L"",78],[""H"",43],[""L"",316],[""H"",43],[""L"",80],[""H"",43],[""L"",78],[""H"",45],[""L"",79]]",False,True,False,ZL1_N3_M3_L79_H44_C316,independent_layer_1nm,221,independent_layer_1nm_ZL1_N3_M3_L79_H44_C316_0221,1,"[0,1,0,-1,-1,0,-1,1,-1,-1,1,0]"
450.4800000000024,3.352660370461706,0.3026741218848544,0.9142666924286981,0.31396821288629606,-4.0,18.461791321509626,0.9229589447164969,False,True,0.0,8.881784197001252e-16,False,False,"[[""H"",44],[""L"",78],[""H"",44],[""L"",78],[""H"",45],[""L"",315],[""H"",45],[""L"",79],[""H"",45],[""L"",80],[""H"",44],[""L"",78]]",True,True,True,ZL1_N3_M3_L79_H44_C316,independent_layer_1nm,222,independent_layer_1nm_ZL1_N3_M3_L79_H44_C316_0222,1,"[0,-1,0,-1,1,-1,1,0,1,1,0,-1]"
451.2200000000025,3.3707065447227365,0.2061249153304217,0.648060949792808,0.47544251592177156,-7.0,21.32460028337402,0.6530578377307152,False,False,0.0,6.661338147750939e-16,False,False,"[[""H"",45],[""L"",78],[""H"",44],[""L"",78],[""H"",45],[""L"",317],[""H"",44],[""L"",80],[""H"",44],[""L"",78],[""H"",44],[""L"",78]]",True,False,False,ZL1_N3_M3_L79_H44_C316,independent_layer_1nm,223,independent_layer_1nm_ZL1_N3_M3_L79_H44_C316_0223,1,"[1,-1,0,-1,1,1,0,1,0,-1,0,-1]"
449.6800000000022,3.337562467447526,0.48592176898207395,0.9587627682063533,0.20865219636912535,0.0,14.902548918057933,1.0,True,True,0.0,1.1102230246251565e-15,False,False,"[[""H"",44],[""L"",80],[""H"",43],[""L"",79],[""H"",43],[""L"",316],[""H"",45],[""L"",79],[""H"",44],[""L"",80],[""H"",45],[""L"",80]]",True,True,True,ZL1_N3_M3_L79_H44_C316,independent_layer_1nm,224,independent_layer_1nm_ZL1_N3_M3_L79_H44_C316_0224,1,"[0,1,-1,0,-1,0,1,0,0,1,1,1]"
449.40000000000214,3.3291516715526086,0.5763366920862656,0.8799378707022163,0.18289235080631572,0.0,14.110781260552894,1.0,True,True,0.0,6.661338147750939e-16,False,False,"[[""H"",44],[""L"",79],[""H"",45],[""L"",80],[""H"",43],[""L"",317],[""H"",43],[""L"",79],[""H"",44],[""L"",78],[""H"",45],[""L"",80]]",True,True,True,ZL1_N3_M3_L79_H44_C316,independent_layer_1nm,225,independent_layer_1nm_ZL1_N3_M3_L79_H44_C316_0225,1,"[0,0,1,1,-1,1,-1,0,0,-1,1,1]"
450.0000000000023,3.3450475761384837,0.4030775966519344,0.9924953102564127,0.2433705249619158,0.0,16.175417441314902,1.0,True,True,0.0,4.440892098500626e-16,False,False,"[[""H"",43],[""L"",79],[""H"",43],[""L"",78],[""H"",45],[""L"",315],[""H"",45],[""L"",80],[""H"",43],[""L"",80],[""H"",44],[""L"",78]]",True,True,True,ZL1_N3_M3_L79_H44_C316,independent_layer_1nm,226,independent_layer_1nm_ZL1_N3_M3_L79_H44_C316_0226,1,"[-1,0,-1,-1,1,-1,1,1,-1,1,0,-1]"
450.2000000000023,3.351773991574021,0.35849126152045807,0.9792777978861411,0.2694093490369841,-3.0,17.144911885206618,0.9866392134236894,False,True,0.0,6.661338147750939e-16,False,False,"[[""H"",45],[""L"",80],[""H"",45],[""L"",78],[""H"",45],[""L"",316],[""H"",43],[""L"",80],[""H"",45],[""L"",78],[""H"",43],[""L"",79]]",True,True,True,ZL1_N3_M3_L79_H44_C316,independent_layer_1nm,227,independent_layer_1nm_ZL1_N3_M3_L79_H44_C316_0227,1,"[1,1,1,-1,1,0,-1,1,1,-1,-1,0]"
450.70000000000243,3.359277969204811,0.2685110714015555,0.841474294629575,0.35460083699441447,-5.0,19.354112402290802,0.8489330301722804,False,True,0.0,5.551115123125783e-16,False,False,"[[""H"",43],[""L"",80],[""H"",45],[""L"",78],[""H"",44],[""L"",316],[""H"",45],[""L"",80],[""H"",44],[""L"",78],[""H"",44],[""L"",80]]",True,True,True,ZL1_N3_M3_L79_H44_C316,independent_layer_1nm,228,independent_layer_1nm_ZL1_N3_M3_L79_H44_C316_0228,1,"[-1,1,1,-1,0,0,1,1,0,-1,0,1]"
448.820000000002,3.310291627023844,0.796919781361018,0.6598837696324763,0.14249039053129772,0.0,13.645712757446097,1.0,True,True,0.0,6.661338147750939e-16,False,False,"[[""H"",44],[""L"",80],[""H"",43],[""L"",78],[""H"",44],[""L"",315],[""H"",45],[""L"",78],[""H"",43],[""L"",80],[""H"",44],[""L"",78]]",True,True,True,ZL1_N3_M3_L79_H44_C316,independent_layer_1nm,229,independent_layer_1nm_ZL1_N3_M3_L79_H44_C316_0229,1,"[0,1,-1,-1,0,-1,1,-1,-1,1,0,-1]"
449.50000000000216,3.3323669636267823,0.5455010992844243,0.9095439592749782,0.19074052986011453,0.0,14.337570861700744,1.0,True,True,0.0,6.661338147750939e-16,False,False,"[[""H"",44],[""L"",80],[""H"",43],[""L"",80],[""H"",44],[""L"",315],[""H"",44],[""L"",80],[""H"",45],[""L"",80],[""H"",43],[""L"",80]]",True,True,True,ZL1_N3_M3_L79_H44_C316,independent_layer_1nm,230,independent_layer_1nm_ZL1_N3_M3_L79_H44_C316_0230,1,"[0,1,-1,1,0,-1,0,1,1,1,-1,1]"
449.1600000000021,3.3181000448710734,0.6592744028796519,0.7956501851334096,0.16567609519529042,0.0,13.785652298364353,1.0,True,True,0.0,5.551115123125783e-16,False,False,"[[""H"",44],[""L"",79],[""H"",43],[""L"",79],[""H"",44],[""L"",317],[""H"",43],[""L"",78],[""H"",44],[""L"",79],[""H"",44],[""L"",78]]",True,True,True,ZL1_N3_M3_L79_H44_C316,independent_layer_1nm,231,independent_layer_1nm_ZL1_N3_M3_L79_H44_C316_0231,1,"[0,0,-1,0,0,1,-1,-1,0,0,0,-1]"
448.76000000000204,3.3149789725421783,0.8178921606738161,0.6407643961941265,0.14005370243126097,0.0,13.641546563439793,1.0,True,True,0.0,6.661338147750939e-16,False,False,"[[""H"",43],[""L"",78],[""H"",44],[""L"",79],[""H"",43],[""L"",316],[""H"",44],[""L"",80],[""H"",43],[""L"",80],[""H"",43],[""L"",80]]",True,True,True,ZL1_N3_M3_L79_H44_C316,independent_layer_1nm,232,independent_layer_1nm_ZL1_N3_M3_L79_H44_C316_0232,1,"[-1,-1,0,0,-1,0,0,1,-1,1,-1,1]"
448.88000000000204,3.3156943985287057,0.7700043884600164,0.6869064048196705,0.14650052029804064,0.0,13.624036335413946,1.0,True,True,0.0,6.661338147750939e-16,False,False,"[[""H"",45],[""L"",78],[""H"",44],[""L"",79],[""H"",43],[""L"",316],[""H"",44],[""L"",80],[""H"",43],[""L"",78],[""H"",45],[""L"",80]]",True,True,True,ZL1_N3_M3_L79_H44_C316,independent_layer_1nm,233,independent_layer_1nm_ZL1_N3_M3_L79_H44_C316_0233,1,"[1,-1,0,0,-1,0,0,1,-1,-1,1,1]"
449.3200000000021,3.3306589922098055,0.6031752708688237,0.8542865725156037,0.17715986068997538,0.0,14.00325266075798,1.0,True,True,0.0,6.661338147750939e-16,False,False,"[[""H"",43],[""L"",79],[""H"",45],[""L"",78],[""H"",43],[""L"",315],[""H"",45],[""L"",80],[""H"",45],[""L"",80],[""H"",43],[""L"",79]]",True,True,True,ZL1_N3_M3_L79_H44_C316,independent_layer_1nm,234,independent_layer_1nm_ZL1_N3_M3_L79_H44_C316_0234,1,"[-1,0,1,-1,-1,-1,1,1,1,1,-1,0]"
448.4400000000019,3.304888927985303,0.9256328891276381,0.5311414556988296,0.1232589058245396,0.0,13.786609381543352,1.0,True,True,0.0,6.661338147750939e-16,False,False,"[[""H"",43],[""L"",80],[""H"",44],[""L"",79],[""H"",43],[""L"",316],[""H"",44],[""L"",78],[""H"",43],[""L"",80],[""H"",44],[""L"",78]]",False,True,False,ZL1_N3_M3_L79_H44_C316,independent_layer_1nm,235,independent_layer_1nm_ZL1_N3_M3_L79_H44_C316_0235,1,"[-1,1,0,0,-1,0,0,-1,-1,1,0,-1]"
450.14000000000226,3.34493833340764,0.3710414269840119,0.9866967411105134,0.260458908227186,-2.0,16.859684439608984,0.9940607312625649,False,True,0.0,6.661338147750939e-16,False,False,"[[""H"",45],[""L"",80],[""H"",43],[""L"",79],[""H"",45],[""L"",315],[""H"",45],[""L"",78],[""H"",44],[""L"",80],[""H"",43],[""L"",78]]",True,True,True,ZL1_N3_M3_L79_H44_C316,independent_layer_1nm,236,independent_layer_1nm_ZL1_N3_M3_L79_H44_C316_0236,1,"[1,1,-1,0,1,-1,1,-1,0,1,-1,-1]"
447.70000000000175,3.2916300057958665,0.9591623413679389,0.34155328581594735,0.09419522047500586,0.0,14.688763330602535,1.0,True,True,0.0,6.661338147750939e-16,False,False,"[[""H"",43],[""L"",79],[""H"",43],[""L"",79],[""H"",44],[""L"",315],[""H"",43],[""L"",78],[""H"",45],[""L"",79],[""H"",43],[""L"",80]]",False,True,False,ZL1_N3_M3_L79_H44_C316,independent_layer_1nm,237,independent_layer_1nm_ZL1_N3_M3_L79_H44_C316_0237,1,"[-1,0,-1,0,0,-1,-1,-1,1,0,-1,1]"
450.96000000000254,3.365342882240668,0.23497193381003156,0.745197719287879,0.4098515689458388,-6.0,20.34068058585256,0.7508895967893994,False,False,0.0,4.440892098500626e-16,False,False,"[[""H"",44],[""L"",79],[""H"",44],[""L"",79],[""H"",45],[""L"",316],[""H"",44],[""L"",80],[""H"",45],[""L"",79],[""H"",43],[""L"",80]]",True,False,False,ZL1_N3_M3_L79_H44_C316,independent_layer_1nm,238,independent_layer_1nm_ZL1_N3_M3_L79_H44_C316_0238,1,"[0,0,0,0,1,0,0,1,1,0,-1,1]"
449.64000000000215,3.3295453969606115,0.5000342968439606,0.947117671407221,0.2035385630648739,0.0,14.72931824560359,1.0,True,True,0.0,6.661338147750939e-16,False,False,"[[""H"",44],[""L"",78],[""H"",45],[""L"",78],[""H"",44],[""L"",316],[""H"",44],[""L"",80],[""H"",43],[""L"",79],[""H"",44],[""L"",80]]",True,True,True,ZL1_N3_M3_L79_H44_C316,independent_layer_1nm,239,independent_layer_1nm_ZL1_N3_M3_L79_H44_C316_0239,1,"[0,-1,1,-1,0,0,0,1,-1,0,0,1]"
450.4800000000024,3.35443006443586,0.3040248399300378,0.9163621919208369,0.31302847742943635,-4.0,18.386688301343035,0.9247548982553455,False,True,0.0,8.881784197001252e-16,False,False,"[[""H"",44],[""L"",80],[""H"",43],[""L"",80],[""H"",43],[""L"",317],[""H"",45],[""L"",78],[""H"",44],[""L"",80],[""H"",45],[""L"",79]]",True,True,True,ZL1_N3_M3_L79_H44_C316,independent_layer_1nm,240,independent_layer_1nm_ZL1_N3_M3_L79_H44_C316_0240,1,"[0,1,-1,1,-1,1,1,-1,0,1,1,0]"
449.6000000000022,3.334578164181835,0.5137253438845297,0.9372765977446113,0.19967547464663163,0.0,14.6023230858742,1.0,True,True,0.0,5.551115123125783e-16,False,False,"[[""H"",43],[""L"",79],[""H"",45],[""L"",79],[""H"",44],[""L"",316],[""H"",43],[""L"",80],[""H"",45],[""L"",79],[""H"",44],[""L"",80]]",True,True,True,ZL1_N3_M3_L79_H44_C316,independent_layer_1nm,241,independent_layer_1nm_ZL1_N3_M3_L79_H44_C316_0241,1,"[-1,0,1,0,0,0,-1,1,1,0,0,1]"
451.4000000000026,3.376861120287458,0.18868041821429066,0.5804685678163544,0.5310005932823412,-7.0,22.002555902087366,0.5894522818564751,False,False,0.0,6.661338147750939e-16,False,False,"[[""H"",45],[""L"",79],[""H"",43],[""L"",79],[""H"",44],[""L"",317],[""H"",45],[""L"",79],[""H"",45],[""L"",79],[""H"",44],[""L"",80]]",False,False,False,ZL1_N3_M3_L79_H44_C316,independent_layer_1nm,242,independent_layer_1nm_ZL1_N3_M3_L79_H44_C316_0242,1,"[1,0,-1,0,0,1,1,0,1,0,0,1]"
448.2400000000018,3.301663739447008,0.9715258005369943,0.47140926231149116,0.11403173491040702,0.0,13.950933052313058,1.0,True,True,0.0,8.881784197001252e-16,False,False,"[[""H"",45],[""L"",78],[""H"",44],[""L"",79],[""H"",44],[""L"",315],[""H"",43],[""L"",80],[""H"",44],[""L"",79],[""H"",43],[""L"",79]]",False,True,False,ZL1_N3_M3_L79_H44_C316,independent_layer_1nm,243,independent_layer_1nm_ZL1_N3_M3_L79_H44_C316_0243,1,"[1,-1,0,0,0,-1,-1,1,0,0,-1,0]"
450.3400000000023,3.3581588706398406,0.32987484774500103,0.9532202760088226,0.29112835122317393,-4.0,17.793551052949237,0.9624551229907833,False,True,0.0,8.881784197001252e-16,False,False,"[[""H"",43],[""L"",78],[""H"",43],[""L"",78],[""H"",45],[""L"",316],[""H"",44],[""L"",80],[""H"",45],[""L"",78],[""H"",45],[""L"",78]]",True,True,True,ZL1_N3_M3_L79_H44_C316,independent_layer_1nm,244,independent_layer_1nm_ZL1_N3_M3_L79_H44_C316_0244,1,"[-1,-1,-1,-1,1,0,0,1,1,-1,1,-1]"
447.94000000000176,3.3007626708929934,0.9915502071510458,0.3940695578616135,0.10258988726372627,0.0,14.340256810077458,1.0,True,True,0.0,6.661338147750939e-16,False,False,"[[""H"",43],[""L"",79],[""H"",45],[""L"",80],[""H"",44],[""L"",315],[""H"",43],[""L"",78],[""H"",43],[""L"",78],[""H"",44],[""L"",80]]",False,True,False,ZL1_N3_M3_L79_H44_C316,independent_layer_1nm,245,independent_layer_1nm_ZL1_N3_M3_L79_H44_C316_0245,1,"[-1,0,1,1,0,-1,-1,-1,-1,-1,0,1]"
451.30000000000257,3.3727095889406087,0.19839975768853726,0.6171878909245572,0.49907152258681076,-7.0,21.64052278554881,0.6222324106255428,False,False,0.0,7.771561172376096e-16,False,False,"[[""H"",43],[""L"",79],[""H"",45],[""L"",78],[""H"",45],[""L"",316],[""H"",45],[""L"",78],[""H"",45],[""L"",79],[""H"",45],[""L"",78]]",True,False,False,ZL1_N3_M3_L79_H44_C316,independent_layer_1nm,246,independent_layer_1nm_ZL1_N3_M3_L79_H44_C316_0246,1,"[-1,0,1,-1,1,0,1,-1,1,0,1,-1]"
450.18000000000234,3.3461117955168334,0.36014443893644515,0.9808540525525484,0.2672431449948989,-3.0,17.071970674157452,0.9886857933399916,False,True,0.0,6.661338147750939e-16,False,False,"[[""H"",44],[""L"",78],[""H"",44],[""L"",80],[""H"",45],[""L"",316],[""H"",43],[""L"",80],[""H"",44],[""L"",79],[""H"",45],[""L"",78]]",True,True,True,ZL1_N3_M3_L79_H44_C316,independent_layer_1nm,247,independent_layer_1nm_ZL1_N3_M3_L79_H44_C316_0247,1,"[0,-1,0,1,1,0,-1,1,0,0,1,-1]"
452.5800000000029,3.408918754402009,0.11557301294825997,0.29410275089107607,0.9384424996807317,-10.0,6.988980990320941,0.2963111842042706,False,False,0.0,1.5543122344752192e-15,False,False,"[[""H"",45],[""L"",80],[""H"",45],[""L"",80],[""H"",45],[""L"",316],[""H"",45],[""L"",80],[""H"",45],[""L"",80],[""H"",44],[""L"",80]]",False,False,False,ZL1_N3_M3_L79_H44_C316,independent_layer_1nm,248,independent_layer_1nm_ZL1_N3_M3_L79_H44_C316_0248,1,"[1,1,1,1,1,0,1,1,1,1,0,1]"
448.34000000000185,3.3078257942513005,0.9539476522698951,0.4976382601320754,0.11797277126011949,0.0,13.860494174976711,1.0,True,True,0.0,4.440892098500626e-16,False,False,"[[""H"",43],[""L"",79],[""H"",44],[""L"",79],[""H"",43],[""L"",316],[""H"",43],[""L"",79],[""H"",45],[""L"",80],[""H"",44],[""L"",79]]",False,True,False,ZL1_N3_M3_L79_H44_C316,independent_layer_1nm,249,independent_layer_1nm_ZL1_N3_M3_L79_H44_C316_0249,1,"[-1,0,0,0,-1,0,-1,0,1,1,0,0]"
448.560000000002,3.3206285565175904,0.8875444777706213,0.5739845554090759,0.12954816250297313,0.0,13.708409856901051,1.0,True,True,0.0,5.551115123125783e-16,False,False,"[[""H"",43],[""L"",78],[""H"",43],[""L"",80],[""H"",44],[""L"",315],[""H"",43],[""L"",80],[""H"",45],[""L"",80],[""H"",45],[""L"",78]]",False,True,False,ZL1_N3_M3_L79_H44_C316,independent_layer_1nm,250,independent_layer_1nm_ZL1_N3_M3_L79_H44_C316_0250,1,"[-1,-1,-1,1,0,-1,-1,1,1,1,1,-1]"
449.4800000000022,3.3326100169628603,0.5492708467518581,0.905773491724617,0.18965499049792106,0.0,14.303194031787648,1.0,True,True,0.0,6.661338147750939e-16,False,False,"[[""H"",45],[""L"",79],[""H"",45],[""L"",80],[""H"",43],[""L"",316],[""H"",44],[""L"",79],[""H"",44],[""L"",80],[""H"",43],[""L"",80]]",True,True,True,ZL1_N3_M3_L79_H44_C316,independent_layer_1nm,251,independent_layer_1nm_ZL1_N3_M3_L79_H44_C316_0251,1,"[1,0,1,1,-1,0,0,0,0,1,-1,1]"
449.3200000000021,3.326182568423633,0.6060488824771649,0.8502877078626156,0.1759226970354482,0.0,13.973455824085871,1.0,True,True,0.0,1.1102230246251565e-15,False,False,"[[""H"",43],[""L"",78],[""H"",45],[""L"",79],[""H"",44],[""L"",315],[""H"",44],[""L"",80],[""H"",44],[""L"",79],[""H"",45],[""L"",79]]",True,True,True,ZL1_N3_M3_L79_H44_C316,independent_layer_1nm,252,independent_layer_1nm_ZL1_N3_M3_L79_H44_C316_0252,1,"[-1,-1,1,0,0,-1,0,1,0,0,1,0]"
447.2600000000017,3.2837733009346834,0.8284085206777421,0.2700859185201642,0.08165038591188098,0.0,15.310938437669359,1.0,True,True,0.0,5.551115123125783e-16,False,False,"[[""H"",43],[""L"",79],[""H"",44],[""L"",79],[""H"",43],[""L"",315],[""H"",43],[""L"",79],[""H"",44],[""L"",80],[""H"",44],[""L"",79]]",False,True,False,ZL1_N3_M3_L79_H44_C316,independent_layer_1nm,253,independent_layer_1nm_ZL1_N3_M3_L79_H44_C316_0253,1,"[-1,0,0,0,-1,-1,-1,0,0,1,0,0]"
448.3800000000019,3.3057863328392614,0.944095956178072,0.5101358743383437,0.12047946650541932,0.0,13.858860161052545,1.0,True,True,0.0,4.440892098500626e-16,False,False,"[[""H"",43],[""L"",80],[""H"",43],[""L"",78],[""H"",44],[""L"",315],[""H"",44],[""L"",80],[""H"",43],[""L"",80],[""H"",43],[""L"",78]]",False,True,False,ZL1_N3_M3_L79_H44_C316,independent_layer_1nm,254,independent_layer_1nm_ZL1_N3_M3_L79_H44_C316_0254,1,"[-1,1,-1,-1,0,-1,0,1,-1,1,-1,-1]"
450.9000000000025,3.368267085536047,0.24195389686665691,0.7660553328666729,0.39782362761475676,-6.0,20.106867246834664,0.7718148527059326,False,False,0.0,7.771561172376096e-16,False,False,"[[""H"",43],[""L"",80],[""H"",43],[""L"",80],[""H"",45],[""L"",316],[""H"",44],[""L"",80],[""H"",44],[""L"",80],[""H"",45],[""L"",78]]",True,False,False,ZL1_N3_M3_L79_H44_C316,independent_layer_1nm,255,independent_layer_1nm_ZL1_N3_M3_L79_H44_C316_0255,1,"[-1,1,-1,1,1,0,0,1,0,1,1,-1]"
452.34000000000276,3.400260086686842,0.1258907252888241,0.33638642717318323,0.8621568660455137,-10.0,7.663802071738561,0.3450920091562323,False,False,0.0,8.881784197001252e-16,False,False,"[[""H"",44],[""L"",79],[""H"",44],[""L"",79],[""H"",45],[""L"",317],[""H"",45],[""L"",79],[""H"",45],[""L"",79],[""H"",43],[""L"",80]]",False,False,False,ZL1_N3_M3_L79_H44_C316,independent_layer_1nm,256,independent_layer_1nm_ZL1_N3_M3_L79_H44_C316_0256,1,"[0,0,0,0,1,1,1,0,1,0,-1,1]"
449.78000000000225,3.3414694869995856,0.45682095259359695,0.9773875081459931,0.21909423822879523,0.0,15.248396873431997,1.0,True,True,0.0,9.992007221626409e-16,False,False,"[[""H"",45],[""L"",78],[""H"",45],[""L"",80],[""H"",43],[""L"",317],[""H"",43],[""L"",80],[""H"",44],[""L"",80],[""H"",45],[""L"",79]]",True,True,True,ZL1_N3_M3_L79_H44_C316,independent_layer_1nm,257,independent_layer_1nm_ZL1_N3_M3_L79_H44_C316_0257,1,"[1,-1,1,1,-1,1,-1,1,0,1,1,0]"
451.5000000000026,3.3805085508891466,0.17984069058006305,0.5467200406138906,0.5640249276410176,-8.0,22.396233693768348,0.5540188685373107,False,False,0.0,5.551115123125783e-16,False,False,"[[""H"",44],[""L"",78],[""H"",45],[""L"",80],[""H"",44],[""L"",317],[""H"",45],[""L"",79],[""H"",43],[""L"",78],[""H"",45],[""L"",80]]",False,False,False,ZL1_N3_M3_L79_H44_C316,independent_layer_1nm,258,independent_layer_1nm_ZL1_N3_M3_L79_H44_C316_0258,1,"[0,-1,1,1,0,1,1,0,-1,-1,1,1]"
450.02000000000226,3.341595868406216,0.39695694120213054,0.9926154870566056,0.24538362002181302,-1.0,16.26808873341219,0.9998847746896984,True,True,0.0,5.551115123125783e-16,False,False,"[[""H"",45],[""L"",80],[""H"",43],[""L"",80],[""H"",44],[""L"",316],[""H"",44],[""L"",79],[""H"",45],[""L"",78],[""H"",44],[""L"",79]]",True,True,True,ZL1_N3_M3_L79_H44_C316,independent_layer_1nm,259,independent_layer_1nm_ZL1_N3_M3_L79_H44_C316_0259,1,"[1,1,-1,1,0,0,0,0,1,-1,0,0]"
450.2400000000023,3.344702833510894,0.3487717569733887,0.9736050808071666,0.27473556382882,-3.0,17.299498690774833,0.9805084499304957,False,True,0.0,7.771561172376096e-16,False,False,"[[""H"",44],[""L"",78],[""H"",45],[""L"",78],[""H"",44],[""L"",317],[""H"",44],[""L"",79],[""H"",43],[""L"",80],[""H"",44],[""L"",78]]",True,True,True,ZL1_N3_M3_L79_H44_C316,independent_layer_1nm,260,independent_layer_1nm_ZL1_N3_M3_L79_H44_C316_0260,1,"[0,-1,1,-1,0,1,0,0,-1,1,0,-1]"
449.64000000000215,3.335326353421692,0.4999589634635173,0.9475904249879523,0.2047100958444587,0.0,14.77175947008106,1.0,True,True,0.0,4.440892098500626e-16,False,False,"[[""H"",43],[""L"",78],[""H"",44],[""L"",79],[""H"",45],[""L"",315],[""H"",44],[""L"",79],[""H"",45],[""L"",78],[""H"",43],[""L"",78]]",True,True,True,ZL1_N3_M3_L79_H44_C316,independent_layer_1nm,261,independent_layer_1nm_ZL1_N3_M3_L79_H44_C316_0261,1,"[-1,-1,0,0,1,-1,0,0,1,-1,-1,-1]"
446.7400000000015,3.2722469458090018,0.628808400489961,0.20771063129047107,0.0699266096937925,0.0,16.17477369013201,1.0,True,True,0.0,7.771561172376096e-16,False,False,"[[""H"",45],[""L"",78],[""H"",43],[""L"",79],[""H"",43],[""L"",315],[""H"",43],[""L"",78],[""H"",44],[""L"",80],[""H"",43],[""L"",79]]",False,True,False,ZL1_N3_M3_L79_H44_C316,independent_layer_1nm,262,independent_layer_1nm_ZL1_N3_M3_L79_H44_C316_0262,1,"[1,-1,-1,0,-1,-1,-1,-1,0,1,-1,0]"
449.38000000000216,3.3342226898601552,0.5873872947049683,0.8706099238645391,0.18053798528633652,0.0,14.06853121495643,1.0,True,True,0.0,8.881784197001252e-16,False,False,"[[""H"",45],[""L"",80],[""H"",43],[""L"",79],[""H"",43],[""L"",316],[""H"",44],[""L"",80],[""H"",45],[""L"",79],[""H"",45],[""L"",80]]",True,True,True,ZL1_N3_M3_L79_H44_C316,independent_layer_1nm,263,independent_layer_1nm_ZL1_N3_M3_L79_H44_C316_0263,1,"[1,1,-1,0,-1,0,0,1,1,0,1,1]"
447.54000000000167,3.293205450392577,0.9215809272163379,0.31396013826610264,0.08925264929884871,0.0,14.89454695235477,1.0,True,True,0.0,4.440892098500626e-16,False,False,"[[""H"",45],[""L"",80],[""H"",43],[""L"",78],[""H"",43],[""L"",315],[""H"",44],[""L"",79],[""H"",43],[""L"",79],[""H"",45],[""L"",80]]",False,True,False,ZL1_N3_M3_L79_H44_C316,independent_layer_1nm,264,independent_layer_1nm_ZL1_N3_M3_L79_H44_C316_0264,1,"[1,1,-1,-1,-1,-1,0,0,-1,0,1,1]"
450.6000000000024,3.3584961251260665,0.28550926645984176,0.8813423473132974,0.3332459205313357,-5.0,18.8814339321922,0.8887267415281401,False,True,0.0,8.881784197001252e-16,False,False,"[[""H"",43],[""L"",78],[""H"",44],[""L"",79],[""H"",44],[""L"",317],[""H"",44],[""L"",79],[""H"",45],[""L"",78],[""H"",45],[""L"",78]]",True,True,True,ZL1_N3_M3_L79_H44_C316,independent_layer_1nm,265,independent_layer_1nm_ZL1_N3_M3_L79_H44_C316_0265,1,"[-1,-1,0,0,0,1,0,0,1,-1,1,-1]"
447.7400000000017,3.295949362684098,0.9689855847997028,0.3520726315985836,0.09603098030512762,0.0,14.605893222362688,1.0,True,True,0.0,6.661338147750939e-16,False,False,"[[""H"",43],[""L"",79],[""H"",43],[""L"",78],[""H"",43],[""L"",316],[""H"",43],[""L"",80],[""H"",44],[""L"",78],[""H"",45],[""L"",79]]",False,True,False,ZL1_N3_M3_L79_H44_C316,independent_layer_1nm,266,independent_layer_1nm_ZL1_N3_M3_L79_H44_C316_0266,1,"[-1,0,-1,-1,-1,0,-1,1,0,-1,1,0]"
449.9400000000022,3.3398346816864546,0.41565825901525344,0.9917961729902987,0.23600995116359214,0.0,15.912749983386835,1.0,True,True,0.0,6.661338147750939e-16,False,False,"[[""H"",44],[""L"",78],[""H"",44],[""L"",79],[""H"",44],[""L"",315],[""H"",45],[""L"",79],[""H"",45],[""L"",79],[""H"",45],[""L"",79]]",True,True,True,ZL1_N3_M3_L79_H44_C316,independent_layer_1nm,267,independent_layer_1nm_ZL1_N3_M3_L79_H44_C316_0267,1,"[0,-1,0,0,0,-1,1,0,1,0,1,0]"
451.6600000000027,3.388176673448129,0.16835113255672404,0.5017717986850563,0.6141503158812358,-8.0,22.899909039280345,0.5051858290541698,False,False,0.0,8.881784197001252e-16,False,False,"[[""H"",45],[""L"",78],[""H"",45],[""L"",79],[""H"",45],[""L"",317],[""H"",44],[""L"",80],[""H"",44],[""L"",78],[""H"",43],[""L"",78]]",False,False,False,ZL1_N3_M3_L79_H44_C316,independent_layer_1nm,268,independent_layer_1nm_ZL1_N3_M3_L79_H44_C316_0268,1,"[1,-1,1,0,1,1,0,1,0,-1,-1,-1]"
452.50000000000284,3.4040417691438165,0.11866663976828709,0.30858425606886364,0.9120408085548406,-10.0,7.2099656318936125,0.3113854290926508,False,False,0.0,4.440892098500626e-16,False,False,"[[""H"",44],[""L"",80],[""H"",45],[""L"",78],[""H"",45],[""L"",317],[""H"",45],[""L"",80],[""H"",44],[""L"",80],[""H"",43],[""L"",80]]",False,False,False,ZL1_N3_M3_L79_H44_C316,independent_layer_1nm,269,independent_layer_1nm_ZL1_N3_M3_L79_H44_C316_0269,1,"[0,1,1,-1,1,1,1,1,0,1,-1,1]"
450.6000000000024,3.3592191919094603,0.28325866853241505,0.8764699522570326,0.3364866601149921,-5.0,18.95949243921568,0.8828067493884297,False,True,0.0,5.551115123125783e-16,False,False,"[[""H"",44],[""L"",79],[""H"",45],[""L"",80],[""H"",44],[""L"",316],[""H"",45],[""L"",78],[""H"",44],[""L"",78],[""H"",43],[""L"",79]]",True,True,True,ZL1_N3_M3_L79_H44_C316,independent_layer_1nm,270,independent_layer_1nm_ZL1_N3_M3_L79_H44_C316_0270,1,"[0,0,1,1,0,0,1,-1,0,-1,-1,0]"
451.1400000000025,3.372269798930006,0.21545752419914893,0.6794670573361409,0.45358921876193903,-7.0,21.065788944455207,0.687790152982744,False,False,0.0,6.661338147750939e-16,False,False,"[[""H"",45],[""L"",80],[""H"",45],[""L"",78],[""H"",45],[""L"",317],[""H"",44],[""L"",78],[""H"",44],[""L"",79],[""H"",43],[""L"",79]]",True,False,False,ZL1_N3_M3_L79_H44_C316,independent_layer_1nm,271,independent_layer_1nm_ZL1_N3_M3_L79_H44_C316_0271,1,"[1,1,1,-1,1,1,0,-1,0,0,-1,0]"
448.48000000000195,3.3087559762521437,0.9125445462457804,0.5459880161941588,0.1259188654575385,0.0,13.762034539455282,1.0,True,True,0.0,6.661338147750939e-16,False,False,"[[""H"",43],[""L"",78],[""H"",44],[""L"",78],[""H"",43],[""L"",317],[""H"",43],[""L"",79],[""H"",44],[""L"",80],[""H"",43],[""L"",79]]",False,True,False,ZL1_N3_M3_L79_H44_C316,independent_layer_1nm,272,independent_layer_1nm_ZL1_N3_M3_L79_H44_C316_0272,1,"[-1,-1,0,-1,-1,1,-1,0,0,1,-1,0]"
447.06000000000165,3.274549351576354,0.7461163358897798,0.2419378300096091,0.07678774452270942,0.0,15.687169609265379,1.0,True,True,0.0,8.881784197001252e-16,False,False,"[[""H"",44],[""L"",79],[""H"",43],[""L"",78],[""H"",44],[""L"",315],[""H"",43],[""L"",78],[""H"",43],[""L"",79],[""H"",44],[""L"",79]]",False,True,False,ZL1_N3_M3_L79_H44_C316,independent_layer_1nm,273,independent_layer_1nm_ZL1_N3_M3_L79_H44_C316_0273,1,"[0,0,-1,-1,0,-1,-1,-1,-1,0,0,0]"
447.82000000000176,3.304919092032492,0.9822523703690864,0.36940359652689014,0.09833186053947858,0.0,14.463483407660625,1.0,True,True,0.0,8.881784197001252e-16,False,False,"[[""H"",44],[""L"",78],[""H"",43],[""L"",80],[""H"",43],[""L"",315],[""H"",43],[""L"",80],[""H"",45],[""L"",80],[""H"",45],[""L"",78]]",False,True,False,ZL1_N3_M3_L79_H44_C316,independent_layer_1nm,274,independent_layer_1nm_ZL1_N3_M3_L79_H44_C316_0274,1,"[0,-1,-1,1,-1,-1,-1,1,1,1,1,-1]"
450.04000000000224,3.3479642712886744,0.3914385358085851,0.9919524053036453,0.24932546208847242,-1.0,16.40986795162558,0.9993774170254244,True,True,0.0,9.992007221626409e-16,False,False,"[[""H"",43],[""L"",79],[""H"",45],[""L"",78],[""H"",43],[""L"",317],[""H"",44],[""L"",80],[""H"",44],[""L"",80],[""H"",45],[""L"",80]]",True,True,True,ZL1_N3_M3_L79_H44_C316,independent_layer_1nm,275,independent_layer_1nm_ZL1_N3_M3_L79_H44_C316_0275,1,"[-1,0,1,-1,-1,1,0,1,0,1,1,1]"
450.7200000000024,3.3605718946521392,0.26803567418165336,0.8398280450165203,0.35565291726435566,-5.0,19.379573450359754,0.8474803730847803,False,True,0.0,6.661338147750939e-16,False,False,"[[""H"",43],[""L"",79],[""H"",45],[""L"",79],[""H"",45],[""L"",316],[""H"",44],[""L"",78],[""H"",45],[""L"",80],[""H"",43],[""L"",80]]",True,True,True,ZL1_N3_M3_L79_H44_C316,independent_layer_1nm,276,independent_layer_1nm_ZL1_N3_M3_L79_H44_C316_0276,1,"[-1,0,1,0,1,0,0,-1,1,1,-1,1]"
448.1400000000018,3.30330560587106,0.9850079011883722,0.44482842679072027,0.11011625276428025,0.0,14.058335740197666,1.0,True,True,0.0,8.881784197001252e-16,False,False,"[[""H"",45],[""L"",80],[""H"",43],[""L"",79],[""H"",43],[""L"",315],[""H"",44],[""L"",80],[""H"",44],[""L"",79],[""H"",43],[""L"",79]]",False,True,False,ZL1_N3_M3_L79_H44_C316,independent_layer_1nm,277,independent_layer_1nm_ZL1_N3_M3_L79_H44_C316_0277,1,"[1,1,-1,0,-1,-1,0,1,0,0,-1,0]"
450.6400000000024,3.3615647344050785,0.27929639494566844,0.8665706477527615,0.3415315161453962,-5.0,19.086579259164605,0.8729590839979768,False,True,0.0,4.440892098500626e-16,False,False,"[[""H"",43],[""L"",78],[""H"",44],[""L"",79],[""H"",45],[""L"",315],[""H"",45],[""L"",79],[""H"",45],[""L"",80],[""H"",43],[""L"",80]]",True,True,True,ZL1_N3_M3_L79_H44_C316,independent_layer_1nm,278,independent_layer_1nm_ZL1_N3_M3_L79_H44_C316_0278,1,"[-1,-1,0,0,1,-1,1,0,1,1,-1,1]"
448.900000000002,3.321408844768939,0.7614724078030028,0.6966729504702944,0.14972524876539722,0.0,13.677539233430345,1.0,True,True,0.0,8.881784197001252e-16,False,False,"[[""H"",43],[""L"",78],[""H"",43],[""L"",80],[""H"",44],[""L"",316],[""H"",44],[""L"",78],[""H"",43],[""L"",78],[""H"",43],[""L"",80]]",True,True,True,ZL1_N3_M3_L79_H44_C316,independent_layer_1nm,279,independent_layer_1nm_ZL1_N3_M3_L79_H44_C316_0279,1,"[-1,-1,-1,1,0,0,0,-1,-1,-1,-1,1]"
450.7400000000024,3.3554464490962346,0.26355328675686174,0.8306097310031871,0.3601493948724531,-5.0,19.495623183182598,0.8393899051017505,False,True,0.0,6.661338147750939e-16,False,False,"[[""H"",45],[""L"",78],[""H"",44],[""L"",78],[""H"",45],[""L"",316],[""H"",45],[""L"",78],[""H"",44],[""L"",78],[""H"",44],[""L"",80]]",True,True,True,ZL1_N3_M3_L79_H44_C316,independent_layer_1nm,280,independent_layer_1nm_ZL1_N3_M3_L79_H44_C316_0280,1,"[1,-1,0,-1,1,0,1,-1,0,-1,0,1]"
451.0000000000025,3.375699707109277,0.23182296499007443,0.7333621399757402,0.4195319849743822,-6.0,20.494314843523657,0.7397669354056828,False,False,0.0,8.881784197001252e-16,False,False,"[[""H"",45],[""L"",80],[""H"",45],[""L"",80],[""H"",44],[""L"",317],[""H"",44],[""L"",79],[""H"",44],[""L"",78],[""H"",43],[""L"",78]]",True,False,False,ZL1_N3_M3_L79_H44_C316,independent_layer_1nm,281,independent_layer_1nm_ZL1_N3_M3_L79_H44_C316_0281,1,"[1,1,1,1,0,1,0,0,0,-1,-1,-1]"
449.4800000000022,3.3304415067552213,0.5483517093848186,0.9066580460057727,0.18948194815362163,0.0,14.31361175491315,1.0,True,True,0.0,6.661338147750939e-16,False,False,"[[""H"",44],[""L"",80],[""H"",44],[""L"",80],[""H"",43],[""L"",315],[""H"",45],[""L"",79],[""H"",45],[""L"",79],[""H"",44],[""L"",80]]",True,True,True,ZL1_N3_M3_L79_H44_C316,independent_layer_1nm,282,independent_layer_1nm_ZL1_N3_M3_L79_H44_C316_0282,1,"[0,1,0,1,-1,-1,1,0,1,0,0,1]"
450.16000000000236,3.3477810759920885,0.364044015739059,0.9829571079438739,0.2651664516885623,-2.0,17.021133201589443,0.9917370774234812,False,True,0.0,4.440892098500626e-16,False,False,"[[""H"",43],[""L"",78],[""H"",44],[""L"",78],[""H"",44],[""L"",316],[""H"",45],[""L"",78],[""H"",45],[""L"",80],[""H"",44],[""L"",78]]",True,True,True,ZL1_N3_M3_L79_H44_C316,independent_layer_1nm,283,independent_layer_1nm_ZL1_N3_M3_L79_H44_C316_0283,1,"[-1,-1,0,-1,0,0,1,-1,1,1,0,-1]"
447.06000000000165,3.2787945910282588,0.746478664993968,0.24158753470939703,0.07629869812850243,0.0,15.651044616677531,1.0,True,True,0.0,6.661338147750939e-16,False,False,"[[""H"",45],[""L"",78],[""H"",44],[""L"",79],[""H"",43],[""L"",315],[""H"",43],[""L"",78],[""H"",44],[""L"",80],[""H"",44],[""L"",78]]",False,True,False,ZL1_N3_M3_L79_H44_C316,independent_layer_1nm,284,independent_layer_1nm_ZL1_N3_M3_L79_H44_C316_0284,1,"[1,-1,0,0,-1,-1,-1,-1,0,1,0,-1]"
450.5000000000024,3.358543840260154,0.3002402161335766,0.9103379006204186,0.3177321249871268,-4.0,18.501086944422127,0.9198088326734014,False,True,0.0,7.771561172376096e-16,False,False,"[[""H"",43],[""L"",79],[""H"",43],[""L"",80],[""H"",45],[""L"",317],[""H"",43],[""L"",79],[""H"",44],[""L"",80],[""H"",44],[""L"",78]]",True,True,True,ZL1_N3_M3_L79_H44_C316,independent_layer_1nm,285,independent_layer_1nm_ZL1_N3_M3_L79_H44_C316_0285,1,"[-1,0,-1,1,1,1,-1,0,0,1,0,-1]"
450.9000000000025,3.3680786306604773,0.24412911365918538,0.7718887805216197,0.3946164778239624,-6.0,20.04901948676254,0.7775785648776978,False,False,0.0,8.881784197001252e-16,False,False,"[[""H"",45],[""L"",80],[""H"",45],[""L"",78],[""H"",45],[""L"",317],[""H"",43],[""L"",79],[""H"",45],[""L"",80],[""H"",43],[""L"",78]]",True,False,False,ZL1_N3_M3_L79_H44_C316,independent_layer_1nm,286,independent_layer_1nm_ZL1_N3_M3_L79_H44_C316_0286,1,"[1,1,1,-1,1,1,-1,0,1,1,-1,-1]"
450.0000000000023,3.345961445107264,0.4016679701626552,0.9928314742113533,0.24408695238245331,0.0,16.207569648480273,1.0,True,True,0.0,9.992007221626409e-16,False,False,"[[""H"",43],[""L"",79],[""H"",45],[""L"",80],[""H"",45],[""L"",315],[""H"",44],[""L"",79],[""H"",44],[""L"",78],[""H"",43],[""L"",80]]",True,True,True,ZL1_N3_M3_L79_H44_C316,independent_layer_1nm,287,independent_layer_1nm_ZL1_N3_M3_L79_H44_C316_0287,1,"[-1,0,1,1,1,-1,0,0,0,-1,-1,1]"
448.1600000000019,3.298560566460992,0.9827312822773266,0.44998286357902834,0.11070735826416347,0.0,14.034596017639613,1.0,True,True,0.0,6.661338147750939e-16,False,False,"[[""H"",44],[""L"",78],[""H"",44],[""L"",80],[""H"",44],[""L"",315],[""H"",43],[""L"",78],[""H"",45],[""L"",78],[""H"",44],[""L"",79]]",False,True,False,ZL1_N3_M3_L79_H44_C316,independent_layer_1nm,288,independent_layer_1nm_ZL1_N3_M3_L79_H44_C316_0288,1,"[0,-1,0,1,0,-1,-1,-1,1,-1,0,0]"
450.3800000000024,3.3558839510534995,0.3230218429030087,0.9457481565229428,0.2965517361727278,-4.0,17.90377001436099,0.953014133835239,False,True,0.0,9.992007221626409e-16,False,False,"[[""H"",43],[""L"",78],[""H"",44],[""L"",79],[""H"",45],[""L"",317],[""H"",43],[""L"",80],[""H"",43],[""L"",78],[""H"",45],[""L"",80]]",True,True,True,ZL1_N3_M3_L79_H44_C316,independent_layer_1nm,289,independent_layer_1nm_ZL1_N3_M3_L79_H44_C316_0289,1,"[-1,-1,0,0,1,1,-1,1,-1,-1,1,1]"
448.36000000000195,3.3031915999976604,0.9457941418877136,0.5073083850142825,0.11984488310700778,0.0,13.852972837322556,1.0,True,True,0.0,6.661338147750939e-16,False,False,"[[""H"",43],[""L"",80],[""H"",43],[""L"",78],[""H"",44],[""L"",316],[""H"",43],[""L"",79],[""H"",44],[""L"",79],[""H"",44],[""L"",78]]",False,True,False,ZL1_N3_M3_L79_H44_C316,independent_layer_1nm,290,independent_layer_1nm_ZL1_N3_M3_L79_H44_C316_0290,1,"[-1,1,-1,-1,0,0,-1,0,0,0,0,-1]"
450.8600000000025,3.368334323417571,0.24945516272566798,0.7879588534734058,0.3856712980097651,-6.0,19.90591663091373,0.7949035323170847,False,False,0.0,5.551115123125783e-16,False,False,"[[""H"",45],[""L"",80],[""H"",45],[""L"",79],[""H"",44],[""L"",316],[""H"",45],[""L"",80],[""H"",43],[""L"",79],[""H"",43],[""L"",80]]",True,False,False,ZL1_N3_M3_L79_H44_C316,independent_layer_1nm,291,independent_layer_1nm_ZL1_N3_M3_L79_H44_C316_0291,1,"[1,1,1,0,0,0,1,1,-1,0,-1,1]"
449.50000000000216,3.327407322452416,0.5414645937095957,0.9115735620590587,0.19172995635330015,0.0,14.362143419137873,1.0,True,True,0.0,4.440892098500626e-16,False,False,"[[""H"",44],[""L"",80],[""H"",43],[""L"",78],[""H"",45],[""L"",316],[""H"",43],[""L"",80],[""H"",44],[""L"",79],[""H"",44],[""L"",78]]",True,True,True,ZL1_N3_M3_L79_H44_C316,independent_layer_1nm,292,independent_layer_1nm_ZL1_N3_M3_L79_H44_C316_0292,1,"[0,1,-1,-1,1,0,-1,1,0,0,0,-1]"
449.28000000000213,3.326922129077218,0.6171557398422335,0.8391946487593365,0.17450694684713758,0.0,13.927861552798994,1.0,True,True,0.0,6.661338147750939e-16,False,False,"[[""H"",43],[""L"",80],[""H"",43],[""L"",80],[""H"",43],[""L"",317],[""H"",44],[""L"",78],[""H"",43],[""L"",79],[""H"",45],[""L"",80]]",True,True,True,ZL1_N3_M3_L79_H44_C316,independent_layer_1nm,293,independent_layer_1nm_ZL1_N3_M3_L79_H44_C316_0293,1,"[-1,1,-1,1,-1,1,0,-1,-1,0,1,1]"
451.04000000000246,3.36936558695362,0.224908095851097,0.7136265991060844,0.43058309001751954,-6.0,20.720178222828793,0.7224615924289269,False,False,0.0,6.661338147750939e-16,False,False,"[[""H"",45],[""L"",79],[""H"",43],[""L"",79],[""H"",45],[""L"",317],[""H"",44],[""L"",78],[""H"",45],[""L"",79],[""H"",43],[""L"",78]]",True,False,False,ZL1_N3_M3_L79_H44_C316,independent_layer_1nm,294,independent_layer_1nm_ZL1_N3_M3_L79_H44_C316_0294,1,"[1,0,-1,0,1,1,0,-1,1,0,-1,-1]"
448.5400000000019,3.3096431537286435,0.899832345900234,0.5591921376435098,0.12682600821299225,0.0,13.728188634132868,1.0,True,True,0.0,6.661338147750939e-16,False,False,"[[""H"",45],[""L"",79],[""H"",43],[""L"",79],[""H"",45],[""L"",315],[""H"",43],[""L"",78],[""H"",44],[""L"",79],[""H"",45],[""L"",80]]",False,True,False,ZL1_N3_M3_L79_H44_C316,independent_layer_1nm,295,independent_layer_1nm_ZL1_N3_M3_L79_H44_C316_0295,1,"[1,0,-1,0,1,-1,-1,-1,0,0,1,1]"
451.5600000000027,3.382020067797555,0.17515160639141591,0.5303496065795497,0.5811999001182929,-8.0,22.586218958720938,0.5351421745283729,False,False,0.0,6.661338147750939e-16,False,False,"[[""H"",44],[""L"",79],[""H"",44],[""L"",79],[""H"",45],[""L"",317],[""H"",45],[""L"",78],[""H"",43],[""L"",78],[""H"",44],[""L"",80]]",False,False,False,ZL1_N3_M3_L79_H44_C316,independent_layer_1nm,296,independent_layer_1nm_ZL1_N3_M3_L79_H44_C316_0296,1,"[0,0,0,0,1,1,1,-1,-1,-1,0,1]"
447.8800000000018,3.2989595222780963,0.9872239125759814,0.37962056850020465,0.09998616125327797,0.0,14.404255358226889,1.0,True,True,0.0,5.551115123125783e-16,False,False,"[[""H"",45],[""L"",79],[""H"",45],[""L"",78],[""H"",43],[""L"",316],[""H"",43],[""L"",79],[""H"",43],[""L"",78],[""H"",45],[""L"",79]]",False,True,False,ZL1_N3_M3_L79_H44_C316,independent_layer_1nm,297,independent_layer_1nm_ZL1_N3_M3_L79_H44_C316_0297,1,"[1,0,1,-1,-1,0,-1,0,-1,-1,1,0]"
448.32000000000187,3.3056359567713685,0.9583801541669263,0.4912928605506689,0.11709643348717852,0.0,13.878484212396145,1.0,True,True,0.0,6.661338147750939e-16,False,False,"[[""H"",43],[""L"",79],[""H"",44],[""L"",79],[""H"",43],[""L"",316],[""H"",43],[""L"",80],[""H"",44],[""L"",79],[""H"",45],[""L"",78]]",False,True,False,ZL1_N3_M3_L79_H44_C316,independent_layer_1nm,298,independent_layer_1nm_ZL1_N3_M3_L79_H44_C316_0298,1,"[-1,0,0,0,-1,0,-1,1,0,0,1,-1]"
447.8000000000018,3.293505034257862,0.9776020521216278,0.36184541579528534,0.09729885534035848,0.0,14.535666129633643,1.0,True,True,0.0,6.661338147750939e-16,False,False,"[[""H"",45],[""L"",79],[""H"",44],[""L"",79],[""H"",44],[""L"",315],[""H"",43],[""L"",78],[""H"",44],[""L"",79],[""H"",43],[""L"",78]]",False,True,False,ZL1_N3_M3_L79_H44_C316,independent_layer_1nm,299,independent_layer_1nm_ZL1_N3_M3_L79_H44_C316_0299,1,"[1,0,0,0,0,-1,-1,-1,0,0,-1,-1]"
454.04000000000315,3.4605140332446354,0.0703584702581154,0.14709401935318953,0.7251194624746933,-13.0,5.630415839585007,0.15222350844248048,False,False,0.0,8.881784197001252e-16,False,False,"[[""H"",43],[""L"",82],[""H"",46],[""L"",80],[""H"",44],[""L"",318],[""H"",47],[""L"",78],[""H"",43],[""L"",78],[""H"",43],[""L"",80]]",False,False,False,ZL1_N3_M3_L79_H44_C316,independent_layer_3nm,0,independent_layer_3nm_ZL1_N3_M3_L79_H44_C316_0000,3,"[-1,3,2,1,0,2,3,-1,-1,-1,-1,1]"
448.6400000000019,3.319655201539888,0.8631554456781005,0.5981622437780638,0.13347464282899407,0.0,13.649007636838473,1.0,True,True,0.0,4.440892098500626e-16,False,False,"[[""H"",44],[""L"",80],[""H"",44],[""L"",82],[""H"",42],[""L"",318],[""H"",42],[""L"",78],[""H"",44],[""L"",79],[""H"",44],[""L"",78]]",False,True,False,ZL1_N3_M3_L79_H44_C316,independent_layer_3nm,1,independent_layer_3nm_ZL1_N3_M3_L79_H44_C316_0001,3,"[0,1,0,3,-2,2,-2,-1,0,0,0,-1]"
447.94000000000176,3.3471248015033552,0.9907535279312334,0.4000264221266281,0.10345100549870517,0.0,14.365338673159744,1.0,True,True,0.0,8.881784197001252e-16,False,False,"[[""H"",47],[""L"",82],[""H"",44],[""L"",76],[""H"",42],[""L"",315],[""H"",45],[""L"",77],[""H"",47],[""L"",77],[""H"",46],[""L"",77]]",False,True,False,ZL1_N3_M3_L79_H44_C316,independent_layer_3nm,2,independent_layer_3nm_ZL1_N3_M3_L79_H44_C316_0002,3,"[3,3,0,-3,-2,-1,1,-2,3,-2,2,-2]"
453.90000000000316,3.4467776406120265,0.07335431978669285,0.15617915163799218,0.7810089197478414,-12.0,5.649649059489704,0.15964242621403246,False,False,0.0,4.440892098500626e-16,False,False,"[[""H"",44],[""L"",80],[""H"",43],[""L"",76],[""H"",46],[""L"",319],[""H"",45],[""L"",79],[""H"",44],[""L"",80],[""H"",47],[""L"",77]]",False,False,False,ZL1_N3_M3_L79_H44_C316,independent_layer_3nm,3,independent_layer_3nm_ZL1_N3_M3_L79_H44_C316_0003,3,"[0,1,-1,-3,2,3,1,0,0,1,3,-2]"
448.74000000000194,3.3462538245664746,0.8289260907363527,0.6376158939951716,0.14268070579409758,0.0,13.741034726606383,1.0,True,True,0.0,6.661338147750939e-16,False,False,"[[""H"",46],[""L"",79],[""H"",41],[""L"",79],[""H"",42],[""L"",319],[""H"",44],[""L"",77],[""H"",42],[""L"",79],[""H"",43],[""L"",76]]",True,True,True,ZL1_N3_M3_L79_H44_C316,independent_layer_3nm,4,independent_layer_3nm_ZL1_N3_M3_L79_H44_C316_0004,3,"[2,0,-3,0,-2,3,0,-2,-2,0,-1,-3]"
454.0800000000032,3.457299652119218,0.06937375292095299,0.1445229793456519,0.7110756582955338,-13.0,5.570725155218158,0.14842652961991395,False,False,0.0,8.881784197001252e-16,False,False,"[[""H"",47],[""L"",81],[""H"",43],[""L"",76],[""H"",46],[""L"",319],[""H"",46],[""L"",77],[""H"",44],[""L"",76],[""H"",45],[""L"",81]]",False,False,False,ZL1_N3_M3_L79_H44_C316,independent_layer_3nm,5,independent_layer_3nm_ZL1_N3_M3_L79_H44_C316_0005,3,"[3,2,-1,-3,2,3,2,-2,0,-3,1,2]"
455.44000000000347,3.4791621491199294,0.048438173545463134,0.08800676209716696,0.32972674587719575,-15.0,4.875892815781043,0.09248257767741377,False,False,0.0,4.440892098500626e-16,False,False,"[[""H"",42],[""L"",81],[""H"",45],[""L"",79],[""H"",46],[""L"",319],[""H"",44],[""L"",82],[""H"",46],[""L"",79],[""H"",45],[""L"",81]]",False,False,False,ZL1_N3_M3_L79_H44_C316,independent_layer_3nm,6,independent_layer_3nm_ZL1_N3_M3_L79_H44_C316_0006,3,"[-2,2,1,0,2,3,0,3,2,0,1,2]"
456.26000000000374,3.5376179173139235,0.039922056407812656,0.06859048131972001,0.21872849007028422,-16.0,4.563589023433575,0.07093628858717532,False,False,0.0,4.440892098500626e-16,False,False,"[[""H"",44],[""L"",79],[""H"",41],[""L"",82],[""H"",47],[""L"",317],[""H"",47],[""L"",80],[""H"",47],[""L"",79],[""H"",42],[""L"",78]]",False,False,False,ZL1_N3_M3_L79_H44_C316,independent_layer_3nm,7,independent_layer_3nm_ZL1_N3_M3_L79_H44_C316_0007,3,"[0,0,-3,3,3,1,3,1,3,0,-2,-1]"
446.8600000000016,3.3038395575458708,0.6741083669740424,0.22368831302714542,0.07463384106227322,0.0,16.033522166175167,1.0,True,True,0.0,6.661338147750939e-16,False,False,"[[""H"",45],[""L"",78],[""H"",42],[""L"",79],[""H"",42],[""L"",317],[""H"",42],[""L"",82],[""H"",43],[""L"",76],[""H"",41],[""L"",82]]",False,True,False,ZL1_N3_M3_L79_H44_C316,independent_layer_3nm,8,independent_layer_3nm_ZL1_N3_M3_L79_H44_C316_0008,3,"[1,-1,-2,0,-2,1,-2,3,-1,-3,-3,3]"
451.1600000000026,3.4117182141161493,0.21645537381149804,0.6742174494822337,0.46620667796772214,-7.0,21.19906605985874,0.6813072184770275,False,False,0.0,6.661338147750939e-16,False,False,"[[""H"",41],[""L"",81],[""H"",45],[""L"",80],[""H"",47],[""L"",317],[""H"",41],[""L"",81],[""H"",43],[""L"",76],[""H"",46],[""L"",81]]",True,False,False,ZL1_N3_M3_L79_H44_C316,independent_layer_3nm,9,independent_layer_3nm_ZL1_N3_M3_L79_H44_C316_0009,3,"[-3,2,1,1,3,1,-3,2,-1,-3,2,2]"
450.9800000000025,3.3736421276950637,0.23415783541627996,0.7423198889618273,0.41374935759826925,-6.0,20.402675936259016,0.7481720557174455,False,False,0.0,8.881784197001252e-16,False,False,"[[""H"",43],[""L"",81],[""H"",45],[""L"",76],[""H"",46],[""L"",317],[""H"",43],[""L"",81],[""H"",42],[""L"",80],[""H"",44],[""L"",79]]",True,False,False,ZL1_N3_M3_L79_H44_C316,independent_layer_3nm,10,independent_layer_3nm_ZL1_N3_M3_L79_H44_C316_0010,3,"[-1,2,1,-3,2,1,-1,2,-2,1,0,0]"
446.2400000000014,3.288994298314833,0.46930307226359147,0.167843982471249,0.06239474331245659,0.0,17.179860850061125,1.0,True,True,0.0,6.661338147750939e-16,False,False,"[[""H"",42],[""L"",79],[""H"",41],[""L"",76],[""H"",45],[""L"",313],[""H"",44],[""L"",77],[""H"",46],[""L"",79],[""H"",42],[""L"",78]]",False,True,False,ZL1_N3_M3_L79_H44_C316,independent_layer_3nm,11,independent_layer_3nm_ZL1_N3_M3_L79_H44_C316_0011,3,"[-2,0,-3,-3,1,-3,0,-2,2,0,-2,-1]"
453.4800000000031,3.4481096333086043,0.08348550188271558,0.18742915942386673,0.9181555229521514,-12.0,6.037975216465618,0.19128840492162608,False,False,0.0,6.661338147750939e-16,False,False,"[[""H"",43],[""L"",78],[""H"",43],[""L"",77],[""H"",45],[""L"",318],[""H"",47],[""L"",76],[""H"",46],[""L"",79],[""H"",45],[""L"",80]]",False,False,False,ZL1_N3_M3_L79_H44_C316,independent_layer_3nm,12,independent_layer_3nm_ZL1_N3_M3_L79_H44_C316_0012,3,"[-1,-1,-1,-2,1,2,3,-3,2,0,1,1]"
446.92000000000155,3.323197713291563,0.7052053320545291,0.23352181903610125,0.0766073139309579,0.0,15.968708454003758,1.0,True,True,0.0,4.440892098500626e-16,False,False,"[[""H"",46],[""L"",81],[""H"",44],[""L"",77],[""H"",44],[""L"",314],[""H"",44],[""L"",80],[""H"",41],[""L"",76],[""H"",42],[""L"",77]]",False,True,False,ZL1_N3_M3_L79_H44_C316,independent_layer_3nm,13,independent_layer_3nm_ZL1_N3_M3_L79_H44_C316_0013,3,"[2,2,0,-2,0,-2,0,1,-3,-3,-2,-2]"
452.24000000000274,3.4373491602767103,0.13385936347008445,0.360147073656577,0.8350038283731814,-9.0,7.972254758295129,0.3659884963479782,False,False,0.0,8.881784197001252e-16,False,False,"[[""H"",46],[""L"",81],[""H"",43],[""L"",80],[""H"",46],[""L"",315],[""H"",45],[""L"",80],[""H"",47],[""L"",77],[""H"",41],[""L"",78]]",False,False,False,ZL1_N3_M3_L79_H44_C316,independent_layer_3nm,14,independent_layer_3nm_ZL1_N3_M3_L79_H44_C316_0014,3,"[2,2,-1,1,2,-1,1,1,3,-2,-3,-1]"
447.6600000000018,3.3172446503917854,0.9528380054921579,0.3375972229289668,0.09358034766837128,0.0,14.765216227801867,1.0,True,True,0.0,4.440892098500626e-16,False,False,"[[""H"",42],[""L"",78],[""H"",44],[""L"",80],[""H"",44],[""L"",313],[""H"",45],[""L"",77],[""H"",43],[""L"",80],[""H"",47],[""L"",80]]",False,True,False,ZL1_N3_M3_L79_H44_C316,independent_layer_3nm,15,independent_layer_3nm_ZL1_N3_M3_L79_H44_C316_0015,3,"[-2,-1,0,1,0,-3,1,-2,-1,1,3,1]"
454.7200000000033,3.486166539872386,0.06049165187983642,0.11597495909694046,0.4984036173687821,-14.0,5.253968405722759,0.12075512961493552,False,False,0.0,6.661338147750939e-16,False,False,"[[""H"",46],[""L"",82],[""H"",47],[""L"",80],[""H"",46],[""L"",318],[""H"",44],[""L"",77],[""H"",47],[""L"",78],[""H"",46],[""L"",82]]",False,False,False,ZL1_N3_M3_L79_H44_C316,independent_layer_3nm,16,independent_layer_3nm_ZL1_N3_M3_L79_H44_C316_0016,3,"[2,3,3,1,2,2,0,-2,3,-1,2,3]"
455.9400000000036,3.4992920330235506,0.04203138639402879,0.07405488359330854,0.2527052394448177,-15.0,4.5881360571959835,0.07547002022489332,False,False,0.0,6.661338147750939e-16,False,False,"[[""H"",45],[""L"",77],[""H"",45],[""L"",80],[""H"",46],[""L"",319],[""H"",47],[""L"",77],[""H"",44],[""L"",78],[""H"",42],[""L"",82]]",False,False,False,ZL1_N3_M3_L79_H44_C316,independent_layer_3nm,17,independent_layer_3nm_ZL1_N3_M3_L79_H44_C316_0017,3,"[1,-2,1,1,2,3,3,-2,0,-1,-2,3]"
445.78000000000134,3.3068563378864724,0.3601592448327586,0.13745750476701268,0.05382493843183413,0.0,17.694171559741864,1.0,True,True,0.0,4.440892098500626e-16,False,False,"[[""H"",45],[""L"",80],[""H"",44],[""L"",79],[""H"",42],[""L"",315],[""H"",41],[""L"",80],[""H"",45],[""L"",81],[""H"",46],[""L"",80]]",False,True,False,ZL1_N3_M3_L79_H44_C316,independent_layer_3nm,18,independent_layer_3nm_ZL1_N3_M3_L79_H44_C316_0018,3,"[1,1,0,0,-2,-1,-3,1,1,2,2,1]"
449.8000000000022,3.3978490830901364,0.46234481806024114,0.9817629962368537,0.22534814932457545,0.0,15.462336355371633,1.0,True,True,0.0,8.881784197001252e-16,False,False,"[[""H"",47],[""L"",79],[""H"",46],[""L"",76],[""H"",45],[""L"",318],[""H"",41],[""L"",76],[""H"",46],[""L"",82],[""H"",46],[""L"",82]]",True,True,True,ZL1_N3_M3_L79_H44_C316,independent_layer_3nm,19,independent_layer_3nm_ZL1_N3_M3_L79_H44_C316_0019,3,"[3,0,2,-3,1,2,-3,-3,2,3,2,3]"
452.22000000000276,3.426341686064518,0.13335241502281905,0.3630790670346744,0.8220253463337096,-9.0,7.986842510773283,0.3685680990549016,False,False,0.0,6.661338147750939e-16,False,False,"[[""H"",41],[""L"",82],[""H"",43],[""L"",78],[""H"",45],[""L"",316],[""H"",47],[""L"",77],[""H"",45],[""L"",81],[""H"",42],[""L"",79]]",False,False,False,ZL1_N3_M3_L79_H44_C316,independent_layer_3nm,20,independent_layer_3nm_ZL1_N3_M3_L79_H44_C316_0020,3,"[-3,3,-1,-1,1,0,3,-2,1,2,-2,0]"
450.54000000000235,3.405726434295161,0.2991177045189796,0.8987584398374804,0.33031574604197295,-5.0,18.797843636917552,0.9091710763919507,False,True,0.0,4.440892098500626e-16,False,False,"[[""H"",41],[""L"",77],[""H"",45],[""L"",80],[""H"",41],[""L"",317],[""H"",46],[""L"",79],[""H"",47],[""L"",78],[""H"",45],[""L"",76]]",True,True,True,ZL1_N3_M3_L79_H44_C316,independent_layer_3nm,21,independent_layer_3nm_ZL1_N3_M3_L79_H44_C316_0021,3,"[-3,-2,1,1,-3,1,2,0,3,-1,1,-3]"
448.0200000000018,3.3278155147125403,0.9933322315776407,0.41671537479375576,0.10562920379079244,0.0,14.2077696399732,1.0,True,True,0.0,4.440892098500626e-16,False,False,"[[""H"",46],[""L"",77],[""H"",43],[""L"",81],[""H"",45],[""L"",313],[""H"",42],[""L"",82],[""H"",46],[""L"",80],[""H"",44],[""L"",78]]",False,True,False,ZL1_N3_M3_L79_H44_C316,independent_layer_3nm,22,independent_layer_3nm_ZL1_N3_M3_L79_H44_C316_0022,3,"[2,-2,-1,2,1,-3,-2,3,2,1,0,-1]"
444.6800000000011,3.2407226422220106,0.20032770870211397,0.09231821948317165,0.042734940659134205,0.0,19.821040792622057,1.0,True,True,0.0,4.440892098500626e-16,False,False,"[[""H"",42],[""L"",80],[""H"",42],[""L"",79],[""H"",42],[""L"",315],[""H"",43],[""L"",76],[""H"",43],[""L"",79],[""H"",42],[""L"",77]]",False,True,False,ZL1_N3_M3_L79_H44_C316,independent_layer_3nm,23,independent_layer_3nm_ZL1_N3_M3_L79_H44_C316_0023,3,"[-2,1,-2,0,-2,-1,-1,-3,-1,0,-2,-2]"
451.5200000000026,3.3999721992586274,0.18103456928200368,0.545923735107771,0.5702297847044644,-8.0,22.40176905000797,0.5531797311892652,False,False,0.0,4.440892098500626e-16,False,False,"[[""H"",46],[""L"",81],[""H"",44],[""L"",78],[""H"",43],[""L"",319],[""H"",43],[""L"",82],[""H"",45],[""L"",80],[""H"",42],[""L"",80]]",False,False,False,ZL1_N3_M3_L79_H44_C316,independent_layer_3nm,24,independent_layer_3nm_ZL1_N3_M3_L79_H44_C316_0024,3,"[2,2,0,-1,-1,3,-1,3,1,1,-2,1]"
450.4600000000024,3.4000177487549195,0.3125237160882379,0.9230209833197585,0.3166110927341718,-4.0,18.471985008028874,0.9303189896900399,False,True,0.0,8.881784197001252e-16,False,False,"[[""H"",46],[""L"",82],[""H"",45],[""L"",78],[""H"",47],[""L"",316],[""H"",43],[""L"",77],[""H"",41],[""L"",80],[""H"",44],[""L"",78]]",True,True,True,ZL1_N3_M3_L79_H44_C316,independent_layer_3nm,25,independent_layer_3nm_ZL1_N3_M3_L79_H44_C316_0025,3,"[2,3,1,-1,3,0,-1,-2,-3,1,0,-1]"
445.26000000000124,3.265996144944836,0.26711671331106823,0.11195869711602227,0.04776774943398078,0.0,18.74583364169917,1.0,True,True,0.0,5.551115123125783e-16,False,False,"[[""H"",42],[""L"",82],[""H"",42],[""L"",77],[""H"",45],[""L"",314],[""H"",41],[""L"",78],[""H"",43],[""L"",81],[""H"",46],[""L"",76]]",False,True,False,ZL1_N3_M3_L79_H44_C316,independent_layer_3nm,26,independent_layer_3nm_ZL1_N3_M3_L79_H44_C316_0026,3,"[-2,3,-2,-2,1,-2,-3,-1,-1,2,2,-3]"
451.5600000000027,3.4175419959385067,0.17847835281816588,0.5352437148480653,0.5863434104859142,-8.0,22.62585040983982,0.5402082281513307,False,False,0.0,4.440892098500626e-16,False,False,"[[""H"",46],[""L"",82],[""H"",41],[""L"",80],[""H"",44],[""L"",316],[""H"",46],[""L"",81],[""H"",44],[""L"",80],[""H"",41],[""L"",79]]",False,False,False,ZL1_N3_M3_L79_H44_C316,independent_layer_3nm,27,independent_layer_3nm_ZL1_N3_M3_L79_H44_C316_0027,3,"[2,3,-3,1,0,0,2,2,0,1,-3,0]"
455.84000000000356,3.50737071829883,0.04370642245367447,0.0772426224323782,0.26681326372558556,-15.0,4.590397018399592,0.07790603510090725,False,False,0.0,4.440892098500626e-16,False,False,"[[""H"",44],[""L"",82],[""H"",43],[""L"",77],[""H"",46],[""L"",319],[""H"",46],[""L"",80],[""H"",47],[""L"",81],[""H"",42],[""L"",76]]",False,False,False,ZL1_N3_M3_L79_H44_C316,independent_layer_3nm,28,independent_layer_3nm_ZL1_N3_M3_L79_H44_C316_0028,3,"[0,3,-1,-2,2,3,2,1,3,2,-2,-3]"
447.2200000000016,3.31227191086208,0.8172326457120551,0.26706490259800875,0.08097311540834826,0.0,15.39103369075241,1.0,True,True,0.0,5.551115123125783e-16,False,False,"[[""H"",46],[""L"",79],[""H"",42],[""L"",77],[""H"",46],[""L"",313],[""H"",42],[""L"",80],[""H"",46],[""L"",79],[""H"",45],[""L"",80]]",False,True,False,ZL1_N3_M3_L79_H44_C316,independent_layer_3nm,29,independent_layer_3nm_ZL1_N3_M3_L79_H44_C316_0029,3,"[2,0,-2,-2,2,-3,-2,1,2,0,1,1]"
445.12000000000114,3.283960807232745,0.25161049283530434,0.10893697990906956,0.04788962468398799,0.0,19.0844368784939,1.0,True,True,0.0,4.440892098500626e-16,False,False,"[[""H"",47],[""L"",76],[""H"",43],[""L"",81],[""H"",42],[""L"",317],[""H"",41],[""L"",76],[""H"",42],[""L"",78],[""H"",41],[""L"",80]]",False,True,False,ZL1_N3_M3_L79_H44_C316,independent_layer_3nm,30,independent_layer_3nm_ZL1_N3_M3_L79_H44_C316_0030,3,"[3,-3,-1,2,-2,1,-3,-3,-2,-1,-3,1]"
448.2600000000019,3.3151185688233227,0.9709474642805758,0.47602283344111973,0.11552969461236304,0.0,13.970292320292096,1.0,True,True,0.0,4.440892098500626e-16,False,False,"[[""H"",46],[""L"",79],[""H"",43],[""L"",79],[""H"",45],[""L"",317],[""H"",41],[""L"",77],[""H"",44],[""L"",80],[""H"",43],[""L"",79]]",False,True,False,ZL1_N3_M3_L79_H44_C316,independent_layer_3nm,31,independent_layer_3nm_ZL1_N3_M3_L79_H44_C316_0031,3,"[2,0,-1,0,1,1,-3,-2,0,1,-1,0]"
457.18000000000393,3.606269274483509,0.03297072058023484,0.0537207527208061,0.1474727273327257,-17.0,4.277224894181531,0.05505549081339558,False,False,0.0,6.661338147750939e-16,False,False,"[[""H"",41],[""L"",78],[""H"",41],[""L"",82],[""H"",47],[""L"",319],[""H"",47],[""L"",82],[""H"",42],[""L"",79],[""H"",46],[""L"",82]]",False,False,False,ZL1_N3_M3_L79_H44_C316,independent_layer_3nm,32,independent_layer_3nm_ZL1_N3_M3_L79_H44_C316_0032,3,"[-3,-1,-3,3,3,3,3,3,-2,0,2,3]"
448.580000000002,3.364182901054221,0.8885072668895289,0.5802867889499659,0.13242566973880782,0.0,13.731260812209337,1.0,True,True,0.0,8.881784197001252e-16,False,False,"[[""H"",45],[""L"",82],[""H"",46],[""L"",81],[""H"",41],[""L"",318],[""H"",42],[""L"",82],[""H"",41],[""L"",80],[""H"",43],[""L"",78]]",False,True,False,ZL1_N3_M3_L79_H44_C316,independent_layer_3nm,33,independent_layer_3nm_ZL1_N3_M3_L79_H44_C316_0033,3,"[1,3,2,2,-3,2,-2,3,-3,1,-1,-1]"
450.3200000000023,3.3741806779395347,0.33652587909893894,0.9598419227372402,0.2905356006896107,-3.0,17.76261342401033,0.9682886587279161,False,True,0.0,6.661338147750939e-16,False,False,"[[""H"",46],[""L"",81],[""H"",43],[""L"",77],[""H"",46],[""L"",317],[""H"",44],[""L"",76],[""H"",41],[""L"",81],[""H"",45],[""L"",77]]",True,True,True,ZL1_N3_M3_L79_H44_C316,independent_layer_3nm,34,independent_layer_3nm_ZL1_N3_M3_L79_H44_C316_0034,3,"[2,2,-1,-2,2,1,0,-3,-3,2,1,-2]"
445.9400000000013,3.323879289229808,0.3970378213980189,0.14770725605537455,0.05643593823746076,0.0,17.465230555939453,1.0,True,True,0.0,6.661338147750939e-16,False,False,"[[""H"",42],[""L"",79],[""H"",47],[""L"",80],[""H"",42],[""L"",314],[""H"",42],[""L"",77],[""H"",46],[""L"",80],[""H"",46],[""L"",81]]",False,True,False,ZL1_N3_M3_L79_H44_C316,independent_layer_3nm,35,independent_layer_3nm_ZL1_N3_M3_L79_H44_C316_0035,3,"[-2,0,3,1,-2,-2,-2,-2,2,1,2,2]"
446.2000000000014,3.2879760248764,0.4564167878495784,0.16290723119492923,0.060214631257711496,0.0,17.090494264447138,1.0,True,True,0.0,4.440892098500626e-16,False,False,"[[""H"",44],[""L"",82],[""H"",42],[""L"",81],[""H"",42],[""L"",313],[""H"",45],[""L"",79],[""H"",41],[""L"",81],[""H"",46],[""L"",78]]",False,True,False,ZL1_N3_M3_L79_H44_C316,independent_layer_3nm,36,independent_layer_3nm_ZL1_N3_M3_L79_H44_C316_0036,3,"[0,3,-2,2,-2,-3,1,0,-3,2,2,-1]"
448.800000000002,3.3794638916159556,0.8110807084618843,0.657099040688622,0.14404921596262066,0.0,13.78890876289466,1.0,True,True,0.0,6.661338147750939e-16,False,False,"[[""H"",47],[""L"",81],[""H"",47],[""L"",76],[""H"",47],[""L"",313],[""H"",43],[""L"",78],[""H"",44],[""L"",78],[""H"",43],[""L"",76]]",True,True,True,ZL1_N3_M3_L79_H44_C316,independent_layer_3nm,37,independent_layer_3nm_ZL1_N3_M3_L79_H44_C316_0037,3,"[3,2,3,-3,3,-3,-1,-1,0,-1,-1,-3]"
446.3800000000015,3.2852247449336005,0.5109481082878278,0.17848773419970623,0.06471884553708321,0.0,16.817462378673667,1.0,True,True,0.0,5.551115123125783e-16,False,False,"[[""H"",43],[""L"",80],[""H"",41],[""L"",82],[""H"",41],[""L"",317],[""H"",42],[""L"",79],[""H"",45],[""L"",76],[""H"",43],[""L"",78]]",False,True,False,ZL1_N3_M3_L79_H44_C316,independent_layer_3nm,38,independent_layer_3nm_ZL1_N3_M3_L79_H44_C316_0038,3,"[-1,1,-3,3,-3,1,-2,0,1,-3,-1,-1]"
446.8400000000015,3.287880283203947,0.666582300034088,0.21924064641498092,0.07260851810078672,0.0,16.053279089991847,1.0,True,True,0.0,4.440892098500626e-16,False,False,"[[""H"",43],[""L"",76],[""H"",44],[""L"",80],[""H"",45],[""L"",314],[""H"",42],[""L"",76],[""H"",46],[""L"",79],[""H"",42],[""L"",81]]",False,True,False,ZL1_N3_M3_L79_H44_C316,independent_layer_3nm,39,independent_layer_3nm_ZL1_N3_M3_L79_H44_C316_0039,3,"[-1,-3,0,1,1,-2,-2,-3,2,0,-2,2]"
444.540000000001,3.3266296800612167,0.19162679291009516,0.08886357213450108,0.040802303566201376,0.0,19.79272725772615,1.0,True,True,0.0,6.661338147750939e-16,False,False,"[[""H"",41],[""L"",77],[""H"",47],[""L"",82],[""H"",41],[""L"",313],[""H"",42],[""L"",76],[""H"",47],[""L"",79],[""H"",46],[""L"",82]]",False,True,False,ZL1_N3_M3_L79_H44_C316,independent_layer_3nm,40,independent_layer_3nm_ZL1_N3_M3_L79_H44_C316_0040,3,"[-3,-2,3,3,-3,-3,-2,-3,3,0,2,3]"
453.68000000000313,3.4500777703731274,0.08057783703730048,0.17428334129132345,0.85819234834584,-12.0,5.787664472690215,0.17558834000482776,False,False,0.0,4.440892098500626e-16,False,False,"[[""H"",44],[""L"",78],[""H"",47],[""L"",82],[""H"",44],[""L"",317],[""H"",46],[""L"",76],[""H"",46],[""L"",82],[""H"",45],[""L"",81]]",False,False,False,ZL1_N3_M3_L79_H44_C316,independent_layer_3nm,41,independent_layer_3nm_ZL1_N3_M3_L79_H44_C316_0041,3,"[0,-1,3,3,0,1,2,-3,2,3,1,2]"
451.5600000000027,3.429592212244472,0.18047825835086442,0.5382173377996199,0.5874037045328263,-8.0,22.6618692863325,0.5428555671019741,False,False,0.0,6.661338147750939e-16,False,False,"[[""H"",47],[""L"",76],[""H"",45],[""L"",79],[""H"",41],[""L"",317],[""H"",47],[""L"",80],[""H"",47],[""L"",79],[""H"",42],[""L"",76]]",False,False,False,ZL1_N3_M3_L79_H44_C316,independent_layer_3nm,42,independent_layer_3nm_ZL1_N3_M3_L79_H44_C316_0042,3,"[3,-3,1,0,-3,1,3,1,3,0,-2,-3]"
451.60000000000264,3.4078320765457875,0.17688918407982251,0.523391307678989,0.5972981462317514,-8.0,22.7342390801376,0.5269207835296092,False,False,0.0,4.440892098500626e-16,False,False,"[[""H"",44],[""L"",78],[""H"",45],[""L"",82],[""H"",43],[""L"",315],[""H"",46],[""L"",79],[""H"",47],[""L"",81],[""H"",44],[""L"",81]]",False,False,False,ZL1_N3_M3_L79_H44_C316,independent_layer_3nm,43,independent_layer_3nm_ZL1_N3_M3_L79_H44_C316_0043,3,"[0,-1,1,3,-1,-1,2,0,3,2,0,2]"
452.50000000000284,3.4458148615508435,0.1215076047132424,0.31397083309198404,0.9126146458905724,-10.0,7.318742204468879,0.31706518440765885,False,False,0.0,6.661338147750939e-16,False,False,"[[""H"",41],[""L"",77],[""H"",47],[""L"",80],[""H"",44],[""L"",316],[""H"",46],[""L"",81],[""H"",44],[""L"",76],[""H"",47],[""L"",80]]",False,False,False,ZL1_N3_M3_L79_H44_C316,independent_layer_3nm,44,independent_layer_3nm_ZL1_N3_M3_L79_H44_C316_0044,3,"[-3,-2,3,1,0,0,2,2,0,-3,3,1]"
450.5000000000024,3.466479299183675,0.31621366202829865,0.9197788952363773,0.33038350374246267,-4.0,18.73129823483343,0.9268001610693546,False,True,0.0,6.661338147750939e-16,False,False,"[[""H"",46],[""L"",82],[""H"",46],[""L"",80],[""H"",47],[""L"",316],[""H"",42],[""L"",79],[""H"",41],[""L"",77],[""H"",41],[""L"",79]]",True,True,True,ZL1_N3_M3_L79_H44_C316,independent_layer_3nm,45,independent_layer_3nm_ZL1_N3_M3_L79_H44_C316_0045,3,"[2,3,2,1,3,0,-2,0,-3,-2,-3,0]"
452.5400000000028,3.407603928440494,0.11632752658524038,0.29987120486019403,0.9275220454991528,-10.0,7.084811742403518,0.30193372758667963,False,False,0.0,4.440892098500626e-16,False,False,"[[""H"",45],[""L"",78],[""H"",45],[""L"",77],[""H"",45],[""L"",319],[""H"",44],[""L"",76],[""H"",47],[""L"",76],[""H"",45],[""L"",81]]",False,False,False,ZL1_N3_M3_L79_H44_C316,independent_layer_3nm,46,independent_layer_3nm_ZL1_N3_M3_L79_H44_C316_0046,3,"[1,-1,1,-2,1,3,0,-3,3,-3,1,2]"
452.48000000000286,3.428921452615441,0.12093842264608046,0.3129445336396025,0.9122664012545116,-10.0,7.294018649542861,0.31551352262339666,False,False,0.0,6.661338147750939e-16,False,False,"[[""H"",45],[""L"",76],[""H"",45],[""L"",76],[""H"",44],[""L"",317],[""H"",46],[""L"",80],[""H"",47],[""L"",77],[""H"",47],[""L"",76]]",False,False,False,ZL1_N3_M3_L79_H44_C316,independent_layer_3nm,47,independent_layer_3nm_ZL1_N3_M3_L79_H44_C316_0047,3,"[1,-3,1,-3,0,1,2,1,3,-2,3,-3]"
445.90000000000134,3.265755712840871,0.37933598347693137,0.14293041522208427,0.05584424451292944,0.0,17.680344580856556,1.0,True,True,0.0,5.551115123125783e-16,False,False,"[[""H"",44],[""L"",77],[""H"",45],[""L"",79],[""H"",44],[""L"",314],[""H"",42],[""L"",79],[""H"",42],[""L"",76],[""H"",46],[""L"",76]]",False,True,False,ZL1_N3_M3_L79_H44_C316,independent_layer_3nm,48,independent_layer_3nm_ZL1_N3_M3_L79_H44_C316_0048,3,"[0,-2,1,0,0,-2,-2,0,-2,-3,2,-3]"
448.700000000002,3.325948909944998,0.8446604265229467,0.6167856583005401,0.1370937041389924,0.0,13.705917781848102,1.0,True,True,0.0,8.881784197001252e-16,False,False,"[[""H"",44],[""L"",82],[""H"",43],[""L"",78],[""H"",41],[""L"",317],[""H"",46],[""L"",76],[""H"",45],[""L"",77],[""H"",44],[""L"",76]]",True,True,True,ZL1_N3_M3_L79_H44_C316,independent_layer_3nm,49,independent_layer_3nm_ZL1_N3_M3_L79_H44_C316_0049,3,"[0,3,-1,-1,-3,1,2,-3,1,-2,0,-3]"
448.800000000002,3.3421276714966552,0.8083525177253008,0.6539482425030247,0.1411632230566883,0.0,13.657137178587869,1.0,True,True,0.0,6.661338147750939e-16,False,False,"[[""H"",45],[""L"",79],[""H"",47],[""L"",80],[""H"",43],[""L"",313],[""H"",45],[""L"",81],[""H"",44],[""L"",78],[""H"",44],[""L"",80]]",True,True,True,ZL1_N3_M3_L79_H44_C316,independent_layer_3nm,50,independent_layer_3nm_ZL1_N3_M3_L79_H44_C316_0050,3,"[1,0,3,1,-1,-3,1,2,0,-1,0,1]"
451.1000000000025,3.3999834615256646,0.22121618191896902,0.6927848686512649,0.4504619865446591,-7.0,20.953480811708836,0.7039713292459613,False,False,0.0,6.661338147750939e-16,False,False,"[[""H"",46],[""L"",82],[""H"",42],[""L"",82],[""H"",42],[""L"",319],[""H"",44],[""L"",81],[""H"",42],[""L"",77],[""H"",45],[""L"",82]]",True,False,False,ZL1_N3_M3_L79_H44_C316,independent_layer_3nm,51,independent_layer_3nm_ZL1_N3_M3_L79_H44_C316_0051,3,"[2,3,-2,3,-2,3,0,2,-2,-2,1,3]"
451.96000000000276,3.4438667350628975,0.1498362432647267,0.4243100347230412,0.7285093551989572,-9.0,8.870336860510658,0.4298347001477696,False,False,0.0,6.661338147750939e-16,False,False,"[[""H"",45],[""L"",77],[""H"",41],[""L"",76],[""H"",46],[""L"",317],[""H"",45],[""L"",79],[""H"",47],[""L"",79],[""H"",43],[""L"",76]]",False,False,False,ZL1_N3_M3_L79_H44_C316,independent_layer_3nm,52,independent_layer_3nm_ZL1_N3_M3_L79_H44_C316_0052,3,"[1,-2,-3,-3,2,1,1,0,3,0,-1,-3]"
445.2000000000012,3.2959409702806965,0.2606418740576346,0.10976913986317505,0.04676148418122374,0.0,18.781601427941027,1.0,True,True,0.0,6.661338147750939e-16,False,False,"[[""H"",47],[""L"",79],[""H"",45],[""L"",77],[""H"",44],[""L"",314],[""H"",41],[""L"",78],[""H"",43],[""L"",78],[""H"",47],[""L"",79]]",False,True,False,ZL1_N3_M3_L79_H44_C316,independent_layer_3nm,53,independent_layer_3nm_ZL1_N3_M3_L79_H44_C316_0053,3,"[3,0,1,-2,0,-2,-3,-1,-1,-1,3,0]"
452.9200000000029,3.4688675263446953,0.10192653221227405,0.2494107200382616,0.990018130755867,-11.0,6.708384693853132,0.25373109735742905,False,False,0.0,6.661338147750939e-16,False,False,"[[""H"",41],[""L"",79],[""H"",43],[""L"",78],[""H"",46],[""L"",317],[""H"",47],[""L"",76],[""H"",44],[""L"",79],[""H"",42],[""L"",78]]",False,False,False,ZL1_N3_M3_L79_H44_C316,independent_layer_3nm,54,independent_layer_3nm_ZL1_N3_M3_L79_H44_C316_0054,3,"[-3,0,-1,-1,2,1,3,-3,0,0,-2,-1]"
447.1200000000016,3.294631471493176,0.7714015138610798,0.2513559999498629,0.07883373426452989,0.0,15.645555138060265,1.0,True,True,0.0,5.551115123125783e-16,False,False,"[[""H"",45],[""L"",80],[""H"",42],[""L"",77],[""H"",43],[""L"",313],[""H"",46],[""L"",78],[""H"",46],[""L"",76],[""H"",43],[""L"",77]]",False,True,False,ZL1_N3_M3_L79_H44_C316,independent_layer_3nm,55,independent_layer_3nm_ZL1_N3_M3_L79_H44_C316_0055,3,"[1,1,-2,-2,-1,-3,2,-1,2,-3,-1,-2]"
449.6800000000022,3.402955460502085,0.4947725301052338,0.9598240639852826,0.21403592628873913,0.0,15.03894335648322,1.0,True,True,0.0,6.661338147750939e-16,False,False,"[[""H"",46],[""L"",80],[""H"",47],[""L"",82],[""H"",42],[""L"",315],[""H"",44],[""L"",82],[""H"",45],[""L"",77],[""H"",41],[""L"",81]]",True,True,True,ZL1_N3_M3_L79_H44_C316,independent_layer_3nm,56,independent_layer_3nm_ZL1_N3_M3_L79_H44_C316_0056,3,"[2,1,3,3,-2,-1,0,3,1,-2,-3,2]"
443.9800000000009,3.243144989333757,0.14549809983510295,0.07284446119143759,0.03581761742065244,0.0,20.914191881732894,1.0,True,True,0.0,5.551115123125783e-16,False,False,"[[""H"",44],[""L"",81],[""H"",42],[""L"",77],[""H"",41],[""L"",313],[""H"",45],[""L"",76],[""H"",44],[""L"",76],[""H"",47],[""L"",79]]",False,True,False,ZL1_N3_M3_L79_H44_C316,independent_layer_3nm,57,independent_layer_3nm_ZL1_N3_M3_L79_H44_C316_0057,3,"[0,2,-2,-2,-3,-3,1,-3,0,-3,3,0]"
451.70000000000266,3.4075218413196353,0.16706550818014504,0.49130724339743853,0.6315577820037788,-8.0,11.025910816526451,0.4958270407557785,False,False,0.0,4.440892098500626e-16,False,False,"[[""H"",43],[""L"",79],[""H"",47],[""L"",78],[""H"",47],[""L"",314],[""H"",45],[""L"",81],[""H"",42],[""L"",78],[""H"",44],[""L"",80]]",False,False,False,ZL1_N3_M3_L79_H44_C316,independent_layer_3nm,58,independent_layer_3nm_ZL1_N3_M3_L79_H44_C316_0058,3,"[-1,0,3,-1,3,-2,1,2,-2,-1,0,1]"
450.4400000000023,3.3790269811290727,0.3159016996148466,0.9315380203151398,0.3079045533342745,-4.0,18.218571171625754,0.9385696533447088,False,True,0.0,4.440892098500626e-16,False,False,"[[""H"",43],[""L"",77],[""H"",45],[""L"",79],[""H"",41],[""L"",316],[""H"",47],[""L"",82],[""H"",44],[""L"",78],[""H"",44],[""L"",80]]",True,True,True,ZL1_N3_M3_L79_H44_C316,independent_layer_3nm,59,independent_layer_3nm_ZL1_N3_M3_L79_H44_C316_0059,3,"[-1,-2,1,0,-3,0,3,3,0,-1,0,1]"
444.32000000000096,3.269157921054557,0.17026678458608552,0.08195582931546708,0.03904415557759725,0.0,20.285737094993983,1.0,True,True,0.0,5.551115123125783e-16,False,False,"[[""H"",43],[""L"",81],[""H"",41],[""L"",79],[""H"",42],[""L"",313],[""H"",42],[""L"",81],[""H"",46],[""L"",82],[""H"",41],[""L"",76]]",False,True,False,ZL1_N3_M3_L79_H44_C316,independent_layer_3nm,60,independent_layer_3nm_ZL1_N3_M3_L79_H44_C316_0060,3,"[-1,2,-3,0,-2,-3,-2,2,2,3,-3,-3]"
447.7600000000018,3.3235236231458885,0.9748743685729907,0.3603707344958475,0.0976612356401371,0.0,14.597879857145546,1.0,True,True,0.0,8.881784197001252e-16,False,False,"[[""H"",43],[""L"",81],[""H"",45],[""L"",76],[""H"",43],[""L"",316],[""H"",44],[""L"",78],[""H"",41],[""L"",80],[""H"",47],[""L"",81]]",False,True,False,ZL1_N3_M3_L79_H44_C316,independent_layer_3nm,61,independent_layer_3nm_ZL1_N3_M3_L79_H44_C316_0061,3,"[-1,2,1,-3,-1,0,0,-1,-3,1,3,2]"
453.8800000000032,3.473426412831998,0.07429235343106348,0.15891322647677536,0.7917141602872138,-12.0,5.697800372318055,0.16189320890015993,False,False,0.0,6.661338147750939e-16,False,False,"[[""H"",43],[""L"",82],[""H"",46],[""L"",77],[""H"",45],[""L"",318],[""H"",47],[""L"",77],[""H"",44],[""L"",77],[""H"",41],[""L"",81]]",False,False,False,ZL1_N3_M3_L79_H44_C316,independent_layer_3nm,62,independent_layer_3nm_ZL1_N3_M3_L79_H44_C316_0062,3,"[-1,3,2,-2,1,2,3,-2,0,-2,-3,2]"
447.2400000000016,3.3077006857005813,0.8233516876975744,0.27175325045513266,0.0835296244011099,0.0,15.425229636932029,1.0,True,True,0.0,6.661338147750939e-16,False,False,"[[""H"",42],[""L"",76],[""H"",44],[""L"",81],[""H"",44],[""L"",314],[""H"",43],[""L"",80],[""H"",43],[""L"",80],[""H"",41],[""L"",78]]",False,True,False,ZL1_N3_M3_L79_H44_C316,independent_layer_3nm,63,independent_layer_3nm_ZL1_N3_M3_L79_H44_C316_0063,3,"[-2,-3,0,2,0,-2,-1,1,-1,1,-3,-1]"
450.6400000000024,3.423607369960564,0.2874600715701965,0.8716217704965918,0.3482506411601024,-5.0,19.231664847694987,0.8787183827530551,False,True,0.0,1.3322676295501878e-15,False,False,"[[""H"",41],[""L"",82],[""H"",41],[""L"",76],[""H"",45],[""L"",315],[""H"",47],[""L"",77],[""H"",45],[""L"",79],[""H"",47],[""L"",82]]",True,True,True,ZL1_N3_M3_L79_H44_C316,independent_layer_3nm,64,independent_layer_3nm_ZL1_N3_M3_L79_H44_C316_0064,3,"[-3,3,-3,-3,1,-1,3,-2,1,0,3,3]"
453.54000000000303,3.4621302378325822,0.08277941832528735,0.18445028395403867,0.9055742962943516,-12.0,5.987931587031644,0.18689369983495271,False,False,0.0,6.661338147750939e-16,False,False,"[[""H"",47],[""L"",82],[""H"",43],[""L"",76],[""H"",46],[""L"",318],[""H"",47],[""L"",76],[""H"",42],[""L"",80],[""H"",43],[""L"",80]]",False,False,False,ZL1_N3_M3_L79_H44_C316,independent_layer_3nm,65,independent_layer_3nm_ZL1_N3_M3_L79_H44_C316_0065,3,"[3,3,-1,-3,2,2,3,-3,-2,1,-1,1]"
448.50000000000193,3.3381885766108326,0.9135554251515704,0.5519399224016599,0.12768227635292057,0.0,13.861800514997027,1.0,True,True,0.0,4.440892098500626e-16,False,False,"[[""H"",42],[""L"",77],[""H"",46],[""L"",77],[""H"",43],[""L"",313],[""H"",47],[""L"",77],[""H"",46],[""L"",81],[""H"",41],[""L"",77]]",False,True,False,ZL1_N3_M3_L79_H44_C316,independent_layer_3nm,66,independent_layer_3nm_ZL1_N3_M3_L79_H44_C316_0066,3,"[-2,-2,2,-2,-1,-3,3,-2,2,2,-3,-2]"
450.5000000000024,3.4118346469644507,0.306573232207351,0.9116615472616432,0.3251126018167265,-4.0,18.673945081787018,0.9210189066010784,False,True,0.0,4.440892098500626e-16,False,False,"[[""H"",43],[""L"",76],[""H"",42],[""L"",80],[""H"",45],[""L"",314],[""H"",45],[""L"",82],[""H"",47],[""L"",79],[""H"",41],[""L"",82]]",True,True,True,ZL1_N3_M3_L79_H44_C316,independent_layer_3nm,67,independent_layer_3nm_ZL1_N3_M3_L79_H44_C316_0067,3,"[-1,-3,-2,1,1,-2,1,3,3,0,-3,3]"
444.7600000000011,3.2572669817174074,0.2095866461011182,0.09550191288002997,0.04377584299050767,0.0,19.697446261383753,1.0,True,True,0.0,8.881784197001252e-16,False,False,"[[""H"",41],[""L"",78],[""H"",44],[""L"",77],[""H"",44],[""L"",315],[""H"",41],[""L"",79],[""H"",41],[""L"",76],[""H"",46],[""L"",77]]",False,True,False,ZL1_N3_M3_L79_H44_C316,independent_layer_3nm,68,independent_layer_3nm_ZL1_N3_M3_L79_H44_C316_0068,3,"[-3,-1,0,-2,0,-1,-3,0,-3,-3,2,-2]"
453.28000000000304,3.4577070781481893,0.08944184211079266,0.20755927175451597,0.9671193376036631,-11.0,6.204846203288711,0.211644280047925,False,False,0.0,9.992007221626409e-16,False,False,"[[""H"",42],[""L"",78],[""H"",43],[""L"",77],[""H"",45],[""L"",319],[""H"",46],[""L"",78],[""H"",43],[""L"",81],[""H"",45],[""L"",77]]",False,False,False,ZL1_N3_M3_L79_H44_C316,independent_layer_3nm,69,independent_layer_3nm_ZL1_N3_M3_L79_H44_C316_0069,3,"[-2,-1,-1,-2,1,3,2,-1,-1,2,1,-2]"
448.9600000000021,3.371496053751457,0.7428452607226986,0.723495721271199,0.15407664325634074,0.0,13.723893251219527,1.0,True,True,0.0,6.661338147750939e-16,False,False,"[[""H"",47],[""L"",82],[""H"",45],[""L"",80],[""H"",44],[""L"",315],[""H"",43],[""L"",81],[""H"",42],[""L"",77],[""H"",45],[""L"",81]]",True,True,True,ZL1_N3_M3_L79_H44_C316,independent_layer_3nm,70,independent_layer_3nm_ZL1_N3_M3_L79_H44_C316_0070,3,"[3,3,1,1,0,-1,-1,2,-2,-2,1,2]"
450.4800000000024,3.376801247318838,0.3070118069775003,0.9166196581752608,0.315712166976219,-4.0,18.462713661239754,0.9250959251152369,False,True,0.0,8.881784197001252e-16,False,False,"[[""H"",44],[""L"",76],[""H"",46],[""L"",80],[""H"",41],[""L"",317],[""H"",46],[""L"",78],[""H"",46],[""L"",77],[""H"",47],[""L"",76]]",True,True,True,ZL1_N3_M3_L79_H44_C316,independent_layer_3nm,71,independent_layer_3nm_ZL1_N3_M3_L79_H44_C316_0071,3,"[0,-3,2,1,-3,1,2,-1,2,-2,3,-3]"
452.1600000000028,3.4102134052412225,0.13719978521917645,0.375399984520274,0.8003794064741384,-9.0,8.096019468402385,0.37900742618493544,False,False,0.0,4.440892098500626e-16,False,False,"[[""H"",46],[""L"",78],[""H"",45],[""L"",77],[""H"",46],[""L"",314],[""H"",47],[""L"",78],[""H"",47],[""L"",76],[""H"",44],[""L"",76]]",False,False,False,ZL1_N3_M3_L79_H44_C316,independent_layer_3nm,72,independent_layer_3nm_ZL1_N3_M3_L79_H44_C316_0072,3,"[2,-1,1,-2,2,-2,3,-1,3,-3,0,-3]"
446.7000000000015,3.3101213451132594,0.6194689674621068,0.2064068342601619,0.069690463034486,0.0,16.23136808952748,1.0,True,True,0.0,4.440892098500626e-16,False,False,"[[""H"",47],[""L"",82],[""H"",42],[""L"",80],[""H"",42],[""L"",315],[""H"",44],[""L"",76],[""H"",44],[""L"",78],[""H"",46],[""L"",77]]",False,True,False,ZL1_N3_M3_L79_H44_C316,independent_layer_3nm,73,independent_layer_3nm_ZL1_N3_M3_L79_H44_C316_0073,3,"[3,3,-2,1,-2,-1,0,-3,0,-1,2,-2]"
448.900000000002,3.3352782967334065,0.7672042975509319,0.6935906129839771,0.14876032876772938,0.0,13.678553816628316,1.0,True,True,0.0,4.440892098500626e-16,False,False,"[[""H"",43],[""L"",79],[""H"",44],[""L"",78],[""H"",41],[""L"",317],[""H"",46],[""L"",77],[""H"",43],[""L"",81],[""H"",46],[""L"",79]]",True,True,True,ZL1_N3_M3_L79_H44_C316,independent_layer_3nm,74,independent_layer_3nm_ZL1_N3_M3_L79_H44_C316_0074,3,"[-1,0,0,-1,-3,1,2,-2,-1,2,2,0]"
449.4800000000022,3.3427270916186558,0.549270869117149,0.9070014856409547,0.19041278929667294,0.0,14.374743176874968,1.0,True,True,0.0,6.661338147750939e-16,False,False,"[[""H"",46],[""L"",82],[""H"",43],[""L"",78],[""H"",46],[""L"",314],[""H"",44],[""L"",79],[""H"",44],[""L"",77],[""H"",45],[""L"",80]]",True,True,True,ZL1_N3_M3_L79_H44_C316,independent_layer_3nm,75,independent_layer_3nm_ZL1_N3_M3_L79_H44_C316_0075,3,"[2,3,-1,-1,2,-2,0,0,0,-2,1,1]"
445.2000000000012,3.2611423882899544,0.2607035091657808,0.11095706981219657,0.048138482900629616,0.0,18.925962841315698,1.0,True,True,0.0,4.440892098500626e-16,False,False,"[[""H"",42],[""L"",76],[""H"",43],[""L"",82],[""H"",43],[""L"",313],[""H"",43],[""L"",79],[""H"",43],[""L"",77],[""H"",42],[""L"",78]]",False,True,False,ZL1_N3_M3_L79_H44_C316,independent_layer_3nm,76,independent_layer_3nm_ZL1_N3_M3_L79_H44_C316_0076,3,"[-2,-3,-1,3,-1,-3,-1,0,-1,-2,-2,-1]"
452.1400000000027,3.4277023865056435,0.1382089782968109,0.3785832053031974,0.7982551792127526,-9.0,8.079628439618048,0.38185038419115247,False,False,0.0,5.551115123125783e-16,False,False,"[[""H"",42],[""L"",81],[""H"",44],[""L"",77],[""H"",43],[""L"",319],[""H"",44],[""L"",81],[""H"",47],[""L"",80],[""H"",44],[""L"",77]]",False,False,False,ZL1_N3_M3_L79_H44_C316,independent_layer_3nm,77,independent_layer_3nm_ZL1_N3_M3_L79_H44_C316_0077,3,"[-2,2,0,-2,-1,3,0,2,3,1,0,-2]"
450.5000000000024,3.3969365808335397,0.3060606336513737,0.910689372342054,0.3219497397978372,-4.0,18.601436455640314,0.9200054125693671,False,True,0.0,6.661338147750939e-16,False,False,"[[""H"",42],[""L"",78],[""H"",45],[""L"",82],[""H"",41],[""L"",315],[""H"",47],[""L"",81],[""H"",44],[""L"",81],[""H"",46],[""L"",79]]",True,True,True,ZL1_N3_M3_L79_H44_C316,independent_layer_3nm,78,independent_layer_3nm_ZL1_N3_M3_L79_H44_C316_0078,3,"[-2,-1,1,3,-3,-1,3,2,0,2,2,0]"
451.94000000000267,3.423206412090167,0.15256104076165097,0.43068101697708205,0.7181884832618406,-9.0,8.948418831868684,0.4371992647356787,False,False,0.0,8.881784197001252e-16,False,False,"[[""H"",44],[""L"",80],[""H"",46],[""L"",82],[""H"",45],[""L"",319],[""H"",41],[""L"",79],[""H"",44],[""L"",77],[""H"",47],[""L"",80]]",False,False,False,ZL1_N3_M3_L79_H44_C316,independent_layer_3nm,79,independent_layer_3nm_ZL1_N3_M3_L79_H44_C316_0079,3,"[0,1,2,3,1,3,-3,0,0,-2,3,1]"
446.30000000000143,3.282542849722631,0.4846541995964669,0.17123918338892133,0.06285835086895408,0.0,17.00091378413962,1.0,True,True,0.0,4.440892098500626e-16,False,False,"[[""H"",41],[""L"",82],[""H"",45],[""L"",77],[""H"",43],[""L"",315],[""H"",43],[""L"",79],[""H"",42],[""L"",76],[""H"",44],[""L"",80]]",False,True,False,ZL1_N3_M3_L79_H44_C316,independent_layer_3nm,80,independent_layer_3nm_ZL1_N3_M3_L79_H44_C316_0080,3,"[-3,3,1,-2,-1,-1,-1,0,-2,-3,0,1]"
450.68000000000245,3.4048524339831374,0.27873680695766423,0.8585621708328459,0.35550345145471596,-5.0,19.327718413835168,0.863549076265744,False,True,0.0,4.440892098500626e-16,False,False,"[[""H"",45],[""L"",80],[""H"",44],[""L"",80],[""H"",47],[""L"",316],[""H"",42],[""L"",78],[""H"",46],[""L"",76],[""H"",41],[""L"",77]]",True,True,True,ZL1_N3_M3_L79_H44_C316,independent_layer_3nm,81,independent_layer_3nm_ZL1_N3_M3_L79_H44_C316_0081,3,"[1,1,0,1,3,0,-2,-1,2,-3,-3,-2]"
450.70000000000243,3.454201352234975,0.27730865653103276,0.851925717490047,0.3687718067005916,-5.0,19.575342624828384,0.859110130061826,False,True,0.0,4.440892098500626e-16,False,False,"[[""H"",41],[""L"",76],[""H"",42],[""L"",80],[""H"",46],[""L"",316],[""H"",46],[""L"",77],[""H"",41],[""L"",77],[""H"",43],[""L"",77]]",True,True,True,ZL1_N3_M3_L79_H44_C316,independent_layer_3nm,82,independent_layer_3nm_ZL1_N3_M3_L79_H44_C316_0082,3,"[-3,-3,-2,1,2,0,2,-2,-3,-2,-1,-2]"
452.88000000000295,3.448344400112944,0.10430015433073364,0.2550284363107469,0.9890043520065075,-11.0,6.800931702920082,0.2610182114145394,False,False,0.0,8.881784197001252e-16,False,False,"[[""H"",47],[""L"",76],[""H"",46],[""L"",79],[""H"",46],[""L"",317],[""H"",45],[""L"",79],[""H"",42],[""L"",81],[""H"",41],[""L"",80]]",False,False,False,ZL1_N3_M3_L79_H44_C316,independent_layer_3nm,83,independent_layer_3nm_ZL1_N3_M3_L79_H44_C316_0083,3,"[3,-3,2,0,2,1,1,0,-2,2,-3,1]"
448.22000000000185,3.3345287235126193,0.9756543039720827,0.4680779555259619,0.11390862206262913,0.0,14.039983038672597,1.0,True,True,0.0,4.440892098500626e-16,False,False,"[[""H"",44],[""L"",81],[""H"",47],[""L"",76],[""H"",42],[""L"",314],[""H"",47],[""L"",77],[""H"",42],[""L"",81],[""H"",44],[""L"",82]]",False,True,False,ZL1_N3_M3_L79_H44_C316,independent_layer_3nm,84,independent_layer_3nm_ZL1_N3_M3_L79_H44_C316_0084,3,"[0,2,3,-3,-2,-2,3,-2,-2,2,0,3]"
449.8000000000022,3.4158476371400184,0.4626789902353384,0.9795816449057947,0.22907681360121712,0.0,15.522045138629075,1.0,True,True,0.0,6.661338147750939e-16,False,False,"[[""H"",41],[""L"",81],[""H"",46],[""L"",82],[""H"",47],[""L"",314],[""H"",41],[""L"",82],[""H"",44],[""L"",79],[""H"",41],[""L"",76]]",True,True,True,ZL1_N3_M3_L79_H44_C316,independent_layer_3nm,85,independent_layer_3nm_ZL1_N3_M3_L79_H44_C316_0085,3,"[-3,2,2,3,3,-2,-3,3,0,0,-3,-3]"
448.900000000002,3.363333809472806,0.7662711780298905,0.6979686449749098,0.15095802804598835,0.0,13.758820852308634,1.0,True,True,0.0,5.551115123125783e-16,False,False,"[[""H"",41],[""L"",77],[""H"",46],[""L"",82],[""H"",47],[""L"",313],[""H"",42],[""L"",79],[""H"",44],[""L"",79],[""H"",43],[""L"",78]]",True,True,True,ZL1_N3_M3_L79_H44_C316,independent_layer_3nm,86,independent_layer_3nm_ZL1_N3_M3_L79_H44_C316_0086,3,"[-3,-2,2,3,3,-3,-2,0,0,0,-1,-1]"
452.50000000000284,3.417722465808481,0.11975362827821312,0.3087392782249222,0.9164351058290534,-10.0,7.234128587766884,0.31128582687330625,False,False,0.0,4.440892098500626e-16,False,False,"[[""H"",47],[""L"",76],[""H"",45],[""L"",78],[""H"",47],[""L"",314],[""H"",46],[""L"",80],[""H"",45],[""L"",76],[""H"",45],[""L"",82]]",False,False,False,ZL1_N3_M3_L79_H44_C316,independent_layer_3nm,87,independent_layer_3nm_ZL1_N3_M3_L79_H44_C316_0087,3,"[3,-3,1,-1,3,-2,2,1,1,-3,1,3]"
449.78000000000225,3.3914740294260355,0.46846875430707513,0.9774465863310031,0.22132013617724663,0.0,15.299175505226875,1.0,True,True,0.0,6.661338147750939e-16,False,False,"[[""H"",46],[""L"",82],[""H"",44],[""L"",81],[""H"",43],[""L"",316],[""H"",42],[""L"",82],[""H"",47],[""L"",79],[""H"",45],[""L"",81]]",True,True,True,ZL1_N3_M3_L79_H44_C316,independent_layer_3nm,88,independent_layer_3nm_ZL1_N3_M3_L79_H44_C316_0088,3,"[2,3,0,2,-1,0,-2,3,3,0,1,2]"
448.3800000000019,3.389274051362122,0.9418901902524923,0.5248170222112895,0.12444957042908769,0.0,13.94923332037622,1.0,True,True,0.0,7.771561172376096e-16,False,False,"[[""H"",46],[""L"",81],[""H"",46],[""L"",82],[""H"",46],[""L"",315],[""H"",41],[""L"",76],[""H"",42],[""L"",79],[""H"",44],[""L"",81]]",False,True,False,ZL1_N3_M3_L79_H44_C316,independent_layer_3nm,89,independent_layer_3nm_ZL1_N3_M3_L79_H44_C316_0089,3,"[2,2,2,3,2,-1,-3,-3,-2,0,0,2]"
450.3200000000023,3.3843569460474896,0.3379136912114895,0.958375739921068,0.2910957579216741,-4.0,17.84118999571826,0.9672348010300066,False,True,0.0,6.661338147750939e-16,False,False,"[[""H"",42],[""L"",78],[""H"",44],[""L"",76],[""H"",45],[""L"",313],[""H"",47],[""L"",80],[""H"",46],[""L"",77],[""H"",47],[""L"",77]]",True,True,True,ZL1_N3_M3_L79_H44_C316,independent_layer_3nm,90,independent_layer_3nm_ZL1_N3_M3_L79_H44_C316_0090,3,"[-2,-1,0,-3,1,-3,3,1,2,-2,3,-2]"
455.8000000000036,3.49772517623461,0.04480181109567222,0.07888697537096262,0.2720245948141704,-15.0,4.611523203062847,0.07961398002138485,False,False,0.0,6.661338147750939e-16,False,False,"[[""H"",45],[""L"",78],[""H"",47],[""L"",82],[""H"",46],[""L"",316],[""H"",47],[""L"",80],[""H"",46],[""L"",76],[""H"",43],[""L"",82]]",False,False,False,ZL1_N3_M3_L79_H44_C316,independent_layer_3nm,91,independent_layer_3nm_ZL1_N3_M3_L79_H44_C316_0091,3,"[1,-1,3,3,2,0,3,1,2,-3,-1,3]"
449.38000000000216,3.3520446949697202,0.5832237429204474,0.8762072711919806,0.18494174303751126,0.0,14.20554621109778,1.0,True,True,0.0,8.881784197001252e-16,False,False,"[[""H"",43],[""L"",76],[""H"",45],[""L"",78],[""H"",41],[""L"",317],[""H"",46],[""L"",77],[""H"",47],[""L"",77],[""H"",43],[""L"",78]]",True,True,True,ZL1_N3_M3_L79_H44_C316,independent_layer_3nm,92,independent_layer_3nm_ZL1_N3_M3_L79_H44_C316_0092,3,"[-1,-3,1,-1,-3,1,2,-2,3,-2,-1,-1]"
448.34000000000185,3.339278816782212,0.9522889481138552,0.507971574173756,0.1220651860342522,0.0,13.939205807946458,1.0,True,True,0.0,6.661338147750939e-16,False,False,"[[""H"",41],[""L"",79],[""H"",46],[""L"",78],[""H"",45],[""L"",317],[""H"",41],[""L"",80],[""H"",41],[""L"",78],[""H"",44],[""L"",80]]",False,True,False,ZL1_N3_M3_L79_H44_C316,independent_layer_3nm,93,independent_layer_3nm_ZL1_N3_M3_L79_H44_C316_0093,3,"[-3,0,2,-1,1,1,-3,1,-3,-1,0,1]"
450.68000000000245,3.3839504757895043,0.274910193676127,0.8508554583095578,0.3530311281312114,-5.0,19.39166738314729,0.8583580526726641,False,True,0.0,8.881784197001252e-16,False,False,"[[""H"",47],[""L"",78],[""H"",42],[""L"",76],[""H"",47],[""L"",313],[""H"",47],[""L"",78],[""H"",43],[""L"",82],[""H"",43],[""L"",82]]",True,True,True,ZL1_N3_M3_L79_H44_C316,independent_layer_3nm,94,independent_layer_3nm_ZL1_N3_M3_L79_H44_C316_0094,3,"[3,-1,-2,-3,3,-3,3,-1,-1,3,-1,3]"
450.1200000000023,3.3777735784261154,0.3804648905468674,0.9875651553684184,0.26022628105769186,-2.0,16.802736817121502,0.9951735221844213,False,True,0.0,7.771561172376096e-16,False,False,"[[""H"",45],[""L"",80],[""H"",47],[""L"",78],[""H"",42],[""L"",316],[""H"",45],[""L"",82],[""H"",42],[""L"",82],[""H"",45],[""L"",80]]",True,True,True,ZL1_N3_M3_L79_H44_C316,independent_layer_3nm,95,independent_layer_3nm_ZL1_N3_M3_L79_H44_C316_0095,3,"[1,1,3,-1,-2,0,1,3,-2,3,1,1]"
444.98000000000116,3.2688376741637626,0.23209855930493295,0.10154240407940401,0.04481641165726409,0.0,19.20043329880195,1.0,True,True,0.0,6.661338147750939e-16,False,False,"[[""H"",46],[""L"",77],[""H"",46],[""L"",76],[""H"",41],[""L"",317],[""H"",41],[""L"",76],[""H"",46],[""L"",79],[""H"",43],[""L"",77]]",False,True,False,ZL1_N3_M3_L79_H44_C316,independent_layer_3nm,96,independent_layer_3nm_ZL1_N3_M3_L79_H44_C316_0096,3,"[2,-2,2,-3,-3,1,-3,-3,2,0,-1,-2]"
446.0600000000014,3.278096621255145,0.4223647769138746,0.15519587256990358,0.05930508847222174,0.0,17.39715669297517,1.0,True,True,0.0,5.551115123125783e-16,False,False,"[[""H"",45],[""L"",78],[""H"",43],[""L"",77],[""H"",41],[""L"",318],[""H"",43],[""L"",76],[""H"",42],[""L"",79],[""H"",44],[""L"",82]]",False,True,False,ZL1_N3_M3_L79_H44_C316,independent_layer_3nm,97,independent_layer_3nm_ZL1_N3_M3_L79_H44_C316_0097,3,"[1,-1,-1,-2,-3,2,-1,-3,-2,0,0,3]"
456.0600000000037,3.4822477815383763,0.04086521223481783,0.07113647592267705,0.23609689280089796,-15.0,4.576549615643822,0.07391339887914715,False,False,0.0,4.440892098500626e-16,False,False,"[[""H"",44],[""L"",79],[""H"",45],[""L"",81],[""H"",46],[""L"",319],[""H"",46],[""L"",78],[""H"",45],[""L"",77],[""H"",45],[""L"",78]]",False,False,False,ZL1_N3_M3_L79_H44_C316,independent_layer_3nm,98,independent_layer_3nm_ZL1_N3_M3_L79_H44_C316_0098,3,"[0,0,1,2,2,3,2,-1,1,-2,1,-1]"
452.0600000000028,3.414137463004579,0.14413487286504112,0.399650766189091,0.7618116786541143,-9.0,8.367913486082115,0.4024708038250334,False,False,0.0,4.440892098500626e-16,False,False,"[[""H"",45],[""L"",82],[""H"",45],[""L"",76],[""H"",43],[""L"",316],[""H"",47],[""L"",82],[""H"",45],[""L"",77],[""H"",45],[""L"",79]]",False,False,False,ZL1_N3_M3_L79_H44_C316,independent_layer_3nm,99,independent_layer_3nm_ZL1_N3_M3_L79_H44_C316_0099,3,"[1,3,1,-3,-1,0,3,3,1,-2,1,0]"
451.46000000000265,3.389427811986593,0.18446723866923528,0.5616027080926267,0.5514175017699905,-8.0,22.333060137330968,0.5715916948651173,False,False,0.0,4.440892098500626e-16,False,False,"[[""H"",43],[""L"",78],[""H"",45],[""L"",80],[""H"",47],[""L"",315],[""H"",44],[""L"",77],[""H"",45],[""L"",80],[""H"",43],[""L"",81]]",False,False,False,ZL1_N3_M3_L79_H44_C316,independent_layer_3nm,100,independent_layer_3nm_ZL1_N3_M3_L79_H44_C316_0100,3,"[-1,-1,1,1,3,-1,0,-2,1,1,-1,2]"
452.0600000000028,3.4324259297032995,0.1466460455149622,0.4032491035061194,0.7647712830679505,-9.0,8.429357446370465,0.40578196957191826,False,False,0.0,4.440892098500626e-16,False,False,"[[""H"",46],[""L"",80],[""H"",46],[""L"",76],[""H"",44],[""L"",319],[""H"",43],[""L"",78],[""H"",47],[""L"",79],[""H"",47],[""L"",82]]",False,False,False,ZL1_N3_M3_L79_H44_C316,independent_layer_3nm,101,independent_layer_3nm_ZL1_N3_M3_L79_H44_C316_0101,3,"[2,1,2,-3,0,3,-1,-1,3,0,3,3]"
448.9600000000021,3.344057126056896,0.7410378089734438,0.720227087437048,0.15159825840869773,0.0,13.686397131765254,1.0,True,True,0.0,6.661338147750939e-16,False,False,"[[""H"",47],[""L"",79],[""H"",45],[""L"",80],[""H"",43],[""L"",314],[""H"",45],[""L"",78],[""H"",46],[""L"",77],[""H"",45],[""L"",80]]",True,True,True,ZL1_N3_M3_L79_H44_C316,independent_layer_3nm,102,independent_layer_3nm_ZL1_N3_M3_L79_H44_C316_0102,3,"[3,0,1,1,-1,-2,1,-1,2,-2,1,1]"
445.3200000000012,3.2802652214057844,0.27926926670581276,0.11615192994869449,0.049287122605296774,0.0,18.68392144627969,1.0,True,True,0.0,4.440892098500626e-16,False,False,"[[""H"",45],[""L"",77],[""H"",41],[""L"",79],[""H"",46],[""L"",313],[""H"",41],[""L"",81],[""H"",41],[""L"",76],[""H"",47],[""L"",79]]",False,True,False,ZL1_N3_M3_L79_H44_C316,independent_layer_3nm,103,independent_layer_3nm_ZL1_N3_M3_L79_H44_C316_0103,3,"[1,-2,-3,0,2,-3,-3,2,-3,-3,3,0]"
447.96000000000186,3.33542018412993,0.9925249740995488,0.401745564784187,0.10380421734358068,0.0,14.304967283342533,1.0,True,True,0.0,6.661338147750939e-16,False,False,"[[""H"",43],[""L"",82],[""H"",45],[""L"",80],[""H"",41],[""L"",314],[""H"",46],[""L"",81],[""H"",41],[""L"",81],[""H"",45],[""L"",82]]",False,True,False,ZL1_N3_M3_L79_H44_C316,independent_layer_3nm,104,independent_layer_3nm_ZL1_N3_M3_L79_H44_C316_0104,3,"[-1,3,1,1,-3,-2,2,2,-3,2,1,3]"
452.960000000003,3.4284301855112744,0.10103762070592363,0.24295424512064054,0.9929186915986092,-11.0,6.528090512708601,0.24652669445590172,False,False,0.0,8.881784197001252e-16,False,False,"[[""H"",45],[""L"",80],[""H"",45],[""L"",80],[""H"",43],[""L"",317],[""H"",46],[""L"",82],[""H"",45],[""L"",79],[""H"",44],[""L"",76]]",False,False,False,ZL1_N3_M3_L79_H44_C316,independent_layer_3nm,105,independent_layer_3nm_ZL1_N3_M3_L79_H44_C316_0105,3,"[1,1,1,1,-1,1,2,3,1,0,0,-3]"
443.5200000000008,3.231330801717945,0.12275954129350888,0.06519819117289033,0.03381353189293931,0.0,21.787447055962065,1.0,True,True,0.0,8.881784197001252e-16,False,False,"[[""H"",46],[""L"",79],[""H"",41],[""L"",76],[""H"",43],[""L"",313],[""H"",43],[""L"",80],[""H"",41],[""L"",79],[""H"",41],[""L"",79]]",False,True,False,ZL1_N3_M3_L79_H44_C316,independent_layer_3nm,106,independent_layer_3nm_ZL1_N3_M3_L79_H44_C316_0106,3,"[2,0,-3,-3,-1,-3,-1,1,-3,0,-3,0]"
452.0200000000027,3.431680039148432,0.14756122024886165,0.40858999895066483,0.7542589333035497,-9.0,8.510565101586419,0.41191462130512013,False,False,0.0,5.551115123125783e-16,False,False,"[[""H"",46],[""L"",82],[""H"",41],[""L"",82],[""H"",44],[""L"",318],[""H"",43],[""L"",80],[""H"",47],[""L"",78],[""H"",46],[""L"",82]]",False,False,False,ZL1_N3_M3_L79_H44_C316,independent_layer_3nm,107,independent_layer_3nm_ZL1_N3_M3_L79_H44_C316_0107,3,"[2,3,-3,3,0,2,-1,1,3,-1,2,3]"
450.8600000000025,3.3843524456349314,0.2519448310281014,0.7900421080249047,0.38732100621549226,-6.0,19.8779390784734,0.7970980428372345,False,False,0.0,4.440892098500626e-16,False,False,"[[""H"",46],[""L"",79],[""H"",44],[""L"",82],[""H"",44],[""L"",317],[""H"",43],[""L"",82],[""H"",41],[""L"",81],[""H"",45],[""L"",80]]",True,False,False,ZL1_N3_M3_L79_H44_C316,independent_layer_3nm,108,independent_layer_3nm_ZL1_N3_M3_L79_H44_C316_0108,3,"[2,0,0,3,0,1,-1,3,-3,2,1,1]"
454.8800000000034,3.520492737945574,0.05553293238742586,0.10693262725141614,0.4553035503770042,-14.0,5.018854370716884,0.10846712360364293,False,False,0.0,4.440892098500626e-16,False,False,"[[""H"",41],[""L"",82],[""H"",41],[""L"",82],[""H"",47],[""L"",318],[""H"",46],[""L"",79],[""H"",42],[""L"",79],[""H"",43],[""L"",82]]",False,False,False,ZL1_N3_M3_L79_H44_C316,independent_layer_3nm,109,independent_layer_3nm_ZL1_N3_M3_L79_H44_C316_0109,3,"[-3,3,-3,3,3,2,2,0,-2,0,-1,3]"
448.780000000002,3.3504484417571234,0.8170362806745839,0.6502180103232864,0.1425423238151429,0.0,13.711235561491762,1.0,True,True,0.0,8.881784197001252e-16,False,False,"[[""H"",45],[""L"",76],[""H"",47],[""L"",78],[""H"",41],[""L"",317],[""H"",46],[""L"",76],[""H"",41],[""L"",80],[""H"",46],[""L"",82]]",True,True,True,ZL1_N3_M3_L79_H44_C316,independent_layer_3nm,110,independent_layer_3nm_ZL1_N3_M3_L79_H44_C316_0110,3,"[1,-3,3,-1,-3,1,2,-3,-3,1,2,3]"
449.00000000000205,3.378372630475326,0.7331736224513161,0.7367254752563882,0.157939546680039,0.0,13.842215373314437,1.0,True,True,0.0,6.661338147750939e-16,False,False,"[[""H"",44],[""L"",76],[""H"",42],[""L"",76],[""H"",43],[""L"",314],[""H"",47],[""L"",79],[""H"",47],[""L"",78],[""H"",45],[""L"",82]]",True,True,True,ZL1_N3_M3_L79_H44_C316,independent_layer_3nm,111,independent_layer_3nm_ZL1_N3_M3_L79_H44_C316_0111,3,"[0,-3,-2,-3,-1,-2,3,0,3,-1,1,3]"
446.64000000000146,3.293876092154335,0.5970742838641625,0.2023563956160811,0.07048315290693827,0.0,16.437694193413204,1.0,True,True,0.0,6.661338147750939e-16,False,False,"[[""H"",42],[""L"",80],[""H"",42],[""L"",80],[""H"",41],[""L"",318],[""H"",43],[""L"",76],[""H"",44],[""L"",76],[""H"",42],[""L"",81]]",False,True,False,ZL1_N3_M3_L79_H44_C316,independent_layer_3nm,112,independent_layer_3nm_ZL1_N3_M3_L79_H44_C316_0112,3,"[-2,1,-2,1,-3,2,-1,-3,0,-3,-2,2]"
448.50000000000193,3.3406404154912934,0.9115066972969111,0.5523729438476075,0.1266838705028236,0.0,13.790576716873101,1.0,True,True,0.0,6.661338147750939e-16,False,False,"[[""H"",42],[""L"",77],[""H"",47],[""L"",78],[""H"",42],[""L"",315],[""H"",45],[""L"",79],[""H"",44],[""L"",79],[""H"",47],[""L"",79]]",False,True,False,ZL1_N3_M3_L79_H44_C316,independent_layer_3nm,113,independent_layer_3nm_ZL1_N3_M3_L79_H44_C316_0113,3,"[-2,-2,3,-1,-2,-1,1,0,0,0,3,0]"
450.68000000000245,3.389598549517075,0.27570268912817647,0.8514996135027069,0.3537099926284375,-5.0,19.332158708016784,0.8588006490892411,False,True,0.0,6.661338147750939e-16,False,False,"[[""H"",47],[""L"",81],[""H"",41],[""L"",81],[""H"",46],[""L"",315],[""H"",45],[""L"",77],[""H"",42],[""L"",82],[""H"",45],[""L"",77]]",True,True,True,ZL1_N3_M3_L79_H44_C316,independent_layer_3nm,114,independent_layer_3nm_ZL1_N3_M3_L79_H44_C316_0114,3,"[3,2,-3,2,2,-1,1,-2,-2,3,1,-2]"
449.8600000000023,3.3742368719366027,0.4418416726014256,0.9864803716871956,0.2308135371981277,0.0,15.66795087787308,1.0,True,True,0.0,8.881784197001252e-16,False,False,"[[""H"",42],[""L"",77],[""H"",46],[""L"",77],[""H"",47],[""L"",315],[""H"",43],[""L"",79],[""H"",41],[""L"",82],[""H"",46],[""L"",81]]",True,True,True,ZL1_N3_M3_L79_H44_C316,independent_layer_3nm,115,independent_layer_3nm_ZL1_N3_M3_L79_H44_C316_0115,3,"[-2,-2,2,-2,3,-1,-1,0,-3,3,2,2]"
447.94000000000176,3.3165341115948195,0.9913557896359537,0.3965596085974719,0.10251169151625178,0.0,14.344579993532001,1.0,True,True,0.0,5.551115123125783e-16,False,False,"[[""H"",47],[""L"",77],[""H"",45],[""L"",76],[""H"",46],[""L"",314],[""H"",42],[""L"",79],[""H"",45],[""L"",81],[""H"",43],[""L"",79]]",False,True,False,ZL1_N3_M3_L79_H44_C316,independent_layer_3nm,116,independent_layer_3nm_ZL1_N3_M3_L79_H44_C316_0116,3,"[3,-2,1,-3,2,-2,-2,0,1,2,-1,0]"
449.00000000000205,3.332415030259426,0.726667920007018,0.7333002310913912,0.15597213840491897,0.0,13.719107818864623,1.0,True,True,0.0,5.551115123125783e-16,False,False,"[[""H"",45],[""L"",76],[""H"",43],[""L"",79],[""H"",46],[""L"",316],[""H"",42],[""L"",80],[""H"",42],[""L"",79],[""H"",43],[""L"",82]]",True,True,True,ZL1_N3_M3_L79_H44_C316,independent_layer_3nm,117,independent_layer_3nm_ZL1_N3_M3_L79_H44_C316_0117,3,"[1,-3,-1,0,2,0,-2,1,-2,0,-1,3]"
456.38000000000375,3.5252637593866893,0.03858738346861541,0.06573051497726924,0.20496819917320563,-16.0,4.419856124213281,0.06662992028372064,False,False,0.0,5.551115123125783e-16,False,False,"[[""H"",41],[""L"",82],[""H"",47],[""L"",76],[""H"",47],[""L"",319],[""H"",47],[""L"",78],[""H"",42],[""L"",78],[""H"",47],[""L"",78]]",False,False,False,ZL1_N3_M3_L79_H44_C316,independent_layer_3nm,118,independent_layer_3nm_ZL1_N3_M3_L79_H44_C316_0118,3,"[-3,3,3,-3,3,3,3,-1,-2,-1,3,-1]"
448.1800000000019,3.3237149465622338,0.9793647135567635,0.45979038605444594,0.11368379925761436,0.0,14.052154835205322,1.0,True,True,0.0,4.440892098500626e-16,False,False,"[[""H"",43],[""L"",76],[""H"",44],[""L"",77],[""H"",42],[""L"",318],[""H"",43],[""L"",79],[""H"",44],[""L"",79],[""H"",45],[""L"",82]]",False,True,False,ZL1_N3_M3_L79_H44_C316,independent_layer_3nm,119,independent_layer_3nm_ZL1_N3_M3_L79_H44_C316_0119,3,"[-1,-3,0,-2,-2,2,-1,0,0,0,1,3]"
449.9800000000023,3.3641589501419276,0.4075801766229308,0.9929778325508541,0.2442937242667919,0.0,16.179719410581857,1.0,True,True,0.0,6.661338147750939e-16,False,False,"[[""H"",44],[""L"",80],[""H"",47],[""L"",76],[""H"",46],[""L"",317],[""H"",41],[""L"",80],[""H"",44],[""L"",80],[""H"",43],[""L"",77]]",True,True,True,ZL1_N3_M3_L79_H44_C316,independent_layer_3nm,120,independent_layer_3nm_ZL1_N3_M3_L79_H44_C316_0120,3,"[0,1,3,-3,2,1,-3,1,0,1,-1,-2]"
445.3200000000012,3.28316187226136,0.2794703731164756,0.11745095455275026,0.05049261225128265,0.0,18.841610843296447,1.0,True,True,0.0,6.661338147750939e-16,False,False,"[[""H"",44],[""L"",76],[""H"",41],[""L"",78],[""H"",47],[""L"",313],[""H"",41],[""L"",79],[""H"",42],[""L"",80],[""H"",41],[""L"",76]]",False,True,False,ZL1_N3_M3_L79_H44_C316,independent_layer_3nm,121,independent_layer_3nm_ZL1_N3_M3_L79_H44_C316_0121,3,"[0,-3,-3,-1,3,-3,-3,0,-2,1,-3,-3]"
444.540000000001,3.2453295327030105,0.1868520574825695,0.08730958694948204,0.040707375672267065,0.0,19.987868305443737,1.0,True,True,0.0,5.551115123125783e-16,False,False,"[[""H"",42],[""L"",77],[""H"",43],[""L"",79],[""H"",43],[""L"",313],[""H"",43],[""L"",78],[""H"",43],[""L"",76],[""H"",47],[""L"",78]]",False,True,False,ZL1_N3_M3_L79_H44_C316,independent_layer_3nm,122,independent_layer_3nm_ZL1_N3_M3_L79_H44_C316_0122,3,"[-2,-2,-1,0,-1,-3,-1,-1,-1,-3,3,-1]"
449.5400000000021,3.3683383040872172,0.5364990951009156,0.9246615955683702,0.19757105066644237,0.0,14.558845310025259,1.0,True,True,0.0,7.771561172376096e-16,False,False,"[[""H"",42],[""L"",79],[""H"",45],[""L"",79],[""H"",47],[""L"",315],[""H"",41],[""L"",80],[""H"",45],[""L"",76],[""H"",47],[""L"",82]]",True,True,True,ZL1_N3_M3_L79_H44_C316,independent_layer_3nm,123,independent_layer_3nm_ZL1_N3_M3_L79_H44_C316_0123,3,"[-2,0,1,0,3,-1,-3,1,1,-3,3,3]"
452.0200000000027,3.4212392255662394,0.1445470196061376,0.406391178691436,0.7492324204291827,-9.0,8.493296832056094,0.41026448301439283,False,False,0.0,6.661338147750939e-16,False,False,"[[""H"",42],[""L"",80],[""H"",45],[""L"",76],[""H"",42],[""L"",319],[""H"",46],[""L"",82],[""H"",43],[""L"",78],[""H"",44],[""L"",81]]",False,False,False,ZL1_N3_M3_L79_H44_C316,independent_layer_3nm,124,independent_layer_3nm_ZL1_N3_M3_L79_H44_C316_0124,3,"[-2,1,1,-3,-2,3,2,3,-1,-1,0,2]"
448.800000000002,3.376919228538611,0.8113240259952355,0.6592240666054074,0.14335455229375754,0.0,13.707820909481953,1.0,True,True,0.0,6.661338147750939e-16,False,False,"[[""H"",46],[""L"",81],[""H"",47],[""L"",76],[""H"",42],[""L"",315],[""H"",44],[""L"",81],[""H"",47],[""L"",80],[""H"",43],[""L"",77]]",True,True,True,ZL1_N3_M3_L79_H44_C316,independent_layer_3nm,125,independent_layer_3nm_ZL1_N3_M3_L79_H44_C316_0125,3,"[2,2,3,-3,-2,-1,0,2,3,1,-1,-2]"
445.36000000000126,3.2755355774357895,0.28659260916459695,0.1193636747069399,0.0509684881533425,0.0,18.635417371519736,1.0,True,True,0.0,5.551115123125783e-16,False,False,"[[""H"",42],[""L"",80],[""H"",42],[""L"",78],[""H"",41],[""L"",318],[""H"",41],[""L"",80],[""H"",43],[""L"",79],[""H"",41],[""L"",77]]",False,True,False,ZL1_N3_M3_L79_H44_C316,independent_layer_3nm,126,independent_layer_3nm_ZL1_N3_M3_L79_H44_C316_0126,3,"[-2,1,-2,-1,-3,2,-3,1,-1,0,-3,-2]"
446.0400000000013,3.2901073270364805,0.41738719445688144,0.15309091414835202,0.05813906049920754,0.0,17.37315291847094,1.0,True,True,0.0,4.440892098500626e-16,False,False,"[[""H"",47],[""L"",76],[""H"",46],[""L"",77],[""H"",41],[""L"",317],[""H"",42],[""L"",78],[""H"",44],[""L"",76],[""H"",46],[""L"",78]]",False,True,False,ZL1_N3_M3_L79_H44_C316,independent_layer_3nm,127,independent_layer_3nm_ZL1_N3_M3_L79_H44_C316_0127,3,"[3,-3,2,-2,-3,1,-2,-1,0,-3,2,-1]"
447.4000000000017,3.3241554584250252,0.8766188238033861,0.2928628508619766,0.08599828233752752,0.0,15.134881160125333,1.0,True,True,0.0,6.661338147750939e-16,False,False,"[[""H"",42],[""L"",78],[""H"",47],[""L"",79],[""H"",42],[""L"",315],[""H"",44],[""L"",77],[""H"",43],[""L"",81],[""H"",47],[""L"",78]]",False,True,False,ZL1_N3_M3_L79_H44_C316,independent_layer_3nm,128,independent_layer_3nm_ZL1_N3_M3_L79_H44_C316_0128,3,"[-2,-1,3,0,-2,-1,0,-2,-1,2,3,-1]"
446.2000000000014,3.2913677256810843,0.46193196942056974,0.16733586543467788,0.06318234785860342,0.0,17.23921315511779,1.0,True,True,0.0,5.551115123125783e-16,False,False,"[[""H"",43],[""L"",76],[""H"",43],[""L"",77],[""H"",41],[""L"",318],[""H"",43],[""L"",79],[""H"",42],[""L"",77],[""H"",42],[""L"",80]]",False,True,False,ZL1_N3_M3_L79_H44_C316,independent_layer_3nm,129,independent_layer_3nm_ZL1_N3_M3_L79_H44_C316_0129,3,"[-1,-3,-1,-2,-3,2,-1,0,-2,-2,-2,1]"
448.10000000000184,3.328141050806778,0.9888808546597756,0.4366656765556294,0.109061123737045,0.0,14.091866420138077,1.0,True,True,0.0,1.1102230246251565e-15,False,False,"[[""H"",43],[""L"",78],[""H"",47],[""L"",79],[""H"",42],[""L"",316],[""H"",42],[""L"",82],[""H"",45],[""L"",80],[""H"",43],[""L"",80]]",False,True,False,ZL1_N3_M3_L79_H44_C316,independent_layer_3nm,130,independent_layer_3nm_ZL1_N3_M3_L79_H44_C316_0130,3,"[-1,-1,3,0,-2,0,-2,3,1,1,-1,1]"
449.52000000000214,3.360845160282281,0.5418726310285397,0.9182384778528196,0.1940780088707612,0.0,14.488688783903692,1.0,True,True,0.0,4.440892098500626e-16,False,False,"[[""H"",42],[""L"",81],[""H"",46],[""L"",80],[""H"",45],[""L"",313],[""H"",44],[""L"",79],[""H"",47],[""L"",76],[""H"",46],[""L"",79]]",True,True,True,ZL1_N3_M3_L79_H44_C316,independent_layer_3nm,131,independent_layer_3nm_ZL1_N3_M3_L79_H44_C316_0131,3,"[-2,2,2,1,1,-3,0,0,3,-3,2,0]"
454.54000000000326,3.4958272192787945,0.06080891397218509,0.1208667314988518,0.5519075597139302,-13.0,5.329590434818396,0.12409315478757867,False,False,0.0,6.661338147750939e-16,False,False,"[[""H"",42],[""L"",82],[""H"",43],[""L"",78],[""H"",47],[""L"",317],[""H"",47],[""L"",76],[""H"",47],[""L"",76],[""H"",42],[""L"",77]]",False,False,False,ZL1_N3_M3_L79_H44_C316,independent_layer_3nm,132,independent_layer_3nm_ZL1_N3_M3_L79_H44_C316_0132,3,"[-2,3,-1,-1,3,1,3,-3,3,-3,-2,-2]"
447.30000000000166,3.327272541355228,0.844879521098172,0.2793098947671234,0.08365179576608958,0.0,15.27313128249869,1.0,True,True,0.0,6.661338147750939e-16,False,False,"[[""H"",45],[""L"",80],[""H"",45],[""L"",81],[""H"",41],[""L"",313],[""H"",46],[""L"",82],[""H"",41],[""L"",76],[""H"",46],[""L"",81]]",False,True,False,ZL1_N3_M3_L79_H44_C316,independent_layer_3nm,133,independent_layer_3nm_ZL1_N3_M3_L79_H44_C316_0133,3,"[1,1,1,2,-3,-3,2,3,-3,-3,2,2]"
444.48000000000104,3.254927231306567,0.18355664129641744,0.08667625928222694,0.04080257687547256,0.0,20.12816881276119,1.0,True,True,0.0,7.771561172376096e-16,False,False,"[[""H"",46],[""L"",76],[""H"",46],[""L"",76],[""H"",42],[""L"",316],[""H"",42],[""L"",76],[""H"",41],[""L"",79],[""H"",43],[""L"",79]]",False,True,False,ZL1_N3_M3_L79_H44_C316,independent_layer_3nm,134,independent_layer_3nm_ZL1_N3_M3_L79_H44_C316_0134,3,"[2,-3,2,-3,-2,0,-2,-3,-3,0,-1,0]"
451.7800000000027,3.402884049933107,0.16105690942916848,0.46795243298356504,0.660292985054109,-8.0,9.875251772926866,0.474259355796047,False,False,0.0,6.661338147750939e-16,False,False,"[[""H"",44],[""L"",81],[""H"",44],[""L"",77],[""H"",46],[""L"",316],[""H"",44],[""L"",80],[""H"",46],[""L"",82],[""H"",41],[""L"",81]]",False,False,False,ZL1_N3_M3_L79_H44_C316,independent_layer_3nm,135,independent_layer_3nm_ZL1_N3_M3_L79_H44_C316_0135,3,"[0,2,0,-2,2,0,0,1,2,3,-3,2]"
449.40000000000214,3.342795933296486,0.5778862803929001,0.8803416555390113,0.18405092305903642,0.0,14.147501376132144,1.0,True,True,0.0,6.661338147750939e-16,False,False,"[[""H"",42],[""L"",80],[""H"",45],[""L"",82],[""H"",43],[""L"",315],[""H"",44],[""L"",81],[""H"",44],[""L"",77],[""H"",44],[""L"",80]]",True,True,True,ZL1_N3_M3_L79_H44_C316,independent_layer_3nm,136,independent_layer_3nm_ZL1_N3_M3_L79_H44_C316_0136,3,"[-2,1,1,3,-1,-1,0,2,0,-2,0,1]"
452.6800000000029,3.4541662651782303,0.11183841667676227,0.28284916024344336,0.9604894561075011,-10.0,6.977979302469748,0.28591780112824283,False,False,0.0,6.661338147750939e-16,False,False,"[[""H"",44],[""L"",78],[""H"",42],[""L"",81],[""H"",44],[""L"",318],[""H"",46],[""L"",76],[""H"",47],[""L"",80],[""H"",41],[""L"",76]]",False,False,False,ZL1_N3_M3_L79_H44_C316,independent_layer_3nm,137,independent_layer_3nm_ZL1_N3_M3_L79_H44_C316_0137,3,"[0,-1,-2,2,0,2,2,-3,3,1,-3,-3]"
447.18000000000166,3.306033925661154,0.7942078394407555,0.2598631991012208,0.08053119351179379,0.0,15.512916112414663,1.0,True,True,0.0,6.661338147750939e-16,False,False,"[[""H"",47],[""L"",78],[""H"",42],[""L"",80],[""H"",42],[""L"",315],[""H"",45],[""L"",76],[""H"",44],[""L"",81],[""H"",41],[""L"",82]]",False,True,False,ZL1_N3_M3_L79_H44_C316,independent_layer_3nm,138,independent_layer_3nm_ZL1_N3_M3_L79_H44_C316_0138,3,"[3,-1,-2,1,-2,-1,1,-3,0,2,-3,3]"
448.6400000000019,3.3531527697923025,0.8659593469982836,0.60282964697957,0.137403775668422,0.0,13.835480927949835,1.0,True,True,0.0,1.1102230246251565e-15,False,False,"[[""H"",41],[""L"",76],[""H"",46],[""L"",77],[""H"",47],[""L"",315],[""H"",42],[""L"",78],[""H"",44],[""L"",76],[""H"",43],[""L"",76]]",True,True,True,ZL1_N3_M3_L79_H44_C316,independent_layer_3nm,139,independent_layer_3nm_ZL1_N3_M3_L79_H44_C316_0139,3,"[-3,-3,2,-2,3,-1,-2,-1,0,-3,-1,-3]"
449.52000000000214,3.4181329722450755,0.5479290107730725,0.9166717826756594,0.20289638974045537,0.0,14.692058881274962,1.0,True,True,0.0,6.661338147750939e-16,False,False,"[[""H"",41],[""L"",77],[""H"",43],[""L"",76],[""H"",41],[""L"",317],[""H"",47],[""L"",80],[""H"",46],[""L"",77],[""H"",42],[""L"",76]]",True,True,True,ZL1_N3_M3_L79_H44_C316,independent_layer_3nm,140,independent_layer_3nm_ZL1_N3_M3_L79_H44_C316_0140,3,"[-3,-2,-1,-3,-3,1,3,1,2,-2,-2,-3]"
443.6000000000008,3.2231058888970665,0.12483150309240995,0.06556471296316266,0.03363326827409699,0.0,21.613735802796022,1.0,True,True,0.0,5.551115123125783e-16,False,False,"[[""H"",41],[""L"",80],[""H"",43],[""L"",77],[""H"",41],[""L"",313],[""H"",45],[""L"",76],[""H"",42],[""L"",80],[""H"",45],[""L"",78]]",False,True,False,ZL1_N3_M3_L79_H44_C316,independent_layer_3nm,141,independent_layer_3nm_ZL1_N3_M3_L79_H44_C316_0141,3,"[-3,1,-1,-2,-3,-3,1,-3,-2,1,1,-1]"
452.0200000000027,3.4002132629296398,0.14416971264779815,0.40655020598291614,0.744962362366,-9.0,8.47253025238377,0.40990714919070603,False,False,0.0,7.771561172376096e-16,False,False,"[[""H"",44],[""L"",78],[""H"",45],[""L"",80],[""H"",46],[""L"",318],[""H"",43],[""L"",77],[""H"",44],[""L"",78],[""H"",45],[""L"",77]]",False,False,False,ZL1_N3_M3_L79_H44_C316,independent_layer_3nm,142,independent_layer_3nm_ZL1_N3_M3_L79_H44_C316_0142,3,"[0,-1,1,1,2,2,-1,-2,0,-1,1,-2]"
450.40000000000236,3.405961698723047,0.3216297037386104,0.9383161760566007,0.3085454653714238,-4.0,18.208145237503324,0.9468761417727627,False,True,0.0,4.440892098500626e-16,False,False,"[[""H"",41],[""L"",78],[""H"",42],[""L"",77],[""H"",47],[""L"",317],[""H"",43],[""L"",77],[""H"",45],[""L"",79],[""H"",42],[""L"",78]]",True,True,True,ZL1_N3_M3_L79_H44_C316,independent_layer_3nm,143,independent_layer_3nm_ZL1_N3_M3_L79_H44_C316_0143,3,"[-3,-1,-2,-2,3,1,-1,-2,1,0,-2,-1]"
452.4400000000028,3.4581481344845315,0.12405746123186007,0.3233030647962702,0.8998402277583468,-10.0,7.459456423144276,0.32751294887659166,False,False,0.0,4.440892098500626e-16,False,False,"[[""H"",41],[""L"",79],[""H"",43],[""L"",80],[""H"",44],[""L"",317],[""H"",45],[""L"",81],[""H"",47],[""L"",81],[""H"",42],[""L"",81]]",False,False,False,ZL1_N3_M3_L79_H44_C316,independent_layer_3nm,144,independent_layer_3nm_ZL1_N3_M3_L79_H44_C316_0144,3,"[-3,0,-1,1,0,1,1,2,3,2,-2,2]"
449.5800000000022,3.3373443153710127,0.5201778590024508,0.9320542440080786,0.19857177988434516,0.0,14.593328026957845,1.0,True,True,0.0,6.661338147750939e-16,False,False,"[[""H"",45],[""L"",78],[""H"",43],[""L"",77],[""H"",45],[""L"",315],[""H"",44],[""L"",80],[""H"",46],[""L"",78],[""H"",44],[""L"",77]]",True,True,True,ZL1_N3_M3_L79_H44_C316,independent_layer_3nm,145,independent_layer_3nm_ZL1_N3_M3_L79_H44_C316_0145,3,"[1,-1,-1,-2,1,-1,0,1,2,-1,0,-2]"
451.8800000000027,3.4387229527418413,0.15584208211144596,0.4462378938897224,0.6974367895189434,-9.0,9.48151097872023,0.45653691282028036,False,False,0.0,6.661338147750939e-16,False,False,"[[""H"",45],[""L"",77],[""H"",41],[""L"",80],[""H"",43],[""L"",318],[""H"",45],[""L"",81],[""H"",47],[""L"",79],[""H"",42],[""L"",80]]",False,False,False,ZL1_N3_M3_L79_H44_C316,independent_layer_3nm,146,independent_layer_3nm_ZL1_N3_M3_L79_H44_C316_0146,3,"[1,-2,-3,1,-1,2,1,2,3,0,-2,1]"
446.52000000000146,3.289649299302596,0.5532645963623216,0.18973692299423486,0.06723894008439533,0.0,16.670582196183904,1.0,True,True,0.0,5.551115123125783e-16,False,False,"[[""H"",43],[""L"",76],[""H"",47],[""L"",77],[""H"",43],[""L"",316],[""H"",43],[""L"",76],[""H"",41],[""L"",80],[""H"",44],[""L"",76]]",False,True,False,ZL1_N3_M3_L79_H44_C316,independent_layer_3nm,147,independent_layer_3nm_ZL1_N3_M3_L79_H44_C316_0147,3,"[-1,-3,3,-2,-1,0,-1,-3,-3,1,0,-3]"
443.30000000000075,3.222743095962983,0.11088951512768669,0.059888158847658385,0.03136930993725138,0.0,21.972269305631496,1.0,True,True,0.0,6.661338147750939e-16,False,False,"[[""H"",43],[""L"",81],[""H"",41],[""L"",79],[""H"",42],[""L"",313],[""H"",42],[""L"",80],[""H"",43],[""L"",76],[""H"",47],[""L"",78]]",False,True,False,ZL1_N3_M3_L79_H44_C316,independent_layer_3nm,148,independent_layer_3nm_ZL1_N3_M3_L79_H44_C316_0148,3,"[-1,2,-3,0,-2,-3,-2,1,-1,-3,3,-1]"
445.66000000000133,3.300883011276653,0.3362294100637108,0.13130187195660148,0.05255858913369643,0.0,17.940888904889974,1.0,True,True,0.0,6.661338147750939e-16,False,False,"[[""H"",44],[""L"",76],[""H"",47],[""L"",77],[""H"",41],[""L"",315],[""H"",42],[""L"",82],[""H"",43],[""L"",81],[""H"",47],[""L"",76]]",False,True,False,ZL1_N3_M3_L79_H44_C316,independent_layer_3nm,149,independent_layer_3nm_ZL1_N3_M3_L79_H44_C316_0149,3,"[0,-3,3,-2,-3,-1,-2,3,-1,2,3,-3]"
446.2400000000014,3.3247268589021246,0.47522884297893503,0.16928371461648456,0.06214691188012217,0.0,17.031710413542463,1.0,True,True,0.0,5.551115123125783e-16,False,False,"[[""H"",44],[""L"",81],[""H"",47],[""L"",76],[""H"",42],[""L"",317],[""H"",42],[""L"",76],[""H"",41],[""L"",81],[""H"",47],[""L"",79]]",False,True,False,ZL1_N3_M3_L79_H44_C316,independent_layer_3nm,150,independent_layer_3nm_ZL1_N3_M3_L79_H44_C316_0150,3,"[0,2,3,-3,-2,1,-2,-3,-3,2,3,0]"
449.8600000000023,3.361301736213136,0.4411761457750216,0.98561923363553,0.22830463027467396,0.0,15.64003666926775,1.0,True,True,0.0,6.661338147750939e-16,False,False,"[[""H"",46],[""L"",80],[""H"",45],[""L"",79],[""H"",46],[""L"",313],[""H"",45],[""L"",77],[""H"",46],[""L"",77],[""H"",42],[""L"",79]]",True,True,True,ZL1_N3_M3_L79_H44_C316,independent_layer_3nm,151,independent_layer_3nm_ZL1_N3_M3_L79_H44_C316_0151,3,"[2,1,1,0,2,-3,1,-2,2,-2,-2,0]"
449.0600000000021,3.356276765508369,0.7088423082541339,0.7556805204072996,0.15929321116916637,0.0,13.787912311924,1.0,True,True,0.0,4.440892098500626e-16,False,False,"[[""H"",47],[""L"",81],[""H"",44],[""L"",77],[""H"",43],[""L"",313],[""H"",47],[""L"",82],[""H"",43],[""L"",77],[""H"",43],[""L"",81]]",True,True,True,ZL1_N3_M3_L79_H44_C316,independent_layer_3nm,152,independent_layer_3nm_ZL1_N3_M3_L79_H44_C316_0152,3,"[3,2,0,-2,-1,-3,3,3,-1,-2,-1,2]"
451.8800000000027,3.4212334230577994,0.15478001280623566,0.44111127546592854,0.7005385478073599,-9.0,9.309570496701806,0.4506618631490554,False,False,0.0,4.440892098500626e-16,False,False,"[[""H"",46],[""L"",78],[""H"",47],[""L"",79],[""H"",41],[""L"",319],[""H"",45],[""L"",80],[""H"",46],[""L"",78],[""H"",42],[""L"",80]]",False,False,False,ZL1_N3_M3_L79_H44_C316,independent_layer_3nm,153,independent_layer_3nm_ZL1_N3_M3_L79_H44_C316_0153,3,"[2,-1,3,0,-3,3,1,1,2,-1,-2,1]"
449.8000000000022,3.3792463206146977,0.45966184014555156,0.9775857355616473,0.22502177841783932,0.0,15.396270225372927,1.0,True,True,0.0,8.881784197001252e-16,False,False,"[[""H"",41],[""L"",78],[""H"",47],[""L"",81],[""H"",42],[""L"",317],[""H"",45],[""L"",76],[""H"",44],[""L"",80],[""H"",41],[""L"",80]]",True,True,True,ZL1_N3_M3_L79_H44_C316,independent_layer_3nm,154,independent_layer_3nm_ZL1_N3_M3_L79_H44_C316_0154,3,"[-3,-1,3,2,-2,1,1,-3,0,1,-3,1]"
449.8200000000022,3.361915321788672,0.44989217246281465,0.9810412514164264,0.22643390109792977,0.0,15.470813991386688,1.0,True,True,0.0,1.1102230246251565e-15,False,False,"[[""H"",46],[""L"",81],[""H"",41],[""L"",77],[""H"",45],[""L"",318],[""H"",43],[""L"",77],[""H"",45],[""L"",77],[""H"",43],[""L"",77]]",True,True,True,ZL1_N3_M3_L79_H44_C316,independent_layer_3nm,155,independent_layer_3nm_ZL1_N3_M3_L79_H44_C316_0155,3,"[2,2,-3,-2,1,2,-1,-2,1,-2,-1,-2]"
450.5800000000024,3.412966510246406,0.29523226099348926,0.8879413335980549,0.338124437684871,-5.0,18.989707594666438,0.8943245003188709,False,True,0.0,8.881784197001252e-16,False,False,"[[""H"",47],[""L"",81],[""H"",45],[""L"",79],[""H"",45],[""L"",316],[""H"",45],[""L"",76],[""H"",41],[""L"",78],[""H"",47],[""L"",82]]",True,True,True,ZL1_N3_M3_L79_H44_C316,independent_layer_3nm,156,independent_layer_3nm_ZL1_N3_M3_L79_H44_C316_0156,3,"[3,2,1,0,1,0,1,-3,-3,-1,3,3]"
448.0600000000019,3.3593693043382586,0.9932345321264793,0.42790669168423334,0.10816916029741008,0.0,14.232989752680211,1.0,True,True,0.0,6.661338147750939e-16,False,False,"[[""H"",43],[""L"",77],[""H"",47],[""L"",76],[""H"",41],[""L"",315],[""H"",45],[""L"",79],[""H"",47],[""L"",81],[""H"",45],[""L"",81]]",False,True,False,ZL1_N3_M3_L79_H44_C316,independent_layer_3nm,157,independent_layer_3nm_ZL1_N3_M3_L79_H44_C316_0157,3,"[-1,-2,3,-3,-3,-1,1,0,3,2,1,2]"
446.7000000000015,3.284310469977356,0.6123559638582641,0.2038133235717191,0.06924890094511967,0.0,16.304733426015446,1.0,True,True,0.0,6.661338147750939e-16,False,False,"[[""H"",46],[""L"",77],[""H"",45],[""L"",77],[""H"",44],[""L"",314],[""H"",44],[""L"",77],[""H"",41],[""L"",81],[""H"",44],[""L"",80]]",False,True,False,ZL1_N3_M3_L79_H44_C316,independent_layer_3nm,158,independent_layer_3nm_ZL1_N3_M3_L79_H44_C316_0158,3,"[2,-2,1,-2,0,-2,0,-2,-3,2,0,1]"
445.34000000000117,3.291469738252772,0.2815866827366323,0.11612260572066924,0.048722354806729505,0.0,18.528574769288063,1.0,True,True,0.0,4.440892098500626e-16,False,False,"[[""H"",47],[""L"",77],[""H"",45],[""L"",78],[""H"",41],[""L"",315],[""H"",43],[""L"",80],[""H"",41],[""L"",79],[""H"",46],[""L"",81]]",False,True,False,ZL1_N3_M3_L79_H44_C316,independent_layer_3nm,159,independent_layer_3nm_ZL1_N3_M3_L79_H44_C316_0159,3,"[3,-2,1,-1,-3,-1,-1,1,-3,0,2,2]"
451.82000000000266,3.4360279642058913,0.15808302389360845,0.4578281864965427,0.6819134037925563,-8.0,9.70827681927255,0.46665482824339116,False,False,0.0,5.551115123125783e-16,False,False,"[[""H"",42],[""L"",81],[""H"",41],[""L"",82],[""H"",45],[""L"",315],[""H"",47],[""L"",81],[""H"",41],[""L"",79],[""H"",43],[""L"",79]]",False,False,False,ZL1_N3_M3_L79_H44_C316,independent_layer_3nm,160,independent_layer_3nm_ZL1_N3_M3_L79_H44_C316_0160,3,"[-2,2,-3,3,1,-1,3,2,-3,0,-1,0]"
451.46000000000265,3.3992937300225208,0.18769393095596903,0.5668237198232882,0.5495674753486914,-8.0,22.319668755812035,0.5773093345741794,False,False,0.0,4.440892098500626e-16,False,False,"[[""H"",46],[""L"",79],[""H"",47],[""L"",77],[""H"",45],[""L"",314],[""H"",46],[""L"",82],[""H"",43],[""L"",78],[""H"",46],[""L"",78]]",False,False,False,ZL1_N3_M3_L79_H44_C316,independent_layer_3nm,161,independent_layer_3nm_ZL1_N3_M3_L79_H44_C316_0161,3,"[2,0,3,-2,1,-2,2,3,-1,-1,2,-1]"
449.62000000000216,3.3536850967601026,0.5072167696698717,0.9464850759197254,0.20658636959868895,0.0,14.771150448423063,1.0,True,True,0.0,6.661338147750939e-16,False,False,"[[""H"",44],[""L"",78],[""H"",44],[""L"",79],[""H"",46],[""L"",318],[""H"",41],[""L"",78],[""H"",42],[""L"",80],[""H"",43],[""L"",77]]",True,True,True,ZL1_N3_M3_L79_H44_C316,independent_layer_3nm,162,independent_layer_3nm_ZL1_N3_M3_L79_H44_C316_0162,3,"[0,-1,0,0,2,2,-3,-1,-2,1,-1,-2]"
444.6600000000011,3.2688708125899666,0.19749104375470228,0.09050607564335136,0.0413818983150573,0.0,19.686943100639525,1.0,True,True,0.0,6.661338147750939e-16,False,False,"[[""H"",42],[""L"",82],[""H"",44],[""L"",80],[""H"",43],[""L"",313],[""H"",41],[""L"",78],[""H"",47],[""L"",79],[""H"",41],[""L"",80]]",False,True,False,ZL1_N3_M3_L79_H44_C316,independent_layer_3nm,163,independent_layer_3nm_ZL1_N3_M3_L79_H44_C316_0163,3,"[-2,3,0,1,-1,-3,-3,-1,3,0,-3,1]"
457.00000000000387,3.552228831189325,0.03362822305821848,0.05534020946787613,0.15635973190152253,-17.0,4.438674488890339,0.058738165331252784,False,False,0.0,6.661338147750939e-16,False,False,"[[""H"",42],[""L"",81],[""H"",44],[""L"",82],[""H"",46],[""L"",319],[""H"",47],[""L"",80],[""H"",43],[""L"",82],[""H"",41],[""L"",78]]",False,False,False,ZL1_N3_M3_L79_H44_C316,independent_layer_3nm,164,independent_layer_3nm_ZL1_N3_M3_L79_H44_C316_0164,3,"[-2,2,0,3,2,3,3,1,-1,3,-3,-1]"
447.7800000000018,3.318344361376944,0.9768821203433813,0.36442980744334547,0.09937708490925967,0.0,14.661630960384205,1.0,True,True,0.0,8.881784197001252e-16,False,False,"[[""H"",42],[""L"",82],[""H"",44],[""L"",76],[""H"",47],[""L"",314],[""H"",43],[""L"",77],[""H"",41],[""L"",81],[""H"",43],[""L"",76]]",False,True,False,ZL1_N3_M3_L79_H44_C316,independent_layer_3nm,165,independent_layer_3nm_ZL1_N3_M3_L79_H44_C316_0165,3,"[-2,3,0,-3,3,-2,-1,-2,-3,2,-1,-3]"
441.60000000000036,3.171497079572248,0.064244104633017,0.03998309348170696,0.023765639838312348,-60.0,,0.6687056934016402,False,False,0.0,6.661338147750939e-16,False,True,"[[""H"",42],[""L"",80],[""H"",41],[""L"",79],[""H"",41],[""L"",314],[""H"",41],[""L"",78],[""H"",42],[""L"",78],[""H"",45],[""L"",79]]",False,False,False,ZL1_N3_M3_L79_H44_C316,independent_layer_3nm,166,independent_layer_3nm_ZL1_N3_M3_L79_H44_C316_0166,3,"[-2,1,-3,0,-3,-2,-3,-1,-2,-1,1,0]"
446.16000000000145,3.3038153536984964,0.4512951046536992,0.16475847460169385,0.06254224847654963,0.0,17.33301587892266,1.0,True,True,0.0,4.440892098500626e-16,False,False,"[[""H"",46],[""L"",77],[""H"",41],[""L"",78],[""H"",44],[""L"",318],[""H"",41],[""L"",76],[""H"",41],[""L"",76],[""H"",45],[""L"",80]]",False,True,False,ZL1_N3_M3_L79_H44_C316,independent_layer_3nm,167,independent_layer_3nm_ZL1_N3_M3_L79_H44_C316_0167,3,"[2,-2,-3,-1,0,2,-3,-3,-3,-3,1,1]"
442.4400000000005,3.2524335344705833,0.08331243747614386,0.04824080663115433,0.026702929655899904,0.0,23.235554614840154,1.0,True,True,0.0,4.440892098500626e-16,False,False,"[[""H"",47],[""L"",77],[""H"",45],[""L"",77],[""H"",41],[""L"",314],[""H"",41],[""L"",76],[""H"",44],[""L"",79],[""H"",47],[""L"",80]]",False,True,False,ZL1_N3_M3_L79_H44_C316,independent_layer_3nm,168,independent_layer_3nm_ZL1_N3_M3_L79_H44_C316_0168,3,"[3,-2,1,-2,-3,-2,-3,-3,0,0,3,1]"
448.5200000000019,3.3509028014266278,0.9048342655169372,0.5642195180332046,0.13084141766383273,0.0,13.829930897693547,1.0,True,True,0.0,9.992007221626409e-16,False,False,"[[""H"",43],[""L"",79],[""H"",41],[""L"",81],[""H"",46],[""L"",316],[""H"",41],[""L"",77],[""H"",46],[""L"",82],[""H"",41],[""L"",76]]",False,True,False,ZL1_N3_M3_L79_H44_C316,independent_layer_3nm,169,independent_layer_3nm_ZL1_N3_M3_L79_H44_C316_0169,3,"[-1,0,-3,2,2,0,-3,-2,2,3,-3,-3]"
455.44000000000347,3.522500496249279,0.050137435374756845,0.09054277605134953,0.33430106376811736,-15.0,4.904527027354792,0.09434258121840662,False,False,0.0,5.551115123125783e-16,False,False,"[[""H"",41],[""L"",78],[""H"",46],[""L"",81],[""H"",45],[""L"",316],[""H"",47],[""L"",82],[""H"",47],[""L"",79],[""H"",47],[""L"",78]]",False,False,False,ZL1_N3_M3_L79_H44_C316,independent_layer_3nm,170,independent_layer_3nm_ZL1_N3_M3_L79_H44_C316_0170,3,"[-3,-1,2,2,1,0,3,3,3,0,3,-1]"
453.42000000000303,3.4567932763574163,0.08669071177221496,0.19482780977340888,0.9345700010258116,-12.0,6.149787088667827,0.2012697861517002,False,False,0.0,6.661338147750939e-16,False,False,"[[""H"",45],[""L"",81],[""H"",42],[""L"",76],[""H"",47],[""L"",319],[""H"",42],[""L"",82],[""H"",46],[""L"",81],[""H"",46],[""L"",76]]",False,False,False,ZL1_N3_M3_L79_H44_C316,independent_layer_3nm,171,independent_layer_3nm_ZL1_N3_M3_L79_H44_C316_0171,3,"[1,2,-2,-3,3,3,-2,3,2,2,2,-3]"
457.14000000000385,3.5440703137492733,0.03270896208704559,0.05324388874794887,0.14655963391059515,-17.0,4.258587206851763,0.054661080405366255,False,False,0.0,9.992007221626409e-16,False,False,"[[""H"",43],[""L"",82],[""H"",43],[""L"",81],[""H"",47],[""L"",318],[""H"",47],[""L"",81],[""H"",44],[""L"",82],[""H"",41],[""L"",78]]",False,False,False,ZL1_N3_M3_L79_H44_C316,independent_layer_3nm,172,independent_layer_3nm_ZL1_N3_M3_L79_H44_C316_0172,3,"[-1,3,-1,2,3,2,3,2,0,3,-3,-1]"
445.88000000000136,3.2856220129274902,0.3800511597694507,0.14413474393885162,0.05660857522279275,0.0,17.73626567578908,1.0,True,True,0.0,6.661338147750939e-16,False,False,"[[""H"",45],[""L"",76],[""H"",41],[""L"",81],[""H"",42],[""L"",313],[""H"",45],[""L"",78],[""H"",46],[""L"",76],[""H"",41],[""L"",82]]",False,True,False,ZL1_N3_M3_L79_H44_C316,independent_layer_3nm,173,independent_layer_3nm_ZL1_N3_M3_L79_H44_C316_0173,3,"[1,-3,-3,2,-2,-3,1,-1,2,-3,-3,3]"
446.54000000000144,3.3273957259773397,0.565716861326063,0.19680576853337037,0.07059046060303584,0.0,16.74968318879133,1.0,True,True,0.0,4.440892098500626e-16,False,False,"[[""H"",41],[""L"",77],[""H"",41],[""L"",76],[""H"",44],[""L"",317],[""H"",43],[""L"",77],[""H"",41],[""L"",80],[""H"",43],[""L"",79]]",False,True,False,ZL1_N3_M3_L79_H44_C316,independent_layer_3nm,174,independent_layer_3nm_ZL1_N3_M3_L79_H44_C316_0174,3,"[-3,-2,-3,-3,0,1,-1,-2,-3,1,-1,0]"
449.4600000000022,3.370223424346136,0.561189723363057,0.9000863135282415,0.19263016576053638,0.0,14.405752579209553,1.0,True,True,0.0,6.661338147750939e-16,False,False,"[[""H"",47],[""L"",77],[""H"",41],[""L"",77],[""H"",47],[""L"",316],[""H"",42],[""L"",79],[""H"",45],[""L"",81],[""H"",41],[""L"",78]]",True,True,True,ZL1_N3_M3_L79_H44_C316,independent_layer_3nm,175,independent_layer_3nm_ZL1_N3_M3_L79_H44_C316_0175,3,"[3,-2,-3,-2,3,0,-2,0,1,2,-3,-1]"
453.00000000000296,3.444236480084953,0.09875915607232363,0.23754420620680178,0.9931472570429281,-11.0,6.4862051591085645,0.23993259974465628,False,False,0.0,6.661338147750939e-16,False,False,"[[""H"",41],[""L"",81],[""H"",45],[""L"",79],[""H"",45],[""L"",318],[""H"",46],[""L"",77],[""H"",42],[""L"",78],[""H"",46],[""L"",79]]",False,False,False,ZL1_N3_M3_L79_H44_C316,independent_layer_3nm,176,independent_layer_3nm_ZL1_N3_M3_L79_H44_C316_0176,3,"[-3,2,1,0,1,2,2,-2,-2,-1,2,0]"
450.16000000000236,3.3803491303055466,0.36740323228444793,0.9838185875214627,0.27061217455121767,-2.0,17.0593854940705,0.9921987778025048,False,True,0.0,7.771561172376096e-16,False,False,"[[""H"",42],[""L"",79],[""H"",42],[""L"",80],[""H"",43],[""L"",319],[""H"",44],[""L"",78],[""H"",43],[""L"",76],[""H"",43],[""L"",82]]",True,True,True,ZL1_N3_M3_L79_H44_C316,independent_layer_3nm,177,independent_layer_3nm_ZL1_N3_M3_L79_H44_C316_0177,3,"[-2,0,-2,1,-1,3,0,-1,-1,-3,-1,3]"
453.12000000000296,3.4417407178203803,0.09601292740439007,0.22539630185410423,0.988407622511102,-11.0,6.331051932413438,0.22688733785959753,False,False,0.0,6.661338147750939e-16,False,False,"[[""H"",42],[""L"",82],[""H"",44],[""L"",81],[""H"",43],[""L"",318],[""H"",47],[""L"",76],[""H"",44],[""L"",80],[""H"",47],[""L"",81]]",False,False,False,ZL1_N3_M3_L79_H44_C316,independent_layer_3nm,178,independent_layer_3nm_ZL1_N3_M3_L79_H44_C316_0178,3,"[-2,3,0,2,-1,2,3,-3,0,1,3,2]"
454.7200000000033,3.4757511440151916,0.05908227589817466,0.11391634195566021,0.4944134360690208,-14.0,5.206437627440501,0.11821528945430582,False,False,0.0,3.3306690738754696e-16,False,False,"[[""H"",47],[""L"",78],[""H"",43],[""L"",78],[""H"",45],[""L"",318],[""H"",46],[""L"",82],[""H"",45],[""L"",80],[""H"",47],[""L"",80]]",False,False,False,ZL1_N3_M3_L79_H44_C316,independent_layer_3nm,179,independent_layer_3nm_ZL1_N3_M3_L79_H44_C316_0179,3,"[3,-1,-1,-1,1,2,2,3,1,1,3,1]"
451.1200000000025,3.426379851048466,0.21994680424982938,0.6888782723354396,0.45926211516284515,-7.0,21.168748037844278,0.6985841358401834,False,False,0.0,6.661338147750939e-16,False,False,"[[""H"",41],[""L"",76],[""H"",44],[""L"",77],[""H"",47],[""L"",318],[""H"",43],[""L"",77],[""H"",42],[""L"",79],[""H"",46],[""L"",80]]",True,False,False,ZL1_N3_M3_L79_H44_C316,independent_layer_3nm,180,independent_layer_3nm_ZL1_N3_M3_L79_H44_C316_0180,3,"[-3,-3,0,-2,3,2,-1,-2,-2,0,2,1]"
448.940000000002,3.3788856563032255,0.7572898332321283,0.716152531415633,0.1525145030768214,0.0,13.71772347345007,1.0,True,True,0.0,6.661338147750939e-16,False,False,"[[""H"",46],[""L"",78],[""H"",42],[""L"",82],[""H"",45],[""L"",314],[""H"",42],[""L"",80],[""H"",47],[""L"",81],[""H"",47],[""L"",77]]",True,True,True,ZL1_N3_M3_L79_H44_C316,independent_layer_3nm,181,independent_layer_3nm_ZL1_N3_M3_L79_H44_C316_0181,3,"[2,-1,-2,3,1,-2,-2,1,3,2,3,-2]"
455.44000000000347,3.5253080267763153,0.04865760146138469,0.08882737822740652,0.3334321328619855,-15.0,4.8710787780271865,0.0921781537881335,False,False,0.0,6.661338147750939e-16,False,False,"[[""H"",42],[""L"",80],[""H"",47],[""L"",80],[""H"",47],[""L"",317],[""H"",46],[""L"",79],[""H"",45],[""L"",77],[""H"",42],[""L"",76]]",False,False,False,ZL1_N3_M3_L79_H44_C316,independent_layer_3nm,182,independent_layer_3nm_ZL1_N3_M3_L79_H44_C316_0182,3,"[-2,1,3,1,3,1,2,0,1,-2,-2,-3]"
449.3200000000021,3.3557320990088897,0.6095108129927153,0.852963549551952,0.17839986916721257,0.0,14.038208953627924,1.0,True,True,0.0,5.551115123125783e-16,False,False,"[[""H"",41],[""L"",80],[""H"",47],[""L"",76],[""H"",45],[""L"",317],[""H"",41],[""L"",80],[""H"",45],[""L"",78],[""H"",46],[""L"",79]]",True,True,True,ZL1_N3_M3_L79_H44_C316,independent_layer_3nm,183,independent_layer_3nm_ZL1_N3_M3_L79_H44_C316_0183,3,"[-3,1,3,-3,1,1,-3,1,1,-1,2,0]"
451.72000000000264,3.435093974128961,0.1665885780020562,0.48644397839785025,0.6461817176637434,-8.0,10.56561633459173,0.4912483628481255,False,False,0.0,4.440892098500626e-16,False,False,"[[""H"",43],[""L"",78],[""H"",47],[""L"",81],[""H"",47],[""L"",317],[""H"",41],[""L"",80],[""H"",44],[""L"",79],[""H"",42],[""L"",78]]",False,False,False,ZL1_N3_M3_L79_H44_C316,independent_layer_3nm,184,independent_layer_3nm_ZL1_N3_M3_L79_H44_C316_0184,3,"[-1,-1,3,2,3,1,-3,1,0,0,-2,-1]"
449.3600000000022,3.3929999438254868,0.599023113724634,0.865530348834173,0.1855743746058675,0.0,14.24505629198368,1.0,True,True,0.0,8.881784197001252e-16,False,False,"[[""H"",42],[""L"",76],[""H"",43],[""L"",76],[""H"",41],[""L"",318],[""H"",46],[""L"",78],[""H"",45],[""L"",82],[""H"",44],[""L"",81]]",True,True,True,ZL1_N3_M3_L79_H44_C316,independent_layer_3nm,185,independent_layer_3nm_ZL1_N3_M3_L79_H44_C316_0185,3,"[-2,-3,-1,-3,-3,2,2,-1,1,3,0,2]"
447.30000000000166,3.3808463764696057,0.8488594305286712,0.29149562901346093,0.09118658284172595,0.0,15.537069345488534,1.0,True,True,0.0,5.551115123125783e-16,False,False,"[[""H"",41],[""L"",76],[""H"",42],[""L"",76],[""H"",45],[""L"",318],[""H"",41],[""L"",81],[""H"",41],[""L"",77],[""H"",41],[""L"",76]]",False,True,False,ZL1_N3_M3_L79_H44_C316,independent_layer_3nm,186,independent_layer_3nm_ZL1_N3_M3_L79_H44_C316_0186,3,"[-3,-3,-2,-3,1,2,-3,2,-3,-2,-3,-3]"
450.56000000000245,3.391380845327035,0.29751461939203416,0.8966156340534943,0.3295819853143175,-5.0,18.84216487221905,0.9047109058367068,False,True,0.0,5.551115123125783e-16,False,False,"[[""H"",45],[""L"",76],[""H"",42],[""L"",80],[""H"",45],[""L"",313],[""H"",46],[""L"",81],[""H"",47],[""L"",78],[""H"",45],[""L"",79]]",True,True,True,ZL1_N3_M3_L79_H44_C316,independent_layer_3nm,187,independent_layer_3nm_ZL1_N3_M3_L79_H44_C316_0187,3,"[1,-3,-2,1,1,-3,2,2,3,-1,1,0]"
452.2000000000028,3.427807614120468,0.1360603559834253,0.36820603649390526,0.816860902922427,-9.0,8.022588042940281,0.3730234264771132,False,False,0.0,7.771561172376096e-16,False,False,"[[""H"",47],[""L"",76],[""H"",47],[""L"",81],[""H"",42],[""L"",317],[""H"",47],[""L"",76],[""H"",46],[""L"",79],[""H"",42],[""L"",81]]",False,False,False,ZL1_N3_M3_L79_H44_C316,independent_layer_3nm,188,independent_layer_3nm_ZL1_N3_M3_L79_H44_C316_0188,3,"[3,-3,3,2,-2,1,3,-3,2,0,-2,2]"
456.24000000000365,3.516485035713629,0.039908179957660814,0.06847587741946042,0.218323055428417,-16.0,4.571659058035049,0.07139203855643364,False,False,0.0,4.440892098500626e-16,False,False,"[[""H"",46],[""L"",78],[""H"",46],[""L"",82],[""H"",46],[""L"",319],[""H"",45],[""L"",82],[""H"",43],[""L"",78],[""H"",42],[""L"",81]]",False,False,False,ZL1_N3_M3_L79_H44_C316,independent_layer_3nm,189,independent_layer_3nm_ZL1_N3_M3_L79_H44_C316_0189,3,"[2,-1,2,3,2,3,1,3,-1,-1,-2,2]"
448.10000000000184,3.31475741297686,0.9886036189021281,0.43494609236177617,0.10976008483048974,0.0,14.193055776797006,1.0,True,True,0.0,8.881784197001252e-16,False,False,"[[""H"",44],[""L"",79],[""H"",42],[""L"",76],[""H"",43],[""L"",317],[""H"",44],[""L"",76],[""H"",46],[""L"",77],[""H"",46],[""L"",76]]",False,True,False,ZL1_N3_M3_L79_H44_C316,independent_layer_3nm,190,independent_layer_3nm_ZL1_N3_M3_L79_H44_C316_0190,3,"[0,0,-2,-3,-1,1,0,-3,2,-2,2,-3]"
450.52000000000237,3.389121294982772,0.3024711423223985,0.9052464863383228,0.3230697606918105,-5.0,18.73154146096678,0.9165355500708535,False,True,0.0,6.661338147750939e-16,False,False,"[[""H"",41],[""L"",80],[""H"",47],[""L"",78],[""H"",46],[""L"",314],[""H"",45],[""L"",76],[""H"",45],[""L"",78],[""H"",47],[""L"",80]]",True,True,True,ZL1_N3_M3_L79_H44_C316,independent_layer_3nm,191,independent_layer_3nm_ZL1_N3_M3_L79_H44_C316_0191,3,"[-3,1,3,-1,2,-2,1,-3,1,-1,3,1]"
453.3600000000031,3.476997781283046,0.08919737650187531,0.20329081062075788,0.9556584456142938,-11.0,6.2728940307880325,0.20928792929644235,False,False,0.0,6.661338147750939e-16,False,False,"[[""H"",46],[""L"",78],[""H"",46],[""L"",81],[""H"",46],[""L"",316],[""H"",47],[""L"",77],[""H"",41],[""L"",77],[""H"",43],[""L"",81]]",False,False,False,ZL1_N3_M3_L79_H44_C316,independent_layer_3nm,192,independent_layer_3nm_ZL1_N3_M3_L79_H44_C316_0192,3,"[2,-1,2,2,2,0,3,-2,-3,-2,-1,2]"
453.080000000003,3.4398315387401226,0.09727571694256035,0.22987831611314744,0.9902057201479937,-11.0,6.396439626632807,0.23165915496341682,False,False,0.0,6.661338147750939e-16,False,False,"[[""H"",46],[""L"",79],[""H"",41],[""L"",80],[""H"",46],[""L"",316],[""H"",46],[""L"",78],[""H"",47],[""L"",77],[""H"",46],[""L"",79]]",False,False,False,ZL1_N3_M3_L79_H44_C316,independent_layer_3nm,193,independent_layer_3nm_ZL1_N3_M3_L79_H44_C316_0193,3,"[2,0,-3,1,2,0,2,-1,3,-2,2,0]"
448.680000000002,3.3586597394997284,0.8525150325150255,0.6156227685420361,0.13802467433379356,0.0,13.759757211162572,1.0,True,True,0.0,8.881784197001252e-16,False,False,"[[""H"",41],[""L"",78],[""H"",42],[""L"",81],[""H"",46],[""L"",315],[""H"",42],[""L"",78],[""H"",45],[""L"",77],[""H"",47],[""L"",80]]",True,True,True,ZL1_N3_M3_L79_H44_C316,independent_layer_3nm,194,independent_layer_3nm_ZL1_N3_M3_L79_H44_C316_0194,3,"[-3,-1,-2,2,2,-1,-2,-1,1,-2,3,1]"
444.420000000001,3.2492861094727346,0.17491010285787434,0.08274696638470572,0.03881405304832954,0.0,20.062358221084022,1.0,True,True,0.0,5.551115123125783e-16,False,False,"[[""H"",45],[""L"",77],[""H"",44],[""L"",79],[""H"",42],[""L"",314],[""H"",41],[""L"",81],[""H"",44],[""L"",77],[""H"",46],[""L"",79]]",False,True,False,ZL1_N3_M3_L79_H44_C316,independent_layer_3nm,195,independent_layer_3nm_ZL1_N3_M3_L79_H44_C316_0195,3,"[1,-2,0,0,-2,-2,-3,2,0,-2,2,0]"
447.72000000000173,3.3289092235690987,0.9650698251805786,0.35255798953844164,0.09779890815619657,0.0,14.706687342095524,1.0,True,True,0.0,4.440892098500626e-16,False,False,"[[""H"",46],[""L"",82],[""H"",41],[""L"",77],[""H"",44],[""L"",317],[""H"",42],[""L"",81],[""H"",42],[""L"",77],[""H"",42],[""L"",81]]",False,True,False,ZL1_N3_M3_L79_H44_C316,independent_layer_3nm,196,independent_layer_3nm_ZL1_N3_M3_L79_H44_C316_0196,3,"[2,3,-3,-2,0,1,-2,2,-2,-2,-2,2]"
447.58000000000175,3.3445034033338743,0.9331489943717848,0.3264034338438151,0.09189778481595517,0.0,14.889700826976997,1.0,True,True,0.0,4.440892098500626e-16,False,False,"[[""H"",47],[""L"",78],[""H"",47],[""L"",80],[""H"",45],[""L"",313],[""H"",43],[""L"",77],[""H"",43],[""L"",79],[""H"",43],[""L"",80]]",False,True,False,ZL1_N3_M3_L79_H44_C316,independent_layer_3nm,197,independent_layer_3nm_ZL1_N3_M3_L79_H44_C316_0197,3,"[3,-1,3,1,1,-3,-1,-2,-1,0,-1,1]"
443.8800000000009,3.2469830768330326,0.14148225362422856,0.07204690925564851,0.036030619820514476,0.0,21.085240175289513,1.0,True,True,0.0,4.440892098500626e-16,False,False,"[[""H"",45],[""L"",82],[""H"",42],[""L"",78],[""H"",41],[""L"",314],[""H"",43],[""L"",81],[""H"",41],[""L"",79],[""H"",41],[""L"",79]]",False,True,False,ZL1_N3_M3_L79_H44_C316,independent_layer_3nm,198,independent_layer_3nm_ZL1_N3_M3_L79_H44_C316_0198,3,"[1,3,-2,-1,-3,-2,-1,2,-3,0,-3,0]"
448.74000000000194,3.3562532984447557,0.8264133984046846,0.6404347058160936,0.14115438005829078,0.0,13.729912334618229,1.0,True,True,0.0,6.661338147750939e-16,False,False,"[[""H"",47],[""L"",78],[""H"",42],[""L"",78],[""H"",41],[""L"",315],[""H"",47],[""L"",82],[""H"",43],[""L"",77],[""H"",46],[""L"",79]]",True,True,True,ZL1_N3_M3_L79_H44_C316,independent_layer_3nm,199,independent_layer_3nm_ZL1_N3_M3_L79_H44_C316_0199,3,"[3,-1,-2,-1,-3,-1,3,3,-1,-2,2,0]"
449.020000000002,3.3547603336687644,0.7231270080771606,0.7421423893974992,0.1566338961552528,0.0,13.706887590943055,1.0,True,True,0.0,6.661338147750939e-16,False,False,"[[""H"",44],[""L"",77],[""H"",46],[""L"",78],[""H"",41],[""L"",318],[""H"",43],[""L"",80],[""H"",46],[""L"",77],[""H"",47],[""L"",81]]",True,True,True,ZL1_N3_M3_L79_H44_C316,independent_layer_3nm,200,independent_layer_3nm_ZL1_N3_M3_L79_H44_C316_0200,3,"[0,-2,2,-1,-3,2,-1,1,2,-2,3,2]"
449.74000000000217,3.356434886397608,0.47157367044814186,0.9699177245966089,0.21577011871593743,0.0,15.13076371882957,1.0,True,True,0.0,4.440892098500626e-16,False,False,"[[""H"",45],[""L"",82],[""H"",44],[""L"",82],[""H"",42],[""L"",316],[""H"",45],[""L"",77],[""H"",45],[""L"",81],[""H"",43],[""L"",77]]",True,True,True,ZL1_N3_M3_L79_H44_C316,independent_layer_3nm,201,independent_layer_3nm_ZL1_N3_M3_L79_H44_C316_0201,3,"[1,3,0,3,-2,0,1,-2,1,2,-1,-2]"
449.5600000000022,3.362599920861328,0.5254978036596913,0.9318501282298055,0.20157828320051552,0.0,14.623145032629612,1.0,True,True,0.0,4.440892098500626e-16,False,False,"[[""H"",43],[""L"",82],[""H"",43],[""L"",81],[""H"",41],[""L"",316],[""H"",47],[""L"",79],[""H"",42],[""L"",81],[""H"",42],[""L"",76]]",True,True,True,ZL1_N3_M3_L79_H44_C316,independent_layer_3nm,202,independent_layer_3nm_ZL1_N3_M3_L79_H44_C316_0202,3,"[-1,3,-1,2,-3,0,3,0,-2,2,-2,-3]"
451.34000000000253,3.39137152291363,0.19636412016253707,0.605022025546297,0.5138613098888176,-7.0,21.73304110078122,0.6107735408602429,False,False,0.0,6.661338147750939e-16,False,False,"[[""H"",43],[""L"",82],[""H"",44],[""L"",80],[""H"",42],[""L"",319],[""H"",44],[""L"",78],[""H"",46],[""L"",82],[""H"",43],[""L"",79]]",True,False,False,ZL1_N3_M3_L79_H44_C316,independent_layer_3nm,203,independent_layer_3nm_ZL1_N3_M3_L79_H44_C316_0203,3,"[-1,3,0,1,-2,3,0,-1,2,3,-1,0]"
446.7200000000015,3.3141689384757456,0.6256913096268959,0.20900994470955053,0.07072187387295961,0.0,16.208825857960107,1.0,True,True,0.0,8.881784197001252e-16,False,False,"[[""H"",47],[""L"",80],[""H"",42],[""L"",76],[""H"",43],[""L"",317],[""H"",41],[""L"",82],[""H"",43],[""L"",76],[""H"",46],[""L"",81]]",False,True,False,ZL1_N3_M3_L79_H44_C316,independent_layer_3nm,204,independent_layer_3nm_ZL1_N3_M3_L79_H44_C316_0204,3,"[3,1,-2,-3,-1,1,-3,3,-1,-3,2,2]"
455.46000000000356,3.481956687207912,0.04877394188505138,0.08813261906232552,0.32662289580222137,-15.0,4.823732420490579,0.09171829487890426,False,False,0.0,7.771561172376096e-16,False,False,"[[""H"",47],[""L"",80],[""H"",45],[""L"",78],[""H"",46],[""L"",318],[""H"",46],[""L"",82],[""H"",42],[""L"",80],[""H"",47],[""L"",81]]",False,False,False,ZL1_N3_M3_L79_H44_C316,independent_layer_3nm,205,independent_layer_3nm_ZL1_N3_M3_L79_H44_C316_0205,3,"[3,1,1,-1,2,2,2,3,-2,1,3,2]"
449.0800000000021,3.3420313532520822,0.6962523038430111,0.7655259412927304,0.16141944547786816,0.0,13.76300924034804,1.0,True,True,0.0,4.440892098500626e-16,False,False,"[[""H"",42],[""L"",82],[""H"",46],[""L"",77],[""H"",45],[""L"",318],[""H"",41],[""L"",77],[""H"",43],[""L"",80],[""H"",44],[""L"",79]]",True,True,True,ZL1_N3_M3_L79_H44_C316,independent_layer_3nm,206,independent_layer_3nm_ZL1_N3_M3_L79_H44_C316_0206,3,"[-2,3,2,-2,1,2,-3,-2,-1,1,0,0]"
446.0800000000014,3.271689152379679,0.42567709079667626,0.15567714227029583,0.059240027939433115,0.0,17.394208550582658,1.0,True,True,0.0,6.661338147750939e-16,False,False,"[[""H"",42],[""L"",81],[""H"",43],[""L"",76],[""H"",43],[""L"",314],[""H"",45],[""L"",78],[""H"",41],[""L"",79],[""H"",44],[""L"",81]]",False,True,False,ZL1_N3_M3_L79_H44_C316,independent_layer_3nm,207,independent_layer_3nm_ZL1_N3_M3_L79_H44_C316_0207,3,"[-2,2,-1,-3,-1,-2,1,-1,-3,0,0,2]"
443.5200000000008,3.2408348489807395,0.12497335156231129,0.0669561106411736,0.03513526725109681,-60.0,,0.9604755936189829,False,False,0.0,7.771561172376096e-16,False,True,"[[""H"",41],[""L"",78],[""H"",41],[""L"",78],[""H"",43],[""L"",316],[""H"",41],[""L"",76],[""H"",41],[""L"",80],[""H"",42],[""L"",77]]",False,False,False,ZL1_N3_M3_L79_H44_C316,independent_layer_3nm,208,independent_layer_3nm_ZL1_N3_M3_L79_H44_C316_0208,3,"[-3,-1,-3,-1,-1,0,-3,-3,-3,1,-2,-2]"
453.8200000000031,3.471956822617642,0.07591648894339756,0.16342059377226395,0.8142012207835849,-12.0,5.679204532732806,0.16507421044990317,False,False,0.0,5.551115123125783e-16,False,False,"[[""H"",45],[""L"",81],[""H"",45],[""L"",82],[""H"",44],[""L"",319],[""H"",46],[""L"",77],[""H"",42],[""L"",78],[""H"",43],[""L"",78]]",False,False,False,ZL1_N3_M3_L79_H44_C316,independent_layer_3nm,209,independent_layer_3nm_ZL1_N3_M3_L79_H44_C316_0209,3,"[1,2,1,3,0,3,2,-2,-2,-1,-1,-1]"
447.32000000000164,3.3267549923088495,0.851397362323152,0.2843975685051081,0.08607625830379201,0.0,15.368196396514417,1.0,True,True,0.0,5.551115123125783e-16,False,False,"[[""H"",47],[""L"",78],[""H"",41],[""L"",77],[""H"",42],[""L"",315],[""H"",46],[""L"",77],[""H"",46],[""L"",76],[""H"",42],[""L"",77]]",False,True,False,ZL1_N3_M3_L79_H44_C316,independent_layer_3nm,210,independent_layer_3nm_ZL1_N3_M3_L79_H44_C316_0210,3,"[3,-1,-3,-2,-2,-1,2,-2,2,-3,-2,-2]"
446.8200000000015,3.28849533841759,0.6609952198978293,0.2185083026578316,0.07299269700281356,0.0,16.08773129338817,1.0,True,True,0.0,8.881784197001252e-16,False,False,"[[""H"",42],[""L"",79],[""H"",44],[""L"",80],[""H"",43],[""L"",314],[""H"",44],[""L"",80],[""H"",41],[""L"",80],[""H"",43],[""L"",76]]",False,True,False,ZL1_N3_M3_L79_H44_C316,independent_layer_3nm,211,independent_layer_3nm_ZL1_N3_M3_L79_H44_C316_0211,3,"[-2,0,0,1,-1,-2,0,1,-3,1,-1,-3]"
447.8800000000018,3.3137861290196042,0.9880026728467637,0.382787778618396,0.10087445292098299,0.0,14.442545251133772,1.0,True,True,0.0,8.881784197001252e-16,False,False,"[[""H"",42],[""L"",82],[""H"",45],[""L"",76],[""H"",44],[""L"",314],[""H"",44],[""L"",78],[""H"",46],[""L"",81],[""H"",42],[""L"",77]]",False,True,False,ZL1_N3_M3_L79_H44_C316,independent_layer_3nm,212,independent_layer_3nm_ZL1_N3_M3_L79_H44_C316_0212,3,"[-2,3,1,-3,0,-2,0,-1,2,2,-2,-2]"
446.94000000000153,3.3050898917464338,0.7035350183664164,0.23156912196766613,0.07569314069893623,0.0,15.918095492988872,1.0,True,True,0.0,5.551115123125783e-16,False,False,"[[""H"",45],[""L"",78],[""H"",41],[""L"",82],[""H"",41],[""L"",315],[""H"",46],[""L"",77],[""H"",42],[""L"",76],[""H"",45],[""L"",82]]",False,True,False,ZL1_N3_M3_L79_H44_C316,independent_layer_3nm,213,independent_layer_3nm_ZL1_N3_M3_L79_H44_C316_0213,3,"[1,-1,-3,3,-3,-1,2,-2,-2,-3,1,3]"
446.28000000000145,3.288384979159673,0.48199152247212834,0.17070283282419618,0.06275845478809876,0.0,17.006912931741347,1.0,True,True,0.0,6.661338147750939e-16,False,False,"[[""H"",44],[""L"",82],[""H"",41],[""L"",76],[""H"",43],[""L"",316],[""H"",43],[""L"",79],[""H"",41],[""L"",82],[""H"",45],[""L"",77]]",False,True,False,ZL1_N3_M3_L79_H44_C316,independent_layer_3nm,214,independent_layer_3nm_ZL1_N3_M3_L79_H44_C316_0214,3,"[0,3,-3,-3,-1,0,-1,0,-3,3,1,-2]"
451.8800000000027,3.427981246818547,0.15595068214478258,0.44397616714360033,0.7009616416455426,-9.0,9.374648926895514,0.45290344918891157,False,False,0.0,5.551115123125783e-16,False,False,"[[""H"",46],[""L"",81],[""H"",43],[""L"",79],[""H"",43],[""L"",317],[""H"",45],[""L"",82],[""H"",47],[""L"",79],[""H"",41],[""L"",80]]",False,False,False,ZL1_N3_M3_L79_H44_C316,independent_layer_3nm,215,independent_layer_3nm_ZL1_N3_M3_L79_H44_C316_0215,3,"[2,2,-1,0,-1,1,1,3,3,0,-3,1]"
447.5000000000017,3.3382126214673917,0.9152071962212045,0.31306645668667504,0.08941369026289778,0.0,14.948069354711699,1.0,True,True,0.0,6.661338147750939e-16,False,False,"[[""H"",45],[""L"",80],[""H"",42],[""L"",78],[""H"",43],[""L"",315],[""H"",43],[""L"",79],[""H"",46],[""L"",81],[""H"",47],[""L"",78]]",False,True,False,ZL1_N3_M3_L79_H44_C316,independent_layer_3nm,216,independent_layer_3nm_ZL1_N3_M3_L79_H44_C316_0216,3,"[1,1,-2,-1,-1,-1,-1,0,2,2,3,-1]"
450.0800000000023,3.385493534125146,0.38838747365579446,0.9907525536289308,0.25788763903150236,-2.0,16.700711194586173,0.9973937248943062,False,True,0.0,1.1102230246251565e-15,False,False,"[[""H"",45],[""L"",81],[""H"",41],[""L"",81],[""H"",42],[""L"",315],[""H"",47],[""L"",80],[""H"",43],[""L"",82],[""H"",46],[""L"",81]]",True,True,True,ZL1_N3_M3_L79_H44_C316,independent_layer_3nm,217,independent_layer_3nm_ZL1_N3_M3_L79_H44_C316_0217,3,"[1,2,-3,2,-2,-1,3,1,-1,3,2,2]"
454.6600000000034,3.4685895769789,0.05974023504343018,0.11637792184807053,0.5159313263637642,-14.0,5.324339221851282,0.12203562398491588,False,False,0.0,6.661338147750939e-16,False,False,"[[""H"",47],[""L"",76],[""H"",43],[""L"",78],[""H"",47],[""L"",316],[""H"",47],[""L"",79],[""H"",46],[""L"",78],[""H"",46],[""L"",81]]",False,False,False,ZL1_N3_M3_L79_H44_C316,independent_layer_3nm,218,independent_layer_3nm_ZL1_N3_M3_L79_H44_C316_0218,3,"[3,-3,-1,-1,3,0,3,0,2,-1,2,2]"
445.1800000000012,3.2848331884646313,0.26281008140233486,0.11310198383477464,0.049655118477098165,0.0,19.029937243606618,1.0,True,True,0.0,6.661338147750939e-16,False,False,"[[""H"",41],[""L"",76],[""H"",43],[""L"",77],[""H"",43],[""L"",317],[""H"",41],[""L"",79],[""H"",41],[""L"",80],[""H"",41],[""L"",81]]",False,True,False,ZL1_N3_M3_L79_H44_C316,independent_layer_3nm,219,independent_layer_3nm_ZL1_N3_M3_L79_H44_C316_0219,3,"[-3,-3,-1,-2,-1,1,-3,0,-3,1,-3,2]"
451.2200000000025,3.3986674743103436,0.20991882381856636,0.6542708556927259,0.47823943447656997,-7.0,21.30993821421902,0.6590492586598662,False,False,0.0,6.661338147750939e-16,False,False,"[[""H"",46],[""L"",80],[""H"",44],[""L"",80],[""H"",43],[""L"",317],[""H"",45],[""L"",82],[""H"",42],[""L"",81],[""H"",41],[""L"",81]]",True,False,False,ZL1_N3_M3_L79_H44_C316,independent_layer_3nm,220,independent_layer_3nm_ZL1_N3_M3_L79_H44_C316_0220,3,"[2,1,0,1,-1,1,1,3,-2,2,-3,2]"
453.42000000000303,3.4446126909964505,0.08692716326220502,0.1954801603894678,0.9377732351907524,-12.0,6.159811654901992,0.20191502137236642,False,False,0.0,8.881784197001252e-16,False,False,"[[""H"",42],[""L"",80],[""H"",46],[""L"",81],[""H"",44],[""L"",316],[""H"",47],[""L"",77],[""H"",47],[""L"",80],[""H"",44],[""L"",78]]",False,False,False,ZL1_N3_M3_L79_H44_C316,independent_layer_3nm,221,independent_layer_3nm_ZL1_N3_M3_L79_H44_C316_0221,3,"[-2,1,2,2,0,0,3,-2,3,1,0,-1]"
447.6400000000017,3.340872196952546,0.9467724791238992,0.33432647175924735,0.09270536664977809,0.0,14.747987205238584,1.0,True,True,0.0,1.1102230246251565e-15,False,False,"[[""H"",44],[""L"",80],[""H"",46],[""L"",82],[""H"",43],[""L"",315],[""H"",42],[""L"",77],[""H"",45],[""L"",77],[""H"",47],[""L"",81]]",False,True,False,ZL1_N3_M3_L79_H44_C316,independent_layer_3nm,222,independent_layer_3nm_ZL1_N3_M3_L79_H44_C316_0222,3,"[0,1,2,3,-1,-1,-2,-2,1,-2,3,2]"
447.98000000000184,3.3466624448719244,0.9919073552104876,0.40944312778029424,0.1049729363560376,0.0,14.237164193603267,1.0,True,True,0.0,5.551115123125783e-16,False,False,"[[""H"",46],[""L"",80],[""H"",46],[""L"",81],[""H"",42],[""L"",317],[""H"",41],[""L"",79],[""H"",45],[""L"",80],[""H"",43],[""L"",82]]",False,True,False,ZL1_N3_M3_L79_H44_C316,independent_layer_3nm,223,independent_layer_3nm_ZL1_N3_M3_L79_H44_C316_0223,3,"[2,1,2,2,-2,1,-3,0,1,1,-1,3]"
447.4800000000017,3.3430594803058966,0.909309689702185,0.3104605847695949,0.08911968140938671,0.0,15.01365181885058,1.0,True,True,0.0,4.440892098500626e-16,False,False,"[[""H"",45],[""L"",82],[""H"",41],[""L"",76],[""H"",44],[""L"",313],[""H"",45],[""L"",80],[""H"",44],[""L"",81],[""H"",47],[""L"",80]]",False,True,False,ZL1_N3_M3_L79_H44_C316,independent_layer_3nm,224,independent_layer_3nm_ZL1_N3_M3_L79_H44_C316_0224,3,"[1,3,-3,-3,0,-3,1,1,0,2,3,1]"
458.58000000000425,3.5565319327611746,0.02557660196810474,0.038519653236039786,0.08745574382983337,-18.0,3.937630853555387,0.040034926774105056,False,False,0.0,6.661338147750939e-16,False,False,"[[""H"",44],[""L"",77],[""H"",45],[""L"",82],[""H"",47],[""L"",318],[""H"",47],[""L"",81],[""H"",47],[""L"",81],[""H"",44],[""L"",82]]",False,False,False,ZL1_N3_M3_L79_H44_C316,independent_layer_3nm,225,independent_layer_3nm_ZL1_N3_M3_L79_H44_C316_0225,3,"[0,-2,1,3,3,2,3,2,3,2,0,3]"
451.84000000000265,3.409534434244506,0.15713952342049486,0.45192833021377643,0.6829042885236019,-8.0,9.529991050781428,0.4610685242061492,False,False,0.0,6.661338147750939e-16,False,False,"[[""H"",43],[""L"",77],[""H"",47],[""L"",79],[""H"",45],[""L"",319],[""H"",41],[""L"",80],[""H"",46],[""L"",79],[""H"",44],[""L"",81]]",False,False,False,ZL1_N3_M3_L79_H44_C316,independent_layer_3nm,226,independent_layer_3nm_ZL1_N3_M3_L79_H44_C316_0226,3,"[-1,-2,3,0,1,3,-3,1,2,0,0,2]"
451.6200000000026,3.4231295156884016,0.17485577886702125,0.5164456684447482,0.6066236315069251,-8.0,22.823432187251488,0.5208621713421001,False,False,0.0,6.661338147750939e-16,False,False,"[[""H"",41],[""L"",82],[""H"",47],[""L"",81],[""H"",43],[""L"",316],[""H"",45],[""L"",81],[""H"",45],[""L"",76],[""H"",46],[""L"",76]]",False,False,False,ZL1_N3_M3_L79_H44_C316,independent_layer_3nm,227,independent_layer_3nm_ZL1_N3_M3_L79_H44_C316_0227,3,"[-3,3,3,2,-1,0,1,2,1,-3,2,-3]"
444.300000000001,3.2541392252003902,0.1711613339772064,0.08323399564568146,0.040254944363347006,0.0,20.557713380761157,1.0,True,True,0.0,7.771561172376096e-16,False,False,"[[""H"",44],[""L"",77],[""H"",44],[""L"",76],[""H"",41],[""L"",314],[""H"",45],[""L"",79],[""H"",41],[""L"",76],[""H"",41],[""L"",79]]",False,True,False,ZL1_N3_M3_L79_H44_C316,independent_layer_3nm,228,independent_layer_3nm_ZL1_N3_M3_L79_H44_C316_0228,3,"[0,-2,0,-3,-3,-2,1,0,-3,-3,-3,0]"
449.7200000000022,3.3791175264263984,0.48144123050954946,0.9637978076571154,0.2173206495337176,0.0,15.109932166884724,1.0,True,True,0.0,8.881784197001252e-16,False,False,"[[""H"",41],[""L"",77],[""H"",45],[""L"",79],[""H"",41],[""L"",318],[""H"",45],[""L"",82],[""H"",42],[""L"",76],[""H"",46],[""L"",77]]",True,True,True,ZL1_N3_M3_L79_H44_C316,independent_layer_3nm,229,independent_layer_3nm_ZL1_N3_M3_L79_H44_C316_0229,3,"[-3,-2,1,0,-3,2,1,3,-2,-3,2,-2]"
450.0800000000023,3.380888982439785,0.390833752106022,0.9907524322610993,0.2552906068105347,-2.0,16.561253733864298,0.9985001911483783,False,True,0.0,1.3322676295501878e-15,False,False,"[[""H"",43],[""L"",81],[""H"",47],[""L"",80],[""H"",42],[""L"",319],[""H"",42],[""L"",79],[""H"",43],[""L"",82],[""H"",45],[""L"",81]]",True,True,True,ZL1_N3_M3_L79_H44_C316,independent_layer_3nm,230,independent_layer_3nm_ZL1_N3_M3_L79_H44_C316_0230,3,"[-1,2,3,1,-2,3,-2,0,-1,3,1,2]"
450.28000000000236,3.4012300155199,0.3488631102230406,0.966185147641751,0.2858446574740401,-3.0,17.623861961288217,0.9746272179974789,False,True,0.0,5.551115123125783e-16,False,False,"[[""H"",46],[""L"",80],[""H"",46],[""L"",80],[""H"",47],[""L"",314],[""H"",42],[""L"",81],[""H"",45],[""L"",76],[""H"",43],[""L"",76]]",True,True,True,ZL1_N3_M3_L79_H44_C316,independent_layer_3nm,231,independent_layer_3nm_ZL1_N3_M3_L79_H44_C316_0231,3,"[2,1,2,1,3,-2,-2,2,1,-3,-1,-3]"
453.50000000000307,3.437802073874707,0.08304497140786626,0.18635417750078528,0.9178759583240977,-12.0,6.011119410630659,0.18976547466681568,False,False,0.0,6.661338147750939e-16,False,False,"[[""H"",44],[""L"",80],[""H"",46],[""L"",76],[""H"",45],[""L"",318],[""H"",47],[""L"",76],[""H"",43],[""L"",82],[""H"",43],[""L"",77]]",False,False,False,ZL1_N3_M3_L79_H44_C316,independent_layer_3nm,232,independent_layer_3nm_ZL1_N3_M3_L79_H44_C316_0232,3,"[0,1,2,-3,1,2,3,-3,-1,3,-1,-2]"
445.26000000000124,3.250558190953825,0.26572580502602194,0.11091210781896763,0.047150390126491845,0.0,18.726639876923844,1.0,True,True,0.0,5.551115123125783e-16,False,False,"[[""H"",43],[""L"",81],[""H"",45],[""L"",76],[""H"",43],[""L"",314],[""H"",43],[""L"",76],[""H"",44],[""L"",79],[""H"",44],[""L"",80]]",False,True,False,ZL1_N3_M3_L79_H44_C316,independent_layer_3nm,233,independent_layer_3nm_ZL1_N3_M3_L79_H44_C316_0233,3,"[-1,2,1,-3,-1,-2,-1,-3,0,0,0,1]"
451.5400000000026,3.4153063312174368,0.1819799446170532,0.5449441541294446,0.5750800959495697,-8.0,22.60123915996253,0.5510609646075832,False,False,0.0,4.440892098500626e-16,False,False,"[[""H"",41],[""L"",80],[""H"",46],[""L"",78],[""H"",47],[""L"",313],[""H"",46],[""L"",80],[""H"",42],[""L"",81],[""H"",47],[""L"",77]]",False,False,False,ZL1_N3_M3_L79_H44_C316,independent_layer_3nm,234,independent_layer_3nm_ZL1_N3_M3_L79_H44_C316_0234,3,"[-3,1,2,-1,3,-3,2,1,-2,2,3,-2]"
446.30000000000143,3.2937185483042413,0.4862246366584551,0.17179733687148813,0.06292636310584374,0.0,16.993283499272064,1.0,True,True,0.0,4.440892098500626e-16,False,False,"[[""H"",41],[""L"",76],[""H"",46],[""L"",76],[""H"",42],[""L"",314],[""H"",44],[""L"",82],[""H"",43],[""L"",80],[""H"",44],[""L"",77]]",False,True,False,ZL1_N3_M3_L79_H44_C316,independent_layer_3nm,235,independent_layer_3nm_ZL1_N3_M3_L79_H44_C316_0235,3,"[-3,-3,2,-3,-2,-2,0,3,-1,1,0,-2]"
453.080000000003,3.4539757244621114,0.09808386962710522,0.2319091377442181,0.9912903376304477,-11.0,6.404647050204525,0.23374904794590703,False,False,0.0,4.440892098500626e-16,False,False,"[[""H"",44],[""L"",82],[""H"",46],[""L"",81],[""H"",41],[""L"",318],[""H"",47],[""L"",82],[""H"",43],[""L"",80],[""H"",43],[""L"",77]]",False,False,False,ZL1_N3_M3_L79_H44_C316,independent_layer_3nm,236,independent_layer_3nm_ZL1_N3_M3_L79_H44_C316_0236,3,"[0,3,2,2,-3,2,3,3,-1,1,-1,-2]"
449.1800000000021,3.3478434820765983,0.6618827495659856,0.7996954423825078,0.16733204820453992,0.0,13.81632027218933,1.0,True,True,0.0,8.881784197001252e-16,False,False,"[[""H"",45],[""L"",82],[""H"",44],[""L"",80],[""H"",41],[""L"",319],[""H"",43],[""L"",76],[""H"",47],[""L"",76],[""H"",43],[""L"",82]]",True,True,True,ZL1_N3_M3_L79_H44_C316,independent_layer_3nm,237,independent_layer_3nm_ZL1_N3_M3_L79_H44_C316_0237,3,"[1,3,0,1,-3,3,-1,-3,3,-3,-1,3]"
447.58000000000175,3.3297056846077453,0.9324429180312759,0.326672755928292,0.09372305616975674,0.0,14.950837538243485,1.0,True,True,0.0,4.440892098500626e-16,False,False,"[[""H"",46],[""L"",76],[""H"",42],[""L"",78],[""H"",41],[""L"",318],[""H"",45],[""L"",77],[""H"",41],[""L"",77],[""H"",46],[""L"",81]]",False,True,False,ZL1_N3_M3_L79_H44_C316,independent_layer_3nm,238,independent_layer_3nm_ZL1_N3_M3_L79_H44_C316_0238,3,"[2,-3,-2,-1,-3,2,1,-2,-3,-2,2,2]"
449.7200000000022,3.3614807919960867,0.48004048627479623,0.9663458484760317,0.21319693158478548,0.0,15.092837112674127,1.0,True,True,0.0,6.661338147750939e-16,False,False,"[[""H"",44],[""L"",77],[""H"",47],[""L"",81],[""H"",42],[""L"",313],[""H"",47],[""L"",80],[""H"",45],[""L"",79],[""H"",44],[""L"",80]]",True,True,True,ZL1_N3_M3_L79_H44_C316,independent_layer_3nm,239,independent_layer_3nm_ZL1_N3_M3_L79_H44_C316_0239,3,"[0,-2,3,2,-2,-3,3,1,1,0,0,1]"
452.22000000000276,3.46479242026453,0.13446573070286272,0.3673660710789915,0.8233729599235756,-9.0,8.101667533806848,0.3730605969576986,False,False,0.0,8.881784197001252e-16,False,False,"[[""H"",42],[""L"",78],[""H"",41],[""L"",80],[""H"",46],[""L"",316],[""H"",47],[""L"",77],[""H"",44],[""L"",77],[""H"",42],[""L"",79]]",False,False,False,ZL1_N3_M3_L79_H44_C316,independent_layer_3nm,240,independent_layer_3nm_ZL1_N3_M3_L79_H44_C316_0240,3,"[-2,-1,-3,1,2,0,3,-2,0,-2,-2,0]"
452.36000000000286,3.4383142580329036,0.12776331805696553,0.3373980410930202,0.8737878241072662,-10.0,7.665788841741527,0.3443842990212683,False,False,0.0,5.551115123125783e-16,False,False,"[[""H"",42],[""L"",82],[""H"",46],[""L"",77],[""H"",44],[""L"",316],[""H"",46],[""L"",81],[""H"",46],[""L"",81],[""H"",41],[""L"",78]]",False,False,False,ZL1_N3_M3_L79_H44_C316,independent_layer_3nm,241,independent_layer_3nm_ZL1_N3_M3_L79_H44_C316_0241,3,"[-2,3,2,-2,0,0,2,2,2,2,-3,-1]"
443.18000000000075,3.2132613345670507,0.10726486847241076,0.05903420233347613,0.03155588379607249,0.0,22.334016515043928,1.0,True,True,0.0,6.661338147750939e-16,False,False,"[[""H"",42],[""L"",77],[""H"",42],[""L"",77],[""H"",42],[""L"",315],[""H"",41],[""L"",80],[""H"",42],[""L"",77],[""H"",45],[""L"",79]]",False,True,False,ZL1_N3_M3_L79_H44_C316,independent_layer_3nm,242,independent_layer_3nm_ZL1_N3_M3_L79_H44_C316_0242,3,"[-2,-2,-2,-2,-2,-1,-3,1,-2,-2,1,0]"
446.30000000000143,3.3103837200191606,0.48530185243691476,0.1718987347238839,0.06294014717965046,0.0,17.06140928406661,1.0,True,True,0.0,4.440892098500626e-16,False,False,"[[""H"",47],[""L"",81],[""H"",41],[""L"",76],[""H"",45],[""L"",313],[""H"",45],[""L"",76],[""H"",41],[""L"",78],[""H"",46],[""L"",81]]",False,True,False,ZL1_N3_M3_L79_H44_C316,independent_layer_3nm,243,independent_layer_3nm_ZL1_N3_M3_L79_H44_C316_0243,3,"[3,2,-3,-3,1,-3,1,-3,-3,-1,2,2]"
451.1000000000025,3.4081937626664853,0.2232537130530709,0.6960838194063741,0.45079792921982936,-7.0,21.007810459368024,0.7061980094857851,False,False,0.0,4.440892098500626e-16,False,False,"[[""H"",43],[""L"",81],[""H"",45],[""L"",80],[""H"",41],[""L"",318],[""H"",47],[""L"",77],[""H"",41],[""L"",82],[""H"",47],[""L"",80]]",True,False,False,ZL1_N3_M3_L79_H44_C316,independent_layer_3nm,244,independent_layer_3nm_ZL1_N3_M3_L79_H44_C316_0244,3,"[-1,2,1,1,-3,2,3,-2,-3,3,3,1]"
452.8000000000029,3.4314849596558474,0.10690577129175571,0.2636120928075261,0.9796778427413363,-10.0,6.911288521001978,0.2711216379528489,False,False,0.0,4.440892098500626e-16,False,False,"[[""H"",46],[""L"",76],[""H"",45],[""L"",82],[""H"",47],[""L"",316],[""H"",44],[""L"",79],[""H"",43],[""L"",77],[""H"",46],[""L"",79]]",False,False,False,ZL1_N3_M3_L79_H44_C316,independent_layer_3nm,245,independent_layer_3nm_ZL1_N3_M3_L79_H44_C316_0245,3,"[2,-3,1,3,3,0,0,0,-1,-2,2,0]"
444.9200000000011,3.2969285336428698,0.22695461668378025,0.10006330058551442,0.0443042072151026,0.0,19.224136600210883,1.0,True,True,0.0,5.551115123125783e-16,False,False,"[[""H"",47],[""L"",82],[""H"",44],[""L"",80],[""H"",41],[""L"",315],[""H"",42],[""L"",78],[""H"",43],[""L"",79],[""H"",43],[""L"",79]]",False,True,False,ZL1_N3_M3_L79_H44_C316,independent_layer_3nm,246,independent_layer_3nm_ZL1_N3_M3_L79_H44_C316_0246,3,"[3,3,0,1,-3,-1,-2,-1,-1,0,-1,0]"
451.1400000000025,3.4255308866136716,0.22095954264889692,0.6819464092514453,0.46302285793035536,-7.0,21.18670676355232,0.6896693966639115,False,False,0.0,6.661338147750939e-16,False,False,"[[""H"",41],[""L"",80],[""H"",47],[""L"",76],[""H"",42],[""L"",317],[""H"",46],[""L"",80],[""H"",45],[""L"",79],[""H"",47],[""L"",82]]",True,False,False,ZL1_N3_M3_L79_H44_C316,independent_layer_3nm,247,independent_layer_3nm_ZL1_N3_M3_L79_H44_C316_0247,3,"[-3,1,3,-3,-2,1,2,1,1,0,3,3]"
450.8600000000025,3.41323546731752,0.25641487015671727,0.793073440690508,0.39051395312577675,-6.0,19.953387449980262,0.7995725678920219,False,False,0.0,5.551115123125783e-16,False,False,"[[""H"",46],[""L"",82],[""H"",42],[""L"",78],[""H"",43],[""L"",317],[""H"",44],[""L"",82],[""H"",47],[""L"",76],[""H"",47],[""L"",81]]",True,False,False,ZL1_N3_M3_L79_H44_C316,independent_layer_3nm,248,independent_layer_3nm_ZL1_N3_M3_L79_H44_C316_0248,3,"[2,3,-2,-1,-1,1,0,3,3,-3,3,2]"
445.5600000000013,3.3050404313444233,0.3179347349629358,0.1283657278655952,0.053242664888752206,0.0,18.378608280723807,1.0,True,True,0.0,8.881784197001252e-16,False,False,"[[""H"",41],[""L"",77],[""H"",41],[""L"",78],[""H"",41],[""L"",315],[""H"",45],[""L"",77],[""H"",45],[""L"",77],[""H"",46],[""L"",76]]",False,True,False,ZL1_N3_M3_L79_H44_C316,independent_layer_3nm,249,independent_layer_3nm_ZL1_N3_M3_L79_H44_C316_0249,3,"[-3,-2,-3,-1,-3,-1,1,-2,1,-2,2,-3]"
455.2800000000035,3.4851461505139127,0.050334574414471096,0.0928016981601045,0.3602007974601542,-14.0,4.903953037170103,0.0953978404355038,False,False,0.0,4.440892098500626e-16,False,False,"[[""H"",43],[""L"",82],[""H"",45],[""L"",80],[""H"",47],[""L"",319],[""H"",43],[""L"",80],[""H"",47],[""L"",78],[""H"",42],[""L"",81]]",False,False,False,ZL1_N3_M3_L79_H44_C316,independent_layer_3nm,250,independent_layer_3nm_ZL1_N3_M3_L79_H44_C316_0250,3,"[-1,3,1,1,3,3,-1,1,3,-1,-2,2]"
455.1400000000034,3.462678880473959,0.05167394271494727,0.09643524563993515,0.3870335315228389,-14.0,4.885884738842639,0.09761925050391697,False,False,0.0,5.551115123125783e-16,False,False,"[[""H"",46],[""L"",76],[""H"",47],[""L"",78],[""H"",45],[""L"",319],[""H"",46],[""L"",80],[""H"",43],[""L"",79],[""H"",46],[""L"",79]]",False,False,False,ZL1_N3_M3_L79_H44_C316,independent_layer_3nm,251,independent_layer_3nm_ZL1_N3_M3_L79_H44_C316_0251,3,"[2,-3,3,-1,1,3,2,1,-1,0,2,0]"
448.86000000000206,3.3413376543420554,0.7869397134434724,0.6774580626063552,0.14579807420386637,0.0,13.653837636755252,1.0,True,True,0.0,9.992007221626409e-16,False,False,"[[""H"",45],[""L"",81],[""H"",43],[""L"",81],[""H"",45],[""L"",316],[""H"",42],[""L"",78],[""H"",42],[""L"",80],[""H"",46],[""L"",81]]",True,True,True,ZL1_N3_M3_L79_H44_C316,independent_layer_3nm,252,independent_layer_3nm_ZL1_N3_M3_L79_H44_C316_0252,3,"[1,2,-1,2,1,0,-2,-1,-2,1,2,2]"
448.32000000000187,3.31236844307017,0.9555526408840664,0.4964130681429577,0.11790793020729401,0.0,13.899427351519815,1.0,True,True,0.0,7.771561172376096e-16,False,False,"[[""H"",43],[""L"",77],[""H"",45],[""L"",77],[""H"",45],[""L"",314],[""H"",43],[""L"",82],[""H"",44],[""L"",77],[""H"",46],[""L"",78]]",False,True,False,ZL1_N3_M3_L79_H44_C316,independent_layer_3nm,253,independent_layer_3nm_ZL1_N3_M3_L79_H44_C316_0253,3,"[-1,-2,1,-2,1,-2,-1,3,0,-2,2,-1]"
452.960000000003,3.4249374533948185,0.10133152850094532,0.24377858737265476,0.9917921946387354,-11.0,6.554488462842354,0.24725374643077724,False,False,0.0,5.551115123125783e-16,False,False,"[[""H"",47],[""L"",77],[""H"",45],[""L"",79],[""H"",47],[""L"",315],[""H"",46],[""L"",78],[""H"",43],[""L"",80],[""H"",46],[""L"",78]]",False,False,False,ZL1_N3_M3_L79_H44_C316,independent_layer_3nm,254,independent_layer_3nm_ZL1_N3_M3_L79_H44_C316_0254,3,"[3,-2,1,0,3,-1,2,-1,-1,1,2,-1]"
450.52000000000237,3.3741084669410952,0.3005292367586271,0.9084276293560418,0.3214221784876474,-4.0,18.665456550756588,0.9185279948795293,False,True,0.0,4.440892098500626e-16,False,False,"[[""H"",44],[""L"",80],[""H"",41],[""L"",79],[""H"",46],[""L"",314],[""H"",47],[""L"",77],[""H"",42],[""L"",79],[""H"",45],[""L"",80]]",True,True,True,ZL1_N3_M3_L79_H44_C316,independent_layer_3nm,255,independent_layer_3nm_ZL1_N3_M3_L79_H44_C316_0255,3,"[0,1,-3,0,2,-2,3,-2,-2,0,1,1]"
446.2200000000014,3.32065255447759,0.4680934645486403,0.16862783618748872,0.06286014512826685,0.0,17.1973287332335,1.0,True,True,0.0,4.440892098500626e-16,False,False,"[[""H"",41],[""L"",77],[""H"",41],[""L"",80],[""H"",42],[""L"",313],[""H"",46],[""L"",76],[""H"",46],[""L"",82],[""H"",42],[""L"",79]]",False,True,False,ZL1_N3_M3_L79_H44_C316,independent_layer_3nm,256,independent_layer_3nm_ZL1_N3_M3_L79_H44_C316_0256,3,"[-3,-2,-3,1,-2,-3,2,-3,2,3,-2,0]"
451.30000000000257,3.4300027504544346,0.20213842795786682,0.6277614284650668,0.5088898359423455,-7.0,21.68509086776892,0.6309861121517933,False,False,0.0,6.661338147750939e-16,False,False,"[[""H"",43],[""L"",82],[""H"",42],[""L"",80],[""H"",45],[""L"",319],[""H"",43],[""L"",78],[""H"",44],[""L"",76],[""H"",41],[""L"",77]]",True,False,False,ZL1_N3_M3_L79_H44_C316,independent_layer_3nm,257,independent_layer_3nm_ZL1_N3_M3_L79_H44_C316_0257,3,"[-1,3,-2,1,1,3,-1,-1,0,-3,-3,-2]"
449.6000000000022,3.3527430858317757,0.5118572470713854,0.9413684855106585,0.20263760163691774,0.0,14.666782532881808,1.0,True,True,0.0,4.440892098500626e-16,False,False,"[[""H"",45],[""L"",80],[""H"",46],[""L"",78],[""H"",42],[""L"",319],[""H"",42],[""L"",79],[""H"",46],[""L"",77],[""H"",43],[""L"",82]]",True,True,True,ZL1_N3_M3_L79_H44_C316,independent_layer_3nm,258,independent_layer_3nm_ZL1_N3_M3_L79_H44_C316_0258,3,"[1,1,2,-1,-2,3,-2,0,2,-2,-1,3]"
447.5000000000017,3.35634311010881,0.908307692510526,0.3124187798882708,0.09022747006092269,0.0,15.027361487629001,1.0,True,True,0.0,6.661338147750939e-16,False,False,"[[""H"",47],[""L"",79],[""H"",47],[""L"",79],[""H"",43],[""L"",315],[""H"",42],[""L"",79],[""H"",46],[""L"",76],[""H"",42],[""L"",76]]",False,True,False,ZL1_N3_M3_L79_H44_C316,independent_layer_3nm,259,independent_layer_3nm_ZL1_N3_M3_L79_H44_C316_0259,3,"[3,0,3,0,-1,-1,-2,0,2,-3,-2,-3]"
450.82000000000244,3.402969046278031,0.2590787954414691,0.8018899461661042,0.38306327226007564,-6.0,19.85896969014774,0.8100137461345316,False,False,0.0,5.551115123125783e-16,False,False,"[[""H"",47],[""L"",79],[""H"",44],[""L"",80],[""H"",46],[""L"",315],[""H"",43],[""L"",82],[""H"",42],[""L"",81],[""H"",47],[""L"",81]]",True,False,False,ZL1_N3_M3_L79_H44_C316,independent_layer_3nm,260,independent_layer_3nm_ZL1_N3_M3_L79_H44_C316_0260,3,"[3,0,0,1,2,-1,-1,3,-2,2,3,2]"
451.46000000000265,3.3977930602787296,0.18597894178943847,0.5645124534625333,0.5518918184543944,-8.0,22.324862828319482,0.5742323233597707,False,False,0.0,7.771561172376096e-16,False,False,"[[""H"",43],[""L"",79],[""H"",44],[""L"",77],[""H"",44],[""L"",316],[""H"",46],[""L"",80],[""H"",46],[""L"",76],[""H"",46],[""L"",82]]",False,False,False,ZL1_N3_M3_L79_H44_C316,independent_layer_3nm,261,independent_layer_3nm_ZL1_N3_M3_L79_H44_C316_0261,3,"[-1,0,0,-2,0,0,2,1,2,-3,2,3]"
447.0200000000016,3.2998907198410734,0.7364509186508983,0.2408975701061607,0.07720117421868847,0.0,15.766084491302568,1.0,True,True,0.0,8.881784197001252e-16,False,False,"[[""H"",45],[""L"",81],[""H"",45],[""L"",77],[""H"",43],[""L"",316],[""H"",43],[""L"",78],[""H"",42],[""L"",76],[""H"",44],[""L"",78]]",False,True,False,ZL1_N3_M3_L79_H44_C316,independent_layer_3nm,262,independent_layer_3nm_ZL1_N3_M3_L79_H44_C316_0262,3,"[1,2,1,-2,-1,0,-1,-1,-2,-3,0,-1]"
447.1200000000016,3.3308991284545186,0.7758937523561871,0.254014562908887,0.07903540629588376,0.0,15.571489564775646,1.0,True,True,0.0,4.440892098500626e-16,False,False,"[[""H"",41],[""L"",82],[""H"",46],[""L"",78],[""H"",45],[""L"",314],[""H"",42],[""L"",77],[""H"",43],[""L"",81],[""H"",46],[""L"",82]]",False,True,False,ZL1_N3_M3_L79_H44_C316,independent_layer_3nm,263,independent_layer_3nm_ZL1_N3_M3_L79_H44_C316_0263,3,"[-3,3,2,-1,1,-2,-2,-2,-1,2,2,3]"
453.7600000000032,3.466606076320204,0.07689270415314949,0.16692341820515005,0.8333704043375357,-12.0,5.712611419995708,0.1685063009547781,False,False,0.0,4.440892098500626e-16,False,False,"[[""H"",44],[""L"",81],[""H"",41],[""L"",78],[""H"",44],[""L"",319],[""H"",47],[""L"",80],[""H"",43],[""L"",77],[""H"",47],[""L"",78]]",False,False,False,ZL1_N3_M3_L79_H44_C316,independent_layer_3nm,264,independent_layer_3nm_ZL1_N3_M3_L79_H44_C316_0264,3,"[0,2,-3,-1,0,3,3,1,-1,-2,3,-1]"
450.04000000000224,3.359371115715362,0.39171648832388034,0.9915181445363863,0.25203785523080857,-1.0,16.462422353261125,0.9994360406075828,True,True,0.0,4.440892098500626e-16,False,False,"[[""H"",43],[""L"",82],[""H"",42],[""L"",77],[""H"",43],[""L"",318],[""H"",45],[""L"",79],[""H"",43],[""L"",76],[""H"",45],[""L"",79]]",True,True,True,ZL1_N3_M3_L79_H44_C316,independent_layer_3nm,265,independent_layer_3nm_ZL1_N3_M3_L79_H44_C316_0265,3,"[-1,3,-2,-2,-1,2,1,0,-1,-3,1,0]"
445.8600000000014,3.3107288388425786,0.38009986414473085,0.14435949064930798,0.05653743008698484,0.0,17.74191089449087,1.0,True,True,0.0,6.661338147750939e-16,False,False,"[[""H"",47],[""L"",79],[""H"",42],[""L"",76],[""H"",46],[""L"",315],[""H"",41],[""L"",76],[""H"",41],[""L"",82],[""H"",47],[""L"",76]]",False,True,False,ZL1_N3_M3_L79_H44_C316,independent_layer_3nm,266,independent_layer_3nm_ZL1_N3_M3_L79_H44_C316_0266,3,"[3,0,-2,-3,2,-1,-3,-3,-3,3,3,-3]"
450.06000000000233,3.3725688298794125,0.39182445358484247,0.991306819032179,0.2537611935760819,-1.0,16.491351184640624,0.9991783614463219,True,True,0.0,6.661338147750939e-16,False,False,"[[""H"",42],[""L"",76],[""H"",46],[""L"",80],[""H"",43],[""L"",318],[""H"",42],[""L"",82],[""H"",43],[""L"",82],[""H"",44],[""L"",81]]",True,True,True,ZL1_N3_M3_L79_H44_C316,independent_layer_3nm,267,independent_layer_3nm_ZL1_N3_M3_L79_H44_C316_0267,3,"[-2,-3,2,1,-1,2,-2,3,-1,3,0,2]"
446.8400000000015,3.3108607336471323,0.6662108043177145,0.22031545932583735,0.07306124485732614,0.0,16.01661957116444,1.0,True,True,0.0,4.440892098500626e-16,False,False,"[[""H"",41],[""L"",80],[""H"",45],[""L"",76],[""H"",41],[""L"",318],[""H"",42],[""L"",78],[""H"",45],[""L"",81],[""H"",45],[""L"",79]]",False,True,False,ZL1_N3_M3_L79_H44_C316,independent_layer_3nm,268,independent_layer_3nm_ZL1_N3_M3_L79_H44_C316_0268,3,"[-3,1,1,-3,-3,2,-2,-1,1,2,1,0]"
443.58000000000084,3.2349163826577296,0.12453638736654793,0.065325528294308,0.03340985455046284,0.0,21.49511221151654,1.0,True,True,0.0,5.551115123125783e-16,False,False,"[[""H"",44],[""L"",78],[""H"",41],[""L"",80],[""H"",41],[""L"",313],[""H"",43],[""L"",82],[""H"",41],[""L"",80],[""H"",45],[""L"",80]]",False,True,False,ZL1_N3_M3_L79_H44_C316,independent_layer_3nm,269,independent_layer_3nm_ZL1_N3_M3_L79_H44_C316_0269,3,"[0,-1,-3,1,-3,-3,-1,3,-3,1,1,1]"
445.78000000000134,3.294320337900558,0.35697853236487975,0.13621626341312645,0.05339367914198377,0.0,17.778694963003364,1.0,True,True,0.0,5.551115123125783e-16,False,False,"[[""H"",44],[""L"",82],[""H"",45],[""L"",76],[""H"",44],[""L"",313],[""H"",42],[""L"",78],[""H"",47],[""L"",76],[""H"",46],[""L"",80]]",False,True,False,ZL1_N3_M3_L79_H44_C316,independent_layer_3nm,270,independent_layer_3nm_ZL1_N3_M3_L79_H44_C316_0270,3,"[0,3,1,-3,0,-3,-2,-1,3,-3,2,1]"
444.280000000001,3.2967680772256927,0.16741820092586024,0.08038389441429047,0.038000892267208125,0.0,20.241380111941474,1.0,True,True,0.0,8.881784197001252e-16,False,False,"[[""H"",47],[""L"",80],[""H"",45],[""L"",78],[""H"",42],[""L"",313],[""H"",41],[""L"",80],[""H"",47],[""L"",78],[""H"",42],[""L"",80]]",False,True,False,ZL1_N3_M3_L79_H44_C316,independent_layer_3nm,271,independent_layer_3nm_ZL1_N3_M3_L79_H44_C316_0271,3,"[3,1,1,-1,-2,-3,-3,1,3,-1,-2,1]"
449.52000000000214,3.375498632319875,0.5446766658579854,0.9180417362533131,0.19624772479153438,0.0,14.45508038438551,1.0,True,True,0.0,8.881784197001252e-16,False,False,"[[""H"",47],[""L"",79],[""H"",41],[""L"",81],[""H"",43],[""L"",318],[""H"",42],[""L"",81],[""H"",43],[""L"",82],[""H"",47],[""L"",77]]",True,True,True,ZL1_N3_M3_L79_H44_C316,independent_layer_3nm,272,independent_layer_3nm_ZL1_N3_M3_L79_H44_C316_0272,3,"[3,0,-3,2,-1,2,-2,2,-1,3,3,-2]"
450.3800000000024,3.430309406926199,0.33218518274115627,0.9427176702568385,0.3046981587459016,-4.0,18.056736470064227,0.9513563117981286,False,True,0.0,1.3322676295501878e-15,False,False,"[[""H"",47],[""L"",80],[""H"",47],[""L"",82],[""H"",44],[""L"",317],[""H"",41],[""L"",80],[""H"",45],[""L"",81],[""H"",41],[""L"",82]]",True,True,True,ZL1_N3_M3_L79_H44_C316,independent_layer_3nm,273,independent_layer_3nm_ZL1_N3_M3_L79_H44_C316_0273,3,"[3,1,3,3,0,1,-3,1,1,2,-3,3]"
449.9400000000022,3.37780201530353,0.42133811529271425,0.9915666031473971,0.23976843724316454,0.0,15.940769575040328,1.0,True,True,0.0,6.661338147750939e-16,False,False,"[[""H"",46],[""L"",78],[""H"",46],[""L"",77],[""H"",41],[""L"",319],[""H"",43],[""L"",81],[""H"",46],[""L"",81],[""H"",41],[""L"",82]]",True,True,True,ZL1_N3_M3_L79_H44_C316,independent_layer_3nm,274,independent_layer_3nm_ZL1_N3_M3_L79_H44_C316_0274,3,"[2,-1,2,-2,-3,3,-1,2,2,2,-3,3]"
450.1200000000023,3.378182932518712,0.37546120431334207,0.9868087422434519,0.2647227742426441,-2.0,16.97109926421047,0.9946262874527971,False,True,0.0,8.881784197001252e-16,False,False,"[[""H"",45],[""L"",79],[""H"",41],[""L"",76],[""H"",47],[""L"",315],[""H"",45],[""L"",76],[""H"",46],[""L"",78],[""H"",41],[""L"",80]]",True,True,True,ZL1_N3_M3_L79_H44_C316,independent_layer_3nm,275,independent_layer_3nm_ZL1_N3_M3_L79_H44_C316_0275,3,"[1,0,-3,-3,3,-1,1,-3,2,-1,-3,1]"
449.6000000000022,3.357783392619524,0.5134145010690516,0.9428299969963494,0.20275529277068596,0.0,14.751625367404907,1.0,True,True,0.0,4.440892098500626e-16,False,False,"[[""H"",43],[""L"",77],[""H"",46],[""L"",79],[""H"",43],[""L"",313],[""H"",47],[""L"",78],[""H"",46],[""L"",82],[""H"",44],[""L"",76]]",True,True,True,ZL1_N3_M3_L79_H44_C316,independent_layer_3nm,276,independent_layer_3nm_ZL1_N3_M3_L79_H44_C316_0276,3,"[-1,-2,2,0,-1,-3,3,-1,2,3,0,-3]"
451.08000000000254,3.432579334018669,0.22782545464212622,0.7064859999972202,0.4483884693717506,-6.0,20.96102617800998,0.7177760370089141,False,False,0.0,6.661338147750939e-16,False,False,"[[""H"",46],[""L"",80],[""H"",47],[""L"",82],[""H"",42],[""L"",317],[""H"",45],[""L"",80],[""H"",43],[""L"",76],[""H"",42],[""L"",80]]",True,False,False,ZL1_N3_M3_L79_H44_C316,independent_layer_3nm,277,independent_layer_3nm_ZL1_N3_M3_L79_H44_C316_0277,3,"[2,1,3,3,-2,1,1,1,-1,-3,-2,1]"
454.30000000000325,3.4665637555435183,0.06543607297859003,0.13295907418423147,0.6337923370012455,-13.0,5.3211902196819825,0.13388127177922435,False,False,0.0,6.661338147750939e-16,False,False,"[[""H"",44],[""L"",77],[""H"",45],[""L"",81],[""H"",47],[""L"",315],[""H"",47],[""L"",81],[""H"",42],[""L"",77],[""H"",45],[""L"",79]]",False,False,False,ZL1_N3_M3_L79_H44_C316,independent_layer_3nm,278,independent_layer_3nm_ZL1_N3_M3_L79_H44_C316_0278,3,"[0,-2,1,2,3,-1,3,2,-2,-2,1,0]"
450.82000000000244,3.3789256899566453,0.2542875943776166,0.7985470306222897,0.3821348380680522,-6.0,19.880036637520966,0.8058320752886519,False,False,0.0,6.661338147750939e-16,False,False,"[[""H"",44],[""L"",81],[""H"",43],[""L"",81],[""H"",44],[""L"",314],[""H"",47],[""L"",77],[""H"",46],[""L"",80],[""H"",41],[""L"",82]]",True,False,False,ZL1_N3_M3_L79_H44_C316,independent_layer_3nm,279,independent_layer_3nm_ZL1_N3_M3_L79_H44_C316_0279,3,"[0,2,-1,2,0,-2,3,-2,2,1,-3,3]"
448.50000000000193,3.3366715608858613,0.9078865083565453,0.5561031585279979,0.12752698487016176,0.0,13.788616333277336,1.0,True,True,0.0,4.440892098500626e-16,False,False,"[[""H"",46],[""L"",78],[""H"",43],[""L"",77],[""H"",42],[""L"",315],[""H"",46],[""L"",81],[""H"",42],[""L"",82],[""H"",46],[""L"",76]]",False,True,False,ZL1_N3_M3_L79_H44_C316,independent_layer_3nm,280,independent_layer_3nm_ZL1_N3_M3_L79_H44_C316_0280,3,"[2,-1,-1,-2,-2,-1,2,2,-2,3,2,-3]"
453.42000000000303,3.4661323532715755,0.08822685750572444,0.19738358023688396,0.9365915394755273,-12.0,6.184309331757591,0.20366587877013667,False,False,0.0,4.440892098500626e-16,False,False,"[[""H"",41],[""L"",81],[""H"",46],[""L"",79],[""H"",43],[""L"",317],[""H"",47],[""L"",79],[""H"",46],[""L"",80],[""H"",47],[""L"",80]]",False,False,False,ZL1_N3_M3_L79_H44_C316,independent_layer_3nm,281,independent_layer_3nm_ZL1_N3_M3_L79_H44_C316_0281,3,"[-3,2,2,0,-1,1,3,0,2,1,3,1]"
447.68000000000177,3.314476645156219,0.9557891955544899,0.34118619281979246,0.09490365345763384,0.0,14.695087559449377,1.0,True,True,0.0,6.661338147750939e-16,False,False,"[[""H"",42],[""L"",81],[""H"",43],[""L"",79],[""H"",42],[""L"",318],[""H"",41],[""L"",80],[""H"",46],[""L"",79],[""H"",42],[""L"",81]]",False,True,False,ZL1_N3_M3_L79_H44_C316,independent_layer_3nm,282,independent_layer_3nm_ZL1_N3_M3_L79_H44_C316_0282,3,"[-2,2,-1,0,-2,2,-3,1,2,0,-2,2]"
448.700000000002,3.330787484142718,0.8446441016237398,0.6203763081947253,0.13796257446858032,0.0,13.75345336539913,1.0,True,True,0.0,6.661338147750939e-16,False,False,"[[""H"",44],[""L"",80],[""H"",42],[""L"",79],[""H"",44],[""L"",313],[""H"",47],[""L"",76],[""H"",46],[""L"",78],[""H"",41],[""L"",78]]",True,True,True,ZL1_N3_M3_L79_H44_C316,independent_layer_3nm,283,independent_layer_3nm_ZL1_N3_M3_L79_H44_C316_0283,3,"[0,1,-2,0,0,-3,3,-3,2,-1,-3,-1]"
450.6200000000024,3.3879198482311494,0.2857535883484805,0.8741651755694226,0.34137975441909385,-5.0,19.08845780965736,0.8805900159156205,False,True,0.0,4.440892098500626e-16,False,False,"[[""H"",43],[""L"",76],[""H"",47],[""L"",76],[""H"",47],[""L"",314],[""H"",43],[""L"",82],[""H"",46],[""L"",80],[""H"",43],[""L"",76]]",True,True,True,ZL1_N3_M3_L79_H44_C316,independent_layer_3nm,284,independent_layer_3nm_ZL1_N3_M3_L79_H44_C316_0284,3,"[-1,-3,3,-3,3,-2,-1,3,2,1,-1,-3]"
450.1200000000023,3.3813885235775274,0.3763522786501168,0.9859198954127826,0.26388734201069175,-2.0,16.932726002656224,0.9944535018165166,False,True,0.0,7.771561172376096e-16,False,False,"[[""H"",42],[""L"",76],[""H"",46],[""L"",81],[""H"",47],[""L"",314],[""H"",43],[""L"",80],[""H"",42],[""L"",79],[""H"",44],[""L"",81]]",True,True,True,ZL1_N3_M3_L79_H44_C316,independent_layer_3nm,285,independent_layer_3nm_ZL1_N3_M3_L79_H44_C316_0285,3,"[-2,-3,2,2,3,-2,-1,1,-2,0,0,2]"
449.020000000002,3.350577473998044,0.7190288267301228,0.744249766277591,0.15691468200188613,0.0,13.710974932764449,1.0,True,True,0.0,4.440892098500626e-16,False,False,"[[""H"",44],[""L"",76],[""H"",47],[""L"",79],[""H"",41],[""L"",316],[""H"",44],[""L"",82],[""H"",46],[""L"",79],[""H"",44],[""L"",77]]",True,True,True,ZL1_N3_M3_L79_H44_C316,independent_layer_3nm,286,independent_layer_3nm_ZL1_N3_M3_L79_H44_C316_0286,3,"[0,-3,3,0,-3,0,0,3,2,0,0,-2]"
453.5800000000031,3.476128771286824,0.08431956734447218,0.18475923456720889,0.894152293672575,-12.0,5.970575166038003,0.1866763462154044,False,False,0.0,7.771561172376096e-16,False,False,"[[""H"",43],[""L"",76],[""H"",44],[""L"",82],[""H"",45],[""L"",315],[""H"",47],[""L"",79],[""H"",46],[""L"",82],[""H"",47],[""L"",79]]",False,False,False,ZL1_N3_M3_L79_H44_C316,independent_layer_3nm,287,independent_layer_3nm_ZL1_N3_M3_L79_H44_C316_0287,3,"[-1,-3,0,3,1,-1,3,0,2,3,3,0]"
449.50000000000216,3.383912271313534,0.5522970285257103,0.9123868046363217,0.19598557377324693,0.0,14.490859393955814,1.0,True,True,0.0,5.551115123125783e-16,False,False,"[[""H"",42],[""L"",80],[""H"",42],[""L"",76],[""H"",44],[""L"",318],[""H"",43],[""L"",77],[""H"",46],[""L"",80],[""H"",47],[""L"",81]]",True,True,True,ZL1_N3_M3_L79_H44_C316,independent_layer_3nm,288,independent_layer_3nm_ZL1_N3_M3_L79_H44_C316_0288,3,"[-2,1,-2,-3,0,2,-1,-2,2,1,3,2]"
448.5200000000019,3.348086295473877,0.9077697824392632,0.5585081628095943,0.12861772815793304,0.0,13.785134048595596,1.0,True,True,0.0,1.1102230246251565e-15,False,False,"[[""H"",43],[""L"",81],[""H"",47],[""L"",80],[""H"",43],[""L"",318],[""H"",41],[""L"",77],[""H"",44],[""L"",76],[""H"",46],[""L"",76]]",False,True,False,ZL1_N3_M3_L79_H44_C316,independent_layer_3nm,289,independent_layer_3nm_ZL1_N3_M3_L79_H44_C316_0289,3,"[-1,2,3,1,-1,2,-3,-2,0,-3,2,-3]"
451.2600000000026,3.408874085794878,0.20697238279543873,0.6409473154151977,0.48969797490905576,-7.0,21.426039900910286,0.6456731604213283,False,False,0.0,6.661338147750939e-16,False,False,"[[""H"",41],[""L"",79],[""H"",46],[""L"",80],[""H"",44],[""L"",319],[""H"",41],[""L"",81],[""H"",46],[""L"",79],[""H"",43],[""L"",82]]",True,False,False,ZL1_N3_M3_L79_H44_C316,independent_layer_3nm,290,independent_layer_3nm_ZL1_N3_M3_L79_H44_C316_0290,3,"[-3,0,2,1,0,3,-3,2,2,0,-1,3]"
448.900000000002,3.369111679250409,0.7729466185544194,0.69768007381712,0.1501082718794414,0.0,13.736511667489555,1.0,True,True,0.0,5.551115123125783e-16,False,False,"[[""H"",43],[""L"",78],[""H"",42],[""L"",78],[""H"",46],[""L"",314],[""H"",43],[""L"",79],[""H"",46],[""L"",82],[""H"",46],[""L"",81]]",True,True,True,ZL1_N3_M3_L79_H44_C316,independent_layer_3nm,291,independent_layer_3nm_ZL1_N3_M3_L79_H44_C316_0291,3,"[-1,-1,-2,-1,2,-2,-1,0,2,3,2,2]"
453.4600000000031,3.5097573637711434,0.0882277340926341,0.19728875248905256,0.9315568441409203,-12.0,6.206889576198295,0.2022183036054769,False,False,0.0,8.881784197001252e-16,False,False,"[[""H"",47],[""L"",80],[""H"",46],[""L"",81],[""H"",47],[""L"",317],[""H"",43],[""L"",79],[""H"",46],[""L"",76],[""H"",41],[""L"",76]]",False,False,False,ZL1_N3_M3_L79_H44_C316,independent_layer_3nm,292,independent_layer_3nm_ZL1_N3_M3_L79_H44_C316_0292,3,"[3,1,2,2,3,1,-1,0,2,-3,-3,-3]"
445.7000000000013,3.2888994517963965,0.3432808775426465,0.1345822035396658,0.054424210467501816,0.0,18.093529125318664,1.0,True,True,0.0,6.661338147750939e-16,False,False,"[[""H"",45],[""L"",77],[""H"",47],[""L"",77],[""H"",43],[""L"",314],[""H"",44],[""L"",76],[""H"",41],[""L"",79],[""H"",42],[""L"",76]]",False,True,False,ZL1_N3_M3_L79_H44_C316,independent_layer_3nm,293,independent_layer_3nm_ZL1_N3_M3_L79_H44_C316_0293,3,"[1,-2,3,-2,-1,-2,0,-3,-3,0,-2,-3]"
450.4800000000024,3.3837555062180513,0.3065417999044563,0.9179007199290528,0.3190635163803548,-4.0,18.51317980264229,0.9248720916960714,False,True,0.0,6.661338147750939e-16,False,False,"[[""H"",45],[""L"",77],[""H"",47],[""L"",77],[""H"",46],[""L"",319],[""H"",41],[""L"",76],[""H"",43],[""L"",81],[""H"",43],[""L"",77]]",True,True,True,ZL1_N3_M3_L79_H44_C316,independent_layer_3nm,294,independent_layer_3nm_ZL1_N3_M3_L79_H44_C316_0294,3,"[1,-2,3,-2,2,3,-3,-3,-1,2,-1,-2]"
450.6200000000024,3.363479347755572,0.284024308577914,0.8760226053121853,0.3367707163808433,-5.0,18.98950046880632,0.8823766093032842,False,True,0.0,6.661338147750939e-16,False,False,"[[""H"",45],[""L"",77],[""H"",44],[""L"",79],[""H"",43],[""L"",316],[""H"",46],[""L"",78],[""H"",46],[""L"",77],[""H"",46],[""L"",76]]",True,True,True,ZL1_N3_M3_L79_H44_C316,independent_layer_3nm,295,independent_layer_3nm_ZL1_N3_M3_L79_H44_C316_0295,3,"[1,-2,0,0,-1,0,2,-1,2,-2,2,-3]"
446.90000000000157,3.2901925699949857,0.6866655460591123,0.22505791929099553,0.07376476611694871,0.0,15.935077469178262,1.0,True,True,0.0,6.661338147750939e-16,False,False,"[[""H"",44],[""L"",80],[""H"",44],[""L"",76],[""H"",42],[""L"",318],[""H"",42],[""L"",77],[""H"",44],[""L"",77],[""H"",47],[""L"",77]]",False,True,False,ZL1_N3_M3_L79_H44_C316,independent_layer_3nm,296,independent_layer_3nm_ZL1_N3_M3_L79_H44_C316_0296,3,"[0,1,0,-3,-2,2,-2,-2,0,-2,3,-2]"
449.8000000000022,3.391678865761037,0.4586586357549658,0.9785552046773094,0.2266157404236212,0.0,15.43607603560988,1.0,True,True,0.0,8.881784197001252e-16,False,False,"[[""H"",41],[""L"",80],[""H"",42],[""L"",81],[""H"",41],[""L"",319],[""H"",44],[""L"",77],[""H"",46],[""L"",80],[""H"",47],[""L"",76]]",True,True,True,ZL1_N3_M3_L79_H44_C316,independent_layer_3nm,297,independent_layer_3nm_ZL1_N3_M3_L79_H44_C316_0297,3,"[-3,1,-2,2,-3,3,0,-2,2,1,3,-3]"
446.2200000000014,3.285226055181397,0.4629960139693965,0.16464756258748164,0.060677181150840725,0.0,17.015869612745707,1.0,True,True,0.0,4.440892098500626e-16,False,False,"[[""H"",46],[""L"",78],[""H"",44],[""L"",80],[""H"",41],[""L"",316],[""H"",42],[""L"",80],[""H"",44],[""L"",81],[""H"",42],[""L"",80]]",False,True,False,ZL1_N3_M3_L79_H44_C316,independent_layer_3nm,298,independent_layer_3nm_ZL1_N3_M3_L79_H44_C316_0298,3,"[2,-1,0,1,-3,0,-2,1,0,2,-2,1]"
446.00000000000136,3.2962525670888567,0.4093378579868848,0.1532343384515955,0.05959074495464507,0.0,17.568835377692274,1.0,True,True,0.0,6.661338147750939e-16,False,False,"[[""H"",47],[""L"",77],[""H"",42],[""L"",79],[""H"",42],[""L"",318],[""H"",42],[""L"",76],[""H"",41],[""L"",80],[""H"",42],[""L"",78]]",False,True,False,ZL1_N3_M3_L79_H44_C316,independent_layer_3nm,299,independent_layer_3nm_ZL1_N3_M3_L79_H44_C316_0299,3,"[3,-2,-2,0,-2,2,-2,-3,-3,1,-2,-1]"
452.72000000000287,3.5013264795819623,0.11290371048143752,0.2806219693409992,0.9648044068943336,-10.0,7.10214192756007,0.2868909635339796,False,False,0.0,6.661338147750939e-16,False,False,"[[""H"",41],[""L"",77],[""H"",41],[""L"",81],[""H"",49],[""L"",315],[""H"",44],[""L"",77],[""H"",47],[""L"",79],[""H"",46],[""L"",79]]",False,False,False,ZL1_N3_M3_L79_H44_C316,independent_layer_5nm,0,independent_layer_5nm_ZL1_N3_M3_L79_H44_C316_0000,5,"[-3,-2,-3,2,5,-1,0,-2,3,0,2,0]"
442.7000000000006,3.264002246487621,0.09377468534370133,0.05370649644415287,0.029624175300768427,-60.0,,0.9395580525216579,False,False,0.0,4.440892098500626e-16,False,True,"[[""H"",44],[""L"",80],[""H"",46],[""L"",76],[""H"",46],[""L"",311],[""H"",39],[""L"",84],[""H"",40],[""L"",74],[""H"",43],[""L"",74]]",False,False,False,ZL1_N3_M3_L79_H44_C316,independent_layer_5nm,1,independent_layer_5nm_ZL1_N3_M3_L79_H44_C316_0001,5,"[0,1,2,-3,2,-5,-5,5,-4,-5,-1,-5]"
452.74000000000285,3.5014601071253537,0.11489896949531181,0.2831892444310144,0.9716767408449885,-10.0,7.036088503421307,0.2870524579090499,False,False,0.0,4.440892098500626e-16,False,False,"[[""H"",43],[""L"",82],[""H"",46],[""L"",81],[""H"",39],[""L"",318],[""H"",47],[""L"",84],[""H"",48],[""L"",74],[""H"",42],[""L"",84]]",False,False,False,ZL1_N3_M3_L79_H44_C316,independent_layer_5nm,2,independent_layer_5nm_ZL1_N3_M3_L79_H44_C316_0002,5,"[-1,3,2,2,-5,2,3,5,4,-5,-2,5]"
449.64000000000215,3.369140082261083,0.503316587305627,0.950527420837378,0.21002963558634613,0.0,14.883567120834511,1.0,True,True,0.0,8.881784197001252e-16,False,False,"[[""H"",42],[""L"",79],[""H"",45],[""L"",75],[""H"",44],[""L"",318],[""H"",44],[""L"",80],[""H"",40],[""L"",77],[""H"",47],[""L"",75]]",True,True,True,ZL1_N3_M3_L79_H44_C316,independent_layer_5nm,3,independent_layer_5nm_ZL1_N3_M3_L79_H44_C316_0003,5,"[-2,0,1,-4,0,2,0,1,-4,-2,3,-4]"
456.0800000000037,3.544998798450706,0.04146862204575989,0.07232490609395176,0.23936416967270718,-15.0,4.696724987374118,0.07588473630161605,False,False,0.0,7.771561172376096e-16,False,False,"[[""H"",44],[""L"",78],[""H"",41],[""L"",81],[""H"",46],[""L"",318],[""H"",49],[""L"",78],[""H"",43],[""L"",74],[""H"",48],[""L"",80]]",False,False,False,ZL1_N3_M3_L79_H44_C316,independent_layer_5nm,4,independent_layer_5nm_ZL1_N3_M3_L79_H44_C316_0004,5,"[0,-1,-3,2,2,2,5,-1,-1,-5,4,1]"
455.5600000000036,3.5881194048928364,0.049363143321322106,0.08876504120372286,0.3202309344986497,-15.0,4.821802148940709,0.0904231408327033,False,False,0.0,5.551115123125783e-16,False,False,"[[""H"",48],[""L"",82],[""H"",48],[""L"",78],[""H"",42],[""L"",320],[""H"",49],[""L"",77],[""H"",42],[""L"",81],[""H"",42],[""L"",74]]",False,False,False,ZL1_N3_M3_L79_H44_C316,independent_layer_5nm,5,independent_layer_5nm_ZL1_N3_M3_L79_H44_C316_0005,5,"[4,3,4,-1,-2,4,5,-2,-2,2,-2,-5]"
456.0600000000037,3.67848416324415,0.04616770407400249,0.0795008073860981,0.2558643064290457,-15.0,4.816757168538658,0.0821601796622576,False,False,0.0,5.551115123125783e-16,False,False,"[[""H"",49],[""L"",82],[""H"",49],[""L"",84],[""H"",40],[""L"",321],[""H"",48],[""L"",79],[""H"",41],[""L"",81],[""H"",41],[""L"",77]]",False,False,False,ZL1_N3_M3_L79_H44_C316,independent_layer_5nm,6,independent_layer_5nm_ZL1_N3_M3_L79_H44_C316_0006,5,"[5,3,5,5,-4,5,4,0,-3,2,-3,-2]"
451.06000000000256,3.39881832683875,0.22823868860144458,0.7112970783075342,0.43735869998531973,-6.0,20.872980191510212,0.7212931727209952,False,False,0.0,4.440892098500626e-16,False,False,"[[""H"",45],[""L"",77],[""H"",48],[""L"",75],[""H"",46],[""L"",316],[""H"",43],[""L"",78],[""H"",47],[""L"",82],[""H"",42],[""L"",82]]",True,False,False,ZL1_N3_M3_L79_H44_C316,independent_layer_5nm,7,independent_layer_5nm_ZL1_N3_M3_L79_H44_C316_0007,5,"[1,-2,4,-4,2,0,-1,-1,3,3,-2,3]"
444.9600000000012,3.340201087210062,0.23488863927917875,0.10260464434922086,0.04485430758837936,0.0,19.073905507557075,1.0,True,True,0.0,7.771561172376096e-16,False,False,"[[""H"",44],[""L"",83],[""H"",46],[""L"",80],[""H"",39],[""L"",315],[""H"",42],[""L"",79],[""H"",48],[""L"",74],[""H"",44],[""L"",84]]",False,True,False,ZL1_N3_M3_L79_H44_C316,independent_layer_5nm,8,independent_layer_5nm_ZL1_N3_M3_L79_H44_C316_0008,5,"[0,4,2,1,-5,-1,-2,0,4,-5,0,5]"
448.86000000000206,3.400107172673586,0.7880142611401529,0.6897349136859618,0.1540880738235791,0.0,13.849636814699286,1.0,True,True,0.0,6.661338147750939e-16,False,False,"[[""H"",40],[""L"",81],[""H"",41],[""L"",79],[""H"",45],[""L"",317],[""H"",43],[""L"",81],[""H"",39],[""L"",76],[""H"",48],[""L"",76]]",True,True,True,ZL1_N3_M3_L79_H44_C316,independent_layer_5nm,9,independent_layer_5nm_ZL1_N3_M3_L79_H44_C316_0009,5,"[-4,2,-3,0,1,1,-1,2,-5,-3,4,-3]"
446.66000000000156,3.3295273815934365,0.6058501303113668,0.20400041647205394,0.0696658095964618,0.0,16.312141981532783,1.0,True,True,0.0,4.440892098500626e-16,False,False,"[[""H"",43],[""L"",79],[""H"",46],[""L"",78],[""H"",43],[""L"",318],[""H"",40],[""L"",74],[""H"",44],[""L"",84],[""H"",45],[""L"",82]]",False,True,False,ZL1_N3_M3_L79_H44_C316,independent_layer_5nm,10,independent_layer_5nm_ZL1_N3_M3_L79_H44_C316_0010,5,"[-1,0,2,-1,-1,2,-4,-5,0,5,1,3]"
450.1200000000023,3.401496468433777,0.38002289536511624,0.9870040306938161,0.2660998007745655,-2.0,16.902478983351955,0.994785153326543,False,True,0.0,5.551115123125783e-16,False,False,"[[""H"",46],[""L"",74],[""H"",41],[""L"",83],[""H"",45],[""L"",316],[""H"",42],[""L"",84],[""H"",45],[""L"",75],[""H"",43],[""L"",84]]",True,True,True,ZL1_N3_M3_L79_H44_C316,independent_layer_5nm,11,independent_layer_5nm_ZL1_N3_M3_L79_H44_C316_0011,5,"[2,-5,-3,4,1,0,-2,5,1,-4,-1,5]"
444.32000000000096,3.3729814826895677,0.17595086727001663,0.08410319521313633,0.039484816274068635,0.0,20.22847307894835,1.0,True,True,0.0,6.661338147750939e-16,False,False,"[[""H"",46],[""L"",81],[""H"",48],[""L"",75],[""H"",46],[""L"",312],[""H"",40],[""L"",78],[""H"",40],[""L"",82],[""H"",47],[""L"",81]]",False,True,False,ZL1_N3_M3_L79_H44_C316,independent_layer_5nm,12,independent_layer_5nm_ZL1_N3_M3_L79_H44_C316_0012,5,"[2,2,4,-4,2,-4,-4,-1,-4,3,3,2]"
448.46000000000197,3.3736313423698334,0.9210756595960192,0.5479644754651161,0.1279480422604369,0.0,13.885377766284707,1.0,True,True,0.0,6.661338147750939e-16,False,False,"[[""H"",49],[""L"",74],[""H"",43],[""L"",84],[""H"",42],[""L"",314],[""H"",46],[""L"",75],[""H"",46],[""L"",82],[""H"",40],[""L"",78]]",False,True,False,ZL1_N3_M3_L79_H44_C316,independent_layer_5nm,13,independent_layer_5nm_ZL1_N3_M3_L79_H44_C316_0013,5,"[5,-5,-1,5,-2,-2,2,-4,2,3,-4,-1]"
450.6400000000024,3.4654319109409926,0.29168889115800245,0.8721524615961921,0.35545398915197846,-5.0,19.258030180561892,0.8784943813658471,False,True,0.0,6.661338147750939e-16,False,False,"[[""H"",44],[""L"",82],[""H"",48],[""L"",77],[""H"",39],[""L"",320],[""H"",45],[""L"",77],[""H"",49],[""L"",76],[""H"",39],[""L"",83]]",True,True,True,ZL1_N3_M3_L79_H44_C316,independent_layer_5nm,14,independent_layer_5nm_ZL1_N3_M3_L79_H44_C316_0014,5,"[0,3,4,-2,-5,4,1,-2,5,-3,-5,4]"
449.76000000000226,3.4400144970055067,0.4825137175763283,0.9749001418439532,0.2243625251964958,0.0,15.417306113163217,1.0,True,True,0.0,4.440892098500626e-16,False,False,"[[""H"",46],[""L"",79],[""H"",46],[""L"",82],[""H"",47],[""L"",315],[""H"",42],[""L"",74],[""H"",42],[""L"",80],[""H"",48],[""L"",83]]",True,True,True,ZL1_N3_M3_L79_H44_C316,independent_layer_5nm,15,independent_layer_5nm_ZL1_N3_M3_L79_H44_C316_0015,5,"[2,0,2,3,3,-1,-2,-5,-2,1,4,4]"
443.8400000000008,3.285071124702199,0.14147861304047218,0.07230139460192728,0.036186977046871883,0.0,21.023736563823135,1.0,True,True,0.0,4.440892098500626e-16,False,False,"[[""H"",45],[""L"",81],[""H"",45],[""L"",77],[""H"",39],[""L"",319],[""H"",39],[""L"",83],[""H"",39],[""L"",81],[""H"",44],[""L"",79]]",False,True,False,ZL1_N3_M3_L79_H44_C316,independent_layer_5nm,16,independent_layer_5nm_ZL1_N3_M3_L79_H44_C316_0016,5,"[1,2,1,-2,-5,3,-5,4,-5,2,0,0]"
459.76000000000454,3.622296704178325,0.020251595477170446,0.02949423241446089,0.06097436627910283,-20.0,3.8506547692655815,0.03127673026378192,False,False,0.0,1.3322676295501878e-15,False,False,"[[""H"",47],[""L"",79],[""H"",43],[""L"",79],[""H"",47],[""L"",321],[""H"",49],[""L"",79],[""H"",42],[""L"",80],[""H"",45],[""L"",74]]",False,False,False,ZL1_N3_M3_L79_H44_C316,independent_layer_5nm,17,independent_layer_5nm_ZL1_N3_M3_L79_H44_C316_0017,5,"[3,0,-1,0,3,5,5,0,-2,1,1,-5]"
442.92000000000064,3.2539674767752444,0.09837465080492319,0.05482710968321068,0.029408614505316424,0.0,22.4758466457066,1.0,True,True,0.0,5.551115123125783e-16,False,False,"[[""H"",44],[""L"",80],[""H"",44],[""L"",81],[""H"",45],[""L"",311],[""H"",39],[""L"",83],[""H"",39],[""L"",81],[""H"",45],[""L"",79]]",False,True,False,ZL1_N3_M3_L79_H44_C316,independent_layer_5nm,18,independent_layer_5nm_ZL1_N3_M3_L79_H44_C316_0018,5,"[0,1,0,2,1,-5,-5,4,-5,2,1,0]"
456.8200000000038,3.597178014425367,0.03695133405090109,0.06084022353050507,0.17377813611971688,-16.0,4.500567934159356,0.06364446120743532,False,False,0.0,4.440892098500626e-16,False,False,"[[""H"",40],[""L"",78],[""H"",48],[""L"",82],[""H"",48],[""L"",313],[""H"",49],[""L"",82],[""H"",45],[""L"",77],[""H"",42],[""L"",83]]",False,False,False,ZL1_N3_M3_L79_H44_C316,independent_layer_5nm,19,independent_layer_5nm_ZL1_N3_M3_L79_H44_C316_0019,5,"[-4,-1,4,3,4,-3,5,3,1,-2,-2,4]"
449.66000000000224,3.391585678250351,0.5028505492709183,0.9526537213482346,0.21053029536136136,0.0,15.010454818447183,1.0,True,True,0.0,6.661338147750939e-16,False,False,"[[""H"",49],[""L"",74],[""H"",43],[""L"",81],[""H"",47],[""L"",311],[""H"",46],[""L"",81],[""H"",41],[""L"",77],[""H"",47],[""L"",75]]",True,True,True,ZL1_N3_M3_L79_H44_C316,independent_layer_5nm,20,independent_layer_5nm_ZL1_N3_M3_L79_H44_C316_0020,5,"[5,-5,-1,2,3,-5,2,2,-3,-2,3,-4]"
448.34000000000185,3.3434769499712047,0.955773111861629,0.5062419714568458,0.1214864350804095,0.0,14.01027151523233,1.0,True,True,0.0,4.440892098500626e-16,False,False,"[[""H"",45],[""L"",77],[""H"",45],[""L"",77],[""H"",42],[""L"",312],[""H"",49],[""L"",82],[""H"",41],[""L"",77],[""H"",44],[""L"",75]]",False,True,False,ZL1_N3_M3_L79_H44_C316,independent_layer_5nm,21,independent_layer_5nm_ZL1_N3_M3_L79_H44_C316_0021,5,"[1,-2,1,-2,-2,-4,5,3,-3,-2,0,-4]"
449.9600000000023,3.633779764647045,0.46326863223838216,0.9988945774164407,0.26395472244026136,0.0,16.589148278094985,1.0,True,True,0.0,9.992007221626409e-16,False,False,"[[""H"",48],[""L"",80],[""H"",39],[""L"",84],[""H"",43],[""L"",312],[""H"",45],[""L"",83],[""H"",49],[""L"",83],[""H"",49],[""L"",84]]",True,True,True,ZL1_N3_M3_L79_H44_C316,independent_layer_5nm,22,independent_layer_5nm_ZL1_N3_M3_L79_H44_C316_0022,5,"[4,1,-5,5,-1,-4,1,4,5,4,5,5]"
440.9200000000002,3.248446735805544,0.05511530736701856,0.03559645393351456,0.021821342271465777,-60.0,,0.6991960665215601,False,False,0.0,9.992007221626409e-16,False,True,"[[""H"",40],[""L"",75],[""H"",46],[""L"",80],[""H"",39],[""L"",311],[""H"",45],[""L"",74],[""H"",42],[""L"",76],[""H"",48],[""L"",84]]",False,False,False,ZL1_N3_M3_L79_H44_C316,independent_layer_5nm,23,independent_layer_5nm_ZL1_N3_M3_L79_H44_C316_0023,5,"[-4,-4,2,1,-5,-5,1,-5,-2,-3,4,5]"
448.2600000000019,3.334664244174121,0.9696826847894849,0.48007094912736636,0.1148760450083777,0.0,13.97516746780971,1.0,True,True,0.0,4.440892098500626e-16,False,False,"[[""H"",44],[""L"",81],[""H"",45],[""L"",75],[""H"",46],[""L"",311],[""H"",45],[""L"",82],[""H"",43],[""L"",81],[""H"",45],[""L"",83]]",False,True,False,ZL1_N3_M3_L79_H44_C316,independent_layer_5nm,24,independent_layer_5nm_ZL1_N3_M3_L79_H44_C316_0024,5,"[0,2,1,-4,2,-5,1,3,-1,2,1,4]"
447.6600000000018,3.426387707413028,0.9582631597997611,0.3555903458167331,0.10050325784045136,0.0,14.993627481675672,1.0,True,True,0.0,8.881784197001252e-16,False,False,"[[""H"",39],[""L"",75],[""H"",45],[""L"",78],[""H"",42],[""L"",311],[""H"",49],[""L"",75],[""H"",49],[""L"",82],[""H"",41],[""L"",76]]",False,True,False,ZL1_N3_M3_L79_H44_C316,independent_layer_5nm,25,independent_layer_5nm_ZL1_N3_M3_L79_H44_C316_0025,5,"[-5,-4,1,-1,-2,-5,5,-4,5,3,-3,-3]"
446.3400000000014,3.336709190003319,0.5036364370517408,0.17891065565274086,0.06555487595902765,0.0,16.98264215780553,1.0,True,True,0.0,4.440892098500626e-16,False,False,"[[""H"",45],[""L"",77],[""H"",47],[""L"",79],[""H"",42],[""L"",314],[""H"",44],[""L"",82],[""H"",39],[""L"",79],[""H"",40],[""L"",80]]",False,True,False,ZL1_N3_M3_L79_H44_C316,independent_layer_5nm,26,independent_layer_5nm_ZL1_N3_M3_L79_H44_C316_0026,5,"[1,-2,3,0,-2,-2,0,3,-5,0,-4,1]"
452.2000000000028,3.5507643129653275,0.14494306159980036,0.38432102155917003,0.8310067169546014,-9.0,8.374041332863367,0.38862807567808666,False,False,0.0,5.551115123125783e-16,False,False,"[[""H"",43],[""L"",76],[""H"",41],[""L"",79],[""H"",43],[""L"",315],[""H"",48],[""L"",83],[""H"",45],[""L"",83],[""H"",49],[""L"",77]]",False,False,False,ZL1_N3_M3_L79_H44_C316,independent_layer_5nm,27,independent_layer_5nm_ZL1_N3_M3_L79_H44_C316_0027,5,"[-1,-3,-3,0,-1,-1,4,4,1,4,5,-2]"
457.1000000000039,3.5580445779806382,0.034809954942748425,0.05616773331709907,0.15300655380754336,-17.0,4.370097867539782,0.05866228388973455,False,False,0.0,4.440892098500626e-16,False,False,"[[""H"",49],[""L"",82],[""H"",41],[""L"",80],[""H"",47],[""L"",318],[""H"",46],[""L"",83],[""H"",45],[""L"",84],[""H"",42],[""L"",84]]",False,False,False,ZL1_N3_M3_L79_H44_C316,independent_layer_5nm,28,independent_layer_5nm_ZL1_N3_M3_L79_H44_C316_0028,5,"[5,3,-3,1,3,2,2,4,1,5,-2,5]"
456.8000000000038,3.5674770694085964,0.03850439915740171,0.06261969599077985,0.1759917146165031,-16.0,4.3743074553347565,0.06431868812240059,False,False,0.0,4.440892098500626e-16,False,False,"[[""H"",48],[""L"",84],[""H"",46],[""L"",80],[""H"",47],[""L"",320],[""H"",43],[""L"",78],[""H"",46],[""L"",82],[""H"",47],[""L"",83]]",False,False,False,ZL1_N3_M3_L79_H44_C316,independent_layer_5nm,29,independent_layer_5nm_ZL1_N3_M3_L79_H44_C316_0029,5,"[4,5,2,1,3,4,-1,-1,2,3,3,4]"
455.10000000000343,3.573719214294897,0.055804089438161134,0.10381548629081641,0.40985870317384365,-14.0,5.032790323164765,0.10474495712054432,False,False,0.0,6.661338147750939e-16,False,False,"[[""H"",45],[""L"",82],[""H"",39],[""L"",77],[""H"",45],[""L"",320],[""H"",45],[""L"",81],[""H"",48],[""L"",83],[""H"",47],[""L"",76]]",False,False,False,ZL1_N3_M3_L79_H44_C316,independent_layer_5nm,30,independent_layer_5nm_ZL1_N3_M3_L79_H44_C316_0030,5,"[1,3,-5,-2,1,4,1,2,4,4,3,-3]"
450.2000000000023,3.4454906926598596,0.3695591548781332,0.979092885603452,0.2814544993102402,-3.0,17.32562111300717,0.986568713681385,False,True,0.0,4.440892098500626e-16,False,False,"[[""H"",49],[""L"",82],[""H"",44],[""L"",77],[""H"",44],[""L"",319],[""H"",41],[""L"",84],[""H"",42],[""L"",77],[""H"",41],[""L"",82]]",True,True,True,ZL1_N3_M3_L79_H44_C316,independent_layer_5nm,31,independent_layer_5nm_ZL1_N3_M3_L79_H44_C316_0031,5,"[5,3,0,-2,0,3,-3,5,-2,-2,-3,3]"
454.7400000000033,3.637856598812391,0.06374965778917166,0.12248776163132602,0.514373158711507,-14.0,5.415222009951529,0.12595273437066234,False,False,0.0,6.661338147750939e-16,False,False,"[[""H"",41],[""L"",75],[""H"",43],[""L"",78],[""H"",42],[""L"",318],[""H"",49],[""L"",81],[""H"",48],[""L"",81],[""H"",48],[""L"",79]]",False,False,False,ZL1_N3_M3_L79_H44_C316,independent_layer_5nm,32,independent_layer_5nm_ZL1_N3_M3_L79_H44_C316_0032,5,"[-3,-4,-1,-1,-2,2,5,2,4,2,4,0]"
444.9600000000012,3.344849916824728,0.23745324118705452,0.10464006576167936,0.04630787061534855,0.0,19.168246919707062,1.0,True,True,0.0,5.551115123125783e-16,False,False,"[[""H"",40],[""L"",75],[""H"",49],[""L"",83],[""H"",40],[""L"",315],[""H"",41],[""L"",82],[""H"",41],[""L"",78],[""H"",46],[""L"",79]]",False,True,False,ZL1_N3_M3_L79_H44_C316,independent_layer_5nm,33,independent_layer_5nm_ZL1_N3_M3_L79_H44_C316_0033,5,"[-4,-4,5,4,-4,-1,-3,3,-3,-1,2,0]"
457.64000000000397,3.6910301853668557,0.033131897360965695,0.0519616517583193,0.13078431098020693,-17.0,4.338493450437138,0.053982057601075197,False,False,0.0,6.661338147750939e-16,False,False,"[[""H"",49],[""L"",84],[""H"",49],[""L"",75],[""H"",49],[""L"",320],[""H"",44],[""L"",76],[""H"",48],[""L"",74],[""H"",40],[""L"",83]]",False,False,False,ZL1_N3_M3_L79_H44_C316,independent_layer_5nm,34,independent_layer_5nm_ZL1_N3_M3_L79_H44_C316_0034,5,"[5,5,5,-4,5,4,0,-3,4,-5,-4,4]"
452.10000000000275,3.468539596136395,0.14609529750925493,0.39870652152961483,0.7806881178767956,-9.0,8.456584932237828,0.4018296818751983,False,False,0.0,6.661338147750939e-16,False,False,"[[""H"",49],[""L"",80],[""H"",44],[""L"",74],[""H"",47],[""L"",315],[""H"",45],[""L"",79],[""H"",49],[""L"",74],[""H"",42],[""L"",84]]",False,False,False,ZL1_N3_M3_L79_H44_C316,independent_layer_5nm,35,independent_layer_5nm_ZL1_N3_M3_L79_H44_C316_0035,5,"[5,1,0,-5,3,-1,1,0,5,-5,-2,5]"
457.14000000000385,3.530132607950179,0.03450618119760106,0.05539903363953608,0.14956409207569998,-17.0,4.297383217519846,0.05711406984108481,False,False,0.0,6.661338147750939e-16,False,False,"[[""H"",47],[""L"",83],[""H"",45],[""L"",79],[""H"",45],[""L"",321],[""H"",46],[""L"",74],[""H"",48],[""L"",81],[""H"",47],[""L"",81]]",False,False,False,ZL1_N3_M3_L79_H44_C316,independent_layer_5nm,36,independent_layer_5nm_ZL1_N3_M3_L79_H44_C316_0036,5,"[3,4,1,0,1,5,2,-5,4,2,3,2]"
442.14000000000044,3.225883105377477,0.07765565858484827,0.046656083569850064,0.026894645549098324,-60.0,,0.7588482721726358,False,False,0.0,4.440892098500626e-16,False,True,"[[""H"",43],[""L"",83],[""H"",41],[""L"",74],[""H"",40],[""L"",313],[""H"",44],[""L"",80],[""H"",45],[""L"",76],[""H"",40],[""L"",77]]",False,False,False,ZL1_N3_M3_L79_H44_C316,independent_layer_5nm,37,independent_layer_5nm_ZL1_N3_M3_L79_H44_C316_0037,5,"[-1,4,-3,-5,-4,-3,0,1,1,-3,-4,-2]"
463.34000000000526,3.6886189174039146,0.014056306179677406,0.018240344599421247,0.02959358655005566,-23.0,3.331493846986209,0.01889245273245977,False,False,0.0,1.5543122344752192e-15,False,False,"[[""H"",46],[""L"",79],[""H"",49],[""L"",84],[""H"",48],[""L"",319],[""H"",49],[""L"",80],[""H"",46],[""L"",80],[""H"",49],[""L"",74]]",False,False,False,ZL1_N3_M3_L79_H44_C316,independent_layer_5nm,38,independent_layer_5nm_ZL1_N3_M3_L79_H44_C316_0038,5,"[2,0,5,5,4,3,5,1,2,1,5,-5]"
446.7000000000015,3.3452791580809844,0.6247293921812778,0.21127204828406604,0.07222163937986636,0.0,16.409085593003194,1.0,True,True,0.0,8.881784197001252e-16,False,False,"[[""H"",47],[""L"",80],[""H"",42],[""L"",79],[""H"",48],[""L"",313],[""H"",42],[""L"",75],[""H"",41],[""L"",76],[""H"",44],[""L"",83]]",False,True,False,ZL1_N3_M3_L79_H44_C316,independent_layer_5nm,39,independent_layer_5nm_ZL1_N3_M3_L79_H44_C316_0039,5,"[3,1,-2,0,4,-3,-2,-4,-3,-3,0,4]"
444.540000000001,3.3115959289219177,0.1926614303863915,0.09061788506330382,0.042452355274719925,0.0,19.956585188201398,1.0,True,True,0.0,7.771561172376096e-16,False,False,"[[""H"",40],[""L"",74],[""H"",43],[""L"",81],[""H"",42],[""L"",316],[""H"",40],[""L"",79],[""H"",43],[""L"",83],[""H"",45],[""L"",79]]",False,True,False,ZL1_N3_M3_L79_H44_C316,independent_layer_5nm,40,independent_layer_5nm_ZL1_N3_M3_L79_H44_C316_0040,5,"[-4,-5,-1,2,-2,0,-4,0,-1,4,1,0]"
453.68000000000313,3.5180518305331248,0.08393718130558311,0.18094354083832592,0.8659550974186219,-12.0,5.938038145037337,0.18233980036205266,False,False,0.0,6.661338147750939e-16,False,False,"[[""H"",47],[""L"",84],[""H"",40],[""L"",83],[""H"",48],[""L"",314],[""H"",46],[""L"",74],[""H"",49],[""L"",83],[""H"",40],[""L"",84]]",False,False,False,ZL1_N3_M3_L79_H44_C316,independent_layer_5nm,41,independent_layer_5nm_ZL1_N3_M3_L79_H44_C316_0041,5,"[3,5,-4,4,4,-2,2,-5,5,4,-4,5]"
449.2000000000021,3.5261272928291305,0.6702853947099034,0.8257380663289927,0.1838486177874001,0.0,14.399544100598634,1.0,True,True,0.0,8.881784197001252e-16,False,False,"[[""H"",48],[""L"",80],[""H"",49],[""L"",80],[""H"",47],[""L"",312],[""H"",45],[""L"",75],[""H"",40],[""L"",76],[""H"",43],[""L"",77]]",True,True,True,ZL1_N3_M3_L79_H44_C316,independent_layer_5nm,42,independent_layer_5nm_ZL1_N3_M3_L79_H44_C316_0042,5,"[4,1,5,1,3,-4,1,-4,-4,-3,-1,-2]"
453.28000000000304,3.543018391419082,0.09664815079353246,0.21950688244684907,0.9691187786680627,-11.0,6.438970469193954,0.22388593099594348,False,False,0.0,4.440892098500626e-16,False,False,"[[""H"",48],[""L"",84],[""H"",46],[""L"",81],[""H"",46],[""L"",314],[""H"",48],[""L"",77],[""H"",40],[""L"",83],[""H"",42],[""L"",79]]",False,False,False,ZL1_N3_M3_L79_H44_C316,independent_layer_5nm,43,independent_layer_5nm_ZL1_N3_M3_L79_H44_C316_0043,5,"[4,5,2,2,2,-2,4,-2,-4,4,-2,0]"
445.0400000000011,3.5929726134074826,0.2652457377764361,0.11541322314498964,0.049505494555566736,0.0,18.871775217450534,1.0,True,True,0.0,5.551115123125783e-16,False,False,"[[""H"",49],[""L"",83],[""H"",49],[""L"",83],[""H"",40],[""L"",315],[""H"",39],[""L"",81],[""H"",42],[""L"",81],[""H"",49],[""L"",76]]",False,True,False,ZL1_N3_M3_L79_H44_C316,independent_layer_5nm,44,independent_layer_5nm_ZL1_N3_M3_L79_H44_C316_0044,5,"[5,4,5,4,-4,-1,-5,2,-2,2,5,-3]"
458.72000000000423,3.6541151997518,0.025263610539662168,0.03807571672083833,0.0858760997293225,-18.0,4.079707151511325,0.04049139534657683,False,False,0.0,8.881784197001252e-16,False,False,"[[""H"",41],[""L"",80],[""H"",41],[""L"",84],[""H"",47],[""L"",320],[""H"",45],[""L"",83],[""H"",48],[""L"",82],[""H"",42],[""L"",78]]",False,False,False,ZL1_N3_M3_L79_H44_C316,independent_layer_5nm,45,independent_layer_5nm_ZL1_N3_M3_L79_H44_C316_0045,5,"[-3,1,-3,5,3,4,1,4,4,3,-2,-1]"
450.4800000000024,3.5033616491390944,0.3219361275214417,0.9214443433002013,0.3309046222350077,-4.0,18.713686829781206,0.931818326646481,False,True,0.0,5.551115123125783e-16,False,False,"[[""H"",40],[""L"",81],[""H"",39],[""L"",78],[""H"",44],[""L"",317],[""H"",45],[""L"",82],[""H"",44],[""L"",74],[""H"",49],[""L"",84]]",True,True,True,ZL1_N3_M3_L79_H44_C316,independent_layer_5nm,46,independent_layer_5nm_ZL1_N3_M3_L79_H44_C316_0046,5,"[-4,2,-5,-1,0,1,1,3,0,-5,5,5]"
451.30000000000257,3.44485654080853,0.2025909658506957,0.626629792081336,0.5085594021961888,-7.0,21.69410885063677,0.6328465871743952,False,False,0.0,6.661338147750939e-16,False,False,"[[""H"",44],[""L"",75],[""H"",41],[""L"",78],[""H"",44],[""L"",321],[""H"",43],[""L"",80],[""H"",41],[""L"",80],[""H"",45],[""L"",82]]",True,False,False,ZL1_N3_M3_L79_H44_C316,independent_layer_5nm,47,independent_layer_5nm_ZL1_N3_M3_L79_H44_C316_0047,5,"[0,-4,-3,-1,0,5,-1,1,-3,1,1,3]"
447.7800000000018,3.3914306989490797,0.9799785111375651,0.37877787044147404,0.10582081204781552,0.0,14.752936510433944,1.0,True,True,0.0,7.771561172376096e-16,False,False,"[[""H"",40],[""L"",80],[""H"",42],[""L"",83],[""H"",42],[""L"",316],[""H"",45],[""L"",79],[""H"",40],[""L"",78],[""H"",40],[""L"",78]]",False,True,False,ZL1_N3_M3_L79_H44_C316,independent_layer_5nm,48,independent_layer_5nm_ZL1_N3_M3_L79_H44_C316_0048,5,"[-4,1,-2,4,-2,0,1,0,-4,-1,-4,-1]"
446.5000000000015,3.352266192277682,0.5576150791936298,0.19499164299204455,0.07000544345304341,0.0,16.84809307831085,1.0,True,True,0.0,6.661338147750939e-16,False,False,"[[""H"",48],[""L"",74],[""H"",39],[""L"",80],[""H"",42],[""L"",314],[""H"",48],[""L"",74],[""H"",42],[""L"",76],[""H"",43],[""L"",81]]",False,True,False,ZL1_N3_M3_L79_H44_C316,independent_layer_5nm,49,independent_layer_5nm_ZL1_N3_M3_L79_H44_C316_0049,5,"[4,-5,-5,1,-2,-2,4,-5,-2,-3,-1,2]"
454.20000000000323,3.56779770107363,0.07101005482437675,0.14521611623704453,0.6808253363655905,-13.0,5.58731246034173,0.1462975388745283,False,False,0.0,5.551115123125783e-16,False,False,"[[""H"",48],[""L"",74],[""H"",46],[""L"",82],[""H"",49],[""L"",319],[""H"",43],[""L"",74],[""H"",39],[""L"",80],[""H"",46],[""L"",81]]",False,False,False,ZL1_N3_M3_L79_H44_C316,independent_layer_5nm,50,independent_layer_5nm_ZL1_N3_M3_L79_H44_C316_0050,5,"[4,-5,2,3,5,3,-1,-5,-5,1,2,2]"
446.3800000000015,3.432293286571962,0.5240671885576581,0.18437063768752066,0.06536277799521512,0.0,16.81568644844248,1.0,True,True,0.0,4.440892098500626e-16,False,False,"[[""H"",46],[""L"",83],[""H"",49],[""L"",74],[""H"",40],[""L"",312],[""H"",47],[""L"",80],[""H"",43],[""L"",79],[""H"",47],[""L"",83]]",False,True,False,ZL1_N3_M3_L79_H44_C316,independent_layer_5nm,51,independent_layer_5nm_ZL1_N3_M3_L79_H44_C316_0051,5,"[2,4,5,-5,-4,-4,3,1,-1,0,3,4]"
447.6400000000017,3.3450439522931106,0.9487344214705818,0.3378382270740069,0.09388487075611884,0.0,14.834381204052425,1.0,True,True,0.0,6.661338147750939e-16,False,False,"[[""H"",47],[""L"",83],[""H"",43],[""L"",76],[""H"",47],[""L"",311],[""H"",44],[""L"",81],[""H"",43],[""L"",75],[""H"",47],[""L"",74]]",False,True,False,ZL1_N3_M3_L79_H44_C316,independent_layer_5nm,52,independent_layer_5nm_ZL1_N3_M3_L79_H44_C316_0052,5,"[3,4,-1,-3,3,-5,0,2,-1,-4,3,-5]"
444.10000000000093,3.2952257026088887,0.1596645554572838,0.07996273229389705,0.039582774936568275,0.0,20.84436929682788,1.0,True,True,0.0,6.661338147750939e-16,False,False,"[[""H"",39],[""L"",79],[""H"",40],[""L"",82],[""H"",43],[""L"",317],[""H"",39],[""L"",76],[""H"",43],[""L"",81],[""H"",44],[""L"",76]]",False,True,False,ZL1_N3_M3_L79_H44_C316,independent_layer_5nm,53,independent_layer_5nm_ZL1_N3_M3_L79_H44_C316_0053,5,"[-5,0,-4,3,-1,1,-5,-3,-1,2,0,-3]"
452.38000000000284,3.4959809244488724,0.13148423534732825,0.3415148941797418,0.882912737953466,-10.0,7.758705971717575,0.3488851822937986,False,False,0.0,6.661338147750939e-16,False,False,"[[""H"",49],[""L"",83],[""H"",43],[""L"",79],[""H"",47],[""L"",319],[""H"",40],[""L"",83],[""H"",41],[""L"",82],[""H"",47],[""L"",76]]",False,False,False,ZL1_N3_M3_L79_H44_C316,independent_layer_5nm,54,independent_layer_5nm_ZL1_N3_M3_L79_H44_C316_0054,5,"[5,4,-1,0,3,3,-4,4,-3,3,3,-3]"
445.90000000000134,3.366966480895485,0.39184251547591464,0.14860659042054847,0.05770574032839912,0.0,17.685358585110365,1.0,True,True,0.0,6.661338147750939e-16,False,False,"[[""H"",47],[""L"",80],[""H"",44],[""L"",82],[""H"",39],[""L"",311],[""H"",49],[""L"",81],[""H"",39],[""L"",75],[""H"",48],[""L"",78]]",False,True,False,ZL1_N3_M3_L79_H44_C316,independent_layer_5nm,55,independent_layer_5nm_ZL1_N3_M3_L79_H44_C316_0055,5,"[3,1,0,3,-5,-5,5,2,-5,-4,4,-1]"
451.0000000000025,3.4880581454869457,0.24633531032276584,0.7434788785043865,0.4351316777215496,-6.0,20.843738106513715,0.7500552677116729,False,False,0.0,9.992007221626409e-16,False,False,"[[""H"",40],[""L"",78],[""H"",49],[""L"",80],[""H"",44],[""L"",312],[""H"",48],[""L"",75],[""H"",46],[""L"",84],[""H"",47],[""L"",81]]",True,False,False,ZL1_N3_M3_L79_H44_C316,independent_layer_5nm,56,independent_layer_5nm_ZL1_N3_M3_L79_H44_C316_0056,5,"[-4,-1,5,1,0,-4,4,-4,2,5,3,2]"
445.22000000000116,3.2722387842684384,0.2653222695008788,0.11261809330854938,0.048732521601003234,0.0,18.895081044673546,1.0,True,True,0.0,6.661338147750939e-16,False,False,"[[""H"",43],[""L"",74],[""H"",44],[""L"",81],[""H"",44],[""L"",316],[""H"",40],[""L"",76],[""H"",42],[""L"",79],[""H"",45],[""L"",76]]",False,True,False,ZL1_N3_M3_L79_H44_C316,independent_layer_5nm,57,independent_layer_5nm_ZL1_N3_M3_L79_H44_C316_0057,5,"[-1,-5,0,2,0,0,-4,-3,-2,0,1,-3]"
446.3800000000015,3.3258931754804166,0.513189306320162,0.17883966284508046,0.06401156998418667,0.0,16.725400132249657,1.0,True,True,0.0,5.551115123125783e-16,False,False,"[[""H"",46],[""L"",78],[""H"",45],[""L"",78],[""H"",41],[""L"",319],[""H"",39],[""L"",80],[""H"",45],[""L"",79],[""H"",46],[""L"",82]]",False,True,False,ZL1_N3_M3_L79_H44_C316,independent_layer_5nm,58,independent_layer_5nm_ZL1_N3_M3_L79_H44_C316_0058,5,"[2,-1,1,-1,-3,3,-5,1,1,0,2,3]"
447.8000000000018,3.3732691279374762,0.9775995519570413,0.37634255466369815,0.10289415061495008,0.0,14.654685011283284,1.0,True,True,0.0,4.440892098500626e-16,False,False,"[[""H"",39],[""L"",83],[""H"",40],[""L"",79],[""H"",48],[""L"",314],[""H"",40],[""L"",82],[""H"",45],[""L"",77],[""H"",43],[""L"",79]]",False,True,False,ZL1_N3_M3_L79_H44_C316,independent_layer_5nm,59,independent_layer_5nm_ZL1_N3_M3_L79_H44_C316_0059,5,"[-5,4,-4,0,4,-2,-4,3,1,-2,-1,0]"
449.9400000000022,3.552257802105089,0.4400118079168083,0.995629262779007,0.26693107723704357,0.0,16.560100854524393,1.0,True,True,0.0,6.661338147750939e-16,False,False,"[[""H"",39],[""L"",82],[""H"",39],[""L"",83],[""H"",46],[""L"",318],[""H"",44],[""L"",74],[""H"",41],[""L"",77],[""H"",39],[""L"",78]]",True,True,True,ZL1_N3_M3_L79_H44_C316,independent_layer_5nm,60,independent_layer_5nm_ZL1_N3_M3_L79_H44_C316_0060,5,"[-5,3,-5,4,2,2,0,-5,-3,-2,-5,-1]"
460.66000000000474,3.6865018804032275,0.017893917892262686,0.025361615160261954,0.04912402914124224,-20.0,3.7611927858230594,0.02733055821239392,False,False,0.0,4.440892098500626e-16,False,False,"[[""H"",42],[""L"",82],[""H"",43],[""L"",81],[""H"",48],[""L"",321],[""H"",48],[""L"",80],[""H"",43],[""L"",83],[""H"",39],[""L"",84]]",False,False,False,ZL1_N3_M3_L79_H44_C316,independent_layer_5nm,61,independent_layer_5nm_ZL1_N3_M3_L79_H44_C316_0061,5,"[-2,3,-1,2,4,5,4,1,-1,4,-5,5]"
449.3200000000021,3.4283002352687504,0.6169943492612509,0.8613297040226571,0.18434250690192688,0.0,14.249201536219058,1.0,True,True,0.0,6.661338147750939e-16,False,False,"[[""H"",48],[""L"",80],[""H"",40],[""L"",75],[""H"",47],[""L"",315],[""H"",42],[""L"",79],[""H"",48],[""L"",84],[""H"",42],[""L"",82]]",True,True,True,ZL1_N3_M3_L79_H44_C316,independent_layer_5nm,62,independent_layer_5nm_ZL1_N3_M3_L79_H44_C316_0062,5,"[4,1,-4,-4,3,-1,-2,0,4,5,-2,3]"
443.42000000000075,3.2966908955273766,0.1216231975669125,0.06549691459185245,0.03435550617967081,0.0,22.012260070260865,1.0,True,True,0.0,4.440892098500626e-16,False,False,"[[""H"",49],[""L"",75],[""H"",39],[""L"",75],[""H"",41],[""L"",317],[""H"",42],[""L"",77],[""H"",43],[""L"",79],[""H"",45],[""L"",75]]",False,True,False,ZL1_N3_M3_L79_H44_C316,independent_layer_5nm,63,independent_layer_5nm_ZL1_N3_M3_L79_H44_C316_0063,5,"[5,-4,-5,-4,-3,1,-2,-2,-1,0,1,-4]"
450.54000000000235,3.395267368984605,0.298151809999489,0.8994016057852757,0.3304601344835687,-5.0,18.82258556382437,0.9069754173232749,False,True,0.0,1.1102230246251565e-15,False,False,"[[""H"",43],[""L"",78],[""H"",44],[""L"",81],[""H"",45],[""L"",314],[""H"",45],[""L"",79],[""H"",48],[""L"",74],[""H"",41],[""L"",84]]",True,True,True,ZL1_N3_M3_L79_H44_C316,independent_layer_5nm,64,independent_layer_5nm_ZL1_N3_M3_L79_H44_C316_0064,5,"[-1,-1,0,2,1,-2,1,0,4,-5,-3,5]"
455.2600000000035,3.5761293435530206,0.054627689639635296,0.09959515030537036,0.3763759754996131,-14.0,5.085787313261346,0.10255290671625931,False,False,0.0,4.440892098500626e-16,False,False,"[[""H"",48],[""L"",84],[""H"",47],[""L"",78],[""H"",44],[""L"",317],[""H"",49],[""L"",80],[""H"",41],[""L"",74],[""H"",49],[""L"",82]]",False,False,False,ZL1_N3_M3_L79_H44_C316,independent_layer_5nm,65,independent_layer_5nm_ZL1_N3_M3_L79_H44_C316_0065,5,"[4,5,3,-1,0,1,5,1,-3,-5,5,3]"
444.36000000000104,3.3556899214256077,0.17887429469787847,0.08552980488931018,0.0403134578657299,0.0,20.17974703667979,1.0,True,True,0.0,4.440892098500626e-16,False,False,"[[""H"",48],[""L"",81],[""H"",45],[""L"",75],[""H"",43],[""L"",314],[""H"",39],[""L"",83],[""H"",48],[""L"",76],[""H"",40],[""L"",78]]",False,True,False,ZL1_N3_M3_L79_H44_C316,independent_layer_5nm,66,independent_layer_5nm_ZL1_N3_M3_L79_H44_C316_0066,5,"[4,2,1,-4,-1,-2,-5,4,4,-3,-4,-1]"
450.3600000000024,3.4492465786203184,0.3412587819161981,0.9512969172148453,0.3033587513873657,-4.0,18.049217288745723,0.9567521432808108,False,True,0.0,4.440892098500626e-16,False,False,"[[""H"",46],[""L"",75],[""H"",46],[""L"",84],[""H"",45],[""L"",313],[""H"",42],[""L"",83],[""H"",49],[""L"",76],[""H"",48],[""L"",75]]",True,True,True,ZL1_N3_M3_L79_H44_C316,independent_layer_5nm,67,independent_layer_5nm_ZL1_N3_M3_L79_H44_C316_0067,5,"[2,-4,2,5,1,-3,-2,4,5,-3,4,-4]"
455.6800000000036,3.563554014231727,0.04549669814905185,0.08209271214826153,0.2954414682889152,-15.0,4.678527912939396,0.08275543619018612,False,False,0.0,6.661338147750939e-16,False,False,"[[""H"",42],[""L"",78],[""H"",44],[""L"",79],[""H"",45],[""L"",320],[""H"",46],[""L"",82],[""H"",44],[""L"",80],[""H"",40],[""L"",76]]",False,False,False,ZL1_N3_M3_L79_H44_C316,independent_layer_5nm,68,independent_layer_5nm_ZL1_N3_M3_L79_H44_C316_0068,5,"[-2,-1,0,0,1,4,2,3,0,1,-4,-3]"
452.980000000003,3.5304874105534623,0.10580199190202105,0.2513629769820533,0.9932051652659475,-11.0,6.721495514691184,0.2537115257141516,False,False,0.0,1.1102230246251565e-15,False,False,"[[""H"",39],[""L"",78],[""H"",46],[""L"",81],[""H"",46],[""L"",311],[""H"",49],[""L"",79],[""H"",49],[""L"",77],[""H"",44],[""L"",74]]",False,False,False,ZL1_N3_M3_L79_H44_C316,independent_layer_5nm,69,independent_layer_5nm_ZL1_N3_M3_L79_H44_C316_0069,5,"[-5,-1,2,2,2,-5,5,0,5,-2,0,-5]"
454.54000000000326,3.667796715489203,0.0656671566485408,0.13062977876675075,0.5777838736846359,-13.0,5.5751688157782375,0.1336496390366491,False,False,0.0,4.440892098500626e-16,False,False,"[[""H"",41],[""L"",77],[""H"",44],[""L"",84],[""H"",48],[""L"",313],[""H"",49],[""L"",81],[""H"",41],[""L"",75],[""H"",40],[""L"",75]]",False,False,False,ZL1_N3_M3_L79_H44_C316,independent_layer_5nm,70,independent_layer_5nm_ZL1_N3_M3_L79_H44_C316_0070,5,"[-3,-2,0,5,4,-3,5,2,-3,-4,-4,-4]"
441.90000000000043,3.300476406426924,0.07207984889594594,0.04328324906805407,0.024673196985804318,0.0,23.885665296420573,1.0,True,True,0.0,7.771561172376096e-16,False,False,"[[""H"",47],[""L"",78],[""H"",40],[""L"",81],[""H"",43],[""L"",311],[""H"",39],[""L"",81],[""H"",47],[""L"",80],[""H"",46],[""L"",81]]",False,True,False,ZL1_N3_M3_L79_H44_C316,independent_layer_5nm,71,independent_layer_5nm_ZL1_N3_M3_L79_H44_C316_0071,5,"[3,-1,-4,2,-1,-5,-5,2,3,1,2,2]"
455.44000000000347,3.6176324670122426,0.053159336183223216,0.09546669150434223,0.34607533382499656,-15.0,5.026284132600923,0.09915344669670836,False,False,0.0,4.440892098500626e-16,False,False,"[[""H"",49],[""L"",79],[""H"",49],[""L"",82],[""H"",48],[""L"",318],[""H"",44],[""L"",75],[""H"",41],[""L"",79],[""H"",47],[""L"",81]]",False,False,False,ZL1_N3_M3_L79_H44_C316,independent_layer_5nm,72,independent_layer_5nm_ZL1_N3_M3_L79_H44_C316_0072,5,"[5,0,5,3,4,2,0,-4,-3,0,3,2]"
447.46000000000174,3.354470728969602,0.8991433096035508,0.3060655687214612,0.08865109388152745,0.0,15.080165141467894,1.0,True,True,0.0,6.661338147750939e-16,False,False,"[[""H"",43],[""L"",84],[""H"",45],[""L"",78],[""H"",41],[""L"",314],[""H"",47],[""L"",76],[""H"",42],[""L"",79],[""H"",49],[""L"",78]]",False,True,False,ZL1_N3_M3_L79_H44_C316,independent_layer_5nm,73,independent_layer_5nm_ZL1_N3_M3_L79_H44_C316_0073,5,"[-1,5,1,-1,-3,-2,3,-3,-2,0,5,-1]"
452.38000000000284,3.4354340392546874,0.12850010298419054,0.33566665640580606,0.879583391838749,-10.0,7.634618544203962,0.34103831517303024,False,False,0.0,5.551115123125783e-16,False,False,"[[""H"",45],[""L"",80],[""H"",43],[""L"",80],[""H"",47],[""L"",314],[""H"",46],[""L"",75],[""H"",47],[""L"",80],[""H"",48],[""L"",78]]",False,False,False,ZL1_N3_M3_L79_H44_C316,independent_layer_5nm,74,independent_layer_5nm_ZL1_N3_M3_L79_H44_C316_0074,5,"[1,1,-1,1,3,-2,2,-4,3,1,4,-1]"
459.32000000000437,3.6413527443631892,0.023360193729333917,0.034202668495354784,0.0723057209731201,-19.0,3.7091477088462597,0.03448844338849158,False,False,0.0,5.551115123125783e-16,False,False,"[[""H"",43],[""L"",83],[""H"",47],[""L"",84],[""H"",46],[""L"",319],[""H"",48],[""L"",83],[""H"",39],[""L"",78],[""H"",49],[""L"",77]]",False,False,False,ZL1_N3_M3_L79_H44_C316,independent_layer_5nm,75,independent_layer_5nm_ZL1_N3_M3_L79_H44_C316_0075,5,"[-1,4,3,5,2,3,4,4,-5,-1,5,-2]"
455.3000000000035,3.7064920080720185,0.055123176046928346,0.10132887592465586,0.38089360538796424,-14.0,5.222247518360884,0.10505993056345443,False,False,0.0,8.881784197001252e-16,False,False,"[[""H"",39],[""L"",74],[""H"",44],[""L"",80],[""H"",42],[""L"",318],[""H"",49],[""L"",82],[""H"",49],[""L"",82],[""H"",39],[""L"",84]]",False,False,False,ZL1_N3_M3_L79_H44_C316,independent_layer_5nm,76,independent_layer_5nm_ZL1_N3_M3_L79_H44_C316_0076,5,"[-5,-5,0,1,-2,2,5,3,5,3,-5,5]"
456.76000000000386,3.582738544015001,0.0360398857259703,0.059966364345115056,0.17479404709633273,-16.0,4.375190388665963,0.06167314302424781,False,False,0.0,4.440892098500626e-16,False,False,"[[""H"",49],[""L"",74],[""H"",40],[""L"",83],[""H"",43],[""L"",321],[""H"",49],[""L"",78],[""H"",44],[""L"",77],[""H"",47],[""L"",79]]",False,False,False,ZL1_N3_M3_L79_H44_C316,independent_layer_5nm,77,independent_layer_5nm_ZL1_N3_M3_L79_H44_C316_0077,5,"[5,-5,-4,4,-1,5,5,-1,0,-2,3,0]"
448.76000000000204,3.3953379819521956,0.8284697659337589,0.647829868062038,0.14392005774003114,0.0,13.799769691709553,1.0,True,True,0.0,6.661338147750939e-16,False,False,"[[""H"",49],[""L"",75],[""H"",45],[""L"",77],[""H"",48],[""L"",315],[""H"",39],[""L"",81],[""H"",46],[""L"",81],[""H"",41],[""L"",76]]",True,True,True,ZL1_N3_M3_L79_H44_C316,independent_layer_5nm,78,independent_layer_5nm_ZL1_N3_M3_L79_H44_C316_0078,5,"[5,-4,1,-2,4,-1,-5,2,2,2,-3,-3]"
447.7400000000017,3.340858855054819,0.9691641210393632,0.3592325898367443,0.09901401293644999,0.0,14.677379144589201,1.0,True,True,0.0,4.440892098500626e-16,False,False,"[[""H"",42],[""L"",81],[""H"",39],[""L"",81],[""H"",44],[""L"",315],[""H"",44],[""L"",79],[""H"",41],[""L"",83],[""H"",45],[""L"",78]]",False,True,False,ZL1_N3_M3_L79_H44_C316,independent_layer_5nm,79,independent_layer_5nm_ZL1_N3_M3_L79_H44_C316_0079,5,"[-2,2,-5,2,0,-1,0,0,-3,4,1,-1]"
441.9400000000004,3.260327298239986,0.0731371700006165,0.04434579925068784,0.02567869576325115,-60.0,,0.780363936203121,False,False,0.0,5.551115123125783e-16,False,True,"[[""H"",47],[""L"",79],[""H"",39],[""L"",76],[""H"",39],[""L"",313],[""H"",44],[""L"",83],[""H"",42],[""L"",81],[""H"",43],[""L"",80]]",False,False,False,ZL1_N3_M3_L79_H44_C316,independent_layer_5nm,80,independent_layer_5nm_ZL1_N3_M3_L79_H44_C316_0080,5,"[3,0,-5,-3,-5,-3,0,4,-2,2,-1,1]"
450.4800000000024,3.5006648594110743,0.3268989321988954,0.9252911288530359,0.33034233323738693,-4.0,18.64424373707637,0.929049767996197,False,True,0.0,8.881784197001252e-16,False,False,"[[""H"",47],[""L"",74],[""H"",46],[""L"",79],[""H"",42],[""L"",318],[""H"",41],[""L"",84],[""H"",48],[""L"",82],[""H"",49],[""L"",77]]",True,True,True,ZL1_N3_M3_L79_H44_C316,independent_layer_5nm,81,independent_layer_5nm_ZL1_N3_M3_L79_H44_C316_0081,5,"[3,-5,2,0,-2,2,-3,5,4,3,5,-2]"
452.0200000000027,3.475166979057633,0.14953880139191306,0.4158298104097489,0.7569060451243054,-9.0,8.729317088689289,0.4186063742302896,False,False,0.0,6.661338147750939e-16,False,False,"[[""H"",49],[""L"",76],[""H"",46],[""L"",79],[""H"",46],[""L"",318],[""H"",44],[""L"",74],[""H"",43],[""L"",83],[""H"",39],[""L"",82]]",False,False,False,ZL1_N3_M3_L79_H44_C316,independent_layer_5nm,82,independent_layer_5nm_ZL1_N3_M3_L79_H44_C316_0082,5,"[5,-3,2,0,2,2,0,-5,-1,4,-5,3]"
447.9000000000018,3.359914107929626,0.9900025689768314,0.3975536623843031,0.10696843574107684,0.0,14.520605290493428,1.0,True,True,0.0,4.440892098500626e-16,False,False,"[[""H"",41],[""L"",77],[""H"",44],[""L"",75],[""H"",43],[""L"",319],[""H"",42],[""L"",82],[""H"",39],[""L"",78],[""H"",47],[""L"",77]]",False,True,False,ZL1_N3_M3_L79_H44_C316,independent_layer_5nm,83,independent_layer_5nm_ZL1_N3_M3_L79_H44_C316_0083,5,"[-3,-2,0,-4,-1,3,-2,3,-5,-1,3,-2]"
448.920000000002,3.4176627047685884,0.7689772791590237,0.7116707880543474,0.15401151583704198,0.0,13.802466824266322,1.0,True,True,0.0,6.661338147750939e-16,False,False,"[[""H"",45],[""L"",78],[""H"",47],[""L"",84],[""H"",43],[""L"",312],[""H"",44],[""L"",81],[""H"",49],[""L"",75],[""H"",40],[""L"",83]]",True,True,True,ZL1_N3_M3_L79_H44_C316,independent_layer_5nm,84,independent_layer_5nm_ZL1_N3_M3_L79_H44_C316_0084,5,"[1,-1,3,5,-1,-4,0,2,5,-4,-4,4]"
446.3400000000014,3.3613257380793016,0.510218505215059,0.18034517344673567,0.06532119216706986,0.0,17.017143851252698,1.0,True,True,0.0,4.440892098500626e-16,False,False,"[[""H"",46],[""L"",81],[""H"",44],[""L"",76],[""H"",49],[""L"",312],[""H"",42],[""L"",74],[""H"",39],[""L"",83],[""H"",47],[""L"",76]]",False,True,False,ZL1_N3_M3_L79_H44_C316,independent_layer_5nm,85,independent_layer_5nm_ZL1_N3_M3_L79_H44_C316_0085,5,"[2,2,0,-3,5,-4,-2,-5,-5,4,3,-3]"
447.68000000000177,3.5360104152943563,0.9610706363252965,0.3655913698545395,0.1005400246848932,0.0,14.812084964757316,1.0,True,True,0.0,8.881784197001252e-16,False,False,"[[""H"",49],[""L"",82],[""H"",48],[""L"",78],[""H"",42],[""L"",311],[""H"",44],[""L"",83],[""H"",48],[""L"",84],[""H"",41],[""L"",84]]",False,True,False,ZL1_N3_M3_L79_H44_C316,independent_layer_5nm,86,independent_layer_5nm_ZL1_N3_M3_L79_H44_C316_0086,5,"[5,3,4,-1,-2,-5,0,4,4,5,-3,5]"
446.90000000000157,3.4038566248427173,0.7004416021571882,0.23348550995398398,0.07549488919468582,0.0,15.975741685608137,1.0,True,True,0.0,5.551115123125783e-16,False,False,"[[""H"",48],[""L"",84],[""H"",45],[""L"",80],[""H"",40],[""L"",311],[""H"",49],[""L"",74],[""H"",47],[""L"",76],[""H"",44],[""L"",80]]",False,True,False,ZL1_N3_M3_L79_H44_C316,independent_layer_5nm,87,independent_layer_5nm_ZL1_N3_M3_L79_H44_C316_0087,5,"[4,5,1,1,-4,-5,5,-5,3,-3,0,1]"
451.7800000000027,3.4411971567603814,0.16525244011027485,0.4757872198477333,0.6633128140460027,-8.0,10.208537071315106,0.4814705079542599,False,False,0.0,4.440892098500626e-16,False,False,"[[""H"",46],[""L"",81],[""H"",42],[""L"",77],[""H"",44],[""L"",319],[""H"",44],[""L"",78],[""H"",46],[""L"",75],[""H"",49],[""L"",83]]",False,False,False,ZL1_N3_M3_L79_H44_C316,independent_layer_5nm,88,independent_layer_5nm_ZL1_N3_M3_L79_H44_C316_0088,5,"[2,2,-2,-2,0,3,0,-1,2,-4,5,4]"
456.1400000000036,3.550714479715623,0.0432436919715333,0.07394231794805323,0.23628338415747707,-16.0,4.737054819926874,0.07802007163418717,False,False,0.0,6.661338147750939e-16,False,False,"[[""H"",42],[""L"",78],[""H"",49],[""L"",83],[""H"",48],[""L"",313],[""H"",49],[""L"",75],[""H"",45],[""L"",79],[""H"",47],[""L"",79]]",False,False,False,ZL1_N3_M3_L79_H44_C316,independent_layer_5nm,89,independent_layer_5nm_ZL1_N3_M3_L79_H44_C316_0089,5,"[-2,-1,5,4,4,-3,5,-4,1,0,3,0]"
448.680000000002,3.3743677184061767,0.8530664416512206,0.6187283643941401,0.13695056440970133,0.0,13.720014770669405,1.0,True,True,0.0,8.881784197001252e-16,False,False,"[[""H"",48],[""L"",79],[""H"",42],[""L"",81],[""H"",42],[""L"",315],[""H"",45],[""L"",77],[""H"",46],[""L"",81],[""H"",46],[""L"",81]]",True,True,True,ZL1_N3_M3_L79_H44_C316,independent_layer_5nm,90,independent_layer_5nm_ZL1_N3_M3_L79_H44_C316_0090,5,"[4,0,-2,2,-2,-1,1,-2,2,2,2,2]"
445.1800000000012,3.3162885436716465,0.2588041934615908,0.10926450847905098,0.0465097170085063,0.0,18.76908463310857,1.0,True,True,0.0,5.551115123125783e-16,False,False,"[[""H"",43],[""L"",83],[""H"",47],[""L"",74],[""H"",45],[""L"",311],[""H"",41],[""L"",84],[""H"",44],[""L"",83],[""H"",42],[""L"",79]]",False,True,False,ZL1_N3_M3_L79_H44_C316,independent_layer_5nm,91,independent_layer_5nm_ZL1_N3_M3_L79_H44_C316_0091,5,"[-1,4,3,-5,1,-5,-3,5,0,4,-2,0]"
450.2600000000024,3.439064239434799,0.35618243774709385,0.9724509698440428,0.2904241587120142,-3.0,17.65485476577117,0.9791293975715061,False,True,0.0,4.440892098500626e-16,False,False,"[[""H"",40],[""L"",77],[""H"",47],[""L"",77],[""H"",48],[""L"",316],[""H"",42],[""L"",78],[""H"",43],[""L"",77],[""H"",42],[""L"",75]]",True,True,True,ZL1_N3_M3_L79_H44_C316,independent_layer_5nm,92,independent_layer_5nm_ZL1_N3_M3_L79_H44_C316_0092,5,"[-4,-2,3,-2,4,0,-2,-1,-1,-2,-2,-4]"
448.60000000000196,3.387740845613621,0.8853380930760449,0.5914129513119426,0.1356771710573672,0.0,13.827309357505474,1.0,True,True,0.0,5.551115123125783e-16,False,False,"[[""H"",45],[""L"",78],[""H"",46],[""L"",83],[""H"",45],[""L"",313],[""H"",43],[""L"",83],[""H"",40],[""L"",80],[""H"",40],[""L"",80]]",False,True,False,ZL1_N3_M3_L79_H44_C316,independent_layer_5nm,93,independent_layer_5nm_ZL1_N3_M3_L79_H44_C316_0093,5,"[1,-1,2,4,1,-3,-1,4,-4,1,-4,1]"
439.27999999999986,3.1874045360785317,0.03779073465137317,0.02656010390296051,0.017729495655281494,-60.0,,0.3456261723646553,False,False,0.0,6.661338147750939e-16,False,True,"[[""H"",39],[""L"",84],[""H"",45],[""L"",76],[""H"",40],[""L"",315],[""H"",39],[""L"",76],[""H"",39],[""L"",83],[""H"",43],[""L"",79]]",False,False,False,ZL1_N3_M3_L79_H44_C316,independent_layer_5nm,94,independent_layer_5nm_ZL1_N3_M3_L79_H44_C316_0094,5,"[-5,5,1,-3,-4,-1,-5,-3,-5,4,-1,0]"
442.2200000000005,3.319182474509091,0.08098680646750499,0.04773329746503593,0.02681727808613859,0.0,23.455223691842228,1.0,True,True,0.0,4.440892098500626e-16,False,False,"[[""H"",46],[""L"",75],[""H"",41],[""L"",78],[""H"",41],[""L"",314],[""H"",39],[""L"",84],[""H"",44],[""L"",83],[""H"",47],[""L"",81]]",False,True,False,ZL1_N3_M3_L79_H44_C316,independent_layer_5nm,95,independent_layer_5nm_ZL1_N3_M3_L79_H44_C316_0095,5,"[2,-4,-3,-1,-3,-2,-5,5,0,4,3,2]"
453.9400000000031,3.5030352335394923,0.07412008350178696,0.15701674402435156,0.7713291381167627,-12.0,5.741866529964522,0.16139798717293666,False,False,0.0,4.440892098500626e-16,False,False,"[[""H"",42],[""L"",80],[""H"",48],[""L"",76],[""H"",47],[""L"",321],[""H"",42],[""L"",74],[""H"",47],[""L"",78],[""H"",40],[""L"",84]]",False,False,False,ZL1_N3_M3_L79_H44_C316,independent_layer_5nm,96,independent_layer_5nm_ZL1_N3_M3_L79_H44_C316_0096,5,"[-2,1,4,-3,3,5,-2,-5,3,-1,-4,5]"
441.22000000000025,3.3257811291451276,0.060495873712040654,0.03812119470051734,0.022739541432487555,-60.0,,0.8198707024545735,False,False,0.0,4.440892098500626e-16,False,True,"[[""H"",49],[""L"",82],[""H"",40],[""L"",76],[""H"",41],[""L"",313],[""H"",40],[""L"",77],[""H"",49],[""L"",82],[""H"",42],[""L"",78]]",False,False,False,ZL1_N3_M3_L79_H44_C316,independent_layer_5nm,97,independent_layer_5nm_ZL1_N3_M3_L79_H44_C316_0097,5,"[5,3,-4,-3,-3,-3,-4,-2,5,3,-2,-1]"
452.10000000000275,3.4358655356194276,0.14121362121230852,0.39087443032458113,0.782757416543473,-9.0,8.19896863075159,0.3930515259276303,False,False,0.0,6.661338147750939e-16,False,False,"[[""H"",45],[""L"",81],[""H"",42],[""L"",79],[""H"",46],[""L"",320],[""H"",41],[""L"",83],[""H"",41],[""L"",77],[""H"",45],[""L"",84]]",False,False,False,ZL1_N3_M3_L79_H44_C316,independent_layer_5nm,98,independent_layer_5nm_ZL1_N3_M3_L79_H44_C316_0098,5,"[1,2,-2,0,2,4,-3,4,-3,-2,1,5]"
448.98000000000206,3.562537179239655,0.7597853303436143,0.7495324660365396,0.17067622174778102,0.0,14.195939637283365,1.0,True,True,0.0,4.440892098500626e-16,False,False,"[[""H"",48],[""L"",83],[""H"",47],[""L"",83],[""H"",46],[""L"",317],[""H"",40],[""L"",76],[""H"",39],[""L"",76],[""H"",45],[""L"",78]]",True,True,True,ZL1_N3_M3_L79_H44_C316,independent_layer_5nm,99,independent_layer_5nm_ZL1_N3_M3_L79_H44_C316_0099,5,"[4,4,3,4,2,1,-4,-3,-5,-3,1,-1]"
454.30000000000325,3.4843005811302987,0.06554517187823233,0.13324658260075783,0.6330494354227683,-13.0,5.327443539622266,0.13425622243914037,False,False,0.0,4.440892098500626e-16,False,False,"[[""H"",46],[""L"",74],[""H"",45],[""L"",80],[""H"",41],[""L"",320],[""H"",48],[""L"",80],[""H"",45],[""L"",74],[""H"",47],[""L"",76]]",False,False,False,ZL1_N3_M3_L79_H44_C316,independent_layer_5nm,100,independent_layer_5nm_ZL1_N3_M3_L79_H44_C316_0100,5,"[2,-5,1,1,-3,4,4,1,1,-5,3,-3]"
443.2600000000008,3.3592478375564383,0.11389609324636882,0.061110953351538363,0.03152700559945068,0.0,21.791900495008687,1.0,True,True,0.0,6.661338147750939e-16,False,False,"[[""H"",45],[""L"",81],[""H"",49],[""L"",74],[""H"",39],[""L"",313],[""H"",43],[""L"",82],[""H"",42],[""L"",81],[""H"",47],[""L"",81]]",False,True,False,ZL1_N3_M3_L79_H44_C316,independent_layer_5nm,101,independent_layer_5nm_ZL1_N3_M3_L79_H44_C316_0101,5,"[1,2,5,-5,-5,-3,-1,3,-2,2,3,2]"
447.04000000000156,3.364908301071125,0.7519232097953241,0.2500946772385846,0.07998914767376997,0.0,15.769630073124668,1.0,True,True,0.0,6.661338147750939e-16,False,False,"[[""H"",41],[""L"",76],[""H"",47],[""L"",83],[""H"",41],[""L"",314],[""H"",44],[""L"",76],[""H"",49],[""L"",77],[""H"",41],[""L"",75]]",False,True,False,ZL1_N3_M3_L79_H44_C316,independent_layer_5nm,102,independent_layer_5nm_ZL1_N3_M3_L79_H44_C316_0102,5,"[-3,-3,3,4,-3,-2,0,-3,5,-2,-3,-4]"
452.7000000000029,3.4987426250793305,0.11640636102065736,0.28821647424681957,0.9659100087910123,-10.0,7.071964636496013,0.2914684947732482,False,False,0.0,4.440892098500626e-16,False,False,"[[""H"",41],[""L"",79],[""H"",45],[""L"",80],[""H"",48],[""L"",318],[""H"",40],[""L"",78],[""H"",47],[""L"",84],[""H"",47],[""L"",76]]",False,False,False,ZL1_N3_M3_L79_H44_C316,independent_layer_5nm,103,independent_layer_5nm_ZL1_N3_M3_L79_H44_C316_0103,5,"[-3,0,1,1,4,2,-4,-1,3,5,3,-3]"
448.48000000000195,3.457238215817938,0.9227373480383392,0.5732254629461742,0.1403236369975391,0.0,14.178416086193362,1.0,True,True,0.0,8.881784197001252e-16,False,False,"[[""H"",42],[""L"",76],[""H"",42],[""L"",75],[""H"",48],[""L"",321],[""H"",39],[""L"",75],[""H"",39],[""L"",76],[""H"",45],[""L"",82]]",False,True,False,ZL1_N3_M3_L79_H44_C316,independent_layer_5nm,104,independent_layer_5nm_ZL1_N3_M3_L79_H44_C316_0104,5,"[-2,-3,-2,-4,4,5,-5,-4,-5,-3,1,3]"
451.44000000000256,3.441788280932087,0.18950614796863471,0.5783746356421164,0.5507375970349936,-7.0,22.28964080030573,0.5891798957963933,False,False,0.0,5.551115123125783e-16,False,False,"[[""H"",47],[""L"",76],[""H"",42],[""L"",79],[""H"",41],[""L"",321],[""H"",47],[""L"",74],[""H"",41],[""L"",84],[""H"",43],[""L"",77]]",False,False,False,ZL1_N3_M3_L79_H44_C316,independent_layer_5nm,105,independent_layer_5nm_ZL1_N3_M3_L79_H44_C316_0105,5,"[3,-3,-2,0,-3,5,3,-5,-3,5,-1,-2]"
440.8000000000002,3.2407956787609464,0.05190341904368781,0.03345132646266981,0.020384359246337965,-60.0,,0.7905970365161573,False,False,0.0,4.440892098500626e-16,False,True,"[[""H"",45],[""L"",74],[""H"",47],[""L"",81],[""H"",39],[""L"",312],[""H"",41],[""L"",76],[""H"",47],[""L"",75],[""H"",47],[""L"",80]]",False,False,False,ZL1_N3_M3_L79_H44_C316,independent_layer_5nm,106,independent_layer_5nm_ZL1_N3_M3_L79_H44_C316_0106,5,"[1,-5,3,2,-5,-4,-3,-3,3,-4,3,1]"
444.9000000000011,3.3077795144984634,0.23015661342827404,0.10381494397158528,0.04731286348337105,0.0,19.552075182946368,1.0,True,True,0.0,4.440892098500626e-16,False,False,"[[""H"",44],[""L"",74],[""H"",40],[""L"",82],[""H"",41],[""L"",320],[""H"",40],[""L"",74],[""H"",43],[""L"",75],[""H"",47],[""L"",75]]",False,True,False,ZL1_N3_M3_L79_H44_C316,independent_layer_5nm,107,independent_layer_5nm_ZL1_N3_M3_L79_H44_C316_0107,5,"[0,-5,-4,3,-3,4,-4,-5,-1,-4,3,-4]"
450.5800000000024,3.4255898894673464,0.2976326573106402,0.8868176847812828,0.3383587760493636,-5.0,19.071886951363254,0.893856083550084,False,True,0.0,5.551115123125783e-16,False,False,"[[""H"",42],[""L"",84],[""H"",48],[""L"",78],[""H"",43],[""L"",311],[""H"",49],[""L"",80],[""H"",46],[""L"",77],[""H"",45],[""L"",78]]",True,True,True,ZL1_N3_M3_L79_H44_C316,independent_layer_5nm,108,independent_layer_5nm_ZL1_N3_M3_L79_H44_C316_0108,5,"[-2,5,4,-1,-1,-5,5,1,2,-2,1,-1]"
444.44000000000096,3.251099192705567,0.1787445564694049,0.08491331774837185,0.040143846982780534,0.0,20.214198643205766,1.0,True,True,0.0,8.881784197001252e-16,False,False,"[[""H"",46],[""L"",79],[""H"",43],[""L"",77],[""H"",43],[""L"",312],[""H"",44],[""L"",81],[""H"",41],[""L"",77],[""H"",42],[""L"",78]]",False,True,False,ZL1_N3_M3_L79_H44_C316,independent_layer_5nm,109,independent_layer_5nm_ZL1_N3_M3_L79_H44_C316_0109,5,"[2,0,-1,-2,-1,-4,0,2,-3,-2,-2,-1]"
454.6600000000034,3.5695924932898038,0.06295214672771249,0.1218145146407805,0.5245410068248428,-14.0,5.420159963305229,0.12666326053751756,False,False,0.0,6.661338147750939e-16,False,False,"[[""H"",39],[""L"",80],[""H"",46],[""L"",76],[""H"",43],[""L"",318],[""H"",49],[""L"",76],[""H"",48],[""L"",79],[""H"",49],[""L"",79]]",False,False,False,ZL1_N3_M3_L79_H44_C316,independent_layer_5nm,110,independent_layer_5nm_ZL1_N3_M3_L79_H44_C316_0110,5,"[-5,1,2,-3,-1,2,5,-3,4,0,5,0]"
457.3400000000039,3.598199064397022,0.03298905518772035,0.05287758395389312,0.1403245545439021,-17.0,4.16110237529306,0.0533838524030092,False,False,0.0,5.551115123125783e-16,False,False,"[[""H"",43],[""L"",84],[""H"",47],[""L"",84],[""H"",47],[""L"",321],[""H"",43],[""L"",80],[""H"",42],[""L"",74],[""H"",47],[""L"",79]]",False,False,False,ZL1_N3_M3_L79_H44_C316,independent_layer_5nm,111,independent_layer_5nm_ZL1_N3_M3_L79_H44_C316_0111,5,"[-1,5,3,5,3,5,-1,1,-2,-5,3,0]"
455.58000000000357,3.5640492924104024,0.04777623575864971,0.08619729530766346,0.31280873511321466,-15.0,4.764574195336948,0.08757518249209338,False,False,0.0,6.661338147750939e-16,False,False,"[[""H"",49],[""L"",81],[""H"",39],[""L"",79],[""H"",48],[""L"",317],[""H"",48],[""L"",78],[""H"",43],[""L"",78],[""H"",42],[""L"",84]]",False,False,False,ZL1_N3_M3_L79_H44_C316,independent_layer_5nm,112,independent_layer_5nm_ZL1_N3_M3_L79_H44_C316_0112,5,"[5,2,-5,0,4,1,4,-1,-1,-1,-2,5]"
453.92000000000314,3.5176558765666073,0.07515990826397502,0.15905202669032423,0.7752321797986341,-12.0,5.797963408740955,0.16430007190863172,False,False,0.0,5.551115123125783e-16,False,False,"[[""H"",44],[""L"",79],[""H"",40],[""L"",75],[""H"",49],[""L"",316],[""H"",46],[""L"",80],[""H"",45],[""L"",76],[""H"",49],[""L"",77]]",False,False,False,ZL1_N3_M3_L79_H44_C316,independent_layer_5nm,113,independent_layer_5nm_ZL1_N3_M3_L79_H44_C316_0113,5,"[0,0,-4,-4,5,0,2,1,1,-3,5,-2]"
459.2800000000044,3.784016561136525,0.023461499590288155,0.034883853669300316,0.07537867285851757,-19.0,3.8703465050093087,0.03534333262466466,False,False,0.0,4.440892098500626e-16,False,False,"[[""H"",42],[""L"",84],[""H"",48],[""L"",77],[""H"",49],[""L"",320],[""H"",49],[""L"",75],[""H"",40],[""L"",77],[""H"",42],[""L"",74]]",False,False,False,ZL1_N3_M3_L79_H44_C316,independent_layer_5nm,114,independent_layer_5nm_ZL1_N3_M3_L79_H44_C316_0114,5,"[-2,5,4,-2,5,4,5,-4,-4,-2,-2,-5]"
451.1600000000026,3.406480497865232,0.21735363091715798,0.6758252291975506,0.4638674343764831,-7.0,21.266801981954618,0.6823276767708213,False,False,0.0,5.551115123125783e-16,False,False,"[[""H"",46],[""L"",75],[""H"",48],[""L"",79],[""H"",44],[""L"",314],[""H"",47],[""L"",77],[""H"",47],[""L"",74],[""H"",44],[""L"",76]]",True,False,False,ZL1_N3_M3_L79_H44_C316,independent_layer_5nm,115,independent_layer_5nm_ZL1_N3_M3_L79_H44_C316_0115,5,"[2,-4,4,0,0,-2,3,-2,3,-5,0,-3]"
452.1800000000028,3.521014456573482,0.1393110335722158,0.3801715180188208,0.8127427309719795,-9.0,8.270250692716873,0.3861350733804124,False,False,0.0,6.661338147750939e-16,False,False,"[[""H"",42],[""L"",75],[""H"",40],[""L"",79],[""H"",45],[""L"",320],[""H"",44],[""L"",81],[""H"",41],[""L"",80],[""H"",44],[""L"",84]]",False,False,False,ZL1_N3_M3_L79_H44_C316,independent_layer_5nm,116,independent_layer_5nm_ZL1_N3_M3_L79_H44_C316_0116,5,"[-2,-4,-4,0,1,4,0,2,-3,1,0,5]"
450.8800000000025,3.459273790235727,0.2575952590170587,0.7878618493122573,0.4014640122125914,-6.0,20.142075055219575,0.7951351623998432,False,False,0.0,5.551115123125783e-16,False,False,"[[""H"",47],[""L"",84],[""H"",46],[""L"",78],[""H"",46],[""L"",317],[""H"",41],[""L"",83],[""H"",42],[""L"",75],[""H"",47],[""L"",74]]",True,False,False,ZL1_N3_M3_L79_H44_C316,independent_layer_5nm,117,independent_layer_5nm_ZL1_N3_M3_L79_H44_C316_0117,5,"[3,5,2,-1,2,1,-3,4,-2,-4,3,-5]"
454.56000000000336,3.5425793421968024,0.06274563460102289,0.12370423063626135,0.5526626135825838,-13.0,5.341862095109143,0.12664799558586484,False,False,0.0,4.440892098500626e-16,False,False,"[[""H"",39],[""L"",82],[""H"",45],[""L"",82],[""H"",48],[""L"",321],[""H"",40],[""L"",78],[""H"",43],[""L"",83],[""H"",46],[""L"",77]]",False,False,False,ZL1_N3_M3_L79_H44_C316,independent_layer_5nm,118,independent_layer_5nm_ZL1_N3_M3_L79_H44_C316_0118,5,"[-5,3,1,3,4,5,-4,-1,-1,4,2,-2]"
455.6800000000036,3.5189605043763663,0.046933641511270566,0.0832415037458061,0.2927523109560705,-15.0,4.639635865395647,0.08411388077378283,False,False,0.0,6.661338147750939e-16,False,False,"[[""H"",47],[""L"",77],[""H"",43],[""L"",83],[""H"",44],[""L"",319],[""H"",45],[""L"",82],[""H"",48],[""L"",82],[""H"",41],[""L"",84]]",False,False,False,ZL1_N3_M3_L79_H44_C316,independent_layer_5nm,119,independent_layer_5nm_ZL1_N3_M3_L79_H44_C316_0119,5,"[3,-2,-1,4,0,3,1,3,4,3,-3,5]"
453.26000000000306,3.494829634753387,0.09632030811426663,0.2185665426792162,0.9710925234883725,-11.0,6.314474854947495,0.22194628417339934,False,False,0.0,6.661338147750939e-16,False,False,"[[""H"",44],[""L"",81],[""H"",48],[""L"",84],[""H"",44],[""L"",315],[""H"",45],[""L"",83],[""H"",44],[""L"",76],[""H"",47],[""L"",83]]",False,False,False,ZL1_N3_M3_L79_H44_C316,independent_layer_5nm,120,independent_layer_5nm_ZL1_N3_M3_L79_H44_C316_0120,5,"[0,2,4,5,0,-1,1,4,0,-3,3,4]"
456.2000000000037,3.575830295285982,0.04348957317040379,0.07390093556724464,0.23244344272159323,-16.0,4.711622051806691,0.07725822944315393,False,False,0.0,6.661338147750939e-16,False,False,"[[""H"",49],[""L"",80],[""H"",49],[""L"",78],[""H"",48],[""L"",314],[""H"",48],[""L"",79],[""H"",45],[""L"",79],[""H"",43],[""L"",77]]",False,False,False,ZL1_N3_M3_L79_H44_C316,independent_layer_5nm,121,independent_layer_5nm_ZL1_N3_M3_L79_H44_C316_0121,5,"[5,1,5,-1,4,-2,4,0,1,0,-1,-2]"
449.7000000000022,3.41059042002081,0.49424779775914846,0.965238237541005,0.21805315345793969,0.0,15.212125039349754,1.0,True,True,0.0,6.661338147750939e-16,False,False,"[[""H"",47],[""L"",76],[""H"",44],[""L"",74],[""H"",47],[""L"",315],[""H"",46],[""L"",74],[""H"",39],[""L"",84],[""H"",46],[""L"",84]]",True,True,True,ZL1_N3_M3_L79_H44_C316,independent_layer_5nm,122,independent_layer_5nm_ZL1_N3_M3_L79_H44_C316_0122,5,"[3,-3,0,-5,3,-1,2,-5,-5,5,2,5]"
446.52000000000146,3.309266913246404,0.5543099468883814,0.19076025585834114,0.06761960121823875,0.0,16.750908021139114,1.0,True,True,0.0,4.440892098500626e-16,False,False,"[[""H"",47],[""L"",74],[""H"",44],[""L"",75],[""H"",46],[""L"",314],[""H"",44],[""L"",74],[""H"",40],[""L"",82],[""H"",46],[""L"",75]]",False,True,False,ZL1_N3_M3_L79_H44_C316,independent_layer_5nm,123,independent_layer_5nm_ZL1_N3_M3_L79_H44_C316_0123,5,"[3,-5,0,-4,2,-2,0,-5,-4,3,2,-4]"
454.32000000000323,3.552667098011284,0.06833826308802332,0.1378110211021609,0.6371489961029548,-13.0,5.453152793148856,0.138971262352457,False,False,0.0,4.440892098500626e-16,False,False,"[[""H"",39],[""L"",80],[""H"",47],[""L"",81],[""H"",48],[""L"",315],[""H"",47],[""L"",76],[""H"",41],[""L"",78],[""H"",49],[""L"",78]]",False,False,False,ZL1_N3_M3_L79_H44_C316,independent_layer_5nm,124,independent_layer_5nm_ZL1_N3_M3_L79_H44_C316_0124,5,"[-5,1,3,2,4,-1,3,-3,-3,-1,5,-1]"
453.90000000000316,3.491992765979603,0.07512347658593146,0.15942531668470883,0.7837470085490993,-12.0,5.70364199626597,0.16280462863605735,False,False,0.0,4.440892098500626e-16,False,False,"[[""H"",42],[""L"",83],[""H"",49],[""L"",76],[""H"",45],[""L"",321],[""H"",43],[""L"",79],[""H"",42],[""L"",77],[""H"",46],[""L"",78]]",False,False,False,ZL1_N3_M3_L79_H44_C316,independent_layer_5nm,125,independent_layer_5nm_ZL1_N3_M3_L79_H44_C316_0125,5,"[-2,4,5,-3,1,5,-1,0,-2,-2,2,-1]"
449.14000000000203,3.3452420606952273,0.6749740285223332,0.7870462626301871,0.16451218962291658,0.0,13.80237962639833,1.0,True,True,0.0,8.881784197001252e-16,False,False,"[[""H"",42],[""L"",79],[""H"",45],[""L"",80],[""H"",42],[""L"",314],[""H"",46],[""L"",81],[""H"",44],[""L"",82],[""H"",44],[""L"",76]]",True,True,True,ZL1_N3_M3_L79_H44_C316,independent_layer_5nm,126,independent_layer_5nm_ZL1_N3_M3_L79_H44_C316_0126,5,"[-2,0,1,1,-2,-2,2,2,0,3,0,-3]"
454.04000000000315,3.562536586561464,0.07602719315398702,0.1568216565645531,0.7380479256269803,-12.0,5.8069414928228245,0.16287879293767288,False,False,0.0,4.440892098500626e-16,False,False,"[[""H"",41],[""L"",84],[""H"",48],[""L"",81],[""H"",41],[""L"",320],[""H"",44],[""L"",81],[""H"",49],[""L"",83],[""H"",41],[""L"",74]]",False,False,False,ZL1_N3_M3_L79_H44_C316,independent_layer_5nm,127,independent_layer_5nm_ZL1_N3_M3_L79_H44_C316_0127,5,"[-3,5,4,2,-3,4,0,2,5,4,-3,-5]"
453.26000000000306,3.4454385765885718,0.09186642664116072,0.21149307318803579,0.9728226018076218,-11.0,6.189164343471262,0.2141142142563337,False,False,0.0,1.3322676295501878e-15,False,False,"[[""H"",46],[""L"",79],[""H"",43],[""L"",80],[""H"",46],[""L"",320],[""H"",41],[""L"",81],[""H"",46],[""L"",75],[""H"",47],[""L"",82]]",False,False,False,ZL1_N3_M3_L79_H44_C316,independent_layer_5nm,128,independent_layer_5nm_ZL1_N3_M3_L79_H44_C316_0128,5,"[2,0,-1,1,2,4,-3,2,2,-4,3,3]"
451.32000000000255,3.5321661098064965,0.2087704187229397,0.6312682463236601,0.5329225853487558,-7.0,22.088811462822992,0.6346720316396253,False,False,0.0,6.661338147750939e-16,False,False,"[[""H"",39],[""L"",82],[""H"",44],[""L"",80],[""H"",46],[""L"",313],[""H"",48],[""L"",78],[""H"",44],[""L"",76],[""H"",39],[""L"",74]]",True,False,False,ZL1_N3_M3_L79_H44_C316,independent_layer_5nm,129,independent_layer_5nm_ZL1_N3_M3_L79_H44_C316_0129,5,"[-5,3,0,1,2,-3,4,-1,0,-3,-5,-5]"
449.24000000000206,3.4062606615185587,0.642326542786863,0.8330621335524078,0.17743593941419214,0.0,14.100291661103622,1.0,True,True,0.0,9.992007221626409e-16,False,False,"[[""H"",44],[""L"",82],[""H"",48],[""L"",77],[""H"",42],[""L"",313],[""H"",47],[""L"",82],[""H"",45],[""L"",74],[""H"",42],[""L"",76]]",True,True,True,ZL1_N3_M3_L79_H44_C316,independent_layer_5nm,130,independent_layer_5nm_ZL1_N3_M3_L79_H44_C316_0130,5,"[0,3,4,-2,-2,-3,3,3,1,-5,-2,-3]"
454.30000000000325,3.560491871039517,0.06783525448957045,0.1376171341141456,0.6406180480247735,-13.0,5.463093189563594,0.13874293395038867,False,False,0.0,8.881784197001252e-16,False,False,"[[""H"",41],[""L"",80],[""H"",41],[""L"",76],[""H"",48],[""L"",315],[""H"",47],[""L"",81],[""H"",49],[""L"",75],[""H"",44],[""L"",75]]",False,False,False,ZL1_N3_M3_L79_H44_C316,independent_layer_5nm,131,independent_layer_5nm_ZL1_N3_M3_L79_H44_C316_0131,5,"[-3,1,-3,-3,4,-1,3,2,5,-4,0,-4]"
458.32000000000414,3.5621561553708148,0.027695559750540368,0.04189747496825265,0.0968207477377458,-18.0,3.851169495966154,0.04229919944967645,False,False,0.0,6.661338147750939e-16,False,False,"[[""H"",45],[""L"",77],[""H"",48],[""L"",78],[""H"",47],[""L"",318],[""H"",47],[""L"",82],[""H"",44],[""L"",83],[""H"",49],[""L"",78]]",False,False,False,ZL1_N3_M3_L79_H44_C316,independent_layer_5nm,132,independent_layer_5nm_ZL1_N3_M3_L79_H44_C316_0132,5,"[1,-2,4,-1,3,2,3,3,0,4,5,-1]"
441.5600000000004,3.330288753132038,0.07048664947986077,0.044231401928033307,0.026527611683670446,-60.0,,0.6078209614049623,False,False,0.0,6.661338147750939e-16,False,True,"[[""H"",39],[""L"",81],[""H"",39],[""L"",78],[""H"",39],[""L"",314],[""H"",46],[""L"",74],[""H"",39],[""L"",76],[""H"",49],[""L"",84]]",False,False,False,ZL1_N3_M3_L79_H44_C316,independent_layer_5nm,133,independent_layer_5nm_ZL1_N3_M3_L79_H44_C316_0133,5,"[-5,2,-5,-1,-5,-2,2,-5,-5,-3,5,5]"
451.1400000000025,3.4497698447303833,0.22312363598210277,0.6889871067250215,0.46415832501591203,-7.0,21.250403148431133,0.6973180806473392,False,False,0.0,4.440892098500626e-16,False,False,"[[""H"",40],[""L"",77],[""H"",46],[""L"",82],[""H"",41],[""L"",316],[""H"",49],[""L"",74],[""H"",45],[""L"",75],[""H"",49],[""L"",76]]",True,False,False,ZL1_N3_M3_L79_H44_C316,independent_layer_5nm,134,independent_layer_5nm_ZL1_N3_M3_L79_H44_C316_0134,5,"[-4,-2,2,3,-3,0,5,-5,1,-4,5,-3]"
445.5400000000012,3.3221285026790497,0.3226119661447911,0.13109474102026128,0.054745122571002336,0.0,18.411213007366996,1.0,True,True,0.0,4.440892098500626e-16,False,False,"[[""H"",40],[""L"",80],[""H"",44],[""L"",80],[""H"",42],[""L"",314],[""H"",44],[""L"",78],[""H"",43],[""L"",79],[""H"",39],[""L"",74]]",False,True,False,ZL1_N3_M3_L79_H44_C316,independent_layer_5nm,135,independent_layer_5nm_ZL1_N3_M3_L79_H44_C316_0135,5,"[-4,1,0,1,-2,-2,0,-1,-1,0,-5,-5]"
447.6600000000018,3.3619480020759056,0.9547134222215018,0.3443570435673061,0.09574381707786778,0.0,14.826648930346977,1.0,True,True,0.0,6.661338147750939e-16,False,False,"[[""H"",47],[""L"",80],[""H"",40],[""L"",78],[""H"",48],[""L"",314],[""H"",41],[""L"",74],[""H"",47],[""L"",83],[""H"",44],[""L"",77]]",False,True,False,ZL1_N3_M3_L79_H44_C316,independent_layer_5nm,136,independent_layer_5nm_ZL1_N3_M3_L79_H44_C316_0136,5,"[3,1,-4,-1,4,-2,-3,-5,3,4,0,-2]"
455.1600000000035,3.5906835184414376,0.05719894926657153,0.10472822630872511,0.40092978467330853,-14.0,5.097135013387524,0.10636393671091257,False,False,0.0,4.440892098500626e-16,False,False,"[[""H"",49],[""L"",83],[""H"",47],[""L"",80],[""H"",41],[""L"",317],[""H"",49],[""L"",80],[""H"",49],[""L"",78],[""H"",42],[""L"",79]]",False,False,False,ZL1_N3_M3_L79_H44_C316,independent_layer_5nm,137,independent_layer_5nm_ZL1_N3_M3_L79_H44_C316_0137,5,"[5,4,3,1,-3,1,5,1,5,-1,-2,0]"
454.70000000000334,3.533746736119099,0.0611195437632219,0.11814770280391174,0.5104083082208687,-14.0,5.315242906951767,0.12236209178391974,False,False,0.0,6.661338147750939e-16,False,False,"[[""H"",41],[""L"",84],[""H"",48],[""L"",77],[""H"",48],[""L"",314],[""H"",47],[""L"",78],[""H"",46],[""L"",83],[""H"",40],[""L"",77]]",False,False,False,ZL1_N3_M3_L79_H44_C316,independent_layer_5nm,138,independent_layer_5nm_ZL1_N3_M3_L79_H44_C316_0138,5,"[-3,5,4,-2,4,-2,3,-1,2,4,-4,-2]"
451.3800000000026,3.4280999658217866,0.19695131118770876,0.5966012138618709,0.529870369761519,-7.0,21.990023846988716,0.604518508456432,False,False,0.0,4.440892098500626e-16,False,False,"[[""H"",46],[""L"",84],[""H"",42],[""L"",79],[""H"",41],[""L"",318],[""H"",47],[""L"",77],[""H"",46],[""L"",76],[""H"",48],[""L"",79]]",False,False,False,ZL1_N3_M3_L79_H44_C316,independent_layer_5nm,139,independent_layer_5nm_ZL1_N3_M3_L79_H44_C316_0139,5,"[2,5,-2,0,-3,2,3,-2,2,-3,4,0]"
453.66000000000315,3.5076754261783663,0.08297798145047304,0.18006911985162904,0.8702961443430448,-12.0,5.892151227509572,0.18124135293926374,False,False,0.0,7.771561172376096e-16,False,False,"[[""H"",47],[""L"",75],[""H"",44],[""L"",83],[""H"",46],[""L"",319],[""H"",40],[""L"",84],[""H"",47],[""L"",84],[""H"",42],[""L"",74]]",False,False,False,ZL1_N3_M3_L79_H44_C316,independent_layer_5nm,140,independent_layer_5nm_ZL1_N3_M3_L79_H44_C316_0140,5,"[3,-4,0,4,2,3,-4,5,3,5,-2,-5]"
447.3800000000017,3.3600174580564612,0.8717274371579496,0.2951562938079081,0.08802300042371553,0.0,15.186806289219763,1.0,True,True,0.0,4.440892098500626e-16,False,False,"[[""H"",47],[""L"",79],[""H"",42],[""L"",81],[""H"",39],[""L"",317],[""H"",44],[""L"",81],[""H"",45],[""L"",83],[""H"",40],[""L"",76]]",False,True,False,ZL1_N3_M3_L79_H44_C316,independent_layer_5nm,141,independent_layer_5nm_ZL1_N3_M3_L79_H44_C316_0141,5,"[3,0,-2,2,-5,1,0,2,1,4,-4,-3]"
448.780000000002,3.4197490426112154,0.8189695038660203,0.658662139969924,0.14688935417346322,0.0,13.855350223834437,1.0,True,True,0.0,5.551115123125783e-16,False,False,"[[""H"",41],[""L"",75],[""H"",42],[""L"",80],[""H"",49],[""L"",311],[""H"",42],[""L"",83],[""H"",44],[""L"",84],[""H"",44],[""L"",82]]",True,True,True,ZL1_N3_M3_L79_H44_C316,independent_layer_5nm,142,independent_layer_5nm_ZL1_N3_M3_L79_H44_C316_0142,5,"[-3,-4,-2,1,5,-5,-2,4,0,5,0,3]"
457.28000000000395,3.590096085643836,0.03379825928211852,0.054063229713749106,0.14349714658277263,-17.0,4.2135775144408285,0.054762108836242884,False,False,0.0,7.771561172376096e-16,False,False,"[[""H"",44],[""L"",79],[""H"",47],[""L"",84],[""H"",49],[""L"",312],[""H"",49],[""L"",84],[""H"",42],[""L"",76],[""H"",46],[""L"",75]]",False,False,False,ZL1_N3_M3_L79_H44_C316,independent_layer_5nm,143,independent_layer_5nm_ZL1_N3_M3_L79_H44_C316_0143,5,"[0,0,3,5,5,-4,5,5,-2,-3,2,-4]"
447.5200000000017,3.39403503550443,0.9178135120134383,0.32048646109335055,0.09121699663641542,0.0,14.921771491758273,1.0,True,True,0.0,6.661338147750939e-16,False,False,"[[""H"",45],[""L"",82],[""H"",47],[""L"",84],[""H"",40],[""L"",314],[""H"",44],[""L"",78],[""H"",46],[""L"",82],[""H"",43],[""L"",75]]",False,True,False,ZL1_N3_M3_L79_H44_C316,independent_layer_5nm,144,independent_layer_5nm_ZL1_N3_M3_L79_H44_C316_0144,5,"[1,3,3,5,-4,-2,0,-1,2,3,-1,-4]"
446.7200000000015,3.384658361807624,0.6348232813565381,0.2162599253918165,0.07385069759776874,0.0,16.290269571016385,1.0,True,True,0.0,4.440892098500626e-16,False,False,"[[""H"",40],[""L"",79],[""H"",41],[""L"",81],[""H"",44],[""L"",318],[""H"",39],[""L"",75],[""H"",46],[""L"",83],[""H"",47],[""L"",78]]",False,True,False,ZL1_N3_M3_L79_H44_C316,independent_layer_5nm,145,independent_layer_5nm_ZL1_N3_M3_L79_H44_C316_0145,5,"[-4,0,-3,2,0,2,-5,-4,2,4,3,-1]"
454.8800000000034,3.5933959250355656,0.05931022856898745,0.11320596646206131,0.47069391401893285,-14.0,5.163782435199938,0.11434820478263236,False,False,0.0,4.440892098500626e-16,False,False,"[[""H"",49],[""L"",78],[""H"",39],[""L"",82],[""H"",47],[""L"",315],[""H"",49],[""L"",83],[""H"",39],[""L"",74],[""H"",49],[""L"",80]]",False,False,False,ZL1_N3_M3_L79_H44_C316,independent_layer_5nm,146,independent_layer_5nm_ZL1_N3_M3_L79_H44_C316_0146,5,"[5,-1,-5,3,3,-1,5,4,-5,-5,5,1]"
448.700000000002,3.4235681103560296,0.8531527012897056,0.6313687342216188,0.1402076334136239,0.0,13.82430759839554,1.0,True,True,0.0,6.661338147750939e-16,False,False,"[[""H"",46],[""L"",79],[""H"",44],[""L"",81],[""H"",48],[""L"",312],[""H"",41],[""L"",77],[""H"",47],[""L"",82],[""H"",49],[""L"",74]]",True,True,True,ZL1_N3_M3_L79_H44_C316,independent_layer_5nm,147,independent_layer_5nm_ZL1_N3_M3_L79_H44_C316_0147,5,"[2,0,0,2,4,-4,-3,-2,3,3,5,-5]"
447.3600000000017,3.301089864917003,0.861405139958258,0.2851611931621242,0.08497662066938905,0.0,15.259716534046277,1.0,True,True,0.0,5.551115123125783e-16,False,False,"[[""H"",44],[""L"",82],[""H"",43],[""L"",78],[""H"",46],[""L"",315],[""H"",42],[""L"",74],[""H"",45],[""L"",75],[""H"",45],[""L"",80]]",False,True,False,ZL1_N3_M3_L79_H44_C316,independent_layer_5nm,148,independent_layer_5nm_ZL1_N3_M3_L79_H44_C316_0148,5,"[0,3,-1,-1,2,-1,-2,-5,1,-4,1,1]"
444.9200000000011,3.3192327730811826,0.23155194079148628,0.10349465101486122,0.04658561603777816,0.0,19.498214716496065,1.0,True,True,0.0,6.661338147750939e-16,False,False,"[[""H"",41],[""L"",76],[""H"",47],[""L"",77],[""H"",44],[""L"",315],[""H"",42],[""L"",75],[""H"",40],[""L"",74],[""H"",47],[""L"",83]]",False,True,False,ZL1_N3_M3_L79_H44_C316,independent_layer_5nm,149,independent_layer_5nm_ZL1_N3_M3_L79_H44_C316_0149,5,"[-3,-3,3,-2,0,-1,-2,-4,-4,-5,3,4]"
444.9000000000011,3.267185562576117,0.22257784292170874,0.09909693039544915,0.04446467060185594,0.0,19.54091080672081,1.0,True,True,0.0,6.661338147750939e-16,False,False,"[[""H"",44],[""L"",80],[""H"",41],[""L"",74],[""H"",49],[""L"",311],[""H"",41],[""L"",77],[""H"",46],[""L"",74],[""H"",44],[""L"",78]]",False,True,False,ZL1_N3_M3_L79_H44_C316,independent_layer_5nm,150,independent_layer_5nm_ZL1_N3_M3_L79_H44_C316_0150,5,"[0,1,-3,-5,5,-5,-3,-2,2,-5,0,-1]"
455.5600000000036,3.530014930343498,0.04755508210212099,0.0857447919930275,0.31225493821064276,-15.0,4.754987905947893,0.0877086122033249,False,False,0.0,5.551115123125783e-16,False,False,"[[""H"",48],[""L"",76],[""H"",46],[""L"",79],[""H"",42],[""L"",321],[""H"",46],[""L"",83],[""H"",46],[""L"",78],[""H"",42],[""L"",75]]",False,False,False,ZL1_N3_M3_L79_H44_C316,independent_layer_5nm,151,independent_layer_5nm_ZL1_N3_M3_L79_H44_C316_0151,5,"[4,-3,2,0,-2,5,2,4,2,-1,-2,-4]"
451.4000000000026,3.467793984697437,0.1955623826560206,0.5969402452784578,0.5456924536437506,-7.0,22.284380057447585,0.6036543512596847,False,False,0.0,8.881784197001252e-16,False,False,"[[""H"",45],[""L"",77],[""H"",43],[""L"",78],[""H"",47],[""L"",316],[""H"",46],[""L"",74],[""H"",43],[""L"",82],[""H"",39],[""L"",74]]",False,False,False,ZL1_N3_M3_L79_H44_C316,independent_layer_5nm,152,independent_layer_5nm_ZL1_N3_M3_L79_H44_C316_0152,5,"[1,-2,-1,-1,3,0,2,-5,-1,3,-5,-5]"
446.9800000000016,3.3254011581746568,0.7250875092402751,0.23737694944050572,0.07584423716259808,0.0,15.760700883664802,1.0,True,True,0.0,6.661338147750939e-16,False,False,"[[""H"",48],[""L"",75],[""H"",43],[""L"",78],[""H"",43],[""L"",314],[""H"",43],[""L"",83],[""H"",44],[""L"",78],[""H"",45],[""L"",83]]",False,True,False,ZL1_N3_M3_L79_H44_C316,independent_layer_5nm,153,independent_layer_5nm_ZL1_N3_M3_L79_H44_C316_0153,5,"[4,-4,-1,-1,-1,-2,-1,4,0,-1,1,4]"
450.66000000000247,3.4019092036603524,0.28163212371546786,0.8615731584273938,0.351027224769517,-5.0,19.285683310681975,0.8671331713916612,False,True,0.0,5.551115123125783e-16,False,False,"[[""H"",46],[""L"",75],[""H"",43],[""L"",81],[""H"",47],[""L"",316],[""H"",42],[""L"",74],[""H"",49],[""L"",79],[""H"",45],[""L"",79]]",True,True,True,ZL1_N3_M3_L79_H44_C316,independent_layer_5nm,154,independent_layer_5nm_ZL1_N3_M3_L79_H44_C316_0154,5,"[2,-4,-1,2,3,0,-2,-5,5,0,1,0]"
445.90000000000134,3.3653232202163395,0.3926913607588654,0.14977498548058288,0.05865799815887993,0.0,17.812394735572596,1.0,True,True,0.0,4.440892098500626e-16,False,False,"[[""H"",45],[""L"",77],[""H"",39],[""L"",79],[""H"",40],[""L"",312],[""H"",49],[""L"",78],[""H"",45],[""L"",75],[""H"",49],[""L"",75]]",False,True,False,ZL1_N3_M3_L79_H44_C316,independent_layer_5nm,155,independent_layer_5nm_ZL1_N3_M3_L79_H44_C316_0155,5,"[1,-2,-5,0,-4,-4,5,-1,1,-4,5,-4]"
441.36000000000035,3.2635751556290415,0.06513895843753006,0.04164507685164527,0.025493964965727804,-60.0,,0.5141253847499769,False,False,0.0,5.551115123125783e-16,False,True,"[[""H"",40],[""L"",75],[""H"",39],[""L"",77],[""H"",43],[""L"",313],[""H"",42],[""L"",80],[""H"",39],[""L"",76],[""H"",45],[""L"",83]]",False,False,False,ZL1_N3_M3_L79_H44_C316,independent_layer_5nm,156,independent_layer_5nm_ZL1_N3_M3_L79_H44_C316_0156,5,"[-4,-4,-5,-2,-1,-3,-2,1,-5,-3,1,4]"
452.6800000000029,3.5121701390920066,0.11691545153219683,0.29148884589579066,0.9581248723390523,-10.0,7.206036005756738,0.29604760697096993,False,False,0.0,6.661338147750939e-16,False,False,"[[""H"",48],[""L"",74],[""H"",39],[""L"",82],[""H"",47],[""L"",312],[""H"",49],[""L"",77],[""H"",48],[""L"",75],[""H"",47],[""L"",75]]",False,False,False,ZL1_N3_M3_L79_H44_C316,independent_layer_5nm,157,independent_layer_5nm_ZL1_N3_M3_L79_H44_C316_0157,5,"[4,-5,-5,3,3,-4,5,-2,4,-4,3,-4]"
448.1600000000019,3.4681348295506496,0.9890494004980275,0.47350180224260446,0.11719914106953458,0.0,14.17481066570665,1.0,True,True,0.0,6.661338147750939e-16,False,False,"[[""H"",46],[""L"",74],[""H"",45],[""L"",82],[""H"",44],[""L"",313],[""H"",42],[""L"",80],[""H"",47],[""L"",83],[""H"",49],[""L"",82]]",False,True,False,ZL1_N3_M3_L79_H44_C316,independent_layer_5nm,158,independent_layer_5nm_ZL1_N3_M3_L79_H44_C316_0158,5,"[2,-5,1,3,0,-3,-2,1,3,4,5,3]"
459.6600000000045,3.6576360015141063,0.02152457459627982,0.031313974606910655,0.06483121708980906,-20.0,4.02454482593237,0.03404692074396345,False,False,0.0,6.661338147750939e-16,False,False,"[[""H"",45],[""L"",74],[""H"",47],[""L"",82],[""H"",49],[""L"",318],[""H"",48],[""L"",82],[""H"",40],[""L"",76],[""H"",49],[""L"",75]]",False,False,False,ZL1_N3_M3_L79_H44_C316,independent_layer_5nm,159,independent_layer_5nm_ZL1_N3_M3_L79_H44_C316_0159,5,"[1,-5,3,3,5,2,4,3,-4,-3,5,-4]"
444.06000000000097,3.306443540078533,0.16004765066889748,0.08079103267769781,0.040333639808184024,0.0,21.117558447474114,1.0,True,True,0.0,5.551115123125783e-16,False,False,"[[""H"",46],[""L"",76],[""H"",44],[""L"",74],[""H"",45],[""L"",316],[""H"",41],[""L"",75],[""H"",39],[""L"",79],[""H"",39],[""L"",82]]",False,True,False,ZL1_N3_M3_L79_H44_C316,independent_layer_5nm,160,independent_layer_5nm_ZL1_N3_M3_L79_H44_C316_0160,5,"[2,-3,0,-5,1,0,-3,-4,-5,0,-5,3]"
455.3000000000035,3.6406038026031524,0.05153568992097342,0.09584810297559841,0.3697238972319091,-14.0,5.159351305778451,0.10055942123255829,False,False,0.0,4.440892098500626e-16,False,False,"[[""H"",41],[""L"",75],[""H"",40],[""L"",78],[""H"",49],[""L"",321],[""H"",44],[""L"",75],[""H"",45],[""L"",77],[""H"",48],[""L"",77]]",False,False,False,ZL1_N3_M3_L79_H44_C316,independent_layer_5nm,161,independent_layer_5nm_ZL1_N3_M3_L79_H44_C316_0161,5,"[-3,-4,-4,-1,5,5,0,-4,1,-2,4,-2]"
445.3000000000012,3.3140759053560487,0.2803916944355197,0.11815245943217477,0.05075105648749083,0.0,18.72189578549081,1.0,True,True,0.0,5.551115123125783e-16,False,False,"[[""H"",41],[""L"",77],[""H"",45],[""L"",82],[""H"",39],[""L"",321],[""H"",39],[""L"",76],[""H"",44],[""L"",74],[""H"",48],[""L"",74]]",False,True,False,ZL1_N3_M3_L79_H44_C316,independent_layer_5nm,162,independent_layer_5nm_ZL1_N3_M3_L79_H44_C316_0162,5,"[-3,-2,1,3,-5,5,-5,-3,0,-5,4,-5]"
450.5000000000024,3.465042874848052,0.31428760220018026,0.9159333309095706,0.33152262152154677,-4.0,18.739358185659167,0.9239258295183852,False,True,0.0,4.440892098500626e-16,False,False,"[[""H"",46],[""L"",77],[""H"",39],[""L"",80],[""H"",45],[""L"",321],[""H"",40],[""L"",74],[""H"",49],[""L"",79],[""H"",48],[""L"",76]]",True,True,True,ZL1_N3_M3_L79_H44_C316,independent_layer_5nm,163,independent_layer_5nm_ZL1_N3_M3_L79_H44_C316_0163,5,"[2,-2,-5,1,1,5,-4,-5,5,0,4,-3]"
446.52000000000146,3.4194820072651737,0.5716764449781169,0.19910347881263415,0.06988949910107461,0.0,16.665514959664637,1.0,True,True,0.0,5.551115123125783e-16,False,False,"[[""H"",39],[""L"",80],[""H"",43],[""L"",80],[""H"",40],[""L"",312],[""H"",47],[""L"",77],[""H"",49],[""L"",84],[""H"",44],[""L"",77]]",False,True,False,ZL1_N3_M3_L79_H44_C316,independent_layer_5nm,164,independent_layer_5nm_ZL1_N3_M3_L79_H44_C316_0164,5,"[-5,1,-1,1,-4,-4,3,-2,5,5,0,-2]"
445.36000000000126,3.3732121990374253,0.298425240726148,0.126901339817917,0.055162593751825514,0.0,18.826537604253126,1.0,True,True,0.0,5.551115123125783e-16,False,False,"[[""H"",40],[""L"",75],[""H"",42],[""L"",83],[""H"",40],[""L"",321],[""H"",40],[""L"",78],[""H"",39],[""L"",74],[""H"",46],[""L"",78]]",False,True,False,ZL1_N3_M3_L79_H44_C316,independent_layer_5nm,165,independent_layer_5nm_ZL1_N3_M3_L79_H44_C316_0165,5,"[-4,-4,-2,4,-4,5,-4,-1,-5,-5,2,-1]"
454.46000000000333,3.4550666035093514,0.06339449928143787,0.12564521872795226,0.5777387020443174,-13.0,5.258766597630336,0.1272337425222761,False,False,0.0,5.551115123125783e-16,False,False,"[[""H"",46],[""L"",78],[""H"",46],[""L"",81],[""H"",46],[""L"",317],[""H"",45],[""L"",80],[""H"",44],[""L"",78],[""H"",47],[""L"",80]]",False,False,False,ZL1_N3_M3_L79_H44_C316,independent_layer_5nm,166,independent_layer_5nm_ZL1_N3_M3_L79_H44_C316_0166,5,"[2,-1,2,2,2,1,1,1,0,-1,3,1]"
450.9000000000025,3.505143509199115,0.2635357498971743,0.7846808423107302,0.40720620696220444,-6.0,20.411567908682137,0.7934388015078061,False,False,0.0,8.881784197001252e-16,False,False,"[[""H"",49],[""L"",80],[""H"",48],[""L"",75],[""H"",49],[""L"",312],[""H"",42],[""L"",80],[""H"",49],[""L"",78],[""H"",45],[""L"",81]]",True,False,False,ZL1_N3_M3_L79_H44_C316,independent_layer_5nm,167,independent_layer_5nm_ZL1_N3_M3_L79_H44_C316_0167,5,"[5,1,4,-4,5,-4,-2,1,5,-1,1,2]"
441.48000000000036,3.222344170752308,0.06267163281572513,0.039029488755324346,0.02311154883410815,-60.0,,0.7984012662385173,False,False,0.0,6.661338147750939e-16,False,True,"[[""H"",46],[""L"",76],[""H"",41],[""L"",81],[""H"",42],[""L"",313],[""H"",39],[""L"",76],[""H"",48],[""L"",81],[""H"",42],[""L"",79]]",False,False,False,ZL1_N3_M3_L79_H44_C316,independent_layer_5nm,168,independent_layer_5nm_ZL1_N3_M3_L79_H44_C316_0168,5,"[2,-3,-3,2,-2,-3,-5,-3,4,2,-2,0]"
447.6400000000017,3.382602287264376,0.9482766873659304,0.3390397694431664,0.09400655510087305,0.0,14.760282562863106,1.0,True,True,0.0,5.551115123125783e-16,False,False,"[[""H"",47],[""L"",78],[""H"",48],[""L"",75],[""H"",44],[""L"",316],[""H"",39],[""L"",84],[""H"",46],[""L"",78],[""H"",46],[""L"",80]]",False,True,False,ZL1_N3_M3_L79_H44_C316,independent_layer_5nm,169,independent_layer_5nm_ZL1_N3_M3_L79_H44_C316_0169,5,"[3,-1,4,-4,0,0,-5,5,2,-1,2,1]"
442.92000000000064,3.333651000713303,0.10260655925196127,0.057228621369704955,0.03068253338561492,0.0,22.504579956963283,1.0,True,True,0.0,6.661338147750939e-16,False,False,"[[""H"",46],[""L"",83],[""H"",39],[""L"",76],[""H"",41],[""L"",316],[""H"",41],[""L"",75],[""H"",46],[""L"",77],[""H"",48],[""L"",84]]",False,True,False,ZL1_N3_M3_L79_H44_C316,independent_layer_5nm,170,independent_layer_5nm_ZL1_N3_M3_L79_H44_C316_0170,5,"[2,4,-5,-3,-3,0,-3,-4,2,-2,4,5]"
455.86000000000365,3.514000488301633,0.04497850365384383,0.07859192914855087,0.26605092692600557,-15.0,4.683191812114815,0.07986308868684602,False,False,0.0,5.551115123125783e-16,False,False,"[[""H"",45],[""L"",78],[""H"",44],[""L"",77],[""H"",48],[""L"",314],[""H"",49],[""L"",80],[""H"",47],[""L"",74],[""H"",48],[""L"",83]]",False,False,False,ZL1_N3_M3_L79_H44_C316,independent_layer_5nm,171,independent_layer_5nm_ZL1_N3_M3_L79_H44_C316_0171,5,"[1,-1,0,-2,4,-2,5,1,3,-5,4,4]"
453.56000000000313,3.466827039507791,0.08133325434467813,0.1812115070841227,0.8966875667668381,-12.0,5.942904440890517,0.18295546987575095,False,False,0.0,4.440892098500626e-16,False,False,"[[""H"",43],[""L"",82],[""H"",46],[""L"",75],[""H"",44],[""L"",320],[""H"",47],[""L"",75],[""H"",43],[""L"",77],[""H"",45],[""L"",74]]",False,False,False,ZL1_N3_M3_L79_H44_C316,independent_layer_5nm,172,independent_layer_5nm_ZL1_N3_M3_L79_H44_C316_0172,5,"[-1,3,2,-4,0,4,3,-4,-1,-2,1,-5]"
452.74000000000285,3.4517199768618525,0.11150951503231386,0.2766710656831288,0.9708284439902606,-10.0,6.894305112001485,0.2804284112778031,False,False,0.0,7.771561172376096e-16,False,False,"[[""H"",47],[""L"",80],[""H"",44],[""L"",82],[""H"",45],[""L"",320],[""H"",40],[""L"",83],[""H"",44],[""L"",81],[""H"",45],[""L"",74]]",False,False,False,ZL1_N3_M3_L79_H44_C316,independent_layer_5nm,173,independent_layer_5nm_ZL1_N3_M3_L79_H44_C316_0173,5,"[3,1,0,3,1,4,-4,4,0,2,1,-5]"
447.30000000000166,3.409914751096437,0.8566075224948752,0.2890393008769775,0.08598401547059198,0.0,15.304649416959796,1.0,True,True,0.0,5.551115123125783e-16,False,False,"[[""H"",45],[""L"",75],[""H"",45],[""L"",81],[""H"",47],[""L"",312],[""H"",39],[""L"",81],[""H"",49],[""L"",77],[""H"",49],[""L"",76]]",False,True,False,ZL1_N3_M3_L79_H44_C316,independent_layer_5nm,174,independent_layer_5nm_ZL1_N3_M3_L79_H44_C316_0174,5,"[1,-4,1,2,3,-4,-5,2,5,-2,5,-3]"
444.640000000001,3.3221298423041503,0.20580313134073358,0.09658097465730052,0.045464688995617564,0.0,20.054154600517723,1.0,True,True,0.0,6.661338147750939e-16,False,False,"[[""H"",46],[""L"",81],[""H"",39],[""L"",76],[""H"",42],[""L"",318],[""H"",42],[""L"",75],[""H"",43],[""L"",79],[""H"",39],[""L"",76]]",False,True,False,ZL1_N3_M3_L79_H44_C316,independent_layer_5nm,175,independent_layer_5nm_ZL1_N3_M3_L79_H44_C316_0175,5,"[2,2,-5,-3,-2,2,-2,-4,-1,0,-5,-3]"
449.2000000000021,3.378199350854686,0.654611477145812,0.81113652440996,0.17280205991207692,0.0,13.96539522243754,1.0,True,True,0.0,6.661338147750939e-16,False,False,"[[""H"",47],[""L"",75],[""H"",41],[""L"",77],[""H"",43],[""L"",320],[""H"",42],[""L"",77],[""H"",47],[""L"",74],[""H"",47],[""L"",79]]",True,True,True,ZL1_N3_M3_L79_H44_C316,independent_layer_5nm,176,independent_layer_5nm_ZL1_N3_M3_L79_H44_C316_0176,5,"[3,-4,-3,-2,-1,4,-2,-2,3,-5,3,0]"
458.9200000000043,3.746079631589396,0.02533687359612423,0.03786875127120233,0.08359172258846989,-19.0,3.9795453652682404,0.03876096505232929,False,False,0.0,1.3322676295501878e-15,False,False,"[[""H"",42],[""L"",76],[""H"",40],[""L"",77],[""H"",49],[""L"",319],[""H"",49],[""L"",76],[""H"",47],[""L"",84],[""H"",48],[""L"",76]]",False,False,False,ZL1_N3_M3_L79_H44_C316,independent_layer_5nm,177,independent_layer_5nm_ZL1_N3_M3_L79_H44_C316_0177,5,"[-2,-3,-4,-2,5,3,5,-3,3,5,4,-3]"
453.7600000000032,3.5136264874312815,0.081159034167157,0.17342142989388865,0.8358137468316491,-12.0,5.834690813035799,0.17532939320517518,False,False,0.0,5.551115123125783e-16,False,False,"[[""H"",49],[""L"",83],[""H"",40],[""L"",77],[""H"",47],[""L"",317],[""H"",45],[""L"",77],[""H"",49],[""L"",80],[""H"",44],[""L"",80]]",False,False,False,ZL1_N3_M3_L79_H44_C316,independent_layer_5nm,178,independent_layer_5nm_ZL1_N3_M3_L79_H44_C316_0178,5,"[5,4,-4,-2,3,1,1,-2,5,1,0,1]"
453.26000000000306,3.532319780053058,0.09188939826753018,0.21313113575979054,0.9641615125841012,-11.0,6.351429368039557,0.21822240529700346,False,False,0.0,6.661338147750939e-16,False,False,"[[""H"",43],[""L"",77],[""H"",40],[""L"",74],[""H"",47],[""L"",320],[""H"",44],[""L"",82],[""H"",42],[""L"",81],[""H"",44],[""L"",81]]",False,False,False,ZL1_N3_M3_L79_H44_C316,independent_layer_5nm,179,independent_layer_5nm_ZL1_N3_M3_L79_H44_C316_0179,5,"[-1,-2,-4,-5,3,4,0,3,-2,2,0,2]"
452.3200000000028,3.4676511514416575,0.13530045502038102,0.3524852568951322,0.8616226256930802,-10.0,7.992885971076724,0.3615520697840308,False,False,0.0,4.440892098500626e-16,False,False,"[[""H"",47],[""L"",81],[""H"",45],[""L"",84],[""H"",44],[""L"",311],[""H"",49],[""L"",79],[""H"",46],[""L"",79],[""H"",47],[""L"",77]]",False,False,False,ZL1_N3_M3_L79_H44_C316,independent_layer_5nm,180,independent_layer_5nm_ZL1_N3_M3_L79_H44_C316_0180,5,"[3,2,1,5,0,-5,5,0,2,0,3,-2]"
455.1200000000034,3.586926888986511,0.05306343520763557,0.10001931579206641,0.40136956211311536,-14.0,5.044889811580539,0.10163815076403368,False,False,0.0,6.661338147750939e-16,False,False,"[[""H"",42],[""L"",75],[""H"",41],[""L"",80],[""H"",45],[""L"",319],[""H"",47],[""L"",80],[""H"",47],[""L"",77],[""H"",42],[""L"",79]]",False,False,False,ZL1_N3_M3_L79_H44_C316,independent_layer_5nm,181,independent_layer_5nm_ZL1_N3_M3_L79_H44_C316_0181,5,"[-2,-4,-3,1,1,3,3,1,3,-2,-2,0]"
445.0400000000011,3.314661687746195,0.2447180006215684,0.10712008917140343,0.047359725129853945,0.0,19.151895219125727,1.0,True,True,0.0,6.661338147750939e-16,False,False,"[[""H"",42],[""L"",81],[""H"",45],[""L"",81],[""H"",39],[""L"",319],[""H"",40],[""L"",74],[""H"",49],[""L"",75],[""H"",42],[""L"",74]]",False,True,False,ZL1_N3_M3_L79_H44_C316,independent_layer_5nm,182,independent_layer_5nm_ZL1_N3_M3_L79_H44_C316_0182,5,"[-2,2,1,2,-5,3,-4,-5,5,-4,-2,-5]"
445.66000000000133,3.334135489391656,0.34481933643711277,0.13818227240836894,0.057097582960510276,0.0,18.200713200149355,1.0,True,True,0.0,4.440892098500626e-16,False,False,"[[""H"",40],[""L"",80],[""H"",40],[""L"",81],[""H"",43],[""L"",316],[""H"",41],[""L"",83],[""H"",42],[""L"",74],[""H"",41],[""L"",80]]",False,True,False,ZL1_N3_M3_L79_H44_C316,independent_layer_5nm,183,independent_layer_5nm_ZL1_N3_M3_L79_H44_C316_0183,5,"[-4,1,-4,2,-1,0,-3,4,-2,-5,-3,1]"
461.30000000000484,3.679315885745723,0.017464528388320084,0.023971806905539173,0.04367879413340771,-21.0,3.4630479945288286,0.024261785301983953,False,False,0.0,8.881784197001252e-16,False,False,"[[""H"",46],[""L"",78],[""H"",41],[""L"",80],[""H"",49],[""L"",320],[""H"",48],[""L"",78],[""H"",49],[""L"",81],[""H"",48],[""L"",79]]",False,False,False,ZL1_N3_M3_L79_H44_C316,independent_layer_5nm,184,independent_layer_5nm_ZL1_N3_M3_L79_H44_C316_0184,5,"[2,-1,-3,1,5,4,4,-1,5,2,4,0]"
448.9600000000021,3.394674697602454,0.7468471328714938,0.7268653911847134,0.1562553835263849,0.0,13.853995574987382,1.0,True,True,0.0,3.3306690738754696e-16,False,False,"[[""H"",45],[""L"",83],[""H"",39],[""L"",76],[""H"",46],[""L"",313],[""H"",46],[""L"",76],[""H"",47],[""L"",77],[""H"",47],[""L"",83]]",True,True,True,ZL1_N3_M3_L79_H44_C316,independent_layer_5nm,185,independent_layer_5nm_ZL1_N3_M3_L79_H44_C316_0185,5,"[1,4,-5,-3,2,-3,2,-3,3,-2,3,4]"
441.76000000000045,3.2536463220784526,0.06849491122387438,0.04184246260806885,0.024333189756050796,-60.0,,0.8782728208947557,False,False,0.0,6.661338147750939e-16,False,True,"[[""H"",45],[""L"",74],[""H"",48],[""L"",83],[""H"",39],[""L"",311],[""H"",42],[""L"",84],[""H"",40],[""L"",77],[""H"",45],[""L"",75]]",False,False,False,ZL1_N3_M3_L79_H44_C316,independent_layer_5nm,186,independent_layer_5nm_ZL1_N3_M3_L79_H44_C316_0186,5,"[1,-5,4,4,-5,-5,-2,5,-4,-2,1,-4]"
450.2400000000023,3.403238565377592,0.35737211841660155,0.9764941836847378,0.2825518640990654,-3.0,17.430764019502664,0.9806300540336682,False,True,0.0,7.771561172376096e-16,False,False,"[[""H"",46],[""L"",79],[""H"",45],[""L"",75],[""H"",45],[""L"",321],[""H"",39],[""L"",76],[""H"",49],[""L"",80],[""H"",42],[""L"",76]]",True,True,True,ZL1_N3_M3_L79_H44_C316,independent_layer_5nm,187,independent_layer_5nm_ZL1_N3_M3_L79_H44_C316_0187,5,"[2,0,1,-4,1,5,-5,-3,5,1,-2,-3]"
450.1200000000023,3.3972214143007022,0.38168448261663634,0.9870495332260325,0.26305835055199767,-2.0,16.939794813677246,0.9944450948091708,False,True,0.0,6.661338147750939e-16,False,False,"[[""H"",48],[""L"",78],[""H"",46],[""L"",77],[""H"",45],[""L"",315],[""H"",44],[""L"",78],[""H"",44],[""L"",83],[""H"",47],[""L"",77]]",True,True,True,ZL1_N3_M3_L79_H44_C316,independent_layer_5nm,188,independent_layer_5nm_ZL1_N3_M3_L79_H44_C316_0188,5,"[4,-1,2,-2,1,-1,0,-1,0,4,3,-2]"
450.14000000000226,3.437183442240894,0.3804184801028405,0.9849195134836517,0.2725005481296189,-2.0,17.067904819136427,0.9932767208867139,False,True,0.0,6.661338147750939e-16,False,False,"[[""H"",47],[""L"",79],[""H"",47],[""L"",80],[""H"",39],[""L"",318],[""H"",46],[""L"",84],[""H"",39],[""L"",81],[""H"",43],[""L"",77]]",True,True,True,ZL1_N3_M3_L79_H44_C316,independent_layer_5nm,189,independent_layer_5nm_ZL1_N3_M3_L79_H44_C316_0189,5,"[3,0,3,1,-5,2,2,5,-5,2,-1,-2]"
446.8800000000016,3.303021241127624,0.682580855349898,0.22546160508077318,0.074584748396642,0.0,16.06628420447381,1.0,True,True,0.0,8.881784197001252e-16,False,False,"[[""H"",44],[""L"",79],[""H"",43],[""L"",80],[""H"",45],[""L"",311],[""H"",46],[""L"",78],[""H"",41],[""L"",80],[""H"",40],[""L"",81]]",False,True,False,ZL1_N3_M3_L79_H44_C316,independent_layer_5nm,190,independent_layer_5nm_ZL1_N3_M3_L79_H44_C316_0190,5,"[0,0,-1,1,1,-5,2,-1,-3,1,-4,2]"
446.7000000000015,3.3024361884468476,0.6162248783322766,0.20592783368295578,0.06999648140934288,0.0,16.240261382020574,1.0,True,True,0.0,6.661338147750939e-16,False,False,"[[""H"",45],[""L"",78],[""H"",43],[""L"",84],[""H"",40],[""L"",314],[""H"",45],[""L"",80],[""H"",44],[""L"",79],[""H"",41],[""L"",80]]",False,True,False,ZL1_N3_M3_L79_H44_C316,independent_layer_5nm,191,independent_layer_5nm_ZL1_N3_M3_L79_H44_C316_0191,5,"[1,-1,-1,5,-4,-2,1,1,0,0,-3,1]"
446.40000000000146,3.4529423308135847,0.537285693050958,0.18914472353130546,0.06683313168010359,0.0,16.7070849365323,1.0,True,True,0.0,6.661338147750939e-16,False,False,"[[""H"",43],[""L"",84],[""H"",42],[""L"",79],[""H"",43],[""L"",313],[""H"",42],[""L"",80],[""H"",47],[""L"",83],[""H"",49],[""L"",82]]",False,True,False,ZL1_N3_M3_L79_H44_C316,independent_layer_5nm,192,independent_layer_5nm_ZL1_N3_M3_L79_H44_C316_0192,5,"[-1,5,-2,0,-1,-3,-2,1,3,4,5,3]"
446.6200000000015,3.479001202875679,0.6110470520188401,0.21127764796626783,0.07212640961362042,0.0,16.339019187187844,1.0,True,True,0.0,6.661338147750939e-16,False,False,"[[""H"",47],[""L"",84],[""H"",47],[""L"",83],[""H"",41],[""L"",318],[""H"",39],[""L"",75],[""H"",45],[""L"",78],[""H"",47],[""L"",83]]",False,True,False,ZL1_N3_M3_L79_H44_C316,independent_layer_5nm,193,independent_layer_5nm_ZL1_N3_M3_L79_H44_C316_0193,5,"[3,5,3,4,-3,2,-5,-4,1,-1,3,4]"
454.7200000000033,3.5284833712315162,0.058563670633953055,0.11421999610425874,0.4998584175929952,-14.0,5.250134425385953,0.11848463198808155,False,False,0.0,6.661338147750939e-16,False,False,"[[""H"",41],[""L"",78],[""H"",45],[""L"",79],[""H"",41],[""L"",320],[""H"",49],[""L"",81],[""H"",43],[""L"",78],[""H"",43],[""L"",84]]",False,False,False,ZL1_N3_M3_L79_H44_C316,independent_layer_5nm,194,independent_layer_5nm_ZL1_N3_M3_L79_H44_C316_0194,5,"[-3,-1,1,0,-3,4,5,2,-1,-1,-1,5]"
442.80000000000064,3.2354453476798426,0.09574458355397425,0.054492895791499046,0.029951306548480217,-60.0,,0.9967805496064371,False,False,0.0,6.661338147750939e-16,False,True,"[[""H"",39],[""L"",79],[""H"",43],[""L"",77],[""H"",41],[""L"",312],[""H"",46],[""L"",74],[""H"",41],[""L"",84],[""H"",43],[""L"",79]]",False,False,False,ZL1_N3_M3_L79_H44_C316,independent_layer_5nm,195,independent_layer_5nm_ZL1_N3_M3_L79_H44_C316_0195,5,"[-5,0,-1,-2,-3,-4,2,-5,-3,5,-1,0]"
453.100000000003,3.505834689920107,0.10285199143192834,0.23698272055148384,0.9885229613433919,-11.0,6.498914578981098,0.23898739432974378,False,False,0.0,6.661338147750939e-16,False,False,"[[""H"",46],[""L"",81],[""H"",49],[""L"",79],[""H"",42],[""L"",316],[""H"",46],[""L"",83],[""H"",46],[""L"",80],[""H"",47],[""L"",78]]",False,False,False,ZL1_N3_M3_L79_H44_C316,independent_layer_5nm,196,independent_layer_5nm_ZL1_N3_M3_L79_H44_C316_0196,5,"[2,2,5,0,-2,0,2,4,2,1,3,-1]"
447.7600000000018,3.3721042323097663,0.9773774456990709,0.37032654426865635,0.10320473782225781,0.0,14.812531396858946,1.0,True,True,0.0,5.551115123125783e-16,False,False,"[[""H"",43],[""L"",79],[""H"",45],[""L"",75],[""H"",47],[""L"",314],[""H"",43],[""L"",80],[""H"",41],[""L"",76],[""H"",39],[""L"",80]]",False,True,False,ZL1_N3_M3_L79_H44_C316,independent_layer_5nm,197,independent_layer_5nm_ZL1_N3_M3_L79_H44_C316_0197,5,"[-1,0,1,-4,3,-2,-1,1,-3,-3,-5,1]"
446.8400000000015,3.3634912103129864,0.6751576615805407,0.2284589932757343,0.07716525292864174,0.0,16.0805548354255,1.0,True,True,0.0,6.661338147750939e-16,False,False,"[[""H"",40],[""L"",79],[""H"",45],[""L"",83],[""H"",40],[""L"",321],[""H"",39],[""L"",81],[""H"",41],[""L"",74],[""H"",44],[""L"",83]]",False,True,False,ZL1_N3_M3_L79_H44_C316,independent_layer_5nm,198,independent_layer_5nm_ZL1_N3_M3_L79_H44_C316_0198,5,"[-4,0,1,4,-4,5,-5,2,-3,-5,0,4]"
445.66000000000133,3.3568570087076637,0.3436549998915634,0.13780481417485357,0.05679316086930725,0.0,18.266788960183202,1.0,True,True,0.0,6.661338147750939e-16,False,False,"[[""H"",39],[""L"",78],[""H"",44],[""L"",74],[""H"",39],[""L"",316],[""H"",46],[""L"",81],[""H"",43],[""L"",81],[""H"",41],[""L"",76]]",False,True,False,ZL1_N3_M3_L79_H44_C316,independent_layer_5nm,199,independent_layer_5nm_ZL1_N3_M3_L79_H44_C316_0199,5,"[-5,-1,0,-5,-5,0,2,2,-1,2,-3,-3]"
447.1000000000016,3.401254652921523,0.7793556523865441,0.26402672893991574,0.08484958447847658,0.0,15.806067114702008,1.0,True,True,0.0,6.661338147750939e-16,False,False,"[[""H"",41],[""L"",81],[""H"",49],[""L"",75],[""H"",42],[""L"",319],[""H"",43],[""L"",74],[""H"",39],[""L"",75],[""H"",45],[""L"",81]]",False,True,False,ZL1_N3_M3_L79_H44_C316,independent_layer_5nm,200,independent_layer_5nm_ZL1_N3_M3_L79_H44_C316_0200,5,"[-3,2,5,-4,-2,3,-1,-5,-5,-4,1,2]"
457.7600000000041,3.6139674498347745,0.03024543585656982,0.04741836264982591,0.11869915702871978,-17.0,4.269120912960648,0.050104558441549714,False,False,0.0,6.661338147750939e-16,False,False,"[[""H"",43],[""L"",74],[""H"",43],[""L"",80],[""H"",47],[""L"",319],[""H"",46],[""L"",83],[""H"",46],[""L"",83],[""H"",47],[""L"",76]]",False,False,False,ZL1_N3_M3_L79_H44_C316,independent_layer_5nm,201,independent_layer_5nm_ZL1_N3_M3_L79_H44_C316_0201,5,"[-1,-5,-1,1,3,3,2,4,2,4,3,-3]"
445.5600000000013,3.33086439587845,0.32128703377381285,0.12819125230450834,0.052209149014705164,0.0,18.245860106944463,1.0,True,True,0.0,6.661338147750939e-16,False,False,"[[""H"",49],[""L"",81],[""H"",42],[""L"",74],[""H"",45],[""L"",311],[""H"",45],[""L"",79],[""H"",42],[""L"",82],[""H"",41],[""L"",84]]",False,True,False,ZL1_N3_M3_L79_H44_C316,independent_layer_5nm,202,independent_layer_5nm_ZL1_N3_M3_L79_H44_C316_0202,5,"[5,2,-2,-5,1,-5,1,0,-2,3,-3,5]"
445.8200000000013,3.302133623663792,0.3680463825333261,0.14114959189824416,0.05584870915618424,0.0,17.80019585062711,1.0,True,True,0.0,4.440892098500626e-16,False,False,"[[""H"",41],[""L"",80],[""H"",46],[""L"",75],[""H"",41],[""L"",314],[""H"",45],[""L"",83],[""H"",39],[""L"",82],[""H"",45],[""L"",77]]",False,True,False,ZL1_N3_M3_L79_H44_C316,independent_layer_5nm,203,independent_layer_5nm_ZL1_N3_M3_L79_H44_C316_0203,5,"[-3,1,2,-4,-3,-2,1,4,-5,3,1,-2]"
441.76000000000045,3.35101787136432,0.0722120225239648,0.044032745614410604,0.02550736595798376,-60.0,,0.9130456312745302,False,False,0.0,5.551115123125783e-16,False,True,"[[""H"",44],[""L"",80],[""H"",40],[""L"",78],[""H"",40],[""L"",314],[""H"",41],[""L"",82],[""H"",40],[""L"",84],[""H"",49],[""L"",84]]",False,False,False,ZL1_N3_M3_L79_H44_C316,independent_layer_5nm,204,independent_layer_5nm_ZL1_N3_M3_L79_H44_C316_0204,5,"[0,1,-4,-1,-4,-2,-3,3,-4,5,5,5]"
450.9800000000025,3.4297437352524867,0.2394906311992691,0.7422925795235695,0.4232279115652866,-6.0,20.71188216841047,0.750096277456077,False,False,0.0,5.551115123125783e-16,False,False,"[[""H"",48],[""L"",83],[""H"",41],[""L"",78],[""H"",48],[""L"",311],[""H"",48],[""L"",78],[""H"",43],[""L"",75],[""H"",45],[""L"",81]]",True,False,False,ZL1_N3_M3_L79_H44_C316,independent_layer_5nm,205,independent_layer_5nm_ZL1_N3_M3_L79_H44_C316_0205,5,"[4,4,-3,-1,4,-5,4,-1,-1,-4,1,2]"
446.1000000000014,3.329005350855766,0.4347616547251464,0.1591035943249999,0.06003061424255299,0.0,17.305868024452668,1.0,True,True,0.0,4.440892098500626e-16,False,False,"[[""H"",45],[""L"",82],[""H"",43],[""L"",84],[""H"",45],[""L"",313],[""H"",40],[""L"",79],[""H"",46],[""L"",74],[""H"",42],[""L"",78]]",False,True,False,ZL1_N3_M3_L79_H44_C316,independent_layer_5nm,206,independent_layer_5nm_ZL1_N3_M3_L79_H44_C316_0206,5,"[1,3,-1,5,1,-3,-4,0,2,-5,-2,-1]"
452.34000000000276,3.5081164552486257,0.13126417147381886,0.348731961032374,0.8657808107428708,-10.0,7.970833855111054,0.35800967782258186,False,False,0.0,7.771561172376096e-16,False,False,"[[""H"",39],[""L"",83],[""H"",42],[""L"",75],[""H"",49],[""L"",317],[""H"",42],[""L"",81],[""H"",47],[""L"",78],[""H"",41],[""L"",78]]",False,False,False,ZL1_N3_M3_L79_H44_C316,independent_layer_5nm,207,independent_layer_5nm_ZL1_N3_M3_L79_H44_C316_0207,5,"[-5,4,-2,-4,5,1,-2,2,3,-1,-3,-1]"
453.68000000000313,3.5609288375421215,0.08527507735513493,0.18322927940055742,0.8640905603563438,-12.0,6.001721403630496,0.18453402734577362,False,False,0.0,6.661338147750939e-16,False,False,"[[""H"",46],[""L"",80],[""H"",39],[""L"",76],[""H"",49],[""L"",313],[""H"",47],[""L"",84],[""H"",43],[""L"",84],[""H"",49],[""L"",77]]",False,False,False,ZL1_N3_M3_L79_H44_C316,independent_layer_5nm,208,independent_layer_5nm_ZL1_N3_M3_L79_H44_C316_0208,5,"[2,1,-5,-3,5,-3,3,5,-1,5,5,-2]"
452.8400000000029,3.464268170028049,0.10836174199943407,0.26340532666404265,0.9836436482372051,-11.0,6.9628126352226865,0.27187549537122435,False,False,0.0,5.551115123125783e-16,False,False,"[[""H"",47],[""L"",80],[""H"",48],[""L"",78],[""H"",44],[""L"",316],[""H"",46],[""L"",82],[""H"",44],[""L"",74],[""H"",45],[""L"",80]]",False,False,False,ZL1_N3_M3_L79_H44_C316,independent_layer_5nm,209,independent_layer_5nm_ZL1_N3_M3_L79_H44_C316_0209,5,"[3,1,4,-1,0,0,2,3,0,-5,1,1]"
443.7400000000008,3.376601179465922,0.14455889932034918,0.0760319334739569,0.039234082140560844,0.0,21.705446426566166,1.0,True,True,0.0,9.992007221626409e-16,False,False,"[[""H"",40],[""L"",75],[""H"",39],[""L"",74],[""H"",43],[""L"",311],[""H"",46],[""L"",84],[""H"",41],[""L"",82],[""H"",40],[""L"",78]]",False,True,False,ZL1_N3_M3_L79_H44_C316,independent_layer_5nm,210,independent_layer_5nm_ZL1_N3_M3_L79_H44_C316_0210,5,"[-4,-4,-5,-5,-1,-5,2,5,-3,3,-4,-1]"
461.0800000000048,3.6238170191045924,0.018623594679015677,0.02545150758164213,0.04629773885529403,-21.0,3.5146182732326743,0.026225467149825807,False,False,0.0,8.881784197001252e-16,False,False,"[[""H"",47],[""L"",81],[""H"",46],[""L"",83],[""H"",47],[""L"",318],[""H"",49],[""L"",80],[""H"",46],[""L"",82],[""H"",47],[""L"",84]]",False,False,False,ZL1_N3_M3_L79_H44_C316,independent_layer_5nm,211,independent_layer_5nm_ZL1_N3_M3_L79_H44_C316_0211,5,"[3,2,2,4,3,2,5,1,2,3,3,5]"
447.84000000000174,3.3787885313228685,0.9833931291076612,0.3852917496042493,0.10540046459962948,0.0,14.681745628155378,1.0,True,True,0.0,6.661338147750939e-16,False,False,"[[""H"",40],[""L"",75],[""H"",47],[""L"",76],[""H"",41],[""L"",317],[""H"",47],[""L"",74],[""H"",40],[""L"",83],[""H"",42],[""L"",83]]",False,True,False,ZL1_N3_M3_L79_H44_C316,independent_layer_5nm,212,independent_layer_5nm_ZL1_N3_M3_L79_H44_C316_0212,5,"[-4,-4,3,-3,-3,1,3,-5,-4,4,-2,4]"
448.5200000000019,3.479451825440208,0.9139566533760237,0.5885538980448813,0.14416748421589964,0.0,14.223107325102479,1.0,True,True,0.0,1.1102230246251565e-15,False,False,"[[""H"",43],[""L"",76],[""H"",42],[""L"",77],[""H"",49],[""L"",318],[""H"",40],[""L"",76],[""H"",41],[""L"",74],[""H"",39],[""L"",84]]",False,True,False,ZL1_N3_M3_L79_H44_C316,independent_layer_5nm,213,independent_layer_5nm_ZL1_N3_M3_L79_H44_C316_0213,5,"[-1,-3,-2,-2,5,2,-4,-3,-3,-5,-5,5]"
447.7400000000017,3.323200587200688,0.970132682048024,0.35523170478728416,0.09634499107013847,0.0,14.655526580774545,1.0,True,True,0.0,6.661338147750939e-16,False,False,"[[""H"",44],[""L"",78],[""H"",47],[""L"",76],[""H"",47],[""L"",313],[""H"",42],[""L"",77],[""H"",44],[""L"",84],[""H"",43],[""L"",76]]",False,True,False,ZL1_N3_M3_L79_H44_C316,independent_layer_5nm,214,independent_layer_5nm_ZL1_N3_M3_L79_H44_C316_0214,5,"[0,-1,3,-3,3,-3,-2,-2,0,5,-1,-3]"
444.260000000001,3.338719087181346,0.1743097268188867,0.08544892797692236,0.04148122262666775,0.0,20.690539890762256,1.0,True,True,0.0,6.661338147750939e-16,False,False,"[[""H"",39],[""L"",75],[""H"",49],[""L"",76],[""H"",47],[""L"",313],[""H"",39],[""L"",77],[""H"",43],[""L"",77],[""H"",40],[""L"",80]]",False,True,False,ZL1_N3_M3_L79_H44_C316,independent_layer_5nm,215,independent_layer_5nm_ZL1_N3_M3_L79_H44_C316_0215,5,"[-5,-4,5,-3,3,-3,-5,-2,-1,-2,-4,1]"
451.72000000000264,3.592220321116713,0.17471039502946412,0.507379322654187,0.6624449058111627,-8.0,23.493554371296558,0.5130434441002257,False,False,0.0,6.661338147750939e-16,False,False,"[[""H"",39],[""L"",75],[""H"",43],[""L"",82],[""H"",40],[""L"",321],[""H"",48],[""L"",75],[""H"",43],[""L"",75],[""H"",41],[""L"",77]]",False,False,False,ZL1_N3_M3_L79_H44_C316,independent_layer_5nm,216,independent_layer_5nm_ZL1_N3_M3_L79_H44_C316_0216,5,"[-5,-4,-1,3,-4,5,4,-4,-1,-4,-3,-2]"
453.9400000000031,3.4864351294665425,0.07426163619364413,0.15618349347244354,0.7643497886103177,-12.0,5.744677988228162,0.16129279305053007,False,False,0.0,6.661338147750939e-16,False,False,"[[""H"",45],[""L"",78],[""H"",49],[""L"",75],[""H"",48],[""L"",320],[""H"",42],[""L"",76],[""H"",43],[""L"",78],[""H"",48],[""L"",77]]",False,False,False,ZL1_N3_M3_L79_H44_C316,independent_layer_5nm,217,independent_layer_5nm_ZL1_N3_M3_L79_H44_C316_0217,5,"[1,-1,5,-4,4,4,-2,-3,-1,-1,4,-2]"
448.98000000000206,3.390630992803608,0.739951030602829,0.7351248230022323,0.1574061054553108,0.0,13.835305156379224,1.0,True,True,0.0,5.551115123125783e-16,False,False,"[[""H"",41],[""L"",78],[""H"",43],[""L"",81],[""H"",45],[""L"",313],[""H"",45],[""L"",74],[""H"",49],[""L"",78],[""H"",46],[""L"",83]]",True,True,True,ZL1_N3_M3_L79_H44_C316,independent_layer_5nm,218,independent_layer_5nm_ZL1_N3_M3_L79_H44_C316_0218,5,"[-3,-1,-1,2,1,-3,1,-5,5,-1,2,4]"
442.90000000000066,3.343252042730569,0.10026715332532721,0.055630127068528594,0.029548464192520375,0.0,22.36483485319311,1.0,True,True,0.0,4.440892098500626e-16,False,False,"[[""H"",45],[""L"",77],[""H"",48],[""L"",79],[""H"",41],[""L"",314],[""H"",40],[""L"",75],[""H"",44],[""L"",83],[""H"",48],[""L"",80]]",False,True,False,ZL1_N3_M3_L79_H44_C316,independent_layer_5nm,219,independent_layer_5nm_ZL1_N3_M3_L79_H44_C316_0219,5,"[1,-2,4,0,-3,-2,-4,-4,0,4,4,1]"
453.50000000000307,3.499333520453547,0.08565156476199642,0.1909187317962868,0.916199218916838,-12.0,6.101161010942393,0.1944529513516543,False,False,0.0,6.661338147750939e-16,False,False,"[[""H"",46],[""L"",84],[""H"",39],[""L"",80],[""H"",45],[""L"",318],[""H"",46],[""L"",76],[""H"",49],[""L"",78],[""H"",42],[""L"",76]]",False,False,False,ZL1_N3_M3_L79_H44_C316,independent_layer_5nm,220,independent_layer_5nm_ZL1_N3_M3_L79_H44_C316_0220,5,"[2,5,-5,1,1,2,2,-3,5,-1,-2,-3]"
457.600000000004,3.589973059930287,0.03133148770096583,0.04940398862996962,0.12598709708219813,-17.0,4.1593001168729025,0.05083765980176098,False,False,0.0,8.881784197001252e-16,False,False,"[[""H"",39],[""L"",83],[""H"",48],[""L"",76],[""H"",49],[""L"",319],[""H"",45],[""L"",79],[""H"",44],[""L"",79],[""H"",49],[""L"",79]]",False,False,False,ZL1_N3_M3_L79_H44_C316,independent_layer_5nm,221,independent_layer_5nm_ZL1_N3_M3_L79_H44_C316_0221,5,"[-5,4,4,-3,5,3,1,0,0,0,5,0]"
451.7600000000027,3.5021929831001444,0.16936456322106774,0.4860902065444222,0.6617477143822256,-8.0,10.833473893886458,0.49348789014826183,False,False,0.0,6.661338147750939e-16,False,False,"[[""H"",40],[""L"",74],[""H"",43],[""L"",82],[""H"",46],[""L"",316],[""H"",43],[""L"",82],[""H"",45],[""L"",82],[""H"",46],[""L"",79]]",False,False,False,ZL1_N3_M3_L79_H44_C316,independent_layer_5nm,222,independent_layer_5nm_ZL1_N3_M3_L79_H44_C316_0222,5,"[-4,-5,-1,3,2,0,-1,3,1,3,2,0]"
456.66000000000383,3.6301372221534507,0.036824662726537755,0.06213028841321102,0.18591618810210933,-16.0,4.415261682315824,0.06293746481608202,False,False,0.0,6.661338147750939e-16,False,False,"[[""H"",39],[""L"",80],[""H"",45],[""L"",79],[""H"",44],[""L"",321],[""H"",48],[""L"",77],[""H"",47],[""L"",75],[""H"",40],[""L"",81]]",False,False,False,ZL1_N3_M3_L79_H44_C316,independent_layer_5nm,223,independent_layer_5nm_ZL1_N3_M3_L79_H44_C316_0223,5,"[-5,1,1,0,0,5,4,-2,3,-4,-4,2]"
451.04000000000246,3.4687093752216924,0.2361960495803579,0.7275007496651431,0.4454932990956972,-6.0,20.912652997549266,0.7344296981445685,False,False,0.0,6.661338147750939e-16,False,False,"[[""H"",43],[""L"",78],[""H"",45],[""L"",81],[""H"",49],[""L"",317],[""H"",39],[""L"",83],[""H"",40],[""L"",74],[""H"",48],[""L"",81]]",True,False,False,ZL1_N3_M3_L79_H44_C316,independent_layer_5nm,224,independent_layer_5nm_ZL1_N3_M3_L79_H44_C316_0224,5,"[-1,-1,1,2,5,1,-5,4,-4,-5,4,2]"
457.620000000004,3.592318595381471,0.030625399524838816,0.04841939656925093,0.12377216517917239,-17.0,4.231245816936166,0.05046394957739698,False,False,0.0,4.440892098500626e-16,False,False,"[[""H"",43],[""L"",83],[""H"",40],[""L"",75],[""H"",49],[""L"",317],[""H"",49],[""L"",79],[""H"",46],[""L"",81],[""H"",46],[""L"",79]]",False,False,False,ZL1_N3_M3_L79_H44_C316,independent_layer_5nm,225,independent_layer_5nm_ZL1_N3_M3_L79_H44_C316_0225,5,"[-1,4,-4,-4,5,1,5,0,2,2,2,0]"
457.42000000000394,3.57913032058633,0.03160109524051659,0.050606540254339735,0.1335380959150671,-17.0,4.058536196878967,0.051016380888700176,False,False,0.0,9.992007221626409e-16,False,False,"[[""H"",40],[""L"",84],[""H"",42],[""L"",80],[""H"",44],[""L"",320],[""H"",49],[""L"",80],[""H"",44],[""L"",79],[""H"",48],[""L"",78]]",False,False,False,ZL1_N3_M3_L79_H44_C316,independent_layer_5nm,226,independent_layer_5nm_ZL1_N3_M3_L79_H44_C316_0226,5,"[-4,5,-2,1,0,4,5,1,0,0,4,-1]"
438.6799999999997,3.167321433597351,0.0322512478538879,0.02303855864889822,0.015586936146948472,-60.0,,0.39618108241156874,False,False,0.0,4.440892098500626e-16,False,True,"[[""H"",43],[""L"",80],[""H"",44],[""L"",75],[""H"",40],[""L"",312],[""H"",39],[""L"",78],[""H"",49],[""L"",76],[""H"",41],[""L"",79]]",False,False,False,ZL1_N3_M3_L79_H44_C316,independent_layer_5nm,227,independent_layer_5nm_ZL1_N3_M3_L79_H44_C316_0227,5,"[-1,1,0,-4,-4,-4,-5,-1,5,-3,-3,0]"
449.66000000000224,3.433797635571011,0.5045458754975278,0.9542424182180341,0.21715141268044327,0.0,15.185704311407976,1.0,True,True,0.0,8.881784197001252e-16,False,False,"[[""H"",49],[""L"",77],[""H"",40],[""L"",75],[""H"",49],[""L"",313],[""H"",45],[""L"",81],[""H"",40],[""L"",76],[""H"",47],[""L"",74]]",True,True,True,ZL1_N3_M3_L79_H44_C316,independent_layer_5nm,228,independent_layer_5nm_ZL1_N3_M3_L79_H44_C316_0228,5,"[5,-2,-4,-4,5,-3,1,2,-4,-3,3,-5]"
450.0000000000023,3.468308486728347,0.41581279502422486,0.9943649733976518,0.2610793269004621,0.0,16.6244410149321,1.0,True,True,0.0,4.440892098500626e-16,False,False,"[[""H"",41],[""L"",74],[""H"",46],[""L"",80],[""H"",49],[""L"",317],[""H"",40],[""L"",74],[""H"",43],[""L"",84],[""H"",41],[""L"",74]]",True,True,True,ZL1_N3_M3_L79_H44_C316,independent_layer_5nm,229,independent_layer_5nm_ZL1_N3_M3_L79_H44_C316_0229,5,"[-3,-5,2,1,5,1,-4,-5,-1,5,-3,-5]"
455.0200000000034,3.557295440904113,0.056664698758168444,0.10603390252041933,0.4257396253873803,-14.0,5.016045327629222,0.10719838398372267,False,False,0.0,6.661338147750939e-16,False,False,"[[""H"",39],[""L"",79],[""H"",48],[""L"",84],[""H"",44],[""L"",318],[""H"",44],[""L"",84],[""H"",46],[""L"",75],[""H"",47],[""L"",81]]",False,False,False,ZL1_N3_M3_L79_H44_C316,independent_layer_5nm,230,independent_layer_5nm_ZL1_N3_M3_L79_H44_C316_0230,5,"[-5,0,4,5,0,2,0,5,2,-4,3,2]"
440.30000000000007,3.324097455264848,0.04985080212225114,0.033308660699114964,0.021095869612262313,-60.0,,0.5988194825168319,False,False,0.0,6.661338147750939e-16,False,True,"[[""H"",39],[""L"",78],[""H"",41],[""L"",74],[""H"",40],[""L"",314],[""H"",39],[""L"",83],[""H"",48],[""L"",75],[""H"",47],[""L"",82]]",False,False,False,ZL1_N3_M3_L79_H44_C316,independent_layer_5nm,231,independent_layer_5nm_ZL1_N3_M3_L79_H44_C316_0231,5,"[-5,-1,-3,-5,-4,-2,-5,4,4,-4,3,3]"
446.7600000000016,3.3076182431820484,0.6403958683487332,0.2141312645691537,0.07259537340898825,0.0,16.20385791135923,1.0,True,True,0.0,4.440892098500626e-16,False,False,"[[""H"",41],[""L"",83],[""H"",43],[""L"",76],[""H"",41],[""L"",320],[""H"",42],[""L"",74],[""H"",44],[""L"",79],[""H"",45],[""L"",80]]",False,True,False,ZL1_N3_M3_L79_H44_C316,independent_layer_5nm,232,independent_layer_5nm_ZL1_N3_M3_L79_H44_C316_0232,5,"[-3,4,-1,-3,-3,4,-2,-5,0,0,1,1]"
450.6200000000024,3.4878366100574,0.2955924685585934,0.8823478932462134,0.35612769527365595,-5.0,19.320930089758736,0.8889684564932722,False,True,0.0,6.661338147750939e-16,False,False,"[[""H"",39],[""L"",75],[""H"",49],[""L"",76],[""H"",47],[""L"",317],[""H"",44],[""L"",74],[""H"",40],[""L"",83],[""H"",42],[""L"",78]]",True,True,True,ZL1_N3_M3_L79_H44_C316,independent_layer_5nm,233,independent_layer_5nm_ZL1_N3_M3_L79_H44_C316_0233,5,"[-5,-4,5,-3,3,1,0,-5,-4,4,-2,-1]"
443.02000000000066,3.2850356939024437,0.10365207216752903,0.05723935356038272,0.030445023028529986,0.0,22.182301546785457,1.0,True,True,0.0,4.440892098500626e-16,False,False,"[[""H"",44],[""L"",76],[""H"",46],[""L"",83],[""H"",40],[""L"",315],[""H"",39],[""L"",83],[""H"",39],[""L"",83],[""H"",45],[""L"",82]]",False,True,False,ZL1_N3_M3_L79_H44_C316,independent_layer_5nm,234,independent_layer_5nm_ZL1_N3_M3_L79_H44_C316_0234,5,"[0,-3,2,4,-4,-1,-5,4,-5,4,1,3]"
457.30000000000393,3.6462422516055994,0.03510034933631337,0.055921262082045065,0.1471426417117928,-17.0,4.275336892441395,0.056675094401235845,False,False,0.0,6.661338147750939e-16,False,False,"[[""H"",49],[""L"",79],[""H"",49],[""L"",83],[""H"",44],[""L"",319],[""H"",47],[""L"",84],[""H"",39],[""L"",76],[""H"",49],[""L"",75]]",False,False,False,ZL1_N3_M3_L79_H44_C316,independent_layer_5nm,235,independent_layer_5nm_ZL1_N3_M3_L79_H44_C316_0235,5,"[5,0,5,4,0,3,3,5,-5,-3,5,-4]"
447.98000000000184,3.3853916908634005,0.993452773842685,0.4151254791536788,0.10793111073119159,0.0,14.432081646247497,1.0,True,True,0.0,9.992007221626409e-16,False,False,"[[""H"",41],[""L"",76],[""H"",46],[""L"",80],[""H"",39],[""L"",313],[""H"",49],[""L"",79],[""H"",45],[""L"",78],[""H"",48],[""L"",74]]",False,True,False,ZL1_N3_M3_L79_H44_C316,independent_layer_5nm,236,independent_layer_5nm_ZL1_N3_M3_L79_H44_C316_0236,5,"[-3,-3,2,1,-5,-3,5,0,1,-1,4,-5]"
449.66000000000224,3.457940791684507,0.5114062740436427,0.9550083960833975,0.21940059128910433,0.0,15.163298052772728,1.0,True,True,0.0,5.551115123125783e-16,False,False,"[[""H"",49],[""L"",77],[""H"",45],[""L"",74],[""H"",40],[""L"",318],[""H"",48],[""L"",81],[""H"",40],[""L"",78],[""H"",40],[""L"",84]]",True,True,True,ZL1_N3_M3_L79_H44_C316,independent_layer_5nm,237,independent_layer_5nm_ZL1_N3_M3_L79_H44_C316_0237,5,"[5,-2,1,-5,-4,2,4,2,-4,-1,-4,5]"
449.40000000000214,3.588476251611951,0.6039034963467871,0.8838815245755702,0.20769218704968084,0.0,14.9081349095283,1.0,True,True,0.0,6.661338147750939e-16,False,False,"[[""H"",39],[""L"",74],[""H"",39],[""L"",76],[""H"",49],[""L"",317],[""H"",42],[""L"",77],[""H"",43],[""L"",75],[""H"",48],[""L"",84]]",True,True,True,ZL1_N3_M3_L79_H44_C316,independent_layer_5nm,238,independent_layer_5nm_ZL1_N3_M3_L79_H44_C316_0238,5,"[-5,-5,-5,-3,5,1,-2,-2,-1,-4,4,5]"
451.5400000000026,3.417902320894598,0.18168138122994765,0.5445841723690982,0.5764554908358293,-8.0,22.61071113028755,0.5505679676825382,False,False,0.0,6.661338147750939e-16,False,False,"[[""H"",45],[""L"",84],[""H"",43],[""L"",75],[""H"",49],[""L"",317],[""H"",42],[""L"",76],[""H"",44],[""L"",79],[""H"",47],[""L"",77]]",False,False,False,ZL1_N3_M3_L79_H44_C316,independent_layer_5nm,239,independent_layer_5nm_ZL1_N3_M3_L79_H44_C316_0239,5,"[1,5,-1,-4,5,1,-2,-3,0,0,3,-2]"
457.3200000000039,3.5327786156345837,0.03190271525562189,0.05116530172782801,0.13619601916580565,-17.0,4.077303511021086,0.051549053123243,False,False,0.0,5.551115123125783e-16,False,False,"[[""H"",44],[""L"",81],[""H"",44],[""L"",80],[""H"",49],[""L"",320],[""H"",44],[""L"",74],[""H"",48],[""L"",82],[""H"",42],[""L"",83]]",False,False,False,ZL1_N3_M3_L79_H44_C316,independent_layer_5nm,240,independent_layer_5nm_ZL1_N3_M3_L79_H44_C316_0240,5,"[0,2,0,1,5,4,0,-5,4,3,-2,4]"
451.8800000000027,3.4523276206033984,0.15807599049269788,0.4465032148126714,0.7053337875460743,-9.0,9.450581317142495,0.45617403794683936,False,False,0.0,6.661338147750939e-16,False,False,"[[""H"",41],[""L"",84],[""H"",42],[""L"",83],[""H"",44],[""L"",319],[""H"",41],[""L"",81],[""H"",46],[""L"",84],[""H"",45],[""L"",79]]",False,False,False,ZL1_N3_M3_L79_H44_C316,independent_layer_5nm,241,independent_layer_5nm_ZL1_N3_M3_L79_H44_C316_0241,5,"[-3,5,-2,4,0,3,-3,2,2,5,1,0]"
450.8600000000025,3.485283707661665,0.2579613476216983,0.7942705697071573,0.4058487838265554,-6.0,20.121606668139865,0.8018502671116667,False,False,0.0,4.440892098500626e-16,False,False,"[[""H"",40],[""L"",84],[""H"",39],[""L"",80],[""H"",44],[""L"",319],[""H"",42],[""L"",84],[""H"",46],[""L"",76],[""H"",40],[""L"",79]]",True,False,False,ZL1_N3_M3_L79_H44_C316,independent_layer_5nm,242,independent_layer_5nm_ZL1_N3_M3_L79_H44_C316_0242,5,"[-4,5,-5,1,0,3,-2,5,2,-3,-4,0]"
451.0000000000025,3.415263901337198,0.2355998826986423,0.7389518196101228,0.4249729282109995,-6.0,20.604537289360934,0.7452983744562612,False,False,0.0,6.661338147750939e-16,False,False,"[[""H"",41],[""L"",81],[""H"",46],[""L"",81],[""H"",41],[""L"",317],[""H"",48],[""L"",76],[""H"",43],[""L"",74],[""H"",46],[""L"",78]]",True,False,False,ZL1_N3_M3_L79_H44_C316,independent_layer_5nm,243,independent_layer_5nm_ZL1_N3_M3_L79_H44_C316_0243,5,"[-3,2,2,2,-3,1,4,-3,-1,-5,2,-1]"
446.3400000000014,3.39862428623735,0.5091871190780466,0.18069644050194428,0.06526996176642988,0.0,17.002991150066887,1.0,True,True,0.0,4.440892098500626e-16,False,False,"[[""H"",48],[""L"",84],[""H"",41],[""L"",74],[""H"",41],[""L"",314],[""H"",47],[""L"",74],[""H"",48],[""L"",74],[""H"",49],[""L"",75]]",False,True,False,ZL1_N3_M3_L79_H44_C316,independent_layer_5nm,244,independent_layer_5nm_ZL1_N3_M3_L79_H44_C316_0244,5,"[4,5,-3,-5,-3,-2,3,-5,4,-5,5,-4]"
446.78000000000156,3.36925616212784,0.6533808677841503,0.21814207096016675,0.07232193624004885,0.0,16.138028746860584,1.0,True,True,0.0,4.440892098500626e-16,False,False,"[[""H"",46],[""L"",82],[""H"",44],[""L"",80],[""H"",48],[""L"",312],[""H"",40],[""L"",78],[""H"",42],[""L"",83],[""H"",47],[""L"",75]]",False,True,False,ZL1_N3_M3_L79_H44_C316,independent_layer_5nm,245,independent_layer_5nm_ZL1_N3_M3_L79_H44_C316_0245,5,"[2,3,0,1,4,-4,-4,-1,-2,4,3,-4]"
446.66000000000156,3.535569395906066,0.6362301435203328,0.22768174213701234,0.08057679123084907,0.0,16.66672062904533,1.0,True,True,0.0,8.881784197001252e-16,False,False,"[[""H"",46],[""L"",78],[""H"",49],[""L"",83],[""H"",42],[""L"",318],[""H"",41],[""L"",74],[""H"",40],[""L"",77],[""H"",39],[""L"",74]]",False,True,False,ZL1_N3_M3_L79_H44_C316,independent_layer_5nm,246,independent_layer_5nm_ZL1_N3_M3_L79_H44_C316_0246,5,"[2,-1,5,4,-2,2,-3,-5,-4,-2,-5,-5]"
446.02000000000135,3.5322793058702473,0.44784664409223457,0.17157434514078243,0.06648664114462126,0.0,17.696940035162445,1.0,True,True,0.0,4.440892098500626e-16,False,False,"[[""H"",49],[""L"",81],[""H"",47],[""L"",79],[""H"",47],[""L"",314],[""H"",40],[""L"",75],[""H"",41],[""L"",74],[""H"",39],[""L"",84]]",False,True,False,ZL1_N3_M3_L79_H44_C316,independent_layer_5nm,247,independent_layer_5nm_ZL1_N3_M3_L79_H44_C316_0247,5,"[5,2,3,0,3,-2,-4,-4,-3,-5,-5,5]"
452.78000000000293,3.45159010305116,0.10958491605539972,0.26966185005548415,0.9754611492771309,-10.0,7.0270352720922835,0.2774842446987005,False,False,0.0,6.661338147750939e-16,False,False,"[[""H"",45],[""L"",83],[""H"",40],[""L"",80],[""H"",49],[""L"",312],[""H"",47],[""L"",77],[""H"",47],[""L"",77],[""H"",46],[""L"",77]]",False,False,False,ZL1_N3_M3_L79_H44_C316,independent_layer_5nm,248,independent_layer_5nm_ZL1_N3_M3_L79_H44_C316_0248,5,"[1,4,-4,1,5,-4,3,-2,3,-2,2,-2]"
458.7600000000043,3.587530000502852,0.026379742581082354,0.039012292776605006,0.08550962618685523,-18.0,4.141917244386008,0.04212911537486701,False,False,0.0,8.881784197001252e-16,False,False,"[[""H"",48],[""L"",78],[""H"",47],[""L"",83],[""H"",47],[""L"",318],[""H"",45],[""L"",84],[""H"",47],[""L"",76],[""H"",49],[""L"",78]]",False,False,False,ZL1_N3_M3_L79_H44_C316,independent_layer_5nm,249,independent_layer_5nm_ZL1_N3_M3_L79_H44_C316_0249,5,"[4,-1,3,4,3,2,1,5,3,-3,5,-1]"
445.1800000000012,3.3507526218252224,0.2671959362654086,0.11367708630923906,0.04882207827009076,0.0,18.75290773777751,1.0,True,True,0.0,6.661338147750939e-16,False,False,"[[""H"",43],[""L"",75],[""H"",41],[""L"",84],[""H"",43],[""L"",315],[""H"",39],[""L"",83],[""H"",42],[""L"",82],[""H"",48],[""L"",80]]",False,True,False,ZL1_N3_M3_L79_H44_C316,independent_layer_5nm,250,independent_layer_5nm_ZL1_N3_M3_L79_H44_C316_0250,5,"[-1,-4,-3,5,-1,-1,-5,4,-2,3,4,1]"
454.1000000000032,3.684042253139694,0.07710586992236702,0.15914569491001118,0.7305467912020092,-13.0,5.904663223085883,0.1613487777603369,False,False,0.0,6.661338147750939e-16,False,False,"[[""H"",49],[""L"",83],[""H"",43],[""L"",83],[""H"",47],[""L"",317],[""H"",47],[""L"",75],[""H"",40],[""L"",75],[""H"",39],[""L"",84]]",False,False,False,ZL1_N3_M3_L79_H44_C316,independent_layer_5nm,251,independent_layer_5nm_ZL1_N3_M3_L79_H44_C316_0251,5,"[5,4,-1,4,3,1,3,-4,-4,-4,-5,5]"
450.9000000000025,3.5228677544011475,0.2562173866783705,0.7770792976262603,0.4184803501108728,-6.0,20.490426539250127,0.7864973923925577,False,False,0.0,4.440892098500626e-16,False,False,"[[""H"",45],[""L"",74],[""H"",39],[""L"",77],[""H"",43],[""L"",318],[""H"",47],[""L"",79],[""H"",42],[""L"",84],[""H"",46],[""L"",84]]",True,False,False,ZL1_N3_M3_L79_H44_C316,independent_layer_5nm,252,independent_layer_5nm_ZL1_N3_M3_L79_H44_C316_0252,5,"[1,-5,-5,-2,-1,2,3,0,-2,5,2,5]"
452.9200000000029,3.503065820074312,0.10528848990305117,0.25518173218802154,0.9929223168571506,-11.0,6.7998657020218705,0.25907708817432273,False,False,0.0,6.661338147750939e-16,False,False,"[[""H"",46],[""L"",78],[""H"",43],[""L"",84],[""H"",49],[""L"",318],[""H"",42],[""L"",74],[""H"",41],[""L"",81],[""H"",44],[""L"",78]]",False,False,False,ZL1_N3_M3_L79_H44_C316,independent_layer_5nm,253,independent_layer_5nm_ZL1_N3_M3_L79_H44_C316_0253,5,"[2,-1,-1,5,5,2,-2,-5,-3,2,0,-1]"
454.3600000000033,3.488684760230626,0.06433655035986696,0.12981800519132827,0.6094157472029126,-13.0,5.301651144994958,0.1307228994293277,False,False,0.0,5.551115123125783e-16,False,False,"[[""H"",44],[""L"",79],[""H"",43],[""L"",77],[""H"",44],[""L"",319],[""H"",46],[""L"",83],[""H"",47],[""L"",74],[""H"",43],[""L"",82]]",False,False,False,ZL1_N3_M3_L79_H44_C316,independent_layer_5nm,254,independent_layer_5nm_ZL1_N3_M3_L79_H44_C316_0254,5,"[0,0,-1,-2,0,3,2,4,3,-5,-1,3]"
451.1200000000025,3.4604767122335147,0.22702594422953176,0.6976493168854601,0.46038585377977315,-7.0,21.167330617585556,0.7073210653596477,False,False,0.0,6.661338147750939e-16,False,False,"[[""H"",43],[""L"",77],[""H"",41],[""L"",80],[""H"",42],[""L"",317],[""H"",46],[""L"",79],[""H"",49],[""L"",78],[""H"",46],[""L"",79]]",True,False,False,ZL1_N3_M3_L79_H44_C316,independent_layer_5nm,255,independent_layer_5nm_ZL1_N3_M3_L79_H44_C316_0255,5,"[-1,-2,-3,1,-2,1,2,0,5,-1,2,0]"
449.5400000000021,3.4002009041102497,0.5407481646918997,0.9238031228829812,0.2035203820668865,0.0,14.72733772260391,1.0,True,True,0.0,6.661338147750939e-16,False,False,"[[""H"",42],[""L"",80],[""H"",40],[""L"",81],[""H"",47],[""L"",312],[""H"",47],[""L"",78],[""H"",41],[""L"",79],[""H"",42],[""L"",76]]",True,True,True,ZL1_N3_M3_L79_H44_C316,independent_layer_5nm,256,independent_layer_5nm_ZL1_N3_M3_L79_H44_C316_0256,5,"[-2,1,-4,2,3,-4,3,-1,-3,0,-2,-3]"
450.6400000000024,3.4293566684846155,0.28812920796752395,0.8674810173083323,0.35004419311055224,-5.0,19.200198385185843,0.8741852291657598,False,True,0.0,6.661338147750939e-16,False,False,"[[""H"",45],[""L"",82],[""H"",48],[""L"",77],[""H"",42],[""L"",318],[""H"",43],[""L"",79],[""H"",49],[""L"",75],[""H"",43],[""L"",83]]",True,True,True,ZL1_N3_M3_L79_H44_C316,independent_layer_5nm,257,independent_layer_5nm_ZL1_N3_M3_L79_H44_C316_0257,5,"[1,3,4,-2,-2,2,-1,0,5,-4,-1,4]"
453.9400000000031,3.501921978959217,0.07448721110060594,0.15686508645360897,0.7654292086274908,-12.0,5.7414623539148515,0.161843850318214,False,False,0.0,4.440892098500626e-16,False,False,"[[""H"",42],[""L"",75],[""H"",48],[""L"",75],[""H"",48],[""L"",316],[""H"",44],[""L"",84],[""H"",44],[""L"",84],[""H"",40],[""L"",83]]",False,False,False,ZL1_N3_M3_L79_H44_C316,independent_layer_5nm,258,independent_layer_5nm_ZL1_N3_M3_L79_H44_C316_0258,5,"[-2,-4,4,-4,4,0,0,5,0,5,-4,4]"
445.8200000000013,3.3464846890686886,0.37250459586206136,0.14336414519059243,0.05664824912562366,0.0,17.826993577660172,1.0,True,True,0.0,6.661338147750939e-16,False,False,"[[""H"",40],[""L"",74],[""H"",49],[""L"",79],[""H"",40],[""L"",315],[""H"",44],[""L"",74],[""H"",48],[""L"",78],[""H"",42],[""L"",83]]",False,True,False,ZL1_N3_M3_L79_H44_C316,independent_layer_5nm,259,independent_layer_5nm_ZL1_N3_M3_L79_H44_C316_0259,5,"[-4,-5,5,0,-4,-1,0,-5,4,-1,-2,4]"
453.100000000003,3.5336516331649364,0.1042363203367011,0.24072795426923682,0.9914779612406672,-11.0,6.5496795060923505,0.2420144607381179,False,False,0.0,6.661338147750939e-16,False,False,"[[""H"",49],[""L"",79],[""H"",42],[""L"",83],[""H"",41],[""L"",318],[""H"",47],[""L"",77],[""H"",47],[""L"",83],[""H"",49],[""L"",77]]",False,False,False,ZL1_N3_M3_L79_H44_C316,independent_layer_5nm,260,independent_layer_5nm_ZL1_N3_M3_L79_H44_C316_0260,5,"[5,0,-2,4,-3,2,3,-2,3,4,5,-2]"
458.56000000000427,3.6528050725800085,0.02508435029490732,0.038352625703038934,0.08894038691182879,-18.0,4.077558702912423,0.04037172727659858,False,False,0.0,8.881784197001252e-16,False,False,"[[""H"",41],[""L"",84],[""H"",41],[""L"",76],[""H"",49],[""L"",319],[""H"",49],[""L"",79],[""H"",43],[""L"",80],[""H"",41],[""L"",84]]",False,False,False,ZL1_N3_M3_L79_H44_C316,independent_layer_5nm,261,independent_layer_5nm_ZL1_N3_M3_L79_H44_C316_0261,5,"[-3,5,-3,-3,5,3,5,0,-1,1,-3,5]"
455.86000000000365,3.538690844382984,0.045544863474827404,0.07956476748913889,0.2688778515426524,-15.0,4.6540976529730305,0.0805112742168937,False,False,0.0,5.551115123125783e-16,False,False,"[[""H"",47],[""L"",84],[""H"",39],[""L"",81],[""H"",47],[""L"",317],[""H"",46],[""L"",81],[""H"",47],[""L"",78],[""H"",48],[""L"",76]]",False,False,False,ZL1_N3_M3_L79_H44_C316,independent_layer_5nm,262,independent_layer_5nm_ZL1_N3_M3_L79_H44_C316_0262,5,"[3,5,-5,2,3,1,2,2,3,-1,4,-3]"
451.94000000000267,3.466641661292954,0.15350862844512667,0.4340895662929447,0.7253080019713178,-9.0,9.083392369398899,0.43923231492819426,False,False,0.0,7.771561172376096e-16,False,False,"[[""H"",42],[""L"",81],[""H"",42],[""L"",84],[""H"",48],[""L"",313],[""H"",47],[""L"",75],[""H"",40],[""L"",84],[""H"",42],[""L"",79]]",False,False,False,ZL1_N3_M3_L79_H44_C316,independent_layer_5nm,263,independent_layer_5nm_ZL1_N3_M3_L79_H44_C316_0263,5,"[-2,2,-2,5,4,-3,3,-4,-4,5,-2,0]"
443.94000000000085,3.3327160637865063,0.15139822388963523,0.07678260915349969,0.038212773088476384,0.0,20.98942138922644,1.0,True,True,0.0,6.661338147750939e-16,False,False,"[[""H"",40],[""L"",81],[""H"",39],[""L"",79],[""H"",41],[""L"",314],[""H"",43],[""L"",84],[""H"",40],[""L"",78],[""H"",49],[""L"",78]]",False,True,False,ZL1_N3_M3_L79_H44_C316,independent_layer_5nm,264,independent_layer_5nm_ZL1_N3_M3_L79_H44_C316_0264,5,"[-4,2,-5,0,-3,-2,-1,5,-4,-1,5,-1]"
449.14000000000203,3.3711146115307997,0.6804684335132122,0.7904464053421891,0.1682359170302766,0.0,13.864592604192655,1.0,True,True,0.0,6.661338147750939e-16,False,False,"[[""H"",43],[""L"",79],[""H"",45],[""L"",79],[""H"",44],[""L"",317],[""H"",41],[""L"",81],[""H"",48],[""L"",74],[""H"",41],[""L"",77]]",True,True,True,ZL1_N3_M3_L79_H44_C316,independent_layer_5nm,265,independent_layer_5nm_ZL1_N3_M3_L79_H44_C316_0265,5,"[-1,0,1,0,0,1,-3,2,4,-5,-3,-2]"
454.56000000000336,3.5650595801496934,0.06394166461218424,0.12580672593290357,0.5581595495610073,-13.0,5.411109729430203,0.12918696874396135,False,False,0.0,6.661338147750939e-16,False,False,"[[""H"",40],[""L"",76],[""H"",49],[""L"",84],[""H"",44],[""L"",317],[""H"",47],[""L"",74],[""H"",48],[""L"",80],[""H"",40],[""L"",81]]",False,False,False,ZL1_N3_M3_L79_H44_C316,independent_layer_5nm,266,independent_layer_5nm_ZL1_N3_M3_L79_H44_C316_0266,5,"[-4,-3,5,5,0,1,3,-5,4,1,-4,2]"
442.78000000000065,3.249016152872116,0.09527451812004836,0.05416290528879371,0.02968901269087414,-60.0,,0.936199056507892,False,False,0.0,6.661338147750939e-16,False,True,"[[""H"",47],[""L"",78],[""H"",41],[""L"",76],[""H"",40],[""L"",312],[""H"",47],[""L"",76],[""H"",41],[""L"",83],[""H"",40],[""L"",83]]",False,False,False,ZL1_N3_M3_L79_H44_C316,independent_layer_5nm,267,independent_layer_5nm_ZL1_N3_M3_L79_H44_C316_0267,5,"[3,-1,-3,-3,-4,-4,3,-3,-3,4,-4,4]"
448.1600000000019,3.426621614642613,0.9892337180264632,0.4641216978567252,0.11555841594615567,0.0,14.195803371726964,1.0,True,True,0.0,6.661338147750939e-16,False,False,"[[""H"",46],[""L"",80],[""H"",44],[""L"",76],[""H"",42],[""L"",315],[""H"",46],[""L"",77],[""H"",42],[""L"",84],[""H"",49],[""L"",84]]",False,True,False,ZL1_N3_M3_L79_H44_C316,independent_layer_5nm,268,independent_layer_5nm_ZL1_N3_M3_L79_H44_C316_0268,5,"[2,1,0,-3,-2,-1,2,-2,-2,5,5,5]"
443.6000000000008,3.2849972989878324,0.12852785036195663,0.067436515373302,0.03447357448673099,0.0,21.475848246609512,1.0,True,True,0.0,6.661338147750939e-16,False,False,"[[""H"",40],[""L"",82],[""H"",41],[""L"",78],[""H"",41],[""L"",315],[""H"",40],[""L"",82],[""H"",48],[""L"",74],[""H"",45],[""L"",79]]",False,True,False,ZL1_N3_M3_L79_H44_C316,independent_layer_5nm,269,independent_layer_5nm_ZL1_N3_M3_L79_H44_C316_0269,5,"[-4,3,-3,-1,-3,-1,-4,3,4,-5,1,0]"
454.94000000000335,3.540735630210122,0.056527599935377495,0.10745395059216661,0.4458582867699338,-14.0,5.039825891412518,0.10871347946688849,False,False,0.0,4.440892098500626e-16,False,False,"[[""H"",43],[""L"",83],[""H"",39],[""L"",77],[""H"",48],[""L"",320],[""H"",43],[""L"",78],[""H"",49],[""L"",78],[""H"",46],[""L"",80]]",False,False,False,ZL1_N3_M3_L79_H44_C316,independent_layer_5nm,270,independent_layer_5nm_ZL1_N3_M3_L79_H44_C316_0270,5,"[-1,4,-5,-2,4,4,-1,-1,5,-1,2,1]"
440.24,3.159292049084115,0.045403288215619085,0.030548742809199052,0.019533160447259584,-60.0,,0.45886235575685685,False,False,0.0,5.551115123125783e-16,False,True,"[[""H"",42],[""L"",83],[""H"",42],[""L"",78],[""H"",39],[""L"",312],[""H"",44],[""L"",76],[""H"",41],[""L"",82],[""H"",40],[""L"",81]]",False,False,False,ZL1_N3_M3_L79_H44_C316,independent_layer_5nm,271,independent_layer_5nm_ZL1_N3_M3_L79_H44_C316_0271,5,"[-2,4,-2,-1,-5,-4,0,-3,-3,3,-4,2]"
451.1600000000026,3.461827056671268,0.22250993015067788,0.6809920840195349,0.47395641476189715,-7.0,21.312219955955,0.6869601589615858,False,False,0.0,6.661338147750939e-16,False,False,"[[""H"",44],[""L"",75],[""H"",49],[""L"",81],[""H"",46],[""L"",319],[""H"",40],[""L"",76],[""H"",44],[""L"",75],[""H"",47],[""L"",84]]",True,False,False,ZL1_N3_M3_L79_H44_C316,independent_layer_5nm,272,independent_layer_5nm_ZL1_N3_M3_L79_H44_C316_0272,5,"[0,-4,5,2,2,3,-4,-3,0,-4,3,5]"
446.3200000000014,3.3120813063637797,0.496409431335046,0.1761121043615722,0.0647285378044617,0.0,17.08372056850589,1.0,True,True,0.0,5.551115123125783e-16,False,False,"[[""H"",46],[""L"",76],[""H"",40],[""L"",78],[""H"",48],[""L"",311],[""H"",43],[""L"",80],[""H"",42],[""L"",80],[""H"",42],[""L"",75]]",False,True,False,ZL1_N3_M3_L79_H44_C316,independent_layer_5nm,273,independent_layer_5nm_ZL1_N3_M3_L79_H44_C316_0273,5,"[2,-3,-4,-1,4,-5,-1,1,-2,1,-2,-4]"
457.2000000000039,3.5225218478617535,0.03346651912946186,0.05373109384053812,0.14452301190536612,-17.0,4.219558299937708,0.05492272811283338,False,False,0.0,6.661338147750939e-16,False,False,"[[""H"",46],[""L"",84],[""H"",45],[""L"",78],[""H"",46],[""L"",317],[""H"",48],[""L"",84],[""H"",43],[""L"",81],[""H"",45],[""L"",79]]",False,False,False,ZL1_N3_M3_L79_H44_C316,independent_layer_5nm,274,independent_layer_5nm_ZL1_N3_M3_L79_H44_C316_0274,5,"[2,5,1,-1,2,1,4,5,-1,2,1,0]"
444.84000000000106,3.3207382721508907,0.22747053081860263,0.1037178643165871,0.047745930132361836,0.0,19.75347747713554,1.0,True,True,0.0,6.661338147750939e-16,False,False,"[[""H"",39],[""L"",84],[""H"",42],[""L"",74],[""H"",46],[""L"",317],[""H"",40],[""L"",74],[""H"",41],[""L"",79],[""H"",42],[""L"",75]]",False,True,False,ZL1_N3_M3_L79_H44_C316,independent_layer_5nm,275,independent_layer_5nm_ZL1_N3_M3_L79_H44_C316_0275,5,"[-5,5,-2,-5,2,1,-4,-5,-3,0,-2,-4]"
452.2800000000028,3.54363970218202,0.14019339662519148,0.3684681026372342,0.852169510750197,-9.0,8.236086353462419,0.3759382917208794,False,False,0.0,5.551115123125783e-16,False,False,"[[""H"",43],[""L"",79],[""H"",40],[""L"",75],[""H"",47],[""L"",316],[""H"",44],[""L"",82],[""H"",48],[""L"",83],[""H"",45],[""L"",84]]",False,False,False,ZL1_N3_M3_L79_H44_C316,independent_layer_5nm,276,independent_layer_5nm_ZL1_N3_M3_L79_H44_C316_0276,5,"[-1,0,-4,-4,3,0,0,3,4,4,1,5]"
452.5400000000028,3.4768070421438324,0.12200780034771092,0.3113407444272571,0.9252975586715972,-10.0,7.280499049808909,0.3141260558341699,False,False,0.0,4.440892098500626e-16,False,False,"[[""H"",40],[""L"",81],[""H"",46],[""L"",83],[""H"",45],[""L"",316],[""H"",43],[""L"",82],[""H"",46],[""L"",83],[""H"",42],[""L"",77]]",False,False,False,ZL1_N3_M3_L79_H44_C316,independent_layer_5nm,277,independent_layer_5nm_ZL1_N3_M3_L79_H44_C316_0277,5,"[-4,2,2,4,1,0,-1,3,2,4,-2,-2]"
450.0800000000023,3.483963069781737,0.39776388348577424,0.9904295063451795,0.27337115716717236,-2.0,16.932171694207124,0.9977360828052143,False,True,0.0,4.440892098500626e-16,False,False,"[[""H"",39],[""L"",76],[""H"",43],[""L"",84],[""H"",45],[""L"",320],[""H"",39],[""L"",79],[""H"",46],[""L"",75],[""H"",42],[""L"",75]]",True,True,True,ZL1_N3_M3_L79_H44_C316,independent_layer_5nm,278,independent_layer_5nm_ZL1_N3_M3_L79_H44_C316_0278,5,"[-5,-3,-1,5,1,4,-5,0,2,-4,-2,-4]"
448.50000000000193,3.4907436269573395,0.9096667757499584,0.5719111800975989,0.13305049566853455,0.0,13.947558996889962,1.0,True,True,0.0,6.661338147750939e-16,False,False,"[[""H"",45],[""L"",84],[""H"",49],[""L"",83],[""H"",41],[""L"",313],[""H"",46],[""L"",76],[""H"",42],[""L"",84],[""H"",45],[""L"",84]]",False,True,False,ZL1_N3_M3_L79_H44_C316,independent_layer_5nm,279,independent_layer_5nm_ZL1_N3_M3_L79_H44_C316_0279,5,"[1,5,5,4,-3,-3,2,-3,-2,5,1,5]"
455.1400000000034,3.5546332062365877,0.052030330852873535,0.09806806611390549,0.39451944733545974,-14.0,4.987164437424662,0.09922149914300647,False,False,0.0,4.440892098500626e-16,False,False,"[[""H"",47],[""L"",76],[""H"",41],[""L"",81],[""H"",46],[""L"",321],[""H"",44],[""L"",80],[""H"",45],[""L"",76],[""H"",42],[""L"",74]]",False,False,False,ZL1_N3_M3_L79_H44_C316,independent_layer_5nm,280,independent_layer_5nm_ZL1_N3_M3_L79_H44_C316_0280,5,"[3,-3,-3,2,2,5,0,1,1,-3,-2,-5]"
442.4600000000006,3.222206080022545,0.08552347189251122,0.05025904216291535,0.028438060301391087,-60.0,,0.7900122379084017,False,False,0.0,6.661338147750939e-16,False,True,"[[""H"",42],[""L"",81],[""H"",40],[""L"",81],[""H"",41],[""L"",315],[""H"",40],[""L"",79],[""H"",45],[""L"",77],[""H"",39],[""L"",80]]",False,False,False,ZL1_N3_M3_L79_H44_C316,independent_layer_5nm,281,independent_layer_5nm_ZL1_N3_M3_L79_H44_C316_0281,5,"[-2,2,-4,2,-3,-1,-4,0,1,-2,-5,1]"
447.5000000000017,3.333035860463326,0.9145151456486558,0.3118495827446349,0.08884723975200877,0.0,14.971073135042513,1.0,True,True,0.0,5.551115123125783e-16,False,False,"[[""H"",44],[""L"",76],[""H"",45],[""L"",79],[""H"",46],[""L"",312],[""H"",42],[""L"",79],[""H"",47],[""L"",82],[""H"",45],[""L"",77]]",False,True,False,ZL1_N3_M3_L79_H44_C316,independent_layer_5nm,282,independent_layer_5nm_ZL1_N3_M3_L79_H44_C316_0282,5,"[0,-3,1,0,2,-4,-2,0,3,3,1,-2]"
443.44000000000074,3.3369160456132363,0.12599571603105822,0.0676048615841948,0.03529634825085246,0.0,21.893645764488546,1.0,True,True,0.0,4.440892098500626e-16,False,False,"[[""H"",44],[""L"",78],[""H"",49],[""L"",80],[""H"",41],[""L"",317],[""H"",39],[""L"",77],[""H"",40],[""L"",75],[""H"",43],[""L"",76]]",False,True,False,ZL1_N3_M3_L79_H44_C316,independent_layer_5nm,283,independent_layer_5nm_ZL1_N3_M3_L79_H44_C316_0283,5,"[0,-1,5,1,-3,1,-5,-2,-4,-4,-1,-3]"
449.50000000000216,3.477114810670855,0.5601501337172108,0.9161854065901466,0.20883197647101143,0.0,14.754254186334933,1.0,True,True,0.0,6.661338147750939e-16,False,False,"[[""H"",39],[""L"",77],[""H"",41],[""L"",83],[""H"",44],[""L"",317],[""H"",43],[""L"",83],[""H"",41],[""L"",81],[""H"",39],[""L"",79]]",True,True,True,ZL1_N3_M3_L79_H44_C316,independent_layer_5nm,284,independent_layer_5nm_ZL1_N3_M3_L79_H44_C316_0284,5,"[-5,-2,-3,4,0,1,-1,4,-3,2,-5,0]"
450.7400000000024,3.4738678458741674,0.2823633309155158,0.84424992189218,0.37347744892422874,-5.0,19.639526716716112,0.8496417719063084,False,True,0.0,6.661338147750939e-16,False,False,"[[""H"",47],[""L"",78],[""H"",43],[""L"",76],[""H"",43],[""L"",316],[""H"",44],[""L"",84],[""H"",48],[""L"",82],[""H"",46],[""L"",81]]",True,True,True,ZL1_N3_M3_L79_H44_C316,independent_layer_5nm,285,independent_layer_5nm_ZL1_N3_M3_L79_H44_C316_0285,5,"[3,-1,-1,-3,-1,0,0,5,4,3,2,2]"
452.3200000000028,3.4550521931151934,0.13159909380753004,0.3478560561782047,0.8601135166849171,-9.0,7.872923945230146,0.3568733375128111,False,False,0.0,6.661338147750939e-16,False,False,"[[""H"",40],[""L"",82],[""H"",44],[""L"",82],[""H"",44],[""L"",317],[""H"",44],[""L"",79],[""H"",47],[""L"",83],[""H"",44],[""L"",79]]",False,False,False,ZL1_N3_M3_L79_H44_C316,independent_layer_5nm,286,independent_layer_5nm_ZL1_N3_M3_L79_H44_C316_0286,5,"[-4,3,0,3,0,1,0,0,3,4,0,0]"
455.6400000000035,3.5773663779496587,0.050444407902687574,0.08892504606588686,0.30974464078788666,-15.0,4.783367784019669,0.09043656066920916,False,False,0.0,4.440892098500626e-16,False,False,"[[""H"",49],[""L"",82],[""H"",46],[""L"",83],[""H"",46],[""L"",320],[""H"",42],[""L"",76],[""H"",49],[""L"",76],[""H"",49],[""L"",74]]",False,False,False,ZL1_N3_M3_L79_H44_C316,independent_layer_5nm,287,independent_layer_5nm_ZL1_N3_M3_L79_H44_C316_0287,5,"[5,3,2,4,2,4,-2,-3,5,-3,5,-5]"
448.4000000000019,3.5020774559479833,0.9462370353981813,0.548906122188842,0.13932312953431691,0.0,14.33344367726956,1.0,True,True,0.0,7.771561172376096e-16,False,False,"[[""H"",39],[""L"",78],[""H"",40],[""L"",82],[""H"",43],[""L"",317],[""H"",46],[""L"",75],[""H"",41],[""L"",79],[""H"",39],[""L"",74]]",False,True,False,ZL1_N3_M3_L79_H44_C316,independent_layer_5nm,288,independent_layer_5nm_ZL1_N3_M3_L79_H44_C316_0288,5,"[-5,-1,-4,3,-1,1,2,-4,-3,0,-5,-5]"
446.1800000000014,3.4427178189525307,0.4705639790828172,0.17077154657719196,0.06273195435151714,0.0,17.138414402556275,1.0,True,True,0.0,5.551115123125783e-16,False,False,"[[""H"",49],[""L"",83],[""H"",47],[""L"",75],[""H"",41],[""L"",314],[""H"",43],[""L"",79],[""H"",49],[""L"",75],[""H"",45],[""L"",75]]",False,True,False,ZL1_N3_M3_L79_H44_C316,independent_layer_5nm,289,independent_layer_5nm_ZL1_N3_M3_L79_H44_C316_0289,5,"[5,4,3,-4,-3,-2,-1,0,5,-4,1,-4]"
448.1600000000019,3.3689811394337426,0.9827892824448029,0.4594899808211556,0.11634547368343189,0.0,14.18880185624495,1.0,True,True,0.0,6.661338147750939e-16,False,False,"[[""H"",46],[""L"",75],[""H"",43],[""L"",76],[""H"",40],[""L"",321],[""H"",42],[""L"",79],[""H"",48],[""L"",75],[""H"",41],[""L"",80]]",False,True,False,ZL1_N3_M3_L79_H44_C316,independent_layer_5nm,290,independent_layer_5nm_ZL1_N3_M3_L79_H44_C316_0290,5,"[2,-4,-1,-3,-4,5,-2,0,4,-4,-3,1]"
449.9600000000023,3.396592975055171,0.4207286457115841,0.9938827757486182,0.24354018888788406,0.0,16.143171355118557,1.0,True,True,0.0,6.661338147750939e-16,False,False,"[[""H"",45],[""L"",84],[""H"",42],[""L"",77],[""H"",44],[""L"",313],[""H"",47],[""L"",84],[""H"",42],[""L"",76],[""H"",47],[""L"",83]]",True,True,True,ZL1_N3_M3_L79_H44_C316,independent_layer_5nm,291,independent_layer_5nm_ZL1_N3_M3_L79_H44_C316_0291,5,"[1,5,-2,-2,0,-3,3,5,-2,-3,3,4]"
450.4400000000023,3.499831749895293,0.3332266498758444,0.9324689878574637,0.3213582036659436,-4.0,18.448816822073866,0.9389081769417976,False,True,0.0,6.661338147750939e-16,False,False,"[[""H"",45],[""L"",84],[""H"",47],[""L"",80],[""H"",39],[""L"",320],[""H"",43],[""L"",76],[""H"",49],[""L"",80],[""H"",48],[""L"",80]]",True,True,True,ZL1_N3_M3_L79_H44_C316,independent_layer_5nm,292,independent_layer_5nm_ZL1_N3_M3_L79_H44_C316_0292,5,"[1,5,3,1,-5,4,-1,-3,5,1,4,1]"
451.86000000000274,3.4883035138628884,0.16239158104087914,0.4595540460173574,0.6951044418053293,-8.0,9.854857959195904,0.4702986383448563,False,False,0.0,4.440892098500626e-16,False,False,"[[""H"",48],[""L"",84],[""H"",42],[""L"",82],[""H"",39],[""L"",318],[""H"",49],[""L"",80],[""H"",42],[""L"",75],[""H"",47],[""L"",77]]",False,False,False,ZL1_N3_M3_L79_H44_C316,independent_layer_5nm,293,independent_layer_5nm_ZL1_N3_M3_L79_H44_C316_0293,5,"[4,5,-2,3,-5,2,5,1,-2,-4,3,-2]"
449.5800000000022,3.366639209423113,0.5267477713090447,0.9339577796584824,0.1994168032725872,0.0,14.622700513666402,1.0,True,True,0.0,6.661338147750939e-16,False,False,"[[""H"",46],[""L"",76],[""H"",46],[""L"",78],[""H"",45],[""L"",314],[""H"",44],[""L"",81],[""H"",42],[""L"",84],[""H"",45],[""L"",83]]",True,True,True,ZL1_N3_M3_L79_H44_C316,independent_layer_5nm,294,independent_layer_5nm_ZL1_N3_M3_L79_H44_C316_0294,5,"[2,-3,2,-1,1,-2,0,2,-2,5,1,4]"
453.3600000000031,3.531867233385242,0.09043635622486951,0.2065183534339054,0.9571039578264735,-11.0,6.347567183328827,0.2119706880119143,False,False,0.0,6.661338147750939e-16,False,False,"[[""H"",43],[""L"",80],[""H"",47],[""L"",77],[""H"",47],[""L"",318],[""H"",44],[""L"",81],[""H"",40],[""L"",82],[""H"",40],[""L"",74]]",False,False,False,ZL1_N3_M3_L79_H44_C316,independent_layer_5nm,295,independent_layer_5nm_ZL1_N3_M3_L79_H44_C316_0295,5,"[-1,1,3,-2,3,2,0,2,-4,3,-4,-5]"
453.100000000003,3.548134951499719,0.09800172890168883,0.23311714932835842,0.9898257964107005,-11.0,6.519403280630121,0.2348700426959501,False,False,0.0,8.881784197001252e-16,False,False,"[[""H"",45],[""L"",77],[""H"",39],[""L"",80],[""H"",48],[""L"",320],[""H"",42],[""L"",82],[""H"",40],[""L"",80],[""H"",43],[""L"",74]]",False,False,False,ZL1_N3_M3_L79_H44_C316,independent_layer_5nm,296,independent_layer_5nm_ZL1_N3_M3_L79_H44_C316_0296,5,"[1,-2,-5,1,4,4,-2,3,-4,1,-1,-5]"
441.26000000000033,3.2384529968726383,0.058954579875350306,0.03719552234657105,0.02226881174329986,-60.0,,0.7459880237232386,False,False,0.0,5.551115123125783e-16,False,True,"[[""H"",43],[""L"",83],[""H"",47],[""L"",74],[""H"",41],[""L"",314],[""H"",39],[""L"",80],[""H"",42],[""L"",84],[""H"",41],[""L"",82]]",False,False,False,ZL1_N3_M3_L79_H44_C316,independent_layer_5nm,297,independent_layer_5nm_ZL1_N3_M3_L79_H44_C316_0297,5,"[-1,4,3,-5,-3,-2,-5,1,-2,5,-3,3]"
445.4400000000012,3.312086554432028,0.2997396420011774,0.12272999713194069,0.05130477607004305,0.0,18.47289241897031,1.0,True,True,0.0,6.661338147750939e-16,False,False,"[[""H"",40],[""L"",83],[""H"",44],[""L"",79],[""H"",42],[""L"",314],[""H"",43],[""L"",75],[""H"",48],[""L"",81],[""H"",39],[""L"",78]]",False,True,False,ZL1_N3_M3_L79_H44_C316,independent_layer_5nm,298,independent_layer_5nm_ZL1_N3_M3_L79_H44_C316_0298,5,"[-4,4,0,0,-2,-2,-1,-4,4,2,-5,-1]"
446.00000000000136,3.3167582451661133,0.41205764038620485,0.15340303475871175,0.05901549394236329,0.0,17.51596122110472,1.0,True,True,0.0,6.661338147750939e-16,False,False,"[[""H"",44],[""L"",80],[""H"",47],[""L"",74],[""H"",45],[""L"",316],[""H"",40],[""L"",80],[""H"",39],[""L"",81],[""H"",46],[""L"",74]]",False,True,False,ZL1_N3_M3_L79_H44_C316,independent_layer_5nm,299,independent_layer_5nm_ZL1_N3_M3_L79_H44_C316_0299,5,"[0,1,3,-5,1,0,-4,1,-5,2,2,-5]"
