case_id,geometry_id,ordered_D_nm,wavelength_nm,polarization,u_x,k_y,ood,provenance_hash,eta_m_proxy[m-3],eta_m_proxy[m-2],eta_m_proxy[m-1],eta_m_proxy[m+0],eta_m_proxy[m+1],eta_m_proxy[m+2],eta_m_proxy[m+3],T_proxy
K6V1_S02,K6X_D215_D105_D215_D230_D105_D130,"[215,105,215,230,105,130]",445,P_XLIKE,0.0,0.0,True,ca58ab027fe20655f9e70d897c3c6c426266fcf67f531ef9b8d10fc518c66e1b,0.13274799287319183,0.18693259358406067,0.0010923403315246105,0.27943873405456543,0.1133834570646286,0.1536569446325302,0.13274799287319183,0.39391452074050903
K6V1_S02,K6X_D215_D105_D215_D230_D105_D130,"[215,105,215,230,105,130]",446,P_XLIKE,0.0,0.0,True,ca58ab027fe20655f9e70d897c3c6c426266fcf67f531ef9b8d10fc518c66e1b,0.07034781575202942,0.22359727323055267,0.0012623646762222052,0.3776678740978241,0.09016522020101547,0.1666116714477539,0.07034781575202942,0.46909546852111816
K6V1_S02,K6X_D215_D105_D215_D230_D105_D130,"[215,105,215,230,105,130]",447,P_XLIKE,0.0,0.0,True,ca58ab027fe20655f9e70d897c3c6c426266fcf67f531ef9b8d10fc518c66e1b,0.02735246904194355,0.22575052082538605,0.008554428815841675,0.4966050386428833,0.06516165286302567,0.1492234319448471,0.02735246904194355,0.5703211426734924
K6V1_S02,K6X_D215_D105_D215_D230_D105_D130,"[215,105,215,230,105,130]",448,P_XLIKE,0.0,0.0,True,ca58ab027fe20655f9e70d897c3c6c426266fcf67f531ef9b8d10fc518c66e1b,0.012809693813323975,0.20203344523906708,0.01764911599457264,0.5869123935699463,0.048989854753017426,0.11879587173461914,0.012809693813323975,0.6535513401031494
K6V1_S02,K6X_D215_D105_D215_D230_D105_D130,"[215,105,215,230,105,130]",449,P_XLIKE,0.0,0.0,True,ca58ab027fe20655f9e70d897c3c6c426266fcf67f531ef9b8d10fc518c66e1b,0.014780948869884014,0.17342841625213623,0.024946335703134537,0.6358857154846191,0.042377766221761703,0.0937998965382576,0.014780948869884014,0.7032098174095154
K6V1_S02,K6X_D215_D105_D215_D230_D105_D130,"[215,105,215,230,105,130]",450,P_XLIKE,0.0,0.0,True,ca58ab027fe20655f9e70d897c3c6c426266fcf67f531ef9b8d10fc518c66e1b,0.022339357063174248,0.1473810225725174,0.03049810416996479,0.6618781089782715,0.04022295027971268,0.07534103840589523,0.022339357063174248,0.732599139213562
K6V1_S02,K6X_D215_D105_D215_D230_D105_D130,"[215,105,215,230,105,130]",451,P_XLIKE,0.0,0.0,True,ca58ab027fe20655f9e70d897c3c6c426266fcf67f531ef9b8d10fc518c66e1b,0.030709318816661835,0.12617745995521545,0.03428496792912483,0.673059344291687,0.0409427285194397,0.06411688029766083,0.030709318816661835,0.7482870221138
K6V1_S02,K6X_D215_D105_D215_D230_D105_D130,"[215,105,215,230,105,130]",452,P_XLIKE,0.0,0.0,True,ca58ab027fe20655f9e70d897c3c6c426266fcf67f531ef9b8d10fc518c66e1b,0.038151293992996216,0.10922867804765701,0.03748985752463341,0.6783699989318848,0.0419357493519783,0.05667321756482124,0.038151293992996216,0.7577955722808838
K6V1_S02,K6X_D215_D105_D215_D230_D105_D130,"[215,105,215,230,105,130]",453,P_XLIKE,0.0,0.0,True,ca58ab027fe20655f9e70d897c3c6c426266fcf67f531ef9b8d10fc518c66e1b,0.04490236937999725,0.09480029344558716,0.03980843722820282,0.6791996359825134,0.043798673897981644,0.05258821323513985,0.04490236937999725,0.76280677318573
K6V1_S02,K6X_D215_D105_D215_D230_D105_D130,"[215,105,215,230,105,130]",454,P_XLIKE,0.0,0.0,True,ca58ab027fe20655f9e70d897c3c6c426266fcf67f531ef9b8d10fc518c66e1b,0.04985339194536209,0.08366286009550095,0.04204607754945755,0.678830087184906,0.045129403471946716,0.050624746829271317,0.04985339194536209,0.7660055756568909
K6V1_S02,K6X_D215_D105_D215_D230_D105_D130,"[215,105,215,230,105,130]",455,P_XLIKE,0.0,0.0,True,ca58ab027fe20655f9e70d897c3c6c426266fcf67f531ef9b8d10fc518c66e1b,0.05486709624528885,0.07318980991840363,0.043981436640024185,0.6767500042915344,0.04662167653441429,0.049722909927368164,0.05486709624528885,0.7673531174659729
K6V1_S03,K6X_D230_D100_D130_D120_D230_D100,"[230,100,130,120,230,100]",445,P_XLIKE,0.0,0.0,True,ca58ab027fe20655f9e70d897c3c6c426266fcf67f531ef9b8d10fc518c66e1b,0.1635262668132782,0.07135865837335587,0.10041679441928864,0.4701218903064728,0.030054152011871338,0.0009960125898942351,0.1635262668132782,0.600592851638794
K6V1_S03,K6X_D230_D100_D130_D120_D230_D100,"[230,100,130,120,230,100]",446,P_XLIKE,0.0,0.0,True,ca58ab027fe20655f9e70d897c3c6c426266fcf67f531ef9b8d10fc518c66e1b,0.14737796783447266,0.0727536603808403,0.10540484637022018,0.49265021085739136,0.03354327380657196,0.000892069423571229,0.14737796783447266,0.6315983533859253
K6V1_S03,K6X_D230_D100_D130_D120_D230_D100,"[230,100,130,120,230,100]",447,P_XLIKE,0.0,0.0,True,ca58ab027fe20655f9e70d897c3c6c426266fcf67f531ef9b8d10fc518c66e1b,0.13299593329429626,0.07380443811416626,0.10996554791927338,0.5119343400001526,0.03723245486617088,0.0010713270166888833,0.13299593329429626,0.6591323614120483
K6V1_S03,K6X_D230_D100_D130_D120_D230_D100,"[230,100,130,120,230,100]",448,P_XLIKE,0.0,0.0,True,ca58ab027fe20655f9e70d897c3c6c426266fcf67f531ef9b8d10fc518c66e1b,0.11980702728033066,0.0744609609246254,0.11380553990602493,0.5297862887382507,0.04083886742591858,0.0014942967100068927,0.11980702728033066,0.684430718421936
K6V1_S03,K6X_D230_D100_D130_D120_D230_D100,"[230,100,130,120,230,100]",449,P_XLIKE,0.0,0.0,True,ca58ab027fe20655f9e70d897c3c6c426266fcf67f531ef9b8d10fc518c66e1b,0.10807483643293381,0.07472632080316544,0.1171729788184166,0.5451938509941101,0.04460190609097481,0.0021552483085542917,0.10807483643293381,0.7069687247276306
K6V1_S03,K6X_D230_D100_D130_D120_D230_D100,"[230,100,130,120,230,100]",450,P_XLIKE,0.0,0.0,True,ca58ab027fe20655f9e70d897c3c6c426266fcf67f531ef9b8d10fc518c66e1b,0.09737233072519302,0.07483785599470139,0.12007897347211838,0.5591861009597778,0.04819680005311966,0.0029556856025010347,0.09737233072519302,0.7274618744850159
K6V1_S03,K6X_D230_D100_D130_D120_D230_D100,"[230,100,130,120,230,100]",451,P_XLIKE,0.0,0.0,True,ca58ab027fe20655f9e70d897c3c6c426266fcf67f531ef9b8d10fc518c66e1b,0.08780507743358612,0.07456757128238678,0.12250157445669174,0.5714786052703857,0.05188808962702751,0.003954073414206505,0.08780507743358612,0.7458682656288147
K6V1_S03,K6X_D230_D100_D130_D120_D230_D100,"[230,100,130,120,230,100]",452,P_XLIKE,0.0,0.0,True,ca58ab027fe20655f9e70d897c3c6c426266fcf67f531ef9b8d10fc518c66e1b,0.0791144073009491,0.07428944855928421,0.12468963116407394,0.5822972059249878,0.0554475374519825,0.005047373939305544,0.0791144073009491,0.7624343633651733
K6V1_S03,K6X_D230_D100_D130_D120_D230_D100,"[230,100,130,120,230,100]",453,P_XLIKE,0.0,0.0,True,ca58ab027fe20655f9e70d897c3c6c426266fcf67f531ef9b8d10fc518c66e1b,0.07133269309997559,0.0736461654305458,0.1263841688632965,0.5919644236564636,0.05903889611363411,0.006300915032625198,0.07133269309997559,0.7773874998092651
K6V1_S03,K6X_D230_D100_D130_D120_D230_D100,"[230,100,130,120,230,100]",454,P_XLIKE,0.0,0.0,True,ca58ab027fe20655f9e70d897c3c6c426266fcf67f531ef9b8d10fc518c66e1b,0.06429562717676163,0.0731019601225853,0.1280461847782135,0.6000300645828247,0.06258736550807953,0.007643143646419048,0.06429562717676163,0.7906635999679565
K6V1_S03,K6X_D230_D100_D130_D120_D230_D100,"[230,100,130,120,230,100]",455,P_XLIKE,0.0,0.0,True,ca58ab027fe20655f9e70d897c3c6c426266fcf67f531ef9b8d10fc518c66e1b,0.05799892917275429,0.07220350205898285,0.12922413647174835,0.6072943210601807,0.06615039706230164,0.009129748679697514,0.05799892917275429,0.8026688098907471
K6V1_S04,K6X_D205_D215_D105_D225_D180_D100,"[205,215,105,225,180,100]",445,P_XLIKE,0.0,0.0,True,ca58ab027fe20655f9e70d897c3c6c426266fcf67f531ef9b8d10fc518c66e1b,0.05071796849370003,0.07477094978094101,0.03162793442606926,0.5480585098266602,0.030325284227728844,0.21378137171268463,0.05071796849370003,0.6100117564201355
K6V1_S04,K6X_D205_D215_D105_D225_D180_D100,"[205,215,105,225,180,100]",446,P_XLIKE,0.0,0.0,True,ca58ab027fe20655f9e70d897c3c6c426266fcf67f531ef9b8d10fc518c66e1b,0.07113570719957352,0.0683901458978653,0.044868748635053635,0.5245695114135742,0.04487081617116928,0.17502935230731964,0.07113570719957352,0.6143090724945068
K6V1_S04,K6X_D205_D215_D105_D225_D180_D100,"[205,215,105,225,180,100]",447,P_XLIKE,0.0,0.0,True,ca58ab027fe20655f9e70d897c3c6c426266fcf67f531ef9b8d10fc518c66e1b,0.08608655631542206,0.05765828490257263,0.051750052720308304,0.5270031094551086,0.062197159975767136,0.12921832501888275,0.08608655631542206,0.6409503221511841
K6V1_S04,K6X_D205_D215_D105_D225_D180_D100,"[205,215,105,225,180,100]",448,P_XLIKE,0.0,0.0,True,ca58ab027fe20655f9e70d897c3c6c426266fcf67f531ef9b8d10fc518c66e1b,0.09252913296222687,0.047755394130945206,0.05308312550187111,0.5474026203155518,0.07524017244577408,0.09146042168140411,0.09252913296222687,0.6757259368896484
K6V1_S04,K6X_D205_D215_D105_D225_D180_D100,"[205,215,105,225,180,100]",449,P_XLIKE,0.0,0.0,True,ca58ab027fe20655f9e70d897c3c6c426266fcf67f531ef9b8d10fc518c66e1b,0.0936465710401535,0.04249667748808861,0.050863783806562424,0.5703834891319275,0.08332380652427673,0.06563914567232132,0.0936465710401535,0.7045711278915405
K6V1_S04,K6X_D205_D215_D105_D225_D180_D100,"[205,215,105,225,180,100]",450,P_XLIKE,0.0,0.0,True,ca58ab027fe20655f9e70d897c3c6c426266fcf67f531ef9b8d10fc518c66e1b,0.09264187514781952,0.039957672357559204,0.048389364033937454,0.5906731486320496,0.08758724480867386,0.04810880124568939,0.09264187514781952,0.7266497611999512
K6V1_S04,K6X_D205_D215_D105_D225_D180_D100,"[205,215,105,225,180,100]",451,P_XLIKE,0.0,0.0,True,ca58ab027fe20655f9e70d897c3c6c426266fcf67f531ef9b8d10fc518c66e1b,0.0902622640132904,0.040840454399585724,0.04488268494606018,0.6072238683700562,0.08994030207395554,0.03658813610672951,0.0902622640132904,0.7420468330383301
K6V1_S04,K6X_D205_D215_D105_D225_D180_D100,"[205,215,105,225,180,100]",452,P_XLIKE,0.0,0.0,True,ca58ab027fe20655f9e70d897c3c6c426266fcf67f531ef9b8d10fc518c66e1b,0.08976572006940842,0.04308892786502838,0.04236919432878494,0.6164820790290833,0.09065885096788406,0.027869580313563347,0.08976572006940842,0.7495101094245911
K6V1_S04,K6X_D205_D215_D105_D225_D180_D100,"[205,215,105,225,180,100]",453,P_XLIKE,0.0,0.0,True,ca58ab027fe20655f9e70d897c3c6c426266fcf67f531ef9b8d10fc518c66e1b,0.09009157121181488,0.047691646963357925,0.03913955017924309,0.6209279298782349,0.0905754566192627,0.021482236683368683,0.09009157121181488,0.7506429553031921
K6V1_S04,K6X_D205_D215_D105_D225_D180_D100,"[205,215,105,225,180,100]",454,P_XLIKE,0.0,0.0,True,ca58ab027fe20655f9e70d897c3c6c426266fcf67f531ef9b8d10fc518c66e1b,0.10340595245361328,0.05421287566423416,0.03842664137482643,0.5991082191467285,0.0848144143819809,0.016626007854938507,0.10340595245361328,0.7223492860794067
K6V1_S04,K6X_D205_D215_D105_D225_D180_D100,"[205,215,105,225,180,100]",455,P_XLIKE,0.0,0.0,True,ca58ab027fe20655f9e70d897c3c6c426266fcf67f531ef9b8d10fc518c66e1b,0.13865859806537628,0.023158755153417587,0.12557855248451233,0.46331289410591125,0.0263789314776659,0.08425366878509521,0.13865859806537628,0.6152703762054443
K6V1_S05,K6X_D215_D225_D100_D125_D110_D220,"[215,225,100,125,110,220]",445,P_XLIKE,0.0,0.0,True,ca58ab027fe20655f9e70d897c3c6c426266fcf67f531ef9b8d10fc518c66e1b,0.07493336498737335,0.1990041583776474,0.029554089531302452,0.5565446615219116,0.024427874013781548,0.040602609515190125,0.07493336498737335,0.6105266213417053
K6V1_S05,K6X_D215_D225_D100_D125_D110_D220,"[215,225,100,125,110,220]",446,P_XLIKE,0.0,0.0,True,ca58ab027fe20655f9e70d897c3c6c426266fcf67f531ef9b8d10fc518c66e1b,0.04112919420003891,0.22671164572238922,0.0180674958974123,0.5975393056869507,0.017536120489239693,0.057886991649866104,0.04112919420003891,0.63314288854599
K6V1_S05,K6X_D215_D225_D100_D125_D110_D220,"[215,225,100,125,110,220]",447,P_XLIKE,0.0,0.0,True,ca58ab027fe20655f9e70d897c3c6c426266fcf67f531ef9b8d10fc518c66e1b,0.019455455243587494,0.23080432415008545,0.009411181323230267,0.6424539089202881,0.01165663730353117,0.06676308810710907,0.019455455243587494,0.6635217070579529
K6V1_S05,K6X_D215_D225_D100_D125_D110_D220,"[215,225,100,125,110,220]",448,P_XLIKE,0.0,0.0,True,ca58ab027fe20655f9e70d897c3c6c426266fcf67f531ef9b8d10fc518c66e1b,0.012731041759252548,0.21858228743076324,0.0052601369097828865,0.6732771396636963,0.01163207646459341,0.06578627973794937,0.012731041759252548,0.6901693344116211
K6V1_S05,K6X_D215_D225_D100_D125_D110_D220,"[215,225,100,125,110,220]",449,P_XLIKE,0.0,0.0,True,ca58ab027fe20655f9e70d897c3c6c426266fcf67f531ef9b8d10fc518c66e1b,0.015858374536037445,0.20544955134391785,0.004250291269272566,0.6810823082923889,0.017823176458477974,0.05967797711491585,0.015858374536037445,0.7031557559967041
K6V1_S05,K6X_D215_D225_D100_D125_D110_D220,"[215,225,100,125,110,220]",450,P_XLIKE,0.0,0.0,True,ca58ab027fe20655f9e70d897c3c6c426266fcf67f531ef9b8d10fc518c66e1b,0.02633366733789444,0.19436952471733093,0.003644820535555482,0.669887900352478,0.029476236552000046,0.04995421692728996,0.02633366733789444,0.7030089497566223
K6V1_S05,K6X_D215_D225_D100_D125_D110_D220,"[215,225,100,125,110,220]",451,P_XLIKE,0.0,0.0,True,ca58ab027fe20655f9e70d897c3c6c426266fcf67f531ef9b8d10fc518c66e1b,0.043711766600608826,0.1852637678384781,0.002645480912178755,0.6411773562431335,0.04572194814682007,0.037767939269542694,0.043711766600608826,0.6895447969436646
K6V1_S05,K6X_D215_D225_D100_D125_D110_D220,"[215,225,100,125,110,220]",452,P_XLIKE,0.0,0.0,True,ca58ab027fe20655f9e70d897c3c6c426266fcf67f531ef9b8d10fc518c66e1b,0.06898157298564911,0.17150737345218658,0.0015732028987258673,0.6022453308105469,0.06353581696748734,0.023175129666924477,0.06898157298564911,0.6673543453216553
K6V1_S05,K6X_D215_D225_D100_D125_D110_D220,"[215,225,100,125,110,220]",453,P_XLIKE,0.0,0.0,True,ca58ab027fe20655f9e70d897c3c6c426266fcf67f531ef9b8d10fc518c66e1b,0.09584136307239532,0.14307504892349243,0.004571892321109772,0.5747320652008057,0.0761512890458107,0.009786965325474739,0.09584136307239532,0.6554552912712097
K6V1_S05,K6X_D215_D225_D100_D125_D110_D220,"[215,225,100,125,110,220]",454,P_XLIKE,0.0,0.0,True,ca58ab027fe20655f9e70d897c3c6c426266fcf67f531ef9b8d10fc518c66e1b,0.11044181883335114,0.10355602949857712,0.015342386439442635,0.5807506442070007,0.074676014482975,0.004791351966559887,0.11044181883335114,0.6707690954208374
K6V1_S05,K6X_D215_D225_D100_D125_D110_D220,"[215,225,100,125,110,220]",455,P_XLIKE,0.0,0.0,True,ca58ab027fe20655f9e70d897c3c6c426266fcf67f531ef9b8d10fc518c66e1b,0.10751227289438248,0.06526630371809006,0.03254517540335655,0.6143171787261963,0.06313472986221313,0.009712102822959423,0.10751227289438248,0.7099970579147339
K6V1_S15,K6X_D110_D135_D180_D230_D230_D100,"[110,135,180,230,230,100]",445,P_XLIKE,0.0,0.0,True,ca58ab027fe20655f9e70d897c3c6c426266fcf67f531ef9b8d10fc518c66e1b,0.04953928291797638,0.025039181113243103,0.16015681624412537,0.2083091139793396,0.09865432232618332,0.40876203775405884,0.04953928291797638,0.4671202600002289
K6V1_S15,K6X_D110_D135_D180_D230_D230_D100,"[110,135,180,230,230,100]",446,P_XLIKE,0.0,0.0,True,ca58ab027fe20655f9e70d897c3c6c426266fcf67f531ef9b8d10fc518c66e1b,0.05386291816830635,0.02636110968887806,0.13614514470100403,0.22012615203857422,0.11220954358577728,0.3974322974681854,0.05386291816830635,0.46848082542419434
K6V1_S15,K6X_D110_D135_D180_D230_D230_D100,"[110,135,180,230,230,100]",447,P_XLIKE,0.0,0.0,True,ca58ab027fe20655f9e70d897c3c6c426266fcf67f531ef9b8d10fc518c66e1b,0.05609690025448799,0.02618689276278019,0.11950136721134186,0.2317550778388977,0.1251097470521927,0.3852531611919403,0.05609690025448799,0.47636616230010986
K6V1_S15,K6X_D110_D135_D180_D230_D230_D100,"[110,135,180,230,230,100]",448,P_XLIKE,0.0,0.0,True,ca58ab027fe20655f9e70d897c3c6c426266fcf67f531ef9b8d10fc518c66e1b,0.05742291361093521,0.02523001842200756,0.10683249682188034,0.24174973368644714,0.1378009170293808,0.373540997505188,0.05742291361093521,0.4863831400871277
K6V1_S15,K6X_D110_D135_D180_D230_D230_D100,"[110,135,180,230,230,100]",449,P_XLIKE,0.0,0.0,True,ca58ab027fe20655f9e70d897c3c6c426266fcf67f531ef9b8d10fc518c66e1b,0.058260053396224976,0.023871254175901413,0.09663143008947372,0.2500753402709961,0.1504242718219757,0.362477570772171,0.058260053396224976,0.4971310496330261
K6V1_S15,K6X_D110_D135_D180_D230_D230_D100,"[110,135,180,230,230,100]",450,P_XLIKE,0.0,0.0,True,ca58ab027fe20655f9e70d897c3c6c426266fcf67f531ef9b8d10fc518c66e1b,0.058870892971754074,0.02236957475543022,0.08795160800218582,0.25676968693733215,0.16303665935993195,0.35213062167167664,0.058870892971754074,0.5077579617500305
K6V1_S15,K6X_D110_D135_D180_D230_D230_D100,"[110,135,180,230,230,100]",451,P_XLIKE,0.0,0.0,True,ca58ab027fe20655f9e70d897c3c6c426266fcf67f531ef9b8d10fc518c66e1b,0.05933835357427597,0.020817089825868607,0.0804164782166481,0.26223042607307434,0.17550115287303925,0.34235817193984985,0.05933835357427597,0.5181480646133423
K6V1_S15,K6X_D110_D135_D180_D230_D230_D100,"[110,135,180,230,230,100]",452,P_XLIKE,0.0,0.0,True,ca58ab027fe20655f9e70d897c3c6c426266fcf67f531ef9b8d10fc518c66e1b,0.059687938541173935,0.019238634034991264,0.07372719794511795,0.26650381088256836,0.1880830079317093,0.33307144045829773,0.059687938541173935,0.5283139944076538
K6V1_S15,K6X_D110_D135_D180_D230_D230_D100,"[110,135,180,230,230,100]",453,P_XLIKE,0.0,0.0,True,ca58ab027fe20655f9e70d897c3c6c426266fcf67f531ef9b8d10fc518c66e1b,0.0599808506667614,0.017705589532852173,0.06775276362895966,0.26960885524749756,0.20067162811756134,0.3242994248867035,0.0599808506667614,0.5380332469940186
K6V1_S15,K6X_D110_D135_D180_D230_D230_D100,"[110,135,180,230,230,100]",454,P_XLIKE,0.0,0.0,True,ca58ab027fe20655f9e70d897c3c6c426266fcf67f531ef9b8d10fc518c66e1b,0.06023392081260681,0.016193795949220657,0.06223660334944725,0.27181702852249146,0.21345655620098114,0.3158281743526459,0.06023392081260681,0.5475102066993713
K6V1_S15,K6X_D110_D135_D180_D230_D230_D100,"[110,135,180,230,230,100]",455,P_XLIKE,0.0,0.0,True,ca58ab027fe20655f9e70d897c3c6c426266fcf67f531ef9b8d10fc518c66e1b,0.060420431196689606,0.014709513634443283,0.05723743140697479,0.2730538845062256,0.22647230327129364,0.3076860308647156,0.060420431196689606,0.5567636489868164
K6V1_S16,K6X_D175_D230_D230_D230_D100_D220,"[175,230,230,230,100,220]",445,P_XLIKE,0.0,0.0,True,ca58ab027fe20655f9e70d897c3c6c426266fcf67f531ef9b8d10fc518c66e1b,0.1141401007771492,0.03706123307347298,0.25181514024734497,0.37646475434303284,0.04027879238128662,0.06609989702701569,0.1141401007771492,0.6685587167739868
K6V1_S16,K6X_D175_D230_D230_D230_D100_D220,"[175,230,230,230,100,220]",446,P_XLIKE,0.0,0.0,True,ca58ab027fe20655f9e70d897c3c6c426266fcf67f531ef9b8d10fc518c66e1b,0.10389146208763123,0.03904707357287407,0.2500598728656769,0.39768871665000916,0.043077874928712845,0.06234358251094818,0.10389146208763123,0.6908264756202698
K6V1_S16,K6X_D175_D230_D230_D230_D100_D220,"[175,230,230,230,100,220]",447,P_XLIKE,0.0,0.0,True,ca58ab027fe20655f9e70d897c3c6c426266fcf67f531ef9b8d10fc518c66e1b,0.09327660501003265,0.04108557105064392,0.250813364982605,0.4154703617095947,0.04748031124472618,0.05859724059700966,0.09327660501003265,0.7137640118598938
K6V1_S16,K6X_D175_D230_D230_D230_D100_D220,"[175,230,230,230,100,220]",448,P_XLIKE,0.0,0.0,True,ca58ab027fe20655f9e70d897c3c6c426266fcf67f531ef9b8d10fc518c66e1b,0.08281446993350983,0.04258482903242111,0.2533082067966461,0.4287090599536896,0.05385425314307213,0.055914755910634995,0.08281446993350983,0.7358714938163757
K6V1_S16,K6X_D175_D230_D230_D230_D100_D220,"[175,230,230,230,100,220]",449,P_XLIKE,0.0,0.0,True,ca58ab027fe20655f9e70d897c3c6c426266fcf67f531ef9b8d10fc518c66e1b,0.07205816358327866,0.043521247804164886,0.25806325674057007,0.43674612045288086,0.06316934525966644,0.05438369885087013,0.07205816358327866,0.7579787373542786
K6V1_S16,K6X_D175_D230_D230_D230_D100_D220,"[175,230,230,230,100,220]",450,P_XLIKE,0.0,0.0,True,ca58ab027fe20655f9e70d897c3c6c426266fcf67f531ef9b8d10fc518c66e1b,0.06195811554789543,0.04252510517835617,0.2634084224700928,0.4365849196910858,0.0770062729716301,0.056559011340141296,0.06195811554789543,0.7769996523857117
K6V1_S16,K6X_D175_D230_D230_D230_D100_D220,"[175,230,230,230,100,220]",451,P_XLIKE,0.0,0.0,True,ca58ab027fe20655f9e70d897c3c6c426266fcf67f531ef9b8d10fc518c66e1b,0.05446483567357063,0.03853445500135422,0.26530158519744873,0.4253969192504883,0.09631490707397461,0.0655224397778511,0.05446483567357063,0.7870134115219116
K6V1_S16,K6X_D175_D230_D230_D230_D100_D220,"[175,230,230,230,100,220]",452,P_XLIKE,0.0,0.0,True,ca58ab027fe20655f9e70d897c3c6c426266fcf67f531ef9b8d10fc518c66e1b,0.054443806409835815,0.02939390204846859,0.2536683976650238,0.39985936880111694,0.1208023950457573,0.0873882919549942,0.054443806409835815,0.7743301391601562
K6V1_S16,K6X_D175_D230_D230_D230_D100_D220,"[175,230,230,230,100,220]",453,P_XLIKE,0.0,0.0,True,ca58ab027fe20655f9e70d897c3c6c426266fcf67f531ef9b8d10fc518c66e1b,0.06788760423660278,0.016688115894794464,0.2150975912809372,0.3704467713832855,0.13984151184558868,0.1221507340669632,0.06788760423660278,0.725385844707489
K6V1_S16,K6X_D175_D230_D230_D230_D100_D220,"[175,230,230,230,100,220]",454,P_XLIKE,0.0,0.0,True,ca58ab027fe20655f9e70d897c3c6c426266fcf67f531ef9b8d10fc518c66e1b,0.08983594924211502,0.008172220550477505,0.15788377821445465,0.3590816855430603,0.14081250131130219,0.15437795221805573,0.08983594924211502,0.6577779650688171
K6V1_S16,K6X_D175_D230_D230_D230_D100_D220,"[175,230,230,230,100,220]",455,P_XLIKE,0.0,0.0,True,ca58ab027fe20655f9e70d897c3c6c426266fcf67f531ef9b8d10fc518c66e1b,0.10675092786550522,0.009294196031987667,0.10997258871793747,0.37402522563934326,0.12517325580120087,0.16803286969661713,0.10675092786550522,0.6091710925102234
K6V1_EXT01,K6X_D220_D210_D230_D225_D205_D105,"[220,210,230,225,205,105]",445,P_XLIKE,0.0,0.0,True,ca58ab027fe20655f9e70d897c3c6c426266fcf67f531ef9b8d10fc518c66e1b,0.001171519630588591,0.008181444369256496,0.054528333246707916,0.8858447670936584,0.044767241925001144,0.004335285630077124,0.001171519630588591,0.9851403832435608
K6V1_EXT01,K6X_D220_D210_D230_D225_D205_D105,"[220,210,230,225,205,105]",446,P_XLIKE,0.0,0.0,True,ca58ab027fe20655f9e70d897c3c6c426266fcf67f531ef9b8d10fc518c66e1b,0.0021428309846669436,0.007594629190862179,0.04834222421050072,0.894480288028717,0.037882573902606964,0.007414576131850481,0.0021428309846669436,0.9807050824165344
K6V1_EXT01,K6X_D220_D210_D230_D225_D205_D105,"[220,210,230,225,205,105]",447,P_XLIKE,0.0,0.0,True,ca58ab027fe20655f9e70d897c3c6c426266fcf67f531ef9b8d10fc518c66e1b,0.0035604170989245176,0.007184872403740883,0.04496009647846222,0.8974494934082031,0.031525641679763794,0.01175909023731947,0.0035604170989245176,0.9739352464675903
K6V1_EXT01,K6X_D220_D210_D230_D225_D205_D105,"[220,210,230,225,205,105]",448,P_XLIKE,0.0,0.0,True,ca58ab027fe20655f9e70d897c3c6c426266fcf67f531ef9b8d10fc518c66e1b,0.005998849868774414,0.006437147501856089,0.04297063872218132,0.89539635181427,0.025598684325814247,0.017599433660507202,0.005998849868774414,0.9639657139778137
K6V1_EXT01,K6X_D220_D210_D230_D225_D205_D105,"[220,210,230,225,205,105]",449,P_XLIKE,0.0,0.0,True,ca58ab027fe20655f9e70d897c3c6c426266fcf67f531ef9b8d10fc518c66e1b,0.00943403597921133,0.005664503667503595,0.043532807379961014,0.8860107064247131,0.019636686891317368,0.0262872613966465,0.00943403597921133,0.9491801857948303
K6V1_EXT01,K6X_D220_D210_D230_D225_D205_D105,"[220,210,230,225,205,105]",450,P_XLIKE,0.0,0.0,True,ca58ab027fe20655f9e70d897c3c6c426266fcf67f531ef9b8d10fc518c66e1b,0.015300223603844643,0.004430769011378288,0.046160388737916946,0.8663516044616699,0.013740244321525097,0.038716576993465424,0.015300223603844643,0.9262522459030151
K6V1_EXT01,K6X_D220_D210_D230_D225_D205_D105,"[220,210,230,225,205,105]",451,P_XLIKE,0.0,0.0,True,ca58ab027fe20655f9e70d897c3c6c426266fcf67f531ef9b8d10fc518c66e1b,0.023145876824855804,0.002831417368724942,0.05146799236536026,0.834115743637085,0.00748639227822423,0.057806748896837234,0.023145876824855804,0.8930701613426208
K6V1_EXT01,K6X_D220_D210_D230_D225_D205_D105,"[220,210,230,225,205,105]",452,P_XLIKE,0.0,0.0,True,ca58ab027fe20655f9e70d897c3c6c426266fcf67f531ef9b8d10fc518c66e1b,0.0346984788775444,0.0012563596246764064,0.05922367423772812,0.7846629023551941,0.002203521318733692,0.0832565501332283,0.0346984788775444,0.8460900783538818
K6V1_EXT01,K6X_D220_D210_D230_D225_D205_D105,"[220,210,230,225,205,105]",453,P_XLIKE,0.0,0.0,True,ca58ab027fe20655f9e70d897c3c6c426266fcf67f531ef9b8d10fc518c66e1b,0.04449613392353058,0.00046202316298149526,0.06544909626245499,0.7334860563278198,0.00019946676911786199,0.11141107976436615,0.04449613392353058,0.7991346120834351
K6V1_EXT01,K6X_D220_D210_D230_D225_D205_D105,"[220,210,230,225,205,105]",454,P_XLIKE,0.0,0.0,True,ca58ab027fe20655f9e70d897c3c6c426266fcf67f531ef9b8d10fc518c66e1b,0.05363650619983673,0.0017995069501921535,0.07346505671739578,0.6794543862342834,0.003989419434219599,0.13401861488819122,0.05363650619983673,0.7569088339805603
K6V1_EXT01,K6X_D220_D210_D230_D225_D205_D105,"[220,210,230,225,205,105]",455,P_XLIKE,0.0,0.0,True,ca58ab027fe20655f9e70d897c3c6c426266fcf67f531ef9b8d10fc518c66e1b,0.1426839977502823,0.00884873978793621,0.0658884271979332,0.5445505976676941,0.00394102418795228,0.09140314161777496,0.1426839977502823,0.6143800020217896
K6V1_EXT02,K6X_D220_D120_D155_D100_D105_D110,"[220,120,155,100,105,110]",445,P_XLIKE,0.0,0.0,True,ca58ab027fe20655f9e70d897c3c6c426266fcf67f531ef9b8d10fc518c66e1b,0.10323377698659897,0.015805983915925026,0.025727765634655952,0.3484337627887726,0.23345176875591278,0.17011308670043945,0.10323377698659897,0.6076133251190186
K6V1_EXT02,K6X_D220_D120_D155_D100_D105_D110,"[220,120,155,100,105,110]",446,P_XLIKE,0.0,0.0,True,ca58ab027fe20655f9e70d897c3c6c426266fcf67f531ef9b8d10fc518c66e1b,0.11078750342130661,0.013500068336725235,0.029868004843592644,0.33982208371162415,0.21991509199142456,0.17531965672969818,0.11078750342130661,0.5896052122116089
K6V1_EXT02,K6X_D220_D120_D155_D100_D105_D110,"[220,120,155,100,105,110]",447,P_XLIKE,0.0,0.0,True,ca58ab027fe20655f9e70d897c3c6c426266fcf67f531ef9b8d10fc518c66e1b,0.11989781260490417,0.011129003949463367,0.03431983292102814,0.32954344153404236,0.20535610616207123,0.17985592782497406,0.11989781260490417,0.5692194104194641
K6V1_EXT02,K6X_D220_D120_D155_D100_D105_D110,"[220,120,155,100,105,110]",448,P_XLIKE,0.0,0.0,True,ca58ab027fe20655f9e70d897c3c6c426266fcf67f531ef9b8d10fc518c66e1b,0.13111524283885956,0.009088309481739998,0.03857216238975525,0.31625375151634216,0.19124969840049744,0.18260557949543,0.13111524283885956,0.5460755825042725
K6V1_EXT02,K6X_D220_D120_D155_D100_D105_D110,"[220,120,155,100,105,110]",449,P_XLIKE,0.0,0.0,True,ca58ab027fe20655f9e70d897c3c6c426266fcf67f531ef9b8d10fc518c66e1b,0.14495235681533813,0.007464300375431776,0.04282841086387634,0.29912006855010986,0.17725054919719696,0.1834319829940796,0.14495235681533813,0.519199013710022
K6V1_EXT02,K6X_D220_D120_D155_D100_D105_D110,"[220,120,155,100,105,110]",450,P_XLIKE,0.0,0.0,True,ca58ab027fe20655f9e70d897c3c6c426266fcf67f531ef9b8d10fc518c66e1b,0.16239145398139954,0.007175252307206392,0.04603360593318939,0.2760847806930542,0.1660589873790741,0.17986448109149933,0.16239145398139954,0.4881773889064789
K6V1_EXT02,K6X_D220_D120_D155_D100_D105_D110,"[220,120,155,100,105,110]",451,P_XLIKE,0.0,0.0,True,ca58ab027fe20655f9e70d897c3c6c426266fcf67f531ef9b8d10fc518c66e1b,0.18226973712444305,0.00947185605764389,0.04713975265622139,0.2475903034210205,0.1614944487810135,0.16976423561573029,0.18226973712444305,0.4562245011329651
K6V1_EXT02,K6X_D220_D120_D155_D100_D105_D110,"[220,120,155,100,105,110]",452,P_XLIKE,0.0,0.0,True,ca58ab027fe20655f9e70d897c3c6c426266fcf67f531ef9b8d10fc518c66e1b,0.20121967792510986,0.016781197860836983,0.04356774687767029,0.21641148626804352,0.17170487344264984,0.14909538626670837,0.20121967792510986,0.43168413639068604
K6V1_EXT02,K6X_D220_D120_D155_D100_D105_D110,"[220,120,155,100,105,110]",453,P_XLIKE,0.0,0.0,True,ca58ab027fe20655f9e70d897c3c6c426266fcf67f531ef9b8d10fc518c66e1b,0.2073097974061966,0.030131328850984573,0.033328503370285034,0.19790326058864594,0.2042311280965805,0.11978611350059509,0.2073097974061966,0.4354628920555115
K6V1_EXT02,K6X_D220_D120_D155_D100_D105_D110,"[220,120,155,100,105,110]",454,P_XLIKE,0.0,0.0,True,ca58ab027fe20655f9e70d897c3c6c426266fcf67f531ef9b8d10fc518c66e1b,0.1916317641735077,0.045350052416324615,0.019864819943904877,0.20748808979988098,0.2497788816690445,0.09425461292266846,0.1916317641735077,0.47713178396224976
K6V1_EXT02,K6X_D220_D120_D155_D100_D105_D110,"[220,120,155,100,105,110]",455,P_XLIKE,0.0,0.0,True,ca58ab027fe20655f9e70d897c3c6c426266fcf67f531ef9b8d10fc518c66e1b,0.1606498807668686,0.05512396991252899,0.010356703773140907,0.242196187376976,0.28506627678871155,0.08595709502696991,0.1606498807668686,0.5376191735267639
K6V1_EXT03,K6X_D120_D110_D225_D225_D100_D205,"[120,110,225,225,100,205]",445,P_XLIKE,0.0,0.0,True,ca58ab027fe20655f9e70d897c3c6c426266fcf67f531ef9b8d10fc518c66e1b,0.00885839480906725,0.04337446391582489,0.03485740348696709,0.8455948829650879,0.018771562725305557,0.03968491032719612,0.00885839480906725,0.8992238640785217
K6V1_EXT03,K6X_D120_D110_D225_D225_D100_D205,"[120,110,225,225,100,205]",446,P_XLIKE,0.0,0.0,True,ca58ab027fe20655f9e70d897c3c6c426266fcf67f531ef9b8d10fc518c66e1b,0.009958328679203987,0.04157932847738266,0.0369488000869751,0.8478603959083557,0.018024686723947525,0.03567017242312431,0.009958328679203987,0.902833878993988
K6V1_EXT03,K6X_D120_D110_D225_D225_D100_D205,"[120,110,225,225,100,205]",447,P_XLIKE,0.0,0.0,True,ca58ab027fe20655f9e70d897c3c6c426266fcf67f531ef9b8d10fc518c66e1b,0.011236234568059444,0.040925830602645874,0.03868827223777771,0.8476064801216125,0.018077965825796127,0.032228950411081314,0.011236234568059444,0.9043726921081543
K6V1_EXT03,K6X_D120_D110_D225_D225_D100_D205,"[120,110,225,225,100,205]",448,P_XLIKE,0.0,0.0,True,ca58ab027fe20655f9e70d897c3c6c426266fcf67f531ef9b8d10fc518c66e1b,0.012428324669599533,0.04119294881820679,0.04051660746335983,0.8461284637451172,0.018280453979969025,0.029024899005889893,0.012428324669599533,0.904925525188446
K6V1_EXT03,K6X_D120_D110_D225_D225_D100_D205,"[120,110,225,225,100,205]",449,P_XLIKE,0.0,0.0,True,ca58ab027fe20655f9e70d897c3c6c426266fcf67f531ef9b8d10fc518c66e1b,0.01389431394636631,0.04247920960187912,0.04186997190117836,0.8422161936759949,0.019259531050920486,0.02638651803135872,0.01389431394636631,0.9033457040786743
K6V1_EXT03,K6X_D120_D110_D225_D225_D100_D205,"[120,110,225,225,100,205]",450,P_XLIKE,0.0,0.0,True,ca58ab027fe20655f9e70d897c3c6c426266fcf67f531ef9b8d10fc518c66e1b,0.015338080935180187,0.044888339936733246,0.04368745535612106,0.8366589546203613,0.020243791863322258,0.02384541556239128,0.015338080935180187,0.900590181350708
K6V1_EXT03,K6X_D120_D110_D225_D225_D100_D205,"[120,110,225,225,100,205]",451,P_XLIKE,0.0,0.0,True,ca58ab027fe20655f9e70d897c3c6c426266fcf67f531ef9b8d10fc518c66e1b,0.017211787402629852,0.048489999026060104,0.044900860637426376,0.828156590461731,0.022111959755420685,0.021917039528489113,0.017211787402629852,0.8951693773269653
K6V1_EXT03,K6X_D120_D110_D225_D225_D100_D205,"[120,110,225,225,100,205]",452,P_XLIKE,0.0,0.0,True,ca58ab027fe20655f9e70d897c3c6c426266fcf67f531ef9b8d10fc518c66e1b,0.01954156532883644,0.05456524342298508,0.04749777913093567,0.8150922656059265,0.023664170876145363,0.020097456872463226,0.01954156532883644,0.8862542510032654
K6V1_EXT03,K6X_D120_D110_D225_D225_D100_D205,"[120,110,225,225,100,205]",453,P_XLIKE,0.0,0.0,True,ca58ab027fe20655f9e70d897c3c6c426266fcf67f531ef9b8d10fc518c66e1b,0.022967664524912834,0.06382780522108078,0.050643038004636765,0.7948943376541138,0.02564978413283825,0.01904972828924656,0.022967664524912834,0.871187150478363
K6V1_EXT03,K6X_D120_D110_D225_D225_D100_D205,"[120,110,225,225,100,205]",454,P_XLIKE,0.0,0.0,True,ca58ab027fe20655f9e70d897c3c6c426266fcf67f531ef9b8d10fc518c66e1b,0.030959395691752434,0.08700089156627655,0.06483807414770126,0.7436765432357788,0.02310287021100521,0.019462840631604195,0.030959395691752434,0.8316174745559692
K6V1_EXT03,K6X_D120_D110_D225_D225_D100_D205,"[120,110,225,225,100,205]",455,P_XLIKE,0.0,0.0,True,ca58ab027fe20655f9e70d897c3c6c426266fcf67f531ef9b8d10fc518c66e1b,0.030210494995117188,0.12167978286743164,0.15922151505947113,0.6410501003265381,0.005887103267014027,0.011740444228053093,0.030210494995117188,0.806158721446991
K6V1_EXT04,K6X_D105_D230_D100_D100_D230_D220,"[105,230,100,100,230,220]",445,P_XLIKE,0.0,0.0,True,ca58ab027fe20655f9e70d897c3c6c426266fcf67f531ef9b8d10fc518c66e1b,0.0002875352220144123,0.0910857692360878,0.005660879425704479,0.7953625321388245,0.0036372998729348183,0.10367841273546219,0.0002875352220144123,0.8046607375144958
K6V1_EXT04,K6X_D105_D230_D100_D100_D230_D220,"[105,230,100,100,230,220]",446,P_XLIKE,0.0,0.0,True,ca58ab027fe20655f9e70d897c3c6c426266fcf67f531ef9b8d10fc518c66e1b,0.0004499653878156096,0.07600376009941101,0.00435189763084054,0.8190967440605164,0.0020360141061246395,0.09761165827512741,0.0004499653878156096,0.8254846930503845
K6V1_EXT04,K6X_D105_D230_D100_D100_D230_D220,"[105,230,100,100,230,220]",447,P_XLIKE,0.0,0.0,True,ca58ab027fe20655f9e70d897c3c6c426266fcf67f531ef9b8d10fc518c66e1b,0.0012154016876593232,0.06282094866037369,0.0037015709094703197,0.8364248275756836,0.0007961759110912681,0.09382566809654236,0.0012154016876593232,0.8409225940704346
K6V1_EXT04,K6X_D105_D230_D100_D100_D230_D220,"[105,230,100,100,230,220]",448,P_XLIKE,0.0,0.0,True,ca58ab027fe20655f9e70d897c3c6c426266fcf67f531ef9b8d10fc518c66e1b,0.002800430404022336,0.05069328844547272,0.004172266460955143,0.8469144701957703,0.00013799048610962927,0.09248113632202148,0.002800430404022336,0.8512247204780579
K6V1_EXT04,K6X_D105_D230_D100_D100_D230_D220,"[105,230,100,100,230,220]",449,P_XLIKE,0.0,0.0,True,ca58ab027fe20655f9e70d897c3c6c426266fcf67f531ef9b8d10fc518c66e1b,0.005546910222619772,0.03967782482504845,0.006091595161706209,0.8489965200424194,0.00032789536635391414,0.09381239116191864,0.005546910222619772,0.8554159998893738
K6V1_EXT04,K6X_D105_D230_D100_D100_D230_D220,"[105,230,100,100,230,220]",450,P_XLIKE,0.0,0.0,True,ca58ab027fe20655f9e70d897c3c6c426266fcf67f531ef9b8d10fc518c66e1b,0.010047037154436111,0.028855357319116592,0.010571498423814774,0.8402220010757446,0.0019999558571726084,0.09825707972049713,0.010047037154436111,0.8527934551239014
K6V1_EXT04,K6X_D105_D230_D100_D100_D230_D220,"[105,230,100,100,230,220]",451,P_XLIKE,0.0,0.0,True,ca58ab027fe20655f9e70d897c3c6c426266fcf67f531ef9b8d10fc518c66e1b,0.016745487228035927,0.01856745220720768,0.018575411289930344,0.81878662109375,0.006018560379743576,0.10456091165542603,0.016745487228035927,0.8433806300163269
K6V1_EXT04,K6X_D105_D230_D100_D100_D230_D220,"[105,230,100,100,230,220]",452,P_XLIKE,0.0,0.0,True,ca58ab027fe20655f9e70d897c3c6c426266fcf67f531ef9b8d10fc518c66e1b,0.025701267644762993,0.009047990664839745,0.031221898272633553,0.7853521108627319,0.013519523665308952,0.1094558835029602,0.025701267644762993,0.8300935626029968
K6V1_EXT04,K6X_D105_D230_D100_D100_D230_D220,"[105,230,100,100,230,220]",453,P_XLIKE,0.0,0.0,True,ca58ab027fe20655f9e70d897c3c6c426266fcf67f531ef9b8d10fc518c66e1b,0.03330470994114876,0.002691247733309865,0.0448712557554245,0.7594659328460693,0.023029441013932228,0.10333270579576492,0.03330470994114876,0.8273666501045227
K6V1_EXT04,K6X_D105_D230_D100_D100_D230_D220,"[105,230,100,100,230,220]",454,P_XLIKE,0.0,0.0,True,ca58ab027fe20655f9e70d897c3c6c426266fcf67f531ef9b8d10fc518c66e1b,0.03453591465950012,0.0016500416677445173,0.05172545835375786,0.766252338886261,0.029751280322670937,0.08154907822608948,0.03453591465950012,0.8477290868759155
K6V1_EXT04,K6X_D105_D230_D100_D100_D230_D220,"[105,230,100,100,230,220]",455,P_XLIKE,0.0,0.0,True,ca58ab027fe20655f9e70d897c3c6c426266fcf67f531ef9b8d10fc518c66e1b,0.02856762334704399,0.004063347354531288,0.047852590680122375,0.8081355690956116,0.029873257502913475,0.05293997749686241,0.02856762334704399,0.8858613967895508
K6V1_EXT05,K6X_D210_D220_D100_D230_D195_D225,"[210,220,100,230,195,225]",445,P_XLIKE,0.0,0.0,True,ca58ab027fe20655f9e70d897c3c6c426266fcf67f531ef9b8d10fc518c66e1b,0.07345810532569885,0.03538649156689644,0.0062955464236438274,0.7445622682571411,2.1090514565003105e-05,0.06681846082210541,0.07345810532569885,0.7508789300918579
K6V1_EXT05,K6X_D210_D220_D100_D230_D195_D225,"[210,220,100,230,195,225]",446,P_XLIKE,0.0,0.0,True,ca58ab027fe20655f9e70d897c3c6c426266fcf67f531ef9b8d10fc518c66e1b,0.06504318863153458,0.03379388526082039,0.00448343763127923,0.7643036842346191,0.0001000638585537672,0.06723257154226303,0.06504318863153458,0.7688872218132019
K6V1_EXT05,K6X_D210_D220_D100_D230_D195_D225,"[210,220,100,230,195,225]",447,P_XLIKE,0.0,0.0,True,ca58ab027fe20655f9e70d897c3c6c426266fcf67f531ef9b8d10fc518c66e1b,0.057071320712566376,0.03350042551755905,0.0028522282373160124,0.780228853225708,0.00021054271201137453,0.06906527280807495,0.057071320712566376,0.7832915782928467
K6V1_EXT05,K6X_D210_D220_D100_D230_D195_D225,"[210,220,100,230,195,225]",448,P_XLIKE,0.0,0.0,True,ca58ab027fe20655f9e70d897c3c6c426266fcf67f531ef9b8d10fc518c66e1b,0.04969688504934311,0.034213971346616745,0.0016372702084481716,0.7919169664382935,0.0002367992274230346,0.07260116934776306,0.04969688504934311,0.7937910556793213
K6V1_EXT05,K6X_D210_D220_D100_D230_D195_D225,"[210,220,100,230,195,225]",449,P_XLIKE,0.0,0.0,True,ca58ab027fe20655f9e70d897c3c6c426266fcf67f531ef9b8d10fc518c66e1b,0.04392024874687195,0.03606313839554787,0.0010371661046519876,0.7967032790184021,0.00022253829229157418,0.07813332229852676,0.04392024874687195,0.79796302318573
K6V1_EXT05,K6X_D210_D220_D100_D230_D195_D225,"[210,220,100,230,195,225]",450,P_XLIKE,0.0,0.0,True,ca58ab027fe20655f9e70d897c3c6c426266fcf67f531ef9b8d10fc518c66e1b,0.04093344137072563,0.039006199687719345,0.0016713280929252505,0.7908121347427368,0.00012309539306443185,0.08652029186487198,0.04093344137072563,0.7926065325737
K6V1_EXT05,K6X_D210_D220_D100_D230_D195_D225,"[210,220,100,230,195,225]",451,P_XLIKE,0.0,0.0,True,ca58ab027fe20655f9e70d897c3c6c426266fcf67f531ef9b8d10fc518c66e1b,0.044025588780641556,0.04190894216299057,0.004995130002498627,0.7693465948104858,0.0004399762547109276,0.09525811672210693,0.044025588780641556,0.7747817039489746
K6V1_EXT05,K6X_D210_D220_D100_D230_D195_D225,"[210,220,100,230,195,225]",452,P_XLIKE,0.0,0.0,True,ca58ab027fe20655f9e70d897c3c6c426266fcf67f531ef9b8d10fc518c66e1b,0.05654166266322136,0.04269305244088173,0.012986712157726288,0.726038932800293,0.0024737324565649033,0.10272420197725296,0.05654166266322136,0.7414993643760681
K6V1_EXT05,K6X_D210_D220_D100_D230_D195_D225,"[210,220,100,230,195,225]",453,P_XLIKE,0.0,0.0,True,ca58ab027fe20655f9e70d897c3c6c426266fcf67f531ef9b8d10fc518c66e1b,0.07903607934713364,0.037397515028715134,0.02636578679084778,0.6727806329727173,0.007661191746592522,0.097722627222538,0.07903607934713364,0.706807553768158
K6V1_EXT05,K6X_D210_D220_D100_D230_D195_D225,"[210,220,100,230,195,225]",454,P_XLIKE,0.0,0.0,True,ca58ab027fe20655f9e70d897c3c6c426266fcf67f531ef9b8d10fc518c66e1b,0.09853794425725937,0.02578161470592022,0.041028942912817,0.640564501285553,0.016405057162046432,0.07914403825998306,0.09853794425725937,0.6979984641075134
K6V1_EXT05,K6X_D210_D220_D100_D230_D195_D225,"[210,220,100,230,195,225]",455,P_XLIKE,0.0,0.0,True,ca58ab027fe20655f9e70d897c3c6c426266fcf67f531ef9b8d10fc518c66e1b,0.10394120961427689,0.013762101531028748,0.05053992196917534,0.6475379467010498,0.025810718536376953,0.05446689948439598,0.10394120961427689,0.7238885760307312
K6V1_EXT06,K6X_D165_D110_D115_D230_D155_D115,"[165,110,115,230,155,115]",445,P_XLIKE,0.0,0.0,True,ca58ab027fe20655f9e70d897c3c6c426266fcf67f531ef9b8d10fc518c66e1b,0.29161617159843445,0.056096989661455154,0.03200066089630127,0.07742025703191757,0.1304609775543213,0.12078875303268433,0.29161617159843445,0.23988190293312073
K6V1_EXT06,K6X_D165_D110_D115_D230_D155_D115,"[165,110,115,230,155,115]",446,P_XLIKE,0.0,0.0,True,ca58ab027fe20655f9e70d897c3c6c426266fcf67f531ef9b8d10fc518c66e1b,0.2940709590911865,0.05760763958096504,0.03760413080453873,0.07819915562868118,0.12150057405233383,0.11694661527872086,0.2940709590911865,0.23730385303497314
K6V1_EXT06,K6X_D165_D110_D115_D230_D155_D115,"[165,110,115,230,155,115]",447,P_XLIKE,0.0,0.0,True,ca58ab027fe20655f9e70d897c3c6c426266fcf67f531ef9b8d10fc518c66e1b,0.2956714928150177,0.05689801275730133,0.04495332017540932,0.0800645500421524,0.11041653156280518,0.11632455885410309,0.2956714928150177,0.2354343980550766
K6V1_EXT06,K6X_D165_D110_D115_D230_D155_D115,"[165,110,115,230,155,115]",448,P_XLIKE,0.0,0.0,True,ca58ab027fe20655f9e70d897c3c6c426266fcf67f531ef9b8d10fc518c66e1b,0.29487231373786926,0.052587613463401794,0.055549103766679764,0.08658300340175629,0.0955674797296524,0.1199682429432869,0.29487231373786926,0.23769958317279816
K6V1_EXT06,K6X_D165_D110_D115_D230_D155_D115,"[165,110,115,230,155,115]",449,P_XLIKE,0.0,0.0,True,ca58ab027fe20655f9e70d897c3c6c426266fcf67f531ef9b8d10fc518c66e1b,0.28437864780426025,0.0443405881524086,0.07133536785840988,0.11252010613679886,0.0757637470960617,0.12728294730186462,0.28437864780426025,0.25961923599243164
K6V1_EXT06,K6X_D165_D110_D115_D230_D155_D115,"[165,110,115,230,155,115]",450,P_XLIKE,0.0,0.0,True,ca58ab027fe20655f9e70d897c3c6c426266fcf67f531ef9b8d10fc518c66e1b,0.2410718947649002,0.05661442130804062,0.07758008688688278,0.19641993939876556,0.07434962689876556,0.11289222538471222,0.2410718947649002,0.3483496308326721
K6V1_EXT06,K6X_D165_D110_D115_D230_D155_D115,"[165,110,115,230,155,115]",451,P_XLIKE,0.0,0.0,True,ca58ab027fe20655f9e70d897c3c6c426266fcf67f531ef9b8d10fc518c66e1b,0.21618197858333588,0.12038227170705795,0.03709781914949417,0.22842735052108765,0.13064025342464447,0.05108842998743057,0.21618197858333588,0.3961654305458069
K6V1_EXT06,K6X_D165_D110_D115_D230_D155_D115,"[165,110,115,230,155,115]",452,P_XLIKE,0.0,0.0,True,ca58ab027fe20655f9e70d897c3c6c426266fcf67f531ef9b8d10fc518c66e1b,0.24051687121391296,0.14107854664325714,0.020644936710596085,0.175301194190979,0.1468791663646698,0.03506242483854294,0.24051687121391296,0.3428252935409546
K6V1_EXT06,K6X_D165_D110_D115_D230_D155_D115,"[165,110,115,230,155,115]",453,P_XLIKE,0.0,0.0,True,ca58ab027fe20655f9e70d897c3c6c426266fcf67f531ef9b8d10fc518c66e1b,0.25692039728164673,0.1427256464958191,0.02148105949163437,0.1428665816783905,0.14206022024154663,0.037025727331638336,0.25692039728164673,0.3064078688621521
K6V1_EXT06,K6X_D165_D110_D115_D230_D155_D115,"[165,110,115,230,155,115]",454,P_XLIKE,0.0,0.0,True,ca58ab027fe20655f9e70d897c3c6c426266fcf67f531ef9b8d10fc518c66e1b,0.26551011204719543,0.14325560629367828,0.02498786337673664,0.1257471740245819,0.1351892650127411,0.039799872785806656,0.26551011204719543,0.2859243154525757
K6V1_EXT06,K6X_D165_D110_D115_D230_D155_D115,"[165,110,115,230,155,115]",455,P_XLIKE,0.0,0.0,True,ca58ab027fe20655f9e70d897c3c6c426266fcf67f531ef9b8d10fc518c66e1b,0.27025431394577026,0.14473649859428406,0.028529595583677292,0.11549141258001328,0.1290155053138733,0.04171840846538544,0.27025431394577026,0.27303650975227356
K6V1_EXT07,K6X_D115_D230_D125_D105_D100_D130,"[115,230,125,105,100,130]",445,P_XLIKE,0.0,0.0,True,ca58ab027fe20655f9e70d897c3c6c426266fcf67f531ef9b8d10fc518c66e1b,0.01707848161458969,0.17061938345432281,0.09230698645114899,0.5485637187957764,0.025219736620783806,0.1291332095861435,0.01707848161458969,0.6660904288291931
K6V1_EXT07,K6X_D115_D230_D125_D105_D100_D130,"[115,230,125,105,100,130]",446,P_XLIKE,0.0,0.0,True,ca58ab027fe20655f9e70d897c3c6c426266fcf67f531ef9b8d10fc518c66e1b,0.014089611358940601,0.1722547858953476,0.08613210171461105,0.5618581771850586,0.021648861467838287,0.1299269050359726,0.014089611358940601,0.6696391701698303
K6V1_EXT07,K6X_D115_D230_D125_D105_D100_D130,"[115,230,125,105,100,130]",447,P_XLIKE,0.0,0.0,True,ca58ab027fe20655f9e70d897c3c6c426266fcf67f531ef9b8d10fc518c66e1b,0.011803277768194675,0.17442665994167328,0.08040634542703629,0.572688639163971,0.01847807690501213,0.13039374351501465,0.011803277768194675,0.6715731024742126
K6V1_EXT07,K6X_D115_D230_D125_D105_D100_D130,"[115,230,125,105,100,130]",448,P_XLIKE,0.0,0.0,True,ca58ab027fe20655f9e70d897c3c6c426266fcf67f531ef9b8d10fc518c66e1b,0.00986167136579752,0.17656278610229492,0.07498030364513397,0.5828328728675842,0.015825636684894562,0.13007502257823944,0.00986167136579752,0.6736388206481934
K6V1_EXT07,K6X_D115_D230_D125_D105_D100_D130,"[115,230,125,105,100,130]",449,P_XLIKE,0.0,0.0,True,ca58ab027fe20655f9e70d897c3c6c426266fcf67f531ef9b8d10fc518c66e1b,0.00833850633352995,0.17904509603977203,0.0697290226817131,0.5912694931030273,0.01360742561519146,0.12967191636562347,0.00833850633352995,0.6746059656143188
K6V1_EXT07,K6X_D115_D230_D125_D105_D100_D130,"[115,230,125,105,100,130]",450,P_XLIKE,0.0,0.0,True,ca58ab027fe20655f9e70d897c3c6c426266fcf67f531ef9b8d10fc518c66e1b,0.007127443328499794,0.18137599527835846,0.06494372338056564,0.5990673303604126,0.011692270636558533,0.12866586446762085,0.007127443328499794,0.6757033467292786
K6V1_EXT07,K6X_D115_D230_D125_D105_D100_D130,"[115,230,125,105,100,130]",451,P_XLIKE,0.0,0.0,True,ca58ab027fe20655f9e70d897c3c6c426266fcf67f531ef9b8d10fc518c66e1b,0.0061492291279137135,0.18387700617313385,0.06020081415772438,0.6058231592178345,0.010171119123697281,0.12762948870658875,0.0061492291279137135,0.6761950850486755
K6V1_EXT07,K6X_D115_D230_D125_D105_D100_D130,"[115,230,125,105,100,130]",452,P_XLIKE,0.0,0.0,True,ca58ab027fe20655f9e70d897c3c6c426266fcf67f531ef9b8d10fc518c66e1b,0.005440989509224892,0.18634195625782013,0.05591123551130295,0.611790657043457,0.008853540755808353,0.12622058391571045,0.005440989509224892,0.6765554547309875
K6V1_EXT07,K6X_D115_D230_D125_D105_D100_D130,"[115,230,125,105,100,130]",453,P_XLIKE,0.0,0.0,True,ca58ab027fe20655f9e70d897c3c6c426266fcf67f531ef9b8d10fc518c66e1b,0.004882434383034706,0.18877506256103516,0.051643941551446915,0.6172614097595215,0.007857994176447392,0.1246967613697052,0.004882434383034706,0.6767633557319641
K6V1_EXT07,K6X_D115_D230_D125_D105_D100_D130,"[115,230,125,105,100,130]",454,P_XLIKE,0.0,0.0,True,ca58ab027fe20655f9e70d897c3c6c426266fcf67f531ef9b8d10fc518c66e1b,0.0045386250130832195,0.19141721725463867,0.0477491058409214,0.6216893196105957,0.00703007448464632,0.12303704768419266,0.0045386250130832195,0.6764684915542603
K6V1_EXT07,K6X_D115_D230_D125_D105_D100_D130,"[115,230,125,105,100,130]",455,P_XLIKE,0.0,0.0,True,ca58ab027fe20655f9e70d897c3c6c426266fcf67f531ef9b8d10fc518c66e1b,0.004321468062698841,0.19388465583324432,0.04387634992599487,0.6259983777999878,0.006460219621658325,0.12113742530345917,0.004321468062698841,0.6763349771499634
K6V1_EXT08,K6X_D230_D115_D185_D220_D220_D155,"[230,115,185,220,220,155]",445,P_XLIKE,0.0,0.0,True,ca58ab027fe20655f9e70d897c3c6c426266fcf67f531ef9b8d10fc518c66e1b,0.027560731396079063,0.29879850149154663,0.16473492980003357,0.25238072872161865,0.01671742834150791,0.21224693953990936,0.027560731396079063,0.4338330924510956
K6V1_EXT08,K6X_D230_D115_D185_D220_D220_D155,"[230,115,185,220,220,155]",446,P_XLIKE,0.0,0.0,True,ca58ab027fe20655f9e70d897c3c6c426266fcf67f531ef9b8d10fc518c66e1b,0.03168072551488876,0.28035950660705566,0.17590947449207306,0.25218987464904785,0.01241297833621502,0.21576671302318573,0.03168072551488876,0.4405122995376587
K6V1_EXT08,K6X_D230_D115_D185_D220_D220_D155,"[230,115,185,220,220,155]",447,P_XLIKE,0.0,0.0,True,ca58ab027fe20655f9e70d897c3c6c426266fcf67f531ef9b8d10fc518c66e1b,0.035759087651968,0.26194021105766296,0.1904313862323761,0.2502157986164093,0.008609730750322342,0.21728478372097015,0.035759087651968,0.44925692677497864
K6V1_EXT08,K6X_D230_D115_D185_D220_D220_D155,"[230,115,185,220,220,155]",448,P_XLIKE,0.0,0.0,True,ca58ab027fe20655f9e70d897c3c6c426266fcf67f531ef9b8d10fc518c66e1b,0.040113870054483414,0.24411284923553467,0.20867957174777985,0.24434421956539154,0.005278685130178928,0.2173568606376648,0.040113870054483414,0.45830246806144714
K6V1_EXT08,K6X_D230_D115_D185_D220_D220_D155,"[230,115,185,220,220,155]",449,P_XLIKE,0.0,0.0,True,ca58ab027fe20655f9e70d897c3c6c426266fcf67f531ef9b8d10fc518c66e1b,0.044772032648324966,0.22578416764736176,0.23243342339992523,0.23381921648979187,0.003110037185251713,0.21530911326408386,0.044772032648324966,0.46936267614364624
K6V1_EXT08,K6X_D230_D115_D185_D220_D220_D155,"[230,115,185,220,220,155]",450,P_XLIKE,0.0,0.0,True,ca58ab027fe20655f9e70d897c3c6c426266fcf67f531ef9b8d10fc518c66e1b,0.05039956420660019,0.2078474909067154,0.26283833384513855,0.21357978880405426,0.0029132768977433443,0.21202197670936584,0.05039956420660019,0.4793314039707184
K6V1_EXT08,K6X_D230_D115_D185_D220_D220_D155,"[230,115,185,220,220,155]",451,P_XLIKE,0.0,0.0,True,ca58ab027fe20655f9e70d897c3c6c426266fcf67f531ef9b8d10fc518c66e1b,0.057133305817842484,0.19236189126968384,0.2967396676540375,0.17969836294651031,0.007306908722966909,0.20962657034397125,0.057133305817842484,0.48374494910240173
K6V1_EXT08,K6X_D230_D115_D185_D220_D220_D155,"[230,115,185,220,220,155]",452,P_XLIKE,0.0,0.0,True,ca58ab027fe20655f9e70d897c3c6c426266fcf67f531ef9b8d10fc518c66e1b,0.0652388259768486,0.1860666275024414,0.321673184633255,0.12615148723125458,0.020699327811598778,0.21493172645568848,0.0652388259768486,0.4685239791870117
K6V1_EXT08,K6X_D230_D115_D185_D220_D220_D155,"[230,115,185,220,220,155]",453,P_XLIKE,0.0,0.0,True,ca58ab027fe20655f9e70d897c3c6c426266fcf67f531ef9b8d10fc518c66e1b,0.07217852026224136,0.20155012607574463,0.300518274307251,0.06822468340396881,0.04418712854385376,0.24116277694702148,0.07217852026224136,0.41293007135391235
K6V1_EXT08,K6X_D230_D115_D185_D220_D220_D155,"[230,115,185,220,220,155]",454,P_XLIKE,0.0,0.0,True,ca58ab027fe20655f9e70d897c3c6c426266fcf67f531ef9b8d10fc518c66e1b,0.07389968633651733,0.2343519777059555,0.21995483338832855,0.04600966349244118,0.06654822826385498,0.2853359580039978,0.07389968633651733,0.3325127363204956
K6V1_EXT08,K6X_D230_D115_D185_D220_D220_D155,"[230,115,185,220,220,155]",455,P_XLIKE,0.0,0.0,True,ca58ab027fe20655f9e70d897c3c6c426266fcf67f531ef9b8d10fc518c66e1b,0.07090572267770767,0.2606462836265564,0.12860257923603058,0.07129983603954315,0.07369636744260788,0.32394352555274963,0.07090572267770767,0.2735987901687622
K6V1_EXT09,K6X_D110_D225_D125_D210_D200_D145,"[110,225,125,210,200,145]",445,P_XLIKE,0.0,0.0,True,ca58ab027fe20655f9e70d897c3c6c426266fcf67f531ef9b8d10fc518c66e1b,0.04810314625501633,0.31042999029159546,0.15643183887004852,0.2455911934375763,0.07766232639551163,0.11367840319871902,0.04810314625501633,0.47968533635139465
K6V1_EXT09,K6X_D110_D225_D125_D210_D200_D145,"[110,225,125,210,200,145]",446,P_XLIKE,0.0,0.0,True,ca58ab027fe20655f9e70d897c3c6c426266fcf67f531ef9b8d10fc518c66e1b,0.025713719427585602,0.35758569836616516,0.18986521661281586,0.2052791714668274,0.11017976701259613,0.08566279709339142,0.025713719427585602,0.5053241848945618
K6V1_EXT09,K6X_D110_D225_D125_D210_D200_D145,"[110,225,125,210,200,145]",447,P_XLIKE,0.0,0.0,True,ca58ab027fe20655f9e70d897c3c6c426266fcf67f531ef9b8d10fc518c66e1b,0.025331564247608185,0.23562006652355194,0.10716596245765686,0.29202210903167725,0.14576119184494019,0.16876748204231262,0.025331564247608185,0.5449492931365967
K6V1_EXT09,K6X_D110_D225_D125_D210_D200_D145,"[110,225,125,210,200,145]",448,P_XLIKE,0.0,0.0,True,ca58ab027fe20655f9e70d897c3c6c426266fcf67f531ef9b8d10fc518c66e1b,0.053128909319639206,0.23337383568286896,0.08538460731506348,0.33323681354522705,0.051758136600255966,0.18998876214027405,0.053128909319639206,0.4703795611858368
K6V1_EXT09,K6X_D110_D225_D125_D210_D200_D145,"[110,225,125,210,200,145]",449,P_XLIKE,0.0,0.0,True,ca58ab027fe20655f9e70d897c3c6c426266fcf67f531ef9b8d10fc518c66e1b,0.052083101123571396,0.26669031381607056,0.1011272594332695,0.3152463734149933,0.03731183707714081,0.17545798420906067,0.052083101123571396,0.453685462474823
K6V1_EXT09,K6X_D110_D225_D125_D210_D200_D145,"[110,225,125,210,200,145]",450,P_XLIKE,0.0,0.0,True,ca58ab027fe20655f9e70d897c3c6c426266fcf67f531ef9b8d10fc518c66e1b,0.05006689950823784,0.2886388599872589,0.10932274162769318,0.3038267195224762,0.032009948045015335,0.16606786847114563,0.05006689950823784,0.4451594352722168
K6V1_EXT09,K6X_D110_D225_D125_D210_D200_D145,"[110,225,125,210,200,145]",451,P_XLIKE,0.0,0.0,True,ca58ab027fe20655f9e70d897c3c6c426266fcf67f531ef9b8d10fc518c66e1b,0.049302611500024796,0.3052315413951874,0.11385494470596313,0.2941513955593109,0.02785596437752247,0.16030094027519226,0.049302611500024796,0.43586230278015137
K6V1_EXT09,K6X_D110_D225_D125_D210_D200_D145,"[110,225,125,210,200,145]",452,P_XLIKE,0.0,0.0,True,ca58ab027fe20655f9e70d897c3c6c426266fcf67f531ef9b8d10fc518c66e1b,0.04912959784269333,0.3202742636203766,0.11570880562067032,0.2865132987499237,0.02464759349822998,0.154596745967865,0.04912959784269333,0.4268696904182434
K6V1_EXT09,K6X_D110_D225_D125_D210_D200_D145,"[110,225,125,210,200,145]",453,P_XLIKE,0.0,0.0,True,ca58ab027fe20655f9e70d897c3c6c426266fcf67f531ef9b8d10fc518c66e1b,0.04980796203017235,0.334413081407547,0.11640942096710205,0.27863433957099915,0.02107814885675907,0.14984916150569916,0.04980796203017235,0.4161219000816345
K6V1_EXT09,K6X_D110_D225_D125_D210_D200_D145,"[110,225,125,210,200,145]",454,P_XLIKE,0.0,0.0,True,ca58ab027fe20655f9e70d897c3c6c426266fcf67f531ef9b8d10fc518c66e1b,0.051634740084409714,0.3487761914730072,0.11504311114549637,0.27051740884780884,0.017919011414051056,0.1444747895002365,0.051634740084409714,0.40347951650619507
K6V1_EXT09,K6X_D110_D225_D125_D210_D200_D145,"[110,225,125,210,200,145]",455,P_XLIKE,0.0,0.0,True,ca58ab027fe20655f9e70d897c3c6c426266fcf67f531ef9b8d10fc518c66e1b,0.053915273398160934,0.36452117562294006,0.11287596821784973,0.26216429471969604,0.014366867952048779,0.13824111223220825,0.053915273398160934,0.38940712809562683
K6V1_EXT10,K6X_D230_D225_D190_D225_D105_D135,"[230,225,190,225,105,135]",445,P_XLIKE,0.0,0.0,True,ca58ab027fe20655f9e70d897c3c6c426266fcf67f531ef9b8d10fc518c66e1b,0.10017992556095123,0.22470730543136597,0.1350201517343521,0.31240957975387573,0.07285144180059433,0.054651662707328796,0.10017992556095123,0.5202811360359192
K6V1_EXT10,K6X_D230_D225_D190_D225_D105_D135,"[230,225,190,225,105,135]",446,P_XLIKE,0.0,0.0,True,ca58ab027fe20655f9e70d897c3c6c426266fcf67f531ef9b8d10fc518c66e1b,0.10176488757133484,0.20482271909713745,0.13366612792015076,0.3202970325946808,0.08275345712900162,0.054930925369262695,0.10176488757133484,0.536716639995575
K6V1_EXT10,K6X_D230_D225_D190_D225_D105_D135,"[230,225,190,225,105,135]",447,P_XLIKE,0.0,0.0,True,ca58ab027fe20655f9e70d897c3c6c426266fcf67f531ef9b8d10fc518c66e1b,0.10093946754932404,0.1907021850347519,0.1320415735244751,0.3285042643547058,0.0900004431605339,0.0568726547062397,0.10093946754932404,0.5505462884902954
K6V1_EXT10,K6X_D230_D225_D190_D225_D105_D135,"[230,225,190,225,105,135]",448,P_XLIKE,0.0,0.0,True,ca58ab027fe20655f9e70d897c3c6c426266fcf67f531ef9b8d10fc518c66e1b,0.09865474700927734,0.17986196279525757,0.13098450005054474,0.33572980761528015,0.09636617451906204,0.05974803864955902,0.09865474700927734,0.5630804896354675
K6V1_EXT10,K6X_D230_D225_D190_D225_D105_D135,"[230,225,190,225,105,135]",449,P_XLIKE,0.0,0.0,True,ca58ab027fe20655f9e70d897c3c6c426266fcf67f531ef9b8d10fc518c66e1b,0.09625820070505142,0.17078331112861633,0.1303873062133789,0.3410165011882782,0.10234759747982025,0.06294877082109451,0.09625820070505142,0.5737513899803162
K6V1_EXT10,K6X_D230_D225_D190_D225_D105_D135,"[230,225,190,225,105,135]",450,P_XLIKE,0.0,0.0,True,ca58ab027fe20655f9e70d897c3c6c426266fcf67f531ef9b8d10fc518c66e1b,0.09342817962169647,0.1628415882587433,0.13037464022636414,0.34514540433883667,0.1083720251917839,0.06640994548797607,0.09342817962169647,0.5838920474052429
K6V1_EXT10,K6X_D230_D225_D190_D225_D105_D135,"[230,225,190,225,105,135]",451,P_XLIKE,0.0,0.0,True,ca58ab027fe20655f9e70d897c3c6c426266fcf67f531ef9b8d10fc518c66e1b,0.09083312749862671,0.15547558665275574,0.13095076382160187,0.34743666648864746,0.11469773203134537,0.0697728618979454,0.09083312749862671,0.5930851697921753
K6V1_EXT10,K6X_D230_D225_D190_D225_D105_D135,"[230,225,190,225,105,135]",452,P_XLIKE,0.0,0.0,True,ca58ab027fe20655f9e70d897c3c6c426266fcf67f531ef9b8d10fc518c66e1b,0.08832143247127533,0.14848962426185608,0.13197530806064606,0.34845998883247375,0.1212821900844574,0.07315006852149963,0.08832143247127533,0.601717472076416
K6V1_EXT10,K6X_D230_D225_D190_D225_D105_D135,"[230,225,190,225,105,135]",453,P_XLIKE,0.0,0.0,True,ca58ab027fe20655f9e70d897c3c6c426266fcf67f531ef9b8d10fc518c66e1b,0.08618417382240295,0.14156338572502136,0.13377787172794342,0.3473700284957886,0.1286640167236328,0.0762563943862915,0.08618417382240295,0.6098119020462036
K6V1_EXT10,K6X_D230_D225_D190_D225_D105_D135,"[230,225,190,225,105,135]",454,P_XLIKE,0.0,0.0,True,ca58ab027fe20655f9e70d897c3c6c426266fcf67f531ef9b8d10fc518c66e1b,0.08505554497241974,0.13441498577594757,0.13600827753543854,0.34388989210128784,0.13651226460933685,0.07906345278024673,0.08505554497241974,0.6164104342460632
K6V1_EXT10,K6X_D230_D225_D190_D225_D105_D135,"[230,225,190,225,105,135]",455,P_XLIKE,0.0,0.0,True,ca58ab027fe20655f9e70d897c3c6c426266fcf67f531ef9b8d10fc518c66e1b,0.08516933023929596,0.12662871181964874,0.1392059177160263,0.3370041847229004,0.14558927714824677,0.08123330026865005,0.08516933023929596,0.6217994093894958
K6V1_EXT11,K6X_D230_D150_D225_D110_D205_D105,"[230,150,225,110,205,105]",445,P_XLIKE,0.0,0.0,True,ca58ab027fe20655f9e70d897c3c6c426266fcf67f531ef9b8d10fc518c66e1b,0.0833158865571022,0.06050579249858856,0.13225790858268738,0.33780109882354736,0.12898479402065277,0.1738186627626419,0.0833158865571022,0.5990437865257263
K6V1_EXT11,K6X_D230_D150_D225_D110_D205_D105,"[230,150,225,110,205,105]",446,P_XLIKE,0.0,0.0,True,ca58ab027fe20655f9e70d897c3c6c426266fcf67f531ef9b8d10fc518c66e1b,0.08045892417430878,0.06312430649995804,0.1272067129611969,0.3456294536590576,0.1269422024488449,0.17617946863174438,0.08045892417430878,0.5997783541679382
K6V1_EXT11,K6X_D230_D150_D225_D110_D205_D105,"[230,150,225,110,205,105]",447,P_XLIKE,0.0,0.0,True,ca58ab027fe20655f9e70d897c3c6c426266fcf67f531ef9b8d10fc518c66e1b,0.07825922966003418,0.06538520753383636,0.12318862229585648,0.35141876339912415,0.12561383843421936,0.17787504196166992,0.07825922966003418,0.6002212166786194
K6V1_EXT11,K6X_D230_D150_D225_D110_D205_D105,"[230,150,225,110,205,105]",448,P_XLIKE,0.0,0.0,True,ca58ab027fe20655f9e70d897c3c6c426266fcf67f531ef9b8d10fc518c66e1b,0.07668044418096542,0.06751192361116409,0.11918764561414719,0.355471670627594,0.12434012442827225,0.18012773990631104,0.07668044418096542,0.5989994406700134
K6V1_EXT11,K6X_D230_D150_D225_D110_D205_D105,"[230,150,225,110,205,105]",449,P_XLIKE,0.0,0.0,True,ca58ab027fe20655f9e70d897c3c6c426266fcf67f531ef9b8d10fc518c66e1b,0.07571648061275482,0.06914995610713959,0.11598724126815796,0.3578759729862213,0.12397506088018417,0.18157881498336792,0.07571648061275482,0.597838282585144
K6V1_EXT11,K6X_D230_D150_D225_D110_D205_D105,"[230,150,225,110,205,105]",450,P_XLIKE,0.0,0.0,True,ca58ab027fe20655f9e70d897c3c6c426266fcf67f531ef9b8d10fc518c66e1b,0.07502266019582748,0.07118287682533264,0.11247633397579193,0.35849347710609436,0.1233852356672287,0.1844167411327362,0.07502266019582748,0.594355046749115
K6V1_EXT11,K6X_D230_D150_D225_D110_D205_D105,"[230,150,225,110,205,105]",451,P_XLIKE,0.0,0.0,True,ca58ab027fe20655f9e70d897c3c6c426266fcf67f531ef9b8d10fc518c66e1b,0.07500982284545898,0.07259159535169601,0.1095208153128624,0.3575504422187805,0.12395121157169342,0.18636637926101685,0.07500982284545898,0.5910224914550781
K6V1_EXT11,K6X_D230_D150_D225_D110_D205_D105,"[230,150,225,110,205,105]",452,P_XLIKE,0.0,0.0,True,ca58ab027fe20655f9e70d897c3c6c426266fcf67f531ef9b8d10fc518c66e1b,0.07468215376138687,0.07584518939256668,0.10569436848163605,0.3536076247692108,0.1237587183713913,0.19172975420951843,0.07468215376138687,0.5830607414245605
K6V1_EXT11,K6X_D230_D150_D225_D110_D205_D105,"[230,150,225,110,205,105]",453,P_XLIKE,0.0,0.0,True,ca58ab027fe20655f9e70d897c3c6c426266fcf67f531ef9b8d10fc518c66e1b,0.07464385777711868,0.08016741275787354,0.10125179588794708,0.3462074100971222,0.12406131625175476,0.19902434945106506,0.07464385777711868,0.5715205669403076
K6V1_EXT11,K6X_D230_D150_D225_D110_D205_D105,"[230,150,225,110,205,105]",454,P_XLIKE,0.0,0.0,True,ca58ab027fe20655f9e70d897c3c6c426266fcf67f531ef9b8d10fc518c66e1b,0.07030981034040451,0.09986807405948639,0.08960940688848495,0.3224881887435913,0.11716103553771973,0.23025357723236084,0.07030981034040451,0.5292586088180542
K6V1_EXT11,K6X_D230_D150_D225_D110_D205_D105,"[230,150,225,110,205,105]",455,P_XLIKE,0.0,0.0,True,ca58ab027fe20655f9e70d897c3c6c426266fcf67f531ef9b8d10fc518c66e1b,0.020059050992131233,0.20178945362567902,0.0328352265059948,0.2420765459537506,0.05619537830352783,0.4269852340221405,0.020059050992131233,0.33110713958740234
K6V1_EXT12,K6X_D100_D230_D230_D185_D225_D120,"[100,230,230,185,225,120]",445,P_XLIKE,0.0,0.0,True,ca58ab027fe20655f9e70d897c3c6c426266fcf67f531ef9b8d10fc518c66e1b,0.021513404324650764,0.15185891091823578,0.015763863921165466,0.5371333956718445,0.041744474321603775,0.2104724943637848,0.021513404324650764,0.5946417450904846
K6V1_EXT12,K6X_D100_D230_D230_D185_D225_D120,"[100,230,230,185,225,120]",446,P_XLIKE,0.0,0.0,True,ca58ab027fe20655f9e70d897c3c6c426266fcf67f531ef9b8d10fc518c66e1b,0.022918839007616043,0.13886334002017975,0.021254047751426697,0.5508399605751038,0.03976272791624069,0.2034423053264618,0.022918839007616043,0.6118567585945129
K6V1_EXT12,K6X_D100_D230_D230_D185_D225_D120,"[100,230,230,185,225,120]",447,P_XLIKE,0.0,0.0,True,ca58ab027fe20655f9e70d897c3c6c426266fcf67f531ef9b8d10fc518c66e1b,0.024170279502868652,0.12769219279289246,0.027219582349061966,0.5616955757141113,0.038371846079826355,0.19668027758598328,0.024170279502868652,0.6272870302200317
K6V1_EXT12,K6X_D100_D230_D230_D185_D225_D120,"[100,230,230,185,225,120]",448,P_XLIKE,0.0,0.0,True,ca58ab027fe20655f9e70d897c3c6c426266fcf67f531ef9b8d10fc518c66e1b,0.025321176275610924,0.11760096997022629,0.033342085778713226,0.5705297589302063,0.03758671507239342,0.19029806554317474,0.025321176275610924,0.6414585113525391
K6V1_EXT12,K6X_D100_D230_D230_D185_D225_D120,"[100,230,230,185,225,120]",449,P_XLIKE,0.0,0.0,True,ca58ab027fe20655f9e70d897c3c6c426266fcf67f531ef9b8d10fc518c66e1b,0.02632254920899868,0.10893149673938751,0.039897896349430084,0.5771995782852173,0.03722192719578743,0.18410398066043854,0.02632254920899868,0.6543194055557251
K6V1_EXT12,K6X_D100_D230_D230_D185_D225_D120,"[100,230,230,185,225,120]",450,P_XLIKE,0.0,0.0,True,ca58ab027fe20655f9e70d897c3c6c426266fcf67f531ef9b8d10fc518c66e1b,0.027212247252464294,0.10113686323165894,0.04658350348472595,0.5823315382003784,0.03731374070048332,0.17820993065834045,0.027212247252464294,0.6662288308143616
K6V1_EXT12,K6X_D100_D230_D230_D185_D225_D120,"[100,230,230,185,225,120]",451,P_XLIKE,0.0,0.0,True,ca58ab027fe20655f9e70d897c3c6c426266fcf67f531ef9b8d10fc518c66e1b,0.02790144830942154,0.09451938420534134,0.05380930379033089,0.5857610106468201,0.03775007650256157,0.17235735058784485,0.02790144830942154,0.6773203611373901
K6V1_EXT12,K6X_D100_D230_D230_D185_D225_D120,"[100,230,230,185,225,120]",452,P_XLIKE,0.0,0.0,True,ca58ab027fe20655f9e70d897c3c6c426266fcf67f531ef9b8d10fc518c66e1b,0.028444964438676834,0.0887521356344223,0.06143371760845184,0.5877594947814941,0.03851258009672165,0.16665223240852356,0.028444964438676834,0.6877058148384094
K6V1_EXT12,K6X_D100_D230_D230_D185_D225_D120,"[100,230,230,185,225,120]",453,P_XLIKE,0.0,0.0,True,ca58ab027fe20655f9e70d897c3c6c426266fcf67f531ef9b8d10fc518c66e1b,0.02869250997900963,0.0840977132320404,0.06987535953521729,0.5882771015167236,0.039628591388463974,0.16073617339134216,0.02869250997900963,0.6977810263633728
K6V1_EXT12,K6X_D100_D230_D230_D185_D225_D120,"[100,230,230,185,225,120]",454,P_XLIKE,0.0,0.0,True,ca58ab027fe20655f9e70d897c3c6c426266fcf67f531ef9b8d10fc518c66e1b,0.028629004955291748,0.08066022396087646,0.07952026277780533,0.5870092511177063,0.04091776907444,0.1546345204114914,0.028629004955291748,0.7074472904205322
K6V1_EXT12,K6X_D100_D230_D230_D185_D225_D120,"[100,230,230,185,225,120]",455,P_XLIKE,0.0,0.0,True,ca58ab027fe20655f9e70d897c3c6c426266fcf67f531ef9b8d10fc518c66e1b,0.028075452893972397,0.0786752700805664,0.09082353860139847,0.5839636325836182,0.04253629595041275,0.1478504091501236,0.028075452893972397,0.7173234820365906
K6V1_EXT13,K6X_D100_D110_D115_D120_D225_D100,"[100,110,115,120,225,100]",445,P_XLIKE,0.0,0.0,True,ca58ab027fe20655f9e70d897c3c6c426266fcf67f531ef9b8d10fc518c66e1b,0.0005646558129228652,0.009273492731153965,0.06499575823545456,0.829616367816925,0.09459546953439713,0.0003896451962646097,0.0005646558129228652,0.9892076253890991
K6V1_EXT13,K6X_D100_D110_D115_D120_D225_D100,"[100,110,115,120,225,100]",446,P_XLIKE,0.0,0.0,True,ca58ab027fe20655f9e70d897c3c6c426266fcf67f531ef9b8d10fc518c66e1b,0.001052038511261344,0.008103513158857822,0.06300801038742065,0.8359827399253845,0.09050175547599792,0.0002999323478434235,0.001052038511261344,0.9894925355911255
K6V1_EXT13,K6X_D100_D110_D115_D120_D225_D100,"[100,110,115,120,225,100]",447,P_XLIKE,0.0,0.0,True,ca58ab027fe20655f9e70d897c3c6c426266fcf67f531ef9b8d10fc518c66e1b,0.0016649470198899508,0.007047672290354967,0.060787878930568695,0.8408852815628052,0.08751230686903,0.0004369319649413228,0.0016649470198899508,0.9891854524612427
K6V1_EXT13,K6X_D100_D110_D115_D120_D225_D100,"[100,110,115,120,225,100]",448,P_XLIKE,0.0,0.0,True,ca58ab027fe20655f9e70d897c3c6c426266fcf67f531ef9b8d10fc518c66e1b,0.002429372863844037,0.006134508643299341,0.05852827802300453,0.8445330262184143,0.08517396450042725,0.0007714108796790242,0.002429372863844037,0.9882352948188782
K6V1_EXT13,K6X_D100_D110_D115_D120_D225_D100,"[100,110,115,120,225,100]",449,P_XLIKE,0.0,0.0,True,ca58ab027fe20655f9e70d897c3c6c426266fcf67f531ef9b8d10fc518c66e1b,0.0033029578626155853,0.005309069063514471,0.05603700131177902,0.8469167947769165,0.08382795006036758,0.0013032921124249697,0.0033029578626155853,0.9867817759513855
K6V1_EXT13,K6X_D100_D110_D115_D120_D225_D100,"[100,110,115,120,225,100]",450,P_XLIKE,0.0,0.0,True,ca58ab027fe20655f9e70d897c3c6c426266fcf67f531ef9b8d10fc518c66e1b,0.004318705759942532,0.004622553009539843,0.05353345349431038,0.8481805324554443,0.0830102413892746,0.00201580417342484,0.004318705759942532,0.984724223613739
K6V1_EXT13,K6X_D100_D110_D115_D120_D225_D100,"[100,110,115,120,225,100]",451,P_XLIKE,0.0,0.0,True,ca58ab027fe20655f9e70d897c3c6c426266fcf67f531ef9b8d10fc518c66e1b,0.0054803043603897095,0.004009457305073738,0.05077427253127098,0.8480796217918396,0.08322103321552277,0.0029550211038440466,0.0054803043603897095,0.9820749163627625
K6V1_EXT13,K6X_D100_D110_D115_D120_D225_D100,"[100,110,115,120,225,100]",452,P_XLIKE,0.0,0.0,True,ca58ab027fe20655f9e70d897c3c6c426266fcf67f531ef9b8d10fc518c66e1b,0.006793107371777296,0.0035286492202430964,0.04792829602956772,0.8467827439308167,0.08407490700483322,0.004099227953702211,0.006793107371777296,0.9787859320640564
K6V1_EXT13,K6X_D100_D110_D115_D120_D225_D100,"[100,110,115,120,225,100]",453,P_XLIKE,0.0,0.0,True,ca58ab027fe20655f9e70d897c3c6c426266fcf67f531ef9b8d10fc518c66e1b,0.008347555063664913,0.0031361388973891735,0.044770367443561554,0.8436796069145203,0.08614801615476608,0.005570822861045599,0.008347555063664913,0.9745979905128479
K6V1_EXT13,K6X_D100_D110_D115_D120_D225_D100,"[100,110,115,120,225,100]",454,P_XLIKE,0.0,0.0,True,ca58ab027fe20655f9e70d897c3c6c426266fcf67f531ef9b8d10fc518c66e1b,0.010113822296261787,0.002872578799724579,0.04133162647485733,0.838772714138031,0.08943406492471695,0.007361394353210926,0.010113822296261787,0.9695384502410889
K6V1_EXT13,K6X_D100_D110_D115_D120_D225_D100,"[100,110,115,120,225,100]",455,P_XLIKE,0.0,0.0,True,ca58ab027fe20655f9e70d897c3c6c426266fcf67f531ef9b8d10fc518c66e1b,0.012288844212889671,0.002776096807792783,0.03741496056318283,0.8310425877571106,0.09449424594640732,0.009694497101008892,0.012288844212889671,0.9629517793655396
K6V1_EXT14,K6X_D110_D120_D100_D225_D105_D190,"[110,120,100,225,105,190]",445,P_XLIKE,0.0,0.0,True,ca58ab027fe20655f9e70d897c3c6c426266fcf67f531ef9b8d10fc518c66e1b,0.02842356637120247,0.06473228335380554,0.055890247225761414,0.697259247303009,0.024117350578308105,0.10115382075309753,0.02842356637120247,0.7772668600082397
K6V1_EXT14,K6X_D110_D120_D100_D225_D105_D190,"[110,120,100,225,105,190]",446,P_XLIKE,0.0,0.0,True,ca58ab027fe20655f9e70d897c3c6c426266fcf67f531ef9b8d10fc518c66e1b,0.02575836330652237,0.062293581664562225,0.0596473291516304,0.7007477879524231,0.023284120485186577,0.1025104746222496,0.02575836330652237,0.7836792469024658
K6V1_EXT14,K6X_D110_D120_D100_D225_D105_D190,"[110,120,100,225,105,190]",447,P_XLIKE,0.0,0.0,True,ca58ab027fe20655f9e70d897c3c6c426266fcf67f531ef9b8d10fc518c66e1b,0.023999443277716637,0.060367945581674576,0.06304144114255905,0.7024100422859192,0.022783581167459488,0.1033981516957283,0.023999443277716637,0.788235068321228
K6V1_EXT14,K6X_D110_D120_D100_D225_D105_D190,"[110,120,100,225,105,190]",448,P_XLIKE,0.0,0.0,True,ca58ab027fe20655f9e70d897c3c6c426266fcf67f531ef9b8d10fc518c66e1b,0.02289734035730362,0.058632347732782364,0.06633780896663666,0.702714204788208,0.022438330575823784,0.10408268123865128,0.02289734035730362,0.791490375995636
K6V1_EXT14,K6X_D110_D120_D100_D225_D105_D190,"[110,120,100,225,105,190]",449,P_XLIKE,0.0,0.0,True,ca58ab027fe20655f9e70d897c3c6c426266fcf67f531ef9b8d10fc518c66e1b,0.022615933790802956,0.05734696611762047,0.0692773163318634,0.7014007568359375,0.02241501957178116,0.10432805866003036,0.022615933790802956,0.7930930852890015
K6V1_EXT14,K6X_D110_D120_D100_D225_D105_D190,"[110,120,100,225,105,190]",450,P_XLIKE,0.0,0.0,True,ca58ab027fe20655f9e70d897c3c6c426266fcf67f531ef9b8d10fc518c66e1b,0.022911950945854187,0.056248739361763,0.07207373529672623,0.6989580988883972,0.02253021113574505,0.10436540096998215,0.022911950945854187,0.7935620546340942
K6V1_EXT14,K6X_D110_D120_D100_D225_D105_D190,"[110,120,100,225,105,190]",451,P_XLIKE,0.0,0.0,True,ca58ab027fe20655f9e70d897c3c6c426266fcf67f531ef9b8d10fc518c66e1b,0.024024194106459618,0.0555863231420517,0.07448199391365051,0.6949823498725891,0.0230089221149683,0.10389207303524017,0.024024194106459618,0.792473316192627
K6V1_EXT14,K6X_D110_D120_D100_D225_D105_D190,"[110,120,100,225,105,190]",452,P_XLIKE,0.0,0.0,True,ca58ab027fe20655f9e70d897c3c6c426266fcf67f531ef9b8d10fc518c66e1b,0.02581026591360569,0.05518948659300804,0.07664689421653748,0.689752459526062,0.023691605776548386,0.10309909284114838,0.02581026591360569,0.7900909781455994
K6V1_EXT14,K6X_D110_D120_D100_D225_D105_D190,"[110,120,100,225,105,190]",453,P_XLIKE,0.0,0.0,True,ca58ab027fe20655f9e70d897c3c6c426266fcf67f531ef9b8d10fc518c66e1b,0.02856004238128662,0.05533214658498764,0.07838856428861618,0.6826515197753906,0.02484630048274994,0.10166141390800476,0.02856004238128662,0.7858864068984985
K6V1_EXT14,K6X_D110_D120_D100_D225_D105_D190,"[110,120,100,225,105,190]",454,P_XLIKE,0.0,0.0,True,ca58ab027fe20655f9e70d897c3c6c426266fcf67f531ef9b8d10fc518c66e1b,0.03235770761966705,0.05614130198955536,0.07963123172521591,0.6733869910240173,0.02650747261941433,0.09961759299039841,0.03235770761966705,0.7795256972312927
K6V1_EXT14,K6X_D110_D120_D100_D225_D105_D190,"[110,120,100,225,105,190]",455,P_XLIKE,0.0,0.0,True,ca58ab027fe20655f9e70d897c3c6c426266fcf67f531ef9b8d10fc518c66e1b,0.0375734381377697,0.05790610983967781,0.08020438253879547,0.6611722111701965,0.028989549726247787,0.0965808853507042,0.0375734381377697,0.7703661322593689
K6V1_S35,K6X_D110_D145_D225_D105_D185_D215,"[110,145,225,105,185,215]",445,P_XLIKE,0.0,0.0,True,ca58ab027fe20655f9e70d897c3c6c426266fcf67f531ef9b8d10fc518c66e1b,0.1424655020236969,0.2445223331451416,0.18441621959209442,0.14868180453777313,0.032981451600790024,0.10446718335151672,0.1424655020236969,0.3660794794559479
K6V1_S35,K6X_D110_D145_D225_D105_D185_D215,"[110,145,225,105,185,215]",446,P_XLIKE,0.0,0.0,True,ca58ab027fe20655f9e70d897c3c6c426266fcf67f531ef9b8d10fc518c66e1b,0.14967595040798187,0.2771495282649994,0.14877544343471527,0.14617706835269928,0.03974727541208267,0.08879879862070084,0.14967595040798187,0.3346997797489166
K6V1_S35,K6X_D110_D145_D225_D105_D185_D215,"[110,145,225,105,185,215]",447,P_XLIKE,0.0,0.0,True,ca58ab027fe20655f9e70d897c3c6c426266fcf67f531ef9b8d10fc518c66e1b,0.14334413409233093,0.29492518305778503,0.11475526541471481,0.16096223890781403,0.05575606971979141,0.0869130939245224,0.14334413409233093,0.33147355914115906
K6V1_S35,K6X_D110_D145_D225_D105_D185_D215,"[110,145,225,105,185,215]",448,P_XLIKE,0.0,0.0,True,ca58ab027fe20655f9e70d897c3c6c426266fcf67f531ef9b8d10fc518c66e1b,0.13012850284576416,0.29412421584129333,0.09044986218214035,0.18375715613365173,0.07316941022872925,0.09824232012033463,0.13012850284576416,0.34737643599510193
K6V1_S35,K6X_D110_D145_D225_D105_D185_D215,"[110,145,225,105,185,215]",449,P_XLIKE,0.0,0.0,True,ca58ab027fe20655f9e70d897c3c6c426266fcf67f531ef9b8d10fc518c66e1b,0.11730844527482986,0.28240665793418884,0.0765264481306076,0.20378488302230835,0.08704191446304321,0.11562319099903107,0.11730844527482986,0.36735326051712036
K6V1_S35,K6X_D110_D145_D225_D105_D185_D215,"[110,145,225,105,185,215]",450,P_XLIKE,0.0,0.0,True,ca58ab027fe20655f9e70d897c3c6c426266fcf67f531ef9b8d10fc518c66e1b,0.10651293396949768,0.26555001735687256,0.06855438649654388,0.22009985148906708,0.09782099723815918,0.13494889438152313,0.10651293396949768,0.38647523522377014
K6V1_S35,K6X_D110_D145_D225_D105_D185_D215,"[110,145,225,105,185,215]",451,P_XLIKE,0.0,0.0,True,ca58ab027fe20655f9e70d897c3c6c426266fcf67f531ef9b8d10fc518c66e1b,0.09860821813344955,0.2471337765455246,0.06472306698560715,0.2311563938856125,0.1056993380188942,0.15407097339630127,0.09860821813344955,0.40157878398895264
K6V1_S35,K6X_D110_D145_D225_D105_D185_D215,"[110,145,225,105,185,215]",452,P_XLIKE,0.0,0.0,True,ca58ab027fe20655f9e70d897c3c6c426266fcf67f531ef9b8d10fc518c66e1b,0.09292865544557571,0.22922907769680023,0.06206386908888817,0.23875531554222107,0.11243647336959839,0.17165793478488922,0.09292865544557571,0.4132556617259979
K6V1_S35,K6X_D110_D145_D225_D105_D185_D215,"[110,145,225,105,185,215]",453,P_XLIKE,0.0,0.0,True,ca58ab027fe20655f9e70d897c3c6c426266fcf67f531ef9b8d10fc518c66e1b,0.08884333819150925,0.21094825863838196,0.06063862517476082,0.24331551790237427,0.11844828724861145,0.1889626830816269,0.08884333819150925,0.42240244150161743
K6V1_S35,K6X_D110_D145_D225_D105_D185_D215,"[110,145,225,105,185,215]",454,P_XLIKE,0.0,0.0,True,ca58ab027fe20655f9e70d897c3c6c426266fcf67f531ef9b8d10fc518c66e1b,0.08663366734981537,0.1944018006324768,0.05888299271464348,0.2447827309370041,0.12479013204574585,0.20387491583824158,0.08663366734981537,0.4284558594226837
K6V1_S35,K6X_D110_D145_D225_D105_D185_D215,"[110,145,225,105,185,215]",455,P_XLIKE,0.0,0.0,True,ca58ab027fe20655f9e70d897c3c6c426266fcf67f531ef9b8d10fc518c66e1b,0.08492203056812286,0.17699065804481506,0.05702194198966026,0.2446756511926651,0.1324433833360672,0.21902431547641754,0.08492203056812286,0.43414098024368286
K6V1_S39,K6X_D175_D100_D125_D120_D100_D230,"[175,100,125,120,100,230]",445,P_XLIKE,0.0,0.0,True,ca58ab027fe20655f9e70d897c3c6c426266fcf67f531ef9b8d10fc518c66e1b,0.0914587751030922,0.025600317865610123,0.14800885319709778,0.30018433928489685,0.06610243022441864,0.27718648314476013,0.0914587751030922,0.5142956376075745
K6V1_S39,K6X_D175_D100_D125_D120_D100_D230,"[175,100,125,120,100,230]",446,P_XLIKE,0.0,0.0,True,ca58ab027fe20655f9e70d897c3c6c426266fcf67f531ef9b8d10fc518c66e1b,0.09126117825508118,0.020146789029240608,0.15595123171806335,0.30731987953186035,0.0641089454293251,0.269950807094574,0.09126117825508118,0.5273800492286682
K6V1_S39,K6X_D175_D100_D125_D120_D100_D230,"[175,100,125,120,100,230]",447,P_XLIKE,0.0,0.0,True,ca58ab027fe20655f9e70d897c3c6c426266fcf67f531ef9b8d10fc518c66e1b,0.09108385443687439,0.015531839802861214,0.16332395374774933,0.3132587969303131,0.06272051483392715,0.26299721002578735,0.09108385443687439,0.5393033027648926
K6V1_S39,K6X_D175_D100_D125_D120_D100_D230,"[175,100,125,120,100,230]",448,P_XLIKE,0.0,0.0,True,ca58ab027fe20655f9e70d897c3c6c426266fcf67f531ef9b8d10fc518c66e1b,0.09070661664009094,0.011708855628967285,0.17034560441970825,0.3180156350135803,0.0619487501680851,0.25656795501708984,0.09070661664009094,0.5503100156784058
K6V1_S39,K6X_D175_D100_D125_D120_D100_D230,"[175,100,125,120,100,230]",449,P_XLIKE,0.0,0.0,True,ca58ab027fe20655f9e70d897c3c6c426266fcf67f531ef9b8d10fc518c66e1b,0.09044209122657776,0.00854641105979681,0.17697462439537048,0.32162734866142273,0.061439450830221176,0.2505280077457428,0.09044209122657776,0.5600414276123047
K6V1_S39,K6X_D175_D100_D125_D120_D100_D230,"[175,100,125,120,100,230]",450,P_XLIKE,0.0,0.0,True,ca58ab027fe20655f9e70d897c3c6c426266fcf67f531ef9b8d10fc518c66e1b,0.09005588293075562,0.005963867995887995,0.1831759512424469,0.3245323896408081,0.0613282173871994,0.24488778412342072,0.09005588293075562,0.5690365433692932
K6V1_S39,K6X_D175_D100_D125_D120_D100_D230,"[175,100,125,120,100,230]",451,P_XLIKE,0.0,0.0,True,ca58ab027fe20655f9e70d897c3c6c426266fcf67f531ef9b8d10fc518c66e1b,0.08978350460529327,0.003919098060578108,0.18915188312530518,0.3262874186038971,0.06131593883037567,0.23975864052772522,0.08978350460529327,0.5767552256584167
K6V1_S39,K6X_D175_D100_D125_D120_D100_D230,"[175,100,125,120,100,230]",452,P_XLIKE,0.0,0.0,True,ca58ab027fe20655f9e70d897c3c6c426266fcf67f531ef9b8d10fc518c66e1b,0.08956906199455261,0.002320987870916724,0.19476452469825745,0.3273096978664398,0.061482638120651245,0.23498402535915375,0.08956906199455261,0.5835568904876709
K6V1_S39,K6X_D175_D100_D125_D120_D100_D230,"[175,100,125,120,100,230]",453,P_XLIKE,0.0,0.0,True,ca58ab027fe20655f9e70d897c3c6c426266fcf67f531ef9b8d10fc518c66e1b,0.08942065387964249,0.001198401441797614,0.2001986801624298,0.32731300592422485,0.061688680201768875,0.23075994849205017,0.08942065387964249,0.5892003774642944
K6V1_S39,K6X_D175_D100_D125_D120_D100_D230,"[175,100,125,120,100,230]",454,P_XLIKE,0.0,0.0,True,ca58ab027fe20655f9e70d897c3c6c426266fcf67f531ef9b8d10fc518c66e1b,0.08948148787021637,0.0005164652247913182,0.20537233352661133,0.326457142829895,0.061807531863451004,0.22688356041908264,0.08948148787021637,0.5936369895935059
K6V1_S39,K6X_D175_D100_D125_D120_D100_D230,"[175,100,125,120,100,230]",455,P_XLIKE,0.0,0.0,True,ca58ab027fe20655f9e70d897c3c6c426266fcf67f531ef9b8d10fc518c66e1b,0.08962325751781464,0.0003265317645855248,0.21027421951293945,0.324712872505188,0.06180698052048683,0.22363285720348358,0.08962325751781464,0.596794068813324
K6V1_S21,K6X_D120_D115_D230_D140_D110_D115,"[120,115,230,140,110,115]",445,P_XLIKE,0.0,0.0,True,ca58ab027fe20655f9e70d897c3c6c426266fcf67f531ef9b8d10fc518c66e1b,0.045615315437316895,0.07029255479574203,0.02959323488175869,0.5680131912231445,0.10236405581235886,0.13850627839565277,0.045615315437316895,0.6999704837799072
K6V1_S21,K6X_D120_D115_D230_D140_D110_D115,"[120,115,230,140,110,115]",446,P_XLIKE,0.0,0.0,True,ca58ab027fe20655f9e70d897c3c6c426266fcf67f531ef9b8d10fc518c66e1b,0.04742290824651718,0.07352511584758759,0.029309136793017387,0.57765793800354,0.09152492135763168,0.13313716650009155,0.04742290824651718,0.6984919905662537
K6V1_S21,K6X_D120_D115_D230_D140_D110_D115,"[120,115,230,140,110,115]",447,P_XLIKE,0.0,0.0,True,ca58ab027fe20655f9e70d897c3c6c426266fcf67f531ef9b8d10fc518c66e1b,0.048556383699178696,0.07639152556657791,0.028925158083438873,0.5890948176383972,0.08126024156808853,0.12721553444862366,0.048556383699178696,0.6992802619934082
K6V1_S21,K6X_D120_D115_D230_D140_D110_D115,"[120,115,230,140,110,115]",448,P_XLIKE,0.0,0.0,True,ca58ab027fe20655f9e70d897c3c6c426266fcf67f531ef9b8d10fc518c66e1b,0.048782650381326675,0.07859732955694199,0.028133127838373184,0.6040332317352295,0.07118748873472214,0.12048350274562836,0.048782650381326675,0.7033538818359375
K6V1_S21,K6X_D120_D115_D230_D140_D110_D115,"[120,115,230,140,110,115]",449,P_XLIKE,0.0,0.0,True,ca58ab027fe20655f9e70d897c3c6c426266fcf67f531ef9b8d10fc518c66e1b,0.04771183058619499,0.07951035350561142,0.026393825188279152,0.6256265640258789,0.06062789633870125,0.11241769790649414,0.04771183058619499,0.7126482725143433
K6V1_S21,K6X_D120_D115_D230_D140_D110_D115,"[120,115,230,140,110,115]",450,P_XLIKE,0.0,0.0,True,ca58ab027fe20655f9e70d897c3c6c426266fcf67f531ef9b8d10fc518c66e1b,0.044348880648612976,0.0777965635061264,0.022915080189704895,0.6603795886039734,0.048660747706890106,0.10155031830072403,0.044348880648612976,0.7319554090499878
K6V1_S21,K6X_D120_D115_D230_D140_D110_D115,"[120,115,230,140,110,115]",451,P_XLIKE,0.0,0.0,True,ca58ab027fe20655f9e70d897c3c6c426266fcf67f531ef9b8d10fc518c66e1b,0.036293353885412216,0.06990727037191391,0.01624763198196888,0.722656786441803,0.03399676829576492,0.0846048891544342,0.036293353885412216,0.772901177406311
K6V1_S21,K6X_D120_D115_D230_D140_D110_D115,"[120,115,230,140,110,115]",452,P_XLIKE,0.0,0.0,True,ca58ab027fe20655f9e70d897c3c6c426266fcf67f531ef9b8d10fc518c66e1b,0.01985883340239525,0.04799501597881317,0.008166315965354443,0.8278709650039673,0.020584385842084885,0.05566565319895744,0.01985883340239525,0.8566216826438904
K6V1_S21,K6X_D120_D115_D230_D140_D110_D115,"[120,115,230,140,110,115]",453,P_XLIKE,0.0,0.0,True,ca58ab027fe20655f9e70d897c3c6c426266fcf67f531ef9b8d10fc518c66e1b,0.0202660970389843,0.03621520847082138,0.03228351101279259,0.7935053706169128,0.050272468477487564,0.04719119891524315,0.0202660970389843,0.8760613203048706
K6V1_S21,K6X_D120_D115_D230_D140_D110_D115,"[120,115,230,140,110,115]",454,P_XLIKE,0.0,0.0,True,ca58ab027fe20655f9e70d897c3c6c426266fcf67f531ef9b8d10fc518c66e1b,0.05685921385884285,0.08193913102149963,0.0696050301194191,0.5571107268333435,0.08678703010082245,0.09083962440490723,0.05685921385884285,0.713502824306488
K6V1_S21,K6X_D120_D115_D230_D140_D110_D115,"[120,115,230,140,110,115]",455,P_XLIKE,0.0,0.0,True,ca58ab027fe20655f9e70d897c3c6c426266fcf67f531ef9b8d10fc518c66e1b,0.0702749490737915,0.10623850673437119,0.07496555149555206,0.4897564947605133,0.08345384150743484,0.10503571480512619,0.0702749490737915,0.6481758952140808
K6V1_S42,K6X_D195_D210_D165_D130_D230_D230,"[195,210,165,130,230,230]",445,P_XLIKE,0.0,0.0,True,ca58ab027fe20655f9e70d897c3c6c426266fcf67f531ef9b8d10fc518c66e1b,0.15722444653511047,0.06743189692497253,0.40460243821144104,0.15315872430801392,0.0019949849229305983,0.058362994343042374,0.15722444653511047,0.5597561597824097
K6V1_S42,K6X_D195_D210_D165_D130_D230_D230,"[195,210,165,130,230,230]",446,P_XLIKE,0.0,0.0,True,ca58ab027fe20655f9e70d897c3c6c426266fcf67f531ef9b8d10fc518c66e1b,0.15163308382034302,0.07073335349559784,0.4080776572227478,0.15666288137435913,0.003610759973526001,0.05764918029308319,0.15163308382034302,0.5683512687683105
K6V1_S42,K6X_D195_D210_D165_D130_D230_D230,"[195,210,165,130,230,230]",447,P_XLIKE,0.0,0.0,True,ca58ab027fe20655f9e70d897c3c6c426266fcf67f531ef9b8d10fc518c66e1b,0.14327603578567505,0.0718059316277504,0.4150223433971405,0.16201679408550262,0.006393747869879007,0.05820908024907112,0.14327603578567505,0.5834328532218933
K6V1_S42,K6X_D195_D210_D165_D130_D230_D230,"[195,210,165,130,230,230]",448,P_XLIKE,0.0,0.0,True,ca58ab027fe20655f9e70d897c3c6c426266fcf67f531ef9b8d10fc518c66e1b,0.1301693618297577,0.06874462962150574,0.42043256759643555,0.17608097195625305,0.012090640142560005,0.06231255456805229,0.1301693618297577,0.6086041331291199
K6V1_S42,K6X_D195_D210_D165_D130_D230_D230,"[195,210,165,130,230,230]",449,P_XLIKE,0.0,0.0,True,ca58ab027fe20655f9e70d897c3c6c426266fcf67f531ef9b8d10fc518c66e1b,0.106029212474823,0.05545374006032944,0.41832318902015686,0.22032921016216278,0.025121858343482018,0.06871362030506134,0.106029212474823,0.6637742519378662
K6V1_S42,K6X_D195_D210_D165_D130_D230_D230,"[195,210,165,130,230,230]",450,P_XLIKE,0.0,0.0,True,ca58ab027fe20655f9e70d897c3c6c426266fcf67f531ef9b8d10fc518c66e1b,0.08229481428861618,0.03237354755401611,0.3505667448043823,0.34537214040756226,0.04753921180963516,0.05955875664949417,0.08229481428861618,0.7434781193733215
K6V1_S42,K6X_D195_D210_D165_D130_D230_D230,"[195,210,165,130,230,230]",451,P_XLIKE,0.0,0.0,True,ca58ab027fe20655f9e70d897c3c6c426266fcf67f531ef9b8d10fc518c66e1b,0.12340982258319855,0.05738789588212967,0.27448710799217224,0.3693423569202423,0.03460860252380371,0.017354395240545273,0.12340982258319855,0.6784380674362183
K6V1_S42,K6X_D195_D210_D165_D130_D230_D230,"[195,210,165,130,230,230]",452,P_XLIKE,0.0,0.0,True,ca58ab027fe20655f9e70d897c3c6c426266fcf67f531ef9b8d10fc518c66e1b,0.15266376733779907,0.08629665523767471,0.2910711467266083,0.29592418670654297,0.015172222629189491,0.006208276841789484,0.15266376733779907,0.6021676063537598
K6V1_S42,K6X_D195_D210_D165_D130_D230_D230,"[195,210,165,130,230,230]",453,P_XLIKE,0.0,0.0,True,ca58ab027fe20655f9e70d897c3c6c426266fcf67f531ef9b8d10fc518c66e1b,0.15891554951667786,0.09858111292123795,0.31273919343948364,0.2560502588748932,0.008127575740218163,0.006670836824923754,0.15891554951667786,0.5769170522689819
K6V1_S42,K6X_D195_D210_D165_D130_D230_D230,"[195,210,165,130,230,230]",454,P_XLIKE,0.0,0.0,True,ca58ab027fe20655f9e70d897c3c6c426266fcf67f531ef9b8d10fc518c66e1b,0.16021108627319336,0.1046694666147232,0.3258460760116577,0.235824316740036,0.005337894894182682,0.007900060154497623,0.16021108627319336,0.5670083165168762
K6V1_S42,K6X_D195_D210_D165_D130_D230_D230,"[195,210,165,130,230,230]",455,P_XLIKE,0.0,0.0,True,ca58ab027fe20655f9e70d897c3c6c426266fcf67f531ef9b8d10fc518c66e1b,0.15932835638523102,0.10914748907089233,0.33310869336128235,0.22582373023033142,0.0044885361567139626,0.008774860762059689,0.15932835638523102,0.5634209513664246
K6V1_S36,K6X_D115_D210_D220_D100_D150_D100,"[115,210,220,100,150,100]",445,P_XLIKE,0.0,0.0,True,ca58ab027fe20655f9e70d897c3c6c426266fcf67f531ef9b8d10fc518c66e1b,0.10886042565107346,0.06532192975282669,0.15330609679222107,0.33497780561447144,0.0658533126115799,0.16282004117965698,0.10886042565107346,0.5541372299194336
K6V1_S36,K6X_D115_D210_D220_D100_D150_D100,"[115,210,220,100,150,100]",446,P_XLIKE,0.0,0.0,True,ca58ab027fe20655f9e70d897c3c6c426266fcf67f531ef9b8d10fc518c66e1b,0.11587683856487274,0.05511105805635452,0.1561751514673233,0.3356904685497284,0.05882955715060234,0.16244009137153625,0.11587683856487274,0.5506951808929443
K6V1_S36,K6X_D115_D210_D220_D100_D150_D100,"[115,210,220,100,150,100]",447,P_XLIKE,0.0,0.0,True,ca58ab027fe20655f9e70d897c3c6c426266fcf67f531ef9b8d10fc518c66e1b,0.12328185886144638,0.046375520527362823,0.15831537544727325,0.33292707800865173,0.05132555589079857,0.16449275612831116,0.12328185886144638,0.542568027973175
K6V1_S36,K6X_D115_D210_D220_D100_D150_D100,"[115,210,220,100,150,100]",448,P_XLIKE,0.0,0.0,True,ca58ab027fe20655f9e70d897c3c6c426266fcf67f531ef9b8d10fc518c66e1b,0.13314788043498993,0.038263507187366486,0.15941299498081207,0.3258087933063507,0.044790320098400116,0.16542863845825195,0.13314788043498993,0.5300121307373047
K6V1_S36,K6X_D115_D210_D220_D100_D150_D100,"[115,210,220,100,150,100]",449,P_XLIKE,0.0,0.0,True,ca58ab027fe20655f9e70d897c3c6c426266fcf67f531ef9b8d10fc518c66e1b,0.1457499861717224,0.03128771483898163,0.15880495309829712,0.3134719133377075,0.038394853472709656,0.16654057800769806,0.1457499861717224,0.5106717348098755
K6V1_S36,K6X_D115_D210_D220_D100_D150_D100,"[115,210,220,100,150,100]",450,P_XLIKE,0.0,0.0,True,ca58ab027fe20655f9e70d897c3c6c426266fcf67f531ef9b8d10fc518c66e1b,0.16441352665424347,0.025736194103956223,0.15462654829025269,0.2931567132472992,0.03415878862142563,0.1634947657585144,0.16441352665424347,0.4819420576095581
K6V1_S36,K6X_D115_D210_D220_D100_D150_D100,"[115,210,220,100,150,100]",451,P_XLIKE,0.0,0.0,True,ca58ab027fe20655f9e70d897c3c6c426266fcf67f531ef9b8d10fc518c66e1b,0.19008639454841614,0.02399926446378231,0.14432893693447113,0.2643638253211975,0.0330030657351017,0.1541321873664856,0.19008639454841614,0.44169583916664124
K6V1_S36,K6X_D115_D210_D220_D100_D150_D100,"[115,210,220,100,150,100]",452,P_XLIKE,0.0,0.0,True,ca58ab027fe20655f9e70d897c3c6c426266fcf67f531ef9b8d10fc518c66e1b,0.22313539683818817,0.029512325301766396,0.12393953651189804,0.22787728905677795,0.038802698254585266,0.13359743356704712,0.22313539683818817,0.39061951637268066
K6V1_S36,K6X_D115_D210_D220_D100_D150_D100,"[115,210,220,100,150,100]",453,P_XLIKE,0.0,0.0,True,ca58ab027fe20655f9e70d897c3c6c426266fcf67f531ef9b8d10fc518c66e1b,0.2531276345252991,0.04542852193117142,0.09530053287744522,0.19879089295864105,0.05236734077334404,0.10185742378234863,0.2531276345252991,0.34645876288414
K6V1_S36,K6X_D115_D210_D220_D100_D150_D100,"[115,210,220,100,150,100]",454,P_XLIKE,0.0,0.0,True,ca58ab027fe20655f9e70d897c3c6c426266fcf67f531ef9b8d10fc518c66e1b,0.2636096477508545,0.06690803915262222,0.06917482614517212,0.1941421777009964,0.06884227693080902,0.07371339201927185,0.2636096477508545,0.33215928077697754
K6V1_S36,K6X_D115_D210_D220_D100_D150_D100,"[115,210,220,100,150,100]",455,P_XLIKE,0.0,0.0,True,ca58ab027fe20655f9e70d897c3c6c426266fcf67f531ef9b8d10fc518c66e1b,0.251596599817276,0.08294543623924255,0.057723335921764374,0.21609312295913696,0.0796528160572052,0.06039200350642204,0.251596599817276,0.35346928238868713
K6V1_S31,K6X_D220_D195_D210_D150_D140_D210,"[220,195,210,150,140,210]",445,P_XLIKE,0.0,0.0,True,ca58ab027fe20655f9e70d897c3c6c426266fcf67f531ef9b8d10fc518c66e1b,0.05533553287386894,0.12333331257104874,0.43709510564804077,0.08209581673145294,0.18170833587646484,0.06509636342525482,0.05533553287386894,0.7008992433547974
K6V1_S31,K6X_D220_D195_D210_D150_D140_D210,"[220,195,210,150,140,210]",446,P_XLIKE,0.0,0.0,True,ca58ab027fe20655f9e70d897c3c6c426266fcf67f531ef9b8d10fc518c66e1b,0.05317733809351921,0.13615429401397705,0.42567774653434753,0.08496446162462234,0.17869102954864502,0.06815776973962784,0.05317733809351921,0.6893332600593567
K6V1_S31,K6X_D220_D195_D210_D150_D140_D210,"[220,195,210,150,140,210]",447,P_XLIKE,0.0,0.0,True,ca58ab027fe20655f9e70d897c3c6c426266fcf67f531ef9b8d10fc518c66e1b,0.05093212425708771,0.14947375655174255,0.41558215022087097,0.08700058609247208,0.17700602114200592,0.06907325237989426,0.05093212425708771,0.6795887351036072
K6V1_S31,K6X_D220_D195_D210_D150_D140_D210,"[220,195,210,150,140,210]",448,P_XLIKE,0.0,0.0,True,ca58ab027fe20655f9e70d897c3c6c426266fcf67f531ef9b8d10fc518c66e1b,0.04906070604920387,0.16579866409301758,0.40260180830955505,0.08909504860639572,0.17332236468791962,0.0710606798529625,0.04906070604920387,0.6650192141532898
K6V1_S31,K6X_D220_D195_D210_D150_D140_D210,"[220,195,210,150,140,210]",449,P_XLIKE,0.0,0.0,True,ca58ab027fe20655f9e70d897c3c6c426266fcf67f531ef9b8d10fc518c66e1b,0.04798422381281853,0.18476958572864532,0.387771338224411,0.09058248996734619,0.16777504980564117,0.07313305139541626,0.04798422381281853,0.6461288928985596
K6V1_S31,K6X_D220_D195_D210_D150_D140_D210,"[220,195,210,150,140,210]",450,P_XLIKE,0.0,0.0,True,ca58ab027fe20655f9e70d897c3c6c426266fcf67f531ef9b8d10fc518c66e1b,0.04877611622214317,0.208121657371521,0.36525681614875793,0.09278752654790878,0.155368834733963,0.08091287314891815,0.04877611622214317,0.6134132146835327
K6V1_S31,K6X_D220_D195_D210_D150_D140_D210,"[220,195,210,150,140,210]",451,P_XLIKE,0.0,0.0,True,ca58ab027fe20655f9e70d897c3c6c426266fcf67f531ef9b8d10fc518c66e1b,0.052616167813539505,0.23324163258075714,0.3300435245037079,0.10086160153150558,0.13039715588092804,0.10022374242544174,0.052616167813539505,0.5613023042678833
K6V1_S31,K6X_D220_D195_D210_D150_D140_D210,"[220,195,210,150,140,210]",452,P_XLIKE,0.0,0.0,True,ca58ab027fe20655f9e70d897c3c6c426266fcf67f531ef9b8d10fc518c66e1b,0.05533107370138168,0.24302834272384644,0.26180824637413025,0.12992438673973083,0.08324585109949112,0.17133092880249023,0.05533107370138168,0.4749784767627716
K6V1_S31,K6X_D220_D195_D210_D150_D140_D210,"[220,195,210,150,140,210]",453,P_XLIKE,0.0,0.0,True,ca58ab027fe20655f9e70d897c3c6c426266fcf67f531ef9b8d10fc518c66e1b,0.02921067737042904,0.176142156124115,0.16777344048023224,0.16251949965953827,0.056984011083841324,0.3781595230102539,0.02921067737042904,0.38727694749832153
K6V1_S31,K6X_D220_D195_D210_D150_D140_D210,"[220,195,210,150,140,210]",454,P_XLIKE,0.0,0.0,True,ca58ab027fe20655f9e70d897c3c6c426266fcf67f531ef9b8d10fc518c66e1b,0.031156165525317192,0.11200814694166183,0.21536441147327423,0.08275748789310455,0.08935417979955673,0.4382033944129944,0.031156165525317192,0.3874760866165161
K6V1_S31,K6X_D220_D195_D210_D150_D140_D210,"[220,195,210,150,140,210]",455,P_XLIKE,0.0,0.0,True,ca58ab027fe20655f9e70d897c3c6c426266fcf67f531ef9b8d10fc518c66e1b,0.05866564065217972,0.09272381663322449,0.28294965624809265,0.045557472854852676,0.09185556322336197,0.3695822060108185,0.05866564065217972,0.4203626811504364
K6V1_S45,K6X_D195_D120_D105_D210_D220_D215,"[195,120,105,210,220,215]",445,P_XLIKE,0.0,0.0,True,ca58ab027fe20655f9e70d897c3c6c426266fcf67f531ef9b8d10fc518c66e1b,0.12867847084999084,0.006454737391322851,0.06109039857983589,0.5690872669219971,0.03129289299249649,0.07471776753664017,0.12867847084999084,0.6614705920219421
K6V1_S45,K6X_D195_D120_D105_D210_D220_D215,"[195,120,105,210,220,215]",446,P_XLIKE,0.0,0.0,True,ca58ab027fe20655f9e70d897c3c6c426266fcf67f531ef9b8d10fc518c66e1b,0.14995621144771576,0.003200860694050789,0.052905887365341187,0.557156503200531,0.021196234971284866,0.06562801450490952,0.14995621144771576,0.6312586069107056
K6V1_S45,K6X_D195_D120_D105_D210_D220_D215,"[195,120,105,210,220,215]",447,P_XLIKE,0.0,0.0,True,ca58ab027fe20655f9e70d897c3c6c426266fcf67f531ef9b8d10fc518c66e1b,0.15929456055164337,0.0116291968151927,0.04260226711630821,0.5658471584320068,0.010972938500344753,0.050359342247247696,0.15929456055164337,0.6194223165512085
K6V1_S45,K6X_D195_D120_D105_D210_D220_D215,"[195,120,105,210,220,215]",448,P_XLIKE,0.0,0.0,True,ca58ab027fe20655f9e70d897c3c6c426266fcf67f531ef9b8d10fc518c66e1b,0.1583024114370346,0.025924835354089737,0.03524869680404663,0.5829242467880249,0.004409742075949907,0.03488772734999657,0.1583024114370346,0.6225826740264893
K6V1_S45,K6X_D195_D120_D105_D210_D220_D215,"[195,120,105,210,220,215]",449,P_XLIKE,0.0,0.0,True,ca58ab027fe20655f9e70d897c3c6c426266fcf67f531ef9b8d10fc518c66e1b,0.15404962003231049,0.04228898882865906,0.03258393332362175,0.5921198725700378,0.0018950438825413585,0.023013010621070862,0.15404962003231049,0.6265988945960999
K6V1_S45,K6X_D195_D120_D105_D210_D220_D215,"[195,120,105,210,220,215]",450,P_XLIKE,0.0,0.0,True,ca58ab027fe20655f9e70d897c3c6c426266fcf67f531ef9b8d10fc518c66e1b,0.14942501485347748,0.06203523278236389,0.031699370592832565,0.590509831905365,0.0030309269204735756,0.01387456152588129,0.14942501485347748,0.6252401471138
K6V1_S45,K6X_D195_D120_D105_D210_D220_D215,"[195,120,105,210,220,215]",451,P_XLIKE,0.0,0.0,True,ca58ab027fe20655f9e70d897c3c6c426266fcf67f531ef9b8d10fc518c66e1b,0.14281202852725983,0.0883142352104187,0.03157983347773552,0.5780822038650513,0.007404334843158722,0.00899527221918106,0.14281202852725983,0.6170663833618164
K6V1_S45,K6X_D195_D120_D105_D210_D220_D215,"[195,120,105,210,220,215]",452,P_XLIKE,0.0,0.0,True,ca58ab027fe20655f9e70d897c3c6c426266fcf67f531ef9b8d10fc518c66e1b,0.13237576186656952,0.12591280043125153,0.027805307880043983,0.5573404431343079,0.014544007368385792,0.009645949117839336,0.13237576186656952,0.599689781665802
K6V1_S45,K6X_D195_D120_D105_D210_D220_D215,"[195,120,105,210,220,215]",453,P_XLIKE,0.0,0.0,True,ca58ab027fe20655f9e70d897c3c6c426266fcf67f531ef9b8d10fc518c66e1b,0.10906108468770981,0.17262835800647736,0.019348803907632828,0.547989547252655,0.02154512330889702,0.02036595344543457,0.10906108468770981,0.5888834595680237
K6V1_S45,K6X_D195_D120_D105_D210_D220_D215,"[195,120,105,210,220,215]",454,P_XLIKE,0.0,0.0,True,ca58ab027fe20655f9e70d897c3c6c426266fcf67f531ef9b8d10fc518c66e1b,0.07742998749017715,0.2097376137971878,0.00814045313745737,0.5652377009391785,0.023942390456795692,0.03808189183473587,0.07742998749017715,0.597320556640625
K6V1_S45,K6X_D195_D120_D105_D210_D220_D215,"[195,120,105,210,220,215]",455,P_XLIKE,0.0,0.0,True,ca58ab027fe20655f9e70d897c3c6c426266fcf67f531ef9b8d10fc518c66e1b,0.04796271026134491,0.21942436695098877,0.002109923865646124,0.6083009839057922,0.019619792699813843,0.054619479924440384,0.04796271026134491,0.6300307512283325
K6V1_S32,K6X_D105_D190_D105_D115_D105_D225,"[105,190,105,115,105,225]",445,P_XLIKE,0.0,0.0,True,ca58ab027fe20655f9e70d897c3c6c426266fcf67f531ef9b8d10fc518c66e1b,0.01564452424645424,0.04401855915784836,0.04540383070707321,0.7898661494255066,0.04401855915784836,0.0454038605093956,0.01564452424645424,0.8792885541915894
K6V1_S32,K6X_D105_D190_D105_D115_D105_D225,"[105,190,105,115,105,225]",446,P_XLIKE,0.0,0.0,True,ca58ab027fe20655f9e70d897c3c6c426266fcf67f531ef9b8d10fc518c66e1b,0.014225722290575504,0.04190300032496452,0.047683797776699066,0.7923749685287476,0.04190300032496452,0.047683797776699066,0.014225722290575504,0.8819617629051208
K6V1_S32,K6X_D105_D190_D105_D115_D105_D225,"[105,190,105,115,105,225]",447,P_XLIKE,0.0,0.0,True,ca58ab027fe20655f9e70d897c3c6c426266fcf67f531ef9b8d10fc518c66e1b,0.0136063601821661,0.040210578590631485,0.04972054436802864,0.7929250001907349,0.040210578590631485,0.04972054436802864,0.0136063601821661,0.8828561305999756
K6V1_S32,K6X_D105_D190_D105_D115_D105_D225,"[105,190,105,115,105,225]",448,P_XLIKE,0.0,0.0,True,ca58ab027fe20655f9e70d897c3c6c426266fcf67f531ef9b8d10fc518c66e1b,0.013588500209152699,0.038674600422382355,0.051698796451091766,0.7920762300491333,0.038674600422382355,0.051698777824640274,0.013588500209152699,0.8824496269226074
K6V1_S32,K6X_D105_D190_D105_D115_D105_D225,"[105,190,105,115,105,225]",449,P_XLIKE,0.0,0.0,True,ca58ab027fe20655f9e70d897c3c6c426266fcf67f531ef9b8d10fc518c66e1b,0.014285068027675152,0.037518538534641266,0.05340713635087013,0.7895784974098206,0.037518538534641266,0.05340713635087013,0.014285068027675152,0.8805041909217834
K6V1_S32,K6X_D105_D190_D105_D115_D105_D225,"[105,190,105,115,105,225]",450,P_XLIKE,0.0,0.0,True,ca58ab027fe20655f9e70d897c3c6c426266fcf67f531ef9b8d10fc518c66e1b,0.015521558932960033,0.03650492802262306,0.05503760278224945,0.7858718037605286,0.03650492802262306,0.05503760278224945,0.015521558932960033,0.877414345741272
K6V1_S32,K6X_D105_D190_D105_D115_D105_D225,"[105,190,105,115,105,225]",451,P_XLIKE,0.0,0.0,True,ca58ab027fe20655f9e70d897c3c6c426266fcf67f531ef9b8d10fc518c66e1b,0.017486531287431717,0.03583734109997749,0.056325655430555344,0.7807009220123291,0.03583734109997749,0.056325655430555344,0.017486531287431717,0.8728639483451843
K6V1_S32,K6X_D105_D190_D105_D115_D105_D225,"[105,190,105,115,105,225]",452,P_XLIKE,0.0,0.0,True,ca58ab027fe20655f9e70d897c3c6c426266fcf67f531ef9b8d10fc518c66e1b,0.020055806264281273,0.03539685159921646,0.05744157359004021,0.7742114663124084,0.03539685159921646,0.05744157359004021,0.020055806264281273,0.8670499324798584
K6V1_S32,K6X_D105_D190_D105_D115_D105_D225,"[105,190,105,115,105,225]",453,P_XLIKE,0.0,0.0,True,ca58ab027fe20655f9e70d897c3c6c426266fcf67f531ef9b8d10fc518c66e1b,0.023529620841145515,0.035357993096113205,0.058161817491054535,0.7659011483192444,0.035357993096113205,0.058161817491054535,0.023529620841145515,0.8594209551811218
K6V1_S32,K6X_D105_D190_D105_D115_D105_D225,"[105,190,105,115,105,225]",454,P_XLIKE,0.0,0.0,True,ca58ab027fe20655f9e70d897c3c6c426266fcf67f531ef9b8d10fc518c66e1b,0.027934152632951736,0.03587458282709122,0.05847327411174774,0.7554360032081604,0.03587458282709122,0.05847327411174774,0.027934152632951736,0.8497838973999023
K6V1_S32,K6X_D105_D190_D105_D115_D105_D225,"[105,190,105,115,105,225]",455,P_XLIKE,0.0,0.0,True,ca58ab027fe20655f9e70d897c3c6c426266fcf67f531ef9b8d10fc518c66e1b,0.03369138762354851,0.03713556379079819,0.05818238854408264,0.7419812083244324,0.03713556379079819,0.05818238854408264,0.03369138762354851,0.8372991681098938
K6V1_S47,K6X_D165_D160_D105_D100_D230_D170,"[165,160,105,100,230,170]",445,P_XLIKE,0.0,0.0,True,ca58ab027fe20655f9e70d897c3c6c426266fcf67f531ef9b8d10fc518c66e1b,0.08266738802194595,0.06293250620365143,0.17532649636268616,0.1711113005876541,0.4013238549232483,0.023970987647771835,0.08266738802194595,0.7477616667747498
K6V1_S47,K6X_D165_D160_D105_D100_D230_D170,"[165,160,105,100,230,170]",446,P_XLIKE,0.0,0.0,True,ca58ab027fe20655f9e70d897c3c6c426266fcf67f531ef9b8d10fc518c66e1b,0.10864877700805664,0.030898133292794228,0.17518948018550873,0.15818169713020325,0.4122803807258606,0.006152750924229622,0.10864877700805664,0.7456515431404114
K6V1_S47,K6X_D165_D160_D105_D100_D230_D170,"[165,160,105,100,230,170]",447,P_XLIKE,0.0,0.0,True,ca58ab027fe20655f9e70d897c3c6c426266fcf67f531ef9b8d10fc518c66e1b,0.11989623308181763,0.022299129515886307,0.1960129737854004,0.13642290234565735,0.40218332409858704,0.003289267420768738,0.11989623308181763,0.7346192002296448
K6V1_S47,K6X_D165_D160_D105_D100_D230_D170,"[165,160,105,100,230,170]",448,P_XLIKE,0.0,0.0,True,ca58ab027fe20655f9e70d897c3c6c426266fcf67f531ef9b8d10fc518c66e1b,0.13418060541152954,0.016455885022878647,0.21010681986808777,0.11382168531417847,0.3874233067035675,0.00383115466684103,0.13418060541152954,0.7113518118858337
K6V1_S47,K6X_D165_D160_D105_D100_D230_D170,"[165,160,105,100,230,170]",449,P_XLIKE,0.0,0.0,True,ca58ab027fe20655f9e70d897c3c6c426266fcf67f531ef9b8d10fc518c66e1b,0.16725970804691315,0.008862677030265331,0.20240595936775208,0.09138884395360947,0.3524390757083893,0.010384098626673222,0.16725970804691315,0.6462339162826538
K6V1_S47,K6X_D165_D160_D105_D100_D230_D170,"[165,160,105,100,230,170]",450,P_XLIKE,0.0,0.0,True,ca58ab027fe20655f9e70d897c3c6c426266fcf67f531ef9b8d10fc518c66e1b,0.22665131092071533,0.001510703470557928,0.1463867872953415,0.10448995977640152,0.2621358036994934,0.03217419981956482,0.22665131092071533,0.5130125284194946
K6V1_S47,K6X_D165_D160_D105_D100_D230_D170,"[165,160,105,100,230,170]",451,P_XLIKE,0.0,0.0,True,ca58ab027fe20655f9e70d897c3c6c426266fcf67f531ef9b8d10fc518c66e1b,0.21541759371757507,0.0075180623680353165,0.12611716985702515,0.16958600282669067,0.2233787477016449,0.042564813047647476,0.21541759371757507,0.5190819501876831
K6V1_S47,K6X_D165_D160_D105_D100_D230_D170,"[165,160,105,100,230,170]",452,P_XLIKE,0.0,0.0,True,ca58ab027fe20655f9e70d897c3c6c426266fcf67f531ef9b8d10fc518c66e1b,0.1665424108505249,0.013941280543804169,0.1672988384962082,0.1815953254699707,0.2732214629650116,0.030858244746923447,0.1665424108505249,0.6221156120300293
K6V1_S47,K6X_D165_D160_D105_D100_D230_D170,"[165,160,105,100,230,170]",453,P_XLIKE,0.0,0.0,True,ca58ab027fe20655f9e70d897c3c6c426266fcf67f531ef9b8d10fc518c66e1b,0.1404615044593811,0.016912313178181648,0.1945277899503708,0.16616839170455933,0.3202188014984131,0.021249767392873764,0.1404615044593811,0.6809149980545044
K6V1_S47,K6X_D165_D160_D105_D100_D230_D170,"[165,160,105,100,230,170]",454,P_XLIKE,0.0,0.0,True,ca58ab027fe20655f9e70d897c3c6c426266fcf67f531ef9b8d10fc518c66e1b,0.12524640560150146,0.02240811288356781,0.20192451775074005,0.14436766505241394,0.36601924896240234,0.014787642285227776,0.12524640560150146,0.7123114466667175
K6V1_S47,K6X_D165_D160_D105_D100_D230_D170,"[165,160,105,100,230,170]",455,P_XLIKE,0.0,0.0,True,ca58ab027fe20655f9e70d897c3c6c426266fcf67f531ef9b8d10fc518c66e1b,0.10510735958814621,0.04097642004489899,0.19238287210464478,0.1262851059436798,0.4206715524196625,0.009469319134950638,0.10510735958814621,0.7393395304679871
K6V1_S33,K6X_D170_D175_D155_D150_D190_D105,"[170,175,155,150,190,105]",445,P_XLIKE,0.0,0.0,True,ca58ab027fe20655f9e70d897c3c6c426266fcf67f531ef9b8d10fc518c66e1b,0.03344469517469406,0.017110351473093033,0.28243228793144226,0.3566977083683014,0.07927627861499786,0.1975940465927124,0.03344469517469406,0.7184062600135803
K6V1_S33,K6X_D170_D175_D155_D150_D190_D105,"[170,175,155,150,190,105]",446,P_XLIKE,0.0,0.0,True,ca58ab027fe20655f9e70d897c3c6c426266fcf67f531ef9b8d10fc518c66e1b,0.034983258694410324,0.015625398606061935,0.2811122536659241,0.35019928216934204,0.08107739686965942,0.20201927423477173,0.034983258694410324,0.7123889327049255
K6V1_S33,K6X_D170_D175_D155_D150_D190_D105,"[170,175,155,150,190,105]",447,P_XLIKE,0.0,0.0,True,ca58ab027fe20655f9e70d897c3c6c426266fcf67f531ef9b8d10fc518c66e1b,0.03649993985891342,0.0144523736089468,0.279116690158844,0.3440326452255249,0.08284757286310196,0.20655079185962677,0.03649993985891342,0.7059969305992126
K6V1_S33,K6X_D170_D175_D155_D150_D190_D105,"[170,175,155,150,190,105]",448,P_XLIKE,0.0,0.0,True,ca58ab027fe20655f9e70d897c3c6c426266fcf67f531ef9b8d10fc518c66e1b,0.03796631842851639,0.013547692447900772,0.27642375230789185,0.33799317479133606,0.08473274111747742,0.21136999130249023,0.03796631842851639,0.6991497278213501
K6V1_S33,K6X_D170_D175_D155_D150_D190_D105,"[170,175,155,150,190,105]",449,P_XLIKE,0.0,0.0,True,ca58ab027fe20655f9e70d897c3c6c426266fcf67f531ef9b8d10fc518c66e1b,0.03934488445520401,0.012935314327478409,0.27288398146629333,0.3318747580051422,0.0869385153055191,0.21667757630348206,0.03934488445520401,0.6916972398757935
K6V1_S33,K6X_D170_D175_D155_D150_D190_D105,"[170,175,155,150,190,105]",450,P_XLIKE,0.0,0.0,True,ca58ab027fe20655f9e70d897c3c6c426266fcf67f531ef9b8d10fc518c66e1b,0.040574077516794205,0.012668099254369736,0.2682378590106964,0.32537922263145447,0.0898151621222496,0.22275151312351227,0.040574077516794205,0.6834322214126587
K6V1_S33,K6X_D170_D175_D155_D150_D190_D105,"[170,175,155,150,190,105]",451,P_XLIKE,0.0,0.0,True,ca58ab027fe20655f9e70d897c3c6c426266fcf67f531ef9b8d10fc518c66e1b,0.04149124026298523,0.012855419889092445,0.26207229495048523,0.318112850189209,0.09396429359912872,0.23001264035701752,0.04149124026298523,0.6741494536399841
K6V1_S33,K6X_D170_D175_D155_D150_D190_D105,"[170,175,155,150,190,105]",452,P_XLIKE,0.0,0.0,True,ca58ab027fe20655f9e70d897c3c6c426266fcf67f531ef9b8d10fc518c66e1b,0.041770827025175095,0.0137325469404459,0.2535609006881714,0.3093721270561218,0.10056433826684952,0.23922838270664215,0.041770827025175095,0.6634973883628845
K6V1_S33,K6X_D170_D175_D155_D150_D190_D105,"[170,175,155,150,190,105]",453,P_XLIKE,0.0,0.0,True,ca58ab027fe20655f9e70d897c3c6c426266fcf67f531ef9b8d10fc518c66e1b,0.04068572446703911,0.015830636024475098,0.24126239120960236,0.2974361181259155,0.11247697472572327,0.25162243843078613,0.04068572446703911,0.6511754989624023
K6V1_S33,K6X_D170_D175_D155_D150_D190_D105,"[170,175,155,150,190,105]",454,P_XLIKE,0.0,0.0,True,ca58ab027fe20655f9e70d897c3c6c426266fcf67f531ef9b8d10fc518c66e1b,0.036242857575416565,0.020353849977254868,0.22361333668231964,0.2779122591018677,0.13739240169525146,0.26824238896369934,0.036242857575416565,0.6389179825782776
K6V1_S33,K6X_D170_D175_D155_D150_D190_D105,"[170,175,155,150,190,105]",455,P_XLIKE,0.0,0.0,True,ca58ab027fe20655f9e70d897c3c6c426266fcf67f531ef9b8d10fc518c66e1b,0.02352149412035942,0.02916823700070381,0.20737724006175995,0.2400231808423996,0.19500792026519775,0.2813803553581238,0.02352149412035942,0.6424083709716797
K6V1_S37,K6X_D215_D170_D110_D180_D105_D130,"[215,170,110,180,105,130]",445,P_XLIKE,0.0,0.0,True,ca58ab027fe20655f9e70d897c3c6c426266fcf67f531ef9b8d10fc518c66e1b,0.19412861764431,0.09450915455818176,0.013043680228292942,0.08160755783319473,0.24180933833122253,0.18077297508716583,0.19412861764431,0.33646059036254883
K6V1_S37,K6X_D215_D170_D110_D180_D105_D130,"[215,170,110,180,105,130]",446,P_XLIKE,0.0,0.0,True,ca58ab027fe20655f9e70d897c3c6c426266fcf67f531ef9b8d10fc518c66e1b,0.20985019207000732,0.07751918584108353,0.022853653877973557,0.0669870600104332,0.250438392162323,0.16250132024288177,0.20985019207000732,0.34027910232543945
K6V1_S37,K6X_D215_D170_D110_D180_D105_D130,"[215,170,110,180,105,130]",447,P_XLIKE,0.0,0.0,True,ca58ab027fe20655f9e70d897c3c6c426266fcf67f531ef9b8d10fc518c66e1b,0.23283548653125763,0.07313946634531021,0.030875498428940773,0.06561174243688583,0.23327505588531494,0.13142725825309753,0.23283548653125763,0.3297622799873352
K6V1_S37,K6X_D215_D170_D110_D180_D105_D130,"[215,170,110,180,105,130]",448,P_XLIKE,0.0,0.0,True,ca58ab027fe20655f9e70d897c3c6c426266fcf67f531ef9b8d10fc518c66e1b,0.2538844347000122,0.07815197110176086,0.03445269167423248,0.07222434878349304,0.20521406829357147,0.10218808799982071,0.2538844347000122,0.311891108751297
K6V1_S37,K6X_D215_D170_D110_D180_D105_D130,"[215,170,110,180,105,130]",449,P_XLIKE,0.0,0.0,True,ca58ab027fe20655f9e70d897c3c6c426266fcf67f531ef9b8d10fc518c66e1b,0.2686183750629425,0.08629947900772095,0.03484271839261055,0.07893630117177963,0.18061718344688416,0.0820675864815712,0.2686183750629425,0.29439622163772583
K6V1_S37,K6X_D215_D170_D110_D180_D105_D130,"[215,170,110,180,105,130]",450,P_XLIKE,0.0,0.0,True,ca58ab027fe20655f9e70d897c3c6c426266fcf67f531ef9b8d10fc518c66e1b,0.27980896830558777,0.09460687637329102,0.03349628672003746,0.08409096300601959,0.1604723185300827,0.0677156150341034,0.27980896830558777,0.27805957198143005
K6V1_S37,K6X_D215_D170_D110_D180_D105_D130,"[215,170,110,180,105,130]",451,P_XLIKE,0.0,0.0,True,ca58ab027fe20655f9e70d897c3c6c426266fcf67f531ef9b8d10fc518c66e1b,0.287647008895874,0.10237651318311691,0.030999857932329178,0.08656574785709381,0.14635591208934784,0.05840793997049332,0.287647008895874,0.26392149925231934
K6V1_S37,K6X_D215_D170_D110_D180_D105_D130,"[215,170,110,180,105,130]",452,P_XLIKE,0.0,0.0,True,ca58ab027fe20655f9e70d897c3c6c426266fcf67f531ef9b8d10fc518c66e1b,0.29501211643218994,0.10881412774324417,0.02809213660657406,0.08686556667089462,0.13563735783100128,0.05056652054190636,0.29501211643218994,0.2505950629711151
K6V1_S37,K6X_D215_D170_D110_D180_D105_D130,"[215,170,110,180,105,130]",453,P_XLIKE,0.0,0.0,True,ca58ab027fe20655f9e70d897c3c6c426266fcf67f531ef9b8d10fc518c66e1b,0.3013211488723755,0.1148030087351799,0.02462935261428356,0.08589944243431091,0.12785255908966064,0.04417328163981438,0.3013211488723755,0.23838135600090027
K6V1_S37,K6X_D215_D170_D110_D180_D105_D130,"[215,170,110,180,105,130]",454,P_XLIKE,0.0,0.0,True,ca58ab027fe20655f9e70d897c3c6c426266fcf67f531ef9b8d10fc518c66e1b,0.30677884817123413,0.11782253533601761,0.022187745198607445,0.08660028874874115,0.12131617218255997,0.03851553052663803,0.30677884817123413,0.2301042079925537
K6V1_S37,K6X_D215_D170_D110_D180_D105_D130,"[215,170,110,180,105,130]",455,P_XLIKE,0.0,0.0,True,ca58ab027fe20655f9e70d897c3c6c426266fcf67f531ef9b8d10fc518c66e1b,0.3025958240032196,0.11291471123695374,0.027042806148529053,0.10489911586046219,0.10818858444690704,0.0417630672454834,0.3025958240032196,0.2401304990053177
K6V1_S48,K6X_D110_D100_D225_D205_D195_D175,"[110,100,225,205,195,175]",445,P_XLIKE,0.0,0.0,True,ca58ab027fe20655f9e70d897c3c6c426266fcf67f531ef9b8d10fc518c66e1b,0.08118794858455658,0.09249334782361984,0.09905499964952469,0.5701516270637512,0.06810085475444794,0.007823343388736248,0.08118794858455658,0.7373074889183044
K6V1_S48,K6X_D110_D100_D225_D205_D195_D175,"[110,100,225,205,195,175]",446,P_XLIKE,0.0,0.0,True,ca58ab027fe20655f9e70d897c3c6c426266fcf67f531ef9b8d10fc518c66e1b,0.07718420028686523,0.09101270139217377,0.10609186440706253,0.5765489339828491,0.06360796093940735,0.008370132185518742,0.07718420028686523,0.746248722076416
K6V1_S48,K6X_D110_D100_D225_D205_D195_D175,"[110,100,225,205,195,175]",447,P_XLIKE,0.0,0.0,True,ca58ab027fe20655f9e70d897c3c6c426266fcf67f531ef9b8d10fc518c66e1b,0.07387158274650574,0.08959239721298218,0.11312872171401978,0.581364631652832,0.05889948084950447,0.009271454997360706,0.07387158274650574,0.7533928155899048
K6V1_S48,K6X_D110_D100_D225_D205_D195_D175,"[110,100,225,205,195,175]",448,P_XLIKE,0.0,0.0,True,ca58ab027fe20655f9e70d897c3c6c426266fcf67f531ef9b8d10fc518c66e1b,0.07105499505996704,0.08838582783937454,0.1197892278432846,0.5844831466674805,0.05497147887945175,0.010260287672281265,0.07105499505996704,0.7592438459396362
K6V1_S48,K6X_D110_D100_D225_D205_D195_D175,"[110,100,225,205,195,175]",449,P_XLIKE,0.0,0.0,True,ca58ab027fe20655f9e70d897c3c6c426266fcf67f531ef9b8d10fc518c66e1b,0.06833227723836899,0.08738844841718674,0.1269497126340866,0.5865354537963867,0.05084509775042534,0.011616685427725315,0.06833227723836899,0.764330267906189
K6V1_S48,K6X_D110_D100_D225_D205_D195_D175,"[110,100,225,205,195,175]",450,P_XLIKE,0.0,0.0,True,ca58ab027fe20655f9e70d897c3c6c426266fcf67f531ef9b8d10fc518c66e1b,0.06619585305452347,0.08657005429267883,0.1339665800333023,0.58692467212677,0.047307033091783524,0.012839856557548046,0.06619585305452347,0.7681982517242432
K6V1_S48,K6X_D110_D100_D225_D205_D195_D175,"[110,100,225,205,195,175]",451,P_XLIKE,0.0,0.0,True,ca58ab027fe20655f9e70d897c3c6c426266fcf67f531ef9b8d10fc518c66e1b,0.06410649418830872,0.08597332239151001,0.14150208234786987,0.5866054892539978,0.04312238469719887,0.014583743177354336,0.06410649418830872,0.7712299823760986
K6V1_S48,K6X_D110_D100_D225_D205_D195_D175,"[110,100,225,205,195,175]",452,P_XLIKE,0.0,0.0,True,ca58ab027fe20655f9e70d897c3c6c426266fcf67f531ef9b8d10fc518c66e1b,0.06382931023836136,0.08430271595716476,0.14905181527137756,0.5832900404930115,0.0395389162003994,0.01615796610713005,0.06382931023836136,0.7718808054924011
K6V1_S48,K6X_D110_D100_D225_D205_D195_D175,"[110,100,225,205,195,175]",453,P_XLIKE,0.0,0.0,True,ca58ab027fe20655f9e70d897c3c6c426266fcf67f531ef9b8d10fc518c66e1b,0.06464658677577972,0.08155032247304916,0.15763209760189056,0.577582061290741,0.035768575966358185,0.01817380264401436,0.06464658677577972,0.7709827423095703
K6V1_S48,K6X_D110_D100_D225_D205_D195_D175,"[110,100,225,205,195,175]",454,P_XLIKE,0.0,0.0,True,ca58ab027fe20655f9e70d897c3c6c426266fcf67f531ef9b8d10fc518c66e1b,0.07681417465209961,0.07013730704784393,0.16645966470241547,0.5552883744239807,0.03633248805999756,0.018153831362724304,0.07681417465209961,0.7580805420875549
K6V1_S48,K6X_D110_D100_D225_D205_D195_D175,"[110,100,225,205,195,175]",455,P_XLIKE,0.0,0.0,True,ca58ab027fe20655f9e70d897c3c6c426266fcf67f531ef9b8d10fc518c66e1b,0.12271060794591904,0.13526542484760284,0.09757401049137115,0.40186628699302673,0.1198122575879097,6.081329775042832e-05,0.12271060794591904,0.6192525625228882
