candidate_id,category,target_bin,wavelength_nm,geometry_hash_sha256,source_polarization_x_status,source_polarization_y_status,physics_origin,model_fill,Jones_complete,txx_real,txx_imag,txy_real,txy_imag,tyx_real,tyx_imag,tyy_real,tyy_imag,Txx,Txy,Tyx,Tyy,cross_power_xy_yx,combined_leakage,target_transmission,orthogonal_rejection,sigma1,sigma2,sigma2_over_sigma1,determinant_real,determinant_imag,jones_frobenius_norm,projection_error_apcd_v1,phase_wrapped_deg,primitive_valid,manufacturing_pass,phase_unwrapped_deg,x_checkpoint_sha256,y_checkpoint_sha256
LPML_R3_001,B0_TARGETED_ACTIVE_LEARNING,0,450.0,9eb265ac22a86be446b2a88f94b890c814208855cbefdf1836468af51943309c,ACCEPTED,ACCEPTED,FORMAL_WEIGHTED_G0_PROSPECTIVE_ROUND3_TARGETED_ACTIVE_LEARNING,NONE,True,0.2816162591658076,0.9548700100621907,-0.008531419482702222,-0.0005061211740097189,-0.00846418758373197,-0.0005078175288681152,-0.3026207423966117,0.5452399038560387,0.9910844535427114,7.304127703261204e-05,7.190035009522816e-05,0.3888658664856187,0.0001449416271278402,0.3890108081127466,0.9910844535427114,2.5477041585319307,0.995577386979807,0.6236352525233944,0.6264056020951422,-0.60592810841869,-0.13542366557433438,1.1747745578005415,0.2818724322305971,73.5678265889319,True,True,73.5678265889319,af586423cd6c76c73d7e2dab037da3628ede48fc7b3efa4435724bbddfe8db1e,065f9abc91fb41634e2faa4b8a4f55d05a0336604d4e738c8eab064f0d7ff325
LPML_R3_001,B0_TARGETED_ACTIVE_LEARNING,0,450.5,9eb265ac22a86be446b2a88f94b890c814208855cbefdf1836468af51943309c,ACCEPTED,ACCEPTED,FORMAL_WEIGHTED_G0_PROSPECTIVE_ROUND3_TARGETED_ACTIVE_LEARNING,NONE,True,0.31836540412509934,0.9453666199792315,-0.005700088756760426,0.0017494111685187092,-0.005702012203523237,0.0018134670261650125,-0.26731437438965233,0.6034804542538312,0.9950745767146947,3.55514512714846e-05,3.58016058241157e-05,0.4356456334217417,7.13530570956003e-05,0.4357169864788373,0.9950745767146947,2.2837635611964497,0.9975656110552128,0.660041222071449,0.6616519402400665,-0.6556432555686684,-0.06056247580165053,1.1961569977195854,0.30452862435553896,71.38832936649561,True,True,71.38832936649561,af586423cd6c76c73d7e2dab037da3628ede48fc7b3efa4435724bbddfe8db1e,065f9abc91fb41634e2faa4b8a4f55d05a0336604d4e738c8eab064f0d7ff325
LPML_R3_001,B0_TARGETED_ACTIVE_LEARNING,0,451.0,9eb265ac22a86be446b2a88f94b890c814208855cbefdf1836468af51943309c,ACCEPTED,ACCEPTED,FORMAL_WEIGHTED_G0_PROSPECTIVE_ROUND3_TARGETED_ACTIVE_LEARNING,NONE,True,0.3516269556968358,0.935054322968251,-0.009303620293007766,0.005131398550296265,-0.009359671261756929,0.005119026653486064,-0.21113161765984825,0.6602655016536729,0.9979681028742386,0.00011288860163844853,0.00011380788000725929,0.48052709264964083,0.00022669648164570783,0.4807537891312865,0.9979681028742386,2.075840327077919,0.9991145435323883,0.6931753175839375,0.6937896381061606,-0.6916844906586865,0.03484327017380168,1.21602709345044,0.32511440571104355,69.39124142650303,True,True,69.39124142650303,af586423cd6c76c73d7e2dab037da3628ede48fc7b3efa4435724bbddfe8db1e,065f9abc91fb41634e2faa4b8a4f55d05a0336604d4e738c8eab064f0d7ff325
LPML_R3_001,B0_TARGETED_ACTIVE_LEARNING,0,451.5,9eb265ac22a86be446b2a88f94b890c814208855cbefdf1836468af51943309c,ACCEPTED,ACCEPTED,FORMAL_WEIGHTED_G0_PROSPECTIVE_ROUND3_TARGETED_ACTIVE_LEARNING,NONE,True,0.38356339315848037,0.9214918660483384,-0.012802732641223134,0.00213046363242994,-0.012768867035434207,0.002072470866348571,-0.15803630741736013,0.7186634071528923,0.9962681357644959,0.00016844883837174683,0.000167339100860462,0.5414525672427184,0.00033578793923220887,0.5417883551819506,0.9962681357644959,1.8388511422138556,0.9982321082926904,0.7359274073711187,0.7372307515030746,-0.7230184875001909,0.13007754005824074,1.240184055270203,0.35225517292187336,67.40088231362915,True,True,67.40088231362917,af586423cd6c76c73d7e2dab037da3628ede48fc7b3efa4435724bbddfe8db1e,065f9abc91fb41634e2faa4b8a4f55d05a0336604d4e738c8eab064f0d7ff325
LPML_R3_001,B0_TARGETED_ACTIVE_LEARNING,0,452.0,9eb265ac22a86be446b2a88f94b890c814208855cbefdf1836468af51943309c,ACCEPTED,ACCEPTED,FORMAL_WEIGHTED_G0_PROSPECTIVE_ROUND3_TARGETED_ACTIVE_LEARNING,NONE,True,0.4162686445607288,0.9061846002737971,-0.009768521293702877,0.0003774491425470852,-0.009700878456801893,0.0004025029298630828,-0.11041532184936721,0.7575297442261665,0.9944501142178076,9.556647612073606e-05,9.426905144219148e-05,0.5860428566864604,0.00018983552756292755,0.5862326922140233,0.9944501142178076,1.6963402543486115,0.9972787984102598,0.7655833100801109,0.7676723011664446,-0.7325188361454602,0.21528680899598707,1.2572520854752365,0.37087307448947404,65.32764983303906,True,True,65.32764983303906,af586423cd6c76c73d7e2dab037da3628ede48fc7b3efa4435724bbddfe8db1e,065f9abc91fb41634e2faa4b8a4f55d05a0336604d4e738c8eab064f0d7ff325
LPML_R3_001,B0_TARGETED_ACTIVE_LEARNING,0,452.5,9eb265ac22a86be446b2a88f94b890c814208855cbefdf1836468af51943309c,ACCEPTED,ACCEPTED,FORMAL_WEIGHTED_G0_PROSPECTIVE_ROUND3_TARGETED_ACTIVE_LEARNING,NONE,True,0.4494242169304568,0.8907720202439352,-0.00892400720972577,0.0049422059628390505,-0.008941342948595287,0.004981919414534071,-0.04956120222379164,0.7790940186411711,0.995456918813016,0.00010406330445835934,0.00010476713477730616,0.6094438026483171,0.0002088304392356655,0.6096526330875528,0.995456918813016,1.632826407673462,0.997822701196266,0.7806788128788664,0.7823822929092804,-0.7163243283816226,0.3060846356556159,1.2669291818805692,0.3798199520809521,63.227531083629515,True,True,63.22753108362951,af586423cd6c76c73d7e2dab037da3628ede48fc7b3efa4435724bbddfe8db1e,065f9abc91fb41634e2faa4b8a4f55d05a0336604d4e738c8eab064f0d7ff325
LPML_R3_001,B0_TARGETED_ACTIVE_LEARNING,0,453.0,9eb265ac22a86be446b2a88f94b890c814208855cbefdf1836468af51943309c,ACCEPTED,ACCEPTED,FORMAL_WEIGHTED_G0_PROSPECTIVE_ROUND3_TARGETED_ACTIVE_LEARNING,NONE,True,0.48114389752940595,0.8758766469488909,-0.013785082205091531,0.006147721195019655,-0.013799071105221784,0.006101527818301247,0.01876525784772979,0.8044816986425742,0.9986593508002197,0.00022782296729282505,0.00022764300508447074,0.6475429383529333,0.0004554659723772958,0.6479984043253106,0.9986593508002197,1.541144768465925,0.9994805725662543,0.8047958375812853,0.8052140878685626,-0.6957506542774539,0.40367645400322316,1.2832216313347942,0.3935234278697529,61.21875868430271,True,True,61.218758684302706,af586423cd6c76c73d7e2dab037da3628ede48fc7b3efa4435724bbddfe8db1e,065f9abc91fb41634e2faa4b8a4f55d05a0336604d4e738c8eab064f0d7ff325
LPML_R3_001,B0_TARGETED_ACTIVE_LEARNING,0,453.5,9eb265ac22a86be446b2a88f94b890c814208855cbefdf1836468af51943309c,ACCEPTED,ACCEPTED,FORMAL_WEIGHTED_G0_PROSPECTIVE_ROUND3_TARGETED_ACTIVE_LEARNING,NONE,True,0.5097718072784793,0.8595290033603278,-0.013976958209001921,0.002338105556480199,-0.013904171739583221,0.002302714838828589,0.07478050254602703,0.8275338688473057,0.9986574031135651,0.00020082209836942979,0.00019862848739278608,0.6904044276504262,0.00039945058576221584,0.6908038782361885,0.9986574031135651,1.4456453337572612,0.9994609387921249,0.8309868309296592,0.8314350252986663,-0.6733573236421351,0.4861941411008863,1.2997927840043404,0.408890032498577,59.32855241117139,True,True,59.32855241117138,af586423cd6c76c73d7e2dab037da3628ede48fc7b3efa4435724bbddfe8db1e,065f9abc91fb41634e2faa4b8a4f55d05a0336604d4e738c8eab064f0d7ff325
LPML_R3_001,B0_TARGETED_ACTIVE_LEARNING,0,454.0,9eb265ac22a86be446b2a88f94b890c814208855cbefdf1836468af51943309c,ACCEPTED,ACCEPTED,FORMAL_WEIGHTED_G0_PROSPECTIVE_ROUND3_TARGETED_ACTIVE_LEARNING,NONE,True,0.5383388046432894,0.8392077381472226,-0.009994688747572712,0.004309192669436866,-0.009949995416253962,0.004345930018373455,0.12709235043334935,0.831023751968164,0.994078296350943,0.00011846294462318502,0.00011788951650807432,0.7067529418739178,0.00023635246113125932,0.706989294335049,0.994078296350943,1.4060726298350987,0.9971006731304307,0.8407483799144869,0.8431930722450818,-0.6290635388816743,0.5541155298728692,1.3042498191243854,0.4156150515159368,57.320455027630885,True,True,57.32045502763088,af586423cd6c76c73d7e2dab037da3628ede48fc7b3efa4435724bbddfe8db1e,065f9abc91fb41634e2faa4b8a4f55d05a0336604d4e738c8eab064f0d7ff325
LPML_R3_002,B0_TARGETED_ACTIVE_LEARNING,0,450.0,382f254cc62e52ef1485292d4c6facb36dafff993d37ab8261ac35b251cf3ca0,ACCEPTED,ACCEPTED,FORMAL_WEIGHTED_G0_PROSPECTIVE_ROUND3_TARGETED_ACTIVE_LEARNING,NONE,True,0.29142943646698516,0.9442464622199516,-0.0006362164872978015,0.0013376993384499947,-0.0006145443201575002,0.001301904065879232,-0.2820790284439245,0.5426792625484508,0.9765324978543588,2.194210938799107e-06,2.0726189181907197e-06,0.3740693602879988,4.266829856989827e-06,0.3740736271178558,0.9765324978543588,2.6105355391618987,0.9882017368278823,0.6116072696613178,0.6189093247544485,-0.5946277555070953,-0.10819776263944063,1.1621558092494375,0.2769672224946792,72.84783625359805,True,True,72.84783625359805,550bfa5e363631dfe8e220a9cc0d8f7b76726b317d3b4c23a74080e2c3755ca7,80afca817b54220a3e75b8d8d30eda544280c527d58d8fc2756db96185aef433
LPML_R3_002,B0_TARGETED_ACTIVE_LEARNING,0,450.5,382f254cc62e52ef1485292d4c6facb36dafff993d37ab8261ac35b251cf3ca0,ACCEPTED,ACCEPTED,FORMAL_WEIGHTED_G0_PROSPECTIVE_ROUND3_TARGETED_ACTIVE_LEARNING,NONE,True,0.33686456576953844,0.9375431746164087,-0.00019726266932772069,-0.0003048540723660618,-0.0001620937086239002,-0.0002752782274954074,-0.239170347508063,0.5926981771702383,0.9924649399409134,1.3184856614846967e-07,1.0205247290846311e-07,0.4084935843480509,2.339010390569328e-07,0.40849381824909,0.9924649399409134,2.4295715029296514,0.9962255979035651,0.639134818541196,0.6415563100227268,-0.6362480939271461,-0.024573616509014965,1.1836210365611128,0.2915816157049844,70.23635005966855,True,True,70.23635005966855,550bfa5e363631dfe8e220a9cc0d8f7b76726b317d3b4c23a74080e2c3755ca7,80afca817b54220a3e75b8d8d30eda544280c527d58d8fc2756db96185aef433
LPML_R3_002,B0_TARGETED_ACTIVE_LEARNING,0,451.0,382f254cc62e52ef1485292d4c6facb36dafff993d37ab8261ac35b251cf3ca0,ACCEPTED,ACCEPTED,FORMAL_WEIGHTED_G0_PROSPECTIVE_ROUND3_TARGETED_ACTIVE_LEARNING,NONE,True,0.36639039190174144,0.9339821632108769,0.0013722763435653944,6.509737216215796e-05,0.00134238771747796,9.963073511294607e-05,-0.1776060618715089,0.6552115488729748,1.0065646004739803,1.8873800309716272e-06,1.811931067414834e-06,0.460846086990029,3.699311098386461e-06,0.4608497863011274,1.0065646004739803,2.1841490012458706,1.0032780920695283,0.6788574642356343,0.6766393780564968,-0.6770308900315669,0.0741820981971858,1.211368807083585,0.314055654935974,68.5804975757656,True,True,68.5804975757656,550bfa5e363631dfe8e220a9cc0d8f7b76726b317d3b4c23a74080e2c3755ca7,80afca817b54220a3e75b8d8d30eda544280c527d58d8fc2756db96185aef433
LPML_R3_002,B0_TARGETED_ACTIVE_LEARNING,0,451.5,382f254cc62e52ef1485292d4c6facb36dafff993d37ab8261ac35b251cf3ca0,ACCEPTED,ACCEPTED,FORMAL_WEIGHTED_G0_PROSPECTIVE_ROUND3_TARGETED_ACTIVE_LEARNING,NONE,True,0.39190842279272564,0.9141689823230339,0.000873023043773054,0.0014006291333173132,0.0008457471152022846,0.001370672308251103,-0.1325990198595912,0.7157752303801834,0.9892971400974131,2.7239312040559753e-06,2.594030759479394e-06,0.5299166804935289,5.317961963535369e-06,0.5299219984554925,0.9892971400974131,1.8668731303490187,0.994642587370436,0.7279459196547161,0.7318668322650519,-0.7063050052188747,0.15929804936376374,1.2325660787774853,0.34881208708327405,66.79496495609658,True,True,66.79496495609658,550bfa5e363631dfe8e220a9cc0d8f7b76726b317d3b4c23a74080e2c3755ca7,80afca817b54220a3e75b8d8d30eda544280c527d58d8fc2756db96185aef433
LPML_R3_002,B0_TARGETED_ACTIVE_LEARNING,0,452.0,382f254cc62e52ef1485292d4c6facb36dafff993d37ab8261ac35b251cf3ca0,ACCEPTED,ACCEPTED,FORMAL_WEIGHTED_G0_PROSPECTIVE_ROUND3_TARGETED_ACTIVE_LEARNING,NONE,True,0.4319375845754551,0.8914057959758845,-0.0004233447042769025,0.0006691423377646115,-0.00038876341499949617,0.0006498705427220442,-0.08767696872300895,0.7443586054082977,0.9811743700682789,6.269722068283875e-07,5.734687151399147e-07,0.5617569842898413,1.2004409219683023e-06,0.5617581847307633,0.9811743700682789,1.7466133947626081,0.9905440228239082,0.7495032312451166,0.7566581736654,-0.7013962829636359,0.24336123524204095,1.2421483626358978,0.3640847313665819,64.14713217213955,True,True,64.14713217213955,550bfa5e363631dfe8e220a9cc0d8f7b76726b317d3b4c23a74080e2c3755ca7,80afca817b54220a3e75b8d8d30eda544280c527d58d8fc2756db96185aef433
LPML_R3_002,B0_TARGETED_ACTIVE_LEARNING,0,452.5,382f254cc62e52ef1485292d4c6facb36dafff993d37ab8261ac35b251cf3ca0,ACCEPTED,ACCEPTED,FORMAL_WEIGHTED_G0_PROSPECTIVE_ROUND3_TARGETED_ACTIVE_LEARNING,NONE,True,0.47143927362679033,0.8828774366934404,0.00034271804343353075,-0.0006322320737181009,0.00035785326288576854,-0.0005934497125811038,-0.01779162787031177,0.7631634744576882,1.0017275569401358,5.171730523327976e-07,4.802415191205857e-07,0.5827350307686061,9.974145714533833e-07,0.5827360281831776,1.0017275569401358,1.7190074210157678,1.0008646553342941,0.7633698493036506,0.7627103677156838,-0.6821672316719092,0.34407783688032045,1.258754775610926,0.36778126910239173,61.89865547673105,True,True,61.89865547673106,550bfa5e363631dfe8e220a9cc0d8f7b76726b317d3b4c23a74080e2c3755ca7,80afca817b54220a3e75b8d8d30eda544280c527d58d8fc2756db96185aef433
LPML_R3_002,B0_TARGETED_ACTIVE_LEARNING,0,453.0,382f254cc62e52ef1485292d4c6facb36dafff993d37ab8261ac35b251cf3ca0,ACCEPTED,ACCEPTED,FORMAL_WEIGHTED_G0_PROSPECTIVE_ROUND3_TARGETED_ACTIVE_LEARNING,NONE,True,0.494575462835664,0.8718900555804036,0.0014545205936357319,0.0001612847046518586,0.0014162114962229639,0.00017233464274792287,0.050364702585766,0.7962030577363399,1.0047971574591106,2.141642913265078e-06,2.0353542311251403e-06,0.6364759124152503,4.1769971443902186e-06,0.6364800894123946,1.0047971574591106,1.5786780673481087,1.002398277040687,0.7977937960760078,0.7958850432497557,-0.669294414284933,0.4376945000503754,1.281123431551974,0.3877955967680726,60.43613264047562,True,True,60.43613264047561,550bfa5e363631dfe8e220a9cc0d8f7b76726b317d3b4c23a74080e2c3755ca7,80afca817b54220a3e75b8d8d30eda544280c527d58d8fc2756db96185aef433
LPML_R3_002,B0_TARGETED_ACTIVE_LEARNING,0,453.5,382f254cc62e52ef1485292d4c6facb36dafff993d37ab8261ac35b251cf3ca0,ACCEPTED,ACCEPTED,FORMAL_WEIGHTED_G0_PROSPECTIVE_ROUND3_TARGETED_ACTIVE_LEARNING,NONE,True,0.5202087949005777,0.8444258882522347,0.0004652391760126109,0.0011139126872633256,0.00046193391430553486,0.0010773476472281341,0.09724891965296224,0.81600900299791,0.9836722710424869,1.4572489657430966e-06,1.3740608941736296e-06,0.6753280453473114,2.831309859916726e-06,0.6753308766571713,0.9836722710424869,1.4565782567377616,0.9918108289348848,0.8217751683442104,0.828560391124911,-0.6384683987188209,0.5066135496587081,1.2880229608588731,0.40707028048353744,58.36484285236622,True,True,58.364842852366216,550bfa5e363631dfe8e220a9cc0d8f7b76726b317d3b4c23a74080e2c3755ca7,80afca817b54220a3e75b8d8d30eda544280c527d58d8fc2756db96185aef433
LPML_R3_002,B0_TARGETED_ACTIVE_LEARNING,0,454.0,382f254cc62e52ef1485292d4c6facb36dafff993d37ab8261ac35b251cf3ca0,ACCEPTED,ACCEPTED,FORMAL_WEIGHTED_G0_PROSPECTIVE_ROUND3_TARGETED_ACTIVE_LEARNING,NONE,True,0.5603703931708973,0.8212938025221062,-0.000472187493349897,1.0976043199008303e-05,-0.0004357077972056958,1.5942711779759414e-05,0.15271350940527184,0.8096292011622662,0.9885384876037265,2.2308150240036556e-07,1.9009545460473223e-07,0.6788208593295234,4.131769570050978e-07,0.6788212725064804,0.9885384876037265,1.456257379727724,0.9942529815216571,0.8239058009539089,0.8286681722522572,-0.5793675215083379,0.5791149049241864,1.2912628547705562,0.407123458743908,55.69420419369453,True,True,55.69420419369453,550bfa5e363631dfe8e220a9cc0d8f7b76726b317d3b4c23a74080e2c3755ca7,80afca817b54220a3e75b8d8d30eda544280c527d58d8fc2756db96185aef433
LPML_R3_004,B0_TARGETED_ACTIVE_LEARNING,0,450.0,342cf4a6896932edf92841e0315a8ffd1369d2af0a773f4b11a9fdba34624576,ACCEPTED,ACCEPTED,FORMAL_WEIGHTED_G0_PROSPECTIVE_ROUND3_TARGETED_ACTIVE_LEARNING,NONE,True,0.27695963455930916,0.955516448006456,-6.709376512489239e-05,-0.001337934077030715,5.880107495958295e-06,-0.0012913423071048054,-0.29783685894763223,0.5374009556507012,0.9897183215861002,1.7945691677986653e-06,1.6675995297829255e-06,0.3775065816820787,3.4621686975815905e-06,0.3775100438507763,0.9897183215861002,2.6217006347447542,0.9948503647497584,0.6144111955312577,0.6175915668340783,-0.5959825117856653,-0.13574972403202087,1.169285408032135,0.27611337900391564,73.83559237974478,True,True,73.83559237974478,c7101d91c14e47cf9012874c3f4633741e3fe39c2963d52e92851278e49fda38,1d7b979e923044548691e7e8b36da69aff241c43f89a75936ba55c8fa93dab46
LPML_R3_004,B0_TARGETED_ACTIVE_LEARNING,0,450.5,342cf4a6896932edf92841e0315a8ffd1369d2af0a773f4b11a9fdba34624576,ACCEPTED,ACCEPTED,FORMAL_WEIGHTED_G0_PROSPECTIVE_ROUND3_TARGETED_ACTIVE_LEARNING,NONE,True,0.3125051007872168,0.9468850326421503,0.0032288395192640643,0.0011996654755167264,0.003180302223672398,0.0012751751438868102,-0.24590867787360243,0.5977673897860526,0.9942507030597546,1.1864601894308168e-05,1.174039388148235e-05,0.41779693014517366,2.360499577579052e-05,0.4178205351409494,0.9942507030597546,2.379611865473174,0.9971312138476954,0.6463749535457927,0.6482345999896878,-0.6428734494552284,-0.046049820717610206,1.188306037265108,0.2958919662391444,71.73530716989248,True,True,71.73530716989248,c7101d91c14e47cf9012874c3f4633741e3fe39c2963d52e92851278e49fda38,1d7b979e923044548691e7e8b36da69aff241c43f89a75936ba55c8fa93dab46
LPML_R3_004,B0_TARGETED_ACTIVE_LEARNING,0,451.0,342cf4a6896932edf92841e0315a8ffd1369d2af0a773f4b11a9fdba34624576,ACCEPTED,ACCEPTED,FORMAL_WEIGHTED_G0_PROSPECTIVE_ROUND3_TARGETED_ACTIVE_LEARNING,NONE,True,0.34624510575697964,0.9343636309870436,0.00035996323470323843,0.0037519182373528053,0.00029709245819985224,0.0037051274240396106,-0.19407048409431893,0.6690315509856184,0.9929210681719541,1.4206463990118602e-05,1.381623315708963e-05,0.48526656901082543,2.802269714720823e-05,0.4852945917079727,0.9929210681719541,2.0460171721209846,0.9965008655705185,0.6965642000541903,0.6990101304682681,-0.6923009101205697,0.05031404956372584,1.2158189256134841,0.32829755825167795,69.66691479610978,True,True,69.66691479610978,c7101d91c14e47cf9012874c3f4633741e3fe39c2963d52e92851278e49fda38,1d7b979e923044548691e7e8b36da69aff241c43f89a75936ba55c8fa93dab46
LPML_R3_004,B0_TARGETED_ACTIVE_LEARNING,0,451.5,342cf4a6896932edf92841e0315a8ffd1369d2af0a773f4b11a9fdba34624576,ACCEPTED,ACCEPTED,FORMAL_WEIGHTED_G0_PROSPECTIVE_ROUND3_TARGETED_ACTIVE_LEARNING,NONE,True,0.3809921903848105,0.920865723974925,-0.001766692866256393,0.00033116412212291454,-0.0017090165370517814,0.0002847968676521933,-0.15509086148778722,0.7203809342751296,0.9931487307260786,3.23087335946267e-06,3.0018467797409626e-06,0.5430018657841326,6.232720139203633e-06,0.5430080985042718,0.9931487307260786,1.828975909312825,0.9965703525598194,0.7368882965749611,0.7394242610992476,-0.7224654425987189,0.13164272072864738,1.239417939691995,0.35348480582957864,67.52352439656357,True,True,67.52352439656357,c7101d91c14e47cf9012874c3f4633741e3fe39c2963d52e92851278e49fda38,1d7b979e923044548691e7e8b36da69aff241c43f89a75936ba55c8fa93dab46
LPML_R3_004,B0_TARGETED_ACTIVE_LEARNING,0,452.0,342cf4a6896932edf92841e0315a8ffd1369d2af0a773f4b11a9fdba34624576,ACCEPTED,ACCEPTED,FORMAL_WEIGHTED_G0_PROSPECTIVE_ROUND3_TARGETED_ACTIVE_LEARNING,NONE,True,0.41405815464512513,0.9071142159535196,0.0017871062016959782,-0.0014537543333950642,0.0018259232848977056,-0.001384350903995769,-0.09949910053307771,0.7450980077875904,0.9943003562130951,5.307150238005154e-06,5.25042326772553e-06,0.5650711122159277,1.0557573505730684e-05,0.5650816697894334,0.9943003562130951,1.7595692965648693,0.9971536583074788,0.7517091244135196,0.7538548529114709,-0.7170886597110461,0.21826198599211932,1.2487521875866838,0.3623753899729232,65.4653661860379,True,True,65.4653661860379,c7101d91c14e47cf9012874c3f4633741e3fe39c2963d52e92851278e49fda38,1d7b979e923044548691e7e8b36da69aff241c43f89a75936ba55c8fa93dab46
LPML_R3_004,B0_TARGETED_ACTIVE_LEARNING,0,452.5,342cf4a6896932edf92841e0315a8ffd1369d2af0a773f4b11a9fdba34624576,ACCEPTED,ACCEPTED,FORMAL_WEIGHTED_G0_PROSPECTIVE_ROUND3_TARGETED_ACTIVE_LEARNING,NONE,True,0.4465890225891593,0.8905278305652846,0.0028088297539281973,0.002108949369409682,0.0027387545812074727,0.0021428232651812644,-0.02654442091793341,0.7751824005879687,0.992481572108453,1.2337192029285831e-05,1.2092468201887012e-05,0.6016123604631946,2.4429660231172843e-05,0.6016367901234257,0.992481572108453,1.6496357742764458,0.9962688685143152,0.7756073129239335,0.7785120437222504,-0.7021791220705109,0.3225376103127484,1.2625840020497165,0.37741036323117905,63.36678443315151,True,True,63.36678443315151,c7101d91c14e47cf9012874c3f4633741e3fe39c2963d52e92851278e49fda38,1d7b979e923044548691e7e8b36da69aff241c43f89a75936ba55c8fa93dab46
LPML_R3_004,B0_TARGETED_ACTIVE_LEARNING,0,453.0,342cf4a6896932edf92841e0315a8ffd1369d2af0a773f4b11a9fdba34624576,ACCEPTED,ACCEPTED,FORMAL_WEIGHTED_G0_PROSPECTIVE_ROUND3_TARGETED_ACTIVE_LEARNING,NONE,True,0.48018472720599387,0.87441349636784,-0.0010049579410964164,0.002339520643530908,-0.0010242904334031423,0.00227250903295188,0.031049052881221582,0.8101660165533675,0.9951763348721253,6.483297304880023e-06,6.213468196809085e-06,0.6573330180627723,1.2696765501689108e-05,0.6573457148282741,0.9951763348721253,1.513931425158992,0.9976070378388027,0.8107417885830783,0.8126865166663763,-0.6935065309720716,0.4161837386636372,1.2855045895291075,0.3977833245537934,61.226582422430596,True,True,61.2265824224306,c7101d91c14e47cf9012874c3f4633741e3fe39c2963d52e92851278e49fda38,1d7b979e923044548691e7e8b36da69aff241c43f89a75936ba55c8fa93dab46
LPML_R3_004,B0_TARGETED_ACTIVE_LEARNING,0,453.5,342cf4a6896932edf92841e0315a8ffd1369d2af0a773f4b11a9fdba34624576,ACCEPTED,ACCEPTED,FORMAL_WEIGHTED_G0_PROSPECTIVE_ROUND3_TARGETED_ACTIVE_LEARNING,NONE,True,0.5100554635571433,0.8592323644151527,-0.0006949776202324797,-0.0015111801760035815,-0.0006257842211196098,-0.0015128034794637893,0.07839327630721102,0.8203642715398052,0.9984368319629463,2.7666594169702164e-06,2.680180258880025e-06,0.679143043789214,5.446839675850242e-06,0.6791484906288898,0.9984368319629463,1.4701303849448244,0.9992335305489418,0.8240859627602772,0.8247180839773811,-0.6648967626176239,0.48578732192437735,1.2952163227012836,0.4048369292952675,59.30588598604291,True,True,59.3058859860429,c7101d91c14e47cf9012874c3f4633741e3fe39c2963d52e92851278e49fda38,1d7b979e923044548691e7e8b36da69aff241c43f89a75936ba55c8fa93dab46
LPML_R3_004,B0_TARGETED_ACTIVE_LEARNING,0,454.0,342cf4a6896932edf92841e0315a8ffd1369d2af0a773f4b11a9fdba34624576,ACCEPTED,ACCEPTED,FORMAL_WEIGHTED_G0_PROSPECTIVE_ROUND3_TARGETED_ACTIVE_LEARNING,NONE,True,0.5377892567735892,0.838495695809207,0.002801198962851023,-0.0004580288252611199,0.002791699504739332,-0.0003866527848572464,0.1437235323986476,0.8166983681282352,0.9922923165916556,8.056506034247729e-06,7.943086500799694e-06,0.6876526782684673,1.5999592535047423e-05,0.6876686778610023,0.9922923165916556,1.4429802440299986,0.996145205145991,0.8292500978096473,0.8324590566975782,-0.6075127377880214,0.5597255334768726,1.296133092877679,0.4093360977616324,57.324946965237615,True,True,57.32494696523762,c7101d91c14e47cf9012874c3f4633741e3fe39c2963d52e92851278e49fda38,1d7b979e923044548691e7e8b36da69aff241c43f89a75936ba55c8fa93dab46
LPML_R3_005,B0_TARGETED_ACTIVE_LEARNING,0,450.0,2d0baf524a1b749d6a67435fcf0d55dc75601377ed75f6001e5ed0e1a3324ee6,ACCEPTED,ACCEPTED,FORMAL_WEIGHTED_G0_PROSPECTIVE_ROUND3_TARGETED_ACTIVE_LEARNING,NONE,True,0.2790014841030223,0.9547930551249294,-0.010675683580063695,-9.81860147403846e-05,-0.010619178597563271,-8.267279998461856e-05,-0.2992245481134956,0.5530503029303091,0.9894716062464853,0.00011397986039513219,0.00011277378887880316,0.3953999677650323,0.00022675364927393535,0.3956267214143062,0.9894716062464853,2.5010231935529346,0.9947939721892841,0.6288746143363221,0.6321656864811231,-0.6116460402495939,-0.13139759040395818,1.1769020042725697,0.28563078412090503,73.71103171918799,True,True,73.71103171918799,35452a2c9081126fffc87c4c3553d448a74c84b849d1a4e86dd2e51951a2e188,fb5de79f63f8960f0e066c5b2f02ee3c9f74ab59c8ffa0af1d61beb3b6a08faa
LPML_R3_005,B0_TARGETED_ACTIVE_LEARNING,0,450.5,2d0baf524a1b749d6a67435fcf0d55dc75601377ed75f6001e5ed0e1a3324ee6,ACCEPTED,ACCEPTED,FORMAL_WEIGHTED_G0_PROSPECTIVE_ROUND3_TARGETED_ACTIVE_LEARNING,NONE,True,0.31147812226643723,0.9543830790195819,-0.0069515117878625335,-0.0002906628112072468,-0.006967217267386419,-0.0002421113182115206,-0.2593106723862377,0.614681453424246,1.0078656821695227,4.8408001006610656e-05,4.860073434137359e-05,0.44507531399714617,9.700873534798424e-05,0.44517232273249413,1.0078656821695227,2.263989989276924,1.0039541648633383,0.6671686741413858,0.6645409695891875,-0.6674595417739826,-0.05602560118066674,1.2054202606983246,0.3063734886703897,71.92508145592024,True,True,71.92508145592024,35452a2c9081126fffc87c4c3553d448a74c84b849d1a4e86dd2e51951a2e188,fb5de79f63f8960f0e066c5b2f02ee3c9f74ab59c8ffa0af1d61beb3b6a08faa
LPML_R3_005,B0_TARGETED_ACTIVE_LEARNING,0,451.0,2d0baf524a1b749d6a67435fcf0d55dc75601377ed75f6001e5ed0e1a3324ee6,ACCEPTED,ACCEPTED,FORMAL_WEIGHTED_G0_PROSPECTIVE_ROUND3_TARGETED_ACTIVE_LEARNING,NONE,True,0.33642391265159943,0.939097761022635,-0.007958209235845046,0.004530512247886549,-0.007998280942810125,0.0045063086369567995,-0.20758062659496088,0.6721342930888771,0.9950856537615372,8.38586354697394e-05,8.427931557163108e-05,0.4948542244836411,0.0001681379510413705,0.49502236243468245,0.9950856537615372,2.010183234687377,0.9976421805561803,0.7034330783886477,0.7050955664249154,-0.7010781324428408,0.031255645498061146,1.2206998059294591,0.3322056904963976,70.29036194802211,True,True,70.29036194802211,35452a2c9081126fffc87c4c3553d448a74c84b849d1a4e86dd2e51951a2e188,fb5de79f63f8960f0e066c5b2f02ee3c9f74ab59c8ffa0af1d61beb3b6a08faa
LPML_R3_005,B0_TARGETED_ACTIVE_LEARNING,0,451.5,2d0baf524a1b749d6a67435fcf0d55dc75601377ed75f6001e5ed0e1a3324ee6,ACCEPTED,ACCEPTED,FORMAL_WEIGHTED_G0_PROSPECTIVE_ROUND3_TARGETED_ACTIVE_LEARNING,NONE,True,0.37474450791959296,0.9175168162459565,-0.013372234034134503,0.004248023463947992,-0.013326491974622354,0.004204645259210128,-0.15538047863444418,0.7234690553855604,0.9822705543100142,0.0001968623464139178,0.00019527443010547226,0.5475505672411441,0.0003921367765193901,0.5479427040176635,0.9822705543100142,1.792651945372649,0.9912402464672402,0.7400378585661972,0.7465776951689329,-0.7221833488938245,0.1286646898431035,1.2370178892512742,0.3580825751153751,67.78325569937556,True,True,67.78325569937556,35452a2c9081126fffc87c4c3553d448a74c84b849d1a4e86dd2e51951a2e188,fb5de79f63f8960f0e066c5b2f02ee3c9f74ab59c8ffa0af1d61beb3b6a08faa
LPML_R3_005,B0_TARGETED_ACTIVE_LEARNING,0,452.0,2d0baf524a1b749d6a67435fcf0d55dc75601377ed75f6001e5ed0e1a3324ee6,ACCEPTED,ACCEPTED,FORMAL_WEIGHTED_G0_PROSPECTIVE_ROUND3_TARGETED_ACTIVE_LEARNING,NONE,True,0.4155558497133563,0.909570707335617,-0.01294362352713055,7.173392981777505e-05,-0.012887463384972916,0.00010399028699127336,-0.1015523868042727,0.7604934733959221,1.0000055358740045,0.0001675425357687746,0.00016609752647880614,0.5886632103434387,0.00033364006224758074,0.5889968504056863,1.0000055358740045,1.6978113468437492,1.0001094649042161,0.7673222559581421,0.7672382702943733,-0.7340900779243609,0.2236607057208409,1.2605563796513388,0.3706708407057189,65.44574659224475,True,True,65.44574659224475,35452a2c9081126fffc87c4c3553d448a74c84b849d1a4e86dd2e51951a2e188,fb5de79f63f8960f0e066c5b2f02ee3c9f74ab59c8ffa0af1d61beb3b6a08faa
LPML_R3_005,B0_TARGETED_ACTIVE_LEARNING,0,452.5,2d0baf524a1b749d6a67435fcf0d55dc75601377ed75f6001e5ed0e1a3324ee6,ACCEPTED,ACCEPTED,FORMAL_WEIGHTED_G0_PROSPECTIVE_ROUND3_TARGETED_ACTIVE_LEARNING,NONE,True,0.4407197835580218,0.9016270926453732,-0.00898119509112117,0.002290359340217444,-0.009003271544806537,0.0023156063146946362,-0.04111657130389279,0.7866358633577379,1.007165341811578,8.590761117210029e-05,8.642093111417677e-05,0.6204865539563619,0.00017232854228627705,0.6206588824986482,1.007165341811578,1.622735725229505,1.0036252368802359,0.7877566935338074,0.7849112044875887,-0.7274486494231711,0.30965559043286656,1.275862149415142,0.3812812668773534,63.95038653515661,True,True,63.95038653515661,35452a2c9081126fffc87c4c3553d448a74c84b849d1a4e86dd2e51951a2e188,fb5de79f63f8960f0e066c5b2f02ee3c9f74ab59c8ffa0af1d61beb3b6a08faa
LPML_R3_005,B0_TARGETED_ACTIVE_LEARNING,0,453.0,2d0baf524a1b749d6a67435fcf0d55dc75601377ed75f6001e5ed0e1a3324ee6,ACCEPTED,ACCEPTED,FORMAL_WEIGHTED_G0_PROSPECTIVE_ROUND3_TARGETED_ACTIVE_LEARNING,NONE,True,0.46630688119602504,0.8774369247075705,-0.01179408971864307,0.007355786084019613,-0.011794692810618516,0.007306584257562095,0.021362726054399556,0.8093579721748698,0.9873376642910425,0.00019320814120525877,0.0001925009520097104,0.6555166931874928,0.0003857090932149692,0.6559024022807078,0.9873376642910425,1.505311858681819,0.9938370425616926,0.809646836221805,0.8146675979543659,-0.7002843459268099,0.39632657017605755,1.2818892567502664,0.39915190459608274,62.011944455063144,True,True,62.011944455063144,35452a2c9081126fffc87c4c3553d448a74c84b849d1a4e86dd2e51951a2e188,fb5de79f63f8960f0e066c5b2f02ee3c9f74ab59c8ffa0af1d61beb3b6a08faa
LPML_R3_005,B0_TARGETED_ACTIVE_LEARNING,0,453.5,2d0baf524a1b749d6a67435fcf0d55dc75601377ed75f6001e5ed0e1a3324ee6,ACCEPTED,ACCEPTED,FORMAL_WEIGHTED_G0_PROSPECTIVE_ROUND3_TARGETED_ACTIVE_LEARNING,NONE,True,0.5060186542605037,0.8559615560374793,-0.01650060858053109,0.00512033607022535,-0.016422796052403217,0.005095361095261716,0.07999880422656086,0.826211632626204,0.9887250638737138,0.0002984879249999469,0.0002956709348699373,0.6890254705645372,0.0005941588598698843,0.6896196294244071,0.9887250638737138,1.4337252329939563,0.9945097192654254,0.8302379849083791,0.834821388695545,-0.6669694035900696,0.4867225662168005,1.2955094338900512,0.41089272792303067,59.409701170762816,True,True,59.409701170762816,35452a2c9081126fffc87c4c3553d448a74c84b849d1a4e86dd2e51951a2e188,fb5de79f63f8960f0e066c5b2f02ee3c9f74ab59c8ffa0af1d61beb3b6a08faa
LPML_R3_005,B0_TARGETED_ACTIVE_LEARNING,0,454.0,2d0baf524a1b749d6a67435fcf0d55dc75601377ed75f6001e5ed0e1a3324ee6,ACCEPTED,ACCEPTED,FORMAL_WEIGHTED_G0_PROSPECTIVE_ROUND3_TARGETED_ACTIVE_LEARNING,NONE,True,0.5386909410604123,0.8479133509851708,-0.01329621296768005,0.0019591512444883637,-0.013260691534387385,0.0019962527431195342,0.1368672475143946,0.8328140774910171,1.0091449807594541,0.00018062755288068347,0.00017983096498458558,0.7123119311093803,0.00036045851786526903,0.7126723896272457,1.0091449807594541,1.4160012306457876,1.0047068789686506,0.8440269295110034,0.8400728084766494,-0.6325974348468485,0.5647334879139744,1.312180387898973,0.4139070739350177,57.57164695839049,True,True,57.57164695839049,35452a2c9081126fffc87c4c3553d448a74c84b849d1a4e86dd2e51951a2e188,fb5de79f63f8960f0e066c5b2f02ee3c9f74ab59c8ffa0af1d61beb3b6a08faa
LPML_R3_006,B0_TARGETED_ACTIVE_LEARNING,0,450.0,179c7fb15e36fba09d28119d26938d0114f6a9011f15ba90328493d6cd68515f,ACCEPTED,ACCEPTED,FORMAL_WEIGHTED_G0_PROSPECTIVE_ROUND3_TARGETED_ACTIVE_LEARNING,NONE,True,0.27890771652520907,0.9573817950227512,-5.0938466396819913e-05,-0.0007954361431978653,-9.115105919170792e-06,-0.0007652909006044765,-0.2979835832964596,0.536843423844444,0.9943694157782916,6.35313385264355e-07,5.857532477039285e-07,0.3769950776392234,1.2210666329682835e-06,0.3769962987058564,0.9943694157782916,2.6376105526545977,0.9971822996407297,0.6139977001319905,0.6157326502417912,-0.5970734332698354,-0.13555433062087668,1.171053250063441,0.27490573427939824,73.75792291577315,True,True,73.75792291577315,a33a2681956342b08990b18c420bce3a2b53be885678b6df31e353aaace6d720,174415be61143d0cac52156923d4e63de2ce8b38a6113fa662c125f24daec952
LPML_R3_006,B0_TARGETED_ACTIVE_LEARNING,0,450.5,179c7fb15e36fba09d28119d26938d0114f6a9011f15ba90328493d6cd68515f,ACCEPTED,ACCEPTED,FORMAL_WEIGHTED_G0_PROSPECTIVE_ROUND3_TARGETED_ACTIVE_LEARNING,NONE,True,0.3104866640851083,0.9484845775863127,0.0018811743964651157,0.0006804332626400399,0.0018503924376550257,0.0007235512725057859,-0.24633655476889707,0.5969589800199778,0.9960249624937848,4.001806534822861e-06,3.9474786172756505e-06,0.41704172204190215,7.949285152098512e-06,0.4170496713270542,0.9960249624937848,2.388264590460959,0.9980138103428763,0.6457887179145612,0.6470739294606503,-0.6426935897155421,-0.04830124098668513,1.1887281580836044,0.2951363369954393,71.8741278081747,True,True,71.8741278081747,a33a2681956342b08990b18c420bce3a2b53be885678b6df31e353aaace6d720,174415be61143d0cac52156923d4e63de2ce8b38a6113fa662c125f24daec952
LPML_R3_006,B0_TARGETED_ACTIVE_LEARNING,0,451.0,179c7fb15e36fba09d28119d26938d0114f6a9011f15ba90328493d6cd68515f,ACCEPTED,ACCEPTED,FORMAL_WEIGHTED_G0_PROSPECTIVE_ROUND3_TARGETED_ACTIVE_LEARNING,NONE,True,0.3448712815410829,0.9324510646846815,0.00021602030284138994,0.00216460912807483,0.00018096508074155854,0.0021351523733063836,-0.1945743042715531,0.6680046798211,0.9884011888633851,4.7321974485845606e-06,4.591624017683682e-06,0.4840894121456492,9.323821466268244e-06,0.48409873596711545,0.9884011888633851,2.0417347029192134,0.994199258999612,0.6957497813403342,0.6998091932198932,-0.6899801819044441,0.04894375987212468,1.2134660789781067,0.32875976956184905,69.7028561258746,True,True,69.7028561258746,a33a2681956342b08990b18c420bce3a2b53be885678b6df31e353aaace6d720,174415be61143d0cac52156923d4e63de2ce8b38a6113fa662c125f24daec952
LPML_R3_006,B0_TARGETED_ACTIVE_LEARNING,0,451.5,179c7fb15e36fba09d28119d26938d0114f6a9011f15ba90328493d6cd68515f,ACCEPTED,ACCEPTED,FORMAL_WEIGHTED_G0_PROSPECTIVE_ROUND3_TARGETED_ACTIVE_LEARNING,NONE,True,0.3827771976219829,0.9196725410295539,-0.0010050021268306487,0.00019199206890454357,-0.0009689620676929671,0.00016673525496595386,-0.15566413486782868,0.7194220798558981,0.992315965743095,1.0468902294563743e-06,9.66688133876392e-07,0.5417994518683359,2.0135783633327663e-06,0.5418014654466993,0.992315965743095,1.8315121479506518,0.9961511822764448,0.7360708208039738,0.7389147690633414,-0.7212183553658905,0.13221869077587378,1.2385949423398248,0.3531681828466686,67.40241780249997,True,True,67.40241780249997,a33a2681956342b08990b18c420bce3a2b53be885678b6df31e353aaace6d720,174415be61143d0cac52156923d4e63de2ce8b38a6113fa662c125f24daec952
LPML_R3_006,B0_TARGETED_ACTIVE_LEARNING,0,452.0,179c7fb15e36fba09d28119d26938d0114f6a9011f15ba90328493d6cd68515f,ACCEPTED,ACCEPTED,FORMAL_WEIGHTED_G0_PROSPECTIVE_ROUND3_TARGETED_ACTIVE_LEARNING,NONE,True,0.41494875415801674,0.9084791621548419,0.001028540105974937,-0.0008133554611386861,0.001049504102198682,-0.0007707988779093658,-0.10042298397850476,0.7443030939402802,0.997516856646854,1.7194418557630593e-06,1.6955897707181989e-06,0.5640718713602205,3.4150316264812584e-06,0.564075286391847,0.997516856646854,1.768410849955067,0.9987600131012263,0.7510463229846341,0.7519787668036266,-0.7178546957864171,0.21761709961804804,1.2496368044510775,0.3612180612629192,65.45140287290138,True,True,65.45140287290138,a33a2681956342b08990b18c420bce3a2b53be885678b6df31e353aaace6d720,174415be61143d0cac52156923d4e63de2ce8b38a6113fa662c125f24daec952
LPML_R3_006,B0_TARGETED_ACTIVE_LEARNING,0,452.5,179c7fb15e36fba09d28119d26938d0114f6a9011f15ba90328493d6cd68515f,ACCEPTED,ACCEPTED,FORMAL_WEIGHTED_G0_PROSPECTIVE_ROUND3_TARGETED_ACTIVE_LEARNING,NONE,True,0.4453570322109223,0.8908805667090297,0.0015797938437274938,0.001206570011713001,0.0015374819971339009,0.0012242828516730508,-0.027786534998351077,0.7742749752969521,0.9920110702795223,3.951559781844401e-06,3.862719392411545e-06,0.6002738288983104,7.814279174255946e-06,0.6002816431774847,0.9920110702795223,1.652576055846864,0.9960088543907428,0.7747638836653704,0.7778684699939664,-0.7021624092650786,0.3200705318730412,1.2618608138210041,0.37699201792754566,63.439232330849165,True,True,63.439232330849165,a33a2681956342b08990b18c420bce3a2b53be885678b6df31e353aaace6d720,174415be61143d0cac52156923d4e63de2ce8b38a6113fa662c125f24daec952
LPML_R3_006,B0_TARGETED_ACTIVE_LEARNING,0,453.0,179c7fb15e36fba09d28119d26938d0114f6a9011f15ba90328493d6cd68515f,ACCEPTED,ACCEPTED,FORMAL_WEIGHTED_G0_PROSPECTIVE_ROUND3_TARGETED_ACTIVE_LEARNING,NONE,True,0.48006954903801247,0.8729962677385211,-0.0005596633916925964,0.0012949529679805519,-0.0005684815428696183,0.0012547241499195534,0.02987098448979346,0.8091813784119314,0.9925892553989483,1.990126301282501e-06,1.8975039569747672e-06,0.6556667788830229,3.887630258257268e-06,0.6556706665132812,0.9925892553989483,1.5138533811148351,0.9962944025967055,0.8097267349338927,0.8127384162988875,-0.6920708665733377,0.4145420357774727,1.2838457547198687,0.39779567396906945,61.1931567852983,True,True,61.1931567852983,a33a2681956342b08990b18c420bce3a2b53be885678b6df31e353aaace6d720,174415be61143d0cac52156923d4e63de2ce8b38a6113fa662c125f24daec952
LPML_R3_006,B0_TARGETED_ACTIVE_LEARNING,0,453.5,179c7fb15e36fba09d28119d26938d0114f6a9011f15ba90328493d6cd68515f,ACCEPTED,ACCEPTED,FORMAL_WEIGHTED_G0_PROSPECTIVE_ROUND3_TARGETED_ACTIVE_LEARNING,NONE,True,0.5113461964204006,0.8587350636200826,-0.0003362878683103594,-0.0008342374393938335,-0.00029491868042597584,-0.0008327559983100354,0.07721649617806388,0.8197295517818516,0.998900842084198,8.090416356591055e-07,7.804595807855425e-07,0.6779189253464922,1.589501216444648e-06,0.6779205148477087,0.998900842084198,1.4734778196063236,0.9994547740430305,0.8233538191898437,0.8238029779568545,-0.6644455516404295,0.4854735750770949,1.2949213709457061,0.40428905085518785,59.22770547785933,True,True,59.22770547785934,a33a2681956342b08990b18c420bce3a2b53be885678b6df31e353aaace6d720,174415be61143d0cac52156923d4e63de2ce8b38a6113fa662c125f24daec952
LPML_R3_006,B0_TARGETED_ACTIVE_LEARNING,0,454.0,179c7fb15e36fba09d28119d26938d0114f6a9011f15ba90328493d6cd68515f,ACCEPTED,ACCEPTED,FORMAL_WEIGHTED_G0_PROSPECTIVE_ROUND3_TARGETED_ACTIVE_LEARNING,NONE,True,0.5382392142541003,0.839028671370643,0.0015543507078661903,-0.0001914985726635386,0.001546453092671255,-0.00014945544564661369,0.14214820477066256,0.8163062688691889,0.9936705631428577,2.4526778263763e-06,2.4138540980659174e-06,0.6865620367146587,4.866531924442217e-06,0.6865669032465831,0.9936705631428577,1.4473033268048128,0.9968324714968697,0.8285906650203605,0.8312235894323617,-0.6083970012674048,0.5586349925830374,1.2962397410932287,0.4086130186835464,57.31971587810099,True,True,57.319715878101,a33a2681956342b08990b18c420bce3a2b53be885678b6df31e353aaace6d720,174415be61143d0cac52156923d4e63de2ce8b38a6113fa662c125f24daec952
LPML_R3_007,B0_TARGETED_ACTIVE_LEARNING,0,450.0,d036865d4c5ae89a3ac989ab7909a14f968b2fe5768a241415a3850f187b7beb,ACCEPTED,ACCEPTED,FORMAL_WEIGHTED_G0_PROSPECTIVE_ROUND3_TARGETED_ACTIVE_LEARNING,NONE,True,0.2900686496998648,0.9450154134092343,-0.0006963766973977306,0.0015875295757669656,-0.0006697491113254166,0.0015434695294447602,-0.28202117623086653,0.5426273433129257,0.9771939531197288,3.0051906586134113e-06,2.830862060445614e-06,0.37398037755348534,5.8360527190590255e-06,0.3739862136062044,0.9771939531197288,2.6129143737599994,0.9885383613428322,0.6115325624033126,0.6186229956444034,-0.594594721038221,-0.10911303959822954,1.1624027558148395,0.2767848602399313,72.93634416247,True,True,72.93634416247,d0145956877434898e1ed15d4e8a69d10e67f1b213d7ab08cd4b1e7371bbfccb,3a392fef540d84a6806711c2379abe61e1c616986e4d15f7acaea66a0ad98182
LPML_R3_007,B0_TARGETED_ACTIVE_LEARNING,0,450.5,d036865d4c5ae89a3ac989ab7909a14f968b2fe5768a241415a3850f187b7beb,ACCEPTED,ACCEPTED,FORMAL_WEIGHTED_G0_PROSPECTIVE_ROUND3_TARGETED_ACTIVE_LEARNING,NONE,True,0.33638412746641466,0.9360295411786913,-0.00017513710294507303,-0.000273041047939036,-0.0001319390877289823,-0.00023666984600112458,-0.2390269081784867,0.5928839749410187,0.9893055831705324,1.052244186876401e-07,7.342053887695212e-08,0.4086452705752292,1.7864495756459222e-07,0.40864544922018675,0.9893055831705324,2.420938701405858,0.994638613719568,0.639253518166881,0.6426992772543964,-0.6353617314717025,-0.024299566066773748,1.1823497927393227,0.29231742725733245,70.2329120365792,True,True,70.2329120365792,d0145956877434898e1ed15d4e8a69d10e67f1b213d7ab08cd4b1e7371bbfccb,3a392fef540d84a6806711c2379abe61e1c616986e4d15f7acaea66a0ad98182
LPML_R3_007,B0_TARGETED_ACTIVE_LEARNING,0,451.0,d036865d4c5ae89a3ac989ab7909a14f968b2fe5768a241415a3850f187b7beb,ACCEPTED,ACCEPTED,FORMAL_WEIGHTED_G0_PROSPECTIVE_ROUND3_TARGETED_ACTIVE_LEARNING,NONE,True,0.36799423981628476,0.9335349847806527,0.001597206976523814,0.00014095414073644677,0.0015603756732450057,0.0001834330101577437,-0.17760758203948848,0.6554812777662562,1.0069073283473786,2.570938195647094e-06,2.4684199108703356e-06,0.46120015869999764,5.03935810651743e-06,0.46120519805810417,1.0069073283473786,2.1832089763665783,1.0034493741126456,0.6791184580015645,0.6767839768718893,-0.6772757381890238,0.07540993020734227,1.2116569342868808,0.3141483978665558,68.4859200615602,True,True,68.4859200615602,d0145956877434898e1ed15d4e8a69d10e67f1b213d7ab08cd4b1e7371bbfccb,3a392fef540d84a6806711c2379abe61e1c616986e4d15f7acaea66a0ad98182
LPML_R3_007,B0_TARGETED_ACTIVE_LEARNING,0,451.5,d036865d4c5ae89a3ac989ab7909a14f968b2fe5768a241415a3850f187b7beb,ACCEPTED,ACCEPTED,FORMAL_WEIGHTED_G0_PROSPECTIVE_ROUND3_TARGETED_ACTIVE_LEARNING,NONE,True,0.39227211360103215,0.9156819272716422,0.0010445593556569586,0.0016255042405504553,0.0010109133146477354,0.0015887536842495815,-0.13257749795940876,0.7158767403544987,0.9923508030409303,3.733368283537992e-06,3.546083998948689e-06,0.5300563003457595,7.279452282486681e-06,0.530063579798042,0.9923508030409303,1.8721354208471048,0.9961793908524141,0.7280391501010678,0.7308313711229227,-0.7075203220703317,0.15941636038094836,1.2338615736130905,0.34817299795183765,66.81002649584616,True,True,66.81002649584616,d0145956877434898e1ed15d4e8a69d10e67f1b213d7ab08cd4b1e7371bbfccb,3a392fef540d84a6806711c2379abe61e1c616986e4d15f7acaea66a0ad98182
LPML_R3_007,B0_TARGETED_ACTIVE_LEARNING,0,452.0,d036865d4c5ae89a3ac989ab7909a14f968b2fe5768a241415a3850f187b7beb,ACCEPTED,ACCEPTED,FORMAL_WEIGHTED_G0_PROSPECTIVE_ROUND3_TARGETED_ACTIVE_LEARNING,NONE,True,0.43050628464321433,0.8915368103216138,-0.0003985477791752637,0.0008068493132371241,-0.0003562211553621015,0.0007831545133476857,-0.08741477346838372,0.7444631914691885,0.9801735452757415,8.098461465567534e-07,7.402245033043608e-07,0.5618667860730184,1.5500706498611144e-06,0.5618683361436684,0.9801735452757415,1.744489735803716,0.9900394562198127,0.749575717687938,0.7571170148611875,-0.7013484585565605,0.24256319384132763,1.241789789545481,0.3643664565235306,64.22498099664176,True,True,64.22498099664176,d0145956877434898e1ed15d4e8a69d10e67f1b213d7ab08cd4b1e7371bbfccb,3a392fef540d84a6806711c2379abe61e1c616986e4d15f7acaea66a0ad98182
LPML_R3_007,B0_TARGETED_ACTIVE_LEARNING,0,452.5,d036865d4c5ae89a3ac989ab7909a14f968b2fe5768a241415a3850f187b7beb,ACCEPTED,ACCEPTED,FORMAL_WEIGHTED_G0_PROSPECTIVE_ROUND3_TARGETED_ACTIVE_LEARNING,NONE,True,0.47153054727358684,0.8814277230799172,0.0004377463853311202,-0.0006540861542836883,0.000456312687659682,-0.0006065026404571503,-0.01750380480462031,0.7634637975238979,0.9992558880259756,6.194505950960864e-07,5.760667218006979e-07,0.5831833533122498,1.1955173168967842e-06,0.5831845488295666,0.9992558880259756,1.7134471241246898,0.9996291662625102,0.7636635167486143,0.7639468140008937,-0.6811915384085789,0.34456872741799227,1.2579508880936259,0.36853491306655994,61.85490095170579,True,True,61.854900951705794,d0145956877434898e1ed15d4e8a69d10e67f1b213d7ab08cd4b1e7371bbfccb,3a392fef540d84a6806711c2379abe61e1c616986e4d15f7acaea66a0ad98182
LPML_R3_007,B0_TARGETED_ACTIVE_LEARNING,0,453.0,d036865d4c5ae89a3ac989ab7909a14f968b2fe5768a241415a3850f187b7beb,ACCEPTED,ACCEPTED,FORMAL_WEIGHTED_G0_PROSPECTIVE_ROUND3_TARGETED_ACTIVE_LEARNING,NONE,True,0.49601712650727586,0.8721682632802358,0.0016778392166392113,0.00018999239067239146,0.0016307825862074761,0.00020365533054665587,0.050496282734093005,0.7964498299890472,1.0067104692617974,2.8512415454058933e-06,2.7009273371376117e-06,0.6368822062595437,5.552168882543505e-06,0.6368877584284263,1.0067104692617974,1.5806717210987689,1.003353059509822,0.798048159989423,0.7953811994945243,-0.6695939414483365,0.4390933597554948,1.282028949630321,0.3874960119198082,60.372363904229985,True,True,60.372363904229985,d0145956877434898e1ed15d4e8a69d10e67f1b213d7ab08cd4b1e7371bbfccb,3a392fef540d84a6806711c2379abe61e1c616986e4d15f7acaea66a0ad98182
LPML_R3_007,B0_TARGETED_ACTIVE_LEARNING,0,453.5,d036865d4c5ae89a3ac989ab7909a14f968b2fe5768a241415a3850f187b7beb,ACCEPTED,ACCEPTED,FORMAL_WEIGHTED_G0_PROSPECTIVE_ROUND3_TARGETED_ACTIVE_LEARNING,NONE,True,0.5197680173321557,0.8458381098891924,0.0006156331604287673,0.0012523568243537487,0.0006113894510259419,0.0012075919074237354,0.0974853733888702,0.8160432876975425,0.9856008999823215,1.9474018037249184e-06,1.832075275701098e-06,0.6754300454209817,3.7794770794260164e-06,0.6754338248980611,0.9856008999823215,1.4592116409495361,0.9927852349735591,0.8218346561802308,0.8278070898205077,-0.6395695968642875,0.506608536561476,1.2888113612474026,0.40663437963146853,58.42925048609891,True,True,58.42925048609891,d0145956877434898e1ed15d4e8a69d10e67f1b213d7ab08cd4b1e7371bbfccb,3a392fef540d84a6806711c2379abe61e1c616986e4d15f7acaea66a0ad98182
LPML_R3_007,B0_TARGETED_ACTIVE_LEARNING,0,454.0,d036865d4c5ae89a3ac989ab7909a14f968b2fe5768a241415a3850f187b7beb,ACCEPTED,ACCEPTED,FORMAL_WEIGHTED_G0_PROSPECTIVE_ROUND3_TARGETED_ACTIVE_LEARNING,NONE,True,0.5590609374634066,0.820683086962296,-0.00045504157639624513,7.363775531382125e-05,-0.0004104029920917964,7.964783812851305e-05,0.15316517982895175,0.8097411131741267,0.9860698610234265,2.1248535525683797e-07,1.747743940364449e-07,0.6791402426765089,3.8725974929328286e-07,0.6791406299362582,0.9860698610234265,1.4519376658645435,0.993010660729012,0.8240997018797034,0.8299001556284362,-0.5789123482634396,0.5783947648951819,1.2904303510688535,0.4078407106028137,55.736754912138906,True,True,55.736754912138906,d0145956877434898e1ed15d4e8a69d10e67f1b213d7ab08cd4b1e7371bbfccb,3a392fef540d84a6806711c2379abe61e1c616986e4d15f7acaea66a0ad98182
LPML_R3_008,B0_TARGETED_ACTIVE_LEARNING,0,450.0,315231a710f34c0f0bb94dfa478272f83bb44dc55a396ddececbcb605992acfb,ACCEPTED,ACCEPTED,FORMAL_WEIGHTED_G0_PROSPECTIVE_ROUND3_TARGETED_ACTIVE_LEARNING,NONE,True,0.287792224345232,0.9460012153327906,-0.0015509929050279974,-7.972323842710654e-05,-0.0014991083676629932,-6.730297651129857e-05,-0.3004151508175657,0.5273613555418661,0.9777426638046928,2.411934786192492e-06,2.2518555886444843e-06,0.36835926215969533,4.663790374836976e-06,0.36836392595007017,0.9777426638046928,2.6542845130204764,0.988810190584949,0.6069275053497907,0.6137957629570459,-0.5853439474837796,-0.13242282413290318,1.160218337105031,0.2736513800271787,73.07920489764837,True,True,73.07920489764837,11d7f5c7668c94bb45ba1914847bf1280e28f3cc75fc28594543e25fb113712b,48be8a65ad9b2f3d6dd0e43db851aaca21d7f916aae5fdead9c582fb24c9c503
LPML_R3_008,B0_TARGETED_ACTIVE_LEARNING,0,450.5,315231a710f34c0f0bb94dfa478272f83bb44dc55a396ddececbcb605992acfb,ACCEPTED,ACCEPTED,FORMAL_WEIGHTED_G0_PROSPECTIVE_ROUND3_TARGETED_ACTIVE_LEARNING,NONE,True,0.3288213477209921,0.9464917854955572,0.0016666425211416976,-0.0009624647670870054,0.0016526406207579968,-0.0009071894062782597,-0.2514684657252186,0.5871184186511887,1.0039701787276178,3.704035721161398e-06,3.554213640242878e-06,0.4079444267736678,7.258249361404276e-06,0.4079516850230292,1.0039701787276178,2.4610026519952797,1.00198744649126,0.638704173169842,0.6374373006432803,-0.6383928413988784,-0.044952664858579544,1.188243183759388,0.28893361275626195,70.84222740975801,True,True,70.84222740975801,11d7f5c7668c94bb45ba1914847bf1280e28f3cc75fc28594543e25fb113712b,48be8a65ad9b2f3d6dd0e43db851aaca21d7f916aae5fdead9c582fb24c9c503
LPML_R3_008,B0_TARGETED_ACTIVE_LEARNING,0,451.0,315231a710f34c0f0bb94dfa478272f83bb44dc55a396ddececbcb605992acfb,ACCEPTED,ACCEPTED,FORMAL_WEIGHTED_G0_PROSPECTIVE_ROUND3_TARGETED_ACTIVE_LEARNING,NONE,True,0.3517922355508903,0.9382430920516281,0.0022727285340833413,0.002001678088195146,0.002224944914558641,0.001987295808766637,-0.19886615902087554,0.658548421347694,1.0040578767764932,9.172010158397188e-06,8.8997245043618e-06,0.47323377246325615,1.807173466275899e-05,0.4732518441979189,1.0040578767764932,2.1216142928681028,1.0020433057694267,0.6879091032520874,0.6865063608442263,-0.6878391565376704,0.04507845121286469,1.2154463052617388,0.3203470724377071,69.44657413017654,True,True,69.44657413017654,11d7f5c7668c94bb45ba1914847bf1280e28f3cc75fc28594543e25fb113712b,48be8a65ad9b2f3d6dd0e43db851aaca21d7f916aae5fdead9c582fb24c9c503
LPML_R3_008,B0_TARGETED_ACTIVE_LEARNING,0,451.5,315231a710f34c0f0bb94dfa478272f83bb44dc55a396ddececbcb605992acfb,ACCEPTED,ACCEPTED,FORMAL_WEIGHTED_G0_PROSPECTIVE_ROUND3_TARGETED_ACTIVE_LEARNING,NONE,True,0.38318170188393175,0.9127608363514615,-0.0006831538992465778,0.002084966732214901,-0.0006592434234472829,0.0020447143346730024,-0.15993252902965774,0.7130468714794173,0.9799605610356859,4.813785524498686e-06,4.615458601775752e-06,0.5340142547684069,9.429244126274438e-06,0.5340236840125332,0.9799605610356859,1.8350507484471172,0.9899453902647061,0.7307478151468383,0.7381698246520854,-0.7121206646328821,0.12724913613475838,1.2304406710801699,0.3527273720048024,67.22708485908535,True,True,67.22708485908535,11d7f5c7668c94bb45ba1914847bf1280e28f3cc75fc28594543e25fb113712b,48be8a65ad9b2f3d6dd0e43db851aaca21d7f916aae5fdead9c582fb24c9c503
LPML_R3_008,B0_TARGETED_ACTIVE_LEARNING,0,452.0,315231a710f34c0f0bb94dfa478272f83bb44dc55a396ddececbcb605992acfb,ACCEPTED,ACCEPTED,FORMAL_WEIGHTED_G0_PROSPECTIVE_ROUND3_TARGETED_ACTIVE_LEARNING,NONE,True,0.4286663291668912,0.8972084645744076,-0.0004994035946325806,-0.0009963804038691864,-0.0004609490299265243,-0.0009633042461951861,-0.10674717333632165,0.7396184929833637,0.9887378506653834,1.2421778595464656e-06,1.1404290789278794e-06,0.5584304741782767,2.382606938474345e-06,0.5584328567852153,0.9887378506653834,1.7705581586967265,0.9943574295921619,0.7472777326171761,0.7515182271265112,-0.7093501617855925,0.2212741365262034,1.243853169570508,0.3609381008159025,64.46256234640418,True,True,64.46256234640418,11d7f5c7668c94bb45ba1914847bf1280e28f3cc75fc28594543e25fb113712b,48be8a65ad9b2f3d6dd0e43db851aaca21d7f916aae5fdead9c582fb24c9c503
LPML_R3_008,B0_TARGETED_ACTIVE_LEARNING,0,452.5,315231a710f34c0f0bb94dfa478272f83bb44dc55a396ddececbcb605992acfb,ACCEPTED,ACCEPTED,FORMAL_WEIGHTED_G0_PROSPECTIVE_ROUND3_TARGETED_ACTIVE_LEARNING,NONE,True,0.4603848025182854,0.8937902782434017,0.002408706732467344,-0.0006226953566382975,0.0023736149890390677,-0.0005868044808658518,-0.034364315681220434,0.7691695879846682,1.0108152278722182,6.189617630212406e-06,5.978387614955174e-06,0.5928027612727428,1.2168005245167581e-05,0.592814929277988,1.0108152278722182,1.7051109510742735,1.005396523161252,0.7699402498671387,0.7658075516774496,-0.7033024606917329,0.3234023890719661,1.2663451966783015,0.3696706043065896,62.74733709416017,True,True,62.74733709416017,11d7f5c7668c94bb45ba1914847bf1280e28f3cc75fc28594543e25fb113712b,48be8a65ad9b2f3d6dd0e43db851aaca21d7f916aae5fdead9c582fb24c9c503
LPML_R3_008,B0_TARGETED_ACTIVE_LEARNING,0,453.0,315231a710f34c0f0bb94dfa478272f83bb44dc55a396ddececbcb605992acfb,ACCEPTED,ACCEPTED,FORMAL_WEIGHTED_G0_PROSPECTIVE_ROUND3_TARGETED_ACTIVE_LEARNING,NONE,True,0.47983319777204425,0.8744759228500766,0.0015838004161497156,0.0020514341677509308,0.001556715740905607,0.0020153358516978434,0.02474457162557488,0.8051591766229179,0.9949480373286389,6.716805902811964e-06,6.484942493121965e-06,0.6488935935250284,1.320174839593393e-05,0.6489067952734243,0.9949480373286389,1.5332680202700084,0.9975007359233942,0.8055104682338712,0.8075286956938472,-0.6922173782861476,0.40797424915266434,1.2821290233833968,0.3947470192646315,61.24600754877929,True,True,61.24600754877928,11d7f5c7668c94bb45ba1914847bf1280e28f3cc75fc28594543e25fb113712b,48be8a65ad9b2f3d6dd0e43db851aaca21d7f916aae5fdead9c582fb24c9c503
LPML_R3_008,B0_TARGETED_ACTIVE_LEARNING,0,453.5,315231a710f34c0f0bb94dfa478272f83bb44dc55a396ddececbcb605992acfb,ACCEPTED,ACCEPTED,FORMAL_WEIGHTED_G0_PROSPECTIVE_ROUND3_TARGETED_ACTIVE_LEARNING,NONE,True,0.5151704774580396,0.8450222891985123,-0.0010534058712701286,0.0008065905892145089,-0.0010123090737464203,0.000789277413646578,0.07190478556522166,0.8178017578887647,0.9794632900866386,1.7602523082357874e-06,1.647728496481967e-06,0.6739700133931344,3.407980804717754e-06,0.6739734213739392,0.9794632900866386,1.45326693757439,0.9896803401346584,0.8209564761980531,0.8295168075040792,-0.6540179205991659,0.48207011652866455,1.2858603001339521,0.4076197272640564,58.631295980795585,True,True,58.631295980795585,11d7f5c7668c94bb45ba1914847bf1280e28f3cc75fc28594543e25fb113712b,48be8a65ad9b2f3d6dd0e43db851aaca21d7f916aae5fdead9c582fb24c9c503
LPML_R3_008,B0_TARGETED_ACTIVE_LEARNING,0,454.0,315231a710f34c0f0bb94dfa478272f83bb44dc55a396ddececbcb605992acfb,ACCEPTED,ACCEPTED,FORMAL_WEIGHTED_G0_PROSPECTIVE_ROUND3_TARGETED_ACTIVE_LEARNING,NONE,True,0.5561748055558412,0.8328472621283671,0.00039330410944893193,-0.0016658811396832326,0.00040407420353364744,-0.0016207544491740361,0.13601469898895824,0.8146757739651066,1.002964976369795,2.9298480940617225e-06,2.7901209464787843e-06,0.6821966150267023,5.719969040540507e-06,0.6822023349957428,1.002964976369795,1.4701869590875174,1.001492777413117,0.8259416009348957,0.8247104917404648,-0.6028499980460034,0.5663829204272455,1.2981399429050544,0.40482765740508897,56.26502919652728,True,True,56.26502919652728,11d7f5c7668c94bb45ba1914847bf1280e28f3cc75fc28594543e25fb113712b,48be8a65ad9b2f3d6dd0e43db851aaca21d7f916aae5fdead9c582fb24c9c503
LPML_R3_010,B1_TARGETED_ACTIVE_LEARNING,1,450.0,3b4ec1c4a21d2d9e4a0f3332f4a92819523ce6413385c51679ee61997fce26a4,ACCEPTED,ACCEPTED,FORMAL_WEIGHTED_G0_PROSPECTIVE_ROUND3_TARGETED_ACTIVE_LEARNING,NONE,True,-0.17951247679465474,0.9624851350223633,-0.001185415939242513,0.0013783099313127594,-0.002152066930587077,0.0023253200200808537,-0.014271243720232066,-0.0009461204451058641,0.9586023644639684,3.3049492157655927e-06,1.0038505269515304e-05,0.00020456354121891048,1.3343454485280896e-05,0.00021790699570419138,0.9586023644639684,4399.135334623541,0.9790893054257709,0.01429697382505715,0.014602318446160443,0.0034731470887494776,-0.013560296827918667,0.979193684344253,0.00022726573706299824,100.56481308133505,True,True,100.56481308133505,b87b519acdb65ba1f76357de461e3fcb4a1e24cf92be3ae388b1bb034e22e454,2fc57e0e57f548f228b5c689ddd23e054e5da7b41f829ba76b77bba510806a4e
LPML_R3_010,B1_TARGETED_ACTIVE_LEARNING,1,450.5,3b4ec1c4a21d2d9e4a0f3332f4a92819523ce6413385c51679ee61997fce26a4,ACCEPTED,ACCEPTED,FORMAL_WEIGHTED_G0_PROSPECTIVE_ROUND3_TARGETED_ACTIVE_LEARNING,NONE,True,-0.14775162998547098,0.9756970483848715,-0.0083123628940011,0.0024415082917736914,-0.008295337728218511,0.002442908564078262,-0.10617093875512947,0.011697217740660674,0.9738152743903138,7.505633962036603e-05,7.478043027765237e-05,0.011409093139017877,0.00014983676989801842,0.011558929908915895,0.9738152743903138,84.24787433300106,0.9869023843746343,0.10676089178576137,0.10817776253870542,0.004210998958270205,-0.10527839507676037,0.992660165564847,0.011730497772809212,98.61098361175681,True,True,98.61098361175681,b87b519acdb65ba1f76357de461e3fcb4a1e24cf92be3ae388b1bb034e22e454,2fc57e0e57f548f228b5c689ddd23e054e5da7b41f829ba76b77bba510806a4e
LPML_R3_010,B1_TARGETED_ACTIVE_LEARNING,1,451.0,3b4ec1c4a21d2d9e4a0f3332f4a92819523ce6413385c51679ee61997fce26a4,ACCEPTED,ACCEPTED,FORMAL_WEIGHTED_G0_PROSPECTIVE_ROUND3_TARGETED_ACTIVE_LEARNING,NONE,True,-0.10440698367056427,0.9708115344439547,-0.007084182417638453,-0.0034687779143023436,-0.007091448875835944,-0.003346918749269477,-0.1848647491397923,0.05063931511782476,0.9533758536486113,6.221806074512951e-05,6.149051227280645e-05,0.036739315710120714,0.00012370857301793596,0.036863024283138646,0.9533758536486113,25.862659729866245,0.9764642991895951,0.1917194573848025,0.19634046789413376,-0.0298986877676285,-0.18480423776779156,0.9951074705436342,0.03722639567548802,96.13834386368711,True,True,96.13834386368711,b87b519acdb65ba1f76357de461e3fcb4a1e24cf92be3ae388b1bb034e22e454,2fc57e0e57f548f228b5c689ddd23e054e5da7b41f829ba76b77bba510806a4e
LPML_R3_010,B1_TARGETED_ACTIVE_LEARNING,1,451.5,3b4ec1c4a21d2d9e4a0f3332f4a92819523ce6413385c51679ee61997fce26a4,ACCEPTED,ACCEPTED,FORMAL_WEIGHTED_G0_PROSPECTIVE_ROUND3_TARGETED_ACTIVE_LEARNING,NONE,True,-0.05060630253485483,0.9777227904781653,-0.0008558984850397575,-0.0015243366509156973,-0.0009857584306410417,-0.0015054148306911108,-0.2537817217373736,0.10087269961891997,0.9585028528766594,3.0561644420182367e-06,3.237993496044635e-06,0.07458046381639459,6.294157938062872e-06,0.07458675797433265,0.9585028528766594,12.850844826993372,0.9790344021016348,0.27309567984954797,0.2789439056107832,-0.0857811317165645,-0.2532357586138186,1.0164101587700667,0.07219776212142215,92.96294862543647,True,True,92.96294862543647,b87b519acdb65ba1f76357de461e3fcb4a1e24cf92be3ae388b1bb034e22e454,2fc57e0e57f548f228b5c689ddd23e054e5da7b41f829ba76b77bba510806a4e
LPML_R3_010,B1_TARGETED_ACTIVE_LEARNING,1,452.0,3b4ec1c4a21d2d9e4a0f3332f4a92819523ce6413385c51679ee61997fce26a4,ACCEPTED,ACCEPTED,FORMAL_WEIGHTED_G0_PROSPECTIVE_ROUND3_TARGETED_ACTIVE_LEARNING,NONE,True,-0.012763123490883014,0.990757406799966,-0.0029880321956475657,0.004372417910796689,-0.002986322504577965,0.004259524483189955,-0.30187201511948886,0.16069927152370195,0.981763136450237,2.8046374788882098e-05,2.706167092424347e-05,0.11695096938054937,5.510804571312557e-05,0.1170060774262625,0.981763136450237,8.390702073308512,0.990881998948212,0.341938705087469,0.3450851922332078,-0.15535146252870333,-0.30110717448631646,1.0482219296868862,0.10648831069216147,90.73805419637591,True,True,90.73805419637591,b87b519acdb65ba1f76357de461e3fcb4a1e24cf92be3ae388b1bb034e22e454,2fc57e0e57f548f228b5c689ddd23e054e5da7b41f829ba76b77bba510806a4e
LPML_R3_010,B1_TARGETED_ACTIVE_LEARNING,1,452.5,3b4ec1c4a21d2d9e4a0f3332f4a92819523ce6413385c51679ee61997fce26a4,ACCEPTED,ACCEPTED,FORMAL_WEIGHTED_G0_PROSPECTIVE_ROUND3_TARGETED_ACTIVE_LEARNING,NONE,True,0.019042670829888596,0.9866380713696399,-0.008160480744785365,0.001563148401290584,-0.008035978619039617,0.0015908688060954352,-0.33124100758301694,0.234255740774605,0.9738173071883379,6.903687891047e-05,6.710781592386941e-05,0.16459635719047122,0.00013614469483433941,0.16473250188530555,0.9738173071883379,5.911506812822857,0.9868963795592516,0.4056911942432143,0.41107780172868424,-0.23749643644264196,-0.32232859023727084,1.0670284949679851,0.14468624962427978,88.8942964466907,True,True,88.8942964466907,b87b519acdb65ba1f76357de461e3fcb4a1e24cf92be3ae388b1bb034e22e454,2fc57e0e57f548f228b5c689ddd23e054e5da7b41f829ba76b77bba510806a4e
LPML_R3_010,B1_TARGETED_ACTIVE_LEARNING,1,453.0,3b4ec1c4a21d2d9e4a0f3332f4a92819523ce6413385c51679ee61997fce26a4,ACCEPTED,ACCEPTED,FORMAL_WEIGHTED_G0_PROSPECTIVE_ROUND3_TARGETED_ACTIVE_LEARNING,NONE,True,0.06514712833802733,0.9789221606289464,-0.00448675791391619,-0.0031858660465027694,-0.004523351370876281,-0.0030654655644362545,-0.3503282448158833,0.3122468817234024,0.9625327449011363,3.028073904434875e-05,2.985778675115282e-05,0.2202279942617659,6.013852579550157e-05,0.2202881327875614,0.9625327449011363,4.3694262270104725,0.9811100477851915,0.4693015574485523,0.47833732669232965,-0.3284988002516826,-0.32263025946115764,1.0875756882574645,0.18623963859854886,86.19258838994699,True,True,86.19258838994699,b87b519acdb65ba1f76357de461e3fcb4a1e24cf92be3ae388b1bb034e22e454,2fc57e0e57f548f228b5c689ddd23e054e5da7b41f829ba76b77bba510806a4e
LPML_R3_010,B1_TARGETED_ACTIVE_LEARNING,1,453.5,3b4ec1c4a21d2d9e4a0f3332f4a92819523ce6413385c51679ee61997fce26a4,ACCEPTED,ACCEPTED,FORMAL_WEIGHTED_G0_PROSPECTIVE_ROUND3_TARGETED_ACTIVE_LEARNING,NONE,True,0.10925717176118233,0.9839868837334514,-0.00014850345704137068,0.0010504449110900031,-0.000250939499796623,0.0009994216303717987,-0.3546049602065763,0.38389058757363775,0.9801673169407215,1.1254877879881227e-06,1.0618142278132035e-06,0.2731166610307404,2.187302015801326e-06,0.2731188483327562,0.9801673169407215,3.588794119937589,0.9900363123682205,0.5226033538600882,0.5278628140517317,-0.41648542543386224,-0.30698341787037176,1.1195026419234024,0.2179221760364357,83.66410513364553,True,True,83.66410513364553,b87b519acdb65ba1f76357de461e3fcb4a1e24cf92be3ae388b1bb034e22e454,2fc57e0e57f548f228b5c689ddd23e054e5da7b41f829ba76b77bba510806a4e
LPML_R3_010,B1_TARGETED_ACTIVE_LEARNING,1,454.0,3b4ec1c4a21d2d9e4a0f3332f4a92819523ce6413385c51679ee61997fce26a4,ACCEPTED,ACCEPTED,FORMAL_WEIGHTED_G0_PROSPECTIVE_ROUND3_TARGETED_ACTIVE_LEARNING,NONE,True,0.13932006652787984,0.9831459852294585,-0.004876634694115304,0.004732831265252192,-0.0047999471296912705,0.004642814653068243,-0.33915646873752797,0.45363294870360427,0.9859861092101355,4.6181257725197714e-05,4.459522035057666e-05,0.3208099624360366,9.077647807577438e-05,0.32090073891411236,0.9859861092101355,3.0725579272474977,0.9930535597460735,0.5663315950923977,0.5702931020530355,-0.49324014800397636,-0.27019478936041413,1.143191518567317,0.24554592417445764,81.93440849222458,True,True,81.93440849222458,b87b519acdb65ba1f76357de461e3fcb4a1e24cf92be3ae388b1bb034e22e454,2fc57e0e57f548f228b5c689ddd23e054e5da7b41f829ba76b77bba510806a4e
LPML_R3_011,B1_TARGETED_ACTIVE_LEARNING,1,450.0,2a55332e2076939f24f75640f5d9bc24966f8a01cf88a34bc5304df7dbf2920f,ACCEPTED,ACCEPTED,FORMAL_WEIGHTED_G0_PROSPECTIVE_ROUND3_TARGETED_ACTIVE_LEARNING,NONE,True,0.2878247767234203,0.9473659655612869,-0.0007322007613933422,0.0019282715627865772,-0.0006967441501368426,0.0018691201546140433,-0.2818368539591333,0.5425383176599543,0.9803453747997564,4.254349174836378e-06,3.979062563134337e-06,0.37377983837887524,8.233411737970715e-06,0.3737880717906132,0.9803453747997564,2.622730495661514,0.9901342049011863,0.6113654413483524,0.6174571470433804,-0.5950988727124933,-0.1108439610542417,1.1636723965920863,0.2760348861715147,73.1003881813439,True,True,73.1003881813439,b2e7dc8b687bbd287700c8a5697cf9d60edc740ee1804d872bab26ae0c913adc,3f413c3c7311df7b668ae6e25089a3db831214000cd53c4546e80d490f618970
LPML_R3_011,B1_TARGETED_ACTIVE_LEARNING,1,450.5,2a55332e2076939f24f75640f5d9bc24966f8a01cf88a34bc5304df7dbf2920f,ACCEPTED,ACCEPTED,FORMAL_WEIGHTED_G0_PROSPECTIVE_ROUND3_TARGETED_ACTIVE_LEARNING,NONE,True,0.3344186610143238,0.9337202047147973,-4.643720066773152e-06,-0.00010487136251330957,5.292392506571486e-05,-5.633232083347529e-05,-0.23858190121462772,0.5934681696121304,0.983669261527256,1.1019566811456544e-08,5.9742722148469955e-09,0.40912579192995896,1.699383902630354e-08,0.40912580892379796,0.983669261527256,2.404319747304111,0.9918010408586342,0.6396293972315409,0.6449170457391263,-0.6339194546149909,-0.024301905718444868,1.180167390860743,0.29374444066010597,70.29464677974622,True,True,70.29464677974622,b2e7dc8b687bbd287700c8a5697cf9d60edc740ee1804d872bab26ae0c913adc,3f413c3c7311df7b668ae6e25089a3db831214000cd53c4546e80d490f618970
LPML_R3_011,B1_TARGETED_ACTIVE_LEARNING,1,451.0,2a55332e2076939f24f75640f5d9bc24966f8a01cf88a34bc5304df7dbf2920f,ACCEPTED,ACCEPTED,FORMAL_WEIGHTED_G0_PROSPECTIVE_ROUND3_TARGETED_ACTIVE_LEARNING,NONE,True,0.3704248172673135,0.9319973568637387,0.0019116422709770577,0.00041300616650102797,0.0018621992598570939,0.000469888054674426,-0.17758951172602888,0.6562943987407087,1.0058336184485177,3.824950265754197e-06,3.6885808673380253e-06,0.4622603724935178,7.513531133092223e-06,0.4622678860246509,1.0058336184485177,2.175867389574366,1.0029155538226684,0.6798984456326834,0.6779219277647183,-0.6774515731726808,0.077593109834062,1.2116523859891368,0.31487460820397184,68.32452207344937,True,True,68.32452207344937,b2e7dc8b687bbd287700c8a5697cf9d60edc740ee1804d872bab26ae0c913adc,3f413c3c7311df7b668ae6e25089a3db831214000cd53c4546e80d490f618970
LPML_R3_011,B1_TARGETED_ACTIVE_LEARNING,1,451.5,2a55332e2076939f24f75640f5d9bc24966f8a01cf88a34bc5304df7dbf2920f,ACCEPTED,ACCEPTED,FORMAL_WEIGHTED_G0_PROSPECTIVE_ROUND3_TARGETED_ACTIVE_LEARNING,NONE,True,0.3935208681901995,0.9183987215490926,0.0012672587659493648,0.001935862747884415,0.0012219943409684938,0.0018870099119926837,-0.1324998025610334,0.7161821052627223,0.998314885444176,5.353509358522104e-06,5.054076577317658e-06,0.530473005577258,1.0407585935839762e-05,0.5304834131631938,0.998314885444176,1.8818965130151244,0.9991730257147877,0.7283210578387296,0.7289238591261046,-0.7098800627993167,0.16014019762453582,1.2364458332686352,0.34699372287791486,66.8055514520083,True,True,66.8055514520083,b2e7dc8b687bbd287700c8a5697cf9d60edc740ee1804d872bab26ae0c913adc,3f413c3c7311df7b668ae6e25089a3db831214000cd53c4546e80d490f618970
LPML_R3_011,B1_TARGETED_ACTIVE_LEARNING,1,452.0,2a55332e2076939f24f75640f5d9bc24966f8a01cf88a34bc5304df7dbf2920f,ACCEPTED,ACCEPTED,FORMAL_WEIGHTED_G0_PROSPECTIVE_ROUND3_TARGETED_ACTIVE_LEARNING,NONE,True,0.4277216137815109,0.892684164651702,-0.00021164571399671,0.0009892210749335227,-0.00015573726291010653,0.0009575334703893314,-0.08664487442989116,0.7447669515688404,0.9798307967157669,1.0233522433458108e-06,9.411244419745685e-07,0.5621851464141152,1.9644766853203792e-06,0.5621871108908005,0.9798307967157669,1.742890894747122,0.989867701471959,0.7497865304132824,0.7574613549854493,-0.7019006352873097,0.24120677178079944,1.2417801365807746,0.3645788470533363,64.39900686248887,True,True,64.39900686248887,b2e7dc8b687bbd287700c8a5697cf9d60edc740ee1804d872bab26ae0c913adc,3f413c3c7311df7b668ae6e25089a3db831214000cd53c4546e80d490f618970
LPML_R3_011,B1_TARGETED_ACTIVE_LEARNING,1,452.5,2a55332e2076939f24f75640f5d9bc24966f8a01cf88a34bc5304df7dbf2920f,ACCEPTED,ACCEPTED,FORMAL_WEIGHTED_G0_PROSPECTIVE_ROUND3_TARGETED_ACTIVE_LEARNING,NONE,True,0.4706982059661132,0.878884051626401,0.0006875831827690364,-0.0005405248129507538,0.0007121992957256025,-0.00047727168042653963,-0.01667151023481696,0.7643263237522805,0.9939939773029558,7.649377066422455e-07,7.350160937692172e-07,0.5844726684341855,1.4999538004114627e-06,0.5844741683879859,0.9939939773029558,1.7006636581466885,0.996993303380799,0.7645080108833285,0.7668135867020229,-0.6796016978614634,0.3451154180263383,1.2563710223062858,0.37027935595883976,61.82812382280434,True,True,61.82812382280435,b2e7dc8b687bbd287700c8a5697cf9d60edc740ee1804d872bab26ae0c913adc,3f413c3c7311df7b668ae6e25089a3db831214000cd53c4546e80d490f618970
LPML_R3_011,B1_TARGETED_ACTIVE_LEARNING,1,453.0,2a55332e2076939f24f75640f5d9bc24966f8a01cf88a34bc5304df7dbf2920f,ACCEPTED,ACCEPTED,FORMAL_WEIGHTED_G0_PROSPECTIVE_ROUND3_TARGETED_ACTIVE_LEARNING,NONE,True,0.4985468524301702,0.8721053035496001,0.0019472552494908322,0.0002927248679074569,0.0018845840176114034,0.000311219104832857,0.05087017599109027,0.797146579682403,1.0091166245473702,3.877490854961041e-06,3.648514250649303e-06,0.6380304443047183,7.526005105610344e-06,0.6380379703098239,1.0091166245473702,1.5815933714060226,1.0045530983283923,0.798766340988415,0.7951459632323937,-0.6698381723890707,0.44177791081282597,1.283415207505815,0.3873576726203656,60.245166641171465,True,True,60.245166641171465,b2e7dc8b687bbd287700c8a5697cf9d60edc740ee1804d872bab26ae0c913adc,3f413c3c7311df7b668ae6e25089a3db831214000cd53c4546e80d490f618970
LPML_R3_011,B1_TARGETED_ACTIVE_LEARNING,1,453.5,2a55332e2076939f24f75640f5d9bc24966f8a01cf88a34bc5304df7dbf2920f,ACCEPTED,ACCEPTED,FORMAL_WEIGHTED_G0_PROSPECTIVE_ROUND3_TARGETED_ACTIVE_LEARNING,NONE,True,0.5194103153593808,0.8487897720953298,0.0008879461593744831,0.0013541042202809737,0.0008817716844932484,0.0012948807606564434,0.09815889273984078,0.8161288744535458,0.990231152915373,2.622046621330639e-06,2.4542374878922707e-06,0.675701507940723,5.07628410922291e-06,0.6757065842248323,0.990231152915373,1.4654750686666194,0.9951174060988346,0.8219970104686103,0.8260301803895589,-0.6417361294767927,0.5072196764564344,1.2907121046694363,0.4056013434120107,58.53577539084941,True,True,58.5357753908494,b2e7dc8b687bbd287700c8a5697cf9d60edc740ee1804d872bab26ae0c913adc,3f413c3c7311df7b668ae6e25089a3db831214000cd53c4546e80d490f618970
LPML_R3_011,B1_TARGETED_ACTIVE_LEARNING,1,454.0,2a55332e2076939f24f75640f5d9bc24966f8a01cf88a34bc5304df7dbf2920f,ACCEPTED,ACCEPTED,FORMAL_WEIGHTED_G0_PROSPECTIVE_ROUND3_TARGETED_ACTIVE_LEARNING,NONE,True,0.5561263875658169,0.8203494549436083,-0.0002502069539779689,0.00020776453643603322,-0.00019125778381530082,0.00021546737501034865,0.15444178982193515,0.810055009286348,0.9822497871732805,1.0576962241941321e-07,8.300572956379057e-08,0.6800413845133081,1.887753519832038e-07,0.68004157328866,0.9822497871732805,1.4443966747843826,0.9910852794776763,0.8246461842903275,0.8320638005287841,-0.5786390337670715,0.5771892977929711,1.289298786341607,0.40909890375636726,55.86610479814095,True,True,55.86610479814095,b2e7dc8b687bbd287700c8a5697cf9d60edc740ee1804d872bab26ae0c913adc,3f413c3c7311df7b668ae6e25089a3db831214000cd53c4546e80d490f618970
LPML_R3_012,B1_TARGETED_ACTIVE_LEARNING,1,450.0,e80a719d606a6a523cc9d0703f755ba828a5a2c2a4b7969f21435d8c71339087,ACCEPTED,ACCEPTED,FORMAL_WEIGHTED_G0_PROSPECTIVE_ROUND3_TARGETED_ACTIVE_LEARNING,NONE,True,0.28606069011529184,0.9454863455146482,-0.0017426323905117898,-1.844765169389706e-05,-0.0016795240809502044,-5.114793915257421e-06,-0.30035742240770935,0.5275356608491839,0.9757751479838818,3.0371079643138543e-06,2.820827299608424e-06,0.3685084546629882,5.857935263922278e-06,0.3685143125982521,0.9757751479838818,2.647862280040273,0.9878152192334541,0.6070507007103253,0.6145387202896079,-0.5847011423388575,-0.13307666635400134,1.1594349747105845,0.27413315614233125,73.16659867395907,True,True,73.16659867395907,e39b61034cc957f38f7b00a67c4cbbd9d5326d8c9e56cf88a8af31a3119ab47b,83ca81bb5cbfc8098fb2c6183635f1091b24c5d40e61d2842235d2c4d54659e8
LPML_R3_012,B1_TARGETED_ACTIVE_LEARNING,1,450.5,e80a719d606a6a523cc9d0703f755ba828a5a2c2a4b7969f21435d8c71339087,ACCEPTED,ACCEPTED,FORMAL_WEIGHTED_G0_PROSPECTIVE_ROUND3_TARGETED_ACTIVE_LEARNING,NONE,True,0.3295738174785775,0.944859382741204,0.0019165211219230433,-0.0010589767080306945,0.001901018464625209,-0.00099188080841782,-0.2512785745503512,0.5874117243956389,1.0013781543214917,4.794484878928686e-06,4.597698740953575e-06,0.4081934559855145,9.392183619882261e-06,0.4082028481691344,1.0013781543214917,2.453138577579404,1.0006942648275137,0.6388990458843616,0.638455788486493,-0.6378389113559115,-0.04382348031019431,1.1872577658160952,0.289591621515805,70.77085717292846,True,True,70.77085717292846,e39b61034cc957f38f7b00a67c4cbbd9d5326d8c9e56cf88a8af31a3119ab47b,83ca81bb5cbfc8098fb2c6183635f1091b24c5d40e61d2842235d2c4d54659e8
LPML_R3_012,B1_TARGETED_ACTIVE_LEARNING,1,451.0,e80a719d606a6a523cc9d0703f755ba828a5a2c2a4b7969f21435d8c71339087,ACCEPTED,ACCEPTED,FORMAL_WEIGHTED_G0_PROSPECTIVE_ROUND3_TARGETED_ACTIVE_LEARNING,NONE,True,0.35332432044297096,0.9391412356357655,0.002650796233735788,0.0022899537694854658,0.0025923849232201905,0.0022737934867863114,-0.19869809391916005,0.6589355662604076,1.0068243358879594,1.227060893916853e-05,1.1890596410691207e-05,0.47367701301003123,2.4161205349859737e-05,0.4737011742153811,1.0068243358879594,2.1254419256097923,1.0034279902902028,0.6882279988532185,0.6858768197747555,-0.6890400959116776,0.04620042391811345,1.21676847021253,0.3199547532161854,69.3826641148575,True,True,69.3826641148575,e39b61034cc957f38f7b00a67c4cbbd9d5326d8c9e56cf88a8af31a3119ab47b,83ca81bb5cbfc8098fb2c6183635f1091b24c5d40e61d2842235d2c4d54659e8
LPML_R3_012,B1_TARGETED_ACTIVE_LEARNING,1,451.5,e80a719d606a6a523cc9d0703f755ba828a5a2c2a4b7969f21435d8c71339087,ACCEPTED,ACCEPTED,FORMAL_WEIGHTED_G0_PROSPECTIVE_ROUND3_TARGETED_ACTIVE_LEARNING,NONE,True,0.3821495106982964,0.9141412579114498,-0.0006844404890380047,0.002419905922663101,-0.0006569270811189021,0.0023703962683694823,-0.15975061819014247,0.7133485229008205,0.9816924879428753,6.324403457574535e-06,6.050331659007367e-06,0.5343863751369151,1.2374735116581903e-05,0.5343987498720317,0.9816924879428753,1.8370037133843473,0.9908252532988062,0.7309969598023395,0.737765773902707,-0.7131446501204679,0.126574370016348,1.2312965677751673,0.35248455801528367,67.31302019304502,True,True,67.31302019304502,e39b61034cc957f38f7b00a67c4cbbd9d5326d8c9e56cf88a8af31a3119ab47b,83ca81bb5cbfc8098fb2c6183635f1091b24c5d40e61d2842235d2c4d54659e8
LPML_R3_012,B1_TARGETED_ACTIVE_LEARNING,1,452.0,e80a719d606a6a523cc9d0703f755ba828a5a2c2a4b7969f21435d8c71339087,ACCEPTED,ACCEPTED,FORMAL_WEIGHTED_G0_PROSPECTIVE_ROUND3_TARGETED_ACTIVE_LEARNING,NONE,True,0.4274834813090249,0.8960798107906462,-0.0005207316399171184,-0.0010697013775611615,-0.00047352263410853525,-0.0010310887023592917,-0.10637443706575801,0.7398717373804047,0.9857011540986838,1.415422477967018e-06,1.287367597146054e-06,0.5587257086353554,2.702790075113072e-06,0.5587284114254306,0.9857011540986838,1.764186559949508,0.9928299528914353,0.747474581618469,0.7528727144478129,-0.7084565847415503,0.22096191713036117,1.2427508058835104,0.3617700825584892,64.4960758820061,True,True,64.4960758820061,e39b61034cc957f38f7b00a67c4cbbd9d5326d8c9e56cf88a8af31a3119ab47b,83ca81bb5cbfc8098fb2c6183635f1091b24c5d40e61d2842235d2c4d54659e8
LPML_R3_012,B1_TARGETED_ACTIVE_LEARNING,1,452.5,e80a719d606a6a523cc9d0703f755ba828a5a2c2a4b7969f21435d8c71339087,ACCEPTED,ACCEPTED,FORMAL_WEIGHTED_G0_PROSPECTIVE_ROUND3_TARGETED_ACTIVE_LEARNING,NONE,True,0.46165678340970806,0.8928933442509142,0.002766783358489524,-0.0007115940082209381,0.0027254184218093364,-0.0006673298636527758,-0.03391125547935737,0.7695341955659353,1.0103855098757792,8.161456185350514e-06,7.873234720860526e-06,0.5933328513934973,1.603469090621104e-05,0.5933488860844035,1.0103855098757792,1.702852290738189,1.0051838856882687,0.7702855002613103,0.7663130211581943,-0.7027743882946917,0.32498533288461656,1.266386353353582,0.36997952253132005,62.659470392872436,True,True,62.65947039287243,e39b61034cc957f38f7b00a67c4cbbd9d5326d8c9e56cf88a8af31a3119ab47b,83ca81bb5cbfc8098fb2c6183635f1091b24c5d40e61d2842235d2c4d54659e8
LPML_R3_012,B1_TARGETED_ACTIVE_LEARNING,1,453.0,e80a719d606a6a523cc9d0703f755ba828a5a2c2a4b7969f21435d8c71339087,ACCEPTED,ACCEPTED,FORMAL_WEIGHTED_G0_PROSPECTIVE_ROUND3_TARGETED_ACTIVE_LEARNING,NONE,True,0.48049412524886354,0.8759633440403366,0.0019005890811560084,0.002302384651011947,0.0018666680897579887,0.0022596566965593723,0.025096277947750874,0.8054962602447528,0.9981863845009997,8.913213936624844e-06,8.590498143626354e-06,0.6494540484351132,1.7503712080251197e-05,0.6494715521471934,0.9981863845009997,1.5369208723629746,0.9991312277747375,0.8058503126099404,0.8065510217358817,-0.6935249287865668,0.40901104804480803,1.2836112872081615,0.394178632409834,61.253812189852766,True,True,61.25381218985277,e39b61034cc957f38f7b00a67c4cbbd9d5326d8c9e56cf88a8af31a3119ab47b,83ca81bb5cbfc8098fb2c6183635f1091b24c5d40e61d2842235d2c4d54659e8
LPML_R3_012,B1_TARGETED_ACTIVE_LEARNING,1,453.5,e80a719d606a6a523cc9d0703f755ba828a5a2c2a4b7969f21435d8c71339087,ACCEPTED,ACCEPTED,FORMAL_WEIGHTED_G0_PROSPECTIVE_ROUND3_TARGETED_ACTIVE_LEARNING,NONE,True,0.5135831685589836,0.8455528293402491,-0.0010848140139067158,0.000964276061312603,-0.0010360311651260315,0.0009420611999920122,0.07233285345740068,0.8179454581132205,0.9787272582323856,2.106649767188947e-06,1.960839879642793e-06,0.6742668141373358,4.067489646831739e-06,0.6742708816269827,0.9787272582323856,1.4515342200018553,0.9893093643000743,0.8211364816932392,0.8300098142446921,-0.6544673757781387,0.481246289962619,1.2856897525683904,0.40790782842886186,58.725782734430396,True,True,58.72578273443039,e39b61034cc957f38f7b00a67c4cbbd9d5326d8c9e56cf88a8af31a3119ab47b,83ca81bb5cbfc8098fb2c6183635f1091b24c5d40e61d2842235d2c4d54659e8
LPML_R3_012,B1_TARGETED_ACTIVE_LEARNING,1,454.0,e80a719d606a6a523cc9d0703f755ba828a5a2c2a4b7969f21435d8c71339087,ACCEPTED,ACCEPTED,FORMAL_WEIGHTED_G0_PROSPECTIVE_ROUND3_TARGETED_ACTIVE_LEARNING,NONE,True,0.5559177767463566,0.8313548962805012,0.00045998526634988,-0.0018486100872134978,0.0004742376090720275,-0.0017947013975575014,0.13664156171810962,0.8148379405355347,1.000195538072175,3.628945699806466e-06,3.4458544162532016e-06,0.6826317857249554,7.074800116059667e-06,0.6826388605250715,1.000195538072175,1.4651898623275645,1.000111736701934,0.8262027067907052,0.8261103999391826,-0.6014549387770609,0.5665822298974873,1.2972410718895877,0.40564826883387695,56.22979347546081,True,True,56.22979347546081,e39b61034cc957f38f7b00a67c4cbbd9d5326d8c9e56cf88a8af31a3119ab47b,83ca81bb5cbfc8098fb2c6183635f1091b24c5d40e61d2842235d2c4d54659e8
LPML_R3_013,B1_TARGETED_ACTIVE_LEARNING,1,450.0,91dde15b12a682d6653bd89282a94825ea0798d8412ae64b631e9e7b5c5a95e5,ACCEPTED,ACCEPTED,FORMAL_WEIGHTED_G0_PROSPECTIVE_ROUND3_TARGETED_ACTIVE_LEARNING,NONE,True,0.2817486331794259,0.9542861601322599,-0.008873323912866379,-0.00022485523231224506,-0.008809945544628491,-0.0002308448107465288,-0.3032308133021761,0.5453372350241428,0.990044367718448,7.87864371381445e-05,7.7668429825968e-05,0.3893416260396765,0.00015645486696411252,0.3894980809066406,0.990044367718448,2.541846587315415,0.9950592074328225,0.6240189278605672,0.6271173847740065,-0.6059207647679153,-0.13572497719314766,1.174539249503859,0.282338598058241,73.55100501414296,True,True,73.55100501414296,f3b993e8d6fd021eedcb939694f13c5bbe55387315cd801d772637b664496cc6,a653e89e6ef12a9d36a430b1b0ac5e037538bb5a63bb934e13c8ae38b1cc9e0a
LPML_R3_013,B1_TARGETED_ACTIVE_LEARNING,1,450.5,91dde15b12a682d6653bd89282a94825ea0798d8412ae64b631e9e7b5c5a95e5,ACCEPTED,ACCEPTED,FORMAL_WEIGHTED_G0_PROSPECTIVE_ROUND3_TARGETED_ACTIVE_LEARNING,NONE,True,0.31872043108363524,0.9458948833870311,-0.006655263714103356,0.0016189456608323928,-0.006652982720966829,0.0016797087992705512,-0.2672912728328532,0.603460014858069,0.9962998436079037,4.691352015698883e-05,4.7083600735830116e-05,0.4356086140651075,9.399712089281894e-05,0.43570261118600034,0.9962998436079037,2.286651073529109,0.9981855332966966,0.660021284437929,0.661221048013072,-0.656042488082311,-0.06047246154677236,1.196663049815571,0.3042610784132401,71.37869363851007,True,True,71.37869363851007,f3b993e8d6fd021eedcb939694f13c5bbe55387315cd801d772637b664496cc6,a653e89e6ef12a9d36a430b1b0ac5e037538bb5a63bb934e13c8ae38b1cc9e0a
LPML_R3_013,B1_TARGETED_ACTIVE_LEARNING,1,451.0,91dde15b12a682d6653bd89282a94825ea0798d8412ae64b631e9e7b5c5a95e5,ACCEPTED,ACCEPTED,FORMAL_WEIGHTED_G0_PROSPECTIVE_ROUND3_TARGETED_ACTIVE_LEARNING,NONE,True,0.35094294896588635,0.9356982492839522,-0.009803013953853038,0.004510906533939067,-0.009856742918831153,0.0045028762281313925,-0.21129470344216858,0.6607379523380247,0.9986921671419258,0.00011644736033737152,0.00011743127529379889,0.48122009336255966,0.0002338786356311704,0.48145397199819084,0.9986921671419258,2.07432532542421,0.9994636495478613,0.6936991800287693,0.6940714455624133,-0.6924800452995941,0.03426184599791143,1.2166125673936288,0.3252746193547411,69.44094287947638,True,True,69.44094287947638,f3b993e8d6fd021eedcb939694f13c5bbe55387315cd801d772637b664496cc6,a653e89e6ef12a9d36a430b1b0ac5e037538bb5a63bb934e13c8ae38b1cc9e0a
LPML_R3_013,B1_TARGETED_ACTIVE_LEARNING,1,451.5,91dde15b12a682d6653bd89282a94825ea0798d8412ae64b631e9e7b5c5a95e5,ACCEPTED,ACCEPTED,FORMAL_WEIGHTED_G0_PROSPECTIVE_ROUND3_TARGETED_ACTIVE_LEARNING,NONE,True,0.38280957544699395,0.9210818079238049,-0.012854786898106445,0.0021200252441027356,-0.012825800814457894,0.0020635411747088363,-0.15887011218865857,0.7187995512207213,0.9949348679420926,0.00016974005323136198,0.0001687593687118675,0.5419125073819473,0.0003384994219432295,0.5422510068038905,0.9949348679420926,1.8348234589851466,0.9975647926490167,0.7362406938040765,0.7380379692922017,-0.723050688548243,0.1288846982780656,1.239833002765285,0.3527556528539506,67.43180643533185,True,True,67.43180643533185,f3b993e8d6fd021eedcb939694f13c5bbe55387315cd801d772637b664496cc6,a653e89e6ef12a9d36a430b1b0ac5e037538bb5a63bb934e13c8ae38b1cc9e0a
LPML_R3_013,B1_TARGETED_ACTIVE_LEARNING,1,452.0,91dde15b12a682d6653bd89282a94825ea0798d8412ae64b631e9e7b5c5a95e5,ACCEPTED,ACCEPTED,FORMAL_WEIGHTED_G0_PROSPECTIVE_ROUND3_TARGETED_ACTIVE_LEARNING,NONE,True,0.41658711420982836,0.9057498601983145,-0.010489786678589812,0.0008377428783702149,-0.010422965696831932,0.000857168573103213,-0.11099463105747635,0.75705431464807,0.9939276329749385,0.00011073743769258033,0.000109372951880051,0.5854510434508444,0.00022011038957263135,0.5856711538404171,0.9939276329749385,1.697074589481596,0.9970232281296703,0.7652081216147981,0.7674927725106894,-0.7320493892998893,0.21486342395702968,1.2568209048290675,0.3707720965152135,65.30058871466358,True,True,65.30058871466358,f3b993e8d6fd021eedcb939694f13c5bbe55387315cd801d772637b664496cc6,a653e89e6ef12a9d36a430b1b0ac5e037538bb5a63bb934e13c8ae38b1cc9e0a
LPML_R3_013,B1_TARGETED_ACTIVE_LEARNING,1,452.5,91dde15b12a682d6653bd89282a94825ea0798d8412ae64b631e9e7b5c5a95e5,ACCEPTED,ACCEPTED,FORMAL_WEIGHTED_G0_PROSPECTIVE_ROUND3_TARGETED_ACTIVE_LEARNING,NONE,True,0.44975497464442266,0.8913696059992674,-0.010018601272782259,0.004728310131820669,-0.010030710783545232,0.004767742890028615,-0.04974155157177161,0.7790351368648009,0.9968193117166944,0.00012272928816567226,0.000123346531088549,0.6093699664227263,0.0002460758192542212,0.6096160422419806,0.9968193117166944,1.635159252126468,0.9985056819014785,0.780654697782021,0.7818229900258569,-0.7168577035975093,0.3061320154278341,1.2674523083566793,0.37948370641851703,63.22603215471855,True,True,63.226032154718546,f3b993e8d6fd021eedcb939694f13c5bbe55387315cd801d772637b664496cc6,a653e89e6ef12a9d36a430b1b0ac5e037538bb5a63bb934e13c8ae38b1cc9e0a
LPML_R3_013,B1_TARGETED_ACTIVE_LEARNING,1,453.0,91dde15b12a682d6653bd89282a94825ea0798d8412ae64b631e9e7b5c5a95e5,ACCEPTED,ACCEPTED,FORMAL_WEIGHTED_G0_PROSPECTIVE_ROUND3_TARGETED_ACTIVE_LEARNING,NONE,True,0.48043799098494644,0.8763662908742981,-0.014096901365699467,0.005710538163588958,-0.014111456957353998,0.005669368450455395,0.01795354637331069,0.8048236500575257,0.9988385389624264,0.00023133287423206538,0.0002312749560862736,0.6480634375192972,0.000462607830318339,0.6485260453496156,0.9988385389624264,1.5401671931679475,0.9995628842915585,0.8051326751901092,0.8054847652339033,-0.6968613039301337,0.4025622449153779,1.2834970137526778,0.39367487411443114,61.26774347813813,True,True,61.26774347813813,f3b993e8d6fd021eedcb939694f13c5bbe55387315cd801d772637b664496cc6,a653e89e6ef12a9d36a430b1b0ac5e037538bb5a63bb934e13c8ae38b1cc9e0a
LPML_R3_013,B1_TARGETED_ACTIVE_LEARNING,1,453.5,91dde15b12a682d6653bd89282a94825ea0798d8412ae64b631e9e7b5c5a95e5,ACCEPTED,ACCEPTED,FORMAL_WEIGHTED_G0_PROSPECTIVE_ROUND3_TARGETED_ACTIVE_LEARNING,NONE,True,0.5092513507102069,0.8589593666438502,-0.014135051666041662,0.002802956056757164,-0.014067208695075875,0.0027654196094054817,0.07358575998985327,0.8272604137540753,0.9971481317453745,0.00020765624825777883,0.00020553390608690265,0.6897746562378483,0.0004131901543446815,0.690187846392193,0.9971481317453745,1.4447488998216207,0.9987012062849455,0.8306213810771803,0.8317015898749106,-0.6733005227519183,0.48456918000510896,1.2989749720982184,0.40903996319334246,59.337564619137,True,True,59.337564619137,f3b993e8d6fd021eedcb939694f13c5bbe55387315cd801d772637b664496cc6,a653e89e6ef12a9d36a430b1b0ac5e037538bb5a63bb934e13c8ae38b1cc9e0a
LPML_R3_013,B1_TARGETED_ACTIVE_LEARNING,1,454.0,91dde15b12a682d6653bd89282a94825ea0798d8412ae64b631e9e7b5c5a95e5,ACCEPTED,ACCEPTED,FORMAL_WEIGHTED_G0_PROSPECTIVE_ROUND3_TARGETED_ACTIVE_LEARNING,NONE,True,0.5389293852035679,0.8389174240070855,-0.011066277055818202,0.00483218215085708,-0.01101891761213982,0.004864087187912144,0.12652508891425396,0.8306175017681137,0.9942273265385797,0.00014581247221519012,0.0001450758895147362,0.7059340323682621,0.0002908883617299263,0.7062249207299921,0.9942273265385797,1.4078054984393538,0.9971909891993854,0.8402751801214428,0.8426421710810628,-0.6287298407769825,0.5538953539848787,1.3040138984184837,0.41531593837133474,57.2828838109119,True,True,57.2828838109119,f3b993e8d6fd021eedcb939694f13c5bbe55387315cd801d772637b664496cc6,a653e89e6ef12a9d36a430b1b0ac5e037538bb5a63bb934e13c8ae38b1cc9e0a
LPML_R3_014,B1_TARGETED_ACTIVE_LEARNING,1,450.0,295763e9acd16be17f83a20d2e3df34f1da61202f9f1ee98973349ed1ac0ccad,ACCEPTED,ACCEPTED,FORMAL_WEIGHTED_G0_PROSPECTIVE_ROUND3_TARGETED_ACTIVE_LEARNING,NONE,True,0.28440952127094565,0.9454255161420154,-0.0019217640237384297,4.066716976702916e-05,-0.00184757585419027,5.4190672427929955e-05,-0.30031469126547505,0.5275423829776791,0.9747181823619647,3.6948307816321796e-06,3.4164731659650964e-06,0.3684898796276459,7.111303947597276e-06,0.3684969909315935,0.9747181823619647,2.645118430676434,0.9872805360566157,0.6070356796905104,0.6148563225151031,-0.584167935687933,-0.1338869161245106,1.1589716015906335,0.27433950885772096,73.25729449156822,True,True,73.25729449156822,91391d10fa8b6e9e19766473ed09bdd646ebd04465924d055e1701a438809c09,bc16714d90b6851c8978bd8c94006da5846548a9e52e966b60fab360c37f3ef4
LPML_R3_014,B1_TARGETED_ACTIVE_LEARNING,1,450.5,295763e9acd16be17f83a20d2e3df34f1da61202f9f1ee98973349ed1ac0ccad,ACCEPTED,ACCEPTED,FORMAL_WEIGHTED_G0_PROSPECTIVE_ROUND3_TARGETED_ACTIVE_LEARNING,NONE,True,0.329799045544291,0.9434216875344212,0.0021448074653621597,-0.0011259519171356622,0.0021283637581067886,-0.00104708042065993,-0.2510928890410972,0.5876899836914671,0.9988118909522201,5.867966783174726e-06,5.6263096941518294e-06,0.4084271558582816,1.1494276477326556e-05,0.40843865013475894,0.9988118909522201,2.4454392125296547,0.9994121795553222,0.6390820263811678,0.639457912815832,-0.6372530572782631,-0.043062239188502445,1.1862759127146514,0.29023875863588233,70.73151955641072,True,True,70.73151955641072,91391d10fa8b6e9e19766473ed09bdd646ebd04465924d055e1701a438809c09,bc16714d90b6851c8978bd8c94006da5846548a9e52e966b60fab360c37f3ef4
LPML_R3_014,B1_TARGETED_ACTIVE_LEARNING,1,451.0,295763e9acd16be17f83a20d2e3df34f1da61202f9f1ee98973349ed1ac0ccad,ACCEPTED,ACCEPTED,FORMAL_WEIGHTED_G0_PROSPECTIVE_ROUND3_TARGETED_ACTIVE_LEARNING,NONE,True,0.35463675970886505,0.9396811712387145,0.002978382009920356,0.0025752753527310884,0.0029091957154644115,0.0025579430192687195,-0.19866024042456332,0.6593414556992689,1.0087679349173653,1.550280253940145e-05,1.5006492200702064e-05,0.4741970463291764,3.0509294740103514e-05,0.47422755562391655,1.0087679349173653,2.1271811875001267,1.0044017162845962,0.6886019770998624,0.6855842298309531,-0.6900250525734504,0.047134319478703356,1.2177830227677187,0.31977680218759585,69.32343546303332,True,True,69.32343546303332,91391d10fa8b6e9e19766473ed09bdd646ebd04465924d055e1701a438809c09,bc16714d90b6851c8978bd8c94006da5846548a9e52e966b60fab360c37f3ef4
LPML_R3_014,B1_TARGETED_ACTIVE_LEARNING,1,451.5,295763e9acd16be17f83a20d2e3df34f1da61202f9f1ee98973349ed1ac0ccad,ACCEPTED,ACCEPTED,FORMAL_WEIGHTED_G0_PROSPECTIVE_ROUND3_TARGETED_ACTIVE_LEARNING,NONE,True,0.38141999422374256,0.9155170320933848,-0.0007030359163877425,0.0027294894351256494,-0.0006726551001179304,0.0026705753685173834,-0.15969043146525128,0.7135664018923822,0.9836526480467197,7.944372076193691e-06,7.584437682646419e-06,0.5346780438111988,1.552880975884011e-05,0.5346935726209576,0.9836526480467197,1.839656764948674,0.99181967482223,0.731190777638233,0.7372214891474994,-0.7141845015025728,0.12597289653466098,1.2322119219792012,0.35215523662701353,67.38255796578309,True,True,67.38255796578309,91391d10fa8b6e9e19766473ed09bdd646ebd04465924d055e1701a438809c09,bc16714d90b6851c8978bd8c94006da5846548a9e52e966b60fab360c37f3ef4
LPML_R3_014,B1_TARGETED_ACTIVE_LEARNING,1,452.0,295763e9acd16be17f83a20d2e3df34f1da61202f9f1ee98973349ed1ac0ccad,ACCEPTED,ACCEPTED,FORMAL_WEIGHTED_G0_PROSPECTIVE_ROUND3_TARGETED_ACTIVE_LEARNING,NONE,True,0.4262016669186273,0.8954216074214931,-0.0005407263534576922,-0.001131551027548055,-0.00048464957764417487,-0.001087994932313655,-0.10599312104198133,0.7400791720005359,0.983427715921507,1.5727927172687125e-06,1.4186181858508718e-06,0.5589517225372189,2.9914109031195842e-06,0.558954713948122,0.983427715921507,1.7594049953978586,0.9916849596809993,0.7476251538118042,0.7538938112485812,-0.707856357622903,0.2205133092260942,1.2419269019832162,0.3623969666170068,64.54654394039943,True,True,64.54654394039943,91391d10fa8b6e9e19766473ed09bdd646ebd04465924d055e1701a438809c09,bc16714d90b6851c8978bd8c94006da5846548a9e52e966b60fab360c37f3ef4
LPML_R3_014,B1_TARGETED_ACTIVE_LEARNING,1,452.5,295763e9acd16be17f83a20d2e3df34f1da61202f9f1ee98973349ed1ac0ccad,ACCEPTED,ACCEPTED,FORMAL_WEIGHTED_G0_PROSPECTIVE_ROUND3_TARGETED_ACTIVE_LEARNING,NONE,True,0.46240534080636014,0.8920289058433049,0.0030890656771226845,-0.0007717253339838741,0.003041904723846059,-0.0007188199926899157,-0.03347820674582372,0.7699874360248498,1.0095342680662496,1.013788674868995e-05,9.7698865308477e-06,0.5940014419630383,1.990777327953765e-05,0.5940213497363178,1.0095342680662496,1.6994915561778634,1.0047614509071172,0.7707204711006396,0.7670681139337291,-0.7023403935821034,0.3261873426357194,1.2663157654402661,0.3704401288870385,62.598912812282435,True,True,62.59891281228244,91391d10fa8b6e9e19766473ed09bdd646ebd04465924d055e1701a438809c09,bc16714d90b6851c8978bd8c94006da5846548a9e52e966b60fab360c37f3ef4
LPML_R3_014,B1_TARGETED_ACTIVE_LEARNING,1,453.0,295763e9acd16be17f83a20d2e3df34f1da61202f9f1ee98973349ed1ac0ccad,ACCEPTED,ACCEPTED,FORMAL_WEIGHTED_G0_PROSPECTIVE_ROUND3_TARGETED_ACTIVE_LEARNING,NONE,True,0.4811303152025529,0.8771274450300427,0.0021691325916301644,0.0025467336391730004,0.0021279499475605626,0.0024978724105037737,0.025319729953111537,0.8058782195711921,1.000838935031838,1.1190988428967545e-05,1.0767537558478934e-05,0.6500807935041328,2.1958525987446478e-05,0.6501027520301202,1.000838935031838,1.5395088421121892,1.0004667996282761,0.8062306555220495,0.8058544829489643,-0.6946740684745457,0.4099302343016138,1.2848897567736925,0.39377693175042006,61.25393054092862,True,True,61.25393054092863,91391d10fa8b6e9e19766473ed09bdd646ebd04465924d055e1701a438809c09,bc16714d90b6851c8978bd8c94006da5846548a9e52e966b60fab360c37f3ef4
LPML_R3_014,B1_TARGETED_ACTIVE_LEARNING,1,453.5,295763e9acd16be17f83a20d2e3df34f1da61202f9f1ee98973349ed1ac0ccad,ACCEPTED,ACCEPTED,FORMAL_WEIGHTED_G0_PROSPECTIVE_ROUND3_TARGETED_ACTIVE_LEARNING,NONE,True,0.5122665924371619,0.8463052016818297,-0.0011275112960049986,0.001109178295994238,-0.0010715305468720615,0.0010816843107737807,0.0727131417271659,0.8180321654399672,0.9786495561209038,2.5015582149235536e-06,2.3182186610540885e-06,0.6744638246742367,4.819776875977642e-06,0.6744686444511127,0.9786495561209038,1.4509934066947408,0.9892711545317413,0.8212556139128984,0.8301622969100206,-0.6550563717989546,0.48059046809795836,1.2857364428886724,0.4079978335594704,58.81357686873267,True,True,58.813576868732675,91391d10fa8b6e9e19766473ed09bdd646ebd04465924d055e1701a438809c09,bc16714d90b6851c8978bd8c94006da5846548a9e52e966b60fab360c37f3ef4
LPML_R3_014,B1_TARGETED_ACTIVE_LEARNING,1,454.0,295763e9acd16be17f83a20d2e3df34f1da61202f9f1ee98973349ed1ac0ccad,ACCEPTED,ACCEPTED,FORMAL_WEIGHTED_G0_PROSPECTIVE_ROUND3_TARGETED_ACTIVE_LEARNING,NONE,True,0.555339098927349,0.8303070178019204,0.0005187507545304331,-0.002004907695828771,0.0005369152845604879,-0.001942559235843326,0.13732772632060924,0.815037228217552,0.9978112586085585,4.288757214119325e-06,4.061814407554877e-06,0.6831445877969381,8.350571621674202e-06,0.6831529383685598,0.9978112586085585,1.4605971848579549,0.9989214336217537,0.8265108386634619,0.8274032479879935,-0.6004640584394775,0.5666482989830182,1.296520033388269,0.4064054068474957,56.22397515138141,True,True,56.22397515138142,91391d10fa8b6e9e19766473ed09bdd646ebd04465924d055e1701a438809c09,bc16714d90b6851c8978bd8c94006da5846548a9e52e966b60fab360c37f3ef4
LPML_R3_015,B1_TARGETED_ACTIVE_LEARNING,1,450.0,bf7f67108dc75590cc25b4e932df7669555cf85495946d3d1e5e6b31c4c34b56,ACCEPTED,ACCEPTED,FORMAL_WEIGHTED_G0_PROSPECTIVE_ROUND3_TARGETED_ACTIVE_LEARNING,NONE,True,0.3039192015384946,0.946153585839794,0.0001860726590298503,0.002717921415574332,0.0001472546876532301,0.002693222926789249,-0.2724434339005931,0.5584104599292299,0.9875734890612967,7.421719855676018e-06,7.275133676419098e-06,0.3860476664339209,1.4696853532095116e-05,0.386062363287453,0.9875734890612967,2.5580672527924526,0.9937867833924867,0.6213080407520605,0.6251924971582971,-0.611135557359765,-0.08806257217293843,1.1720221211004294,0.2810514610748791,72.1921764394055,True,True,72.1921764394055,ef66acd18b8e7184f8ebd9705dbf31b0ce48a8cb21f1e7d0c18833af7685b7e1,8126533e53458f9e71b3d09159f45152bc4c1cea408770eef6189c717b88a318
LPML_R3_015,B1_TARGETED_ACTIVE_LEARNING,1,450.5,bf7f67108dc75590cc25b4e932df7669555cf85495946d3d1e5e6b31c4c34b56,ACCEPTED,ACCEPTED,FORMAL_WEIGHTED_G0_PROSPECTIVE_ROUND3_TARGETED_ACTIVE_LEARNING,NONE,True,0.34462022906884376,0.9325298825670291,-0.0014283111802413802,0.0009222811731514713,-0.0013993025697778437,0.0008954866875789856,-0.23745166415109017,0.6112851187622069,0.9883750841639394,2.890675389952179e-06,2.7599440894180605e-06,0.43005278922824763,5.6506194793702396e-06,0.430058439847727,0.9883750841639394,2.2982343620878556,0.9941742542523266,0.6557827965062032,0.659625607584646,-0.6518734596558123,-0.010766985247891329,1.1909800686878291,0.3031925237013713,69.71800201988202,True,True,69.71800201988202,ef66acd18b8e7184f8ebd9705dbf31b0ce48a8cb21f1e7d0c18833af7685b7e1,8126533e53458f9e71b3d09159f45152bc4c1cea408770eef6189c717b88a318
LPML_R3_015,B1_TARGETED_ACTIVE_LEARNING,1,451.0,bf7f67108dc75590cc25b4e932df7669555cf85495946d3d1e5e6b31c4c34b56,ACCEPTED,ACCEPTED,FORMAL_WEIGHTED_G0_PROSPECTIVE_ROUND3_TARGETED_ACTIVE_LEARNING,NONE,True,0.3794437780396656,0.925729719742397,0.0006004932525437086,-0.0008164917504726151,0.0006215385915276613,-0.0007768598569649378,-0.17731690932744323,0.6630775915051151,1.0009530947073522,1.0272509249403573e-06,9.89821458121773e-07,0.4711131786896612,2.0170723830621303e-06,0.47111519576204425,1.0009530947073522,2.1246461666095864,1.0004785129904932,0.6863752876624618,0.6860470052583567,-0.6811121698670818,0.08745410765709577,1.213288214098116,0.320036236642133,67.71195612656015,True,True,67.71195612656015,ef66acd18b8e7184f8ebd9705dbf31b0ce48a8cb21f1e7d0c18833af7685b7e1,8126533e53458f9e71b3d09159f45152bc4c1cea408770eef6189c717b88a318
LPML_R3_015,B1_TARGETED_ACTIVE_LEARNING,1,451.5,bf7f67108dc75590cc25b4e932df7669555cf85495946d3d1e5e6b31c4c34b56,ACCEPTED,ACCEPTED,FORMAL_WEIGHTED_G0_PROSPECTIVE_ROUND3_TARGETED_ACTIVE_LEARNING,NONE,True,0.4067930273774753,0.9112829495076396,0.0021190176751291036,0.0012113901023992487,0.002077058086338414,0.0012354847300203985,-0.1216297532519155,0.7203593486892494,0.9959171811862746,5.9577018877004136e-06,5.840592812137371e-06,0.5337113881201214,1.1798294699837785e-05,0.5337231864148213,0.9959171811862746,1.8659807303410387,0.9979668218997922,0.7305495123455521,0.7320378757229947,-0.705932232192287,0.182192905820086,1.2367863063606,0.3489206990868373,65.94420854498642,True,True,65.94420854498642,ef66acd18b8e7184f8ebd9705dbf31b0ce48a8cb21f1e7d0c18833af7685b7e1,8126533e53458f9e71b3d09159f45152bc4c1cea408770eef6189c717b88a318
LPML_R3_015,B1_TARGETED_ACTIVE_LEARNING,1,452.0,bf7f67108dc75590cc25b4e932df7669555cf85495946d3d1e5e6b31c4c34b56,ACCEPTED,ACCEPTED,FORMAL_WEIGHTED_G0_PROSPECTIVE_ROUND3_TARGETED_ACTIVE_LEARNING,NONE,True,0.4410548468260452,0.8898910601513268,-0.00022592661778450548,0.0023214715274908213,-0.0002442831441505901,0.002286159623658607,-0.0756023772537615,0.756659593986138,0.9864354768459985,5.4402728895741135e-06,5.286200079362961e-06,0.5782494606176874,1.0726472968937075e-05,0.5782601870906564,0.9864354768459985,1.7058678755128454,0.9932160723701648,0.760406139850434,0.7655999142621968,-0.7066841511209305,0.2664515852813785,1.250877957251088,0.3695671947066038,63.63570090035847,True,True,63.63570090035847,ef66acd18b8e7184f8ebd9705dbf31b0ce48a8cb21f1e7d0c18833af7685b7e1,8126533e53458f9e71b3d09159f45152bc4c1cea408770eef6189c717b88a318
LPML_R3_015,B1_TARGETED_ACTIVE_LEARNING,1,452.5,bf7f67108dc75590cc25b4e932df7669555cf85495946d3d1e5e6b31c4c34b56,ACCEPTED,ACCEPTED,FORMAL_WEIGHTED_G0_PROSPECTIVE_ROUND3_TARGETED_ACTIVE_LEARNING,NONE,True,0.47864626872009836,0.8764123062400194,-0.0011755845339050377,-0.0003764604660487638,-0.0011391369965475249,-0.0003797234831701462,-0.014309608364235286,0.7735116454399754,0.997200781088622,1.523721478854377e-06,1.4418230205741841e-06,0.598525030522796,2.965544499428561e-06,0.5985279960672955,0.997200781088622,1.6660887838845584,0.9986018526377534,0.7736427580378196,0.7747259390659887,-0.684765561934904,0.35769647079639844,1.263221586720207,0.3750812823806169,61.35915736550001,True,True,61.3591573655,ef66acd18b8e7184f8ebd9705dbf31b0ce48a8cb21f1e7d0c18833af7685b7e1,8126533e53458f9e71b3d09159f45152bc4c1cea408770eef6189c717b88a318
LPML_R3_015,B1_TARGETED_ACTIVE_LEARNING,1,453.0,bf7f67108dc75590cc25b4e932df7669555cf85495946d3d1e5e6b31c4c34b56,ACCEPTED,ACCEPTED,FORMAL_WEIGHTED_G0_PROSPECTIVE_ROUND3_TARGETED_ACTIVE_LEARNING,NONE,True,0.5056201556054029,0.8644716041561712,0.001577074800585895,-0.0010447032598810049,0.001573698105134782,-0.0009999536093948291,0.0561446371472012,0.7968443094340777,1.0029628961467756,3.578569827849039e-06,3.4764329470465504e-06,0.638113073757863,7.0550027748955894e-06,0.6381201287606378,1.0029628961467756,1.5717462135142772,1.001483457650831,0.7988203233263098,0.7976370625233233,-0.6604628554532468,0.45143920931792497,1.2810476278840743,0.38884085635864707,59.67709334689533,True,True,59.67709334689533,ef66acd18b8e7184f8ebd9705dbf31b0ce48a8cb21f1e7d0c18833af7685b7e1,8126533e53458f9e71b3d09159f45152bc4c1cea408770eef6189c717b88a318
LPML_R3_015,B1_TARGETED_ACTIVE_LEARNING,1,453.5,bf7f67108dc75590cc25b4e932df7669555cf85495946d3d1e5e6b31c4c34b56,ACCEPTED,ACCEPTED,FORMAL_WEIGHTED_G0_PROSPECTIVE_ROUND3_TARGETED_ACTIVE_LEARNING,NONE,True,0.531447873684008,0.8405883438343014,0.0016396405478958196,0.0018798341718475,0.0015971364186173006,0.0018782341627889105,0.11092880303085624,0.8184769946634838,0.989025606233347,6.222197639949678e-06,6.078608309941056e-06,0.682209790135227,1.2300805949890734e-05,0.6822220909411768,0.989025606233347,1.4497120796380423,0.9945300039231736,0.8259284281771008,0.8304711018461167,-0.629048432870464,0.5282172353159058,1.292767456727823,0.40821123768461587,57.69756599960431,True,True,57.69756599960431,ef66acd18b8e7184f8ebd9705dbf31b0ce48a8cb21f1e7d0c18833af7685b7e1,8126533e53458f9e71b3d09159f45152bc4c1cea408770eef6189c717b88a318
LPML_R3_015,B1_TARGETED_ACTIVE_LEARNING,1,454.0,bf7f67108dc75590cc25b4e932df7669555cf85495946d3d1e5e6b31c4c34b56,ACCEPTED,ACCEPTED,FORMAL_WEIGHTED_G0_PROSPECTIVE_ROUND3_TARGETED_ACTIVE_LEARNING,NONE,True,0.567647297197973,0.8175351550672667,-0.0016216060931412422,0.0014999535043523104,-0.0016113523660846651,0.0014674916819600954,0.16203803917767395,0.8181242720116596,0.9905871837870236,4.87946683653158e-06,4.749988284308719e-06,0.6955836505951535,9.629455120840299e-06,0.6955932800502743,0.9905871837870236,1.4240896400198524,0.9952881480532724,0.8340155671101024,0.8379639290806284,-0.5768653104104051,0.5968826219124748,1.2985301166462402,0.41252599882890906,55.22620903023585,True,True,55.22620903023585,ef66acd18b8e7184f8ebd9705dbf31b0ce48a8cb21f1e7d0c18833af7685b7e1,8126533e53458f9e71b3d09159f45152bc4c1cea408770eef6189c717b88a318
LPML_R3_016,B1_TARGETED_ACTIVE_LEARNING,1,450.0,eaeb704846de49c19c5d8787d2fc91b8295de2dd76c168b8e3d54dd7bba29482,ACCEPTED,ACCEPTED,FORMAL_WEIGHTED_G0_PROSPECTIVE_ROUND3_TARGETED_ACTIVE_LEARNING,NONE,True,0.2888290452801393,0.9461227246038783,-0.0007294938181695523,0.0017798649606181353,-0.0006983254317628611,0.0017279157629270687,-0.281924719008651,0.542644414218547,0.9785704274093028,3.7000805087837888e-06,3.4733512924186206e-06,0.3739445074706968,7.17343180120241e-06,0.373951680902498,0.9785704274093028,2.6168365523792088,0.9892360673732605,0.6115015219275313,0.6181553039723513,-0.5948336930710316,-0.1100014117674698,1.1629798400281068,0.2764847085340877,73.02380062314134,True,True,73.02380062314134,5f31cf256d795c6bc29277b47783685f9debc794c8145d8b988ae4f3540fbe3e,97e42f61a4d665db6adb7359f23219ef3ac27f4d031b5c4eef2ae0decb22f353
LPML_R3_016,B1_TARGETED_ACTIVE_LEARNING,1,450.5,eaeb704846de49c19c5d8787d2fc91b8295de2dd76c168b8e3d54dd7bba29482,ACCEPTED,ACCEPTED,FORMAL_WEIGHTED_G0_PROSPECTIVE_ROUND3_TARGETED_ACTIVE_LEARNING,NONE,True,0.33550831225312866,0.9346973797084102,-0.00011620997938143354,-0.00019775667729186874,-6.546907194398643e-05,-0.0001551021200454439,-0.2388052899936931,0.5931905416870629,0.9862250192247107,5.261246272135353e-08,2.8342867023798153e-08,0.40890298527596286,8.095532974515168e-08,0.4089030662312926,0.9862250192247107,2.411879735494233,0.9930887199170134,0.6394551429377914,0.6439053531805566,-0.6345747817212927,-0.024190352303026633,1.18115540275444,0.29309356645747764,70.25447100661677,True,True,70.25447100661677,5f31cf256d795c6bc29277b47783685f9debc794c8145d8b988ae4f3540fbe3e,97e42f61a4d665db6adb7359f23219ef3ac27f4d031b5c4eef2ae0decb22f353
LPML_R3_016,B1_TARGETED_ACTIVE_LEARNING,1,451.0,eaeb704846de49c19c5d8787d2fc91b8295de2dd76c168b8e3d54dd7bba29482,ACCEPTED,ACCEPTED,FORMAL_WEIGHTED_G0_PROSPECTIVE_ROUND3_TARGETED_ACTIVE_LEARNING,NONE,True,0.36940700337057075,0.9328036872905106,0.0017574540319809132,0.0002613890126669106,0.0017140763215808498,0.0003114028723478085,-0.17756295512393533,0.6558867217072083,1.0065842531619973,3.1569688904689518e-06,3.035029385110602e-06,0.4617159947441735,6.191998275579554e-06,0.4617221867424491,1.0065842531619973,2.1800647273713856,1.0032889336100554,0.6794981645302983,0.6772706662728888,-0.6774094826283781,0.07665677383365001,1.2117369516130332,0.3144590081430797,68.39554526529844,True,True,68.39554526529844,5f31cf256d795c6bc29277b47783685f9debc794c8145d8b988ae4f3540fbe3e,97e42f61a4d665db6adb7359f23219ef3ac27f4d031b5c4eef2ae0decb22f353
LPML_R3_016,B1_TARGETED_ACTIVE_LEARNING,1,451.5,eaeb704846de49c19c5d8787d2fc91b8295de2dd76c168b8e3d54dd7bba29482,ACCEPTED,ACCEPTED,FORMAL_WEIGHTED_G0_PROSPECTIVE_ROUND3_TARGETED_ACTIVE_LEARNING,NONE,True,0.3928763179944421,0.9171498365983162,0.0011618204029835504,0.0017953598886094096,0.0011220590587868002,0.0017523007429996196,-0.13250395890485242,0.7160567706693908,0.9955156240131879,4.573143778416451e-06,4.329574425322539e-06,0.5302945979469353,8.902718203738991e-06,0.5303035006651391,0.9955156240131879,1.8772563687860844,0.9977690464155059,0.7282005593882904,0.7298287735066119,-0.7087871753294162,0.15979171291878327,1.2352405128874,0.3475533187965104,66.81132702907064,True,True,66.81132702907064,5f31cf256d795c6bc29277b47783685f9debc794c8145d8b988ae4f3540fbe3e,97e42f61a4d665db6adb7359f23219ef3ac27f4d031b5c4eef2ae0decb22f353
LPML_R3_016,B1_TARGETED_ACTIVE_LEARNING,1,452.0,eaeb704846de49c19c5d8787d2fc91b8295de2dd76c168b8e3d54dd7bba29482,ACCEPTED,ACCEPTED,FORMAL_WEIGHTED_G0_PROSPECTIVE_ROUND3_TARGETED_ACTIVE_LEARNING,NONE,True,0.42903870302090963,0.8920026841038265,-0.0003293355816792953,0.0009138629758091548,-0.00027992793234171107,0.0008859284548109686,-0.08703429564169367,0.744632904778812,0.9797429971382955,9.436074639148034e-07,8.632288743488561e-07,0.5620531314971771,1.8068363382636594e-06,0.5620549383335154,0.9797429971382955,1.743144540359736,0.9898227170190914,0.7496992225851342,0.7574075737955348,-0.7015549136281944,0.24184205795505356,1.241691562132807,0.364545136170207,64.31320652980878,True,True,64.31320652980878,5f31cf256d795c6bc29277b47783685f9debc794c8145d8b988ae4f3540fbe3e,97e42f61a4d665db6adb7359f23219ef3ac27f4d031b5c4eef2ae0decb22f353
LPML_R3_016,B1_TARGETED_ACTIVE_LEARNING,1,452.5,eaeb704846de49c19c5d8787d2fc91b8295de2dd76c168b8e3d54dd7bba29482,ACCEPTED,ACCEPTED,FORMAL_WEIGHTED_G0_PROSPECTIVE_ROUND3_TARGETED_ACTIVE_LEARNING,NONE,True,0.47125669052058594,0.8800065959081971,0.0005401936358479778,-0.0006092885536275198,0.0005619707193603569,-0.000553529902867228,-0.017087699874813577,0.7638719518213055,0.9964944772023482,6.630417057921729e-07,6.222064427865999e-07,0.5837923482663027,1.2852481485787727e-06,0.5837936335144512,0.9964944772023482,1.7069293325510049,0.9982467727720489,0.7640624917943484,0.7654044196632962,-0.6802650152372032,0.3449431208137308,1.2570951080633475,0.36942227784631587,61.83028477948076,True,True,61.83028477948076,5f31cf256d795c6bc29277b47783685f9debc794c8145d8b988ae4f3540fbe3e,97e42f61a4d665db6adb7359f23219ef3ac27f4d031b5c4eef2ae0decb22f353
LPML_R3_016,B1_TARGETED_ACTIVE_LEARNING,1,453.0,eaeb704846de49c19c5d8787d2fc91b8295de2dd76c168b8e3d54dd7bba29482,ACCEPTED,ACCEPTED,FORMAL_WEIGHTED_G0_PROSPECTIVE_ROUND3_TARGETED_ACTIVE_LEARNING,NONE,True,0.4974418369429327,0.8722018616539204,0.001816605971334716,0.00023577435540031685,0.0017613716127880736,0.00025199795343747806,0.05071350534847147,0.7967845561669866,1.0081844686137236,3.3556468017533824e-06,3.165932926872337e-06,0.6374374885709512,6.52157972862572e-06,0.6374440101506798,1.0081844686137236,1.5816047410586034,1.0040881099023558,0.7983956076514441,0.7951449676354453,-0.6697330942711142,0.44058551397615453,1.2828205169720368,0.3873559666573684,60.30264296418369,True,True,60.30264296418369,5f31cf256d795c6bc29277b47783685f9debc794c8145d8b988ae4f3540fbe3e,97e42f61a4d665db6adb7359f23219ef3ac27f4d031b5c4eef2ae0decb22f353
LPML_R3_016,B1_TARGETED_ACTIVE_LEARNING,1,453.5,eaeb704846de49c19c5d8787d2fc91b8295de2dd76c168b8e3d54dd7bba29482,ACCEPTED,ACCEPTED,FORMAL_WEIGHTED_G0_PROSPECTIVE_ROUND3_TARGETED_ACTIVE_LEARNING,NONE,True,0.5195300608471917,0.847374524880731,0.0007463937297846491,0.0013240933313880085,0.000741100262485599,0.001271754344933095,0.09783043512388641,0.8161028170341417,0.9879550695407312,2.3103267500880342e-06,2.1665887129124297e-06,0.6755946020075907,4.476915463000464e-06,0.6755990789230537,0.9879550695407312,1.4623392783714153,0.9939718971041185,0.8219330971745964,0.8269178430187538,-0.6407177541566538,0.5068870341579063,1.2897884122846603,0.4061178769244982,58.487305442053355,True,True,58.487305442053355,5f31cf256d795c6bc29277b47783685f9debc794c8145d8b988ae4f3540fbe3e,97e42f61a4d665db6adb7359f23219ef3ac27f4d031b5c4eef2ae0decb22f353
LPML_R3_016,B1_TARGETED_ACTIVE_LEARNING,1,454.0,eaeb704846de49c19c5d8787d2fc91b8295de2dd76c168b8e3d54dd7bba29482,ACCEPTED,ACCEPTED,FORMAL_WEIGHTED_G0_PROSPECTIVE_ROUND3_TARGETED_ACTIVE_LEARNING,NONE,True,0.5575625200916976,0.8203536834154502,-0.00038242066111542403,0.00015045934999198036,-0.0003302530548982621,0.00015731854939954413,0.15377864332971797,0.8098901774239704,0.9838561297043015,1.6888357804796726e-07,1.3381620625481132e-07,0.6795699706321588,3.026997843027786e-07,0.6795702733319431,0.9838561297043015,1.4477621642872052,0.9918953074700878,0.824360419995444,0.8310961991523524,-0.5786552849260918,0.5777173946597096,1.289738889479667,0.40853642342788765,55.7975762304857,True,True,55.7975762304857,5f31cf256d795c6bc29277b47783685f9debc794c8145d8b988ae4f3540fbe3e,97e42f61a4d665db6adb7359f23219ef3ac27f4d031b5c4eef2ae0decb22f353
LPML_R3_017,B2_TARGETED_ACTIVE_LEARNING,2,450.0,9d4e9ff170ef06a7ee8817162342d1251dde5c51dfdecbb3c24323c31158392e,ACCEPTED,ACCEPTED,FORMAL_WEIGHTED_G0_PROSPECTIVE_ROUND3_TARGETED_ACTIVE_LEARNING,NONE,True,-0.09713839677710444,0.9741544395011603,-0.0022307365891201802,-0.0005214475229498419,-0.002315028352146584,-0.0004997028288665041,-0.08835532586640606,0.014384578693103382,0.9584127401282462,5.248093249230063e-06,5.6090591884197124e-06,0.00801357971313689,1.0857152437649774e-05,0.00802443686557454,0.9584127401282462,119.4367600099032,0.9789909117980885,0.08952078870613031,0.09144189964103924,-0.005435010142506806,-0.08747134973007716,0.9830753668940243,0.008303112769869947,95.69445923659447,True,True,95.69445923659447,7b0a9122253454a15ddf83926679ecf153df11502a296562422fcf7a58dbd03b,eead850b6d942e4b2b10a44fcb276448578458c293229382024aeac70bdfa611
LPML_R3_017,B2_TARGETED_ACTIVE_LEARNING,2,450.5,9d4e9ff170ef06a7ee8817162342d1251dde5c51dfdecbb3c24323c31158392e,ACCEPTED,ACCEPTED,FORMAL_WEIGHTED_G0_PROSPECTIVE_ROUND3_TARGETED_ACTIVE_LEARNING,NONE,True,-0.045965211430470616,0.9748084361309004,-0.001093813601101902,-0.0005769929737697403,-0.0011468520246803496,-0.0005845529477780062,-0.14215314236726526,0.039539539902231115,0.9523642878138195,1.5293490857351591e-06,1.6569717152693738e-06,0.021770891100568113,3.186320801004533e-06,0.02177407742136912,0.9523642878138195,43.73844500429522,0.9758929721068357,0.14755091401843567,0.1511957952723965,-0.03201029497241149,-0.1403908268311217,0.9869844807468802,0.02235214031028554,92.6996723180468,True,True,92.6996723180468,7b0a9122253454a15ddf83926679ecf153df11502a296562422fcf7a58dbd03b,eead850b6d942e4b2b10a44fcb276448578458c293229382024aeac70bdfa611
LPML_R3_017,B2_TARGETED_ACTIVE_LEARNING,2,451.0,9d4e9ff170ef06a7ee8817162342d1251dde5c51dfdecbb3c24323c31158392e,ACCEPTED,ACCEPTED,FORMAL_WEIGHTED_G0_PROSPECTIVE_ROUND3_TARGETED_ACTIVE_LEARNING,NONE,True,-0.0008383015907641089,0.984951607321524,-0.0008673522037255483,0.0006329041305184431,-0.0008689285940095759,0.0006057726631190389,-0.19150395547011642,0.07635932689411888,0.9701303715148107,1.1528674837348715e-06,1.1219974208697912e-06,0.042504511764423235,2.2748649046046627e-06,0.04250678662932784,0.9701303715148107,22.82295248461484,0.9849533634516647,0.206165055160644,0.20931453489143934,-0.07505007395895409,-0.18868506552717512,1.0062987419966987,0.04197632516984662,90.04876496586752,True,True,90.04876496586752,7b0a9122253454a15ddf83926679ecf153df11502a296562422fcf7a58dbd03b,eead850b6d942e4b2b10a44fcb276448578458c293229382024aeac70bdfa611
LPML_R3_017,B2_TARGETED_ACTIVE_LEARNING,2,451.5,9d4e9ff170ef06a7ee8817162342d1251dde5c51dfdecbb3c24323c31158392e,ACCEPTED,ACCEPTED,FORMAL_WEIGHTED_G0_PROSPECTIVE_ROUND3_TARGETED_ACTIVE_LEARNING,NONE,True,0.03393285636371904,0.9867649074131043,-0.0018074103081860775,0.0007724953385284717,-0.0017877548590472187,0.0007901045433804165,-0.23330193727321236,0.1209241739680253,0.9748564212429932,3.863481070185511e-06,3.8203326255173175e-06,0.06905244978528316,7.683813695702828e-06,0.06906013359897886,0.9748564212429932,14.116051771689703,0.9873527013707303,0.2627759462696179,0.2661419226430526,-0.1272429533109179,-0.2261080528311496,1.0217223472362598,0.06615484090050983,88.03048971350859,True,True,88.03048971350859,7b0a9122253454a15ddf83926679ecf153df11502a296562422fcf7a58dbd03b,eead850b6d942e4b2b10a44fcb276448578458c293229382024aeac70bdfa611
LPML_R3_017,B2_TARGETED_ACTIVE_LEARNING,2,452.0,9d4e9ff170ef06a7ee8817162342d1251dde5c51dfdecbb3c24323c31158392e,ACCEPTED,ACCEPTED,FORMAL_WEIGHTED_G0_PROSPECTIVE_ROUND3_TARGETED_ACTIVE_LEARNING,NONE,True,0.07527488869734912,0.9793562113442932,-0.0016122070976382818,-0.00017713697544525738,-0.0016355062975105538,-0.00014645073353719928,-0.26420136849841497,0.17346039373485267,0.9648048975670462,2.630589233745147e-06,2.6963286665502634e-06,0.09989087131108537,5.32691790029541e-06,0.09989619822898567,0.9648048975670462,9.65807422776476,0.9822471151924481,0.3160564830724817,0.3217688076493438,-0.1897698534668813,-0.24569056527034672,1.0318435423047585,0.09382558036563071,85.60479611658485,True,True,85.60479611658485,7b0a9122253454a15ddf83926679ecf153df11502a296562422fcf7a58dbd03b,eead850b6d942e4b2b10a44fcb276448578458c293229382024aeac70bdfa611
LPML_R3_017,B2_TARGETED_ACTIVE_LEARNING,2,452.5,9d4e9ff170ef06a7ee8817162342d1251dde5c51dfdecbb3c24323c31158392e,ACCEPTED,ACCEPTED,FORMAL_WEIGHTED_G0_PROSPECTIVE_ROUND3_TARGETED_ACTIVE_LEARNING,NONE,True,0.12089336486396164,0.9782251817820211,-0.00046913418268835333,7.473449236579833e-05,-0.0004984730559302947,5.8189983252905305e-05,-0.28518584228632454,0.23371165765532945,0.9715397119405994,2.256721257158429e-07,2.518614616394602e-07,0.13595210356456228,4.775335873553031e-07,0.13595258109814962,0.9715397119405994,7.1461659947390475,0.9856673685288855,0.36871687194389624,0.3740783997893817,-0.2630999343819698,-0.25072171915827063,1.0523745972982952,0.12275713515361963,82.95485802781252,True,True,82.95485802781252,7b0a9122253454a15ddf83926679ecf153df11502a296562422fcf7a58dbd03b,eead850b6d942e4b2b10a44fcb276448578458c293229382024aeac70bdfa611
LPML_R3_017,B2_TARGETED_ACTIVE_LEARNING,2,453.0,9d4e9ff170ef06a7ee8817162342d1251dde5c51dfdecbb3c24323c31158392e,ACCEPTED,ACCEPTED,FORMAL_WEIGHTED_G0_PROSPECTIVE_ROUND3_TARGETED_ACTIVE_LEARNING,NONE,True,0.15725033867278668,0.9783119302832147,-0.0006468440248388726,0.0011293141588727823,-0.0006284206434836894,0.001110656633138388,-0.29691462915676853,0.2963628931924733,0.9818219019471759,1.693757661900292e-06,1.6284706618907544e-06,0.1759892614687147,3.3222283237910463e-06,0.17599258369703852,0.9818219019471759,5.5787686124168046,0.9908721019395389,0.4195080014041862,0.4233725024481351,-0.3366244323051303,-0.24387053054918253,1.076017883515053,0.15200413009094027,80.86858831697572,True,True,80.86858831697572,7b0a9122253454a15ddf83926679ecf153df11502a296562422fcf7a58dbd03b,eead850b6d942e4b2b10a44fcb276448578458c293229382024aeac70bdfa611
LPML_R3_017,B2_TARGETED_ACTIVE_LEARNING,2,453.5,9d4e9ff170ef06a7ee8817162342d1251dde5c51dfdecbb3c24323c31158392e,ACCEPTED,ACCEPTED,FORMAL_WEIGHTED_G0_PROSPECTIVE_ROUND3_TARGETED_ACTIVE_LEARNING,NONE,True,0.19235129520243713,0.9683135253691794,-0.0015173944251433225,0.0007581170276866239,-0.0015041213040173276,0.0007852302505725413,-0.29646376904511074,0.3581889159592086,0.9746301041789435,2.8772272691244354e-06,2.8789674436130016e-06,0.21619006587246575,5.7561947127374365e-06,0.2161958220671785,0.9746301041789435,4.508089448074981,0.9872370768828541,0.4649611599627646,0.47097214119110425,-0.40386604896590705,-0.21816944363241772,1.091249708474702,0.18155115479279116,78.76469944746174,True,True,78.76469944746174,7b0a9122253454a15ddf83926679ecf153df11502a296562422fcf7a58dbd03b,eead850b6d942e4b2b10a44fcb276448578458c293229382024aeac70bdfa611
LPML_R3_017,B2_TARGETED_ACTIVE_LEARNING,2,454.0,9d4e9ff170ef06a7ee8817162342d1251dde5c51dfdecbb3c24323c31158392e,ACCEPTED,ACCEPTED,FORMAL_WEIGHTED_G0_PROSPECTIVE_ROUND3_TARGETED_ACTIVE_LEARNING,NONE,True,0.23483406652177857,0.9584455682676433,-0.0009041141554977164,-0.00015558138153483645,-0.0009336222443039545,-0.00014153452558446315,-0.2840088529301942,0.42066238651797133,0.9737649461310409,8.416279724516372e-07,8.91682516991572e-07,0.25761787197371977,1.7333104894432092e-06,0.2576196052842092,0.9737649461310409,3.7798557491646307,0.9867958714308283,0.5075612864889544,0.5143528678864493,-0.46987777603777314,-0.17342144079855665,1.1096776790650744,0.20921133449995233,76.2328589055204,True,True,76.2328589055204,7b0a9122253454a15ddf83926679ecf153df11502a296562422fcf7a58dbd03b,eead850b6d942e4b2b10a44fcb276448578458c293229382024aeac70bdfa611
LPML_R3_018,B2_TARGETED_ACTIVE_LEARNING,2,450.0,53629d19337d7279822f89eafdf5b6ef9df19295465dce5567d247fcca237095,ACCEPTED,ACCEPTED,FORMAL_WEIGHTED_G0_PROSPECTIVE_ROUND3_TARGETED_ACTIVE_LEARNING,NONE,True,-0.1747397535833051,0.9662332434971617,-0.0015065722332576088,0.007739489433685397,-0.0018740803287702233,0.008889118461951166,-0.03941663135053442,-0.0010881342595409054,0.9641406623213998,6.216945658815075e-05,8.252860410928458e-05,0.0015548548631907201,0.00014469806069743532,0.0016995529238881554,0.9641406623213998,567.2907555686381,0.9819810063391076,0.03941469820411036,0.040137943554581626,0.008005017745257786,-0.037867622721225756,0.9827717004703013,0.0017596626202360799,100.25093712130717,True,True,100.25093712130717,daa021413e6af9d85a97941ba85c5746797adb28eae31236c17904a0faaa269f,8507067d1a5fb3582e2425430f3b7c164c605958086a248e53c1ed3edbef2588
LPML_R3_018,B2_TARGETED_ACTIVE_LEARNING,2,450.5,53629d19337d7279822f89eafdf5b6ef9df19295465dce5567d247fcca237095,ACCEPTED,ACCEPTED,FORMAL_WEIGHTED_G0_PROSPECTIVE_ROUND3_TARGETED_ACTIVE_LEARNING,NONE,True,-0.15042074297906588,0.981797963648393,-0.005057952758144193,0.006914372226362995,-0.005125583766371609,0.006935893105665125,-0.11934803288831633,0.023617231115771468,0.9865536413425054,7.339142938831842e-05,7.437822211930517e-05,0.014801726559886406,0.00014776965150762358,0.01494949621139403,0.9865536413425054,65.9924339517599,0.993338518840339,0.12158011573436199,0.12239545072338404,-0.0052128972502207445,-0.12065765549303098,1.0007512865612012,0.014927058788759329,98.71052285891227,True,True,98.71052285891227,daa021413e6af9d85a97941ba85c5746797adb28eae31236c17904a0faaa269f,8507067d1a5fb3582e2425430f3b7c164c605958086a248e53c1ed3edbef2588
LPML_R3_018,B2_TARGETED_ACTIVE_LEARNING,2,451.0,53629d19337d7279822f89eafdf5b6ef9df19295465dce5567d247fcca237095,ACCEPTED,ACCEPTED,FORMAL_WEIGHTED_G0_PROSPECTIVE_ROUND3_TARGETED_ACTIVE_LEARNING,NONE,True,-0.11003811574148362,0.9701419656698869,-0.00416856653658452,0.0025955387114236245,-0.004088328065411198,0.0026682656499780787,-0.1965606395565849,0.061307738719645934,0.9532838204697679,2.4113768172430865e-05,2.3834067949281807e-05,0.04239472384981006,4.794783612171267e-05,0.042442671685931764,0.9532838204697679,22.46050454891009,0.976392636071749,0.2058735349202546,0.21085117535147638,-0.037858164627282795,-0.19741617902517847,0.9978609583282131,0.042624829227999594,96.47110375129205,True,True,96.47110375129205,daa021413e6af9d85a97941ba85c5746797adb28eae31236c17904a0faaa269f,8507067d1a5fb3582e2425430f3b7c164c605958086a248e53c1ed3edbef2588
LPML_R3_018,B2_TARGETED_ACTIVE_LEARNING,2,451.5,53629d19337d7279822f89eafdf5b6ef9df19295465dce5567d247fcca237095,ACCEPTED,ACCEPTED,FORMAL_WEIGHTED_G0_PROSPECTIVE_ROUND3_TARGETED_ACTIVE_LEARNING,NONE,True,-0.04982644317153409,0.9740941875104523,-0.0015922908755701746,0.0030837676751223394,-0.0016667305927013775,0.0031982165947433074,-0.25420564121715117,0.10670598755478702,0.9513421605807743,1.2045013306553471e-05,1.3006580255538163e-05,0.07600667580666536,2.5051593562091636e-05,0.07603172740022744,0.9513421605807743,12.512436493425353,0.9753854641605464,0.27567568678669685,0.28263255596489106,-0.09126831067665282,-0.25292678506592864,1.0135945382553133,0.07400589823208881,92.92821675346624,True,True,92.92821675346624,daa021413e6af9d85a97941ba85c5746797adb28eae31236c17904a0faaa269f,8507067d1a5fb3582e2425430f3b7c164c605958086a248e53c1ed3edbef2588
LPML_R3_018,B2_TARGETED_ACTIVE_LEARNING,2,452.0,53629d19337d7279822f89eafdf5b6ef9df19295465dce5567d247fcca237095,ACCEPTED,ACCEPTED,FORMAL_WEIGHTED_G0_PROSPECTIVE_ROUND3_TARGETED_ACTIVE_LEARNING,NONE,True,-0.009549765342370321,0.9937993770580884,-0.0040685919520197,0.004645564373352028,-0.004166125211000144,0.004582673824575768,-0.29232455872932517,0.17084727228174254,0.9877283998591389,3.8134708818997086e-05,3.835749865618289e-05,0.11464243808240657,7.649220747517998e-05,0.11471893028988175,0.9877283998591389,8.609986140589534,0.9939024192838837,0.3385340619356698,0.3406109647862482,-0.16699194298324282,-0.29210551669096213,1.0499749188190262,0.10405842270430721,90.55055821272663,True,True,90.55055821272663,daa021413e6af9d85a97941ba85c5746797adb28eae31236c17904a0faaa269f,8507067d1a5fb3582e2425430f3b7c164c605958086a248e53c1ed3edbef2588
LPML_R3_018,B2_TARGETED_ACTIVE_LEARNING,2,452.5,53629d19337d7279822f89eafdf5b6ef9df19295465dce5567d247fcca237095,ACCEPTED,ACCEPTED,FORMAL_WEIGHTED_G0_PROSPECTIVE_ROUND3_TARGETED_ACTIVE_LEARNING,NONE,True,0.0150205187085662,0.9922053489698522,-0.006679814098924369,0.0015340429947344858,-0.006599384114108096,0.0014649990245942058,-0.32417749094772313,0.24629863097193827,0.9846970705066606,4.697320430588272e-05,4.5698092827604275e-05,0.16575406125581213,9.267129713348699e-05,0.16584673255294563,0.9846970705066606,5.937392044744093,0.9923701371066591,0.407118304720528,0.4102484441012268,-0.24928996844954385,-0.3179311976794393,1.0726340489932278,0.14414638722308037,89.13269305139625,True,True,89.13269305139625,daa021413e6af9d85a97941ba85c5746797adb28eae31236c17904a0faaa269f,8507067d1a5fb3582e2425430f3b7c164c605958086a248e53c1ed3edbef2588
LPML_R3_018,B2_TARGETED_ACTIVE_LEARNING,2,453.0,53629d19337d7279822f89eafdf5b6ef9df19295465dce5567d247fcca237095,ACCEPTED,ACCEPTED,FORMAL_WEIGHTED_G0_PROSPECTIVE_ROUND3_TARGETED_ACTIVE_LEARNING,NONE,True,0.05897157877105665,0.9770678455079362,-0.00476666943767226,-0.0004286777534912465,-0.004710284486254493,-0.00033425104490371425,-0.3432342910307728,0.3156628506498976,0.9581392218282713,2.290490214437707e-05,2.229850370246898e-05,0.2174528138198168,4.5203405846846046e-05,0.21749801722566364,0.9581392218282713,4.40527796092118,0.9788640395073441,0.46632867294784713,0.47639779798484305,-0.32868739850495426,-0.31675166503809654,1.0842680660491366,0.18500436189031388,86.54606511117373,True,True,86.54606511117373,daa021413e6af9d85a97941ba85c5746797adb28eae31236c17904a0faaa269f,8507067d1a5fb3582e2425430f3b7c164c605958086a248e53c1ed3edbef2588
LPML_R3_018,B2_TARGETED_ACTIVE_LEARNING,2,453.5,53629d19337d7279822f89eafdf5b6ef9df19295465dce5567d247fcca237095,ACCEPTED,ACCEPTED,FORMAL_WEIGHTED_G0_PROSPECTIVE_ROUND3_TARGETED_ACTIVE_LEARNING,NONE,True,0.11079627683934577,0.9807158200490863,-0.004848621808599627,0.00199835828288164,-0.0049438327910639925,0.002037143234779548,-0.338319591662846,0.38415237975057215,0.9740793346560128,2.750256926958958e-05,2.8591435225007663e-05,0.26203319697094263,5.609400449459724e-05,0.2620892909754372,0.9740793346560128,3.716593421389746,0.9869898510523251,0.5118785593782565,0.5186259603708118,-0.4142487671023736,-0.2892129654746395,1.1118312037496743,0.21201742670144108,83.55434469660429,True,True,83.55434469660429,daa021413e6af9d85a97941ba85c5746797adb28eae31236c17904a0faaa269f,8507067d1a5fb3582e2425430f3b7c164c605958086a248e53c1ed3edbef2588
LPML_R3_018,B2_TARGETED_ACTIVE_LEARNING,2,454.0,53629d19337d7279822f89eafdf5b6ef9df19295465dce5567d247fcca237095,ACCEPTED,ACCEPTED,FORMAL_WEIGHTED_G0_PROSPECTIVE_ROUND3_TARGETED_ACTIVE_LEARNING,NONE,True,0.1411702191532284,0.9883582180128359,-0.008550712511479317,0.0017738456804809598,-0.00856224005760766,0.0016729189895293658,-0.32183857189745774,0.45969348004286403,0.9967809978892787,7.626121295212991e-05,7.611061274962918e-05,0.31489816195491416,0.00015237182570175908,0.3150505337806159,0.9967809978892787,3.163876556334873,0.9984601449829524,0.5611674175774252,0.5620328667069695,-0.4998460962470739,-0.25316727534553,1.1453521430852152,0.2401608180431316,81.87125043936112,True,True,81.87125043936112,daa021413e6af9d85a97941ba85c5746797adb28eae31236c17904a0faaa269f,8507067d1a5fb3582e2425430f3b7c164c605958086a248e53c1ed3edbef2588
LPML_R3_019,B2_TARGETED_ACTIVE_LEARNING,2,450.0,b47f525a42acb4c47837ea56b8369f1ceeec3fec845af585d3a3d98f30784bc3,ACCEPTED,ACCEPTED,FORMAL_WEIGHTED_G0_PROSPECTIVE_ROUND3_TARGETED_ACTIVE_LEARNING,NONE,True,-0.19975296629166542,0.9634236903272378,-0.005074191531274485,0.011150792108224589,-0.00406860001468916,0.009034879926127325,3.4100001437815974e-05,-0.008105237533642545,0.9680864546260726,0.00015008758433690149,9.818256135906713e-05,6.569603828686592e-05,0.0002482701456959686,0.00031396618398283455,0.9680864546260726,3083.4099467189776,0.984039188405186,0.008203443966944756,0.008336501293449426,0.007882067491243329,0.0017431108132115818,0.9840733818217295,0.0003242111189089014,101.71354352312306,True,True,101.71354352312306,b36114335ba1c53489783c91d978e119701d1b2a6483c936ef12e62f4d065758,e84b85e1d827b74078eba745681b09e2148624f1f4c88124c2197cb6eb10ad3b
LPML_R3_019,B2_TARGETED_ACTIVE_LEARNING,2,450.5,b47f525a42acb4c47837ea56b8369f1ceeec3fec845af585d3a3d98f30784bc3,ACCEPTED,ACCEPTED,FORMAL_WEIGHTED_G0_PROSPECTIVE_ROUND3_TARGETED_ACTIVE_LEARNING,NONE,True,-0.1705566226340259,0.975244690827153,-0.0013361903861882271,0.0072724853756734875,-0.0015228798981640843,0.0076216609914662075,-0.0855354038274178,0.016623406194795944,0.9801917685108748,5.46744482875266e-05,6.0408879453069886e-05,0.007592642941436619,0.00011508332774059648,0.007707726269177215,0.9801917685108748,127.17002839483405,0.9901069109581585,0.08710797697654023,0.08797835467307567,-0.001569865481876509,-0.08623192136577179,0.9939313330306335,0.007802136057264875,99.91990659402455,True,True,99.91990659402455,b36114335ba1c53489783c91d978e119701d1b2a6483c936ef12e62f4d065758,e84b85e1d827b74078eba745681b09e2148624f1f4c88124c2197cb6eb10ad3b
LPML_R3_019,B2_TARGETED_ACTIVE_LEARNING,2,451.0,b47f525a42acb4c47837ea56b8369f1ceeec3fec845af585d3a3d98f30784bc3,ACCEPTED,ACCEPTED,FORMAL_WEIGHTED_G0_PROSPECTIVE_ROUND3_TARGETED_ACTIVE_LEARNING,NONE,True,-0.12748939840399248,0.9704567244625906,-0.0018705161983180157,0.007823434438516564,-0.0018907810392911244,0.007808877032134471,-0.18190663381777694,0.04709172394015775,0.9580398007600723,6.470495726193706e-05,6.455361344154008e-05,0.03530765389057081,0.00012925857070347714,0.03543691246127429,0.9580398007600723,27.035081055863007,0.9788710013195089,0.18785173940394656,0.19190653227107984,-0.022451757352200435,-0.1825068125352755,0.9967330200316165,0.03566959546174997,97.48411819297252,True,True,97.48411819297252,b36114335ba1c53489783c91d978e119701d1b2a6483c936ef12e62f4d065758,e84b85e1d827b74078eba745681b09e2148624f1f4c88124c2197cb6eb10ad3b
LPML_R3_019,B2_TARGETED_ACTIVE_LEARNING,2,451.5,b47f525a42acb4c47837ea56b8369f1ceeec3fec845af585d3a3d98f30784bc3,ACCEPTED,ACCEPTED,FORMAL_WEIGHTED_G0_PROSPECTIVE_ROUND3_TARGETED_ACTIVE_LEARNING,NONE,True,-0.07424837021012677,0.9766344094453109,-0.0038466638027878893,0.005659192901259394,-0.00377585894761781,0.005710846663205809,-0.24714102095548784,0.08380313035017152,0.9593275901914512,4.6823286705343306e-05,4.687088040295441e-05,0.0681016488954087,9.369416710829771e-05,0.068195343062517,0.9593275901914512,14.067347521252337,0.9795177640829908,0.2608982236425276,0.2663537438616812,-0.06347740837823805,-0.247545334876286,1.0136680587125,0.0663686822507753,94.3475333099571,True,True,94.3475333099571,b36114335ba1c53489783c91d978e119701d1b2a6483c936ef12e62f4d065758,e84b85e1d827b74078eba745681b09e2148624f1f4c88124c2197cb6eb10ad3b
LPML_R3_019,B2_TARGETED_ACTIVE_LEARNING,2,452.0,b47f525a42acb4c47837ea56b8369f1ceeec3fec845af585d3a3d98f30784bc3,ACCEPTED,ACCEPTED,FORMAL_WEIGHTED_G0_PROSPECTIVE_ROUND3_TARGETED_ACTIVE_LEARNING,NONE,True,-0.03431029142651531,0.990389787540642,-0.003496831865352659,0.0027294244483095967,-0.0035575855790936275,0.00283478370814986,-0.286510877418145,0.15081618198128235,0.9820491273625703,1.9677590913575902e-05,2.069241382456681e-05,0.1048340036263266,4.037000473814271e-05,0.10487437363106474,0.9820491273625703,9.364052373912616,0.991012487699042,0.32375569526757536,0.32669184221813347,-0.13954123767970789,-0.28891237124679314,1.0425562339718828,0.09648735493821925,91.98411680847767,True,True,91.98411680847767,b36114335ba1c53489783c91d978e119701d1b2a6483c936ef12e62f4d065758,e84b85e1d827b74078eba745681b09e2148624f1f4c88124c2197cb6eb10ad3b
LPML_R3_019,B2_TARGETED_ACTIVE_LEARNING,2,452.5,b47f525a42acb4c47837ea56b8369f1ceeec3fec845af585d3a3d98f30784bc3,ACCEPTED,ACCEPTED,FORMAL_WEIGHTED_G0_PROSPECTIVE_ROUND3_TARGETED_ACTIVE_LEARNING,NONE,True,-0.003277124517788699,0.9910049405538911,-0.0026507083090192367,0.002493390046134619,-0.002749108580878919,0.0024569176141403543,-0.32809602561842244,0.23291440173818295,0.9821015317473263,1.3243248461666816e-05,1.3594042152135232e-05,0.16189612056366023,2.6837290613802046e-05,0.16192295785427405,0.9821015317473263,6.065239572952892,0.9910316028060102,0.4023441957346356,0.4059852325550839,-0.22974527234998443,-0.3258947046885292,1.0695908047480591,0.14153801717187264,90.1894690043406,True,True,90.1894690043406,b36114335ba1c53489783c91d978e119701d1b2a6483c936ef12e62f4d065758,e84b85e1d827b74078eba745681b09e2148624f1f4c88124c2197cb6eb10ad3b
LPML_R3_019,B2_TARGETED_ACTIVE_LEARNING,2,453.0,b47f525a42acb4c47837ea56b8369f1ceeec3fec845af585d3a3d98f30784bc3,ACCEPTED,ACCEPTED,FORMAL_WEIGHTED_G0_PROSPECTIVE_ROUND3_TARGETED_ACTIVE_LEARNING,NONE,True,0.03775431466409769,0.9830325990406209,-0.004316076761772597,0.0029947676323497196,-0.0042741551436741645,0.0029304634996734436,-0.3572499150340509,0.3005147993911796,0.9677784790523138,2.7597151785282965e-05,2.685601851511464e-05,0.21793664644495747,5.4453170300397606e-05,0.21799109961525787,0.9677784790523138,4.439532076127827,0.9838007180655917,0.46680373370528877,0.4744901331472358,-0.308913241526055,-0.3398171339786391,1.0889304746711663,0.18383934242958955,87.80058132056809,True,True,87.80058132056809,b36114335ba1c53489783c91d978e119701d1b2a6483c936ef12e62f4d065758,e84b85e1d827b74078eba745681b09e2148624f1f4c88124c2197cb6eb10ad3b
LPML_R3_019,B2_TARGETED_ACTIVE_LEARNING,2,453.5,b47f525a42acb4c47837ea56b8369f1ceeec3fec845af585d3a3d98f30784bc3,ACCEPTED,ACCEPTED,FORMAL_WEIGHTED_G0_PROSPECTIVE_ROUND3_TARGETED_ACTIVE_LEARNING,NONE,True,0.083595273021666,0.983636602177007,-0.006395382515515094,0.0014314650242819263,-0.006353545747182099,0.0014995057859144112,-0.3516545170577744,0.3672900448616586,0.9745291348138946,4.295000963549864e-05,4.261606116352653e-05,0.2585628764216157,8.556607079902517e-05,0.2586484424924147,0.9745291348138946,3.767774997688124,0.9872284683158901,0.5084855245264812,0.5150636765914025,-0.39071507396920585,-0.3151778579289528,1.1104852890994592,0.20974144134001638,85.14233735812917,True,True,85.14233735812917,b36114335ba1c53489783c91d978e119701d1b2a6483c936ef12e62f4d065758,e84b85e1d827b74078eba745681b09e2148624f1f4c88124c2197cb6eb10ad3b
LPML_R3_019,B2_TARGETED_ACTIVE_LEARNING,2,454.0,b47f525a42acb4c47837ea56b8369f1ceeec3fec845af585d3a3d98f30784bc3,ACCEPTED,ACCEPTED,FORMAL_WEIGHTED_G0_PROSPECTIVE_ROUND3_TARGETED_ACTIVE_LEARNING,NONE,True,0.11887508602818488,0.9872299551441998,-0.006284492481383343,-9.619055174223581e-05,-0.0063747132787739975,-5.2960470355778585e-05,-0.33440316248029733,0.449914061791759,0.9887542704122267,3.9504098370808244e-05,4.063977419799782e-05,0.31424813807478286,8.014387256880606e-05,0.3143282819473517,0.9887542704122267,3.14561026544165,0.9943910192923304,0.5605970505722794,0.5637591648517045,-0.48396090049274,-0.2766501923115822,1.1415264133429321,0.24121900901687043,83.13391390228531,True,True,83.13391390228531,b36114335ba1c53489783c91d978e119701d1b2a6483c936ef12e62f4d065758,e84b85e1d827b74078eba745681b09e2148624f1f4c88124c2197cb6eb10ad3b
LPML_R3_020,B2_TARGETED_ACTIVE_LEARNING,2,450.0,71cebcf77410c3b3ea22b03d253ebcf12ba919ab1b1d45e1190cd9831ebf8719,ACCEPTED,ACCEPTED,FORMAL_WEIGHTED_G0_PROSPECTIVE_ROUND3_TARGETED_ACTIVE_LEARNING,NONE,True,-0.179931126077687,0.9605637793436385,0.002132099832227576,0.0038097139773165794,0.002516233460164487,0.004295005451943865,-0.036781976492734965,-0.0022724771330484444,0.9550579843185188,1.9059770283546168e-05,2.4778502658278874e-05,0.0013580779470323354,4.383827294182504e-05,0.0014019162199741606,0.9550579843185188,681.2518256876449,0.9772923354383977,0.03687264069544831,0.037729386958619535,0.008812079554458485,-0.034941288492242054,0.9779876791342991,0.0014657344434250152,100.60959509870497,True,True,100.60959509870497,fa92988e46258932c65efdb3343231fbeb8b74d48f10dd132c1baeec6c0c5bc3,484524ae9176cd4f365946995af607d6ed419f5227b22682a3199940420c7603
LPML_R3_020,B2_TARGETED_ACTIVE_LEARNING,2,450.5,71cebcf77410c3b3ea22b03d253ebcf12ba919ab1b1d45e1190cd9831ebf8719,ACCEPTED,ACCEPTED,FORMAL_WEIGHTED_G0_PROSPECTIVE_ROUND3_TARGETED_ACTIVE_LEARNING,NONE,True,-0.13966165516173384,0.9709230586003073,0.002160058465463207,-0.0018417535209727394,0.0024501681557937602,-0.0019091110028346251,-0.11259181249337909,0.014555980475582837,0.9621969636442907,8.057908606234746e-06,9.648028812810026e-06,0.012888792808149785,1.7705937419044774e-05,0.01290649874556883,0.9621969636442907,74.55135452398665,0.9809265731182166,0.11351881139446397,0.11572610479253805,0.0015902454116503313,-0.11134226288793456,0.9874732717344098,0.013236030065913784,98.18551806561987,True,True,98.18551806561987,fa92988e46258932c65efdb3343231fbeb8b74d48f10dd132c1baeec6c0c5bc3,484524ae9176cd4f365946995af607d6ed419f5227b22682a3199940420c7603
LPML_R3_020,B2_TARGETED_ACTIVE_LEARNING,2,451.0,71cebcf77410c3b3ea22b03d253ebcf12ba919ab1b1d45e1190cd9831ebf8719,ACCEPTED,ACCEPTED,FORMAL_WEIGHTED_G0_PROSPECTIVE_ROUND3_TARGETED_ACTIVE_LEARNING,NONE,True,-0.09771313846970467,0.9752059254155341,0.0074750515946264105,-0.0018898816454630337,0.007595780682477253,-0.0017553828741668264,-0.18925984075550636,0.058720484547672785,0.9605744543951678,5.9448048976184894e-05,6.077725321121279e-05,0.0392673826283131,0.00012022530218739769,0.0393876079305005,0.9605744543951678,24.38773271253494,0.9801564414736915,0.1981297871681547,0.20214098360692426,-0.03882485283429311,-0.19027760428153762,0.9999810309829225,0.03938910226143455,95.72179346626382,True,True,95.72179346626382,fa92988e46258932c65efdb3343231fbeb8b74d48f10dd132c1baeec6c0c5bc3,484524ae9176cd4f365946995af607d6ed419f5227b22682a3199940420c7603
LPML_R3_020,B2_TARGETED_ACTIVE_LEARNING,2,451.5,71cebcf77410c3b3ea22b03d253ebcf12ba919ab1b1d45e1190cd9831ebf8719,ACCEPTED,ACCEPTED,FORMAL_WEIGHTED_G0_PROSPECTIVE_ROUND3_TARGETED_ACTIVE_LEARNING,NONE,True,-0.0537586482939501,0.9784369048731365,0.006411791497772806,0.002915072713554311,0.0063426428271990114,0.0029002164827119383,-0.2582536219981633,0.10832051268258318,0.9602287690841156,4.960871913622054e-05,4.8640373680013075e-05,0.07842826674298789,9.824909281623361e-05,0.07852651583580411,0.9602287690841156,12.22808320048118,0.9799526941945826,0.28008570484888806,0.28581553630921835,-0.0921336348892007,-0.25854512377290617,1.0191934482324345,0.07559674253966198,93.14486281515428,True,True,93.14486281515428,fa92988e46258932c65efdb3343231fbeb8b74d48f10dd132c1baeec6c0c5bc3,484524ae9176cd4f365946995af607d6ed419f5227b22682a3199940420c7603
LPML_R3_020,B2_TARGETED_ACTIVE_LEARNING,2,452.0,71cebcf77410c3b3ea22b03d253ebcf12ba919ab1b1d45e1190cd9831ebf8719,ACCEPTED,ACCEPTED,FORMAL_WEIGHTED_G0_PROSPECTIVE_ROUND3_TARGETED_ACTIVE_LEARNING,NONE,True,-0.010573201461665498,0.9831042530791965,0.00150554967843737,0.0012113916116027969,0.0016008389918627667,0.001089263081555678,-0.3008477416358482,0.1647808921089802,0.9666057650115536,3.7341494709044894e-06,3.74917953870837e-06,0.11766210605162143,7.483329009612859e-06,0.11766958938063105,0.9666057650115536,8.214575831354617,0.9831639582768379,0.34302184411142794,0.3488958695278375,-0.1588169626953893,-0.29751053508338327,1.0412854336790585,0.10852371485155943,90.61618741060914,True,True,90.61618741060914,fa92988e46258932c65efdb3343231fbeb8b74d48f10dd132c1baeec6c0c5bc3,484524ae9176cd4f365946995af607d6ed419f5227b22682a3199940420c7603
LPML_R3_020,B2_TARGETED_ACTIVE_LEARNING,2,452.5,71cebcf77410c3b3ea22b03d253ebcf12ba919ab1b1d45e1190cd9831ebf8719,ACCEPTED,ACCEPTED,FORMAL_WEIGHTED_G0_PROSPECTIVE_ROUND3_TARGETED_ACTIVE_LEARNING,NONE,True,0.02829665532729492,0.98638299182144,0.00331301020660682,-0.0032545095353166127,0.003473487156563394,-0.003195579449943071,-0.32540686944338826,0.23938767338543138,0.9737521072573267,2.156786894454772e-05,2.2276841047709316e-05,0.16319608884983627,4.384470999225704e-05,0.16323993355982855,0.9737521072573267,5.965158684044918,0.9868237321138661,0.4039442567409714,0.40933780126637825,-0.24533696315948061,-0.3141800394730219,1.0662982888559633,0.14357174694249264,88.35679000151856,True,True,88.35679000151856,fa92988e46258932c65efdb3343231fbeb8b74d48f10dd132c1baeec6c0c5bc3,484524ae9176cd4f365946995af607d6ed419f5227b22682a3199940420c7603
LPML_R3_020,B2_TARGETED_ACTIVE_LEARNING,2,453.0,71cebcf77410c3b3ea22b03d253ebcf12ba919ab1b1d45e1190cd9831ebf8719,ACCEPTED,ACCEPTED,FORMAL_WEIGHTED_G0_PROSPECTIVE_ROUND3_TARGETED_ACTIVE_LEARNING,NONE,True,0.06538102151254997,0.9835686237388392,0.006927510759673511,-0.0010110785645037366,0.00688692381637513,-0.0009149968077526718,-0.34548622013709,0.3183575155678407,0.9716819155775386,4.9012685188991195e-05,4.8266938810752575e-05,0.22071223602314174,9.727962399974378e-05,0.2208095156471415,0.9716819155775386,4.400543666470914,0.9857876317195495,0.46980227369973665,0.47657554079902725,-0.3357614895402299,-0.3189815646156714,1.092012560012329,0.1851665428072483,86.19695715805545,True,True,86.19695715805545,fa92988e46258932c65efdb3343231fbeb8b74d48f10dd132c1baeec6c0c5bc3,484524ae9176cd4f365946995af607d6ed419f5227b22682a3199940420c7603
LPML_R3_020,B2_TARGETED_ACTIVE_LEARNING,2,453.5,71cebcf77410c3b3ea22b03d253ebcf12ba919ab1b1d45e1190cd9831ebf8719,ACCEPTED,ACCEPTED,FORMAL_WEIGHTED_G0_PROSPECTIVE_ROUND3_TARGETED_ACTIVE_LEARNING,NONE,True,0.1065736901185295,0.9782587722977448,0.004075817083071938,0.001969220543707036,0.004033406284494342,0.0018722891600680602,-0.3498530613700004,0.38637674980073133,0.9683481770029714,2.0490114444418872e-05,1.977383295470681e-05,0.2716841573365381,4.026394739912568e-05,0.27172442128393726,0.9683481770029714,3.5637141940624475,0.984060709259801,0.5212457374195072,0.5296885979845514,-0.41527432912988116,-0.30108480407281596,1.1135854696820127,0.21911976900329044,83.78258968660106,True,True,83.78258968660106,fa92988e46258932c65efdb3343231fbeb8b74d48f10dd132c1baeec6c0c5bc3,484524ae9176cd4f365946995af607d6ed419f5227b22682a3199940420c7603
LPML_R3_020,B2_TARGETED_ACTIVE_LEARNING,2,454.0,71cebcf77410c3b3ea22b03d253ebcf12ba919ab1b1d45e1190cd9831ebf8719,ACCEPTED,ACCEPTED,FORMAL_WEIGHTED_G0_PROSPECTIVE_ROUND3_TARGETED_ACTIVE_LEARNING,NONE,True,0.1479754115958297,0.9768834973205448,0.0016143891551410141,-0.0011810631832422658,0.00175537262675838,-0.0012430577587100923,-0.33097800340886996,0.454069712720882,0.976198089774174,4.001162587047271e-06,4.626525650261972e-06,0.3157257427509461,8.627688237309242e-06,0.3157343704391834,0.976198089774174,3.091833456130519,0.9880343967312355,0.5618901058830821,0.5686948832368708,-0.49255118099848216,-0.25613171688820824,1.136632068971027,0.24438922324704282,81.38648696881671,True,True,81.38648696881671,fa92988e46258932c65efdb3343231fbeb8b74d48f10dd132c1baeec6c0c5bc3,484524ae9176cd4f365946995af607d6ed419f5227b22682a3199940420c7603
LPML_R3_021,B2_TARGETED_ACTIVE_LEARNING,2,450.0,819dceb29188e726e8d4a24c8a722c8731527d82ca913ae941d417e4fb34acc2,ACCEPTED,ACCEPTED,FORMAL_WEIGHTED_G0_PROSPECTIVE_ROUND3_TARGETED_ACTIVE_LEARNING,NONE,True,-0.21874678355876664,0.9571165316283253,-0.014541053582667484,0.0008196090602105025,-0.008425386726771022,0.0005619361956674178,0.00024696435475289174,-0.009825783029971362,0.9639222104335408,0.00021211399830558603,7.130291378365046e-05,9.660700354459174e-05,0.0002834169120892365,0.0003800239156338282,0.9639222104335408,2536.477760421603,0.9819409009217285,0.009710893172054489,0.00988948842332473,0.00922834328407134,0.0024008087680377414,0.9819889176305274,0.00039409212391816606,102.87370960101975,True,True,102.87370960101975,97c99ae0e446d065591300aa4bcbd3896fedc97fa293d16c8c698f03c412d0a1,e338b1edebc37484a3bdc8eb4cfc0cf995cf6b67f60845b9c2627bce4dd7d7a5
LPML_R3_021,B2_TARGETED_ACTIVE_LEARNING,2,450.5,819dceb29188e726e8d4a24c8a722c8731527d82ca913ae941d417e4fb34acc2,ACCEPTED,ACCEPTED,FORMAL_WEIGHTED_G0_PROSPECTIVE_ROUND3_TARGETED_ACTIVE_LEARNING,NONE,True,-0.1652076289232837,0.9605495348288857,-0.004720374914119277,-0.0017700487900315243,-0.004870678197309492,-0.0017022034609292002,-0.08746931640816646,0.012082573024732623,0.949948969514442,2.541501204893864e-05,2.6621002724145397e-05,0.0077968698838099355,5.2036014773084036e-05,0.007848905898583019,0.949948969514442,121.02947618290831,0.9746786726367573,0.08831398824690076,0.09060831095030389,0.0028247100248897693,-0.0860314008049389,0.9786714849289445,0.008194741395932237,99.75898203314375,True,True,99.75898203314375,97c99ae0e446d065591300aa4bcbd3896fedc97fa293d16c8c698f03c412d0a1,e338b1edebc37484a3bdc8eb4cfc0cf995cf6b67f60845b9c2627bce4dd7d7a5
LPML_R3_021,B2_TARGETED_ACTIVE_LEARNING,2,451.0,819dceb29188e726e8d4a24c8a722c8731527d82ca913ae941d417e4fb34acc2,ACCEPTED,ACCEPTED,FORMAL_WEIGHTED_G0_PROSPECTIVE_ROUND3_TARGETED_ACTIVE_LEARNING,NONE,True,-0.11559438073756817,0.9767527765087731,-0.0019418666323243149,0.0019401890837726097,-0.0020257614480376196,0.0018965286766617969,-0.1802464623501313,0.04614862609076923,0.9674080472756992,7.5351796985249725e-06,7.70053046575602e-06,0.034618482879802924,1.5235710164280993e-05,0.0346337185899672,0.9674080472756992,27.932549164845984,0.9835785662599681,0.1860509872579346,0.1891572200128238,-0.024240574605048703,-0.1813831412452246,1.001020362363157,0.03456314873267463,96.74930993584246,True,True,96.74930993584246,97c99ae0e446d065591300aa4bcbd3896fedc97fa293d16c8c698f03c412d0a1,e338b1edebc37484a3bdc8eb4cfc0cf995cf6b67f60845b9c2627bce4dd7d7a5
LPML_R3_021,B2_TARGETED_ACTIVE_LEARNING,2,451.5,819dceb29188e726e8d4a24c8a722c8731527d82ca913ae941d417e4fb34acc2,ACCEPTED,ACCEPTED,FORMAL_WEIGHTED_G0_PROSPECTIVE_ROUND3_TARGETED_ACTIVE_LEARNING,NONE,True,-0.0809582635536364,0.9869791371674562,-0.005095877523884056,0.004234224660783239,-0.005023786915203485,0.004193286881943439,-0.2512583308378567,0.08734000019134666,0.9806820576414362,4.389662621641163e-05,4.282208984364867e-05,0.0707590244488503,8.67187160600603e-05,0.07084574316491035,0.9806820576414362,13.842497993967894,0.9903526054575797,0.2659502165250677,0.268540936894076,-0.0658691651451435,-0.25501498501192904,1.0254402960710811,0.06737410376652253,94.68926362497422,True,True,94.68926362497422,97c99ae0e446d065591300aa4bcbd3896fedc97fa293d16c8c698f03c412d0a1,e338b1edebc37484a3bdc8eb4cfc0cf995cf6b67f60845b9c2627bce4dd7d7a5
LPML_R3_021,B2_TARGETED_ACTIVE_LEARNING,2,452.0,819dceb29188e726e8d4a24c8a722c8731527d82ca913ae941d417e4fb34acc2,ACCEPTED,ACCEPTED,FORMAL_WEIGHTED_G0_PROSPECTIVE_ROUND3_TARGETED_ACTIVE_LEARNING,NONE,True,-0.04247975352701645,0.9836741236297039,-0.006429594679665612,0.0007161191138440331,-0.006381677943019852,0.0008092578227314135,-0.2953853413150498,0.15159449233177671,0.969419310958382,4.185251432999711e-05,4.1380711592078075e-05,0.11023338996913756,8.323322592207518e-05,0.11031662319505964,0.969419310958382,8.787608638493895,0.9846355250644908,0.3320072543400461,0.3371879704607454,-0.1366121349745483,-0.2969928401801047,1.0391034280346887,0.1021700025956368,92.47276938932146,True,True,92.47276938932146,97c99ae0e446d065591300aa4bcbd3896fedc97fa293d16c8c698f03c412d0a1,e338b1edebc37484a3bdc8eb4cfc0cf995cf6b67f60845b9c2627bce4dd7d7a5
LPML_R3_021,B2_TARGETED_ACTIVE_LEARNING,2,452.5,819dceb29188e726e8d4a24c8a722c8731527d82ca913ae941d417e4fb34acc2,ACCEPTED,ACCEPTED,FORMAL_WEIGHTED_G0_PROSPECTIVE_ROUND3_TARGETED_ACTIVE_LEARNING,NONE,True,0.004249348351456709,0.984526660604897,-0.0023822764693192883,-0.00046296844528905836,-0.002468520358762391,-0.00042169943005518216,-0.3328020349936731,0.23215900466982017,0.9693108024032421,5.889580957605743e-06,6.271423170933269e-06,0.16465499794521163,1.2161004128539012e-05,0.16466715894934017,0.9693108024032421,5.886485250537725,0.98454073471537,0.405780116613298,0.4121516787526407,-0.22998660684013178,-0.32666809912272754,1.0648840130984136,0.1452119569880611,89.7527053109763,True,True,89.7527053109763,97c99ae0e446d065591300aa4bcbd3896fedc97fa293d16c8c698f03c412d0a1,e338b1edebc37484a3bdc8eb4cfc0cf995cf6b67f60845b9c2627bce4dd7d7a5
LPML_R3_021,B2_TARGETED_ACTIVE_LEARNING,2,453.0,819dceb29188e726e8d4a24c8a722c8731527d82ca913ae941d417e4fb34acc2,ACCEPTED,ACCEPTED,FORMAL_WEIGHTED_G0_PROSPECTIVE_ROUND3_TARGETED_ACTIVE_LEARNING,NONE,True,0.04300023793290331,0.9907390497583523,-0.001386682248585582,0.0034078790826790003,-0.0014050781501815665,0.003324728161165932,-0.3596071857247835,0.3047933574467708,0.983412885178369,1.3536527500703432e-05,1.3028061953767457e-05,0.2222163187685739,2.656458945447089e-05,0.22224288335802836,0.983412885178369,4.424946573403265,0.9916972835590551,0.47137274668566614,0.4753191871152243,-0.3174244940033916,-0.3431612959027077,1.098023573761692,0.18433361259310344,87.51479778626572,True,True,87.51479778626573,97c99ae0e446d065591300aa4bcbd3896fedc97fa293d16c8c698f03c412d0a1,e338b1edebc37484a3bdc8eb4cfc0cf995cf6b67f60845b9c2627bce4dd7d7a5
LPML_R3_021,B2_TARGETED_ACTIVE_LEARNING,2,453.5,819dceb29188e726e8d4a24c8a722c8731527d82ca913ae941d417e4fb34acc2,ACCEPTED,ACCEPTED,FORMAL_WEIGHTED_G0_PROSPECTIVE_ROUND3_TARGETED_ACTIVE_LEARNING,NONE,True,0.07621077622586589,0.9875191341306869,-0.005168223536771591,0.00367345386055902,-0.005075482164881192,0.003671252691615095,-0.3583262441750945,0.3737424918349952,0.9810021226871706,4.020479779169582e-05,3.9238615531718165e-05,0.2680811474676609,7.944341332341399e-05,0.2681605908809843,0.9810021226871706,3.658263578045893,0.9905208695003757,0.5177172207415696,0.5226716939368568,-0.39639892818443473,-0.325333198568633,1.1176594801495467,0.21467226644557824,85.58700412265603,True,True,85.58700412265603,97c99ae0e446d065591300aa4bcbd3896fedc97fa293d16c8c698f03c412d0a1,e338b1edebc37484a3bdc8eb4cfc0cf995cf6b67f60845b9c2627bce4dd7d7a5
LPML_R3_021,B2_TARGETED_ACTIVE_LEARNING,2,454.0,819dceb29188e726e8d4a24c8a722c8731527d82ca913ae941d417e4fb34acc2,ACCEPTED,ACCEPTED,FORMAL_WEIGHTED_G0_PROSPECTIVE_ROUND3_TARGETED_ACTIVE_LEARNING,NONE,True,0.11696035233467224,0.9800338751754151,-0.004840788455032393,-0.0003308759253495448,-0.0048465328955261955,-0.00024046214727107716,-0.34143952953279466,0.4525117671903533,0.9741461205095918,2.3542711744350827e-05,2.3546703151687756e-05,0.3213478517733126,4.708941489603858e-05,0.32139494118820866,0.9741461205095918,3.0309939444228293,0.9870052545545448,0.5668877218457977,0.5743512704009316,-0.4834351299145298,-0.2816991371673694,1.1382183717098404,0.24807777282413757,83.19432865033997,True,True,83.19432865033997,97c99ae0e446d065591300aa4bcbd3896fedc97fa293d16c8c698f03c412d0a1,e338b1edebc37484a3bdc8eb4cfc0cf995cf6b67f60845b9c2627bce4dd7d7a5
LPML_R3_022,B2_TARGETED_ACTIVE_LEARNING,2,450.0,972d20feb07533826c6288d46712914e8322056ac6ae81fd96a8775dca29c84c,ACCEPTED,ACCEPTED,FORMAL_WEIGHTED_G0_PROSPECTIVE_ROUND3_TARGETED_ACTIVE_LEARNING,NONE,True,-0.1784771700370534,0.9517968108072852,-0.00035570697815832133,0.007753160421728948,-0.0005096860265094604,0.00944957202211686,-0.027256373231172144,-0.0001761201209118757,0.9377712692873541,6.0238023979374714e-05,8.955419124679274e-05,0.0007429409000139475,0.00014979221522616745,0.0008927331152401149,0.9377712692873541,1050.4497405533405,0.9684631092715802,0.0272618484813054,0.028149599319080027,0.005105353678104074,-0.025903782738598658,0.9688467383454383,0.0009510678080283386,100.62054315492543,True,True,100.62054315492543,1cc23807d1415e973806cac7c05cbab7b746e6b7d1451d4a7cb0f4be09a883b9,0e6adb42f881655fd7a3e1bdb7a7ee32ce7e60c9e43b7db3790816aca4102ce7
LPML_R3_022,B2_TARGETED_ACTIVE_LEARNING,2,450.5,972d20feb07533826c6288d46712914e8322056ac6ae81fd96a8775dca29c84c,ACCEPTED,ACCEPTED,FORMAL_WEIGHTED_G0_PROSPECTIVE_ROUND3_TARGETED_ACTIVE_LEARNING,NONE,True,-0.1296099594222365,0.971129801365606,-0.006112455494279666,0.007860352343471738,-0.006071873720913947,0.007918282918227484,-0.111185200793212,0.012189735311835365,0.9598918326818352,9.914725113307135e-05,9.956685485581857e-05,0.012510738522399473,0.00019871410598888993,0.012709452628388363,0.9598918326818352,75.52582009218719,0.9798547088792546,0.11174092713672394,0.11403826110559982,0.0025980205668860185,-0.10945904584148153,0.9862054985195648,0.013067484919408012,97.60194646391892,True,True,97.60194646391892,1cc23807d1415e973806cac7c05cbab7b746e6b7d1451d4a7cb0f4be09a883b9,0e6adb42f881655fd7a3e1bdb7a7ee32ce7e60c9e43b7db3790816aca4102ce7
LPML_R3_022,B2_TARGETED_ACTIVE_LEARNING,2,451.0,972d20feb07533826c6288d46712914e8322056ac6ae81fd96a8775dca29c84c,ACCEPTED,ACCEPTED,FORMAL_WEIGHTED_G0_PROSPECTIVE_ROUND3_TARGETED_ACTIVE_LEARNING,NONE,True,-0.0940948828539844,0.9809508588345403,-0.00540529277335918,0.0009460780186590841,-0.005415704645405108,0.0010830441273002797,-0.18466324426857977,0.05332894695267729,0.9711184344275272,3.0112253583118878e-05,3.05028413879421e-05,0.03694449036687864,6.061509497106098e-05,0.0370051054618497,0.9711184344275272,26.24282304582806,0.9854865335514027,0.19219737791712097,0.1950279089299154,-0.03496545880202209,-0.18615257122695925,1.0040535542934834,0.03670691537062065,95.479168782665,True,True,95.479168782665,1cc23807d1415e973806cac7c05cbab7b746e6b7d1451d4a7cb0f4be09a883b9,0e6adb42f881655fd7a3e1bdb7a7ee32ce7e60c9e43b7db3790816aca4102ce7
LPML_R3_022,B2_TARGETED_ACTIVE_LEARNING,2,451.5,972d20feb07533826c6288d46712914e8322056ac6ae81fd96a8775dca29c84c,ACCEPTED,ACCEPTED,FORMAL_WEIGHTED_G0_PROSPECTIVE_ROUND3_TARGETED_ACTIVE_LEARNING,NONE,True,-0.05334931978793555,0.9788010148616157,-0.00015114408287443776,0.0011754398939852518,-0.0002792985018839892,0.0011998420101796568,-0.2534212920416145,0.10669600484560812,0.9608975766159645,1.4045034781600147e-06,1.5176285025466005e-06,0.07560638871005528,2.922131980706615e-06,0.07560931084203598,0.9608975766159645,12.708720208063859,0.9802557428790797,0.2749646632034455,0.28050298628789977,-0.09091293614651189,-0.253740667472856,1.0180898228830304,0.0729462695877161,93.11980606205361,True,True,93.11980606205361,1cc23807d1415e973806cac7c05cbab7b746e6b7d1451d4a7cb0f4be09a883b9,0e6adb42f881655fd7a3e1bdb7a7ee32ce7e60c9e43b7db3790816aca4102ce7
LPML_R3_022,B2_TARGETED_ACTIVE_LEARNING,2,452.0,972d20feb07533826c6288d46712914e8322056ac6ae81fd96a8775dca29c84c,ACCEPTED,ACCEPTED,FORMAL_WEIGHTED_G0_PROSPECTIVE_ROUND3_TARGETED_ACTIVE_LEARNING,NONE,True,-0.005826513156928611,0.9806887613478827,-0.002504895929181861,0.0055651144392822585,-0.0025080457573041933,0.005455728555259893,-0.30252343106037816,0.16470395341934707,0.9617843948896125,3.7245002338339754e-05,3.605526758940975e-05,0.11864781861250583,7.33002699277495e-05,0.11872111888243359,0.9617843948896125,8.101207299453119,0.9807632903985043,0.3443964023893766,0.35115139989532157,-0.15973657995641435,-0.2976133550430027,1.0394736715146016,0.10987553267357031,90.34040431426058,True,True,90.34040431426058,1cc23807d1415e973806cac7c05cbab7b746e6b7d1451d4a7cb0f4be09a883b9,0e6adb42f881655fd7a3e1bdb7a7ee32ce7e60c9e43b7db3790816aca4102ce7
LPML_R3_022,B2_TARGETED_ACTIVE_LEARNING,2,452.5,972d20feb07533826c6288d46712914e8322056ac6ae81fd96a8775dca29c84c,ACCEPTED,ACCEPTED,FORMAL_WEIGHTED_G0_PROSPECTIVE_ROUND3_TARGETED_ACTIVE_LEARNING,NONE,True,0.034896571205120894,0.9867417420977247,-0.008183037227301978,0.002380336767231365,-0.008068171148442875,0.002403440012588967,-0.32831929485448563,0.23591255722000642,0.9748770362799268,7.26281013888435e-05,7.087190957467969e-05,0.16344829402782948,0.00014350001096352319,0.163591794038793,0.9748770362799268,5.959204995629251,0.98744284920542,0.4042591370294578,0.4094000350043133,-0.24430228649313715,-0.31569494121427605,1.0669905483736581,0.14369457439866395,87.9745527951793,True,True,87.9745527951793,1cc23807d1415e973806cac7c05cbab7b746e6b7d1451d4a7cb0f4be09a883b9,0e6adb42f881655fd7a3e1bdb7a7ee32ce7e60c9e43b7db3790816aca4102ce7
LPML_R3_022,B2_TARGETED_ACTIVE_LEARNING,2,453.0,972d20feb07533826c6288d46712914e8322056ac6ae81fd96a8775dca29c84c,ACCEPTED,ACCEPTED,FORMAL_WEIGHTED_G0_PROSPECTIVE_ROUND3_TARGETED_ACTIVE_LEARNING,NONE,True,0.0700349880111754,0.9854728905875412,-0.005942613938866392,-0.002865852342279848,-0.005978361455893322,-0.0027538661318364218,-0.34446635464392844,0.31643222787486974,0.9760617176286893,4.352777007416003e-05,4.332458436938661e-05,0.21878642431953016,8.685235444354664e-05,0.21887327667397372,0.9760617176286893,4.459483279370821,0.9879883959477487,0.46777550574528604,0.47346255043467644,-0.33598771421705936,-0.31733442519998145,1.0931308221355134,0.18316751766208283,85.93497277067627,True,True,85.93497277067628,1cc23807d1415e973806cac7c05cbab7b746e6b7d1451d4a7cb0f4be09a883b9,0e6adb42f881655fd7a3e1bdb7a7ee32ce7e60c9e43b7db3790816aca4102ce7
LPML_R3_022,B2_TARGETED_ACTIVE_LEARNING,2,453.5,972d20feb07533826c6288d46712914e8322056ac6ae81fd96a8775dca29c84c,ACCEPTED,ACCEPTED,FORMAL_WEIGHTED_G0_PROSPECTIVE_ROUND3_TARGETED_ACTIVE_LEARNING,NONE,True,0.10958399008840826,0.9788872780273632,-0.0025387539321725296,0.0003040682776523681,-0.002635648517974671,0.0002534467581344675,-0.35093096134451535,0.38937392854610064,0.9702289539675166,6.53772904559596e-06,7.01087836951095e-06,0.2747645958616096,1.354860741510691e-05,0.2747781444690247,0.9702289539675166,3.530953874961074,0.9850081847478835,0.5241812419537927,0.5321592754967399,-0.419616214236926,-0.3008512599435188,1.1157988611020095,0.22070407856636853,83.61247508820986,True,True,83.61247508820986,1cc23807d1415e973806cac7c05cbab7b746e6b7d1451d4a7cb0f4be09a883b9,0e6adb42f881655fd7a3e1bdb7a7ee32ce7e60c9e43b7db3790816aca4102ce7
LPML_R3_022,B2_TARGETED_ACTIVE_LEARNING,2,454.0,972d20feb07533826c6288d46712914e8322056ac6ae81fd96a8775dca29c84c,ACCEPTED,ACCEPTED,FORMAL_WEIGHTED_G0_PROSPECTIVE_ROUND3_TARGETED_ACTIVE_LEARNING,NONE,True,0.15121315331640023,0.9752997179744886,-0.007520688933759832,0.003803706856054081,-0.007444413177355388,0.0037155947302802473,-0.33578124714525237,0.4554769614913443,0.9740749576170062,7.102894788517039e-05,6.922493175486887e-05,0.3202083083838086,0.00014025387964003926,0.32034856226344866,0.9740749576170062,3.0406721688856693,0.9870486346360776,0.5658255143977775,0.573249883078351,-0.49504294737438365,-0.25855698783419556,1.1377273486562827,0.2474835765445873,81.186874930768,True,True,81.186874930768,1cc23807d1415e973806cac7c05cbab7b746e6b7d1451d4a7cb0f4be09a883b9,0e6adb42f881655fd7a3e1bdb7a7ee32ce7e60c9e43b7db3790816aca4102ce7
LPML_R3_023,B2_TARGETED_ACTIVE_LEARNING,2,450.0,09244f30b3f29cc097f6913aba3c8b5dafc522fd1ad35df05b10d208e5f9d9e1,ACCEPTED,ACCEPTED,FORMAL_WEIGHTED_G0_PROSPECTIVE_ROUND3_TARGETED_ACTIVE_LEARNING,NONE,True,-0.1981326641874995,0.9667621359373001,-0.006413579603804808,0.002416174290856837,-0.0058255760277756115,0.002215395682795929,0.04575328699498653,0.002014637320348181,0.973885580100087,4.6971901538138584e-05,3.88453140867447e-05,0.0020974220343781425,8.581721562488329e-05,0.002183239250003026,0.973885580100087,446.0736861975787,0.9868983249742813,0.045831381312894826,0.04643982075264865,-0.011044905740110071,0.043861664225366616,0.9879619523797919,0.002236767742930912,101.58207916439227,True,True,101.58207916439227,ffdd01945ddf52c345490002777aa304d829bfed5fd44dad6b052a2fd2f1aaed,0b257907eb97a6f6c7c670af5cae3b68f34a3abdd3d6b36e3b66f091c62058b8
LPML_R3_023,B2_TARGETED_ACTIVE_LEARNING,2,450.5,09244f30b3f29cc097f6913aba3c8b5dafc522fd1ad35df05b10d208e5f9d9e1,ACCEPTED,ACCEPTED,FORMAL_WEIGHTED_G0_PROSPECTIVE_ROUND3_TARGETED_ACTIVE_LEARNING,NONE,True,-0.15499779826213675,0.9673543044154057,-0.0061339066725583586,-4.466805313879726e-05,-0.006096891177522836,7.946664375122666e-05,-0.04643695953788738,-0.0009734521585384565,0.9597986677371234,3.762680630262716e-05,3.7178396978024884e-05,0.0021573388202283527,7.480520328065205e-05,0.0022321440235090048,0.9597986677371234,429.9895784629022,0.9797317468658794,0.04643830255042348,0.047398997428610076,0.008101898310969182,-0.04476989464693514,0.980831693900963,0.0023202417180629986,99.10304574980597,True,True,99.10304574980597,ffdd01945ddf52c345490002777aa304d829bfed5fd44dad6b052a2fd2f1aaed,0b257907eb97a6f6c7c670af5cae3b68f34a3abdd3d6b36e3b66f091c62058b8
LPML_R3_023,B2_TARGETED_ACTIVE_LEARNING,2,451.0,09244f30b3f29cc097f6913aba3c8b5dafc522fd1ad35df05b10d208e5f9d9e1,ACCEPTED,ACCEPTED,FORMAL_WEIGHTED_G0_PROSPECTIVE_ROUND3_TARGETED_ACTIVE_LEARNING,NONE,True,-0.10197500919873655,0.9742475779773674,-0.003434365943656085,-0.00014655562765543217,-0.003588938902981266,-0.00012351838834292892,-0.13404246077248322,0.03077008073303874,0.9595572456958488,1.1816347986942227e-05,1.2895739241591207e-05,0.018914179158260422,2.4712087228533434e-05,0.018938891245488955,0.9595572456958488,50.66596736091429,0.9795824404229122,0.13752955811908074,0.1403961039355764,-0.016321003085263113,-0.1337292722060554,0.9891896364910714,0.01935510067999824,95.97542085616732,True,True,95.97542085616732,ffdd01945ddf52c345490002777aa304d829bfed5fd44dad6b052a2fd2f1aaed,0b257907eb97a6f6c7c670af5cae3b68f34a3abdd3d6b36e3b66f091c62058b8
LPML_R3_023,B2_TARGETED_ACTIVE_LEARNING,2,451.5,09244f30b3f29cc097f6913aba3c8b5dafc522fd1ad35df05b10d208e5f9d9e1,ACCEPTED,ACCEPTED,FORMAL_WEIGHTED_G0_PROSPECTIVE_ROUND3_TARGETED_ACTIVE_LEARNING,NONE,True,-0.06014505185699401,0.9881229829190399,-0.0031711372416896484,0.002175103745231281,-0.0031821075238850933,0.0020882333206200176,-0.21938281839576712,0.0745296218975542,0.980004456635702,1.4787187708150178e-05,1.4486526694913825e-05,0.05368348554746253,2.9273714403064005e-05,0.05371275926186559,0.980004456635702,18.245282314726943,0.9899702884905524,0.2316809094498287,0.23402814422146137,-0.06045519009185198,-0.2212462493998767,1.016718848009403,0.05196078621485212,93.48318108748424,True,True,93.48318108748424,ffdd01945ddf52c345490002777aa304d829bfed5fd44dad6b052a2fd2f1aaed,0b257907eb97a6f6c7c670af5cae3b68f34a3abdd3d6b36e3b66f091c62058b8
LPML_R3_023,B2_TARGETED_ACTIVE_LEARNING,2,452.0,09244f30b3f29cc097f6913aba3c8b5dafc522fd1ad35df05b10d208e5f9d9e1,ACCEPTED,ACCEPTED,FORMAL_WEIGHTED_G0_PROSPECTIVE_ROUND3_TARGETED_ACTIVE_LEARNING,NONE,True,-0.026927082868197005,0.989583403282145,-0.005130215745598352,0.0021537254131340717,-0.005028723345444788,0.0021755871816379786,-0.2783142795863482,0.12721179429901217,0.9800003798432633,3.095764675156479e-05,3.0021238069928903e-05,0.09364167883044217,6.097888482149369e-05,0.09370265771526366,0.9800003798432633,10.458618824038183,0.989987876367682,0.30598536272758864,0.30907990898864857,-0.11841360148850597,-0.2788186427810985,1.0361964280765144,0.08727055287869212,91.55866357029419,True,True,91.55866357029419,ffdd01945ddf52c345490002777aa304d829bfed5fd44dad6b052a2fd2f1aaed,0b257907eb97a6f6c7c670af5cae3b68f34a3abdd3d6b36e3b66f091c62058b8
LPML_R3_023,B2_TARGETED_ACTIVE_LEARNING,2,452.5,09244f30b3f29cc097f6913aba3c8b5dafc522fd1ad35df05b10d208e5f9d9e1,ACCEPTED,ACCEPTED,FORMAL_WEIGHTED_G0_PROSPECTIVE_ROUND3_TARGETED_ACTIVE_LEARNING,NONE,True,0.0159760518357647,0.9836983750788943,-0.004823503728853138,0.00018066692216255387,-0.004850845353663293,0.00028139212888670404,-0.31316785716572276,0.20031475199140975,0.9679177273651159,2.3298828759023826e-05,2.3609882175356162e-05,0.13820010662715052,4.690871093437999e-05,0.1382470153380849,0.9679177273651159,7.001364369408341,0.9838509639111345,0.37175532748614737,0.377857359623145,-0.2020758291900581,-0.30486023967629483,1.0517436677742353,0.12497868536312451,89.06955231422006,True,True,89.06955231422006,ffdd01945ddf52c345490002777aa304d829bfed5fd44dad6b052a2fd2f1aaed,0b257907eb97a6f6c7c670af5cae3b68f34a3abdd3d6b36e3b66f091c62058b8
LPML_R3_023,B2_TARGETED_ACTIVE_LEARNING,2,453.0,09244f30b3f29cc097f6913aba3c8b5dafc522fd1ad35df05b10d208e5f9d9e1,ACCEPTED,ACCEPTED,FORMAL_WEIGHTED_G0_PROSPECTIVE_ROUND3_TARGETED_ACTIVE_LEARNING,NONE,True,0.06154055190295414,0.9869727951925154,-0.002911686474159106,0.0004867380956210622,-0.0029976594137624854,0.0004510388002646092,-0.3413835131353407,0.2829663985554,0.977902537978647,8.714832097529905e-06,9.189397960262987e-06,0.19661268575204083,1.7904230057792895e-05,0.19663058998209862,0.977902537978647,4.973298091958509,0.9888987181133287,0.4434100283874522,0.44838770671420464,-0.3002975758433033,-0.319519559496129,1.0837587960246255,0.16741170197855026,86.43206482303839,True,True,86.43206482303839,ffdd01945ddf52c345490002777aa304d829bfed5fd44dad6b052a2fd2f1aaed,0b257907eb97a6f6c7c670af5cae3b68f34a3abdd3d6b36e3b66f091c62058b8
LPML_R3_023,B2_TARGETED_ACTIVE_LEARNING,2,453.5,09244f30b3f29cc097f6913aba3c8b5dafc522fd1ad35df05b10d208e5f9d9e1,ACCEPTED,ACCEPTED,FORMAL_WEIGHTED_G0_PROSPECTIVE_ROUND3_TARGETED_ACTIVE_LEARNING,NONE,True,0.09537204075626966,0.9900611346596033,-0.0033342277368390936,0.0022287844529917623,-0.003278296438065533,0.0021548217214551104,-0.3560516542118634,0.355700559075322,0.9893168765214765,1.6084554739004936e-05,1.539048418708793e-05,0.25329566819350097,3.1475038926092865e-05,0.25332714323242705,0.9893168765214765,3.9052936211173415,0.9946684360274012,0.5032680420260234,0.5059656301511103,-0.38612879994776117,-0.3185745252667816,1.1147394402971054,0.2038613949010084,84.49770663982684,True,True,84.49770663982684,ffdd01945ddf52c345490002777aa304d829bfed5fd44dad6b052a2fd2f1aaed,0b257907eb97a6f6c7c670af5cae3b68f34a3abdd3d6b36e3b66f091c62058b8
LPML_R3_023,B2_TARGETED_ACTIVE_LEARNING,2,454.0,09244f30b3f29cc097f6913aba3c8b5dafc522fd1ad35df05b10d208e5f9d9e1,ACCEPTED,ACCEPTED,FORMAL_WEIGHTED_G0_PROSPECTIVE_ROUND3_TARGETED_ACTIVE_LEARNING,NONE,True,0.12908369540829526,0.9807986569747713,-0.005049782713130526,0.001695791183242043,-0.004979452918924584,0.0017607595048372295,-0.3441435735543704,0.4250151378023971,0.9786286059437768,2.837601318699334e-05,2.7895225405661197e-05,0.299072666579963,5.6271238592654535e-05,0.29912893781855565,0.9786286059437768,3.271594560795683,0.9892896335605774,0.546867044803315,0.5527876025902263,-0.46129975985077976,-0.2826556945913589,1.1303793804569917,0.2341046149786572,82.50234843249274,True,True,82.50234843249274,ffdd01945ddf52c345490002777aa304d829bfed5fd44dad6b052a2fd2f1aaed,0b257907eb97a6f6c7c670af5cae3b68f34a3abdd3d6b36e3b66f091c62058b8
LPML_R3_024,B2_TARGETED_ACTIVE_LEARNING,2,450.0,1cc4ba4cd0534b1129f7d99dd7c9fdf6dab0a1db42b559c673d96c0151398581,ACCEPTED,ACCEPTED,FORMAL_WEIGHTED_G0_PROSPECTIVE_ROUND3_TARGETED_ACTIVE_LEARNING,NONE,True,-0.14164098532819433,0.9593005680691764,-0.0037324491829581873,0.011313881872504157,-0.0037337980253265555,0.011575533226574527,-0.06214097773443235,-0.0029671961036752213,0.9403197486225863,0.00014193509992834342,0.00014793421717346336,0.003870305366508883,0.0002898693171018068,0.004160174683610689,0.9403197486225863,226.0289098741561,0.9698549796229375,0.06213889125812106,0.0640702915009825,0.011765170227538419,-0.05910614982190029,0.9718435693599032,0.004404725374201557,98.39905318843967,True,True,98.39905318843967,9cb1c4267cd69355972967d6727c8aefd36e8cdcfab287d6ef499284d233138e,723b256d21e3d9509dd9a97b71c97df19236638cc17e22f04911a6571bf71aa1
LPML_R3_024,B2_TARGETED_ACTIVE_LEARNING,2,450.5,1cc4ba4cd0534b1129f7d99dd7c9fdf6dab0a1db42b559c673d96c0151398581,ACCEPTED,ACCEPTED,FORMAL_WEIGHTED_G0_PROSPECTIVE_ROUND3_TARGETED_ACTIVE_LEARNING,NONE,True,-0.10819408485862422,0.9810439780568628,0.0017897718703199384,0.010253932246872384,0.001743190339932564,0.010554195904606713,-0.12682561454696362,0.019646747068750994,0.9741532468800296,0.00010834640987123786,0.00011442976375405133,0.01647073117559847,0.0002227761736252892,0.016693507349223757,0.9741532468800296,58.355217181207124,0.9871024999371922,0.1283565691618408,0.13003367853896422,-0.005447439500972102,-0.12658393139279486,0.9954128561703698,0.016847718658783983,96.29341185383237,True,True,96.29341185383237,9cb1c4267cd69355972967d6727c8aefd36e8cdcfab287d6ef499284d233138e,723b256d21e3d9509dd9a97b71c97df19236638cc17e22f04911a6571bf71aa1
LPML_R3_024,B2_TARGETED_ACTIVE_LEARNING,2,451.0,1cc4ba4cd0534b1129f7d99dd7c9fdf6dab0a1db42b559c673d96c0151398581,ACCEPTED,ACCEPTED,FORMAL_WEIGHTED_G0_PROSPECTIVE_ROUND3_TARGETED_ACTIVE_LEARNING,NONE,True,-0.0754043783138345,0.9758802307556467,0.0009446859930148792,0.012956099262317514,0.0008721079474949797,0.01305016918139825,-0.19979893149903477,0.06839604862728049,0.9580280450485898,0.00016875293972042294,0.00017106748793520058,0.044597632495981296,0.0003398204276556235,0.04493745292363692,0.9580280450485898,21.319144337721706,0.9789755363834526,0.21112175902771924,0.21565580668915252,-0.05151238208056996,-0.20016081633103994,1.0014816513407658,0.04480458501762108,94.41835499463343,True,True,94.41835499463343,9cb1c4267cd69355972967d6727c8aefd36e8cdcfab287d6ef499284d233138e,723b256d21e3d9509dd9a97b71c97df19236638cc17e22f04911a6571bf71aa1
LPML_R3_024,B2_TARGETED_ACTIVE_LEARNING,2,451.5,1cc4ba4cd0534b1129f7d99dd7c9fdf6dab0a1db42b559c673d96c0151398581,ACCEPTED,ACCEPTED,FORMAL_WEIGHTED_G0_PROSPECTIVE_ROUND3_TARGETED_ACTIVE_LEARNING,NONE,True,-0.02119189756466955,0.9703468833242056,-0.0032864034485755337,0.00961418345065504,-0.003239978041474142,0.009612547806191708,-0.2674598181734329,0.11652915789666686,0.942022170499391,0.00010323297104965844,0.00010289853303555564,0.08511379897747212,0.00020613150408521408,0.08531993048155732,0.942022170499391,11.041056470422436,0.9707252964154797,0.291606755545936,0.30040090293590693,-0.10732395518900027,-0.261935534502966,1.0135788578008857,0.08304919111179254,91.25111269192706,True,True,91.25111269192706,9cb1c4267cd69355972967d6727c8aefd36e8cdcfab287d6ef499284d233138e,723b256d21e3d9509dd9a97b71c97df19236638cc17e22f04911a6571bf71aa1
LPML_R3_024,B2_TARGETED_ACTIVE_LEARNING,2,452.0,1cc4ba4cd0534b1129f7d99dd7c9fdf6dab0a1db42b559c673d96c0151398581,ACCEPTED,ACCEPTED,FORMAL_WEIGHTED_G0_PROSPECTIVE_ROUND3_TARGETED_ACTIVE_LEARNING,NONE,True,0.02835172439652385,0.9835663660108402,-0.001542009620845746,0.003980493796004111,-0.001514885169339588,0.004079419212720684,-0.3045274472998975,0.17129340045748742,0.9682066166240267,1.8222124530808052e-05,1.893653818939968e-05,0.12207839519928101,3.715866272020773e-05,0.12211555386200122,0.9682066166240267,7.928610123802618,0.9840038292940506,0.3493689087779171,0.35504832235110634,-0.17709840353127224,-0.2946541709159121,1.0441849311716904,0.11199951460912361,88.3488816687364,True,True,88.3488816687364,9cb1c4267cd69355972967d6727c8aefd36e8cdcfab287d6ef499284d233138e,723b256d21e3d9509dd9a97b71c97df19236638cc17e22f04911a6571bf71aa1
LPML_R3_024,B2_TARGETED_ACTIVE_LEARNING,2,452.5,1cc4ba4cd0534b1129f7d99dd7c9fdf6dab0a1db42b559c673d96c0151398581,ACCEPTED,ACCEPTED,FORMAL_WEIGHTED_G0_PROSPECTIVE_ROUND3_TARGETED_ACTIVE_LEARNING,NONE,True,0.05750967945673758,0.9893969474166842,0.001647010747344258,0.004945873000725416,0.0015595227317471263,0.00499669666871077,-0.3248912030747299,0.24767995725092834,0.9822136827886698,2.717430414117213e-05,2.7399088749941325e-05,0.1668996550591671,5.4573392891113456e-05,0.1669542284520582,0.9822136827886698,5.8831315139210005,0.991101275380651,0.4085170414800033,0.4121849619486209,-0.2637160381110582,-0.30721831242979997,1.0719924958882538,0.14528271005392246,86.67336907147148,True,True,86.67336907147148,9cb1c4267cd69355972967d6727c8aefd36e8cdcfab287d6ef499284d233138e,723b256d21e3d9509dd9a97b71c97df19236638cc17e22f04911a6571bf71aa1
LPML_R3_024,B2_TARGETED_ACTIVE_LEARNING,2,453.0,1cc4ba4cd0534b1129f7d99dd7c9fdf6dab0a1db42b559c673d96c0151398581,ACCEPTED,ACCEPTED,FORMAL_WEIGHTED_G0_PROSPECTIVE_ROUND3_TARGETED_ACTIVE_LEARNING,NONE,True,0.09330370601118503,0.9751953736732276,-0.0018432264443756056,0.007127781987509838,-0.0018721143638981514,0.007063657274422215,-0.34551670399915435,0.3260469886386386,0.9597115983890878,5.420275978671524e-05,5.340006628201167e-05,0.2256884315427638,0.00010760282606872691,0.22579603436883253,0.9597115983890878,4.2503474477387035,0.979754571991764,0.47496169468616695,0.4847761962678135,-0.3501506064139945,-0.3064985349501018,1.0888101913363597,0.19046358549674558,84.53475125180739,True,True,84.53475125180739,9cb1c4267cd69355972967d6727c8aefd36e8cdcfab287d6ef499284d233138e,723b256d21e3d9509dd9a97b71c97df19236638cc17e22f04911a6571bf71aa1
LPML_R3_024,B2_TARGETED_ACTIVE_LEARNING,2,453.5,1cc4ba4cd0534b1129f7d99dd7c9fdf6dab0a1db42b559c673d96c0151398581,ACCEPTED,ACCEPTED,FORMAL_WEIGHTED_G0_PROSPECTIVE_ROUND3_TARGETED_ACTIVE_LEARNING,NONE,True,0.14511909480027108,0.9685582037836011,-0.005700608795068489,0.0030570379742724833,-0.005633150044024893,0.0030614911663040993,-0.34862411321044917,0.3904160364637515,0.9591645457921659,4.184242181055622e-05,4.1105107579855696e-05,0.2739634538398374,8.294752939041192e-05,0.2740464013692278,0.9591645457921659,3.500007812545094,0.9794287191113628,0.523383541335863,0.5343763472759199,-0.4287554240302234,-0.28097124996256617,1.1105003138952252,0.22222183641819593,81.47875946955776,True,True,81.47875946955776,9cb1c4267cd69355972967d6727c8aefd36e8cdcfab287d6ef499284d233138e,723b256d21e3d9509dd9a97b71c97df19236638cc17e22f04911a6571bf71aa1
LPML_R3_024,B2_TARGETED_ACTIVE_LEARNING,2,454.0,1cc4ba4cd0534b1129f7d99dd7c9fdf6dab0a1db42b559c673d96c0151398581,ACCEPTED,ACCEPTED,FORMAL_WEIGHTED_G0_PROSPECTIVE_ROUND3_TARGETED_ACTIVE_LEARNING,NONE,True,0.18485533920827033,0.9754788721296428,-0.0032121851667290487,-0.00017372862774026938,-0.00323742767310282,-9.372570805886046e-05,-0.3262797617255315,0.4575066081978333,0.9857305264051246,1.0348315181450644e-05,1.0489722446923076e-05,0.3157707794563553,2.083803762837372e-05,0.31579161749398366,0.9857305264051246,3.1214588095388707,0.9928468567864417,0.5619406221909852,0.5659892241687954,-0.5066129691215588,-0.23370733821651057,1.1408427340782377,0.24263253527745066,79.26956650972738,True,True,79.26956650972738,9cb1c4267cd69355972967d6727c8aefd36e8cdcfab287d6ef499284d233138e,723b256d21e3d9509dd9a97b71c97df19236638cc17e22f04911a6571bf71aa1
LPML_R3_025,B3_TARGETED_ACTIVE_LEARNING,3,450.0,dbfafc3ea0794f4c23210ded297442e12b5b04e6e6d3958b1a2975712e2aa7e3,ACCEPTED,ACCEPTED,FORMAL_WEIGHTED_G0_PROSPECTIVE_ROUND3_TARGETED_ACTIVE_LEARNING,NONE,True,0.04621600927497831,0.9966635151298081,0.004346893202054419,-0.007053040688922578,0.004390283681696732,-0.007132899631173252,-0.2686749046808566,0.14672392837065168,0.9954740819042103,6.864086346966437e-05,7.015284795416414e-05,0.09371411556178351,0.0001387937114238285,0.09385290927320734,0.9954740819042103,10.606747192102155,0.9978347258897892,0.3060275330519571,0.3066916044428763,-0.15862024355319465,-0.2609355096895888,1.0437082883533202,0.08615678307187147,87.34505503010303,True,True,87.34505503010303,5b470779ba721f1e17c49f5dc2150c7b05aac61806d543f39ae618c42df347f5,a2f16d3fe8484d439bff8144e93e7e8fab29dc28232322fbbde701d6579c1397
LPML_R3_025,B3_TARGETED_ACTIVE_LEARNING,3,450.5,dbfafc3ea0794f4c23210ded297442e12b5b04e6e6d3958b1a2975712e2aa7e3,ACCEPTED,ACCEPTED,FORMAL_WEIGHTED_G0_PROSPECTIVE_ROUND3_TARGETED_ACTIVE_LEARNING,NONE,True,0.07440880432666547,0.9985554729895256,0.001994404792813242,-0.004102424503565773,0.0020336156771273398,-0.004172628535912448,-0.30763018255974894,0.22253973102976385,1.0026497027986594,2.0807537285053307e-05,2.1546421620968956e-05,0.14416026110854407,4.235395890602226e-05,0.1442026150674501,1.0026497027986594,6.95306185903546,1.0013580319710647,0.37965037820756253,0.37913550007709224,-0.24509559839575557,-0.2906102224855664,1.0709119094800046,0.1257377369527065,85.73839833107672,True,True,85.73839833107672,5b470779ba721f1e17c49f5dc2150c7b05aac61806d543f39ae618c42df347f5,a2f16d3fe8484d439bff8144e93e7e8fab29dc28232322fbbde701d6579c1397
LPML_R3_025,B3_TARGETED_ACTIVE_LEARNING,3,451.0,dbfafc3ea0794f4c23210ded297442e12b5b04e6e6d3958b1a2975712e2aa7e3,ACCEPTED,ACCEPTED,FORMAL_WEIGHTED_G0_PROSPECTIVE_ROUND3_TARGETED_ACTIVE_LEARNING,NONE,True,0.11133961281126949,0.9852184099621397,-0.00020768775268016222,-0.005773806266694884,-0.00016879603615162914,-0.005827229320877033,-0.33220108028802137,0.2980028720526085,0.9830518247092904,3.337997300793845e-05,3.398509365990951e-05,0.19916326949613175,6.736506666784795e-05,0.1992306345627996,0.9830518247092904,4.934240293248788,0.9915457662958262,0.44622802759677993,0.45003270929568817,-0.33055144518627466,-0.2941132805578591,1.0873281286125591,0.1685135671263046,83.55235465261842,True,True,83.55235465261842,5b470779ba721f1e17c49f5dc2150c7b05aac61806d543f39ae618c42df347f5,a2f16d3fe8484d439bff8144e93e7e8fab29dc28232322fbbde701d6579c1397
LPML_R3_025,B3_TARGETED_ACTIVE_LEARNING,3,451.5,dbfafc3ea0794f4c23210ded297442e12b5b04e6e6d3958b1a2975712e2aa7e3,ACCEPTED,ACCEPTED,FORMAL_WEIGHTED_G0_PROSPECTIVE_ROUND3_TARGETED_ACTIVE_LEARNING,NONE,True,0.15846641927631097,0.9803591515784537,0.002207857490336499,-0.006880597272572045,0.0022350097028178413,-0.006916771579026022,-0.3344760650650131,0.37271177918308,0.9862156721218808,5.2217253524960857e-05,5.2836997448112035e-05,0.25078830844319183,0.00010505425097307289,0.2508933626941649,0.9862156721218808,3.9308161106041783,0.9931905462907016,0.5006811096644491,0.504113849587431,-0.418351971050955,-0.26881372085358507,1.1122540334006643,0.20280618412221996,80.81806056485573,True,True,80.81806056485573,5b470779ba721f1e17c49f5dc2150c7b05aac61806d543f39ae618c42df347f5,a2f16d3fe8484d439bff8144e93e7e8fab29dc28232322fbbde701d6579c1397
LPML_R3_025,B3_TARGETED_ACTIVE_LEARNING,3,452.0,dbfafc3ea0794f4c23210ded297442e12b5b04e6e6d3958b1a2975712e2aa7e3,ACCEPTED,ACCEPTED,FORMAL_WEIGHTED_G0_PROSPECTIVE_ROUND3_TARGETED_ACTIVE_LEARNING,NONE,True,0.19399360953493935,0.9825057865710438,0.0034994668861853396,-0.0037320920759887732,0.003518806339612113,-0.003771156597293424,-0.32057435550213514,0.4509041580220567,1.0029511411859802,2.6174779751165905e-05,2.6603620137004115e-05,0.30608247712718917,5.2778399888170024e-05,0.3061352555270773,1.0029511411859802,3.2761700035469135,1.0015222600282128,0.5532084230929951,0.5523675760111526,-0.5052035604364213,-0.22746730459122738,1.1441531351672543,0.23385412627901614,78.83074213849096,True,True,78.83074213849096,5b470779ba721f1e17c49f5dc2150c7b05aac61806d543f39ae618c42df347f5,a2f16d3fe8484d439bff8144e93e7e8fab29dc28232322fbbde701d6579c1397
LPML_R3_025,B3_TARGETED_ACTIVE_LEARNING,3,452.5,dbfafc3ea0794f4c23210ded297442e12b5b04e6e6d3958b1a2975712e2aa7e3,ACCEPTED,ACCEPTED,FORMAL_WEIGHTED_G0_PROSPECTIVE_ROUND3_TARGETED_ACTIVE_LEARNING,NONE,True,0.2226779749217628,0.9726792745541804,0.0008258467490835594,-0.0025137679629284515,0.00085627988463477,-0.0025531978167106025,-0.2999449035685638,0.5242077895135017,0.995690451662504,7.00105222441734e-06,7.252034332085922e-06,0.3647607517633867,1.4253086556503261e-05,0.3647750048499432,0.995690451662504,2.729601640529343,0.9978605852121052,0.6039368418904433,0.6052316835042347,-0.5766714651434788,-0.17501640116315592,1.1663899247303395,0.26812515018576366,77.1053349810623,True,True,77.1053349810623,5b470779ba721f1e17c49f5dc2150c7b05aac61806d543f39ae618c42df347f5,a2f16d3fe8484d439bff8144e93e7e8fab29dc28232322fbbde701d6579c1397
LPML_R3_025,B3_TARGETED_ACTIVE_LEARNING,3,453.0,dbfafc3ea0794f4c23210ded297442e12b5b04e6e6d3958b1a2975712e2aa7e3,ACCEPTED,ACCEPTED,FORMAL_WEIGHTED_G0_PROSPECTIVE_ROUND3_TARGETED_ACTIVE_LEARNING,NONE,True,0.2617214757975266,0.9577515920406834,0.000691626288128533,-0.005046233486025324,0.000724632227053177,-0.005070814027297556,-0.2681036896152042,0.5847086620096301,0.985786242950099,2.5942819317913746e-05,2.6238246763921703e-05,0.4137638078143776,5.2181066081835446e-05,0.4138159888804594,0.985786242950099,2.3821850035738152,0.9929421012747457,0.6431704403551607,0.6477421387706838,-0.6301490578957059,-0.10373875785649274,1.1830478569485507,0.2956668541027003,74.71612589968629,True,True,74.71612589968629,5b470779ba721f1e17c49f5dc2150c7b05aac61806d543f39ae618c42df347f5,a2f16d3fe8484d439bff8144e93e7e8fab29dc28232322fbbde701d6579c1397
LPML_R3_025,B3_TARGETED_ACTIVE_LEARNING,3,453.5,dbfafc3ea0794f4c23210ded297442e12b5b04e6e6d3958b1a2975712e2aa7e3,ACCEPTED,ACCEPTED,FORMAL_WEIGHTED_G0_PROSPECTIVE_ROUND3_TARGETED_ACTIVE_LEARNING,NONE,True,0.30163770768606646,0.9521797850143988,0.003774717421381664,-0.004579155480579756,0.003795226556754002,-0.004598828831494763,-0.2219331097681175,0.6391593270950642,0.9976316496881715,3.521715652660586e-05,3.555297123847833e-05,0.45777895062396257,7.077012776508419e-05,0.45784972075172764,0.9976316496881715,2.1789500014332095,0.9988902045396448,0.6765350912662589,0.6772867410167981,-0.675531252308975,-0.01849092826366362,1.20643332614774,0.3145692758769896,72.42250090504575,True,True,72.42250090504575,5b470779ba721f1e17c49f5dc2150c7b05aac61806d543f39ae618c42df347f5,a2f16d3fe8484d439bff8144e93e7e8fab29dc28232322fbbde701d6579c1397
LPML_R3_025,B3_TARGETED_ACTIVE_LEARNING,3,454.0,dbfafc3ea0794f4c23210ded297442e12b5b04e6e6d3958b1a2975712e2aa7e3,ACCEPTED,ACCEPTED,FORMAL_WEIGHTED_G0_PROSPECTIVE_ROUND3_TARGETED_ACTIVE_LEARNING,NONE,True,0.3304470838681657,0.9451075152164855,0.0032574961098092827,-0.001626586552747998,0.003279357632601577,-0.0016569425523010521,-0.17224181423155957,0.6909605174659619,1.002423490555654,1.3257064719003228e-05,1.3499645104128146e-05,0.507093679266609,2.6756709823131374e-05,0.5071204359764321,1.002423490555654,1.976697090949497,1.0012252008627929,0.7121039416330639,0.7112325389127416,-0.7099567703421901,0.06554958664284224,1.2286349850676097,0.3359428149543502,70.7283479515961,True,True,70.7283479515961,5b470779ba721f1e17c49f5dc2150c7b05aac61806d543f39ae618c42df347f5,a2f16d3fe8484d439bff8144e93e7e8fab29dc28232322fbbde701d6579c1397
LPML_R3_027,B3_TARGETED_ACTIVE_LEARNING,3,450.0,fdbdfdb36e151f19b4c13dcc3505164f8a1fbefe35196358e7253de897bd6b58,ACCEPTED,ACCEPTED,FORMAL_WEIGHTED_G0_PROSPECTIVE_ROUND3_TARGETED_ACTIVE_LEARNING,NONE,True,-0.13580963975527116,0.961936994805437,0.004828983044274128,-0.008191852230196316,0.005032734133986232,-0.00854578355411338,-0.10885197858727341,0.017301082496749654,0.9437670402257722,9.042552020325939e-05,9.835882941714484e-05,0.012148080697923563,0.00018878434962040424,0.012336865047543966,0.9437670402257722,76.499745809707,0.9715850010841133,0.11012034753713662,0.11334092993846366,-0.00181370049695104,-0.10697590408390503,0.9778056582334324,0.012903268127554934,98.03610606546158,True,True,98.03610606546158,08a3926d6d62546a63d2f9a8533c6df032baaf7e1878302f32b4334f3a21037d,278e2b4f030366c5e072a9cafd85d0649b41d614999f9298451b12c1164a4ff8
LPML_R3_027,B3_TARGETED_ACTIVE_LEARNING,3,450.5,fdbdfdb36e151f19b4c13dcc3505164f8a1fbefe35196358e7253de897bd6b58,ACCEPTED,ACCEPTED,FORMAL_WEIGHTED_G0_PROSPECTIVE_ROUND3_TARGETED_ACTIVE_LEARNING,NONE,True,-0.09179722134172368,0.9676492307318165,-0.000100529105584558,-0.0061908267994735845,1.8161952804862019e-06,-0.006314565847046715,-0.17304100881275614,0.045745150157020256,0.9447717635819379,3.833644256214997e-05,3.9873745135254106e-05,0.03203580949382468,7.821018769740409e-05,0.03211401968152208,0.9447717635819379,29.41929328534183,0.9720364773409369,0.17897170162369813,0.1841203553525952,-0.028341483005918933,-0.1716429002909017,0.9883753250984465,0.032873873519010055,95.4192157284433,True,True,95.4192157284433,08a3926d6d62546a63d2f9a8533c6df032baaf7e1878302f32b4334f3a21037d,278e2b4f030366c5e072a9cafd85d0649b41d614999f9298451b12c1164a4ff8
LPML_R3_027,B3_TARGETED_ACTIVE_LEARNING,3,451.0,fdbdfdb36e151f19b4c13dcc3505164f8a1fbefe35196358e7253de897bd6b58,ACCEPTED,ACCEPTED,FORMAL_WEIGHTED_G0_PROSPECTIVE_ROUND3_TARGETED_ACTIVE_LEARNING,NONE,True,-0.047263222820106345,0.972635395486266,-0.0006199431625860283,-0.00955635646890109,-0.0006296700152476371,-0.009600176158112244,-0.2287789324432429,0.09088789937447848,0.9482534247840682,9.170827848554487e-05,9.255986659488871e-05,0.06060041018257524,0.00018426814508043358,0.060784678327655675,0.9482534247840682,15.600204704096196,0.9738891679389576,0.24612596710402,0.25272482250202716,-0.07749660594649024,-0.22682611139033904,1.004508886527005,0.060240220998795446,92.78198263213687,True,True,92.78198263213687,08a3926d6d62546a63d2f9a8533c6df032baaf7e1878302f32b4334f3a21037d,278e2b4f030366c5e072a9cafd85d0649b41d614999f9298451b12c1164a4ff8
LPML_R3_027,B3_TARGETED_ACTIVE_LEARNING,3,451.5,fdbdfdb36e151f19b4c13dcc3505164f8a1fbefe35196358e7253de897bd6b58,ACCEPTED,ACCEPTED,FORMAL_WEIGHTED_G0_PROSPECTIVE_ROUND3_TARGETED_ACTIVE_LEARNING,NONE,True,-0.00433895765257768,0.9760039293674349,0.003950271332499071,-0.00814903742726342,0.0039381199595491965,-0.008254885676857596,-0.27491530476712095,0.14756262031166031,0.9526024966941834,8.201145459130402e-05,8.365192635378847e-05,0.09735315170844219,0.0001656633809450925,0.09751881508938728,0.9526024966941834,9.768396958279414,0.9761377742727733,0.3118915795935625,0.31951594110362447,-0.14277713865654695,-0.2688939847314059,1.0247542689755291,0.09286433290622131,90.25471446962649,True,True,90.25471446962649,08a3926d6d62546a63d2f9a8533c6df032baaf7e1878302f32b4334f3a21037d,278e2b4f030366c5e072a9cafd85d0649b41d614999f9298451b12c1164a4ff8
LPML_R3_027,B3_TARGETED_ACTIVE_LEARNING,3,452.0,fdbdfdb36e151f19b4c13dcc3505164f8a1fbefe35196358e7253de897bd6b58,ACCEPTED,ACCEPTED,FORMAL_WEIGHTED_G0_PROSPECTIVE_ROUND3_TARGETED_ACTIVE_LEARNING,NONE,True,0.038049338022286716,0.9774746365584741,0.003439243239257149,-0.0026154859632246887,0.0035282333416078743,-0.002701080204490915,-0.30748178784476055,0.20961065805239013,0.9569044172390554,1.8669160882601387e-05,1.974426478392614e-05,0.13848167782536638,3.8413425666527525e-05,0.13852009125103293,0.9569044172390554,6.908055059716255,0.9782432649150932,0.3721083486544573,0.3803842684127803,-0.21659365009525128,-0.2925615843239859,1.0466252951701904,0.12645334313540824,87.77082055336962,True,True,87.77082055336962,08a3926d6d62546a63d2f9a8533c6df032baaf7e1878302f32b4334f3a21037d,278e2b4f030366c5e072a9cafd85d0649b41d614999f9298451b12c1164a4ff8
LPML_R3_027,B3_TARGETED_ACTIVE_LEARNING,3,452.5,fdbdfdb36e151f19b4c13dcc3505164f8a1fbefe35196358e7253de897bd6b58,ACCEPTED,ACCEPTED,FORMAL_WEIGHTED_G0_PROSPECTIVE_ROUND3_TARGETED_ACTIVE_LEARNING,NONE,True,0.07854187160537633,0.9772275995097895,-0.0003235272605913812,-0.002997403894857565,-0.00025822030180037194,-0.00297580176699756,-0.3252762332732609,0.2772634981775321,0.9611426068389409,9.089099997253066e-06,8.922073880727676e-06,0.18267967535408314,1.801117387798074e-05,0.18269768652796112,0.9611426068389409,5.260836221326985,0.9803929079580923,0.42739915698604,0.4359468061393907,-0.29648851076724564,-0.29609385528802995,1.0695046953458887,0.1597230728690182,85.40489301658067,True,True,85.40489301658067,08a3926d6d62546a63d2f9a8533c6df032baaf7e1878302f32b4334f3a21037d,278e2b4f030366c5e072a9cafd85d0649b41d614999f9298451b12c1164a4ff8
LPML_R3_027,B3_TARGETED_ACTIVE_LEARNING,3,453.0,fdbdfdb36e151f19b4c13dcc3505164f8a1fbefe35196358e7253de897bd6b58,ACCEPTED,ACCEPTED,FORMAL_WEIGHTED_G0_PROSPECTIVE_ROUND3_TARGETED_ACTIVE_LEARNING,NONE,True,0.11793456272377727,0.9731250996466478,0.0022747125568790836,-0.006173760729391897,0.0022508941556492255,-0.006170294553279481,-0.3310413455328619,0.3483591020340946,0.9608810206471471,4.3289638760204945e-05,4.3139059374166264e-05,0.23094243642220838,8.642869813437122e-05,0.23102886512034276,0.9608810206471471,4.159138383624162,0.980331799586117,0.4804783538180829,0.4901180947317372,-0.37800522842365225,-0.28103313186114387,1.0917462552111135,0.19383081546603642,83.08993309440666,True,True,83.08993309440666,08a3926d6d62546a63d2f9a8533c6df032baaf7e1878302f32b4334f3a21037d,278e2b4f030366c5e072a9cafd85d0649b41d614999f9298451b12c1164a4ff8
LPML_R3_027,B3_TARGETED_ACTIVE_LEARNING,3,453.5,fdbdfdb36e151f19b4c13dcc3505164f8a1fbefe35196358e7253de897bd6b58,ACCEPTED,ACCEPTED,FORMAL_WEIGHTED_G0_PROSPECTIVE_ROUND3_TARGETED_ACTIVE_LEARNING,NONE,True,0.1595938609899821,0.9674259654031301,0.006721130796713005,-0.002983970508413763,0.006743601155559435,-0.0030602254011102533,-0.32489076390834576,0.4167181738216512,0.961383199001868,5.40776791816071e-05,5.484113605086296e-05,0.2792080448662004,0.00010891881523247005,0.27931696368143283,0.961383199001868,3.4419076676572598,0.9805702270915333,0.5283769416098317,0.5388466088523299,-0.45503074602561927,-0.247761407737543,1.1138672105252496,0.22512849766807908,80.63242663315907,True,True,80.63242663315907,08a3926d6d62546a63d2f9a8533c6df032baaf7e1878302f32b4334f3a21037d,278e2b4f030366c5e072a9cafd85d0649b41d614999f9298451b12c1164a4ff8
LPML_R3_027,B3_TARGETED_ACTIVE_LEARNING,3,454.0,fdbdfdb36e151f19b4c13dcc3505164f8a1fbefe35196358e7253de897bd6b58,ACCEPTED,ACCEPTED,FORMAL_WEIGHTED_G0_PROSPECTIVE_ROUND3_TARGETED_ACTIVE_LEARNING,NONE,True,0.19991413940618707,0.9635877251739239,0.00450674727369479,0.0007349214083966506,0.004608548518237908,0.0007175901393025715,-0.3058254510411278,0.4813866277598429,0.9684669672403737,2.0850880465475138e-05,2.1753655052977095e-05,0.3252622918905029,4.260453551845223e-05,0.32530489642602134,0.9684669672403737,2.9771054105870673,0.9841209207214918,0.5703313747854647,0.5795338385524167,-0.525017319616764,-0.1984602781771257,1.1374409275502597,0.25143914901978626,78.27920710817159,True,True,78.27920710817159,08a3926d6d62546a63d2f9a8533c6df032baaf7e1878302f32b4334f3a21037d,278e2b4f030366c5e072a9cafd85d0649b41d614999f9298451b12c1164a4ff8
LPML_R3_028,B3_TARGETED_ACTIVE_LEARNING,3,450.0,af221557fe8153efde5d6a74130106b9bd3b4aa2e2907a1054a0c0a9aea2dc77,ACCEPTED,ACCEPTED,FORMAL_WEIGHTED_G0_PROSPECTIVE_ROUND3_TARGETED_ACTIVE_LEARNING,NONE,True,0.07294868124379054,0.99252876855076,-0.0014250077744636107,0.004193007341167398,-0.0014613294525194448,0.004265533749061879,-0.2613899927405174,0.12803525945674046,0.9904348664960964,1.9611957720365425e-05,2.033026193318667e-05,0.08471775596904259,3.994221965355209e-05,0.08475769818869613,0.9904348664960964,11.685485656902697,0.995233833901247,0.2910363904102331,0.292430161130466,-0.14613093065192748,-0.25008487849228517,1.03691492644517,0.07883024955026907,85.79644446502294,True,True,85.79644446502294,78d97b42e502ef45cf3d30e3ea27f120094f04c9917da89f6a7ca0960e95de00,11ac110b6618f2a753d0c3565574b257547ed080c357803973ff79eab8c0846e
LPML_R3_028,B3_TARGETED_ACTIVE_LEARNING,3,450.5,af221557fe8153efde5d6a74130106b9bd3b4aa2e2907a1054a0c0a9aea2dc77,ACCEPTED,ACCEPTED,FORMAL_WEIGHTED_G0_PROSPECTIVE_ROUND3_TARGETED_ACTIVE_LEARNING,NONE,True,0.11494205776510817,0.9876573204579393,-0.001131888909584911,0.006196471366685099,-0.0011873889786798361,0.006181742746004579,-0.31440797047982827,0.2037452324882858,0.988678659297434,3.9677429901789616e-05,3.962383596447058e-05,0.14036449166295017,7.93012658662602e-05,0.14044379292881645,0.988678659297434,7.039675009336604,0.9943849730880799,0.3745944173674633,0.3767096522025607,-0.23733220848065756,-0.2870940827048285,1.0626017373532997,0.12438313723361782,83.36186564373185,True,True,83.36186564373185,78d97b42e502ef45cf3d30e3ea27f120094f04c9917da89f6a7ca0960e95de00,11ac110b6618f2a753d0c3565574b257547ed080c357803973ff79eab8c0846e
LPML_R3_028,B3_TARGETED_ACTIVE_LEARNING,3,451.0,af221557fe8153efde5d6a74130106b9bd3b4aa2e2907a1054a0c0a9aea2dc77,ACCEPTED,ACCEPTED,FORMAL_WEIGHTED_G0_PROSPECTIVE_ROUND3_TARGETED_ACTIVE_LEARNING,NONE,True,0.1521425476298117,0.9884557400868875,-0.003592532994053242,0.0053494431627343535,-0.003563641795314433,0.005308615159940621,-0.34365325416279213,0.27768082424852536,1.000192104910006,4.1522835464686473e-05,4.088093776166325e-05,0.195204199252017,8.240377322634972e-05,0.19528660302524337,1.000192104910006,5.1216626712520466,1.000167646207806,0.44175036775806653,0.4416763223975389,-0.3267438905957733,-0.2974008287732821,1.093379489443281,0.16335431298691172,81.2497362412405,True,True,81.2497362412405,78d97b42e502ef45cf3d30e3ea27f120094f04c9917da89f6a7ca0960e95de00,11ac110b6618f2a753d0c3565574b257547ed080c357803973ff79eab8c0846e
LPML_R3_028,B3_TARGETED_ACTIVE_LEARNING,3,451.5,af221557fe8153efde5d6a74130106b9bd3b4aa2e2907a1054a0c0a9aea2dc77,ACCEPTED,ACCEPTED,FORMAL_WEIGHTED_G0_PROSPECTIVE_ROUND3_TARGETED_ACTIVE_LEARNING,NONE,True,0.182343599114493,0.9831010316705575,-0.002941369505307018,0.00234033307384718,-0.002908294595264502,0.0023791411268617615,-0.34653669951049826,0.358361450650016,0.9997368266097413,1.4128813463293042e-05,1.4118489954369766e-05,0.24851061341961322,2.824730341766281e-05,0.24853886072303089,0.9997368266097413,4.02245678483188,0.9998906103131573,0.4984921812228897,0.49854671709214887,-0.41549724724535847,-0.27532186579387696,1.1172625865626988,0.1991057450250362,79.49230384465227,True,True,79.49230384465227,78d97b42e502ef45cf3d30e3ea27f120094f04c9917da89f6a7ca0960e95de00,11ac110b6618f2a753d0c3565574b257547ed080c357803973ff79eab8c0846e
LPML_R3_028,B3_TARGETED_ACTIVE_LEARNING,3,452.0,af221557fe8153efde5d6a74130106b9bd3b4aa2e2907a1054a0c0a9aea2dc77,ACCEPTED,ACCEPTED,FORMAL_WEIGHTED_G0_PROSPECTIVE_ROUND3_TARGETED_ACTIVE_LEARNING,NONE,True,0.2175569315788574,0.9708293244036514,-0.0006241190755916673,0.0029350158771631533,-0.0006705914706345729,0.0029656061958094194,-0.3393453776678093,0.4432087227186355,0.9898405956000579,9.003842819717192e-06,9.244513029111054e-06,0.3115892572383924,1.8248355848828247e-05,0.3116075055942413,0.9898405956000579,3.1765621104421524,0.9949282217048058,0.5581809158772914,0.5610263169747567,-0.5040986783852739,-0.23301949488907941,1.1408102827351703,0.23943137287479122,77.36904008814116,True,True,77.36904008814116,78d97b42e502ef45cf3d30e3ea27f120094f04c9917da89f6a7ca0960e95de00,11ac110b6618f2a753d0c3565574b257547ed080c357803973ff79eab8c0846e
LPML_R3_028,B3_TARGETED_ACTIVE_LEARNING,3,452.5,af221557fe8153efde5d6a74130106b9bd3b4aa2e2907a1054a0c0a9aea2dc77,ACCEPTED,ACCEPTED,FORMAL_WEIGHTED_G0_PROSPECTIVE_ROUND3_TARGETED_ACTIVE_LEARNING,NONE,True,0.2571938010220106,0.963445105005152,-0.0021530107721691276,0.004826904473203896,-0.0021791261262309974,0.00477893357960999,-0.3239685063695588,0.5159642783057367,0.994375121642538,2.7934462178512083e-05,2.7586796832346467e-05,0.3711747296068826,5.552125901085855e-05,0.37123025086589345,0.994375121642538,2.678593997453497,0.9972511734469729,0.6091760579397939,0.6108551929141307,-0.5804075740819393,-0.1794022501794282,1.1685911913532598,0.27184299237487175,75.05330959258151,True,True,75.05330959258151,78d97b42e502ef45cf3d30e3ea27f120094f04c9917da89f6a7ca0960e95de00,11ac110b6618f2a753d0c3565574b257547ed080c357803973ff79eab8c0846e
LPML_R3_028,B3_TARGETED_ACTIVE_LEARNING,3,453.0,af221557fe8153efde5d6a74130106b9bd3b4aa2e2907a1054a0c0a9aea2dc77,ACCEPTED,ACCEPTED,FORMAL_WEIGHTED_G0_PROSPECTIVE_ROUND3_TARGETED_ACTIVE_LEARNING,NONE,True,0.2895627858671995,0.9588906576625846,-0.004316561531964067,0.002825537429358853,-0.00426882999447854,0.0028075125530241055,-0.2894672500949578,0.577297978676418,1.0033179003117578,2.6616365223939813e-05,2.6105036257147592e-05,0.41706424506141476,5.27214014810874e-05,0.41711696646289587,1.0033179003117578,2.4053634375503323,1.0016957685575802,0.6457866939078977,0.6446934430379159,-0.6373950757306632,-0.11037925029467134,1.1918199808589607,0.2936544126166325,73.19689908921237,True,True,73.19689908921237,78d97b42e502ef45cf3d30e3ea27f120094f04c9917da89f6a7ca0960e95de00,11ac110b6618f2a753d0c3565574b257547ed080c357803973ff79eab8c0846e
LPML_R3_028,B3_TARGETED_ACTIVE_LEARNING,3,453.5,af221557fe8153efde5d6a74130106b9bd3b4aa2e2907a1054a0c0a9aea2dc77,ACCEPTED,ACCEPTED,FORMAL_WEIGHTED_G0_PROSPECTIVE_ROUND3_TARGETED_ACTIVE_LEARNING,NONE,True,0.318320306422113,0.9461090259115128,-0.0024262151576369025,0.0010012699428415266,-0.002420218638944622,0.0010487519226046924,-0.24312856361168927,0.6385907518927447,0.9964501063918995,6.889061489584933e-06,6.957338855461999e-06,0.4669096468468243,1.3846400345046932e-05,0.46692349324716936,0.9964501063918995,2.13407575502829,0.9982305599716447,0.6833076530946847,0.6845188681802072,-0.6815740549855553,-0.026744756879105103,1.2096997973212482,0.3190733339472115,71.40438236019435,True,True,71.40438236019436,78d97b42e502ef45cf3d30e3ea27f120094f04c9917da89f6a7ca0960e95de00,11ac110b6618f2a753d0c3565574b257547ed080c357803973ff79eab8c0846e
LPML_R3_028,B3_TARGETED_ACTIVE_LEARNING,3,454.0,af221557fe8153efde5d6a74130106b9bd3b4aa2e2907a1054a0c0a9aea2dc77,ACCEPTED,ACCEPTED,FORMAL_WEIGHTED_G0_PROSPECTIVE_ROUND3_TARGETED_ACTIVE_LEARNING,NONE,True,0.3540247139347066,0.93036344592101,-0.0014055858596647472,0.003310027592345059,-0.001454623304756785,0.0033056968724847653,-0.19874367118072095,0.6929248231490146,0.9909096395825667,1.2931954270975117e-05,1.3043560771497108e-05,0.5196438573704837,2.5975515042472224e-05,0.5196698328855262,0.9909096395825667,1.9068061620595287,0.9954842145620687,0.7208263667665284,0.7240962299775219,-0.7150232002153001,0.06041812680295487,1.2290563341312282,0.34402018719111305,69.16702759104695,True,True,69.16702759104695,78d97b42e502ef45cf3d30e3ea27f120094f04c9917da89f6a7ca0960e95de00,11ac110b6618f2a753d0c3565574b257547ed080c357803973ff79eab8c0846e
LPML_R3_030,B3_TARGETED_ACTIVE_LEARNING,3,450.0,c337934c08e8918d68146ae2380e825a54a54e95a391d67b94531cabdad446fd,ACCEPTED,ACCEPTED,FORMAL_WEIGHTED_G0_PROSPECTIVE_ROUND3_TARGETED_ACTIVE_LEARNING,NONE,True,-0.22025163411343976,0.9560316083932348,0.012150347624460829,-0.0016762668038815094,0.006085221237453601,-0.0009356760976062161,0.004658628267568719,-0.010790650778650246,0.9625072185765962,0.00015044081779303604,3.790540726838793e-05,0.00013814096156217543,0.00018834622506142397,0.00032648718662359937,0.9625072185765962,2948.0704236220204,0.9811710741412838,0.01170594001604148,0.011930580022741154,0.009217763620238423,0.006852023586899524,0.9812409009836572,0.000339089901682188,102.97350231714381,True,True,102.97350231714383,0101f07dc5910c7217540f4f6873c0638b0eda57bc08e6313e0a0a49cf4ea0db,49052b7ed992e86e938ccfc111d16813061f2f15fba0522616ed3bffef44dfdc
LPML_R3_030,B3_TARGETED_ACTIVE_LEARNING,3,450.5,c337934c08e8918d68146ae2380e825a54a54e95a391d67b94531cabdad446fd,ACCEPTED,ACCEPTED,FORMAL_WEIGHTED_G0_PROSPECTIVE_ROUND3_TARGETED_ACTIVE_LEARNING,NONE,True,-0.1846381485611462,0.9716080796481216,0.005339788384038744,-0.0007285394437761888,0.005629731393382736,-0.0008145496783424483,-0.08421759295873679,0.010710145288032756,0.9781135063415984,2.9044109707452817e-05,3.235736674012691e-05,0.007207310175854243,6.140147644757973e-05,0.007268711652301823,0.9781135063415984,134.5649068403826,0.9890283785823252,0.084882768290844,0.08582440112842372,0.005114248601389439,-0.08379554415974005,0.9926642020310293,0.007376540310520152,100.75982328347186,True,True,100.75982328347186,0101f07dc5910c7217540f4f6873c0638b0eda57bc08e6313e0a0a49cf4ea0db,49052b7ed992e86e938ccfc111d16813061f2f15fba0522616ed3bffef44dfdc
LPML_R3_030,B3_TARGETED_ACTIVE_LEARNING,3,451.0,c337934c08e8918d68146ae2380e825a54a54e95a391d67b94531cabdad446fd,ACCEPTED,ACCEPTED,FORMAL_WEIGHTED_G0_PROSPECTIVE_ROUND3_TARGETED_ACTIVE_LEARNING,NONE,True,-0.14481350112175048,0.9741405138159798,0.004145717234263959,-0.0015477748166069173,0.004289578125563473,-0.0014683133097218636,-0.1760996609527144,0.04495525562298157,0.9699206907648004,1.9582578269395787e-05,2.0556424470819006e-05,0.033032065595788584,4.0139002740214796e-05,0.0330722045985288,0.9699206907648004,29.327367272272706,0.9848687607817345,0.18173172370166932,0.1845237974219232,-0.01830663812198339,-0.1780432156510942,1.001495329676244,0.032973518308470506,98.45553580926872,True,True,98.45553580926872,0101f07dc5910c7217540f4f6873c0638b0eda57bc08e6313e0a0a49cf4ea0db,49052b7ed992e86e938ccfc111d16813061f2f15fba0522616ed3bffef44dfdc
LPML_R3_030,B3_TARGETED_ACTIVE_LEARNING,3,451.5,c337934c08e8918d68146ae2380e825a54a54e95a391d67b94531cabdad446fd,ACCEPTED,ACCEPTED,FORMAL_WEIGHTED_G0_PROSPECTIVE_ROUND3_TARGETED_ACTIVE_LEARNING,NONE,True,-0.09908599801617805,0.9783484341387276,0.004170622783895818,-0.002554482303879262,0.004128483490674339,-0.0025400135659450645,-0.24857109050689488,0.08654747310278307,0.9669836935845623,2.391947424638321e-05,2.349604484795554e-05,0.06927805213626388,4.7415519094338754e-05,0.06932546765535823,0.9669836935845623,13.94846261105349,0.9833845578731204,0.2631804942935694,0.267627239198041,-0.060054400135529394,-0.25174364034127583,1.0179927117813372,0.06689651143526709,95.78313078455801,True,True,95.78313078455801,0101f07dc5910c7217540f4f6873c0638b0eda57bc08e6313e0a0a49cf4ea0db,49052b7ed992e86e938ccfc111d16813061f2f15fba0522616ed3bffef44dfdc
LPML_R3_030,B3_TARGETED_ACTIVE_LEARNING,3,452.0,c337934c08e8918d68146ae2380e825a54a54e95a391d67b94531cabdad446fd,ACCEPTED,ACCEPTED,FORMAL_WEIGHTED_G0_PROSPECTIVE_ROUND3_TARGETED_ACTIVE_LEARNING,NONE,True,-0.05713913562777502,0.9864328943557021,0.0043277726649845385,-0.002201696161953056,0.0043581070876660515,-0.0023174349751749856,-0.2939418098810759,0.1489785141285078,0.9763147358872569,2.3577082229346187e-05,2.4363602251729363e-05,0.10859638526810057,4.794068448107555e-05,0.10864432595258165,0.9763147358872569,8.986338930515103,0.9881184379072862,0.3295163342043967,0.33347858066718394,-0.130175484556162,-0.29844674925816966,1.0416136816688992,0.10013679757496685,93.31515414731302,True,True,93.31515414731302,0101f07dc5910c7217540f4f6873c0638b0eda57bc08e6313e0a0a49cf4ea0db,49052b7ed992e86e938ccfc111d16813061f2f15fba0522616ed3bffef44dfdc
LPML_R3_030,B3_TARGETED_ACTIVE_LEARNING,3,452.5,c337934c08e8918d68146ae2380e825a54a54e95a391d67b94531cabdad446fd,ACCEPTED,ACCEPTED,FORMAL_WEIGHTED_G0_PROSPECTIVE_ROUND3_TARGETED_ACTIVE_LEARNING,NONE,True,-0.02040867213834099,0.9904602281140386,0.003346061849979239,-0.0017931978200293865,0.00348360822901061,-0.0018115793275598577,-0.3302823166073136,0.22857804347933675,0.9814279773741635,1.441168832564463e-05,1.5417345953272663e-05,0.16133433062433533,2.9829034278917292e-05,0.16136415965861425,0.9814279773741635,6.0820691499927575,0.9906912381562786,0.4016503550019062,0.40542435375667174,-0.21966524542216842,-0.3317841645411479,1.0690145635269792,0.1412016712659494,91.18042632912784,True,True,91.18042632912784,0101f07dc5910c7217540f4f6873c0638b0eda57bc08e6313e0a0a49cf4ea0db,49052b7ed992e86e938ccfc111d16813061f2f15fba0522616ed3bffef44dfdc
LPML_R3_030,B3_TARGETED_ACTIVE_LEARNING,3,453.0,c337934c08e8918d68146ae2380e825a54a54e95a391d67b94531cabdad446fd,ACCEPTED,ACCEPTED,FORMAL_WEIGHTED_G0_PROSPECTIVE_ROUND3_TARGETED_ACTIVE_LEARNING,NONE,True,0.017206958843129238,0.9888751850782924,0.0025673393412005406,-0.002437238367070433,0.0025881086232086067,-0.002361465888248422,-0.3572036936188358,0.30292384612127926,0.9781702110962565,1.2531362150796177e-05,1.227482738688766e-05,0.21935733528384763,2.480618953768384e-05,0.2193821414733853,0.9781702110962565,4.458750400223096,0.989046418404446,0.4683369885146582,0.4735237697642048,-0.30570115275034354,-0.3480050999632522,1.0943273516501548,0.18319210930749485,89.00312329488082,True,True,89.00312329488082,0101f07dc5910c7217540f4f6873c0638b0eda57bc08e6313e0a0a49cf4ea0db,49052b7ed992e86e938ccfc111d16813061f2f15fba0522616ed3bffef44dfdc
LPML_R3_030,B3_TARGETED_ACTIVE_LEARNING,3,453.5,c337934c08e8918d68146ae2380e825a54a54e95a391d67b94531cabdad446fd,ACCEPTED,ACCEPTED,FORMAL_WEIGHTED_G0_PROSPECTIVE_ROUND3_TARGETED_ACTIVE_LEARNING,NONE,True,0.05732340112506775,0.987015341760948,0.0029161918061254505,-0.002831568048898454,0.0028601902168268285,-0.0028735592967921125,-0.3583794747055175,0.37199568405522115,0.9774852571880263,1.6521952265655815e-05,1.643803110861228e-05,0.26681663684591456,3.295998337426809e-05,0.2668495968292888,0.9774852571880263,3.6630569009753873,0.9887091490840589,0.51651628486892,0.5224147924062614,-0.38770918179948,-0.33238550321937654,1.1154975813587922,0.21445159714667583,86.67613711506249,True,True,86.67613711506249,0101f07dc5910c7217540f4f6873c0638b0eda57bc08e6313e0a0a49cf4ea0db,49052b7ed992e86e938ccfc111d16813061f2f15fba0522616ed3bffef44dfdc
LPML_R3_030,B3_TARGETED_ACTIVE_LEARNING,3,454.0,c337934c08e8918d68146ae2380e825a54a54e95a391d67b94531cabdad446fd,ACCEPTED,ACCEPTED,FORMAL_WEIGHTED_G0_PROSPECTIVE_ROUND3_TARGETED_ACTIVE_LEARNING,NONE,True,0.09610876952682194,0.9865274183624728,0.003098379997129877,-0.002163771296408136,0.0031664883805253086,-0.002254422993339146,-0.34168050907267555,0.44870537486663975,0.9824732427608853,1.4281864829774281e-05,1.5109071696898026e-05,0.31808208371437435,2.939093652667231e-05,0.318111474650901,0.9824732427608853,3.0884558434714187,0.9912224199972656,0.5639705945406648,0.5689647279590595,-0.475503581299321,-0.29393883244596214,1.1404318118203236,0.24459112151029638,84.4357304807487,True,True,84.4357304807487,0101f07dc5910c7217540f4f6873c0638b0eda57bc08e6313e0a0a49cf4ea0db,49052b7ed992e86e938ccfc111d16813061f2f15fba0522616ed3bffef44dfdc
LPML_R3_032,B3_TARGETED_ACTIVE_LEARNING,3,450.0,85fff7b813f1c2de8818ec4d4e396dae29bac70c91d7656a125f190a1516375b,ACCEPTED,ACCEPTED,FORMAL_WEIGHTED_G0_PROSPECTIVE_ROUND3_TARGETED_ACTIVE_LEARNING,NONE,True,-0.17215211882836234,0.9645534671203322,0.003196640789018231,0.005107304792312061,0.004030146968503367,0.006421968893708525,-0.018003466129871342,-0.001194913716340945,0.9599997429509483,3.630307457558884e-05,5.748376905949676e-05,0.0003255526114789244,9.37868436350856e-05,0.00041933945511401,0.9599997429509483,2289.314137373369,0.9798428000945171,0.018087827647301533,0.018459928108423874,0.004271809028839967,-0.017200710664303096,0.9800097358730996,0.00043662132791388863,100.11951531236303,True,True,100.11951531236303,0687e78290a5cafb84ab98aa2cb200ad3c6a8fdc90725e94a518c0f2fafd0023,b685b9b099094390d3776e977b9fcee27cc30be7a23ee63cdd3fd17eb5d0a7e4
LPML_R3_032,B3_TARGETED_ACTIVE_LEARNING,3,450.5,85fff7b813f1c2de8818ec4d4e396dae29bac70c91d7656a125f190a1516375b,ACCEPTED,ACCEPTED,FORMAL_WEIGHTED_G0_PROSPECTIVE_ROUND3_TARGETED_ACTIVE_LEARNING,NONE,True,-0.13460910933265363,0.9716456447504563,-0.0007620122959037015,-0.0014242143267016326,-0.0006080867551903266,-0.0015716983564679926,-0.0946626498199491,0.008035682356959466,0.9622148712778605,2.6090491874906143e-06,2.8400052255620886e-06,0.009025589461876257,5.449054413052703e-06,0.009031038516289308,0.9622148712778605,106.54531807635534,0.9809281067358065,0.09500504833878842,0.09685220322102173,0.004936394280326587,-0.09306229116238324,0.9855180920684052,0.009298405712929614,97.88739526100733,True,True,97.88739526100733,0687e78290a5cafb84ab98aa2cb200ad3c6a8fdc90725e94a518c0f2fafd0023,b685b9b099094390d3776e977b9fcee27cc30be7a23ee63cdd3fd17eb5d0a7e4
LPML_R3_032,B3_TARGETED_ACTIVE_LEARNING,3,451.0,85fff7b813f1c2de8818ec4d4e396dae29bac70c91d7656a125f190a1516375b,ACCEPTED,ACCEPTED,FORMAL_WEIGHTED_G0_PROSPECTIVE_ROUND3_TARGETED_ACTIVE_LEARNING,NONE,True,-0.08875697588583022,0.9730829762938744,0.0067057335128863855,-0.005615844062547612,0.006925429046566713,-0.005560671191712307,-0.16947744544501034,0.04949084818082724,0.954768279521343,7.650456648069884e-05,7.888263158136911e-05,0.03117194856822415,0.00015538719806206793,0.03132733576628621,0.954768279521343,30.477161755607817,0.9772183671648429,0.17646494882357672,0.1805788294130677,-0.033131608527905684,-0.1692320945381122,0.9930234716700451,0.03176906506895727,95.2116492682452,True,True,95.2116492682452,0687e78290a5cafb84ab98aa2cb200ad3c6a8fdc90725e94a518c0f2fafd0023,b685b9b099094390d3776e977b9fcee27cc30be7a23ee63cdd3fd17eb5d0a7e4
LPML_R3_032,B3_TARGETED_ACTIVE_LEARNING,3,451.5,85fff7b813f1c2de8818ec4d4e396dae29bac70c91d7656a125f190a1516375b,ACCEPTED,ACCEPTED,FORMAL_WEIGHTED_G0_PROSPECTIVE_ROUND3_TARGETED_ACTIVE_LEARNING,NONE,True,-0.04260319220745368,0.9805156592509583,0.009503932259337907,0.002138573020383349,0.00946069085044152,0.0022056502352764524,-0.24286603447058921,0.10014499327733942,0.9632259900226067,9.489822295359528e-05,9.436956432800294e-05,0.0690129303779878,0.00018926778728159822,0.06920219816526939,0.9632259900226067,13.919008580077481,0.9815247252372269,0.26274969445436563,0.26769544128484496,-0.08793206257768424,-0.2424416410244352,1.0160847347479816,0.0670285826724023,92.48792431264786,True,True,92.48792431264786,0687e78290a5cafb84ab98aa2cb200ad3c6a8fdc90725e94a518c0f2fafd0023,b685b9b099094390d3776e977b9fcee27cc30be7a23ee63cdd3fd17eb5d0a7e4
LPML_R3_032,B3_TARGETED_ACTIVE_LEARNING,3,452.0,85fff7b813f1c2de8818ec4d4e396dae29bac70c91d7656a125f190a1516375b,ACCEPTED,ACCEPTED,FORMAL_WEIGHTED_G0_PROSPECTIVE_ROUND3_TARGETED_ACTIVE_LEARNING,NONE,True,-0.004525814915927,0.9863999992348402,0.001054982357429714,0.003904342554436015,0.0010635138801249739,0.0037831837003390557,-0.2919400647313688,0.15356546620512654,0.973005441491146,1.635687855686791e-05,1.5443540683729584e-05,0.10881135380615369,3.180041924059749e-05,0.10884315422539427,0.973005441491146,8.939518965760856,0.9864281769203633,0.32986064859893305,0.3343990533895338,-0.15014206019098475,-0.2886728320197221,1.0401195103047247,0.1006084905562078,90.26288348958178,True,True,90.26288348958178,0687e78290a5cafb84ab98aa2cb200ad3c6a8fdc90725e94a518c0f2fafd0023,b685b9b099094390d3776e977b9fcee27cc30be7a23ee63cdd3fd17eb5d0a7e4
LPML_R3_032,B3_TARGETED_ACTIVE_LEARNING,3,452.5,85fff7b813f1c2de8818ec4d4e396dae29bac70c91d7656a125f190a1516375b,ACCEPTED,ACCEPTED,FORMAL_WEIGHTED_G0_PROSPECTIVE_ROUND3_TARGETED_ACTIVE_LEARNING,NONE,True,0.03359565719881686,0.9835840355045337,8.367630324866185e-05,-0.00460568176822035,0.00025205009526636454,-0.004634864232439539,-0.31717614395531335,0.22457757392147776,0.9685662230820041,2.121930627384269e-05,2.1545495703671136e-05,0.15103579300281844,4.276480197751383e-05,0.15107855780479598,0.9685662230820041,6.411010517676897,0.9841900830993597,0.38860604886655575,0.3948485719778622,-0.23152533182639684,-0.3044230117584926,1.05813268586071,0.13493436524139046,88.04374485614244,True,True,88.04374485614244,0687e78290a5cafb84ab98aa2cb200ad3c6a8fdc90725e94a518c0f2fafd0023,b685b9b099094390d3776e977b9fcee27cc30be7a23ee63cdd3fd17eb5d0a7e4
LPML_R3_032,B3_TARGETED_ACTIVE_LEARNING,3,453.0,85fff7b813f1c2de8818ec4d4e396dae29bac70c91d7656a125f190a1516375b,ACCEPTED,ACCEPTED,FORMAL_WEIGHTED_G0_PROSPECTIVE_ROUND3_TARGETED_ACTIVE_LEARNING,NONE,True,0.07699452660750443,0.9804841615618399,0.008332164133335332,-0.004305930618210787,0.008372527724526563,-0.00418949105281026,-0.33743824404203143,0.3060135407001142,0.967277348201138,8.796599763368484e-05,8.765105577954315e-05,0.20750885563399002,0.00017561705341322798,0.20768447268740325,0.967277348201138,4.657437003762133,0.9836228504660167,0.4554644979904025,0.4630479027348891,-0.3260740493566179,-0.30722052703619107,1.0839565585799744,0.17675848610157074,85.50994575881259,True,True,85.5099457588126,0687e78290a5cafb84ab98aa2cb200ad3c6a8fdc90725e94a518c0f2fafd0023,b685b9b099094390d3776e977b9fcee27cc30be7a23ee63cdd3fd17eb5d0a7e4
LPML_R3_032,B3_TARGETED_ACTIVE_LEARNING,3,453.5,85fff7b813f1c2de8818ec4d4e396dae29bac70c91d7656a125f190a1516375b,ACCEPTED,ACCEPTED,FORMAL_WEIGHTED_G0_PROSPECTIVE_ROUND3_TARGETED_ACTIVE_LEARNING,NONE,True,0.11714139440374918,0.9814371595678838,0.006594934118075742,0.0037761111464043673,0.006516165049326149,0.0037475979912082813,-0.34719092776175353,0.3767010324308796,0.9769410044635307,5.775217141175877e-05,5.6504897653768e-05,0.2624452081545578,0.00011425706906552678,0.2625594652236233,0.9769410044635307,3.720837120198523,0.9884448237284444,0.5123253850158104,0.518314601601436,-0.41040764301025084,-0.2966681146832762,1.1133285542404605,0.21182683802442837,83.19354758679356,True,True,83.19354758679356,0687e78290a5cafb84ab98aa2cb200ad3c6a8fdc90725e94a518c0f2fafd0023,b685b9b099094390d3776e977b9fcee27cc30be7a23ee63cdd3fd17eb5d0a7e4
LPML_R3_032,B3_TARGETED_ACTIVE_LEARNING,3,454.0,85fff7b813f1c2de8818ec4d4e396dae29bac70c91d7656a125f190a1516375b,ACCEPTED,ACCEPTED,FORMAL_WEIGHTED_G0_PROSPECTIVE_ROUND3_TARGETED_ACTIVE_LEARNING,NONE,True,0.1518164869389598,0.9774213256829445,-0.0011482336492642873,0.0007244647774268439,-0.0010689712295338914,0.000613808469793567,-0.33174057073523405,0.4420803575250796,0.9784006936062918,1.8432897270349093e-06,1.5194603271615203e-06,0.30548684878124105,3.3627500541964296e-06,0.30549021153129524,0.9784006936062918,3.2027235462045622,0.9891438677065213,0.5527072589682275,0.5587733766674026,-0.4824632398808215,-0.2571337423791291,1.133089098499137,0.23794094210719363,81.17116839733882,True,True,81.17116839733882,0687e78290a5cafb84ab98aa2cb200ad3c6a8fdc90725e94a518c0f2fafd0023,b685b9b099094390d3776e977b9fcee27cc30be7a23ee63cdd3fd17eb5d0a7e4
LPML_R3_033,B3_TARGETED_ACTIVE_LEARNING,3,450.0,de6632799147edd0aa0a74c5b05bd56f56a8ca14252dd17068ba44388b8dd832,ACCEPTED,ACCEPTED,FORMAL_WEIGHTED_G0_PROSPECTIVE_ROUND3_TARGETED_ACTIVE_LEARNING,NONE,True,-0.16781129390609187,0.965528532489913,-0.0008783053641102821,-0.0074551915940288625,-0.0010133976603606623,-0.007934493937646982,-0.07890646623048907,0.004729663356786908,0.9604059774145616,5.6351302016303496e-05,6.398316886458117e-05,0.006248600128451844,0.00012033447088088468,0.006368934599332728,0.9604059774145616,150.79539009792674,0.9800631069085014,0.07906464754079418,0.08067301685316437,0.00873303437555168,-0.07699465945343748,0.9832471266237671,0.006587815343765624,99.85966031395265,True,True,99.85966031395265,bae71d21ecb813d28e09adaa1a923846fd1b428f6635188624eb2598bc5a952a,b67523595e95ca7b1a96b81ffe3b7d389cd54be0bc0436cf478ab6dc96fda5af
LPML_R3_033,B3_TARGETED_ACTIVE_LEARNING,3,450.5,de6632799147edd0aa0a74c5b05bd56f56a8ca14252dd17068ba44388b8dd832,ACCEPTED,ACCEPTED,FORMAL_WEIGHTED_G0_PROSPECTIVE_ROUND3_TARGETED_ACTIVE_LEARNING,NONE,True,-0.12622725137666993,0.9667635931279631,-0.0025402406072482075,-0.003980968863965293,-0.0026948371954712007,-0.004173447807941542,-0.14351140872504958,0.03415680965148328,0.9505651639877989,2.2300935438573857e-05,2.4679814115707142e-05,0.0217622120798159,4.6980749554281e-05,0.02180919282937018,0.9505651639877989,43.58552704929474,0.9749907632333815,0.14753768476818802,0.15132213589276047,-0.01489674053299407,-0.14307445497655005,0.9860904404856428,0.022428802936306558,97.43884666933843,True,True,97.43884666933843,bae71d21ecb813d28e09adaa1a923846fd1b428f6635188624eb2598bc5a952a,b67523595e95ca7b1a96b81ffe3b7d389cd54be0bc0436cf478ab6dc96fda5af
LPML_R3_033,B3_TARGETED_ACTIVE_LEARNING,3,451.0,de6632799147edd0aa0a74c5b05bd56f56a8ca14252dd17068ba44388b8dd832,ACCEPTED,ACCEPTED,FORMAL_WEIGHTED_G0_PROSPECTIVE_ROUND3_TARGETED_ACTIVE_LEARNING,NONE,True,-0.07643472925757758,0.9713875580835538,-0.005886339077963327,-0.0048885644576934905,-0.005849056395295608,-0.0050154184549091995,-0.21018029022054366,0.07923404201100527,0.9494360558362092,5.85470501977822e-05,5.936588299319223e-05,0.05045378781059372,0.00011791293319097442,0.05057170074378469,0.9494360558362092,18.774058255355307,0.9744393576445111,0.22466796579251325,0.2305612596925454,-0.0609118003407035,-0.2102808673665698,1.0000038782824763,0.05057130848338509,94.49911309933208,True,True,94.49911309933208,bae71d21ecb813d28e09adaa1a923846fd1b428f6635188624eb2598bc5a952a,b67523595e95ca7b1a96b81ffe3b7d389cd54be0bc0436cf478ab6dc96fda5af
LPML_R3_033,B3_TARGETED_ACTIVE_LEARNING,3,451.5,de6632799147edd0aa0a74c5b05bd56f56a8ca14252dd17068ba44388b8dd832,ACCEPTED,ACCEPTED,FORMAL_WEIGHTED_G0_PROSPECTIVE_ROUND3_TARGETED_ACTIVE_LEARNING,NONE,True,-0.03278930120342155,0.9807074105672138,-0.0043634543264839286,-0.0068883072383897955,-0.004324890224215432,-0.006840519242721538,-0.26320360447064833,0.1267118636125026,0.9628621634148583,6.648851026976457e-05,6.549737896155785e-05,0.08533203378649498,0.0001319858892313224,0.0854640196757263,0.9628621634148583,11.266286878012746,0.981314819513417,0.2921427871673962,0.2977054675606088,-0.11560875324949549,-0.2623401583203256,1.0238780118210296,0.08152426320572137,91.9149330242144,True,True,91.9149330242144,bae71d21ecb813d28e09adaa1a923846fd1b428f6635188624eb2598bc5a952a,b67523595e95ca7b1a96b81ffe3b7d389cd54be0bc0436cf478ab6dc96fda5af
LPML_R3_033,B3_TARGETED_ACTIVE_LEARNING,3,452.0,de6632799147edd0aa0a74c5b05bd56f56a8ca14252dd17068ba44388b8dd832,ACCEPTED,ACCEPTED,FORMAL_WEIGHTED_G0_PROSPECTIVE_ROUND3_TARGETED_ACTIVE_LEARNING,NONE,True,0.004782644257236817,0.9837690027878356,-0.0022361877704918276,-0.0042119767592539515,-0.002347804302221944,-0.004191641127524217,-0.29448805639111375,0.18579905557338997,0.9678243245322637,2.274128396539263e-05,2.308204038348436e-05,0.12124450440897944,4.582332434887699e-05,0.12129032773332832,0.9678243245322637,7.97940233668215,0.9838033161709011,0.3482035142796955,0.35393610547578946,-0.18417937826833516,-0.2888388729764597,1.043606560091298,0.11136598656626118,89.72145577745209,True,True,89.72145577745209,bae71d21ecb813d28e09adaa1a923846fd1b428f6635188624eb2598bc5a952a,b67523595e95ca7b1a96b81ffe3b7d389cd54be0bc0436cf478ab6dc96fda5af
LPML_R3_033,B3_TARGETED_ACTIVE_LEARNING,3,452.5,de6632799147edd0aa0a74c5b05bd56f56a8ca14252dd17068ba44388b8dd832,ACCEPTED,ACCEPTED,FORMAL_WEIGHTED_G0_PROSPECTIVE_ROUND3_TARGETED_ACTIVE_LEARNING,NONE,True,0.04486362209970342,0.981084158631854,-0.004555219621066494,-0.001720345892498989,-0.0046027795967034735,-0.001833516400006675,-0.31678553706820284,0.25902120042448484,0.9645388709062783,2.3709615785987315e-05,2.454736240492323e-05,0.16744505876493085,4.825697819091055e-05,0.16749331574312176,0.9645388709062783,5.758670825918543,0.9821268038284404,0.40921770226999293,0.4166648345965271,-0.2683515554974708,-0.29918891329249636,1.063970012100623,0.14795808610254302,87.38176720622062,True,True,87.38176720622062,bae71d21ecb813d28e09adaa1a923846fd1b428f6635188624eb2598bc5a952a,b67523595e95ca7b1a96b81ffe3b7d389cd54be0bc0436cf478ab6dc96fda5af
LPML_R3_033,B3_TARGETED_ACTIVE_LEARNING,3,453.0,de6632799147edd0aa0a74c5b05bd56f56a8ca14252dd17068ba44388b8dd832,ACCEPTED,ACCEPTED,FORMAL_WEIGHTED_G0_PROSPECTIVE_ROUND3_TARGETED_ACTIVE_LEARNING,NONE,True,0.08695120735477431,0.9788885906126161,-0.006006144275486064,-0.00352590831308784,-0.005914865356409168,-0.0035518824069414377,-0.3320911912425298,0.32970185847998706,0.9657833852920068,4.850579849025596e-05,4.760150081718946e-05,0.21898787478603987,9.610729930744543e-05,0.21908398208534732,0.9657833852920068,4.408279309601794,0.9827779626175661,0.46799021738773605,0.47619120003594106,-0.35164011952325286,-0.29645449187943357,1.0885161309679128,0.18490169289604041,84.92394108222913,True,True,84.92394108222913,bae71d21ecb813d28e09adaa1a923846fd1b428f6635188624eb2598bc5a952a,b67523595e95ca7b1a96b81ffe3b7d389cd54be0bc0436cf478ab6dc96fda5af
LPML_R3_033,B3_TARGETED_ACTIVE_LEARNING,3,453.5,de6632799147edd0aa0a74c5b05bd56f56a8ca14252dd17068ba44388b8dd832,ACCEPTED,ACCEPTED,FORMAL_WEIGHTED_G0_PROSPECTIVE_ROUND3_TARGETED_ACTIVE_LEARNING,NONE,True,0.12701449128459166,0.9770791169492637,-0.0035103962280767036,-0.003957814255887449,-0.003521485310487315,-0.0038668349599769963,-0.32788920173333874,0.39413085562136496,0.9708162817746365,2.7987175362201067e-05,2.7353271399678244e-05,0.2628504599661554,5.534044676187931e-05,0.2629058004129173,0.9708162817746365,3.6926392656604836,0.9853297447750418,0.5126864307245754,0.5203196528301555,-0.42674076612307343,-0.270340873068123,1.11073042732589,0.21309969579757426,82.59342197990003,True,True,82.59342197990004,bae71d21ecb813d28e09adaa1a923846fd1b428f6635188624eb2598bc5a952a,b67523595e95ca7b1a96b81ffe3b7d389cd54be0bc0436cf478ab6dc96fda5af
LPML_R3_033,B3_TARGETED_ACTIVE_LEARNING,3,454.0,de6632799147edd0aa0a74c5b05bd56f56a8ca14252dd17068ba44388b8dd832,ACCEPTED,ACCEPTED,FORMAL_WEIGHTED_G0_PROSPECTIVE_ROUND3_TARGETED_ACTIVE_LEARNING,NONE,True,0.1647371102548065,0.9733304834071752,-0.002953614117392793,-0.0010512260489213127,-0.003058144305977512,-0.0010761290368474315,-0.30783721979999085,0.46296968688356693,0.9745105454247494,9.828912560392725e-06,1.0510300300128859e-05,0.3091046848672558,2.0339212860521584e-05,0.30912502408011633,0.9745105454247494,3.1524802895678357,0.9871798897189117,0.555977908589382,0.5631981712549781,-0.5013426244792946,-0.22336545487674575,1.1329764205423103,0.24081992695119425,80.39367169549394,True,True,80.39367169549394,bae71d21ecb813d28e09adaa1a923846fd1b428f6635188624eb2598bc5a952a,b67523595e95ca7b1a96b81ffe3b7d389cd54be0bc0436cf478ab6dc96fda5af
LPML_R3_034,B3_TARGETED_ACTIVE_LEARNING,3,450.0,0d00b10bd9223eb4ed531ab1f2d51f475e50a41ec2ff3b936a0073a052a0edd6,ACCEPTED,ACCEPTED,FORMAL_WEIGHTED_G0_PROSPECTIVE_ROUND3_TARGETED_ACTIVE_LEARNING,NONE,True,-0.17776525610124597,0.9690496524235522,0.0004339039284517762,0.006877772614118155,0.0010028363556547385,0.017599019874343393,-0.007904822329754436,-0.0010747354385339158,0.970657715138949,4.749202875063956e-05,0.0003107311812937567,6.364127232782504e-05,0.0003582232100443963,0.0004218644823722213,0.970657715138949,2300.8756501157973,0.9854009920843045,0.008028973819236236,0.008147925447338427,0.002567281691334978,-0.007483648274930148,0.985433701281482,0.0004344283323685083,100.39492998526975,True,True,100.39492998526977,1773e3ab5e06c3cb82cde3a8986817bb51034766c5f3b675c6001395d6b6af6d,714ece41d0ac55c1e9fafe6ca9709765dbad56104aa29b617c160a27733cb37e
LPML_R3_034,B3_TARGETED_ACTIVE_LEARNING,3,450.5,0d00b10bd9223eb4ed531ab1f2d51f475e50a41ec2ff3b936a0073a052a0edd6,ACCEPTED,ACCEPTED,FORMAL_WEIGHTED_G0_PROSPECTIVE_ROUND3_TARGETED_ACTIVE_LEARNING,NONE,True,-0.12966885756576638,0.9632537501988931,-0.003451780613217981,0.017068293787465418,-0.0036348704826782065,0.01772264735803422,-0.0970954549322694,0.014133296359119472,0.9446717998946427,0.00030324144221701804,0.0003273045128030826,0.00962727743447906,0.0006305459550201007,0.010257823389499161,0.9446717998946427,92.09281189825265,0.9722831255244574,0.09795482175234631,0.10074721979722592,-0.0007337454283635571,-0.09523699375545847,0.9772050057608904,0.010741967930810503,97.66680914014933,True,True,97.66680914014933,1773e3ab5e06c3cb82cde3a8986817bb51034766c5f3b675c6001395d6b6af6d,714ece41d0ac55c1e9fafe6ca9709765dbad56104aa29b617c160a27733cb37e
LPML_R3_034,B3_TARGETED_ACTIVE_LEARNING,3,451.0,0d00b10bd9223eb4ed531ab1f2d51f475e50a41ec2ff3b936a0073a052a0edd6,ACCEPTED,ACCEPTED,FORMAL_WEIGHTED_G0_PROSPECTIVE_ROUND3_TARGETED_ACTIVE_LEARNING,NONE,True,-0.07304124123380426,0.9743449477166559,-0.004299340711629857,0.00970339711342232,-0.00429087104189535,0.00982138761632402,-0.1793494758561214,0.050015215424460226,0.9546831000619479,0.00011264024609545054,0.00011487122900825891,0.03466775626382064,0.00022751147510370945,0.03489526773892435,0.9546831000619479,27.35852629659107,0.9772193371438553,0.186066479821046,0.19040400936484472,-0.035555311218932406,-0.17831756757391537,0.9947755363904321,0.035262763288239185,94.28712832646954,True,True,94.28712832646954,1773e3ab5e06c3cb82cde3a8986817bb51034766c5f3b675c6001395d6b6af6d,714ece41d0ac55c1e9fafe6ca9709765dbad56104aa29b617c160a27733cb37e
LPML_R3_034,B3_TARGETED_ACTIVE_LEARNING,3,451.5,0d00b10bd9223eb4ed531ab1f2d51f475e50a41ec2ff3b936a0073a052a0edd6,ACCEPTED,ACCEPTED,FORMAL_WEIGHTED_G0_PROSPECTIVE_ROUND3_TARGETED_ACTIVE_LEARNING,NONE,True,-0.036077554211665586,0.9895038398260736,0.0018865675627161304,0.007227691857287246,0.0018796521053206481,0.007364195954564457,-0.24518537486572833,0.09514685181163658,0.9804194389484395,5.5798666752589036e-05,5.7764474094259854e-05,0.06916879145771328,0.0001135631408468489,0.06928235459856014,0.9804194389484395,14.151069844973415,0.9902202181749811,0.26299375099893985,0.2655911747425727,-0.08525280651290576,-0.24607201420256658,1.0245495564134512,0.06600193981230729,92.08809332086645,True,True,92.08809332086646,1773e3ab5e06c3cb82cde3a8986817bb51034766c5f3b675c6001395d6b6af6d,714ece41d0ac55c1e9fafe6ca9709765dbad56104aa29b617c160a27733cb37e
LPML_R3_034,B3_TARGETED_ACTIVE_LEARNING,3,452.0,0d00b10bd9223eb4ed531ab1f2d51f475e50a41ec2ff3b936a0073a052a0edd6,ACCEPTED,ACCEPTED,FORMAL_WEIGHTED_G0_PROSPECTIVE_ROUND3_TARGETED_ACTIVE_LEARNING,NONE,True,-0.0034032103682798643,0.9851800156221374,0.0015355774592096432,0.011297519284856042,0.0014606186852071836,0.011356819207987999,-0.28974320942757725,0.15545868263501844,0.9705912450220455,0.00012999194012492695,0.00013111074946650156,0.1081185294160083,0.0002611026895914285,0.10837963210559974,0.9705912450220455,8.955476468829028,0.9853461392166925,0.3287306846925058,0.33361949837630916,-0.1520426693016144,-0.2860122188341995,1.0387352295593162,0.10044722652210958,90.19792201649784,True,True,90.19792201649784,1773e3ab5e06c3cb82cde3a8986817bb51034766c5f3b675c6001395d6b6af6d,714ece41d0ac55c1e9fafe6ca9709765dbad56104aa29b617c160a27733cb37e
LPML_R3_034,B3_TARGETED_ACTIVE_LEARNING,3,452.5,0d00b10bd9223eb4ed531ab1f2d51f475e50a41ec2ff3b936a0073a052a0edd6,ACCEPTED,ACCEPTED,FORMAL_WEIGHTED_G0_PROSPECTIVE_ROUND3_TARGETED_ACTIVE_LEARNING,NONE,True,0.04459501818516882,0.9785323097750129,-0.004463455265291661,0.00854605503708883,-0.004464557887600264,0.008515326681891094,-0.3227095239358047,0.2297492638185426,0.9595141969205574,9.295748960221122e-05,9.244306563106011e-05,0.15692616106403598,0.00018540055523327131,0.15711156161926926,0.9595141969205574,6.107215707305883,0.9797067301943199,0.3959804052624078,0.40418259164542747,-0.23915546978584004,-0.30545986110814305,1.0567051426674456,0.14070207535308743,87.39064354109689,True,True,87.39064354109689,1773e3ab5e06c3cb82cde3a8986817bb51034766c5f3b675c6001395d6b6af6d,714ece41d0ac55c1e9fafe6ca9709765dbad56104aa29b617c160a27733cb37e
LPML_R3_034,B3_TARGETED_ACTIVE_LEARNING,3,453.0,0d00b10bd9223eb4ed531ab1f2d51f475e50a41ec2ff3b936a0073a052a0edd6,ACCEPTED,ACCEPTED,FORMAL_WEIGHTED_G0_PROSPECTIVE_ROUND3_TARGETED_ACTIVE_LEARNING,NONE,True,0.0894528871980652,0.9848969583270732,-0.0029388049532539473,0.0019129187620063495,-0.0028951008353186513,0.0019562186254161386,-0.3446986950574767,0.3037011294848757,0.9780238375499904,1.2295832743305839e-05,1.2208400157087759e-05,0.21105156642471656,2.45042329003936e-05,0.21107607065761697,0.9780238375499904,4.633513569316092,0.9889692492181202,0.4593906097304944,0.4645145540103385,-0.32995337820581133,-0.3123144663859928,1.0904585770251005,0.17750911357463872,84.81037156055083,True,True,84.81037156055083,1773e3ab5e06c3cb82cde3a8986817bb51034766c5f3b675c6001395d6b6af6d,714ece41d0ac55c1e9fafe6ca9709765dbad56104aa29b617c160a27733cb37e
LPML_R3_034,B3_TARGETED_ACTIVE_LEARNING,3,453.5,0d00b10bd9223eb4ed531ab1f2d51f475e50a41ec2ff3b936a0073a052a0edd6,ACCEPTED,ACCEPTED,FORMAL_WEIGHTED_G0_PROSPECTIVE_ROUND3_TARGETED_ACTIVE_LEARNING,NONE,True,0.12040902849245574,0.9847242740876118,0.001081087843770346,0.003861034263892545,0.0010310144476401695,0.003924212798970691,-0.3467695783323624,0.37339003147600536,0.9841802301198709,1.6076336512900265e-05,1.646243688284814e-05,0.2596692560624568,3.253877339574841e-05,0.25970179483585254,0.9841802301198709,3.789655095537299,0.9920854617960955,0.509557122851355,0.5136222054185136,-0.40942637883160865,-0.29652111356107175,1.1152945911084315,0.20878330068729534,83.02865676053676,True,True,83.02865676053676,1773e3ab5e06c3cb82cde3a8986817bb51034766c5f3b675c6001395d6b6af6d,714ece41d0ac55c1e9fafe6ca9709765dbad56104aa29b617c160a27733cb37e
LPML_R3_034,B3_TARGETED_ACTIVE_LEARNING,3,454.0,0d00b10bd9223eb4ed531ab1f2d51f475e50a41ec2ff3b936a0073a052a0edd6,ACCEPTED,ACCEPTED,FORMAL_WEIGHTED_G0_PROSPECTIVE_ROUND3_TARGETED_ACTIVE_LEARNING,NONE,True,0.1578124437949665,0.9717451755774369,-0.0037230740330381194,0.007146674572063464,-0.003780354812731431,0.007110041653476904,-0.3321421716008171,0.44584601710707883,0.969193453674563,6.49362376944612e-05,6.484377482431829e-05,0.3090970931259522,0.0001297800125187795,0.3092268731384709,0.969193453674563,3.134247175343525,0.984621193956637,0.555825000539235,0.5645064355213479,-0.48562814534885895,-0.2523440151659192,1.130672510859371,0.24188200598260257,80.77563700445836,True,True,80.77563700445836,1773e3ab5e06c3cb82cde3a8986817bb51034766c5f3b675c6001395d6b6af6d,714ece41d0ac55c1e9fafe6ca9709765dbad56104aa29b617c160a27733cb37e
LPML_R3_035,B3_TARGETED_ACTIVE_LEARNING,3,450.0,6ba043f6078df11155dc28f5f6891152b1cd087d3b90425d796a9d74faa4c46c,ACCEPTED,ACCEPTED,FORMAL_WEIGHTED_G0_PROSPECTIVE_ROUND3_TARGETED_ACTIVE_LEARNING,NONE,True,-0.16917520420357676,0.9628472249103381,0.0032109852860905327,0.0050444351212309575,0.0038709741823464007,0.006071218716257465,-0.02113288975112674,-0.0012413929373749244,0.9556950282348613,3.575675219979828e-05,5.1844137821027343e-05,0.00044814008565824176,8.760089002082562e-05,0.0005357409756790674,0.9556950282348613,1783.8751777824905,0.9776404459017344,0.021211500361791983,0.021696627273053732,0.0047886289116118915,-0.020176752819616568,0.9778705278361447,0.0005602632679573283,99.96532624348748,True,True,99.96532624348748,b378f12e45dd312cdfc5a5158e7ea61a0ebf3be085d37863b8b21780d30f98d5,76bea001dc5c5bf802b57673874e16b1364ae373b6d1bbbad91dd90578f1f2f2
LPML_R3_035,B3_TARGETED_ACTIVE_LEARNING,3,450.5,6ba043f6078df11155dc28f5f6891152b1cd087d3b90425d796a9d74faa4c46c,ACCEPTED,ACCEPTED,FORMAL_WEIGHTED_G0_PROSPECTIVE_ROUND3_TARGETED_ACTIVE_LEARNING,NONE,True,-0.1328883031714595,0.9741556424283114,-0.001026849456134705,-0.0014375319745932725,-0.0009027559907717966,-0.001576787462539725,-0.0976104574066124,0.00872681972671107,0.9666385167947059,3.120917983542173e-06,3.301227080896833e-06,0.009603958777670606,6.422145064439006e-06,0.009610380922735045,0.9666385167947059,100.58274740265006,0.9831807586481157,0.09800251803681716,0.09967904393447619,0.004471347067220849,-0.096250386972176,0.9880530844633,0.00984419131760872,97.76798943816436,True,True,97.76798943816436,b378f12e45dd312cdfc5a5158e7ea61a0ebf3be085d37863b8b21780d30f98d5,76bea001dc5c5bf802b57673874e16b1364ae373b6d1bbbad91dd90578f1f2f2
LPML_R3_035,B3_TARGETED_ACTIVE_LEARNING,3,451.0,6ba043f6078df11155dc28f5f6891152b1cd087d3b90425d796a9d74faa4c46c,ACCEPTED,ACCEPTED,FORMAL_WEIGHTED_G0_PROSPECTIVE_ROUND3_TARGETED_ACTIVE_LEARNING,NONE,True,-0.09052990622589979,0.9740178515387379,0.006177791257374775,-0.005685065336834778,0.006377207030162247,-0.00564582681883808,-0.17229618509394332,0.050586063236134016,0.956906439037409,7.048507270377653e-05,7.254412997386209e-05,0.03224492519165652,0.00014302920267763862,0.03238795439433415,0.956906439037409,29.54513358228043,0.9783048798828718,0.17948246551990246,0.1834627110736595,-0.03368107131091888,-0.17232797801643293,0.9946327932617862,0.032738439244545,95.31008970453809,True,True,95.31008970453809,b378f12e45dd312cdfc5a5158e7ea61a0ebf3be085d37863b8b21780d30f98d5,76bea001dc5c5bf802b57673874e16b1364ae373b6d1bbbad91dd90578f1f2f2
LPML_R3_035,B3_TARGETED_ACTIVE_LEARNING,3,451.5,6ba043f6078df11155dc28f5f6891152b1cd087d3b90425d796a9d74faa4c46c,ACCEPTED,ACCEPTED,FORMAL_WEIGHTED_G0_PROSPECTIVE_ROUND3_TARGETED_ACTIVE_LEARNING,NONE,True,-0.042502581507879174,0.9784444267594021,0.009217886244898265,0.0018293981752853117,0.00918346560034063,0.0018889349647776817,-0.24517804900514967,0.10154932091387746,0.959159965691369,8.831612450762186e-05,8.790411573379934e-05,0.0704245402920412,0.0001762202402414212,0.07060076053228262,0.959159965691369,13.58568885745625,0.9794463188760483,0.2654159653521429,0.2709857194182094,-0.08902086360466133,-0.24424341610488554,1.014771267933642,0.06856035458954657,92.48730382595261,True,True,92.48730382595261,b378f12e45dd312cdfc5a5158e7ea61a0ebf3be085d37863b8b21780d30f98d5,76bea001dc5c5bf802b57673874e16b1364ae373b6d1bbbad91dd90578f1f2f2
LPML_R3_035,B3_TARGETED_ACTIVE_LEARNING,3,452.0,6ba043f6078df11155dc28f5f6891152b1cd087d3b90425d796a9d74faa4c46c,ACCEPTED,ACCEPTED,FORMAL_WEIGHTED_G0_PROSPECTIVE_ROUND3_TARGETED_ACTIVE_LEARNING,NONE,True,-0.0019905960180948315,0.9864192223971914,0.0011467422189213382,0.003931960324861874,0.001156136546588431,0.003824857227381996,-0.2937621830899934,0.15538933266923602,0.973026844787187,1.6775329712944533e-05,1.5966184524213708e-05,0.11044206492118933,3.2741514237158244e-05,0.11047480643542648,0.973026844787187,8.80768092004696,0.9864393673607575,0.3323236761705702,0.33689214681254076,-0.152680549472203,-0.29009091360849376,1.0409138538911917,0.10196090269984126,90.11562284386082,True,True,90.11562284386082,b378f12e45dd312cdfc5a5158e7ea61a0ebf3be085d37863b8b21780d30f98d5,76bea001dc5c5bf802b57673874e16b1364ae373b6d1bbbad91dd90578f1f2f2
LPML_R3_035,B3_TARGETED_ACTIVE_LEARNING,3,452.5,6ba043f6078df11155dc28f5f6891152b1cd087d3b90425d796a9d74faa4c46c,ACCEPTED,ACCEPTED,FORMAL_WEIGHTED_G0_PROSPECTIVE_ROUND3_TARGETED_ACTIVE_LEARNING,NONE,True,0.03376782596258421,0.9855721726161439,-0.0001185662844518121,-0.004212911384259689,3.285687668231481e-05,-0.004238434529243006,-0.3187464315271155,0.22652857014419542,0.9724927735055457,1.776268029543359e-05,1.7965406833024705e-05,0.1529144807028438,3.572808712845829e-05,0.15295020878997226,0.9724927735055457,6.3582310949372465,0.9861770091714263,0.391021596433264,0.3965024461093405,-0.23400576901784814,-0.30649859981396416,1.060868975083878,0.1359022280080383,88.03769076341524,True,True,88.03769076341524,b378f12e45dd312cdfc5a5158e7ea61a0ebf3be085d37863b8b21780d30f98d5,76bea001dc5c5bf802b57673874e16b1364ae373b6d1bbbad91dd90578f1f2f2
LPML_R3_035,B3_TARGETED_ACTIVE_LEARNING,3,453.0,6ba043f6078df11155dc28f5f6891152b1cd087d3b90425d796a9d74faa4c46c,ACCEPTED,ACCEPTED,FORMAL_WEIGHTED_G0_PROSPECTIVE_ROUND3_TARGETED_ACTIVE_LEARNING,NONE,True,0.0756868139496658,0.9799038918251848,0.007902767222980372,-0.004300597576197646,0.00794007031838106,-0.004196748547476028,-0.33858341738482384,0.3077316953412271,0.9659401310199949,8.094886929300996e-05,8.065741503157804e-05,0.20933752684557164,0.000161606284324588,0.20949913312989624,0.9659401310199949,4.610711827724274,0.9829357334567586,0.4574676032723133,0.465409474598614,-0.3272184860217068,-0.30842066385712297,1.0841767679441812,0.17823050456070244,85.58329949559175,True,True,85.58329949559175,b378f12e45dd312cdfc5a5158e7ea61a0ebf3be085d37863b8b21780d30f98d5,76bea001dc5c5bf802b57673874e16b1364ae373b6d1bbbad91dd90578f1f2f2
LPML_R3_035,B3_TARGETED_ACTIVE_LEARNING,3,453.5,6ba043f6078df11155dc28f5f6891152b1cd087d3b90425d796a9d74faa4c46c,ACCEPTED,ACCEPTED,FORMAL_WEIGHTED_G0_PROSPECTIVE_ROUND3_TARGETED_ACTIVE_LEARNING,NONE,True,0.11851685347105775,0.9798270304884992,0.006712196609398845,0.003586038615187754,0.006644303646564173,0.003559668154019246,-0.34776621144778613,0.37835592580331057,0.9741072542325907,5.7913256272843054e-05,5.681800831448475e-05,0.2640945444152266,0.0001147312645873278,0.26420927567981395,0.9741072542325907,3.686877577353028,0.9870095976951258,0.5139344160202838,0.5206984990018622,-0.4119713531368776,-0.29595690037074407,1.1127967154482459,0.21336166424145486,83.10318391312234,True,True,83.10318391312234,b378f12e45dd312cdfc5a5158e7ea61a0ebf3be085d37863b8b21780d30f98d5,76bea001dc5c5bf802b57673874e16b1364ae373b6d1bbbad91dd90578f1f2f2
LPML_R3_035,B3_TARGETED_ACTIVE_LEARNING,3,454.0,6ba043f6078df11155dc28f5f6891152b1cd087d3b90425d796a9d74faa4c46c,ACCEPTED,ACCEPTED,FORMAL_WEIGHTED_G0_PROSPECTIVE_ROUND3_TARGETED_ACTIVE_LEARNING,NONE,True,0.15364555462311003,0.9785687677456967,-0.0008553889207067061,0.0011088502357326057,-0.0007805351092931945,0.0010114408376671396,-0.33213997632104214,0.44377147999883043,0.9812037896627742,1.9612390509520387e-06,1.632247624940144e-06,0.3072500903308948,3.593486675892183e-06,0.3072536838175707,0.9812037896627742,3.1934646884343163,0.9905609492002098,0.5542981863581415,0.559580091266154,-0.4852922873421662,-0.2568365615054019,1.1351024066049482,0.23846629798935148,81.07681176700476,True,True,81.07681176700476,b378f12e45dd312cdfc5a5158e7ea61a0ebf3be085d37863b8b21780d30f98d5,76bea001dc5c5bf802b57673874e16b1364ae373b6d1bbbad91dd90578f1f2f2
LPML_R3_036,B3_TARGETED_ACTIVE_LEARNING,3,450.0,7c03f22b4861bc9bf840d52b336059d53c1bdc661a50022911d65669acf94367,ACCEPTED,ACCEPTED,FORMAL_WEIGHTED_G0_PROSPECTIVE_ROUND3_TARGETED_ACTIVE_LEARNING,NONE,True,-0.19447575172049583,0.9594708951473923,0.00293842316103507,-0.002422109108592432,0.0030590966592667084,-0.0026660091152297407,-0.07956765905535257,0.0009648672574578223,0.9584052166421905,1.4500943207233757e-05,1.64656769732248e-05,0.006331943336373345,3.096662018045856e-05,0.006362909956553803,0.9584052166421905,150.62372769475266,0.9789989360770937,0.07955633072649033,0.08126293890091162,0.014545686700704495,-0.07651525301501204,0.9822261076751849,0.0065952738084188445,101.45808744253532,True,True,101.45808744253532,c13ef1c44a223b67dc18c8fd499b16e7bbcd565d99e5b017947f11bce9d6dc98,0cd24d5cbff7edb21316df399011b702f917d6b6740fc842a5aac7bac0083f04
LPML_R3_036,B3_TARGETED_ACTIVE_LEARNING,3,450.5,7c03f22b4861bc9bf840d52b336059d53c1bdc661a50022911d65669acf94367,ACCEPTED,ACCEPTED,FORMAL_WEIGHTED_G0_PROSPECTIVE_ROUND3_TARGETED_ACTIVE_LEARNING,NONE,True,-0.1465115987657775,0.9655164147420253,0.0009039528953667528,-0.005001480232432598,0.001101356862072362,-0.00513992177768816,-0.14009193780595341,0.0268795533153167,0.9536875957091988,2.583193535245597e-05,2.7631782818386895e-05,0.020348261424658072,5.346371817084286e-05,0.020401725142828914,0.9536875957091988,46.745438879927974,0.9765989659722302,0.14263162522385792,0.1460493305784574,-0.005402844522282551,-0.13918907719325646,0.9869596348645814,0.02094440900448824,98.62848155126414,True,True,98.62848155126414,c13ef1c44a223b67dc18c8fd499b16e7bbcd565d99e5b017947f11bce9d6dc98,0cd24d5cbff7edb21316df399011b702f917d6b6740fc842a5aac7bac0083f04
LPML_R3_036,B3_TARGETED_ACTIVE_LEARNING,3,451.0,7c03f22b4861bc9bf840d52b336059d53c1bdc661a50022911d65669acf94367,ACCEPTED,ACCEPTED,FORMAL_WEIGHTED_G0_PROSPECTIVE_ROUND3_TARGETED_ACTIVE_LEARNING,NONE,True,-0.1023012452451181,0.9767189728233678,0.00452091408898406,-0.0057876414249539935,0.004599132732152255,-0.005730537530506334,-0.2079182723735181,0.07828535128491323,0.9644454966518364,5.393545746381806e-05,5.39910822764959e-05,0.049358604212590716,0.00010792653974031396,0.049466530752331025,0.9644454966518364,19.4969301866068,0.9821328635779216,0.22209697360477254,0.22613740140582472,-0.055180115708659515,-0.21103388494579137,1.0069319874768938,0.04878779363035646,95.9793406906121,True,True,95.9793406906121,c13ef1c44a223b67dc18c8fd499b16e7bbcd565d99e5b017947f11bce9d6dc98,0cd24d5cbff7edb21316df399011b702f917d6b6740fc842a5aac7bac0083f04
LPML_R3_036,B3_TARGETED_ACTIVE_LEARNING,3,451.5,7c03f22b4861bc9bf840d52b336059d53c1bdc661a50022911d65669acf94367,ACCEPTED,ACCEPTED,FORMAL_WEIGHTED_G0_PROSPECTIVE_ROUND3_TARGETED_ACTIVE_LEARNING,NONE,True,-0.064210755357051,0.9819350262404537,0.006038382808926961,-0.0015301091026829687,0.005977623312703502,-0.0015704100816334222,-0.2711494829509203,0.12819431506137635,0.9683194168613637,3.880330081325793e-05,3.8198168293072284e-05,0.08995582451860681,7.700146910633021e-05,0.09003282598771314,0.9683194168613637,10.755181859930856,0.9840770413018844,0.2999076851826334,0.30476037199879247,-0.108501467287806,-0.2744639993059851,1.0287624812604106,0.08506886681257031,93.74136234922213,True,True,93.74136234922213,c13ef1c44a223b67dc18c8fd499b16e7bbcd565d99e5b017947f11bce9d6dc98,0cd24d5cbff7edb21316df399011b702f917d6b6740fc842a5aac7bac0083f04
LPML_R3_036,B3_TARGETED_ACTIVE_LEARNING,3,452.0,7c03f22b4861bc9bf840d52b336059d53c1bdc661a50022911d65669acf94367,ACCEPTED,ACCEPTED,FORMAL_WEIGHTED_G0_PROSPECTIVE_ROUND3_TARGETED_ACTIVE_LEARNING,NONE,True,-0.022034163669367293,0.9820594646604621,0.003052070731162699,-2.114263312798828e-05,0.003138217497898213,-0.0001450433120919719,-0.3046628675091837,0.18245323436878164,0.964926296497802,9.315582758955597e-06,9.869446626497128e-06,0.126108645570548,1.9185029385452723e-05,0.12612783059993346,0.964926296497802,7.650383677480861,0.9823160369070277,0.35511875581698926,0.3615117156542969,-0.17247650917827526,-0.30321674796344855,1.0445353642159443,0.11560180880800175,91.2853119887917,True,True,91.2853119887917,c13ef1c44a223b67dc18c8fd499b16e7bbcd565d99e5b017947f11bce9d6dc98,0cd24d5cbff7edb21316df399011b702f917d6b6740fc842a5aac7bac0083f04
LPML_R3_036,B3_TARGETED_ACTIVE_LEARNING,3,452.5,7c03f22b4861bc9bf840d52b336059d53c1bdc661a50022911d65669acf94367,ACCEPTED,ACCEPTED,FORMAL_WEIGHTED_G0_PROSPECTIVE_ROUND3_TARGETED_ACTIVE_LEARNING,NONE,True,0.020475955408932097,0.9854622618925348,0.003178066384031882,-0.0027581164309868657,0.003331072793740414,-0.002717399272036612,-0.32110481563529575,0.2580650243048922,0.9715551343642594,1.770731218819321e-05,1.8480304760862674e-05,0.16970585939366187,3.6187616949055887e-05,0.16974204701061094,0.9715551343642594,5.723715198883665,0.9857032007926844,0.4119300684848424,0.417904769055813,-0.26089136192027956,-0.3111347264283883,1.0683151133326114,0.14872729888470437,88.80967837750529,True,True,88.80967837750529,c13ef1c44a223b67dc18c8fd499b16e7bbcd565d99e5b017947f11bce9d6dc98,0cd24d5cbff7edb21316df399011b702f917d6b6740fc842a5aac7bac0083f04
LPML_R3_036,B3_TARGETED_ACTIVE_LEARNING,3,453.0,7c03f22b4861bc9bf840d52b336059d53c1bdc661a50022911d65669acf94367,ACCEPTED,ACCEPTED,FORMAL_WEIGHTED_G0_PROSPECTIVE_ROUND3_TARGETED_ACTIVE_LEARNING,NONE,True,0.056912622617703815,0.9864221375200551,0.006969727279877303,-0.0023709257549019507,0.006953714103230459,-0.002284242437866061,-0.3387761361501047,0.33681958659730227,0.9762676800028596,5.4198387291123256e-05,5.357190334441447e-05,0.22821670434037195,0.00010777029063553772,0.22832447463100747,0.9762676800028596,4.275790764790303,0.9881270947007512,0.47769969578399274,0.483439527512057,-0.35156998468018236,-0.3149745870530156,1.0975391358096835,0.18954504539372985,86.69792283861187,True,True,86.69792283861187,c13ef1c44a223b67dc18c8fd499b16e7bbcd565d99e5b017947f11bce9d6dc98,0cd24d5cbff7edb21316df399011b702f917d6b6740fc842a5aac7bac0083f04
LPML_R3_036,B3_TARGETED_ACTIVE_LEARNING,3,453.5,7c03f22b4861bc9bf840d52b336059d53c1bdc661a50022911d65669acf94367,ACCEPTED,ACCEPTED,FORMAL_WEIGHTED_G0_PROSPECTIVE_ROUND3_TARGETED_ACTIVE_LEARNING,NONE,True,0.09525359489717018,0.9807817292888705,0.00733886220862238,0.0008798192196062843,0.0073139481558647315,0.0008004207099473847,-0.34069378286343144,0.40006223509281685,0.9710060478477014,5.463298037633437e-05,5.413451093958978e-05,0.27612204562925513,0.00010876749131592415,0.2762308131205711,0.9710060478477014,3.515198166628392,0.9854353235593458,0.5255036479890125,0.5332705611677468,-0.4248790101665539,-0.2960511805690335,1.1167975917632849,0.22147422174976739,84.45282683909386,True,True,84.45282683909386,c13ef1c44a223b67dc18c8fd499b16e7bbcd565d99e5b017947f11bce9d6dc98,0cd24d5cbff7edb21316df399011b702f917d6b6740fc842a5aac7bac0083f04
LPML_R3_036,B3_TARGETED_ACTIVE_LEARNING,3,454.0,7c03f22b4861bc9bf840d52b336059d53c1bdc661a50022911d65669acf94367,ACCEPTED,ACCEPTED,FORMAL_WEIGHTED_G0_PROSPECTIVE_ROUND3_TARGETED_ACTIVE_LEARNING,NONE,True,0.13738101862149266,0.9775329734069502,0.005311207427020919,0.0003719535010425263,0.00545426102917524,0.0003137938876854016,-0.3162707248117914,0.46460754599818915,0.9744442583753123,2.834727373977996e-05,2.9847429978328466e-05,0.31588734317143535,5.819470371810842e-05,0.31594553787515345,0.9744442583753123,3.084215921923753,0.9871595673056568,0.5620549661086308,0.5693658702439545,-0.4976476422366698,-0.24534049945429073,1.1359532544301572,0.24484503736251495,82.00013112946584,True,True,82.00013112946586,c13ef1c44a223b67dc18c8fd499b16e7bbcd565d99e5b017947f11bce9d6dc98,0cd24d5cbff7edb21316df399011b702f917d6b6740fc842a5aac7bac0083f04
LPML_R3_037,B4_TARGETED_ACTIVE_LEARNING,4,450.0,b88d0ba83892ed354877d92c09afe2689221e1d811868995824dfbf104a2645a,ACCEPTED,ACCEPTED,FORMAL_WEIGHTED_G0_PROSPECTIVE_ROUND3_TARGETED_ACTIVE_LEARNING,NONE,True,0.18282387369038844,0.9765281694890485,-0.0003955597766464094,-0.0020399084357272416,-0.0004136379420837033,-0.002033786595838637,-0.2965214331975117,0.5404897497903279,0.987031834596791,4.3176939630517185e-06,4.307384264544154e-06,0.3800541299739177,8.625078227595872e-06,0.38006275505214526,0.987031834596791,2.5970233112196657,0.9935051415307626,0.6164755659398639,0.6205056623964894,-0.5820106779198363,-0.1907487508957177,1.1692282025545468,0.27800765062624067,79.39594155560962,True,True,79.39594155560962,fdd23b2cafc83ec67c928b3ca0856e66406aa3b66431fd755c220ec58329b33b,97fa8c8b271c4c69e8c687fe967d9d124017a298c0da0edd02e1b525001be6a7
LPML_R3_037,B4_TARGETED_ACTIVE_LEARNING,4,450.5,b88d0ba83892ed354877d92c09afe2689221e1d811868995824dfbf104a2645a,ACCEPTED,ACCEPTED,FORMAL_WEIGHTED_G0_PROSPECTIVE_ROUND3_TARGETED_ACTIVE_LEARNING,NONE,True,0.21628301702071623,0.9817979380948006,-0.0006257870484214465,-0.001207601019439823,-0.0006413092795763506,-0.0012385386151421986,-0.26165504853944754,0.6044799463609432,1.0107055346987854,1.8499096521241252e-06,1.945255493269093e-06,0.43385936997870944,3.7951651453932183e-06,0.43386316514385487,1.0107055346987854,2.3295490742194453,1.0053427141913323,0.6586764963660423,0.6551760778371603,-0.6500676139361904,-0.1261551901278232,1.2019021174133275,0.30034097041637153,77.57658072385715,True,True,77.57658072385715,fdd23b2cafc83ec67c928b3ca0856e66406aa3b66431fd755c220ec58329b33b,97fa8c8b271c4c69e8c687fe967d9d124017a298c0da0edd02e1b525001be6a7
LPML_R3_037,B4_TARGETED_ACTIVE_LEARNING,4,451.0,b88d0ba83892ed354877d92c09afe2689221e1d811868995824dfbf104a2645a,ACCEPTED,ACCEPTED,FORMAL_WEIGHTED_G0_PROSPECTIVE_ROUND3_TARGETED_ACTIVE_LEARNING,NONE,True,0.2408672193634126,0.9694203464982248,-0.00141997241022549,-0.0011550453687917944,-0.0013977507124968997,-0.0011772538377277516,-0.21089661310689523,0.6610984774603111,0.9977928255686006,3.3504514497689593e-06,3.33963365273031e-06,0.481528578320301,6.690085102499269e-06,0.4815352684054035,0.9977928255686006,2.07210746758545,0.9989011488987218,0.6939197278524494,0.6946830811211787,-0.6916810208470979,-0.04521380189559419,1.2162763230343687,0.3255094460565726,76.04655118948409,True,True,76.04655118948409,fdd23b2cafc83ec67c928b3ca0856e66406aa3b66431fd755c220ec58329b33b,97fa8c8b271c4c69e8c687fe967d9d124017a298c0da0edd02e1b525001be6a7
LPML_R3_037,B4_TARGETED_ACTIVE_LEARNING,4,451.5,b88d0ba83892ed354877d92c09afe2689221e1d811868995824dfbf104a2645a,ACCEPTED,ACCEPTED,FORMAL_WEIGHTED_G0_PROSPECTIVE_ROUND3_TARGETED_ACTIVE_LEARNING,NONE,True,0.28104694329825863,0.9504905397394875,-0.001377644348782775,-0.0015204392517077264,-0.001367737614251362,-0.001505702913452548,-0.15689358841610787,0.7142693906799386,0.9824196504715569,4.209639469866668e-06,4.137847445017499e-06,0.5347963605483738,8.347486914884168e-06,0.5348047080352887,0.9824196504715569,1.8369689640180442,0.9911812331969285,0.731289355498261,0.7377958046477339,-0.7230003570403958,0.05161320352175069,1.2317566149637051,0.35248887551581953,73.52777832430263,True,True,73.52777832430263,fdd23b2cafc83ec67c928b3ca0856e66406aa3b66431fd755c220ec58329b33b,97fa8c8b271c4c69e8c687fe967d9d124017a298c0da0edd02e1b525001be6a7
LPML_R3_037,B4_TARGETED_ACTIVE_LEARNING,4,452.0,b88d0ba83892ed354877d92c09afe2689221e1d811868995824dfbf104a2645a,ACCEPTED,ACCEPTED,FORMAL_WEIGHTED_G0_PROSPECTIVE_ROUND3_TARGETED_ACTIVE_LEARNING,NONE,True,0.3233802924283932,0.9463667254471231,-0.001052825477414873,-0.001110677469060445,-0.0010771270864611611,-0.0011113232889007382,-0.10461771241237862,0.7540631098180587,1.0001847925645835,2.342045926172371e-06,2.3952422128414635e-06,0.5795560393388808,4.737288139013834e-06,0.5795607766270198,1.0001847925645835,1.725763427928214,1.0000990165548203,0.7612801890747486,0.7612048171962372,-0.7474514421571964,0.14484006067269736,1.2568792977814551,0.36686969593691976,71.13433455577331,True,True,71.13433455577331,fdd23b2cafc83ec67c928b3ca0856e66406aa3b66431fd755c220ec58329b33b,97fa8c8b271c4c69e8c687fe967d9d124017a298c0da0edd02e1b525001be6a7
LPML_R3_037,B4_TARGETED_ACTIVE_LEARNING,4,452.5,b88d0ba83892ed354877d92c09afe2689221e1d811868995824dfbf104a2645a,ACCEPTED,ACCEPTED,FORMAL_WEIGHTED_G0_PROSPECTIVE_ROUND3_TARGETED_ACTIVE_LEARNING,NONE,True,0.34954240386926333,0.941250399486124,-0.0014154934937677729,-0.0006284198089035345,-0.0014193170278544612,-0.0006588296440498367,-0.04522294664455742,0.7802858338301922,1.0081322066354912,2.3985332871212512e-06,2.4485173254364557e-06,0.6108910973792947,4.8470506125577065e-06,0.6108959444299072,1.0081322066354912,1.6502519223241658,1.0040620484147613,0.7815929592815898,0.7784309351355214,-0.7502532852986414,0.23017504497099855,1.2724103705430094,0.3773226203805712,69.62703583486223,True,True,69.62703583486224,fdd23b2cafc83ec67c928b3ca0856e66406aa3b66431fd755c220ec58329b33b,97fa8c8b271c4c69e8c687fe967d9d124017a298c0da0edd02e1b525001be6a7
LPML_R3_037,B4_TARGETED_ACTIVE_LEARNING,4,453.0,b88d0ba83892ed354877d92c09afe2689221e1d811868995824dfbf104a2645a,ACCEPTED,ACCEPTED,FORMAL_WEIGHTED_G0_PROSPECTIVE_ROUND3_TARGETED_ACTIVE_LEARNING,NONE,True,0.37729686941679863,0.9205617397070602,-0.0016653722937573793,-0.0007789970329335489,-0.0016423420975555107,-0.0007843554878745944,0.01900909847492951,0.8038855431412445,0.9897868442842064,3.3803012541339876e-06,3.312501096762028e-06,0.6465933122963231,6.692802350896016e-06,0.646600005098674,0.9897868442842064,1.530756010639314,0.9948878874117189,0.8041050558629314,0.8082368536568232,-0.7328563248748609,0.3207999619354393,1.2792133713274265,0.395138842225799,67.71348150809706,True,True,67.71348150809708,fdd23b2cafc83ec67c928b3ca0856e66406aa3b66431fd755c220ec58329b33b,97fa8c8b271c4c69e8c687fe967d9d124017a298c0da0edd02e1b525001be6a7
LPML_R3_037,B4_TARGETED_ACTIVE_LEARNING,4,453.5,b88d0ba83892ed354877d92c09afe2689221e1d811868995824dfbf104a2645a,ACCEPTED,ACCEPTED,FORMAL_WEIGHTED_G0_PROSPECTIVE_ROUND3_TARGETED_ACTIVE_LEARNING,NONE,True,0.4176530633965151,0.9036487933572129,-0.0013906500832383106,-0.0007097732014346599,-0.0013959906696534353,-0.0006925859051744842,0.07694970296542505,0.8226918658507145,0.9910152231004404,2.4376856514855258e-06,2.4284651858058065e-06,0.6827431629233971,4.866150837291332e-06,0.6827480290742344,0.9910152231004404,1.451509460150618,0.9955046023242008,0.8262770957287935,0.8300083131707151,-0.7112876824654563,0.41313333025643456,1.2937400249565887,0.40791194823231935,65.1943206749421,True,True,65.1943206749421,fdd23b2cafc83ec67c928b3ca0856e66406aa3b66431fd755c220ec58329b33b,97fa8c8b271c4c69e8c687fe967d9d124017a298c0da0edd02e1b525001be6a7
LPML_R3_037,B4_TARGETED_ACTIVE_LEARNING,4,454.0,b88d0ba83892ed354877d92c09afe2689221e1d811868995824dfbf104a2645a,ACCEPTED,ACCEPTED,FORMAL_WEIGHTED_G0_PROSPECTIVE_ROUND3_TARGETED_ACTIVE_LEARNING,NONE,True,0.4503009161015367,0.8972497203997826,-0.0014341747583973272,-0.0003095217617282146,-0.0014563042328933067,-0.00032255207953864985,0.13270346166145688,0.8285454942149507,1.0078279757993711,2.15266095860737e-06,2.2248618627576697e-06,0.7040978447208306,4.3775228213650395e-06,0.7041022222436519,1.0078279757993711,1.4313659919832151,1.00391060765582,0.8391029078004352,0.8358342878354291,-0.6836577114247484,0.4921620255947158,1.3084075045806727,0.4112914317701386,63.34939033865146,True,True,63.34939033865147,fdd23b2cafc83ec67c928b3ca0856e66406aa3b66431fd755c220ec58329b33b,97fa8c8b271c4c69e8c687fe967d9d124017a298c0da0edd02e1b525001be6a7
LPML_R3_038,B4_TARGETED_ACTIVE_LEARNING,4,450.0,5e3b06bf4c963e306070ede2cb153e974cc30c4c29cdfca193218a2c9827c898,ACCEPTED,ACCEPTED,FORMAL_WEIGHTED_G0_PROSPECTIVE_ROUND3_TARGETED_ACTIVE_LEARNING,NONE,True,0.2975939662373125,0.9495107728387687,0.0005905019932287409,-0.0006950467871364261,0.0005800455239667076,-0.0006763167786887894,-0.2821828512331263,0.5426449013042007,0.9901328764777306,8.317826403157842e-07,7.938571950097933e-07,0.3740906504415024,1.6256398353255774e-06,0.37409227608133777,0.9901328764777306,2.6467610795108985,0.9950557847478211,0.6116282676585234,0.6146673151732187,-0.5992229659632226,-0.10644700619345726,1.168000493389908,0.2742159352359108,72.59805893963255,True,True,72.59805893963255,0061946e8be216f1424de2e4fd995e07f4af7ee4f26a7ff28d2f96c376173dd9,8c026d62583db4678587335e2f42de47971313acea697a358597e8118031cf2c
LPML_R3_038,B4_TARGETED_ACTIVE_LEARNING,4,450.5,5e3b06bf4c963e306070ede2cb153e974cc30c4c29cdfca193218a2c9827c898,ACCEPTED,ACCEPTED,FORMAL_WEIGHTED_G0_PROSPECTIVE_ROUND3_TARGETED_ACTIVE_LEARNING,NONE,True,0.3289567856912839,0.9468201780534247,9.108313301628877e-05,0.0004309218507885178,7.232961480798884e-05,0.0004161696951294512,-0.2394027027195738,0.5923822265471432,1.0046810164214601,1.9398977860706462e-07,1.784287883224124e-07,0.4082303563983875,3.7241856692947703e-07,0.40823072881695444,1.0046810164214601,2.4610617121670586,1.0023382696868277,0.638928586275204,0.637438084125863,-0.63963241603888,-0.03180322554427498,1.1886596423023768,0.28892868234177604,70.84107453805771,True,True,70.84107453805771,0061946e8be216f1424de2e4fd995e07f4af7ee4f26a7ff28d2f96c376173dd9,8c026d62583db4678587335e2f42de47971313acea697a358597e8118031cf2c
LPML_R3_038,B4_TARGETED_ACTIVE_LEARNING,4,451.0,5e3b06bf4c963e306070ede2cb153e974cc30c4c29cdfca193218a2c9827c898,ACCEPTED,ACCEPTED,FORMAL_WEIGHTED_G0_PROSPECTIVE_ROUND3_TARGETED_ACTIVE_LEARNING,NONE,True,0.35588921032759363,0.9294343108495771,-0.000974625428674714,-7.697086566148988e-05,-0.0009600589915952302,-9.53950088472383e-05,-0.17767885073003883,0.654790392103164,0.9905052682120264,9.558192403800492e-07,9.308134750558148e-07,0.4603202315873626,1.8866327154358642e-06,0.46032211822007807,0.9905052682120264,2.1517655333226244,0.995241921791961,0.678469530295907,0.6817131748975199,-0.6718195710688263,0.06789184852389885,1.2045029624007175,0.3172824848255096,69.04768314405999,True,True,69.04768314405999,0061946e8be216f1424de2e4fd995e07f4af7ee4f26a7ff28d2f96c376173dd9,8c026d62583db4678587335e2f42de47971313acea697a358597e8118031cf2c
LPML_R3_038,B4_TARGETED_ACTIVE_LEARNING,4,451.5,5e3b06bf4c963e306070ede2cb153e974cc30c4c29cdfca193218a2c9827c898,ACCEPTED,ACCEPTED,FORMAL_WEIGHTED_G0_PROSPECTIVE_ROUND3_TARGETED_ACTIVE_LEARNING,NONE,True,0.39545085825552967,0.9080005564409346,-0.0003566594134879848,-0.000994585692936596,-0.0003422897187614856,-0.0009796995198875912,-0.13270101042365992,0.7155669221482946,0.980846391792082,1.116406637823762e-06,1.0769734008377938e-06,0.5296455782402439,2.193380038661556e-06,0.5296477716202825,0.980846391792082,1.8518842981091117,0.9903808911564053,0.7277635974989466,0.7348320267459755,-0.7022110396305152,0.16247827234234016,1.2290216285372542,0.3506453612662447,66.46599331352076,True,True,66.46599331352076,0061946e8be216f1424de2e4fd995e07f4af7ee4f26a7ff28d2f96c376173dd9,8c026d62583db4678587335e2f42de47971313acea697a358597e8118031cf2c
LPML_R3_038,B4_TARGETED_ACTIVE_LEARNING,4,452.0,5e3b06bf4c963e306070ede2cb153e974cc30c4c29cdfca193218a2c9827c898,ACCEPTED,ACCEPTED,FORMAL_WEIGHTED_G0_PROSPECTIVE_ROUND3_TARGETED_ACTIVE_LEARNING,NONE,True,0.4359631229211566,0.8988976585443373,0.0005000494228022923,-0.00021439462228766307,0.000482195653263206,-0.00020401231487852833,-0.08808404516043497,0.7441691528015165,0.9980808450836596,2.9601447931077545e-07,2.7413367264802575e-07,0.5615465269931524,5.701481519588012e-07,0.5615470971413044,0.9980808450836596,1.7773769113305709,0.999040178477818,0.7493641731574664,0.7500841200393271,-0.7073335018043928,0.2452519712835071,1.2488506484864248,0.36005195978997506,64.12673043824935,True,True,64.12673043824935,0061946e8be216f1424de2e4fd995e07f4af7ee4f26a7ff28d2f96c376173dd9,8c026d62583db4678587335e2f42de47971313acea697a358597e8118031cf2c
LPML_R3_038,B4_TARGETED_ACTIVE_LEARNING,4,452.5,5e3b06bf4c963e306070ede2cb153e974cc30c4c29cdfca193218a2c9827c898,ACCEPTED,ACCEPTED,FORMAL_WEIGHTED_G0_PROSPECTIVE_ROUND3_TARGETED_ACTIVE_LEARNING,NONE,True,0.4620473899648243,0.8895149717940785,-0.0003429059311148551,0.0005914675731418762,-0.0003514074707261078,0.0005715440292106203,-0.018250608286338385,0.7627413047381971,1.0047246756191264,4.6741836767208644e-07,4.5014978780843065e-07,0.5821073826565488,9.17568155480517e-07,0.5821083002247043,1.0047246756191264,1.7260098769099919,1.0023606744717588,0.7629587499441576,0.7611618944909572,-0.686902238544295,0.3361888435895629,1.259695588562503,0.3668365285358126,62.550945483059195,True,True,62.550945483059195,0061946e8be216f1424de2e4fd995e07f4af7ee4f26a7ff28d2f96c376173dd9,8c026d62583db4678587335e2f42de47971313acea697a358597e8118031cf2c
LPML_R3_038,B4_TARGETED_ACTIVE_LEARNING,4,453.0,5e3b06bf4c963e306070ede2cb153e974cc30c4c29cdfca193218a2c9827c898,ACCEPTED,ACCEPTED,FORMAL_WEIGHTED_G0_PROSPECTIVE_ROUND3_TARGETED_ACTIVE_LEARNING,NONE,True,0.48779763426712514,0.8652939676420225,-0.000987811649090674,-0.0003068857532371085,-0.000968336296837027,-0.0003130779792804193,0.050099215621811216,0.7958435321469478,0.9866801824342774,1.0699507196191442e-06,1.0356930048823575e-06,0.6358768590660508,2.1056437245015015e-06,0.6358789647097753,0.9866801824342774,1.5516792301576023,0.9933198571253531,0.797417587330829,0.8027802742598329,-0.6642011891494186,0.4315605348585353,1.2737971373590273,0.3918987889156569,60.58846494959508,True,True,60.58846494959507,0061946e8be216f1424de2e4fd995e07f4af7ee4f26a7ff28d2f96c376173dd9,8c026d62583db4678587335e2f42de47971313acea697a358597e8118031cf2c
LPML_R3_038,B4_TARGETED_ACTIVE_LEARNING,4,453.5,5e3b06bf4c963e306070ede2cb153e974cc30c4c29cdfca193218a2c9827c898,ACCEPTED,ACCEPTED,FORMAL_WEIGHTED_G0_PROSPECTIVE_ROUND3_TARGETED_ACTIVE_LEARNING,NONE,True,0.5265633297257032,0.8418107597663513,4.318254834807507e-05,-0.0007907462660776751,4.5093234146746774e-05,-0.000771772952406995,0.09686436218842016,0.8159317638352666,0.9859142954702212,6.271443897976191e-07,5.976668898328231e-07,0.6751273478974986,1.2248112796304422e-06,0.6751285727087782,0.9859142954702212,1.4603356091336734,0.9929352663457954,0.8216583383778225,0.82750443682164,-0.6358543086166343,0.5111812777066105,1.2888145204718169,0.40644861468802485,57.97349725544461,True,True,57.97349725544461,0061946e8be216f1424de2e4fd995e07f4af7ee4f26a7ff28d2f96c376173dd9,8c026d62583db4678587335e2f42de47971313acea697a358597e8118031cf2c
LPML_R3_038,B4_TARGETED_ACTIVE_LEARNING,4,454.0,5e3b06bf4c963e306070ede2cb153e974cc30c4c29cdfca193218a2c9827c898,ACCEPTED,ACCEPTED,FORMAL_WEIGHTED_G0_PROSPECTIVE_ROUND3_TARGETED_ACTIVE_LEARNING,NONE,True,0.5610363353616727,0.8312907462214135,0.00042248316493737005,0.00032264461625796276,0.0004032813699856946,0.00032038801504259294,0.15204781650568747,0.8094787680611155,1.0058060743494097,2.825915730557451e-07,2.6528434356047157e-07,0.6783744144458884,5.478759166162166e-07,0.678374962321805,1.0058060743494097,1.482669806838005,1.0029000240222705,0.8236337647810122,0.8212521139222971,-0.5876079263879416,0.5805426789553337,1.2977600073477435,0.40279218655888305,55.98467108576429,True,True,55.98467108576429,0061946e8be216f1424de2e4fd995e07f4af7ee4f26a7ff28d2f96c376173dd9,8c026d62583db4678587335e2f42de47971313acea697a358597e8118031cf2c
LPML_R3_039,B4_TARGETED_ACTIVE_LEARNING,4,450.0,4e8d99bebe27b161f8213531a5e5dd1cfccdd1a4382cc269962219d59121c66b,ACCEPTED,ACCEPTED,FORMAL_WEIGHTED_G0_PROSPECTIVE_ROUND3_TARGETED_ACTIVE_LEARNING,NONE,True,0.2379201454317444,0.9629457627922648,0.0008911571857117217,6.998841657110116e-05,0.0008846759680533576,8.911781574476333e-05,-0.28351998435379094,0.5261070974526332,0.9838705376818392,7.990595080997662e-07,7.90593553534263e-07,0.35717225951800835,1.5896530616340292e-06,0.35717384917107,0.9838705376818392,2.754598467847544,0.9919029860381612,0.5976394005932741,0.6025179972290973,-0.5740684983253412,-0.14784303179686087,1.1580347088291045,0.2663400650065477,76.12157866904766,True,True,76.12157866904766,d3e4d03109e93ba81ca1b9ea75b582f4133ac8b7f36ebc24e68eb0d19545bb00,3f17f727cb4bf283ec7683d6b1b175444960939e26955676bed2b631652cf295
LPML_R3_039,B4_TARGETED_ACTIVE_LEARNING,4,450.5,4e8d99bebe27b161f8213531a5e5dd1cfccdd1a4382cc269962219d59121c66b,ACCEPTED,ACCEPTED,FORMAL_WEIGHTED_G0_PROSPECTIVE_ROUND3_TARGETED_ACTIVE_LEARNING,NONE,True,0.28528411847307006,0.9498362119839298,0.0005538362064212186,0.0010766675673185761,0.0005383857739370053,0.0010712133666320243,-0.2435196698037923,0.6013076199689438,0.9835758578489373,1.4659475940587475e-06,1.4373573184288638e-06,0.42087268341406375,2.9033049124876113e-06,0.42087558671897624,0.9835758578489373,2.336975317377301,0.9917573446303485,0.6487440280570401,0.6541358443872604,-0.6406151911560471,-0.05976145935528027,1.1850955423795644,0.29967257917446966,73.28231487182595,True,True,73.28231487182595,d3e4d03109e93ba81ca1b9ea75b582f4133ac8b7f36ebc24e68eb0d19545bb00,3f17f727cb4bf283ec7683d6b1b175444960939e26955676bed2b631652cf295
LPML_R3_039,B4_TARGETED_ACTIVE_LEARNING,4,451.0,4e8d99bebe27b161f8213531a5e5dd1cfccdd1a4382cc269962219d59121c66b,ACCEPTED,ACCEPTED,FORMAL_WEIGHTED_G0_PROSPECTIVE_ROUND3_TARGETED_ACTIVE_LEARNING,NONE,True,0.322617790142056,0.9506741121033538,-0.00036981287650102954,0.0005140242836146358,-0.00036027509913614993,0.0005021186437016289,-0.20547377597498095,0.661166090187803,1.0078635059396441,4.009825277715053e-07,3.8192127941032595e-07,0.47936007142764275,7.829038071818312e-07,0.47936085433145,1.0078635059396441,2.1025152488625314,1.0039249484219257,0.6923576086150333,0.6896507649335275,-0.6948428564125224,0.01796571427780354,1.2195180852578997,0.3223191248992664,71.25500362832022,True,True,71.25500362832022,d3e4d03109e93ba81ca1b9ea75b582f4133ac8b7f36ebc24e68eb0d19545bb00,3f17f727cb4bf283ec7683d6b1b175444960939e26955676bed2b631652cf295
LPML_R3_039,B4_TARGETED_ACTIVE_LEARNING,4,451.5,4e8d99bebe27b161f8213531a5e5dd1cfccdd1a4382cc269962219d59121c66b,ACCEPTED,ACCEPTED,FORMAL_WEIGHTED_G0_PROSPECTIVE_ROUND3_TARGETED_ACTIVE_LEARNING,NONE,True,0.34528487657675283,0.939673766730453,0.00030635955676121,-0.0004213765097181829,0.0003185212128417838,-0.0004082672952165017,-0.15372219332284762,0.70196460031455,1.0022084338740216,2.71414340961203e-07,2.68137947373599e-07,0.5163848128147528,5.395522883348021e-07,0.5163853523670412,1.0022084338740216,1.9408149926794642,1.0011042207606697,0.7185987235002821,0.7178061070946926,-0.7126955941853671,0.09792930724505644,1.2323123736460098,0.34004179198259266,69.82404981985752,True,True,69.82404981985752,d3e4d03109e93ba81ca1b9ea75b582f4133ac8b7f36ebc24e68eb0d19545bb00,3f17f727cb4bf283ec7683d6b1b175444960939e26955676bed2b631652cf295
LPML_R3_039,B4_TARGETED_ACTIVE_LEARNING,4,452.0,4e8d99bebe27b161f8213531a5e5dd1cfccdd1a4382cc269962219d59121c66b,ACCEPTED,ACCEPTED,FORMAL_WEIGHTED_G0_PROSPECTIVE_ROUND3_TARGETED_ACTIVE_LEARNING,NONE,True,0.37929216434512486,0.9153020972586959,0.0011157515654921458,0.0002826148412898113,0.0011029292278306546,0.0002944467311119455,-0.08954100546173978,0.741765450307335,0.9816404751797764,1.324772704415439e-06,1.3031517590656346e-06,0.5582335749287428,2.6279244634810734e-06,0.5582362028532063,0.9816404751797764,1.7584679570448933,0.9907791414248978,0.7471501662653401,0.7541036493671228,-0.7129028214795632,0.19938811276015259,1.2409176757678095,0.36252007113081886,67.4913650026875,True,True,67.4913650026875,d3e4d03109e93ba81ca1b9ea75b582f4133ac8b7f36ebc24e68eb0d19545bb00,3f17f727cb4bf283ec7683d6b1b175444960939e26955676bed2b631652cf295
LPML_R3_039,B4_TARGETED_ACTIVE_LEARNING,4,452.5,4e8d99bebe27b161f8213531a5e5dd1cfccdd1a4382cc269962219d59121c66b,ACCEPTED,ACCEPTED,FORMAL_WEIGHTED_G0_PROSPECTIVE_ROUND3_TARGETED_ACTIVE_LEARNING,NONE,True,0.42311690740489744,0.9033062985039623,0.0002732522506672827,0.0008871638218653829,0.000265215507193814,0.0008748343311396034,-0.032361908254870245,0.779314703132954,0.9949901862488141,8.617264393215284e-07,8.35674372196549e-07,0.6083786996251009,1.6974008115180775e-06,0.6083803970259124,0.9949901862488141,1.635473777775971,0.9974958166865769,0.7799824863210106,0.7819406089460211,-0.7176520467446301,0.30050803718649666,1.2662427031476733,0.3794384176509934,64.901179854997,True,True,64.901179854997,d3e4d03109e93ba81ca1b9ea75b582f4133ac8b7f36ebc24e68eb0d19545bb00,3f17f727cb4bf283ec7683d6b1b175444960939e26955676bed2b631652cf295
LPML_R3_039,B4_TARGETED_ACTIVE_LEARNING,4,453.0,4e8d99bebe27b161f8213531a5e5dd1cfccdd1a4382cc269962219d59121c66b,ACCEPTED,ACCEPTED,FORMAL_WEIGHTED_G0_PROSPECTIVE_ROUND3_TARGETED_ACTIVE_LEARNING,NONE,True,0.4513370372791323,0.8987385899165243,-0.0002181362062915678,-0.00011385315971329564,-0.0002035388755326789,-0.00011813275781422026,0.02086739863561949,0.7987080529700805,1.0114361742250477,6.054594647197865e-08,5.538342232190057e-08,0.6383700022050748,1.1592936879387921e-07,0.6383701181344436,1.0114361742250477,1.5844040087290472,1.0057019789641262,0.7989804890403345,0.7944505487234748,-0.70841155035479,0.37924081376092733,1.284447855056596,0.38693640646834393,63.334679788511096,True,True,63.3346797885111,d3e4d03109e93ba81ca1b9ea75b582f4133ac8b7f36ebc24e68eb0d19545bb00,3f17f727cb4bf283ec7683d6b1b175444960939e26955676bed2b631652cf295
LPML_R3_039,B4_TARGETED_ACTIVE_LEARNING,4,453.5,4e8d99bebe27b161f8213531a5e5dd1cfccdd1a4382cc269962219d59121c66b,ACCEPTED,ACCEPTED,FORMAL_WEIGHTED_G0_PROSPECTIVE_ROUND3_TARGETED_ACTIVE_LEARNING,NONE,True,0.47249442687437243,0.8772138436343313,0.0008130328143474653,-0.00048085218486938085,0.0008157844161246895,-0.0004646097608209315,0.08469409060071145,0.8078451724435306,0.9927551108910585,8.922411808994171e-07,8.813664434419835e-07,0.6597869116229993,1.7736076243414004e-06,0.6597886852306237,0.9927551108910585,1.5046561620620231,0.9963716793270333,0.8122729053444475,0.8152308241971216,-0.6686359228334806,0.4559979405205993,1.285513047822418,0.3992563990007809,61.69172496703084,True,True,61.69172496703084,d3e4d03109e93ba81ca1b9ea75b582f4133ac8b7f36ebc24e68eb0d19545bb00,3f17f727cb4bf283ec7683d6b1b175444960939e26955676bed2b631652cf295
LPML_R3_039,B4_TARGETED_ACTIVE_LEARNING,4,454.0,4e8d99bebe27b161f8213531a5e5dd1cfccdd1a4382cc269962219d59121c66b,ACCEPTED,ACCEPTED,FORMAL_WEIGHTED_G0_PROSPECTIVE_ROUND3_TARGETED_ACTIVE_LEARNING,NONE,True,0.509827434926632,0.8510461791409528,0.0009312410978589403,0.0005599040071598267,0.0009161669782692739,0.0005609936008680441,0.14866178523159898,0.8210643399546206,0.984203612434284,1.1807024795751557e-06,1.1540757522859467e-06,0.6962469767333627,2.3347782318611026e-06,0.6962493115115945,0.984203612434284,1.413579297188137,0.9920751885942022,0.8344098178483143,0.8410751800281346,-0.6229723517808059,0.5451181352685585,1.296322847112508,0.4143224136721001,59.07587571167653,True,True,59.07587571167653,d3e4d03109e93ba81ca1b9ea75b582f4133ac8b7f36ebc24e68eb0d19545bb00,3f17f727cb4bf283ec7683d6b1b175444960939e26955676bed2b631652cf295
LPML_R3_040,B4_TARGETED_ACTIVE_LEARNING,4,450.0,303ac4794bcfd46b0a1b5ab0cf425f18f6db10521cf936e8d4960ffa0db916ce,ACCEPTED,ACCEPTED,FORMAL_WEIGHTED_G0_PROSPECTIVE_ROUND3_TARGETED_ACTIVE_LEARNING,NONE,True,0.30521166892654455,0.9498710533474872,0.0003257553916193908,-0.0005683867435674089,0.00032214206090961885,-0.0005454667575231748,-0.2828034212681607,0.5296217345039805,0.9954091808363914,4.2918006543226617e-07,4.013094909699425e-07,0.36047695673998154,8.304895564022087e-07,0.36047778722953794,0.9954091808363914,2.761360661045543,0.997702854147605,0.6003965213853696,0.601778895278718,-0.5893870539158503,-0.10697968937251562,1.1644255957621035,0.2658612374921874,72.1867985276865,True,True,72.1867985276865,f801f1d6aee098be14cfb4aa4e022fc48fab083f490da9f729b3216f49618e28,44c9434b86c87b01b9e06e2e661172a966ca7d321f7702442c149c224549497a
LPML_R3_040,B4_TARGETED_ACTIVE_LEARNING,4,450.5,303ac4794bcfd46b0a1b5ab0cf425f18f6db10521cf936e8d4960ffa0db916ce,ACCEPTED,ACCEPTED,FORMAL_WEIGHTED_G0_PROSPECTIVE_ROUND3_TARGETED_ACTIVE_LEARNING,NONE,True,0.33372596639985247,0.944197904919932,-7.136669940851196e-05,0.00025327374103265856,-9.526019449458411e-05,0.0002452194272934734,-0.2432579632041157,0.583971767398501,1.0028827043047048,6.92407936811431e-08,6.920707217728507e-08,0.4001974617807438,1.3844786585842817e-07,0.4001976002286096,1.0028827043047048,2.5059688107370364,1.0014404902913372,0.6326114517919831,0.6317014919258407,-0.6325663628555717,-0.03479707515971432,1.184516907660382,0.28522786538702194,70.53408741874586,True,True,70.53408741874586,f801f1d6aee098be14cfb4aa4e022fc48fab083f490da9f729b3216f49618e28,44c9434b86c87b01b9e06e2e661172a966ca7d321f7702442c149c224549497a
LPML_R3_040,B4_TARGETED_ACTIVE_LEARNING,4,451.0,303ac4794bcfd46b0a1b5ab0cf425f18f6db10521cf936e8d4960ffa0db916ce,ACCEPTED,ACCEPTED,FORMAL_WEIGHTED_G0_PROSPECTIVE_ROUND3_TARGETED_ACTIVE_LEARNING,NONE,True,0.3639450143627416,0.9236939517605486,-0.0008228045664091592,-0.00013288268872674877,-0.0008141394235592778,-0.00015642964748480576,-0.1855921422075781,0.6460686432623225,0.9856664899985149,6.946651634670143e-07,6.872932356056536e-07,0.45184913505601615,1.3819583990726678e-06,0.4518505170144152,0.9856664899985149,2.181399495813943,0.9928078780494859,0.6721975336876854,0.6770670827152523,-0.6643156821557431,0.06370288550393553,1.1989649732218743,0.31432707565201756,68.49504444217945,True,True,68.49504444217945,f801f1d6aee098be14cfb4aa4e022fc48fab083f490da9f729b3216f49618e28,44c9434b86c87b01b9e06e2e661172a966ca7d321f7702442c149c224549497a
LPML_R3_040,B4_TARGETED_ACTIVE_LEARNING,4,451.5,303ac4794bcfd46b0a1b5ab0cf425f18f6db10521cf936e8d4960ffa0db916ce,ACCEPTED,ACCEPTED,FORMAL_WEIGHTED_G0_PROSPECTIVE_ROUND3_TARGETED_ACTIVE_LEARNING,NONE,True,0.40604783095025715,0.9065561724785565,-0.0003595387359174427,-0.0006978368511781835,-0.00033981983572619007,-0.0006875899392311997,-0.13935671338034128,0.7055363527891793,0.9867189348783787,6.162443734873947e-07,5.882574452849397e-07,0.5172018386712279,1.2045018187723345e-06,0.5172030431730468,0.9867189348783787,1.907798006803762,0.993339245793453,0.7191655726033607,0.7239878779066162,-0.6961934690782792,0.16014633266130648,1.2263449669858093,0.3439028425152527,65.87232287786708,True,True,65.87232287786708,f801f1d6aee098be14cfb4aa4e022fc48fab083f490da9f729b3216f49618e28,44c9434b86c87b01b9e06e2e661172a966ca7d321f7702442c149c224549497a
LPML_R3_040,B4_TARGETED_ACTIVE_LEARNING,4,452.0,303ac4794bcfd46b0a1b5ab0cf425f18f6db10521cf936e8d4960ffa0db916ce,ACCEPTED,ACCEPTED,FORMAL_WEIGHTED_G0_PROSPECTIVE_ROUND3_TARGETED_ACTIVE_LEARNING,NONE,True,0.4408722252926915,0.899726641040213,0.0001090465974342811,-9.258563537477318e-05,9.469384152800288e-05,-7.588430887476425e-05,-0.09291966948699379,0.7377752876058749,1.003876347632034,2.046326028974461e-08,1.4725351956731144e-08,0.5529464399795034,3.5188612246475755e-08,0.5529464751681157,1.003876347632034,1.8155036567089418,1.0019363240184993,0.7436036749589436,0.7421665999457407,-0.7047617861205476,0.24166234774087297,1.2477270626223307,0.3551762391134329,63.8948290906433,True,True,63.8948290906433,f801f1d6aee098be14cfb4aa4e022fc48fab083f490da9f729b3216f49618e28,44c9434b86c87b01b9e06e2e661172a966ca7d321f7702442c149c224549497a
LPML_R3_040,B4_TARGETED_ACTIVE_LEARNING,4,452.5,303ac4794bcfd46b0a1b5ab0cf425f18f6db10521cf936e8d4960ffa0db916ce,ACCEPTED,ACCEPTED,FORMAL_WEIGHTED_G0_PROSPECTIVE_ROUND3_TARGETED_ACTIVE_LEARNING,NONE,True,0.4648315011057236,0.8835032104679424,-0.0005182666871171142,0.00031653314031873225,-0.0005335405156756181,0.00029947136184867374,-0.025788022631550542,0.759711404148384,0.9966462473273618,3.68793587895387e-07,3.7434857843490376e-07,0.5778264397043548,7.431421663302907e-07,0.5778271828465211,0.9966462473273618,1.7248171718361074,0.998322048045321,0.760149010760705,0.7614266480932177,-0.6831947315882427,0.3303543157001211,1.2547802318230403,0.3669970999654827,62.25010282172164,True,True,62.25010282172163,f801f1d6aee098be14cfb4aa4e022fc48fab083f490da9f729b3216f49618e28,44c9434b86c87b01b9e06e2e661172a966ca7d321f7702442c149c224549497a
LPML_R3_040,B4_TARGETED_ACTIVE_LEARNING,4,453.0,303ac4794bcfd46b0a1b5ab0cf425f18f6db10521cf936e8d4960ffa0db916ce,ACCEPTED,ACCEPTED,FORMAL_WEIGHTED_G0_PROSPECTIVE_ROUND3_TARGETED_ACTIVE_LEARNING,NONE,True,0.49796756031654804,0.8581208356811267,-0.0007536676366109123,-0.0002882835614369859,-0.0007361333185392291,-0.0003008945327755781,0.04090522766551248,0.7912575497820283,0.98434305975769,6.511223182694705e-07,6.324297825178116e-07,0.6277617477374263,1.2835521007872822e-06,0.6277630312895272,0.98434305975769,1.5680169278775298,0.9921420919040472,0.7923131707345767,0.7985884050277785,-0.6586255814900777,0.42912178080545654,1.2696873989479527,0.3894055327845918,59.87340458926465,True,True,59.87340458926465,f801f1d6aee098be14cfb4aa4e022fc48fab083f490da9f729b3216f49618e28,44c9434b86c87b01b9e06e2e661172a966ca7d321f7702442c149c224549497a
LPML_R3_040,B4_TARGETED_ACTIVE_LEARNING,4,453.5,303ac4794bcfd46b0a1b5ab0cf425f18f6db10521cf936e8d4960ffa0db916ce,ACCEPTED,ACCEPTED,FORMAL_WEIGHTED_G0_PROSPECTIVE_ROUND3_TARGETED_ACTIVE_LEARNING,NONE,True,0.5362129390392151,0.8431940636929677,-9.737665655030154e-05,-0.0003400111304238165,-8.927915342967669e-05,-0.00032147380857473816,0.09054568040259439,0.811059480066696,0.9985005450401332,1.250897820529969e-07,1.1131617683666716e-07,0.6660160004456281,2.3640595888966408e-07,0.6660162368515871,0.9985005450401332,1.4992135173164494,0.9992506337890038,0.8160973917149807,0.8167094061481509,-0.6353286728771949,0.5112481060907386,1.290161533255321,0.40012587682934675,57.5464693203146,True,True,57.54646932031461,f801f1d6aee098be14cfb4aa4e022fc48fab083f490da9f729b3216f49618e28,44c9434b86c87b01b9e06e2e661172a966ca7d321f7702442c149c224549497a
LPML_R3_040,B4_TARGETED_ACTIVE_LEARNING,4,454.0,303ac4794bcfd46b0a1b5ab0cf425f18f6db10521cf936e8d4960ffa0db916ce,ACCEPTED,ACCEPTED,FORMAL_WEIGHTED_G0_PROSPECTIVE_ROUND3_TARGETED_ACTIVE_LEARNING,NONE,True,0.5609485238078467,0.8305301972501677,-0.00014193753473574821,0.0003200737933026177,-0.0001620646839258723,0.0003242840562073091,0.14670743704495082,0.808466452828071,1.004443654906605,1.2259349692598858e-07,1.314251108862581e-07,0.6751410774327017,2.5401860781224665e-07,0.6751413314513095,1.004443654906605,1.4877531682846532,1.0022197247644191,0.8216694041103434,0.8198495637306323,-0.5891604015036772,0.5753531177898197,1.2959880348050727,0.4019691393618108,55.96450896748826,True,True,55.96450896748826,f801f1d6aee098be14cfb4aa4e022fc48fab083f490da9f729b3216f49618e28,44c9434b86c87b01b9e06e2e661172a966ca7d321f7702442c149c224549497a
LPML_R3_041,B4_TARGETED_ACTIVE_LEARNING,4,450.0,a72334b7266a983cf7e3ca51007373ea850ec8e30a12fc6a64afc3581f65ece9,ACCEPTED,ACCEPTED,FORMAL_WEIGHTED_G0_PROSPECTIVE_ROUND3_TARGETED_ACTIVE_LEARNING,NONE,True,0.30166112035538317,0.9461302447135006,-0.001400921162098777,0.001969732602209997,-0.0013936052159233985,0.0019053650833570422,-0.2824784054154891,0.5298405288830956,0.9861618714956935,5.842426626625151e-06,5.572551598725089e-06,0.3605250355731959,1.141497822535024e-05,0.3605364505514212,0.9861618714956935,2.7352626065614496,0.9930685271027915,0.6004275331170341,0.6046184293733885,-0.5865091007764472,-0.10742366099357754,1.1604733181108107,0.2677187939191681,72.31580560945912,True,True,72.31580560945912,37149967d34a231e5821c38fa70085bd3531f8acb660325b8dc608642b16ea59,d3fff5d195d381e8e8fd7fa55b5cef874a569dc6b5ddf842283253b6b62e6fde
LPML_R3_041,B4_TARGETED_ACTIVE_LEARNING,4,450.5,a72334b7266a983cf7e3ca51007373ea850ec8e30a12fc6a64afc3581f65ece9,ACCEPTED,ACCEPTED,FORMAL_WEIGHTED_G0_PROSPECTIVE_ROUND3_TARGETED_ACTIVE_LEARNING,NONE,True,0.3405982800795255,0.9375977155433742,-9.580677634780737e-05,-0.0012109596158287573,-2.9414441438984142e-05,-0.0011901379439363167,-0.24307896559949269,0.5847093663984742,0.9950966645852847,1.47560212956229e-06,1.4172935349621308e-06,0.4009724266710244,2.8928956645244208e-06,0.4009753195666889,0.9950966645852847,2.481690558063845,0.9975492723346808,0.6332198934150151,0.6347755554299757,-0.631013005407836,-0.028759427944001895,1.1815549010316762,0.2872167940611289,70.0355886630903,True,True,70.0355886630903,37149967d34a231e5821c38fa70085bd3531f8acb660325b8dc608642b16ea59,d3fff5d195d381e8e8fd7fa55b5cef874a569dc6b5ddf842283253b6b62e6fde
LPML_R3_041,B4_TARGETED_ACTIVE_LEARNING,4,451.0,a72334b7266a983cf7e3ca51007373ea850ec8e30a12fc6a64afc3581f65ece9,ACCEPTED,ACCEPTED,FORMAL_WEIGHTED_G0_PROSPECTIVE_ROUND3_TARGETED_ACTIVE_LEARNING,NONE,True,0.37123018384108447,0.9272493168455872,0.002926877901539453,0.0001634982515745171,0.002902987438758985,0.00022977255711783702,-0.18556551467340424,0.6466622500156738,0.9976031449852935,8.593345928787916e-06,8.480131497596918e-06,0.4526066258313392,1.7073477426384834e-05,0.4526236993087656,0.9976031449852935,2.2040453173548036,0.9988062532457744,0.6727651245205845,0.6735691955615324,-0.6685131088060088,0.06799390209580365,1.2042536461618287,0.3121054482542649,68.18098981809337,True,True,68.18098981809337,37149967d34a231e5821c38fa70085bd3531f8acb660325b8dc608642b16ea59,d3fff5d195d381e8e8fd7fa55b5cef874a569dc6b5ddf842283253b6b62e6fde
LPML_R3_041,B4_TARGETED_ACTIVE_LEARNING,4,451.5,a72334b7266a983cf7e3ca51007373ea850ec8e30a12fc6a64afc3581f65ece9,ACCEPTED,ACCEPTED,FORMAL_WEIGHTED_G0_PROSPECTIVE_ROUND3_TARGETED_ACTIVE_LEARNING,NONE,True,0.4037245517917935,0.9089399475255526,0.0012013769911112947,0.002675203014358438,0.0011443441916594648,0.0026480078545487603,-0.13882892500642757,0.7059239785915636,0.989165341927239,8.600017842804104e-06,8.321469226736681e-06,0.5176021339689827,1.6921487069540783e-05,0.5176190554560521,0.989165341927239,1.910990972030053,0.9945963656351127,0.7194181446479622,0.7233267378657353,-0.6976854404121888,0.15880544343684774,1.227511465275698,0.34352562739231873,66.0506065310827,True,True,66.0506065310827,37149967d34a231e5821c38fa70085bd3531f8acb660325b8dc608642b16ea59,d3fff5d195d381e8e8fd7fa55b5cef874a569dc6b5ddf842283253b6b62e6fde
LPML_R3_041,B4_TARGETED_ACTIVE_LEARNING,4,452.0,a72334b7266a983cf7e3ca51007373ea850ec8e30a12fc6a64afc3581f65ece9,ACCEPTED,ACCEPTED,FORMAL_WEIGHTED_G0_PROSPECTIVE_ROUND3_TARGETED_ACTIVE_LEARNING,NONE,True,0.4414121841934015,0.8935703582286527,-0.0010455943622215086,0.0003885353213531177,-0.001007537180507675,0.0003406555725646409,-0.09196187093900172,0.7385649786560557,0.9933127014592722,1.2442272662483735e-06,1.1311773892246989e-06,0.5539352134038217,2.3754046554730723e-06,0.5539375888084771,0.9933127014592722,1.7931852279530145,0.996651546161022,0.7442687591203825,0.7467692815881471,-0.7005537839849988,0.24383792609030996,1.2438851595978422,0.35801420900856273,63.71122455888394,True,True,63.71122455888394,37149967d34a231e5821c38fa70085bd3531f8acb660325b8dc608642b16ea59,d3fff5d195d381e8e8fd7fa55b5cef874a569dc6b5ddf842283253b6b62e6fde
LPML_R3_041,B4_TARGETED_ACTIVE_LEARNING,4,452.5,a72334b7266a983cf7e3ca51007373ea850ec8e30a12fc6a64afc3581f65ece9,ACCEPTED,ACCEPTED,FORMAL_WEIGHTED_G0_PROSPECTIVE_ROUND3_TARGETED_ACTIVE_LEARNING,NONE,True,0.4722663774882567,0.8819565920633117,0.001472688335008612,-0.0016704554675906215,0.0015153692014434124,-0.0016231640578650316,-0.02509484040218514,0.760710970757013,1.0008829615898112,4.959232401273841e-06,4.93100537542812e-06,0.5793109320448881,9.89023777670196e-06,0.5793208222826649,1.0008829615898112,1.7276833890521817,1.000449961053231,0.7611200032196401,0.7607776828921714,-0.6827650249276856,0.3371305763270476,1.2570615672561454,0.36661146378410203,61.832029868839925,True,True,61.832029868839925,37149967d34a231e5821c38fa70085bd3531f8acb660325b8dc608642b16ea59,d3fff5d195d381e8e8fd7fa55b5cef874a569dc6b5ddf842283253b6b62e6fde
LPML_R3_041,B4_TARGETED_ACTIVE_LEARNING,4,453.0,a72334b7266a983cf7e3ca51007373ea850ec8e30a12fc6a64afc3581f65ece9,ACCEPTED,ACCEPTED,FORMAL_WEIGHTED_G0_PROSPECTIVE_ROUND3_TARGETED_ACTIVE_LEARNING,NONE,True,0.49908079211534645,0.8621863283947035,0.002974452768085363,0.000974926353471541,0.002924693459310944,0.0010116929051446765,0.0415708154461042,0.7917439710160974,0.9924469019292212,9.797850664263996e-06,9.577354365256292e-06,0.628586648337193,1.9375205029520288e-05,0.6286060235422225,0.9924469019292212,1.5788059050671188,0.9962356995409328,0.7928223990476251,0.7958180974772928,-0.66189134493377,0.43098013635162274,1.273205767137207,0.3877763727914114,59.93538482099541,True,True,59.93538482099542,37149967d34a231e5821c38fa70085bd3531f8acb660325b8dc608642b16ea59,d3fff5d195d381e8e8fd7fa55b5cef874a569dc6b5ddf842283253b6b62e6fde
LPML_R3_041,B4_TARGETED_ACTIVE_LEARNING,4,453.5,a72334b7266a983cf7e3ca51007373ea850ec8e30a12fc6a64afc3581f65ece9,ACCEPTED,ACCEPTED,FORMAL_WEIGHTED_G0_PROSPECTIVE_ROUND3_TARGETED_ACTIVE_LEARNING,NONE,True,0.5336402751983682,0.8399193910222948,-2.875441379383954e-05,0.001854509361623702,-5.3924558987339876e-05,0.0018030888622515358,0.09185455644897304,0.8113695417070858,0.9902365267290528,3.4400317886625786e-06,3.2540373032375174e-06,0.6667577927504038,6.694069091900096e-06,0.6667644868194957,0.9902365267290528,1.4851368756193615,0.9951229103803351,0.816536225029068,0.8205380626971884,-0.6324643782883941,0.5101300404897503,1.2872455140914452,0.4023923228577798,57.57028588525233,True,True,57.57028588525233,37149967d34a231e5821c38fa70085bd3531f8acb660325b8dc608642b16ea59,d3fff5d195d381e8e8fd7fa55b5cef874a569dc6b5ddf842283253b6b62e6fde
LPML_R3_041,B4_TARGETED_ACTIVE_LEARNING,4,454.0,a72334b7266a983cf7e3ca51007373ea850ec8e30a12fc6a64afc3581f65ece9,ACCEPTED,ACCEPTED,FORMAL_WEIGHTED_G0_PROSPECTIVE_ROUND3_TARGETED_ACTIVE_LEARNING,NONE,True,0.5663225360028081,0.8257316024069915,-0.00048620461322755154,-0.0013648568539568564,-0.0004305501413497843,-0.001377617215561273,0.1481468103762184,0.8092410347971046,1.0025538939982699,2.099229157716761e-06,2.083202616827114e-06,0.676818529824136,4.182431774543875e-06,0.6768227122559106,1.0025538939982699,1.481265146461572,1.0012877922179222,0.8226781651469426,0.8216200891899952,-0.5843153481286842,0.5806196807441157,1.2959076380105876,0.4030202098417647,55.55598083065337,True,True,55.55598083065337,37149967d34a231e5821c38fa70085bd3531f8acb660325b8dc608642b16ea59,d3fff5d195d381e8e8fd7fa55b5cef874a569dc6b5ddf842283253b6b62e6fde
LPML_R3_042,B4_TARGETED_ACTIVE_LEARNING,4,450.0,db4d0641cb58e39a41fd1599c066bb1578c1db8d8f891a91d03b47998e9d6d50,ACCEPTED,ACCEPTED,FORMAL_WEIGHTED_G0_PROSPECTIVE_ROUND3_TARGETED_ACTIVE_LEARNING,NONE,True,0.26339319152658563,0.9693368683283945,0.0016218871556772654,-0.0010837983188975873,0.0016126053667416872,-0.001032210090848233,-0.2982985963801136,0.5178528712861581,1.0089899376432598,3.8051367417961262e-06,3.6659537404930092e-06,0.35715364890166407,7.471090482289135e-06,0.3571611199921464,1.0089899376432598,2.8250273648639204,1.0044901392690442,0.5976207976189103,0.5949493919908383,-0.5805451965922208,-0.1527494848653139,1.1688246479414293,0.26143603812768434,74.79833802544749,True,True,74.79833802544749,3546c7060bdf0bfbf3636c73e3ba01c070a7bf822b0622454e03dc38dea088d3,8efbdcbd4ec274f25c28ba182b01840bbddda7c1dbd774502692a582e5292dd1
LPML_R3_042,B4_TARGETED_ACTIVE_LEARNING,4,450.5,db4d0641cb58e39a41fd1599c066bb1578c1db8d8f891a91d03b47998e9d6d50,ACCEPTED,ACCEPTED,FORMAL_WEIGHTED_G0_PROSPECTIVE_ROUND3_TARGETED_ACTIVE_LEARNING,NONE,True,0.2896597966063688,0.9525963378165007,0.0026200615666617986,0.002217837482094298,0.0025756445843647603,0.0022099976516042944,-0.25308082011331,0.5941784121750953,0.9913425805914514,1.1783525710080652e-05,1.1518034645064018e-05,0.4170978870041428,2.330156035514467e-05,0.4171211885644979,0.9913425805914514,2.376629640903902,0.9956786281328481,0.6458233803722496,0.6486263359728164,-0.6393213652583711,-0.06898576708401155,1.1867871625341884,0.2961532967329835,73.08684608794647,True,True,73.08684608794648,3546c7060bdf0bfbf3636c73e3ba01c070a7bf822b0622454e03dc38dea088d3,8efbdcbd4ec274f25c28ba182b01840bbddda7c1dbd774502692a582e5292dd1
LPML_R3_042,B4_TARGETED_ACTIVE_LEARNING,4,451.0,db4d0641cb58e39a41fd1599c066bb1578c1db8d8f891a91d03b47998e9d6d50,ACCEPTED,ACCEPTED,FORMAL_WEIGHTED_G0_PROSPECTIVE_ROUND3_TARGETED_ACTIVE_LEARNING,NONE,True,0.3322592217500956,0.933086228735237,-0.000665016894842021,0.002580728508883591,-0.0006474556932192568,0.0025444532123637675,-0.2158361015148663,0.6618885328290847,0.9810461006933265,7.102407106989847e-06,6.893441024590324e-06,0.484681652607774,1.3995848131580172e-05,0.4846956484559056,0.9810461006933265,2.024045612579036,0.9905001521746261,0.6961689433544666,0.7028458721849155,-0.689306474081524,0.018528237827421974,1.2106782186647416,0.3306828428249655,70.39988222630018,True,True,70.39988222630018,3546c7060bdf0bfbf3636c73e3ba01c070a7bf822b0622454e03dc38dea088d3,8efbdcbd4ec274f25c28ba182b01840bbddda7c1dbd774502692a582e5292dd1
LPML_R3_042,B4_TARGETED_ACTIVE_LEARNING,4,451.5,db4d0641cb58e39a41fd1599c066bb1578c1db8d8f891a91d03b47998e9d6d50,ACCEPTED,ACCEPTED,FORMAL_WEIGHTED_G0_PROSPECTIVE_ROUND3_TARGETED_ACTIVE_LEARNING,NONE,True,0.37326719727262997,0.9292386857127332,-0.0006457279567323817,-0.0009416199689700819,-0.0006081788450718543,-0.000914271051413445,-0.17079004479462617,0.7031832666400516,1.0028129355848923,1.3036127600689947e-06,1.205773063045581e-06,0.5236359458835242,2.5093858231145756e-06,0.5236384552693474,1.0028129355848923,1.9150864981241087,1.0014090534207372,0.7236237272099518,0.7226055374056268,-0.7171749476725489,0.10376936730624407,1.2354964147476266,0.3430429939706804,68.11509563595587,True,True,68.11509563595587,3546c7060bdf0bfbf3636c73e3ba01c070a7bf822b0622454e03dc38dea088d3,8efbdcbd4ec274f25c28ba182b01840bbddda7c1dbd774502692a582e5292dd1
LPML_R3_042,B4_TARGETED_ACTIVE_LEARNING,4,452.0,db4d0641cb58e39a41fd1599c066bb1578c1db8d8f891a91d03b47998e9d6d50,ACCEPTED,ACCEPTED,FORMAL_WEIGHTED_G0_PROSPECTIVE_ROUND3_TARGETED_ACTIVE_LEARNING,NONE,True,0.39695860861676385,0.9211952092297855,0.002781841363626986,-0.0007164124741507587,0.002752868812286092,-0.0006789463740192091,-0.10499287049948552,0.7383569069519897,1.0061767504628654,8.25188820550486e-06,8.03925487645127e-06,0.5561944248994312,1.629114308195613e-05,0.5562107160425132,1.0061767504628654,1.8089848351392779,1.003088629715059,0.7457886211533019,0.743492248900432,-0.7218558408127304,0.19638206204949363,1.2499549857916397,0.35600049793448474,66.68797199464262,True,True,66.68797199464264,3546c7060bdf0bfbf3636c73e3ba01c070a7bf822b0622454e03dc38dea088d3,8efbdcbd4ec274f25c28ba182b01840bbddda7c1dbd774502692a582e5292dd1
LPML_R3_042,B4_TARGETED_ACTIVE_LEARNING,4,452.5,db4d0641cb58e39a41fd1599c066bb1578c1db8d8f891a91d03b47998e9d6d50,ACCEPTED,ACCEPTED,FORMAL_WEIGHTED_G0_PROSPECTIVE_ROUND3_TARGETED_ACTIVE_LEARNING,NONE,True,0.4255685855412351,0.8962133938120588,0.0020332834808169916,0.0024342926680169276,0.002004305627684585,0.0024054369391640715,-0.04222344328824765,0.7799348388741023,0.9843070682476958,1.0060022506924232e-05,9.803367917463115e-06,0.6100811720526877,1.986339042438735e-05,0.6101010354431121,0.9843070682476958,1.613350922331742,0.9921600067287089,0.7810420121471678,0.7872137627501972,-0.7169552397204996,0.29406478078450493,1.262698738294613,0.38265048580148486,64.59920816725611,True,True,64.59920816725611,3546c7060bdf0bfbf3636c73e3ba01c070a7bf822b0622454e03dc38dea088d3,8efbdcbd4ec274f25c28ba182b01840bbddda7c1dbd774502692a582e5292dd1
LPML_R3_042,B4_TARGETED_ACTIVE_LEARNING,4,453.0,db4d0641cb58e39a41fd1599c066bb1578c1db8d8f891a91d03b47998e9d6d50,ACCEPTED,ACCEPTED,FORMAL_WEIGHTED_G0_PROSPECTIVE_ROUND3_TARGETED_ACTIVE_LEARNING,NONE,True,0.4682562291307816,0.8782663995000302,-0.0010666736948062065,0.001079753378864545,-0.00103148520370377,0.0010599067967895903,0.0072321962098972885,0.8056022135607853,0.9906157646105257,2.3036601303609255e-06,2.187364143340578e-06,0.6490472311560557,4.4910242737015035e-06,0.6490517221803294,0.9906157646105257,1.526250883801365,0.9953009247357335,0.8056323950854066,0.8094359957510473,-0.7041467904278931,0.38358229395146126,1.2804950163084803,0.3958435032767825,61.93526002523703,True,True,61.93526002523703,3546c7060bdf0bfbf3636c73e3ba01c070a7bf822b0622454e03dc38dea088d3,8efbdcbd4ec274f25c28ba182b01840bbddda7c1dbd774502692a582e5292dd1
LPML_R3_042,B4_TARGETED_ACTIVE_LEARNING,4,453.5,db4d0641cb58e39a41fd1599c066bb1578c1db8d8f891a91d03b47998e9d6d50,ACCEPTED,ACCEPTED,FORMAL_WEIGHTED_G0_PROSPECTIVE_ROUND3_TARGETED_ACTIVE_LEARNING,NONE,True,0.49935064565682236,0.8727452103491251,0.0006299617305955871,-0.001911467798171323,0.0006455245096128639,-0.0018702730925912903,0.06661206513450081,0.8111496726163548,1.011035269505224,4.050560925460912e-06,3.914623333381917e-06,0.6624009586071025,7.965184258842829e-06,0.6624089237913613,1.011035269505224,1.5263007987852373,1.005516891845613,0.8138672947782849,0.8094019119703123,-0.6746610456076841,0.46318588564268354,1.2936167103499343,0.395835682148716,60.22349974426993,True,True,60.22349974426994,3546c7060bdf0bfbf3636c73e3ba01c070a7bf822b0622454e03dc38dea088d3,8efbdcbd4ec274f25c28ba182b01840bbddda7c1dbd774502692a582e5292dd1
LPML_R3_042,B4_TARGETED_ACTIVE_LEARNING,4,454.0,db4d0641cb58e39a41fd1599c066bb1578c1db8d8f891a91d03b47998e9d6d50,ACCEPTED,ACCEPTED,FORMAL_WEIGHTED_G0_PROSPECTIVE_ROUND3_TARGETED_ACTIVE_LEARNING,NONE,True,0.5181990062614792,0.8530554054589906,0.003183562672298853,0.00015951615047515296,0.00314296889195121,0.00017060522807192728,0.1361765862126586,0.8217491721191572,0.9962337348731876,1.016051669071703e-05,9.90735959961849e-06,0.6938157645110538,2.0067876290335517e-05,0.693835832387344,0.9962337348731876,1.435834945919924,0.9981292412492838,0.8329511300332454,0.8345123012233393,-0.6304409801803726,0.5419947328672666,1.3000267563633185,0.4105368476115434,58.72289672424154,True,True,58.72289672424154,3546c7060bdf0bfbf3636c73e3ba01c070a7bf822b0622454e03dc38dea088d3,8efbdcbd4ec274f25c28ba182b01840bbddda7c1dbd774502692a582e5292dd1
LPML_R3_043,B4_TARGETED_ACTIVE_LEARNING,4,450.0,f18b5494b9f1a870e8dd06a54583bea88ec5466b803e66dde8292ac60ff569e3,ACCEPTED,ACCEPTED,FORMAL_WEIGHTED_G0_PROSPECTIVE_ROUND3_TARGETED_ACTIVE_LEARNING,NONE,True,0.2921380448188812,0.9522066870770997,-0.00035422545667403377,-8.643340605861897e-05,-0.0003442608562906153,-8.355794832367459e-05,-0.30044340057913943,0.5272165833301018,0.9920422121449445,1.3294640783882186e-07,1.2549746790200954e-07,0.3682235626898233,2.584438757408314e-07,0.36822382113369906,0.9920422121449445,2.694128286134813,0.9960132434255615,0.6068143473909765,0.6092432519310449,-0.5897902185325505,-0.13206425262348442,1.1663044342188893,0.27069985732582824,72.94392971811305,True,True,72.94392971811305,b95ffa7f6ed6cc77919cc2115be8137638d91da38f4be13ff3663353c43df18c,394781a3d77a9b5ce30aaef1eac4c6901a824dcb0f7be32aafc96cdbd7d0f1ef
LPML_R3_043,B4_TARGETED_ACTIVE_LEARNING,4,450.5,f18b5494b9f1a870e8dd06a54583bea88ec5466b803e66dde8292ac60ff569e3,ACCEPTED,ACCEPTED,FORMAL_WEIGHTED_G0_PROSPECTIVE_ROUND3_TARGETED_ACTIVE_LEARNING,NONE,True,0.3214165394402679,0.9513688124069686,0.0004121870156667101,-0.00022876654761493767,0.00040914300798287727,-0.000218074580961605,-0.25187593760093396,0.5865957526587701,1.0084112090464032,2.2223226919188623e-07,2.1495452384285638e-07,0.4075360649796585,4.371867930347426e-07,0.40753650216645154,1.0084112090464032,2.4744070866921617,1.0041970530519462,0.6383854555475411,0.6357173162452191,-0.6390261155571774,-0.05108515127360698,1.1899360113942492,0.28781889256162496,71.33264480703068,True,True,71.33264480703068,b95ffa7f6ed6cc77919cc2115be8137638d91da38f4be13ff3663353c43df18c,394781a3d77a9b5ce30aaef1eac4c6901a824dcb0f7be32aafc96cdbd7d0f1ef
LPML_R3_043,B4_TARGETED_ACTIVE_LEARNING,4,451.0,f18b5494b9f1a870e8dd06a54583bea88ec5466b803e66dde8292ac60ff569e3,ACCEPTED,ACCEPTED,FORMAL_WEIGHTED_G0_PROSPECTIVE_ROUND3_TARGETED_ACTIVE_LEARNING,NONE,True,0.3470162683593157,0.9319105771738667,0.00048327996823480454,0.00048578863005109075,0.00047427693897143027,0.0004827771566131031,-0.19910300145402526,0.6577064496334648,0.9888776143545541,4.695501207839493e-07,4.5801239778754246e-07,0.4722197790774588,9.275625185714918e-07,0.4722207066399774,0.9888776143545541,2.0941004925234625,0.9944241953849897,0.6871818104602648,0.6910348859665704,-0.6820155723535027,0.042688181110715914,1.2087590003778799,0.3231957082248572,69.57613957397939,True,True,69.57613957397939,b95ffa7f6ed6cc77919cc2115be8137638d91da38f4be13ff3663353c43df18c,394781a3d77a9b5ce30aaef1eac4c6901a824dcb0f7be32aafc96cdbd7d0f1ef
LPML_R3_043,B4_TARGETED_ACTIVE_LEARNING,4,451.5,f18b5494b9f1a870e8dd06a54583bea88ec5466b803e66dde8292ac60ff569e3,ACCEPTED,ACCEPTED,FORMAL_WEIGHTED_G0_PROSPECTIVE_ROUND3_TARGETED_ACTIVE_LEARNING,NONE,True,0.38920402244378366,0.9100980251758726,-0.00022658763625603274,0.0004356267315302845,-0.00022152616914800048,0.00042812201299240735,-0.16011161929669274,0.7124845658425983,0.9797581865154444,2.4111260612785475e-07,2.3236230162605947e-07,0.5332699871977249,4.734749077539142e-07,0.5332704606726326,0.9797581865154444,1.837263187763375,0.9898280382935601,0.730252765688703,0.7377572037135272,-0.7107467463055961,0.1315847839352969,1.230052294493237,0.3524523224749919,66.84599412466187,True,True,66.84599412466187,b95ffa7f6ed6cc77919cc2115be8137638d91da38f4be13ff3663353c43df18c,394781a3d77a9b5ce30aaef1eac4c6901a824dcb0f7be32aafc96cdbd7d0f1ef
LPML_R3_043,B4_TARGETED_ACTIVE_LEARNING,4,452.0,f18b5494b9f1a870e8dd06a54583bea88ec5466b803e66dde8292ac60ff569e3,ACCEPTED,ACCEPTED,FORMAL_WEIGHTED_G0_PROSPECTIVE_ROUND3_TARGETED_ACTIVE_LEARNING,NONE,True,0.42986044652464656,0.9044279423911044,-0.00010494832859718165,-0.0002930587551910096,-9.763634691321351e-05,-0.0002861937833215345,-0.10746062133549203,0.7391994801757182,1.0027699064641755,9.68975856694461e-08,9.14397378504508e-08,0.5579636566298621,1.883373235198969e-07,0.5579638449671857,1.0027699064641755,1.7971951328193125,1.001384354693396,0.7469692936169812,0.7459366527108248,-0.7147456619181669,0.2205621713278467,1.2492933008030422,0.35750097955879556,64.57899051159569,True,True,64.57899051159569,b95ffa7f6ed6cc77919cc2115be8137638d91da38f4be13ff3663353c43df18c,394781a3d77a9b5ce30aaef1eac4c6901a824dcb0f7be32aafc96cdbd7d0f1ef
LPML_R3_043,B4_TARGETED_ACTIVE_LEARNING,4,452.5,f18b5494b9f1a870e8dd06a54583bea88ec5466b803e66dde8292ac60ff569e3,ACCEPTED,ACCEPTED,FORMAL_WEIGHTED_G0_PROSPECTIVE_ROUND3_TARGETED_ACTIVE_LEARNING,NONE,True,0.45258334994984295,0.8949314824505537,0.0005795340056131957,-0.00011390061086728653,0.0005724575364794311,-0.00010716821825448577,-0.03528847389299125,0.7683639291467261,1.0057340469329676,3.488330128180166e-07,3.3919265807594033e-07,0.5916284040034915,6.88025670893957e-07,0.5916290920291624,1.0057340469329676,1.699940149128761,1.0028631200884535,0.7691740383870103,0.7669780880158086,-0.703604365454003,0.31616808209026664,1.2638683234269819,0.3703785805484201,63.17343500829051,True,True,63.173435008290504,b95ffa7f6ed6cc77919cc2115be8137638d91da38f4be13ff3663353c43df18c,394781a3d77a9b5ce30aaef1eac4c6901a824dcb0f7be32aafc96cdbd7d0f1ef
LPML_R3_043,B4_TARGETED_ACTIVE_LEARNING,4,453.0,f18b5494b9f1a870e8dd06a54583bea88ec5466b803e66dde8292ac60ff569e3,ACCEPTED,ACCEPTED,FORMAL_WEIGHTED_G0_PROSPECTIVE_ROUND3_TARGETED_ACTIVE_LEARNING,NONE,True,0.47945057757168724,0.8676309736406683,0.00029023724477878306,0.0005104753395960599,0.00028540400815074034,0.0005032381586734298,0.024171456018064717,0.804381915509371,0.9826563627544785,3.4482273059249186e-07,3.3470409221353194e-07,0.647614525284558,6.795268228060238e-07,0.6476152048113808,0.9826563627544785,1.5173460342715073,0.9912919736423449,0.8047433072465551,0.8118125927012741,-0.6863174719279346,0.40663298614828947,1.2768208831178551,0.39724375846063986,61.075076501162556,True,True,61.075076501162556,b95ffa7f6ed6cc77919cc2115be8137638d91da38f4be13ff3663353c43df18c,394781a3d77a9b5ce30aaef1eac4c6901a824dcb0f7be32aafc96cdbd7d0f1ef
LPML_R3_043,B4_TARGETED_ACTIVE_LEARNING,4,453.5,f18b5494b9f1a870e8dd06a54583bea88ec5466b803e66dde8292ac60ff569e3,ACCEPTED,ACCEPTED,FORMAL_WEIGHTED_G0_PROSPECTIVE_ROUND3_TARGETED_ACTIVE_LEARNING,NONE,True,0.5216246549064476,0.8465850830263657,-0.00030862256747117236,0.00011763531392115061,-0.00030031062204500603,0.00011467211510641618,0.07115582569856116,0.8175566158686526,0.988798583409029,1.0908595623382597e-07,1.0333616369603761e-07,0.6734619716814475,2.124221199298636e-07,0.6734621841035675,0.988798583409029,1.468231783088459,0.9943835790110768,0.8206473452742767,0.8252824791117506,-0.6550146816924675,0.48669721894333196,1.2892869221056253,0.4051483360888888,58.36063924211692,True,True,58.36063924211692,b95ffa7f6ed6cc77919cc2115be8137638d91da38f4be13ff3663353c43df18c,394781a3d77a9b5ce30aaef1eac4c6901a824dcb0f7be32aafc96cdbd7d0f1ef
LPML_R3_043,B4_TARGETED_ACTIVE_LEARNING,4,454.0,f18b5494b9f1a870e8dd06a54583bea88ec5466b803e66dde8292ac60ff569e3,ACCEPTED,ACCEPTED,FORMAL_WEIGHTED_G0_PROSPECTIVE_ROUND3_TARGETED_ACTIVE_LEARNING,NONE,True,0.553151634188999,0.8396880255617862,0.0001431583318742942,-0.0004248853921853274,0.00014489063690376343,-0.00041588066408874047,0.13470915536686884,0.8143463931630428,1.0110527106778109,2.0102190447751001e-07,1.9395002342526995e-07,0.6813066045973123,3.9497192790277994e-07,0.6813069995692401,1.0110527106778109,1.483989906631011,1.005511851804836,0.8254123976092562,0.820887785785606,-0.6092821696077169,0.5635708239678534,1.3009072642763786,0.4025781253500671,56.6247657416647,True,True,56.6247657416647,b95ffa7f6ed6cc77919cc2115be8137638d91da38f4be13ff3663353c43df18c,394781a3d77a9b5ce30aaef1eac4c6901a824dcb0f7be32aafc96cdbd7d0f1ef
LPML_R3_044,B4_TARGETED_ACTIVE_LEARNING,4,450.0,ea6d3982a8c17ec77fd01cf24065e26bec534f103b4a3a8d2a48613781d74dde,ACCEPTED,ACCEPTED,FORMAL_WEIGHTED_G0_PROSPECTIVE_ROUND3_TARGETED_ACTIVE_LEARNING,NONE,True,0.27698043768637226,0.9505772326860091,-0.0006984991983937678,0.0008513959561329043,-0.0006483218957007363,0.0008485078367864619,-0.2746822365776409,0.5580138974805888,0.9803152381619257,1.2127762042761983e-06,1.1402868295330373e-06,0.38682984087277217,2.3530630338092354e-06,0.386832193935806,0.9803152381619257,2.5342131640796346,0.9901111487494213,0.6219544559047977,0.6281662989961977,-0.6065166430155625,-0.1065466020940415,1.1692507994856072,0.2829484113079569,73.75486445136312,True,True,73.75486445136312,f0c767fcf27c66d23ba5a3c40aa5ed3ac3a2f668f01ecf5d239e2fb418942888,cdc658f063587084b71961daa9ad294cad356c8b76bdeb3167989d1371dd19b4
LPML_R3_044,B4_TARGETED_ACTIVE_LEARNING,4,450.5,ea6d3982a8c17ec77fd01cf24065e26bec534f103b4a3a8d2a48613781d74dde,ACCEPTED,ACCEPTED,FORMAL_WEIGHTED_G0_PROSPECTIVE_ROUND3_TARGETED_ACTIVE_LEARNING,NONE,True,0.31534102591728314,0.9490865353672531,0.0004994639639701162,0.00044426856078836897,0.0004992110095363749,0.0005019979409553851,-0.22595164854514274,0.6141631408605526,1.0002052142419806,4.468388054097103e-07,5.01213564765773e-07,0.4282505110719667,9.480523701754833e-07,0.4282514591243369,1.0002052142419806,2.335555881787632,1.000103383466492,0.6544080498780498,0.6543404018990356,-0.6541458184855456,-0.020777304872319456,1.1951806028238232,0.29980010392272816,71.6205507983093,True,True,71.6205507983093,f0c767fcf27c66d23ba5a3c40aa5ed3ac3a2f668f01ecf5d239e2fb418942888,cdc658f063587084b71961daa9ad294cad356c8b76bdeb3167989d1371dd19b4
LPML_R3_044,B4_TARGETED_ACTIVE_LEARNING,4,451.0,ea6d3982a8c17ec77fd01cf24065e26bec534f103b4a3a8d2a48613781d74dde,ACCEPTED,ACCEPTED,FORMAL_WEIGHTED_G0_PROSPECTIVE_ROUND3_TARGETED_ACTIVE_LEARNING,NONE,True,0.3416492851855578,0.9387898274156846,0.0007934553496857681,0.0013792876636069503,0.000740477555780562,0.0013813996814281068,-0.17118199636512638,0.6760518843853643,0.9980505741269737,2.5320058509232844e-06,2.45657209046443e-06,0.4863494262605521,4.988577941387714e-06,0.4863544148384935,0.9980505741269737,2.052105509227056,0.9990317590823846,0.6973811965562469,0.6980570839877951,-0.6931535207493056,0.07026660881379462,1.2183616002507083,0.3276426706012693,70.0022779605145,True,True,70.0022779605145,f0c767fcf27c66d23ba5a3c40aa5ed3ac3a2f668f01ecf5d239e2fb418942888,cdc658f063587084b71961daa9ad294cad356c8b76bdeb3167989d1371dd19b4
LPML_R3_044,B4_TARGETED_ACTIVE_LEARNING,4,451.5,ea6d3982a8c17ec77fd01cf24065e26bec534f103b4a3a8d2a48613781d74dde,ACCEPTED,ACCEPTED,FORMAL_WEIGHTED_G0_PROSPECTIVE_ROUND3_TARGETED_ACTIVE_LEARNING,NONE,True,0.37510602162195367,0.9165381441463127,-0.0001843435478614291,0.0014655289787820173,-0.0001776432833244208,0.0014214127614823055,-0.1255076998798175,0.7259475871180611,0.9807466971322168,2.1817577312880015e-06,2.051971374615034e-06,0.5427520819716573,4.233729105903036e-06,0.5427563157007631,0.9807466971322168,1.806974269596395,0.9903345252272439,0.7367092648907771,0.743899405831308,-0.7124352978553221,0.1572752393556432,1.2343026423179122,0.3562554921972215,67.74248369419985,True,True,67.74248369419985,f0c767fcf27c66d23ba5a3c40aa5ed3ac3a2f668f01ecf5d239e2fb418942888,cdc658f063587084b71961daa9ad294cad356c8b76bdeb3167989d1371dd19b4
LPML_R3_044,B4_TARGETED_ACTIVE_LEARNING,4,452.0,ea6d3982a8c17ec77fd01cf24065e26bec534f103b4a3a8d2a48613781d74dde,ACCEPTED,ACCEPTED,FORMAL_WEIGHTED_G0_PROSPECTIVE_ROUND3_TARGETED_ACTIVE_LEARNING,NONE,True,0.4179204649686531,0.9018754300232414,-0.000350396286649565,0.000411146407852416,-0.0003078912439868002,0.0004300369112666401,-0.07169977963465295,0.7526003221027459,0.9880368063192219,2.918189263877493e-07,2.7972876317549145e-07,0.5715481032288147,5.715476895632407e-07,0.5715486747765042,0.9880368063192219,1.7287010711827464,0.9940010382711197,0.75600755089593,0.7605701823117456,-0.7087164754509253,0.24986308422987916,1.2488336482877638,0.3664747342832074,65.13744393422161,True,True,65.13744393422161,f0c767fcf27c66d23ba5a3c40aa5ed3ac3a2f668f01ecf5d239e2fb418942888,cdc658f063587084b71961daa9ad294cad356c8b76bdeb3167989d1371dd19b4
LPML_R3_044,B4_TARGETED_ACTIVE_LEARNING,4,452.5,ea6d3982a8c17ec77fd01cf24065e26bec534f103b4a3a8d2a48613781d74dde,ACCEPTED,ACCEPTED,FORMAL_WEIGHTED_G0_PROSPECTIVE_ROUND3_TARGETED_ACTIVE_LEARNING,NONE,True,0.45046465709176364,0.8955492036036035,0.0005345018291031062,0.00020011281143565994,0.0005114854133732378,0.0002443996965611353,-0.003054867283906056,0.7765323909723534,1.0049267833638489,3.2573734261525027e-07,3.21348539772767e-07,0.6030118864433621,6.470858823880173e-07,0.6030125335292446,1.0049267833638489,1.6665106071383382,1.0024609844342989,0.776538016828609,0.7746316603701231,-0.6967992985335774,0.3470643802699228,1.2680454711456892,0.37502194715556947,63.29743003412625,True,True,63.29743003412626,f0c767fcf27c66d23ba5a3c40aa5ed3ac3a2f668f01ecf5d239e2fb418942888,cdc658f063587084b71961daa9ad294cad356c8b76bdeb3167989d1371dd19b4
LPML_R3_044,B4_TARGETED_ACTIVE_LEARNING,4,453.0,ea6d3982a8c17ec77fd01cf24065e26bec534f103b4a3a8d2a48613781d74dde,ACCEPTED,ACCEPTED,FORMAL_WEIGHTED_G0_PROSPECTIVE_ROUND3_TARGETED_ACTIVE_LEARNING,NONE,True,0.47340154507640464,0.8774534802295766,0.0005736984674350697,0.0010359665273897319,0.0005355874546886339,0.0010128457372665437,0.05839003585633331,0.8050195587163848,0.9940336328477232,1.402356577409288e-06,1.3127104091188581e-06,0.6514658862032267,2.715066986528146e-06,0.6514686012702132,0.9940336328477232,1.5258350608296198,0.9970192165412283,0.8071275710601464,0.8095406363983261,-0.6787245382485356,0.43233090716720857,1.2827713101398612,0.3959086701692809,61.652360000878616,True,True,61.65236000087862,f0c767fcf27c66d23ba5a3c40aa5ed3ac3a2f668f01ecf5d239e2fb418942888,cdc658f063587084b71961daa9ad294cad356c8b76bdeb3167989d1371dd19b4
LPML_R3_044,B4_TARGETED_ACTIVE_LEARNING,4,453.5,ea6d3982a8c17ec77fd01cf24065e26bec534f103b4a3a8d2a48613781d74dde,ACCEPTED,ACCEPTED,FORMAL_WEIGHTED_G0_PROSPECTIVE_ROUND3_TARGETED_ACTIVE_LEARNING,NONE,True,0.5072452733276365,0.8504097263427103,-0.0004183650176921684,0.001074656559325594,-0.00038943861993647616,0.0010465469059082674,0.108804613068301,0.8173279852897216,0.9804944699715121,1.3299160085300927e-06,1.2469228649641952e-06,0.679863479362698,2.576838873494288e-06,0.6798660562015715,0.9804944699715121,1.442187708928372,0.9902040592665343,0.8245340788500869,0.8326910712331731,-0.6398720808563307,0.5071151148722317,1.2885497763660834,0.40946893489968395,59.18512257890444,True,True,59.18512257890444,f0c767fcf27c66d23ba5a3c40aa5ed3ac3a2f668f01ecf5d239e2fb418942888,cdc658f063587084b71961daa9ad294cad356c8b76bdeb3167989d1371dd19b4
LPML_R3_044,B4_TARGETED_ACTIVE_LEARNING,4,454.0,ea6d3982a8c17ec77fd01cf24065e26bec534f103b4a3a8d2a48613781d74dde,ACCEPTED,ACCEPTED,FORMAL_WEIGHTED_G0_PROSPECTIVE_ROUND3_TARGETED_ACTIVE_LEARNING,NONE,True,0.547170599983956,0.8354066550262399,-0.000604474664462324,0.00012779325207509256,-0.0005823640849917305,0.00016446041845427823,0.16885854036960818,0.813786335632625,0.9972999447489331,3.817207352527672e-07,3.6619515672641184e-07,0.6907614067181301,7.47915891979179e-07,0.6907621546340221,0.9972999447489331,1.4437674937147071,0.9986493099869798,0.8311207223054211,0.8322448270817482,-0.5874484227178618,0.5863456797439927,1.2992544398165262,0.4092042318150021,56.776197515623124,True,True,56.776197515623124,f0c767fcf27c66d23ba5a3c40aa5ed3ac3a2f668f01ecf5d239e2fb418942888,cdc658f063587084b71961daa9ad294cad356c8b76bdeb3167989d1371dd19b4
LPML_R3_045,B4_TARGETED_ACTIVE_LEARNING,4,450.0,6df7f685435d59cdbd2216df67cfcf57b4bbd512e20bd4e210c593e5f6b97368,ACCEPTED,ACCEPTED,FORMAL_WEIGHTED_G0_PROSPECTIVE_ROUND3_TARGETED_ACTIVE_LEARNING,NONE,True,0.25982309532323733,0.9636610228788659,0.0007237905637755606,-0.00013445365750753286,0.0007680463904291382,-8.416474656426298e-05,-0.2847779339003217,0.5372741039672341,0.9961506078792902,5.419505662276967e-07,5.969789624154548e-07,0.3697619344303303,1.1389295286431515e-06,0.3697630733598589,0.9961506078792902,2.694024037683778,0.9980738754609483,0.6080807679589222,0.6092542675541803,-0.5917425414496007,-0.13483301016163282,1.1687230986162416,0.27070749670243577,74.91067493714192,True,True,74.91067493714192,93944e38ced81e44bdc147f7e123b72c44f80b6d40197e9d3dd6abf0be0867d0,d7ceeedcdd2ff0d25073061a0d3a4d73f9a0b5e0e5fef16efa3b2c81293d055c
LPML_R3_045,B4_TARGETED_ACTIVE_LEARNING,4,450.5,6df7f685435d59cdbd2216df67cfcf57b4bbd512e20bd4e210c593e5f6b97368,ACCEPTED,ACCEPTED,FORMAL_WEIGHTED_G0_PROSPECTIVE_ROUND3_TARGETED_ACTIVE_LEARNING,NONE,True,0.2947928516420646,0.9497407598778086,0.0017937785501787383,0.0016521896430508386,0.0017443818304505156,0.0016984645615350767,-0.228359026659363,0.6038208275783072,0.9889103363525376,5.9473721036857944e-06,5.927649837196432e-06,0.41674743687416355,1.1875021940882227e-05,0.41675931189610443,0.9889103363525376,2.3728572058854605,0.9944492604560967,0.6455542708610672,0.6491575754855392,-0.6407921831305418,-0.0388857405806321,1.1856093995277879,0.29648453490857885,72.75602480192765,True,True,72.75602480192765,93944e38ced81e44bdc147f7e123b72c44f80b6d40197e9d3dd6abf0be0867d0,d7ceeedcdd2ff0d25073061a0d3a4d73f9a0b5e0e5fef16efa3b2c81293d055c
LPML_R3_045,B4_TARGETED_ACTIVE_LEARNING,4,451.0,6df7f685435d59cdbd2216df67cfcf57b4bbd512e20bd4e210c593e5f6b97368,ACCEPTED,ACCEPTED,FORMAL_WEIGHTED_G0_PROSPECTIVE_ROUND3_TARGETED_ACTIVE_LEARNING,NONE,True,0.333836283844427,0.938782803166253,-2.6095971694690083e-05,0.002141805860527207,-6.10522487119281e-05,0.002097604768567393,-0.18387472220877701,0.6759662155656192,0.9927598159317443,4.588013343927379e-06,4.403673142189449e-06,0.4907402380534602,8.991686486116829e-06,0.4907492297399463,0.9927598159317443,2.022947272801262,0.996388483000529,0.7005134093046295,0.7030524953430816,-0.6959650215805114,0.05304380776333416,1.217993861097703,0.3308029911726955,70.42433616442591,True,True,70.42433616442591,93944e38ced81e44bdc147f7e123b72c44f80b6d40197e9d3dd6abf0be0867d0,d7ceeedcdd2ff0d25073061a0d3a4d73f9a0b5e0e5fef16efa3b2c81293d055c
LPML_R3_045,B4_TARGETED_ACTIVE_LEARNING,4,451.5,6df7f685435d59cdbd2216df67cfcf57b4bbd512e20bd4e210c593e5f6b97368,ACCEPTED,ACCEPTED,FORMAL_WEIGHTED_G0_PROSPECTIVE_ROUND3_TARGETED_ACTIVE_LEARNING,NONE,True,0.36655736796539024,0.9298110056458295,-0.00024857172890631405,9.835001612912965e-05,-0.0001974558679221864,7.788737133491645e-05,-0.14591096253799557,0.7176105014366302,0.9989128102298236,7.146063008407414e-08,4.505526239036708e-08,0.5362548407608962,1.1651589247444122e-07,0.5362549572767887,0.9989128102298236,1.8627572513315405,0.9994563078942219,0.7322942414883944,0.7326926006713415,-0.7207269218097478,0.12737583659911683,1.2390188729420597,0.34931358554235603,68.48426142224304,True,True,68.48426142224304,93944e38ced81e44bdc147f7e123b72c44f80b6d40197e9d3dd6abf0be0867d0,d7ceeedcdd2ff0d25073061a0d3a4d73f9a0b5e0e5fef16efa3b2c81293d055c
LPML_R3_045,B4_TARGETED_ACTIVE_LEARNING,4,452.0,6df7f685435d59cdbd2216df67cfcf57b4bbd512e20bd4e210c593e5f6b97368,ACCEPTED,ACCEPTED,FORMAL_WEIGHTED_G0_PROSPECTIVE_ROUND3_TARGETED_ACTIVE_LEARNING,NONE,True,0.3967860963930114,0.9134807935710022,0.0016505307737052649,8.242042228287676e-06,0.0016650653883985662,6.674678849767105e-05,-0.08172396766598503,0.7408240250254187,0.9918863665139117,2.724319766208193e-06,2.7768978814176214e-06,0.5554990429459333,5.501217647625814e-06,0.555504544163581,0.9918863665139117,1.785559410692828,0.99593677745787,0.7453192913002628,0.7483600447035316,-0.7091582000801523,0.2192952742755318,1.2439416829889949,0.3589943176804399,66.52145446343323,True,True,66.52145446343323,93944e38ced81e44bdc147f7e123b72c44f80b6d40197e9d3dd6abf0be0867d0,d7ceeedcdd2ff0d25073061a0d3a4d73f9a0b5e0e5fef16efa3b2c81293d055c
LPML_R3_045,B4_TARGETED_ACTIVE_LEARNING,4,452.5,6df7f685435d59cdbd2216df67cfcf57b4bbd512e20bd4e210c593e5f6b97368,ACCEPTED,ACCEPTED,FORMAL_WEIGHTED_G0_PROSPECTIVE_ROUND3_TARGETED_ACTIVE_LEARNING,NONE,True,0.4333242830752239,0.896292307041766,0.001294083904381832,0.0016363390670279187,0.001238085976491249,0.0016483227590851168,-0.009574482037134034,0.7779894583577948,0.9911098339649083,4.352258693861927e-06,4.249824803302263e-06,0.6053592680221342,8.60208349716419e-06,0.6053678701056314,0.9911098339649083,1.637202572036022,0.9955616505003415,0.7780325855152699,0.7815011608012948,-0.7014537270224481,0.328536030692777,1.2635179872366438,0.37918968023300603,64.19794538711216,True,True,64.19794538711216,93944e38ced81e44bdc147f7e123b72c44f80b6d40197e9d3dd6abf0be0867d0,d7ceeedcdd2ff0d25073061a0d3a4d73f9a0b5e0e5fef16efa3b2c81293d055c
LPML_R3_045,B4_TARGETED_ACTIVE_LEARNING,4,453.0,6df7f685435d59cdbd2216df67cfcf57b4bbd512e20bd4e210c593e5f6b97368,ACCEPTED,ACCEPTED,FORMAL_WEIGHTED_G0_PROSPECTIVE_ROUND3_TARGETED_ACTIVE_LEARNING,NONE,True,0.46685619212262597,0.8850365314379992,-0.00029394209286541116,0.0008385219031392416,-0.000294437308185424,0.0007884568676087755,0.03998474791074475,0.8095506575775779,1.0012443661030428,7.89520936002354e-07,7.083575605309204e-07,0.6569710472497747,1.4978784965332744e-06,0.6569725451282712,1.0012443661030428,1.5240277139854512,1.0006247559693608,0.810535014032442,0.8100289436145637,-0.6978142042623829,0.41333217858117804,1.2877177141094682,0.3961921632076676,62.188382414323655,True,True,62.188382414323655,93944e38ced81e44bdc147f7e123b72c44f80b6d40197e9d3dd6abf0be0867d0,d7ceeedcdd2ff0d25073061a0d3a4d73f9a0b5e0e5fef16efa3b2c81293d055c
LPML_R3_045,B4_TARGETED_ACTIVE_LEARNING,4,453.5,6df7f685435d59cdbd2216df67cfcf57b4bbd512e20bd4e210c593e5f6b97368,ACCEPTED,ACCEPTED,FORMAL_WEIGHTED_G0_PROSPECTIVE_ROUND3_TARGETED_ACTIVE_LEARNING,NONE,True,0.492517817744647,0.8683375673078395,0.000655691745994984,-0.0005883920840617367,0.000705365514529769,-0.0005752226146569,0.09084049675284146,0.8111671325344305,0.9965839315940458,7.761369103524643e-07,8.284215655005664e-07,0.6662441127544335,1.6045584758530307e-06,0.6662457173129094,0.9965839315940458,1.4958203943335662,0.9982915317627744,0.8162375061939315,0.8176344086107057,-0.6596264553673867,0.47839527410564425,1.2895075218497003,0.40066985680154277,60.438254961776295,True,True,60.4382549617763,93944e38ced81e44bdc147f7e123b72c44f80b6d40197e9d3dd6abf0be0867d0,d7ceeedcdd2ff0d25073061a0d3a4d73f9a0b5e0e5fef16efa3b2c81293d055c
LPML_R3_045,B4_TARGETED_ACTIVE_LEARNING,4,454.0,6df7f685435d59cdbd2216df67cfcf57b4bbd512e20bd4e210c593e5f6b97368,ACCEPTED,ACCEPTED,FORMAL_WEIGHTED_G0_PROSPECTIVE_ROUND3_TARGETED_ACTIVE_LEARNING,NONE,True,0.5241226819921614,0.8445770405556038,0.0016168229188656827,0.0005803179958967661,0.0015967321994654472,0.0006301507284851708,0.16296308781337718,0.8114801311980041,0.9880149632123184,2.950885327330985e-06,2.946643657420156e-06,0.6850569713188005,5.897528984751141e-06,0.6850628688477852,0.9880149632123184,1.4422252440481436,0.993998314511674,0.8276745633448299,0.8326719987965425,-0.5999470529718196,0.5629480797175039,1.2934750991264206,0.4094626416777333,58.17733095442841,True,True,58.17733095442841,93944e38ced81e44bdc147f7e123b72c44f80b6d40197e9d3dd6abf0be0867d0,d7ceeedcdd2ff0d25073061a0d3a4d73f9a0b5e0e5fef16efa3b2c81293d055c
LPML_R3_046,B4_TARGETED_ACTIVE_LEARNING,4,450.0,9e1aedc262a0c9437613b7a6b1307597b6289eee633f1929fc9ea760d469a1e6,ACCEPTED,ACCEPTED,FORMAL_WEIGHTED_G0_PROSPECTIVE_ROUND3_TARGETED_ACTIVE_LEARNING,NONE,True,0.28735833136465405,0.9510523440170157,0.00042712189680737557,0.002111659465520307,0.0004319552422422058,0.0020782736455316163,-0.2828850335285794,0.5378145172877211,0.9870753716649383,4.6415388130538396e-06,4.505806677011798e-06,0.36926839719989,9.147345490065638e-06,0.3692775445453801,0.9870753716649383,2.6729905087517114,0.9935277482115157,0.6076639941152295,0.6116225693838012,-0.5927749244070005,-0.11449479177175861,1.1646256549682898,0.27225771414798894,73.18792596534036,True,True,73.18792596534036,d4cebfca3ad5e9998c8c24895dea43297db691a037c142479fffeb8bc7fe3e58,0a0a8cf5dbe0f2111e6afb76b1e2115b4c4405fdd9889a5b3a98e95862c88117
LPML_R3_046,B4_TARGETED_ACTIVE_LEARNING,4,450.5,9e1aedc262a0c9437613b7a6b1307597b6289eee633f1929fc9ea760d469a1e6,ACCEPTED,ACCEPTED,FORMAL_WEIGHTED_G0_PROSPECTIVE_ROUND3_TARGETED_ACTIVE_LEARNING,NONE,True,0.3296786553267544,0.9379338988422038,-0.00017015434368176834,0.0008152898925052867,-0.00013945316871726766,0.0008313673730856404,-0.2433031296614867,0.5994974026776418,0.9884080143753942,6.936501094950553e-07,7.106188952966052e-07,0.41859354872031296,1.4042690047916603e-06,0.41859495298931776,0.9884080143753942,2.3612516283745486,0.9941890929870321,0.6469861008942421,0.650767651202427,-0.6425001307859514,-0.030560500261733032,1.186171558993349,0.2975082232934715,70.63370293929603,True,True,70.63370293929603,d4cebfca3ad5e9998c8c24895dea43297db691a037c142479fffeb8bc7fe3e58,0a0a8cf5dbe0f2111e6afb76b1e2115b4c4405fdd9889a5b3a98e95862c88117
LPML_R3_046,B4_TARGETED_ACTIVE_LEARNING,4,451.0,9e1aedc262a0c9437613b7a6b1307597b6289eee633f1929fc9ea760d469a1e6,ACCEPTED,ACCEPTED,FORMAL_WEIGHTED_G0_PROSPECTIVE_ROUND3_TARGETED_ACTIVE_LEARNING,NONE,True,0.3653578614926981,0.9333801387564301,0.0012280146412046266,-8.178587647950363e-05,0.0012073221793281377,-4.5136172355427507e-05,-0.19168449792333808,0.6586782069200038,1.00468485037949,1.5147088886044486e-06,1.4596641187525422e-06,0.47059992701547343,2.974373007356991e-06,0.47060290138848077,1.00468485037949,2.1348887722860144,1.0023405694882024,0.6860037423557085,0.6844018522626334,-0.6848320733312134,0.061738911992778665,1.214614239900048,0.31899058392135027,68.62287520680161,True,True,68.62287520680161,d4cebfca3ad5e9998c8c24895dea43297db691a037c142479fffeb8bc7fe3e58,0a0a8cf5dbe0f2111e6afb76b1e2115b4c4405fdd9889a5b3a98e95862c88117
LPML_R3_046,B4_TARGETED_ACTIVE_LEARNING,4,451.5,9e1aedc262a0c9437613b7a6b1307597b6289eee633f1929fc9ea760d469a1e6,ACCEPTED,ACCEPTED,FORMAL_WEIGHTED_G0_PROSPECTIVE_ROUND3_TARGETED_ACTIVE_LEARNING,NONE,True,0.390652672142209,0.9210582212183767,0.0020900320709341526,0.0010108453366134834,0.00205460207005167,0.000995313283754509,-0.1411828897243136,0.7107610357893712,1.0009577571258086,5.390042352086531e-06,5.2120381990787914e-06,0.5251138583472875,1.0602080551165321e-05,0.5251244604278387,1.0009577571258086,1.9061343215859543,1.0004862961136012,0.7246443188506584,0.7242920984180856,-0.7098090565434791,0.14761887948813082,1.2353470028917573,0.34409971781836757,67.01651834094906,True,True,67.01651834094906,d4cebfca3ad5e9998c8c24895dea43297db691a037c142479fffeb8bc7fe3e58,0a0a8cf5dbe0f2111e6afb76b1e2115b4c4405fdd9889a5b3a98e95862c88117
LPML_R3_046,B4_TARGETED_ACTIVE_LEARNING,4,452.0,9e1aedc262a0c9437613b7a6b1307597b6289eee633f1929fc9ea760d469a1e6,ACCEPTED,ACCEPTED,FORMAL_WEIGHTED_G0_PROSPECTIVE_ROUND3_TARGETED_ACTIVE_LEARNING,NONE,True,0.4226552316116701,0.8985410433412865,0.0009213075894893764,0.0015297128287236094,0.0009380832386193922,0.001506805525538528,-0.08775940441286663,0.7466335183217933,0.9860134513775621,3.1888290128123114e-06,3.150463054372087e-06,0.5651633237444805,6.339292067184399e-06,0.5651696630365477,0.9860134513775621,1.744632657881709,0.9929936183298754,0.7517624547490059,0.7570667533728985,-0.7079713912281265,0.23671031258185551,1.2454650193458305,0.36434748275996753,64.80867134735831,True,True,64.80867134735831,d4cebfca3ad5e9998c8c24895dea43297db691a037c142479fffeb8bc7fe3e58,0a0a8cf5dbe0f2111e6afb76b1e2115b4c4405fdd9889a5b3a98e95862c88117
LPML_R3_046,B4_TARGETED_ACTIVE_LEARNING,4,452.5,9e1aedc262a0c9437613b7a6b1307597b6289eee633f1929fc9ea760d469a1e6,ACCEPTED,ACCEPTED,FORMAL_WEIGHTED_G0_PROSPECTIVE_ROUND3_TARGETED_ACTIVE_LEARNING,NONE,True,0.4627421509000228,0.8833774959607874,0.0003689604425478678,6.821687172695112e-05,0.0003858483188739293,9.819088175527185e-05,-0.025339770189454006,0.7732517943362605,0.9944860985895304,1.4078534975332976e-07,1.585203744377152e-07,0.598560441397501,2.9930572419104494e-07,0.5985607407032251,0.9944860985895304,1.661462289392967,0.9972394297376344,0.7736668269153805,0.7758085007919572,-0.6947991492532236,0.3354315532103651,1.2621595934321281,0.37573329668634237,62.352975926302435,True,True,62.35297592630244,d4cebfca3ad5e9998c8c24895dea43297db691a037c142479fffeb8bc7fe3e58,0a0a8cf5dbe0f2111e6afb76b1e2115b4c4405fdd9889a5b3a98e95862c88117
LPML_R3_046,B4_TARGETED_ACTIVE_LEARNING,4,453.0,9e1aedc262a0c9437613b7a6b1307597b6289eee633f1929fc9ea760d469a1e6,ACCEPTED,ACCEPTED,FORMAL_WEIGHTED_G0_PROSPECTIVE_ROUND3_TARGETED_ACTIVE_LEARNING,NONE,True,0.4924476561270963,0.8751956967429481,0.0017616414408905075,-0.0006112847706633863,0.001727770507928159,-0.0005884367973778254,0.03705565971798314,0.7980063658056741,1.0084722016224452,3.4770496371077713e-06,3.3314487925746004e-06,0.6381872817835144,6.808498429682372e-06,0.6381940902819441,1.0084722016224452,1.5801967097139964,1.004229095190894,0.7988680844022171,0.7955038230099877,-0.6801664485619151,0.42540941111510255,1.2832249576377437,0.38756734951066785,60.63478353356385,True,True,60.63478353356385,d4cebfca3ad5e9998c8c24895dea43297db691a037c142479fffeb8bc7fe3e58,0a0a8cf5dbe0f2111e6afb76b1e2115b4c4405fdd9889a5b3a98e95862c88117
LPML_R3_046,B4_TARGETED_ACTIVE_LEARNING,4,453.5,9e1aedc262a0c9437613b7a6b1307597b6289eee633f1929fc9ea760d469a1e6,ACCEPTED,ACCEPTED,FORMAL_WEIGHTED_G0_PROSPECTIVE_ROUND3_TARGETED_ACTIVE_LEARNING,NONE,True,0.5140835529873446,0.8552328739238404,0.0021950058318993557,0.0007235752764994508,0.0021754975965847046,0.0006983380584508778,0.09371188021025184,0.8138049714319965,0.9957051680921236,5.341611782833438e-06,5.2204658366267675e-06,0.6710604480199732,1.0562077619460204e-05,0.6710710100975926,0.9957051680921236,1.4837553002733943,0.9978627472558655,0.8191740448944246,0.8209285767478173,-0.6478212981254426,0.49850612479315976,1.2910368616696102,0.4026161513937896,58.98977257754382,True,True,58.98977257754382,d4cebfca3ad5e9998c8c24895dea43297db691a037c142479fffeb8bc7fe3e58,0a0a8cf5dbe0f2111e6afb76b1e2115b4c4405fdd9889a5b3a98e95862c88117
LPML_R3_046,B4_TARGETED_ACTIVE_LEARNING,4,454.0,9e1aedc262a0c9437613b7a6b1307597b6289eee633f1929fc9ea760d469a1e6,ACCEPTED,ACCEPTED,FORMAL_WEIGHTED_G0_PROSPECTIVE_ROUND3_TARGETED_ACTIVE_LEARNING,NONE,True,0.5472348448434483,0.8282873692099483,0.0005626799458422429,0.0009691354254229171,0.0005882249494541065,0.0009660997715582161,0.1521492090185679,0.818027239886341,0.9855259414035702,1.255832194262688e-06,1.2793573597651234e-06,0.6923179470010411,2.5351895540278114e-06,0.692320482190595,0.9855259414035702,1.4235111725789675,0.9927443143314688,0.8320487665736349,0.8381299742159197,-0.5942996763780729,0.5736751640876765,1.2953171131403172,0.4126244645845205,56.54796433861094,True,True,56.54796433861094,d4cebfca3ad5e9998c8c24895dea43297db691a037c142479fffeb8bc7fe3e58,0a0a8cf5dbe0f2111e6afb76b1e2115b4c4405fdd9889a5b3a98e95862c88117
LPML_R3_047,B4_TARGETED_ACTIVE_LEARNING,4,450.0,2f4cf308107d175c6e02705e2622ad6595a4a8afa773b32fd59f0a678e0893d9,ACCEPTED,ACCEPTED,FORMAL_WEIGHTED_G0_PROSPECTIVE_ROUND3_TARGETED_ACTIVE_LEARNING,NONE,True,0.25128901228778616,0.965438183483892,0.001019329972690991,0.00012991145311266964,0.0010006167223373182,0.000161507836118573,-0.2954583912602033,0.5260047883672994,0.9952170538252482,1.0559105788760618e-06,1.0273186061487818e-06,0.3639766983513948,2.0832291850248436e-06,0.3639787815805798,0.9952170538252482,2.7342721724148666,0.9976063116514745,0.6033054635580297,0.6047530538968778,-0.5820715536739679,-0.15306788344720956,1.16584554526139,0.26778980048294754,75.41049316067853,True,True,75.41049316067853,c83dc6cfec051b63fdc3c6d592cf0e979606d8120a57ae3857cddc6a671c730f,e7d09269a42bd0b4ba9c5616d1a07ca702bb272c0d336ab76abd31bf97f6c75d
LPML_R3_047,B4_TARGETED_ACTIVE_LEARNING,4,450.5,2f4cf308107d175c6e02705e2622ad6595a4a8afa773b32fd59f0a678e0893d9,ACCEPTED,ACCEPTED,FORMAL_WEIGHTED_G0_PROSPECTIVE_ROUND3_TARGETED_ACTIVE_LEARNING,NONE,True,0.2861601360548816,0.954690785316382,0.0007707928446279951,0.0013886168796069637,0.0007452209688217298,0.0013716999066729443,-0.2469179082750187,0.6043423436469679,0.9933221190349584,2.5223784476590976e-06,2.436914926338162e-06,0.4261981217516204,4.95929337399726e-06,0.42620308104499444,0.9933221190349584,2.330631014209146,0.9966611160357547,0.6528336846872387,0.6550207228750947,-0.6476167985279789,-0.06279365660090297,1.1914382905043603,0.30024340604942334,73.31436194786315,True,True,73.31436194786316,c83dc6cfec051b63fdc3c6d592cf0e979606d8120a57ae3857cddc6a671c730f,e7d09269a42bd0b4ba9c5616d1a07ca702bb272c0d336ab76abd31bf97f6c75d
LPML_R3_047,B4_TARGETED_ACTIVE_LEARNING,4,451.0,2f4cf308107d175c6e02705e2622ad6595a4a8afa773b32fd59f0a678e0893d9,ACCEPTED,ACCEPTED,FORMAL_WEIGHTED_G0_PROSPECTIVE_ROUND3_TARGETED_ACTIVE_LEARNING,NONE,True,0.3215347162346131,0.9427722237952997,-0.0003685866252929695,0.0008777925991237335,-0.0003463496205905107,0.0008593452688870149,-0.21214383364763395,0.6722890426755961,0.9922040397040077,9.063759474212595e-07,8.584323508416867e-07,0.49697756305638446,1.7648082982629462e-06,0.4969793278646827,0.9922040397040077,1.996469438612474,0.9960970393077804,0.70496386847197,0.7077260956039704,-0.7020264164822204,0.01616157351820379,1.2203210100496877,0.3337260801375145,71.16793494148558,True,True,71.16793494148558,c83dc6cfec051b63fdc3c6d592cf0e979606d8120a57ae3857cddc6a671c730f,e7d09269a42bd0b4ba9c5616d1a07ca702bb272c0d336ab76abd31bf97f6c75d
LPML_R3_047,B4_TARGETED_ACTIVE_LEARNING,4,451.5,2f4cf308107d175c6e02705e2622ad6595a4a8afa773b32fd59f0a678e0893d9,ACCEPTED,ACCEPTED,FORMAL_WEIGHTED_G0_PROSPECTIVE_ROUND3_TARGETED_ACTIVE_LEARNING,NONE,True,0.3571552294218345,0.9303549247264962,0.00021833763699075938,-0.00026948604899717615,0.00023579154285702786,-0.00024175608692583337,-0.16767261495853542,0.7086767909482035,0.9931201438662076,1.2029405433081707e-07,1.140436572485887e-07,0.5303368998356769,2.3433771157940577e-07,0.5303371341733886,0.9931201438662076,1.8726204142090428,0.9965543840697882,0.7282421559006873,0.7307600744543901,-0.7192060800935808,0.097112695115576,1.234284115606936,0.34811421483104066,68.9986348255143,True,True,68.9986348255143,c83dc6cfec051b63fdc3c6d592cf0e979606d8120a57ae3857cddc6a671c730f,e7d09269a42bd0b4ba9c5616d1a07ca702bb272c0d336ab76abd31bf97f6c75d
LPML_R3_047,B4_TARGETED_ACTIVE_LEARNING,4,452.0,2f4cf308107d175c6e02705e2622ad6595a4a8afa773b32fd59f0a678e0893d9,ACCEPTED,ACCEPTED,FORMAL_WEIGHTED_G0_PROSPECTIVE_ROUND3_TARGETED_ACTIVE_LEARNING,NONE,True,0.3915233331538572,0.9185446631370202,0.0011842566804304811,0.00028765287486727834,0.0011570000169021002,0.0003039955998317391,-0.09815923216163643,0.7417288292426372,0.9970148185814081,1.4852080615636323e-06,1.4310623638285186e-06,0.5597968909882153,2.916270425392151e-06,0.5597998072586406,0.9970148185814081,1.7810202962802448,0.9985078267466956,0.7481956600820667,0.7493137660420875,-0.7197439700912326,0.20023981185848552,1.2477237778611294,0.35958025956788253,66.91420685782612,True,True,66.91420685782612,c83dc6cfec051b63fdc3c6d592cf0e979606d8120a57ae3857cddc6a671c730f,e7d09269a42bd0b4ba9c5616d1a07ca702bb272c0d336ab76abd31bf97f6c75d
LPML_R3_047,B4_TARGETED_ACTIVE_LEARNING,4,452.5,2f4cf308107d175c6e02705e2622ad6595a4a8afa773b32fd59f0a678e0893d9,ACCEPTED,ACCEPTED,FORMAL_WEIGHTED_G0_PROSPECTIVE_ROUND3_TARGETED_ACTIVE_LEARNING,NONE,True,0.42218472632500703,0.9052724506409533,0.0005016305203751166,0.0010106110264232566,0.0004915809209084824,0.0009848665082458341,-0.03489467232223219,0.7856598847758298,0.9977581530315982,1.272967825700078e-06,1.211613840865573e-06,0.6184790927024462,2.4845816665656512e-06,0.6184815772841127,0.9977581530315982,1.613238275282138,0.998883938766164,0.786429022347666,0.7873077059573854,-0.7259674982209072,0.300103427074962,1.2713141745122294,0.3826669804505428,64.99743970016294,True,True,64.99743970016294,c83dc6cfec051b63fdc3c6d592cf0e979606d8120a57ae3857cddc6a671c730f,e7d09269a42bd0b4ba9c5616d1a07ca702bb272c0d336ab76abd31bf97f6c75d
LPML_R3_047,B4_TARGETED_ACTIVE_LEARNING,4,453.0,2f4cf308107d175c6e02705e2622ad6595a4a8afa773b32fd59f0a678e0893d9,ACCEPTED,ACCEPTED,FORMAL_WEIGHTED_G0_PROSPECTIVE_ROUND3_TARGETED_ACTIVE_LEARNING,NONE,True,0.4528849350657967,0.8871460414729104,-0.00013467817170801315,0.00020897659546427588,-0.00010686454746860424,0.00020611642525610407,0.011207174352508748,0.8103143264675058,0.9921328633106057,6.180942738645266e-08,5.390401226602471e-08,0.656734908435455,1.1571343965247737e-07,0.6567350241488946,0.9921328633106057,1.5107049674964037,0.9960588411793561,0.8103916783678982,0.8135981980827319,-0.7137915579643413,0.3769216015796186,1.2840825080420264,0.39829450809474,62.95584819391365,True,True,62.95584819391366,c83dc6cfec051b63fdc3c6d592cf0e979606d8120a57ae3857cddc6a671c730f,e7d09269a42bd0b4ba9c5616d1a07ca702bb272c0d336ab76abd31bf97f6c75d
LPML_R3_047,B4_TARGETED_ACTIVE_LEARNING,4,453.5,2f4cf308107d175c6e02705e2622ad6595a4a8afa773b32fd59f0a678e0893d9,ACCEPTED,ACCEPTED,FORMAL_WEIGHTED_G0_PROSPECTIVE_ROUND3_TARGETED_ACTIVE_LEARNING,NONE,True,0.4876828022555402,0.8692349754415646,0.0006092334936469965,-0.00032160918802590896,0.0006088350138478211,-0.0002919146426863752,0.07083319310983058,0.8117324733361797,0.9934039581467135,4.745979196040094e-07,4.5589423270179055e-07,0.6639269495146063,9.304921523058e-07,0.6639278800067586,0.9934039581467135,1.4962528130865673,0.9966968433981379,0.8148173049915303,0.8175176939594716,-0.6710424034572361,0.4574390298027919,1.2873740086522922,0.40060044990536026,60.7054701585584,True,True,60.705470158558406,c83dc6cfec051b63fdc3c6d592cf0e979606d8120a57ae3857cddc6a671c730f,e7d09269a42bd0b4ba9c5616d1a07ca702bb272c0d336ab76abd31bf97f6c75d
LPML_R3_047,B4_TARGETED_ACTIVE_LEARNING,4,454.0,2f4cf308107d175c6e02705e2622ad6595a4a8afa773b32fd59f0a678e0893d9,ACCEPTED,ACCEPTED,FORMAL_WEIGHTED_G0_PROSPECTIVE_ROUND3_TARGETED_ACTIVE_LEARNING,NONE,True,0.5192014577273324,0.8559418764080658,0.0009018869066526311,0.00038043323685495265,0.0008744736177481536,0.0003769765842633314,0.14320393377267726,0.8225198244037882,1.0022066494951478,9.58129440095388e-07,9.068154532203923e-07,0.6970462281852079,1.8649448933157805e-06,0.6970480931301012,1.0022066494951478,1.4377869466577682,1.001105655990304,0.8348905366390688,0.8339684544217129,-0.629678115977833,0.5496270629534037,1.3035546565546259,0.4102081198568277,58.75963034299119,True,True,58.759630342991194,c83dc6cfec051b63fdc3c6d592cf0e979606d8120a57ae3857cddc6a671c730f,e7d09269a42bd0b4ba9c5616d1a07ca702bb272c0d336ab76abd31bf97f6c75d
LPML_R3_048,B4_TARGETED_ACTIVE_LEARNING,4,450.0,a7665939aaa0332c16b89d9629d788878e23481283adf180256e9864a209974e,ACCEPTED,ACCEPTED,FORMAL_WEIGHTED_G0_PROSPECTIVE_ROUND3_TARGETED_ACTIVE_LEARNING,NONE,True,0.28231847143950733,0.9489988419418716,-0.00943376429221876,0.0019645969047788663,-0.00940349633947264,0.0019477118104155025,-0.277527798834297,0.5619024737914328,0.9803025213229533,9.285554971940843e-05,9.221932470290738e-05,0.39275606917874184,0.0001850748744223158,0.3929411440531641,0.9803025213229533,2.4947820714603517,0.990175605026333,0.62673434291321,0.6329527204384544,-0.6116809047606075,-0.10470126386761815,1.1718547970529956,0.2861408750394938,73.43274002617818,True,True,73.43274002617818,f7108253db5b693d39742ff293a180f287a45942125e73e4d314b7dc2578489f,142f185a3e6fd45cb90078cc997302a36edbc2ebbe505b3f722dac88621854dd
LPML_R3_048,B4_TARGETED_ACTIVE_LEARNING,4,450.5,a7665939aaa0332c16b89d9629d788878e23481283adf180256e9864a209974e,ACCEPTED,ACCEPTED,FORMAL_WEIGHTED_G0_PROSPECTIVE_ROUND3_TARGETED_ACTIVE_LEARNING,NONE,True,0.3238788080249867,0.9460309764731228,-0.008905695087319582,0.0009920297768803387,-0.008884763606028252,0.001020713814096698,-0.2395325070786864,0.623764577787243,0.9998720907343766,8.02955280665254e-05,7.998088102529202e-05,0.4464580704494986,0.00016027640909181744,0.4466183468585904,0.9998720907343766,2.2387617924056284,0.9999873878505516,0.6682182740188995,0.668226701793928,-0.6677582279063933,-0.024563139510706062,1.2027013085521139,0.30875997189569127,71.10108371170475,True,True,71.10108371170475,f7108253db5b693d39742ff293a180f287a45942125e73e4d314b7dc2578489f,142f185a3e6fd45cb90078cc997302a36edbc2ebbe505b3f722dac88621854dd
LPML_R3_048,B4_TARGETED_ACTIVE_LEARNING,4,451.0,a7665939aaa0332c16b89d9629d788878e23481283adf180256e9864a209974e,ACCEPTED,ACCEPTED,FORMAL_WEIGHTED_G0_PROSPECTIVE_ROUND3_TARGETED_ACTIVE_LEARNING,NONE,True,0.3498882887376304,0.9395825543254333,-0.008662666969691667,0.002482589518364965,-0.008684135354494414,0.002492188953422217,-0.18843797174192692,0.6755415685991714,1.0052371909884532,8.120504974448259e-05,8.162521263473957e-05,0.49186528009964015,0.00016283026237922217,0.4920281103620193,1.0052371909884532,2.0430482930108003,1.0026752221595794,0.7013613193053286,0.6994900280817994,-0.7007283527337143,0.05935420073345127,1.223627926025911,0.3286178541092416,69.5753255401691,True,True,69.5753255401691,f7108253db5b693d39742ff293a180f287a45942125e73e4d314b7dc2578489f,142f185a3e6fd45cb90078cc997302a36edbc2ebbe505b3f722dac88621854dd
LPML_R3_048,B4_TARGETED_ACTIVE_LEARNING,4,451.5,a7665939aaa0332c16b89d9629d788878e23481283adf180256e9864a209974e,ACCEPTED,ACCEPTED,FORMAL_WEIGHTED_G0_PROSPECTIVE_ROUND3_TARGETED_ACTIVE_LEARNING,NONE,True,0.37898558998450044,0.9176948002371772,-0.010635648300181136,0.003857465455192136,-0.010628484358673904,0.0038255386111908335,-0.1318459264023338,0.7231601263381056,0.9857938237982524,0.00012799705450314657,0.00012759942542828773,0.5403439166342345,0.0002555964799314343,0.540599513114166,0.9857938237982524,1.8235196293824047,0.9929694935643217,0.7351223855678948,0.7403272611418606,-0.7137062778225438,0.15315463213611955,1.2354729203476773,0.35416789371453117,67.56056748644085,True,True,67.56056748644085,f7108253db5b693d39742ff293a180f287a45942125e73e4d314b7dc2578489f,142f185a3e6fd45cb90078cc997302a36edbc2ebbe505b3f722dac88621854dd
LPML_R3_048,B4_TARGETED_ACTIVE_LEARNING,4,452.0,a7665939aaa0332c16b89d9629d788878e23481283adf180256e9864a209974e,ACCEPTED,ACCEPTED,FORMAL_WEIGHTED_G0_PROSPECTIVE_ROUND3_TARGETED_ACTIVE_LEARNING,NONE,True,0.4210496854353488,0.900128414177428,-0.012361615567882851,0.0030616266677169542,-0.012312145186332207,0.0030548497574205986,-0.07653853076760359,0.7615899402251307,0.9875139996147774,0.0001621830973005993,0.00016092102612973603,0.5858773837441815,0.00032310412343033534,0.5862004878676119,0.9875139996147774,1.6846011220614994,0.9938326152034557,0.765513697095127,0.7702642128910333,-0.7178981146478385,0.2518481565095622,1.2544777748060703,0.37249481562911,64.931393916552,True,True,64.931393916552,f7108253db5b693d39742ff293a180f287a45942125e73e4d314b7dc2578489f,142f185a3e6fd45cb90078cc997302a36edbc2ebbe505b3f722dac88621854dd
LPML_R3_048,B4_TARGETED_ACTIVE_LEARNING,4,452.5,a7665939aaa0332c16b89d9629d788878e23481283adf180256e9864a209974e,ACCEPTED,ACCEPTED,FORMAL_WEIGHTED_G0_PROSPECTIVE_ROUND3_TARGETED_ACTIVE_LEARNING,NONE,True,0.45524442314513086,0.8943174497893857,-0.01165840664526056,0.0024965432570657623,-0.01163891769118074,0.002520243061656721,-0.018976307053553194,0.7864942868949122,1.0070511858025328,0.00014215117374065611,0.00014181603011190888,0.6189333635477271,0.000283967203852565,0.6192173307515796,1.0070511858025328,1.6263291348454623,1.0035987792474266,0.7868023937731682,0.783981019151071,-0.7121438222273316,0.3411347344938004,1.2752523344633067,0.38075958825276557,63.02203146237139,True,True,63.02203146237138,f7108253db5b693d39742ff293a180f287a45942125e73e4d314b7dc2578489f,142f185a3e6fd45cb90078cc997302a36edbc2ebbe505b3f722dac88621854dd
LPML_R3_048,B4_TARGETED_ACTIVE_LEARNING,4,453.0,a7665939aaa0332c16b89d9629d788878e23481283adf180256e9864a209974e,ACCEPTED,ACCEPTED,FORMAL_WEIGHTED_G0_PROSPECTIVE_ROUND3_TARGETED_ACTIVE_LEARNING,NONE,True,0.4767919842269378,0.8785978141662738,-0.011027418143488328,0.004511845730748267,-0.011031652847902798,0.004499444174495914,0.04367743792094253,0.8042708403437734,0.9992647152808147,0.00014196070280940692,0.00014194236243604715,0.648759303210617,0.00028390306524545407,0.6490432062758624,0.9992647152808147,1.5395966025351135,0.999719087343095,0.8055244676349481,0.8057508132366978,-0.6859068998822145,0.42194418167722797,1.283864448279754,0.3937633240656274,61.51247724078266,True,True,61.51247724078266,f7108253db5b693d39742ff293a180f287a45942125e73e4d314b7dc2578489f,142f185a3e6fd45cb90078cc997302a36edbc2ebbe505b3f722dac88621854dd
LPML_R3_048,B4_TARGETED_ACTIVE_LEARNING,4,453.5,a7665939aaa0332c16b89d9629d788878e23481283adf180256e9864a209974e,ACCEPTED,ACCEPTED,FORMAL_WEIGHTED_G0_PROSPECTIVE_ROUND3_TARGETED_ACTIVE_LEARNING,NONE,True,0.5082115162897977,0.851263628007031,-0.013066036056615583,0.006418738493831279,-0.013027650554252826,0.006382172478805666,0.10520101874287426,0.8195811919794402,0.9829287096572683,0.00021192150208496996,0.00021045180451294846,0.6827805845909789,0.0004223733065979184,0.6832029578975768,0.9829287096572683,1.4387067536739577,0.9915613254939262,0.8264005114589251,0.833433586215427,-0.6443445439359086,0.5062414119613903,1.2907872278399894,0.41005340166195914,59.16244469392879,True,True,59.16244469392879,f7108253db5b693d39742ff293a180f287a45942125e73e4d314b7dc2578489f,142f185a3e6fd45cb90078cc997302a36edbc2ebbe505b3f722dac88621854dd
LPML_R3_048,B4_TARGETED_ACTIVE_LEARNING,4,454.0,a7665939aaa0332c16b89d9629d788878e23481283adf180256e9864a209974e,ACCEPTED,ACCEPTED,FORMAL_WEIGHTED_G0_PROSPECTIVE_ROUND3_TARGETED_ACTIVE_LEARNING,NONE,True,0.5479497503763475,0.8352451164589844,-0.014759662129136262,0.0053780954307188975,-0.01470416130207456,0.0053793023427370495,0.16144459327027574,0.8272706816435939,0.997883333506084,0.0002467715366281787,0.0002451492532920034,0.7104411374032612,0.0004919207899201821,0.7109330581931814,0.997883333506084,1.4036248870493933,0.9990765733601242,0.8430079431786262,0.8437871186824015,-0.6026983703018094,0.5883070486757634,1.3072170407775692,0.41603829507172607,56.73373667518996,True,True,56.73373667518997,f7108253db5b693d39742ff293a180f287a45942125e73e4d314b7dc2578489f,142f185a3e6fd45cb90078cc997302a36edbc2ebbe505b3f722dac88621854dd
LPML_R3_049,B5_TARGETED_ACTIVE_LEARNING,5,450.0,f179afc444fb0dc7f767be6eb2b2d758ed2767cb26c1d7f7c6babc6635bbda17,ACCEPTED,ACCEPTED,FORMAL_WEIGHTED_G0_PROSPECTIVE_ROUND3_TARGETED_ACTIVE_LEARNING,NONE,True,0.18811741489772046,0.9715439108917415,0.0013146631324314642,-0.0010850825559686659,0.0013491491004842106,-0.001191936602330184,-0.33426154255705215,0.3329454842333264,0.9792857325786213,2.9057433050420025e-06,3.2409161593117785e-06,0.22258347430398415,6.146659464353781e-06,0.2225896209634485,0.9792857325786213,4.399512108156337,0.9895935006492084,0.4717839092369675,0.4767451574080272,-0.38635205547831525,-0.26211389158748005,1.09630075870724,0.18520191824173005,79.04157983809495,True,True,79.04157983809495,d3f34a33c4f640b22ed71ff18de1bf69703e4d46b7c12f084952b703bef83de1,a200036a19dcfc566fe78827a53f82bf5591f1fe3e8d411980732721a42d1923
LPML_R3_049,B5_TARGETED_ACTIVE_LEARNING,5,450.5,f179afc444fb0dc7f767be6eb2b2d758ed2767cb26c1d7f7c6babc6635bbda17,ACCEPTED,ACCEPTED,FORMAL_WEIGHTED_G0_PROSPECTIVE_ROUND3_TARGETED_ACTIVE_LEARNING,NONE,True,0.22724727831286362,0.9736231135077875,0.001258083950440441,-0.005452197179685761,0.001373607874673109,-0.005485827582685625,-0.33147417107723215,0.41797022374543624,0.9995832926572022,3.1309229312529185e-05,3.1981102860318385e-05,0.28457423402914817,6.329033217284758e-05,0.28463752436132106,0.9995832926572022,3.511776231542555,0.999859461189577,0.5333871716569605,0.5334621437920547,-0.48224389210523855,-0.2277339279170418,1.1332346698802163,0.22164219781310013,76.86215191067186,True,True,76.86215191067186,d3f34a33c4f640b22ed71ff18de1bf69703e4d46b7c12f084952b703bef83de1,a200036a19dcfc566fe78827a53f82bf5591f1fe3e8d411980732721a42d1923
LPML_R3_049,B5_TARGETED_ACTIVE_LEARNING,5,451.0,f179afc444fb0dc7f767be6eb2b2d758ed2767cb26c1d7f7c6babc6635bbda17,ACCEPTED,ACCEPTED,FORMAL_WEIGHTED_G0_PROSPECTIVE_ROUND3_TARGETED_ACTIVE_LEARNING,NONE,True,0.25569532556162605,0.9639016348013968,0.007210650650518019,-0.005274400403782377,0.007254520537729591,-0.005231424182370667,-0.3157189394850561,0.49614569890902194,0.9944864610868711,7.981278242323562e-05,7.999586720823305e-05,0.34583900329549033,0.00015980864963146868,0.34599881194512183,0.9944864610868711,2.87424819610249,0.9973617250818733,0.5880092366397851,0.5895646703221096,-0.5589882244831053,-0.17738388068062877,1.1577932773306265,0.2581145939503835,75.14325588752871,True,True,75.14325588752871,d3f34a33c4f640b22ed71ff18de1bf69703e4d46b7c12f084952b703bef83de1,a200036a19dcfc566fe78827a53f82bf5591f1fe3e8d411980732721a42d1923
LPML_R3_049,B5_TARGETED_ACTIVE_LEARNING,5,451.5,f179afc444fb0dc7f767be6eb2b2d758ed2767cb26c1d7f7c6babc6635bbda17,ACCEPTED,ACCEPTED,FORMAL_WEIGHTED_G0_PROSPECTIVE_ROUND3_TARGETED_ACTIVE_LEARNING,NONE,True,0.2943203663463972,0.9458193470279026,0.008009209258561384,6.570425242074835e-05,0.008000255418078056,3.141063477637456e-05,-0.2846520736070452,0.5648625985026643,0.9811987152585654,6.415174999621154e-05,6.400507338246434e-05,0.4000965581959728,0.00012815682337867588,0.4002247150193514,0.9811987152585654,2.4516194988386038,0.9905950441713722,0.6325700662701594,0.6385758438750329,-0.6181009503175146,-0.10297964868762023,1.1753397084579067,0.2897190725502852,72.71488630064681,True,True,72.71488630064681,d3f34a33c4f640b22ed71ff18de1bf69703e4d46b7c12f084952b703bef83de1,a200036a19dcfc566fe78827a53f82bf5591f1fe3e8d411980732721a42d1923
LPML_R3_049,B5_TARGETED_ACTIVE_LEARNING,5,452.0,f179afc444fb0dc7f767be6eb2b2d758ed2767cb26c1d7f7c6babc6635bbda17,ACCEPTED,ACCEPTED,FORMAL_WEIGHTED_G0_PROSPECTIVE_ROUND3_TARGETED_ACTIVE_LEARNING,NONE,True,0.33716099397958377,0.9377301642773707,0.0039844805114587645,-0.00036914075946457267,0.004064086398004539,-0.0004442550401346692,-0.24197365077526098,0.6278951171219719,0.9930153968569655,1.601234984649278e-05,1.6714160791130566e-05,0.4528035257751228,3.272651063762334e-05,0.4528362522857604,0.9930153968569655,2.1928796377157704,0.9965118942240451,0.6729158148035547,0.675271232289239,-0.6703962972204079,-0.015200979143020436,1.2024357151809513,0.3131968985575082,70.22394576478862,True,True,70.22394576478864,d3f34a33c4f640b22ed71ff18de1bf69703e4d46b7c12f084952b703bef83de1,a200036a19dcfc566fe78827a53f82bf5591f1fe3e8d411980732721a42d1923
LPML_R3_049,B5_TARGETED_ACTIVE_LEARNING,5,452.5,f179afc444fb0dc7f767be6eb2b2d758ed2767cb26c1d7f7c6babc6635bbda17,ACCEPTED,ACCEPTED,FORMAL_WEIGHTED_G0_PROSPECTIVE_ROUND3_TARGETED_ACTIVE_LEARNING,NONE,True,0.36742634635805066,0.9310024092101898,0.005865256754781106,-0.0051427947503077855,0.00597407839773211,-0.005126742418139237,-0.19499495265998043,0.6826182930994857,1.0017676059532044,6.084957464329872e-05,6.197310052419759e-05,0.5039907656369232,0.00012282267516749632,0.5041135883120907,1.0017676059532044,1.9871862794006296,1.000986102858893,0.7098647872296959,0.7091654771252746,-0.7071742321803681,0.06933196780006408,1.22714351005304,0.3347631873164094,68.46299654978597,True,True,68.46299654978597,d3f34a33c4f640b22ed71ff18de1bf69703e4d46b7c12f084952b703bef83de1,a200036a19dcfc566fe78827a53f82bf5591f1fe3e8d411980732721a42d1923
LPML_R3_049,B5_TARGETED_ACTIVE_LEARNING,5,453.0,f179afc444fb0dc7f767be6eb2b2d758ed2767cb26c1d7f7c6babc6635bbda17,ACCEPTED,ACCEPTED,FORMAL_WEIGHTED_G0_PROSPECTIVE_ROUND3_TARGETED_ACTIVE_LEARNING,NONE,True,0.39637450756459497,0.9118233818920087,0.011133161893312708,-0.003765349209539007,0.011152865174990291,-0.0037380639267203383,-0.14294930523489782,0.7249874362620293,0.9885346300120553,0.00013812514841248625,0.00013835952353175908,0.5460412866049301,0.0002764846719442453,0.5463177712768744,0.9885346300120553,1.8094498879317344,0.9943519572616328,0.7389970137821189,0.743194608694952,-0.7178320479683601,0.15710563000341699,1.2388916019123422,0.355941568595189,66.50515699999522,True,True,66.50515699999522,d3f34a33c4f640b22ed71ff18de1bf69703e4d46b7c12f084952b703bef83de1,a200036a19dcfc566fe78827a53f82bf5591f1fe3e8d411980732721a42d1923
LPML_R3_049,B5_TARGETED_ACTIVE_LEARNING,5,453.5,f179afc444fb0dc7f767be6eb2b2d758ed2767cb26c1d7f7c6babc6635bbda17,ACCEPTED,ACCEPTED,FORMAL_WEIGHTED_G0_PROSPECTIVE_ROUND3_TARGETED_ACTIVE_LEARNING,NONE,True,0.4356054642130668,0.8934849665493307,0.009725657886976396,0.00014286405802009684,0.009752050712483817,7.883668592680346e-05,-0.0844454340877787,0.7595263757091921,0.9880675059019401,9.460883147358016e-05,9.510870832190402e-05,0.5840113467362144,0.0001897175397954842,0.5842010642760098,0.9880675059019401,1.6913141148183888,0.9940816581234189,0.7642448738202592,0.7687948646622905,-0.7155051247563399,0.255400953665533,1.253901339890005,0.37156569517247917,64.00913211316188,True,True,64.00913211316188,d3f34a33c4f640b22ed71ff18de1bf69703e4d46b7c12f084952b703bef83de1,a200036a19dcfc566fe78827a53f82bf5591f1fe3e8d411980732721a42d1923
LPML_R3_049,B5_TARGETED_ACTIVE_LEARNING,5,454.0,f179afc444fb0dc7f767be6eb2b2d758ed2767cb26c1d7f7c6babc6635bbda17,ACCEPTED,ACCEPTED,FORMAL_WEIGHTED_G0_PROSPECTIVE_ROUND3_TARGETED_ACTIVE_LEARNING,NONE,True,0.4698040076454498,0.8840298753140492,0.006461386335480891,-0.0029143047712749367,0.0065737931472638,-0.002960326952438023,-0.02579900095573497,0.7887842546744652,1.0022246260474992,5.024268567621503e-05,5.197829200834349e-05,0.6228461888726656,0.00010222097768455852,0.6229484098503502,1.0022246260474992,1.6088404917644175,1.0011482827623501,0.789224398900494,0.7883191855684758,-0.7094631688740578,0.34780520226842093,1.2748227468545772,0.38331205114179956,62.012280271906036,True,True,62.01228027190603,d3f34a33c4f640b22ed71ff18de1bf69703e4d46b7c12f084952b703bef83de1,a200036a19dcfc566fe78827a53f82bf5591f1fe3e8d411980732721a42d1923
LPML_R3_050,B5_TARGETED_ACTIVE_LEARNING,5,450.0,a951fd96126488f3a8fa871621e3d72269ade01003a1dbc761e9252f7651034e,ACCEPTED,ACCEPTED,FORMAL_WEIGHTED_G0_PROSPECTIVE_ROUND3_TARGETED_ACTIVE_LEARNING,NONE,True,0.18568048025630576,0.9729414662010735,0.0009222649014168747,-0.00246431931513658,0.0009216937586890851,-0.002539733828252355,-0.3284888865960429,0.35897544433511286,0.981092337401707,6.923442235340702e-06,7.299767303175776e-06,0.23676831825269962,1.4223209538516478e-05,0.23678254146223815,0.981092337401707,4.143431907365394,0.990515109653434,0.4865744510475149,0.4912337492941019,-0.4102506606942741,-0.2529411123960467,1.103573685289725,0.1944227158073194,79.19534244443986,True,True,79.19534244443986,918351290ffd8d6acfb323cd45057315121382b0cb5374f42ad9e181697bc0aa,5ef6d84423a0fa3a6371b8b292d3ca8a4b67e43237c5a3fc76fb71e0ee557c84
LPML_R3_050,B5_TARGETED_ACTIVE_LEARNING,5,450.5,a951fd96126488f3a8fa871621e3d72269ade01003a1dbc761e9252f7651034e,ACCEPTED,ACCEPTED,FORMAL_WEIGHTED_G0_PROSPECTIVE_ROUND3_TARGETED_ACTIVE_LEARNING,NONE,True,0.22359622601692158,0.9717805728492248,0.0037632538718252143,-0.006030554288970078,0.0038603755724159012,-0.006099509256455582,-0.3128625203392748,0.44238680440173894,0.9943527540561777,5.052966473602287e-05,5.2106512729692714e-05,0.2935890413418255,0.00010263617746571558,0.2936916775192912,0.9943527540561777,3.385702865178614,0.9972748734671322,0.5417446430991121,0.5432249999598197,-0.4998355251640766,-0.20507146512814695,1.134920451650894,0.2280136230704891,77.04238093435487,True,True,77.04238093435487,918351290ffd8d6acfb323cd45057315121382b0cb5374f42ad9e181697bc0aa,5ef6d84423a0fa3a6371b8b292d3ca8a4b67e43237c5a3fc76fb71e0ee557c84
LPML_R3_050,B5_TARGETED_ACTIVE_LEARNING,5,451.0,a951fd96126488f3a8fa871621e3d72269ade01003a1dbc761e9252f7651034e,ACCEPTED,ACCEPTED,FORMAL_WEIGHTED_G0_PROSPECTIVE_ROUND3_TARGETED_ACTIVE_LEARNING,NONE,True,0.2562283523941741,0.9618244105087491,0.008335342865669325,-0.0030092114688338393,0.008424626507350793,-0.0029826248895846916,-0.29463984463719195,0.52243891058698,0.9907591652211357,7.853329435242561e-05,7.987038302032771e-05,0.3597550533431391,0.00015840367737275331,0.35991345702051186,0.9907591652211357,2.7527705505178464,0.9954493783348471,0.5997942625721039,0.6025361767520703,-0.5780508259446473,-0.1494779209104465,1.1621844183440284,0.26646979519225056,75.08294119901805,True,True,75.08294119901805,918351290ffd8d6acfb323cd45057315121382b0cb5374f42ad9e181697bc0aa,5ef6d84423a0fa3a6371b8b292d3ca8a4b67e43237c5a3fc76fb71e0ee557c84
LPML_R3_050,B5_TARGETED_ACTIVE_LEARNING,5,451.5,a951fd96126488f3a8fa871621e3d72269ade01003a1dbc761e9252f7651034e,ACCEPTED,ACCEPTED,FORMAL_WEIGHTED_G0_PROSPECTIVE_ROUND3_TARGETED_ACTIVE_LEARNING,NONE,True,0.2943863712774031,0.9474680956675023,0.006028918290567862,0.0006108339471693345,0.006030753132674593,0.0006178420180377362,-0.2654614970025157,0.5841361554334545,0.9843591279016805,3.6720973865358175e-05,3.6751712106517356e-05,0.41168485447539366,7.347268597187554e-05,0.41175832716136557,0.9843591279016805,2.390623487053162,0.992171352470348,0.6416490180778012,0.6467118975771652,-0.6316345991344982,-0.07956198461581383,1.1815741428547961,0.29493100717859855,72.73953731373825,True,True,72.73953731373825,918351290ffd8d6acfb323cd45057315121382b0cb5374f42ad9e181697bc0aa,5ef6d84423a0fa3a6371b8b292d3ca8a4b67e43237c5a3fc76fb71e0ee557c84
LPML_R3_050,B5_TARGETED_ACTIVE_LEARNING,5,452.0,a951fd96126488f3a8fa871621e3d72269ade01003a1dbc761e9252f7651034e,ACCEPTED,ACCEPTED,FORMAL_WEIGHTED_G0_PROSPECTIVE_ROUND3_TARGETED_ACTIVE_LEARNING,NONE,True,0.3336705657460679,0.9373838297432509,0.0038803349958924276,-0.0028821167186542608,0.00391749073775241,-0.0029523871051094545,-0.21618878110479275,0.6383952964612528,0.9900244907094251,2.3363596460293892e-05,2.4063323298792512e-05,0.45428614361942693,4.74269197590864e-05,0.454333570539186,0.9900244907094251,2.1790696415730437,0.9950349228835209,0.6739907740398203,0.6773538883305283,-0.6705639528382864,0.010384599076874848,1.201814487035587,0.3145574374725517,70.40633616103105,True,True,70.40633616103105,918351290ffd8d6acfb323cd45057315121382b0cb5374f42ad9e181697bc0aa,5ef6d84423a0fa3a6371b8b292d3ca8a4b67e43237c5a3fc76fb71e0ee557c84
LPML_R3_050,B5_TARGETED_ACTIVE_LEARNING,5,452.5,a951fd96126488f3a8fa871621e3d72269ade01003a1dbc761e9252f7651034e,ACCEPTED,ACCEPTED,FORMAL_WEIGHTED_G0_PROSPECTIVE_ROUND3_TARGETED_ACTIVE_LEARNING,NONE,True,0.36735810287941195,0.927385160090066,0.008557573360823178,-0.005326355982469956,0.00866977389872284,-0.005353937805618406,-0.16295767391457688,0.6938684004420149,0.994995210906438,0.00010160212987786399,0.00010382962948140587,0.50800856061961,0.00020543175935926986,0.5082139923789692,0.994995210906438,1.9578272653392073,0.9976190433047918,0.7127169478278447,0.714417946019597,-0.7033927548117561,0.10386564574078905,1.2260543231380114,0.3380860037765996,68.39036858439312,True,True,68.39036858439312,918351290ffd8d6acfb323cd45057315121382b0cb5374f42ad9e181697bc0aa,5ef6d84423a0fa3a6371b8b292d3ca8a4b67e43237c5a3fc76fb71e0ee557c84
LPML_R3_050,B5_TARGETED_ACTIVE_LEARNING,5,453.0,a951fd96126488f3a8fa871621e3d72269ade01003a1dbc761e9252f7651034e,ACCEPTED,ACCEPTED,FORMAL_WEIGHTED_G0_PROSPECTIVE_ROUND3_TARGETED_ACTIVE_LEARNING,NONE,True,0.3993662515410099,0.9123199309590649,0.010910462582742302,-0.0012796731264015351,0.01097210025569409,-0.0012456959157035872,-0.1149491369940674,0.7364129509416314,0.9918210592950701,0.00012067575707985408,0.0001219387423354029,0.5555173384102426,0.00024261449941525697,0.5557599529096579,0.9918210592950701,1.7846213173555106,0.9959718819200533,0.745399907854405,0.7484146102773596,-0.7178691351253319,0.18925572289809642,1.2440180915906038,0.35911525698929725,66.35869542482382,True,True,66.35869542482382,918351290ffd8d6acfb323cd45057315121382b0cb5374f42ad9e181697bc0aa,5ef6d84423a0fa3a6371b8b292d3ca8a4b67e43237c5a3fc76fb71e0ee557c84
LPML_R3_050,B5_TARGETED_ACTIVE_LEARNING,5,453.5,a951fd96126488f3a8fa871621e3d72269ade01003a1dbc761e9252f7651034e,ACCEPTED,ACCEPTED,FORMAL_WEIGHTED_G0_PROSPECTIVE_ROUND3_TARGETED_ACTIVE_LEARNING,NONE,True,0.43357780122824696,0.8955168569222447,0.007014507571114019,-0.0007447060722652894,0.007023717269017717,-0.0007726079797656577,-0.05841659331331177,0.762091318613004,0.9899401507498171,4.9757903599284696e-05,4.992952736549526e-05,0.5841956762796401,9.968743096477996e-05,0.5842953637106049,0.9899401507498171,1.6942461163188756,0.9949868780398359,0.7643537315856859,0.768204836119541,-0.7078424529681837,0.2781234842927435,1.2546854245030592,0.37116134043696447,64.16536496179839,True,True,64.16536496179839,918351290ffd8d6acfb323cd45057315121382b0cb5374f42ad9e181697bc0aa,5ef6d84423a0fa3a6371b8b292d3ca8a4b67e43237c5a3fc76fb71e0ee557c84
LPML_R3_050,B5_TARGETED_ACTIVE_LEARNING,5,454.0,a951fd96126488f3a8fa871621e3d72269ade01003a1dbc761e9252f7651034e,ACCEPTED,ACCEPTED,FORMAL_WEIGHTED_G0_PROSPECTIVE_ROUND3_TARGETED_ACTIVE_LEARNING,NONE,True,0.4675129149194114,0.8799803814518574,0.007587306814172507,-0.005868956600933095,0.007665554494808643,-0.0059378013909109585,0.006889241926379589,0.7866153201514412,0.9929337973566013,9.20118762760247e-05,9.401821107078512e-05,0.6188111235512745,0.0001860300873468098,0.6189971536386214,0.9929337973566013,1.6041007483150544,0.9965749753723534,0.7866188845030457,0.789322332932491,-0.6890085521233381,0.3739052597101625,1.2696184273218558,0.3840097203025018,62.01934057916034,True,True,62.01934057916034,918351290ffd8d6acfb323cd45057315121382b0cb5374f42ad9e181697bc0aa,5ef6d84423a0fa3a6371b8b292d3ca8a4b67e43237c5a3fc76fb71e0ee557c84
LPML_R3_051,B5_TARGETED_ACTIVE_LEARNING,5,450.0,72f63f084040d0023d16b6358a4972fa9b28b1c83bfdbebd287c01a2fd82a801,ACCEPTED,ACCEPTED,FORMAL_WEIGHTED_G0_PROSPECTIVE_ROUND3_TARGETED_ACTIVE_LEARNING,NONE,True,0.25850111876725573,0.9617806543313611,0.009331823102087725,-0.002370829682452454,0.009344029714790404,-0.002299068927354289,-0.3060438592525157,0.5184275739012831,0.9918448554499837,9.270375579185579e-05,9.2596609243612e-05,0.3624299931673441,0.0001853003650354678,0.36261529353237953,0.9918448554499837,2.735253788631001,0.9959964849626856,0.602039160623575,0.6044591218071719,-0.5778080373903242,-0.16028934774517256,1.1638127637134605,0.2677194259312984,74.95594539428697,True,True,74.95594539428697,cfc118b4acf345a2cd873e738cb977e737fc89024e3643f575175d94e0f599e0,233db0d29f4af6aba05a68b1c3892f10effc29a30b53c6c6f6ba781c4fb09a5c
LPML_R3_051,B5_TARGETED_ACTIVE_LEARNING,5,450.5,72f63f084040d0023d16b6358a4972fa9b28b1c83bfdbebd287c01a2fd82a801,ACCEPTED,ACCEPTED,FORMAL_WEIGHTED_G0_PROSPECTIVE_ROUND3_TARGETED_ACTIVE_LEARNING,NONE,True,0.2881597572474624,0.9628421061613093,0.005118925444379828,0.0014600451173077133,0.005084252984173673,0.0013837242216360993,-0.27682302010942356,0.583595491902106,1.0101009670940624,2.833512944969331e-05,2.776432112862132e-05,0.41721468263096334,5.609945057831463e-05,0.41727078208154167,1.0101009670940624,2.4207325565792233,1.005057096641001,0.6459349670571843,0.642684847672796,-0.6417035724566827,-0.0983826308587384,1.1947266420297173,0.2923350432867553,73.33858971404163,True,True,73.33858971404163,cfc118b4acf345a2cd873e738cb977e737fc89024e3643f575175d94e0f599e0,233db0d29f4af6aba05a68b1c3892f10effc29a30b53c6c6f6ba781c4fb09a5c
LPML_R3_051,B5_TARGETED_ACTIVE_LEARNING,5,451.0,72f63f084040d0023d16b6358a4972fa9b28b1c83bfdbebd287c01a2fd82a801,ACCEPTED,ACCEPTED,FORMAL_WEIGHTED_G0_PROSPECTIVE_ROUND3_TARGETED_ACTIVE_LEARNING,NONE,True,0.3147626028844901,0.9435519969461947,0.00308529286302562,-0.0037375382731927487,0.003206260565239938,-0.003839222555051025,-0.22626405997232424,0.6410992817623125,0.9893658671157711,2.3488224394217464e-05,2.501973663942524e-05,0.4622037139113123,4.85079610336427e-05,0.462252221872346,0.9893658671157711,2.140316087845633,0.994720756937626,0.6798151989368534,0.6834231558912581,-0.6761255150153024,-0.011673998341632508,1.2048311454258298,0.31843928191510007,71.55164790393073,True,True,71.55164790393073,cfc118b4acf345a2cd873e738cb977e737fc89024e3643f575175d94e0f599e0,233db0d29f4af6aba05a68b1c3892f10effc29a30b53c6c6f6ba781c4fb09a5c
LPML_R3_051,B5_TARGETED_ACTIVE_LEARNING,5,451.5,72f63f084040d0023d16b6358a4972fa9b28b1c83bfdbebd287c01a2fd82a801,ACCEPTED,ACCEPTED,FORMAL_WEIGHTED_G0_PROSPECTIVE_ROUND3_TARGETED_ACTIVE_LEARNING,NONE,True,0.35876238575238883,0.9226604996547031,0.009301074583742434,-0.00587733222383322,0.009430812064290792,-0.0058271309442738135,-0.17179796976116704,0.7000084425910084,0.9800128470538122,0.0001210530224816478,0.00012289567123368616,0.5195263621127479,0.00024394869371533395,0.5197703108064633,0.9800128470538122,1.885472922709355,0.9901128927459922,0.7207354698351114,0.727932617700002,-0.7075582576043872,0.09273512488642661,1.224656342759174,0.34656364027184694,68.75219323948437,True,True,68.75219323948437,cfc118b4acf345a2cd873e738cb977e737fc89024e3643f575175d94e0f599e0,233db0d29f4af6aba05a68b1c3892f10effc29a30b53c6c6f6ba781c4fb09a5c
LPML_R3_051,B5_TARGETED_ACTIVE_LEARNING,5,452.0,72f63f084040d0023d16b6358a4972fa9b28b1c83bfdbebd287c01a2fd82a801,ACCEPTED,ACCEPTED,FORMAL_WEIGHTED_G0_PROSPECTIVE_ROUND3_TARGETED_ACTIVE_LEARNING,NONE,True,0.3999921466935275,0.9181976859201831,0.011210881760531505,-0.000535248610123245,0.011192151684582331,-0.0004988400938405983,-0.12332902478112086,0.7449653019509614,1.0030807078456758,0.00012597036092325685,0.000125513100769922,0.5701833494643496,0.00025148346169317885,0.5704348329260427,1.0030807078456758,1.7584492565090708,1.001613360531306,0.7551729714289982,0.753956567660416,-0.733481264599738,0.1847514281996818,1.2543984776663746,0.3625225287868953,66.46073516161496,True,True,66.46073516161496,cfc118b4acf345a2cd873e738cb977e737fc89024e3643f575175d94e0f599e0,233db0d29f4af6aba05a68b1c3892f10effc29a30b53c6c6f6ba781c4fb09a5c
LPML_R3_051,B5_TARGETED_ACTIVE_LEARNING,5,452.5,72f63f084040d0023d16b6358a4972fa9b28b1c83bfdbebd287c01a2fd82a801,ACCEPTED,ACCEPTED,FORMAL_WEIGHTED_G0_PROSPECTIVE_ROUND3_TARGETED_ACTIVE_LEARNING,NONE,True,0.42367576989605865,0.9090640568319824,0.006266347492490759,-0.0005375359761411146,0.006284578914310685,-0.0006430064451285969,-0.0662294079481493,0.7706885741154531,1.00589861742084,3.9556055822291206e-05,3.990938941867538e-05,0.5983472127492728,7.946544524096659e-05,0.5984266781945138,1.00589861742084,1.6809053708228574,1.0029683367445874,0.7735501348349374,0.7712607731423601,-0.7287041128578658,0.26632270820662174,1.2666196333609208,0.37300831684822466,65.01179238545859,True,True,65.0117923854586,cfc118b4acf345a2cd873e738cb977e737fc89024e3643f575175d94e0f599e0,233db0d29f4af6aba05a68b1c3892f10effc29a30b53c6c6f6ba781c4fb09a5c
LPML_R3_051,B5_TARGETED_ACTIVE_LEARNING,5,453.0,72f63f084040d0023d16b6358a4972fa9b28b1c83bfdbebd287c01a2fd82a801,ACCEPTED,ACCEPTED,FORMAL_WEIGHTED_G0_PROSPECTIVE_ROUND3_TARGETED_ACTIVE_LEARNING,NONE,True,0.4522117368555836,0.8833440547211391,0.0074007915390219125,-0.006399337454585286,0.007551369178865864,-0.00645202521116342,0.0014320157417617298,0.7951984035837987,0.9847921739611263,9.572323526171642e-05,9.86518058010137e-05,0.6323425517313066,0.00019437504106273012,0.6325369267723694,0.9847921739611263,1.556892779345233,0.9925121230915068,0.795140733612538,0.801139568084881,-0.7018008052262382,0.3609590876743813,1.2717425449883697,0.39109970041687814,62.890658636212436,True,True,62.890658636212436,cfc118b4acf345a2cd873e738cb977e737fc89024e3643f575175d94e0f599e0,233db0d29f4af6aba05a68b1c3892f10effc29a30b53c6c6f6ba781c4fb09a5c
LPML_R3_051,B5_TARGETED_ACTIVE_LEARNING,5,453.5,72f63f084040d0023d16b6358a4972fa9b28b1c83bfdbebd287c01a2fd82a801,ACCEPTED,ACCEPTED,FORMAL_WEIGHTED_G0_PROSPECTIVE_ROUND3_TARGETED_ACTIVE_LEARNING,NONE,True,0.4938278121296146,0.8641723011583,0.013040670817535937,-0.005379703120289506,0.01311629345987003,-0.005316125685241785,0.060756836483847866,0.8202718952655136,0.9906596741219533,0.000199000301033786,0.0002002983464267167,0.6765373753420028,0.0003992986474605027,0.6769366739894633,0.9906596741219533,1.4634451229885252,0.9954374544171666,0.8226181510609206,0.826388586656675,-0.6789952817617633,0.4577173381956649,1.2913544626133509,0.4059355699333991,60.25436556436307,True,True,60.25436556436307,cfc118b4acf345a2cd873e738cb977e737fc89024e3643f575175d94e0f599e0,233db0d29f4af6aba05a68b1c3892f10effc29a30b53c6c6f6ba781c4fb09a5c
LPML_R3_051,B5_TARGETED_ACTIVE_LEARNING,5,454.0,72f63f084040d0023d16b6358a4972fa9b28b1c83bfdbebd287c01a2fd82a801,ACCEPTED,ACCEPTED,FORMAL_WEIGHTED_G0_PROSPECTIVE_ROUND3_TARGETED_ACTIVE_LEARNING,NONE,True,0.5250009275455092,0.8563888793972063,0.011029580268494328,-0.0012158201510255088,0.011004138238528376,-0.001246507885387995,0.11275002456593738,0.8287041331941396,1.0090278866788482,0.00012312985953879908,0.00012264484028097687,0.6994631084126698,0.00024577469981977595,0.6997088831124896,1.0090278866788482,1.4420681386670784,1.0046054358758865,0.8363639686165095,0.832529805980303,-0.6506189919966484,0.5316554332895433,1.3071865856836726,0.40948898360625474,58.490022938827764,True,True,58.49002293882777,cfc118b4acf345a2cd873e738cb977e737fc89024e3643f575175d94e0f599e0,233db0d29f4af6aba05a68b1c3892f10effc29a30b53c6c6f6ba781c4fb09a5c
LPML_R3_052,B5_TARGETED_ACTIVE_LEARNING,5,450.0,3c8b49d2f59bb4fff3e4efead676eaca3dd4201bbce3c8f3a01bb18b4b6d2da2,ACCEPTED,ACCEPTED,FORMAL_WEIGHTED_G0_PROSPECTIVE_ROUND3_TARGETED_ACTIVE_LEARNING,NONE,True,0.2795121258228832,0.9648074214148495,-0.00022061951202359369,-0.0001164040652711958,-0.00022005383200054566,-0.00010949668190363893,-0.3344829387151631,0.48324008698869114,1.0089803888991982,6.222287549718941e-08,6.041321232603106e-08,0.34539981796436925,1.2263608782322045e-07,0.3453999406004571,1.0089803888991982,2.921194448224705,1.0044802072825358,0.5877072763521732,0.5850859699287887,-0.5597256953059173,-0.1876402073842587,1.163778470972743,0.2550243333259702,73.84329126396494,True,True,73.84329126396494,e73683ecee3713300cb544ccb454036db8ba5690181a46d9849a33011a511ccb,a434614aa91da6025744ed99aae2b2f3a9c69a4da294562864436935bebe9ad9
LPML_R3_052,B5_TARGETED_ACTIVE_LEARNING,5,450.5,3c8b49d2f59bb4fff3e4efead676eaca3dd4201bbce3c8f3a01bb18b4b6d2da2,ACCEPTED,ACCEPTED,FORMAL_WEIGHTED_G0_PROSPECTIVE_ROUND3_TARGETED_ACTIVE_LEARNING,NONE,True,0.3067180081365333,0.946592394417317,-0.0002388623137563127,-0.00024032226093272918,-0.00024675953139822776,-0.00024127492857555036,-0.3024793728102304,0.5522064964227076,0.9901130976839517,1.1480999403283796e-07,1.1910385749500987e-07,0.3964257856671121,2.3391385152784783e-07,0.39642601958096363,0.9901130976839517,2.497598666027362,0.995044441084828,0.6296234410590971,0.6327591161382322,-0.6154903413501265,-0.11695311404075386,1.177513956293052,0.28591044756310446,72.04646661829088,True,True,72.04646661829088,e73683ecee3713300cb544ccb454036db8ba5690181a46d9849a33011a511ccb,a434614aa91da6025744ed99aae2b2f3a9c69a4da294562864436935bebe9ad9
LPML_R3_052,B5_TARGETED_ACTIVE_LEARNING,5,451.0,3c8b49d2f59bb4fff3e4efead676eaca3dd4201bbce3c8f3a01bb18b4b6d2da2,ACCEPTED,ACCEPTED,FORMAL_WEIGHTED_G0_PROSPECTIVE_ROUND3_TARGETED_ACTIVE_LEARNING,NONE,True,0.34986384249115854,0.9278684288390382,-0.00014600637707959312,-0.00017602614344987397,-0.00014545259639569164,-0.00018426282701594344,-0.25574437885725004,0.6230451613441621,0.9833445295189035,5.230306532574394e-08,5.510924721815547e-08,0.4535904603914537,1.0741231254389942e-07,0.4535905678037662,0.9833445295189035,2.1679122083162916,0.991637410193097,0.6734911610616705,0.6791707877686105,-0.6675796348366165,-0.019316213308307364,1.1987222769777284,0.31566531338047665,69.34045134013041,True,True,69.34045134013041,e73683ecee3713300cb544ccb454036db8ba5690181a46d9849a33011a511ccb,a434614aa91da6025744ed99aae2b2f3a9c69a4da294562864436935bebe9ad9
LPML_R3_052,B5_TARGETED_ACTIVE_LEARNING,5,451.5,3c8b49d2f59bb4fff3e4efead676eaca3dd4201bbce3c8f3a01bb18b4b6d2da2,ACCEPTED,ACCEPTED,FORMAL_WEIGHTED_G0_PROSPECTIVE_ROUND3_TARGETED_ACTIVE_LEARNING,NONE,True,0.38896839053259497,0.9240851944266973,-0.0002442116263184251,-2.0654351482157218e-05,-0.00023759269997030994,-1.96457847933946e-05,-0.21256828715329915,0.6858847947816133,1.0052298553921442,6.006592066423858e-08,5.683624793933009e-08,0.5156232284159032,1.1690216860356868e-07,0.5156233453180719,1.0052298553921442,1.949542945484847,1.0026115546720638,0.718069126998427,0.7161987348463129,-0.7164983860895006,0.07035628804892471,1.2332287706302576,0.33903557889563807,67.17267193393599,True,True,67.17267193393599,e73683ecee3713300cb544ccb454036db8ba5690181a46d9849a33011a511ccb,a434614aa91da6025744ed99aae2b2f3a9c69a4da294562864436935bebe9ad9
LPML_R3_052,B5_TARGETED_ACTIVE_LEARNING,5,452.0,3c8b49d2f59bb4fff3e4efead676eaca3dd4201bbce3c8f3a01bb18b4b6d2da2,ACCEPTED,ACCEPTED,FORMAL_WEIGHTED_G0_PROSPECTIVE_ROUND3_TARGETED_ACTIVE_LEARNING,NONE,True,0.4118921371761848,0.9135853381871278,-0.0003987173213986858,-8.038044056764165e-05,-0.00040157003450148106,-7.453520990541819e-05,-0.1638220181404355,0.7274033747034062,1.0042933028180536,1.6543651760919107e-07,1.6681399012516547e-07,0.5559533231575091,3.322505077343565e-07,0.5559536554080169,1.0042933028180536,1.8064334914409337,1.0021444932025372,0.7456228087779373,0.7440272474033783,-0.7320222133670047,0.14994627475357203,1.2490984581793665,0.356324139891361,65.73165342004924,True,True,65.73165342004924,e73683ecee3713300cb544ccb454036db8ba5690181a46d9849a33011a511ccb,a434614aa91da6025744ed99aae2b2f3a9c69a4da294562864436935bebe9ad9
LPML_R3_052,B5_TARGETED_ACTIVE_LEARNING,5,452.5,3c8b49d2f59bb4fff3e4efead676eaca3dd4201bbce3c8f3a01bb18b4b6d2da2,ACCEPTED,ACCEPTED,FORMAL_WEIGHTED_G0_PROSPECTIVE_ROUND3_TARGETED_ACTIVE_LEARNING,NONE,True,0.44227989837264237,0.8878898418249578,-0.0003091148298803386,-0.00017566753344364964,-0.0003153360935564988,-0.00017958871856846856,-0.10035775521503479,0.7609758660196179,0.9839598797204637,1.2641106035812644e-07,1.316889597365376e-07,0.5891559476961082,2.5810002009466407e-07,0.5891562057961284,0.9839598797204637,1.6701171438750035,0.9919477917357835,0.7675647620801092,0.7737955247997151,-0.7200490250173365,0.24745758637555507,1.2542392457249103,0.3745154036757924,63.52096877786266,True,True,63.52096877786266,e73683ecee3713300cb544ccb454036db8ba5690181a46d9849a33011a511ccb,a434614aa91da6025744ed99aae2b2f3a9c69a4da294562864436935bebe9ad9
LPML_R3_052,B5_TARGETED_ACTIVE_LEARNING,5,453.0,3c8b49d2f59bb4fff3e4efead676eaca3dd4201bbce3c8f3a01bb18b4b6d2da2,ACCEPTED,ACCEPTED,FORMAL_WEIGHTED_G0_PROSPECTIVE_ROUND3_TARGETED_ACTIVE_LEARNING,NONE,True,0.48442079666250043,0.8717359956198755,-0.00020850377664382121,-1.7580779888317057e-05,-0.00020476400467973373,-2.3158724641217515e-05,-0.03848668296162467,0.7964616294184288,0.9945871542985069,4.378290869621793e-08,4.246462413948976e-08,0.6358323519012472,8.624753283570768e-08,0.6358324381487801,0.9945871542985069,1.5642283951322735,0.9972899487538724,0.7973909646853203,0.7995578073173919,-0.7129480634021894,0.35227234171573757,1.2768788479911817,0.3899808620395594,60.93921757004293,True,True,60.93921757004292,e73683ecee3713300cb544ccb454036db8ba5690181a46d9849a33011a511ccb,a434614aa91da6025744ed99aae2b2f3a9c69a4da294562864436935bebe9ad9
LPML_R3_052,B5_TARGETED_ACTIVE_LEARNING,5,453.5,3c8b49d2f59bb4fff3e4efead676eaca3dd4201bbce3c8f3a01bb18b4b6d2da2,ACCEPTED,ACCEPTED,FORMAL_WEIGHTED_G0_PROSPECTIVE_ROUND3_TARGETED_ACTIVE_LEARNING,NONE,True,0.5126984332771448,0.8650579378557371,-0.0003679050607061175,0.00010516775314625136,-0.00036395409975606077,0.00010952016938115397,0.014325645325075425,0.8190759863636515,1.0111849193320595,1.4641438999500286e-07,1.444572542305213e-07,0.6710906955515685,2.9087164422552415e-07,0.6710909864232127,1.0111849193320595,1.5067776796131367,1.0055769884772938,0.8192013342275567,0.8146579959710907,-0.701203570179609,0.4323315667161981,1.2970257922475066,0.398918503277214,59.345826926905545,True,True,59.345826926905545,e73683ecee3713300cb544ccb454036db8ba5690181a46d9849a33011a511ccb,a434614aa91da6025744ed99aae2b2f3a9c69a4da294562864436935bebe9ad9
LPML_R3_052,B5_TARGETED_ACTIVE_LEARNING,5,454.0,3c8b49d2f59bb4fff3e4efead676eaca3dd4201bbce3c8f3a01bb18b4b6d2da2,ACCEPTED,ACCEPTED,FORMAL_WEIGHTED_G0_PROSPECTIVE_ROUND3_TARGETED_ACTIVE_LEARNING,NONE,True,0.5323466658066395,0.8424264987009894,-0.0004413097494609215,-4.713840174079936e-05,-0.00044687918226412704,-4.417346511091906e-05,0.07358301752818242,0.8260902254049707,0.993075378309054,1.9697632388793827e-07,2.0165229856096052e-07,0.687839520978188,3.986286224488988e-07,0.6878399196068105,0.993075378309054,1.4437594416978956,0.996531970833113,0.8293607954463103,0.8322470524984306,-0.6567488172877746,0.5017546204105604,1.2965011754394458,0.4092055801143879,57.71036409017671,True,True,57.71036409017672,e73683ecee3713300cb544ccb454036db8ba5690181a46d9849a33011a511ccb,a434614aa91da6025744ed99aae2b2f3a9c69a4da294562864436935bebe9ad9
LPML_R3_053,B5_TARGETED_ACTIVE_LEARNING,5,450.0,76a2ad5ed5d38470bf39fd3d3604ae67443b7b7eb8ec828766607e596db47ec9,ACCEPTED,ACCEPTED,FORMAL_WEIGHTED_G0_PROSPECTIVE_ROUND3_TARGETED_ACTIVE_LEARNING,NONE,True,0.28980739588156873,0.9522980429661113,-0.0018018679449029668,-0.00017837251393531343,-0.0017344250220572292,-0.00019659992912222603,-0.3005446444666181,0.5161430870023024,0.9908598893447417,3.2785448445964443e-06,3.0468816892690845e-06,0.3567307695778322,6.325426533865529e-06,0.35673709500436607,0.9908598893447417,2.7775633743180386,0.9954214423525214,0.5972714093726018,0.6000186292562125,-0.5786252025386288,-0.13662665642395652,1.1608604499891915,0.2647209062853987,73.07372278878461,True,True,73.07372278878461,70c5121432b2557c4692d8369a24e84acda5106c84353307ca3395cd2b793983,6c2d23e9bec2b0459656b7b307e420d1326a896fdef2847b0bf4860c12315bfb
LPML_R3_053,B5_TARGETED_ACTIVE_LEARNING,5,450.5,76a2ad5ed5d38470bf39fd3d3604ae67443b7b7eb8ec828766607e596db47ec9,ACCEPTED,ACCEPTED,FORMAL_WEIGHTED_G0_PROSPECTIVE_ROUND3_TARGETED_ACTIVE_LEARNING,NONE,True,0.3285186453982241,0.9381597681675131,0.002506761760336553,-0.0012443206437456453,0.0025219926963768787,-0.0011696645656790567,-0.2564774909013897,0.5788107259269729,0.988068250982406,7.83218838753719e-06,7.728562356783495e-06,0.40080255978718166,1.5560750744320687e-05,0.4008181205379259,0.988068250982406,2.4651286964180894,0.9940246871390095,0.6330886927425936,0.6368943356575402,-0.6272794409316644,-0.05046067754276015,1.178510233948069,0.2885895698574493,70.70110070106597,True,True,70.70110070106597,70c5121432b2557c4692d8369a24e84acda5106c84353307ca3395cd2b793983,6c2d23e9bec2b0459656b7b307e420d1326a896fdef2847b0bf4860c12315bfb
LPML_R3_053,B5_TARGETED_ACTIVE_LEARNING,5,451.0,76a2ad5ed5d38470bf39fd3d3604ae67443b7b7eb8ec828766607e596db47ec9,ACCEPTED,ACCEPTED,FORMAL_WEIGHTED_G0_PROSPECTIVE_ROUND3_TARGETED_ACTIVE_LEARNING,NONE,True,0.365814864219698,0.9284856208693654,0.003120758090910629,0.0026990069530072195,0.003052132394873494,0.0027106722254477997,-0.20593250213421896,0.6486569956545003,0.9959060630452471,1.702376959436547e-05,1.666325606965034e-05,0.4631640934467825,3.368702566401581e-05,0.46319778047244653,0.9959060630452471,2.1500665698990518,0.9979811138756322,0.6805420926476528,0.6819188090692281,-0.6776040724918599,0.04606630661040141,1.2079337082463149,0.3174536086175621,68.49601222122982,True,True,68.49601222122982,70c5121432b2557c4692d8369a24e84acda5106c84353307ca3395cd2b793983,6c2d23e9bec2b0459656b7b307e420d1326a896fdef2847b0bf4860c12315bfb
LPML_R3_053,B5_TARGETED_ACTIVE_LEARNING,5,451.5,76a2ad5ed5d38470bf39fd3d3604ae67443b7b7eb8ec828766607e596db47ec9,ACCEPTED,ACCEPTED,FORMAL_WEIGHTED_G0_PROSPECTIVE_ROUND3_TARGETED_ACTIVE_LEARNING,NONE,True,0.39698034891477235,0.9177287677825663,-0.0007468694228911947,0.0024180732793812223,-0.0007439477966547027,0.002354959537794104,-0.1645241694640222,0.7040133550933345,0.999819488640202,6.404892319307286e-06,6.099292748794808e-06,0.5227030064875999,1.2504185068102093e-05,0.522715510672668,0.999819488640202,1.912741191386424,0.9999295463610982,0.7229632782008767,0.723014217183455,-0.711401032238146,0.12849446180050345,1.233910450281085,0.3433192083653728,66.6082222727116,True,True,66.6082222727116,70c5121432b2557c4692d8369a24e84acda5106c84353307ca3395cd2b793983,6c2d23e9bec2b0459656b7b307e420d1326a896fdef2847b0bf4860c12315bfb
LPML_R3_053,B5_TARGETED_ACTIVE_LEARNING,5,452.0,76a2ad5ed5d38470bf39fd3d3604ae67443b7b7eb8ec828766607e596db47ec9,ACCEPTED,ACCEPTED,FORMAL_WEIGHTED_G0_PROSPECTIVE_ROUND3_TARGETED_ACTIVE_LEARNING,NONE,True,0.42703195306082775,0.9006364192401908,7.332103463616255e-05,-0.0016079965484672228,0.00013783493200972142,-0.0015914453818155704,-0.11144770925946856,0.7350197267325833,0.9935022485967375,2.5910288740026184e-06,2.5516968717842316e-06,0.5526745905852245,5.14272574578685e-06,0.5526797333109703,0.9935022485967375,1.7976093363237808,0.9967555950507212,0.7434112358868344,0.7458310137190702,-0.7095747187720823,0.21350338196939822,1.2434556614160828,0.3574480493098643,64.63228053896208,True,True,64.63228053896208,70c5121432b2557c4692d8369a24e84acda5106c84353307ca3395cd2b793983,6c2d23e9bec2b0459656b7b307e420d1326a896fdef2847b0bf4860c12315bfb
LPML_R3_053,B5_TARGETED_ACTIVE_LEARNING,5,452.5,76a2ad5ed5d38470bf39fd3d3604ae67443b7b7eb8ec828766607e596db47ec9,ACCEPTED,ACCEPTED,FORMAL_WEIGHTED_G0_PROSPECTIVE_ROUND3_TARGETED_ACTIVE_LEARNING,NONE,True,0.4614809965780382,0.881562843707821,0.0037800316513429367,-0.0004428754554581668,0.00375759676778895,-0.0003791136774471978,-0.04213290426536144,0.7657935170516383,0.9901177576088793,1.4484777954201686e-05,1.42632606497255e-05,0.5882148923801521,2.8748038603927187e-05,0.588243640418756,0.9901177576088793,1.6831763058314395,0.9950553725493173,0.7669590625244445,0.7707702341825526,-0.6945526811687348,0.3162594497332297,1.256328539048459,0.37269261726360137,62.36881754216648,True,True,62.368817542166475,70c5121432b2557c4692d8369a24e84acda5106c84353307ca3395cd2b793983,6c2d23e9bec2b0459656b7b307e420d1326a896fdef2847b0bf4860c12315bfb
LPML_R3_053,B5_TARGETED_ACTIVE_LEARNING,5,453.0,76a2ad5ed5d38470bf39fd3d3604ae67443b7b7eb8ec828766607e596db47ec9,ACCEPTED,ACCEPTED,FORMAL_WEIGHTED_G0_PROSPECTIVE_ROUND3_TARGETED_ACTIVE_LEARNING,NONE,True,0.49617600752588775,0.8670470900878842,0.0018932512693710917,0.0027338285924361546,0.0018383035063099628,0.002705705178338201,0.017480137652200013,0.8001001220758748,0.9979612868741973,1.1058219141796696e-05,1.0700200293397659e-05,0.6404657605581694,2.1758419435194354e-05,0.6404875189776046,0.9979612868741973,1.5581276095234764,0.9990297362147206,0.8002427081895518,0.8010199087983466,-0.6850473411498442,0.41213643849180803,1.2800190646438834,0.39091091323089944,60.21923826624186,True,True,60.21923826624186,70c5121432b2557c4692d8369a24e84acda5106c84353307ca3395cd2b793983,6c2d23e9bec2b0459656b7b307e420d1326a896fdef2847b0bf4860c12315bfb
LPML_R3_053,B5_TARGETED_ACTIVE_LEARNING,5,453.5,76a2ad5ed5d38470bf39fd3d3604ae67443b7b7eb8ec828766607e596db47ec9,ACCEPTED,ACCEPTED,FORMAL_WEIGHTED_G0_PROSPECTIVE_ROUND3_TARGETED_ACTIVE_LEARNING,NONE,True,0.5240876362263268,0.8528754534083203,-0.0010098000151729793,0.0001297174872488722,-0.0009710544716845581,8.490337592635402e-05,0.06743055905685627,0.8144008831684505,1.0020643894717467,1.0365226971415106e-06,9.501553702222679e-07,0.6677956788002724,1.9866780673637788e-06,0.6677976654783397,1.0020643894717467,1.5005509022766252,1.0010324207132324,0.8171879512273127,0.8163451395960472,-0.6592439697402689,0.4843275141277553,1.2922314246875775,0.39991187505503323,58.429486161736634,True,True,58.429486161736634,70c5121432b2557c4692d8369a24e84acda5106c84353307ca3395cd2b793983,6c2d23e9bec2b0459656b7b307e420d1326a896fdef2847b0bf4860c12315bfb
LPML_R3_053,B5_TARGETED_ACTIVE_LEARNING,5,454.0,76a2ad5ed5d38470bf39fd3d3604ae67443b7b7eb8ec828766607e596db47ec9,ACCEPTED,ACCEPTED,FORMAL_WEIGHTED_G0_PROSPECTIVE_ROUND3_TARGETED_ACTIVE_LEARNING,NONE,True,0.549918037679909,0.8308312590804664,0.0019152080211088233,-0.0023279027203068252,0.001953228840038586,-0.002279741464064155,0.13071146661229982,0.8144778391197158,0.9926904292309551,9.087152839331492e-06,9.012324044531853e-06,0.6804596379210599,1.8099476883863345e-05,0.6804777373979437,0.9926904292309551,1.4588139694721993,0.9963544889656546,0.8248914467655049,0.8279096003490177,-0.6048114891704579,0.5565041405101063,1.2935100179855195,0.40670014584904,56.499864602454664,True,True,56.499864602454664,70c5121432b2557c4692d8369a24e84acda5106c84353307ca3395cd2b793983,6c2d23e9bec2b0459656b7b307e420d1326a896fdef2847b0bf4860c12315bfb
LPML_R3_054,B5_TARGETED_ACTIVE_LEARNING,5,450.0,f3400f5c0285fce78abb249f8e7350bebf821ca3b902a13d63093145d61844ae,ACCEPTED,ACCEPTED,FORMAL_WEIGHTED_G0_PROSPECTIVE_ROUND3_TARGETED_ACTIVE_LEARNING,NONE,True,0.2782497200143244,0.9594282052267202,-3.3441436800145906e-05,-0.0003699348994160342,-1.2620195856909397e-05,-0.0003541797031375476,-0.2979114429513124,0.536804719775043,0.9979253876726154,1.3797015950120952e-07,1.2560253145806807e-07,0.3769105350140953,2.6357269095927756e-07,0.3769107985867863,0.9979253876726154,2.6476433984229195,0.9989624895089401,0.6139300699701085,0.6145676903963612,-0.5979192338398728,-0.1364588945604356,1.1725340874615977,0.2741496058612407,73.82698492487273,True,True,73.82698492487273,3d4267ae0ab23cb3597d61f76f9d8dbb97505fad2e06a989b68a8c601643548c,a0e0481e3d78c1dad85c9c011afd77cdee475286f44c22f69328e155583c26ff
LPML_R3_054,B5_TARGETED_ACTIVE_LEARNING,5,450.5,f3400f5c0285fce78abb249f8e7350bebf821ca3b902a13d63093145d61844ae,ACCEPTED,ACCEPTED,FORMAL_WEIGHTED_G0_PROSPECTIVE_ROUND3_TARGETED_ACTIVE_LEARNING,NONE,True,0.3082220696543048,0.94831248502254,0.0009103051065503169,0.00033186980659882207,0.0008943411991816514,0.00035333057513832526,-0.24651541200678767,0.596783502922274,0.994297413471608,9.387929555435235e-07,9.246886758812542e-07,0.4169203977170562,1.8634816314247777e-06,0.41692226119868764,0.994297413471608,2.384850860716616,0.9971454087969469,0.6456939742520953,0.6475424432140978,-0.6419194340307046,-0.049832414993730596,1.1879476733721464,0.2954339913777727,71.9947174885207,True,True,71.9947174885207,3d4267ae0ab23cb3597d61f76f9d8dbb97505fad2e06a989b68a8c601643548c,a0e0481e3d78c1dad85c9c011afd77cdee475286f44c22f69328e155583c26ff
LPML_R3_054,B5_TARGETED_ACTIVE_LEARNING,5,451.0,f3400f5c0285fce78abb249f8e7350bebf821ca3b902a13d63093145d61844ae,ACCEPTED,ACCEPTED,FORMAL_WEIGHTED_G0_PROSPECTIVE_ROUND3_TARGETED_ACTIVE_LEARNING,NONE,True,0.3448079847208333,0.9311583740374414,0.00012002710531633048,0.001051286279458933,0.00010278361947585556,0.001036128003040824,-0.1947209270968983,0.6675844460494226,0.985948463867294,1.119609347389223e-06,1.084125711117923e-06,0.48358523205659004,2.2037350585071462e-06,0.48358743579164853,0.985948463867294,2.038821505470389,0.9929530639318901,0.6953992468267521,0.7003344589855174,-0.6887671008409871,0.04887219318821043,1.212244158434654,0.329074938491725,69.68040671638434,True,True,69.68040671638434,3d4267ae0ab23cb3597d61f76f9d8dbb97505fad2e06a989b68a8c601643548c,a0e0481e3d78c1dad85c9c011afd77cdee475286f44c22f69328e155583c26ff
LPML_R3_054,B5_TARGETED_ACTIVE_LEARNING,5,451.5,f3400f5c0285fce78abb249f8e7350bebf821ca3b902a13d63093145d61844ae,ACCEPTED,ACCEPTED,FORMAL_WEIGHTED_G0_PROSPECTIVE_ROUND3_TARGETED_ACTIVE_LEARNING,NONE,True,0.38351488268607625,0.9203275962524703,-0.00046928682362255733,0.00011607196135373691,-0.0004507549439705213,0.00010379421548248681,-0.15568395104479824,0.7190839763820979,0.9940865496655649,2.3370282303825262e-07,2.139532586814927e-07,0.5413192577024085,4.4765608171974533e-07,0.5413197053584903,0.9940865496655649,1.836413010324885,0.9970390351558298,0.7357441249507788,0.7379291070943751,-0.7215001391942126,0.13249927143273918,1.2391151096746642,0.35255796541613627,67.37774530434962,True,True,67.37774530434962,3d4267ae0ab23cb3597d61f76f9d8dbb97505fad2e06a989b68a8c601643548c,a0e0481e3d78c1dad85c9c011afd77cdee475286f44c22f69328e155583c26ff
LPML_R3_054,B5_TARGETED_ACTIVE_LEARNING,5,452.0,f3400f5c0285fce78abb249f8e7350bebf821ca3b902a13d63093145d61844ae,ACCEPTED,ACCEPTED,FORMAL_WEIGHTED_G0_PROSPECTIVE_ROUND3_TARGETED_ACTIVE_LEARNING,NONE,True,0.41394959693225303,0.9094361777663602,0.0004867340153925659,-0.00036786781090312185,0.0004968987446685149,-0.00034609346341188987,-0.10065601007342652,0.7441476098581795,0.9984284302306615,3.7223672803882576e-07,3.66689047869583e-07,0.5638872976215431,7.389257759084088e-07,0.563888036547319,0.9984284302306615,1.770614670855635,0.9992143910550066,0.7509241422983768,0.751514538842384,-0.7184213873429756,0.2164997373370182,1.2499265845552612,0.36093073877038806,65.52631579743058,True,True,65.52631579743058,3d4267ae0ab23cb3597d61f76f9d8dbb97505fad2e06a989b68a8c601643548c,a0e0481e3d78c1dad85c9c011afd77cdee475286f44c22f69328e155583c26ff
LPML_R3_054,B5_TARGETED_ACTIVE_LEARNING,5,452.5,f3400f5c0285fce78abb249f8e7350bebf821ca3b902a13d63093145d61844ae,ACCEPTED,ACCEPTED,FORMAL_WEIGHTED_G0_PROSPECTIVE_ROUND3_TARGETED_ACTIVE_LEARNING,NONE,True,0.44440831437461303,0.8903700289906363,0.0007490915789776571,0.0005720514356908783,0.0007276161785669546,0.0005805605401990752,-0.028255151137781313,0.7739602137903413,0.9902575384100714,8.883810387712345e-07,8.664758441486205e-07,0.5998127660962097,1.754856882919855e-06,0.5998145209530926,0.9902575384100714,1.6509395885190858,0.995119396664673,0.7744736572310905,0.778272094611845,-0.7016680150203082,0.3187959631390082,1.260980594364229,0.37722474111853943,63.47494762227143,True,True,63.47494762227143,3d4267ae0ab23cb3597d61f76f9d8dbb97505fad2e06a989b68a8c601643548c,a0e0481e3d78c1dad85c9c011afd77cdee475286f44c22f69328e155583c26ff
LPML_R3_054,B5_TARGETED_ACTIVE_LEARNING,5,453.0,f3400f5c0285fce78abb249f8e7350bebf821ca3b902a13d63093145d61844ae,ACCEPTED,ACCEPTED,FORMAL_WEIGHTED_G0_PROSPECTIVE_ROUND3_TARGETED_ACTIVE_LEARNING,NONE,True,0.4803710571483349,0.8728027396359088,-0.0002406671621313268,0.0006123559218024239,-0.0002445962985714261,0.0005920016427267309,0.029552836348189702,0.8087255021248745,0.9925409748617567,4.3290045789484275e-07,4.102932942659901e-07,0.6549103079233533,8.431937521608328e-07,0.6549111511171054,0.9925409748617567,1.515535310658162,0.9962650151866992,0.8092639529188904,0.8122978731389409,-0.6916612029802903,0.4142824131826028,1.2835311160929688,0.39752970103940266,61.172599634065335,True,True,61.17259963406534,3d4267ae0ab23cb3597d61f76f9d8dbb97505fad2e06a989b68a8c601643548c,a0e0481e3d78c1dad85c9c011afd77cdee475286f44c22f69328e155583c26ff
LPML_R3_054,B5_TARGETED_ACTIVE_LEARNING,5,453.5,f3400f5c0285fce78abb249f8e7350bebf821ca3b902a13d63093145d61844ae,ACCEPTED,ACCEPTED,FORMAL_WEIGHTED_G0_PROSPECTIVE_ROUND3_TARGETED_ACTIVE_LEARNING,NONE,True,0.5111720189923119,0.8593285398352546,-0.0001376624580833254,-0.0003622579096434827,-0.00011673525421827847,-0.00036103556382926523,0.07698067924773444,0.8195349647419579,0.9997423723760672,1.50181745464809e-07,1.439737979269215e-07,0.6775635834120447,2.9415554339173046e-07,0.6775638775675881,0.9997423723760672,1.4754953820222527,0.9998720096359149,0.8231416732800568,0.8232470409685624,-0.664899300643253,0.4850749452661092,1.2951085861593443,0.4039595497783123,59.25368061554434,True,True,59.25368061554434,3d4267ae0ab23cb3597d61f76f9d8dbb97505fad2e06a989b68a8c601643548c,a0e0481e3d78c1dad85c9c011afd77cdee475286f44c22f69328e155583c26ff
LPML_R3_054,B5_TARGETED_ACTIVE_LEARNING,5,454.0,f3400f5c0285fce78abb249f8e7350bebf821ca3b902a13d63093145d61844ae,ACCEPTED,ACCEPTED,FORMAL_WEIGHTED_G0_PROSPECTIVE_ROUND3_TARGETED_ACTIVE_LEARNING,NONE,True,0.5376472657269544,0.8390073307969317,0.0007096444662248924,-6.604967206732077e-05,0.0007052297818878005,-4.489893735161937e-05,0.14160832899857373,0.8162479319942771,0.9929978834746622,5.07957827623813e-07,4.993649598368193e-07,0.6863136053267023,1.0073227874606324e-06,0.6863146126494897,0.9929978834746622,1.4468552252460927,0.9964932939618317,0.8284404693236871,0.8313557896912636,-0.6087031652976398,0.5576639733661894,1.2958829021652196,0.4086878494821552,57.34770092865625,True,True,57.34770092865625,3d4267ae0ab23cb3597d61f76f9d8dbb97505fad2e06a989b68a8c601643548c,a0e0481e3d78c1dad85c9c011afd77cdee475286f44c22f69328e155583c26ff
LPML_R3_055,B5_TARGETED_ACTIVE_LEARNING,5,450.0,d1fd2b7b2a3bf8a35fad1ec0c9f9aa357dfd7559a0901a531bd1a4309036fbe4,ACCEPTED,ACCEPTED,FORMAL_WEIGHTED_G0_PROSPECTIVE_ROUND3_TARGETED_ACTIVE_LEARNING,NONE,True,0.2729406571266878,0.9596943079879421,-0.0003927548124150338,-0.0010177421076938886,-0.0003569508632204006,-0.000959836729921805,-0.2919732074237565,0.5448004882060149,0.9955097670972033,1.1900553404483672e-06,1.048700466860773e-06,0.3820559258028281,2.2387558073091403e-06,0.3820581645586354,0.9955097670972033,2.6056497660434634,0.9977548427783718,0.6181045262479034,0.6194953907983196,-0.6025324499459042,-0.13150756226009047,1.1736983989321272,0.2773425221211424,74.12404940074791,True,True,74.12404940074791,78a2761ba6ef6a3821450be9d1555277aadfa638a381d7e68c8d77eb6b024902,9235075929591f78d42cf3c83efcd389fda869b11d58e141be0329f45f2902d2
LPML_R3_055,B5_TARGETED_ACTIVE_LEARNING,5,450.5,d1fd2b7b2a3bf8a35fad1ec0c9f9aa357dfd7559a0901a531bd1a4309036fbe4,ACCEPTED,ACCEPTED,FORMAL_WEIGHTED_G0_PROSPECTIVE_ROUND3_TARGETED_ACTIVE_LEARNING,NONE,True,0.29971311101623727,0.9569614277594012,0.002295372182787923,0.0006867330251572038,0.0022387804204817784,0.000723817837388545,-0.24117217401498325,0.609734713608954,1.005603123134343,5.74033570535816e-06,5.536050032854397e-06,0.4299404384989065,1.1276385738212558e-05,0.42995171488464473,1.005603123134343,2.338874548748211,1.0028019305672213,0.6557004850308114,0.6538683911985722,-0.6557797064189618,-0.04805017894666319,1.1981464176047047,0.29950211827363005,72.60983686507473,True,True,72.60983686507473,78a2761ba6ef6a3821450be9d1555277aadfa638a381d7e68c8d77eb6b024902,9235075929591f78d42cf3c83efcd389fda869b11d58e141be0329f45f2902d2
LPML_R3_055,B5_TARGETED_ACTIVE_LEARNING,5,451.0,d1fd2b7b2a3bf8a35fad1ec0c9f9aa357dfd7559a0901a531bd1a4309036fbe4,ACCEPTED,ACCEPTED,FORMAL_WEIGHTED_G0_PROSPECTIVE_ROUND3_TARGETED_ACTIVE_LEARNING,NONE,True,0.32842450137493373,0.935667905613774,0.0003670044633686944,0.0029558080373430096,0.0003406035565693457,0.0029042907726405985,-0.19412327639396815,0.6769808010652756,0.9833370826990402,8.871493429754079e-06,8.550915674793015e-06,0.49598685144891114,1.7422409104547094e-05,0.4960042738580157,0.9833370826990402,1.9825173582688251,0.9916636430061329,0.7042333247559792,0.7101534171618551,-0.6971755890054557,0.040700089929431874,1.2162817751479529,0.3352872355386527,70.65865047660174,True,True,70.65865047660174,78a2761ba6ef6a3821450be9d1555277aadfa638a381d7e68c8d77eb6b024902,9235075929591f78d42cf3c83efcd389fda869b11d58e141be0329f45f2902d2
LPML_R3_055,B5_TARGETED_ACTIVE_LEARNING,5,451.5,d1fd2b7b2a3bf8a35fad1ec0c9f9aa357dfd7559a0901a531bd1a4309036fbe4,ACCEPTED,ACCEPTED,FORMAL_WEIGHTED_G0_PROSPECTIVE_ROUND3_TARGETED_ACTIVE_LEARNING,NONE,True,0.3732786157835091,0.9173300158536877,-0.001733116799889941,0.0006837172332958451,-0.0016770549688557611,0.0006715604942354265,-0.15122830705585427,0.722164997892342,0.9808312829873798,3.4711630971664756e-06,3.2635068659815286e-06,0.544392285035826,6.734669963148004e-06,0.5443990197057892,0.9808312829873798,1.8016771659828716,0.990372137131322,0.7378301516521992,0.7450029377738481,-0.718916369465311,0.1308447959956392,1.2350021468374737,0.3569290609716572,67.85767966691444,True,True,67.85767966691444,78a2761ba6ef6a3821450be9d1555277aadfa638a381d7e68c8d77eb6b024902,9235075929591f78d42cf3c83efcd389fda869b11d58e141be0329f45f2902d2
LPML_R3_055,B5_TARGETED_ACTIVE_LEARNING,5,452.0,d1fd2b7b2a3bf8a35fad1ec0c9f9aa357dfd7559a0901a531bd1a4309036fbe4,ACCEPTED,ACCEPTED,FORMAL_WEIGHTED_G0_PROSPECTIVE_ROUND3_TARGETED_ACTIVE_LEARNING,NONE,True,0.4113660491070348,0.914182492146608,0.0006177296925406002,-0.001268380269909631,0.0006233405277431672,-0.0012063948150313718,-0.09122173571357364,0.7496505293334279,1.0049516553053144,1.9903784821423326e-06,1.843941863261708e-06,0.5702973211964859,3.83432034540404e-06,0.5703011555168314,1.0049516553053144,1.762142064037349,1.0024782985412608,0.7551755238194393,0.7533086002144087,-0.7228417690468073,0.22498899862904054,1.255090758002044,0.3620378593193453,65.77309237936919,True,True,65.77309237936919,78a2761ba6ef6a3821450be9d1555277aadfa638a381d7e68c8d77eb6b024902,9235075929591f78d42cf3c83efcd389fda869b11d58e141be0329f45f2902d2
LPML_R3_055,B5_TARGETED_ACTIVE_LEARNING,5,452.5,d1fd2b7b2a3bf8a35fad1ec0c9f9aa357dfd7559a0901a531bd1a4309036fbe4,ACCEPTED,ACCEPTED,FORMAL_WEIGHTED_G0_PROSPECTIVE_ROUND3_TARGETED_ACTIVE_LEARNING,NONE,True,0.43294763958253113,0.9021035187866003,0.0021524294709368975,0.0011629380534572496,0.0020934839232815776,0.0011650455819561371,-0.022764570965666586,0.7822674108306181,1.0012344172272514,5.98537754353663e-06,5.740006145073941e-06,0.6124605277388898,1.172538368861057e-05,0.6124722531225784,1.0012344172272514,1.6347424917988362,1.0006303525384317,0.7825890159775079,0.782096019766151,-0.7155452024087301,0.31813988719909486,1.2703175470526376,0.3795437326845794,64.36219726773339,True,True,64.36219726773339,78a2761ba6ef6a3821450be9d1555277aadfa638a381d7e68c8d77eb6b024902,9235075929591f78d42cf3c83efcd389fda869b11d58e141be0329f45f2902d2
LPML_R3_055,B5_TARGETED_ACTIVE_LEARNING,5,453.0,d1fd2b7b2a3bf8a35fad1ec0c9f9aa357dfd7559a0901a531bd1a4309036fbe4,ACCEPTED,ACCEPTED,FORMAL_WEIGHTED_G0_PROSPECTIVE_ROUND3_TARGETED_ACTIVE_LEARNING,NONE,True,0.46369128176592034,0.874058312604624,-0.0005544769473528202,0.0023211157512993395,-0.000546161691424816,0.0022690371571180666,0.032126574839851096,0.8115956953594443,0.9789875386189647,5.695023016075599e-06,5.446822213562455e-06,0.6597196895369206,1.1141845229638054e-05,0.6597308313821503,0.9789875386189647,1.4839196412390865,0.9894629320009999,0.8122077789562837,0.8208572071656576,-0.6944801874729949,0.4044128738845116,1.2801243572407779,0.40258951352434125,62.053878262396836,True,True,62.05387826239684,78a2761ba6ef6a3821450be9d1555277aadfa638a381d7e68c8d77eb6b024902,9235075929591f78d42cf3c83efcd389fda869b11d58e141be0329f45f2902d2
LPML_R3_055,B5_TARGETED_ACTIVE_LEARNING,5,453.5,d1fd2b7b2a3bf8a35fad1ec0c9f9aa357dfd7559a0901a531bd1a4309036fbe4,ACCEPTED,ACCEPTED,FORMAL_WEIGHTED_G0_PROSPECTIVE_ROUND3_TARGETED_ACTIVE_LEARNING,NONE,True,0.5072998657841176,0.8569747410164664,-0.0014891656250623725,-0.000514501209604128,-0.0014392039620598838,-0.0004932660993950429,0.08440375987217025,0.8193784412101961,0.9917588605648234,2.4823257535515176e-06,2.314619489221268e-06,0.6785050246006098,4.796945242772786e-06,0.6785098215458525,0.9917588605648234,1.4616720776499506,0.995876844289113,0.8237098962131226,0.8271202417615319,-0.6593705008228198,0.4880009884825024,1.2923887503807343,0.40622794931917006,59.3759119781663,True,True,59.37591197816629,78a2761ba6ef6a3821450be9d1555277aadfa638a381d7e68c8d77eb6b024902,9235075929591f78d42cf3c83efcd389fda869b11d58e141be0329f45f2902d2
LPML_R3_055,B5_TARGETED_ACTIVE_LEARNING,5,454.0,d1fd2b7b2a3bf8a35fad1ec0c9f9aa357dfd7559a0901a531bd1a4309036fbe4,ACCEPTED,ACCEPTED,FORMAL_WEIGHTED_G0_PROSPECTIVE_ROUND3_TARGETED_ACTIVE_LEARNING,NONE,True,0.5357033225494267,0.8509410573643059,0.0012917646532683569,-0.00102593333261918,0.0012633258418042776,-0.0009775805261586564,0.15011599576580326,0.8203568173219864,1.0110787328987776,2.7211951224126158e-06,2.551655867695122e-06,0.6955201199114177,5.272850990107738e-06,0.6955253927624079,1.0110787328987776,1.453690610608897,1.005526710838703,0.8339785125835588,0.8293946879719815,-0.6176582888356523,0.5672102957717701,1.306370592772658,0.4075493445165217,57.80785262089839,True,True,57.807852620898394,78a2761ba6ef6a3821450be9d1555277aadfa638a381d7e68c8d77eb6b024902,9235075929591f78d42cf3c83efcd389fda869b11d58e141be0329f45f2902d2
LPML_R3_056,B5_TARGETED_ACTIVE_LEARNING,5,450.0,adfc4a9b6680499ea47df07e3f49d1c5e9bb33f1cfd94e355a5b1da34ee8b98f,ACCEPTED,ACCEPTED,FORMAL_WEIGHTED_G0_PROSPECTIVE_ROUND3_TARGETED_ACTIVE_LEARNING,NONE,True,0.28936653537208934,0.9469050769304586,-0.0012880484068413514,-0.0001197364732427453,-0.0012469641451376963,-0.00010901185127019023,-0.3004354041486289,0.527332937234144,0.9803622165099242,1.673405521391154e-06,1.5668031629763397e-06,0.3683414587579397,3.2402086843674938e-06,0.3683446989666241,0.9803622165099242,2.66153475062975,0.9901334404079133,0.606912420092502,0.6129602287167146,-0.5862717805987498,-0.13189159416258955,1.1613384155691002,0.2731095204894637,73.00727139894911,True,True,73.00727139894911,f3f61c1fba7c78ed19e8c4514aafa8bd8f47b9c2df93ef6fbe97d1449d509dd3,0dde42ed678f5a2efb6668c344e2055dc13ea304acabbf8a634fce2493aae969
LPML_R3_056,B5_TARGETED_ACTIVE_LEARNING,5,450.5,adfc4a9b6680499ea47df07e3f49d1c5e9bb33f1cfd94e355a5b1da34ee8b98f,ACCEPTED,ACCEPTED,FORMAL_WEIGHTED_G0_PROSPECTIVE_ROUND3_TARGETED_ACTIVE_LEARNING,NONE,True,0.3276511160488585,0.9480408408075284,0.0014117554539846353,-0.0008225816691999753,0.001400006389582324,-0.0007787974718996039,-0.2516036864291004,0.5869427959344641,1.0061366896871078,2.669694064359182e-06,2.5665433931085486e-06,0.4078062607240791,5.2362374574677305e-06,0.40781149696153657,1.0061366896871078,2.4671611692742523,1.0030667922874517,0.6385962706270739,0.6366438162814482,-0.6388853062662643,-0.04621585719658218,1.1890955330202215,0.28842039673896125,70.93440764135738,True,True,70.93440764135738,f3f61c1fba7c78ed19e8c4514aafa8bd8f47b9c2df93ef6fbe97d1449d509dd3,0dde42ed678f5a2efb6668c344e2055dc13ea304acabbf8a634fce2493aae969
LPML_R3_056,B5_TARGETED_ACTIVE_LEARNING,5,451.0,adfc4a9b6680499ea47df07e3f49d1c5e9bb33f1cfd94e355a5b1da34ee8b98f,ACCEPTED,ACCEPTED,FORMAL_WEIGHTED_G0_PROSPECTIVE_ROUND3_TARGETED_ACTIVE_LEARNING,NONE,True,0.35032133522868336,0.9370745578099914,0.0018795344482430403,0.0016734826442100642,0.0018419936377746429,0.0016614728918741418,-0.1989352108795391,0.6582698548267002,1.0008337648111982,6.333193902604579e-06,6.153432732034885e-06,0.4728944199012516,1.2486626634639464e-05,0.4729069065278862,1.0008337648111982,2.116344149336676,1.0004282590857607,0.6876655944292387,0.6873712214583587,-0.6865398634751445,0.04418264437598098,1.2139772120345111,0.3208888210285932,69.50195726327183,True,True,69.50195726327183,f3f61c1fba7c78ed19e8c4514aafa8bd8f47b9c2df93ef6fbe97d1449d509dd3,0dde42ed678f5a2efb6668c344e2055dc13ea304acabbf8a634fce2493aae969
LPML_R3_056,B5_TARGETED_ACTIVE_LEARNING,5,451.5,adfc4a9b6680499ea47df07e3f49d1c5e9bb33f1cfd94e355a5b1da34ee8b98f,ACCEPTED,ACCEPTED,FORMAL_WEIGHTED_G0_PROSPECTIVE_ROUND3_TARGETED_ACTIVE_LEARNING,NONE,True,0.38440925964368006,0.9115810361312907,-0.0006091105696732249,0.001705121588420395,-0.000589343547094292,0.0016736065829996028,-0.15999792512432318,0.7128670008569878,0.9787504643339998,3.278455317384932e-06,3.1482848111612883e-06,0.5337786969549253,6.42674012854622e-06,0.5337851236950538,0.9787504643339998,1.8336038620910506,0.9893287672532928,0.7305916631841164,0.7384720705256382,-0.7113382284792532,0.12818362597402244,1.2298518561310763,0.3529074806038883,67.13508535747087,True,True,67.13508535747087,f3f61c1fba7c78ed19e8c4514aafa8bd8f47b9c2df93ef6fbe97d1449d509dd3,0dde42ed678f5a2efb6668c344e2055dc13ea304acabbf8a634fce2493aae969
LPML_R3_056,B5_TARGETED_ACTIVE_LEARNING,5,452.0,adfc4a9b6680499ea47df07e3f49d1c5e9bb33f1cfd94e355a5b1da34ee8b98f,ACCEPTED,ACCEPTED,FORMAL_WEIGHTED_G0_PROSPECTIVE_ROUND3_TARGETED_ACTIVE_LEARNING,NONE,True,0.4295809606095929,0.898599435648172,-0.0004096114903571651,-0.0008833414459899075,-0.00037937184796182856,-0.0008563532256818546,-0.1070063764112268,0.7394705739083477,0.9920207474654739,9.480736832361585e-07,8.772638461616903e-07,0.5582670942690021,1.8253375293978488e-06,0.5582689196065315,0.9920207474654739,1.7769585814747688,0.9960058190307116,0.7471693753955436,0.7501656728498539,-0.710455141305329,0.22150592414119288,1.245106287459832,0.36010619916013553,64.44958300066315,True,True,64.44958300066315,f3f61c1fba7c78ed19e8c4514aafa8bd8f47b9c2df93ef6fbe97d1449d509dd3,0dde42ed678f5a2efb6668c344e2055dc13ea304acabbf8a634fce2493aae969
LPML_R3_056,B5_TARGETED_ACTIVE_LEARNING,5,452.5,adfc4a9b6680499ea47df07e3f49d1c5e9bb33f1cfd94e355a5b1da34ee8b98f,ACCEPTED,ACCEPTED,FORMAL_WEIGHTED_G0_PROSPECTIVE_ROUND3_TARGETED_ACTIVE_LEARNING,NONE,True,0.45884833114190565,0.8945057502652718,0.0020348981134266125,-0.0005149188204371422,0.0020065338687309036,-0.00048684600251531845,-0.03468523981457439,0.7688796988635473,1.010682328249349,4.405951723667565e-06,4.263197196529354e-06,0.5923790571854938,8.669148920196918e-06,0.5923877263344139,1.010682328249349,1.7061162534599845,1.005329431842324,0.7696640748114417,0.7655839473444919,-0.7036864087056627,0.3217750440930278,1.2661240281203745,0.3695332743822153,62.843855809426145,True,True,62.84385580942614,f3f61c1fba7c78ed19e8c4514aafa8bd8f47b9c2df93ef6fbe97d1449d509dd3,0dde42ed678f5a2efb6668c344e2055dc13ea304acabbf8a634fce2493aae969
LPML_R3_056,B5_TARGETED_ACTIVE_LEARNING,5,453.0,adfc4a9b6680499ea47df07e3f49d1c5e9bb33f1cfd94e355a5b1da34ee8b98f,ACCEPTED,ACCEPTED,FORMAL_WEIGHTED_G0_PROSPECTIVE_ROUND3_TARGETED_ACTIVE_LEARNING,NONE,True,0.4793420905172467,0.8728806551159568,0.0012851421906717533,0.001732200392602565,0.0012643162772482718,0.0017030795736123591,0.024546571293923736,0.8048917776262129,0.9916894778171063,4.6521086503770725e-06,4.498975682970584e-06,0.6484533078525727,9.151084333347656e-06,0.6484624589369061,0.9916894778171063,1.5292935838458388,0.9958572379829925,0.8052454894694524,0.8085953073960633,-0.6908069321038399,0.4072403558108164,1.2806841674487945,0.3953673098239078,61.22662659743037,True,True,61.22662659743037,f3f61c1fba7c78ed19e8c4514aafa8bd8f47b9c2df93ef6fbe97d1449d509dd3,0dde42ed678f5a2efb6668c344e2055dc13ea304acabbf8a634fce2493aae969
LPML_R3_056,B5_TARGETED_ACTIVE_LEARNING,5,453.5,adfc4a9b6680499ea47df07e3f49d1c5e9bb33f1cfd94e355a5b1da34ee8b98f,ACCEPTED,ACCEPTED,FORMAL_WEIGHTED_G0_PROSPECTIVE_ROUND3_TARGETED_ACTIVE_LEARNING,NONE,True,0.5167956393796005,0.8447811814770814,-0.0009207904358838147,0.0006243389725754506,-0.000887615239039716,0.0006112465320030924,0.07162806018158076,0.8177220054713706,0.9807329774595838,1.2376541794916748e-06,1.1614831354613398e-06,0.6737998572374965,2.3991373149530146e-06,0.6738022563748114,0.9807329774595838,1.455520470851671,0.9903207919796557,0.8208531919942704,0.8288760557610643,-0.6537795284254434,0.48310632096220046,1.286287383843282,0.40724563768477184,58.543752672785615,True,True,58.543752672785615,f3f61c1fba7c78ed19e8c4514aafa8bd8f47b9c2df93ef6fbe97d1449d509dd3,0dde42ed678f5a2efb6668c344e2055dc13ea304acabbf8a634fce2493aae969
LPML_R3_056,B5_TARGETED_ACTIVE_LEARNING,5,454.0,adfc4a9b6680499ea47df07e3f49d1c5e9bb33f1cfd94e355a5b1da34ee8b98f,ACCEPTED,ACCEPTED,FORMAL_WEIGHTED_G0_PROSPECTIVE_ROUND3_TARGETED_ACTIVE_LEARNING,NONE,True,0.5561075441585944,0.8344325100273005,0.0003681078156048165,-0.0014345558239879205,0.0003760576311813542,-0.0013983703916623474,0.13553959592742748,0.8145517533256686,1.0055332144605642,2.1934537760470115e-06,2.0968590942476384e-06,0.6818655409100915,4.29031287029465e-06,0.6818698312229619,1.0055332144605642,1.4746703379691966,1.0027710749981165,0.8257440383258285,0.8234621629142819,-0.6043120046365899,0.5660780745965596,1.299000787406815,0.4040942280904518,56.318527802587255,True,True,56.318527802587255,f3f61c1fba7c78ed19e8c4514aafa8bd8f47b9c2df93ef6fbe97d1449d509dd3,0dde42ed678f5a2efb6668c344e2055dc13ea304acabbf8a634fce2493aae969
LPML_R3_057,B5_TARGETED_ACTIVE_LEARNING,5,450.0,684673e630e5d78c8af059db663171fef20ff59a2990dc9aab32900ad228f610,ACCEPTED,ACCEPTED,FORMAL_WEIGHTED_G0_PROSPECTIVE_ROUND3_TARGETED_ACTIVE_LEARNING,NONE,True,0.2890080456764101,0.9501272102461131,-0.0012034582608311045,7.916401014288828e-05,-0.0011633930868205228,5.008922684367684e-05,-0.2794557944329914,0.5521588759397326,0.9862673661157596,1.4545787260645296e-06,1.3559924051075818e-06,0.3829749653212033,2.8105711311721114e-06,0.38297777589233445,0.9862673661157596,2.575260049536207,0.993110876199956,0.6188504904914027,0.6231434025366585,-0.605387541541032,-0.10594004433434794,1.1701474872887152,0.27969993403129456,73.08137892576178,True,True,73.08137892576178,249a6481f98517cacdfb5cd37ea0faa4e4cdca263ff6488105a8a48d368b4a26,57513498dc172a6f33236b44c593c6529d27b0dbe60b4effedf4d5338faa5309
LPML_R3_057,B5_TARGETED_ACTIVE_LEARNING,5,450.5,684673e630e5d78c8af059db663171fef20ff59a2990dc9aab32900ad228f610,ACCEPTED,ACCEPTED,FORMAL_WEIGHTED_G0_PROSPECTIVE_ROUND3_TARGETED_ACTIVE_LEARNING,NONE,True,0.3234508181578434,0.9467659255221793,0.0013054626785974643,-0.0004142634233538947,0.0013317537697171867,-0.00036575950706428824,-0.233409901155209,0.6026698342230102,1.0009861494968473,1.8758469891397547e-06,1.9073481201638486e-06,0.41769111103967504,3.7831951093036033e-06,0.41769489423478434,1.0009861494968473,2.396452921289954,1.0004944867320025,0.6462908213416763,0.6459713970565787,-0.6460854739112983,-0.02604946095250582,1.191083978454765,0.294424808226167,71.13790487096963,True,True,71.13790487096963,249a6481f98517cacdfb5cd37ea0faa4e4cdca263ff6488105a8a48d368b4a26,57513498dc172a6f33236b44c593c6529d27b0dbe60b4effedf4d5338faa5309
LPML_R3_057,B5_TARGETED_ACTIVE_LEARNING,5,451.0,684673e630e5d78c8af059db663171fef20ff59a2990dc9aab32900ad228f610,ACCEPTED,ACCEPTED,FORMAL_WEIGHTED_G0_PROSPECTIVE_ROUND3_TARGETED_ACTIVE_LEARNING,NONE,True,0.35151810948771406,0.9317779826994921,0.0014724493722163773,0.0019069786168149313,0.001425410664028406,0.0019330590431275026,-0.17275058044599292,0.6651395263876838,0.9917751903413516,5.804674598729791e-06,5.768512825342916e-06,0.47225335260765994,1.1573187424072707e-05,0.472264925795084,0.9917751903413516,2.100039905931281,0.9958930674784584,0.6871951064179536,0.6900290089958055,-0.6804857361052695,0.07283783694398753,1.2099752543487967,0.3225764926724679,69.33075474886672,True,True,69.33075474886674,249a6481f98517cacdfb5cd37ea0faa4e4cdca263ff6488105a8a48d368b4a26,57513498dc172a6f33236b44c593c6529d27b0dbe60b4effedf4d5338faa5309
LPML_R3_057,B5_TARGETED_ACTIVE_LEARNING,5,451.5,684673e630e5d78c8af059db663171fef20ff59a2990dc9aab32900ad228f610,ACCEPTED,ACCEPTED,FORMAL_WEIGHTED_G0_PROSPECTIVE_ROUND3_TARGETED_ACTIVE_LEARNING,NONE,True,0.38952296405924386,0.9121818266806527,-0.0008804595106805213,0.0015845415848186359,-0.0008967100465013527,0.001540824955575418,-0.12797743082218263,0.7226183125675434,0.9838038244559513,3.2859809839673376e-06,3.1782304512204466e-06,0.5385554484578103,6.464211435187785e-06,0.5385619126692456,0.9838038244559513,1.8267237272312427,0.9918776703705039,0.7338558606058678,0.7398652903757224,-0.7090077885529678,0.16474051788186786,1.2338418606633497,0.3537664435920993,66.87638498950196,True,True,66.87638498950196,249a6481f98517cacdfb5cd37ea0faa4e4cdca263ff6488105a8a48d368b4a26,57513498dc172a6f33236b44c593c6529d27b0dbe60b4effedf4d5338faa5309
LPML_R3_057,B5_TARGETED_ACTIVE_LEARNING,5,452.0,684673e630e5d78c8af059db663171fef20ff59a2990dc9aab32900ad228f610,ACCEPTED,ACCEPTED,FORMAL_WEIGHTED_G0_PROSPECTIVE_ROUND3_TARGETED_ACTIVE_LEARNING,NONE,True,0.4280575302666972,0.9022653493507506,-0.00029214858584771056,-0.0008340688724830978,-0.0002461899913145683,-0.0008387018441317983,-0.08071182665431428,0.749325257443294,0.9973160098570564,7.810216802580431e-07,7.640302951735464e-07,0.5680027404043348,1.5450519754315893e-06,0.5680042854563102,0.9973160098570564,1.7558247981454147,0.9986602009486762,0.7536564856448305,0.7546675885640534,-0.7106388927543308,0.24793038422967525,1.2511276095240513,0.362867770357887,64.61915297274868,True,True,64.61915297274868,249a6481f98517cacdfb5cd37ea0faa4e4cdca263ff6488105a8a48d368b4a26,57513498dc172a6f33236b44c593c6529d27b0dbe60b4effedf4d5338faa5309
LPML_R3_057,B5_TARGETED_ACTIVE_LEARNING,5,452.5,684673e630e5d78c8af059db663171fef20ff59a2990dc9aab32900ad228f610,ACCEPTED,ACCEPTED,FORMAL_WEIGHTED_G0_PROSPECTIVE_ROUND3_TARGETED_ACTIVE_LEARNING,NONE,True,0.4550876730617311,0.890190467822162,0.0019075892523672533,1.9168455268700848e-05,0.0019069842268219553,6.837615446250478e-05,-0.010322824571857842,0.7686424475045995,0.9995438591741805,3.639264185424445e-06,3.6412641398468117e-06,0.5909177728130024,7.2805283252712565e-06,0.5909250533413277,0.9995438591741805,1.6914900688714378,0.9997748169456959,0.7687127083096187,0.7688858483733666,-0.6889396065778726,0.3406102558289146,1.26113794349211,0.371541404356475,62.92274360880691,True,True,62.92274360880692,249a6481f98517cacdfb5cd37ea0faa4e4cdca263ff6488105a8a48d368b4a26,57513498dc172a6f33236b44c593c6529d27b0dbe60b4effedf4d5338faa5309
LPML_R3_057,B5_TARGETED_ACTIVE_LEARNING,5,453.0,684673e630e5d78c8af059db663171fef20ff59a2990dc9aab32900ad228f610,ACCEPTED,ACCEPTED,FORMAL_WEIGHTED_G0_PROSPECTIVE_ROUND3_TARGETED_ACTIVE_LEARNING,NONE,True,0.4846045437194681,0.8669325815772203,0.0005726194353290927,0.0019799913208199005,0.0005266497964031895,0.001975471476965329,0.05622960584673328,0.8006816936584119,0.9864136647936979,4.2482586482387426e-06,4.179847564355099e-06,0.644252943133382,8.428106212593841e-06,0.6442613712395946,0.9864136647936979,1.5310768405931017,0.9932057083465836,0.8026315823222091,0.8081222002422556,-0.6668843153735565,0.4367590902222561,1.2769788706291472,0.39508875588529047,60.79535192638781,True,True,60.79535192638781,249a6481f98517cacdfb5cd37ea0faa4e4cdca263ff6488105a8a48d368b4a26,57513498dc172a6f33236b44c593c6529d27b0dbe60b4effedf4d5338faa5309
LPML_R3_057,B5_TARGETED_ACTIVE_LEARNING,5,453.5,684673e630e5d78c8af059db663171fef20ff59a2990dc9aab32900ad228f610,ACCEPTED,ACCEPTED,FORMAL_WEIGHTED_G0_PROSPECTIVE_ROUND3_TARGETED_ACTIVE_LEARNING,NONE,True,0.522442937686765,0.8482993178241856,-0.0012660793799003764,0.0002615163705355792,-0.0012529019502032575,0.00022161844956180595,0.10334314890274993,0.8182062053737972,0.9925583557597555,1.671347808267024e-06,1.6188780340093042e-06,0.6801412009373243,3.290225842276328e-06,0.6801444911631666,0.9925583557597555,1.4593345511955942,0.996273326221906,0.8247074065277105,0.8277923184546029,-0.6400943958720258,0.515132584525953,1.2933301384112728,0.40661405725132205,58.37228958914409,True,True,58.372289589144096,249a6481f98517cacdfb5cd37ea0faa4e4cdca263ff6488105a8a48d368b4a26,57513498dc172a6f33236b44c593c6529d27b0dbe60b4effedf4d5338faa5309
LPML_R3_057,B5_TARGETED_ACTIVE_LEARNING,5,454.0,684673e630e5d78c8af059db663171fef20ff59a2990dc9aab32900ad228f610,ACCEPTED,ACCEPTED,FORMAL_WEIGHTED_G0_PROSPECTIVE_ROUND3_TARGETED_ACTIVE_LEARNING,NONE,True,0.5515699509585404,0.8361111336467663,0.0006562262671068898,-0.001234999169239582,0.0006928350300419408,-0.001212422997622726,0.15987385208646424,0.8114523690078045,1.003311238608487,1.9558558616635005e-06,1.9499899040176943e-06,0.6840145957493428,3.905845765681195e-06,0.6840185015951085,1.003311238608487,1.4667896208491416,1.0016593007820869,0.8270479945930201,0.82567794653059,-0.5902817047117361,0.5812467023618196,1.2989725709974,0.40538519845716314,56.58776356585082,True,True,56.58776356585082,249a6481f98517cacdfb5cd37ea0faa4e4cdca263ff6488105a8a48d368b4a26,57513498dc172a6f33236b44c593c6529d27b0dbe60b4effedf4d5338faa5309
LPML_R3_058,B5_TARGETED_ACTIVE_LEARNING,5,450.0,f2c176751c20f13bf46a1f96d50fef0c3c87ed90e517358c95c97614e592275b,ACCEPTED,ACCEPTED,FORMAL_WEIGHTED_G0_PROSPECTIVE_ROUND3_TARGETED_ACTIVE_LEARNING,NONE,True,0.2788359032854237,0.9583861459081111,-3.865823255514927e-05,-0.0005830786584587363,-7.30625417872243e-06,-0.0005599472738451015,-0.2979559156586297,0.5368186225722202,0.9962534656296015,3.414751808943278e-07,3.1359433083668525e-07,0.37695196121630836,6.550695117310131e-07,0.3769526162858201,0.9962534656296015,2.6429143149233467,0.9981258124952644,0.6139633086317859,0.6151161516371453,-0.5975600114097422,-0.1358725420399272,1.1718387610569219,0.27450549575197514,73.77800608835832,True,True,73.77800608835832,689c2796476c9e36d38f47a504b7525d24573a32a882e57edcdee9ae4c3d369c,f6c0e1535f4d8881bc8c247c6497b4cb55a2243969a595cd2dc98ce5f4b9dd91
LPML_R3_058,B5_TARGETED_ACTIVE_LEARNING,5,450.5,f2c176751c20f13bf46a1f96d50fef0c3c87ed90e517358c95c97614e592275b,ACCEPTED,ACCEPTED,FORMAL_WEIGHTED_G0_PROSPECTIVE_ROUND3_TARGETED_ACTIVE_LEARNING,NONE,True,0.30939643005046785,0.9485424378553923,0.0014008259593760437,0.0005042729460176774,0.0013773040041290799,0.0005365422466250275,-0.2464409341719881,0.596850441064852,0.9954589073406246,2.216604572547161e-06,2.1848439022034286e-06,0.4169635830348704,4.401448474750589e-06,0.41696798448334516,0.9954589073406246,2.387374916983311,0.9977286964705233,0.6457277600221323,0.6471977425390305,-0.6423875764532999,-0.04909773488680055,1.1884556751616655,0.29521385276436085,71.93466274950225,True,True,71.93466274950225,689c2796476c9e36d38f47a504b7525d24573a32a882e57edcdee9ae4c3d369c,f6c0e1535f4d8881bc8c247c6497b4cb55a2243969a595cd2dc98ce5f4b9dd91
LPML_R3_058,B5_TARGETED_ACTIVE_LEARNING,5,451.0,f2c176751c20f13bf46a1f96d50fef0c3c87ed90e517358c95c97614e592275b,ACCEPTED,ACCEPTED,FORMAL_WEIGHTED_G0_PROSPECTIVE_ROUND3_TARGETED_ACTIVE_LEARNING,NONE,True,0.34475915915394756,0.9317258124285333,0.00017570279094750082,0.0016055103632474895,0.0001496021434030758,0.001583057598396501,-0.19465819998559195,0.6677672690939975,0.9869718673661473,2.6085349972418274e-06,2.5284521611516918e-06,0.4838049404948861,5.136987158393519e-06,0.48381007748204446,0.9869718673661473,2.03999857237942,0.9934731679195421,0.6955523053459753,0.7001218833142212,-0.6892836833293757,0.048850294340493025,1.2127579910469326,0.3289475228987676,69.69441159347622,True,True,69.69441159347622,689c2796476c9e36d38f47a504b7525d24573a32a882e57edcdee9ae4c3d369c,f6c0e1535f4d8881bc8c247c6497b4cb55a2243969a595cd2dc98ce5f4b9dd91
LPML_R3_058,B5_TARGETED_ACTIVE_LEARNING,5,451.5,f2c176751c20f13bf46a1f96d50fef0c3c87ed90e517358c95c97614e592275b,ACCEPTED,ACCEPTED,FORMAL_WEIGHTED_G0_PROSPECTIVE_ROUND3_TARGETED_ACTIVE_LEARNING,NONE,True,0.3832854330396213,0.9198386410003696,-0.0007274044987019871,0.00015415147669000983,-0.0006999300596190607,0.00013544874712283138,-0.15568846214029564,0.7192328406589025,0.9930108486577771,5.528799824975999e-07,5.082484514554867e-07,0.5415347763258844,1.0611284339530866e-06,0.5415358374543183,0.9930108486577771,1.8336936911244461,0.9964996244101635,0.7358907423405313,0.7384756846005951,-0.7212517665978858,0.13246341377497764,1.2387682132312305,0.352896293319264,67.37910898829827,True,True,67.37910898829827,689c2796476c9e36d38f47a504b7525d24573a32a882e57edcdee9ae4c3d369c,f6c0e1535f4d8881bc8c247c6497b4cb55a2243969a595cd2dc98ce5f4b9dd91
LPML_R3_058,B5_TARGETED_ACTIVE_LEARNING,5,452.0,f2c176751c20f13bf46a1f96d50fef0c3c87ed90e517358c95c97614e592275b,ACCEPTED,ACCEPTED,FORMAL_WEIGHTED_G0_PROSPECTIVE_ROUND3_TARGETED_ACTIVE_LEARNING,NONE,True,0.4146246077392387,0.9090102235868815,0.0007637791987061773,-0.000588475386444079,0.0007792912919753792,-0.0005561469524042319,-0.10056950114437953,0.7442068311134978,0.9982131519283897,9.296619448267584e-07,9.165943504171706e-07,0.5639580320364236,1.846256295243929e-06,0.5639598782927189,0.9982131519283897,1.7700073894446,0.9991074147472663,0.7509709741515601,0.7516418786077425,-0.7181904758355703,0.21714864407324014,1.2498692052455365,0.3610098672698866,65.48096435196356,True,True,65.48096435196356,689c2796476c9e36d38f47a504b7525d24573a32a882e57edcdee9ae4c3d369c,f6c0e1535f4d8881bc8c247c6497b4cb55a2243969a595cd2dc98ce5f4b9dd91
LPML_R3_058,B5_TARGETED_ACTIVE_LEARNING,5,452.5,f2c176751c20f13bf46a1f96d50fef0c3c87ed90e517358c95c97614e592275b,ACCEPTED,ACCEPTED,FORMAL_WEIGHTED_G0_PROSPECTIVE_ROUND3_TARGETED_ACTIVE_LEARNING,NONE,True,0.44485199465601427,0.8906688356647352,0.0011680817414894387,0.0008853169057620587,0.0011360702782300582,0.0008983343965086548,-0.02805737195104818,0.7740899951012967,0.9911842719738098,2.148200978429106e-06,2.0976603650282913e-06,0.6000025366367251,4.245861343457397e-06,0.6000067824980686,0.9911842719738098,1.6519551126524146,0.9955885080608855,0.7745931687595614,0.7780254216355327,-0.7019397442261429,0.319363596446394,1.261424216697887,0.37708028888913836,63.459781217606064,True,True,63.459781217606064,689c2796476c9e36d38f47a504b7525d24573a32a882e57edcdee9ae4c3d369c,f6c0e1535f4d8881bc8c247c6497b4cb55a2243969a595cd2dc98ce5f4b9dd91
LPML_R3_058,B5_TARGETED_ACTIVE_LEARNING,5,453.0,f2c176751c20f13bf46a1f96d50fef0c3c87ed90e517358c95c97614e592275b,ACCEPTED,ACCEPTED,FORMAL_WEIGHTED_G0_PROSPECTIVE_ROUND3_TARGETED_ACTIVE_LEARNING,NONE,True,0.480236590493739,0.8727497903796722,-0.0003884928184913638,0.0009461746156988669,-0.0003947415795526046,0.0009157768251989765,0.029681213423675055,0.8089265191043058,0.992319379456813,1.0461730734122622e-06,9.94468108199202e-07,0.6552430877405105,2.0406411816114644e-06,0.6552451283816921,0.992319379456813,1.5144246580018357,0.9961558716817027,0.8094677184128913,0.8125914241175471,-0.6917357321140213,0.41438111555552926,1.283574893739553,0.3977052948544819,61.177906870978745,True,True,61.177906870978745,689c2796476c9e36d38f47a504b7525d24573a32a882e57edcdee9ae4c3d369c,f6c0e1535f4d8881bc8c247c6497b4cb55a2243969a595cd2dc98ce5f4b9dd91
LPML_R3_058,B5_TARGETED_ACTIVE_LEARNING,5,453.5,f2c176751c20f13bf46a1f96d50fef0c3c87ed90e517358c95c97614e592275b,ACCEPTED,ACCEPTED,FORMAL_WEIGHTED_G0_PROSPECTIVE_ROUND3_TARGETED_ACTIVE_LEARNING,NONE,True,0.5114394792871824,0.8589656255578707,-0.00022255069592425156,-0.0005962863275474491,-0.00019128826994762373,-0.000594801214406022,0.07706388345612701,0.8196190515797658,0.9993922868635685,4.050861966763925e-07,3.903796868784335e-07,0.6777142318458542,7.95465883554826e-07,0.6777150273117378,0.9993922868635685,1.4746497371141578,0.9996983502605598,0.8232317551343736,0.8234801577093809,-0.6646107668322183,0.4853805213786165,1.29503178114489,0.4040975920762676,59.22987263244215,True,True,59.22987263244215,689c2796476c9e36d38f47a504b7525d24573a32a882e57edcdee9ae4c3d369c,f6c0e1535f4d8881bc8c247c6497b4cb55a2243969a595cd2dc98ce5f4b9dd91
LPML_R3_058,B5_TARGETED_ACTIVE_LEARNING,5,454.0,f2c176751c20f13bf46a1f96d50fef0c3c87ed90e517358c95c97614e592275b,ACCEPTED,ACCEPTED,FORMAL_WEIGHTED_G0_PROSPECTIVE_ROUND3_TARGETED_ACTIVE_LEARNING,NONE,True,0.538002813449948,0.839082325871809,0.0011342563302211336,-0.00012618830735324827,0.001127970480945285,-9.451127888240982e-05,0.14182871257290983,0.8162664369614182,0.9935061768705044,1.302460911559391e-06,1.281249787719926e-06,0.6864062798197782,2.583710699279317e-06,0.6864088635304775,0.9935061768705044,1.4473970685059363,0.9967490178708597,0.8284964911057008,0.8311987032356846,-0.6086117615459116,0.5581598551677912,1.296115365390358,0.4085973677375001,57.332818981832816,True,True,57.33281898183282,689c2796476c9e36d38f47a504b7525d24573a32a882e57edcdee9ae4c3d369c,f6c0e1535f4d8881bc8c247c6497b4cb55a2243969a595cd2dc98ce5f4b9dd91
LPML_R3_059,B5_TARGETED_ACTIVE_LEARNING,5,450.0,6fa7b3e7bcd5c73a07f31ba54f0b122a0df107912d590e47fc97bf4569258f68,ACCEPTED,ACCEPTED,FORMAL_WEIGHTED_G0_PROSPECTIVE_ROUND3_TARGETED_ACTIVE_LEARNING,NONE,True,0.27433527579268563,0.9559049430461655,0.0017673268836674453,-0.0007294202443896279,0.0017790271184355594,-0.0006620092364990975,-0.29995167907008224,0.5095232834573611,0.9890141036843417,3.6554982066591077e-06,3.6031937173392486e-06,0.3495849861621319,7.258691923998356e-06,0.3495922448540559,0.9890141036843417,2.8290504673443917,0.9944957143429262,0.5912568161906895,0.5945292751526225,-0.5693458130956882,-0.14694261456290242,1.1569815679337323,0.26116135280231556,73.9870438722757,True,True,73.9870438722757,6c4d99acc5a15edbef2849c0f303954fa6bfab9787974f9a05bbfdad0877347f,fa98b6dbd36900fbc380df9a6111a0d35a7b82d301e282916e1c2fedf4a62548
LPML_R3_059,B5_TARGETED_ACTIVE_LEARNING,5,450.5,6fa7b3e7bcd5c73a07f31ba54f0b122a0df107912d590e47fc97bf4569258f68,ACCEPTED,ACCEPTED,FORMAL_WEIGHTED_G0_PROSPECTIVE_ROUND3_TARGETED_ACTIVE_LEARNING,NONE,True,0.30877458791414625,0.9541422186039579,0.0029051254110145884,0.0022346075924456065,0.002844849951111892,0.002245931025114639,-0.2607362355801832,0.5841480021565468,1.0057291194640334,1.3433224745938233e-05,1.3137377413913828e-05,0.4092122729680099,2.6570602159852063e-05,0.40923884357016976,1.0057291194640334,2.4575602616069534,1.0028778691400526,0.6396905053409119,0.6378548425736361,-0.6378722403376367,-0.06842227347475326,1.1895242591196715,0.2892212786871964,72.0676491049885,True,True,72.0676491049885,6c4d99acc5a15edbef2849c0f303954fa6bfab9787974f9a05bbfdad0877347f,fa98b6dbd36900fbc380df9a6111a0d35a7b82d301e282916e1c2fedf4a62548
LPML_R3_059,B5_TARGETED_ACTIVE_LEARNING,5,451.0,6fa7b3e7bcd5c73a07f31ba54f0b122a0df107912d590e47fc97bf4569258f68,ACCEPTED,ACCEPTED,FORMAL_WEIGHTED_G0_PROSPECTIVE_ROUND3_TARGETED_ACTIVE_LEARNING,NONE,True,0.33524155004106254,0.9412471789083314,8.849554086494295e-05,0.002533209123592148,9.119457066637573e-05,0.002480062679432633,-0.2210489040012533,0.6494813555235951,0.9983331486768268,6.424979924603478e-06,6.159027343633595e-06,0.47068864913292185,1.2584007268237072e-05,0.4707012331401901,0.9983331486768268,2.1209486578495764,0.9991863059974156,0.6860474529682734,0.686606140266746,-0.6854209964053073,0.009671028567135526,1.212037285654619,0.32041539596778523,70.39575903932354,True,True,70.39575903932354,6c4d99acc5a15edbef2849c0f303954fa6bfab9787974f9a05bbfdad0877347f,fa98b6dbd36900fbc380df9a6111a0d35a7b82d301e282916e1c2fedf4a62548
LPML_R3_059,B5_TARGETED_ACTIVE_LEARNING,5,451.5,6fa7b3e7bcd5c73a07f31ba54f0b122a0df107912d590e47fc97bf4569258f68,ACCEPTED,ACCEPTED,FORMAL_WEIGHTED_G0_PROSPECTIVE_ROUND3_TARGETED_ACTIVE_LEARNING,NONE,True,0.37077147240836833,0.920698851785868,0.0002709920077623497,-0.0005656465853694345,0.00032792164767464683,-0.0005500734780142419,-0.17322541173059527,0.6961585872321936,0.9851578604316853,3.933927278111704e-07,4.1011343822833995e-07,0.5146438218463579,8.035061660395104e-07,0.514644625352524,0.9851578604316853,1.9142488076250028,0.9925523003011145,0.7173858215431742,0.7227687864161294,-0.7051792306084124,0.09862764129059312,1.224664233896054,0.3431416004644299,68.06503025499248,True,True,68.06503025499248,6c4d99acc5a15edbef2849c0f303954fa6bfab9787974f9a05bbfdad0877347f,fa98b6dbd36900fbc380df9a6111a0d35a7b82d301e282916e1c2fedf4a62548
LPML_R3_059,B5_TARGETED_ACTIVE_LEARNING,5,452.0,6fa7b3e7bcd5c73a07f31ba54f0b122a0df107912d590e47fc97bf4569258f68,ACCEPTED,ACCEPTED,FORMAL_WEIGHTED_G0_PROSPECTIVE_ROUND3_TARGETED_ACTIVE_LEARNING,NONE,True,0.4112811720724722,0.9090970363072924,0.0031828656867980325,-0.0002675993797097375,0.0031636895211024562,-0.0002095441256364653,-0.11182024554399807,0.7357238440086848,0.9956096239240093,1.020224340821735e-05,1.0052840126522239e-05,0.5537933419564358,2.025508353473959e-05,0.5538135970399706,0.9956096239240093,1.7977341640677573,0.9978083424867337,0.7441785623275212,0.7458131292757911,-0.7148439413026135,0.200935424614515,1.2447582982105319,0.35743210089197774,65.65770733471535,True,True,65.65770733471535,6c4d99acc5a15edbef2849c0f303954fa6bfab9787974f9a05bbfdad0877347f,fa98b6dbd36900fbc380df9a6111a0d35a7b82d301e282916e1c2fedf4a62548
LPML_R3_059,B5_TARGETED_ACTIVE_LEARNING,5,452.5,6fa7b3e7bcd5c73a07f31ba54f0b122a0df107912d590e47fc97bf4569258f68,ACCEPTED,ACCEPTED,FORMAL_WEIGHTED_G0_PROSPECTIVE_ROUND3_TARGETED_ACTIVE_LEARNING,NONE,True,0.440894157334142,0.901369997666023,0.002356259374016435,0.002121405420533796,0.002307283728966551,0.0020995399240130172,-0.05158313291229095,0.774276321924703,1.0068555306638294,1.0052319195910497e-05,9.731626098478378e-06,0.6021646422942933,1.9783945294388874e-05,0.6021844262395878,1.0068555306638294,1.6720052641534726,1.0034518369492538,0.7759667311338709,0.7732974344767808,-0.7206531309876854,0.2948685763611765,1.268479387654138,0.3742507596880852,63.93499438715148,True,True,63.93499438715148,6c4d99acc5a15edbef2849c0f303954fa6bfab9787974f9a05bbfdad0877347f,fa98b6dbd36900fbc380df9a6111a0d35a7b82d301e282916e1c2fedf4a62548
LPML_R3_059,B5_TARGETED_ACTIVE_LEARNING,5,453.0,6fa7b3e7bcd5c73a07f31ba54f0b122a0df107912d590e47fc97bf4569258f68,ACCEPTED,ACCEPTED,FORMAL_WEIGHTED_G0_PROSPECTIVE_ROUND3_TARGETED_ACTIVE_LEARNING,NONE,True,0.4655591668151167,0.8821173203637224,0.00014608659090930228,0.00062919610703911,0.00017875275544979965,0.0005895855579056145,0.0023422967400513403,0.7992601259390717,0.9948763046912596,4.1722903315667306e-07,3.795636776717707e-07,0.6388222352701594,7.967927108284437e-07,0.6388230320628703,0.9948763046912596,1.557358227173857,0.9974368712083514,0.7992615496245422,0.8013154242596542,-0.7039503779966559,0.37416886022348816,1.278162484488623,0.3910285189514111,62.1760434358759,True,True,62.1760434358759,6c4d99acc5a15edbef2849c0f303954fa6bfab9787974f9a05bbfdad0877347f,fa98b6dbd36900fbc380df9a6111a0d35a7b82d301e282916e1c2fedf4a62548
LPML_R3_059,B5_TARGETED_ACTIVE_LEARNING,5,453.5,6fa7b3e7bcd5c73a07f31ba54f0b122a0df107912d590e47fc97bf4569258f68,ACCEPTED,ACCEPTED,FORMAL_WEIGHTED_G0_PROSPECTIVE_ROUND3_TARGETED_ACTIVE_LEARNING,NONE,True,0.5001035148767554,0.8586771908082091,0.00184761676431415,-0.0014006670798366121,0.0018828081402112538,-0.0013583127008351156,0.06310428478393315,0.8103111661740994,0.9874300436063629,5.375555976312711e-06,5.389979886095746e-06,0.6605863367845206,1.0765535862408458e-05,0.660597102320383,0.9874300436063629,1.4947538221677956,0.993701007202052,0.8127640827524141,0.8179161305681886,-0.6642386173906706,0.4594308191624756,1.2837550957744026,0.400841153589679,59.782984068570954,True,True,59.782984068570954,6c4d99acc5a15edbef2849c0f303954fa6bfab9787974f9a05bbfdad0877347f,fa98b6dbd36900fbc380df9a6111a0d35a7b82d301e282916e1c2fedf4a62548
LPML_R3_059,B5_TARGETED_ACTIVE_LEARNING,5,454.0,6fa7b3e7bcd5c73a07f31ba54f0b122a0df107912d590e47fc97bf4569258f68,ACCEPTED,ACCEPTED,FORMAL_WEIGHTED_G0_PROSPECTIVE_ROUND3_TARGETED_ACTIVE_LEARNING,NONE,True,0.536141656323895,0.8453425976673793,0.0032286839112158788,0.00043580176944994927,0.0031843821055511506,0.0004660276989944027,0.12836346449471725,0.8221790326279809,1.0020519830767622,1.0614322980799974e-05,1.0357471210384394e-05,0.692455540710169,2.0971794191184367e-05,0.6924765125043602,1.0020519830767622,1.4470555534841376,1.0010441316297667,0.8321292820894651,0.8312613358361165,-0.6262120369912947,0.5493126404540019,1.3017405638533057,0.4086543922454854,57.61590288396948,True,True,57.61590288396948,6c4d99acc5a15edbef2849c0f303954fa6bfab9787974f9a05bbfdad0877347f,fa98b6dbd36900fbc380df9a6111a0d35a7b82d301e282916e1c2fedf4a62548
LPML_R3_060,B5_TARGETED_ACTIVE_LEARNING,5,450.0,48c146e23f078bef09a861a1776172204b89cbe2c28adece5603b27844a4a742,ACCEPTED,ACCEPTED,FORMAL_WEIGHTED_G0_PROSPECTIVE_ROUND3_TARGETED_ACTIVE_LEARNING,NONE,True,0.29071393907369447,0.9482671262277911,-0.0010102696271943655,-0.00013963813828286184,-0.0009798842913331858,-0.00013114672715508374,-0.3004070882421502,0.5273645745926546,0.9837251370560571,1.0401435292945462e-06,9.773726884450298e-07,0.3683578132014186,2.0175162177395762e-06,0.36835983071763634,0.9837251370560571,2.670554862454926,0.991829820132319,0.6069255108083571,0.6119250485203074,-0.5874159892061054,-0.13155420278086177,1.1627918849792913,0.27243837443453545,72.95582806736718,True,True,72.95582806736718,7c46bf9bbd04b7298f736e7c383570c291e4a8240c85c99f60c1b612fafa42a4,e3a8ba86373ae9571162cab8db01e703120215710797266556cfcc3fbf59a740
LPML_R3_060,B5_TARGETED_ACTIVE_LEARNING,5,450.5,48c146e23f078bef09a861a1776172204b89cbe2c28adece5603b27844a4a742,ACCEPTED,ACCEPTED,FORMAL_WEIGHTED_G0_PROSPECTIVE_ROUND3_TARGETED_ACTIVE_LEARNING,NONE,True,0.32599053846930953,0.9494643040953068,0.0011099930562074318,-0.000647960614281771,0.0011008299629713806,-0.0006154826299885489,-0.2517149211023498,0.5868179411932315,1.0077522959226957,1.651937542489125e-06,1.5906454751931925e-06,0.40771569761182513,3.2425830176823174e-06,0.4077189401948428,1.0077522959226957,2.471683791390966,1.0038706142163007,0.6385256659136936,0.6360637086804023,-0.6392201939416988,-0.04769583928590995,1.1897357841628275,0.288044666533221,71.05052457934332,True,True,71.05052457934332,7c46bf9bbd04b7298f736e7c383570c291e4a8240c85c99f60c1b612fafa42a4,e3a8ba86373ae9571162cab8db01e703120215710797266556cfcc3fbf59a740
LPML_R3_060,B5_TARGETED_ACTIVE_LEARNING,5,451.0,48c146e23f078bef09a861a1776172204b89cbe2c28adece5603b27844a4a742,ACCEPTED,ACCEPTED,FORMAL_WEIGHTED_G0_PROSPECTIVE_ROUND3_TARGETED_ACTIVE_LEARNING,NONE,True,0.34894596776745607,0.9355903446265745,0.0014290424291241433,0.0013203267953394338,0.0014013790571150266,0.0013111037258967488,-0.19894844722793442,0.658016245010985,0.9970925813796387,3.785425110728331e-06,3.682856241780938e-06,0.4725658633527628,7.468281352509269e-06,0.4725733316341153,0.9970925813796387,2.109921391314622,0.9985522950542883,0.6874294342371206,0.6884260720664079,-0.6850561754382473,0.04347414521598777,1.212297782318253,0.32155153593039254,69.54605609154123,True,True,69.54605609154123,7c46bf9bbd04b7298f736e7c383570c291e4a8240c85c99f60c1b612fafa42a4,e3a8ba86373ae9571162cab8db01e703120215710797266556cfcc3fbf59a740
LPML_R3_060,B5_TARGETED_ACTIVE_LEARNING,5,451.5,48c146e23f078bef09a861a1776172204b89cbe2c28adece5603b27844a4a742,ACCEPTED,ACCEPTED,FORMAL_WEIGHTED_G0_PROSPECTIVE_ROUND3_TARGETED_ACTIVE_LEARNING,NONE,True,0.38586848276960717,0.9106669191272152,-0.0005330123332852425,0.0013010581889890363,-0.0005178827051481267,0.001277954710911517,-0.1599658861611283,0.7127350214947314,0.9782087235875725,1.9768545585696095e-06,1.9013707394324804e-06,0.5335802956004104,3.87822529800209e-06,0.5335841738257084,0.9782087235875725,1.8332791180330201,0.9890505046732071,0.7304601266454971,0.738546841838829,-0.7107886133109941,0.12934769560628256,1.2295498759356127,0.35294793006283165,67.03661794149627,True,True,67.03661794149627,7c46bf9bbd04b7298f736e7c383570c291e4a8240c85c99f60c1b612fafa42a4,e3a8ba86373ae9571162cab8db01e703120215710797266556cfcc3fbf59a740
LPML_R3_060,B5_TARGETED_ACTIVE_LEARNING,5,452.0,48c146e23f078bef09a861a1776172204b89cbe2c28adece5603b27844a4a742,ACCEPTED,ACCEPTED,FORMAL_WEIGHTED_G0_PROSPECTIVE_ROUND3_TARGETED_ACTIVE_LEARNING,NONE,True,0.4301523868276195,0.9003236918142993,-0.0003274167701380608,-0.00073074429908805,-0.00030518312835896126,-0.0007102200842457253,-0.10717744842736066,0.7393924030066924,0.9956138259356273,6.411889720173252e-07,5.975493099009674e-07,0.5581881310754107,1.2387382819182925e-06,0.5581893698136926,0.9956138259356273,1.7836488471070926,0.9978068303414515,0.7471176112723255,0.7487597684780934,-0.7117947141623514,0.2215565553593826,1.2465164241795292,0.3592407142299038,64.46268301152506,True,True,64.46268301152506,7c46bf9bbd04b7298f736e7c383570c291e4a8240c85c99f60c1b612fafa42a4,e3a8ba86373ae9571162cab8db01e703120215710797266556cfcc3fbf59a740
LPML_R3_060,B5_TARGETED_ACTIVE_LEARNING,5,452.5,48c146e23f078bef09a861a1776172204b89cbe2c28adece5603b27844a4a742,ACCEPTED,ACCEPTED,FORMAL_WEIGHTED_G0_PROSPECTIVE_ROUND3_TARGETED_ACTIVE_LEARNING,NONE,True,0.45696918708678064,0.8949975654515615,0.00159001608130385,-0.0003822722897418216,0.0015686158455466672,-0.00036167420735235396,-0.0349282364476465,0.7686318668185477,1.0098414801109754,2.6742832423093067e-06,2.591363903164039e-06,0.5920149283903082,5.265647145473346e-06,0.5920201940374537,1.0098414801109754,1.7057551250474552,1.0049101799835631,0.7694265425067113,0.7656669798282832,-0.7038871332133374,0.3199815674690832,1.2656467414521435,0.36958259479688216,62.95198490199385,True,True,62.95198490199385,7c46bf9bbd04b7298f736e7c383570c291e4a8240c85c99f60c1b612fafa42a4,e3a8ba86373ae9571162cab8db01e703120215710797266556cfcc3fbf59a740
LPML_R3_060,B5_TARGETED_ACTIVE_LEARNING,5,453.0,48c146e23f078bef09a861a1776172204b89cbe2c28adece5603b27844a4a742,ACCEPTED,ACCEPTED,FORMAL_WEIGHTED_G0_PROSPECTIVE_ROUND3_TARGETED_ACTIVE_LEARNING,NONE,True,0.479060638987771,0.8711397564467476,0.0009400938242202635,0.0013797795245574724,0.0009250254686369689,0.0013578955953910175,0.024459830361099933,0.8046433101774637,0.9883835710894702,2.7875679347251243e-06,2.69955256560937e-06,0.6480491399146401,5.487120500334495e-06,0.6480546270351404,0.9883835710894702,1.5251547166808141,0.9941879470395512,0.8050021888702495,0.809708256137433,-0.6892380313063708,0.4067783161138839,1.279233441606578,0.3960153385430768,61.19255056658562,True,True,61.192550566585616,7c46bf9bbd04b7298f736e7c383570c291e4a8240c85c99f60c1b612fafa42a4,e3a8ba86373ae9571162cab8db01e703120215710797266556cfcc3fbf59a740
LPML_R3_060,B5_TARGETED_ACTIVE_LEARNING,5,453.5,48c146e23f078bef09a861a1776172204b89cbe2c28adece5603b27844a4a742,ACCEPTED,ACCEPTED,FORMAL_WEIGHTED_G0_PROSPECTIVE_ROUND3_TARGETED_ACTIVE_LEARNING,NONE,True,0.518487115688156,0.844922831192366,-0.0007789028283433436,0.0004472328792146393,-0.0007539476085135287,0.00043795007823890883,0.07148548385692229,0.8176767419586444,0.9827234798047467,8.067068642518764e-07,7.602372674127355e-07,0.6737054287423617,1.566944131664612e-06,0.6737069956864933,0.9827234798047467,1.4586808302374419,0.991324709865956,0.8207958303381043,0.827978786536139,-0.65380983686355,0.48435525122368756,1.2870238830306298,0.406722168937815,58.464629661649724,True,True,58.46462966164972,7c46bf9bbd04b7298f736e7c383570c291e4a8240c85c99f60c1b612fafa42a4,e3a8ba86373ae9571162cab8db01e703120215710797266556cfcc3fbf59a740
LPML_R3_060,B5_TARGETED_ACTIVE_LEARNING,5,454.0,48c146e23f078bef09a861a1776172204b89cbe2c28adece5603b27844a4a742,ACCEPTED,ACCEPTED,FORMAL_WEIGHTED_G0_PROSPECTIVE_ROUND3_TARGETED_ACTIVE_LEARNING,NONE,True,0.5556057624890909,0.8361848129115512,0.00030461501302843987,-0.0011442614857228746,0.00031013138200087885,-0.0011171290637340173,0.1351816085059101,0.8144635597080222,1.00790280465501,1.4021246538710373e-06,1.3441588191410172e-06,0.6816249573705082,2.7462834730120545e-06,0.6816277036539812,1.00790280465501,1.478670540020565,1.0039488407992239,0.8256011345479644,0.822353790349237,-0.6059331948122133,0.565558150294432,1.2998194137298424,0.4034420806856014,56.39781807433485,True,True,56.39781807433485,7c46bf9bbd04b7298f736e7c383570c291e4a8240c85c99f60c1b612fafa42a4,e3a8ba86373ae9571162cab8db01e703120215710797266556cfcc3fbf59a740
LPML_R3_061,LOW_DISAGREEMENT_MAXIMIN_CONTROL,1,450.0,1c7e144443fd482d6d46b69c1572f191b28c7240df793a1fe03bdd49e1a03029,ACCEPTED,ACCEPTED,FORMAL_WEIGHTED_G0_PROSPECTIVE_ROUND3_TARGETED_ACTIVE_LEARNING,NONE,True,-0.05211878732828538,0.9597121000693127,0.000871312645337957,0.0003675138605377028,0.0009103717974257292,0.00036036859897253527,-0.13283349100601,0.03394999728217929,0.9237636830120218,8.942521636131546e-07,9.58642336673581e-07,0.01879733864830372,1.8528945002867355e-06,0.018799191542804006,0.9237636830120218,49.138479221763234,0.9611271256494979,0.13710405863999864,0.14264924480967933,-0.025659763499215837,-0.12925198986903289,0.9708567734505568,0.019944761299539815,93.10849065451748,True,True,93.10849065451748,734db68603f21d63f9f01c781e74bb0d10c2118cdf694a04c353abdb6789ddc0,3485db26c7cedb8baf638b05b542de9b67d259689017afe85a2a28a849f71280
LPML_R3_061,LOW_DISAGREEMENT_MAXIMIN_CONTROL,1,450.5,1c7e144443fd482d6d46b69c1572f191b28c7240df793a1fe03bdd49e1a03029,ACCEPTED,ACCEPTED,FORMAL_WEIGHTED_G0_PROSPECTIVE_ROUND3_TARGETED_ACTIVE_LEARNING,NONE,True,0.00534827654223429,0.9625366275848558,0.0009808968138543671,-0.00043179575491627875,0.0010035752046770848,-0.0004207746427842309,-0.17369735182661086,0.06941391720685226,0.9265053635043999,1.148606133393368e-06,1.1842144914528498e-06,0.03498906193357719,2.332820624846218e-06,0.034991394754202036,0.9265053635043999,26.478091828366974,0.9625528466119584,0.18705286883076053,0.19432997314293815,-0.06774322196297664,-0.16681797234648463,0.9805594108765678,0.03639262894403961,89.68164274355667,True,True,89.68164274355667,734db68603f21d63f9f01c781e74bb0d10c2118cdf694a04c353abdb6789ddc0,3485db26c7cedb8baf638b05b542de9b67d259689017afe85a2a28a849f71280
LPML_R3_061,LOW_DISAGREEMENT_MAXIMIN_CONTROL,1,451.0,1c7e144443fd482d6d46b69c1572f191b28c7240df793a1fe03bdd49e1a03029,ACCEPTED,ACCEPTED,FORMAL_WEIGHTED_G0_PROSPECTIVE_ROUND3_TARGETED_ACTIVE_LEARNING,NONE,True,0.048456975442868505,0.9763219563427648,0.0016031499061888654,-0.00023115604476997098,0.001598815005977912,-0.000222759004390501,-0.21511393908918286,0.12039377316788391,0.9555526409060342,2.6235227387470645e-06,2.605830997377198e-06,0.06076866740806456,5.2293537361242624e-06,0.060773896761800686,0.9555526409060342,15.723076712544207,0.9775263877024336,0.2465130808157379,0.2521804873167049,-0.12796936666265518,-0.2041858170464488,1.0081302186066217,0.05979760884848928,87.15861781824412,True,True,87.15861781824412,734db68603f21d63f9f01c781e74bb0d10c2118cdf694a04c353abdb6789ddc0,3485db26c7cedb8baf638b05b542de9b67d259689017afe85a2a28a849f71280
LPML_R3_061,LOW_DISAGREEMENT_MAXIMIN_CONTROL,1,451.5,1c7e144443fd482d6d46b69c1572f191b28c7240df793a1fe03bdd49e1a03029,ACCEPTED,ACCEPTED,FORMAL_WEIGHTED_G0_PROSPECTIVE_ROUND3_TARGETED_ACTIVE_LEARNING,NONE,True,0.07923568469172647,0.9736495944701501,0.0011786552666509702,0.00034205391063481526,0.0011802145845966204,0.0003266205606184272,-0.25278647639332824,0.16926900156456745,0.9542718265404546,1.5062291153846397e-06,1.4995874563132692e-06,0.0925529975380202,3.0058165716979087e-06,0.09255600335459188,0.9542718265404546,10.310209948073686,0.9768695820765588,0.30422631297870306,0.31142981474763576,-0.18483968361183847,-0.2327140936619068,1.0231460452423429,0.0884156885319638,85.34751733209981,True,True,85.34751733209981,734db68603f21d63f9f01c781e74bb0d10c2118cdf694a04c353abdb6789ddc0,3485db26c7cedb8baf638b05b542de9b67d259689017afe85a2a28a849f71280
LPML_R3_061,LOW_DISAGREEMENT_MAXIMIN_CONTROL,1,452.0,1c7e144443fd482d6d46b69c1572f191b28c7240df793a1fe03bdd49e1a03029,ACCEPTED,ACCEPTED,FORMAL_WEIGHTED_G0_PROSPECTIVE_ROUND3_TARGETED_ACTIVE_LEARNING,NONE,True,0.12430302207104776,0.959238806441495,0.0005854094777684788,-0.00016028139340748665,0.0006074473814427869,-0.0001671406440615521,-0.2717777347818088,0.22052952772202988,0.9355903290792993,3.6839438173380856e-07,3.96928316119009e-07,0.12249640972043274,7.653226978528175e-07,0.1224971750431306,0.9355903290792993,7.637648204947444,0.9672595945757845,0.34999482970969575,0.36184167277575013,-0.24532360353810806,-0.23328706796949633,1.0286338046761003,0.115772253774728,82.61646809038575,True,True,82.61646809038575,734db68603f21d63f9f01c781e74bb0d10c2118cdf694a04c353abdb6789ddc0,3485db26c7cedb8baf638b05b542de9b67d259689017afe85a2a28a849f71280
LPML_R3_061,LOW_DISAGREEMENT_MAXIMIN_CONTROL,1,452.5,1c7e144443fd482d6d46b69c1572f191b28c7240df793a1fe03bdd49e1a03029,ACCEPTED,ACCEPTED,FORMAL_WEIGHTED_G0_PROSPECTIVE_ROUND3_TARGETED_ACTIVE_LEARNING,NONE,True,0.17636874483734974,0.9588022097563733,0.0011020248299129145,-0.0006413863334792001,0.0011096990442718139,-0.0006252772122119642,-0.2776897364340189,0.2849736354555753,0.9504076115892067,1.6258351545184795e-06,1.6224035609693425e-06,0.15832156262556202,3.248238715487822e-06,0.1583248108642775,0.9504076115892067,6.002897501667853,0.9748905602095401,0.39789548636270433,0.408143747209104,-0.32220996353783715,-0.21598768970575122,1.0529636377641367,0.14279803463663898,79.57713135015752,True,True,79.57713135015752,734db68603f21d63f9f01c781e74bb0d10c2118cdf694a04c353abdb6789ddc0,3485db26c7cedb8baf638b05b542de9b67d259689017afe85a2a28a849f71280
LPML_R3_061,LOW_DISAGREEMENT_MAXIMIN_CONTROL,1,453.0,1c7e144443fd482d6d46b69c1572f191b28c7240df793a1fe03bdd49e1a03029,ACCEPTED,ACCEPTED,FORMAL_WEIGHTED_G0_PROSPECTIVE_ROUND3_TARGETED_ACTIVE_LEARNING,NONE,True,0.21104939788275442,0.96213526228725,0.0014130460401133172,-3.3033648402761645e-05,0.001401098213559666,-3.2847393372395935e-05,-0.28180785328796376,0.351236120280953,0.9702461112832286,1.9977903334067238e-06,1.9641551552914478e-06,0.20278247836478663,3.961945488698171e-06,0.20278644031027535,0.9702461112832286,4.784570949609324,0.9850122427599405,0.4503148156640374,0.45716671947374427,-0.39741401319754033,-0.19700900843958716,1.0830662729461682,0.17287366836904927,77.62782357914762,True,True,77.62782357914762,734db68603f21d63f9f01c781e74bb0d10c2118cdf694a04c353abdb6789ddc0,3485db26c7cedb8baf638b05b542de9b67d259689017afe85a2a28a849f71280
LPML_R3_061,LOW_DISAGREEMENT_MAXIMIN_CONTROL,1,453.5,1c7e144443fd482d6d46b69c1572f191b28c7240df793a1fe03bdd49e1a03029,ACCEPTED,ACCEPTED,FORMAL_WEIGHTED_G0_PROSPECTIVE_ROUND3_TARGETED_ACTIVE_LEARNING,NONE,True,0.24172805606317346,0.9464815611434475,0.0007171381774865101,0.00015686311001814225,0.0007234528666089671,0.00014028551149148816,-0.2753917234154307,0.40780500030005085,0.9542597986726183,5.388932008932373e-07,5.430640749391602e-07,0.24214551959544556,1.0819572758323976e-06,0.24214660155272139,0.9542597986726183,3.940834984069979,0.9768625899466525,0.492083204944101,0.5037384070271073,-0.45255031609324403,-0.16207549241601085,1.0938036387877577,0.20239493996948987,75.67312068268185,True,True,75.67312068268185,734db68603f21d63f9f01c781e74bb0d10c2118cdf694a04c353abdb6789ddc0,3485db26c7cedb8baf638b05b542de9b67d259689017afe85a2a28a849f71280
LPML_R3_061,LOW_DISAGREEMENT_MAXIMIN_CONTROL,1,454.0,1c7e144443fd482d6d46b69c1572f191b28c7240df793a1fe03bdd49e1a03029,ACCEPTED,ACCEPTED,FORMAL_WEIGHTED_G0_PROSPECTIVE_ROUND3_TARGETED_ACTIVE_LEARNING,NONE,True,0.2893008505152918,0.9285884867047283,0.0006667662975959387,-0.0005680215023673212,0.0006857827752206712,-0.0005633662567209639,-0.251129664721921,0.4640236066444388,0.9459715597494485,7.672257227614246e-07,7.876795540011569e-07,0.2783840160266573,1.5549052767625814e-06,0.2783855709319341,0.9459715597494485,3.3980624663220804,0.9726118356433927,0.5276204581399139,0.5424779329267442,-0.5035391415355958,-0.09895292609638955,1.1065067241916708,0.22737285058078271,72.69562734027804,True,True,72.69562734027804,734db68603f21d63f9f01c781e74bb0d10c2118cdf694a04c353abdb6789ddc0,3485db26c7cedb8baf638b05b542de9b67d259689017afe85a2a28a849f71280
LPML_R3_063,TUPLE_NEIGHBOR_CONTROL,2,450.0,e8fa392feabea02ba6031e2ce510eab89b12e856009123ab6d40d5aa261eeb05,ACCEPTED,ACCEPTED,FORMAL_WEIGHTED_G0_PROSPECTIVE_ROUND3_TARGETED_ACTIVE_LEARNING,NONE,True,-0.2027740810358809,0.9654610205091958,0.003495182278249257,0.008953356883397203,0.0034053323291926073,0.008772802504952416,-0.024993258993261644,-0.005183093741788495,0.9732323100626039,9.237889863966377e-05,8.855835206314376e-05,0.0006515274558404212,0.00018093725070280752,0.0008324647065432288,0.9732323100626039,1169.097383243917,0.9866149595062903,0.025606570398014592,0.025953965274181853,0.010138703872278196,-0.023140171962566753,0.9869471995852397,0.0008546297208420484,101.86132892348076,True,True,101.86132892348076,3ac46822d5def9fededdff32c30c21eb3fd1511b1241226e1d1cbe65519b690c,0f2edeaa7ed2862a83f258664caaea72dce27189b76a72f3758352ded7c89449
LPML_R3_063,TUPLE_NEIGHBOR_CONTROL,2,450.5,e8fa392feabea02ba6031e2ce510eab89b12e856009123ab6d40d5aa261eeb05,ACCEPTED,ACCEPTED,FORMAL_WEIGHTED_G0_PROSPECTIVE_ROUND3_TARGETED_ACTIVE_LEARNING,NONE,True,-0.16047963258020498,0.9637437829948781,0.001325998259072808,0.006945239305528922,0.0014604698008871034,0.007137262732103114,-0.10181013320566229,0.019410234769034737,0.9545557917343562,4.999462039412799e-05,5.3073491346371235e-05,0.010742060437143746,0.00010306811174049923,0.010845128548884244,0.9545557917343562,88.0170103500121,0.9770650250912447,0.1036574021799019,0.10609058713387237,-0.002320406898094352,-0.1012534375770906,0.9825481770800049,0.011233807966230747,99.45397324104391,True,True,99.45397324104391,3ac46822d5def9fededdff32c30c21eb3fd1511b1241226e1d1cbe65519b690c,0f2edeaa7ed2862a83f258664caaea72dce27189b76a72f3758352ded7c89449
LPML_R3_063,TUPLE_NEIGHBOR_CONTROL,2,451.0,e8fa392feabea02ba6031e2ce510eab89b12e856009123ab6d40d5aa261eeb05,ACCEPTED,ACCEPTED,FORMAL_WEIGHTED_G0_PROSPECTIVE_ROUND3_TARGETED_ACTIVE_LEARNING,NONE,True,-0.10754289421668209,0.9709907040684156,0.0028528891679549615,0.0038477537125234476,0.0029085602585662254,0.003990359637701705,-0.1867994414107256,0.05397608211756256,0.954388421483778,2.2944185236872725e-05,2.4382692815909712e-05,0.03780744875212098,4.7326878052782434e-05,0.03785477563017376,0.954388421483778,25.211836699490092,0.9769488098479239,0.19445878753781376,0.1990470591474328,-0.03231426528976345,-0.18720784070170682,0.9961140482464603,0.03815070311419466,96.32008384957851,True,True,96.32008384957851,3ac46822d5def9fededdff32c30c21eb3fd1511b1241226e1d1cbe65519b690c,0f2edeaa7ed2862a83f258664caaea72dce27189b76a72f3758352ded7c89449
LPML_R3_063,TUPLE_NEIGHBOR_CONTROL,2,451.5,e8fa392feabea02ba6031e2ce510eab89b12e856009123ab6d40d5aa261eeb05,ACCEPTED,ACCEPTED,FORMAL_WEIGHTED_G0_PROSPECTIVE_ROUND3_TARGETED_ACTIVE_LEARNING,NONE,True,-0.0661783081737122,0.9843711881062374,0.005412265244950146,0.004423075138678217,0.005343956910126037,0.004462247394490059,-0.24878215044167373,0.09498419567796257,0.9733662044464201,4.88562087640886e-05,4.846952726691713e-05,0.07091455580697306,9.732573603100572e-05,0.07101188154300407,0.9733662044464201,13.707089339084185,0.9866321540292602,0.2663364012391223,0.2699449842085966,-0.07704490978752539,-0.25122766197254226,1.0219481816557159,0.06799441935410644,93.84615141505265,True,True,93.84615141505265,3ac46822d5def9fededdff32c30c21eb3fd1511b1241226e1d1cbe65519b690c,0f2edeaa7ed2862a83f258664caaea72dce27189b76a72f3758352ded7c89449
LPML_R3_063,TUPLE_NEIGHBOR_CONTROL,2,452.0,e8fa392feabea02ba6031e2ce510eab89b12e856009123ab6d40d5aa261eeb05,ACCEPTED,ACCEPTED,FORMAL_WEIGHTED_G0_PROSPECTIVE_ROUND3_TARGETED_ACTIVE_LEARNING,NONE,True,-0.03139817341894357,0.9864677624021004,0.004028532076397928,0.0057408820003661725,0.004047661599360561,0.005680023503136338,-0.2877107598310946,0.1589299309341185,0.9741044915526527,4.918679683269531e-05,4.864623141911931e-05,0.10803620426930945,9.783302825181462e-05,0.10813403729756126,0.9741044915526527,9.008305949699537,0.9870102990498092,0.32870837899241406,0.3330343962052476,-0.14772935880552412,-0.2888536183070146,1.0403069397299118,0.09991700943455095,91.82304557273869,True,True,91.82304557273869,3ac46822d5def9fededdff32c30c21eb3fd1511b1241226e1d1cbe65519b690c,0f2edeaa7ed2862a83f258664caaea72dce27189b76a72f3758352ded7c89449
LPML_R3_063,TUPLE_NEIGHBOR_CONTROL,2,452.5,e8fa392feabea02ba6031e2ce510eab89b12e856009123ab6d40d5aa261eeb05,ACCEPTED,ACCEPTED,FORMAL_WEIGHTED_G0_PROSPECTIVE_ROUND3_TARGETED_ACTIVE_LEARNING,NONE,True,0.01058810665856972,0.9833136072473675,0.0022627559650025106,0.003331868769033692,0.0023605123082664475,0.0033627041425740283,-0.32305724354606014,0.23642450315112543,0.9670177582004436,1.622141405121653e-05,1.687979750796192e-05,0.1602625282978349,3.3101211559178454e-05,0.1602956295093941,0.9670177582004436,6.032714436195977,0.9833863805546565,0.40033063116560247,0.4070939348781759,-0.2358941327610828,-0.3151787695387002,1.061750153148017,0.14219260700437364,89.38307537336561,True,True,89.38307537336561,3ac46822d5def9fededdff32c30c21eb3fd1511b1241226e1d1cbe65519b690c,0f2edeaa7ed2862a83f258664caaea72dce27189b76a72f3758352ded7c89449
LPML_R3_063,TUPLE_NEIGHBOR_CONTROL,2,453.0,e8fa392feabea02ba6031e2ce510eab89b12e856009123ab6d40d5aa261eeb05,ACCEPTED,ACCEPTED,FORMAL_WEIGHTED_G0_PROSPECTIVE_ROUND3_TARGETED_ACTIVE_LEARNING,NONE,True,0.05334929724853348,0.985115019726593,0.004124182926291679,0.0011504001388885523,0.004110313844949903,0.001239068877741994,-0.3467827734977635,0.30596697302318293,0.9732977496078381,1.8332305289070594e-05,1.8429971587775663e-05,0.2138740805757703,3.676227687684626e-05,0.21391084285264714,0.9732977496078381,4.55001596285746,0.9865715155009593,0.4624772829692562,0.4687721829617394,-0.31992880419059383,-0.3253076344153722,1.0895910207323136,0.18017966194914214,86.90015223462234,True,True,86.90015223462234,3ac46822d5def9fededdff32c30c21eb3fd1511b1241226e1d1cbe65519b690c,0f2edeaa7ed2862a83f258664caaea72dce27189b76a72f3758352ded7c89449
LPML_R3_063,TUPLE_NEIGHBOR_CONTROL,2,453.5,e8fa392feabea02ba6031e2ce510eab89b12e856009123ab6d40d5aa261eeb05,ACCEPTED,ACCEPTED,FORMAL_WEIGHTED_G0_PROSPECTIVE_ROUND3_TARGETED_ACTIVE_LEARNING,NONE,True,0.09008369219122872,0.9853275734397867,0.005312225302897186,0.002621824590832758,0.0052517678783588935,0.0025917260016560272,-0.3436831163816555,0.37406168926349315,0.9789854985795422,3.509370185383647e-05,3.429810951582221e-05,0.2580402318604647,6.939181136965868e-05,0.2581096236718344,0.9789854985795422,3.792905838428727,0.9894609852971653,0.507998111045838,0.5134089353642082,-0.399554644189477,-0.30497113006702986,1.1122477791622587,0.20864169539534128,84.77624848501159,True,True,84.77624848501159,3ac46822d5def9fededdff32c30c21eb3fd1511b1241226e1d1cbe65519b690c,0f2edeaa7ed2862a83f258664caaea72dce27189b76a72f3758352ded7c89449
LPML_R3_063,TUPLE_NEIGHBOR_CONTROL,2,454.0,e8fa392feabea02ba6031e2ce510eab89b12e856009123ab6d40d5aa261eeb05,ACCEPTED,ACCEPTED,FORMAL_WEIGHTED_G0_PROSPECTIVE_ROUND3_TARGETED_ACTIVE_LEARNING,NONE,True,0.12717594129544563,0.9800515056452704,0.0030427917660996932,0.003121907078553374,0.0031014010323577187,0.0030665949851611126,-0.3276688738476845,0.45099765057542923,0.9766746737619442,1.900488553896575e-05,1.9022693166524808e-05,0.3107657717131668,3.802757870549056e-05,0.3108037992918723,0.9766746737619442,3.1424154916612204,0.9882892203167759,0.5574611108045794,0.5640667725040011,-0.48367238724666034,-0.2637953357293559,1.1346710858455045,0.24140504544100483,82.606354440279,True,True,82.606354440279,3ac46822d5def9fededdff32c30c21eb3fd1511b1241226e1d1cbe65519b690c,0f2edeaa7ed2862a83f258664caaea72dce27189b76a72f3758352ded7c89449
LPML_R3_064,TUPLE_NEIGHBOR_CONTROL,5,450.0,f397db6adc1d121db1811997403a66a1710969d0fe6f4806e23cc28965ce723f,ACCEPTED,ACCEPTED,FORMAL_WEIGHTED_G0_PROSPECTIVE_ROUND3_TARGETED_ACTIVE_LEARNING,NONE,True,0.24407267667623092,0.9633054595650851,-0.0006469201418600374,0.00015922126065347396,-0.0006217286559914902,0.0001524896935925511,-0.3068841564694219,0.3560459385435515,0.9875288799277998,4.4385707978829253e-07,4.097996283329348e-07,0.22094659584530713,8.536567081212273e-07,0.22094744950201525,0.9875288799277998,4.46951925516023,0.993745276827277,0.47004962952149393,0.4730081646498163,-0.41788341188318606,-0.2087219004999199,1.0993072043017889,0.18283142509399675,75.78217393813452,True,True,75.78217393813452,45e8f8d409b336941d556c32dc1cc7f86cb020f0a82916a84e00d281a83d5181,3a503314e796ed2c4ec4dcdc39ab7d24edbb091db9bdab2fc781bf72354e92be
LPML_R3_064,TUPLE_NEIGHBOR_CONTROL,5,450.5,f397db6adc1d121db1811997403a66a1710969d0fe6f4806e23cc28965ce723f,ACCEPTED,ACCEPTED,FORMAL_WEIGHTED_G0_PROSPECTIVE_ROUND3_TARGETED_ACTIVE_LEARNING,NONE,True,0.2842719388185033,0.9487226150600852,0.0001546917913025584,-8.522919427139718e-05,0.00015944049957622555,-5.696978076259626e-05,-0.29295785439796185,0.42950336022161245,0.9808851355260775,3.1193565852545846e-08,2.8666828825254667e-08,0.2702974408951136,5.986039467780051e-08,0.27029750075550824,0.9808851355260775,3.628909378682402,0.9903964865755511,0.519901371089161,0.5249426650197441,-0.49075926815700727,-0.15583996638582348,1.1185627547355514,0.21603360925692727,73.31986420144239,True,True,73.31986420144239,45e8f8d409b336941d556c32dc1cc7f86cb020f0a82916a84e00d281a83d5181,3a503314e796ed2c4ec4dcdc39ab7d24edbb091db9bdab2fc781bf72354e92be
LPML_R3_064,TUPLE_NEIGHBOR_CONTROL,5,451.0,f397db6adc1d121db1811997403a66a1710969d0fe6f4806e23cc28965ce723f,ACCEPTED,ACCEPTED,FORMAL_WEIGHTED_G0_PROSPECTIVE_ROUND3_TARGETED_ACTIVE_LEARNING,NONE,True,0.3243718447702326,0.9418553505313401,0.00042789045369305453,0.0005770914876358373,0.0004014714206680592,0.0005815336782515781,-0.26878389683108694,0.5061047599614941,0.9923085950041574,5.161248254633918e-07,4.993607205540399e-07,0.32838681125138586,1.0154855460174317e-06,0.3283878267369319,0.9923085950041574,3.021758159747759,0.9961477110344985,0.5730498752655115,0.5752659659985564,-0.5638632407463972,-0.08898989724976612,1.1492155680032747,0.24864747214504812,70.99646288724966,True,True,70.99646288724966,45e8f8d409b336941d556c32dc1cc7f86cb020f0a82916a84e00d281a83d5181,3a503314e796ed2c4ec4dcdc39ab7d24edbb091db9bdab2fc781bf72354e92be
LPML_R3_064,TUPLE_NEIGHBOR_CONTROL,5,451.5,f397db6adc1d121db1811997403a66a1710969d0fe6f4806e23cc28965ce723f,ACCEPTED,ACCEPTED,FORMAL_WEIGHTED_G0_PROSPECTIVE_ROUND3_TARGETED_ACTIVE_LEARNING,NONE,True,0.35483908603422076,0.9322352159827442,-0.00013866529902486802,0.0006814371407990804,-0.00013809232457938952,0.0006577179115700892,-0.24077201485706834,0.5727066541978633,0.9949732748959951,4.835846420140819e-07,4.5166234130785913e-07,0.3859640749008433,9.35246983321941e-07,0.3859650101478266,0.9949732748959951,2.5778846494787575,0.9974846807924233,0.6212588805226521,0.6228254854291203,-0.6193322041206002,-0.021237260227703537,1.1751333052227824,0.27949475680991664,69.16154525778123,True,True,69.16154525778124,45e8f8d409b336941d556c32dc1cc7f86cb020f0a82916a84e00d281a83d5181,3a503314e796ed2c4ec4dcdc39ab7d24edbb091db9bdab2fc781bf72354e92be
LPML_R3_064,TUPLE_NEIGHBOR_CONTROL,5,452.0,f397db6adc1d121db1811997403a66a1710969d0fe6f4806e23cc28965ce723f,ACCEPTED,ACCEPTED,FORMAL_WEIGHTED_G0_PROSPECTIVE_ROUND3_TARGETED_ACTIVE_LEARNING,NONE,True,0.3876829264814509,0.9131478381069926,-0.00015348553489117692,4.6533325316326926e-05,-0.00012984448053931678,5.2451071171738116e-05,-0.19914480801142664,0.6244395995464538,0.9841370257246963,2.5723159785825803e-08,1.961070399358775e-08,0.4295834680396435,4.533386377941355e-08,0.42958351337350725,0.9841370257246963,2.290909672013006,0.9920368250629862,0.6554261795329464,0.6606873484674646,-0.647410729806224,0.060235934549784334,1.1889998061808942,0.30386734965846507,66.99603044121079,True,True,66.99603044121079,45e8f8d409b336941d556c32dc1cc7f86cb020f0a82916a84e00d281a83d5181,3a503314e796ed2c4ec4dcdc39ab7d24edbb091db9bdab2fc781bf72354e92be
LPML_R3_064,TUPLE_NEIGHBOR_CONTROL,5,452.5,f397db6adc1d121db1811997403a66a1710969d0fe6f4806e23cc28965ce723f,ACCEPTED,ACCEPTED,FORMAL_WEIGHTED_G0_PROSPECTIVE_ROUND3_TARGETED_ACTIVE_LEARNING,NONE,True,0.42720526917526863,0.898143520784751,0.0004513561825795962,-1.3801849062835543e-05,0.0004431776986739777,9.834080180598932e-06,-0.14464190008202826,0.6727445965106129,0.9891661259387422,2.0391289459037907e-07,1.9650318173496148e-07,0.47350657139356694,4.004160763253406e-07,0.47350697180964324,0.9891661259387422,2.0890212495886997,0.9945684370383627,0.6881182469572027,0.6918762161870822,-0.6660131825242465,0.15749085272385363,1.2094102272382128,0.3237271352967057,64.56173134726998,True,True,64.56173134726998,45e8f8d409b336941d556c32dc1cc7f86cb020f0a82916a84e00d281a83d5181,3a503314e796ed2c4ec4dcdc39ab7d24edbb091db9bdab2fc781bf72354e92be
LPML_R3_064,TUPLE_NEIGHBOR_CONTROL,5,453.0,f397db6adc1d121db1811997403a66a1710969d0fe6f4806e23cc28965ce723f,ACCEPTED,ACCEPTED,FORMAL_WEIGHTED_G0_PROSPECTIVE_ROUND3_TARGETED_ACTIVE_LEARNING,NONE,True,0.4590105554029986,0.8880800776975663,0.00045645515492243787,0.0004696931508384735,0.0004358732851950421,0.00045981713439882676,-0.09167962703998878,0.7181637054585945,0.9993769143746846,4.289629643998398e-07,4.014173178334672e-07,0.5241642618522103,8.303802822333069e-07,0.5241650922324925,0.9993769143746846,1.9066071533268236,0.9996895230511637,0.7239909281951771,0.7242157805010062,-0.6798687788536552,0.2482254563952699,1.234318438089287,0.34404374146517436,62.66749413753945,True,True,62.66749413753944,45e8f8d409b336941d556c32dc1cc7f86cb020f0a82916a84e00d281a83d5181,3a503314e796ed2c4ec4dcdc39ab7d24edbb091db9bdab2fc781bf72354e92be
LPML_R3_064,TUPLE_NEIGHBOR_CONTROL,5,453.5,f397db6adc1d121db1811997403a66a1710969d0fe6f4806e23cc28965ce723f,ACCEPTED,ACCEPTED,FORMAL_WEIGHTED_G0_PROSPECTIVE_ROUND3_TARGETED_ACTIVE_LEARNING,NONE,True,0.4853795781855866,0.8682138160645019,-1.9358021630833243e-05,0.000375067637063791,-5.87589679570092e-06,0.0003582277438184221,-0.040252023109866523,0.7485502780305032,0.9893885653249026,1.410504653740755e-07,1.283616426043908e-07,0.5619477441039809,2.694121079784663e-07,0.5619480135160889,0.9893885653249026,1.7606407381606943,0.9946806499498061,0.7496312316442151,0.7536401071862041,-0.6694390691573028,0.3283836647510545,1.2455266271103929,0.36223474723707094,60.79239343792284,True,True,60.79239343792285,45e8f8d409b336941d556c32dc1cc7f86cb020f0a82916a84e00d281a83d5181,3a503314e796ed2c4ec4dcdc39ab7d24edbb091db9bdab2fc781bf72354e92be
LPML_R3_064,TUPLE_NEIGHBOR_CONTROL,5,454.0,f397db6adc1d121db1811997403a66a1710969d0fe6f4806e23cc28965ce723f,ACCEPTED,ACCEPTED,FORMAL_WEIGHTED_G0_PROSPECTIVE_ROUND3_TARGETED_ACTIVE_LEARNING,NONE,True,0.5208973921458453,0.8449070629255226,5.471021171611956e-05,-0.000112431705231324,6.886936165602721e-05,-9.546562316398411e-05,0.020314640328206946,0.7673201781045814,0.9852020381257756,1.5634095607245954e-08,1.3856674180996493e-08,0.5891929403381111,2.9490769788242447e-08,0.5891929698288808,0.9852020381257756,1.6721211701013805,0.9925734766911485,0.7675890185013738,0.7733321880211984,-0.6377323878709814,0.41685907577569986,1.2547489820496593,0.37423452618432695,58.34556893097442,True,True,58.34556893097442,45e8f8d409b336941d556c32dc1cc7f86cb020f0a82916a84e00d281a83d5181,3a503314e796ed2c4ec4dcdc39ab7d24edbb091db9bdab2fc781bf72354e92be
