comparison,scope,wavelength_nm,metric,new,reference,delta
IAR-C2-OC80_minus_IAR-C2,exact_450_nm,450.0,DoLP_pair,0.06311605829309251,0.05600966931862566,0.007106388974466853
IAR-C2-OC80_minus_IAR-C2,exact_450_nm,450.0,C_source,0.15779717827861017,0.1351456237312985,0.022651554547311686
IAR-C2-OC80_minus_IAR-C2,exact_450_nm,450.0,C_angular,0.11063189965254655,0.11234041616696946,-0.0017085165144229142
IAR-C2-OC80_minus_IAR-C2,exact_450_nm,450.0,full_angle_pair_DoLP,0.06982656553943821,0.07064290303777752,-0.0008163374983393146
IAR-C2-OC80_minus_IAR-C2,exact_450_nm,450.0,upward_source_normalized_power_pair,0.007426853480693007,0.00741511779393364,1.1735686759366953e-05
IAR-C2-OC80_minus_IAR-C2,exact_450_nm,450.0,useful_LP_axisfree_pair,1.9502723797637547,1.9307222273499556,0.019550152413799093
IAR-C2-OC80_minus_IAR-C2,exact_450_nm,450.0,useful_LP_over_S0_pair,0.5315580291465463,0.5280048346593128,0.0035531944872334575
IAR-C2-OC80_minus_IAR-C2,exact_450_nm,450.0,normal_5deg_DoLP,0.20368996486265184,0.15657188116863333,0.047118083694018514
IAR-C2-OC80_minus_IAR-C2,exact_450_nm,450.0,normal_10deg_DoLP,0.3795214904299401,0.3992607376447969,-0.019739247214856814
IAR-C2-OC80_minus_IAR-C2,exact_450_nm,450.0,normal_20deg_DoLP,0.2974723358212731,0.30773205111366647,-0.01025971529239339
IAR-C2-OC80_minus_IAR-C2,diagnostic_445_455_nm,445.0,DoLP_pair,0.039054706925404185,0.030222649255705978,0.008832057669698207
IAR-C2-OC80_minus_IAR-C2,diagnostic_445_455_nm,446.0,DoLP_pair,0.04095841824083555,0.031025582685288502,0.009932835555547047
IAR-C2-OC80_minus_IAR-C2,diagnostic_445_455_nm,447.0,DoLP_pair,0.0446235649733852,0.034636808651883066,0.009986756321502137
IAR-C2-OC80_minus_IAR-C2,diagnostic_445_455_nm,448.0,DoLP_pair,0.053761651944058464,0.044266198494886055,0.009495453449172409
IAR-C2-OC80_minus_IAR-C2,diagnostic_445_455_nm,449.0,DoLP_pair,0.06168684753040191,0.05353974478026378,0.008147102750138135
IAR-C2-OC80_minus_IAR-C2,diagnostic_445_455_nm,450.0,DoLP_pair,0.06311605829309251,0.05600966931862566,0.007106388974466853
IAR-C2-OC80_minus_IAR-C2,diagnostic_445_455_nm,451.0,DoLP_pair,0.06665013914903957,0.06201772215179679,0.004632416997242782
IAR-C2-OC80_minus_IAR-C2,diagnostic_445_455_nm,452.0,DoLP_pair,0.06885600945531842,0.06487809997189382,0.003977909483424594
IAR-C2-OC80_minus_IAR-C2,diagnostic_445_455_nm,453.0,DoLP_pair,0.054539993110951986,0.049228259064644606,0.00531173404630738
IAR-C2-OC80_minus_IAR-C2,diagnostic_445_455_nm,454.0,DoLP_pair,0.03348809600827498,0.02746392063753137,0.006024175370743609
IAR-C2-OC80_minus_IAR-C2,diagnostic_445_455_nm,455.0,DoLP_pair,0.023115692218892696,0.018739496445320688,0.004376195773572008
IAR-C2-OC80_minus_IAR-C2,diagnostic_445_455_nm,445.0,C_source,0.0896688817547337,0.06819286100262952,0.021476020752104183
IAR-C2-OC80_minus_IAR-C2,diagnostic_445_455_nm,446.0,C_source,0.09402225153852252,0.06969319012797585,0.024329061410546665
IAR-C2-OC80_minus_IAR-C2,diagnostic_445_455_nm,447.0,C_source,0.10397930659323017,0.07860826961472034,0.02537103697850983
IAR-C2-OC80_minus_IAR-C2,diagnostic_445_455_nm,448.0,C_source,0.12754768565075447,0.10174720868086196,0.025800476969892516
IAR-C2-OC80_minus_IAR-C2,diagnostic_445_455_nm,449.0,C_source,0.15066259072851015,0.12631779583806604,0.02434479489044411
IAR-C2-OC80_minus_IAR-C2,diagnostic_445_455_nm,450.0,C_source,0.15779717827861017,0.1351456237312985,0.022651554547311686
IAR-C2-OC80_minus_IAR-C2,diagnostic_445_455_nm,451.0,C_source,0.17204346081328892,0.1546148569008084,0.017428603912480523
IAR-C2-OC80_minus_IAR-C2,diagnostic_445_455_nm,452.0,C_source,0.1842292140648778,0.16802282876362098,0.016206385301256815
IAR-C2-OC80_minus_IAR-C2,diagnostic_445_455_nm,453.0,C_source,0.15116219257377927,0.1321778135529782,0.01898437902080108
IAR-C2-OC80_minus_IAR-C2,diagnostic_445_455_nm,454.0,C_source,0.096208011510536,0.07654506497346945,0.019662946537066545
IAR-C2-OC80_minus_IAR-C2,diagnostic_445_455_nm,455.0,C_source,0.06854331965723126,0.05406579043825358,0.01447752921897768
IAR-C2-OC80_minus_IAR-C2,diagnostic_445_455_nm,445.0,C_angular,0.04690238791132256,0.03657373303381429,0.010328654877508274
IAR-C2-OC80_minus_IAR-C2,diagnostic_445_455_nm,446.0,C_angular,0.05071873124560078,0.04097297009213219,0.00974576115346859
IAR-C2-OC80_minus_IAR-C2,diagnostic_445_455_nm,447.0,C_angular,0.06984848264433734,0.06420746276643088,0.005641019877906453
IAR-C2-OC80_minus_IAR-C2,diagnostic_445_455_nm,448.0,C_angular,0.08795302359095332,0.08602809615184091,0.001924927439112406
IAR-C2-OC80_minus_IAR-C2,diagnostic_445_455_nm,449.0,C_angular,0.10631624719098727,0.10699884899649148,-0.0006826018055042099
IAR-C2-OC80_minus_IAR-C2,diagnostic_445_455_nm,450.0,C_angular,0.11063189965254655,0.11234041616696946,-0.0017085165144229142
IAR-C2-OC80_minus_IAR-C2,diagnostic_445_455_nm,451.0,C_angular,0.10641428752370886,0.10901978169247359,-0.0026054941687647243
IAR-C2-OC80_minus_IAR-C2,diagnostic_445_455_nm,452.0,C_angular,0.09127452279968393,0.09265755107816386,-0.001383028278479928
IAR-C2-OC80_minus_IAR-C2,diagnostic_445_455_nm,453.0,C_angular,0.05602174160191209,0.054998724718792254,0.0010230168831198358
IAR-C2-OC80_minus_IAR-C2,diagnostic_445_455_nm,454.0,C_angular,0.016213160191408584,0.013626902034483513,0.002586258156925071
IAR-C2-OC80_minus_IAR-C2,diagnostic_445_455_nm,455.0,C_angular,0.03053255772211445,0.03275447683949357,-0.0022219191173791196
IAR-C2-OC80_minus_IAR-C2,diagnostic_445_455_nm,445.0,full_angle_pair_DoLP,0.0290842881118313,0.02257727915345328,0.006507008958378021
IAR-C2-OC80_minus_IAR-C2,diagnostic_445_455_nm,446.0,full_angle_pair_DoLP,0.03156944129374366,0.025366858270255994,0.006202583023487664
IAR-C2-OC80_minus_IAR-C2,diagnostic_445_455_nm,447.0,full_angle_pair_DoLP,0.043386028369893845,0.03961639525356018,0.0037696331163336663
IAR-C2-OC80_minus_IAR-C2,diagnostic_445_455_nm,448.0,full_angle_pair_DoLP,0.0547501736070052,0.053154286167997014,0.0015958874390081881
IAR-C2-OC80_minus_IAR-C2,diagnostic_445_455_nm,449.0,full_angle_pair_DoLP,0.06655938195006475,0.06658010593864107,-2.0723988576318297e-05
IAR-C2-OC80_minus_IAR-C2,diagnostic_445_455_nm,450.0,full_angle_pair_DoLP,0.06982656553943821,0.07064290303777752,-0.0008163374983393146
IAR-C2-OC80_minus_IAR-C2,diagnostic_445_455_nm,451.0,full_angle_pair_DoLP,0.06849192925122652,0.07009205155012137,-0.0016001222988948488
IAR-C2-OC80_minus_IAR-C2,diagnostic_445_455_nm,452.0,full_angle_pair_DoLP,0.05952344856378938,0.06046843824852968,-0.0009449896847402994
IAR-C2-OC80_minus_IAR-C2,diagnostic_445_455_nm,453.0,full_angle_pair_DoLP,0.03660971235128121,0.03596069553215447,0.0006490168191267409
IAR-C2-OC80_minus_IAR-C2,diagnostic_445_455_nm,454.0,full_angle_pair_DoLP,0.01047161924572481,0.008796836489956132,0.0016747827557686782
IAR-C2-OC80_minus_IAR-C2,diagnostic_445_455_nm,455.0,full_angle_pair_DoLP,0.019504726168573065,0.020907112641975516,-0.0014023864734024512
IAR-C2-OC80_minus_IAR-C2,diagnostic_445_455_nm,445.0,upward_source_normalized_power_pair,0.00834490951738509,0.008328308419348524,1.660109803656648e-05
IAR-C2-OC80_minus_IAR-C2,diagnostic_445_455_nm,446.0,upward_source_normalized_power_pair,0.008329300465220957,0.00831213539124566,1.716507397529765e-05
IAR-C2-OC80_minus_IAR-C2,diagnostic_445_455_nm,447.0,upward_source_normalized_power_pair,0.008244856975453022,0.0082284616096692,1.639536578382228e-05
IAR-C2-OC80_minus_IAR-C2,diagnostic_445_455_nm,448.0,upward_source_normalized_power_pair,0.00798528678673836,0.007969847485878442,1.5439300859917612e-05
IAR-C2-OC80_minus_IAR-C2,diagnostic_445_455_nm,449.0,upward_source_normalized_power_pair,0.007715220138713043,0.007702456618159012,1.276352055403114e-05
IAR-C2-OC80_minus_IAR-C2,diagnostic_445_455_nm,450.0,upward_source_normalized_power_pair,0.007426853480693007,0.00741511779393364,1.1735686759366953e-05
IAR-C2-OC80_minus_IAR-C2,diagnostic_445_455_nm,451.0,upward_source_normalized_power_pair,0.007153624604684496,0.007137294188607935,1.633041607656139e-05
IAR-C2-OC80_minus_IAR-C2,diagnostic_445_455_nm,452.0,upward_source_normalized_power_pair,0.0068877751271965056,0.006866130269035122,2.164485816138345e-05
IAR-C2-OC80_minus_IAR-C2,diagnostic_445_455_nm,453.0,upward_source_normalized_power_pair,0.006729384821704147,0.006703231013661454,2.6153808042692767e-05
IAR-C2-OC80_minus_IAR-C2,diagnostic_445_455_nm,454.0,upward_source_normalized_power_pair,0.006602215466035457,0.006572374593143967,2.984087289148972e-05
IAR-C2-OC80_minus_IAR-C2,diagnostic_445_455_nm,455.0,upward_source_normalized_power_pair,0.006606816269671472,0.006577847003238766,2.8969266432705976e-05
IAR-C2-OC80_minus_IAR-C2,diagnostic_445_455_nm,445.0,useful_LP_axisfree_pair,2.1962819469690995,2.175547161572307,0.02073478539679252
IAR-C2-OC80_minus_IAR-C2,diagnostic_445_455_nm,446.0,useful_LP_axisfree_pair,2.1901468072864887,2.1668860748046,0.023260732481888535
IAR-C2-OC80_minus_IAR-C2,diagnostic_445_455_nm,447.0,useful_LP_axisfree_pair,2.1614890570374534,2.138548970855545,0.02294008618190846
IAR-C2-OC80_minus_IAR-C2,diagnostic_445_455_nm,448.0,useful_LP_axisfree_pair,2.1125751940059674,2.0905419383474473,0.0220332556585201
IAR-C2-OC80_minus_IAR-C2,diagnostic_445_455_nm,449.0,useful_LP_axisfree_pair,2.0421047282675078,2.0219424327991735,0.020162295468334257
IAR-C2-OC80_minus_IAR-C2,diagnostic_445_455_nm,450.0,useful_LP_axisfree_pair,1.9502723797637547,1.9307222273499556,0.019550152413799093
IAR-C2-OC80_minus_IAR-C2,diagnostic_445_455_nm,451.0,useful_LP_axisfree_pair,1.8653627765806495,1.8481411477770762,0.017221628803573363
IAR-C2-OC80_minus_IAR-C2,diagnostic_445_455_nm,452.0,useful_LP_axisfree_pair,1.7875929926320266,1.7694895988903894,0.018103393741637275
IAR-C2-OC80_minus_IAR-C2,diagnostic_445_455_nm,453.0,useful_LP_axisfree_pair,1.7033170568446083,1.6821973332406062,0.02111972360400216
IAR-C2-OC80_minus_IAR-C2,diagnostic_445_455_nm,454.0,useful_LP_axisfree_pair,1.620737065922613,1.5989156895810517,0.021821376341561338
IAR-C2-OC80_minus_IAR-C2,diagnostic_445_455_nm,455.0,useful_LP_axisfree_pair,1.5974774564542993,1.5795818452481334,0.017895611206165896
IAR-C2-OC80_minus_IAR-C2,diagnostic_445_455_nm,445.0,useful_LP_over_S0_pair,0.5195273534627021,0.515111324627853,0.0044160288348490395
IAR-C2-OC80_minus_IAR-C2,diagnostic_445_455_nm,446.0,useful_LP_over_S0_pair,0.5204792091204178,0.5155127913426443,0.004966417777773513
IAR-C2-OC80_minus_IAR-C2,diagnostic_445_455_nm,447.0,useful_LP_over_S0_pair,0.5223117824866926,0.5173184043259416,0.004993378160751072
IAR-C2-OC80_minus_IAR-C2,diagnostic_445_455_nm,448.0,useful_LP_over_S0_pair,0.5268808259720292,0.522133099247443,0.004747726724586232
IAR-C2-OC80_minus_IAR-C2,diagnostic_445_455_nm,449.0,useful_LP_over_S0_pair,0.530843423765201,0.5267698723901318,0.004073551375069151
IAR-C2-OC80_minus_IAR-C2,diagnostic_445_455_nm,450.0,useful_LP_over_S0_pair,0.5315580291465463,0.5280048346593128,0.0035531944872334575
IAR-C2-OC80_minus_IAR-C2,diagnostic_445_455_nm,451.0,useful_LP_over_S0_pair,0.5333250695745198,0.5310088610758984,0.0023162084986213527
IAR-C2-OC80_minus_IAR-C2,diagnostic_445_455_nm,452.0,useful_LP_over_S0_pair,0.5344280047276592,0.5324390499859469,0.0019889547417122344
IAR-C2-OC80_minus_IAR-C2,diagnostic_445_455_nm,453.0,useful_LP_over_S0_pair,0.527269996555476,0.5246141295323223,0.0026558670231536796
IAR-C2-OC80_minus_IAR-C2,diagnostic_445_455_nm,454.0,useful_LP_over_S0_pair,0.5167440480041375,0.5137319603187657,0.003012087685371867
IAR-C2-OC80_minus_IAR-C2,diagnostic_445_455_nm,455.0,useful_LP_over_S0_pair,0.5115578461094463,0.5093697482226603,0.002188097886785978
IAR-C2-OC80_minus_IAR-C2,diagnostic_445_455_nm,445.0,normal_5deg_DoLP,0.4033282205570744,0.38487155863234623,0.018456661924728168
IAR-C2-OC80_minus_IAR-C2,diagnostic_445_455_nm,446.0,normal_5deg_DoLP,0.3313874776331376,0.2964896056769789,0.03489787195615868
IAR-C2-OC80_minus_IAR-C2,diagnostic_445_455_nm,447.0,normal_5deg_DoLP,0.272007685518208,0.2165451846912622,0.05546250082694579
IAR-C2-OC80_minus_IAR-C2,diagnostic_445_455_nm,448.0,normal_5deg_DoLP,0.24124528764781464,0.17874121911350582,0.06250406853430882
IAR-C2-OC80_minus_IAR-C2,diagnostic_445_455_nm,449.0,normal_5deg_DoLP,0.20409097540209414,0.14888491090918277,0.05520606449291138
IAR-C2-OC80_minus_IAR-C2,diagnostic_445_455_nm,450.0,normal_5deg_DoLP,0.20368996486265184,0.15657188116863333,0.047118083694018514
IAR-C2-OC80_minus_IAR-C2,diagnostic_445_455_nm,451.0,normal_5deg_DoLP,0.28915430021913324,0.25194732112421797,0.03720697909491527
IAR-C2-OC80_minus_IAR-C2,diagnostic_445_455_nm,452.0,normal_5deg_DoLP,0.45214362552946846,0.4270636439486978,0.025079981580770683
IAR-C2-OC80_minus_IAR-C2,diagnostic_445_455_nm,453.0,normal_5deg_DoLP,0.6989985647198712,0.6919995726048583,0.00699899211501287
IAR-C2-OC80_minus_IAR-C2,diagnostic_445_455_nm,454.0,normal_5deg_DoLP,0.8115475500530742,0.8151374683975362,-0.003589918344461984
IAR-C2-OC80_minus_IAR-C2,diagnostic_445_455_nm,455.0,normal_5deg_DoLP,0.8377324078936764,0.8475473843762719,-0.009814976482595439
IAR-C2-OC80_minus_IAR-C2,diagnostic_445_455_nm,445.0,normal_10deg_DoLP,0.21928723128440222,0.22385437366463234,-0.004567142380230121
IAR-C2-OC80_minus_IAR-C2,diagnostic_445_455_nm,446.0,normal_10deg_DoLP,0.2821852031049671,0.2884668322505036,-0.006281629145536538
IAR-C2-OC80_minus_IAR-C2,diagnostic_445_455_nm,447.0,normal_10deg_DoLP,0.3307108546145004,0.34009322694889815,-0.00938237233439776
IAR-C2-OC80_minus_IAR-C2,diagnostic_445_455_nm,448.0,normal_10deg_DoLP,0.36473509185509767,0.3789726465971685,-0.014237554742070835
IAR-C2-OC80_minus_IAR-C2,diagnostic_445_455_nm,449.0,normal_10deg_DoLP,0.38570359137520316,0.403835348853794,-0.01813175747859086
IAR-C2-OC80_minus_IAR-C2,diagnostic_445_455_nm,450.0,normal_10deg_DoLP,0.3795214904299401,0.3992607376447969,-0.019739247214856814
IAR-C2-OC80_minus_IAR-C2,diagnostic_445_455_nm,451.0,normal_10deg_DoLP,0.36756481238750516,0.3871344313170236,-0.019569618929518418
IAR-C2-OC80_minus_IAR-C2,diagnostic_445_455_nm,452.0,normal_10deg_DoLP,0.33766163065246896,0.3549920411401945,-0.017330410487725545
IAR-C2-OC80_minus_IAR-C2,diagnostic_445_455_nm,453.0,normal_10deg_DoLP,0.2667820437512527,0.2792724803576076,-0.012490436606354904
IAR-C2-OC80_minus_IAR-C2,diagnostic_445_455_nm,454.0,normal_10deg_DoLP,0.17014582619861596,0.17623510530529965,-0.006089279106683693
IAR-C2-OC80_minus_IAR-C2,diagnostic_445_455_nm,455.0,normal_10deg_DoLP,0.09676447833028709,0.09529269630738664,0.0014717820229004502
IAR-C2-OC80_minus_IAR-C2,diagnostic_445_455_nm,445.0,normal_20deg_DoLP,0.22862590861997856,0.2294983741856624,-0.0008724655656838498
IAR-C2-OC80_minus_IAR-C2,diagnostic_445_455_nm,446.0,normal_20deg_DoLP,0.26126806748628606,0.2648951952451668,-0.003627127758880744
IAR-C2-OC80_minus_IAR-C2,diagnostic_445_455_nm,447.0,normal_20deg_DoLP,0.2819930963804205,0.28870260969349765,-0.00670951331307712
IAR-C2-OC80_minus_IAR-C2,diagnostic_445_455_nm,448.0,normal_20deg_DoLP,0.3007145134776332,0.31007049996485647,-0.009355986487223245
IAR-C2-OC80_minus_IAR-C2,diagnostic_445_455_nm,449.0,normal_20deg_DoLP,0.3114623554397475,0.32173140655341564,-0.01026905111366816
IAR-C2-OC80_minus_IAR-C2,diagnostic_445_455_nm,450.0,normal_20deg_DoLP,0.2974723358212731,0.30773205111366647,-0.01025971529239339
IAR-C2-OC80_minus_IAR-C2,diagnostic_445_455_nm,451.0,normal_20deg_DoLP,0.28063779151954,0.2898973683459596,-0.009259576826419591
IAR-C2-OC80_minus_IAR-C2,diagnostic_445_455_nm,452.0,normal_20deg_DoLP,0.2385651992117591,0.24492579949388038,-0.006360600282121293
IAR-C2-OC80_minus_IAR-C2,diagnostic_445_455_nm,453.0,normal_20deg_DoLP,0.18369884106225937,0.18536967381518285,-0.0016708327529234845
IAR-C2-OC80_minus_IAR-C2,diagnostic_445_455_nm,454.0,normal_20deg_DoLP,0.1270414525927907,0.12436886829154019,0.0026725843012505163
IAR-C2-OC80_minus_IAR-C2,diagnostic_445_455_nm,455.0,normal_20deg_DoLP,0.08276098972211483,0.0763072443912762,0.006453745330838631
IAR-C2-OC80_minus_IAR-C2,diagnostic_400_500_nm,400.0,DoLP_pair,0.07565806802348571,0.07501099177748892,0.0006470762459967888
IAR-C2-OC80_minus_IAR-C2,diagnostic_400_500_nm,401.0,DoLP_pair,0.05913289324871769,0.05795211188092991,0.0011807813677877782
IAR-C2-OC80_minus_IAR-C2,diagnostic_400_500_nm,402.0,DoLP_pair,0.03706919359838275,0.03633031695014913,0.0007388766482336259
IAR-C2-OC80_minus_IAR-C2,diagnostic_400_500_nm,403.0,DoLP_pair,0.008158445516640928,0.005979330587625799,0.002179114929015129
IAR-C2-OC80_minus_IAR-C2,diagnostic_400_500_nm,404.0,DoLP_pair,0.013380825408075116,0.013430019635415895,-4.9194227340778815e-05
IAR-C2-OC80_minus_IAR-C2,diagnostic_400_500_nm,405.0,DoLP_pair,0.017026442964760934,0.016476983602146708,0.0005494593626142255
IAR-C2-OC80_minus_IAR-C2,diagnostic_400_500_nm,406.0,DoLP_pair,0.026845454559784696,0.02641946946522526,0.0004259850945594369
IAR-C2-OC80_minus_IAR-C2,diagnostic_400_500_nm,407.0,DoLP_pair,0.05853512273215038,0.05938189493952374,-0.0008467722073733641
IAR-C2-OC80_minus_IAR-C2,diagnostic_400_500_nm,408.0,DoLP_pair,0.08478848225472035,0.08722376612798263,-0.0024352838732622784
IAR-C2-OC80_minus_IAR-C2,diagnostic_400_500_nm,409.0,DoLP_pair,0.07752511000932323,0.08092432362562804,-0.003399213616304811
IAR-C2-OC80_minus_IAR-C2,diagnostic_400_500_nm,410.0,DoLP_pair,0.057330293235461724,0.0606387541822093,-0.0033084609467475753
IAR-C2-OC80_minus_IAR-C2,diagnostic_400_500_nm,411.0,DoLP_pair,0.03309561888172846,0.036001955204703236,-0.0029063363229747743
IAR-C2-OC80_minus_IAR-C2,diagnostic_400_500_nm,412.0,DoLP_pair,0.03493132929190278,0.03789984788058228,-0.0029685185886795043
IAR-C2-OC80_minus_IAR-C2,diagnostic_400_500_nm,413.0,DoLP_pair,0.01802843406772421,0.021168490948324094,-0.0031400568805998834
IAR-C2-OC80_minus_IAR-C2,diagnostic_400_500_nm,414.0,DoLP_pair,0.018530272314782666,0.014581957328192246,0.00394831498659042
IAR-C2-OC80_minus_IAR-C2,diagnostic_400_500_nm,415.0,DoLP_pair,0.052071269657825776,0.050439466365584384,0.001631803292241392
IAR-C2-OC80_minus_IAR-C2,diagnostic_400_500_nm,416.0,DoLP_pair,0.056031152246563694,0.05325921692345089,0.0027719353231128036
IAR-C2-OC80_minus_IAR-C2,diagnostic_400_500_nm,417.0,DoLP_pair,0.0747681112929257,0.07007814310474449,0.004689968188181209
IAR-C2-OC80_minus_IAR-C2,diagnostic_400_500_nm,418.0,DoLP_pair,0.08002578915667648,0.0740645049159193,0.005961284240757175
IAR-C2-OC80_minus_IAR-C2,diagnostic_400_500_nm,419.0,DoLP_pair,0.04991209716134591,0.040974165530477884,0.008937931630868028
IAR-C2-OC80_minus_IAR-C2,diagnostic_400_500_nm,420.0,DoLP_pair,0.023588120361001014,0.01644213730854107,0.007145983052459944
IAR-C2-OC80_minus_IAR-C2,diagnostic_400_500_nm,421.0,DoLP_pair,0.022238365833974528,0.02480810083820463,-0.0025697350042301025
IAR-C2-OC80_minus_IAR-C2,diagnostic_400_500_nm,422.0,DoLP_pair,0.02456765781590919,0.027626853457727623,-0.0030591956418184324
IAR-C2-OC80_minus_IAR-C2,diagnostic_400_500_nm,423.0,DoLP_pair,0.02174831030603229,0.022978271618620445,-0.001229961312588155
IAR-C2-OC80_minus_IAR-C2,diagnostic_400_500_nm,424.0,DoLP_pair,0.016930149249734065,0.016821668192797217,0.00010848105693684815
IAR-C2-OC80_minus_IAR-C2,diagnostic_400_500_nm,425.0,DoLP_pair,0.010962124521364856,0.008747431560415372,0.002214692960949484
IAR-C2-OC80_minus_IAR-C2,diagnostic_400_500_nm,426.0,DoLP_pair,0.00862243076900156,0.006806176938879398,0.0018162538301221623
IAR-C2-OC80_minus_IAR-C2,diagnostic_400_500_nm,427.0,DoLP_pair,0.018429345011512485,0.01532625045054529,0.0031030945609671953
IAR-C2-OC80_minus_IAR-C2,diagnostic_400_500_nm,428.0,DoLP_pair,0.019577402412438653,0.016961148000846585,0.002616254411592068
IAR-C2-OC80_minus_IAR-C2,diagnostic_400_500_nm,429.0,DoLP_pair,0.01644297351914674,0.016547547940536412,-0.0001045744213896728
IAR-C2-OC80_minus_IAR-C2,diagnostic_400_500_nm,430.0,DoLP_pair,0.01335840424694333,0.012156504192369348,0.0012019000545739813
IAR-C2-OC80_minus_IAR-C2,diagnostic_400_500_nm,431.0,DoLP_pair,0.012514337085771262,0.011957360348758536,0.0005569767370127258
IAR-C2-OC80_minus_IAR-C2,diagnostic_400_500_nm,432.0,DoLP_pair,0.026171107013424656,0.02544349724557717,0.0007276097678474876
IAR-C2-OC80_minus_IAR-C2,diagnostic_400_500_nm,433.0,DoLP_pair,0.0339575510832279,0.03287289013721588,0.00108466094601202
IAR-C2-OC80_minus_IAR-C2,diagnostic_400_500_nm,434.0,DoLP_pair,0.03622748116773177,0.03560074064875754,0.0006267405189742323
IAR-C2-OC80_minus_IAR-C2,diagnostic_400_500_nm,435.0,DoLP_pair,0.02892315160347572,0.027141013621789053,0.0017821379816866656
IAR-C2-OC80_minus_IAR-C2,diagnostic_400_500_nm,436.0,DoLP_pair,0.03859539218444471,0.038095992380904935,0.000499399803539774
IAR-C2-OC80_minus_IAR-C2,diagnostic_400_500_nm,437.0,DoLP_pair,0.04993524870405844,0.049504849222702416,0.00043039948135602246
IAR-C2-OC80_minus_IAR-C2,diagnostic_400_500_nm,438.0,DoLP_pair,0.06949155241574007,0.06986274866736417,-0.00037119625162410075
IAR-C2-OC80_minus_IAR-C2,diagnostic_400_500_nm,439.0,DoLP_pair,0.08004006614307912,0.08148671862185561,-0.0014466524787764834
IAR-C2-OC80_minus_IAR-C2,diagnostic_400_500_nm,440.0,DoLP_pair,0.07925588853175967,0.0818743406919281,-0.0026184521601684274
IAR-C2-OC80_minus_IAR-C2,diagnostic_400_500_nm,441.0,DoLP_pair,0.06820845443571073,0.0696048707816408,-0.0013964163459300738
IAR-C2-OC80_minus_IAR-C2,diagnostic_400_500_nm,442.0,DoLP_pair,0.054278887360601394,0.05282045238713695,0.0014584349734644425
IAR-C2-OC80_minus_IAR-C2,diagnostic_400_500_nm,443.0,DoLP_pair,0.0401405189856688,0.03503741833570342,0.005103100649965379
IAR-C2-OC80_minus_IAR-C2,diagnostic_400_500_nm,444.0,DoLP_pair,0.040127741159571004,0.03318592296711936,0.00694181819245164
IAR-C2-OC80_minus_IAR-C2,diagnostic_400_500_nm,445.0,DoLP_pair,0.039054706925404185,0.030222649255705978,0.008832057669698207
IAR-C2-OC80_minus_IAR-C2,diagnostic_400_500_nm,446.0,DoLP_pair,0.04095841824083555,0.031025582685288502,0.009932835555547047
IAR-C2-OC80_minus_IAR-C2,diagnostic_400_500_nm,447.0,DoLP_pair,0.0446235649733852,0.034636808651883066,0.009986756321502137
IAR-C2-OC80_minus_IAR-C2,diagnostic_400_500_nm,448.0,DoLP_pair,0.053761651944058464,0.044266198494886055,0.009495453449172409
IAR-C2-OC80_minus_IAR-C2,diagnostic_400_500_nm,449.0,DoLP_pair,0.06168684753040191,0.05353974478026378,0.008147102750138135
IAR-C2-OC80_minus_IAR-C2,diagnostic_400_500_nm,450.0,DoLP_pair,0.06311605829309251,0.05600966931862566,0.007106388974466853
IAR-C2-OC80_minus_IAR-C2,diagnostic_400_500_nm,451.0,DoLP_pair,0.06665013914903957,0.06201772215179679,0.004632416997242782
IAR-C2-OC80_minus_IAR-C2,diagnostic_400_500_nm,452.0,DoLP_pair,0.06885600945531842,0.06487809997189382,0.003977909483424594
IAR-C2-OC80_minus_IAR-C2,diagnostic_400_500_nm,453.0,DoLP_pair,0.054539993110951986,0.049228259064644606,0.00531173404630738
IAR-C2-OC80_minus_IAR-C2,diagnostic_400_500_nm,454.0,DoLP_pair,0.03348809600827498,0.02746392063753137,0.006024175370743609
IAR-C2-OC80_minus_IAR-C2,diagnostic_400_500_nm,455.0,DoLP_pair,0.023115692218892696,0.018739496445320688,0.004376195773572008
IAR-C2-OC80_minus_IAR-C2,diagnostic_400_500_nm,456.0,DoLP_pair,0.018228961935403232,0.016020527331892027,0.002208434603511205
IAR-C2-OC80_minus_IAR-C2,diagnostic_400_500_nm,457.0,DoLP_pair,0.017803705630911992,0.018912660521390345,-0.001108954890478353
IAR-C2-OC80_minus_IAR-C2,diagnostic_400_500_nm,458.0,DoLP_pair,0.022058250877317876,0.025079753631400102,-0.003021502754082226
IAR-C2-OC80_minus_IAR-C2,diagnostic_400_500_nm,459.0,DoLP_pair,0.03011859061504129,0.03402728558720608,-0.00390869497216479
IAR-C2-OC80_minus_IAR-C2,diagnostic_400_500_nm,460.0,DoLP_pair,0.027856608050274616,0.030749217090723684,-0.0028926090404490686
IAR-C2-OC80_minus_IAR-C2,diagnostic_400_500_nm,461.0,DoLP_pair,0.022310795969095857,0.022369684521653093,-5.8888552557236074e-05
IAR-C2-OC80_minus_IAR-C2,diagnostic_400_500_nm,462.0,DoLP_pair,0.02479000556672562,0.022279229319553524,0.002510776247172098
IAR-C2-OC80_minus_IAR-C2,diagnostic_400_500_nm,463.0,DoLP_pair,0.02477973139313751,0.01923020695426031,0.005549524438877202
IAR-C2-OC80_minus_IAR-C2,diagnostic_400_500_nm,464.0,DoLP_pair,0.030735004284553433,0.02487314302305043,0.005861861261503003
IAR-C2-OC80_minus_IAR-C2,diagnostic_400_500_nm,465.0,DoLP_pair,0.03269925245022883,0.027267791502953595,0.0054314609472752365
IAR-C2-OC80_minus_IAR-C2,diagnostic_400_500_nm,466.0,DoLP_pair,0.027463010136465706,0.02186206322468096,0.005600946911784747
IAR-C2-OC80_minus_IAR-C2,diagnostic_400_500_nm,467.0,DoLP_pair,0.021612449465085202,0.016631323465315852,0.00498112599976935
IAR-C2-OC80_minus_IAR-C2,diagnostic_400_500_nm,468.0,DoLP_pair,0.01684703864968657,0.015303168120252056,0.0015438705294345146
IAR-C2-OC80_minus_IAR-C2,diagnostic_400_500_nm,469.0,DoLP_pair,0.01673537944193552,0.018668768050523442,-0.0019333886085879208
IAR-C2-OC80_minus_IAR-C2,diagnostic_400_500_nm,470.0,DoLP_pair,0.019123764035504698,0.0221707363322926,-0.0030469722967879018
IAR-C2-OC80_minus_IAR-C2,diagnostic_400_500_nm,471.0,DoLP_pair,0.020069832073686483,0.023198634758953684,-0.0031288026852672006
IAR-C2-OC80_minus_IAR-C2,diagnostic_400_500_nm,472.0,DoLP_pair,0.020382968928467853,0.023195630928174425,-0.002812661999706572
IAR-C2-OC80_minus_IAR-C2,diagnostic_400_500_nm,473.0,DoLP_pair,0.026052485334814066,0.02841059188334488,-0.0023581065485308132
IAR-C2-OC80_minus_IAR-C2,diagnostic_400_500_nm,474.0,DoLP_pair,0.034878991130183834,0.037010275341455554,-0.0021312842112717195
IAR-C2-OC80_minus_IAR-C2,diagnostic_400_500_nm,475.0,DoLP_pair,0.04321340066854473,0.0453461894797707,-0.002132788811225965
IAR-C2-OC80_minus_IAR-C2,diagnostic_400_500_nm,476.0,DoLP_pair,0.05735223114297271,0.059835337414122274,-0.002483106271149567
IAR-C2-OC80_minus_IAR-C2,diagnostic_400_500_nm,477.0,DoLP_pair,0.06963939266971318,0.07262424044979338,-0.0029848477800801937
IAR-C2-OC80_minus_IAR-C2,diagnostic_400_500_nm,478.0,DoLP_pair,0.0698967265810492,0.0731407927966249,-0.0032440662155757
IAR-C2-OC80_minus_IAR-C2,diagnostic_400_500_nm,479.0,DoLP_pair,0.07453668255561931,0.0780459795159976,-0.003509296960378286
IAR-C2-OC80_minus_IAR-C2,diagnostic_400_500_nm,480.0,DoLP_pair,0.07747546501000961,0.08092439163496354,-0.003448926624953927
IAR-C2-OC80_minus_IAR-C2,diagnostic_400_500_nm,481.0,DoLP_pair,0.07580857772763572,0.07880220676382839,-0.0029936290361926715
IAR-C2-OC80_minus_IAR-C2,diagnostic_400_500_nm,482.0,DoLP_pair,0.0711156793220225,0.07329051156735387,-0.0021748322453313818
IAR-C2-OC80_minus_IAR-C2,diagnostic_400_500_nm,483.0,DoLP_pair,0.06737538489657288,0.06849114170128306,-0.001115756804710183
IAR-C2-OC80_minus_IAR-C2,diagnostic_400_500_nm,484.0,DoLP_pair,0.06643232009255838,0.06639020668828428,4.211340427409671e-05
IAR-C2-OC80_minus_IAR-C2,diagnostic_400_500_nm,485.0,DoLP_pair,0.06874907395602117,0.06768095647394395,0.0010681174820772188
IAR-C2-OC80_minus_IAR-C2,diagnostic_400_500_nm,486.0,DoLP_pair,0.07184065822946067,0.07040241991332534,0.0014382383161353346
IAR-C2-OC80_minus_IAR-C2,diagnostic_400_500_nm,487.0,DoLP_pair,0.07839420604108988,0.07675556334940548,0.0016386426916844
IAR-C2-OC80_minus_IAR-C2,diagnostic_400_500_nm,488.0,DoLP_pair,0.08054030819871554,0.07786818000215737,0.0026721281965581684
IAR-C2-OC80_minus_IAR-C2,diagnostic_400_500_nm,489.0,DoLP_pair,0.08666573429319854,0.08372609337651675,0.0029396409166817933
IAR-C2-OC80_minus_IAR-C2,diagnostic_400_500_nm,490.0,DoLP_pair,0.0862930086737633,0.08280601429586154,0.0034869943779017587
IAR-C2-OC80_minus_IAR-C2,diagnostic_400_500_nm,491.0,DoLP_pair,0.08770707851731609,0.08420784369207851,0.0034992348252375766
IAR-C2-OC80_minus_IAR-C2,diagnostic_400_500_nm,492.0,DoLP_pair,0.08563369224552439,0.08217816926556004,0.0034555229799643483
IAR-C2-OC80_minus_IAR-C2,diagnostic_400_500_nm,493.0,DoLP_pair,0.0817945005356506,0.07870534747520513,0.0030891530604454653
IAR-C2-OC80_minus_IAR-C2,diagnostic_400_500_nm,494.0,DoLP_pair,0.07590543745481168,0.07334634113132132,0.0025590963234903563
IAR-C2-OC80_minus_IAR-C2,diagnostic_400_500_nm,495.0,DoLP_pair,0.06891906570583811,0.06684798246155886,0.002071083244279251
IAR-C2-OC80_minus_IAR-C2,diagnostic_400_500_nm,496.0,DoLP_pair,0.0633508536402344,0.061713349911410434,0.0016375037288239719
IAR-C2-OC80_minus_IAR-C2,diagnostic_400_500_nm,497.0,DoLP_pair,0.05957108215823517,0.05817744308600824,0.0013936390722269348
IAR-C2-OC80_minus_IAR-C2,diagnostic_400_500_nm,498.0,DoLP_pair,0.05223008488243267,0.04943144430192776,0.002798640580504913
IAR-C2-OC80_minus_IAR-C2,diagnostic_400_500_nm,499.0,DoLP_pair,0.06454254601124157,0.06323276660302547,0.0013097794082160968
IAR-C2-OC80_minus_IAR-C2,diagnostic_400_500_nm,500.0,DoLP_pair,0.06581605706776192,0.06431073940432172,0.0015053176634401977
IAR-C2-OC80_minus_IAR-C2,diagnostic_400_500_nm,400.0,C_source,0.1503360192813594,0.14791207029005385,0.0024239489913055468
IAR-C2-OC80_minus_IAR-C2,diagnostic_400_500_nm,401.0,C_source,0.11830175824658444,0.11471623861246136,0.0035855196341230827
IAR-C2-OC80_minus_IAR-C2,diagnostic_400_500_nm,402.0,C_source,0.08747998869613147,0.08500898589851322,0.002471002797618249
IAR-C2-OC80_minus_IAR-C2,diagnostic_400_500_nm,403.0,C_source,0.022131494555883247,0.016108674945953312,0.006022819609929935
IAR-C2-OC80_minus_IAR-C2,diagnostic_400_500_nm,404.0,C_source,0.037685082703825604,0.037670882374546154,1.4200329279449864e-05
IAR-C2-OC80_minus_IAR-C2,diagnostic_400_500_nm,405.0,C_source,0.043981172272935416,0.04231827307993376,0.0016628991930016587
IAR-C2-OC80_minus_IAR-C2,diagnostic_400_500_nm,406.0,C_source,0.07055357601989093,0.06878375549113694,0.0017698205287539903
IAR-C2-OC80_minus_IAR-C2,diagnostic_400_500_nm,407.0,C_source,0.1666432942813913,0.1679704174253066,-0.0013271231439153097
IAR-C2-OC80_minus_IAR-C2,diagnostic_400_500_nm,408.0,C_source,0.2468363113646688,0.25227563644577744,-0.0054393250811086424
IAR-C2-OC80_minus_IAR-C2,diagnostic_400_500_nm,409.0,C_source,0.23019295663816297,0.23796359977998266,-0.007770643141819689
IAR-C2-OC80_minus_IAR-C2,diagnostic_400_500_nm,410.0,C_source,0.17930134227026354,0.18672856712374705,-0.007427224853483516
IAR-C2-OC80_minus_IAR-C2,diagnostic_400_500_nm,411.0,C_source,0.10711113639744135,0.1148186527538554,-0.007707516356414049
IAR-C2-OC80_minus_IAR-C2,diagnostic_400_500_nm,412.0,C_source,0.11445935822628413,0.12265071634665854,-0.008191358120374415
IAR-C2-OC80_minus_IAR-C2,diagnostic_400_500_nm,413.0,C_source,0.05396734783031215,0.06296552597685674,-0.008998178146544591
IAR-C2-OC80_minus_IAR-C2,diagnostic_400_500_nm,414.0,C_source,0.05204841933895205,0.04081872261177029,0.011229696727181764
IAR-C2-OC80_minus_IAR-C2,diagnostic_400_500_nm,415.0,C_source,0.13963165029143595,0.13514775406933702,0.004483896222098938
IAR-C2-OC80_minus_IAR-C2,diagnostic_400_500_nm,416.0,C_source,0.1467801158647105,0.1396586314280411,0.007121484436669379
IAR-C2-OC80_minus_IAR-C2,diagnostic_400_500_nm,417.0,C_source,0.18801337272454663,0.17602581403780615,0.01198755868674048
IAR-C2-OC80_minus_IAR-C2,diagnostic_400_500_nm,418.0,C_source,0.2033455429123837,0.1875830498401164,0.015762493072267292
IAR-C2-OC80_minus_IAR-C2,diagnostic_400_500_nm,419.0,C_source,0.12670336462963266,0.10356411068325075,0.023139253946381916
IAR-C2-OC80_minus_IAR-C2,diagnostic_400_500_nm,420.0,C_source,0.058930886414354795,0.04072853139945455,0.018202355014900244
IAR-C2-OC80_minus_IAR-C2,diagnostic_400_500_nm,421.0,C_source,0.054135343338488046,0.059688111340137566,-0.00555276800164952
IAR-C2-OC80_minus_IAR-C2,diagnostic_400_500_nm,422.0,C_source,0.059714964503057445,0.0664496400383648,-0.0067346755353073565
IAR-C2-OC80_minus_IAR-C2,diagnostic_400_500_nm,423.0,C_source,0.05339583073412562,0.05579098955240417,-0.0023951588182785505
IAR-C2-OC80_minus_IAR-C2,diagnostic_400_500_nm,424.0,C_source,0.04007396156655415,0.03926017679781225,0.0008137847687419014
IAR-C2-OC80_minus_IAR-C2,diagnostic_400_500_nm,425.0,C_source,0.025193558881120542,0.01976696713634392,0.005426591744776624
IAR-C2-OC80_minus_IAR-C2,diagnostic_400_500_nm,426.0,C_source,0.020667853373415083,0.01600853456817097,0.0046593188052441135
IAR-C2-OC80_minus_IAR-C2,diagnostic_400_500_nm,427.0,C_source,0.04816549661669007,0.03925604324718509,0.00890945336950498
IAR-C2-OC80_minus_IAR-C2,diagnostic_400_500_nm,428.0,C_source,0.05406510712669937,0.046110346077485605,0.007954761049213763
IAR-C2-OC80_minus_IAR-C2,diagnostic_400_500_nm,429.0,C_source,0.043568896394540924,0.04362452038012329,-5.562398558236342e-05
IAR-C2-OC80_minus_IAR-C2,diagnostic_400_500_nm,430.0,C_source,0.03317484101108242,0.030172597985001035,0.0030022430260813887
IAR-C2-OC80_minus_IAR-C2,diagnostic_400_500_nm,431.0,C_source,0.02873084387024719,0.027369030512758467,0.0013618133574887226
IAR-C2-OC80_minus_IAR-C2,diagnostic_400_500_nm,432.0,C_source,0.055617360811200646,0.05377304843618506,0.0018443123750155888
IAR-C2-OC80_minus_IAR-C2,diagnostic_400_500_nm,433.0,C_source,0.07104819877520589,0.06816919044518492,0.0028790083300209712
IAR-C2-OC80_minus_IAR-C2,diagnostic_400_500_nm,434.0,C_source,0.07819640323667161,0.07584053220163839,0.002355871035033222
IAR-C2-OC80_minus_IAR-C2,diagnostic_400_500_nm,435.0,C_source,0.0668412477253491,0.06174692127048637,0.005094326454862734
IAR-C2-OC80_minus_IAR-C2,diagnostic_400_500_nm,436.0,C_source,0.09181844478304774,0.08909865201781081,0.002719792765236928
IAR-C2-OC80_minus_IAR-C2,diagnostic_400_500_nm,437.0,C_source,0.11842370579697889,0.11510715825840306,0.003316547538575826
IAR-C2-OC80_minus_IAR-C2,diagnostic_400_500_nm,438.0,C_source,0.16845593532316838,0.16595161178844559,0.0025043235347227966
IAR-C2-OC80_minus_IAR-C2,diagnostic_400_500_nm,439.0,C_source,0.19459491644457436,0.19453598998067193,5.892646390243117e-05
IAR-C2-OC80_minus_IAR-C2,diagnostic_400_500_nm,440.0,C_source,0.19824208630958187,0.20106776215384098,-0.002825675844259107
IAR-C2-OC80_minus_IAR-C2,diagnostic_400_500_nm,441.0,C_source,0.17206668688777835,0.17267639382714467,-0.0006097069393663224
IAR-C2-OC80_minus_IAR-C2,diagnostic_400_500_nm,442.0,C_source,0.13435190405025674,0.12879599579621925,0.005555908254037484
IAR-C2-OC80_minus_IAR-C2,diagnostic_400_500_nm,443.0,C_source,0.09647481275861722,0.08295574835630286,0.01351906440231436
IAR-C2-OC80_minus_IAR-C2,diagnostic_400_500_nm,444.0,C_source,0.09350122841124563,0.07622002982201592,0.017281198589229704
IAR-C2-OC80_minus_IAR-C2,diagnostic_400_500_nm,445.0,C_source,0.0896688817547337,0.06819286100262952,0.021476020752104183
IAR-C2-OC80_minus_IAR-C2,diagnostic_400_500_nm,446.0,C_source,0.09402225153852252,0.06969319012797585,0.024329061410546665
IAR-C2-OC80_minus_IAR-C2,diagnostic_400_500_nm,447.0,C_source,0.10397930659323017,0.07860826961472034,0.02537103697850983
IAR-C2-OC80_minus_IAR-C2,diagnostic_400_500_nm,448.0,C_source,0.12754768565075447,0.10174720868086196,0.025800476969892516
IAR-C2-OC80_minus_IAR-C2,diagnostic_400_500_nm,449.0,C_source,0.15066259072851015,0.12631779583806604,0.02434479489044411
IAR-C2-OC80_minus_IAR-C2,diagnostic_400_500_nm,450.0,C_source,0.15779717827861017,0.1351456237312985,0.022651554547311686
IAR-C2-OC80_minus_IAR-C2,diagnostic_400_500_nm,451.0,C_source,0.17204346081328892,0.1546148569008084,0.017428603912480523
IAR-C2-OC80_minus_IAR-C2,diagnostic_400_500_nm,452.0,C_source,0.1842292140648778,0.16802282876362098,0.016206385301256815
IAR-C2-OC80_minus_IAR-C2,diagnostic_400_500_nm,453.0,C_source,0.15116219257377927,0.1321778135529782,0.01898437902080108
IAR-C2-OC80_minus_IAR-C2,diagnostic_400_500_nm,454.0,C_source,0.096208011510536,0.07654506497346945,0.019662946537066545
IAR-C2-OC80_minus_IAR-C2,diagnostic_400_500_nm,455.0,C_source,0.06854331965723126,0.05406579043825358,0.01447752921897768
IAR-C2-OC80_minus_IAR-C2,diagnostic_400_500_nm,456.0,C_source,0.056000671249261905,0.04800608240905347,0.007994588840208434
IAR-C2-OC80_minus_IAR-C2,diagnostic_400_500_nm,457.0,C_source,0.05506815407338604,0.05695161569922601,-0.0018834616258399661
IAR-C2-OC80_minus_IAR-C2,diagnostic_400_500_nm,458.0,C_source,0.06884956271896696,0.07605775736044403,-0.007208194641477067
IAR-C2-OC80_minus_IAR-C2,diagnostic_400_500_nm,459.0,C_source,0.09334181023529048,0.10247346318540866,-0.009131652950118183
IAR-C2-OC80_minus_IAR-C2,diagnostic_400_500_nm,460.0,C_source,0.08379613695619656,0.09013172422090239,-0.00633558726470583
IAR-C2-OC80_minus_IAR-C2,diagnostic_400_500_nm,461.0,C_source,0.06617291335432073,0.0648327555845971,0.0013401577697236267
IAR-C2-OC80_minus_IAR-C2,diagnostic_400_500_nm,462.0,C_source,0.0734358514824328,0.06465776496271448,0.008778086519718314
IAR-C2-OC80_minus_IAR-C2,diagnostic_400_500_nm,463.0,C_source,0.07306227617095014,0.05569086428147205,0.01737141188947809
IAR-C2-OC80_minus_IAR-C2,diagnostic_400_500_nm,464.0,C_source,0.08896948793296143,0.07091488730236548,0.018054600630595954
IAR-C2-OC80_minus_IAR-C2,diagnostic_400_500_nm,465.0,C_source,0.09422718027556795,0.07750472270546256,0.01672245757010539
IAR-C2-OC80_minus_IAR-C2,diagnostic_400_500_nm,466.0,C_source,0.07853068464866049,0.061704059444808536,0.016826625203851954
IAR-C2-OC80_minus_IAR-C2,diagnostic_400_500_nm,467.0,C_source,0.06063101447956313,0.046095173599636045,0.014535840879927084
IAR-C2-OC80_minus_IAR-C2,diagnostic_400_500_nm,468.0,C_source,0.0469022374088724,0.04211504252133621,0.004787194887536192
IAR-C2-OC80_minus_IAR-C2,diagnostic_400_500_nm,469.0,C_source,0.0461378011470714,0.05090601921279792,-0.004768218065726519
IAR-C2-OC80_minus_IAR-C2,diagnostic_400_500_nm,470.0,C_source,0.051830639298527555,0.059468807827424024,-0.007638168528896469
IAR-C2-OC80_minus_IAR-C2,diagnostic_400_500_nm,471.0,C_source,0.053951180681188905,0.06177762441997027,-0.007826443738781365
IAR-C2-OC80_minus_IAR-C2,diagnostic_400_500_nm,472.0,C_source,0.05642764077576698,0.06369786759363419,-0.007270226817867209
IAR-C2-OC80_minus_IAR-C2,diagnostic_400_500_nm,473.0,C_source,0.07728003618348404,0.08368151892926025,-0.006401482745776205
IAR-C2-OC80_minus_IAR-C2,diagnostic_400_500_nm,474.0,C_source,0.11409100843247155,0.12024747972787114,-0.00615647129539959
IAR-C2-OC80_minus_IAR-C2,diagnostic_400_500_nm,475.0,C_source,0.15217340688927833,0.15862649025227138,-0.006453083362993051
IAR-C2-OC80_minus_IAR-C2,diagnostic_400_500_nm,476.0,C_source,0.2093465017711138,0.21701285899083037,-0.007666357219716563
IAR-C2-OC80_minus_IAR-C2,diagnostic_400_500_nm,477.0,C_source,0.26648730156689593,0.2763984894037492,-0.009911187836853297
IAR-C2-OC80_minus_IAR-C2,diagnostic_400_500_nm,478.0,C_source,0.26614888571626744,0.27706973390001866,-0.01092084818375122
IAR-C2-OC80_minus_IAR-C2,diagnostic_400_500_nm,479.0,C_source,0.2793607760288988,0.29129416405328284,-0.01193338802438404
IAR-C2-OC80_minus_IAR-C2,diagnostic_400_500_nm,480.0,C_source,0.28599491655855463,0.2977688901715995,-0.011773973613044886
IAR-C2-OC80_minus_IAR-C2,diagnostic_400_500_nm,481.0,C_source,0.27962532554929426,0.28982086287586356,-0.010195537326569304
IAR-C2-OC80_minus_IAR-C2,diagnostic_400_500_nm,482.0,C_source,0.26541959571566387,0.27265257000871207,-0.0072329742930482
IAR-C2-OC80_minus_IAR-C2,diagnostic_400_500_nm,483.0,C_source,0.25524030299937844,0.25846933439194847,-0.0032290313925700254
IAR-C2-OC80_minus_IAR-C2,diagnostic_400_500_nm,484.0,C_source,0.2547772042960664,0.2535514345897538,0.0012257697063125517
IAR-C2-OC80_minus_IAR-C2,diagnostic_400_500_nm,485.0,C_source,0.2694314144625144,0.26452171466330704,0.0049096997992073566
IAR-C2-OC80_minus_IAR-C2,diagnostic_400_500_nm,486.0,C_source,0.2756874926515429,0.26969617431692733,0.005991318334615581
IAR-C2-OC80_minus_IAR-C2,diagnostic_400_500_nm,487.0,C_source,0.28846632374729525,0.28172325094096046,0.006743072806334793
IAR-C2-OC80_minus_IAR-C2,diagnostic_400_500_nm,488.0,C_source,0.30319708477939544,0.2926803218233704,0.01051676295602505
IAR-C2-OC80_minus_IAR-C2,diagnostic_400_500_nm,489.0,C_source,0.3190135637704834,0.3071218121522636,0.011891751618219815
IAR-C2-OC80_minus_IAR-C2,diagnostic_400_500_nm,490.0,C_source,0.3156202764018986,0.30134087184086167,0.014279404561036935
IAR-C2-OC80_minus_IAR-C2,diagnostic_400_500_nm,491.0,C_source,0.32662881857053605,0.31167781246324877,0.014951006107287279
IAR-C2-OC80_minus_IAR-C2,diagnostic_400_500_nm,492.0,C_source,0.3156460573938425,0.3004666449526392,0.0151794124412033
IAR-C2-OC80_minus_IAR-C2,diagnostic_400_500_nm,493.0,C_source,0.2974395101485103,0.28320647306469254,0.014233037083817734
IAR-C2-OC80_minus_IAR-C2,diagnostic_400_500_nm,494.0,C_source,0.2738913685589459,0.26126813275964494,0.01262323579930097
IAR-C2-OC80_minus_IAR-C2,diagnostic_400_500_nm,495.0,C_source,0.2493786162188398,0.23828416143995523,0.011094454778884572
IAR-C2-OC80_minus_IAR-C2,diagnostic_400_500_nm,496.0,C_source,0.2319033390235952,0.2220627223950886,0.009840616628506604
IAR-C2-OC80_minus_IAR-C2,diagnostic_400_500_nm,497.0,C_source,0.21849545210824323,0.20905246465278782,0.00944298745545541
IAR-C2-OC80_minus_IAR-C2,diagnostic_400_500_nm,498.0,C_source,0.1939972184257217,0.17921016275951834,0.014787055666203364
IAR-C2-OC80_minus_IAR-C2,diagnostic_400_500_nm,499.0,C_source,0.2452163399902962,0.23292847684086865,0.012287863149427564
IAR-C2-OC80_minus_IAR-C2,diagnostic_400_500_nm,500.0,C_source,0.24858870851626913,0.2345417662764111,0.014046942239858029
IAR-C2-OC80_minus_IAR-C2,diagnostic_400_500_nm,400.0,C_angular,0.18052119185071028,0.18248245364984875,-0.0019612617991384695
IAR-C2-OC80_minus_IAR-C2,diagnostic_400_500_nm,401.0,C_angular,0.13955789534475302,0.1400561163049753,-0.0004982209602222842
IAR-C2-OC80_minus_IAR-C2,diagnostic_400_500_nm,402.0,C_angular,0.10769458968241967,0.10837787507514338,-0.0006832853927237065
IAR-C2-OC80_minus_IAR-C2,diagnostic_400_500_nm,403.0,C_angular,0.0557166615655789,0.05344905793098043,0.002267603634598464
IAR-C2-OC80_minus_IAR-C2,diagnostic_400_500_nm,404.0,C_angular,0.02450133603967486,0.0216189299908484,0.002882406048826461
IAR-C2-OC80_minus_IAR-C2,diagnostic_400_500_nm,405.0,C_angular,0.013857344932364834,0.011862019227989417,0.0019953257043754166
IAR-C2-OC80_minus_IAR-C2,diagnostic_400_500_nm,406.0,C_angular,0.024333707720723543,0.023482243379763682,0.0008514643409598607
IAR-C2-OC80_minus_IAR-C2,diagnostic_400_500_nm,407.0,C_angular,0.08085742606899664,0.08442860171279506,-0.003571175643798427
IAR-C2-OC80_minus_IAR-C2,diagnostic_400_500_nm,408.0,C_angular,0.12139612318746716,0.12722467090551004,-0.0058285477180428785
IAR-C2-OC80_minus_IAR-C2,diagnostic_400_500_nm,409.0,C_angular,0.10706706366244398,0.1124031400419589,-0.005336076379514915
IAR-C2-OC80_minus_IAR-C2,diagnostic_400_500_nm,410.0,C_angular,0.08396738444479705,0.08876778646517852,-0.00480040202038147
IAR-C2-OC80_minus_IAR-C2,diagnostic_400_500_nm,411.0,C_angular,0.06142174104955437,0.06579916225388412,-0.004377421204329747
IAR-C2-OC80_minus_IAR-C2,diagnostic_400_500_nm,412.0,C_angular,0.07430066988279915,0.07773979325645425,-0.0034391233736550952
IAR-C2-OC80_minus_IAR-C2,diagnostic_400_500_nm,413.0,C_angular,0.052162048323877164,0.0556543655174599,-0.003492317193582735
IAR-C2-OC80_minus_IAR-C2,diagnostic_400_500_nm,414.0,C_angular,0.007737862889189576,0.010734512151392183,-0.0029966492622026074
IAR-C2-OC80_minus_IAR-C2,diagnostic_400_500_nm,415.0,C_angular,0.039218468780250676,0.03244709874130793,0.006771370038942744
IAR-C2-OC80_minus_IAR-C2,diagnostic_400_500_nm,416.0,C_angular,0.04848094920009632,0.039123176134015475,0.009357773066080842
IAR-C2-OC80_minus_IAR-C2,diagnostic_400_500_nm,417.0,C_angular,0.07803859458684956,0.06742557128916034,0.01061302329768922
IAR-C2-OC80_minus_IAR-C2,diagnostic_400_500_nm,418.0,C_angular,0.08662850968066313,0.0811720038426256,0.005456505838037529
IAR-C2-OC80_minus_IAR-C2,diagnostic_400_500_nm,419.0,C_angular,0.05673099216806325,0.053866520382934095,0.0028644717851291565
IAR-C2-OC80_minus_IAR-C2,diagnostic_400_500_nm,420.0,C_angular,0.03410032910836096,0.030600715090351772,0.003499614018009186
IAR-C2-OC80_minus_IAR-C2,diagnostic_400_500_nm,421.0,C_angular,0.019924376861118004,0.014950415769026235,0.004973961092091769
IAR-C2-OC80_minus_IAR-C2,diagnostic_400_500_nm,422.0,C_angular,0.021970613172080836,0.01650606912253918,0.005464544049541657
IAR-C2-OC80_minus_IAR-C2,diagnostic_400_500_nm,423.0,C_angular,0.026752311381496943,0.021022810618556063,0.005729500762940879
IAR-C2-OC80_minus_IAR-C2,diagnostic_400_500_nm,424.0,C_angular,0.03366816176168357,0.028737540939148185,0.004930620822535387
IAR-C2-OC80_minus_IAR-C2,diagnostic_400_500_nm,425.0,C_angular,0.05470035729650572,0.05203328849011694,0.0026670688063887837
IAR-C2-OC80_minus_IAR-C2,diagnostic_400_500_nm,426.0,C_angular,0.0640940925880699,0.06526219557225715,-0.0011681029841872498
IAR-C2-OC80_minus_IAR-C2,diagnostic_400_500_nm,427.0,C_angular,0.06268348303797223,0.06565498454151908,-0.0029715015035468445
IAR-C2-OC80_minus_IAR-C2,diagnostic_400_500_nm,428.0,C_angular,0.06847451982726578,0.07240172452876818,-0.003927204701502401
IAR-C2-OC80_minus_IAR-C2,diagnostic_400_500_nm,429.0,C_angular,0.0707468569146765,0.07287186541541234,-0.0021250085007358394
IAR-C2-OC80_minus_IAR-C2,diagnostic_400_500_nm,430.0,C_angular,0.07847873922257526,0.0791585904126669,-0.000679851190091646
IAR-C2-OC80_minus_IAR-C2,diagnostic_400_500_nm,431.0,C_angular,0.06415212719378065,0.06524782768596685,-0.0010957004921861996
IAR-C2-OC80_minus_IAR-C2,diagnostic_400_500_nm,432.0,C_angular,0.02475283947829365,0.027350203271875224,-0.002597363793581574
IAR-C2-OC80_minus_IAR-C2,diagnostic_400_500_nm,433.0,C_angular,0.0023562216101857304,0.004190225097071263,-0.0018340034868855326
IAR-C2-OC80_minus_IAR-C2,diagnostic_400_500_nm,434.0,C_angular,0.010515577324640127,0.007909663562057755,0.002605913762582372
IAR-C2-OC80_minus_IAR-C2,diagnostic_400_500_nm,435.0,C_angular,0.026223070362067204,0.023761163687312643,0.002461906674754561
IAR-C2-OC80_minus_IAR-C2,diagnostic_400_500_nm,436.0,C_angular,0.01249691188949661,0.008017949733570414,0.004478962155926195
IAR-C2-OC80_minus_IAR-C2,diagnostic_400_500_nm,437.0,C_angular,0.0359091023757474,0.03454627621107503,0.0013628261646723636
IAR-C2-OC80_minus_IAR-C2,diagnostic_400_500_nm,438.0,C_angular,0.07750574487564788,0.07743045991115546,7.52849644924114e-05
IAR-C2-OC80_minus_IAR-C2,diagnostic_400_500_nm,439.0,C_angular,0.09957953895675596,0.10091649404774006,-0.001336955090984096
IAR-C2-OC80_minus_IAR-C2,diagnostic_400_500_nm,440.0,C_angular,0.0998678135782756,0.10358096870826276,-0.0037131551299871696
IAR-C2-OC80_minus_IAR-C2,diagnostic_400_500_nm,441.0,C_angular,0.08238709659247534,0.0852663193859806,-0.0028792227935052622
IAR-C2-OC80_minus_IAR-C2,diagnostic_400_500_nm,442.0,C_angular,0.06768693671862014,0.06723663148332577,0.0004503052352943654
IAR-C2-OC80_minus_IAR-C2,diagnostic_400_500_nm,443.0,C_angular,0.05388433353808031,0.049132033345728285,0.004752300192352024
IAR-C2-OC80_minus_IAR-C2,diagnostic_400_500_nm,444.0,C_angular,0.05175915662585719,0.043962401746066804,0.007796754879790389
IAR-C2-OC80_minus_IAR-C2,diagnostic_400_500_nm,445.0,C_angular,0.04690238791132256,0.03657373303381429,0.010328654877508274
IAR-C2-OC80_minus_IAR-C2,diagnostic_400_500_nm,446.0,C_angular,0.05071873124560078,0.04097297009213219,0.00974576115346859
IAR-C2-OC80_minus_IAR-C2,diagnostic_400_500_nm,447.0,C_angular,0.06984848264433734,0.06420746276643088,0.005641019877906453
IAR-C2-OC80_minus_IAR-C2,diagnostic_400_500_nm,448.0,C_angular,0.08795302359095332,0.08602809615184091,0.001924927439112406
IAR-C2-OC80_minus_IAR-C2,diagnostic_400_500_nm,449.0,C_angular,0.10631624719098727,0.10699884899649148,-0.0006826018055042099
IAR-C2-OC80_minus_IAR-C2,diagnostic_400_500_nm,450.0,C_angular,0.11063189965254655,0.11234041616696946,-0.0017085165144229142
IAR-C2-OC80_minus_IAR-C2,diagnostic_400_500_nm,451.0,C_angular,0.10641428752370886,0.10901978169247359,-0.0026054941687647243
IAR-C2-OC80_minus_IAR-C2,diagnostic_400_500_nm,452.0,C_angular,0.09127452279968393,0.09265755107816386,-0.001383028278479928
IAR-C2-OC80_minus_IAR-C2,diagnostic_400_500_nm,453.0,C_angular,0.05602174160191209,0.054998724718792254,0.0010230168831198358
IAR-C2-OC80_minus_IAR-C2,diagnostic_400_500_nm,454.0,C_angular,0.016213160191408584,0.013626902034483513,0.002586258156925071
IAR-C2-OC80_minus_IAR-C2,diagnostic_400_500_nm,455.0,C_angular,0.03053255772211445,0.03275447683949357,-0.0022219191173791196
IAR-C2-OC80_minus_IAR-C2,diagnostic_400_500_nm,456.0,C_angular,0.04975161694076279,0.053009602926276,-0.0032579859855132107
IAR-C2-OC80_minus_IAR-C2,diagnostic_400_500_nm,457.0,C_angular,0.0645511188771281,0.06965074961851693,-0.005099630741388833
IAR-C2-OC80_minus_IAR-C2,diagnostic_400_500_nm,458.0,C_angular,0.07834692944579034,0.08517124928674018,-0.006824319840949833
IAR-C2-OC80_minus_IAR-C2,diagnostic_400_500_nm,459.0,C_angular,0.08827510413605202,0.09557470099190854,-0.007299596855856516
IAR-C2-OC80_minus_IAR-C2,diagnostic_400_500_nm,460.0,C_angular,0.07510163756856046,0.08151508770135582,-0.006413450132795359
IAR-C2-OC80_minus_IAR-C2,diagnostic_400_500_nm,461.0,C_angular,0.058628545692939606,0.06341442905781272,-0.0047858833648731156
IAR-C2-OC80_minus_IAR-C2,diagnostic_400_500_nm,462.0,C_angular,0.06237664999106495,0.06552554598870938,-0.003148895997644431
IAR-C2-OC80_minus_IAR-C2,diagnostic_400_500_nm,463.0,C_angular,0.050575263921936446,0.05086250501844083,-0.00028724109650438145
IAR-C2-OC80_minus_IAR-C2,diagnostic_400_500_nm,464.0,C_angular,0.03885511085272356,0.034218156617693306,0.004636954235030251
IAR-C2-OC80_minus_IAR-C2,diagnostic_400_500_nm,465.0,C_angular,0.03777605676351651,0.030649691559779736,0.007126365203736773
IAR-C2-OC80_minus_IAR-C2,diagnostic_400_500_nm,466.0,C_angular,0.038505647256850434,0.032445934321050675,0.006059712935799759
IAR-C2-OC80_minus_IAR-C2,diagnostic_400_500_nm,467.0,C_angular,0.043526143212541495,0.04043153852294984,0.0030946046895916554
IAR-C2-OC80_minus_IAR-C2,diagnostic_400_500_nm,468.0,C_angular,0.04772654029002159,0.04806662350412684,-0.00034008321410525233
IAR-C2-OC80_minus_IAR-C2,diagnostic_400_500_nm,469.0,C_angular,0.049425321501314186,0.05188972671167919,-0.002464405210365006
IAR-C2-OC80_minus_IAR-C2,diagnostic_400_500_nm,470.0,C_angular,0.04769888032429773,0.051173100206384284,-0.003474219882086557
IAR-C2-OC80_minus_IAR-C2,diagnostic_400_500_nm,471.0,C_angular,0.04229302795309419,0.04599599042203676,-0.0037029624689425694
IAR-C2-OC80_minus_IAR-C2,diagnostic_400_500_nm,472.0,C_angular,0.03481827368663709,0.038189365827206605,-0.0033710921405695135
IAR-C2-OC80_minus_IAR-C2,diagnostic_400_500_nm,473.0,C_angular,0.034028532577645786,0.03690587278040964,-0.0028773402027638534
IAR-C2-OC80_minus_IAR-C2,diagnostic_400_500_nm,474.0,C_angular,0.03869671600195725,0.041273912502808575,-0.0025771965008513226
IAR-C2-OC80_minus_IAR-C2,diagnostic_400_500_nm,475.0,C_angular,0.05371886411025003,0.05634306040685887,-0.002624196296608844
IAR-C2-OC80_minus_IAR-C2,diagnostic_400_500_nm,476.0,C_angular,0.08254778786581166,0.08585343946782686,-0.0033056516020152082
IAR-C2-OC80_minus_IAR-C2,diagnostic_400_500_nm,477.0,C_angular,0.1083245569391072,0.11235927828210288,-0.0040347213429956785
IAR-C2-OC80_minus_IAR-C2,diagnostic_400_500_nm,478.0,C_angular,0.11537678527592321,0.11996820745852872,-0.004591422182605512
IAR-C2-OC80_minus_IAR-C2,diagnostic_400_500_nm,479.0,C_angular,0.12721362350758864,0.13242388269343158,-0.005210259185842947
IAR-C2-OC80_minus_IAR-C2,diagnostic_400_500_nm,480.0,C_angular,0.13452254013394313,0.13996496634848418,-0.005442426214541052
IAR-C2-OC80_minus_IAR-C2,diagnostic_400_500_nm,481.0,C_angular,0.13226081655160196,0.13746034725756714,-0.005199530705965183
IAR-C2-OC80_minus_IAR-C2,diagnostic_400_500_nm,482.0,C_angular,0.12408101714131378,0.12856660002310977,-0.004485582881795985
IAR-C2-OC80_minus_IAR-C2,diagnostic_400_500_nm,483.0,C_angular,0.11659030009169095,0.12002247454782523,-0.0034321744561342793
IAR-C2-OC80_minus_IAR-C2,diagnostic_400_500_nm,484.0,C_angular,0.1125708073838243,0.11474983263575546,-0.0021790252519311576
IAR-C2-OC80_minus_IAR-C2,diagnostic_400_500_nm,485.0,C_angular,0.11744791768821333,0.11878223546003895,-0.0013343177718256188
IAR-C2-OC80_minus_IAR-C2,diagnostic_400_500_nm,486.0,C_angular,0.12200906064337896,0.12325893520155078,-0.0012498745581718124
IAR-C2-OC80_minus_IAR-C2,diagnostic_400_500_nm,487.0,C_angular,0.1337933575490856,0.13497288656452097,-0.00117952901543536
IAR-C2-OC80_minus_IAR-C2,diagnostic_400_500_nm,488.0,C_angular,0.14015542715919332,0.14097856399621092,-0.0008231368370175962
IAR-C2-OC80_minus_IAR-C2,diagnostic_400_500_nm,489.0,C_angular,0.15518787878355472,0.15646247991196643,-0.001274601128411712
IAR-C2-OC80_minus_IAR-C2,diagnostic_400_500_nm,490.0,C_angular,0.15954231656651519,0.16141995774565504,-0.001877641179139855
IAR-C2-OC80_minus_IAR-C2,diagnostic_400_500_nm,491.0,C_angular,0.1658918577473006,0.1682633218348048,-0.002371464087504216
IAR-C2-OC80_minus_IAR-C2,diagnostic_400_500_nm,492.0,C_angular,0.1651662058570704,0.16806102605807444,-0.002894820201004039
IAR-C2-OC80_minus_IAR-C2,diagnostic_400_500_nm,493.0,C_angular,0.16093509441662845,0.16445322025786893,-0.003518125841240477
IAR-C2-OC80_minus_IAR-C2,diagnostic_400_500_nm,494.0,C_angular,0.1524097684123762,0.15632939090507167,-0.003919622492695479
IAR-C2-OC80_minus_IAR-C2,diagnostic_400_500_nm,495.0,C_angular,0.14188789994603296,0.14606936643842877,-0.004181466492395813
IAR-C2-OC80_minus_IAR-C2,diagnostic_400_500_nm,496.0,C_angular,0.13403510588343787,0.13881799037683049,-0.0047828844933926196
IAR-C2-OC80_minus_IAR-C2,diagnostic_400_500_nm,497.0,C_angular,0.12899558258615368,0.134565185045264,-0.005569602459110312
IAR-C2-OC80_minus_IAR-C2,diagnostic_400_500_nm,498.0,C_angular,0.10927170677688686,0.11376572204958053,-0.004494015272693677
IAR-C2-OC80_minus_IAR-C2,diagnostic_400_500_nm,499.0,C_angular,0.13426462816859358,0.1407397501368271,-0.0064751219682335215
IAR-C2-OC80_minus_IAR-C2,diagnostic_400_500_nm,500.0,C_angular,0.1448413416445899,0.1522769893674379,-0.007435647722847993
IAR-C2-OC80_minus_IAR-C2,diagnostic_400_500_nm,400.0,full_angle_pair_DoLP,0.10349191799290179,0.10430069554582949,-0.0008087775529277003
IAR-C2-OC80_minus_IAR-C2,diagnostic_400_500_nm,401.0,full_angle_pair_DoLP,0.07975599744772903,0.07968326849551721,7.272895221181741e-05
IAR-C2-OC80_minus_IAR-C2,diagnostic_400_500_nm,402.0,full_angle_pair_DoLP,0.06153271946264286,0.0616645214423523,-0.0001318019797094394
IAR-C2-OC80_minus_IAR-C2,diagnostic_400_500_nm,403.0,full_angle_pair_DoLP,0.030967395403671237,0.029567786379851514,0.0013996090238197235
IAR-C2-OC80_minus_IAR-C2,diagnostic_400_500_nm,404.0,full_angle_pair_DoLP,0.013370947308350147,0.011767785198470618,0.001603162109879529
IAR-C2-OC80_minus_IAR-C2,diagnostic_400_500_nm,405.0,full_angle_pair_DoLP,0.0076432139908816175,0.006521764358898538,0.0011214496319830796
IAR-C2-OC80_minus_IAR-C2,diagnostic_400_500_nm,406.0,full_angle_pair_DoLP,0.01383114359329878,0.013317317261963134,0.0005138263313356466
IAR-C2-OC80_minus_IAR-C2,diagnostic_400_500_nm,407.0,full_angle_pair_DoLP,0.04670420703408207,0.0487996936879109,-0.002095486653828832
IAR-C2-OC80_minus_IAR-C2,diagnostic_400_500_nm,408.0,full_angle_pair_DoLP,0.0714309733558144,0.07487378331458926,-0.003442809958774856
IAR-C2-OC80_minus_IAR-C2,diagnostic_400_500_nm,409.0,full_angle_pair_DoLP,0.06465845921736207,0.0678907049721525,-0.0032322457547904193
IAR-C2-OC80_minus_IAR-C2,diagnostic_400_500_nm,410.0,full_angle_pair_DoLP,0.05143795081385977,0.05441653075335278,-0.002978579939493013
IAR-C2-OC80_minus_IAR-C2,diagnostic_400_500_nm,411.0,full_angle_pair_DoLP,0.03794197048665923,0.040681910727424976,-0.002739940240765744
IAR-C2-OC80_minus_IAR-C2,diagnostic_400_500_nm,412.0,full_angle_pair_DoLP,0.04506291495616886,0.04717547327756517,-0.002112558321396306
IAR-C2-OC80_minus_IAR-C2,diagnostic_400_500_nm,413.0,full_angle_pair_DoLP,0.03103946023786601,0.033135692452515894,-0.0020962322146498846
IAR-C2-OC80_minus_IAR-C2,diagnostic_400_500_nm,414.0,full_angle_pair_DoLP,0.004543183969358321,0.0063169606025179435,-0.0017737766331596223
IAR-C2-OC80_minus_IAR-C2,diagnostic_400_500_nm,415.0,full_angle_pair_DoLP,0.02278375744695449,0.01892613258789817,0.0038576248590563196
IAR-C2-OC80_minus_IAR-C2,diagnostic_400_500_nm,416.0,full_angle_pair_DoLP,0.028104929382947768,0.02268410502786484,0.0054208243550829295
IAR-C2-OC80_minus_IAR-C2,diagnostic_400_500_nm,417.0,full_angle_pair_DoLP,0.04487431798386563,0.038645888720042626,0.006228429263823006
IAR-C2-OC80_minus_IAR-C2,diagnostic_400_500_nm,418.0,full_angle_pair_DoLP,0.050724184516791324,0.04740765348254496,0.0033165310342463603
IAR-C2-OC80_minus_IAR-C2,diagnostic_400_500_nm,419.0,full_angle_pair_DoLP,0.03344967612735719,0.03170660232545517,0.0017430738019020217
IAR-C2-OC80_minus_IAR-C2,diagnostic_400_500_nm,420.0,full_angle_pair_DoLP,0.020372819193792784,0.018260893180922128,0.002111926012870656
IAR-C2-OC80_minus_IAR-C2,diagnostic_400_500_nm,421.0,full_angle_pair_DoLP,0.0118800351515144,0.008912270812162868,0.0029677643393515325
IAR-C2-OC80_minus_IAR-C2,diagnostic_400_500_nm,422.0,full_angle_pair_DoLP,0.01308722397070385,0.009830959179119376,0.0032562647915844734
IAR-C2-OC80_minus_IAR-C2,diagnostic_400_500_nm,423.0,full_angle_pair_DoLP,0.015833645540040006,0.012428045026410215,0.0034056005136297914
IAR-C2-OC80_minus_IAR-C2,diagnostic_400_500_nm,424.0,full_angle_pair_DoLP,0.019607929638405013,0.01670839363406856,0.0028995360043364525
IAR-C2-OC80_minus_IAR-C2,diagnostic_400_500_nm,425.0,full_angle_pair_DoLP,0.03166805317370374,0.03007391991583823,0.0015941332578655112
IAR-C2-OC80_minus_IAR-C2,diagnostic_400_500_nm,426.0,full_angle_pair_DoLP,0.0377740717287986,0.03841886834236223,-0.0006447966135636335
IAR-C2-OC80_minus_IAR-C2,diagnostic_400_500_nm,427.0,full_angle_pair_DoLP,0.03771243193081863,0.03950819970728919,-0.0017957677764705651
IAR-C2-OC80_minus_IAR-C2,diagnostic_400_500_nm,428.0,full_angle_pair_DoLP,0.041768147342119664,0.04414524686867478,-0.0023770995265551126
IAR-C2-OC80_minus_IAR-C2,diagnostic_400_500_nm,429.0,full_angle_pair_DoLP,0.04307682008116025,0.044304396632727415,-0.001227576551567168
IAR-C2-OC80_minus_IAR-C2,diagnostic_400_500_nm,430.0,full_angle_pair_DoLP,0.047385580114064914,0.04771463550280294,-0.0003290553887380296
IAR-C2-OC80_minus_IAR-C2,diagnostic_400_500_nm,431.0,full_angle_pair_DoLP,0.03800352040713714,0.03859936717345408,-0.0005958467663169376
IAR-C2-OC80_minus_IAR-C2,diagnostic_400_500_nm,432.0,full_angle_pair_DoLP,0.014325426330962456,0.015803417943201392,-0.0014779916122389363
IAR-C2-OC80_minus_IAR-C2,diagnostic_400_500_nm,433.0,full_angle_pair_DoLP,0.0013216889307045192,0.00234783298542122,-0.0010261440547167009
IAR-C2-OC80_minus_IAR-C2,diagnostic_400_500_nm,434.0,full_angle_pair_DoLP,0.006007748864314329,0.00451577538465474,0.0014919734796595887
IAR-C2-OC80_minus_IAR-C2,diagnostic_400_500_nm,435.0,full_angle_pair_DoLP,0.015313421110793627,0.013888678868254487,0.0014247422425391395
IAR-C2-OC80_minus_IAR-C2,diagnostic_400_500_nm,436.0,full_angle_pair_DoLP,0.007346986536922661,0.004717165787372318,0.0026298207495503425
IAR-C2-OC80_minus_IAR-C2,diagnostic_400_500_nm,437.0,full_angle_pair_DoLP,0.021107387511966277,0.02031332813731306,0.0007940593746532179
IAR-C2-OC80_minus_IAR-C2,diagnostic_400_500_nm,438.0,full_angle_pair_DoLP,0.045639676151303925,0.045636411746172785,3.2644051311397915e-06
IAR-C2-OC80_minus_IAR-C2,diagnostic_400_500_nm,439.0,full_angle_pair_DoLP,0.059588623410768225,0.060448279931477875,-0.0008596565207096493
IAR-C2-OC80_minus_IAR-C2,diagnostic_400_500_nm,440.0,full_angle_pair_DoLP,0.06004043136017702,0.06225517052906222,-0.0022147391688852047
IAR-C2-OC80_minus_IAR-C2,diagnostic_400_500_nm,441.0,full_angle_pair_DoLP,0.049026522555273816,0.05064452154385799,-0.0016179989885841753
IAR-C2-OC80_minus_IAR-C2,diagnostic_400_500_nm,442.0,full_angle_pair_DoLP,0.04044766562605038,0.04004279342878475,0.000404872197265628
IAR-C2-OC80_minus_IAR-C2,diagnostic_400_500_nm,443.0,full_angle_pair_DoLP,0.03264231301273557,0.029618064414513433,0.0030242485982221352
IAR-C2-OC80_minus_IAR-C2,diagnostic_400_500_nm,444.0,full_angle_pair_DoLP,0.031658043565571156,0.02676739909297201,0.004890644472599147
IAR-C2-OC80_minus_IAR-C2,diagnostic_400_500_nm,445.0,full_angle_pair_DoLP,0.0290842881118313,0.02257727915345328,0.006507008958378021
IAR-C2-OC80_minus_IAR-C2,diagnostic_400_500_nm,446.0,full_angle_pair_DoLP,0.03156944129374366,0.025366858270255994,0.006202583023487664
IAR-C2-OC80_minus_IAR-C2,diagnostic_400_500_nm,447.0,full_angle_pair_DoLP,0.043386028369893845,0.03961639525356018,0.0037696331163336663
IAR-C2-OC80_minus_IAR-C2,diagnostic_400_500_nm,448.0,full_angle_pair_DoLP,0.0547501736070052,0.053154286167997014,0.0015958874390081881
IAR-C2-OC80_minus_IAR-C2,diagnostic_400_500_nm,449.0,full_angle_pair_DoLP,0.06655938195006475,0.06658010593864107,-2.0723988576318297e-05
IAR-C2-OC80_minus_IAR-C2,diagnostic_400_500_nm,450.0,full_angle_pair_DoLP,0.06982656553943821,0.07064290303777752,-0.0008163374983393146
IAR-C2-OC80_minus_IAR-C2,diagnostic_400_500_nm,451.0,full_angle_pair_DoLP,0.06849192925122652,0.07009205155012137,-0.0016001222988948488
IAR-C2-OC80_minus_IAR-C2,diagnostic_400_500_nm,452.0,full_angle_pair_DoLP,0.05952344856378938,0.06046843824852968,-0.0009449896847402994
IAR-C2-OC80_minus_IAR-C2,diagnostic_400_500_nm,453.0,full_angle_pair_DoLP,0.03660971235128121,0.03596069553215447,0.0006490168191267409
IAR-C2-OC80_minus_IAR-C2,diagnostic_400_500_nm,454.0,full_angle_pair_DoLP,0.01047161924572481,0.008796836489956132,0.0016747827557686782
IAR-C2-OC80_minus_IAR-C2,diagnostic_400_500_nm,455.0,full_angle_pair_DoLP,0.019504726168573065,0.020907112641975516,-0.0014023864734024512
IAR-C2-OC80_minus_IAR-C2,diagnostic_400_500_nm,456.0,full_angle_pair_DoLP,0.031621997731403145,0.03367933874924025,-0.002057341017837104
IAR-C2-OC80_minus_IAR-C2,diagnostic_400_500_nm,457.0,full_angle_pair_DoLP,0.04050082674284715,0.043704800062411904,-0.0032039733195647555
IAR-C2-OC80_minus_IAR-C2,diagnostic_400_500_nm,458.0,full_angle_pair_DoLP,0.04854810748261868,0.052793264505414536,-0.004245157022795855
IAR-C2-OC80_minus_IAR-C2,diagnostic_400_500_nm,459.0,full_angle_pair_DoLP,0.054189725761114665,0.05868324613843691,-0.004493520377322244
IAR-C2-OC80_minus_IAR-C2,diagnostic_400_500_nm,460.0,full_angle_pair_DoLP,0.04592202611092418,0.04987856503820756,-0.0039565389272833845
IAR-C2-OC80_minus_IAR-C2,diagnostic_400_500_nm,461.0,full_angle_pair_DoLP,0.03583233915678139,0.038786269470306056,-0.002953930313524665
IAR-C2-OC80_minus_IAR-C2,diagnostic_400_500_nm,462.0,full_angle_pair_DoLP,0.03833279862480201,0.04029712474817117,-0.0019643261233691575
IAR-C2-OC80_minus_IAR-C2,diagnostic_400_500_nm,463.0,full_angle_pair_DoLP,0.031263917416153,0.03144284005836108,-0.0001789226422080764
IAR-C2-OC80_minus_IAR-C2,diagnostic_400_500_nm,464.0,full_angle_pair_DoLP,0.023876015373847006,0.021016194022916785,0.002859821350930221
IAR-C2-OC80_minus_IAR-C2,diagnostic_400_500_nm,465.0,full_angle_pair_DoLP,0.0230572965699952,0.018695957810532782,0.004361338759462416
IAR-C2-OC80_minus_IAR-C2,diagnostic_400_500_nm,466.0,full_angle_pair_DoLP,0.023181299992009376,0.01952484610411396,0.0036564538878954174
IAR-C2-OC80_minus_IAR-C2,diagnostic_400_500_nm,467.0,full_angle_pair_DoLP,0.025906589652989927,0.02406826895257565,0.0018383207004142761
IAR-C2-OC80_minus_IAR-C2,diagnostic_400_500_nm,468.0,full_angle_pair_DoLP,0.02800504699031965,0.028222873167491776,-0.00021782617717212502
IAR-C2-OC80_minus_IAR-C2,diagnostic_400_500_nm,469.0,full_angle_pair_DoLP,0.028497546642420622,0.02996062234147452,-0.0014630756990538993
IAR-C2-OC80_minus_IAR-C2,diagnostic_400_500_nm,470.0,full_angle_pair_DoLP,0.02698601641430473,0.02900247821288994,-0.002016461798585209
IAR-C2-OC80_minus_IAR-C2,diagnostic_400_500_nm,471.0,full_angle_pair_DoLP,0.023589505983674656,0.025689692854782672,-0.002100186871108016
IAR-C2-OC80_minus_IAR-C2,diagnostic_400_500_nm,472.0,full_angle_pair_DoLP,0.01946769969722592,0.021368967263970536,-0.0019012675667446147
IAR-C2-OC80_minus_IAR-C2,diagnostic_400_500_nm,473.0,full_angle_pair_DoLP,0.01915509029535853,0.020783698966296022,-0.0016286086709374932
IAR-C2-OC80_minus_IAR-C2,diagnostic_400_500_nm,474.0,full_angle_pair_DoLP,0.021881629004631416,0.02334575593435151,-0.0014641269297200922
IAR-C2-OC80_minus_IAR-C2,diagnostic_400_500_nm,475.0,full_angle_pair_DoLP,0.03059080264151261,0.03209734254269001,-0.0015065399011774012
IAR-C2-OC80_minus_IAR-C2,diagnostic_400_500_nm,476.0,full_angle_pair_DoLP,0.04734225805132576,0.04926059431744254,-0.001918336266116781
IAR-C2-OC80_minus_IAR-C2,diagnostic_400_500_nm,477.0,full_angle_pair_DoLP,0.06223766715180764,0.06457600387612739,-0.0023383367243197464
IAR-C2-OC80_minus_IAR-C2,diagnostic_400_500_nm,478.0,full_angle_pair_DoLP,0.06735389354748905,0.07007377322327127,-0.0027198796757822163
IAR-C2-OC80_minus_IAR-C2,diagnostic_400_500_nm,479.0,full_angle_pair_DoLP,0.07541855191261675,0.0785168669291698,-0.003098315016553055
IAR-C2-OC80_minus_IAR-C2,diagnostic_400_500_nm,480.0,full_angle_pair_DoLP,0.08097354080205675,0.08422205001471268,-0.003248509212655931
IAR-C2-OC80_minus_IAR-C2,diagnostic_400_500_nm,481.0,full_angle_pair_DoLP,0.08062458718983283,0.08375518770420326,-0.0031306005143704324
IAR-C2-OC80_minus_IAR-C2,diagnostic_400_500_nm,482.0,full_angle_pair_DoLP,0.07632472057368082,0.07904566333495151,-0.0027209427612706893
IAR-C2-OC80_minus_IAR-C2,diagnostic_400_500_nm,483.0,full_angle_pair_DoLP,0.07219968492386263,0.07429168770573669,-0.002092002781874061
IAR-C2-OC80_minus_IAR-C2,diagnostic_400_500_nm,484.0,full_angle_pair_DoLP,0.06988952238319604,0.07124489633781168,-0.0013553739546156435
IAR-C2-OC80_minus_IAR-C2,diagnostic_400_500_nm,485.0,full_angle_pair_DoLP,0.0728691492066532,0.07373205822078319,-0.0008629090141299839
IAR-C2-OC80_minus_IAR-C2,diagnostic_400_500_nm,486.0,full_angle_pair_DoLP,0.07557562274412184,0.076380548489219,-0.0008049257450971625
IAR-C2-OC80_minus_IAR-C2,diagnostic_400_500_nm,487.0,full_angle_pair_DoLP,0.08168104781470199,0.08238112828171763,-0.0007000804670156402
IAR-C2-OC80_minus_IAR-C2,diagnostic_400_500_nm,488.0,full_angle_pair_DoLP,0.0848775593083656,0.08533162183390636,-0.0004540625255407549
IAR-C2-OC80_minus_IAR-C2,diagnostic_400_500_nm,489.0,full_angle_pair_DoLP,0.0919430381368337,0.0926555242902908,-0.0007124861534570925
IAR-C2-OC80_minus_IAR-C2,diagnostic_400_500_nm,490.0,full_angle_pair_DoLP,0.09327003065633219,0.09441448981930035,-0.0011444591629681672
IAR-C2-OC80_minus_IAR-C2,diagnostic_400_500_nm,491.0,full_angle_pair_DoLP,0.09686130718425118,0.09833962245862676,-0.0014783152743755856
IAR-C2-OC80_minus_IAR-C2,diagnostic_400_500_nm,492.0,full_angle_pair_DoLP,0.09633612185402154,0.09810641211528895,-0.0017702902612674043
IAR-C2-OC80_minus_IAR-C2,diagnostic_400_500_nm,493.0,full_angle_pair_DoLP,0.0944059457717123,0.096529218678214,-0.0021232729065017025
IAR-C2-OC80_minus_IAR-C2,diagnostic_400_500_nm,494.0,full_angle_pair_DoLP,0.0905369269743259,0.0929178286551764,-0.002380901680850492
IAR-C2-OC80_minus_IAR-C2,diagnostic_400_500_nm,495.0,full_angle_pair_DoLP,0.08529316628137687,0.08787080979683301,-0.0025776435154561406
IAR-C2-OC80_minus_IAR-C2,diagnostic_400_500_nm,496.0,full_angle_pair_DoLP,0.08115854369464501,0.08411827460797704,-0.0029597309133320288
IAR-C2-OC80_minus_IAR-C2,diagnostic_400_500_nm,497.0,full_angle_pair_DoLP,0.07836651757392593,0.08180033464346037,-0.0034338170695344394
IAR-C2-OC80_minus_IAR-C2,diagnostic_400_500_nm,498.0,full_angle_pair_DoLP,0.06627593338167546,0.06903494069405389,-0.0027590073123784226
IAR-C2-OC80_minus_IAR-C2,diagnostic_400_500_nm,499.0,full_angle_pair_DoLP,0.0810127450496154,0.08498050609899281,-0.003967761049377405
IAR-C2-OC80_minus_IAR-C2,diagnostic_400_500_nm,500.0,full_angle_pair_DoLP,0.08793503983194446,0.09259632607263053,-0.004661286240686069
IAR-C2-OC80_minus_IAR-C2,diagnostic_400_500_nm,400.0,upward_source_normalized_power_pair,0.006328034656384752,0.006310059150124094,1.7975506260657463e-05
IAR-C2-OC80_minus_IAR-C2,diagnostic_400_500_nm,401.0,upward_source_normalized_power_pair,0.006945358340711402,0.006933681675553877,1.167666515752494e-05
IAR-C2-OC80_minus_IAR-C2,diagnostic_400_500_nm,402.0,upward_source_normalized_power_pair,0.007446679150525649,0.007434649716141722,1.2029434383926604e-05
IAR-C2-OC80_minus_IAR-C2,diagnostic_400_500_nm,403.0,upward_source_normalized_power_pair,0.007248561589161204,0.007242949140331897,5.612448829306511e-06
IAR-C2-OC80_minus_IAR-C2,diagnostic_400_500_nm,404.0,upward_source_normalized_power_pair,0.007156506272645805,0.007157146953489313,-6.406808435079764e-07
IAR-C2-OC80_minus_IAR-C2,diagnostic_400_500_nm,405.0,upward_source_normalized_power_pair,0.006959766687741613,0.006966953845055601,-7.18715731398787e-06
IAR-C2-OC80_minus_IAR-C2,diagnostic_400_500_nm,406.0,upward_source_normalized_power_pair,0.006963294592974588,0.006978213343700501,-1.4918750725912908e-05
IAR-C2-OC80_minus_IAR-C2,diagnostic_400_500_nm,407.0,upward_source_normalized_power_pair,0.0069893789040383885,0.007003694548534541,-1.4315644496152614e-05
IAR-C2-OC80_minus_IAR-C2,diagnostic_400_500_nm,408.0,upward_source_normalized_power_pair,0.007070401801033882,0.007083290819416915,-1.2889018383033246e-05
IAR-C2-OC80_minus_IAR-C2,diagnostic_400_500_nm,409.0,upward_source_normalized_power_pair,0.007097899708022855,0.007102611296488304,-4.711588465449237e-06
IAR-C2-OC80_minus_IAR-C2,diagnostic_400_500_nm,410.0,upward_source_normalized_power_pair,0.007144008570750905,0.007145168564345115,-1.159993594210089e-06
IAR-C2-OC80_minus_IAR-C2,diagnostic_400_500_nm,411.0,upward_source_normalized_power_pair,0.0071780576807799375,0.007176886811393461,1.1708693864768624e-06
IAR-C2-OC80_minus_IAR-C2,diagnostic_400_500_nm,412.0,upward_source_normalized_power_pair,0.007258706476762645,0.007249565820075938,9.140656686707112e-06
IAR-C2-OC80_minus_IAR-C2,diagnostic_400_500_nm,413.0,upward_source_normalized_power_pair,0.007293293063839385,0.007277956018078902,1.533704576048376e-05
IAR-C2-OC80_minus_IAR-C2,diagnostic_400_500_nm,414.0,upward_source_normalized_power_pair,0.007340208017541703,0.007339543481724933,6.645358167703397e-07
IAR-C2-OC80_minus_IAR-C2,diagnostic_400_500_nm,415.0,upward_source_normalized_power_pair,0.0075343751714193295,0.007541065930303672,-6.690758884342687e-06
IAR-C2-OC80_minus_IAR-C2,diagnostic_400_500_nm,416.0,upward_source_normalized_power_pair,0.007506541607040174,0.007493535049311618,1.3006557728555482e-05
IAR-C2-OC80_minus_IAR-C2,diagnostic_400_500_nm,417.0,upward_source_normalized_power_pair,0.007490887933362212,0.007474599981563692,1.6287951798520453e-05
IAR-C2-OC80_minus_IAR-C2,diagnostic_400_500_nm,418.0,upward_source_normalized_power_pair,0.007675689094141966,0.007663120713530893,1.2568380611073168e-05
IAR-C2-OC80_minus_IAR-C2,diagnostic_400_500_nm,419.0,upward_source_normalized_power_pair,0.0077320714750713435,0.007704062302138632,2.80091729327114e-05
IAR-C2-OC80_minus_IAR-C2,diagnostic_400_500_nm,420.0,upward_source_normalized_power_pair,0.007563733125313568,0.007522407646895107,4.132547841846114e-05
IAR-C2-OC80_minus_IAR-C2,diagnostic_400_500_nm,421.0,upward_source_normalized_power_pair,0.0072126397451028335,0.007177041315715311,3.5598429387522466e-05
IAR-C2-OC80_minus_IAR-C2,diagnostic_400_500_nm,422.0,upward_source_normalized_power_pair,0.0068033264847854776,0.006790125836441743,1.3200648343734273e-05
IAR-C2-OC80_minus_IAR-C2,diagnostic_400_500_nm,423.0,upward_source_normalized_power_pair,0.006480368750105521,0.006479009385301121,1.3593648044004855e-06
IAR-C2-OC80_minus_IAR-C2,diagnostic_400_500_nm,424.0,upward_source_normalized_power_pair,0.006353707535270808,0.006349069635067903,4.6379002029044505e-06
IAR-C2-OC80_minus_IAR-C2,diagnostic_400_500_nm,425.0,upward_source_normalized_power_pair,0.006502274452629776,0.006490498604869152,1.177584776062418e-05
IAR-C2-OC80_minus_IAR-C2,diagnostic_400_500_nm,426.0,upward_source_normalized_power_pair,0.006798411450087788,0.00677516712309739,2.3244326990397822e-05
IAR-C2-OC80_minus_IAR-C2,diagnostic_400_500_nm,427.0,upward_source_normalized_power_pair,0.0072040958716840225,0.007183736123037436,2.035974864658674e-05
IAR-C2-OC80_minus_IAR-C2,diagnostic_400_500_nm,428.0,upward_source_normalized_power_pair,0.007422890164638051,0.007404995786050739,1.7894378587311743e-05
IAR-C2-OC80_minus_IAR-C2,diagnostic_400_500_nm,429.0,upward_source_normalized_power_pair,0.007465484690393409,0.007467019571755324,-1.5348813619149582e-06
IAR-C2-OC80_minus_IAR-C2,diagnostic_400_500_nm,430.0,upward_source_normalized_power_pair,0.007360070421924175,0.007369748925051128,-9.678503126953238e-06
IAR-C2-OC80_minus_IAR-C2,diagnostic_400_500_nm,431.0,upward_source_normalized_power_pair,0.0073246097005111605,0.007333998626925556,-9.388926414395649e-06
IAR-C2-OC80_minus_IAR-C2,diagnostic_400_500_nm,432.0,upward_source_normalized_power_pair,0.007233500330695808,0.007237603959900583,-4.1036292047751805e-06
IAR-C2-OC80_minus_IAR-C2,diagnostic_400_500_nm,433.0,upward_source_normalized_power_pair,0.007213451408265553,0.007209371445431958,4.079962833595553e-06
IAR-C2-OC80_minus_IAR-C2,diagnostic_400_500_nm,434.0,upward_source_normalized_power_pair,0.007293576597369188,0.007292163546355463,1.4130510137249502e-06
IAR-C2-OC80_minus_IAR-C2,diagnostic_400_500_nm,435.0,upward_source_normalized_power_pair,0.0074419091213821335,0.007439470726708287,2.438394673846128e-06
IAR-C2-OC80_minus_IAR-C2,diagnostic_400_500_nm,436.0,upward_source_normalized_power_pair,0.00782196521737235,0.007819803865116676,2.1613522556730713e-06
IAR-C2-OC80_minus_IAR-C2,diagnostic_400_500_nm,437.0,upward_source_normalized_power_pair,0.008203516483402918,0.00820673638077618,-3.2198973732629893e-06
IAR-C2-OC80_minus_IAR-C2,diagnostic_400_500_nm,438.0,upward_source_normalized_power_pair,0.008460412673585627,0.008473320913369983,-1.2908239784356276e-05
IAR-C2-OC80_minus_IAR-C2,diagnostic_400_500_nm,439.0,upward_source_normalized_power_pair,0.008607885398168159,0.00862665005842709,-1.8764660258930102e-05
IAR-C2-OC80_minus_IAR-C2,diagnostic_400_500_nm,440.0,upward_source_normalized_power_pair,0.008721546330579035,0.008736901793088319,-1.5355462509284226e-05
IAR-C2-OC80_minus_IAR-C2,diagnostic_400_500_nm,441.0,upward_source_normalized_power_pair,0.008680253110840978,0.008692148447904864,-1.1895337063886832e-05
IAR-C2-OC80_minus_IAR-C2,diagnostic_400_500_nm,442.0,upward_source_normalized_power_pair,0.008526923569761827,0.008536218568710136,-9.294998948309457e-06
IAR-C2-OC80_minus_IAR-C2,diagnostic_400_500_nm,443.0,upward_source_normalized_power_pair,0.008412217937441874,0.008411043897118898,1.1740403229754809e-06
IAR-C2-OC80_minus_IAR-C2,diagnostic_400_500_nm,444.0,upward_source_normalized_power_pair,0.00834099795058904,0.00833036794167644,1.063000891260088e-05
IAR-C2-OC80_minus_IAR-C2,diagnostic_400_500_nm,445.0,upward_source_normalized_power_pair,0.00834490951738509,0.008328308419348524,1.660109803656648e-05
IAR-C2-OC80_minus_IAR-C2,diagnostic_400_500_nm,446.0,upward_source_normalized_power_pair,0.008329300465220957,0.00831213539124566,1.716507397529765e-05
IAR-C2-OC80_minus_IAR-C2,diagnostic_400_500_nm,447.0,upward_source_normalized_power_pair,0.008244856975453022,0.0082284616096692,1.639536578382228e-05
IAR-C2-OC80_minus_IAR-C2,diagnostic_400_500_nm,448.0,upward_source_normalized_power_pair,0.00798528678673836,0.007969847485878442,1.5439300859917612e-05
IAR-C2-OC80_minus_IAR-C2,diagnostic_400_500_nm,449.0,upward_source_normalized_power_pair,0.007715220138713043,0.007702456618159012,1.276352055403114e-05
IAR-C2-OC80_minus_IAR-C2,diagnostic_400_500_nm,450.0,upward_source_normalized_power_pair,0.007426853480693007,0.00741511779393364,1.1735686759366953e-05
IAR-C2-OC80_minus_IAR-C2,diagnostic_400_500_nm,451.0,upward_source_normalized_power_pair,0.007153624604684496,0.007137294188607935,1.633041607656139e-05
IAR-C2-OC80_minus_IAR-C2,diagnostic_400_500_nm,452.0,upward_source_normalized_power_pair,0.0068877751271965056,0.006866130269035122,2.164485816138345e-05
IAR-C2-OC80_minus_IAR-C2,diagnostic_400_500_nm,453.0,upward_source_normalized_power_pair,0.006729384821704147,0.006703231013661454,2.6153808042692767e-05
IAR-C2-OC80_minus_IAR-C2,diagnostic_400_500_nm,454.0,upward_source_normalized_power_pair,0.006602215466035457,0.006572374593143967,2.984087289148972e-05
IAR-C2-OC80_minus_IAR-C2,diagnostic_400_500_nm,455.0,upward_source_normalized_power_pair,0.006606816269671472,0.006577847003238766,2.8969266432705976e-05
IAR-C2-OC80_minus_IAR-C2,diagnostic_400_500_nm,456.0,upward_source_normalized_power_pair,0.006703457097421511,0.006680022785199853,2.3434312221658378e-05
IAR-C2-OC80_minus_IAR-C2,diagnostic_400_500_nm,457.0,upward_source_normalized_power_pair,0.006823103924587265,0.006811411458950856,1.169246563640855e-05
IAR-C2-OC80_minus_IAR-C2,diagnostic_400_500_nm,458.0,upward_source_normalized_power_pair,0.006986389440350564,0.006988548484165882,-2.159043815317535e-06
IAR-C2-OC80_minus_IAR-C2,diagnostic_400_500_nm,459.0,upward_source_normalized_power_pair,0.007177171514862909,0.0071894476745651865,-1.2276159702277745e-05
IAR-C2-OC80_minus_IAR-C2,diagnostic_400_500_nm,460.0,upward_source_normalized_power_pair,0.007369359724994839,0.007383701532136912,-1.4341807142072976e-05
IAR-C2-OC80_minus_IAR-C2,diagnostic_400_500_nm,461.0,upward_source_normalized_power_pair,0.007527751679374891,0.0075386421936725866,-1.0890514297695955e-05
IAR-C2-OC80_minus_IAR-C2,diagnostic_400_500_nm,462.0,upward_source_normalized_power_pair,0.007617855961765861,0.007625374171700479,-7.518209934618061e-06
IAR-C2-OC80_minus_IAR-C2,diagnostic_400_500_nm,463.0,upward_source_normalized_power_pair,0.007720592829074495,0.007722867952860642,-2.2751237861474982e-06
IAR-C2-OC80_minus_IAR-C2,diagnostic_400_500_nm,464.0,upward_source_normalized_power_pair,0.0077110783340338315,0.0077090306551864645,2.047678847367021e-06
IAR-C2-OC80_minus_IAR-C2,diagnostic_400_500_nm,465.0,upward_source_normalized_power_pair,0.007719670130381754,0.00771363913562813,6.030994753623842e-06
IAR-C2-OC80_minus_IAR-C2,diagnostic_400_500_nm,466.0,upward_source_normalized_power_pair,0.007827355604442275,0.007819034771356743,8.320833085532012e-06
IAR-C2-OC80_minus_IAR-C2,diagnostic_400_500_nm,467.0,upward_source_normalized_power_pair,0.007949757262591662,0.007944776925144538,4.980337447123978e-06
IAR-C2-OC80_minus_IAR-C2,diagnostic_400_500_nm,468.0,upward_source_normalized_power_pair,0.007988977980915617,0.007985793383157875,3.1845977577424356e-06
IAR-C2-OC80_minus_IAR-C2,diagnostic_400_500_nm,469.0,upward_source_normalized_power_pair,0.008078771085785062,0.008076000651566925,2.770434218136303e-06
IAR-C2-OC80_minus_IAR-C2,diagnostic_400_500_nm,470.0,upward_source_normalized_power_pair,0.008217115792674864,0.008213025272317714,4.090520357149727e-06
IAR-C2-OC80_minus_IAR-C2,diagnostic_400_500_nm,471.0,upward_source_normalized_power_pair,0.008333372950865281,0.008328230807757946,5.142143107334657e-06
IAR-C2-OC80_minus_IAR-C2,diagnostic_400_500_nm,472.0,upward_source_normalized_power_pair,0.008324580619430807,0.00831881324283383,5.767376596976098e-06
IAR-C2-OC80_minus_IAR-C2,diagnostic_400_500_nm,473.0,upward_source_normalized_power_pair,0.008252094124370425,0.00824374864127117,8.345483099254924e-06
IAR-C2-OC80_minus_IAR-C2,diagnostic_400_500_nm,474.0,upward_source_normalized_power_pair,0.008165061681415682,0.008153320225361414,1.1741456054268143e-05
IAR-C2-OC80_minus_IAR-C2,diagnostic_400_500_nm,475.0,upward_source_normalized_power_pair,0.008079858049192328,0.008066315709723665,1.3542339468663317e-05
IAR-C2-OC80_minus_IAR-C2,diagnostic_400_500_nm,476.0,upward_source_normalized_power_pair,0.00800252001252715,0.007986041491807053,1.6478520720097575e-05
IAR-C2-OC80_minus_IAR-C2,diagnostic_400_500_nm,477.0,upward_source_normalized_power_pair,0.008050535829579207,0.008033793629623821,1.6742199955385728e-05
IAR-C2-OC80_minus_IAR-C2,diagnostic_400_500_nm,478.0,upward_source_normalized_power_pair,0.008175895483886864,0.008159066846063844,1.6828637823020076e-05
IAR-C2-OC80_minus_IAR-C2,diagnostic_400_500_nm,479.0,upward_source_normalized_power_pair,0.008382574972351505,0.0083666062985479,1.596867380360481e-05
IAR-C2-OC80_minus_IAR-C2,diagnostic_400_500_nm,480.0,upward_source_normalized_power_pair,0.008631827899129267,0.00861746030418959,1.436759493967689e-05
IAR-C2-OC80_minus_IAR-C2,diagnostic_400_500_nm,481.0,upward_source_normalized_power_pair,0.008900205006160351,0.00888748358289028,1.272142327007203e-05
IAR-C2-OC80_minus_IAR-C2,diagnostic_400_500_nm,482.0,upward_source_normalized_power_pair,0.00917406665240199,0.009162016038699105,1.2050613702884946e-05
IAR-C2-OC80_minus_IAR-C2,diagnostic_400_500_nm,483.0,upward_source_normalized_power_pair,0.009413590901112595,0.009400882097637377,1.2708803475218813e-05
IAR-C2-OC80_minus_IAR-C2,diagnostic_400_500_nm,484.0,upward_source_normalized_power_pair,0.009570158743417007,0.00955575710632183,1.4401637095177652e-05
IAR-C2-OC80_minus_IAR-C2,diagnostic_400_500_nm,485.0,upward_source_normalized_power_pair,0.009619349200777238,0.009603111694798834,1.6237505978403816e-05
IAR-C2-OC80_minus_IAR-C2,diagnostic_400_500_nm,486.0,upward_source_normalized_power_pair,0.009775434961249165,0.009758518806395968,1.6916154853196738e-05
IAR-C2-OC80_minus_IAR-C2,diagnostic_400_500_nm,487.0,upward_source_normalized_power_pair,0.01001621024925108,0.010000299024414395,1.591122483668439e-05
IAR-C2-OC80_minus_IAR-C2,diagnostic_400_500_nm,488.0,upward_source_normalized_power_pair,0.010233717194052807,0.010215940011928468,1.777718212433825e-05
IAR-C2-OC80_minus_IAR-C2,diagnostic_400_500_nm,489.0,upward_source_normalized_power_pair,0.010501719673009238,0.010482759624200711,1.8960048808526822e-05
IAR-C2-OC80_minus_IAR-C2,diagnostic_400_500_nm,490.0,upward_source_normalized_power_pair,0.010678707457906554,0.010659875097093163,1.8832360813391194e-05
IAR-C2-OC80_minus_IAR-C2,diagnostic_400_500_nm,491.0,upward_source_normalized_power_pair,0.010864341478547212,0.010845831666193967,1.8509812353245322e-05
IAR-C2-OC80_minus_IAR-C2,diagnostic_400_500_nm,492.0,upward_source_normalized_power_pair,0.01109657189863704,0.011078698530280411,1.7873368356628033e-05
IAR-C2-OC80_minus_IAR-C2,diagnostic_400_500_nm,493.0,upward_source_normalized_power_pair,0.011406023208942956,0.011391221557704462,1.4801651238493738e-05
IAR-C2-OC80_minus_IAR-C2,diagnostic_400_500_nm,494.0,upward_source_normalized_power_pair,0.011825361661861062,0.011814867667063016,1.049399479804633e-05
IAR-C2-OC80_minus_IAR-C2,diagnostic_400_500_nm,495.0,upward_source_normalized_power_pair,0.012288560702437966,0.012282433256515861,6.127445922104666e-06
IAR-C2-OC80_minus_IAR-C2,diagnostic_400_500_nm,496.0,upward_source_normalized_power_pair,0.012668737534170861,0.012666208641701919,2.5288924689424036e-06
IAR-C2-OC80_minus_IAR-C2,diagnostic_400_500_nm,497.0,upward_source_normalized_power_pair,0.01293835451301947,0.012937970616604955,3.8389641451516687e-07
IAR-C2-OC80_minus_IAR-C2,diagnostic_400_500_nm,498.0,upward_source_normalized_power_pair,0.013094037245268971,0.01309529234963263,-1.2551043636586934e-06
IAR-C2-OC80_minus_IAR-C2,diagnostic_400_500_nm,499.0,upward_source_normalized_power_pair,0.0130165055236449,0.013019737871859676,-3.2323482147770394e-06
IAR-C2-OC80_minus_IAR-C2,diagnostic_400_500_nm,500.0,upward_source_normalized_power_pair,0.01299306217620988,0.01300179872829046,-8.736552080579676e-06
IAR-C2-OC80_minus_IAR-C2,diagnostic_400_500_nm,400.0,useful_LP_axisfree_pair,1.5096638580351105,1.5022333387244942,0.007430519310616335
IAR-C2-OC80_minus_IAR-C2,diagnostic_400_500_nm,401.0,useful_LP_axisfree_pair,1.6216011727001993,1.614118685923313,0.0074824867768863434
IAR-C2-OC80_minus_IAR-C2,diagnostic_400_500_nm,402.0,useful_LP_axisfree_pair,1.7032928511400924,1.6955607094814271,0.007732141658665315
IAR-C2-OC80_minus_IAR-C2,diagnostic_400_500_nm,403.0,useful_LP_axisfree_pair,1.646256266349697,1.63762850980983,0.008627756539866915
IAR-C2-OC80_minus_IAR-C2,diagnostic_400_500_nm,404.0,useful_LP_axisfree_pair,1.6720349063891313,1.6702278637371522,0.0018070426519791738
IAR-C2-OC80_minus_IAR-C2,diagnostic_400_500_nm,405.0,useful_LP_axisfree_pair,1.6569619860019218,1.6568615571615901,0.00010042884033167887
IAR-C2-OC80_minus_IAR-C2,diagnostic_400_500_nm,406.0,useful_LP_axisfree_pair,1.6751796068241578,1.680175071325828,-0.004995464501670321
IAR-C2-OC80_minus_IAR-C2,diagnostic_400_500_nm,407.0,useful_LP_axisfree_pair,1.7463102692638621,1.7568883292197925,-0.010578059955930419
IAR-C2-OC80_minus_IAR-C2,diagnostic_400_500_nm,408.0,useful_LP_axisfree_pair,1.8112600073731184,1.8233033169325914,-0.01204330955947297
IAR-C2-OC80_minus_IAR-C2,diagnostic_400_500_nm,409.0,useful_LP_axisfree_pair,1.8189761508866746,1.8281666499816023,-0.00919049909492764
IAR-C2-OC80_minus_IAR-C2,diagnostic_400_500_nm,410.0,useful_LP_axisfree_pair,1.7885269698368431,1.7949487932336547,-0.006421823396811632
IAR-C2-OC80_minus_IAR-C2,diagnostic_400_500_nm,411.0,useful_LP_axisfree_pair,1.7419439962197334,1.7477038549378794,-0.005759858718145994
IAR-C2-OC80_minus_IAR-C2,diagnostic_400_500_nm,412.0,useful_LP_axisfree_pair,1.7438586770345113,1.7475746444296876,-0.003715967395176323
IAR-C2-OC80_minus_IAR-C2,diagnostic_400_500_nm,413.0,useful_LP_axisfree_pair,1.7183091721871167,1.720301184494683,-0.001992012307566293
IAR-C2-OC80_minus_IAR-C2,diagnostic_400_500_nm,414.0,useful_LP_axisfree_pair,1.7506511377676186,1.7462271981873885,0.0044239395802301296
IAR-C2-OC80_minus_IAR-C2,diagnostic_400_500_nm,415.0,useful_LP_axisfree_pair,1.8969626887279734,1.9002205865869146,-0.003257897858941261
IAR-C2-OC80_minus_IAR-C2,diagnostic_400_500_nm,416.0,useful_LP_axisfree_pair,1.9324525347386863,1.9299506144562262,0.0025019202824601017
IAR-C2-OC80_minus_IAR-C2,diagnostic_400_500_nm,417.0,useful_LP_axisfree_pair,1.98455927452114,1.975878490811463,0.008680783709676954
IAR-C2-OC80_minus_IAR-C2,diagnostic_400_500_nm,418.0,useful_LP_axisfree_pair,2.049863840195368,2.033052089472575,0.01681175072279295
IAR-C2-OC80_minus_IAR-C2,diagnostic_400_500_nm,419.0,useful_LP_axisfree_pair,1.9801309997080065,1.9477798129896755,0.03235118671833104
IAR-C2-OC80_minus_IAR-C2,diagnostic_400_500_nm,420.0,useful_LP_axisfree_pair,1.8420826771605794,1.8114115149809211,0.030671162179658262
IAR-C2-OC80_minus_IAR-C2,diagnostic_400_500_nm,421.0,useful_LP_axisfree_pair,1.7152873143704914,1.7057852073238615,0.009502107046629904
IAR-C2-OC80_minus_IAR-C2,diagnostic_400_500_nm,422.0,useful_LP_axisfree_pair,1.5820041992289489,1.5796976767783846,0.0023065224505642856
IAR-C2-OC80_minus_IAR-C2,diagnostic_400_500_nm,423.0,useful_LP_axisfree_pair,1.4692494465233512,1.4678129117570138,0.0014365347663374273
IAR-C2-OC80_minus_IAR-C2,diagnostic_400_500_nm,424.0,useful_LP_axisfree_pair,1.424238824271569,1.420198196438201,0.0040406278333677825
IAR-C2-OC80_minus_IAR-C2,diagnostic_400_500_nm,425.0,useful_LP_axisfree_pair,1.46535167301638,1.4559946357562972,0.009357037260082857
IAR-C2-OC80_minus_IAR-C2,diagnostic_400_500_nm,426.0,useful_LP_axisfree_pair,1.5709643241336515,1.5594466852531423,0.011517638880509162
IAR-C2-OC80_minus_IAR-C2,diagnostic_400_500_nm,427.0,useful_LP_axisfree_pair,1.7182006355891375,1.7049085788466423,0.013292056742495229
IAR-C2-OC80_minus_IAR-C2,diagnostic_400_500_nm,428.0,useful_LP_axisfree_pair,1.8061868599151114,1.7951120710024404,0.011074788912670996
IAR-C2-OC80_minus_IAR-C2,diagnostic_400_500_nm,429.0,useful_LP_axisfree_pair,1.8275443668726459,1.828408285574939,-0.0008639187022931871
IAR-C2-OC80_minus_IAR-C2,diagnostic_400_500_nm,430.0,useful_LP_axisfree_pair,1.7922097006343851,1.794651600895342,-0.0024419002609568086
IAR-C2-OC80_minus_IAR-C2,diagnostic_400_500_nm,431.0,useful_LP_axisfree_pair,1.7617599912706494,1.764159697733025,-0.002399706462375528
IAR-C2-OC80_minus_IAR-C2,diagnostic_400_500_nm,432.0,useful_LP_axisfree_pair,1.7579374367325842,1.7582025590881962,-0.00026512235561204633
IAR-C2-OC80_minus_IAR-C2,diagnostic_400_500_nm,433.0,useful_LP_axisfree_pair,1.7856943635538234,1.7837215207458024,0.0019728428080210136
IAR-C2-OC80_minus_IAR-C2,diagnostic_400_500_nm,434.0,useful_LP_axisfree_pair,1.8349550178379856,1.8336496960770599,0.0013053217609257928
IAR-C2-OC80_minus_IAR-C2,diagnostic_400_500_nm,435.0,useful_LP_axisfree_pair,1.8981273603528157,1.8941476504413999,0.00397970991141583
IAR-C2-OC80_minus_IAR-C2,diagnostic_400_500_nm,436.0,useful_LP_axisfree_pair,2.030349344519375,2.028763468582817,0.0015858759365579012
IAR-C2-OC80_minus_IAR-C2,diagnostic_400_500_nm,437.0,useful_LP_axisfree_pair,2.1792140860780638,2.179155378399209,5.8707678854741374e-05
IAR-C2-OC80_minus_IAR-C2,diagnostic_400_500_nm,438.0,useful_LP_axisfree_pair,2.305526059829501,2.309458012277201,-0.003931952447699949
IAR-C2-OC80_minus_IAR-C2,diagnostic_400_500_nm,439.0,useful_LP_axisfree_pair,2.3602467181875095,2.3679506139869186,-0.007703895799409111
IAR-C2-OC80_minus_IAR-C2,diagnostic_400_500_nm,440.0,useful_LP_axisfree_pair,2.387568744661867,2.3971983707152296,-0.009629626053362372
IAR-C2-OC80_minus_IAR-C2,diagnostic_400_500_nm,441.0,useful_LP_axisfree_pair,2.3567684505381634,2.363425114050419,-0.0066566635122558004
IAR-C2-OC80_minus_IAR-C2,diagnostic_400_500_nm,442.0,useful_LP_axisfree_pair,2.295007070801622,2.2955660637500297,-0.0005589929484077771
IAR-C2-OC80_minus_IAR-C2,diagnostic_400_500_nm,443.0,useful_LP_axisfree_pair,2.230855109045899,2.2211845177846223,0.009670591261276673
IAR-C2-OC80_minus_IAR-C2,diagnostic_400_500_nm,444.0,useful_LP_axisfree_pair,2.1996570972695144,2.1841654531112566,0.015491644158257767
IAR-C2-OC80_minus_IAR-C2,diagnostic_400_500_nm,445.0,useful_LP_axisfree_pair,2.1962819469690995,2.175547161572307,0.02073478539679252
IAR-C2-OC80_minus_IAR-C2,diagnostic_400_500_nm,446.0,useful_LP_axisfree_pair,2.1901468072864887,2.1668860748046,0.023260732481888535
IAR-C2-OC80_minus_IAR-C2,diagnostic_400_500_nm,447.0,useful_LP_axisfree_pair,2.1614890570374534,2.138548970855545,0.02294008618190846
IAR-C2-OC80_minus_IAR-C2,diagnostic_400_500_nm,448.0,useful_LP_axisfree_pair,2.1125751940059674,2.0905419383474473,0.0220332556585201
IAR-C2-OC80_minus_IAR-C2,diagnostic_400_500_nm,449.0,useful_LP_axisfree_pair,2.0421047282675078,2.0219424327991735,0.020162295468334257
IAR-C2-OC80_minus_IAR-C2,diagnostic_400_500_nm,450.0,useful_LP_axisfree_pair,1.9502723797637547,1.9307222273499556,0.019550152413799093
IAR-C2-OC80_minus_IAR-C2,diagnostic_400_500_nm,451.0,useful_LP_axisfree_pair,1.8653627765806495,1.8481411477770762,0.017221628803573363
IAR-C2-OC80_minus_IAR-C2,diagnostic_400_500_nm,452.0,useful_LP_axisfree_pair,1.7875929926320266,1.7694895988903894,0.018103393741637275
IAR-C2-OC80_minus_IAR-C2,diagnostic_400_500_nm,453.0,useful_LP_axisfree_pair,1.7033170568446083,1.6821973332406062,0.02111972360400216
IAR-C2-OC80_minus_IAR-C2,diagnostic_400_500_nm,454.0,useful_LP_axisfree_pair,1.620737065922613,1.5989156895810517,0.021821376341561338
IAR-C2-OC80_minus_IAR-C2,diagnostic_400_500_nm,455.0,useful_LP_axisfree_pair,1.5974774564542993,1.5795818452481334,0.017895611206165896
IAR-C2-OC80_minus_IAR-C2,diagnostic_400_500_nm,456.0,useful_LP_axisfree_pair,1.6083123802640382,1.5962606488418516,0.012051731422186629
IAR-C2-OC80_minus_IAR-C2,diagnostic_400_500_nm,457.0,useful_LP_axisfree_pair,1.6251827572015096,1.621435715482485,0.003747041719024624
IAR-C2-OC80_minus_IAR-C2,diagnostic_400_500_nm,458.0,useful_LP_axisfree_pair,1.6696300458278344,1.6728753701567782,-0.003245324328943866
IAR-C2-OC80_minus_IAR-C2,diagnostic_400_500_nm,459.0,useful_LP_axisfree_pair,1.7224651429630013,1.7309296662567286,-0.008464523293727266
IAR-C2-OC80_minus_IAR-C2,diagnostic_400_500_nm,460.0,useful_LP_axisfree_pair,1.755861366979372,1.7646038382034979,-0.00874247122412597
IAR-C2-OC80_minus_IAR-C2,diagnostic_400_500_nm,461.0,useful_LP_axisfree_pair,1.7768015717399877,1.7804609275230212,-0.0036593557830335577
IAR-C2-OC80_minus_IAR-C2,diagnostic_400_500_nm,462.0,useful_LP_axisfree_pair,1.799849124327645,1.7980069158074903,0.00184220852015482
IAR-C2-OC80_minus_IAR-C2,diagnostic_400_500_nm,463.0,useful_LP_axisfree_pair,1.8162987263386285,1.8078415957530294,0.00845713058559916
IAR-C2-OC80_minus_IAR-C2,diagnostic_400_500_nm,464.0,useful_LP_axisfree_pair,1.824140791527173,1.8139992442699722,0.010141547257200845
IAR-C2-OC80_minus_IAR-C2,diagnostic_400_500_nm,465.0,useful_LP_axisfree_pair,1.8169579781980896,1.8062008839473578,0.010757094250731791
IAR-C2-OC80_minus_IAR-C2,diagnostic_400_500_nm,466.0,useful_LP_axisfree_pair,1.7994944566189,1.7873057612728382,0.012188695346061706
IAR-C2-OC80_minus_IAR-C2,diagnostic_400_500_nm,467.0,useful_LP_axisfree_pair,1.802110381055727,1.7917997754946078,0.01031060556111929
IAR-C2-OC80_minus_IAR-C2,diagnostic_400_500_nm,468.0,useful_LP_axisfree_pair,1.782114402675989,1.7784531792372804,0.0036612234387085607
IAR-C2-OC80_minus_IAR-C2,diagnostic_400_500_nm,469.0,useful_LP_axisfree_pair,1.7776899970144882,1.7803072445136185,-0.002617247499130393
IAR-C2-OC80_minus_IAR-C2,diagnostic_400_500_nm,470.0,useful_LP_axisfree_pair,1.7852333529570743,1.7891813561821512,-0.003948003225076935
IAR-C2-OC80_minus_IAR-C2,diagnostic_400_500_nm,471.0,useful_LP_axisfree_pair,1.7907312975529261,1.7941479581596418,-0.003416660606715638
IAR-C2-OC80_minus_IAR-C2,diagnostic_400_500_nm,472.0,useful_LP_axisfree_pair,1.7769270278052696,1.7794782722014308,-0.0025512443961612785
IAR-C2-OC80_minus_IAR-C2,diagnostic_400_500_nm,473.0,useful_LP_axisfree_pair,1.7596882002788063,1.7608014827478464,-0.0011132824690400778
IAR-C2-OC80_minus_IAR-C2,diagnostic_400_500_nm,474.0,useful_LP_axisfree_pair,1.7515623617918612,1.7513872993508588,0.00017506244100240487
IAR-C2-OC80_minus_IAR-C2,diagnostic_400_500_nm,475.0,useful_LP_axisfree_pair,1.7486637649504013,1.7478379364764967,0.0008258284739046662
IAR-C2-OC80_minus_IAR-C2,diagnostic_400_500_nm,476.0,useful_LP_axisfree_pair,1.7518329730577809,1.7507064589918975,0.0011265140658833772
IAR-C2-OC80_minus_IAR-C2,diagnostic_400_500_nm,477.0,useful_LP_axisfree_pair,1.790574951070001,1.7901445589477878,0.0004303921222132967
IAR-C2-OC80_minus_IAR-C2,diagnostic_400_500_nm,478.0,useful_LP_axisfree_pair,1.8216889331841783,1.8219067796970831,-0.00021784651290479573
IAR-C2-OC80_minus_IAR-C2,diagnostic_400_500_nm,479.0,useful_LP_axisfree_pair,1.8819413757545078,1.88320997185434,-0.0012685960998322088
IAR-C2-OC80_minus_IAR-C2,diagnostic_400_500_nm,480.0,useful_LP_axisfree_pair,1.9590803434150998,1.9610662250136561,-0.0019858815985562828
IAR-C2-OC80_minus_IAR-C2,diagnostic_400_500_nm,481.0,useful_LP_axisfree_pair,2.042461668536446,2.044438681583306,-0.0019770130468601543
IAR-C2-OC80_minus_IAR-C2,diagnostic_400_500_nm,482.0,useful_LP_axisfree_pair,2.127718706856631,2.128763934446971,-0.001045227590340314
IAR-C2-OC80_minus_IAR-C2,diagnostic_400_500_nm,483.0,useful_LP_axisfree_pair,2.2114320392499276,2.210650516692442,0.0007815225574856477
IAR-C2-OC80_minus_IAR-C2,diagnostic_400_500_nm,484.0,useful_LP_axisfree_pair,2.287659669014826,2.284427250008419,0.003232419006407028
IAR-C2-OC80_minus_IAR-C2,diagnostic_400_500_nm,485.0,useful_LP_axisfree_pair,2.351945806857819,2.3465646619809726,0.005381144876846378
IAR-C2-OC80_minus_IAR-C2,diagnostic_400_500_nm,486.0,useful_LP_axisfree_pair,2.4270470861265396,2.4207896057501457,0.0062574803763939535
IAR-C2-OC80_minus_IAR-C2,diagnostic_400_500_nm,487.0,useful_LP_axisfree_pair,2.5093408651236517,2.5018455559284414,0.0074953091952103534
IAR-C2-OC80_minus_IAR-C2,diagnostic_400_500_nm,488.0,useful_LP_axisfree_pair,2.583145345801195,2.57213686674127,0.01100847905992497
IAR-C2-OC80_minus_IAR-C2,diagnostic_400_500_nm,489.0,useful_LP_axisfree_pair,2.665674269136295,2.652589892694565,0.013084376441730328
IAR-C2-OC80_minus_IAR-C2,diagnostic_400_500_nm,490.0,useful_LP_axisfree_pair,2.7101465810073493,2.6955221718626023,0.014624409144746942
IAR-C2-OC80_minus_IAR-C2,diagnostic_400_500_nm,491.0,useful_LP_axisfree_pair,2.7583859016201666,2.7438456840205525,0.014540217599614103
IAR-C2-OC80_minus_IAR-C2,diagnostic_400_500_nm,492.0,useful_LP_axisfree_pair,2.8172358395879704,2.8033513745836918,0.013884465004278645
IAR-C2-OC80_minus_IAR-C2,diagnostic_400_500_nm,493.0,useful_LP_axisfree_pair,2.8952010201878613,2.883463716445134,0.011737303742727079
IAR-C2-OC80_minus_IAR-C2,diagnostic_400_500_nm,494.0,useful_LP_axisfree_pair,2.9962297964234605,2.987404327875191,0.008825468548269377
IAR-C2-OC80_minus_IAR-C2,diagnostic_400_500_nm,495.0,useful_LP_axisfree_pair,3.102258682480973,3.0964797697950948,0.005778912685878268
IAR-C2-OC80_minus_IAR-C2,diagnostic_400_500_nm,496.0,useful_LP_axisfree_pair,3.18747137274448,3.184816563415822,0.0026548093286580254
IAR-C2-OC80_minus_IAR-C2,diagnostic_400_500_nm,497.0,useful_LP_axisfree_pair,3.2471362213764636,3.2470170434454046,0.000119177931058978
IAR-C2-OC80_minus_IAR-C2,diagnostic_400_500_nm,498.0,useful_LP_axisfree_pair,3.264704416350907,3.2621238969911115,0.002580519359795641
IAR-C2-OC80_minus_IAR-C2,diagnostic_400_500_nm,499.0,useful_LP_axisfree_pair,3.2795996683629003,3.282812752529277,-0.0032130841663766674
IAR-C2-OC80_minus_IAR-C2,diagnostic_400_500_nm,500.0,useful_LP_axisfree_pair,3.3110464511932114,3.315536060198925,-0.004489609005713824
IAR-C2-OC80_minus_IAR-C2,diagnostic_400_500_nm,400.0,useful_LP_over_S0_pair,0.5378290340117429,0.5375054958887444,0.00032353812299845686
IAR-C2-OC80_minus_IAR-C2,diagnostic_400_500_nm,401.0,useful_LP_over_S0_pair,0.5295664466243588,0.5289760559404649,0.0005903906838938822
IAR-C2-OC80_minus_IAR-C2,diagnostic_400_500_nm,402.0,useful_LP_over_S0_pair,0.5185345967991913,0.5181651584750746,0.00036943832411673316
IAR-C2-OC80_minus_IAR-C2,diagnostic_400_500_nm,403.0,useful_LP_over_S0_pair,0.5040792227583205,0.502989665293813,0.0010895574645075623
IAR-C2-OC80_minus_IAR-C2,diagnostic_400_500_nm,404.0,useful_LP_over_S0_pair,0.5066904127040376,0.5067150098177079,-2.4597113670310478e-05
IAR-C2-OC80_minus_IAR-C2,diagnostic_400_500_nm,405.0,useful_LP_over_S0_pair,0.5085132214823804,0.5082384918010734,0.0002747296813070399
IAR-C2-OC80_minus_IAR-C2,diagnostic_400_500_nm,406.0,useful_LP_over_S0_pair,0.5134227272798924,0.5132097347326127,0.00021299254727968897
IAR-C2-OC80_minus_IAR-C2,diagnostic_400_500_nm,407.0,useful_LP_over_S0_pair,0.5292675613660752,0.5296909474697619,-0.0004233861036866404
IAR-C2-OC80_minus_IAR-C2,diagnostic_400_500_nm,408.0,useful_LP_over_S0_pair,0.5423942411273601,0.5436118830639913,-0.0012176419366312086
IAR-C2-OC80_minus_IAR-C2,diagnostic_400_500_nm,409.0,useful_LP_over_S0_pair,0.5387625550046616,0.540462161812814,-0.0016996068081523985
IAR-C2-OC80_minus_IAR-C2,diagnostic_400_500_nm,410.0,useful_LP_over_S0_pair,0.5286651466177309,0.5303193770911047,-0.0016542304733737634
IAR-C2-OC80_minus_IAR-C2,diagnostic_400_500_nm,411.0,useful_LP_over_S0_pair,0.5165478094408642,0.5180009776023516,-0.0014531681614874392
IAR-C2-OC80_minus_IAR-C2,diagnostic_400_500_nm,412.0,useful_LP_over_S0_pair,0.5174656646459513,0.5189499239402912,-0.001484259294339818
IAR-C2-OC80_minus_IAR-C2,diagnostic_400_500_nm,413.0,useful_LP_over_S0_pair,0.5090142170338621,0.510584245474162,-0.0015700284402999642
IAR-C2-OC80_minus_IAR-C2,diagnostic_400_500_nm,414.0,useful_LP_over_S0_pair,0.5092651361573913,0.5072909786640961,0.0019741574932952144
IAR-C2-OC80_minus_IAR-C2,diagnostic_400_500_nm,415.0,useful_LP_over_S0_pair,0.5260356348289129,0.5252197331827921,0.0008159016461207758
IAR-C2-OC80_minus_IAR-C2,diagnostic_400_500_nm,416.0,useful_LP_over_S0_pair,0.5280155761232819,0.5266296084617255,0.0013859676615564087
IAR-C2-OC80_minus_IAR-C2,diagnostic_400_500_nm,417.0,useful_LP_over_S0_pair,0.5373840556464629,0.5350390715523723,0.002344984094090563
IAR-C2-OC80_minus_IAR-C2,diagnostic_400_500_nm,418.0,useful_LP_over_S0_pair,0.5400128945783382,0.5370322524579596,0.0029806421203786293
IAR-C2-OC80_minus_IAR-C2,diagnostic_400_500_nm,419.0,useful_LP_over_S0_pair,0.5249560485806729,0.5204870827652389,0.0044689658154339895
IAR-C2-OC80_minus_IAR-C2,diagnostic_400_500_nm,420.0,useful_LP_over_S0_pair,0.5117940601805006,0.5082210686542705,0.0035729915262300294
IAR-C2-OC80_minus_IAR-C2,diagnostic_400_500_nm,421.0,useful_LP_over_S0_pair,0.5111191829169872,0.5124040504191023,-0.0012848675021150946
IAR-C2-OC80_minus_IAR-C2,diagnostic_400_500_nm,422.0,useful_LP_over_S0_pair,0.5122838289079545,0.5138134267288638,-0.0015295978209092231
IAR-C2-OC80_minus_IAR-C2,diagnostic_400_500_nm,423.0,useful_LP_over_S0_pair,0.5108741551530162,0.5114891358093102,-0.0006149806562940618
IAR-C2-OC80_minus_IAR-C2,diagnostic_400_500_nm,424.0,useful_LP_over_S0_pair,0.508465074624867,0.5084108340963986,5.424052846836336e-05
IAR-C2-OC80_minus_IAR-C2,diagnostic_400_500_nm,425.0,useful_LP_over_S0_pair,0.5054810622606825,0.5043737157802077,0.0011073464804747246
IAR-C2-OC80_minus_IAR-C2,diagnostic_400_500_nm,426.0,useful_LP_over_S0_pair,0.5043112153845007,0.5034030884694397,0.000908126915061036
IAR-C2-OC80_minus_IAR-C2,diagnostic_400_500_nm,427.0,useful_LP_over_S0_pair,0.5092146725057562,0.5076631252252727,0.0015515472804835673
IAR-C2-OC80_minus_IAR-C2,diagnostic_400_500_nm,428.0,useful_LP_over_S0_pair,0.5097887012062193,0.5084805740004233,0.0013081272057959836
IAR-C2-OC80_minus_IAR-C2,diagnostic_400_500_nm,429.0,useful_LP_over_S0_pair,0.5082214867595733,0.5082737739702682,-5.228721069483466e-05
IAR-C2-OC80_minus_IAR-C2,diagnostic_400_500_nm,430.0,useful_LP_over_S0_pair,0.5066792021234716,0.5060782520961846,0.000600950027286995
IAR-C2-OC80_minus_IAR-C2,diagnostic_400_500_nm,431.0,useful_LP_over_S0_pair,0.5062571685428856,0.5059786801743793,0.0002784883685063022
IAR-C2-OC80_minus_IAR-C2,diagnostic_400_500_nm,432.0,useful_LP_over_S0_pair,0.5130855535067124,0.5127217486227886,0.0003638048839237351
IAR-C2-OC80_minus_IAR-C2,diagnostic_400_500_nm,433.0,useful_LP_over_S0_pair,0.516978775541614,0.516436445068608,0.000542330473006003
IAR-C2-OC80_minus_IAR-C2,diagnostic_400_500_nm,434.0,useful_LP_over_S0_pair,0.5181137405838658,0.5178003703243788,0.000313370259487078
IAR-C2-OC80_minus_IAR-C2,diagnostic_400_500_nm,435.0,useful_LP_over_S0_pair,0.5144615758017379,0.5135705068108946,0.0008910689908433467
IAR-C2-OC80_minus_IAR-C2,diagnostic_400_500_nm,436.0,useful_LP_over_S0_pair,0.5192976960922223,0.5190479961904525,0.0002496999017698176
IAR-C2-OC80_minus_IAR-C2,diagnostic_400_500_nm,437.0,useful_LP_over_S0_pair,0.5249676243520293,0.5247524246113512,0.00021519974067807368
IAR-C2-OC80_minus_IAR-C2,diagnostic_400_500_nm,438.0,useful_LP_over_S0_pair,0.53474577620787,0.5349313743336821,-0.000185598125812092
IAR-C2-OC80_minus_IAR-C2,diagnostic_400_500_nm,439.0,useful_LP_over_S0_pair,0.5400200330715396,0.5407433593109278,-0.0007233262393882001
IAR-C2-OC80_minus_IAR-C2,diagnostic_400_500_nm,440.0,useful_LP_over_S0_pair,0.5396279442658798,0.540937170345964,-0.0013092260800842137
IAR-C2-OC80_minus_IAR-C2,diagnostic_400_500_nm,441.0,useful_LP_over_S0_pair,0.5341042272178553,0.5348024353908204,-0.0006982081729650647
IAR-C2-OC80_minus_IAR-C2,diagnostic_400_500_nm,442.0,useful_LP_over_S0_pair,0.5271394436803007,0.5264102261935685,0.0007292174867322698
IAR-C2-OC80_minus_IAR-C2,diagnostic_400_500_nm,443.0,useful_LP_over_S0_pair,0.5200702594928344,0.5175187091678517,0.0025515503249826654
IAR-C2-OC80_minus_IAR-C2,diagnostic_400_500_nm,444.0,useful_LP_over_S0_pair,0.5200638705797855,0.5165929614835597,0.003470909096225827
IAR-C2-OC80_minus_IAR-C2,diagnostic_400_500_nm,445.0,useful_LP_over_S0_pair,0.5195273534627021,0.515111324627853,0.0044160288348490395
IAR-C2-OC80_minus_IAR-C2,diagnostic_400_500_nm,446.0,useful_LP_over_S0_pair,0.5204792091204178,0.5155127913426443,0.004966417777773513
IAR-C2-OC80_minus_IAR-C2,diagnostic_400_500_nm,447.0,useful_LP_over_S0_pair,0.5223117824866926,0.5173184043259416,0.004993378160751072
IAR-C2-OC80_minus_IAR-C2,diagnostic_400_500_nm,448.0,useful_LP_over_S0_pair,0.5268808259720292,0.522133099247443,0.004747726724586232
IAR-C2-OC80_minus_IAR-C2,diagnostic_400_500_nm,449.0,useful_LP_over_S0_pair,0.530843423765201,0.5267698723901318,0.004073551375069151
IAR-C2-OC80_minus_IAR-C2,diagnostic_400_500_nm,450.0,useful_LP_over_S0_pair,0.5315580291465463,0.5280048346593128,0.0035531944872334575
IAR-C2-OC80_minus_IAR-C2,diagnostic_400_500_nm,451.0,useful_LP_over_S0_pair,0.5333250695745198,0.5310088610758984,0.0023162084986213527
IAR-C2-OC80_minus_IAR-C2,diagnostic_400_500_nm,452.0,useful_LP_over_S0_pair,0.5344280047276592,0.5324390499859469,0.0019889547417122344
IAR-C2-OC80_minus_IAR-C2,diagnostic_400_500_nm,453.0,useful_LP_over_S0_pair,0.527269996555476,0.5246141295323223,0.0026558670231536796
IAR-C2-OC80_minus_IAR-C2,diagnostic_400_500_nm,454.0,useful_LP_over_S0_pair,0.5167440480041375,0.5137319603187657,0.003012087685371867
IAR-C2-OC80_minus_IAR-C2,diagnostic_400_500_nm,455.0,useful_LP_over_S0_pair,0.5115578461094463,0.5093697482226603,0.002188097886785978
IAR-C2-OC80_minus_IAR-C2,diagnostic_400_500_nm,456.0,useful_LP_over_S0_pair,0.5091144809677016,0.508010263665946,0.0011042173017555834
IAR-C2-OC80_minus_IAR-C2,diagnostic_400_500_nm,457.0,useful_LP_over_S0_pair,0.508901852815456,0.5094563302606951,-0.0005544774452391765
IAR-C2-OC80_minus_IAR-C2,diagnostic_400_500_nm,458.0,useful_LP_over_S0_pair,0.511029125438659,0.5125398768157,-0.001510751377041042
IAR-C2-OC80_minus_IAR-C2,diagnostic_400_500_nm,459.0,useful_LP_over_S0_pair,0.5150592953075206,0.5170136427936031,-0.001954347486082475
IAR-C2-OC80_minus_IAR-C2,diagnostic_400_500_nm,460.0,useful_LP_over_S0_pair,0.5139283040251373,0.5153746085453619,-0.0014463045202245395
IAR-C2-OC80_minus_IAR-C2,diagnostic_400_500_nm,461.0,useful_LP_over_S0_pair,0.5111553979845479,0.5111848422608265,-2.944427627860069e-05
IAR-C2-OC80_minus_IAR-C2,diagnostic_400_500_nm,462.0,useful_LP_over_S0_pair,0.5123950027833628,0.5111396146597768,0.0012553881235860542
IAR-C2-OC80_minus_IAR-C2,diagnostic_400_500_nm,463.0,useful_LP_over_S0_pair,0.5123898656965687,0.5096151034771301,0.00277476221943862
IAR-C2-OC80_minus_IAR-C2,diagnostic_400_500_nm,464.0,useful_LP_over_S0_pair,0.5153675021422767,0.5124365715115252,0.0029309306307514493
IAR-C2-OC80_minus_IAR-C2,diagnostic_400_500_nm,465.0,useful_LP_over_S0_pair,0.5163496262251144,0.5136338957514768,0.002715730473637601
IAR-C2-OC80_minus_IAR-C2,diagnostic_400_500_nm,466.0,useful_LP_over_S0_pair,0.5137315050682328,0.5109310316123404,0.002800473455892405
IAR-C2-OC80_minus_IAR-C2,diagnostic_400_500_nm,467.0,useful_LP_over_S0_pair,0.5108062247325426,0.508315661732658,0.0024905629998845935
IAR-C2-OC80_minus_IAR-C2,diagnostic_400_500_nm,468.0,useful_LP_over_S0_pair,0.5084235193248433,0.507651584060126,0.000771935264717305
IAR-C2-OC80_minus_IAR-C2,diagnostic_400_500_nm,469.0,useful_LP_over_S0_pair,0.5083676897209678,0.5093343840252618,-0.0009666943042939691
IAR-C2-OC80_minus_IAR-C2,diagnostic_400_500_nm,470.0,useful_LP_over_S0_pair,0.5095618820177523,0.5110853681661462,-0.0015234861483939266
IAR-C2-OC80_minus_IAR-C2,diagnostic_400_500_nm,471.0,useful_LP_over_S0_pair,0.5100349160368433,0.5115993173794768,-0.0015644013426335812
IAR-C2-OC80_minus_IAR-C2,diagnostic_400_500_nm,472.0,useful_LP_over_S0_pair,0.5101914844642339,0.5115978154640872,-0.0014063309998533224
IAR-C2-OC80_minus_IAR-C2,diagnostic_400_500_nm,473.0,useful_LP_over_S0_pair,0.513026242667407,0.5142052959416724,-0.0011790532742653737
IAR-C2-OC80_minus_IAR-C2,diagnostic_400_500_nm,474.0,useful_LP_over_S0_pair,0.517439495565092,0.5185051376707278,-0.0010656421056358667
IAR-C2-OC80_minus_IAR-C2,diagnostic_400_500_nm,475.0,useful_LP_over_S0_pair,0.5216067003342724,0.5226730947398853,-0.0010663944056129582
IAR-C2-OC80_minus_IAR-C2,diagnostic_400_500_nm,476.0,useful_LP_over_S0_pair,0.5286761155714863,0.5299176687070611,-0.0012415531355748355
IAR-C2-OC80_minus_IAR-C2,diagnostic_400_500_nm,477.0,useful_LP_over_S0_pair,0.5348196963348566,0.5363121202248967,-0.0014924238900401177
IAR-C2-OC80_minus_IAR-C2,diagnostic_400_500_nm,478.0,useful_LP_over_S0_pair,0.5349483632905246,0.5365703963983125,-0.001622033107787857
IAR-C2-OC80_minus_IAR-C2,diagnostic_400_500_nm,479.0,useful_LP_over_S0_pair,0.5372683412778096,0.5390229897579988,-0.001754648480189136
IAR-C2-OC80_minus_IAR-C2,diagnostic_400_500_nm,480.0,useful_LP_over_S0_pair,0.5387377325050048,0.5404621958174818,-0.0017244633124769981
IAR-C2-OC80_minus_IAR-C2,diagnostic_400_500_nm,481.0,useful_LP_over_S0_pair,0.5379042888638179,0.5394011033819142,-0.0014968145180962455
IAR-C2-OC80_minus_IAR-C2,diagnostic_400_500_nm,482.0,useful_LP_over_S0_pair,0.5355578396610112,0.5366452557836769,-0.0010874161226657186
IAR-C2-OC80_minus_IAR-C2,diagnostic_400_500_nm,483.0,useful_LP_over_S0_pair,0.5336876924482864,0.5342455708506415,-0.0005578784023551053
IAR-C2-OC80_minus_IAR-C2,diagnostic_400_500_nm,484.0,useful_LP_over_S0_pair,0.5332161600462791,0.5331951033441421,2.1056702137034478e-05
IAR-C2-OC80_minus_IAR-C2,diagnostic_400_500_nm,485.0,useful_LP_over_S0_pair,0.5343745369780106,0.533840478236972,0.0005340587410386233
IAR-C2-OC80_minus_IAR-C2,diagnostic_400_500_nm,486.0,useful_LP_over_S0_pair,0.5359203291147303,0.5352012099566626,0.0007191191580676604
IAR-C2-OC80_minus_IAR-C2,diagnostic_400_500_nm,487.0,useful_LP_over_S0_pair,0.5391971030205449,0.5383777816747027,0.0008193213458421722
IAR-C2-OC80_minus_IAR-C2,diagnostic_400_500_nm,488.0,useful_LP_over_S0_pair,0.5402701540993577,0.5389340900010787,0.0013360640982790217
IAR-C2-OC80_minus_IAR-C2,diagnostic_400_500_nm,489.0,useful_LP_over_S0_pair,0.5433328671465992,0.5418630466882584,0.0014698204583408758
IAR-C2-OC80_minus_IAR-C2,diagnostic_400_500_nm,490.0,useful_LP_over_S0_pair,0.5431465043368816,0.5414030071479308,0.0017434971889508377
IAR-C2-OC80_minus_IAR-C2,diagnostic_400_500_nm,491.0,useful_LP_over_S0_pair,0.5438535392586581,0.5421039218460393,0.001749617412618809
IAR-C2-OC80_minus_IAR-C2,diagnostic_400_500_nm,492.0,useful_LP_over_S0_pair,0.5428168461227622,0.54108908463278,0.0017277614899821048
IAR-C2-OC80_minus_IAR-C2,diagnostic_400_500_nm,493.0,useful_LP_over_S0_pair,0.5408972502678253,0.5393526737376025,0.0015445765302227743
IAR-C2-OC80_minus_IAR-C2,diagnostic_400_500_nm,494.0,useful_LP_over_S0_pair,0.5379527187274058,0.5366731705656607,0.0012795481617451365
IAR-C2-OC80_minus_IAR-C2,diagnostic_400_500_nm,495.0,useful_LP_over_S0_pair,0.534459532852919,0.5334239912307794,0.0010355416221395908
IAR-C2-OC80_minus_IAR-C2,diagnostic_400_500_nm,496.0,useful_LP_over_S0_pair,0.5316754268201171,0.5308566749557052,0.0008187518644119374
IAR-C2-OC80_minus_IAR-C2,diagnostic_400_500_nm,497.0,useful_LP_over_S0_pair,0.5297855410791176,0.5290887215430041,0.0006968195361134466
IAR-C2-OC80_minus_IAR-C2,diagnostic_400_500_nm,498.0,useful_LP_over_S0_pair,0.5261150424412163,0.5247157221509638,0.0013993202902524704
IAR-C2-OC80_minus_IAR-C2,diagnostic_400_500_nm,499.0,useful_LP_over_S0_pair,0.5322712730056208,0.5316163833015127,0.000654889704108097
IAR-C2-OC80_minus_IAR-C2,diagnostic_400_500_nm,500.0,useful_LP_over_S0_pair,0.532908028533881,0.5321553697021608,0.0007526588317201544
IAR-C2-OC80_minus_IAR-C2,diagnostic_400_500_nm,400.0,normal_5deg_DoLP,0.14210480093050523,0.11594941302486848,0.02615538790563675
IAR-C2-OC80_minus_IAR-C2,diagnostic_400_500_nm,401.0,normal_5deg_DoLP,0.22382878559348227,0.20236866455578753,0.021460121037694735
IAR-C2-OC80_minus_IAR-C2,diagnostic_400_500_nm,402.0,normal_5deg_DoLP,0.33840523843812403,0.3133213994072028,0.025083839030921207
IAR-C2-OC80_minus_IAR-C2,diagnostic_400_500_nm,403.0,normal_5deg_DoLP,0.318934296639047,0.3158545757561061,0.003079720882940895
IAR-C2-OC80_minus_IAR-C2,diagnostic_400_500_nm,404.0,normal_5deg_DoLP,0.25883621883003666,0.2536847389813301,0.005151479848706564
IAR-C2-OC80_minus_IAR-C2,diagnostic_400_500_nm,405.0,normal_5deg_DoLP,0.08854986119332052,0.07123252291799224,0.017317338275328276
IAR-C2-OC80_minus_IAR-C2,diagnostic_400_500_nm,406.0,normal_5deg_DoLP,0.024718698601039226,0.02913860441459663,-0.004419905813557404
IAR-C2-OC80_minus_IAR-C2,diagnostic_400_500_nm,407.0,normal_5deg_DoLP,0.12152404622770142,0.11581459656694505,0.005709449660756372
IAR-C2-OC80_minus_IAR-C2,diagnostic_400_500_nm,408.0,normal_5deg_DoLP,0.2112501445942303,0.21894386246525097,-0.007693717871020661
IAR-C2-OC80_minus_IAR-C2,diagnostic_400_500_nm,409.0,normal_5deg_DoLP,0.2534207062266276,0.2597818627374699,-0.006361156510842292
IAR-C2-OC80_minus_IAR-C2,diagnostic_400_500_nm,410.0,normal_5deg_DoLP,0.24512616931152048,0.24964272043731348,-0.004516551125792995
IAR-C2-OC80_minus_IAR-C2,diagnostic_400_500_nm,411.0,normal_5deg_DoLP,0.28138549873555224,0.28417725374732944,-0.002791755011777197
IAR-C2-OC80_minus_IAR-C2,diagnostic_400_500_nm,412.0,normal_5deg_DoLP,0.38848715184045796,0.3904129289866291,-0.0019257771461711481
IAR-C2-OC80_minus_IAR-C2,diagnostic_400_500_nm,413.0,normal_5deg_DoLP,0.4305496180261312,0.4278800387167622,0.0026695793093689524
IAR-C2-OC80_minus_IAR-C2,diagnostic_400_500_nm,414.0,normal_5deg_DoLP,0.3786304590010478,0.387868523868732,-0.009238064867684193
IAR-C2-OC80_minus_IAR-C2,diagnostic_400_500_nm,415.0,normal_5deg_DoLP,0.3548753891619256,0.37713304692664645,-0.02225765776472083
IAR-C2-OC80_minus_IAR-C2,diagnostic_400_500_nm,416.0,normal_5deg_DoLP,0.2395867498531191,0.249238413563064,-0.009651663709944913
IAR-C2-OC80_minus_IAR-C2,diagnostic_400_500_nm,417.0,normal_5deg_DoLP,0.06826434338506725,0.06520206289595336,0.003062280489113889
IAR-C2-OC80_minus_IAR-C2,diagnostic_400_500_nm,418.0,normal_5deg_DoLP,0.01155726317589763,0.0069526876316702005,0.004604575544227429
IAR-C2-OC80_minus_IAR-C2,diagnostic_400_500_nm,419.0,normal_5deg_DoLP,0.1682064632593094,0.17735661120975732,-0.009150147950447912
IAR-C2-OC80_minus_IAR-C2,diagnostic_400_500_nm,420.0,normal_5deg_DoLP,0.3497177072252436,0.37242845911393646,-0.02271075188869287
IAR-C2-OC80_minus_IAR-C2,diagnostic_400_500_nm,421.0,normal_5deg_DoLP,0.3846153980284129,0.4009887813422147,-0.016373383313801837
IAR-C2-OC80_minus_IAR-C2,diagnostic_400_500_nm,422.0,normal_5deg_DoLP,0.3824750468021955,0.39073551901063325,-0.00826047220843773
IAR-C2-OC80_minus_IAR-C2,diagnostic_400_500_nm,423.0,normal_5deg_DoLP,0.37694489708888923,0.3770103013947685,-6.54043058792575e-05
IAR-C2-OC80_minus_IAR-C2,diagnostic_400_500_nm,424.0,normal_5deg_DoLP,0.3649047264875734,0.35868579189259453,0.006218934594978853
IAR-C2-OC80_minus_IAR-C2,diagnostic_400_500_nm,425.0,normal_5deg_DoLP,0.35034090891578495,0.33879642317969905,0.011544485736085908
IAR-C2-OC80_minus_IAR-C2,diagnostic_400_500_nm,426.0,normal_5deg_DoLP,0.3485910448905347,0.3266681246410372,0.02192292024949749
IAR-C2-OC80_minus_IAR-C2,diagnostic_400_500_nm,427.0,normal_5deg_DoLP,0.3709838990002146,0.3388300933029976,0.032153805697216986
IAR-C2-OC80_minus_IAR-C2,diagnostic_400_500_nm,428.0,normal_5deg_DoLP,0.2968850675249973,0.25769704025374696,0.03918802727125037
IAR-C2-OC80_minus_IAR-C2,diagnostic_400_500_nm,429.0,normal_5deg_DoLP,0.17163402740154665,0.13138921040544124,0.04024481699610541
IAR-C2-OC80_minus_IAR-C2,diagnostic_400_500_nm,430.0,normal_5deg_DoLP,0.0884045806966125,0.06857701998341442,0.019827560713198078
IAR-C2-OC80_minus_IAR-C2,diagnostic_400_500_nm,431.0,normal_5deg_DoLP,0.09576035082772692,0.10654456967382295,-0.010784218846096025
IAR-C2-OC80_minus_IAR-C2,diagnostic_400_500_nm,432.0,normal_5deg_DoLP,0.052677624025365195,0.061265007556126856,-0.00858738353076166
IAR-C2-OC80_minus_IAR-C2,diagnostic_400_500_nm,433.0,normal_5deg_DoLP,0.04301654004499428,0.039952469171295066,0.0030640708736992123
IAR-C2-OC80_minus_IAR-C2,diagnostic_400_500_nm,434.0,normal_5deg_DoLP,0.24543097031698377,0.2545685363616504,-0.009137566044666617
IAR-C2-OC80_minus_IAR-C2,diagnostic_400_500_nm,435.0,normal_5deg_DoLP,0.3607622297635137,0.3806530784532028,-0.0198908486896891
IAR-C2-OC80_minus_IAR-C2,diagnostic_400_500_nm,436.0,normal_5deg_DoLP,0.43200567220145025,0.45038085070116557,-0.018375178499715317
IAR-C2-OC80_minus_IAR-C2,diagnostic_400_500_nm,437.0,normal_5deg_DoLP,0.5096084510145618,0.5239974009310486,-0.01438894991648687
IAR-C2-OC80_minus_IAR-C2,diagnostic_400_500_nm,438.0,normal_5deg_DoLP,0.6014465831733062,0.6121746280378303,-0.010728044864524056
IAR-C2-OC80_minus_IAR-C2,diagnostic_400_500_nm,439.0,normal_5deg_DoLP,0.637373864606022,0.6448354976529477,-0.007461633046925709
IAR-C2-OC80_minus_IAR-C2,diagnostic_400_500_nm,440.0,normal_5deg_DoLP,0.645874493145239,0.6526421599691851,-0.006767666823946028
IAR-C2-OC80_minus_IAR-C2,diagnostic_400_500_nm,441.0,normal_5deg_DoLP,0.6187066335025982,0.6241218735699041,-0.005415240067305871
IAR-C2-OC80_minus_IAR-C2,diagnostic_400_500_nm,442.0,normal_5deg_DoLP,0.5586588393119424,0.560717306031079,-0.0020584667191366757
IAR-C2-OC80_minus_IAR-C2,diagnostic_400_500_nm,443.0,normal_5deg_DoLP,0.4841800648290079,0.4816310273814706,0.0025490374475372612
IAR-C2-OC80_minus_IAR-C2,diagnostic_400_500_nm,444.0,normal_5deg_DoLP,0.43801606032455853,0.4286167844666281,0.009399275857930434
IAR-C2-OC80_minus_IAR-C2,diagnostic_400_500_nm,445.0,normal_5deg_DoLP,0.4033282205570744,0.38487155863234623,0.018456661924728168
IAR-C2-OC80_minus_IAR-C2,diagnostic_400_500_nm,446.0,normal_5deg_DoLP,0.3313874776331376,0.2964896056769789,0.03489787195615868
IAR-C2-OC80_minus_IAR-C2,diagnostic_400_500_nm,447.0,normal_5deg_DoLP,0.272007685518208,0.2165451846912622,0.05546250082694579
IAR-C2-OC80_minus_IAR-C2,diagnostic_400_500_nm,448.0,normal_5deg_DoLP,0.24124528764781464,0.17874121911350582,0.06250406853430882
IAR-C2-OC80_minus_IAR-C2,diagnostic_400_500_nm,449.0,normal_5deg_DoLP,0.20409097540209414,0.14888491090918277,0.05520606449291138
IAR-C2-OC80_minus_IAR-C2,diagnostic_400_500_nm,450.0,normal_5deg_DoLP,0.20368996486265184,0.15657188116863333,0.047118083694018514
IAR-C2-OC80_minus_IAR-C2,diagnostic_400_500_nm,451.0,normal_5deg_DoLP,0.28915430021913324,0.25194732112421797,0.03720697909491527
IAR-C2-OC80_minus_IAR-C2,diagnostic_400_500_nm,452.0,normal_5deg_DoLP,0.45214362552946846,0.4270636439486978,0.025079981580770683
IAR-C2-OC80_minus_IAR-C2,diagnostic_400_500_nm,453.0,normal_5deg_DoLP,0.6989985647198712,0.6919995726048583,0.00699899211501287
IAR-C2-OC80_minus_IAR-C2,diagnostic_400_500_nm,454.0,normal_5deg_DoLP,0.8115475500530742,0.8151374683975362,-0.003589918344461984
IAR-C2-OC80_minus_IAR-C2,diagnostic_400_500_nm,455.0,normal_5deg_DoLP,0.8377324078936764,0.8475473843762719,-0.009814976482595439
IAR-C2-OC80_minus_IAR-C2,diagnostic_400_500_nm,456.0,normal_5deg_DoLP,0.8333924425578498,0.8492174028846459,-0.015824960326796034
IAR-C2-OC80_minus_IAR-C2,diagnostic_400_500_nm,457.0,normal_5deg_DoLP,0.811915889677454,0.8346209580793442,-0.022705068401890238
IAR-C2-OC80_minus_IAR-C2,diagnostic_400_500_nm,458.0,normal_5deg_DoLP,0.7970608627385943,0.8236099769197321,-0.026549114181137812
IAR-C2-OC80_minus_IAR-C2,diagnostic_400_500_nm,459.0,normal_5deg_DoLP,0.7883610409928483,0.8148213147585505,-0.026460273765702147
IAR-C2-OC80_minus_IAR-C2,diagnostic_400_500_nm,460.0,normal_5deg_DoLP,0.7791492877010635,0.8027653407416547,-0.023616053040591223
IAR-C2-OC80_minus_IAR-C2,diagnostic_400_500_nm,461.0,normal_5deg_DoLP,0.7570375464675841,0.7775028158538879,-0.020465269386303775
IAR-C2-OC80_minus_IAR-C2,diagnostic_400_500_nm,462.0,normal_5deg_DoLP,0.7377302530629206,0.7550834098960222,-0.01735315683310157
IAR-C2-OC80_minus_IAR-C2,diagnostic_400_500_nm,463.0,normal_5deg_DoLP,0.7199154188607629,0.7370441685861722,-0.01712874972540923
IAR-C2-OC80_minus_IAR-C2,diagnostic_400_500_nm,464.0,normal_5deg_DoLP,0.7208887389465473,0.7366809807476048,-0.01579224180105754
IAR-C2-OC80_minus_IAR-C2,diagnostic_400_500_nm,465.0,normal_5deg_DoLP,0.7300639084472272,0.7431676399058189,-0.013103731458591672
IAR-C2-OC80_minus_IAR-C2,diagnostic_400_500_nm,466.0,normal_5deg_DoLP,0.728828775622741,0.739386234854271,-0.010557459231530064
IAR-C2-OC80_minus_IAR-C2,diagnostic_400_500_nm,467.0,normal_5deg_DoLP,0.7016002785930129,0.7098352346000173,-0.008234956007004413
IAR-C2-OC80_minus_IAR-C2,diagnostic_400_500_nm,468.0,normal_5deg_DoLP,0.6335405097561202,0.6398727744757061,-0.006332264719585923
IAR-C2-OC80_minus_IAR-C2,diagnostic_400_500_nm,469.0,normal_5deg_DoLP,0.5164250275775261,0.5198063785051052,-0.0033813509275791853
IAR-C2-OC80_minus_IAR-C2,diagnostic_400_500_nm,470.0,normal_5deg_DoLP,0.4119014521652935,0.4102204992447441,0.0016809529205494278
IAR-C2-OC80_minus_IAR-C2,diagnostic_400_500_nm,471.0,normal_5deg_DoLP,0.37532513119713395,0.3694117835833108,0.005913347613823172
IAR-C2-OC80_minus_IAR-C2,diagnostic_400_500_nm,472.0,normal_5deg_DoLP,0.386367827087891,0.3796627205431989,0.006705106544692141
IAR-C2-OC80_minus_IAR-C2,diagnostic_400_500_nm,473.0,normal_5deg_DoLP,0.37282884009755285,0.36462137258215593,0.008207467515396916
IAR-C2-OC80_minus_IAR-C2,diagnostic_400_500_nm,474.0,normal_5deg_DoLP,0.2798869442006285,0.2640616717427093,0.015825272457919204
IAR-C2-OC80_minus_IAR-C2,diagnostic_400_500_nm,475.0,normal_5deg_DoLP,0.2138775133111649,0.18680454203399502,0.02707297127716987
IAR-C2-OC80_minus_IAR-C2,diagnostic_400_500_nm,476.0,normal_5deg_DoLP,0.23964475261659937,0.20319504341502306,0.03644970920157631
IAR-C2-OC80_minus_IAR-C2,diagnostic_400_500_nm,477.0,normal_5deg_DoLP,0.222043928828463,0.1738493054627588,0.04819462336570418
IAR-C2-OC80_minus_IAR-C2,diagnostic_400_500_nm,478.0,normal_5deg_DoLP,0.20355719910551787,0.14948234732907842,0.05407485177643945
IAR-C2-OC80_minus_IAR-C2,diagnostic_400_500_nm,479.0,normal_5deg_DoLP,0.18027819981026877,0.12910711575768039,0.051171084052588384
IAR-C2-OC80_minus_IAR-C2,diagnostic_400_500_nm,480.0,normal_5deg_DoLP,0.17599290392622965,0.13838731114989955,0.037605592776330105
IAR-C2-OC80_minus_IAR-C2,diagnostic_400_500_nm,481.0,normal_5deg_DoLP,0.20489243184190759,0.18520447153671685,0.019687960305190738
IAR-C2-OC80_minus_IAR-C2,diagnostic_400_500_nm,482.0,normal_5deg_DoLP,0.22583722660017033,0.21527505061424423,0.010562175985926098
IAR-C2-OC80_minus_IAR-C2,diagnostic_400_500_nm,483.0,normal_5deg_DoLP,0.23218017599010723,0.2255162407837562,0.006663935206351029
IAR-C2-OC80_minus_IAR-C2,diagnostic_400_500_nm,484.0,normal_5deg_DoLP,0.23627600041651398,0.2317281405690741,0.0045478598474398835
IAR-C2-OC80_minus_IAR-C2,diagnostic_400_500_nm,485.0,normal_5deg_DoLP,0.25857641251904395,0.2571014387423168,0.0014749737767271731
IAR-C2-OC80_minus_IAR-C2,diagnostic_400_500_nm,486.0,normal_5deg_DoLP,0.2941670593926615,0.2942313596914198,-6.430029875825749e-05
IAR-C2-OC80_minus_IAR-C2,diagnostic_400_500_nm,487.0,normal_5deg_DoLP,0.3408047284731747,0.3425533549670125,-0.0017486264938377793
IAR-C2-OC80_minus_IAR-C2,diagnostic_400_500_nm,488.0,normal_5deg_DoLP,0.29652587519427515,0.2996473786618528,-0.0031215034675776687
IAR-C2-OC80_minus_IAR-C2,diagnostic_400_500_nm,489.0,normal_5deg_DoLP,0.24839129770047821,0.25026500768793164,-0.0018737099874534258
IAR-C2-OC80_minus_IAR-C2,diagnostic_400_500_nm,490.0,normal_5deg_DoLP,0.2503272443218686,0.25387833850996516,-0.0035510941880965707
IAR-C2-OC80_minus_IAR-C2,diagnostic_400_500_nm,491.0,normal_5deg_DoLP,0.4175444218445397,0.42454271428982465,-0.006998292445284937
IAR-C2-OC80_minus_IAR-C2,diagnostic_400_500_nm,492.0,normal_5deg_DoLP,0.4704896243275075,0.4805312104041088,-0.010041586076601272
IAR-C2-OC80_minus_IAR-C2,diagnostic_400_500_nm,493.0,normal_5deg_DoLP,0.4492888596132716,0.46296515986963255,-0.013676300256360963
IAR-C2-OC80_minus_IAR-C2,diagnostic_400_500_nm,494.0,normal_5deg_DoLP,0.3562958848961543,0.37091907831862553,-0.014623193422471203
IAR-C2-OC80_minus_IAR-C2,diagnostic_400_500_nm,495.0,normal_5deg_DoLP,0.21727180836087484,0.22533288429971338,-0.008061075938838536
IAR-C2-OC80_minus_IAR-C2,diagnostic_400_500_nm,496.0,normal_5deg_DoLP,0.11138443344913185,0.09633468189132763,0.01504975155780422
IAR-C2-OC80_minus_IAR-C2,diagnostic_400_500_nm,497.0,normal_5deg_DoLP,0.1474365688000367,0.11706349201140005,0.03037307678863664
IAR-C2-OC80_minus_IAR-C2,diagnostic_400_500_nm,498.0,normal_5deg_DoLP,0.27457783828550447,0.25180652995957287,0.022771308325931605
IAR-C2-OC80_minus_IAR-C2,diagnostic_400_500_nm,499.0,normal_5deg_DoLP,0.3396541493830274,0.3135384655202088,0.026115683862818595
IAR-C2-OC80_minus_IAR-C2,diagnostic_400_500_nm,500.0,normal_5deg_DoLP,0.3004735284483029,0.25895385249175473,0.04151967595654815
IAR-C2-OC80_minus_IAR-C2,diagnostic_400_500_nm,400.0,normal_10deg_DoLP,0.08443812031918718,0.06770544371499806,0.016732676604189117
IAR-C2-OC80_minus_IAR-C2,diagnostic_400_500_nm,401.0,normal_10deg_DoLP,0.1285580952418787,0.11833046984498638,0.010227625396892315
IAR-C2-OC80_minus_IAR-C2,diagnostic_400_500_nm,402.0,normal_10deg_DoLP,0.21290148696482006,0.20739766904452048,0.005503817920299581
IAR-C2-OC80_minus_IAR-C2,diagnostic_400_500_nm,403.0,normal_10deg_DoLP,0.2602748475949421,0.25683479645876095,0.003440051136181177
IAR-C2-OC80_minus_IAR-C2,diagnostic_400_500_nm,404.0,normal_10deg_DoLP,0.25411978692222914,0.2512254935131806,0.002894293409048565
IAR-C2-OC80_minus_IAR-C2,diagnostic_400_500_nm,405.0,normal_10deg_DoLP,0.24320430664990286,0.23570214122161784,0.007502165428285024
IAR-C2-OC80_minus_IAR-C2,diagnostic_400_500_nm,406.0,normal_10deg_DoLP,0.29666874612906285,0.29465136217608723,0.0020173839529756266
IAR-C2-OC80_minus_IAR-C2,diagnostic_400_500_nm,407.0,normal_10deg_DoLP,0.3341846922442515,0.3380346232664675,-0.00384993102221598
IAR-C2-OC80_minus_IAR-C2,diagnostic_400_500_nm,408.0,normal_10deg_DoLP,0.3589396458972579,0.3692728466436685,-0.010333200746410587
IAR-C2-OC80_minus_IAR-C2,diagnostic_400_500_nm,409.0,normal_10deg_DoLP,0.3847249381908447,0.3918195739482241,-0.007094635757379397
IAR-C2-OC80_minus_IAR-C2,diagnostic_400_500_nm,410.0,normal_10deg_DoLP,0.4107665639208324,0.4159670971162656,-0.005200533195433232
IAR-C2-OC80_minus_IAR-C2,diagnostic_400_500_nm,411.0,normal_10deg_DoLP,0.41415836623866437,0.41944288488331155,-0.005284518644647185
IAR-C2-OC80_minus_IAR-C2,diagnostic_400_500_nm,412.0,normal_10deg_DoLP,0.38304558884065765,0.3884883392760547,-0.005442750435397048
IAR-C2-OC80_minus_IAR-C2,diagnostic_400_500_nm,413.0,normal_10deg_DoLP,0.34357013341909237,0.34880129130630005,-0.0052311578872076825
IAR-C2-OC80_minus_IAR-C2,diagnostic_400_500_nm,414.0,normal_10deg_DoLP,0.2836985719939736,0.29814288773904773,-0.014444315745074154
IAR-C2-OC80_minus_IAR-C2,diagnostic_400_500_nm,415.0,normal_10deg_DoLP,0.2045649464551586,0.22735796184761278,-0.02279301539245418
IAR-C2-OC80_minus_IAR-C2,diagnostic_400_500_nm,416.0,normal_10deg_DoLP,0.1390354168237455,0.15551358177615024,-0.016478164952404728
IAR-C2-OC80_minus_IAR-C2,diagnostic_400_500_nm,417.0,normal_10deg_DoLP,0.10277624198859348,0.11028290516189695,-0.007506663173303479
IAR-C2-OC80_minus_IAR-C2,diagnostic_400_500_nm,418.0,normal_10deg_DoLP,0.09340517221571909,0.09380003370525966,-0.0003948614895405711
IAR-C2-OC80_minus_IAR-C2,diagnostic_400_500_nm,419.0,normal_10deg_DoLP,0.14468579966337938,0.13773990365794872,0.006945896005430663
IAR-C2-OC80_minus_IAR-C2,diagnostic_400_500_nm,420.0,normal_10deg_DoLP,0.17627625407960834,0.17455778139665815,0.001718472682950195
IAR-C2-OC80_minus_IAR-C2,diagnostic_400_500_nm,421.0,normal_10deg_DoLP,0.1556984602682737,0.15960192957787248,-0.003903469309598784
IAR-C2-OC80_minus_IAR-C2,diagnostic_400_500_nm,422.0,normal_10deg_DoLP,0.1492272670762449,0.15492842738726834,-0.00570116031102344
IAR-C2-OC80_minus_IAR-C2,diagnostic_400_500_nm,423.0,normal_10deg_DoLP,0.14813873845865977,0.15154946524845064,-0.0034107267897908744
IAR-C2-OC80_minus_IAR-C2,diagnostic_400_500_nm,424.0,normal_10deg_DoLP,0.1476420885885152,0.14819500206128486,-0.000552913472769645
IAR-C2-OC80_minus_IAR-C2,diagnostic_400_500_nm,425.0,normal_10deg_DoLP,0.14962152388123642,0.1474753522688719,0.0021461716123645225
IAR-C2-OC80_minus_IAR-C2,diagnostic_400_500_nm,426.0,normal_10deg_DoLP,0.14261372773863454,0.13520171191986602,0.007412015818768519
IAR-C2-OC80_minus_IAR-C2,diagnostic_400_500_nm,427.0,normal_10deg_DoLP,0.13957702556156948,0.12621872240055995,0.013358303161009527
IAR-C2-OC80_minus_IAR-C2,diagnostic_400_500_nm,428.0,normal_10deg_DoLP,0.07015910423934317,0.04992544442846164,0.02023365981088153
IAR-C2-OC80_minus_IAR-C2,diagnostic_400_500_nm,429.0,normal_10deg_DoLP,0.04018360068792948,0.03944368873354367,0.0007399119543858093
IAR-C2-OC80_minus_IAR-C2,diagnostic_400_500_nm,430.0,normal_10deg_DoLP,0.04782649143671728,0.038669558209447806,0.009156933227269473
IAR-C2-OC80_minus_IAR-C2,diagnostic_400_500_nm,431.0,normal_10deg_DoLP,0.06731922960048826,0.0641828129172209,0.0031364166832673623
IAR-C2-OC80_minus_IAR-C2,diagnostic_400_500_nm,432.0,normal_10deg_DoLP,0.0803972637455987,0.07887933333448632,0.001517930411112381
IAR-C2-OC80_minus_IAR-C2,diagnostic_400_500_nm,433.0,normal_10deg_DoLP,0.07236189559794141,0.07425622967819435,-0.0018943340802529407
IAR-C2-OC80_minus_IAR-C2,diagnostic_400_500_nm,434.0,normal_10deg_DoLP,0.011982725037440665,0.01972706449345918,-0.007744339456018514
IAR-C2-OC80_minus_IAR-C2,diagnostic_400_500_nm,435.0,normal_10deg_DoLP,0.04202560846494551,0.033827697228601766,0.008197911236343745
IAR-C2-OC80_minus_IAR-C2,diagnostic_400_500_nm,436.0,normal_10deg_DoLP,0.051824607911755215,0.05615778857996539,-0.004333180668210174
IAR-C2-OC80_minus_IAR-C2,diagnostic_400_500_nm,437.0,normal_10deg_DoLP,0.1060823134883412,0.11031988912845794,-0.004237575640116745
IAR-C2-OC80_minus_IAR-C2,diagnostic_400_500_nm,438.0,normal_10deg_DoLP,0.1293877192067961,0.13440517476831526,-0.0050174555615191685
IAR-C2-OC80_minus_IAR-C2,diagnostic_400_500_nm,439.0,normal_10deg_DoLP,0.14164483142775633,0.14403859392004525,-0.0023937624922889256
IAR-C2-OC80_minus_IAR-C2,diagnostic_400_500_nm,440.0,normal_10deg_DoLP,0.13309061941221,0.13453962796449564,-0.0014490085522856355
IAR-C2-OC80_minus_IAR-C2,diagnostic_400_500_nm,441.0,normal_10deg_DoLP,0.08257500410566118,0.08276180369823392,-0.00018679959257274226
IAR-C2-OC80_minus_IAR-C2,diagnostic_400_500_nm,442.0,normal_10deg_DoLP,0.016840113245670283,0.011337273000324482,0.005502840245345801
IAR-C2-OC80_minus_IAR-C2,diagnostic_400_500_nm,443.0,normal_10deg_DoLP,0.11333705091942589,0.11379403311024298,-0.0004569821908170929
IAR-C2-OC80_minus_IAR-C2,diagnostic_400_500_nm,444.0,normal_10deg_DoLP,0.1705642030502739,0.17298881330929666,-0.002424610259022769
IAR-C2-OC80_minus_IAR-C2,diagnostic_400_500_nm,445.0,normal_10deg_DoLP,0.21928723128440222,0.22385437366463234,-0.004567142380230121
IAR-C2-OC80_minus_IAR-C2,diagnostic_400_500_nm,446.0,normal_10deg_DoLP,0.2821852031049671,0.2884668322505036,-0.006281629145536538
IAR-C2-OC80_minus_IAR-C2,diagnostic_400_500_nm,447.0,normal_10deg_DoLP,0.3307108546145004,0.34009322694889815,-0.00938237233439776
IAR-C2-OC80_minus_IAR-C2,diagnostic_400_500_nm,448.0,normal_10deg_DoLP,0.36473509185509767,0.3789726465971685,-0.014237554742070835
IAR-C2-OC80_minus_IAR-C2,diagnostic_400_500_nm,449.0,normal_10deg_DoLP,0.38570359137520316,0.403835348853794,-0.01813175747859086
IAR-C2-OC80_minus_IAR-C2,diagnostic_400_500_nm,450.0,normal_10deg_DoLP,0.3795214904299401,0.3992607376447969,-0.019739247214856814
IAR-C2-OC80_minus_IAR-C2,diagnostic_400_500_nm,451.0,normal_10deg_DoLP,0.36756481238750516,0.3871344313170236,-0.019569618929518418
IAR-C2-OC80_minus_IAR-C2,diagnostic_400_500_nm,452.0,normal_10deg_DoLP,0.33766163065246896,0.3549920411401945,-0.017330410487725545
IAR-C2-OC80_minus_IAR-C2,diagnostic_400_500_nm,453.0,normal_10deg_DoLP,0.2667820437512527,0.2792724803576076,-0.012490436606354904
IAR-C2-OC80_minus_IAR-C2,diagnostic_400_500_nm,454.0,normal_10deg_DoLP,0.17014582619861596,0.17623510530529965,-0.006089279106683693
IAR-C2-OC80_minus_IAR-C2,diagnostic_400_500_nm,455.0,normal_10deg_DoLP,0.09676447833028709,0.09529269630738664,0.0014717820229004502
IAR-C2-OC80_minus_IAR-C2,diagnostic_400_500_nm,456.0,normal_10deg_DoLP,0.048434636975447504,0.03923517304595739,0.009199463929490115
IAR-C2-OC80_minus_IAR-C2,diagnostic_400_500_nm,457.0,normal_10deg_DoLP,0.03238840348586701,0.022847831181925043,0.009540572303941966
IAR-C2-OC80_minus_IAR-C2,diagnostic_400_500_nm,458.0,normal_10deg_DoLP,0.039088813116087855,0.04411626564187046,-0.005027452525782607
IAR-C2-OC80_minus_IAR-C2,diagnostic_400_500_nm,459.0,normal_10deg_DoLP,0.050558623716546444,0.05906397494752975,-0.008505351230983303
IAR-C2-OC80_minus_IAR-C2,diagnostic_400_500_nm,460.0,normal_10deg_DoLP,0.05521721533020937,0.06304736771185042,-0.007830152381641052
IAR-C2-OC80_minus_IAR-C2,diagnostic_400_500_nm,461.0,normal_10deg_DoLP,0.05506695777733087,0.061095032491167336,-0.0060280747138364635
IAR-C2-OC80_minus_IAR-C2,diagnostic_400_500_nm,462.0,normal_10deg_DoLP,0.0696956272606502,0.0764274368230755,-0.006731809562425292
IAR-C2-OC80_minus_IAR-C2,diagnostic_400_500_nm,463.0,normal_10deg_DoLP,0.05908863550507116,0.06507589369174913,-0.005987258186677967
IAR-C2-OC80_minus_IAR-C2,diagnostic_400_500_nm,464.0,normal_10deg_DoLP,0.048353843313011347,0.05571724540501634,-0.007363402092004992
IAR-C2-OC80_minus_IAR-C2,diagnostic_400_500_nm,465.0,normal_10deg_DoLP,0.03546139645410277,0.042090041100697084,-0.006628644646594316
IAR-C2-OC80_minus_IAR-C2,diagnostic_400_500_nm,466.0,normal_10deg_DoLP,0.02715430819263554,0.03163450078420332,-0.004480192591567782
IAR-C2-OC80_minus_IAR-C2,diagnostic_400_500_nm,467.0,normal_10deg_DoLP,0.015974093736374203,0.0174272243719046,-0.001453130635530396
IAR-C2-OC80_minus_IAR-C2,diagnostic_400_500_nm,468.0,normal_10deg_DoLP,0.027576391315061313,0.023775072895196616,0.0038013184198646965
IAR-C2-OC80_minus_IAR-C2,diagnostic_400_500_nm,469.0,normal_10deg_DoLP,0.06785205012850085,0.06560183227912672,0.0022502178493741254
IAR-C2-OC80_minus_IAR-C2,diagnostic_400_500_nm,470.0,normal_10deg_DoLP,0.08690998615924862,0.0853068700645461,0.0016031160947025253
IAR-C2-OC80_minus_IAR-C2,diagnostic_400_500_nm,471.0,normal_10deg_DoLP,0.077789346573438,0.07651105846681233,0.001278288106625669
IAR-C2-OC80_minus_IAR-C2,diagnostic_400_500_nm,472.0,normal_10deg_DoLP,0.06274895938608428,0.061996798707226575,0.0007521606788577079
IAR-C2-OC80_minus_IAR-C2,diagnostic_400_500_nm,473.0,normal_10deg_DoLP,0.05440093866725662,0.054324787980448944,7.615068680767723e-05
IAR-C2-OC80_minus_IAR-C2,diagnostic_400_500_nm,474.0,normal_10deg_DoLP,0.07312358960833998,0.07351926470040712,-0.0003956750920671437
IAR-C2-OC80_minus_IAR-C2,diagnostic_400_500_nm,475.0,normal_10deg_DoLP,0.10463203643001641,0.10584399793236547,-0.0012119615023490626
IAR-C2-OC80_minus_IAR-C2,diagnostic_400_500_nm,476.0,normal_10deg_DoLP,0.10258046153732096,0.10469546374409422,-0.002115002206773256
IAR-C2-OC80_minus_IAR-C2,diagnostic_400_500_nm,477.0,normal_10deg_DoLP,0.11909107253351432,0.121298424393699,-0.0022073518601846837
IAR-C2-OC80_minus_IAR-C2,diagnostic_400_500_nm,478.0,normal_10deg_DoLP,0.16460020189109684,0.16782659079892095,-0.003226388907824118
IAR-C2-OC80_minus_IAR-C2,diagnostic_400_500_nm,479.0,normal_10deg_DoLP,0.1834190167910512,0.1871427254866047,-0.0037237086955535237
IAR-C2-OC80_minus_IAR-C2,diagnostic_400_500_nm,480.0,normal_10deg_DoLP,0.15751865955843614,0.16115825745151485,-0.0036395978930787165
IAR-C2-OC80_minus_IAR-C2,diagnostic_400_500_nm,481.0,normal_10deg_DoLP,0.10235793334795601,0.10533520232756749,-0.0029772689796114804
IAR-C2-OC80_minus_IAR-C2,diagnostic_400_500_nm,482.0,normal_10deg_DoLP,0.042727221761376576,0.04428635523146097,-0.0015591334700843923
IAR-C2-OC80_minus_IAR-C2,diagnostic_400_500_nm,483.0,normal_10deg_DoLP,0.025156536117856114,0.020048637667514094,0.00510789845034202
IAR-C2-OC80_minus_IAR-C2,diagnostic_400_500_nm,484.0,normal_10deg_DoLP,0.07628603465240083,0.07386594765262214,0.0024200869997786922
IAR-C2-OC80_minus_IAR-C2,diagnostic_400_500_nm,485.0,normal_10deg_DoLP,0.12880011974210862,0.12849527447006046,0.0003048452720481598
IAR-C2-OC80_minus_IAR-C2,diagnostic_400_500_nm,486.0,normal_10deg_DoLP,0.1497902712801822,0.1486533738981424,0.0011368973820398143
IAR-C2-OC80_minus_IAR-C2,diagnostic_400_500_nm,487.0,normal_10deg_DoLP,0.2086026279715147,0.20914544081218767,-0.0005428128406729793
IAR-C2-OC80_minus_IAR-C2,diagnostic_400_500_nm,488.0,normal_10deg_DoLP,0.22064372422709713,0.2231016950763913,-0.0024579708492941665
IAR-C2-OC80_minus_IAR-C2,diagnostic_400_500_nm,489.0,normal_10deg_DoLP,0.23538125117677247,0.23838449349195368,-0.0030032423151812038
IAR-C2-OC80_minus_IAR-C2,diagnostic_400_500_nm,490.0,normal_10deg_DoLP,0.2025593858789964,0.20781333526191942,-0.005253949382923007
IAR-C2-OC80_minus_IAR-C2,diagnostic_400_500_nm,491.0,normal_10deg_DoLP,0.26952296941382536,0.2770999931168147,-0.0075770237029893495
IAR-C2-OC80_minus_IAR-C2,diagnostic_400_500_nm,492.0,normal_10deg_DoLP,0.2898833477667897,0.2972146178098065,-0.007331270043016813
IAR-C2-OC80_minus_IAR-C2,diagnostic_400_500_nm,493.0,normal_10deg_DoLP,0.2811270496334832,0.2895726119364687,-0.008445562302985543
IAR-C2-OC80_minus_IAR-C2,diagnostic_400_500_nm,494.0,normal_10deg_DoLP,0.2506926178720395,0.261149375281682,-0.01045675740964247
IAR-C2-OC80_minus_IAR-C2,diagnostic_400_500_nm,495.0,normal_10deg_DoLP,0.20698403545799776,0.21953020943316756,-0.0125461739751698
IAR-C2-OC80_minus_IAR-C2,diagnostic_400_500_nm,496.0,normal_10deg_DoLP,0.1691767503489717,0.18333337654777562,-0.014156626198803923
IAR-C2-OC80_minus_IAR-C2,diagnostic_400_500_nm,497.0,normal_10deg_DoLP,0.14380239434203448,0.1579548877710222,-0.014152493428987722
IAR-C2-OC80_minus_IAR-C2,diagnostic_400_500_nm,498.0,normal_10deg_DoLP,0.09530537822157825,0.10772244380815738,-0.012417065586579124
IAR-C2-OC80_minus_IAR-C2,diagnostic_400_500_nm,499.0,normal_10deg_DoLP,0.10918719398310736,0.12500500609211512,-0.01581781210900776
IAR-C2-OC80_minus_IAR-C2,diagnostic_400_500_nm,500.0,normal_10deg_DoLP,0.17267396720566427,0.19054956530989667,-0.017875598104232393
IAR-C2-OC80_minus_IAR-C2,diagnostic_400_500_nm,400.0,normal_20deg_DoLP,0.10935286908562002,0.10195030238580893,0.007402566699811083
IAR-C2-OC80_minus_IAR-C2,diagnostic_400_500_nm,401.0,normal_20deg_DoLP,0.06923954230340834,0.06285973432303463,0.006379807980373714
IAR-C2-OC80_minus_IAR-C2,diagnostic_400_500_nm,402.0,normal_20deg_DoLP,0.0364301678044412,0.032352880961691026,0.004077286842750175
IAR-C2-OC80_minus_IAR-C2,diagnostic_400_500_nm,403.0,normal_20deg_DoLP,0.09690504309442975,0.09309688721214171,0.003808155882288042
IAR-C2-OC80_minus_IAR-C2,diagnostic_400_500_nm,404.0,normal_20deg_DoLP,0.10746666589467627,0.10143285674663477,0.006033809148041497
IAR-C2-OC80_minus_IAR-C2,diagnostic_400_500_nm,405.0,normal_20deg_DoLP,0.11410993064827757,0.10536620859765351,0.008743722050624056
IAR-C2-OC80_minus_IAR-C2,diagnostic_400_500_nm,406.0,normal_20deg_DoLP,0.14177547960394235,0.14078905992823346,0.0009864196757088939
IAR-C2-OC80_minus_IAR-C2,diagnostic_400_500_nm,407.0,normal_20deg_DoLP,0.18458964837790123,0.18957957848936863,-0.004989930111467394
IAR-C2-OC80_minus_IAR-C2,diagnostic_400_500_nm,408.0,normal_20deg_DoLP,0.2249724450526387,0.23539072200633365,-0.01041827695369496
IAR-C2-OC80_minus_IAR-C2,diagnostic_400_500_nm,409.0,normal_20deg_DoLP,0.2497896551513516,0.25969964099889686,-0.009909985847545266
IAR-C2-OC80_minus_IAR-C2,diagnostic_400_500_nm,410.0,normal_20deg_DoLP,0.2670437658114081,0.2758315479879974,-0.00878778217658932
IAR-C2-OC80_minus_IAR-C2,diagnostic_400_500_nm,411.0,normal_20deg_DoLP,0.24743407364891876,0.25502321786902543,-0.007589144220106675
IAR-C2-OC80_minus_IAR-C2,diagnostic_400_500_nm,412.0,normal_20deg_DoLP,0.23771468070336252,0.24201608880380396,-0.0043014081004414395
IAR-C2-OC80_minus_IAR-C2,diagnostic_400_500_nm,413.0,normal_20deg_DoLP,0.2166131350772778,0.21903212200085556,-0.002418986923577754
IAR-C2-OC80_minus_IAR-C2,diagnostic_400_500_nm,414.0,normal_20deg_DoLP,0.1657682606226684,0.1752082721010695,-0.009440011478401122
IAR-C2-OC80_minus_IAR-C2,diagnostic_400_500_nm,415.0,normal_20deg_DoLP,0.10503968414535567,0.11884523522575291,-0.013805551080397244
IAR-C2-OC80_minus_IAR-C2,diagnostic_400_500_nm,416.0,normal_20deg_DoLP,0.08063679645218148,0.08905961920852251,-0.008422822756341028
IAR-C2-OC80_minus_IAR-C2,diagnostic_400_500_nm,417.0,normal_20deg_DoLP,0.05046764436301278,0.04972097095114116,0.0007466734118716165
IAR-C2-OC80_minus_IAR-C2,diagnostic_400_500_nm,418.0,normal_20deg_DoLP,0.02963753656036556,0.028375196472743915,0.0012623400876216433
IAR-C2-OC80_minus_IAR-C2,diagnostic_400_500_nm,419.0,normal_20deg_DoLP,0.027891029600932128,0.0173558519575968,0.01053517764333533
IAR-C2-OC80_minus_IAR-C2,diagnostic_400_500_nm,420.0,normal_20deg_DoLP,0.04082059999206623,0.028428004553670696,0.012392595438395531
IAR-C2-OC80_minus_IAR-C2,diagnostic_400_500_nm,421.0,normal_20deg_DoLP,0.030594577135486536,0.019463474169333105,0.011131102966153432
IAR-C2-OC80_minus_IAR-C2,diagnostic_400_500_nm,422.0,normal_20deg_DoLP,0.03269901043900568,0.023100390432242997,0.009598620006762683
IAR-C2-OC80_minus_IAR-C2,diagnostic_400_500_nm,423.0,normal_20deg_DoLP,0.03750450181459518,0.029458552727216418,0.00804594908737876
IAR-C2-OC80_minus_IAR-C2,diagnostic_400_500_nm,424.0,normal_20deg_DoLP,0.04595621225274282,0.041919991235401154,0.004036221017341669
IAR-C2-OC80_minus_IAR-C2,diagnostic_400_500_nm,425.0,normal_20deg_DoLP,0.043640036242619064,0.04078863443463919,0.002851401807979874
IAR-C2-OC80_minus_IAR-C2,diagnostic_400_500_nm,426.0,normal_20deg_DoLP,0.03907323657637463,0.03511868018475069,0.00395455639162394
IAR-C2-OC80_minus_IAR-C2,diagnostic_400_500_nm,427.0,normal_20deg_DoLP,0.04465941949920861,0.038382711226512864,0.006276708272695747
IAR-C2-OC80_minus_IAR-C2,diagnostic_400_500_nm,428.0,normal_20deg_DoLP,0.03119423426828173,0.02455765261604235,0.006636581652239383
IAR-C2-OC80_minus_IAR-C2,diagnostic_400_500_nm,429.0,normal_20deg_DoLP,0.04179653313892111,0.04286246476920182,-0.0010659316302807156
IAR-C2-OC80_minus_IAR-C2,diagnostic_400_500_nm,430.0,normal_20deg_DoLP,0.04633555254410466,0.04342358148198721,0.0029119710621174494
IAR-C2-OC80_minus_IAR-C2,diagnostic_400_500_nm,431.0,normal_20deg_DoLP,0.03786118590857108,0.032690812001238995,0.005170373907332083
IAR-C2-OC80_minus_IAR-C2,diagnostic_400_500_nm,432.0,normal_20deg_DoLP,0.04037483418817007,0.034450914087065576,0.005923920101104492
IAR-C2-OC80_minus_IAR-C2,diagnostic_400_500_nm,433.0,normal_20deg_DoLP,0.07646513821419218,0.07255620073866825,0.003908937475523927
IAR-C2-OC80_minus_IAR-C2,diagnostic_400_500_nm,434.0,normal_20deg_DoLP,0.09399116222828731,0.08763078925075736,0.006360372977529949
IAR-C2-OC80_minus_IAR-C2,diagnostic_400_500_nm,435.0,normal_20deg_DoLP,0.13393707941474045,0.13047729990917095,0.003459779505569499
IAR-C2-OC80_minus_IAR-C2,diagnostic_400_500_nm,436.0,normal_20deg_DoLP,0.10600764138460407,0.10171190730762322,0.004295734076980848
IAR-C2-OC80_minus_IAR-C2,diagnostic_400_500_nm,437.0,normal_20deg_DoLP,0.08624653450231028,0.08178586613239854,0.004460668369911741
IAR-C2-OC80_minus_IAR-C2,diagnostic_400_500_nm,438.0,normal_20deg_DoLP,0.06264402307372761,0.05994432096027693,0.0026997021134506846
IAR-C2-OC80_minus_IAR-C2,diagnostic_400_500_nm,439.0,normal_20deg_DoLP,0.043108115042141654,0.04143066800947088,0.0016774470326707744
IAR-C2-OC80_minus_IAR-C2,diagnostic_400_500_nm,440.0,normal_20deg_DoLP,0.05610264920422563,0.05356062088494044,0.0025420283192851903
IAR-C2-OC80_minus_IAR-C2,diagnostic_400_500_nm,441.0,normal_20deg_DoLP,0.07992642330577261,0.07627078440490273,0.0036556389008698814
IAR-C2-OC80_minus_IAR-C2,diagnostic_400_500_nm,442.0,normal_20deg_DoLP,0.12010641565467026,0.11565177146434302,0.004454644190327234
IAR-C2-OC80_minus_IAR-C2,diagnostic_400_500_nm,443.0,normal_20deg_DoLP,0.1841602838423762,0.18131775748665793,0.0028425263557182723
IAR-C2-OC80_minus_IAR-C2,diagnostic_400_500_nm,444.0,normal_20deg_DoLP,0.210024244772228,0.20885359758956112,0.0011706471826668785
IAR-C2-OC80_minus_IAR-C2,diagnostic_400_500_nm,445.0,normal_20deg_DoLP,0.22862590861997856,0.2294983741856624,-0.0008724655656838498
IAR-C2-OC80_minus_IAR-C2,diagnostic_400_500_nm,446.0,normal_20deg_DoLP,0.26126806748628606,0.2648951952451668,-0.003627127758880744
IAR-C2-OC80_minus_IAR-C2,diagnostic_400_500_nm,447.0,normal_20deg_DoLP,0.2819930963804205,0.28870260969349765,-0.00670951331307712
IAR-C2-OC80_minus_IAR-C2,diagnostic_400_500_nm,448.0,normal_20deg_DoLP,0.3007145134776332,0.31007049996485647,-0.009355986487223245
IAR-C2-OC80_minus_IAR-C2,diagnostic_400_500_nm,449.0,normal_20deg_DoLP,0.3114623554397475,0.32173140655341564,-0.01026905111366816
IAR-C2-OC80_minus_IAR-C2,diagnostic_400_500_nm,450.0,normal_20deg_DoLP,0.2974723358212731,0.30773205111366647,-0.01025971529239339
IAR-C2-OC80_minus_IAR-C2,diagnostic_400_500_nm,451.0,normal_20deg_DoLP,0.28063779151954,0.2898973683459596,-0.009259576826419591
IAR-C2-OC80_minus_IAR-C2,diagnostic_400_500_nm,452.0,normal_20deg_DoLP,0.2385651992117591,0.24492579949388038,-0.006360600282121293
IAR-C2-OC80_minus_IAR-C2,diagnostic_400_500_nm,453.0,normal_20deg_DoLP,0.18369884106225937,0.18536967381518285,-0.0016708327529234845
IAR-C2-OC80_minus_IAR-C2,diagnostic_400_500_nm,454.0,normal_20deg_DoLP,0.1270414525927907,0.12436886829154019,0.0026725843012505163
IAR-C2-OC80_minus_IAR-C2,diagnostic_400_500_nm,455.0,normal_20deg_DoLP,0.08276098972211483,0.0763072443912762,0.006453745330838631
IAR-C2-OC80_minus_IAR-C2,diagnostic_400_500_nm,456.0,normal_20deg_DoLP,0.056631591034546035,0.04717729659794466,0.009454294436601375
IAR-C2-OC80_minus_IAR-C2,diagnostic_400_500_nm,457.0,normal_20deg_DoLP,0.0379588348237245,0.026298153346229418,0.011660681477495084
IAR-C2-OC80_minus_IAR-C2,diagnostic_400_500_nm,458.0,normal_20deg_DoLP,0.033793461917262735,0.030785619170170104,0.003007842747092631
IAR-C2-OC80_minus_IAR-C2,diagnostic_400_500_nm,459.0,normal_20deg_DoLP,0.03377589421142699,0.03184976246259905,0.0019261317488279348
IAR-C2-OC80_minus_IAR-C2,diagnostic_400_500_nm,460.0,normal_20deg_DoLP,0.023671325235158306,0.016677125901275514,0.0069941993338827925
IAR-C2-OC80_minus_IAR-C2,diagnostic_400_500_nm,461.0,normal_20deg_DoLP,0.031602201227621834,0.02345848828265675,0.008143712944965083
IAR-C2-OC80_minus_IAR-C2,diagnostic_400_500_nm,462.0,normal_20deg_DoLP,0.02900142207803744,0.02062547589510706,0.008375946182930381
IAR-C2-OC80_minus_IAR-C2,diagnostic_400_500_nm,463.0,normal_20deg_DoLP,0.04871807239375594,0.041494871081214454,0.007223201312541484
IAR-C2-OC80_minus_IAR-C2,diagnostic_400_500_nm,464.0,normal_20deg_DoLP,0.05533812297271844,0.04955430963838805,0.0057838133343303885
IAR-C2-OC80_minus_IAR-C2,diagnostic_400_500_nm,465.0,normal_20deg_DoLP,0.05307776822796892,0.048493991576734084,0.004583776651234835
IAR-C2-OC80_minus_IAR-C2,diagnostic_400_500_nm,466.0,normal_20deg_DoLP,0.05419263995665822,0.05059258478485808,0.0036000551718001414
IAR-C2-OC80_minus_IAR-C2,diagnostic_400_500_nm,467.0,normal_20deg_DoLP,0.057201200018035615,0.05476792679473521,0.0024332732233004056
IAR-C2-OC80_minus_IAR-C2,diagnostic_400_500_nm,468.0,normal_20deg_DoLP,0.0683702543701635,0.06691325248908624,0.0014570018810772661
IAR-C2-OC80_minus_IAR-C2,diagnostic_400_500_nm,469.0,normal_20deg_DoLP,0.0852151342058418,0.0843811248909004,0.000834009314941403
IAR-C2-OC80_minus_IAR-C2,diagnostic_400_500_nm,470.0,normal_20deg_DoLP,0.10647829886374037,0.1060136084065326,0.00046469045720777535
IAR-C2-OC80_minus_IAR-C2,diagnostic_400_500_nm,471.0,normal_20deg_DoLP,0.12765744069725793,0.12752400869810684,0.0001334319991510846
IAR-C2-OC80_minus_IAR-C2,diagnostic_400_500_nm,472.0,normal_20deg_DoLP,0.14096469704036796,0.14118011094890112,-0.000215413908533163
IAR-C2-OC80_minus_IAR-C2,diagnostic_400_500_nm,473.0,normal_20deg_DoLP,0.14045268696908722,0.14106068408165956,-0.0006079971125723393
IAR-C2-OC80_minus_IAR-C2,diagnostic_400_500_nm,474.0,normal_20deg_DoLP,0.14349771462354888,0.14453910877266282,-0.0010413941491139445
IAR-C2-OC80_minus_IAR-C2,diagnostic_400_500_nm,475.0,normal_20deg_DoLP,0.14182332767761502,0.1429756999841433,-0.0011523723065282876
IAR-C2-OC80_minus_IAR-C2,diagnostic_400_500_nm,476.0,normal_20deg_DoLP,0.12583843577404222,0.1268459070797226,-0.0010074713056803797
IAR-C2-OC80_minus_IAR-C2,diagnostic_400_500_nm,477.0,normal_20deg_DoLP,0.11281187663732596,0.11307533096413343,-0.0002634543268074663
IAR-C2-OC80_minus_IAR-C2,diagnostic_400_500_nm,478.0,normal_20deg_DoLP,0.10165728052541013,0.10124622497227327,0.00041105555313686315
IAR-C2-OC80_minus_IAR-C2,diagnostic_400_500_nm,479.0,normal_20deg_DoLP,0.07436744173921288,0.07360867607863124,0.0007587656605816395
IAR-C2-OC80_minus_IAR-C2,diagnostic_400_500_nm,480.0,normal_20deg_DoLP,0.035679020384884144,0.034659325146229894,0.0010196952386542502
IAR-C2-OC80_minus_IAR-C2,diagnostic_400_500_nm,481.0,normal_20deg_DoLP,0.010783717115380093,0.008501606220407274,0.0022821108949728185
IAR-C2-OC80_minus_IAR-C2,diagnostic_400_500_nm,482.0,normal_20deg_DoLP,0.040093084474572833,0.039827688149855045,0.00026539632471778846
IAR-C2-OC80_minus_IAR-C2,diagnostic_400_500_nm,483.0,normal_20deg_DoLP,0.07264224539774104,0.07281638564593024,-0.0001741402481891946
IAR-C2-OC80_minus_IAR-C2,diagnostic_400_500_nm,484.0,normal_20deg_DoLP,0.10081325307487028,0.10121212499072299,-0.0003988719158527082
IAR-C2-OC80_minus_IAR-C2,diagnostic_400_500_nm,485.0,normal_20deg_DoLP,0.11972763029023839,0.12055068672915606,-0.0008230564389176687
IAR-C2-OC80_minus_IAR-C2,diagnostic_400_500_nm,486.0,normal_20deg_DoLP,0.11931562616406524,0.12005708696208492,-0.0007414607980196775
IAR-C2-OC80_minus_IAR-C2,diagnostic_400_500_nm,487.0,normal_20deg_DoLP,0.12874917129779354,0.1299782836116477,-0.0012291123138541693
IAR-C2-OC80_minus_IAR-C2,diagnostic_400_500_nm,488.0,normal_20deg_DoLP,0.1254111413006344,0.1263284029095637,-0.0009172616089292984
IAR-C2-OC80_minus_IAR-C2,diagnostic_400_500_nm,489.0,normal_20deg_DoLP,0.13787064844066366,0.13875578727337468,-0.0008851388327110188
IAR-C2-OC80_minus_IAR-C2,diagnostic_400_500_nm,490.0,normal_20deg_DoLP,0.10155449673779912,0.10118805001793565,0.0003664467198634669
IAR-C2-OC80_minus_IAR-C2,diagnostic_400_500_nm,491.0,normal_20deg_DoLP,0.12606135075544625,0.12589644982948364,0.00016490092596260775
IAR-C2-OC80_minus_IAR-C2,diagnostic_400_500_nm,492.0,normal_20deg_DoLP,0.14763105667542625,0.14709067949067897,0.0005403771847472816
IAR-C2-OC80_minus_IAR-C2,diagnostic_400_500_nm,493.0,normal_20deg_DoLP,0.14600914046409288,0.14563867347881526,0.00037046698527762323
IAR-C2-OC80_minus_IAR-C2,diagnostic_400_500_nm,494.0,normal_20deg_DoLP,0.1282412847612899,0.128219590702858,2.1694058431914742e-05
IAR-C2-OC80_minus_IAR-C2,diagnostic_400_500_nm,495.0,normal_20deg_DoLP,0.10392604858987811,0.10442722836360066,-0.0005011797737225487
IAR-C2-OC80_minus_IAR-C2,diagnostic_400_500_nm,496.0,normal_20deg_DoLP,0.08289225576093913,0.08487239510877498,-0.0019801393478358492
IAR-C2-OC80_minus_IAR-C2,diagnostic_400_500_nm,497.0,normal_20deg_DoLP,0.06646046289020102,0.06990961970539367,-0.0034491568151926444
IAR-C2-OC80_minus_IAR-C2,diagnostic_400_500_nm,498.0,normal_20deg_DoLP,0.024274275274437332,0.027463359869551257,-0.003189084595113925
IAR-C2-OC80_minus_IAR-C2,diagnostic_400_500_nm,499.0,normal_20deg_DoLP,0.02619767209410407,0.034678132623134336,-0.008480460529030266
IAR-C2-OC80_minus_IAR-C2,diagnostic_400_500_nm,500.0,normal_20deg_DoLP,0.06288600256810305,0.07221069617028932,-0.009324693602186268
IAR-C2_minus_IAR4,exact_450_nm,450.0,DoLP_pair,0.05600966931862566,0.05357583763829356,0.0024338316803321006
IAR-C2_minus_IAR4,exact_450_nm,450.0,C_source,0.1351456237312985,0.1271278142890803,0.008017809442218193
IAR-C2_minus_IAR4,exact_450_nm,450.0,C_angular,0.11234041616696946,0.10519642518941018,0.007143990977559286
IAR-C2_minus_IAR4,exact_450_nm,450.0,full_angle_pair_DoLP,0.07064290303777752,0.06681942660240957,0.0038234764353679562
IAR-C2_minus_IAR4,exact_450_nm,450.0,upward_source_normalized_power_pair,0.00741511779393364,0.007393072471433242,2.2045322500397965e-05
IAR-C2_minus_IAR4,exact_450_nm,450.0,useful_LP_axisfree_pair,1.9307222273499556,1.9382879676128872,-0.007565740262931664
IAR-C2_minus_IAR4,exact_450_nm,450.0,useful_LP_over_S0_pair,0.5280048346593128,0.5267879188191468,0.001216915840166033
IAR-C2_minus_IAR4,exact_450_nm,450.0,normal_5deg_DoLP,0.15657188116863333,0.11995391370452343,0.03661796746410989
IAR-C2_minus_IAR4,exact_450_nm,450.0,normal_10deg_DoLP,0.3992607376447969,0.4808387335528009,-0.08157799590800396
IAR-C2_minus_IAR4,exact_450_nm,450.0,normal_20deg_DoLP,0.30773205111366647,0.3445746078884999,-0.036842556774833446
IAR-C2_minus_IAR4,diagnostic_445_455_nm,445.0,DoLP_pair,0.030222649255705978,0.03208598168130731,-0.0018633324256013307
IAR-C2_minus_IAR4,diagnostic_445_455_nm,446.0,DoLP_pair,0.031025582685288502,0.03307614944954519,-0.0020505667642566894
IAR-C2_minus_IAR4,diagnostic_445_455_nm,447.0,DoLP_pair,0.034636808651883066,0.03563030749042969,-0.0009934988385466234
IAR-C2_minus_IAR4,diagnostic_445_455_nm,448.0,DoLP_pair,0.044266198494886055,0.0425372515263902,0.001728946968495855
IAR-C2_minus_IAR4,diagnostic_445_455_nm,449.0,DoLP_pair,0.05353974478026378,0.05016850464583051,0.0033712401344332676
IAR-C2_minus_IAR4,diagnostic_445_455_nm,450.0,DoLP_pair,0.05600966931862566,0.05357583763829356,0.0024338316803321006
IAR-C2_minus_IAR4,diagnostic_445_455_nm,451.0,DoLP_pair,0.06201772215179679,0.05827399383282206,0.0037437283189747303
IAR-C2_minus_IAR4,diagnostic_445_455_nm,452.0,DoLP_pair,0.06487809997189382,0.05715681970393245,0.007721280267961372
IAR-C2_minus_IAR4,diagnostic_445_455_nm,453.0,DoLP_pair,0.049228259064644606,0.040244205790712376,0.00898405327393223
IAR-C2_minus_IAR4,diagnostic_445_455_nm,454.0,DoLP_pair,0.02746392063753137,0.026962726513202244,0.0005011941243291268
IAR-C2_minus_IAR4,diagnostic_445_455_nm,455.0,DoLP_pair,0.018739496445320688,0.025033491648169065,-0.006293995202848377
IAR-C2_minus_IAR4,diagnostic_445_455_nm,445.0,C_source,0.06819286100262952,0.07023450443341486,-0.0020416434307853476
IAR-C2_minus_IAR4,diagnostic_445_455_nm,446.0,C_source,0.06969319012797585,0.07172202771192641,-0.00202883758395056
IAR-C2_minus_IAR4,diagnostic_445_455_nm,447.0,C_source,0.07860826961472034,0.07784664368822163,0.000761625926498713
IAR-C2_minus_IAR4,diagnostic_445_455_nm,448.0,C_source,0.10174720868086196,0.09452004973534096,0.007227158945520992
IAR-C2_minus_IAR4,diagnostic_445_455_nm,449.0,C_source,0.12631779583806604,0.11532107542494623,0.010996720413119818
IAR-C2_minus_IAR4,diagnostic_445_455_nm,450.0,C_source,0.1351456237312985,0.1271278142890803,0.008017809442218193
IAR-C2_minus_IAR4,diagnostic_445_455_nm,451.0,C_source,0.1546148569008084,0.1436217512300873,0.010993105670721093
IAR-C2_minus_IAR4,diagnostic_445_455_nm,452.0,C_source,0.16802282876362098,0.14673897492298915,0.021283853840631833
IAR-C2_minus_IAR4,diagnostic_445_455_nm,453.0,C_source,0.1321778135529782,0.10723345493804623,0.024944358614931966
IAR-C2_minus_IAR4,diagnostic_445_455_nm,454.0,C_source,0.07654506497346945,0.07485795976834932,0.0016871052051201374
IAR-C2_minus_IAR4,diagnostic_445_455_nm,455.0,C_source,0.05406579043825358,0.07240022516096882,-0.01833443472271524
IAR-C2_minus_IAR4,diagnostic_445_455_nm,445.0,C_angular,0.03657373303381429,0.04871661144666902,-0.012142878412854732
IAR-C2_minus_IAR4,diagnostic_445_455_nm,446.0,C_angular,0.04097297009213219,0.041590383652985466,-0.0006174135608532777
IAR-C2_minus_IAR4,diagnostic_445_455_nm,447.0,C_angular,0.06420746276643088,0.056789504001769145,0.007417958764661739
IAR-C2_minus_IAR4,diagnostic_445_455_nm,448.0,C_angular,0.08602809615184091,0.07769341404130273,0.008334682110538186
IAR-C2_minus_IAR4,diagnostic_445_455_nm,449.0,C_angular,0.10699884899649148,0.09892300734368684,0.008075841652804644
IAR-C2_minus_IAR4,diagnostic_445_455_nm,450.0,C_angular,0.11234041616696946,0.10519642518941018,0.007143990977559286
IAR-C2_minus_IAR4,diagnostic_445_455_nm,451.0,C_angular,0.10901978169247359,0.10040627550092285,0.00861350619155074
IAR-C2_minus_IAR4,diagnostic_445_455_nm,452.0,C_angular,0.09265755107816386,0.08029325125402066,0.012364299824143193
IAR-C2_minus_IAR4,diagnostic_445_455_nm,453.0,C_angular,0.054998724718792254,0.040695754870478044,0.01430296984831421
IAR-C2_minus_IAR4,diagnostic_445_455_nm,454.0,C_angular,0.013626902034483513,0.02467219390828557,-0.011045291873802057
IAR-C2_minus_IAR4,diagnostic_445_455_nm,455.0,C_angular,0.03275447683949357,0.049432590382721034,-0.016678113543227464
IAR-C2_minus_IAR4,diagnostic_445_455_nm,445.0,full_angle_pair_DoLP,0.02257727915345328,0.029672965171431538,-0.007095686017978258
IAR-C2_minus_IAR4,diagnostic_445_455_nm,446.0,full_angle_pair_DoLP,0.025366858270255994,0.025462916104264013,-9.605783400801898e-05
IAR-C2_minus_IAR4,diagnostic_445_455_nm,447.0,full_angle_pair_DoLP,0.03961639525356018,0.03481750368993933,0.004798891563620851
IAR-C2_minus_IAR4,diagnostic_445_455_nm,448.0,full_angle_pair_DoLP,0.053154286167997014,0.04815479257772743,0.004999493590269584
IAR-C2_minus_IAR4,diagnostic_445_455_nm,449.0,full_angle_pair_DoLP,0.06658010593864107,0.06222418333307477,0.004355922605566297
IAR-C2_minus_IAR4,diagnostic_445_455_nm,450.0,full_angle_pair_DoLP,0.07064290303777752,0.06681942660240957,0.0038234764353679562
IAR-C2_minus_IAR4,diagnostic_445_455_nm,451.0,full_angle_pair_DoLP,0.07009205155012137,0.06475729722983906,0.005334754320282312
IAR-C2_minus_IAR4,diagnostic_445_455_nm,452.0,full_angle_pair_DoLP,0.06046843824852968,0.05256001873199489,0.007908419516534794
IAR-C2_minus_IAR4,diagnostic_445_455_nm,453.0,full_angle_pair_DoLP,0.03596069553215447,0.026719490367337395,0.009241205164817072
IAR-C2_minus_IAR4,diagnostic_445_455_nm,454.0,full_angle_pair_DoLP,0.008796836489956132,0.01595793498281277,-0.007161098492856637
IAR-C2_minus_IAR4,diagnostic_445_455_nm,455.0,full_angle_pair_DoLP,0.020907112641975516,0.03158318160156051,-0.010676068959584995
IAR-C2_minus_IAR4,diagnostic_445_455_nm,445.0,upward_source_normalized_power_pair,0.008328308419348524,0.008315761866299376,1.2546553049148576e-05
IAR-C2_minus_IAR4,diagnostic_445_455_nm,446.0,upward_source_normalized_power_pair,0.00831213539124566,0.00828193823434768,3.0197156897979888e-05
IAR-C2_minus_IAR4,diagnostic_445_455_nm,447.0,upward_source_normalized_power_pair,0.0082284616096692,0.00818392968921463,4.4531920454570634e-05
IAR-C2_minus_IAR4,diagnostic_445_455_nm,448.0,upward_source_normalized_power_pair,0.007969847485878442,0.007917574291919019,5.2273193959423425e-05
IAR-C2_minus_IAR4,diagnostic_445_455_nm,449.0,upward_source_normalized_power_pair,0.007702456618159012,0.0076605520602021655,4.190455795684625e-05
IAR-C2_minus_IAR4,diagnostic_445_455_nm,450.0,upward_source_normalized_power_pair,0.00741511779393364,0.007393072471433242,2.2045322500397965e-05
IAR-C2_minus_IAR4,diagnostic_445_455_nm,451.0,upward_source_normalized_power_pair,0.007137294188607935,0.00713216281050681,5.131378101124427e-06
IAR-C2_minus_IAR4,diagnostic_445_455_nm,452.0,upward_source_normalized_power_pair,0.006866130269035122,0.006863961843069178,2.16842596594425e-06
IAR-C2_minus_IAR4,diagnostic_445_455_nm,453.0,upward_source_normalized_power_pair,0.006703231013661454,0.006710700452697591,-7.469439036136838e-06
IAR-C2_minus_IAR4,diagnostic_445_455_nm,454.0,upward_source_normalized_power_pair,0.006572374593143967,0.0065866576983300285,-1.4283105186061601e-05
IAR-C2_minus_IAR4,diagnostic_445_455_nm,455.0,upward_source_normalized_power_pair,0.006577847003238766,0.006596376086013251,-1.852908277448495e-05
IAR-C2_minus_IAR4,diagnostic_445_455_nm,445.0,useful_LP_axisfree_pair,2.175547161572307,2.1927830774397576,-0.017235915867450657
IAR-C2_minus_IAR4,diagnostic_445_455_nm,446.0,useful_LP_axisfree_pair,2.1668860748046,2.185940295616171,-0.019054220811570932
IAR-C2_minus_IAR4,diagnostic_445_455_nm,447.0,useful_LP_axisfree_pair,2.138548970855545,2.1521516066126227,-0.013602635757077763
IAR-C2_minus_IAR4,diagnostic_445_455_nm,448.0,useful_LP_axisfree_pair,2.0905419383474473,2.0986624358504407,-0.008120497502993373
IAR-C2_minus_IAR4,diagnostic_445_455_nm,449.0,useful_LP_axisfree_pair,2.0219424327991735,2.0279115478466125,-0.005969115047439022
IAR-C2_minus_IAR4,diagnostic_445_455_nm,450.0,useful_LP_axisfree_pair,1.9307222273499556,1.9382879676128872,-0.007565740262931664
IAR-C2_minus_IAR4,diagnostic_445_455_nm,451.0,useful_LP_axisfree_pair,1.8481411477770762,1.8505409808653046,-0.0023998330882284424
IAR-C2_minus_IAR4,diagnostic_445_455_nm,452.0,useful_LP_axisfree_pair,1.7694895988903894,1.7633638040706452,0.006125794819744179
IAR-C2_minus_IAR4,diagnostic_445_455_nm,453.0,useful_LP_axisfree_pair,1.6821973332406062,1.6793629596619797,0.002834373578626481
IAR-C2_minus_IAR4,diagnostic_445_455_nm,454.0,useful_LP_axisfree_pair,1.5989156895810517,1.6145051092095335,-0.015589419628481815
IAR-C2_minus_IAR4,diagnostic_445_455_nm,455.0,useful_LP_axisfree_pair,1.5795818452481334,1.6090355183414033,-0.02945367309326996
IAR-C2_minus_IAR4,diagnostic_445_455_nm,445.0,useful_LP_over_S0_pair,0.515111324627853,0.5160429908406536,-0.0009316662128006081
IAR-C2_minus_IAR4,diagnostic_445_455_nm,446.0,useful_LP_over_S0_pair,0.5155127913426443,0.5165380747247726,-0.0010252833821283724
IAR-C2_minus_IAR4,diagnostic_445_455_nm,447.0,useful_LP_over_S0_pair,0.5173184043259416,0.5178151537452148,-0.0004967494192732458
IAR-C2_minus_IAR4,diagnostic_445_455_nm,448.0,useful_LP_over_S0_pair,0.522133099247443,0.5212686257631951,0.0008644734842478963
IAR-C2_minus_IAR4,diagnostic_445_455_nm,449.0,useful_LP_over_S0_pair,0.5267698723901318,0.5250842523229152,0.00168562006721662
IAR-C2_minus_IAR4,diagnostic_445_455_nm,450.0,useful_LP_over_S0_pair,0.5280048346593128,0.5267879188191468,0.001216915840166033
IAR-C2_minus_IAR4,diagnostic_445_455_nm,451.0,useful_LP_over_S0_pair,0.5310088610758984,0.529136996916411,0.0018718641594873686
IAR-C2_minus_IAR4,diagnostic_445_455_nm,452.0,useful_LP_over_S0_pair,0.5324390499859469,0.5285784098519662,0.003860640133980686
IAR-C2_minus_IAR4,diagnostic_445_455_nm,453.0,useful_LP_over_S0_pair,0.5246141295323223,0.5201221028953562,0.004492026636966129
IAR-C2_minus_IAR4,diagnostic_445_455_nm,454.0,useful_LP_over_S0_pair,0.5137319603187657,0.5134813632566011,0.00025059706216457034
IAR-C2_minus_IAR4,diagnostic_445_455_nm,455.0,useful_LP_over_S0_pair,0.5093697482226603,0.5125167458240846,-0.0031469976014242285
IAR-C2_minus_IAR4,diagnostic_445_455_nm,445.0,normal_5deg_DoLP,0.38487155863234623,0.3860043161249162,-0.001132757492569969
IAR-C2_minus_IAR4,diagnostic_445_455_nm,446.0,normal_5deg_DoLP,0.2964896056769789,0.2808869157747919,0.015602689902186995
IAR-C2_minus_IAR4,diagnostic_445_455_nm,447.0,normal_5deg_DoLP,0.2165451846912622,0.1833121920697957,0.03323299262146648
IAR-C2_minus_IAR4,diagnostic_445_455_nm,448.0,normal_5deg_DoLP,0.17874121911350582,0.15907367401756672,0.0196675450959391
IAR-C2_minus_IAR4,diagnostic_445_455_nm,449.0,normal_5deg_DoLP,0.14888491090918277,0.15889992652138205,-0.01001501561219928
IAR-C2_minus_IAR4,diagnostic_445_455_nm,450.0,normal_5deg_DoLP,0.15657188116863333,0.11995391370452343,0.03661796746410989
IAR-C2_minus_IAR4,diagnostic_445_455_nm,451.0,normal_5deg_DoLP,0.25194732112421797,0.15402880631824978,0.0979185148059682
IAR-C2_minus_IAR4,diagnostic_445_455_nm,452.0,normal_5deg_DoLP,0.4270636439486978,0.3469667590799327,0.0800968848687651
IAR-C2_minus_IAR4,diagnostic_445_455_nm,453.0,normal_5deg_DoLP,0.6919995726048583,0.6569398917554138,0.03505968084944455
IAR-C2_minus_IAR4,diagnostic_445_455_nm,454.0,normal_5deg_DoLP,0.8151374683975362,0.7985125005828209,0.01662496781471534
IAR-C2_minus_IAR4,diagnostic_445_455_nm,455.0,normal_5deg_DoLP,0.8475473843762719,0.8365956323477141,0.010951752028557804
IAR-C2_minus_IAR4,diagnostic_445_455_nm,445.0,normal_10deg_DoLP,0.22385437366463234,0.18738731001209122,0.036467063652541126
IAR-C2_minus_IAR4,diagnostic_445_455_nm,446.0,normal_10deg_DoLP,0.2884668322505036,0.2659836044949624,0.022483227755541235
IAR-C2_minus_IAR4,diagnostic_445_455_nm,447.0,normal_10deg_DoLP,0.34009322694889815,0.3443911619432905,-0.0042979349943923495
IAR-C2_minus_IAR4,diagnostic_445_455_nm,448.0,normal_10deg_DoLP,0.3789726465971685,0.4155896922264058,-0.03661704562923729
IAR-C2_minus_IAR4,diagnostic_445_455_nm,449.0,normal_10deg_DoLP,0.403835348853794,0.4704102204003785,-0.06657487154658448
IAR-C2_minus_IAR4,diagnostic_445_455_nm,450.0,normal_10deg_DoLP,0.3992607376447969,0.4808387335528009,-0.08157799590800396
IAR-C2_minus_IAR4,diagnostic_445_455_nm,451.0,normal_10deg_DoLP,0.3871344313170236,0.47014761812673,-0.08301318680970643
IAR-C2_minus_IAR4,diagnostic_445_455_nm,452.0,normal_10deg_DoLP,0.3549920411401945,0.4295552458851449,-0.07456320474495037
IAR-C2_minus_IAR4,diagnostic_445_455_nm,453.0,normal_10deg_DoLP,0.2792724803576076,0.3412086076209004,-0.061936127263292784
IAR-C2_minus_IAR4,diagnostic_445_455_nm,454.0,normal_10deg_DoLP,0.17623510530529965,0.22644543241996748,-0.05021032711466783
IAR-C2_minus_IAR4,diagnostic_445_455_nm,455.0,normal_10deg_DoLP,0.09529269630738664,0.1377345687220264,-0.04244187241463977
IAR-C2_minus_IAR4,diagnostic_445_455_nm,445.0,normal_20deg_DoLP,0.2294983741856624,0.21127525938056946,0.01822311480509295
IAR-C2_minus_IAR4,diagnostic_445_455_nm,446.0,normal_20deg_DoLP,0.2648951952451668,0.26129915288669475,0.0035960423584720513
IAR-C2_minus_IAR4,diagnostic_445_455_nm,447.0,normal_20deg_DoLP,0.28870260969349765,0.30367074870695066,-0.014968139013453008
IAR-C2_minus_IAR4,diagnostic_445_455_nm,448.0,normal_20deg_DoLP,0.31007049996485647,0.3407297072722251,-0.030659207307368652
IAR-C2_minus_IAR4,diagnostic_445_455_nm,449.0,normal_20deg_DoLP,0.32173140655341564,0.3615735564034063,-0.03984214984999068
IAR-C2_minus_IAR4,diagnostic_445_455_nm,450.0,normal_20deg_DoLP,0.30773205111366647,0.3445746078884999,-0.036842556774833446
IAR-C2_minus_IAR4,diagnostic_445_455_nm,451.0,normal_20deg_DoLP,0.2898973683459596,0.3170349634704309,-0.027137595124471336
IAR-C2_minus_IAR4,diagnostic_445_455_nm,452.0,normal_20deg_DoLP,0.24492579949388038,0.2578303270350813,-0.012904527541200916
IAR-C2_minus_IAR4,diagnostic_445_455_nm,453.0,normal_20deg_DoLP,0.18536967381518285,0.1828878617437038,0.002481812071479045
IAR-C2_minus_IAR4,diagnostic_445_455_nm,454.0,normal_20deg_DoLP,0.12436886829154019,0.11192386876146097,0.012444999530079215
IAR-C2_minus_IAR4,diagnostic_445_455_nm,455.0,normal_20deg_DoLP,0.0763072443912762,0.058315203646641174,0.017992040744635028
IAR-C2_minus_IAR4,diagnostic_400_500_nm,400.0,DoLP_pair,0.07501099177748892,0.06780419886061406,0.007206792916874857
IAR-C2_minus_IAR4,diagnostic_400_500_nm,401.0,DoLP_pair,0.05795211188092991,0.04916157569874554,0.008790536182184373
IAR-C2_minus_IAR4,diagnostic_400_500_nm,402.0,DoLP_pair,0.03633031695014913,0.030323877050929607,0.006006439899219521
IAR-C2_minus_IAR4,diagnostic_400_500_nm,403.0,DoLP_pair,0.005979330587625799,0.00336338151268037,0.0026159490749454294
IAR-C2_minus_IAR4,diagnostic_400_500_nm,404.0,DoLP_pair,0.013430019635415895,0.01420865970055397,-0.0007786400651380743
IAR-C2_minus_IAR4,diagnostic_400_500_nm,405.0,DoLP_pair,0.016476983602146708,0.007373778045734113,0.009103205556412596
IAR-C2_minus_IAR4,diagnostic_400_500_nm,406.0,DoLP_pair,0.02641946946522526,0.01115720674741257,0.015262262717812688
IAR-C2_minus_IAR4,diagnostic_400_500_nm,407.0,DoLP_pair,0.05938189493952374,0.05481595771934642,0.00456593722017732
IAR-C2_minus_IAR4,diagnostic_400_500_nm,408.0,DoLP_pair,0.08722376612798263,0.07946769891919246,0.007756067208790171
IAR-C2_minus_IAR4,diagnostic_400_500_nm,409.0,DoLP_pair,0.08092432362562804,0.07481241950088127,0.00611190412474677
IAR-C2_minus_IAR4,diagnostic_400_500_nm,410.0,DoLP_pair,0.0606387541822093,0.059450602322149354,0.0011881518600599453
IAR-C2_minus_IAR4,diagnostic_400_500_nm,411.0,DoLP_pair,0.036001955204703236,0.03648806198225567,-0.0004861067775524322
IAR-C2_minus_IAR4,diagnostic_400_500_nm,412.0,DoLP_pair,0.03789984788058228,0.0416609669660963,-0.0037611190855140197
IAR-C2_minus_IAR4,diagnostic_400_500_nm,413.0,DoLP_pair,0.021168490948324094,0.03323434663280869,-0.012065855684484598
IAR-C2_minus_IAR4,diagnostic_400_500_nm,414.0,DoLP_pair,0.014581957328192246,0.006255374718982274,0.008326582609209971
IAR-C2_minus_IAR4,diagnostic_400_500_nm,415.0,DoLP_pair,0.050439466365584384,0.03158955962611067,0.01884990673947371
IAR-C2_minus_IAR4,diagnostic_400_500_nm,416.0,DoLP_pair,0.05325921692345089,0.039789598429316286,0.013469618494134604
IAR-C2_minus_IAR4,diagnostic_400_500_nm,417.0,DoLP_pair,0.07007814310474449,0.06623244159214664,0.003845701512597846
IAR-C2_minus_IAR4,diagnostic_400_500_nm,418.0,DoLP_pair,0.0740645049159193,0.07430869174278429,-0.0002441868268649866
IAR-C2_minus_IAR4,diagnostic_400_500_nm,419.0,DoLP_pair,0.040974165530477884,0.04088631590551695,8.784962496093118e-05
IAR-C2_minus_IAR4,diagnostic_400_500_nm,420.0,DoLP_pair,0.01644213730854107,0.01978934355900818,-0.0033472062504671107
IAR-C2_minus_IAR4,diagnostic_400_500_nm,421.0,DoLP_pair,0.02480810083820463,0.0363677072129861,-0.01155960637478147
IAR-C2_minus_IAR4,diagnostic_400_500_nm,422.0,DoLP_pair,0.027626853457727623,0.044025689681473835,-0.016398836223746212
IAR-C2_minus_IAR4,diagnostic_400_500_nm,423.0,DoLP_pair,0.022978271618620445,0.04022215264251597,-0.017243881023895524
IAR-C2_minus_IAR4,diagnostic_400_500_nm,424.0,DoLP_pair,0.016821668192797217,0.03334179861192331,-0.016520130419126092
IAR-C2_minus_IAR4,diagnostic_400_500_nm,425.0,DoLP_pair,0.008747431560415372,0.02440271414077362,-0.015655282580358247
IAR-C2_minus_IAR4,diagnostic_400_500_nm,426.0,DoLP_pair,0.006806176938879398,0.019976454608588174,-0.013170277669708776
IAR-C2_minus_IAR4,diagnostic_400_500_nm,427.0,DoLP_pair,0.01532625045054529,0.023622000004434672,-0.008295749553889382
IAR-C2_minus_IAR4,diagnostic_400_500_nm,428.0,DoLP_pair,0.016961148000846585,0.01627140415825873,0.0006897438425878567
IAR-C2_minus_IAR4,diagnostic_400_500_nm,429.0,DoLP_pair,0.016547547940536412,0.006006656530498809,0.010540891410037603
IAR-C2_minus_IAR4,diagnostic_400_500_nm,430.0,DoLP_pair,0.012156504192369348,0.01067460598645957,0.0014818982059097777
IAR-C2_minus_IAR4,diagnostic_400_500_nm,431.0,DoLP_pair,0.011957360348758536,0.0058842788519221185,0.006073081496836418
IAR-C2_minus_IAR4,diagnostic_400_500_nm,432.0,DoLP_pair,0.02544349724557717,0.019701045142929842,0.005742452102647327
IAR-C2_minus_IAR4,diagnostic_400_500_nm,433.0,DoLP_pair,0.03287289013721588,0.024674309577306635,0.008198580559909244
IAR-C2_minus_IAR4,diagnostic_400_500_nm,434.0,DoLP_pair,0.03560074064875754,0.02323326768523098,0.012367472963526558
IAR-C2_minus_IAR4,diagnostic_400_500_nm,435.0,DoLP_pair,0.027141013621789053,0.013822525301527406,0.013318488320261647
IAR-C2_minus_IAR4,diagnostic_400_500_nm,436.0,DoLP_pair,0.038095992380904935,0.02711854680856272,0.010977445572342214
IAR-C2_minus_IAR4,diagnostic_400_500_nm,437.0,DoLP_pair,0.049504849222702416,0.041318825824148954,0.008186023398553462
IAR-C2_minus_IAR4,diagnostic_400_500_nm,438.0,DoLP_pair,0.06986274866736417,0.05734463635766614,0.012518112309698029
IAR-C2_minus_IAR4,diagnostic_400_500_nm,439.0,DoLP_pair,0.08148671862185561,0.0688040284766146,0.01268269014524101
IAR-C2_minus_IAR4,diagnostic_400_500_nm,440.0,DoLP_pair,0.0818743406919281,0.07337781372659369,0.008496526965334414
IAR-C2_minus_IAR4,diagnostic_400_500_nm,441.0,DoLP_pair,0.0696048707816408,0.06661013426678138,0.0029947365148594307
IAR-C2_minus_IAR4,diagnostic_400_500_nm,442.0,DoLP_pair,0.05282045238713695,0.05425120829238017,-0.0014307559052432195
IAR-C2_minus_IAR4,diagnostic_400_500_nm,443.0,DoLP_pair,0.03503741833570342,0.036750976929969384,-0.0017135585942659667
IAR-C2_minus_IAR4,diagnostic_400_500_nm,444.0,DoLP_pair,0.03318592296711936,0.0348366929330215,-0.0016507699659021394
IAR-C2_minus_IAR4,diagnostic_400_500_nm,445.0,DoLP_pair,0.030222649255705978,0.03208598168130731,-0.0018633324256013307
IAR-C2_minus_IAR4,diagnostic_400_500_nm,446.0,DoLP_pair,0.031025582685288502,0.03307614944954519,-0.0020505667642566894
IAR-C2_minus_IAR4,diagnostic_400_500_nm,447.0,DoLP_pair,0.034636808651883066,0.03563030749042969,-0.0009934988385466234
IAR-C2_minus_IAR4,diagnostic_400_500_nm,448.0,DoLP_pair,0.044266198494886055,0.0425372515263902,0.001728946968495855
IAR-C2_minus_IAR4,diagnostic_400_500_nm,449.0,DoLP_pair,0.05353974478026378,0.05016850464583051,0.0033712401344332676
IAR-C2_minus_IAR4,diagnostic_400_500_nm,450.0,DoLP_pair,0.05600966931862566,0.05357583763829356,0.0024338316803321006
IAR-C2_minus_IAR4,diagnostic_400_500_nm,451.0,DoLP_pair,0.06201772215179679,0.05827399383282206,0.0037437283189747303
IAR-C2_minus_IAR4,diagnostic_400_500_nm,452.0,DoLP_pair,0.06487809997189382,0.05715681970393245,0.007721280267961372
IAR-C2_minus_IAR4,diagnostic_400_500_nm,453.0,DoLP_pair,0.049228259064644606,0.040244205790712376,0.00898405327393223
IAR-C2_minus_IAR4,diagnostic_400_500_nm,454.0,DoLP_pair,0.02746392063753137,0.026962726513202244,0.0005011941243291268
IAR-C2_minus_IAR4,diagnostic_400_500_nm,455.0,DoLP_pair,0.018739496445320688,0.025033491648169065,-0.006293995202848377
IAR-C2_minus_IAR4,diagnostic_400_500_nm,456.0,DoLP_pair,0.016020527331892027,0.02423765265931437,-0.008217125327422341
IAR-C2_minus_IAR4,diagnostic_400_500_nm,457.0,DoLP_pair,0.018912660521390345,0.027688314119214245,-0.0087756535978239
IAR-C2_minus_IAR4,diagnostic_400_500_nm,458.0,DoLP_pair,0.025079753631400102,0.03454356795010797,-0.009463814318707867
IAR-C2_minus_IAR4,diagnostic_400_500_nm,459.0,DoLP_pair,0.03402728558720608,0.04170542347661134,-0.007678137889405259
IAR-C2_minus_IAR4,diagnostic_400_500_nm,460.0,DoLP_pair,0.030749217090723684,0.03485617293488546,-0.004106955844161774
IAR-C2_minus_IAR4,diagnostic_400_500_nm,461.0,DoLP_pair,0.022369684521653093,0.022721045878055988,-0.00035136135640289473
IAR-C2_minus_IAR4,diagnostic_400_500_nm,462.0,DoLP_pair,0.022279229319553524,0.022302875503937537,-2.3646184384013696e-05
IAR-C2_minus_IAR4,diagnostic_400_500_nm,463.0,DoLP_pair,0.01923020695426031,0.01996561993510688,-0.0007354129808465719
IAR-C2_minus_IAR4,diagnostic_400_500_nm,464.0,DoLP_pair,0.02487314302305043,0.02387758272639441,0.0009955602966560187
IAR-C2_minus_IAR4,diagnostic_400_500_nm,465.0,DoLP_pair,0.027267791502953595,0.024489664231465983,0.002778127271487612
IAR-C2_minus_IAR4,diagnostic_400_500_nm,466.0,DoLP_pair,0.02186206322468096,0.019255335198202838,0.002606728026478121
IAR-C2_minus_IAR4,diagnostic_400_500_nm,467.0,DoLP_pair,0.016631323465315852,0.01968394253576308,-0.0030526190704472274
IAR-C2_minus_IAR4,diagnostic_400_500_nm,468.0,DoLP_pair,0.015303168120252056,0.024158003814616802,-0.008854835694364746
IAR-C2_minus_IAR4,diagnostic_400_500_nm,469.0,DoLP_pair,0.018668768050523442,0.029910364450142175,-0.011241596399618733
IAR-C2_minus_IAR4,diagnostic_400_500_nm,470.0,DoLP_pair,0.0221707363322926,0.032788279584728866,-0.010617543252436266
IAR-C2_minus_IAR4,diagnostic_400_500_nm,471.0,DoLP_pair,0.023198634758953684,0.032131965466641876,-0.008933330707688193
IAR-C2_minus_IAR4,diagnostic_400_500_nm,472.0,DoLP_pair,0.023195630928174425,0.030372445437180335,-0.0071768145090059104
IAR-C2_minus_IAR4,diagnostic_400_500_nm,473.0,DoLP_pair,0.02841059188334488,0.033564343356410065,-0.005153751473065186
IAR-C2_minus_IAR4,diagnostic_400_500_nm,474.0,DoLP_pair,0.037010275341455554,0.040484818947735354,-0.0034745436062798007
IAR-C2_minus_IAR4,diagnostic_400_500_nm,475.0,DoLP_pair,0.0453461894797707,0.04728540444870442,-0.0019392149689337196
IAR-C2_minus_IAR4,diagnostic_400_500_nm,476.0,DoLP_pair,0.059835337414122274,0.059900207287309326,-6.486987318705256e-05
IAR-C2_minus_IAR4,diagnostic_400_500_nm,477.0,DoLP_pair,0.07262424044979338,0.06962117812214332,0.0030030623276500606
IAR-C2_minus_IAR4,diagnostic_400_500_nm,478.0,DoLP_pair,0.0731407927966249,0.06976722596255307,0.003373566834071834
IAR-C2_minus_IAR4,diagnostic_400_500_nm,479.0,DoLP_pair,0.0780459795159976,0.07467148309835424,0.003374496417643355
IAR-C2_minus_IAR4,diagnostic_400_500_nm,480.0,DoLP_pair,0.08092439163496354,0.0776601091875137,0.0032642824474498344
IAR-C2_minus_IAR4,diagnostic_400_500_nm,481.0,DoLP_pair,0.07880220676382839,0.0757419730505712,0.003060233713257185
IAR-C2_minus_IAR4,diagnostic_400_500_nm,482.0,DoLP_pair,0.07329051156735387,0.0704439272814392,0.00284658428591468
IAR-C2_minus_IAR4,diagnostic_400_500_nm,483.0,DoLP_pair,0.06849114170128306,0.06576041211224255,0.002730729589040512
IAR-C2_minus_IAR4,diagnostic_400_500_nm,484.0,DoLP_pair,0.06639020668828428,0.06386292580379735,0.002527280884486935
IAR-C2_minus_IAR4,diagnostic_400_500_nm,485.0,DoLP_pair,0.06768095647394395,0.06600761075211047,0.0016733457218334885
IAR-C2_minus_IAR4,diagnostic_400_500_nm,486.0,DoLP_pair,0.07040241991332534,0.07009178849414133,0.0003106314191840126
IAR-C2_minus_IAR4,diagnostic_400_500_nm,487.0,DoLP_pair,0.07675556334940548,0.0755294555187011,0.0012261078307043705
IAR-C2_minus_IAR4,diagnostic_400_500_nm,488.0,DoLP_pair,0.07786818000215737,0.07741596467727059,0.00045221532488677607
IAR-C2_minus_IAR4,diagnostic_400_500_nm,489.0,DoLP_pair,0.08372609337651675,0.08379699895161645,-7.090557509970008e-05
IAR-C2_minus_IAR4,diagnostic_400_500_nm,490.0,DoLP_pair,0.08280601429586154,0.0844469491472325,-0.0016409348513709565
IAR-C2_minus_IAR4,diagnostic_400_500_nm,491.0,DoLP_pair,0.08420784369207851,0.08646422472367724,-0.0022563810315987254
IAR-C2_minus_IAR4,diagnostic_400_500_nm,492.0,DoLP_pair,0.08217816926556004,0.08452320856613735,-0.0023450393005773063
IAR-C2_minus_IAR4,diagnostic_400_500_nm,493.0,DoLP_pair,0.07870534747520513,0.08107396590786661,-0.002368618432661479
IAR-C2_minus_IAR4,diagnostic_400_500_nm,494.0,DoLP_pair,0.07334634113132132,0.07533506050668726,-0.0019887193753659327
IAR-C2_minus_IAR4,diagnostic_400_500_nm,495.0,DoLP_pair,0.06684798246155886,0.0680722474668818,-0.0012242650053229387
IAR-C2_minus_IAR4,diagnostic_400_500_nm,496.0,DoLP_pair,0.061713349911410434,0.06176191970729395,-4.856979588351712e-05
IAR-C2_minus_IAR4,diagnostic_400_500_nm,497.0,DoLP_pair,0.05817744308600824,0.056649844465737294,0.0015275986202709438
IAR-C2_minus_IAR4,diagnostic_400_500_nm,498.0,DoLP_pair,0.04943144430192776,0.04823906257478081,0.0011923817271469461
IAR-C2_minus_IAR4,diagnostic_400_500_nm,499.0,DoLP_pair,0.06323276660302547,0.06205826392799198,0.0011745026750334953
IAR-C2_minus_IAR4,diagnostic_400_500_nm,500.0,DoLP_pair,0.06431073940432172,0.0639550016121251,0.0003557377921966226
IAR-C2_minus_IAR4,diagnostic_400_500_nm,400.0,C_source,0.14791207029005385,0.13418361635675607,0.013728453933297774
IAR-C2_minus_IAR4,diagnostic_400_500_nm,401.0,C_source,0.11471623861246136,0.09854636832086551,0.016169870291595848
IAR-C2_minus_IAR4,diagnostic_400_500_nm,402.0,C_source,0.08500898589851322,0.071642017563493,0.013366968335020213
IAR-C2_minus_IAR4,diagnostic_400_500_nm,403.0,C_source,0.016108674945953312,0.009314231057177522,0.00679444388877579
IAR-C2_minus_IAR4,diagnostic_400_500_nm,404.0,C_source,0.037670882374546154,0.039571677116605294,-0.0019007947420591406
IAR-C2_minus_IAR4,diagnostic_400_500_nm,405.0,C_source,0.04231827307993376,0.018229331069929074,0.024088942010004683
IAR-C2_minus_IAR4,diagnostic_400_500_nm,406.0,C_source,0.06878375549113694,0.02709908596613022,0.04168466952500672
IAR-C2_minus_IAR4,diagnostic_400_500_nm,407.0,C_source,0.1679704174253066,0.1428379205709651,0.02513249685434152
IAR-C2_minus_IAR4,diagnostic_400_500_nm,408.0,C_source,0.25227563644577744,0.21246686018866476,0.03980877625711268
IAR-C2_minus_IAR4,diagnostic_400_500_nm,409.0,C_source,0.23796359977998266,0.20541366391915702,0.032549935860825635
IAR-C2_minus_IAR4,diagnostic_400_500_nm,410.0,C_source,0.18672856712374705,0.17105967729864902,0.015668889825098037
IAR-C2_minus_IAR4,diagnostic_400_500_nm,411.0,C_source,0.1148186527538554,0.1080126392896983,0.006806013464157101
IAR-C2_minus_IAR4,diagnostic_400_500_nm,412.0,C_source,0.12265071634665854,0.12449902691259543,-0.0018483105659368865
IAR-C2_minus_IAR4,diagnostic_400_500_nm,413.0,C_source,0.06296552597685674,0.0936872007085955,-0.030721674731738757
IAR-C2_minus_IAR4,diagnostic_400_500_nm,414.0,C_source,0.04081872261177029,0.017102372839647103,0.023716349772123186
IAR-C2_minus_IAR4,diagnostic_400_500_nm,415.0,C_source,0.13514775406933702,0.08444157431013023,0.050706179759206785
IAR-C2_minus_IAR4,diagnostic_400_500_nm,416.0,C_source,0.1396586314280411,0.10548864769474105,0.03416998373330006
IAR-C2_minus_IAR4,diagnostic_400_500_nm,417.0,C_source,0.17602581403780615,0.16977914489550117,0.006246669142304984
IAR-C2_minus_IAR4,diagnostic_400_500_nm,418.0,C_source,0.1875830498401164,0.190206089791253,-0.0026230399511366076
IAR-C2_minus_IAR4,diagnostic_400_500_nm,419.0,C_source,0.10356411068325075,0.10446496725359877,-0.0009008565703480242
IAR-C2_minus_IAR4,diagnostic_400_500_nm,420.0,C_source,0.04072853139945455,0.04976435019560762,-0.009035818796153068
IAR-C2_minus_IAR4,diagnostic_400_500_nm,421.0,C_source,0.059688111340137566,0.08836774742360864,-0.02867963608347108
IAR-C2_minus_IAR4,diagnostic_400_500_nm,422.0,C_source,0.0664496400383648,0.10735876332083054,-0.04090912328246574
IAR-C2_minus_IAR4,diagnostic_400_500_nm,423.0,C_source,0.05579098955240417,0.1005160971329971,-0.04472510758059293
IAR-C2_minus_IAR4,diagnostic_400_500_nm,424.0,C_source,0.03926017679781225,0.08128451025204404,-0.042024333454231795
IAR-C2_minus_IAR4,diagnostic_400_500_nm,425.0,C_source,0.01976696713634392,0.0578730018779818,-0.03810603474163788
IAR-C2_minus_IAR4,diagnostic_400_500_nm,426.0,C_source,0.01600853456817097,0.049270909866299416,-0.03326237529812845
IAR-C2_minus_IAR4,diagnostic_400_500_nm,427.0,C_source,0.03925604324718509,0.06351404939100114,-0.024258006143816048
IAR-C2_minus_IAR4,diagnostic_400_500_nm,428.0,C_source,0.046110346077485605,0.045387281841305,0.0007230642361806053
IAR-C2_minus_IAR4,diagnostic_400_500_nm,429.0,C_source,0.04362452038012329,0.015789606744441322,0.027834913635681965
IAR-C2_minus_IAR4,diagnostic_400_500_nm,430.0,C_source,0.030172597985001035,0.026069046975415074,0.004103551009585961
IAR-C2_minus_IAR4,diagnostic_400_500_nm,431.0,C_source,0.027369030512758467,0.013350707899003675,0.014018322613754792
IAR-C2_minus_IAR4,diagnostic_400_500_nm,432.0,C_source,0.05377304843618506,0.04147170628827665,0.012301342147908408
IAR-C2_minus_IAR4,diagnostic_400_500_nm,433.0,C_source,0.06816919044518492,0.050817318209584524,0.017351872235600398
IAR-C2_minus_IAR4,diagnostic_400_500_nm,434.0,C_source,0.07584053220163839,0.048480353598252014,0.027360178603386374
IAR-C2_minus_IAR4,diagnostic_400_500_nm,435.0,C_source,0.06174692127048637,0.030654193851280966,0.031092727419205407
IAR-C2_minus_IAR4,diagnostic_400_500_nm,436.0,C_source,0.08909865201781081,0.062012892063040156,0.027085759954770652
IAR-C2_minus_IAR4,diagnostic_400_500_nm,437.0,C_source,0.11510715825840306,0.09429495626573486,0.0208122019926682
IAR-C2_minus_IAR4,diagnostic_400_500_nm,438.0,C_source,0.16595161178844559,0.13343950526810527,0.03251210652034031
IAR-C2_minus_IAR4,diagnostic_400_500_nm,439.0,C_source,0.19453598998067193,0.1603861663413192,0.03414982363935273
IAR-C2_minus_IAR4,diagnostic_400_500_nm,440.0,C_source,0.20106776215384098,0.17517789125340938,0.0258898709004316
IAR-C2_minus_IAR4,diagnostic_400_500_nm,441.0,C_source,0.17267639382714467,0.16082760067503912,0.011848793152105547
IAR-C2_minus_IAR4,diagnostic_400_500_nm,442.0,C_source,0.12879599579621925,0.12910485296844662,-0.00030885717222736697
IAR-C2_minus_IAR4,diagnostic_400_500_nm,443.0,C_source,0.08295574835630286,0.08494096208131044,-0.0019852137250075813
IAR-C2_minus_IAR4,diagnostic_400_500_nm,444.0,C_source,0.07622002982201592,0.07782156032798175,-0.0016015305059658286
IAR-C2_minus_IAR4,diagnostic_400_500_nm,445.0,C_source,0.06819286100262952,0.07023450443341486,-0.0020416434307853476
IAR-C2_minus_IAR4,diagnostic_400_500_nm,446.0,C_source,0.06969319012797585,0.07172202771192641,-0.00202883758395056
IAR-C2_minus_IAR4,diagnostic_400_500_nm,447.0,C_source,0.07860826961472034,0.07784664368822163,0.000761625926498713
IAR-C2_minus_IAR4,diagnostic_400_500_nm,448.0,C_source,0.10174720868086196,0.09452004973534096,0.007227158945520992
IAR-C2_minus_IAR4,diagnostic_400_500_nm,449.0,C_source,0.12631779583806604,0.11532107542494623,0.010996720413119818
IAR-C2_minus_IAR4,diagnostic_400_500_nm,450.0,C_source,0.1351456237312985,0.1271278142890803,0.008017809442218193
IAR-C2_minus_IAR4,diagnostic_400_500_nm,451.0,C_source,0.1546148569008084,0.1436217512300873,0.010993105670721093
IAR-C2_minus_IAR4,diagnostic_400_500_nm,452.0,C_source,0.16802282876362098,0.14673897492298915,0.021283853840631833
IAR-C2_minus_IAR4,diagnostic_400_500_nm,453.0,C_source,0.1321778135529782,0.10723345493804623,0.024944358614931966
IAR-C2_minus_IAR4,diagnostic_400_500_nm,454.0,C_source,0.07654506497346945,0.07485795976834932,0.0016871052051201374
IAR-C2_minus_IAR4,diagnostic_400_500_nm,455.0,C_source,0.05406579043825358,0.07240022516096882,-0.01833443472271524
IAR-C2_minus_IAR4,diagnostic_400_500_nm,456.0,C_source,0.04800608240905347,0.07327689529247045,-0.025270812883416975
IAR-C2_minus_IAR4,diagnostic_400_500_nm,457.0,C_source,0.05695161569922601,0.08465360551360004,-0.027701989814374037
IAR-C2_minus_IAR4,diagnostic_400_500_nm,458.0,C_source,0.07605775736044403,0.10617921692610836,-0.030121459565664338
IAR-C2_minus_IAR4,diagnostic_400_500_nm,459.0,C_source,0.10247346318540866,0.12669715058978487,-0.024223687404376207
IAR-C2_minus_IAR4,diagnostic_400_500_nm,460.0,C_source,0.09013172422090239,0.10264436022244167,-0.012512636001539276
IAR-C2_minus_IAR4,diagnostic_400_500_nm,461.0,C_source,0.0648327555845971,0.06586872388495468,-0.0010359683003575842
IAR-C2_minus_IAR4,diagnostic_400_500_nm,462.0,C_source,0.06465776496271448,0.06428732950889686,0.00037043545381762466
IAR-C2_minus_IAR4,diagnostic_400_500_nm,463.0,C_source,0.05569086428147205,0.057046890530219455,-0.0013560262487474078
IAR-C2_minus_IAR4,diagnostic_400_500_nm,464.0,C_source,0.07091488730236548,0.0666504005863103,0.004264486716055171
IAR-C2_minus_IAR4,diagnostic_400_500_nm,465.0,C_source,0.07750472270546256,0.06796614047830823,0.009538582227154327
IAR-C2_minus_IAR4,diagnostic_400_500_nm,466.0,C_source,0.061704059444808536,0.05304228571497792,0.008661773729830617
IAR-C2_minus_IAR4,diagnostic_400_500_nm,467.0,C_source,0.046095173599636045,0.05327235650866886,-0.0071771829090328115
IAR-C2_minus_IAR4,diagnostic_400_500_nm,468.0,C_source,0.04211504252133621,0.06486851621622337,-0.022753473694887165
IAR-C2_minus_IAR4,diagnostic_400_500_nm,469.0,C_source,0.05090601921279792,0.07964425333888349,-0.028738234126085567
IAR-C2_minus_IAR4,diagnostic_400_500_nm,470.0,C_source,0.059468807827424024,0.08630982683155927,-0.02684101900413525
IAR-C2_minus_IAR4,diagnostic_400_500_nm,471.0,C_source,0.06177762441997027,0.08464086066771444,-0.022863236247744168
IAR-C2_minus_IAR4,diagnostic_400_500_nm,472.0,C_source,0.06369786759363419,0.08293977071938037,-0.019241903125746182
IAR-C2_minus_IAR4,diagnostic_400_500_nm,473.0,C_source,0.08368151892926025,0.09819390194048733,-0.014512383011227079
IAR-C2_minus_IAR4,diagnostic_400_500_nm,474.0,C_source,0.12024747972787114,0.1298813840130985,-0.009633904285227368
IAR-C2_minus_IAR4,diagnostic_400_500_nm,475.0,C_source,0.15862649025227138,0.16258955937549777,-0.003963069123226387
IAR-C2_minus_IAR4,diagnostic_400_500_nm,476.0,C_source,0.21701285899083037,0.21222645653018235,0.004786402460648015
IAR-C2_minus_IAR4,diagnostic_400_500_nm,477.0,C_source,0.2763984894037492,0.26050276409137807,0.015895725312371156
IAR-C2_minus_IAR4,diagnostic_400_500_nm,478.0,C_source,0.27706973390001866,0.2598858757512349,0.01718385814878376
IAR-C2_minus_IAR4,diagnostic_400_500_nm,479.0,C_source,0.29129416405328284,0.27486349632293605,0.016430667730346793
IAR-C2_minus_IAR4,diagnostic_400_500_nm,480.0,C_source,0.2977688901715995,0.28334633551545385,0.01442255465614567
IAR-C2_minus_IAR4,diagnostic_400_500_nm,481.0,C_source,0.28982086287586356,0.27735093725771637,0.012469925618147193
IAR-C2_minus_IAR4,diagnostic_400_500_nm,482.0,C_source,0.27265257000871207,0.2615404733123505,0.011112096696361595
IAR-C2_minus_IAR4,diagnostic_400_500_nm,483.0,C_source,0.25846933439194847,0.24786333897334487,0.010605995418603603
IAR-C2_minus_IAR4,diagnostic_400_500_nm,484.0,C_source,0.2535514345897538,0.24322846559043576,0.01032296899931806
IAR-C2_minus_IAR4,diagnostic_400_500_nm,485.0,C_source,0.26452171466330704,0.25629930609525037,0.008222408568056672
IAR-C2_minus_IAR4,diagnostic_400_500_nm,486.0,C_source,0.26969617431692733,0.26776230817672,0.001933866140207352
IAR-C2_minus_IAR4,diagnostic_400_500_nm,487.0,C_source,0.28172325094096046,0.2766215077538366,0.005101743187123864
IAR-C2_minus_IAR4,diagnostic_400_500_nm,488.0,C_source,0.2926803218233704,0.2919149520610729,0.0007653697622975186
IAR-C2_minus_IAR4,diagnostic_400_500_nm,489.0,C_source,0.3071218121522636,0.30846936881800335,-0.0013475566657397686
IAR-C2_minus_IAR4,diagnostic_400_500_nm,490.0,C_source,0.30134087184086167,0.3069192409304383,-0.005578369089576651
IAR-C2_minus_IAR4,diagnostic_400_500_nm,491.0,C_source,0.31167781246324877,0.3200094595730878,-0.008331647109839024
IAR-C2_minus_IAR4,diagnostic_400_500_nm,492.0,C_source,0.3004666449526392,0.3083685770008309,-0.007901932048191729
IAR-C2_minus_IAR4,diagnostic_400_500_nm,493.0,C_source,0.28320647306469254,0.29018444664667514,-0.006977973581982599
IAR-C2_minus_IAR4,diagnostic_400_500_nm,494.0,C_source,0.26126813275964494,0.26678221131701707,-0.005514078557372126
IAR-C2_minus_IAR4,diagnostic_400_500_nm,495.0,C_source,0.23828416143995523,0.24192349838383612,-0.003639336943880883
IAR-C2_minus_IAR4,diagnostic_400_500_nm,496.0,C_source,0.2220627223950886,0.22283814394069093,-0.0007754215456023394
IAR-C2_minus_IAR4,diagnostic_400_500_nm,497.0,C_source,0.20905246465278782,0.20586766394968636,0.0031848007031014536
IAR-C2_minus_IAR4,diagnostic_400_500_nm,498.0,C_source,0.17921016275951834,0.178082642876192,0.00112751988332635
IAR-C2_minus_IAR4,diagnostic_400_500_nm,499.0,C_source,0.23292847684086865,0.23234104326555707,0.0005874335753115745
IAR-C2_minus_IAR4,diagnostic_400_500_nm,500.0,C_source,0.2345417662764111,0.2355792420322071,-0.0010374757557959913
IAR-C2_minus_IAR4,diagnostic_400_500_nm,400.0,C_angular,0.18248245364984875,0.16957056629390388,0.012911887355944868
IAR-C2_minus_IAR4,diagnostic_400_500_nm,401.0,C_angular,0.1400561163049753,0.127665564507956,0.012390551797019311
IAR-C2_minus_IAR4,diagnostic_400_500_nm,402.0,C_angular,0.10837787507514338,0.099315216555496,0.009062658519647382
IAR-C2_minus_IAR4,diagnostic_400_500_nm,403.0,C_angular,0.05344905793098043,0.04999503746804596,0.0034540204629344706
IAR-C2_minus_IAR4,diagnostic_400_500_nm,404.0,C_angular,0.0216189299908484,0.026623567183633904,-0.005004637192785506
IAR-C2_minus_IAR4,diagnostic_400_500_nm,405.0,C_angular,0.011862019227989417,0.032493884986481134,-0.020631865758491717
IAR-C2_minus_IAR4,diagnostic_400_500_nm,406.0,C_angular,0.023482243379763682,0.004805021618007817,0.018677221761755864
IAR-C2_minus_IAR4,diagnostic_400_500_nm,407.0,C_angular,0.08442860171279506,0.0720319326742411,0.012396669038553965
IAR-C2_minus_IAR4,diagnostic_400_500_nm,408.0,C_angular,0.12722467090551004,0.1152034509400581,0.01202121996545194
IAR-C2_minus_IAR4,diagnostic_400_500_nm,409.0,C_angular,0.1124031400419589,0.10800875965446177,0.004394380387497121
IAR-C2_minus_IAR4,diagnostic_400_500_nm,410.0,C_angular,0.08876778646517852,0.09474269895492586,-0.005974912489747339
IAR-C2_minus_IAR4,diagnostic_400_500_nm,411.0,C_angular,0.06579916225388412,0.07293862362335746,-0.0071394613694733405
IAR-C2_minus_IAR4,diagnostic_400_500_nm,412.0,C_angular,0.07773979325645425,0.081412530699271,-0.003672737442816751
IAR-C2_minus_IAR4,diagnostic_400_500_nm,413.0,C_angular,0.0556543655174599,0.06862900742197636,-0.012974641904516464
IAR-C2_minus_IAR4,diagnostic_400_500_nm,414.0,C_angular,0.010734512151392183,0.028703254730681787,-0.017968742579289605
IAR-C2_minus_IAR4,diagnostic_400_500_nm,415.0,C_angular,0.03244709874130793,0.011801623606867888,0.020645475134440046
IAR-C2_minus_IAR4,diagnostic_400_500_nm,416.0,C_angular,0.039123176134015475,0.02216346119926548,0.016959714934749993
IAR-C2_minus_IAR4,diagnostic_400_500_nm,417.0,C_angular,0.06742557128916034,0.06035837079626485,0.007067200492895491
IAR-C2_minus_IAR4,diagnostic_400_500_nm,418.0,C_angular,0.0811720038426256,0.08268489844926256,-0.0015128946066369636
IAR-C2_minus_IAR4,diagnostic_400_500_nm,419.0,C_angular,0.053866520382934095,0.05581060613629886,-0.0019440857533647646
IAR-C2_minus_IAR4,diagnostic_400_500_nm,420.0,C_angular,0.030600715090351772,0.029806703568602027,0.0007940115217497448
IAR-C2_minus_IAR4,diagnostic_400_500_nm,421.0,C_angular,0.014950415769026235,0.011529353775884125,0.0034210619931421098
IAR-C2_minus_IAR4,diagnostic_400_500_nm,422.0,C_angular,0.01650606912253918,0.015418202122168339,0.0010878670003708398
IAR-C2_minus_IAR4,diagnostic_400_500_nm,423.0,C_angular,0.021022810618556063,0.019299021030651627,0.0017237895879044368
IAR-C2_minus_IAR4,diagnostic_400_500_nm,424.0,C_angular,0.028737540939148185,0.023300064647244236,0.005437476291903949
IAR-C2_minus_IAR4,diagnostic_400_500_nm,425.0,C_angular,0.05203328849011694,0.04147905563347313,0.010554232856643808
IAR-C2_minus_IAR4,diagnostic_400_500_nm,426.0,C_angular,0.06526219557225715,0.05924403865804405,0.006018156914213105
IAR-C2_minus_IAR4,diagnostic_400_500_nm,427.0,C_angular,0.06565498454151908,0.0645054526578715,0.001149531883647581
IAR-C2_minus_IAR4,diagnostic_400_500_nm,428.0,C_angular,0.07240172452876818,0.07894778756917728,-0.0065460630404090975
IAR-C2_minus_IAR4,diagnostic_400_500_nm,429.0,C_angular,0.07287186541541234,0.09115678352910052,-0.01828491811368818
IAR-C2_minus_IAR4,diagnostic_400_500_nm,430.0,C_angular,0.0791585904126669,0.10027190773375502,-0.02111331732108812
IAR-C2_minus_IAR4,diagnostic_400_500_nm,431.0,C_angular,0.06524782768596685,0.07436979535342389,-0.009121967667457043
IAR-C2_minus_IAR4,diagnostic_400_500_nm,432.0,C_angular,0.027350203271875224,0.029920258935100683,-0.002570055663225459
IAR-C2_minus_IAR4,diagnostic_400_500_nm,433.0,C_angular,0.004190225097071263,0.010273645522121424,-0.006083420425050161
IAR-C2_minus_IAR4,diagnostic_400_500_nm,434.0,C_angular,0.007909663562057755,0.007757562447638749,0.00015210111441900636
IAR-C2_minus_IAR4,diagnostic_400_500_nm,435.0,C_angular,0.023761163687312643,0.037340375124571064,-0.013579211437258421
IAR-C2_minus_IAR4,diagnostic_400_500_nm,436.0,C_angular,0.008017949733570414,0.012730753938783297,-0.004712804205212882
IAR-C2_minus_IAR4,diagnostic_400_500_nm,437.0,C_angular,0.03454627621107503,0.02582334422990054,0.008722931981174492
IAR-C2_minus_IAR4,diagnostic_400_500_nm,438.0,C_angular,0.07743045991115546,0.06407913519146849,0.013351324719686974
IAR-C2_minus_IAR4,diagnostic_400_500_nm,439.0,C_angular,0.10091649404774006,0.09024574453482072,0.01067074951291934
IAR-C2_minus_IAR4,diagnostic_400_500_nm,440.0,C_angular,0.10358096870826276,0.10220081423676396,0.0013801544714988068
IAR-C2_minus_IAR4,diagnostic_400_500_nm,441.0,C_angular,0.0852663193859806,0.09241336855594434,-0.00714704916996374
IAR-C2_minus_IAR4,diagnostic_400_500_nm,442.0,C_angular,0.06723663148332577,0.08062037152502212,-0.013383740041696346
IAR-C2_minus_IAR4,diagnostic_400_500_nm,443.0,C_angular,0.049132033345728285,0.06447799417868988,-0.015345960832961594
IAR-C2_minus_IAR4,diagnostic_400_500_nm,444.0,C_angular,0.043962401746066804,0.05974288649016674,-0.01578048474409994
IAR-C2_minus_IAR4,diagnostic_400_500_nm,445.0,C_angular,0.03657373303381429,0.04871661144666902,-0.012142878412854732
IAR-C2_minus_IAR4,diagnostic_400_500_nm,446.0,C_angular,0.04097297009213219,0.041590383652985466,-0.0006174135608532777
IAR-C2_minus_IAR4,diagnostic_400_500_nm,447.0,C_angular,0.06420746276643088,0.056789504001769145,0.007417958764661739
IAR-C2_minus_IAR4,diagnostic_400_500_nm,448.0,C_angular,0.08602809615184091,0.07769341404130273,0.008334682110538186
IAR-C2_minus_IAR4,diagnostic_400_500_nm,449.0,C_angular,0.10699884899649148,0.09892300734368684,0.008075841652804644
IAR-C2_minus_IAR4,diagnostic_400_500_nm,450.0,C_angular,0.11234041616696946,0.10519642518941018,0.007143990977559286
IAR-C2_minus_IAR4,diagnostic_400_500_nm,451.0,C_angular,0.10901978169247359,0.10040627550092285,0.00861350619155074
IAR-C2_minus_IAR4,diagnostic_400_500_nm,452.0,C_angular,0.09265755107816386,0.08029325125402066,0.012364299824143193
IAR-C2_minus_IAR4,diagnostic_400_500_nm,453.0,C_angular,0.054998724718792254,0.040695754870478044,0.01430296984831421
IAR-C2_minus_IAR4,diagnostic_400_500_nm,454.0,C_angular,0.013626902034483513,0.02467219390828557,-0.011045291873802057
IAR-C2_minus_IAR4,diagnostic_400_500_nm,455.0,C_angular,0.03275447683949357,0.049432590382721034,-0.016678113543227464
IAR-C2_minus_IAR4,diagnostic_400_500_nm,456.0,C_angular,0.053009602926276,0.06637577618108355,-0.013366173254807545
IAR-C2_minus_IAR4,diagnostic_400_500_nm,457.0,C_angular,0.06965074961851693,0.08331072191851595,-0.013659972299999018
IAR-C2_minus_IAR4,diagnostic_400_500_nm,458.0,C_angular,0.08517124928674018,0.10242861818648093,-0.01725736889974075
IAR-C2_minus_IAR4,diagnostic_400_500_nm,459.0,C_angular,0.09557470099190854,0.11324541409693194,-0.017670713105023397
IAR-C2_minus_IAR4,diagnostic_400_500_nm,460.0,C_angular,0.08151508770135582,0.09576626552897237,-0.014251177827616548
IAR-C2_minus_IAR4,diagnostic_400_500_nm,461.0,C_angular,0.06341442905781272,0.07212086833493693,-0.008706439277124209
IAR-C2_minus_IAR4,diagnostic_400_500_nm,462.0,C_angular,0.06552554598870938,0.07190066986592474,-0.006375123877215352
IAR-C2_minus_IAR4,diagnostic_400_500_nm,463.0,C_angular,0.05086250501844083,0.05688521595661596,-0.006022710938175135
IAR-C2_minus_IAR4,diagnostic_400_500_nm,464.0,C_angular,0.034218156617693306,0.03977319222067017,-0.005555035602976863
IAR-C2_minus_IAR4,diagnostic_400_500_nm,465.0,C_angular,0.030649691559779736,0.0360573841415719,-0.005407692581792162
IAR-C2_minus_IAR4,diagnostic_400_500_nm,466.0,C_angular,0.032445934321050675,0.042082295016500175,-0.0096363606954495
IAR-C2_minus_IAR4,diagnostic_400_500_nm,467.0,C_angular,0.04043153852294984,0.05396681127590143,-0.013535272752951591
IAR-C2_minus_IAR4,diagnostic_400_500_nm,468.0,C_angular,0.04806662350412684,0.06444932246689654,-0.0163826989627697
IAR-C2_minus_IAR4,diagnostic_400_500_nm,469.0,C_angular,0.05188972671167919,0.06896057700027394,-0.01707085028859475
IAR-C2_minus_IAR4,diagnostic_400_500_nm,470.0,C_angular,0.051173100206384284,0.06697459882249271,-0.015801498616108425
IAR-C2_minus_IAR4,diagnostic_400_500_nm,471.0,C_angular,0.04599599042203676,0.05992811946248974,-0.013932129040452983
IAR-C2_minus_IAR4,diagnostic_400_500_nm,472.0,C_angular,0.038189365827206605,0.05040409203928776,-0.012214726212081153
IAR-C2_minus_IAR4,diagnostic_400_500_nm,473.0,C_angular,0.03690587278040964,0.04749728790392993,-0.010591415123520291
IAR-C2_minus_IAR4,diagnostic_400_500_nm,474.0,C_angular,0.041273912502808575,0.050741212064987586,-0.00946729956217901
IAR-C2_minus_IAR4,diagnostic_400_500_nm,475.0,C_angular,0.05634306040685887,0.06336391213921375,-0.007020851732354873
IAR-C2_minus_IAR4,diagnostic_400_500_nm,476.0,C_angular,0.08585343946782686,0.08964816423538688,-0.003794724767560015
IAR-C2_minus_IAR4,diagnostic_400_500_nm,477.0,C_angular,0.11235927828210288,0.11070358705110465,0.0016556912309982214
IAR-C2_minus_IAR4,diagnostic_400_500_nm,478.0,C_angular,0.11996820745852872,0.11756310606568236,0.0024051013928463594
IAR-C2_minus_IAR4,diagnostic_400_500_nm,479.0,C_angular,0.13242388269343158,0.1295143000660967,0.0029095826273348724
IAR-C2_minus_IAR4,diagnostic_400_500_nm,480.0,C_angular,0.13996496634848418,0.13662673561840089,0.003338230730083297
IAR-C2_minus_IAR4,diagnostic_400_500_nm,481.0,C_angular,0.13746034725756714,0.13411768295024978,0.003342664307317361
IAR-C2_minus_IAR4,diagnostic_400_500_nm,482.0,C_angular,0.12856660002310977,0.12530811880292125,0.003258481220188514
IAR-C2_minus_IAR4,diagnostic_400_500_nm,483.0,C_angular,0.12002247454782523,0.11664015488983379,0.0033823196579914477
IAR-C2_minus_IAR4,diagnostic_400_500_nm,484.0,C_angular,0.11474983263575546,0.11146746338762102,0.003282369248134437
IAR-C2_minus_IAR4,diagnostic_400_500_nm,485.0,C_angular,0.11878223546003895,0.11756384665337408,0.0012183888066648746
IAR-C2_minus_IAR4,diagnostic_400_500_nm,486.0,C_angular,0.12325893520155078,0.12465217886523104,-0.0013932436636802659
IAR-C2_minus_IAR4,diagnostic_400_500_nm,487.0,C_angular,0.13497288656452097,0.13504419546649613,-7.130890197515338e-05
IAR-C2_minus_IAR4,diagnostic_400_500_nm,488.0,C_angular,0.14097856399621092,0.1419494479328071,-0.0009708839365961675
IAR-C2_minus_IAR4,diagnostic_400_500_nm,489.0,C_angular,0.15646247991196643,0.15861702113397952,-0.0021545412220130844
IAR-C2_minus_IAR4,diagnostic_400_500_nm,490.0,C_angular,0.16141995774565504,0.16477434732278118,-0.003354389577126138
IAR-C2_minus_IAR4,diagnostic_400_500_nm,491.0,C_angular,0.1682633218348048,0.17214794295141678,-0.003884621116611975
IAR-C2_minus_IAR4,diagnostic_400_500_nm,492.0,C_angular,0.16806102605807444,0.17182642491731137,-0.0037653988592369347
IAR-C2_minus_IAR4,diagnostic_400_500_nm,493.0,C_angular,0.16445322025786893,0.16795346524741703,-0.003500244989548096
IAR-C2_minus_IAR4,diagnostic_400_500_nm,494.0,C_angular,0.15632939090507167,0.15908376278809583,-0.0027543718830241593
IAR-C2_minus_IAR4,diagnostic_400_500_nm,495.0,C_angular,0.14606936643842877,0.14706765371872618,-0.0009982872802974108
IAR-C2_minus_IAR4,diagnostic_400_500_nm,496.0,C_angular,0.13881799037683049,0.13745603481075266,0.0013619555660778215
IAR-C2_minus_IAR4,diagnostic_400_500_nm,497.0,C_angular,0.134565185045264,0.13089990763007273,0.003665277415191265
IAR-C2_minus_IAR4,diagnostic_400_500_nm,498.0,C_angular,0.11376572204958053,0.11037034191972801,0.003395380129852521
IAR-C2_minus_IAR4,diagnostic_400_500_nm,499.0,C_angular,0.1407397501368271,0.13710156986441363,0.0036381802724134715
IAR-C2_minus_IAR4,diagnostic_400_500_nm,500.0,C_angular,0.1522769893674379,0.14902736624757812,0.003249623119859768
IAR-C2_minus_IAR4,diagnostic_400_500_nm,400.0,full_angle_pair_DoLP,0.10430069554582949,0.09637937417765642,0.00792132136817307
IAR-C2_minus_IAR4,diagnostic_400_500_nm,401.0,full_angle_pair_DoLP,0.07968326849551721,0.07195111513350964,0.007732153362007568
IAR-C2_minus_IAR4,diagnostic_400_500_nm,402.0,full_angle_pair_DoLP,0.0616645214423523,0.055979794012264286,0.005684727430088014
IAR-C2_minus_IAR4,diagnostic_400_500_nm,403.0,full_angle_pair_DoLP,0.029567786379851514,0.027427891404073,0.0021398949757785134
IAR-C2_minus_IAR4,diagnostic_400_500_nm,404.0,full_angle_pair_DoLP,0.011767785198470618,0.014466268763979061,-0.0026984835655084437
IAR-C2_minus_IAR4,diagnostic_400_500_nm,405.0,full_angle_pair_DoLP,0.006521764358898538,0.017659220723620615,-0.011137456364722076
IAR-C2_minus_IAR4,diagnostic_400_500_nm,406.0,full_angle_pair_DoLP,0.013317317261963134,0.0026928599432080227,0.010624457318755111
IAR-C2_minus_IAR4,diagnostic_400_500_nm,407.0,full_angle_pair_DoLP,0.0487996936879109,0.041442846203164525,0.007356847484746375
IAR-C2_minus_IAR4,diagnostic_400_500_nm,408.0,full_angle_pair_DoLP,0.07487378331458926,0.06815622907274947,0.006717554241839785
IAR-C2_minus_IAR4,diagnostic_400_500_nm,409.0,full_angle_pair_DoLP,0.0678907049721525,0.06564116100611131,0.0022495439660411842
IAR-C2_minus_IAR4,diagnostic_400_500_nm,410.0,full_angle_pair_DoLP,0.05441653075335278,0.05813441091488036,-0.0037178801615275828
IAR-C2_minus_IAR4,diagnostic_400_500_nm,411.0,full_angle_pair_DoLP,0.040681910727424976,0.0449328484051869,-0.004250937677761926
IAR-C2_minus_IAR4,diagnostic_400_500_nm,412.0,full_angle_pair_DoLP,0.04717547327756517,0.048995842118427134,-0.0018203688408619662
IAR-C2_minus_IAR4,diagnostic_400_500_nm,413.0,full_angle_pair_DoLP,0.033135692452515894,0.04029732437154311,-0.007161631919027217
IAR-C2_minus_IAR4,diagnostic_400_500_nm,414.0,full_angle_pair_DoLP,0.0063169606025179435,0.01672017611094753,-0.010403215508429585
IAR-C2_minus_IAR4,diagnostic_400_500_nm,415.0,full_angle_pair_DoLP,0.01892613258789817,0.006853258878493299,0.01207287370940487
IAR-C2_minus_IAR4,diagnostic_400_500_nm,416.0,full_angle_pair_DoLP,0.02268410502786484,0.012845097280464818,0.00983900774740002
IAR-C2_minus_IAR4,diagnostic_400_500_nm,417.0,full_angle_pair_DoLP,0.038645888720042626,0.03443171615652538,0.004214172563517249
IAR-C2_minus_IAR4,diagnostic_400_500_nm,418.0,full_angle_pair_DoLP,0.04740765348254496,0.04783817572959276,-0.00043052224704779457
IAR-C2_minus_IAR4,diagnostic_400_500_nm,419.0,full_angle_pair_DoLP,0.03170660232545517,0.03251946516319144,-0.0008128628377362668
IAR-C2_minus_IAR4,diagnostic_400_500_nm,420.0,full_angle_pair_DoLP,0.018260893180922128,0.017669157891752437,0.0005917352891696911
IAR-C2_minus_IAR4,diagnostic_400_500_nm,421.0,full_angle_pair_DoLP,0.008912270812162868,0.006834931724640445,0.0020773390875224234
IAR-C2_minus_IAR4,diagnostic_400_500_nm,422.0,full_angle_pair_DoLP,0.009830959179119376,0.00912561866837828,0.0007053405107410957
IAR-C2_minus_IAR4,diagnostic_400_500_nm,423.0,full_angle_pair_DoLP,0.012428045026410215,0.011352723559335354,0.0010753214670748603
IAR-C2_minus_IAR4,diagnostic_400_500_nm,424.0,full_angle_pair_DoLP,0.01670839363406856,0.013476818113044868,0.0032315755210236916
IAR-C2_minus_IAR4,diagnostic_400_500_nm,425.0,full_angle_pair_DoLP,0.03007391991583823,0.02378223625030024,0.006291683665537989
IAR-C2_minus_IAR4,diagnostic_400_500_nm,426.0,full_angle_pair_DoLP,0.03841886834236223,0.03455052305645866,0.003868345285903574
IAR-C2_minus_IAR4,diagnostic_400_500_nm,427.0,full_angle_pair_DoLP,0.03950819970728919,0.03862952811494539,0.0008786715923438035
IAR-C2_minus_IAR4,diagnostic_400_500_nm,428.0,full_angle_pair_DoLP,0.04414524686867478,0.04810082165290148,-0.003955574784226701
IAR-C2_minus_IAR4,diagnostic_400_500_nm,429.0,full_angle_pair_DoLP,0.044304396632727415,0.05543572736768002,-0.011131330734952607
IAR-C2_minus_IAR4,diagnostic_400_500_nm,430.0,full_angle_pair_DoLP,0.04771463550280294,0.0605270537256704,-0.01281241822286746
IAR-C2_minus_IAR4,diagnostic_400_500_nm,431.0,full_angle_pair_DoLP,0.03859936717345408,0.043953200689319114,-0.0053538335158650335
IAR-C2_minus_IAR4,diagnostic_400_500_nm,432.0,full_angle_pair_DoLP,0.015803417943201392,0.01729390417558998,-0.0014904862323885867
IAR-C2_minus_IAR4,diagnostic_400_500_nm,433.0,full_angle_pair_DoLP,0.00234783298542122,0.005768576198971341,-0.003420743213550121
IAR-C2_minus_IAR4,diagnostic_400_500_nm,434.0,full_angle_pair_DoLP,0.00451577538465474,0.004430591565513325,8.518381914141525e-05
IAR-C2_minus_IAR4,diagnostic_400_500_nm,435.0,full_angle_pair_DoLP,0.013888678868254487,0.021911210905777953,-0.008022532037523466
IAR-C2_minus_IAR4,diagnostic_400_500_nm,436.0,full_angle_pair_DoLP,0.004717165787372318,0.0075396195968374866,-0.0028224538094651684
IAR-C2_minus_IAR4,diagnostic_400_500_nm,437.0,full_angle_pair_DoLP,0.02031332813731306,0.015255361190393361,0.005057966946919698
IAR-C2_minus_IAR4,diagnostic_400_500_nm,438.0,full_angle_pair_DoLP,0.045636411746172785,0.03789616236302713,0.007740249383145652
IAR-C2_minus_IAR4,diagnostic_400_500_nm,439.0,full_angle_pair_DoLP,0.060448279931477875,0.05424188024210624,0.0062063996893716375
IAR-C2_minus_IAR4,diagnostic_400_500_nm,440.0,full_angle_pair_DoLP,0.06225517052906222,0.06154338926631819,0.0007117812627440365
IAR-C2_minus_IAR4,diagnostic_400_500_nm,441.0,full_angle_pair_DoLP,0.05064452154385799,0.05504640274472209,-0.0044018812008640995
IAR-C2_minus_IAR4,diagnostic_400_500_nm,442.0,full_angle_pair_DoLP,0.04004279342878475,0.04786952951530346,-0.00782673608651871
IAR-C2_minus_IAR4,diagnostic_400_500_nm,443.0,full_angle_pair_DoLP,0.029618064414513433,0.03848137981762699,-0.008863315403113557
IAR-C2_minus_IAR4,diagnostic_400_500_nm,444.0,full_angle_pair_DoLP,0.02676739909297201,0.03590299402997213,-0.00913559493700012
IAR-C2_minus_IAR4,diagnostic_400_500_nm,445.0,full_angle_pair_DoLP,0.02257727915345328,0.029672965171431538,-0.007095686017978258
IAR-C2_minus_IAR4,diagnostic_400_500_nm,446.0,full_angle_pair_DoLP,0.025366858270255994,0.025462916104264013,-9.605783400801898e-05
IAR-C2_minus_IAR4,diagnostic_400_500_nm,447.0,full_angle_pair_DoLP,0.03961639525356018,0.03481750368993933,0.004798891563620851
IAR-C2_minus_IAR4,diagnostic_400_500_nm,448.0,full_angle_pair_DoLP,0.053154286167997014,0.04815479257772743,0.004999493590269584
IAR-C2_minus_IAR4,diagnostic_400_500_nm,449.0,full_angle_pair_DoLP,0.06658010593864107,0.06222418333307477,0.004355922605566297
IAR-C2_minus_IAR4,diagnostic_400_500_nm,450.0,full_angle_pair_DoLP,0.07064290303777752,0.06681942660240957,0.0038234764353679562
IAR-C2_minus_IAR4,diagnostic_400_500_nm,451.0,full_angle_pair_DoLP,0.07009205155012137,0.06475729722983906,0.005334754320282312
IAR-C2_minus_IAR4,diagnostic_400_500_nm,452.0,full_angle_pair_DoLP,0.06046843824852968,0.05256001873199489,0.007908419516534794
IAR-C2_minus_IAR4,diagnostic_400_500_nm,453.0,full_angle_pair_DoLP,0.03596069553215447,0.026719490367337395,0.009241205164817072
IAR-C2_minus_IAR4,diagnostic_400_500_nm,454.0,full_angle_pair_DoLP,0.008796836489956132,0.01595793498281277,-0.007161098492856637
IAR-C2_minus_IAR4,diagnostic_400_500_nm,455.0,full_angle_pair_DoLP,0.020907112641975516,0.03158318160156051,-0.010676068959584995
IAR-C2_minus_IAR4,diagnostic_400_500_nm,456.0,full_angle_pair_DoLP,0.03367933874924025,0.042242083109910136,-0.008562744360669887
IAR-C2_minus_IAR4,diagnostic_400_500_nm,457.0,full_angle_pair_DoLP,0.043704800062411904,0.052547514814481944,-0.00884271475207004
IAR-C2_minus_IAR4,diagnostic_400_500_nm,458.0,full_angle_pair_DoLP,0.052793264505414536,0.06405207153972547,-0.011258807034310939
IAR-C2_minus_IAR4,diagnostic_400_500_nm,459.0,full_angle_pair_DoLP,0.05868324613843691,0.0701878656781507,-0.011504619539713795
IAR-C2_minus_IAR4,diagnostic_400_500_nm,460.0,full_angle_pair_DoLP,0.04987856503820756,0.05900712524403837,-0.009128560205830812
IAR-C2_minus_IAR4,diagnostic_400_500_nm,461.0,full_angle_pair_DoLP,0.038786269470306056,0.0442890751013378,-0.005502805631031747
IAR-C2_minus_IAR4,diagnostic_400_500_nm,462.0,full_angle_pair_DoLP,0.04029712474817117,0.04426214445434582,-0.003965019706174654
IAR-C2_minus_IAR4,diagnostic_400_500_nm,463.0,full_angle_pair_DoLP,0.03144284005836108,0.035131248598145544,-0.0036884085397844643
IAR-C2_minus_IAR4,diagnostic_400_500_nm,464.0,full_angle_pair_DoLP,0.021016194022916785,0.024383536623954975,-0.0033673426010381903
IAR-C2_minus_IAR4,diagnostic_400_500_nm,465.0,full_angle_pair_DoLP,0.018695957810532782,0.02196139341545457,-0.003265435604921787
IAR-C2_minus_IAR4,diagnostic_400_500_nm,466.0,full_angle_pair_DoLP,0.01952484610411396,0.02532165990329717,-0.0057968137991832105
IAR-C2_minus_IAR4,diagnostic_400_500_nm,467.0,full_angle_pair_DoLP,0.02406826895257565,0.03215094524360226,-0.008082676291026606
IAR-C2_minus_IAR4,diagnostic_400_500_nm,468.0,full_angle_pair_DoLP,0.028222873167491776,0.037894231618041445,-0.009671358450549668
IAR-C2_minus_IAR4,diagnostic_400_500_nm,469.0,full_angle_pair_DoLP,0.02996062234147452,0.03988068144507622,-0.009920059103601699
IAR-C2_minus_IAR4,diagnostic_400_500_nm,470.0,full_angle_pair_DoLP,0.02900247821288994,0.03798247298432207,-0.008979994771432132
IAR-C2_minus_IAR4,diagnostic_400_500_nm,471.0,full_angle_pair_DoLP,0.025689692854782672,0.03342574912886881,-0.007736056274086137
IAR-C2_minus_IAR4,diagnostic_400_500_nm,472.0,full_angle_pair_DoLP,0.021368967263970536,0.02813807043473325,-0.006769103170762715
IAR-C2_minus_IAR4,diagnostic_400_500_nm,473.0,full_angle_pair_DoLP,0.020783698966296022,0.02668866712053385,-0.005904968154237827
IAR-C2_minus_IAR4,diagnostic_400_500_nm,474.0,full_angle_pair_DoLP,0.02334575593435151,0.028630368946212167,-0.005284613011860659
IAR-C2_minus_IAR4,diagnostic_400_500_nm,475.0,full_angle_pair_DoLP,0.03209734254269001,0.03596499933450624,-0.0038676567918162277
IAR-C2_minus_IAR4,diagnostic_400_500_nm,476.0,full_angle_pair_DoLP,0.04926059431744254,0.05114838014543129,-0.00188778582798875
IAR-C2_minus_IAR4,diagnostic_400_500_nm,477.0,full_angle_pair_DoLP,0.06457600387612739,0.06299635611153598,0.0015796477645914075
IAR-C2_minus_IAR4,diagnostic_400_500_nm,478.0,full_angle_pair_DoLP,0.07007377322327127,0.0677300378230277,0.002343735400243574
IAR-C2_minus_IAR4,diagnostic_400_500_nm,479.0,full_angle_pair_DoLP,0.0785168669291698,0.07551228592064356,0.0030045810085262414
IAR-C2_minus_IAR4,diagnostic_400_500_nm,480.0,full_angle_pair_DoLP,0.08422205001471268,0.0806989504113087,0.0035230996034039813
IAR-C2_minus_IAR4,diagnostic_400_500_nm,481.0,full_angle_pair_DoLP,0.08375518770420326,0.08016312348280383,0.0035920642213994325
IAR-C2_minus_IAR4,diagnostic_400_500_nm,482.0,full_angle_pair_DoLP,0.07904566333495151,0.07563131930904383,0.0034143440259076785
IAR-C2_minus_IAR4,diagnostic_400_500_nm,483.0,full_angle_pair_DoLP,0.07429168770573669,0.0709766346125585,0.0033150530931781858
IAR-C2_minus_IAR4,diagnostic_400_500_nm,484.0,full_angle_pair_DoLP,0.07124489633781168,0.06815787762499009,0.0030870187128215903
IAR-C2_minus_IAR4,diagnostic_400_500_nm,485.0,full_angle_pair_DoLP,0.07373205822078319,0.07187761733930706,0.001854440881476127
IAR-C2_minus_IAR4,diagnostic_400_500_nm,486.0,full_angle_pair_DoLP,0.076380548489219,0.07621193202013386,0.00016861646908514216
IAR-C2_minus_IAR4,diagnostic_400_500_nm,487.0,full_angle_pair_DoLP,0.08238112828171763,0.08151408791852795,0.0008670403631896861
IAR-C2_minus_IAR4,diagnostic_400_500_nm,488.0,full_angle_pair_DoLP,0.08533162183390636,0.08534709680043004,-1.5474966523681966e-05
IAR-C2_minus_IAR4,diagnostic_400_500_nm,489.0,full_angle_pair_DoLP,0.0926555242902908,0.0934902371850091,-0.0008347128947183008
IAR-C2_minus_IAR4,diagnostic_400_500_nm,490.0,full_angle_pair_DoLP,0.09441448981930035,0.0962508316012827,-0.0018363417819823452
IAR-C2_minus_IAR4,diagnostic_400_500_nm,491.0,full_angle_pair_DoLP,0.09833962245862676,0.10079498831454152,-0.0024553658559147568
IAR-C2_minus_IAR4,diagnostic_400_500_nm,492.0,full_angle_pair_DoLP,0.09810641211528895,0.10059659807933642,-0.0024901859640474727
IAR-C2_minus_IAR4,diagnostic_400_500_nm,493.0,full_angle_pair_DoLP,0.096529218678214,0.0988065396007188,-0.002277320922504808
IAR-C2_minus_IAR4,diagnostic_400_500_nm,494.0,full_angle_pair_DoLP,0.0929178286551764,0.09452824107366944,-0.0016104124184930513
IAR-C2_minus_IAR4,diagnostic_400_500_nm,495.0,full_angle_pair_DoLP,0.08787080979683301,0.08837940200074254,-0.0005085922039095303
IAR-C2_minus_IAR4,diagnostic_400_500_nm,496.0,full_angle_pair_DoLP,0.08411827460797704,0.08323270877621342,0.0008855658317636211
IAR-C2_minus_IAR4,diagnostic_400_500_nm,497.0,full_angle_pair_DoLP,0.08180033464346037,0.0794808788642956,0.0023194557791647724
IAR-C2_minus_IAR4,diagnostic_400_500_nm,498.0,full_angle_pair_DoLP,0.06903494069405389,0.06676251268634463,0.002272428007709257
IAR-C2_minus_IAR4,diagnostic_400_500_nm,499.0,full_angle_pair_DoLP,0.08498050609899281,0.08233788162677556,0.0026426244722172476
IAR-C2_minus_IAR4,diagnostic_400_500_nm,500.0,full_angle_pair_DoLP,0.09259632607263053,0.0902483853281217,0.0023479407445088363
IAR-C2_minus_IAR4,diagnostic_400_500_nm,400.0,upward_source_normalized_power_pair,0.006310059150124094,0.006305102547883622,4.956602240472306e-06
IAR-C2_minus_IAR4,diagnostic_400_500_nm,401.0,upward_source_normalized_power_pair,0.006933681675553877,0.006874490683257874,5.919099229600294e-05
IAR-C2_minus_IAR4,diagnostic_400_500_nm,402.0,upward_source_normalized_power_pair,0.007434649716141722,0.007346466988680263,8.818272746145914e-05
IAR-C2_minus_IAR4,diagnostic_400_500_nm,403.0,upward_source_normalized_power_pair,0.007242949140331897,0.007171399409294472,7.154973103742565e-05
IAR-C2_minus_IAR4,diagnostic_400_500_nm,404.0,upward_source_normalized_power_pair,0.007157146953489313,0.007072939711509629,8.420724197968389e-05
IAR-C2_minus_IAR4,diagnostic_400_500_nm,405.0,upward_source_normalized_power_pair,0.006966953845055601,0.006807887008499698,0.00015906683655590292
IAR-C2_minus_IAR4,diagnostic_400_500_nm,406.0,upward_source_normalized_power_pair,0.006978213343700501,0.006816883580756331,0.00016132976294416963
IAR-C2_minus_IAR4,diagnostic_400_500_nm,407.0,upward_source_normalized_power_pair,0.007003694548534541,0.006925689664057354,7.800488447718724e-05
IAR-C2_minus_IAR4,diagnostic_400_500_nm,408.0,upward_source_normalized_power_pair,0.007083290819416915,0.007092629532019142,-9.338712602226587e-06
IAR-C2_minus_IAR4,diagnostic_400_500_nm,409.0,upward_source_normalized_power_pair,0.007102611296488304,0.007152954950090808,-5.0343653602503285e-05
IAR-C2_minus_IAR4,diagnostic_400_500_nm,410.0,upward_source_normalized_power_pair,0.007145168564345115,0.007191615726065864,-4.644716172074858e-05
IAR-C2_minus_IAR4,diagnostic_400_500_nm,411.0,upward_source_normalized_power_pair,0.007176886811393461,0.007195992560519219,-1.9105749125758117e-05
IAR-C2_minus_IAR4,diagnostic_400_500_nm,412.0,upward_source_normalized_power_pair,0.007249565820075938,0.007242298682419761,7.267137656177293e-06
IAR-C2_minus_IAR4,diagnostic_400_500_nm,413.0,upward_source_normalized_power_pair,0.007277956018078902,0.0072376516076935946,4.030441038530702e-05
IAR-C2_minus_IAR4,diagnostic_400_500_nm,414.0,upward_source_normalized_power_pair,0.007339543481724933,0.007326687747676093,1.2855734048839926e-05
IAR-C2_minus_IAR4,diagnostic_400_500_nm,415.0,upward_source_normalized_power_pair,0.007541065930303672,0.007555022639787511,-1.395670948383873e-05
IAR-C2_minus_IAR4,diagnostic_400_500_nm,416.0,upward_source_normalized_power_pair,0.007493535049311618,0.007500053946236625,-6.518896925006984e-06
IAR-C2_minus_IAR4,diagnostic_400_500_nm,417.0,upward_source_normalized_power_pair,0.007474599981563692,0.007478048067911551,-3.448086347859064e-06
IAR-C2_minus_IAR4,diagnostic_400_500_nm,418.0,upward_source_normalized_power_pair,0.007663120713530893,0.007693191378579944,-3.007066504905065e-05
IAR-C2_minus_IAR4,diagnostic_400_500_nm,419.0,upward_source_normalized_power_pair,0.007704062302138632,0.0077155615840554075,-1.1499281916775399e-05
IAR-C2_minus_IAR4,diagnostic_400_500_nm,420.0,upward_source_normalized_power_pair,0.007522407646895107,0.0074860473636253755,3.6360283269731494e-05
IAR-C2_minus_IAR4,diagnostic_400_500_nm,421.0,upward_source_normalized_power_pair,0.007177041315715311,0.007098894626402294,7.814668931301668e-05
IAR-C2_minus_IAR4,diagnostic_400_500_nm,422.0,upward_source_normalized_power_pair,0.006790125836441743,0.006710802726682545,7.932310975919833e-05
IAR-C2_minus_IAR4,diagnostic_400_500_nm,423.0,upward_source_normalized_power_pair,0.006479009385301121,0.006427579786588449,5.142959871267186e-05
IAR-C2_minus_IAR4,diagnostic_400_500_nm,424.0,upward_source_normalized_power_pair,0.006349069635067903,0.006303062109559295,4.600752550860867e-05
IAR-C2_minus_IAR4,diagnostic_400_500_nm,425.0,upward_source_normalized_power_pair,0.006490498604869152,0.006442066317121813,4.843228774733914e-05
IAR-C2_minus_IAR4,diagnostic_400_500_nm,426.0,upward_source_normalized_power_pair,0.00677516712309739,0.0067181720529557055,5.6995070141684784e-05
IAR-C2_minus_IAR4,diagnostic_400_500_nm,427.0,upward_source_normalized_power_pair,0.007183736123037436,0.007137450126289184,4.628599674825172e-05
IAR-C2_minus_IAR4,diagnostic_400_500_nm,428.0,upward_source_normalized_power_pair,0.007404995786050739,0.007366709439717488,3.828634633325136e-05
IAR-C2_minus_IAR4,diagnostic_400_500_nm,429.0,upward_source_normalized_power_pair,0.007467019571755324,0.0074312790972111045,3.5740474544219275e-05
IAR-C2_minus_IAR4,diagnostic_400_500_nm,430.0,upward_source_normalized_power_pair,0.007369748925051128,0.007343303938172214,2.6444986878914126e-05
IAR-C2_minus_IAR4,diagnostic_400_500_nm,431.0,upward_source_normalized_power_pair,0.007333998626925556,0.007330848915562983,3.1497113625730475e-06
IAR-C2_minus_IAR4,diagnostic_400_500_nm,432.0,upward_source_normalized_power_pair,0.007237603959900583,0.007249092863591827,-1.1488903691243835e-05
IAR-C2_minus_IAR4,diagnostic_400_500_nm,433.0,upward_source_normalized_power_pair,0.007209371445431958,0.007229267010789422,-1.9895565357463778e-05
IAR-C2_minus_IAR4,diagnostic_400_500_nm,434.0,upward_source_normalized_power_pair,0.007292163546355463,0.007301782056354967,-9.618509999503866e-06
IAR-C2_minus_IAR4,diagnostic_400_500_nm,435.0,upward_source_normalized_power_pair,0.007439470726708287,0.007417723448462518,2.174727824576922e-05
IAR-C2_minus_IAR4,diagnostic_400_500_nm,436.0,upward_source_normalized_power_pair,0.007819803865116676,0.007783331758240147,3.6472106876529395e-05
IAR-C2_minus_IAR4,diagnostic_400_500_nm,437.0,upward_source_normalized_power_pair,0.00820673638077618,0.008173178372947882,3.355800782829828e-05
IAR-C2_minus_IAR4,diagnostic_400_500_nm,438.0,upward_source_normalized_power_pair,0.008473320913369983,0.008462287661662144,1.103325170783917e-05
IAR-C2_minus_IAR4,diagnostic_400_500_nm,439.0,upward_source_normalized_power_pair,0.00862665005842709,0.008634985697184128,-8.335638757038522e-06
IAR-C2_minus_IAR4,diagnostic_400_500_nm,440.0,upward_source_normalized_power_pair,0.008736901793088319,0.008748974714056727,-1.2072920968407563e-05
IAR-C2_minus_IAR4,diagnostic_400_500_nm,441.0,upward_source_normalized_power_pair,0.008692148447904864,0.008711646867974453,-1.9498420069588226e-05
IAR-C2_minus_IAR4,diagnostic_400_500_nm,442.0,upward_source_normalized_power_pair,0.008536218568710136,0.008577348138318694,-4.112956960855736e-05
IAR-C2_minus_IAR4,diagnostic_400_500_nm,443.0,upward_source_normalized_power_pair,0.008411043897118898,0.008442522857560246,-3.1478960441347695e-05
IAR-C2_minus_IAR4,diagnostic_400_500_nm,444.0,upward_source_normalized_power_pair,0.00833036794167644,0.008342094590012625,-1.1726648336185183e-05
IAR-C2_minus_IAR4,diagnostic_400_500_nm,445.0,upward_source_normalized_power_pair,0.008328308419348524,0.008315761866299376,1.2546553049148576e-05
IAR-C2_minus_IAR4,diagnostic_400_500_nm,446.0,upward_source_normalized_power_pair,0.00831213539124566,0.00828193823434768,3.0197156897979888e-05
IAR-C2_minus_IAR4,diagnostic_400_500_nm,447.0,upward_source_normalized_power_pair,0.0082284616096692,0.00818392968921463,4.4531920454570634e-05
IAR-C2_minus_IAR4,diagnostic_400_500_nm,448.0,upward_source_normalized_power_pair,0.007969847485878442,0.007917574291919019,5.2273193959423425e-05
IAR-C2_minus_IAR4,diagnostic_400_500_nm,449.0,upward_source_normalized_power_pair,0.007702456618159012,0.0076605520602021655,4.190455795684625e-05
IAR-C2_minus_IAR4,diagnostic_400_500_nm,450.0,upward_source_normalized_power_pair,0.00741511779393364,0.007393072471433242,2.2045322500397965e-05
IAR-C2_minus_IAR4,diagnostic_400_500_nm,451.0,upward_source_normalized_power_pair,0.007137294188607935,0.00713216281050681,5.131378101124427e-06
IAR-C2_minus_IAR4,diagnostic_400_500_nm,452.0,upward_source_normalized_power_pair,0.006866130269035122,0.006863961843069178,2.16842596594425e-06
IAR-C2_minus_IAR4,diagnostic_400_500_nm,453.0,upward_source_normalized_power_pair,0.006703231013661454,0.006710700452697591,-7.469439036136838e-06
IAR-C2_minus_IAR4,diagnostic_400_500_nm,454.0,upward_source_normalized_power_pair,0.006572374593143967,0.0065866576983300285,-1.4283105186061601e-05
IAR-C2_minus_IAR4,diagnostic_400_500_nm,455.0,upward_source_normalized_power_pair,0.006577847003238766,0.006596376086013251,-1.852908277448495e-05
IAR-C2_minus_IAR4,diagnostic_400_500_nm,456.0,upward_source_normalized_power_pair,0.006680022785199853,0.006696120907834951,-1.6098122635098237e-05
IAR-C2_minus_IAR4,diagnostic_400_500_nm,457.0,upward_source_normalized_power_pair,0.006811411458950856,0.006823613132282783,-1.2201673331926552e-05
IAR-C2_minus_IAR4,diagnostic_400_500_nm,458.0,upward_source_normalized_power_pair,0.006988548484165882,0.007000989389401897,-1.2440905236015334e-05
IAR-C2_minus_IAR4,diagnostic_400_500_nm,459.0,upward_source_normalized_power_pair,0.0071894476745651865,0.0071982376040524,-8.789929487213258e-06
IAR-C2_minus_IAR4,diagnostic_400_500_nm,460.0,upward_source_normalized_power_pair,0.007383701532136912,0.007390776643016739,-7.075110879826638e-06
IAR-C2_minus_IAR4,diagnostic_400_500_nm,461.0,upward_source_normalized_power_pair,0.0075386421936725866,0.007553335995306554,-1.469380163396719e-05
IAR-C2_minus_IAR4,diagnostic_400_500_nm,462.0,upward_source_normalized_power_pair,0.007625374171700479,0.0076554218717178775,-3.0047700017398274e-05
IAR-C2_minus_IAR4,diagnostic_400_500_nm,463.0,upward_source_normalized_power_pair,0.007722867952860642,0.007758525825864826,-3.56578730041834e-05
IAR-C2_minus_IAR4,diagnostic_400_500_nm,464.0,upward_source_normalized_power_pair,0.0077090306551864645,0.007748671267360079,-3.964061217361439e-05
IAR-C2_minus_IAR4,diagnostic_400_500_nm,465.0,upward_source_normalized_power_pair,0.00771363913562813,0.0077526784397467,-3.903930411857e-05
IAR-C2_minus_IAR4,diagnostic_400_500_nm,466.0,upward_source_normalized_power_pair,0.007819034771356743,0.00786289413529576,-4.3859363939016335e-05
IAR-C2_minus_IAR4,diagnostic_400_500_nm,467.0,upward_source_normalized_power_pair,0.007944776925144538,0.008006047373808462,-6.127044866392414e-05
IAR-C2_minus_IAR4,diagnostic_400_500_nm,468.0,upward_source_normalized_power_pair,0.007985793383157875,0.008056863663561937,-7.107028040406228e-05
IAR-C2_minus_IAR4,diagnostic_400_500_nm,469.0,upward_source_normalized_power_pair,0.008076000651566925,0.008156273524746637,-8.027287317971185e-05
IAR-C2_minus_IAR4,diagnostic_400_500_nm,470.0,upward_source_normalized_power_pair,0.008213025272317714,0.008296821878541374,-8.379660622366038e-05
IAR-C2_minus_IAR4,diagnostic_400_500_nm,471.0,upward_source_normalized_power_pair,0.008328230807757946,0.008410013713515518,-8.17829057575721e-05
IAR-C2_minus_IAR4,diagnostic_400_500_nm,472.0,upward_source_normalized_power_pair,0.00831881324283383,0.008394068142529625,-7.525489969579385e-05
IAR-C2_minus_IAR4,diagnostic_400_500_nm,473.0,upward_source_normalized_power_pair,0.00824374864127117,0.008307215410623688,-6.346676935251733e-05
IAR-C2_minus_IAR4,diagnostic_400_500_nm,474.0,upward_source_normalized_power_pair,0.008153320225361414,0.008205242984004522,-5.192275864310779e-05
IAR-C2_minus_IAR4,diagnostic_400_500_nm,475.0,upward_source_normalized_power_pair,0.008066315709723665,0.008109830004761544,-4.351429503787925e-05
IAR-C2_minus_IAR4,diagnostic_400_500_nm,476.0,upward_source_normalized_power_pair,0.007986041491807053,0.008023852831700352,-3.781133989329971e-05
IAR-C2_minus_IAR4,diagnostic_400_500_nm,477.0,upward_source_normalized_power_pair,0.008033793629623821,0.008051543675297475,-1.77500456736545e-05
IAR-C2_minus_IAR4,diagnostic_400_500_nm,478.0,upward_source_normalized_power_pair,0.008159066846063844,0.008165437603285187,-6.370757221343254e-06
IAR-C2_minus_IAR4,diagnostic_400_500_nm,479.0,upward_source_normalized_power_pair,0.0083666062985479,0.008365224009248298,1.3822892996027958e-06
IAR-C2_minus_IAR4,diagnostic_400_500_nm,480.0,upward_source_normalized_power_pair,0.00861746030418959,0.008609745732473442,7.71457171614906e-06
IAR-C2_minus_IAR4,diagnostic_400_500_nm,481.0,upward_source_normalized_power_pair,0.00888748358289028,0.008876955538429931,1.052804446034783e-05
IAR-C2_minus_IAR4,diagnostic_400_500_nm,482.0,upward_source_normalized_power_pair,0.009162016038699105,0.009154074759066589,7.941279632515952e-06
IAR-C2_minus_IAR4,diagnostic_400_500_nm,483.0,upward_source_normalized_power_pair,0.009400882097637377,0.009399219702983557,1.6623946538195378e-06
IAR-C2_minus_IAR4,diagnostic_400_500_nm,484.0,upward_source_normalized_power_pair,0.00955575710632183,0.009561340232541972,-5.583126220141954e-06
IAR-C2_minus_IAR4,diagnostic_400_500_nm,485.0,upward_source_normalized_power_pair,0.009603111694798834,0.009618817707766392,-1.570601296755833e-05
IAR-C2_minus_IAR4,diagnostic_400_500_nm,486.0,upward_source_normalized_power_pair,0.009758518806395968,0.009789963512841528,-3.14447064455603e-05
IAR-C2_minus_IAR4,diagnostic_400_500_nm,487.0,upward_source_normalized_power_pair,0.010000299024414395,0.010038931906403366,-3.863288198897169e-05
IAR-C2_minus_IAR4,diagnostic_400_500_nm,488.0,upward_source_normalized_power_pair,0.010215940011928468,0.010267691701903555,-5.175168997508667e-05
IAR-C2_minus_IAR4,diagnostic_400_500_nm,489.0,upward_source_normalized_power_pair,0.010482759624200711,0.010572668362339277,-8.990873813856555e-05
IAR-C2_minus_IAR4,diagnostic_400_500_nm,490.0,upward_source_normalized_power_pair,0.010659875097093163,0.010799266953497408,-0.00013939185640424526
IAR-C2_minus_IAR4,diagnostic_400_500_nm,491.0,upward_source_normalized_power_pair,0.010845831666193967,0.010993966548527948,-0.00014813488233398134
IAR-C2_minus_IAR4,diagnostic_400_500_nm,492.0,upward_source_normalized_power_pair,0.011078698530280411,0.01122187461014525,-0.00014317607986483877
IAR-C2_minus_IAR4,diagnostic_400_500_nm,493.0,upward_source_normalized_power_pair,0.011391221557704462,0.011518269515048127,-0.00012704795734366434
IAR-C2_minus_IAR4,diagnostic_400_500_nm,494.0,upward_source_normalized_power_pair,0.011814867667063016,0.011919900386271096,-0.00010503271920807994
IAR-C2_minus_IAR4,diagnostic_400_500_nm,495.0,upward_source_normalized_power_pair,0.012282433256515861,0.012366414309319517,-8.398105280365588e-05
IAR-C2_minus_IAR4,diagnostic_400_500_nm,496.0,upward_source_normalized_power_pair,0.012666208641701919,0.012733246391654733,-6.703774995281409e-05
IAR-C2_minus_IAR4,diagnostic_400_500_nm,497.0,upward_source_normalized_power_pair,0.012937970616604955,0.012989454766920473,-5.1484150315517924e-05
IAR-C2_minus_IAR4,diagnostic_400_500_nm,498.0,upward_source_normalized_power_pair,0.01309529234963263,0.013134678033257699,-3.938568362506917e-05
IAR-C2_minus_IAR4,diagnostic_400_500_nm,499.0,upward_source_normalized_power_pair,0.013019737871859676,0.013057529298696842,-3.779142683716513e-05
IAR-C2_minus_IAR4,diagnostic_400_500_nm,500.0,upward_source_normalized_power_pair,0.01300179872829046,0.013044801785035847,-4.3003056745387694e-05
IAR-C2_minus_IAR4,diagnostic_400_500_nm,400.0,useful_LP_axisfree_pair,1.5022333387244942,1.4782747139038594,0.02395862482063471
IAR-C2_minus_IAR4,diagnostic_400_500_nm,401.0,useful_LP_axisfree_pair,1.614118685923313,1.5765405279452152,0.037578157978097826
IAR-C2_minus_IAR4,diagnostic_400_500_nm,402.0,useful_LP_axisfree_pair,1.6955607094814271,1.6525322462305838,0.04302846325084331
IAR-C2_minus_IAR4,diagnostic_400_500_nm,403.0,useful_LP_axisfree_pair,1.63762850980983,1.6012423730147523,0.03638613679507774
IAR-C2_minus_IAR4,diagnostic_400_500_nm,404.0,useful_LP_axisfree_pair,1.6702278637371522,1.6354382198044835,0.0347896439326687
IAR-C2_minus_IAR4,diagnostic_400_500_nm,405.0,useful_LP_axisfree_pair,1.6568615571615901,1.5800980691656124,0.07676348799597776
IAR-C2_minus_IAR4,diagnostic_400_500_nm,406.0,useful_LP_axisfree_pair,1.680175071325828,1.590277955130926,0.08989711619490204
IAR-C2_minus_IAR4,diagnostic_400_500_nm,407.0,useful_LP_axisfree_pair,1.7568883292197925,1.7122948651740544,0.04459346404573816
IAR-C2_minus_IAR4,diagnostic_400_500_nm,408.0,useful_LP_axisfree_pair,1.8233033169325914,1.814463875916302,0.008839441016289307
IAR-C2_minus_IAR4,diagnostic_400_500_nm,409.0,useful_LP_axisfree_pair,1.8281666499816023,1.8381027466926307,-0.009936096711028464
IAR-C2_minus_IAR4,diagnostic_400_500_nm,410.0,useful_LP_axisfree_pair,1.7949487932336547,1.8100712505692669,-0.015122457335612127
IAR-C2_minus_IAR4,diagnostic_400_500_nm,411.0,useful_LP_axisfree_pair,1.7477038549378794,1.7558082921259295,-0.008104437188050095
IAR-C2_minus_IAR4,diagnostic_400_500_nm,412.0,useful_LP_axisfree_pair,1.7475746444296876,1.751337518392916,-0.003762873963228497
IAR-C2_minus_IAR4,diagnostic_400_500_nm,413.0,useful_LP_axisfree_pair,1.720301184494683,1.7239462261989293,-0.003645041704246399
IAR-C2_minus_IAR4,diagnostic_400_500_nm,414.0,useful_LP_axisfree_pair,1.7462271981873885,1.7138438066713242,0.032383391516064286
IAR-C2_minus_IAR4,diagnostic_400_500_nm,415.0,useful_LP_axisfree_pair,1.9002205865869146,1.8483176102410108,0.051902976345903795
IAR-C2_minus_IAR4,diagnostic_400_500_nm,416.0,useful_LP_axisfree_pair,1.9299506144562262,1.8947922623658056,0.03515835209042062
IAR-C2_minus_IAR4,diagnostic_400_500_nm,417.0,useful_LP_axisfree_pair,1.975878490811463,1.9620355724329246,0.01384291837853846
IAR-C2_minus_IAR4,diagnostic_400_500_nm,418.0,useful_LP_axisfree_pair,2.033052089472575,2.0356633990364448,-0.0026113095638695683
IAR-C2_minus_IAR4,diagnostic_400_500_nm,419.0,useful_LP_axisfree_pair,1.9477798129896755,1.9425094499049957,0.005270363084679763
IAR-C2_minus_IAR4,diagnostic_400_500_nm,420.0,useful_LP_axisfree_pair,1.8114115149809211,1.7998293566751078,0.011582158305813328
IAR-C2_minus_IAR4,diagnostic_400_500_nm,421.0,useful_LP_axisfree_pair,1.7057852073238615,1.6983423972410203,0.0074428100828412
IAR-C2_minus_IAR4,diagnostic_400_500_nm,422.0,useful_LP_axisfree_pair,1.5796976767783846,1.5821090605472783,-0.0024113837688937156
IAR-C2_minus_IAR4,diagnostic_400_500_nm,423.0,useful_LP_axisfree_pair,1.4678129117570138,1.4801171820682082,-0.01230427031119441
IAR-C2_minus_IAR4,diagnostic_400_500_nm,424.0,useful_LP_axisfree_pair,1.420198196438201,1.4359990190980665,-0.015800822659865377
IAR-C2_minus_IAR4,diagnostic_400_500_nm,425.0,useful_LP_axisfree_pair,1.4559946357562972,1.4752704563594872,-0.019275820603189997
IAR-C2_minus_IAR4,diagnostic_400_500_nm,426.0,useful_LP_axisfree_pair,1.5594466852531423,1.5804535654778895,-0.02100688022474717
IAR-C2_minus_IAR4,diagnostic_400_500_nm,427.0,useful_LP_axisfree_pair,1.7049085788466423,1.730245480494337,-0.025336901647694754
IAR-C2_minus_IAR4,diagnostic_400_500_nm,428.0,useful_LP_axisfree_pair,1.7951120710024404,1.8080291030997326,-0.012917032097292225
IAR-C2_minus_IAR4,diagnostic_400_500_nm,429.0,useful_LP_axisfree_pair,1.828408285574939,1.8201544902757265,0.008253795299212552
IAR-C2_minus_IAR4,diagnostic_400_500_nm,430.0,useful_LP_axisfree_pair,1.794651600895342,1.7978022961587785,-0.003150695263436587
IAR-C2_minus_IAR4,diagnostic_400_500_nm,431.0,useful_LP_axisfree_pair,1.764159697733025,1.760084324523314,0.004075373209710964
IAR-C2_minus_IAR4,diagnostic_400_500_nm,432.0,useful_LP_axisfree_pair,1.7582025590881962,1.7570405109192904,0.0011620481689058604
IAR-C2_minus_IAR4,diagnostic_400_500_nm,433.0,useful_LP_axisfree_pair,1.7837215207458024,1.783982239348282,-0.0002607186024796704
IAR-C2_minus_IAR4,diagnostic_400_500_nm,434.0,useful_LP_axisfree_pair,1.8336496960770599,1.8227281039203618,0.010921592156698079
IAR-C2_minus_IAR4,diagnostic_400_500_nm,435.0,useful_LP_axisfree_pair,1.8941476504413999,1.8709222989530179,0.023225351488382007
IAR-C2_minus_IAR4,diagnostic_400_500_nm,436.0,useful_LP_axisfree_pair,2.028763468582817,2.0070763216375545,0.021687146945262636
IAR-C2_minus_IAR4,diagnostic_400_500_nm,437.0,useful_LP_axisfree_pair,2.179155378399209,2.1648986903795717,0.01425668801963731
IAR-C2_minus_IAR4,diagnostic_400_500_nm,438.0,useful_LP_axisfree_pair,2.309458012277201,2.288309542430736,0.021148469846465012
IAR-C2_minus_IAR4,diagnostic_400_500_nm,439.0,useful_LP_axisfree_pair,2.3679506139869186,2.346824036197082,0.02112657778983662
IAR-C2_minus_IAR4,diagnostic_400_500_nm,440.0,useful_LP_axisfree_pair,2.3971983707152296,2.3830232411417445,0.014175129573485101
IAR-C2_minus_IAR4,diagnostic_400_500_nm,441.0,useful_LP_axisfree_pair,2.363425114050419,2.3661551124885776,-0.002729998438158354
IAR-C2_minus_IAR4,diagnostic_400_500_nm,442.0,useful_LP_axisfree_pair,2.2955660637500297,2.318243040478538,-0.022676976728508436
IAR-C2_minus_IAR4,diagnostic_400_500_nm,443.0,useful_LP_axisfree_pair,2.2211845177846223,2.245489128255401,-0.024304610470778698
IAR-C2_minus_IAR4,diagnostic_400_500_nm,444.0,useful_LP_axisfree_pair,2.1841654531112566,2.202768707321458,-0.01860325421020148
IAR-C2_minus_IAR4,diagnostic_400_500_nm,445.0,useful_LP_axisfree_pair,2.175547161572307,2.1927830774397576,-0.017235915867450657
IAR-C2_minus_IAR4,diagnostic_400_500_nm,446.0,useful_LP_axisfree_pair,2.1668860748046,2.185940295616171,-0.019054220811570932
IAR-C2_minus_IAR4,diagnostic_400_500_nm,447.0,useful_LP_axisfree_pair,2.138548970855545,2.1521516066126227,-0.013602635757077763
IAR-C2_minus_IAR4,diagnostic_400_500_nm,448.0,useful_LP_axisfree_pair,2.0905419383474473,2.0986624358504407,-0.008120497502993373
IAR-C2_minus_IAR4,diagnostic_400_500_nm,449.0,useful_LP_axisfree_pair,2.0219424327991735,2.0279115478466125,-0.005969115047439022
IAR-C2_minus_IAR4,diagnostic_400_500_nm,450.0,useful_LP_axisfree_pair,1.9307222273499556,1.9382879676128872,-0.007565740262931664
IAR-C2_minus_IAR4,diagnostic_400_500_nm,451.0,useful_LP_axisfree_pair,1.8481411477770762,1.8505409808653046,-0.0023998330882284424
IAR-C2_minus_IAR4,diagnostic_400_500_nm,452.0,useful_LP_axisfree_pair,1.7694895988903894,1.7633638040706452,0.006125794819744179
IAR-C2_minus_IAR4,diagnostic_400_500_nm,453.0,useful_LP_axisfree_pair,1.6821973332406062,1.6793629596619797,0.002834373578626481
IAR-C2_minus_IAR4,diagnostic_400_500_nm,454.0,useful_LP_axisfree_pair,1.5989156895810517,1.6145051092095335,-0.015589419628481815
IAR-C2_minus_IAR4,diagnostic_400_500_nm,455.0,useful_LP_axisfree_pair,1.5795818452481334,1.6090355183414033,-0.02945367309326996
IAR-C2_minus_IAR4,diagnostic_400_500_nm,456.0,useful_LP_axisfree_pair,1.5962606488418516,1.6295952204133,-0.03333457157144837
IAR-C2_minus_IAR4,diagnostic_400_500_nm,457.0,useful_LP_axisfree_pair,1.621435715482485,1.6562336973607998,-0.03479798187831484
IAR-C2_minus_IAR4,diagnostic_400_500_nm,458.0,useful_LP_axisfree_pair,1.6728753701567782,1.7098995348166812,-0.03702416465990299
IAR-C2_minus_IAR4,diagnostic_400_500_nm,459.0,useful_LP_axisfree_pair,1.7309296662567286,1.7649218361622843,-0.03399216990555565
IAR-C2_minus_IAR4,diagnostic_400_500_nm,460.0,useful_LP_axisfree_pair,1.7646038382034979,1.7960078143275124,-0.031403976124014576
IAR-C2_minus_IAR4,diagnostic_400_500_nm,461.0,useful_LP_axisfree_pair,1.7804609275230212,1.8102208840593135,-0.029759956536292265
IAR-C2_minus_IAR4,diagnostic_400_500_nm,462.0,useful_LP_axisfree_pair,1.7980069158074903,1.8282886779925152,-0.030281762185024874
IAR-C2_minus_IAR4,diagnostic_400_500_nm,463.0,useful_LP_axisfree_pair,1.8078415957530294,1.8363244360044815,-0.02848284025145209
IAR-C2_minus_IAR4,diagnostic_400_500_nm,464.0,useful_LP_axisfree_pair,1.8139992442699722,1.8367547324828013,-0.022755488212829134
IAR-C2_minus_IAR4,diagnostic_400_500_nm,465.0,useful_LP_axisfree_pair,1.8062008839473578,1.8216345904164475,-0.015433706469089703
IAR-C2_minus_IAR4,diagnostic_400_500_nm,466.0,useful_LP_axisfree_pair,1.7873057612728382,1.8002477456322354,-0.012941984359397196
IAR-C2_minus_IAR4,diagnostic_400_500_nm,467.0,useful_LP_axisfree_pair,1.7917997754946078,1.8141480744782577,-0.022348298983649872
IAR-C2_minus_IAR4,diagnostic_400_500_nm,468.0,useful_LP_axisfree_pair,1.7784531792372804,1.8099894994892223,-0.03153632025194186
IAR-C2_minus_IAR4,diagnostic_400_500_nm,469.0,useful_LP_axisfree_pair,1.7803072445136185,1.8157355114840017,-0.03542826697038315
IAR-C2_minus_IAR4,diagnostic_400_500_nm,470.0,useful_LP_axisfree_pair,1.7891813561821512,1.8215136390687776,-0.03233228288662637
IAR-C2_minus_IAR4,diagnostic_400_500_nm,471.0,useful_LP_axisfree_pair,1.7941479581596418,1.8203710634054753,-0.02622310524583349
IAR-C2_minus_IAR4,diagnostic_400_500_nm,472.0,useful_LP_axisfree_pair,1.7794782722014308,1.800080649881571,-0.02060237768014006
IAR-C2_minus_IAR4,diagnostic_400_500_nm,473.0,useful_LP_axisfree_pair,1.7608014827478464,1.7747528176655265,-0.01395133491768008
IAR-C2_minus_IAR4,diagnostic_400_500_nm,474.0,useful_LP_axisfree_pair,1.7513872993508588,1.757381350104628,-0.005994050753769242
IAR-C2_minus_IAR4,diagnostic_400_500_nm,475.0,useful_LP_axisfree_pair,1.7478379364764967,1.7456692346451022,0.002168701831394504
IAR-C2_minus_IAR4,diagnostic_400_500_nm,476.0,useful_LP_axisfree_pair,1.7507064589918975,1.741026209802087,0.009680249189810475
IAR-C2_minus_IAR4,diagnostic_400_500_nm,477.0,useful_LP_axisfree_pair,1.7901445589477878,1.7669028046542479,0.023241754293539918
IAR-C2_minus_IAR4,diagnostic_400_500_nm,478.0,useful_LP_axisfree_pair,1.8219067796970831,1.7924304320555196,0.029476347641563594
IAR-C2_minus_IAR4,diagnostic_400_500_nm,479.0,useful_LP_axisfree_pair,1.88320997185434,1.8491457291960862,0.03406424265825381
IAR-C2_minus_IAR4,diagnostic_400_500_nm,480.0,useful_LP_axisfree_pair,1.9610662250136561,1.923430556589037,0.03763566842461907
IAR-C2_minus_IAR4,diagnostic_400_500_nm,481.0,useful_LP_axisfree_pair,2.044438681583306,2.0049356401799434,0.039503041403362804
IAR-C2_minus_IAR4,diagnostic_400_500_nm,482.0,useful_LP_axisfree_pair,2.128763934446971,2.090398806297689,0.03836512814928206
IAR-C2_minus_IAR4,diagnostic_400_500_nm,483.0,useful_LP_axisfree_pair,2.210650516692442,2.176287005260235,0.03436351143220673
IAR-C2_minus_IAR4,diagnostic_400_500_nm,484.0,useful_LP_axisfree_pair,2.284427250008419,2.2558044167181603,0.028622833290258498
IAR-C2_minus_IAR4,diagnostic_400_500_nm,485.0,useful_LP_axisfree_pair,2.3465646619809726,2.3261597144709447,0.02040494751002786
IAR-C2_minus_IAR4,diagnostic_400_500_nm,486.0,useful_LP_axisfree_pair,2.4207896057501457,2.410862520871306,0.009927084878839754
IAR-C2_minus_IAR4,diagnostic_400_500_nm,487.0,useful_LP_axisfree_pair,2.5018455559284414,2.4955667044515066,0.006278851476934744
IAR-C2_minus_IAR4,diagnostic_400_500_nm,488.0,useful_LP_axisfree_pair,2.57213686674127,2.5743508697231827,-0.002214002981912877
IAR-C2_minus_IAR4,diagnostic_400_500_nm,489.0,useful_LP_axisfree_pair,2.652589892694565,2.6704189168086687,-0.01782902411410392
IAR-C2_minus_IAR4,diagnostic_400_500_nm,490.0,useful_LP_axisfree_pair,2.6955221718626023,2.735502260454354,-0.03998008859175162
IAR-C2_minus_IAR4,diagnostic_400_500_nm,491.0,useful_LP_axisfree_pair,2.7438456840205525,2.794932194335902,-0.051086510315349276
IAR-C2_minus_IAR4,diagnostic_400_500_nm,492.0,useful_LP_axisfree_pair,2.8033513745836918,2.859478390322991,-0.056127015739299235
IAR-C2_minus_IAR4,diagnostic_400_500_nm,493.0,useful_LP_axisfree_pair,2.883463716445134,2.94072777391227,-0.05726405746713592
IAR-C2_minus_IAR4,diagnostic_400_500_nm,494.0,useful_LP_axisfree_pair,2.987404327875191,3.041887950618888,-0.05448362274369689
IAR-C2_minus_IAR4,diagnostic_400_500_nm,495.0,useful_LP_axisfree_pair,3.0964797697950948,3.1460208173963453,-0.049541047601250554
IAR-C2_minus_IAR4,diagnostic_400_500_nm,496.0,useful_LP_axisfree_pair,3.184816563415822,3.2288349883503473,-0.044018424934525235
IAR-C2_minus_IAR4,diagnostic_400_500_nm,497.0,useful_LP_axisfree_pair,3.2470170434454046,3.2843889478453367,-0.0373719043999321
IAR-C2_minus_IAR4,diagnostic_400_500_nm,498.0,useful_LP_axisfree_pair,3.2621238969911115,3.2986163048544594,-0.03649240786334795
IAR-C2_minus_IAR4,diagnostic_400_500_nm,499.0,useful_LP_axisfree_pair,3.282812752529277,3.3239555436531085,-0.04114279112383157
IAR-C2_minus_IAR4,diagnostic_400_500_nm,500.0,useful_LP_axisfree_pair,3.315536060198925,3.3685627305996437,-0.05302667040071851
IAR-C2_minus_IAR4,diagnostic_400_500_nm,400.0,useful_LP_over_S0_pair,0.5375054958887444,0.533902099430307,0.0036033964584374356
IAR-C2_minus_IAR4,diagnostic_400_500_nm,401.0,useful_LP_over_S0_pair,0.5289760559404649,0.5245807878493728,0.0043952680910921416
IAR-C2_minus_IAR4,diagnostic_400_500_nm,402.0,useful_LP_over_S0_pair,0.5181651584750746,0.5151619385254648,0.0030032199496098366
IAR-C2_minus_IAR4,diagnostic_400_500_nm,403.0,useful_LP_over_S0_pair,0.502989665293813,0.5016816907563402,0.001307974537472778
IAR-C2_minus_IAR4,diagnostic_400_500_nm,404.0,useful_LP_over_S0_pair,0.5067150098177079,0.507104329850277,-0.00038932003256908487
IAR-C2_minus_IAR4,diagnostic_400_500_nm,405.0,useful_LP_over_S0_pair,0.5082384918010734,0.5036868890228671,0.004551602778206321
IAR-C2_minus_IAR4,diagnostic_400_500_nm,406.0,useful_LP_over_S0_pair,0.5132097347326127,0.5055786033737063,0.007631131358906362
IAR-C2_minus_IAR4,diagnostic_400_500_nm,407.0,useful_LP_over_S0_pair,0.5296909474697619,0.5274079788596732,0.002282968610088698
IAR-C2_minus_IAR4,diagnostic_400_500_nm,408.0,useful_LP_over_S0_pair,0.5436118830639913,0.5397338494595962,0.0038780336043950925
IAR-C2_minus_IAR4,diagnostic_400_500_nm,409.0,useful_LP_over_S0_pair,0.540462161812814,0.5374062097504406,0.0030559520623734127
IAR-C2_minus_IAR4,diagnostic_400_500_nm,410.0,useful_LP_over_S0_pair,0.5303193770911047,0.5297253011610746,0.0005940759300300247
IAR-C2_minus_IAR4,diagnostic_400_500_nm,411.0,useful_LP_over_S0_pair,0.5180009776023516,0.5182440309911278,-0.000243053388776171
IAR-C2_minus_IAR4,diagnostic_400_500_nm,412.0,useful_LP_over_S0_pair,0.5189499239402912,0.5208304834830482,-0.0018805595427570099
IAR-C2_minus_IAR4,diagnostic_400_500_nm,413.0,useful_LP_over_S0_pair,0.510584245474162,0.5166171733164043,-0.006032927842242297
IAR-C2_minus_IAR4,diagnostic_400_500_nm,414.0,useful_LP_over_S0_pair,0.5072909786640961,0.5031276873594911,0.004163291304605021
IAR-C2_minus_IAR4,diagnostic_400_500_nm,415.0,useful_LP_over_S0_pair,0.5252197331827921,0.5157947798130553,0.00942495336973681
IAR-C2_minus_IAR4,diagnostic_400_500_nm,416.0,useful_LP_over_S0_pair,0.5266296084617255,0.5198947992146581,0.006734809247067375
IAR-C2_minus_IAR4,diagnostic_400_500_nm,417.0,useful_LP_over_S0_pair,0.5350390715523723,0.5331162207960733,0.0019228507562989439
IAR-C2_minus_IAR4,diagnostic_400_500_nm,418.0,useful_LP_over_S0_pair,0.5370322524579596,0.5371543458713921,-0.00012209341343250024
IAR-C2_minus_IAR4,diagnostic_400_500_nm,419.0,useful_LP_over_S0_pair,0.5204870827652389,0.5204431579527585,4.3924812480389264e-05
IAR-C2_minus_IAR4,diagnostic_400_500_nm,420.0,useful_LP_over_S0_pair,0.5082210686542705,0.5098946717795041,-0.0016736031252335692
IAR-C2_minus_IAR4,diagnostic_400_500_nm,421.0,useful_LP_over_S0_pair,0.5124040504191023,0.5181838536064931,-0.005779803187390797
IAR-C2_minus_IAR4,diagnostic_400_500_nm,422.0,useful_LP_over_S0_pair,0.5138134267288638,0.522012844840737,-0.008199418111873191
IAR-C2_minus_IAR4,diagnostic_400_500_nm,423.0,useful_LP_over_S0_pair,0.5114891358093102,0.520111076321258,-0.008621940511947757
IAR-C2_minus_IAR4,diagnostic_400_500_nm,424.0,useful_LP_over_S0_pair,0.5084108340963986,0.5166708993059617,-0.008260065209563017
IAR-C2_minus_IAR4,diagnostic_400_500_nm,425.0,useful_LP_over_S0_pair,0.5043737157802077,0.5122013570703868,-0.0078276412901791
IAR-C2_minus_IAR4,diagnostic_400_500_nm,426.0,useful_LP_over_S0_pair,0.5034030884694397,0.509988227304294,-0.006585138834854343
IAR-C2_minus_IAR4,diagnostic_400_500_nm,427.0,useful_LP_over_S0_pair,0.5076631252252727,0.5118110000022174,-0.004147874776944671
IAR-C2_minus_IAR4,diagnostic_400_500_nm,428.0,useful_LP_over_S0_pair,0.5084805740004233,0.5081357020791294,0.0003448719212939544
IAR-C2_minus_IAR4,diagnostic_400_500_nm,429.0,useful_LP_over_S0_pair,0.5082737739702682,0.5030033282652494,0.005270445705018778
IAR-C2_minus_IAR4,diagnostic_400_500_nm,430.0,useful_LP_over_S0_pair,0.5060782520961846,0.5053373029932298,0.0007409491029548576
IAR-C2_minus_IAR4,diagnostic_400_500_nm,431.0,useful_LP_over_S0_pair,0.5059786801743793,0.5029421394259611,0.0030365407484181928
IAR-C2_minus_IAR4,diagnostic_400_500_nm,432.0,useful_LP_over_S0_pair,0.5127217486227886,0.5098505225714649,0.0028712260513237275
IAR-C2_minus_IAR4,diagnostic_400_500_nm,433.0,useful_LP_over_S0_pair,0.516436445068608,0.5123371547886533,0.004099290279954704
IAR-C2_minus_IAR4,diagnostic_400_500_nm,434.0,useful_LP_over_S0_pair,0.5178003703243788,0.5116166338426155,0.006183736481763291
IAR-C2_minus_IAR4,diagnostic_400_500_nm,435.0,useful_LP_over_S0_pair,0.5135705068108946,0.5069112626507637,0.006659244160130862
IAR-C2_minus_IAR4,diagnostic_400_500_nm,436.0,useful_LP_over_S0_pair,0.5190479961904525,0.5135592734042813,0.005488722786171185
IAR-C2_minus_IAR4,diagnostic_400_500_nm,437.0,useful_LP_over_S0_pair,0.5247524246113512,0.5206594129120745,0.004093011699276672
IAR-C2_minus_IAR4,diagnostic_400_500_nm,438.0,useful_LP_over_S0_pair,0.5349313743336821,0.5286723181788331,0.006259056154849008
IAR-C2_minus_IAR4,diagnostic_400_500_nm,439.0,useful_LP_over_S0_pair,0.5407433593109278,0.5344020142383072,0.006341345072620519
IAR-C2_minus_IAR4,diagnostic_400_500_nm,440.0,useful_LP_over_S0_pair,0.540937170345964,0.5366889068632968,0.004248263482667158
IAR-C2_minus_IAR4,diagnostic_400_500_nm,441.0,useful_LP_over_S0_pair,0.5348024353908204,0.5333050671333907,0.0014973682574297431
IAR-C2_minus_IAR4,diagnostic_400_500_nm,442.0,useful_LP_over_S0_pair,0.5264102261935685,0.52712560414619,-0.0007153779526215542
IAR-C2_minus_IAR4,diagnostic_400_500_nm,443.0,useful_LP_over_S0_pair,0.5175187091678517,0.5183754884649847,-0.0008567792971330146
IAR-C2_minus_IAR4,diagnostic_400_500_nm,444.0,useful_LP_over_S0_pair,0.5165929614835597,0.5174183464665107,-0.0008253849829510385
IAR-C2_minus_IAR4,diagnostic_400_500_nm,445.0,useful_LP_over_S0_pair,0.515111324627853,0.5160429908406536,-0.0009316662128006081
IAR-C2_minus_IAR4,diagnostic_400_500_nm,446.0,useful_LP_over_S0_pair,0.5155127913426443,0.5165380747247726,-0.0010252833821283724
IAR-C2_minus_IAR4,diagnostic_400_500_nm,447.0,useful_LP_over_S0_pair,0.5173184043259416,0.5178151537452148,-0.0004967494192732458
IAR-C2_minus_IAR4,diagnostic_400_500_nm,448.0,useful_LP_over_S0_pair,0.522133099247443,0.5212686257631951,0.0008644734842478963
IAR-C2_minus_IAR4,diagnostic_400_500_nm,449.0,useful_LP_over_S0_pair,0.5267698723901318,0.5250842523229152,0.00168562006721662
IAR-C2_minus_IAR4,diagnostic_400_500_nm,450.0,useful_LP_over_S0_pair,0.5280048346593128,0.5267879188191468,0.001216915840166033
IAR-C2_minus_IAR4,diagnostic_400_500_nm,451.0,useful_LP_over_S0_pair,0.5310088610758984,0.529136996916411,0.0018718641594873686
IAR-C2_minus_IAR4,diagnostic_400_500_nm,452.0,useful_LP_over_S0_pair,0.5324390499859469,0.5285784098519662,0.003860640133980686
IAR-C2_minus_IAR4,diagnostic_400_500_nm,453.0,useful_LP_over_S0_pair,0.5246141295323223,0.5201221028953562,0.004492026636966129
IAR-C2_minus_IAR4,diagnostic_400_500_nm,454.0,useful_LP_over_S0_pair,0.5137319603187657,0.5134813632566011,0.00025059706216457034
IAR-C2_minus_IAR4,diagnostic_400_500_nm,455.0,useful_LP_over_S0_pair,0.5093697482226603,0.5125167458240846,-0.0031469976014242285
IAR-C2_minus_IAR4,diagnostic_400_500_nm,456.0,useful_LP_over_S0_pair,0.508010263665946,0.5121188263296572,-0.004108562663711179
IAR-C2_minus_IAR4,diagnostic_400_500_nm,457.0,useful_LP_over_S0_pair,0.5094563302606951,0.5138441570596072,-0.004387826798912031
IAR-C2_minus_IAR4,diagnostic_400_500_nm,458.0,useful_LP_over_S0_pair,0.5125398768157,0.517271783975054,-0.00473190715935401
IAR-C2_minus_IAR4,diagnostic_400_500_nm,459.0,useful_LP_over_S0_pair,0.5170136427936031,0.5208527117383057,-0.0038390689447026505
IAR-C2_minus_IAR4,diagnostic_400_500_nm,460.0,useful_LP_over_S0_pair,0.5153746085453619,0.5174280864674428,-0.002053477922080882
IAR-C2_minus_IAR4,diagnostic_400_500_nm,461.0,useful_LP_over_S0_pair,0.5111848422608265,0.511360522939028,-0.00017568067820150635
IAR-C2_minus_IAR4,diagnostic_400_500_nm,462.0,useful_LP_over_S0_pair,0.5111396146597768,0.5111514377519688,-1.1823092192053686e-05
IAR-C2_minus_IAR4,diagnostic_400_500_nm,463.0,useful_LP_over_S0_pair,0.5096151034771301,0.5099828099675534,-0.00036770649042328074
IAR-C2_minus_IAR4,diagnostic_400_500_nm,464.0,useful_LP_over_S0_pair,0.5124365715115252,0.5119387913631972,0.0004977801483280198
IAR-C2_minus_IAR4,diagnostic_400_500_nm,465.0,useful_LP_over_S0_pair,0.5136338957514768,0.512244832115733,0.0013890636357437591
IAR-C2_minus_IAR4,diagnostic_400_500_nm,466.0,useful_LP_over_S0_pair,0.5109310316123404,0.5096276675991014,0.00130336401323905
IAR-C2_minus_IAR4,diagnostic_400_500_nm,467.0,useful_LP_over_S0_pair,0.508315661732658,0.5098419712678816,-0.0015263095352235911
IAR-C2_minus_IAR4,diagnostic_400_500_nm,468.0,useful_LP_over_S0_pair,0.507651584060126,0.5120790019073084,-0.004427417847182369
IAR-C2_minus_IAR4,diagnostic_400_500_nm,469.0,useful_LP_over_S0_pair,0.5093343840252618,0.5149551822250711,-0.005620798199809318
IAR-C2_minus_IAR4,diagnostic_400_500_nm,470.0,useful_LP_over_S0_pair,0.5110853681661462,0.5163941397923645,-0.005308771626218234
IAR-C2_minus_IAR4,diagnostic_400_500_nm,471.0,useful_LP_over_S0_pair,0.5115993173794768,0.5160659827333209,-0.0044666653538441015
IAR-C2_minus_IAR4,diagnostic_400_500_nm,472.0,useful_LP_over_S0_pair,0.5115978154640872,0.5151862227185902,-0.0035884072545029344
IAR-C2_minus_IAR4,diagnostic_400_500_nm,473.0,useful_LP_over_S0_pair,0.5142052959416724,0.5167821716782051,-0.0025768757365326467
IAR-C2_minus_IAR4,diagnostic_400_500_nm,474.0,useful_LP_over_S0_pair,0.5185051376707278,0.5202424094738677,-0.0017372718031398726
IAR-C2_minus_IAR4,diagnostic_400_500_nm,475.0,useful_LP_over_S0_pair,0.5226730947398853,0.5236427022243522,-0.000969607484466839
IAR-C2_minus_IAR4,diagnostic_400_500_nm,476.0,useful_LP_over_S0_pair,0.5299176687070611,0.5299501036436547,-3.243493659355057e-05
IAR-C2_minus_IAR4,diagnostic_400_500_nm,477.0,useful_LP_over_S0_pair,0.5363121202248967,0.5348105890610717,0.0015015311638250095
IAR-C2_minus_IAR4,diagnostic_400_500_nm,478.0,useful_LP_over_S0_pair,0.5365703963983125,0.5348836129812765,0.0016867834170359863
IAR-C2_minus_IAR4,diagnostic_400_500_nm,479.0,useful_LP_over_S0_pair,0.5390229897579988,0.5373357415491771,0.0016872482088217122
IAR-C2_minus_IAR4,diagnostic_400_500_nm,480.0,useful_LP_over_S0_pair,0.5404621958174818,0.5388300545937569,0.0016321412237249033
IAR-C2_minus_IAR4,diagnostic_400_500_nm,481.0,useful_LP_over_S0_pair,0.5394011033819142,0.5378709865252856,0.0015301168566285162
IAR-C2_minus_IAR4,diagnostic_400_500_nm,482.0,useful_LP_over_S0_pair,0.5366452557836769,0.5352219636407196,0.001423292142957333
IAR-C2_minus_IAR4,diagnostic_400_500_nm,483.0,useful_LP_over_S0_pair,0.5342455708506415,0.5328802060561213,0.0013653647945202074
IAR-C2_minus_IAR4,diagnostic_400_500_nm,484.0,useful_LP_over_S0_pair,0.5331951033441421,0.5319314629018986,0.0012636404422434744
IAR-C2_minus_IAR4,diagnostic_400_500_nm,485.0,useful_LP_over_S0_pair,0.533840478236972,0.5330038053760552,0.0008366728609168206
IAR-C2_minus_IAR4,diagnostic_400_500_nm,486.0,useful_LP_over_S0_pair,0.5352012099566626,0.5350458942470706,0.000155315709592041
IAR-C2_minus_IAR4,diagnostic_400_500_nm,487.0,useful_LP_over_S0_pair,0.5383777816747027,0.5377647277593506,0.0006130539153521575
IAR-C2_minus_IAR4,diagnostic_400_500_nm,488.0,useful_LP_over_S0_pair,0.5389340900010787,0.5387079823386353,0.00022610766244346436
IAR-C2_minus_IAR4,diagnostic_400_500_nm,489.0,useful_LP_over_S0_pair,0.5418630466882584,0.5418984994758083,-3.545278754990555e-05
IAR-C2_minus_IAR4,diagnostic_400_500_nm,490.0,useful_LP_over_S0_pair,0.5414030071479308,0.5422234745736163,-0.0008204674256855338
IAR-C2_minus_IAR4,diagnostic_400_500_nm,491.0,useful_LP_over_S0_pair,0.5421039218460393,0.5432321123618387,-0.0011281905157993766
IAR-C2_minus_IAR4,diagnostic_400_500_nm,492.0,useful_LP_over_S0_pair,0.54108908463278,0.5422616042830687,-0.0011725196502886392
IAR-C2_minus_IAR4,diagnostic_400_500_nm,493.0,useful_LP_over_S0_pair,0.5393526737376025,0.5405369829539333,-0.0011843092163307256
IAR-C2_minus_IAR4,diagnostic_400_500_nm,494.0,useful_LP_over_S0_pair,0.5366731705656607,0.5376675302533436,-0.0009943596876829108
IAR-C2_minus_IAR4,diagnostic_400_500_nm,495.0,useful_LP_over_S0_pair,0.5334239912307794,0.5340361237334409,-0.0006121325026614555
IAR-C2_minus_IAR4,diagnostic_400_500_nm,496.0,useful_LP_over_S0_pair,0.5308566749557052,0.530880959853647,-2.428489794181754e-05
IAR-C2_minus_IAR4,diagnostic_400_500_nm,497.0,useful_LP_over_S0_pair,0.5290887215430041,0.5283249222328686,0.0007637993101354823
IAR-C2_minus_IAR4,diagnostic_400_500_nm,498.0,useful_LP_over_S0_pair,0.5247157221509638,0.5241195312873904,0.0005961908635734314
IAR-C2_minus_IAR4,diagnostic_400_500_nm,499.0,useful_LP_over_S0_pair,0.5316163833015127,0.531029131963996,0.0005872513375166921
IAR-C2_minus_IAR4,diagnostic_400_500_nm,500.0,useful_LP_over_S0_pair,0.5321553697021608,0.5319775008060625,0.0001778688960982766
IAR-C2_minus_IAR4,diagnostic_400_500_nm,400.0,normal_5deg_DoLP,0.11594941302486848,0.07758098230460604,0.03836843072026244
IAR-C2_minus_IAR4,diagnostic_400_500_nm,401.0,normal_5deg_DoLP,0.20236866455578753,0.1305879950643888,0.07178066949139872
IAR-C2_minus_IAR4,diagnostic_400_500_nm,402.0,normal_5deg_DoLP,0.3133213994072028,0.2927007530551882,0.020620646352014604
IAR-C2_minus_IAR4,diagnostic_400_500_nm,403.0,normal_5deg_DoLP,0.3158545757561061,0.3554469197374366,-0.03959234398133049
IAR-C2_minus_IAR4,diagnostic_400_500_nm,404.0,normal_5deg_DoLP,0.2536847389813301,0.3035193174266037,-0.049834578445273614
IAR-C2_minus_IAR4,diagnostic_400_500_nm,405.0,normal_5deg_DoLP,0.07123252291799224,0.09812066189645302,-0.026888138978460777
IAR-C2_minus_IAR4,diagnostic_400_500_nm,406.0,normal_5deg_DoLP,0.02913860441459663,0.05848541655145874,-0.02934681213686211
IAR-C2_minus_IAR4,diagnostic_400_500_nm,407.0,normal_5deg_DoLP,0.11581459656694505,0.12243593032759341,-0.006621333760648357
IAR-C2_minus_IAR4,diagnostic_400_500_nm,408.0,normal_5deg_DoLP,0.21894386246525097,0.15010296782433075,0.06884089464092022
IAR-C2_minus_IAR4,diagnostic_400_500_nm,409.0,normal_5deg_DoLP,0.2597818627374699,0.21007863315781328,0.049703229579656616
IAR-C2_minus_IAR4,diagnostic_400_500_nm,410.0,normal_5deg_DoLP,0.24964272043731348,0.20754237951109433,0.04210034092621914
IAR-C2_minus_IAR4,diagnostic_400_500_nm,411.0,normal_5deg_DoLP,0.28417725374732944,0.2266584453653277,0.05751880838200174
IAR-C2_minus_IAR4,diagnostic_400_500_nm,412.0,normal_5deg_DoLP,0.3904129289866291,0.3284517865920758,0.061961142394553304
IAR-C2_minus_IAR4,diagnostic_400_500_nm,413.0,normal_5deg_DoLP,0.4278800387167622,0.3986443473732784,0.029235691343483805
IAR-C2_minus_IAR4,diagnostic_400_500_nm,414.0,normal_5deg_DoLP,0.387868523868732,0.36034308443512264,0.027525439433609356
IAR-C2_minus_IAR4,diagnostic_400_500_nm,415.0,normal_5deg_DoLP,0.37713304692664645,0.3921125759725321,-0.01497952904588562
IAR-C2_minus_IAR4,diagnostic_400_500_nm,416.0,normal_5deg_DoLP,0.249238413563064,0.2669214341470462,-0.017683020583982217
IAR-C2_minus_IAR4,diagnostic_400_500_nm,417.0,normal_5deg_DoLP,0.06520206289595336,0.05147489513774794,0.01372716775820542
IAR-C2_minus_IAR4,diagnostic_400_500_nm,418.0,normal_5deg_DoLP,0.0069526876316702005,0.032894215168784956,-0.025941527537114754
IAR-C2_minus_IAR4,diagnostic_400_500_nm,419.0,normal_5deg_DoLP,0.17735661120975732,0.14371318780804215,0.03364342340171517
IAR-C2_minus_IAR4,diagnostic_400_500_nm,420.0,normal_5deg_DoLP,0.37242845911393646,0.3403361010427531,0.03209235807118338
IAR-C2_minus_IAR4,diagnostic_400_500_nm,421.0,normal_5deg_DoLP,0.4009887813422147,0.37898420632783186,0.022004575014382854
IAR-C2_minus_IAR4,diagnostic_400_500_nm,422.0,normal_5deg_DoLP,0.39073551901063325,0.36790681209905113,0.02282870691158212
IAR-C2_minus_IAR4,diagnostic_400_500_nm,423.0,normal_5deg_DoLP,0.3770103013947685,0.3531674457676841,0.02384285562708438
IAR-C2_minus_IAR4,diagnostic_400_500_nm,424.0,normal_5deg_DoLP,0.35868579189259453,0.32753191468862125,0.03115387720397328
IAR-C2_minus_IAR4,diagnostic_400_500_nm,425.0,normal_5deg_DoLP,0.33879642317969905,0.29847164393907083,0.04032477924062822
IAR-C2_minus_IAR4,diagnostic_400_500_nm,426.0,normal_5deg_DoLP,0.3266681246410372,0.28432242068057734,0.04234570396045989
IAR-C2_minus_IAR4,diagnostic_400_500_nm,427.0,normal_5deg_DoLP,0.3388300933029976,0.30270972067842455,0.03612037262457307
IAR-C2_minus_IAR4,diagnostic_400_500_nm,428.0,normal_5deg_DoLP,0.25769704025374696,0.20347041699139484,0.054226623262352114
IAR-C2_minus_IAR4,diagnostic_400_500_nm,429.0,normal_5deg_DoLP,0.13138921040544124,0.06690590887291847,0.06448330153252277
IAR-C2_minus_IAR4,diagnostic_400_500_nm,430.0,normal_5deg_DoLP,0.06857701998341442,0.10282509408108734,-0.034248074097672915
IAR-C2_minus_IAR4,diagnostic_400_500_nm,431.0,normal_5deg_DoLP,0.10654456967382295,0.15725591721811583,-0.05071134754429288
IAR-C2_minus_IAR4,diagnostic_400_500_nm,432.0,normal_5deg_DoLP,0.061265007556126856,0.0622280098610543,-0.0009630023049274419
IAR-C2_minus_IAR4,diagnostic_400_500_nm,433.0,normal_5deg_DoLP,0.039952469171295066,0.07846018420180727,-0.0385077150305122
IAR-C2_minus_IAR4,diagnostic_400_500_nm,434.0,normal_5deg_DoLP,0.2545685363616504,0.328702251900987,-0.07413371553933662
IAR-C2_minus_IAR4,diagnostic_400_500_nm,435.0,normal_5deg_DoLP,0.3806530784532028,0.48875868489419944,-0.10810560644099665
IAR-C2_minus_IAR4,diagnostic_400_500_nm,436.0,normal_5deg_DoLP,0.45038085070116557,0.5430780687461227,-0.09269721804495717
IAR-C2_minus_IAR4,diagnostic_400_500_nm,437.0,normal_5deg_DoLP,0.5239974009310486,0.5736245514907209,-0.04962715055967226
IAR-C2_minus_IAR4,diagnostic_400_500_nm,438.0,normal_5deg_DoLP,0.6121746280378303,0.6217619919529045,-0.009587363915074198
IAR-C2_minus_IAR4,diagnostic_400_500_nm,439.0,normal_5deg_DoLP,0.6448354976529477,0.6497301845569801,-0.004894686904032386
IAR-C2_minus_IAR4,diagnostic_400_500_nm,440.0,normal_5deg_DoLP,0.6526421599691851,0.6589993001556841,-0.006357140186499022
IAR-C2_minus_IAR4,diagnostic_400_500_nm,441.0,normal_5deg_DoLP,0.6241218735699041,0.6322815596234379,-0.008159686053533788
IAR-C2_minus_IAR4,diagnostic_400_500_nm,442.0,normal_5deg_DoLP,0.560717306031079,0.5697510837721387,-0.009033777741059623
IAR-C2_minus_IAR4,diagnostic_400_500_nm,443.0,normal_5deg_DoLP,0.4816310273814706,0.4884526130978811,-0.006821585716410505
IAR-C2_minus_IAR4,diagnostic_400_500_nm,444.0,normal_5deg_DoLP,0.4286167844666281,0.4363676371445555,-0.007750852677927411
IAR-C2_minus_IAR4,diagnostic_400_500_nm,445.0,normal_5deg_DoLP,0.38487155863234623,0.3860043161249162,-0.001132757492569969
IAR-C2_minus_IAR4,diagnostic_400_500_nm,446.0,normal_5deg_DoLP,0.2964896056769789,0.2808869157747919,0.015602689902186995
IAR-C2_minus_IAR4,diagnostic_400_500_nm,447.0,normal_5deg_DoLP,0.2165451846912622,0.1833121920697957,0.03323299262146648
IAR-C2_minus_IAR4,diagnostic_400_500_nm,448.0,normal_5deg_DoLP,0.17874121911350582,0.15907367401756672,0.0196675450959391
IAR-C2_minus_IAR4,diagnostic_400_500_nm,449.0,normal_5deg_DoLP,0.14888491090918277,0.15889992652138205,-0.01001501561219928
IAR-C2_minus_IAR4,diagnostic_400_500_nm,450.0,normal_5deg_DoLP,0.15657188116863333,0.11995391370452343,0.03661796746410989
IAR-C2_minus_IAR4,diagnostic_400_500_nm,451.0,normal_5deg_DoLP,0.25194732112421797,0.15402880631824978,0.0979185148059682
IAR-C2_minus_IAR4,diagnostic_400_500_nm,452.0,normal_5deg_DoLP,0.4270636439486978,0.3469667590799327,0.0800968848687651
IAR-C2_minus_IAR4,diagnostic_400_500_nm,453.0,normal_5deg_DoLP,0.6919995726048583,0.6569398917554138,0.03505968084944455
IAR-C2_minus_IAR4,diagnostic_400_500_nm,454.0,normal_5deg_DoLP,0.8151374683975362,0.7985125005828209,0.01662496781471534
IAR-C2_minus_IAR4,diagnostic_400_500_nm,455.0,normal_5deg_DoLP,0.8475473843762719,0.8365956323477141,0.010951752028557804
IAR-C2_minus_IAR4,diagnostic_400_500_nm,456.0,normal_5deg_DoLP,0.8492174028846459,0.8396503569385233,0.009567045946122565
IAR-C2_minus_IAR4,diagnostic_400_500_nm,457.0,normal_5deg_DoLP,0.8346209580793442,0.823280446866868,0.011340511212476256
IAR-C2_minus_IAR4,diagnostic_400_500_nm,458.0,normal_5deg_DoLP,0.8236099769197321,0.8060188656225072,0.017591111297224904
IAR-C2_minus_IAR4,diagnostic_400_500_nm,459.0,normal_5deg_DoLP,0.8148213147585505,0.7843749235407702,0.030446391217780255
IAR-C2_minus_IAR4,diagnostic_400_500_nm,460.0,normal_5deg_DoLP,0.8027653407416547,0.7613742123734492,0.041391128368205576
IAR-C2_minus_IAR4,diagnostic_400_500_nm,461.0,normal_5deg_DoLP,0.7775028158538879,0.7299834536006963,0.047519362253191644
IAR-C2_minus_IAR4,diagnostic_400_500_nm,462.0,normal_5deg_DoLP,0.7550834098960222,0.7087098817679109,0.04637352812811124
IAR-C2_minus_IAR4,diagnostic_400_500_nm,463.0,normal_5deg_DoLP,0.7370441685861722,0.6905735586378162,0.046470609948355945
IAR-C2_minus_IAR4,diagnostic_400_500_nm,464.0,normal_5deg_DoLP,0.7366809807476048,0.6959317891921671,0.04074919155543766
IAR-C2_minus_IAR4,diagnostic_400_500_nm,465.0,normal_5deg_DoLP,0.7431676399058189,0.7073092383813363,0.03585840152448261
IAR-C2_minus_IAR4,diagnostic_400_500_nm,466.0,normal_5deg_DoLP,0.739386234854271,0.7074321602674392,0.03195407458683186
IAR-C2_minus_IAR4,diagnostic_400_500_nm,467.0,normal_5deg_DoLP,0.7098352346000173,0.6807496455320542,0.029085589067963102
IAR-C2_minus_IAR4,diagnostic_400_500_nm,468.0,normal_5deg_DoLP,0.6398727744757061,0.6150591700994246,0.02481360437628155
IAR-C2_minus_IAR4,diagnostic_400_500_nm,469.0,normal_5deg_DoLP,0.5198063785051052,0.5014115009054767,0.018394877599628545
IAR-C2_minus_IAR4,diagnostic_400_500_nm,470.0,normal_5deg_DoLP,0.4102204992447441,0.39447892305573945,0.015741576189004625
IAR-C2_minus_IAR4,diagnostic_400_500_nm,471.0,normal_5deg_DoLP,0.3694117835833108,0.35412819077474234,0.015283592808568447
IAR-C2_minus_IAR4,diagnostic_400_500_nm,472.0,normal_5deg_DoLP,0.3796627205431989,0.371008558412139,0.008654162131059906
IAR-C2_minus_IAR4,diagnostic_400_500_nm,473.0,normal_5deg_DoLP,0.36462137258215593,0.36730419111881074,-0.0026828185366548074
IAR-C2_minus_IAR4,diagnostic_400_500_nm,474.0,normal_5deg_DoLP,0.2640616717427093,0.27306267225627895,-0.009001000513569668
IAR-C2_minus_IAR4,diagnostic_400_500_nm,475.0,normal_5deg_DoLP,0.18680454203399502,0.19623676423907363,-0.00943222220507861
IAR-C2_minus_IAR4,diagnostic_400_500_nm,476.0,normal_5deg_DoLP,0.20319504341502306,0.21204369640704773,-0.00884865299202467
IAR-C2_minus_IAR4,diagnostic_400_500_nm,477.0,normal_5deg_DoLP,0.1738493054627588,0.17867685758731613,-0.004827552124557322
IAR-C2_minus_IAR4,diagnostic_400_500_nm,478.0,normal_5deg_DoLP,0.14948234732907842,0.15527564981941067,-0.005793302490332247
IAR-C2_minus_IAR4,diagnostic_400_500_nm,479.0,normal_5deg_DoLP,0.12910711575768039,0.13860948339471618,-0.009502367637035797
IAR-C2_minus_IAR4,diagnostic_400_500_nm,480.0,normal_5deg_DoLP,0.13838731114989955,0.11919666896844013,0.019190642181459425
IAR-C2_minus_IAR4,diagnostic_400_500_nm,481.0,normal_5deg_DoLP,0.18520447153671685,0.12924485648668407,0.055959615050032774
IAR-C2_minus_IAR4,diagnostic_400_500_nm,482.0,normal_5deg_DoLP,0.21527505061424423,0.15215931315206777,0.06311573746217647
IAR-C2_minus_IAR4,diagnostic_400_500_nm,483.0,normal_5deg_DoLP,0.2255162407837562,0.1677681982184706,0.057748042565285596
IAR-C2_minus_IAR4,diagnostic_400_500_nm,484.0,normal_5deg_DoLP,0.2317281405690741,0.18264401779227862,0.04908412277679547
IAR-C2_minus_IAR4,diagnostic_400_500_nm,485.0,normal_5deg_DoLP,0.2571014387423168,0.21743376404696982,0.03966767469534696
IAR-C2_minus_IAR4,diagnostic_400_500_nm,486.0,normal_5deg_DoLP,0.2942313596914198,0.27478998379493963,0.01944137589648015
IAR-C2_minus_IAR4,diagnostic_400_500_nm,487.0,normal_5deg_DoLP,0.3425533549670125,0.3465225268392932,-0.003969171872280686
IAR-C2_minus_IAR4,diagnostic_400_500_nm,488.0,normal_5deg_DoLP,0.2996473786618528,0.3155102839962118,-0.015862905334358968
IAR-C2_minus_IAR4,diagnostic_400_500_nm,489.0,normal_5deg_DoLP,0.25026500768793164,0.27617382443817806,-0.02590881675024642
IAR-C2_minus_IAR4,diagnostic_400_500_nm,490.0,normal_5deg_DoLP,0.25387833850996516,0.2939621048179661,-0.04008376630800092
IAR-C2_minus_IAR4,diagnostic_400_500_nm,491.0,normal_5deg_DoLP,0.42454271428982465,0.48602874219809405,-0.0614860279082694
IAR-C2_minus_IAR4,diagnostic_400_500_nm,492.0,normal_5deg_DoLP,0.4805312104041088,0.528352429554956,-0.047821219150847194
IAR-C2_minus_IAR4,diagnostic_400_500_nm,493.0,normal_5deg_DoLP,0.46296515986963255,0.5064305396429656,-0.043465379773333035
IAR-C2_minus_IAR4,diagnostic_400_500_nm,494.0,normal_5deg_DoLP,0.37091907831862553,0.4303454966118263,-0.05942641829320078
IAR-C2_minus_IAR4,diagnostic_400_500_nm,495.0,normal_5deg_DoLP,0.22533288429971338,0.31502766370962754,-0.08969477940991416
IAR-C2_minus_IAR4,diagnostic_400_500_nm,496.0,normal_5deg_DoLP,0.09633468189132763,0.1982196835664604,-0.10188500167513276
IAR-C2_minus_IAR4,diagnostic_400_500_nm,497.0,normal_5deg_DoLP,0.11706349201140005,0.10117723946223527,0.015886252549164787
IAR-C2_minus_IAR4,diagnostic_400_500_nm,498.0,normal_5deg_DoLP,0.25180652995957287,0.1062363404893318,0.14557018947024108
IAR-C2_minus_IAR4,diagnostic_400_500_nm,499.0,normal_5deg_DoLP,0.3135384655202088,0.19619338850583706,0.11734507701437175
IAR-C2_minus_IAR4,diagnostic_400_500_nm,500.0,normal_5deg_DoLP,0.25895385249175473,0.1736177150301645,0.08533613746159024
IAR-C2_minus_IAR4,diagnostic_400_500_nm,400.0,normal_10deg_DoLP,0.06770544371499806,0.03465267144814711,0.03305277226685095
IAR-C2_minus_IAR4,diagnostic_400_500_nm,401.0,normal_10deg_DoLP,0.11833046984498638,0.08115874108739456,0.037171728757591824
IAR-C2_minus_IAR4,diagnostic_400_500_nm,402.0,normal_10deg_DoLP,0.20739766904452048,0.16863085162229807,0.038766817422222405
IAR-C2_minus_IAR4,diagnostic_400_500_nm,403.0,normal_10deg_DoLP,0.25683479645876095,0.21347152321855756,0.04336327324020339
IAR-C2_minus_IAR4,diagnostic_400_500_nm,404.0,normal_10deg_DoLP,0.2512254935131806,0.23057721944681778,0.0206482740663628
IAR-C2_minus_IAR4,diagnostic_400_500_nm,405.0,normal_10deg_DoLP,0.23570214122161784,0.24576044831418586,-0.010058307092568025
IAR-C2_minus_IAR4,diagnostic_400_500_nm,406.0,normal_10deg_DoLP,0.29465136217608723,0.29531827367890573,-0.0006669115028185013
IAR-C2_minus_IAR4,diagnostic_400_500_nm,407.0,normal_10deg_DoLP,0.3380346232664675,0.3361540459147115,0.0018805773517560076
IAR-C2_minus_IAR4,diagnostic_400_500_nm,408.0,normal_10deg_DoLP,0.3692728466436685,0.35770927888361076,0.011563567760057736
IAR-C2_minus_IAR4,diagnostic_400_500_nm,409.0,normal_10deg_DoLP,0.3918195739482241,0.3883716095568661,0.0034479643913579716
IAR-C2_minus_IAR4,diagnostic_400_500_nm,410.0,normal_10deg_DoLP,0.4159670971162656,0.4159671462120688,-4.909580320067164e-08
IAR-C2_minus_IAR4,diagnostic_400_500_nm,411.0,normal_10deg_DoLP,0.41944288488331155,0.4187609642660299,0.0006819206172816727
IAR-C2_minus_IAR4,diagnostic_400_500_nm,412.0,normal_10deg_DoLP,0.3884883392760547,0.3831420211492547,0.005346318126799976
IAR-C2_minus_IAR4,diagnostic_400_500_nm,413.0,normal_10deg_DoLP,0.34880129130630005,0.3420212146052087,0.006780076701091375
IAR-C2_minus_IAR4,diagnostic_400_500_nm,414.0,normal_10deg_DoLP,0.29814288773904773,0.3009045157283415,-0.0027616279892937468
IAR-C2_minus_IAR4,diagnostic_400_500_nm,415.0,normal_10deg_DoLP,0.22735796184761278,0.2583537293130839,-0.03099576746547114
IAR-C2_minus_IAR4,diagnostic_400_500_nm,416.0,normal_10deg_DoLP,0.15551358177615024,0.1944771004120212,-0.03896351863587097
IAR-C2_minus_IAR4,diagnostic_400_500_nm,417.0,normal_10deg_DoLP,0.11028290516189695,0.12544801503634237,-0.015165109874445415
IAR-C2_minus_IAR4,diagnostic_400_500_nm,418.0,normal_10deg_DoLP,0.09380003370525966,0.09771021452970487,-0.003910180824445206
IAR-C2_minus_IAR4,diagnostic_400_500_nm,419.0,normal_10deg_DoLP,0.13773990365794872,0.13232117088950948,0.005418732768439238
IAR-C2_minus_IAR4,diagnostic_400_500_nm,420.0,normal_10deg_DoLP,0.17455778139665815,0.16177829875827535,0.0127794826383828
IAR-C2_minus_IAR4,diagnostic_400_500_nm,421.0,normal_10deg_DoLP,0.15960192957787248,0.15206417509298123,0.007537754484891246
IAR-C2_minus_IAR4,diagnostic_400_500_nm,422.0,normal_10deg_DoLP,0.15492842738726834,0.1437757705566944,0.011152656830573926
IAR-C2_minus_IAR4,diagnostic_400_500_nm,423.0,normal_10deg_DoLP,0.15154946524845064,0.14263438795365904,0.008915077294791601
IAR-C2_minus_IAR4,diagnostic_400_500_nm,424.0,normal_10deg_DoLP,0.14819500206128486,0.13725007812361498,0.010944923937669881
IAR-C2_minus_IAR4,diagnostic_400_500_nm,425.0,normal_10deg_DoLP,0.1474753522688719,0.13218887692079068,0.015286475348081224
IAR-C2_minus_IAR4,diagnostic_400_500_nm,426.0,normal_10deg_DoLP,0.13520171191986602,0.12162940112043259,0.013572310799433426
IAR-C2_minus_IAR4,diagnostic_400_500_nm,427.0,normal_10deg_DoLP,0.12621872240055995,0.1183816864661976,0.007837035934362357
IAR-C2_minus_IAR4,diagnostic_400_500_nm,428.0,normal_10deg_DoLP,0.04992544442846164,0.044517232563439944,0.005408211865021696
IAR-C2_minus_IAR4,diagnostic_400_500_nm,429.0,normal_10deg_DoLP,0.03944368873354367,0.0433788523955604,-0.003935163662016732
IAR-C2_minus_IAR4,diagnostic_400_500_nm,430.0,normal_10deg_DoLP,0.038669558209447806,0.0340263586053317,0.004643199604116105
IAR-C2_minus_IAR4,diagnostic_400_500_nm,431.0,normal_10deg_DoLP,0.0641828129172209,0.07350044112445765,-0.00931762820723675
IAR-C2_minus_IAR4,diagnostic_400_500_nm,432.0,normal_10deg_DoLP,0.07887933333448632,0.10650523179873903,-0.0276258984642527
IAR-C2_minus_IAR4,diagnostic_400_500_nm,433.0,normal_10deg_DoLP,0.07425622967819435,0.10879498155841401,-0.034538751880219654
IAR-C2_minus_IAR4,diagnostic_400_500_nm,434.0,normal_10deg_DoLP,0.01972706449345918,0.04816273932650132,-0.028435674833042143
IAR-C2_minus_IAR4,diagnostic_400_500_nm,435.0,normal_10deg_DoLP,0.033827697228601766,0.01676891977205435,0.017058777456547415
IAR-C2_minus_IAR4,diagnostic_400_500_nm,436.0,normal_10deg_DoLP,0.05615778857996539,0.07391238395645867,-0.017754595376493286
IAR-C2_minus_IAR4,diagnostic_400_500_nm,437.0,normal_10deg_DoLP,0.11031988912845794,0.09932872323356762,0.010991165894890326
IAR-C2_minus_IAR4,diagnostic_400_500_nm,438.0,normal_10deg_DoLP,0.13440517476831526,0.10927728231631713,0.025127892451998132
IAR-C2_minus_IAR4,diagnostic_400_500_nm,439.0,normal_10deg_DoLP,0.14403859392004525,0.1246760272207503,0.019362566699294953
IAR-C2_minus_IAR4,diagnostic_400_500_nm,440.0,normal_10deg_DoLP,0.13453962796449564,0.13356915523253104,0.0009704727319646
IAR-C2_minus_IAR4,diagnostic_400_500_nm,441.0,normal_10deg_DoLP,0.08276180369823392,0.0993615321014682,-0.016599728403234273
IAR-C2_minus_IAR4,diagnostic_400_500_nm,442.0,normal_10deg_DoLP,0.011337273000324482,0.03043817593463614,-0.01910090293431166
IAR-C2_minus_IAR4,diagnostic_400_500_nm,443.0,normal_10deg_DoLP,0.11379403311024298,0.07391401844345963,0.039880014666783356
IAR-C2_minus_IAR4,diagnostic_400_500_nm,444.0,normal_10deg_DoLP,0.17298881330929666,0.1321256697565822,0.040863143552714476
IAR-C2_minus_IAR4,diagnostic_400_500_nm,445.0,normal_10deg_DoLP,0.22385437366463234,0.18738731001209122,0.036467063652541126
IAR-C2_minus_IAR4,diagnostic_400_500_nm,446.0,normal_10deg_DoLP,0.2884668322505036,0.2659836044949624,0.022483227755541235
IAR-C2_minus_IAR4,diagnostic_400_500_nm,447.0,normal_10deg_DoLP,0.34009322694889815,0.3443911619432905,-0.0042979349943923495
IAR-C2_minus_IAR4,diagnostic_400_500_nm,448.0,normal_10deg_DoLP,0.3789726465971685,0.4155896922264058,-0.03661704562923729
IAR-C2_minus_IAR4,diagnostic_400_500_nm,449.0,normal_10deg_DoLP,0.403835348853794,0.4704102204003785,-0.06657487154658448
IAR-C2_minus_IAR4,diagnostic_400_500_nm,450.0,normal_10deg_DoLP,0.3992607376447969,0.4808387335528009,-0.08157799590800396
IAR-C2_minus_IAR4,diagnostic_400_500_nm,451.0,normal_10deg_DoLP,0.3871344313170236,0.47014761812673,-0.08301318680970643
IAR-C2_minus_IAR4,diagnostic_400_500_nm,452.0,normal_10deg_DoLP,0.3549920411401945,0.4295552458851449,-0.07456320474495037
IAR-C2_minus_IAR4,diagnostic_400_500_nm,453.0,normal_10deg_DoLP,0.2792724803576076,0.3412086076209004,-0.061936127263292784
IAR-C2_minus_IAR4,diagnostic_400_500_nm,454.0,normal_10deg_DoLP,0.17623510530529965,0.22644543241996748,-0.05021032711466783
IAR-C2_minus_IAR4,diagnostic_400_500_nm,455.0,normal_10deg_DoLP,0.09529269630738664,0.1377345687220264,-0.04244187241463977
IAR-C2_minus_IAR4,diagnostic_400_500_nm,456.0,normal_10deg_DoLP,0.03923517304595739,0.07636672812836734,-0.03713155508240995
IAR-C2_minus_IAR4,diagnostic_400_500_nm,457.0,normal_10deg_DoLP,0.022847831181925043,0.04178230327902323,-0.018934472097098184
IAR-C2_minus_IAR4,diagnostic_400_500_nm,458.0,normal_10deg_DoLP,0.04411626564187046,0.01785730560238718,0.026258960039483283
IAR-C2_minus_IAR4,diagnostic_400_500_nm,459.0,normal_10deg_DoLP,0.05906397494752975,0.0280681630728659,0.030995811874663846
IAR-C2_minus_IAR4,diagnostic_400_500_nm,460.0,normal_10deg_DoLP,0.06304736771185042,0.03896056691466447,0.024086800797185948
IAR-C2_minus_IAR4,diagnostic_400_500_nm,461.0,normal_10deg_DoLP,0.061095032491167336,0.04714524259364603,0.013949789897521304
IAR-C2_minus_IAR4,diagnostic_400_500_nm,462.0,normal_10deg_DoLP,0.0764274368230755,0.06552694275104143,0.01090049407203407
IAR-C2_minus_IAR4,diagnostic_400_500_nm,463.0,normal_10deg_DoLP,0.06507589369174913,0.05005992381856647,0.015015969873182655
IAR-C2_minus_IAR4,diagnostic_400_500_nm,464.0,normal_10deg_DoLP,0.05571724540501634,0.039440427543760655,0.016276817861255684
IAR-C2_minus_IAR4,diagnostic_400_500_nm,465.0,normal_10deg_DoLP,0.042090041100697084,0.029420961303165034,0.01266907979753205
IAR-C2_minus_IAR4,diagnostic_400_500_nm,466.0,normal_10deg_DoLP,0.03163450078420332,0.026673084243744646,0.0049614165404586776
IAR-C2_minus_IAR4,diagnostic_400_500_nm,467.0,normal_10deg_DoLP,0.0174272243719046,0.02134245485759388,-0.003915230485689283
IAR-C2_minus_IAR4,diagnostic_400_500_nm,468.0,normal_10deg_DoLP,0.023775072895196616,0.01962317308260731,0.004151899812589305
IAR-C2_minus_IAR4,diagnostic_400_500_nm,469.0,normal_10deg_DoLP,0.06560183227912672,0.055219858317356235,0.010381973961770485
IAR-C2_minus_IAR4,diagnostic_400_500_nm,470.0,normal_10deg_DoLP,0.0853068700645461,0.07363414700809577,0.011672723056450326
IAR-C2_minus_IAR4,diagnostic_400_500_nm,471.0,normal_10deg_DoLP,0.07651105846681233,0.06711107678926444,0.009399981677547894
IAR-C2_minus_IAR4,diagnostic_400_500_nm,472.0,normal_10deg_DoLP,0.061996798707226575,0.054540171951919535,0.00745662675530704
IAR-C2_minus_IAR4,diagnostic_400_500_nm,473.0,normal_10deg_DoLP,0.054324787980448944,0.04551573140068685,0.008809056579762095
IAR-C2_minus_IAR4,diagnostic_400_500_nm,474.0,normal_10deg_DoLP,0.07351926470040712,0.06235058567396177,0.011168679026445354
IAR-C2_minus_IAR4,diagnostic_400_500_nm,475.0,normal_10deg_DoLP,0.10584399793236547,0.09478540615796334,0.011058591774402132
IAR-C2_minus_IAR4,diagnostic_400_500_nm,476.0,normal_10deg_DoLP,0.10469546374409422,0.09370974004607714,0.010985723698017077
IAR-C2_minus_IAR4,diagnostic_400_500_nm,477.0,normal_10deg_DoLP,0.121298424393699,0.11719052733213874,0.00410789706156027
IAR-C2_minus_IAR4,diagnostic_400_500_nm,478.0,normal_10deg_DoLP,0.16782659079892095,0.1704775252809164,-0.0026509344819954372
IAR-C2_minus_IAR4,diagnostic_400_500_nm,479.0,normal_10deg_DoLP,0.1871427254866047,0.20078617312837235,-0.013643447641767642
IAR-C2_minus_IAR4,diagnostic_400_500_nm,480.0,normal_10deg_DoLP,0.16115825745151485,0.18814097211936212,-0.02698271466784727
IAR-C2_minus_IAR4,diagnostic_400_500_nm,481.0,normal_10deg_DoLP,0.10533520232756749,0.14146680074598741,-0.036131598418419925
IAR-C2_minus_IAR4,diagnostic_400_500_nm,482.0,normal_10deg_DoLP,0.04428635523146097,0.08318440523892641,-0.03889805000746544
IAR-C2_minus_IAR4,diagnostic_400_500_nm,483.0,normal_10deg_DoLP,0.020048637667514094,0.025402244388909694,-0.0053536067213956
IAR-C2_minus_IAR4,diagnostic_400_500_nm,484.0,normal_10deg_DoLP,0.07386594765262214,0.04036030289610217,0.033505644756519966
IAR-C2_minus_IAR4,diagnostic_400_500_nm,485.0,normal_10deg_DoLP,0.12849527447006046,0.09620388179449799,0.03229139267556247
IAR-C2_minus_IAR4,diagnostic_400_500_nm,486.0,normal_10deg_DoLP,0.1486533738981424,0.11881598162665727,0.02983739227148513
IAR-C2_minus_IAR4,diagnostic_400_500_nm,487.0,normal_10deg_DoLP,0.20914544081218767,0.190393381573374,0.01875205923881368
IAR-C2_minus_IAR4,diagnostic_400_500_nm,488.0,normal_10deg_DoLP,0.2231016950763913,0.21122988173504678,0.011871813341344517
IAR-C2_minus_IAR4,diagnostic_400_500_nm,489.0,normal_10deg_DoLP,0.23838449349195368,0.23331593905873077,0.005068554433222905
IAR-C2_minus_IAR4,diagnostic_400_500_nm,490.0,normal_10deg_DoLP,0.20781333526191942,0.21054213996955537,-0.002728804707635951
IAR-C2_minus_IAR4,diagnostic_400_500_nm,491.0,normal_10deg_DoLP,0.2770999931168147,0.2832579301426777,-0.006157937025862981
IAR-C2_minus_IAR4,diagnostic_400_500_nm,492.0,normal_10deg_DoLP,0.2972146178098065,0.3000514979262814,-0.0028368801164748714
IAR-C2_minus_IAR4,diagnostic_400_500_nm,493.0,normal_10deg_DoLP,0.2895726119364687,0.28986904331301716,-0.000296431376548445
IAR-C2_minus_IAR4,diagnostic_400_500_nm,494.0,normal_10deg_DoLP,0.261149375281682,0.26030422045472573,0.0008451548269562403
IAR-C2_minus_IAR4,diagnostic_400_500_nm,495.0,normal_10deg_DoLP,0.21953020943316756,0.21825435090488468,0.0012758585282828805
IAR-C2_minus_IAR4,diagnostic_400_500_nm,496.0,normal_10deg_DoLP,0.18333337654777562,0.18120965209458634,0.002123724453189285
IAR-C2_minus_IAR4,diagnostic_400_500_nm,497.0,normal_10deg_DoLP,0.1579548877710222,0.1546149775012709,0.003339910269751306
IAR-C2_minus_IAR4,diagnostic_400_500_nm,498.0,normal_10deg_DoLP,0.10772244380815738,0.10575008101880602,0.0019723627893513535
IAR-C2_minus_IAR4,diagnostic_400_500_nm,499.0,normal_10deg_DoLP,0.12500500609211512,0.11513838810913013,0.009866617982984993
IAR-C2_minus_IAR4,diagnostic_400_500_nm,500.0,normal_10deg_DoLP,0.19054956530989667,0.170386731510033,0.020162833799863666
IAR-C2_minus_IAR4,diagnostic_400_500_nm,400.0,normal_20deg_DoLP,0.10195030238580893,0.10922491100436185,-0.007274608618552919
IAR-C2_minus_IAR4,diagnostic_400_500_nm,401.0,normal_20deg_DoLP,0.06285973432303463,0.0843357543227569,-0.021476019999722276
IAR-C2_minus_IAR4,diagnostic_400_500_nm,402.0,normal_20deg_DoLP,0.032352880961691026,0.02689941044430148,0.005453470517389546
IAR-C2_minus_IAR4,diagnostic_400_500_nm,403.0,normal_20deg_DoLP,0.09309688721214171,0.06689700701681844,0.026199880195323266
IAR-C2_minus_IAR4,diagnostic_400_500_nm,404.0,normal_20deg_DoLP,0.10143285674663477,0.08548537331768831,0.01594748342894646
IAR-C2_minus_IAR4,diagnostic_400_500_nm,405.0,normal_20deg_DoLP,0.10536620859765351,0.09407100841678831,0.011295200180865203
IAR-C2_minus_IAR4,diagnostic_400_500_nm,406.0,normal_20deg_DoLP,0.14078905992823346,0.11695532902655167,0.023833730901681782
IAR-C2_minus_IAR4,diagnostic_400_500_nm,407.0,normal_20deg_DoLP,0.18957957848936863,0.17335243023172558,0.016227148257643043
IAR-C2_minus_IAR4,diagnostic_400_500_nm,408.0,normal_20deg_DoLP,0.23539072200633365,0.21921773478601794,0.01617298722031571
IAR-C2_minus_IAR4,diagnostic_400_500_nm,409.0,normal_20deg_DoLP,0.25969964099889686,0.25111842413122365,0.008581216867673214
IAR-C2_minus_IAR4,diagnostic_400_500_nm,410.0,normal_20deg_DoLP,0.2758315479879974,0.2726329515663777,0.003198596421619737
IAR-C2_minus_IAR4,diagnostic_400_500_nm,411.0,normal_20deg_DoLP,0.25502321786902543,0.25871575196890867,-0.003692534099883238
IAR-C2_minus_IAR4,diagnostic_400_500_nm,412.0,normal_20deg_DoLP,0.24201608880380396,0.24101440113652864,0.0010016876672753194
IAR-C2_minus_IAR4,diagnostic_400_500_nm,413.0,normal_20deg_DoLP,0.21903212200085556,0.20618653996227887,0.012845582038576692
IAR-C2_minus_IAR4,diagnostic_400_500_nm,414.0,normal_20deg_DoLP,0.1752082721010695,0.166147039583712,0.00906123251735752
IAR-C2_minus_IAR4,diagnostic_400_500_nm,415.0,normal_20deg_DoLP,0.11884523522575291,0.12733593534291182,-0.008490700117158911
IAR-C2_minus_IAR4,diagnostic_400_500_nm,416.0,normal_20deg_DoLP,0.08905961920852251,0.09688490642101477,-0.00782528721249226
IAR-C2_minus_IAR4,diagnostic_400_500_nm,417.0,normal_20deg_DoLP,0.04972097095114116,0.05166168466153632,-0.001940713710395156
IAR-C2_minus_IAR4,diagnostic_400_500_nm,418.0,normal_20deg_DoLP,0.028375196472743915,0.01705225100242951,0.011322945470314406
IAR-C2_minus_IAR4,diagnostic_400_500_nm,419.0,normal_20deg_DoLP,0.0173558519575968,0.0122503381728233,0.005105513784773499
IAR-C2_minus_IAR4,diagnostic_400_500_nm,420.0,normal_20deg_DoLP,0.028428004553670696,0.018198325639179804,0.010229678914490892
IAR-C2_minus_IAR4,diagnostic_400_500_nm,421.0,normal_20deg_DoLP,0.019463474169333105,0.01919868624070362,0.0002647879286294848
IAR-C2_minus_IAR4,diagnostic_400_500_nm,422.0,normal_20deg_DoLP,0.023100390432242997,0.02502113996637328,-0.0019207495341302845
IAR-C2_minus_IAR4,diagnostic_400_500_nm,423.0,normal_20deg_DoLP,0.029458552727216418,0.02986269059474985,-0.00040413786753343284
IAR-C2_minus_IAR4,diagnostic_400_500_nm,424.0,normal_20deg_DoLP,0.041919991235401154,0.035011623957625984,0.0069083672777751695
IAR-C2_minus_IAR4,diagnostic_400_500_nm,425.0,normal_20deg_DoLP,0.04078863443463919,0.03118241259856597,0.00960622183607322
IAR-C2_minus_IAR4,diagnostic_400_500_nm,426.0,normal_20deg_DoLP,0.03511868018475069,0.019740844222368832,0.015377835962381861
IAR-C2_minus_IAR4,diagnostic_400_500_nm,427.0,normal_20deg_DoLP,0.038382711226512864,0.024136677298974556,0.014246033927538308
IAR-C2_minus_IAR4,diagnostic_400_500_nm,428.0,normal_20deg_DoLP,0.02455765261604235,0.03921102773808085,-0.0146533751220385
IAR-C2_minus_IAR4,diagnostic_400_500_nm,429.0,normal_20deg_DoLP,0.04286246476920182,0.06505432257896934,-0.02219185780976752
IAR-C2_minus_IAR4,diagnostic_400_500_nm,430.0,normal_20deg_DoLP,0.04342358148198721,0.057872551510788454,-0.014448970028801245
IAR-C2_minus_IAR4,diagnostic_400_500_nm,431.0,normal_20deg_DoLP,0.032690812001238995,0.033212105333208765,-0.0005212933319697702
IAR-C2_minus_IAR4,diagnostic_400_500_nm,432.0,normal_20deg_DoLP,0.034450914087065576,0.026313659389880294,0.008137254697185282
IAR-C2_minus_IAR4,diagnostic_400_500_nm,433.0,normal_20deg_DoLP,0.07255620073866825,0.05854466517962687,0.014011535559041381
IAR-C2_minus_IAR4,diagnostic_400_500_nm,434.0,normal_20deg_DoLP,0.08763078925075736,0.07680825061820193,0.010822538632555431
IAR-C2_minus_IAR4,diagnostic_400_500_nm,435.0,normal_20deg_DoLP,0.13047729990917095,0.11773647716412315,0.0127408227450478
IAR-C2_minus_IAR4,diagnostic_400_500_nm,436.0,normal_20deg_DoLP,0.10171190730762322,0.08893710138247082,0.0127748059251524
IAR-C2_minus_IAR4,diagnostic_400_500_nm,437.0,normal_20deg_DoLP,0.08178586613239854,0.06712105631244095,0.014664809819957589
IAR-C2_minus_IAR4,diagnostic_400_500_nm,438.0,normal_20deg_DoLP,0.05994432096027693,0.04349192899744615,0.016452391962830777
IAR-C2_minus_IAR4,diagnostic_400_500_nm,439.0,normal_20deg_DoLP,0.04143066800947088,0.02183673822493302,0.019593929784537858
IAR-C2_minus_IAR4,diagnostic_400_500_nm,440.0,normal_20deg_DoLP,0.05356062088494044,0.026458993136000225,0.02710162774894021
IAR-C2_minus_IAR4,diagnostic_400_500_nm,441.0,normal_20deg_DoLP,0.07627078440490273,0.04118631122322011,0.03508447318168262
IAR-C2_minus_IAR4,diagnostic_400_500_nm,442.0,normal_20deg_DoLP,0.11565177146434302,0.07590266625400689,0.03974910521033613
IAR-C2_minus_IAR4,diagnostic_400_500_nm,443.0,normal_20deg_DoLP,0.18131775748665793,0.1459183856733997,0.035399371813258224
IAR-C2_minus_IAR4,diagnostic_400_500_nm,444.0,normal_20deg_DoLP,0.20885359758956112,0.180655594534841,0.028198003054720117
IAR-C2_minus_IAR4,diagnostic_400_500_nm,445.0,normal_20deg_DoLP,0.2294983741856624,0.21127525938056946,0.01822311480509295
IAR-C2_minus_IAR4,diagnostic_400_500_nm,446.0,normal_20deg_DoLP,0.2648951952451668,0.26129915288669475,0.0035960423584720513
IAR-C2_minus_IAR4,diagnostic_400_500_nm,447.0,normal_20deg_DoLP,0.28870260969349765,0.30367074870695066,-0.014968139013453008
IAR-C2_minus_IAR4,diagnostic_400_500_nm,448.0,normal_20deg_DoLP,0.31007049996485647,0.3407297072722251,-0.030659207307368652
IAR-C2_minus_IAR4,diagnostic_400_500_nm,449.0,normal_20deg_DoLP,0.32173140655341564,0.3615735564034063,-0.03984214984999068
IAR-C2_minus_IAR4,diagnostic_400_500_nm,450.0,normal_20deg_DoLP,0.30773205111366647,0.3445746078884999,-0.036842556774833446
IAR-C2_minus_IAR4,diagnostic_400_500_nm,451.0,normal_20deg_DoLP,0.2898973683459596,0.3170349634704309,-0.027137595124471336
IAR-C2_minus_IAR4,diagnostic_400_500_nm,452.0,normal_20deg_DoLP,0.24492579949388038,0.2578303270350813,-0.012904527541200916
IAR-C2_minus_IAR4,diagnostic_400_500_nm,453.0,normal_20deg_DoLP,0.18536967381518285,0.1828878617437038,0.002481812071479045
IAR-C2_minus_IAR4,diagnostic_400_500_nm,454.0,normal_20deg_DoLP,0.12436886829154019,0.11192386876146097,0.012444999530079215
IAR-C2_minus_IAR4,diagnostic_400_500_nm,455.0,normal_20deg_DoLP,0.0763072443912762,0.058315203646641174,0.017992040744635028
IAR-C2_minus_IAR4,diagnostic_400_500_nm,456.0,normal_20deg_DoLP,0.04717729659794466,0.028027572650948306,0.019149723946996353
IAR-C2_minus_IAR4,diagnostic_400_500_nm,457.0,normal_20deg_DoLP,0.026298153346229418,0.026247135093896704,5.101825233271365e-05
IAR-C2_minus_IAR4,diagnostic_400_500_nm,458.0,normal_20deg_DoLP,0.030785619170170104,0.054950310961143535,-0.02416469179097343
IAR-C2_minus_IAR4,diagnostic_400_500_nm,459.0,normal_20deg_DoLP,0.03184976246259905,0.05943282317519328,-0.027583060712594226
IAR-C2_minus_IAR4,diagnostic_400_500_nm,460.0,normal_20deg_DoLP,0.016677125901275514,0.039325637040566346,-0.022648511139290832
IAR-C2_minus_IAR4,diagnostic_400_500_nm,461.0,normal_20deg_DoLP,0.02345848828265675,0.0212376279135396,0.0022208603691171516
IAR-C2_minus_IAR4,diagnostic_400_500_nm,462.0,normal_20deg_DoLP,0.02062547589510706,0.019621851805951135,0.0010036240891559238
IAR-C2_minus_IAR4,diagnostic_400_500_nm,463.0,normal_20deg_DoLP,0.041494871081214454,0.028457432307569797,0.013037438773644657
IAR-C2_minus_IAR4,diagnostic_400_500_nm,464.0,normal_20deg_DoLP,0.04955430963838805,0.04091116348831594,0.008643146150072112
IAR-C2_minus_IAR4,diagnostic_400_500_nm,465.0,normal_20deg_DoLP,0.048493991576734084,0.039675111736207656,0.008818879840526428
IAR-C2_minus_IAR4,diagnostic_400_500_nm,466.0,normal_20deg_DoLP,0.05059258478485808,0.037182775785353644,0.013409808999504433
IAR-C2_minus_IAR4,diagnostic_400_500_nm,467.0,normal_20deg_DoLP,0.05476792679473521,0.038034670109674165,0.016733256685061045
IAR-C2_minus_IAR4,diagnostic_400_500_nm,468.0,normal_20deg_DoLP,0.06691325248908624,0.047775478670596117,0.01913777381849012
IAR-C2_minus_IAR4,diagnostic_400_500_nm,469.0,normal_20deg_DoLP,0.0843811248909004,0.06460705531721479,0.019774069573685604
IAR-C2_minus_IAR4,diagnostic_400_500_nm,470.0,normal_20deg_DoLP,0.1060136084065326,0.08726642934770085,0.018747179058831748
IAR-C2_minus_IAR4,diagnostic_400_500_nm,471.0,normal_20deg_DoLP,0.12752400869810684,0.11056645923751045,0.016957549460596397
IAR-C2_minus_IAR4,diagnostic_400_500_nm,472.0,normal_20deg_DoLP,0.14118011094890112,0.12668034095513742,0.014499769993763706
IAR-C2_minus_IAR4,diagnostic_400_500_nm,473.0,normal_20deg_DoLP,0.14106068408165956,0.12909221306697796,0.011968471014681598
IAR-C2_minus_IAR4,diagnostic_400_500_nm,474.0,normal_20deg_DoLP,0.14453910877266282,0.1337387588280562,0.01080034994460663
IAR-C2_minus_IAR4,diagnostic_400_500_nm,475.0,normal_20deg_DoLP,0.1429756999841433,0.13298236063738852,0.009993339346754782
IAR-C2_minus_IAR4,diagnostic_400_500_nm,476.0,normal_20deg_DoLP,0.1268459070797226,0.1171322643525964,0.009713642727126201
IAR-C2_minus_IAR4,diagnostic_400_500_nm,477.0,normal_20deg_DoLP,0.11307533096413343,0.10876694143947968,0.004308389524653747
IAR-C2_minus_IAR4,diagnostic_400_500_nm,478.0,normal_20deg_DoLP,0.10124622497227327,0.09827680703105285,0.002969417941220423
IAR-C2_minus_IAR4,diagnostic_400_500_nm,479.0,normal_20deg_DoLP,0.07360867607863124,0.07456365995653438,-0.0009549838779031455
IAR-C2_minus_IAR4,diagnostic_400_500_nm,480.0,normal_20deg_DoLP,0.034659325146229894,0.042167885288547674,-0.00750856014231778
IAR-C2_minus_IAR4,diagnostic_400_500_nm,481.0,normal_20deg_DoLP,0.008501606220407274,0.016446476956749338,-0.007944870736342063
IAR-C2_minus_IAR4,diagnostic_400_500_nm,482.0,normal_20deg_DoLP,0.039827688149855045,0.029787835992480676,0.010039852157374369
IAR-C2_minus_IAR4,diagnostic_400_500_nm,483.0,normal_20deg_DoLP,0.07281638564593024,0.06006286963520653,0.012753516010723706
IAR-C2_minus_IAR4,diagnostic_400_500_nm,484.0,normal_20deg_DoLP,0.10121212499072299,0.08901150687832791,0.012200618112395076
IAR-C2_minus_IAR4,diagnostic_400_500_nm,485.0,normal_20deg_DoLP,0.12055068672915606,0.11338873902792546,0.007161947701230603
IAR-C2_minus_IAR4,diagnostic_400_500_nm,486.0,normal_20deg_DoLP,0.12005708696208492,0.1193318147696179,0.0007252721924670136
IAR-C2_minus_IAR4,diagnostic_400_500_nm,487.0,normal_20deg_DoLP,0.1299782836116477,0.13258492047479095,-0.002606636863143247
IAR-C2_minus_IAR4,diagnostic_400_500_nm,488.0,normal_20deg_DoLP,0.1263284029095637,0.1366590819160303,-0.010330679006466587
IAR-C2_minus_IAR4,diagnostic_400_500_nm,489.0,normal_20deg_DoLP,0.13875578727337468,0.15421564585745684,-0.015459858584082165
IAR-C2_minus_IAR4,diagnostic_400_500_nm,490.0,normal_20deg_DoLP,0.10118805001793565,0.12144924504744317,-0.020261195029507517
IAR-C2_minus_IAR4,diagnostic_400_500_nm,491.0,normal_20deg_DoLP,0.12589644982948364,0.14758802517760106,-0.021691575348117415
IAR-C2_minus_IAR4,diagnostic_400_500_nm,492.0,normal_20deg_DoLP,0.14709067949067897,0.168194490704317,-0.021103811213638024
IAR-C2_minus_IAR4,diagnostic_400_500_nm,493.0,normal_20deg_DoLP,0.14563867347881526,0.1673236129316194,-0.02168493945280414
IAR-C2_minus_IAR4,diagnostic_400_500_nm,494.0,normal_20deg_DoLP,0.128219590702858,0.15069691156639808,-0.022477320863540096
IAR-C2_minus_IAR4,diagnostic_400_500_nm,495.0,normal_20deg_DoLP,0.10442722836360066,0.12702749510480452,-0.022600266741203856
IAR-C2_minus_IAR4,diagnostic_400_500_nm,496.0,normal_20deg_DoLP,0.08487239510877498,0.10707321029869238,-0.0222008151899174
IAR-C2_minus_IAR4,diagnostic_400_500_nm,497.0,normal_20deg_DoLP,0.06990961970539367,0.09213433629737533,-0.022224716591981664
IAR-C2_minus_IAR4,diagnostic_400_500_nm,498.0,normal_20deg_DoLP,0.027463359869551257,0.05391418726072625,-0.02645082739117499
IAR-C2_minus_IAR4,diagnostic_400_500_nm,499.0,normal_20deg_DoLP,0.034678132623134336,0.06127182239615294,-0.026593689773018604
IAR-C2_minus_IAR4,diagnostic_400_500_nm,500.0,normal_20deg_DoLP,0.07221069617028932,0.09331535853432756,-0.02110466236403824
IAR-C2-OC80_minus_IAR4,exact_450_nm,450.0,DoLP_pair,0.06311605829309251,0.05357583763829356,0.009540220654798953
IAR-C2-OC80_minus_IAR4,exact_450_nm,450.0,C_source,0.15779717827861017,0.1271278142890803,0.03066936398952988
IAR-C2-OC80_minus_IAR4,exact_450_nm,450.0,C_angular,0.11063189965254655,0.10519642518941018,0.005435474463136372
IAR-C2-OC80_minus_IAR4,exact_450_nm,450.0,full_angle_pair_DoLP,0.06982656553943821,0.06681942660240957,0.0030071389370286417
IAR-C2-OC80_minus_IAR4,exact_450_nm,450.0,upward_source_normalized_power_pair,0.007426853480693007,0.007393072471433242,3.378100925976492e-05
IAR-C2-OC80_minus_IAR4,exact_450_nm,450.0,useful_LP_axisfree_pair,1.9502723797637547,1.9382879676128872,0.01198441215086743
IAR-C2-OC80_minus_IAR4,exact_450_nm,450.0,useful_LP_over_S0_pair,0.5315580291465463,0.5267879188191468,0.0047701103273994905
IAR-C2-OC80_minus_IAR4,exact_450_nm,450.0,normal_5deg_DoLP,0.20368996486265184,0.11995391370452343,0.0837360511581284
IAR-C2-OC80_minus_IAR4,exact_450_nm,450.0,normal_10deg_DoLP,0.3795214904299401,0.4808387335528009,-0.10131724312286078
IAR-C2-OC80_minus_IAR4,exact_450_nm,450.0,normal_20deg_DoLP,0.2974723358212731,0.3445746078884999,-0.047102272067226836
IAR-C2-OC80_minus_IAR4,diagnostic_445_455_nm,445.0,DoLP_pair,0.039054706925404185,0.03208598168130731,0.006968725244096877
IAR-C2-OC80_minus_IAR4,diagnostic_445_455_nm,446.0,DoLP_pair,0.04095841824083555,0.03307614944954519,0.007882268791290357
IAR-C2-OC80_minus_IAR4,diagnostic_445_455_nm,447.0,DoLP_pair,0.0446235649733852,0.03563030749042969,0.008993257482955513
IAR-C2-OC80_minus_IAR4,diagnostic_445_455_nm,448.0,DoLP_pair,0.053761651944058464,0.0425372515263902,0.011224400417668264
IAR-C2-OC80_minus_IAR4,diagnostic_445_455_nm,449.0,DoLP_pair,0.06168684753040191,0.05016850464583051,0.011518342884571403
IAR-C2-OC80_minus_IAR4,diagnostic_445_455_nm,450.0,DoLP_pair,0.06311605829309251,0.05357583763829356,0.009540220654798953
IAR-C2-OC80_minus_IAR4,diagnostic_445_455_nm,451.0,DoLP_pair,0.06665013914903957,0.05827399383282206,0.008376145316217512
IAR-C2-OC80_minus_IAR4,diagnostic_445_455_nm,452.0,DoLP_pair,0.06885600945531842,0.05715681970393245,0.011699189751385966
IAR-C2-OC80_minus_IAR4,diagnostic_445_455_nm,453.0,DoLP_pair,0.054539993110951986,0.040244205790712376,0.01429578732023961
IAR-C2-OC80_minus_IAR4,diagnostic_445_455_nm,454.0,DoLP_pair,0.03348809600827498,0.026962726513202244,0.006525369495072736
IAR-C2-OC80_minus_IAR4,diagnostic_445_455_nm,455.0,DoLP_pair,0.023115692218892696,0.025033491648169065,-0.0019177994292763692
IAR-C2-OC80_minus_IAR4,diagnostic_445_455_nm,445.0,C_source,0.0896688817547337,0.07023450443341486,0.019434377321318835
IAR-C2-OC80_minus_IAR4,diagnostic_445_455_nm,446.0,C_source,0.09402225153852252,0.07172202771192641,0.022300223826596105
IAR-C2-OC80_minus_IAR4,diagnostic_445_455_nm,447.0,C_source,0.10397930659323017,0.07784664368822163,0.02613266290500854
IAR-C2-OC80_minus_IAR4,diagnostic_445_455_nm,448.0,C_source,0.12754768565075447,0.09452004973534096,0.03302763591541351
IAR-C2-OC80_minus_IAR4,diagnostic_445_455_nm,449.0,C_source,0.15066259072851015,0.11532107542494623,0.03534151530356393
IAR-C2-OC80_minus_IAR4,diagnostic_445_455_nm,450.0,C_source,0.15779717827861017,0.1271278142890803,0.03066936398952988
IAR-C2-OC80_minus_IAR4,diagnostic_445_455_nm,451.0,C_source,0.17204346081328892,0.1436217512300873,0.028421709583201615
IAR-C2-OC80_minus_IAR4,diagnostic_445_455_nm,452.0,C_source,0.1842292140648778,0.14673897492298915,0.03749023914188865
IAR-C2-OC80_minus_IAR4,diagnostic_445_455_nm,453.0,C_source,0.15116219257377927,0.10723345493804623,0.043928737635733045
IAR-C2-OC80_minus_IAR4,diagnostic_445_455_nm,454.0,C_source,0.096208011510536,0.07485795976834932,0.021350051742186682
IAR-C2-OC80_minus_IAR4,diagnostic_445_455_nm,455.0,C_source,0.06854331965723126,0.07240022516096882,-0.0038569055037375594
IAR-C2-OC80_minus_IAR4,diagnostic_445_455_nm,445.0,C_angular,0.04690238791132256,0.04871661144666902,-0.0018142235353464584
IAR-C2-OC80_minus_IAR4,diagnostic_445_455_nm,446.0,C_angular,0.05071873124560078,0.041590383652985466,0.009128347592615313
IAR-C2-OC80_minus_IAR4,diagnostic_445_455_nm,447.0,C_angular,0.06984848264433734,0.056789504001769145,0.013058978642568192
IAR-C2-OC80_minus_IAR4,diagnostic_445_455_nm,448.0,C_angular,0.08795302359095332,0.07769341404130273,0.010259609549650592
IAR-C2-OC80_minus_IAR4,diagnostic_445_455_nm,449.0,C_angular,0.10631624719098727,0.09892300734368684,0.007393239847300434
IAR-C2-OC80_minus_IAR4,diagnostic_445_455_nm,450.0,C_angular,0.11063189965254655,0.10519642518941018,0.005435474463136372
IAR-C2-OC80_minus_IAR4,diagnostic_445_455_nm,451.0,C_angular,0.10641428752370886,0.10040627550092285,0.006008012022786016
IAR-C2-OC80_minus_IAR4,diagnostic_445_455_nm,452.0,C_angular,0.09127452279968393,0.08029325125402066,0.010981271545663265
IAR-C2-OC80_minus_IAR4,diagnostic_445_455_nm,453.0,C_angular,0.05602174160191209,0.040695754870478044,0.015325986731434045
IAR-C2-OC80_minus_IAR4,diagnostic_445_455_nm,454.0,C_angular,0.016213160191408584,0.02467219390828557,-0.008459033716876986
IAR-C2-OC80_minus_IAR4,diagnostic_445_455_nm,455.0,C_angular,0.03053255772211445,0.049432590382721034,-0.018900032660606584
IAR-C2-OC80_minus_IAR4,diagnostic_445_455_nm,445.0,full_angle_pair_DoLP,0.0290842881118313,0.029672965171431538,-0.0005886770596002372
IAR-C2-OC80_minus_IAR4,diagnostic_445_455_nm,446.0,full_angle_pair_DoLP,0.03156944129374366,0.025462916104264013,0.006106525189479645
IAR-C2-OC80_minus_IAR4,diagnostic_445_455_nm,447.0,full_angle_pair_DoLP,0.043386028369893845,0.03481750368993933,0.008568524679954517
IAR-C2-OC80_minus_IAR4,diagnostic_445_455_nm,448.0,full_angle_pair_DoLP,0.0547501736070052,0.04815479257772743,0.006595381029277772
IAR-C2-OC80_minus_IAR4,diagnostic_445_455_nm,449.0,full_angle_pair_DoLP,0.06655938195006475,0.06222418333307477,0.004335198616989978
IAR-C2-OC80_minus_IAR4,diagnostic_445_455_nm,450.0,full_angle_pair_DoLP,0.06982656553943821,0.06681942660240957,0.0030071389370286417
IAR-C2-OC80_minus_IAR4,diagnostic_445_455_nm,451.0,full_angle_pair_DoLP,0.06849192925122652,0.06475729722983906,0.003734632021387463
IAR-C2-OC80_minus_IAR4,diagnostic_445_455_nm,452.0,full_angle_pair_DoLP,0.05952344856378938,0.05256001873199489,0.0069634298317944945
IAR-C2-OC80_minus_IAR4,diagnostic_445_455_nm,453.0,full_angle_pair_DoLP,0.03660971235128121,0.026719490367337395,0.009890221983943813
IAR-C2-OC80_minus_IAR4,diagnostic_445_455_nm,454.0,full_angle_pair_DoLP,0.01047161924572481,0.01595793498281277,-0.005486315737087959
IAR-C2-OC80_minus_IAR4,diagnostic_445_455_nm,455.0,full_angle_pair_DoLP,0.019504726168573065,0.03158318160156051,-0.012078455432987446
IAR-C2-OC80_minus_IAR4,diagnostic_445_455_nm,445.0,upward_source_normalized_power_pair,0.00834490951738509,0.008315761866299376,2.9147651085715057e-05
IAR-C2-OC80_minus_IAR4,diagnostic_445_455_nm,446.0,upward_source_normalized_power_pair,0.008329300465220957,0.00828193823434768,4.736223087327754e-05
IAR-C2-OC80_minus_IAR4,diagnostic_445_455_nm,447.0,upward_source_normalized_power_pair,0.008244856975453022,0.00818392968921463,6.0927286238392914e-05
IAR-C2-OC80_minus_IAR4,diagnostic_445_455_nm,448.0,upward_source_normalized_power_pair,0.00798528678673836,0.007917574291919019,6.771249481934104e-05
IAR-C2-OC80_minus_IAR4,diagnostic_445_455_nm,449.0,upward_source_normalized_power_pair,0.007715220138713043,0.0076605520602021655,5.466807851087739e-05
IAR-C2-OC80_minus_IAR4,diagnostic_445_455_nm,450.0,upward_source_normalized_power_pair,0.007426853480693007,0.007393072471433242,3.378100925976492e-05
IAR-C2-OC80_minus_IAR4,diagnostic_445_455_nm,451.0,upward_source_normalized_power_pair,0.007153624604684496,0.00713216281050681,2.1461794177685817e-05
IAR-C2-OC80_minus_IAR4,diagnostic_445_455_nm,452.0,upward_source_normalized_power_pair,0.0068877751271965056,0.006863961843069178,2.38132841273277e-05
IAR-C2-OC80_minus_IAR4,diagnostic_445_455_nm,453.0,upward_source_normalized_power_pair,0.006729384821704147,0.006710700452697591,1.868436900655593e-05
IAR-C2-OC80_minus_IAR4,diagnostic_445_455_nm,454.0,upward_source_normalized_power_pair,0.006602215466035457,0.0065866576983300285,1.555776770542812e-05
IAR-C2-OC80_minus_IAR4,diagnostic_445_455_nm,455.0,upward_source_normalized_power_pair,0.006606816269671472,0.006596376086013251,1.0440183658221025e-05
IAR-C2-OC80_minus_IAR4,diagnostic_445_455_nm,445.0,useful_LP_axisfree_pair,2.1962819469690995,2.1927830774397576,0.0034988695293418637
IAR-C2-OC80_minus_IAR4,diagnostic_445_455_nm,446.0,useful_LP_axisfree_pair,2.1901468072864887,2.185940295616171,0.004206511670317603
IAR-C2-OC80_minus_IAR4,diagnostic_445_455_nm,447.0,useful_LP_axisfree_pair,2.1614890570374534,2.1521516066126227,0.009337450424830696
IAR-C2-OC80_minus_IAR4,diagnostic_445_455_nm,448.0,useful_LP_axisfree_pair,2.1125751940059674,2.0986624358504407,0.013912758155526728
IAR-C2-OC80_minus_IAR4,diagnostic_445_455_nm,449.0,useful_LP_axisfree_pair,2.0421047282675078,2.0279115478466125,0.014193180420895235
IAR-C2-OC80_minus_IAR4,diagnostic_445_455_nm,450.0,useful_LP_axisfree_pair,1.9502723797637547,1.9382879676128872,0.01198441215086743
IAR-C2-OC80_minus_IAR4,diagnostic_445_455_nm,451.0,useful_LP_axisfree_pair,1.8653627765806495,1.8505409808653046,0.014821795715344921
IAR-C2-OC80_minus_IAR4,diagnostic_445_455_nm,452.0,useful_LP_axisfree_pair,1.7875929926320266,1.7633638040706452,0.024229188561381454
IAR-C2-OC80_minus_IAR4,diagnostic_445_455_nm,453.0,useful_LP_axisfree_pair,1.7033170568446083,1.6793629596619797,0.023954097182628642
IAR-C2-OC80_minus_IAR4,diagnostic_445_455_nm,454.0,useful_LP_axisfree_pair,1.620737065922613,1.6145051092095335,0.006231956713079523
IAR-C2-OC80_minus_IAR4,diagnostic_445_455_nm,455.0,useful_LP_axisfree_pair,1.5974774564542993,1.6090355183414033,-0.011558061887104065
IAR-C2-OC80_minus_IAR4,diagnostic_445_455_nm,445.0,useful_LP_over_S0_pair,0.5195273534627021,0.5160429908406536,0.0034843626220484314
IAR-C2-OC80_minus_IAR4,diagnostic_445_455_nm,446.0,useful_LP_over_S0_pair,0.5204792091204178,0.5165380747247726,0.0039411343956451406
IAR-C2-OC80_minus_IAR4,diagnostic_445_455_nm,447.0,useful_LP_over_S0_pair,0.5223117824866926,0.5178151537452148,0.004496628741477826
IAR-C2-OC80_minus_IAR4,diagnostic_445_455_nm,448.0,useful_LP_over_S0_pair,0.5268808259720292,0.5212686257631951,0.005612200208834128
IAR-C2-OC80_minus_IAR4,diagnostic_445_455_nm,449.0,useful_LP_over_S0_pair,0.530843423765201,0.5250842523229152,0.005759171442285771
IAR-C2-OC80_minus_IAR4,diagnostic_445_455_nm,450.0,useful_LP_over_S0_pair,0.5315580291465463,0.5267879188191468,0.0047701103273994905
IAR-C2-OC80_minus_IAR4,diagnostic_445_455_nm,451.0,useful_LP_over_S0_pair,0.5333250695745198,0.529136996916411,0.004188072658108721
IAR-C2-OC80_minus_IAR4,diagnostic_445_455_nm,452.0,useful_LP_over_S0_pair,0.5344280047276592,0.5285784098519662,0.005849594875692921
IAR-C2-OC80_minus_IAR4,diagnostic_445_455_nm,453.0,useful_LP_over_S0_pair,0.527269996555476,0.5201221028953562,0.007147893660119808
IAR-C2-OC80_minus_IAR4,diagnostic_445_455_nm,454.0,useful_LP_over_S0_pair,0.5167440480041375,0.5134813632566011,0.0032626847475364373
IAR-C2-OC80_minus_IAR4,diagnostic_445_455_nm,455.0,useful_LP_over_S0_pair,0.5115578461094463,0.5125167458240846,-0.0009588997146382505
IAR-C2-OC80_minus_IAR4,diagnostic_445_455_nm,445.0,normal_5deg_DoLP,0.4033282205570744,0.3860043161249162,0.0173239044321582
IAR-C2-OC80_minus_IAR4,diagnostic_445_455_nm,446.0,normal_5deg_DoLP,0.3313874776331376,0.2808869157747919,0.05050056185834567
IAR-C2-OC80_minus_IAR4,diagnostic_445_455_nm,447.0,normal_5deg_DoLP,0.272007685518208,0.1833121920697957,0.08869549344841227
IAR-C2-OC80_minus_IAR4,diagnostic_445_455_nm,448.0,normal_5deg_DoLP,0.24124528764781464,0.15907367401756672,0.08217161363024791
IAR-C2-OC80_minus_IAR4,diagnostic_445_455_nm,449.0,normal_5deg_DoLP,0.20409097540209414,0.15889992652138205,0.0451910488807121
IAR-C2-OC80_minus_IAR4,diagnostic_445_455_nm,450.0,normal_5deg_DoLP,0.20368996486265184,0.11995391370452343,0.0837360511581284
IAR-C2-OC80_minus_IAR4,diagnostic_445_455_nm,451.0,normal_5deg_DoLP,0.28915430021913324,0.15402880631824978,0.13512549390088346
IAR-C2-OC80_minus_IAR4,diagnostic_445_455_nm,452.0,normal_5deg_DoLP,0.45214362552946846,0.3469667590799327,0.10517686644953578
IAR-C2-OC80_minus_IAR4,diagnostic_445_455_nm,453.0,normal_5deg_DoLP,0.6989985647198712,0.6569398917554138,0.04205867296445742
IAR-C2-OC80_minus_IAR4,diagnostic_445_455_nm,454.0,normal_5deg_DoLP,0.8115475500530742,0.7985125005828209,0.013035049470253357
IAR-C2-OC80_minus_IAR4,diagnostic_445_455_nm,455.0,normal_5deg_DoLP,0.8377324078936764,0.8365956323477141,0.0011367755459623652
IAR-C2-OC80_minus_IAR4,diagnostic_445_455_nm,445.0,normal_10deg_DoLP,0.21928723128440222,0.18738731001209122,0.031899921272311005
IAR-C2-OC80_minus_IAR4,diagnostic_445_455_nm,446.0,normal_10deg_DoLP,0.2821852031049671,0.2659836044949624,0.016201598610004697
IAR-C2-OC80_minus_IAR4,diagnostic_445_455_nm,447.0,normal_10deg_DoLP,0.3307108546145004,0.3443911619432905,-0.013680307328790109
IAR-C2-OC80_minus_IAR4,diagnostic_445_455_nm,448.0,normal_10deg_DoLP,0.36473509185509767,0.4155896922264058,-0.05085460037130812
IAR-C2-OC80_minus_IAR4,diagnostic_445_455_nm,449.0,normal_10deg_DoLP,0.38570359137520316,0.4704102204003785,-0.08470662902517534
IAR-C2-OC80_minus_IAR4,diagnostic_445_455_nm,450.0,normal_10deg_DoLP,0.3795214904299401,0.4808387335528009,-0.10131724312286078
IAR-C2-OC80_minus_IAR4,diagnostic_445_455_nm,451.0,normal_10deg_DoLP,0.36756481238750516,0.47014761812673,-0.10258280573922485
IAR-C2-OC80_minus_IAR4,diagnostic_445_455_nm,452.0,normal_10deg_DoLP,0.33766163065246896,0.4295552458851449,-0.09189361523267592
IAR-C2-OC80_minus_IAR4,diagnostic_445_455_nm,453.0,normal_10deg_DoLP,0.2667820437512527,0.3412086076209004,-0.07442656386964769
IAR-C2-OC80_minus_IAR4,diagnostic_445_455_nm,454.0,normal_10deg_DoLP,0.17014582619861596,0.22644543241996748,-0.05629960622135152
IAR-C2-OC80_minus_IAR4,diagnostic_445_455_nm,455.0,normal_10deg_DoLP,0.09676447833028709,0.1377345687220264,-0.04097009039173932
IAR-C2-OC80_minus_IAR4,diagnostic_445_455_nm,445.0,normal_20deg_DoLP,0.22862590861997856,0.21127525938056946,0.0173506492394091
IAR-C2-OC80_minus_IAR4,diagnostic_445_455_nm,446.0,normal_20deg_DoLP,0.26126806748628606,0.26129915288669475,-3.1085400408692454e-05
IAR-C2-OC80_minus_IAR4,diagnostic_445_455_nm,447.0,normal_20deg_DoLP,0.2819930963804205,0.30367074870695066,-0.021677652326530128
IAR-C2-OC80_minus_IAR4,diagnostic_445_455_nm,448.0,normal_20deg_DoLP,0.3007145134776332,0.3407297072722251,-0.0400151937945919
IAR-C2-OC80_minus_IAR4,diagnostic_445_455_nm,449.0,normal_20deg_DoLP,0.3114623554397475,0.3615735564034063,-0.05011120096365884
IAR-C2-OC80_minus_IAR4,diagnostic_445_455_nm,450.0,normal_20deg_DoLP,0.2974723358212731,0.3445746078884999,-0.047102272067226836
IAR-C2-OC80_minus_IAR4,diagnostic_445_455_nm,451.0,normal_20deg_DoLP,0.28063779151954,0.3170349634704309,-0.03639717195089093
IAR-C2-OC80_minus_IAR4,diagnostic_445_455_nm,452.0,normal_20deg_DoLP,0.2385651992117591,0.2578303270350813,-0.01926512782332221
IAR-C2-OC80_minus_IAR4,diagnostic_445_455_nm,453.0,normal_20deg_DoLP,0.18369884106225937,0.1828878617437038,0.0008109793185555603
IAR-C2-OC80_minus_IAR4,diagnostic_445_455_nm,454.0,normal_20deg_DoLP,0.1270414525927907,0.11192386876146097,0.015117583831329731
IAR-C2-OC80_minus_IAR4,diagnostic_445_455_nm,455.0,normal_20deg_DoLP,0.08276098972211483,0.058315203646641174,0.02444578607547366
IAR-C2-OC80_minus_IAR4,diagnostic_400_500_nm,400.0,DoLP_pair,0.07565806802348571,0.06780419886061406,0.007853869162871646
IAR-C2-OC80_minus_IAR4,diagnostic_400_500_nm,401.0,DoLP_pair,0.05913289324871769,0.04916157569874554,0.009971317549972152
IAR-C2-OC80_minus_IAR4,diagnostic_400_500_nm,402.0,DoLP_pair,0.03706919359838275,0.030323877050929607,0.0067453165474531465
IAR-C2-OC80_minus_IAR4,diagnostic_400_500_nm,403.0,DoLP_pair,0.008158445516640928,0.00336338151268037,0.004795064003960558
IAR-C2-OC80_minus_IAR4,diagnostic_400_500_nm,404.0,DoLP_pair,0.013380825408075116,0.01420865970055397,-0.0008278342924788532
IAR-C2-OC80_minus_IAR4,diagnostic_400_500_nm,405.0,DoLP_pair,0.017026442964760934,0.007373778045734113,0.009652664919026822
IAR-C2-OC80_minus_IAR4,diagnostic_400_500_nm,406.0,DoLP_pair,0.026845454559784696,0.01115720674741257,0.015688247812372123
IAR-C2-OC80_minus_IAR4,diagnostic_400_500_nm,407.0,DoLP_pair,0.05853512273215038,0.05481595771934642,0.003719165012803956
IAR-C2-OC80_minus_IAR4,diagnostic_400_500_nm,408.0,DoLP_pair,0.08478848225472035,0.07946769891919246,0.005320783335527893
IAR-C2-OC80_minus_IAR4,diagnostic_400_500_nm,409.0,DoLP_pair,0.07752511000932323,0.07481241950088127,0.002712690508441959
IAR-C2-OC80_minus_IAR4,diagnostic_400_500_nm,410.0,DoLP_pair,0.057330293235461724,0.059450602322149354,-0.00212030908668763
IAR-C2-OC80_minus_IAR4,diagnostic_400_500_nm,411.0,DoLP_pair,0.03309561888172846,0.03648806198225567,-0.0033924431005272065
IAR-C2-OC80_minus_IAR4,diagnostic_400_500_nm,412.0,DoLP_pair,0.03493132929190278,0.0416609669660963,-0.006729637674193524
IAR-C2-OC80_minus_IAR4,diagnostic_400_500_nm,413.0,DoLP_pair,0.01802843406772421,0.03323434663280869,-0.015205912565084481
IAR-C2-OC80_minus_IAR4,diagnostic_400_500_nm,414.0,DoLP_pair,0.018530272314782666,0.006255374718982274,0.012274897595800392
IAR-C2-OC80_minus_IAR4,diagnostic_400_500_nm,415.0,DoLP_pair,0.052071269657825776,0.03158955962611067,0.020481710031715103
IAR-C2-OC80_minus_IAR4,diagnostic_400_500_nm,416.0,DoLP_pair,0.056031152246563694,0.039789598429316286,0.016241553817247407
IAR-C2-OC80_minus_IAR4,diagnostic_400_500_nm,417.0,DoLP_pair,0.0747681112929257,0.06623244159214664,0.008535669700779056
IAR-C2-OC80_minus_IAR4,diagnostic_400_500_nm,418.0,DoLP_pair,0.08002578915667648,0.07430869174278429,0.005717097413892189
IAR-C2-OC80_minus_IAR4,diagnostic_400_500_nm,419.0,DoLP_pair,0.04991209716134591,0.04088631590551695,0.009025781255828959
IAR-C2-OC80_minus_IAR4,diagnostic_400_500_nm,420.0,DoLP_pair,0.023588120361001014,0.01978934355900818,0.0037987768019928335
IAR-C2-OC80_minus_IAR4,diagnostic_400_500_nm,421.0,DoLP_pair,0.022238365833974528,0.0363677072129861,-0.014129341379011572
IAR-C2-OC80_minus_IAR4,diagnostic_400_500_nm,422.0,DoLP_pair,0.02456765781590919,0.044025689681473835,-0.019458031865564645
IAR-C2-OC80_minus_IAR4,diagnostic_400_500_nm,423.0,DoLP_pair,0.02174831030603229,0.04022215264251597,-0.01847384233648368
IAR-C2-OC80_minus_IAR4,diagnostic_400_500_nm,424.0,DoLP_pair,0.016930149249734065,0.03334179861192331,-0.016411649362189244
IAR-C2-OC80_minus_IAR4,diagnostic_400_500_nm,425.0,DoLP_pair,0.010962124521364856,0.02440271414077362,-0.013440589619408765
IAR-C2-OC80_minus_IAR4,diagnostic_400_500_nm,426.0,DoLP_pair,0.00862243076900156,0.019976454608588174,-0.011354023839586613
IAR-C2-OC80_minus_IAR4,diagnostic_400_500_nm,427.0,DoLP_pair,0.018429345011512485,0.023622000004434672,-0.005192654992922187
IAR-C2-OC80_minus_IAR4,diagnostic_400_500_nm,428.0,DoLP_pair,0.019577402412438653,0.01627140415825873,0.0033059982541799246
IAR-C2-OC80_minus_IAR4,diagnostic_400_500_nm,429.0,DoLP_pair,0.01644297351914674,0.006006656530498809,0.01043631698864793
IAR-C2-OC80_minus_IAR4,diagnostic_400_500_nm,430.0,DoLP_pair,0.01335840424694333,0.01067460598645957,0.002683798260483759
IAR-C2-OC80_minus_IAR4,diagnostic_400_500_nm,431.0,DoLP_pair,0.012514337085771262,0.0058842788519221185,0.0066300582338491435
IAR-C2-OC80_minus_IAR4,diagnostic_400_500_nm,432.0,DoLP_pair,0.026171107013424656,0.019701045142929842,0.006470061870494814
IAR-C2-OC80_minus_IAR4,diagnostic_400_500_nm,433.0,DoLP_pair,0.0339575510832279,0.024674309577306635,0.009283241505921264
IAR-C2-OC80_minus_IAR4,diagnostic_400_500_nm,434.0,DoLP_pair,0.03622748116773177,0.02323326768523098,0.01299421348250079
IAR-C2-OC80_minus_IAR4,diagnostic_400_500_nm,435.0,DoLP_pair,0.02892315160347572,0.013822525301527406,0.015100626301948313
IAR-C2-OC80_minus_IAR4,diagnostic_400_500_nm,436.0,DoLP_pair,0.03859539218444471,0.02711854680856272,0.011476845375881988
IAR-C2-OC80_minus_IAR4,diagnostic_400_500_nm,437.0,DoLP_pair,0.04993524870405844,0.041318825824148954,0.008616422879909484
IAR-C2-OC80_minus_IAR4,diagnostic_400_500_nm,438.0,DoLP_pair,0.06949155241574007,0.05734463635766614,0.012146916058073928
IAR-C2-OC80_minus_IAR4,diagnostic_400_500_nm,439.0,DoLP_pair,0.08004006614307912,0.0688040284766146,0.011236037666464527
IAR-C2-OC80_minus_IAR4,diagnostic_400_500_nm,440.0,DoLP_pair,0.07925588853175967,0.07337781372659369,0.0058780748051659865
IAR-C2-OC80_minus_IAR4,diagnostic_400_500_nm,441.0,DoLP_pair,0.06820845443571073,0.06661013426678138,0.001598320168929357
IAR-C2-OC80_minus_IAR4,diagnostic_400_500_nm,442.0,DoLP_pair,0.054278887360601394,0.05425120829238017,2.7679068221223013e-05
IAR-C2-OC80_minus_IAR4,diagnostic_400_500_nm,443.0,DoLP_pair,0.0401405189856688,0.036750976929969384,0.0033895420556994127
IAR-C2-OC80_minus_IAR4,diagnostic_400_500_nm,444.0,DoLP_pair,0.040127741159571004,0.0348366929330215,0.005291048226549501
IAR-C2-OC80_minus_IAR4,diagnostic_400_500_nm,445.0,DoLP_pair,0.039054706925404185,0.03208598168130731,0.006968725244096877
IAR-C2-OC80_minus_IAR4,diagnostic_400_500_nm,446.0,DoLP_pair,0.04095841824083555,0.03307614944954519,0.007882268791290357
IAR-C2-OC80_minus_IAR4,diagnostic_400_500_nm,447.0,DoLP_pair,0.0446235649733852,0.03563030749042969,0.008993257482955513
IAR-C2-OC80_minus_IAR4,diagnostic_400_500_nm,448.0,DoLP_pair,0.053761651944058464,0.0425372515263902,0.011224400417668264
IAR-C2-OC80_minus_IAR4,diagnostic_400_500_nm,449.0,DoLP_pair,0.06168684753040191,0.05016850464583051,0.011518342884571403
IAR-C2-OC80_minus_IAR4,diagnostic_400_500_nm,450.0,DoLP_pair,0.06311605829309251,0.05357583763829356,0.009540220654798953
IAR-C2-OC80_minus_IAR4,diagnostic_400_500_nm,451.0,DoLP_pair,0.06665013914903957,0.05827399383282206,0.008376145316217512
IAR-C2-OC80_minus_IAR4,diagnostic_400_500_nm,452.0,DoLP_pair,0.06885600945531842,0.05715681970393245,0.011699189751385966
IAR-C2-OC80_minus_IAR4,diagnostic_400_500_nm,453.0,DoLP_pair,0.054539993110951986,0.040244205790712376,0.01429578732023961
IAR-C2-OC80_minus_IAR4,diagnostic_400_500_nm,454.0,DoLP_pair,0.03348809600827498,0.026962726513202244,0.006525369495072736
IAR-C2-OC80_minus_IAR4,diagnostic_400_500_nm,455.0,DoLP_pair,0.023115692218892696,0.025033491648169065,-0.0019177994292763692
IAR-C2-OC80_minus_IAR4,diagnostic_400_500_nm,456.0,DoLP_pair,0.018228961935403232,0.02423765265931437,-0.0060086907239111365
IAR-C2-OC80_minus_IAR4,diagnostic_400_500_nm,457.0,DoLP_pair,0.017803705630911992,0.027688314119214245,-0.009884608488302252
IAR-C2-OC80_minus_IAR4,diagnostic_400_500_nm,458.0,DoLP_pair,0.022058250877317876,0.03454356795010797,-0.012485317072790093
IAR-C2-OC80_minus_IAR4,diagnostic_400_500_nm,459.0,DoLP_pair,0.03011859061504129,0.04170542347661134,-0.01158683286157005
IAR-C2-OC80_minus_IAR4,diagnostic_400_500_nm,460.0,DoLP_pair,0.027856608050274616,0.03485617293488546,-0.006999564884610843
IAR-C2-OC80_minus_IAR4,diagnostic_400_500_nm,461.0,DoLP_pair,0.022310795969095857,0.022721045878055988,-0.0004102499089601308
IAR-C2-OC80_minus_IAR4,diagnostic_400_500_nm,462.0,DoLP_pair,0.02479000556672562,0.022302875503937537,0.0024871300627880844
IAR-C2-OC80_minus_IAR4,diagnostic_400_500_nm,463.0,DoLP_pair,0.02477973139313751,0.01996561993510688,0.00481411145803063
IAR-C2-OC80_minus_IAR4,diagnostic_400_500_nm,464.0,DoLP_pair,0.030735004284553433,0.02387758272639441,0.0068574215581590214
IAR-C2-OC80_minus_IAR4,diagnostic_400_500_nm,465.0,DoLP_pair,0.03269925245022883,0.024489664231465983,0.008209588218762848
IAR-C2-OC80_minus_IAR4,diagnostic_400_500_nm,466.0,DoLP_pair,0.027463010136465706,0.019255335198202838,0.008207674938262868
IAR-C2-OC80_minus_IAR4,diagnostic_400_500_nm,467.0,DoLP_pair,0.021612449465085202,0.01968394253576308,0.0019285069293221227
IAR-C2-OC80_minus_IAR4,diagnostic_400_500_nm,468.0,DoLP_pair,0.01684703864968657,0.024158003814616802,-0.007310965164930232
IAR-C2-OC80_minus_IAR4,diagnostic_400_500_nm,469.0,DoLP_pair,0.01673537944193552,0.029910364450142175,-0.013174985008206654
IAR-C2-OC80_minus_IAR4,diagnostic_400_500_nm,470.0,DoLP_pair,0.019123764035504698,0.032788279584728866,-0.013664515549224168
IAR-C2-OC80_minus_IAR4,diagnostic_400_500_nm,471.0,DoLP_pair,0.020069832073686483,0.032131965466641876,-0.012062133392955393
IAR-C2-OC80_minus_IAR4,diagnostic_400_500_nm,472.0,DoLP_pair,0.020382968928467853,0.030372445437180335,-0.009989476508712482
IAR-C2-OC80_minus_IAR4,diagnostic_400_500_nm,473.0,DoLP_pair,0.026052485334814066,0.033564343356410065,-0.007511858021595999
IAR-C2-OC80_minus_IAR4,diagnostic_400_500_nm,474.0,DoLP_pair,0.034878991130183834,0.040484818947735354,-0.00560582781755152
IAR-C2-OC80_minus_IAR4,diagnostic_400_500_nm,475.0,DoLP_pair,0.04321340066854473,0.04728540444870442,-0.0040720037801596845
IAR-C2-OC80_minus_IAR4,diagnostic_400_500_nm,476.0,DoLP_pair,0.05735223114297271,0.059900207287309326,-0.0025479761443366195
IAR-C2-OC80_minus_IAR4,diagnostic_400_500_nm,477.0,DoLP_pair,0.06963939266971318,0.06962117812214332,1.8214547569866957e-05
IAR-C2-OC80_minus_IAR4,diagnostic_400_500_nm,478.0,DoLP_pair,0.0698967265810492,0.06976722596255307,0.00012950061849613392
IAR-C2-OC80_minus_IAR4,diagnostic_400_500_nm,479.0,DoLP_pair,0.07453668255561931,0.07467148309835424,-0.0001348005427349308
IAR-C2-OC80_minus_IAR4,diagnostic_400_500_nm,480.0,DoLP_pair,0.07747546501000961,0.0776601091875137,-0.00018464417750409245
IAR-C2-OC80_minus_IAR4,diagnostic_400_500_nm,481.0,DoLP_pair,0.07580857772763572,0.0757419730505712,6.660467706451345e-05
IAR-C2-OC80_minus_IAR4,diagnostic_400_500_nm,482.0,DoLP_pair,0.0711156793220225,0.0704439272814392,0.0006717520405832983
IAR-C2-OC80_minus_IAR4,diagnostic_400_500_nm,483.0,DoLP_pair,0.06737538489657288,0.06576041211224255,0.001614972784330329
IAR-C2-OC80_minus_IAR4,diagnostic_400_500_nm,484.0,DoLP_pair,0.06643232009255838,0.06386292580379735,0.0025693942887610316
IAR-C2-OC80_minus_IAR4,diagnostic_400_500_nm,485.0,DoLP_pair,0.06874907395602117,0.06600761075211047,0.0027414632039107073
IAR-C2-OC80_minus_IAR4,diagnostic_400_500_nm,486.0,DoLP_pair,0.07184065822946067,0.07009178849414133,0.0017488697353193472
IAR-C2-OC80_minus_IAR4,diagnostic_400_500_nm,487.0,DoLP_pair,0.07839420604108988,0.0755294555187011,0.0028647505223887704
IAR-C2-OC80_minus_IAR4,diagnostic_400_500_nm,488.0,DoLP_pair,0.08054030819871554,0.07741596467727059,0.0031243435214449444
IAR-C2-OC80_minus_IAR4,diagnostic_400_500_nm,489.0,DoLP_pair,0.08666573429319854,0.08379699895161645,0.002868735341582093
IAR-C2-OC80_minus_IAR4,diagnostic_400_500_nm,490.0,DoLP_pair,0.0862930086737633,0.0844469491472325,0.0018460595265308022
IAR-C2-OC80_minus_IAR4,diagnostic_400_500_nm,491.0,DoLP_pair,0.08770707851731609,0.08646422472367724,0.0012428537936388512
IAR-C2-OC80_minus_IAR4,diagnostic_400_500_nm,492.0,DoLP_pair,0.08563369224552439,0.08452320856613735,0.001110483679387042
IAR-C2-OC80_minus_IAR4,diagnostic_400_500_nm,493.0,DoLP_pair,0.0817945005356506,0.08107396590786661,0.0007205346277839864
IAR-C2-OC80_minus_IAR4,diagnostic_400_500_nm,494.0,DoLP_pair,0.07590543745481168,0.07533506050668726,0.0005703769481244236
IAR-C2-OC80_minus_IAR4,diagnostic_400_500_nm,495.0,DoLP_pair,0.06891906570583811,0.0680722474668818,0.0008468182389563123
IAR-C2-OC80_minus_IAR4,diagnostic_400_500_nm,496.0,DoLP_pair,0.0633508536402344,0.06176191970729395,0.0015889339329404548
IAR-C2-OC80_minus_IAR4,diagnostic_400_500_nm,497.0,DoLP_pair,0.05957108215823517,0.056649844465737294,0.0029212376924978786
IAR-C2-OC80_minus_IAR4,diagnostic_400_500_nm,498.0,DoLP_pair,0.05223008488243267,0.04823906257478081,0.003991022307651859
IAR-C2-OC80_minus_IAR4,diagnostic_400_500_nm,499.0,DoLP_pair,0.06454254601124157,0.06205826392799198,0.002484282083249592
IAR-C2-OC80_minus_IAR4,diagnostic_400_500_nm,500.0,DoLP_pair,0.06581605706776192,0.0639550016121251,0.0018610554556368203
IAR-C2-OC80_minus_IAR4,diagnostic_400_500_nm,400.0,C_source,0.1503360192813594,0.13418361635675607,0.01615240292460332
IAR-C2-OC80_minus_IAR4,diagnostic_400_500_nm,401.0,C_source,0.11830175824658444,0.09854636832086551,0.01975538992571893
IAR-C2-OC80_minus_IAR4,diagnostic_400_500_nm,402.0,C_source,0.08747998869613147,0.071642017563493,0.015837971132638462
IAR-C2-OC80_minus_IAR4,diagnostic_400_500_nm,403.0,C_source,0.022131494555883247,0.009314231057177522,0.012817263498705725
IAR-C2-OC80_minus_IAR4,diagnostic_400_500_nm,404.0,C_source,0.037685082703825604,0.039571677116605294,-0.0018865944127796908
IAR-C2-OC80_minus_IAR4,diagnostic_400_500_nm,405.0,C_source,0.043981172272935416,0.018229331069929074,0.025751841203006342
IAR-C2-OC80_minus_IAR4,diagnostic_400_500_nm,406.0,C_source,0.07055357601989093,0.02709908596613022,0.04345449005376071
IAR-C2-OC80_minus_IAR4,diagnostic_400_500_nm,407.0,C_source,0.1666432942813913,0.1428379205709651,0.02380537371042621
IAR-C2-OC80_minus_IAR4,diagnostic_400_500_nm,408.0,C_source,0.2468363113646688,0.21246686018866476,0.03436945117600404
IAR-C2-OC80_minus_IAR4,diagnostic_400_500_nm,409.0,C_source,0.23019295663816297,0.20541366391915702,0.024779292719005946
IAR-C2-OC80_minus_IAR4,diagnostic_400_500_nm,410.0,C_source,0.17930134227026354,0.17105967729864902,0.00824166497161452
IAR-C2-OC80_minus_IAR4,diagnostic_400_500_nm,411.0,C_source,0.10711113639744135,0.1080126392896983,-0.0009015028922569474
IAR-C2-OC80_minus_IAR4,diagnostic_400_500_nm,412.0,C_source,0.11445935822628413,0.12449902691259543,-0.010039668686311301
IAR-C2-OC80_minus_IAR4,diagnostic_400_500_nm,413.0,C_source,0.05396734783031215,0.0936872007085955,-0.03971985287828335
IAR-C2-OC80_minus_IAR4,diagnostic_400_500_nm,414.0,C_source,0.05204841933895205,0.017102372839647103,0.03494604649930495
IAR-C2-OC80_minus_IAR4,diagnostic_400_500_nm,415.0,C_source,0.13963165029143595,0.08444157431013023,0.05519007598130572
IAR-C2-OC80_minus_IAR4,diagnostic_400_500_nm,416.0,C_source,0.1467801158647105,0.10548864769474105,0.04129146816996944
IAR-C2-OC80_minus_IAR4,diagnostic_400_500_nm,417.0,C_source,0.18801337272454663,0.16977914489550117,0.018234227829045463
IAR-C2-OC80_minus_IAR4,diagnostic_400_500_nm,418.0,C_source,0.2033455429123837,0.190206089791253,0.013139453121130684
IAR-C2-OC80_minus_IAR4,diagnostic_400_500_nm,419.0,C_source,0.12670336462963266,0.10446496725359877,0.02223839737603389
IAR-C2-OC80_minus_IAR4,diagnostic_400_500_nm,420.0,C_source,0.058930886414354795,0.04976435019560762,0.009166536218747176
IAR-C2-OC80_minus_IAR4,diagnostic_400_500_nm,421.0,C_source,0.054135343338488046,0.08836774742360864,-0.0342324040851206
IAR-C2-OC80_minus_IAR4,diagnostic_400_500_nm,422.0,C_source,0.059714964503057445,0.10735876332083054,-0.04764379881777309
IAR-C2-OC80_minus_IAR4,diagnostic_400_500_nm,423.0,C_source,0.05339583073412562,0.1005160971329971,-0.04712026639887148
IAR-C2-OC80_minus_IAR4,diagnostic_400_500_nm,424.0,C_source,0.04007396156655415,0.08128451025204404,-0.041210548685489894
IAR-C2-OC80_minus_IAR4,diagnostic_400_500_nm,425.0,C_source,0.025193558881120542,0.0578730018779818,-0.032679442996861256
IAR-C2-OC80_minus_IAR4,diagnostic_400_500_nm,426.0,C_source,0.020667853373415083,0.049270909866299416,-0.028603056492884332
IAR-C2-OC80_minus_IAR4,diagnostic_400_500_nm,427.0,C_source,0.04816549661669007,0.06351404939100114,-0.015348552774311068
IAR-C2-OC80_minus_IAR4,diagnostic_400_500_nm,428.0,C_source,0.05406510712669937,0.045387281841305,0.008677825285394368
IAR-C2-OC80_minus_IAR4,diagnostic_400_500_nm,429.0,C_source,0.043568896394540924,0.015789606744441322,0.0277792896500996
IAR-C2-OC80_minus_IAR4,diagnostic_400_500_nm,430.0,C_source,0.03317484101108242,0.026069046975415074,0.00710579403566735
IAR-C2-OC80_minus_IAR4,diagnostic_400_500_nm,431.0,C_source,0.02873084387024719,0.013350707899003675,0.015380135971243514
IAR-C2-OC80_minus_IAR4,diagnostic_400_500_nm,432.0,C_source,0.055617360811200646,0.04147170628827665,0.014145654522923996
IAR-C2-OC80_minus_IAR4,diagnostic_400_500_nm,433.0,C_source,0.07104819877520589,0.050817318209584524,0.02023088056562137
IAR-C2-OC80_minus_IAR4,diagnostic_400_500_nm,434.0,C_source,0.07819640323667161,0.048480353598252014,0.029716049638419596
IAR-C2-OC80_minus_IAR4,diagnostic_400_500_nm,435.0,C_source,0.0668412477253491,0.030654193851280966,0.03618705387406814
IAR-C2-OC80_minus_IAR4,diagnostic_400_500_nm,436.0,C_source,0.09181844478304774,0.062012892063040156,0.02980555272000758
IAR-C2-OC80_minus_IAR4,diagnostic_400_500_nm,437.0,C_source,0.11842370579697889,0.09429495626573486,0.024128749531244026
IAR-C2-OC80_minus_IAR4,diagnostic_400_500_nm,438.0,C_source,0.16845593532316838,0.13343950526810527,0.03501643005506311
IAR-C2-OC80_minus_IAR4,diagnostic_400_500_nm,439.0,C_source,0.19459491644457436,0.1603861663413192,0.034208750103255164
IAR-C2-OC80_minus_IAR4,diagnostic_400_500_nm,440.0,C_source,0.19824208630958187,0.17517789125340938,0.023064195056172493
IAR-C2-OC80_minus_IAR4,diagnostic_400_500_nm,441.0,C_source,0.17206668688777835,0.16082760067503912,0.011239086212739224
IAR-C2-OC80_minus_IAR4,diagnostic_400_500_nm,442.0,C_source,0.13435190405025674,0.12910485296844662,0.005247051081810117
IAR-C2-OC80_minus_IAR4,diagnostic_400_500_nm,443.0,C_source,0.09647481275861722,0.08494096208131044,0.011533850677306778
IAR-C2-OC80_minus_IAR4,diagnostic_400_500_nm,444.0,C_source,0.09350122841124563,0.07782156032798175,0.015679668083263876
IAR-C2-OC80_minus_IAR4,diagnostic_400_500_nm,445.0,C_source,0.0896688817547337,0.07023450443341486,0.019434377321318835
IAR-C2-OC80_minus_IAR4,diagnostic_400_500_nm,446.0,C_source,0.09402225153852252,0.07172202771192641,0.022300223826596105
IAR-C2-OC80_minus_IAR4,diagnostic_400_500_nm,447.0,C_source,0.10397930659323017,0.07784664368822163,0.02613266290500854
IAR-C2-OC80_minus_IAR4,diagnostic_400_500_nm,448.0,C_source,0.12754768565075447,0.09452004973534096,0.03302763591541351
IAR-C2-OC80_minus_IAR4,diagnostic_400_500_nm,449.0,C_source,0.15066259072851015,0.11532107542494623,0.03534151530356393
IAR-C2-OC80_minus_IAR4,diagnostic_400_500_nm,450.0,C_source,0.15779717827861017,0.1271278142890803,0.03066936398952988
IAR-C2-OC80_minus_IAR4,diagnostic_400_500_nm,451.0,C_source,0.17204346081328892,0.1436217512300873,0.028421709583201615
IAR-C2-OC80_minus_IAR4,diagnostic_400_500_nm,452.0,C_source,0.1842292140648778,0.14673897492298915,0.03749023914188865
IAR-C2-OC80_minus_IAR4,diagnostic_400_500_nm,453.0,C_source,0.15116219257377927,0.10723345493804623,0.043928737635733045
IAR-C2-OC80_minus_IAR4,diagnostic_400_500_nm,454.0,C_source,0.096208011510536,0.07485795976834932,0.021350051742186682
IAR-C2-OC80_minus_IAR4,diagnostic_400_500_nm,455.0,C_source,0.06854331965723126,0.07240022516096882,-0.0038569055037375594
IAR-C2-OC80_minus_IAR4,diagnostic_400_500_nm,456.0,C_source,0.056000671249261905,0.07327689529247045,-0.01727622404320854
IAR-C2-OC80_minus_IAR4,diagnostic_400_500_nm,457.0,C_source,0.05506815407338604,0.08465360551360004,-0.029585451440214003
IAR-C2-OC80_minus_IAR4,diagnostic_400_500_nm,458.0,C_source,0.06884956271896696,0.10617921692610836,-0.037329654207141405
IAR-C2-OC80_minus_IAR4,diagnostic_400_500_nm,459.0,C_source,0.09334181023529048,0.12669715058978487,-0.03335534035449439
IAR-C2-OC80_minus_IAR4,diagnostic_400_500_nm,460.0,C_source,0.08379613695619656,0.10264436022244167,-0.018848223266245107
IAR-C2-OC80_minus_IAR4,diagnostic_400_500_nm,461.0,C_source,0.06617291335432073,0.06586872388495468,0.0003041894693660424
IAR-C2-OC80_minus_IAR4,diagnostic_400_500_nm,462.0,C_source,0.0734358514824328,0.06428732950889686,0.009148521973535939
IAR-C2-OC80_minus_IAR4,diagnostic_400_500_nm,463.0,C_source,0.07306227617095014,0.057046890530219455,0.016015385640730684
IAR-C2-OC80_minus_IAR4,diagnostic_400_500_nm,464.0,C_source,0.08896948793296143,0.0666504005863103,0.022319087346651126
IAR-C2-OC80_minus_IAR4,diagnostic_400_500_nm,465.0,C_source,0.09422718027556795,0.06796614047830823,0.026261039797259716
IAR-C2-OC80_minus_IAR4,diagnostic_400_500_nm,466.0,C_source,0.07853068464866049,0.05304228571497792,0.02548839893368257
IAR-C2-OC80_minus_IAR4,diagnostic_400_500_nm,467.0,C_source,0.06063101447956313,0.05327235650866886,0.007358657970894272
IAR-C2-OC80_minus_IAR4,diagnostic_400_500_nm,468.0,C_source,0.0469022374088724,0.06486851621622337,-0.017966278807350973
IAR-C2-OC80_minus_IAR4,diagnostic_400_500_nm,469.0,C_source,0.0461378011470714,0.07964425333888349,-0.033506452191812086
IAR-C2-OC80_minus_IAR4,diagnostic_400_500_nm,470.0,C_source,0.051830639298527555,0.08630982683155927,-0.03447918753303172
IAR-C2-OC80_minus_IAR4,diagnostic_400_500_nm,471.0,C_source,0.053951180681188905,0.08464086066771444,-0.030689679986525532
IAR-C2-OC80_minus_IAR4,diagnostic_400_500_nm,472.0,C_source,0.05642764077576698,0.08293977071938037,-0.02651212994361339
IAR-C2-OC80_minus_IAR4,diagnostic_400_500_nm,473.0,C_source,0.07728003618348404,0.09819390194048733,-0.020913865757003283
IAR-C2-OC80_minus_IAR4,diagnostic_400_500_nm,474.0,C_source,0.11409100843247155,0.1298813840130985,-0.01579037558062696
IAR-C2-OC80_minus_IAR4,diagnostic_400_500_nm,475.0,C_source,0.15217340688927833,0.16258955937549777,-0.010416152486219438
IAR-C2-OC80_minus_IAR4,diagnostic_400_500_nm,476.0,C_source,0.2093465017711138,0.21222645653018235,-0.002879954759068548
IAR-C2-OC80_minus_IAR4,diagnostic_400_500_nm,477.0,C_source,0.26648730156689593,0.26050276409137807,0.005984537475517859
IAR-C2-OC80_minus_IAR4,diagnostic_400_500_nm,478.0,C_source,0.26614888571626744,0.2598858757512349,0.00626300996503254
IAR-C2-OC80_minus_IAR4,diagnostic_400_500_nm,479.0,C_source,0.2793607760288988,0.27486349632293605,0.004497279705962753
IAR-C2-OC80_minus_IAR4,diagnostic_400_500_nm,480.0,C_source,0.28599491655855463,0.28334633551545385,0.002648581043100784
IAR-C2-OC80_minus_IAR4,diagnostic_400_500_nm,481.0,C_source,0.27962532554929426,0.27735093725771637,0.002274388291577889
IAR-C2-OC80_minus_IAR4,diagnostic_400_500_nm,482.0,C_source,0.26541959571566387,0.2615404733123505,0.0038791224033133953
IAR-C2-OC80_minus_IAR4,diagnostic_400_500_nm,483.0,C_source,0.25524030299937844,0.24786333897334487,0.007376964026033578
IAR-C2-OC80_minus_IAR4,diagnostic_400_500_nm,484.0,C_source,0.2547772042960664,0.24322846559043576,0.011548738705630612
IAR-C2-OC80_minus_IAR4,diagnostic_400_500_nm,485.0,C_source,0.2694314144625144,0.25629930609525037,0.013132108367264028
IAR-C2-OC80_minus_IAR4,diagnostic_400_500_nm,486.0,C_source,0.2756874926515429,0.26776230817672,0.007925184474822933
IAR-C2-OC80_minus_IAR4,diagnostic_400_500_nm,487.0,C_source,0.28846632374729525,0.2766215077538366,0.011844815993458657
IAR-C2-OC80_minus_IAR4,diagnostic_400_500_nm,488.0,C_source,0.30319708477939544,0.2919149520610729,0.011282132718322568
IAR-C2-OC80_minus_IAR4,diagnostic_400_500_nm,489.0,C_source,0.3190135637704834,0.30846936881800335,0.010544194952480046
IAR-C2-OC80_minus_IAR4,diagnostic_400_500_nm,490.0,C_source,0.3156202764018986,0.3069192409304383,0.008701035471460283
IAR-C2-OC80_minus_IAR4,diagnostic_400_500_nm,491.0,C_source,0.32662881857053605,0.3200094595730878,0.006619358997448255
IAR-C2-OC80_minus_IAR4,diagnostic_400_500_nm,492.0,C_source,0.3156460573938425,0.3083685770008309,0.007277480393011571
IAR-C2-OC80_minus_IAR4,diagnostic_400_500_nm,493.0,C_source,0.2974395101485103,0.29018444664667514,0.007255063501835135
IAR-C2-OC80_minus_IAR4,diagnostic_400_500_nm,494.0,C_source,0.2738913685589459,0.26678221131701707,0.007109157241928843
IAR-C2-OC80_minus_IAR4,diagnostic_400_500_nm,495.0,C_source,0.2493786162188398,0.24192349838383612,0.007455117835003688
IAR-C2-OC80_minus_IAR4,diagnostic_400_500_nm,496.0,C_source,0.2319033390235952,0.22283814394069093,0.009065195082904265
IAR-C2-OC80_minus_IAR4,diagnostic_400_500_nm,497.0,C_source,0.21849545210824323,0.20586766394968636,0.012627788158556863
IAR-C2-OC80_minus_IAR4,diagnostic_400_500_nm,498.0,C_source,0.1939972184257217,0.178082642876192,0.015914575549529714
IAR-C2-OC80_minus_IAR4,diagnostic_400_500_nm,499.0,C_source,0.2452163399902962,0.23234104326555707,0.012875296724739138
IAR-C2-OC80_minus_IAR4,diagnostic_400_500_nm,500.0,C_source,0.24858870851626913,0.2355792420322071,0.013009466484062038
IAR-C2-OC80_minus_IAR4,diagnostic_400_500_nm,400.0,C_angular,0.18052119185071028,0.16957056629390388,0.010950625556806398
IAR-C2-OC80_minus_IAR4,diagnostic_400_500_nm,401.0,C_angular,0.13955789534475302,0.127665564507956,0.011892330836797027
IAR-C2-OC80_minus_IAR4,diagnostic_400_500_nm,402.0,C_angular,0.10769458968241967,0.099315216555496,0.008379373126923675
IAR-C2-OC80_minus_IAR4,diagnostic_400_500_nm,403.0,C_angular,0.0557166615655789,0.04999503746804596,0.005721624097532935
IAR-C2-OC80_minus_IAR4,diagnostic_400_500_nm,404.0,C_angular,0.02450133603967486,0.026623567183633904,-0.002122231143959045
IAR-C2-OC80_minus_IAR4,diagnostic_400_500_nm,405.0,C_angular,0.013857344932364834,0.032493884986481134,-0.018636540054116302
IAR-C2-OC80_minus_IAR4,diagnostic_400_500_nm,406.0,C_angular,0.024333707720723543,0.004805021618007817,0.019528686102715725
IAR-C2-OC80_minus_IAR4,diagnostic_400_500_nm,407.0,C_angular,0.08085742606899664,0.0720319326742411,0.008825493394755538
IAR-C2-OC80_minus_IAR4,diagnostic_400_500_nm,408.0,C_angular,0.12139612318746716,0.1152034509400581,0.006192672247409062
IAR-C2-OC80_minus_IAR4,diagnostic_400_500_nm,409.0,C_angular,0.10706706366244398,0.10800875965446177,-0.0009416959920177936
IAR-C2-OC80_minus_IAR4,diagnostic_400_500_nm,410.0,C_angular,0.08396738444479705,0.09474269895492586,-0.010775314510128808
IAR-C2-OC80_minus_IAR4,diagnostic_400_500_nm,411.0,C_angular,0.06142174104955437,0.07293862362335746,-0.011516882573803087
IAR-C2-OC80_minus_IAR4,diagnostic_400_500_nm,412.0,C_angular,0.07430066988279915,0.081412530699271,-0.007111860816471846
IAR-C2-OC80_minus_IAR4,diagnostic_400_500_nm,413.0,C_angular,0.052162048323877164,0.06862900742197636,-0.0164669590980992
IAR-C2-OC80_minus_IAR4,diagnostic_400_500_nm,414.0,C_angular,0.007737862889189576,0.028703254730681787,-0.02096539184149221
IAR-C2-OC80_minus_IAR4,diagnostic_400_500_nm,415.0,C_angular,0.039218468780250676,0.011801623606867888,0.02741684517338279
IAR-C2-OC80_minus_IAR4,diagnostic_400_500_nm,416.0,C_angular,0.04848094920009632,0.02216346119926548,0.026317488000830835
IAR-C2-OC80_minus_IAR4,diagnostic_400_500_nm,417.0,C_angular,0.07803859458684956,0.06035837079626485,0.01768022379058471
IAR-C2-OC80_minus_IAR4,diagnostic_400_500_nm,418.0,C_angular,0.08662850968066313,0.08268489844926256,0.003943611231400565
IAR-C2-OC80_minus_IAR4,diagnostic_400_500_nm,419.0,C_angular,0.05673099216806325,0.05581060613629886,0.0009203860317643919
IAR-C2-OC80_minus_IAR4,diagnostic_400_500_nm,420.0,C_angular,0.03410032910836096,0.029806703568602027,0.004293625539758931
IAR-C2-OC80_minus_IAR4,diagnostic_400_500_nm,421.0,C_angular,0.019924376861118004,0.011529353775884125,0.008395023085233879
IAR-C2-OC80_minus_IAR4,diagnostic_400_500_nm,422.0,C_angular,0.021970613172080836,0.015418202122168339,0.006552411049912497
IAR-C2-OC80_minus_IAR4,diagnostic_400_500_nm,423.0,C_angular,0.026752311381496943,0.019299021030651627,0.007453290350845316
IAR-C2-OC80_minus_IAR4,diagnostic_400_500_nm,424.0,C_angular,0.03366816176168357,0.023300064647244236,0.010368097114439336
IAR-C2-OC80_minus_IAR4,diagnostic_400_500_nm,425.0,C_angular,0.05470035729650572,0.04147905563347313,0.013221301663032592
IAR-C2-OC80_minus_IAR4,diagnostic_400_500_nm,426.0,C_angular,0.0640940925880699,0.05924403865804405,0.004850053930025855
IAR-C2-OC80_minus_IAR4,diagnostic_400_500_nm,427.0,C_angular,0.06268348303797223,0.0645054526578715,-0.0018219696198992635
IAR-C2-OC80_minus_IAR4,diagnostic_400_500_nm,428.0,C_angular,0.06847451982726578,0.07894778756917728,-0.010473267741911499
IAR-C2-OC80_minus_IAR4,diagnostic_400_500_nm,429.0,C_angular,0.0707468569146765,0.09115678352910052,-0.02040992661442402
IAR-C2-OC80_minus_IAR4,diagnostic_400_500_nm,430.0,C_angular,0.07847873922257526,0.10027190773375502,-0.021793168511179767
IAR-C2-OC80_minus_IAR4,diagnostic_400_500_nm,431.0,C_angular,0.06415212719378065,0.07436979535342389,-0.010217668159643242
IAR-C2-OC80_minus_IAR4,diagnostic_400_500_nm,432.0,C_angular,0.02475283947829365,0.029920258935100683,-0.005167419456807033
IAR-C2-OC80_minus_IAR4,diagnostic_400_500_nm,433.0,C_angular,0.0023562216101857304,0.010273645522121424,-0.007917423911935693
IAR-C2-OC80_minus_IAR4,diagnostic_400_500_nm,434.0,C_angular,0.010515577324640127,0.007757562447638749,0.0027580148770013782
IAR-C2-OC80_minus_IAR4,diagnostic_400_500_nm,435.0,C_angular,0.026223070362067204,0.037340375124571064,-0.01111730476250386
IAR-C2-OC80_minus_IAR4,diagnostic_400_500_nm,436.0,C_angular,0.01249691188949661,0.012730753938783297,-0.0002338420492866873
IAR-C2-OC80_minus_IAR4,diagnostic_400_500_nm,437.0,C_angular,0.0359091023757474,0.02582334422990054,0.010085758145846856
IAR-C2-OC80_minus_IAR4,diagnostic_400_500_nm,438.0,C_angular,0.07750574487564788,0.06407913519146849,0.013426609684179386
IAR-C2-OC80_minus_IAR4,diagnostic_400_500_nm,439.0,C_angular,0.09957953895675596,0.09024574453482072,0.009333794421935243
IAR-C2-OC80_minus_IAR4,diagnostic_400_500_nm,440.0,C_angular,0.0998678135782756,0.10220081423676396,-0.002333000658488363
IAR-C2-OC80_minus_IAR4,diagnostic_400_500_nm,441.0,C_angular,0.08238709659247534,0.09241336855594434,-0.010026271963469002
IAR-C2-OC80_minus_IAR4,diagnostic_400_500_nm,442.0,C_angular,0.06768693671862014,0.08062037152502212,-0.01293343480640198
IAR-C2-OC80_minus_IAR4,diagnostic_400_500_nm,443.0,C_angular,0.05388433353808031,0.06447799417868988,-0.01059366064060957
IAR-C2-OC80_minus_IAR4,diagnostic_400_500_nm,444.0,C_angular,0.05175915662585719,0.05974288649016674,-0.00798372986430955
IAR-C2-OC80_minus_IAR4,diagnostic_400_500_nm,445.0,C_angular,0.04690238791132256,0.04871661144666902,-0.0018142235353464584
IAR-C2-OC80_minus_IAR4,diagnostic_400_500_nm,446.0,C_angular,0.05071873124560078,0.041590383652985466,0.009128347592615313
IAR-C2-OC80_minus_IAR4,diagnostic_400_500_nm,447.0,C_angular,0.06984848264433734,0.056789504001769145,0.013058978642568192
IAR-C2-OC80_minus_IAR4,diagnostic_400_500_nm,448.0,C_angular,0.08795302359095332,0.07769341404130273,0.010259609549650592
IAR-C2-OC80_minus_IAR4,diagnostic_400_500_nm,449.0,C_angular,0.10631624719098727,0.09892300734368684,0.007393239847300434
IAR-C2-OC80_minus_IAR4,diagnostic_400_500_nm,450.0,C_angular,0.11063189965254655,0.10519642518941018,0.005435474463136372
IAR-C2-OC80_minus_IAR4,diagnostic_400_500_nm,451.0,C_angular,0.10641428752370886,0.10040627550092285,0.006008012022786016
IAR-C2-OC80_minus_IAR4,diagnostic_400_500_nm,452.0,C_angular,0.09127452279968393,0.08029325125402066,0.010981271545663265
IAR-C2-OC80_minus_IAR4,diagnostic_400_500_nm,453.0,C_angular,0.05602174160191209,0.040695754870478044,0.015325986731434045
IAR-C2-OC80_minus_IAR4,diagnostic_400_500_nm,454.0,C_angular,0.016213160191408584,0.02467219390828557,-0.008459033716876986
IAR-C2-OC80_minus_IAR4,diagnostic_400_500_nm,455.0,C_angular,0.03053255772211445,0.049432590382721034,-0.018900032660606584
IAR-C2-OC80_minus_IAR4,diagnostic_400_500_nm,456.0,C_angular,0.04975161694076279,0.06637577618108355,-0.016624159240320756
IAR-C2-OC80_minus_IAR4,diagnostic_400_500_nm,457.0,C_angular,0.0645511188771281,0.08331072191851595,-0.01875960304138785
IAR-C2-OC80_minus_IAR4,diagnostic_400_500_nm,458.0,C_angular,0.07834692944579034,0.10242861818648093,-0.024081688740690582
IAR-C2-OC80_minus_IAR4,diagnostic_400_500_nm,459.0,C_angular,0.08827510413605202,0.11324541409693194,-0.024970309960879913
IAR-C2-OC80_minus_IAR4,diagnostic_400_500_nm,460.0,C_angular,0.07510163756856046,0.09576626552897237,-0.020664627960411908
IAR-C2-OC80_minus_IAR4,diagnostic_400_500_nm,461.0,C_angular,0.058628545692939606,0.07212086833493693,-0.013492322641997324
IAR-C2-OC80_minus_IAR4,diagnostic_400_500_nm,462.0,C_angular,0.06237664999106495,0.07190066986592474,-0.009524019874859783
IAR-C2-OC80_minus_IAR4,diagnostic_400_500_nm,463.0,C_angular,0.050575263921936446,0.05688521595661596,-0.006309952034679517
IAR-C2-OC80_minus_IAR4,diagnostic_400_500_nm,464.0,C_angular,0.03885511085272356,0.03977319222067017,-0.0009180813679466118
IAR-C2-OC80_minus_IAR4,diagnostic_400_500_nm,465.0,C_angular,0.03777605676351651,0.0360573841415719,0.0017186726219446113
IAR-C2-OC80_minus_IAR4,diagnostic_400_500_nm,466.0,C_angular,0.038505647256850434,0.042082295016500175,-0.003576647759649741
IAR-C2-OC80_minus_IAR4,diagnostic_400_500_nm,467.0,C_angular,0.043526143212541495,0.05396681127590143,-0.010440668063359936
IAR-C2-OC80_minus_IAR4,diagnostic_400_500_nm,468.0,C_angular,0.04772654029002159,0.06444932246689654,-0.01672278217687495
IAR-C2-OC80_minus_IAR4,diagnostic_400_500_nm,469.0,C_angular,0.049425321501314186,0.06896057700027394,-0.019535255498959757
IAR-C2-OC80_minus_IAR4,diagnostic_400_500_nm,470.0,C_angular,0.04769888032429773,0.06697459882249271,-0.019275718498194983
IAR-C2-OC80_minus_IAR4,diagnostic_400_500_nm,471.0,C_angular,0.04229302795309419,0.05992811946248974,-0.017635091509395552
IAR-C2-OC80_minus_IAR4,diagnostic_400_500_nm,472.0,C_angular,0.03481827368663709,0.05040409203928776,-0.015585818352650667
IAR-C2-OC80_minus_IAR4,diagnostic_400_500_nm,473.0,C_angular,0.034028532577645786,0.04749728790392993,-0.013468755326284144
IAR-C2-OC80_minus_IAR4,diagnostic_400_500_nm,474.0,C_angular,0.03869671600195725,0.050741212064987586,-0.012044496063030333
IAR-C2-OC80_minus_IAR4,diagnostic_400_500_nm,475.0,C_angular,0.05371886411025003,0.06336391213921375,-0.009645048028963717
IAR-C2-OC80_minus_IAR4,diagnostic_400_500_nm,476.0,C_angular,0.08254778786581166,0.08964816423538688,-0.007100376369575223
IAR-C2-OC80_minus_IAR4,diagnostic_400_500_nm,477.0,C_angular,0.1083245569391072,0.11070358705110465,-0.002379030111997457
IAR-C2-OC80_minus_IAR4,diagnostic_400_500_nm,478.0,C_angular,0.11537678527592321,0.11756310606568236,-0.0021863207897591524
IAR-C2-OC80_minus_IAR4,diagnostic_400_500_nm,479.0,C_angular,0.12721362350758864,0.1295143000660967,-0.0023006765585080746
IAR-C2-OC80_minus_IAR4,diagnostic_400_500_nm,480.0,C_angular,0.13452254013394313,0.13662673561840089,-0.002104195484457755
IAR-C2-OC80_minus_IAR4,diagnostic_400_500_nm,481.0,C_angular,0.13226081655160196,0.13411768295024978,-0.0018568663986478218
IAR-C2-OC80_minus_IAR4,diagnostic_400_500_nm,482.0,C_angular,0.12408101714131378,0.12530811880292125,-0.0012271016616074715
IAR-C2-OC80_minus_IAR4,diagnostic_400_500_nm,483.0,C_angular,0.11659030009169095,0.11664015488983379,-4.985479814283156e-05
IAR-C2-OC80_minus_IAR4,diagnostic_400_500_nm,484.0,C_angular,0.1125708073838243,0.11146746338762102,0.0011033439962032793
IAR-C2-OC80_minus_IAR4,diagnostic_400_500_nm,485.0,C_angular,0.11744791768821333,0.11756384665337408,-0.00011592896516074425
IAR-C2-OC80_minus_IAR4,diagnostic_400_500_nm,486.0,C_angular,0.12200906064337896,0.12465217886523104,-0.0026431182218520782
IAR-C2-OC80_minus_IAR4,diagnostic_400_500_nm,487.0,C_angular,0.1337933575490856,0.13504419546649613,-0.0012508379174105133
IAR-C2-OC80_minus_IAR4,diagnostic_400_500_nm,488.0,C_angular,0.14015542715919332,0.1419494479328071,-0.0017940207736137637
IAR-C2-OC80_minus_IAR4,diagnostic_400_500_nm,489.0,C_angular,0.15518787878355472,0.15861702113397952,-0.0034291423504247964
IAR-C2-OC80_minus_IAR4,diagnostic_400_500_nm,490.0,C_angular,0.15954231656651519,0.16477434732278118,-0.005232030756265993
IAR-C2-OC80_minus_IAR4,diagnostic_400_500_nm,491.0,C_angular,0.1658918577473006,0.17214794295141678,-0.006256085204116191
IAR-C2-OC80_minus_IAR4,diagnostic_400_500_nm,492.0,C_angular,0.1651662058570704,0.17182642491731137,-0.006660219060240974
IAR-C2-OC80_minus_IAR4,diagnostic_400_500_nm,493.0,C_angular,0.16093509441662845,0.16795346524741703,-0.007018370830788573
IAR-C2-OC80_minus_IAR4,diagnostic_400_500_nm,494.0,C_angular,0.1524097684123762,0.15908376278809583,-0.0066739943757196385
IAR-C2-OC80_minus_IAR4,diagnostic_400_500_nm,495.0,C_angular,0.14188789994603296,0.14706765371872618,-0.005179753772693224
IAR-C2-OC80_minus_IAR4,diagnostic_400_500_nm,496.0,C_angular,0.13403510588343787,0.13745603481075266,-0.003420928927314798
IAR-C2-OC80_minus_IAR4,diagnostic_400_500_nm,497.0,C_angular,0.12899558258615368,0.13089990763007273,-0.0019043250439190473
IAR-C2-OC80_minus_IAR4,diagnostic_400_500_nm,498.0,C_angular,0.10927170677688686,0.11037034191972801,-0.0010986351428411562
IAR-C2-OC80_minus_IAR4,diagnostic_400_500_nm,499.0,C_angular,0.13426462816859358,0.13710156986441363,-0.00283694169582005
IAR-C2-OC80_minus_IAR4,diagnostic_400_500_nm,500.0,C_angular,0.1448413416445899,0.14902736624757812,-0.004186024602988225
IAR-C2-OC80_minus_IAR4,diagnostic_400_500_nm,400.0,full_angle_pair_DoLP,0.10349191799290179,0.09637937417765642,0.00711254381524537
IAR-C2-OC80_minus_IAR4,diagnostic_400_500_nm,401.0,full_angle_pair_DoLP,0.07975599744772903,0.07195111513350964,0.007804882314219386
IAR-C2-OC80_minus_IAR4,diagnostic_400_500_nm,402.0,full_angle_pair_DoLP,0.06153271946264286,0.055979794012264286,0.005552925450378575
IAR-C2-OC80_minus_IAR4,diagnostic_400_500_nm,403.0,full_angle_pair_DoLP,0.030967395403671237,0.027427891404073,0.003539503999598237
IAR-C2-OC80_minus_IAR4,diagnostic_400_500_nm,404.0,full_angle_pair_DoLP,0.013370947308350147,0.014466268763979061,-0.0010953214556289146
IAR-C2-OC80_minus_IAR4,diagnostic_400_500_nm,405.0,full_angle_pair_DoLP,0.0076432139908816175,0.017659220723620615,-0.010016006732738997
IAR-C2-OC80_minus_IAR4,diagnostic_400_500_nm,406.0,full_angle_pair_DoLP,0.01383114359329878,0.0026928599432080227,0.011138283650090758
IAR-C2-OC80_minus_IAR4,diagnostic_400_500_nm,407.0,full_angle_pair_DoLP,0.04670420703408207,0.041442846203164525,0.005261360830917543
IAR-C2-OC80_minus_IAR4,diagnostic_400_500_nm,408.0,full_angle_pair_DoLP,0.0714309733558144,0.06815622907274947,0.0032747442830649287
IAR-C2-OC80_minus_IAR4,diagnostic_400_500_nm,409.0,full_angle_pair_DoLP,0.06465845921736207,0.06564116100611131,-0.000982701788749235
IAR-C2-OC80_minus_IAR4,diagnostic_400_500_nm,410.0,full_angle_pair_DoLP,0.05143795081385977,0.05813441091488036,-0.006696460101020596
IAR-C2-OC80_minus_IAR4,diagnostic_400_500_nm,411.0,full_angle_pair_DoLP,0.03794197048665923,0.0449328484051869,-0.00699087791852767
IAR-C2-OC80_minus_IAR4,diagnostic_400_500_nm,412.0,full_angle_pair_DoLP,0.04506291495616886,0.048995842118427134,-0.003932927162258272
IAR-C2-OC80_minus_IAR4,diagnostic_400_500_nm,413.0,full_angle_pair_DoLP,0.03103946023786601,0.04029732437154311,-0.009257864133677102
IAR-C2-OC80_minus_IAR4,diagnostic_400_500_nm,414.0,full_angle_pair_DoLP,0.004543183969358321,0.01672017611094753,-0.012176992141589207
IAR-C2-OC80_minus_IAR4,diagnostic_400_500_nm,415.0,full_angle_pair_DoLP,0.02278375744695449,0.006853258878493299,0.01593049856846119
IAR-C2-OC80_minus_IAR4,diagnostic_400_500_nm,416.0,full_angle_pair_DoLP,0.028104929382947768,0.012845097280464818,0.01525983210248295
IAR-C2-OC80_minus_IAR4,diagnostic_400_500_nm,417.0,full_angle_pair_DoLP,0.04487431798386563,0.03443171615652538,0.010442601827340255
IAR-C2-OC80_minus_IAR4,diagnostic_400_500_nm,418.0,full_angle_pair_DoLP,0.050724184516791324,0.04783817572959276,0.0028860087871985657
IAR-C2-OC80_minus_IAR4,diagnostic_400_500_nm,419.0,full_angle_pair_DoLP,0.03344967612735719,0.03251946516319144,0.0009302109641657549
IAR-C2-OC80_minus_IAR4,diagnostic_400_500_nm,420.0,full_angle_pair_DoLP,0.020372819193792784,0.017669157891752437,0.002703661302040347
IAR-C2-OC80_minus_IAR4,diagnostic_400_500_nm,421.0,full_angle_pair_DoLP,0.0118800351515144,0.006834931724640445,0.005045103426873956
IAR-C2-OC80_minus_IAR4,diagnostic_400_500_nm,422.0,full_angle_pair_DoLP,0.01308722397070385,0.00912561866837828,0.003961605302325569
IAR-C2-OC80_minus_IAR4,diagnostic_400_500_nm,423.0,full_angle_pair_DoLP,0.015833645540040006,0.011352723559335354,0.004480921980704652
IAR-C2-OC80_minus_IAR4,diagnostic_400_500_nm,424.0,full_angle_pair_DoLP,0.019607929638405013,0.013476818113044868,0.006131111525360144
IAR-C2-OC80_minus_IAR4,diagnostic_400_500_nm,425.0,full_angle_pair_DoLP,0.03166805317370374,0.02378223625030024,0.0078858169234035
IAR-C2-OC80_minus_IAR4,diagnostic_400_500_nm,426.0,full_angle_pair_DoLP,0.0377740717287986,0.03455052305645866,0.0032235486723399404
IAR-C2-OC80_minus_IAR4,diagnostic_400_500_nm,427.0,full_angle_pair_DoLP,0.03771243193081863,0.03862952811494539,-0.0009170961841267616
IAR-C2-OC80_minus_IAR4,diagnostic_400_500_nm,428.0,full_angle_pair_DoLP,0.041768147342119664,0.04810082165290148,-0.006332674310781813
IAR-C2-OC80_minus_IAR4,diagnostic_400_500_nm,429.0,full_angle_pair_DoLP,0.04307682008116025,0.05543572736768002,-0.012358907286519775
IAR-C2-OC80_minus_IAR4,diagnostic_400_500_nm,430.0,full_angle_pair_DoLP,0.047385580114064914,0.0605270537256704,-0.01314147361160549
IAR-C2-OC80_minus_IAR4,diagnostic_400_500_nm,431.0,full_angle_pair_DoLP,0.03800352040713714,0.043953200689319114,-0.005949680282181971
IAR-C2-OC80_minus_IAR4,diagnostic_400_500_nm,432.0,full_angle_pair_DoLP,0.014325426330962456,0.01729390417558998,-0.002968477844627523
IAR-C2-OC80_minus_IAR4,diagnostic_400_500_nm,433.0,full_angle_pair_DoLP,0.0013216889307045192,0.005768576198971341,-0.004446887268266822
IAR-C2-OC80_minus_IAR4,diagnostic_400_500_nm,434.0,full_angle_pair_DoLP,0.006007748864314329,0.004430591565513325,0.001577157298801004
IAR-C2-OC80_minus_IAR4,diagnostic_400_500_nm,435.0,full_angle_pair_DoLP,0.015313421110793627,0.021911210905777953,-0.006597789794984326
IAR-C2-OC80_minus_IAR4,diagnostic_400_500_nm,436.0,full_angle_pair_DoLP,0.007346986536922661,0.0075396195968374866,-0.00019263305991482592
IAR-C2-OC80_minus_IAR4,diagnostic_400_500_nm,437.0,full_angle_pair_DoLP,0.021107387511966277,0.015255361190393361,0.005852026321572916
IAR-C2-OC80_minus_IAR4,diagnostic_400_500_nm,438.0,full_angle_pair_DoLP,0.045639676151303925,0.03789616236302713,0.0077435137882767915
IAR-C2-OC80_minus_IAR4,diagnostic_400_500_nm,439.0,full_angle_pair_DoLP,0.059588623410768225,0.05424188024210624,0.005346743168661988
IAR-C2-OC80_minus_IAR4,diagnostic_400_500_nm,440.0,full_angle_pair_DoLP,0.06004043136017702,0.06154338926631819,-0.0015029579061411683
IAR-C2-OC80_minus_IAR4,diagnostic_400_500_nm,441.0,full_angle_pair_DoLP,0.049026522555273816,0.05504640274472209,-0.006019880189448275
IAR-C2-OC80_minus_IAR4,diagnostic_400_500_nm,442.0,full_angle_pair_DoLP,0.04044766562605038,0.04786952951530346,-0.007421863889253082
IAR-C2-OC80_minus_IAR4,diagnostic_400_500_nm,443.0,full_angle_pair_DoLP,0.03264231301273557,0.03848137981762699,-0.005839066804891421
IAR-C2-OC80_minus_IAR4,diagnostic_400_500_nm,444.0,full_angle_pair_DoLP,0.031658043565571156,0.03590299402997213,-0.004244950464400973
IAR-C2-OC80_minus_IAR4,diagnostic_400_500_nm,445.0,full_angle_pair_DoLP,0.0290842881118313,0.029672965171431538,-0.0005886770596002372
IAR-C2-OC80_minus_IAR4,diagnostic_400_500_nm,446.0,full_angle_pair_DoLP,0.03156944129374366,0.025462916104264013,0.006106525189479645
IAR-C2-OC80_minus_IAR4,diagnostic_400_500_nm,447.0,full_angle_pair_DoLP,0.043386028369893845,0.03481750368993933,0.008568524679954517
IAR-C2-OC80_minus_IAR4,diagnostic_400_500_nm,448.0,full_angle_pair_DoLP,0.0547501736070052,0.04815479257772743,0.006595381029277772
IAR-C2-OC80_minus_IAR4,diagnostic_400_500_nm,449.0,full_angle_pair_DoLP,0.06655938195006475,0.06222418333307477,0.004335198616989978
IAR-C2-OC80_minus_IAR4,diagnostic_400_500_nm,450.0,full_angle_pair_DoLP,0.06982656553943821,0.06681942660240957,0.0030071389370286417
IAR-C2-OC80_minus_IAR4,diagnostic_400_500_nm,451.0,full_angle_pair_DoLP,0.06849192925122652,0.06475729722983906,0.003734632021387463
IAR-C2-OC80_minus_IAR4,diagnostic_400_500_nm,452.0,full_angle_pair_DoLP,0.05952344856378938,0.05256001873199489,0.0069634298317944945
IAR-C2-OC80_minus_IAR4,diagnostic_400_500_nm,453.0,full_angle_pair_DoLP,0.03660971235128121,0.026719490367337395,0.009890221983943813
IAR-C2-OC80_minus_IAR4,diagnostic_400_500_nm,454.0,full_angle_pair_DoLP,0.01047161924572481,0.01595793498281277,-0.005486315737087959
IAR-C2-OC80_minus_IAR4,diagnostic_400_500_nm,455.0,full_angle_pair_DoLP,0.019504726168573065,0.03158318160156051,-0.012078455432987446
IAR-C2-OC80_minus_IAR4,diagnostic_400_500_nm,456.0,full_angle_pair_DoLP,0.031621997731403145,0.042242083109910136,-0.010620085378506991
IAR-C2-OC80_minus_IAR4,diagnostic_400_500_nm,457.0,full_angle_pair_DoLP,0.04050082674284715,0.052547514814481944,-0.012046688071634795
IAR-C2-OC80_minus_IAR4,diagnostic_400_500_nm,458.0,full_angle_pair_DoLP,0.04854810748261868,0.06405207153972547,-0.015503964057106794
IAR-C2-OC80_minus_IAR4,diagnostic_400_500_nm,459.0,full_angle_pair_DoLP,0.054189725761114665,0.0701878656781507,-0.01599813991703604
IAR-C2-OC80_minus_IAR4,diagnostic_400_500_nm,460.0,full_angle_pair_DoLP,0.04592202611092418,0.05900712524403837,-0.013085099133114196
IAR-C2-OC80_minus_IAR4,diagnostic_400_500_nm,461.0,full_angle_pair_DoLP,0.03583233915678139,0.0442890751013378,-0.008456735944556412
IAR-C2-OC80_minus_IAR4,diagnostic_400_500_nm,462.0,full_angle_pair_DoLP,0.03833279862480201,0.04426214445434582,-0.005929345829543811
IAR-C2-OC80_minus_IAR4,diagnostic_400_500_nm,463.0,full_angle_pair_DoLP,0.031263917416153,0.035131248598145544,-0.0038673311819925407
IAR-C2-OC80_minus_IAR4,diagnostic_400_500_nm,464.0,full_angle_pair_DoLP,0.023876015373847006,0.024383536623954975,-0.0005075212501079694
IAR-C2-OC80_minus_IAR4,diagnostic_400_500_nm,465.0,full_angle_pair_DoLP,0.0230572965699952,0.02196139341545457,0.001095903154540629
IAR-C2-OC80_minus_IAR4,diagnostic_400_500_nm,466.0,full_angle_pair_DoLP,0.023181299992009376,0.02532165990329717,-0.002140359911287793
IAR-C2-OC80_minus_IAR4,diagnostic_400_500_nm,467.0,full_angle_pair_DoLP,0.025906589652989927,0.03215094524360226,-0.00624435559061233
IAR-C2-OC80_minus_IAR4,diagnostic_400_500_nm,468.0,full_angle_pair_DoLP,0.02800504699031965,0.037894231618041445,-0.009889184627721793
IAR-C2-OC80_minus_IAR4,diagnostic_400_500_nm,469.0,full_angle_pair_DoLP,0.028497546642420622,0.03988068144507622,-0.011383134802655598
IAR-C2-OC80_minus_IAR4,diagnostic_400_500_nm,470.0,full_angle_pair_DoLP,0.02698601641430473,0.03798247298432207,-0.01099645657001734
IAR-C2-OC80_minus_IAR4,diagnostic_400_500_nm,471.0,full_angle_pair_DoLP,0.023589505983674656,0.03342574912886881,-0.009836243145194153
IAR-C2-OC80_minus_IAR4,diagnostic_400_500_nm,472.0,full_angle_pair_DoLP,0.01946769969722592,0.02813807043473325,-0.00867037073750733
IAR-C2-OC80_minus_IAR4,diagnostic_400_500_nm,473.0,full_angle_pair_DoLP,0.01915509029535853,0.02668866712053385,-0.007533576825175321
IAR-C2-OC80_minus_IAR4,diagnostic_400_500_nm,474.0,full_angle_pair_DoLP,0.021881629004631416,0.028630368946212167,-0.006748739941580751
IAR-C2-OC80_minus_IAR4,diagnostic_400_500_nm,475.0,full_angle_pair_DoLP,0.03059080264151261,0.03596499933450624,-0.005374196692993629
IAR-C2-OC80_minus_IAR4,diagnostic_400_500_nm,476.0,full_angle_pair_DoLP,0.04734225805132576,0.05114838014543129,-0.003806122094105531
IAR-C2-OC80_minus_IAR4,diagnostic_400_500_nm,477.0,full_angle_pair_DoLP,0.06223766715180764,0.06299635611153598,-0.0007586889597283389
IAR-C2-OC80_minus_IAR4,diagnostic_400_500_nm,478.0,full_angle_pair_DoLP,0.06735389354748905,0.0677300378230277,-0.0003761442755386424
IAR-C2-OC80_minus_IAR4,diagnostic_400_500_nm,479.0,full_angle_pair_DoLP,0.07541855191261675,0.07551228592064356,-9.373400802681342e-05
IAR-C2-OC80_minus_IAR4,diagnostic_400_500_nm,480.0,full_angle_pair_DoLP,0.08097354080205675,0.0806989504113087,0.00027459039074805014
IAR-C2-OC80_minus_IAR4,diagnostic_400_500_nm,481.0,full_angle_pair_DoLP,0.08062458718983283,0.08016312348280383,0.0004614637070290001
IAR-C2-OC80_minus_IAR4,diagnostic_400_500_nm,482.0,full_angle_pair_DoLP,0.07632472057368082,0.07563131930904383,0.0006934012646369891
IAR-C2-OC80_minus_IAR4,diagnostic_400_500_nm,483.0,full_angle_pair_DoLP,0.07219968492386263,0.0709766346125585,0.0012230503113041247
IAR-C2-OC80_minus_IAR4,diagnostic_400_500_nm,484.0,full_angle_pair_DoLP,0.06988952238319604,0.06815787762499009,0.0017316447582059469
IAR-C2-OC80_minus_IAR4,diagnostic_400_500_nm,485.0,full_angle_pair_DoLP,0.0728691492066532,0.07187761733930706,0.0009915318673461432
IAR-C2-OC80_minus_IAR4,diagnostic_400_500_nm,486.0,full_angle_pair_DoLP,0.07557562274412184,0.07621193202013386,-0.0006363092760120204
IAR-C2-OC80_minus_IAR4,diagnostic_400_500_nm,487.0,full_angle_pair_DoLP,0.08168104781470199,0.08151408791852795,0.00016695989617404594
IAR-C2-OC80_minus_IAR4,diagnostic_400_500_nm,488.0,full_angle_pair_DoLP,0.0848775593083656,0.08534709680043004,-0.00046953749206443685
IAR-C2-OC80_minus_IAR4,diagnostic_400_500_nm,489.0,full_angle_pair_DoLP,0.0919430381368337,0.0934902371850091,-0.0015471990481753933
IAR-C2-OC80_minus_IAR4,diagnostic_400_500_nm,490.0,full_angle_pair_DoLP,0.09327003065633219,0.0962508316012827,-0.0029808009449505124
IAR-C2-OC80_minus_IAR4,diagnostic_400_500_nm,491.0,full_angle_pair_DoLP,0.09686130718425118,0.10079498831454152,-0.003933681130290342
IAR-C2-OC80_minus_IAR4,diagnostic_400_500_nm,492.0,full_angle_pair_DoLP,0.09633612185402154,0.10059659807933642,-0.004260476225314877
IAR-C2-OC80_minus_IAR4,diagnostic_400_500_nm,493.0,full_angle_pair_DoLP,0.0944059457717123,0.0988065396007188,-0.0044005938290065105
IAR-C2-OC80_minus_IAR4,diagnostic_400_500_nm,494.0,full_angle_pair_DoLP,0.0905369269743259,0.09452824107366944,-0.003991314099343543
IAR-C2-OC80_minus_IAR4,diagnostic_400_500_nm,495.0,full_angle_pair_DoLP,0.08529316628137687,0.08837940200074254,-0.003086235719365671
IAR-C2-OC80_minus_IAR4,diagnostic_400_500_nm,496.0,full_angle_pair_DoLP,0.08115854369464501,0.08323270877621342,-0.0020741650815684076
IAR-C2-OC80_minus_IAR4,diagnostic_400_500_nm,497.0,full_angle_pair_DoLP,0.07836651757392593,0.0794808788642956,-0.001114361290369667
IAR-C2-OC80_minus_IAR4,diagnostic_400_500_nm,498.0,full_angle_pair_DoLP,0.06627593338167546,0.06676251268634463,-0.00048657930466916577
IAR-C2-OC80_minus_IAR4,diagnostic_400_500_nm,499.0,full_angle_pair_DoLP,0.0810127450496154,0.08233788162677556,-0.0013251365771601575
IAR-C2-OC80_minus_IAR4,diagnostic_400_500_nm,500.0,full_angle_pair_DoLP,0.08793503983194446,0.0902483853281217,-0.0023133454961772326
IAR-C2-OC80_minus_IAR4,diagnostic_400_500_nm,400.0,upward_source_normalized_power_pair,0.006328034656384752,0.006305102547883622,2.293210850112977e-05
IAR-C2-OC80_minus_IAR4,diagnostic_400_500_nm,401.0,upward_source_normalized_power_pair,0.006945358340711402,0.006874490683257874,7.086765745352788e-05
IAR-C2-OC80_minus_IAR4,diagnostic_400_500_nm,402.0,upward_source_normalized_power_pair,0.007446679150525649,0.007346466988680263,0.00010021216184538575
IAR-C2-OC80_minus_IAR4,diagnostic_400_500_nm,403.0,upward_source_normalized_power_pair,0.007248561589161204,0.007171399409294472,7.716217986673216e-05
IAR-C2-OC80_minus_IAR4,diagnostic_400_500_nm,404.0,upward_source_normalized_power_pair,0.007156506272645805,0.007072939711509629,8.356656113617592e-05
IAR-C2-OC80_minus_IAR4,diagnostic_400_500_nm,405.0,upward_source_normalized_power_pair,0.006959766687741613,0.006807887008499698,0.00015187967924191505
IAR-C2-OC80_minus_IAR4,diagnostic_400_500_nm,406.0,upward_source_normalized_power_pair,0.006963294592974588,0.006816883580756331,0.00014641101221825673
IAR-C2-OC80_minus_IAR4,diagnostic_400_500_nm,407.0,upward_source_normalized_power_pair,0.0069893789040383885,0.006925689664057354,6.368923998103463e-05
IAR-C2-OC80_minus_IAR4,diagnostic_400_500_nm,408.0,upward_source_normalized_power_pair,0.007070401801033882,0.007092629532019142,-2.2227730985259833e-05
IAR-C2-OC80_minus_IAR4,diagnostic_400_500_nm,409.0,upward_source_normalized_power_pair,0.007097899708022855,0.007152954950090808,-5.505524206795252e-05
IAR-C2-OC80_minus_IAR4,diagnostic_400_500_nm,410.0,upward_source_normalized_power_pair,0.007144008570750905,0.007191615726065864,-4.760715531495867e-05
IAR-C2-OC80_minus_IAR4,diagnostic_400_500_nm,411.0,upward_source_normalized_power_pair,0.0071780576807799375,0.007195992560519219,-1.7934879739281255e-05
IAR-C2-OC80_minus_IAR4,diagnostic_400_500_nm,412.0,upward_source_normalized_power_pair,0.007258706476762645,0.007242298682419761,1.6407794342884405e-05
IAR-C2-OC80_minus_IAR4,diagnostic_400_500_nm,413.0,upward_source_normalized_power_pair,0.007293293063839385,0.0072376516076935946,5.564145614579078e-05
IAR-C2-OC80_minus_IAR4,diagnostic_400_500_nm,414.0,upward_source_normalized_power_pair,0.007340208017541703,0.007326687747676093,1.3520269865610265e-05
IAR-C2-OC80_minus_IAR4,diagnostic_400_500_nm,415.0,upward_source_normalized_power_pair,0.0075343751714193295,0.007555022639787511,-2.0647468368181418e-05
IAR-C2-OC80_minus_IAR4,diagnostic_400_500_nm,416.0,upward_source_normalized_power_pair,0.007506541607040174,0.007500053946236625,6.487660803548498e-06
IAR-C2-OC80_minus_IAR4,diagnostic_400_500_nm,417.0,upward_source_normalized_power_pair,0.007490887933362212,0.007478048067911551,1.2839865450661389e-05
IAR-C2-OC80_minus_IAR4,diagnostic_400_500_nm,418.0,upward_source_normalized_power_pair,0.007675689094141966,0.007693191378579944,-1.750228443797748e-05
IAR-C2-OC80_minus_IAR4,diagnostic_400_500_nm,419.0,upward_source_normalized_power_pair,0.0077320714750713435,0.0077155615840554075,1.6509891015936e-05
IAR-C2-OC80_minus_IAR4,diagnostic_400_500_nm,420.0,upward_source_normalized_power_pair,0.007563733125313568,0.0074860473636253755,7.768576168819263e-05
IAR-C2-OC80_minus_IAR4,diagnostic_400_500_nm,421.0,upward_source_normalized_power_pair,0.0072126397451028335,0.007098894626402294,0.00011374511870053915
IAR-C2-OC80_minus_IAR4,diagnostic_400_500_nm,422.0,upward_source_normalized_power_pair,0.0068033264847854776,0.006710802726682545,9.25237581029326e-05
IAR-C2-OC80_minus_IAR4,diagnostic_400_500_nm,423.0,upward_source_normalized_power_pair,0.006480368750105521,0.006427579786588449,5.2788963517072345e-05
IAR-C2-OC80_minus_IAR4,diagnostic_400_500_nm,424.0,upward_source_normalized_power_pair,0.006353707535270808,0.006303062109559295,5.064542571151312e-05
IAR-C2-OC80_minus_IAR4,diagnostic_400_500_nm,425.0,upward_source_normalized_power_pair,0.006502274452629776,0.006442066317121813,6.020813550796332e-05
IAR-C2-OC80_minus_IAR4,diagnostic_400_500_nm,426.0,upward_source_normalized_power_pair,0.006798411450087788,0.0067181720529557055,8.02393971320826e-05
IAR-C2-OC80_minus_IAR4,diagnostic_400_500_nm,427.0,upward_source_normalized_power_pair,0.0072040958716840225,0.007137450126289184,6.664574539483846e-05
IAR-C2-OC80_minus_IAR4,diagnostic_400_500_nm,428.0,upward_source_normalized_power_pair,0.007422890164638051,0.007366709439717488,5.6180724920563106e-05
IAR-C2-OC80_minus_IAR4,diagnostic_400_500_nm,429.0,upward_source_normalized_power_pair,0.007465484690393409,0.0074312790972111045,3.420559318230432e-05
IAR-C2-OC80_minus_IAR4,diagnostic_400_500_nm,430.0,upward_source_normalized_power_pair,0.007360070421924175,0.007343303938172214,1.6766483751960888e-05
IAR-C2-OC80_minus_IAR4,diagnostic_400_500_nm,431.0,upward_source_normalized_power_pair,0.0073246097005111605,0.007330848915562983,-6.239215051822601e-06
IAR-C2-OC80_minus_IAR4,diagnostic_400_500_nm,432.0,upward_source_normalized_power_pair,0.007233500330695808,0.007249092863591827,-1.5592532896019015e-05
IAR-C2-OC80_minus_IAR4,diagnostic_400_500_nm,433.0,upward_source_normalized_power_pair,0.007213451408265553,0.007229267010789422,-1.5815602523868225e-05
IAR-C2-OC80_minus_IAR4,diagnostic_400_500_nm,434.0,upward_source_normalized_power_pair,0.007293576597369188,0.007301782056354967,-8.205458985778916e-06
IAR-C2-OC80_minus_IAR4,diagnostic_400_500_nm,435.0,upward_source_normalized_power_pair,0.0074419091213821335,0.007417723448462518,2.4185672919615347e-05
IAR-C2-OC80_minus_IAR4,diagnostic_400_500_nm,436.0,upward_source_normalized_power_pair,0.00782196521737235,0.007783331758240147,3.8633459132202466e-05
IAR-C2-OC80_minus_IAR4,diagnostic_400_500_nm,437.0,upward_source_normalized_power_pair,0.008203516483402918,0.008173178372947882,3.033811045503529e-05
IAR-C2-OC80_minus_IAR4,diagnostic_400_500_nm,438.0,upward_source_normalized_power_pair,0.008460412673585627,0.008462287661662144,-1.8749880765171062e-06
IAR-C2-OC80_minus_IAR4,diagnostic_400_500_nm,439.0,upward_source_normalized_power_pair,0.008607885398168159,0.008634985697184128,-2.7100299015968624e-05
IAR-C2-OC80_minus_IAR4,diagnostic_400_500_nm,440.0,upward_source_normalized_power_pair,0.008721546330579035,0.008748974714056727,-2.742838347769179e-05
IAR-C2-OC80_minus_IAR4,diagnostic_400_500_nm,441.0,upward_source_normalized_power_pair,0.008680253110840978,0.008711646867974453,-3.139375713347506e-05
IAR-C2-OC80_minus_IAR4,diagnostic_400_500_nm,442.0,upward_source_normalized_power_pair,0.008526923569761827,0.008577348138318694,-5.042456855686682e-05
IAR-C2-OC80_minus_IAR4,diagnostic_400_500_nm,443.0,upward_source_normalized_power_pair,0.008412217937441874,0.008442522857560246,-3.0304920118372214e-05
IAR-C2-OC80_minus_IAR4,diagnostic_400_500_nm,444.0,upward_source_normalized_power_pair,0.00834099795058904,0.008342094590012625,-1.096639423584303e-06
IAR-C2-OC80_minus_IAR4,diagnostic_400_500_nm,445.0,upward_source_normalized_power_pair,0.00834490951738509,0.008315761866299376,2.9147651085715057e-05
IAR-C2-OC80_minus_IAR4,diagnostic_400_500_nm,446.0,upward_source_normalized_power_pair,0.008329300465220957,0.00828193823434768,4.736223087327754e-05
IAR-C2-OC80_minus_IAR4,diagnostic_400_500_nm,447.0,upward_source_normalized_power_pair,0.008244856975453022,0.00818392968921463,6.0927286238392914e-05
IAR-C2-OC80_minus_IAR4,diagnostic_400_500_nm,448.0,upward_source_normalized_power_pair,0.00798528678673836,0.007917574291919019,6.771249481934104e-05
IAR-C2-OC80_minus_IAR4,diagnostic_400_500_nm,449.0,upward_source_normalized_power_pair,0.007715220138713043,0.0076605520602021655,5.466807851087739e-05
IAR-C2-OC80_minus_IAR4,diagnostic_400_500_nm,450.0,upward_source_normalized_power_pair,0.007426853480693007,0.007393072471433242,3.378100925976492e-05
IAR-C2-OC80_minus_IAR4,diagnostic_400_500_nm,451.0,upward_source_normalized_power_pair,0.007153624604684496,0.00713216281050681,2.1461794177685817e-05
IAR-C2-OC80_minus_IAR4,diagnostic_400_500_nm,452.0,upward_source_normalized_power_pair,0.0068877751271965056,0.006863961843069178,2.38132841273277e-05
IAR-C2-OC80_minus_IAR4,diagnostic_400_500_nm,453.0,upward_source_normalized_power_pair,0.006729384821704147,0.006710700452697591,1.868436900655593e-05
IAR-C2-OC80_minus_IAR4,diagnostic_400_500_nm,454.0,upward_source_normalized_power_pair,0.006602215466035457,0.0065866576983300285,1.555776770542812e-05
IAR-C2-OC80_minus_IAR4,diagnostic_400_500_nm,455.0,upward_source_normalized_power_pair,0.006606816269671472,0.006596376086013251,1.0440183658221025e-05
IAR-C2-OC80_minus_IAR4,diagnostic_400_500_nm,456.0,upward_source_normalized_power_pair,0.006703457097421511,0.006696120907834951,7.336189586560141e-06
IAR-C2-OC80_minus_IAR4,diagnostic_400_500_nm,457.0,upward_source_normalized_power_pair,0.006823103924587265,0.006823613132282783,-5.092076955180019e-07
IAR-C2-OC80_minus_IAR4,diagnostic_400_500_nm,458.0,upward_source_normalized_power_pair,0.006986389440350564,0.007000989389401897,-1.459994905133287e-05
IAR-C2-OC80_minus_IAR4,diagnostic_400_500_nm,459.0,upward_source_normalized_power_pair,0.007177171514862909,0.0071982376040524,-2.1066089189491002e-05
IAR-C2-OC80_minus_IAR4,diagnostic_400_500_nm,460.0,upward_source_normalized_power_pair,0.007369359724994839,0.007390776643016739,-2.1416918021899614e-05
IAR-C2-OC80_minus_IAR4,diagnostic_400_500_nm,461.0,upward_source_normalized_power_pair,0.007527751679374891,0.007553335995306554,-2.5584315931663146e-05
IAR-C2-OC80_minus_IAR4,diagnostic_400_500_nm,462.0,upward_source_normalized_power_pair,0.007617855961765861,0.0076554218717178775,-3.7565909952016335e-05
IAR-C2-OC80_minus_IAR4,diagnostic_400_500_nm,463.0,upward_source_normalized_power_pair,0.007720592829074495,0.007758525825864826,-3.79329967903309e-05
IAR-C2-OC80_minus_IAR4,diagnostic_400_500_nm,464.0,upward_source_normalized_power_pair,0.0077110783340338315,0.007748671267360079,-3.759293332624737e-05
IAR-C2-OC80_minus_IAR4,diagnostic_400_500_nm,465.0,upward_source_normalized_power_pair,0.007719670130381754,0.0077526784397467,-3.3008309364946156e-05
IAR-C2-OC80_minus_IAR4,diagnostic_400_500_nm,466.0,upward_source_normalized_power_pair,0.007827355604442275,0.00786289413529576,-3.5538530853484324e-05
IAR-C2-OC80_minus_IAR4,diagnostic_400_500_nm,467.0,upward_source_normalized_power_pair,0.007949757262591662,0.008006047373808462,-5.6290111216800165e-05
IAR-C2-OC80_minus_IAR4,diagnostic_400_500_nm,468.0,upward_source_normalized_power_pair,0.007988977980915617,0.008056863663561937,-6.788568264631985e-05
IAR-C2-OC80_minus_IAR4,diagnostic_400_500_nm,469.0,upward_source_normalized_power_pair,0.008078771085785062,0.008156273524746637,-7.750243896157555e-05
IAR-C2-OC80_minus_IAR4,diagnostic_400_500_nm,470.0,upward_source_normalized_power_pair,0.008217115792674864,0.008296821878541374,-7.970608586651065e-05
IAR-C2-OC80_minus_IAR4,diagnostic_400_500_nm,471.0,upward_source_normalized_power_pair,0.008333372950865281,0.008410013713515518,-7.664076265023745e-05
IAR-C2-OC80_minus_IAR4,diagnostic_400_500_nm,472.0,upward_source_normalized_power_pair,0.008324580619430807,0.008394068142529625,-6.948752309881776e-05
IAR-C2-OC80_minus_IAR4,diagnostic_400_500_nm,473.0,upward_source_normalized_power_pair,0.008252094124370425,0.008307215410623688,-5.51212862532624e-05
IAR-C2-OC80_minus_IAR4,diagnostic_400_500_nm,474.0,upward_source_normalized_power_pair,0.008165061681415682,0.008205242984004522,-4.0181302588839646e-05
IAR-C2-OC80_minus_IAR4,diagnostic_400_500_nm,475.0,upward_source_normalized_power_pair,0.008079858049192328,0.008109830004761544,-2.9971955569215933e-05
IAR-C2-OC80_minus_IAR4,diagnostic_400_500_nm,476.0,upward_source_normalized_power_pair,0.00800252001252715,0.008023852831700352,-2.1332819173202136e-05
IAR-C2-OC80_minus_IAR4,diagnostic_400_500_nm,477.0,upward_source_normalized_power_pair,0.008050535829579207,0.008051543675297475,-1.0078457182687711e-06
IAR-C2-OC80_minus_IAR4,diagnostic_400_500_nm,478.0,upward_source_normalized_power_pair,0.008175895483886864,0.008165437603285187,1.0457880601676822e-05
IAR-C2-OC80_minus_IAR4,diagnostic_400_500_nm,479.0,upward_source_normalized_power_pair,0.008382574972351505,0.008365224009248298,1.7350963103207606e-05
IAR-C2-OC80_minus_IAR4,diagnostic_400_500_nm,480.0,upward_source_normalized_power_pair,0.008631827899129267,0.008609745732473442,2.208216665582595e-05
IAR-C2-OC80_minus_IAR4,diagnostic_400_500_nm,481.0,upward_source_normalized_power_pair,0.008900205006160351,0.008876955538429931,2.324946773041986e-05
IAR-C2-OC80_minus_IAR4,diagnostic_400_500_nm,482.0,upward_source_normalized_power_pair,0.00917406665240199,0.009154074759066589,1.9991893335400898e-05
IAR-C2-OC80_minus_IAR4,diagnostic_400_500_nm,483.0,upward_source_normalized_power_pair,0.009413590901112595,0.009399219702983557,1.4371198129038351e-05
IAR-C2-OC80_minus_IAR4,diagnostic_400_500_nm,484.0,upward_source_normalized_power_pair,0.009570158743417007,0.009561340232541972,8.818510875035698e-06
IAR-C2-OC80_minus_IAR4,diagnostic_400_500_nm,485.0,upward_source_normalized_power_pair,0.009619349200777238,0.009618817707766392,5.314930108454852e-07
IAR-C2-OC80_minus_IAR4,diagnostic_400_500_nm,486.0,upward_source_normalized_power_pair,0.009775434961249165,0.009789963512841528,-1.4528551592363562e-05
IAR-C2-OC80_minus_IAR4,diagnostic_400_500_nm,487.0,upward_source_normalized_power_pair,0.01001621024925108,0.010038931906403366,-2.27216571522873e-05
IAR-C2-OC80_minus_IAR4,diagnostic_400_500_nm,488.0,upward_source_normalized_power_pair,0.010233717194052807,0.010267691701903555,-3.397450785074842e-05
IAR-C2-OC80_minus_IAR4,diagnostic_400_500_nm,489.0,upward_source_normalized_power_pair,0.010501719673009238,0.010572668362339277,-7.094868933003873e-05
IAR-C2-OC80_minus_IAR4,diagnostic_400_500_nm,490.0,upward_source_normalized_power_pair,0.010678707457906554,0.010799266953497408,-0.00012055949559085406
IAR-C2-OC80_minus_IAR4,diagnostic_400_500_nm,491.0,upward_source_normalized_power_pair,0.010864341478547212,0.010993966548527948,-0.00012962506998073602
IAR-C2-OC80_minus_IAR4,diagnostic_400_500_nm,492.0,upward_source_normalized_power_pair,0.01109657189863704,0.01122187461014525,-0.00012530271150821073
IAR-C2-OC80_minus_IAR4,diagnostic_400_500_nm,493.0,upward_source_normalized_power_pair,0.011406023208942956,0.011518269515048127,-0.0001122463061051706
IAR-C2-OC80_minus_IAR4,diagnostic_400_500_nm,494.0,upward_source_normalized_power_pair,0.011825361661861062,0.011919900386271096,-9.453872441003361e-05
IAR-C2-OC80_minus_IAR4,diagnostic_400_500_nm,495.0,upward_source_normalized_power_pair,0.012288560702437966,0.012366414309319517,-7.785360688155121e-05
IAR-C2-OC80_minus_IAR4,diagnostic_400_500_nm,496.0,upward_source_normalized_power_pair,0.012668737534170861,0.012733246391654733,-6.450885748387168e-05
IAR-C2-OC80_minus_IAR4,diagnostic_400_500_nm,497.0,upward_source_normalized_power_pair,0.01293835451301947,0.012989454766920473,-5.110025390100276e-05
IAR-C2-OC80_minus_IAR4,diagnostic_400_500_nm,498.0,upward_source_normalized_power_pair,0.013094037245268971,0.013134678033257699,-4.064078798872786e-05
IAR-C2-OC80_minus_IAR4,diagnostic_400_500_nm,499.0,upward_source_normalized_power_pair,0.0130165055236449,0.013057529298696842,-4.102377505194217e-05
IAR-C2-OC80_minus_IAR4,diagnostic_400_500_nm,500.0,upward_source_normalized_power_pair,0.01299306217620988,0.013044801785035847,-5.173960882596737e-05
IAR-C2-OC80_minus_IAR4,diagnostic_400_500_nm,400.0,useful_LP_axisfree_pair,1.5096638580351105,1.4782747139038594,0.031389144131251046
IAR-C2-OC80_minus_IAR4,diagnostic_400_500_nm,401.0,useful_LP_axisfree_pair,1.6216011727001993,1.5765405279452152,0.04506064475498417
IAR-C2-OC80_minus_IAR4,diagnostic_400_500_nm,402.0,useful_LP_axisfree_pair,1.7032928511400924,1.6525322462305838,0.05076060490950862
IAR-C2-OC80_minus_IAR4,diagnostic_400_500_nm,403.0,useful_LP_axisfree_pair,1.646256266349697,1.6012423730147523,0.045013893334944655
IAR-C2-OC80_minus_IAR4,diagnostic_400_500_nm,404.0,useful_LP_axisfree_pair,1.6720349063891313,1.6354382198044835,0.036596686584647875
IAR-C2-OC80_minus_IAR4,diagnostic_400_500_nm,405.0,useful_LP_axisfree_pair,1.6569619860019218,1.5800980691656124,0.07686391683630944
IAR-C2-OC80_minus_IAR4,diagnostic_400_500_nm,406.0,useful_LP_axisfree_pair,1.6751796068241578,1.590277955130926,0.08490165169323172
IAR-C2-OC80_minus_IAR4,diagnostic_400_500_nm,407.0,useful_LP_axisfree_pair,1.7463102692638621,1.7122948651740544,0.034015404089807744
IAR-C2-OC80_minus_IAR4,diagnostic_400_500_nm,408.0,useful_LP_axisfree_pair,1.8112600073731184,1.814463875916302,-0.0032038685431836633
IAR-C2-OC80_minus_IAR4,diagnostic_400_500_nm,409.0,useful_LP_axisfree_pair,1.8189761508866746,1.8381027466926307,-0.019126595805956104
IAR-C2-OC80_minus_IAR4,diagnostic_400_500_nm,410.0,useful_LP_axisfree_pair,1.7885269698368431,1.8100712505692669,-0.02154428073242376
IAR-C2-OC80_minus_IAR4,diagnostic_400_500_nm,411.0,useful_LP_axisfree_pair,1.7419439962197334,1.7558082921259295,-0.013864295906196089
IAR-C2-OC80_minus_IAR4,diagnostic_400_500_nm,412.0,useful_LP_axisfree_pair,1.7438586770345113,1.751337518392916,-0.00747884135840482
IAR-C2-OC80_minus_IAR4,diagnostic_400_500_nm,413.0,useful_LP_axisfree_pair,1.7183091721871167,1.7239462261989293,-0.005637054011812692
IAR-C2-OC80_minus_IAR4,diagnostic_400_500_nm,414.0,useful_LP_axisfree_pair,1.7506511377676186,1.7138438066713242,0.036807331096294416
IAR-C2-OC80_minus_IAR4,diagnostic_400_500_nm,415.0,useful_LP_axisfree_pair,1.8969626887279734,1.8483176102410108,0.048645078486962534
IAR-C2-OC80_minus_IAR4,diagnostic_400_500_nm,416.0,useful_LP_axisfree_pair,1.9324525347386863,1.8947922623658056,0.03766027237288072
IAR-C2-OC80_minus_IAR4,diagnostic_400_500_nm,417.0,useful_LP_axisfree_pair,1.98455927452114,1.9620355724329246,0.022523702088215414
IAR-C2-OC80_minus_IAR4,diagnostic_400_500_nm,418.0,useful_LP_axisfree_pair,2.049863840195368,2.0356633990364448,0.014200441158923383
IAR-C2-OC80_minus_IAR4,diagnostic_400_500_nm,419.0,useful_LP_axisfree_pair,1.9801309997080065,1.9425094499049957,0.0376215498030108
IAR-C2-OC80_minus_IAR4,diagnostic_400_500_nm,420.0,useful_LP_axisfree_pair,1.8420826771605794,1.7998293566751078,0.04225332048547159
IAR-C2-OC80_minus_IAR4,diagnostic_400_500_nm,421.0,useful_LP_axisfree_pair,1.7152873143704914,1.6983423972410203,0.016944917129471104
IAR-C2-OC80_minus_IAR4,diagnostic_400_500_nm,422.0,useful_LP_axisfree_pair,1.5820041992289489,1.5821090605472783,-0.00010486131832943002
IAR-C2-OC80_minus_IAR4,diagnostic_400_500_nm,423.0,useful_LP_axisfree_pair,1.4692494465233512,1.4801171820682082,-0.010867735544856982
IAR-C2-OC80_minus_IAR4,diagnostic_400_500_nm,424.0,useful_LP_axisfree_pair,1.424238824271569,1.4359990190980665,-0.011760194826497594
IAR-C2-OC80_minus_IAR4,diagnostic_400_500_nm,425.0,useful_LP_axisfree_pair,1.46535167301638,1.4752704563594872,-0.00991878334310714
IAR-C2-OC80_minus_IAR4,diagnostic_400_500_nm,426.0,useful_LP_axisfree_pair,1.5709643241336515,1.5804535654778895,-0.009489241344238009
IAR-C2-OC80_minus_IAR4,diagnostic_400_500_nm,427.0,useful_LP_axisfree_pair,1.7182006355891375,1.730245480494337,-0.012044844905199525
IAR-C2-OC80_minus_IAR4,diagnostic_400_500_nm,428.0,useful_LP_axisfree_pair,1.8061868599151114,1.8080291030997326,-0.0018422431846212284
IAR-C2-OC80_minus_IAR4,diagnostic_400_500_nm,429.0,useful_LP_axisfree_pair,1.8275443668726459,1.8201544902757265,0.007389876596919365
IAR-C2-OC80_minus_IAR4,diagnostic_400_500_nm,430.0,useful_LP_axisfree_pair,1.7922097006343851,1.7978022961587785,-0.005592595524393396
IAR-C2-OC80_minus_IAR4,diagnostic_400_500_nm,431.0,useful_LP_axisfree_pair,1.7617599912706494,1.760084324523314,0.0016756667473354359
IAR-C2-OC80_minus_IAR4,diagnostic_400_500_nm,432.0,useful_LP_axisfree_pair,1.7579374367325842,1.7570405109192904,0.000896925813293814
IAR-C2-OC80_minus_IAR4,diagnostic_400_500_nm,433.0,useful_LP_axisfree_pair,1.7856943635538234,1.783982239348282,0.0017121242055413433
IAR-C2-OC80_minus_IAR4,diagnostic_400_500_nm,434.0,useful_LP_axisfree_pair,1.8349550178379856,1.8227281039203618,0.012226913917623872
IAR-C2-OC80_minus_IAR4,diagnostic_400_500_nm,435.0,useful_LP_axisfree_pair,1.8981273603528157,1.8709222989530179,0.027205061399797836
IAR-C2-OC80_minus_IAR4,diagnostic_400_500_nm,436.0,useful_LP_axisfree_pair,2.030349344519375,2.0070763216375545,0.023273022881820538
IAR-C2-OC80_minus_IAR4,diagnostic_400_500_nm,437.0,useful_LP_axisfree_pair,2.1792140860780638,2.1648986903795717,0.01431539569849205
IAR-C2-OC80_minus_IAR4,diagnostic_400_500_nm,438.0,useful_LP_axisfree_pair,2.305526059829501,2.288309542430736,0.017216517398765063
IAR-C2-OC80_minus_IAR4,diagnostic_400_500_nm,439.0,useful_LP_axisfree_pair,2.3602467181875095,2.346824036197082,0.01342268199042751
IAR-C2-OC80_minus_IAR4,diagnostic_400_500_nm,440.0,useful_LP_axisfree_pair,2.387568744661867,2.3830232411417445,0.004545503520122729
IAR-C2-OC80_minus_IAR4,diagnostic_400_500_nm,441.0,useful_LP_axisfree_pair,2.3567684505381634,2.3661551124885776,-0.009386661950414155
IAR-C2-OC80_minus_IAR4,diagnostic_400_500_nm,442.0,useful_LP_axisfree_pair,2.295007070801622,2.318243040478538,-0.023235969676916213
IAR-C2-OC80_minus_IAR4,diagnostic_400_500_nm,443.0,useful_LP_axisfree_pair,2.230855109045899,2.245489128255401,-0.014634019209502025
IAR-C2-OC80_minus_IAR4,diagnostic_400_500_nm,444.0,useful_LP_axisfree_pair,2.1996570972695144,2.202768707321458,-0.003111610051943714
IAR-C2-OC80_minus_IAR4,diagnostic_400_500_nm,445.0,useful_LP_axisfree_pair,2.1962819469690995,2.1927830774397576,0.0034988695293418637
IAR-C2-OC80_minus_IAR4,diagnostic_400_500_nm,446.0,useful_LP_axisfree_pair,2.1901468072864887,2.185940295616171,0.004206511670317603
IAR-C2-OC80_minus_IAR4,diagnostic_400_500_nm,447.0,useful_LP_axisfree_pair,2.1614890570374534,2.1521516066126227,0.009337450424830696
IAR-C2-OC80_minus_IAR4,diagnostic_400_500_nm,448.0,useful_LP_axisfree_pair,2.1125751940059674,2.0986624358504407,0.013912758155526728
IAR-C2-OC80_minus_IAR4,diagnostic_400_500_nm,449.0,useful_LP_axisfree_pair,2.0421047282675078,2.0279115478466125,0.014193180420895235
IAR-C2-OC80_minus_IAR4,diagnostic_400_500_nm,450.0,useful_LP_axisfree_pair,1.9502723797637547,1.9382879676128872,0.01198441215086743
IAR-C2-OC80_minus_IAR4,diagnostic_400_500_nm,451.0,useful_LP_axisfree_pair,1.8653627765806495,1.8505409808653046,0.014821795715344921
IAR-C2-OC80_minus_IAR4,diagnostic_400_500_nm,452.0,useful_LP_axisfree_pair,1.7875929926320266,1.7633638040706452,0.024229188561381454
IAR-C2-OC80_minus_IAR4,diagnostic_400_500_nm,453.0,useful_LP_axisfree_pair,1.7033170568446083,1.6793629596619797,0.023954097182628642
IAR-C2-OC80_minus_IAR4,diagnostic_400_500_nm,454.0,useful_LP_axisfree_pair,1.620737065922613,1.6145051092095335,0.006231956713079523
IAR-C2-OC80_minus_IAR4,diagnostic_400_500_nm,455.0,useful_LP_axisfree_pair,1.5974774564542993,1.6090355183414033,-0.011558061887104065
IAR-C2-OC80_minus_IAR4,diagnostic_400_500_nm,456.0,useful_LP_axisfree_pair,1.6083123802640382,1.6295952204133,-0.02128284014926174
IAR-C2-OC80_minus_IAR4,diagnostic_400_500_nm,457.0,useful_LP_axisfree_pair,1.6251827572015096,1.6562336973607998,-0.03105094015929022
IAR-C2-OC80_minus_IAR4,diagnostic_400_500_nm,458.0,useful_LP_axisfree_pair,1.6696300458278344,1.7098995348166812,-0.04026948898884686
IAR-C2-OC80_minus_IAR4,diagnostic_400_500_nm,459.0,useful_LP_axisfree_pair,1.7224651429630013,1.7649218361622843,-0.04245669319928291
IAR-C2-OC80_minus_IAR4,diagnostic_400_500_nm,460.0,useful_LP_axisfree_pair,1.755861366979372,1.7960078143275124,-0.040146447348140546
IAR-C2-OC80_minus_IAR4,diagnostic_400_500_nm,461.0,useful_LP_axisfree_pair,1.7768015717399877,1.8102208840593135,-0.03341931231932582
IAR-C2-OC80_minus_IAR4,diagnostic_400_500_nm,462.0,useful_LP_axisfree_pair,1.799849124327645,1.8282886779925152,-0.028439553664870054
IAR-C2-OC80_minus_IAR4,diagnostic_400_500_nm,463.0,useful_LP_axisfree_pair,1.8162987263386285,1.8363244360044815,-0.02002570966585293
IAR-C2-OC80_minus_IAR4,diagnostic_400_500_nm,464.0,useful_LP_axisfree_pair,1.824140791527173,1.8367547324828013,-0.012613940955628289
IAR-C2-OC80_minus_IAR4,diagnostic_400_500_nm,465.0,useful_LP_axisfree_pair,1.8169579781980896,1.8216345904164475,-0.004676612218357912
IAR-C2-OC80_minus_IAR4,diagnostic_400_500_nm,466.0,useful_LP_axisfree_pair,1.7994944566189,1.8002477456322354,-0.0007532890133354897
IAR-C2-OC80_minus_IAR4,diagnostic_400_500_nm,467.0,useful_LP_axisfree_pair,1.802110381055727,1.8141480744782577,-0.012037693422530582
IAR-C2-OC80_minus_IAR4,diagnostic_400_500_nm,468.0,useful_LP_axisfree_pair,1.782114402675989,1.8099894994892223,-0.027875096813233302
IAR-C2-OC80_minus_IAR4,diagnostic_400_500_nm,469.0,useful_LP_axisfree_pair,1.7776899970144882,1.8157355114840017,-0.03804551446951354
IAR-C2-OC80_minus_IAR4,diagnostic_400_500_nm,470.0,useful_LP_axisfree_pair,1.7852333529570743,1.8215136390687776,-0.03628028611170331
IAR-C2-OC80_minus_IAR4,diagnostic_400_500_nm,471.0,useful_LP_axisfree_pair,1.7907312975529261,1.8203710634054753,-0.029639765852549127
IAR-C2-OC80_minus_IAR4,diagnostic_400_500_nm,472.0,useful_LP_axisfree_pair,1.7769270278052696,1.800080649881571,-0.02315362207630134
IAR-C2-OC80_minus_IAR4,diagnostic_400_500_nm,473.0,useful_LP_axisfree_pair,1.7596882002788063,1.7747528176655265,-0.015064617386720158
IAR-C2-OC80_minus_IAR4,diagnostic_400_500_nm,474.0,useful_LP_axisfree_pair,1.7515623617918612,1.757381350104628,-0.005818988312766837
IAR-C2-OC80_minus_IAR4,diagnostic_400_500_nm,475.0,useful_LP_axisfree_pair,1.7486637649504013,1.7456692346451022,0.00299453030529917
IAR-C2-OC80_minus_IAR4,diagnostic_400_500_nm,476.0,useful_LP_axisfree_pair,1.7518329730577809,1.741026209802087,0.010806763255693852
IAR-C2-OC80_minus_IAR4,diagnostic_400_500_nm,477.0,useful_LP_axisfree_pair,1.790574951070001,1.7669028046542479,0.023672146415753215
IAR-C2-OC80_minus_IAR4,diagnostic_400_500_nm,478.0,useful_LP_axisfree_pair,1.8216889331841783,1.7924304320555196,0.029258501128658798
IAR-C2-OC80_minus_IAR4,diagnostic_400_500_nm,479.0,useful_LP_axisfree_pair,1.8819413757545078,1.8491457291960862,0.0327956465584216
IAR-C2-OC80_minus_IAR4,diagnostic_400_500_nm,480.0,useful_LP_axisfree_pair,1.9590803434150998,1.923430556589037,0.03564978682606279
IAR-C2-OC80_minus_IAR4,diagnostic_400_500_nm,481.0,useful_LP_axisfree_pair,2.042461668536446,2.0049356401799434,0.03752602835650265
IAR-C2-OC80_minus_IAR4,diagnostic_400_500_nm,482.0,useful_LP_axisfree_pair,2.127718706856631,2.090398806297689,0.03731990055894174
IAR-C2-OC80_minus_IAR4,diagnostic_400_500_nm,483.0,useful_LP_axisfree_pair,2.2114320392499276,2.176287005260235,0.035145033989692376
IAR-C2-OC80_minus_IAR4,diagnostic_400_500_nm,484.0,useful_LP_axisfree_pair,2.287659669014826,2.2558044167181603,0.031855252296665526
IAR-C2-OC80_minus_IAR4,diagnostic_400_500_nm,485.0,useful_LP_axisfree_pair,2.351945806857819,2.3261597144709447,0.025786092386874238
IAR-C2-OC80_minus_IAR4,diagnostic_400_500_nm,486.0,useful_LP_axisfree_pair,2.4270470861265396,2.410862520871306,0.016184565255233707
IAR-C2-OC80_minus_IAR4,diagnostic_400_500_nm,487.0,useful_LP_axisfree_pair,2.5093408651236517,2.4955667044515066,0.013774160672145097
IAR-C2-OC80_minus_IAR4,diagnostic_400_500_nm,488.0,useful_LP_axisfree_pair,2.583145345801195,2.5743508697231827,0.008794476078012092
IAR-C2-OC80_minus_IAR4,diagnostic_400_500_nm,489.0,useful_LP_axisfree_pair,2.665674269136295,2.6704189168086687,-0.004744647672373592
IAR-C2-OC80_minus_IAR4,diagnostic_400_500_nm,490.0,useful_LP_axisfree_pair,2.7101465810073493,2.735502260454354,-0.025355679447004675
IAR-C2-OC80_minus_IAR4,diagnostic_400_500_nm,491.0,useful_LP_axisfree_pair,2.7583859016201666,2.794932194335902,-0.036546292715735174
IAR-C2-OC80_minus_IAR4,diagnostic_400_500_nm,492.0,useful_LP_axisfree_pair,2.8172358395879704,2.859478390322991,-0.04224255073502059
IAR-C2-OC80_minus_IAR4,diagnostic_400_500_nm,493.0,useful_LP_axisfree_pair,2.8952010201878613,2.94072777391227,-0.04552675372440884
IAR-C2-OC80_minus_IAR4,diagnostic_400_500_nm,494.0,useful_LP_axisfree_pair,2.9962297964234605,3.041887950618888,-0.045658154195427514
IAR-C2-OC80_minus_IAR4,diagnostic_400_500_nm,495.0,useful_LP_axisfree_pair,3.102258682480973,3.1460208173963453,-0.043762134915372286
IAR-C2-OC80_minus_IAR4,diagnostic_400_500_nm,496.0,useful_LP_axisfree_pair,3.18747137274448,3.2288349883503473,-0.04136361560586721
IAR-C2-OC80_minus_IAR4,diagnostic_400_500_nm,497.0,useful_LP_axisfree_pair,3.2471362213764636,3.2843889478453367,-0.03725272646887312
IAR-C2-OC80_minus_IAR4,diagnostic_400_500_nm,498.0,useful_LP_axisfree_pair,3.264704416350907,3.2986163048544594,-0.03391188850355231
IAR-C2-OC80_minus_IAR4,diagnostic_400_500_nm,499.0,useful_LP_axisfree_pair,3.2795996683629003,3.3239555436531085,-0.044355875290208235
IAR-C2-OC80_minus_IAR4,diagnostic_400_500_nm,500.0,useful_LP_axisfree_pair,3.3110464511932114,3.3685627305996437,-0.057516279406432336
IAR-C2-OC80_minus_IAR4,diagnostic_400_500_nm,400.0,useful_LP_over_S0_pair,0.5378290340117429,0.533902099430307,0.0039269345814358925
IAR-C2-OC80_minus_IAR4,diagnostic_400_500_nm,401.0,useful_LP_over_S0_pair,0.5295664466243588,0.5245807878493728,0.004985658774986024
IAR-C2-OC80_minus_IAR4,diagnostic_400_500_nm,402.0,useful_LP_over_S0_pair,0.5185345967991913,0.5151619385254648,0.00337265827372657
IAR-C2-OC80_minus_IAR4,diagnostic_400_500_nm,403.0,useful_LP_over_S0_pair,0.5040792227583205,0.5016816907563402,0.0023975320019803403
IAR-C2-OC80_minus_IAR4,diagnostic_400_500_nm,404.0,useful_LP_over_S0_pair,0.5066904127040376,0.507104329850277,-0.00041391714623939535
IAR-C2-OC80_minus_IAR4,diagnostic_400_500_nm,405.0,useful_LP_over_S0_pair,0.5085132214823804,0.5036868890228671,0.0048263324595133605
IAR-C2-OC80_minus_IAR4,diagnostic_400_500_nm,406.0,useful_LP_over_S0_pair,0.5134227272798924,0.5055786033737063,0.007844123906186051
IAR-C2-OC80_minus_IAR4,diagnostic_400_500_nm,407.0,useful_LP_over_S0_pair,0.5292675613660752,0.5274079788596732,0.0018595825064020577
IAR-C2-OC80_minus_IAR4,diagnostic_400_500_nm,408.0,useful_LP_over_S0_pair,0.5423942411273601,0.5397338494595962,0.002660391667763884
IAR-C2-OC80_minus_IAR4,diagnostic_400_500_nm,409.0,useful_LP_over_S0_pair,0.5387625550046616,0.5374062097504406,0.0013563452542210142
IAR-C2-OC80_minus_IAR4,diagnostic_400_500_nm,410.0,useful_LP_over_S0_pair,0.5286651466177309,0.5297253011610746,-0.0010601545433437387
IAR-C2-OC80_minus_IAR4,diagnostic_400_500_nm,411.0,useful_LP_over_S0_pair,0.5165478094408642,0.5182440309911278,-0.0016962215502636102
IAR-C2-OC80_minus_IAR4,diagnostic_400_500_nm,412.0,useful_LP_over_S0_pair,0.5174656646459513,0.5208304834830482,-0.003364818837096828
IAR-C2-OC80_minus_IAR4,diagnostic_400_500_nm,413.0,useful_LP_over_S0_pair,0.5090142170338621,0.5166171733164043,-0.007602956282542261
IAR-C2-OC80_minus_IAR4,diagnostic_400_500_nm,414.0,useful_LP_over_S0_pair,0.5092651361573913,0.5031276873594911,0.006137448797900236
IAR-C2-OC80_minus_IAR4,diagnostic_400_500_nm,415.0,useful_LP_over_S0_pair,0.5260356348289129,0.5157947798130553,0.010240855015857586
IAR-C2-OC80_minus_IAR4,diagnostic_400_500_nm,416.0,useful_LP_over_S0_pair,0.5280155761232819,0.5198947992146581,0.008120776908623784
IAR-C2-OC80_minus_IAR4,diagnostic_400_500_nm,417.0,useful_LP_over_S0_pair,0.5373840556464629,0.5331162207960733,0.004267834850389507
IAR-C2-OC80_minus_IAR4,diagnostic_400_500_nm,418.0,useful_LP_over_S0_pair,0.5400128945783382,0.5371543458713921,0.002858548706946129
IAR-C2-OC80_minus_IAR4,diagnostic_400_500_nm,419.0,useful_LP_over_S0_pair,0.5249560485806729,0.5204431579527585,0.004512890627914379
IAR-C2-OC80_minus_IAR4,diagnostic_400_500_nm,420.0,useful_LP_over_S0_pair,0.5117940601805006,0.5098946717795041,0.0018993884009964601
IAR-C2-OC80_minus_IAR4,diagnostic_400_500_nm,421.0,useful_LP_over_S0_pair,0.5111191829169872,0.5181838536064931,-0.007064670689505892
IAR-C2-OC80_minus_IAR4,diagnostic_400_500_nm,422.0,useful_LP_over_S0_pair,0.5122838289079545,0.522012844840737,-0.009729015932782414
IAR-C2-OC80_minus_IAR4,diagnostic_400_500_nm,423.0,useful_LP_over_S0_pair,0.5108741551530162,0.520111076321258,-0.009236921168241818
IAR-C2-OC80_minus_IAR4,diagnostic_400_500_nm,424.0,useful_LP_over_S0_pair,0.508465074624867,0.5166708993059617,-0.008205824681094653
IAR-C2-OC80_minus_IAR4,diagnostic_400_500_nm,425.0,useful_LP_over_S0_pair,0.5054810622606825,0.5122013570703868,-0.006720294809704375
IAR-C2-OC80_minus_IAR4,diagnostic_400_500_nm,426.0,useful_LP_over_S0_pair,0.5043112153845007,0.509988227304294,-0.005677011919793307
IAR-C2-OC80_minus_IAR4,diagnostic_400_500_nm,427.0,useful_LP_over_S0_pair,0.5092146725057562,0.5118110000022174,-0.002596327496461104
IAR-C2-OC80_minus_IAR4,diagnostic_400_500_nm,428.0,useful_LP_over_S0_pair,0.5097887012062193,0.5081357020791294,0.001652999127089938
IAR-C2-OC80_minus_IAR4,diagnostic_400_500_nm,429.0,useful_LP_over_S0_pair,0.5082214867595733,0.5030033282652494,0.005218158494323943
IAR-C2-OC80_minus_IAR4,diagnostic_400_500_nm,430.0,useful_LP_over_S0_pair,0.5066792021234716,0.5053373029932298,0.0013418991302418526
IAR-C2-OC80_minus_IAR4,diagnostic_400_500_nm,431.0,useful_LP_over_S0_pair,0.5062571685428856,0.5029421394259611,0.003315029116924495
IAR-C2-OC80_minus_IAR4,diagnostic_400_500_nm,432.0,useful_LP_over_S0_pair,0.5130855535067124,0.5098505225714649,0.0032350309352474627
IAR-C2-OC80_minus_IAR4,diagnostic_400_500_nm,433.0,useful_LP_over_S0_pair,0.516978775541614,0.5123371547886533,0.004641620752960707
IAR-C2-OC80_minus_IAR4,diagnostic_400_500_nm,434.0,useful_LP_over_S0_pair,0.5181137405838658,0.5116166338426155,0.006497106741250369
IAR-C2-OC80_minus_IAR4,diagnostic_400_500_nm,435.0,useful_LP_over_S0_pair,0.5144615758017379,0.5069112626507637,0.007550313150974208
IAR-C2-OC80_minus_IAR4,diagnostic_400_500_nm,436.0,useful_LP_over_S0_pair,0.5192976960922223,0.5135592734042813,0.005738422687941003
IAR-C2-OC80_minus_IAR4,diagnostic_400_500_nm,437.0,useful_LP_over_S0_pair,0.5249676243520293,0.5206594129120745,0.0043082114399547455
IAR-C2-OC80_minus_IAR4,diagnostic_400_500_nm,438.0,useful_LP_over_S0_pair,0.53474577620787,0.5286723181788331,0.0060734580290369156
IAR-C2-OC80_minus_IAR4,diagnostic_400_500_nm,439.0,useful_LP_over_S0_pair,0.5400200330715396,0.5344020142383072,0.005618018833232319
IAR-C2-OC80_minus_IAR4,diagnostic_400_500_nm,440.0,useful_LP_over_S0_pair,0.5396279442658798,0.5366889068632968,0.0029390374025829447
IAR-C2-OC80_minus_IAR4,diagnostic_400_500_nm,441.0,useful_LP_over_S0_pair,0.5341042272178553,0.5333050671333907,0.0007991600844646785
IAR-C2-OC80_minus_IAR4,diagnostic_400_500_nm,442.0,useful_LP_over_S0_pair,0.5271394436803007,0.52712560414619,1.383953411071559e-05
IAR-C2-OC80_minus_IAR4,diagnostic_400_500_nm,443.0,useful_LP_over_S0_pair,0.5200702594928344,0.5183754884649847,0.0016947710278496508
IAR-C2-OC80_minus_IAR4,diagnostic_400_500_nm,444.0,useful_LP_over_S0_pair,0.5200638705797855,0.5174183464665107,0.0026455241132747886
IAR-C2-OC80_minus_IAR4,diagnostic_400_500_nm,445.0,useful_LP_over_S0_pair,0.5195273534627021,0.5160429908406536,0.0034843626220484314
IAR-C2-OC80_minus_IAR4,diagnostic_400_500_nm,446.0,useful_LP_over_S0_pair,0.5204792091204178,0.5165380747247726,0.0039411343956451406
IAR-C2-OC80_minus_IAR4,diagnostic_400_500_nm,447.0,useful_LP_over_S0_pair,0.5223117824866926,0.5178151537452148,0.004496628741477826
IAR-C2-OC80_minus_IAR4,diagnostic_400_500_nm,448.0,useful_LP_over_S0_pair,0.5268808259720292,0.5212686257631951,0.005612200208834128
IAR-C2-OC80_minus_IAR4,diagnostic_400_500_nm,449.0,useful_LP_over_S0_pair,0.530843423765201,0.5250842523229152,0.005759171442285771
IAR-C2-OC80_minus_IAR4,diagnostic_400_500_nm,450.0,useful_LP_over_S0_pair,0.5315580291465463,0.5267879188191468,0.0047701103273994905
IAR-C2-OC80_minus_IAR4,diagnostic_400_500_nm,451.0,useful_LP_over_S0_pair,0.5333250695745198,0.529136996916411,0.004188072658108721
IAR-C2-OC80_minus_IAR4,diagnostic_400_500_nm,452.0,useful_LP_over_S0_pair,0.5344280047276592,0.5285784098519662,0.005849594875692921
IAR-C2-OC80_minus_IAR4,diagnostic_400_500_nm,453.0,useful_LP_over_S0_pair,0.527269996555476,0.5201221028953562,0.007147893660119808
IAR-C2-OC80_minus_IAR4,diagnostic_400_500_nm,454.0,useful_LP_over_S0_pair,0.5167440480041375,0.5134813632566011,0.0032626847475364373
IAR-C2-OC80_minus_IAR4,diagnostic_400_500_nm,455.0,useful_LP_over_S0_pair,0.5115578461094463,0.5125167458240846,-0.0009588997146382505
IAR-C2-OC80_minus_IAR4,diagnostic_400_500_nm,456.0,useful_LP_over_S0_pair,0.5091144809677016,0.5121188263296572,-0.003004345361955596
IAR-C2-OC80_minus_IAR4,diagnostic_400_500_nm,457.0,useful_LP_over_S0_pair,0.508901852815456,0.5138441570596072,-0.004942304244151208
IAR-C2-OC80_minus_IAR4,diagnostic_400_500_nm,458.0,useful_LP_over_S0_pair,0.511029125438659,0.517271783975054,-0.0062426585363950515
IAR-C2-OC80_minus_IAR4,diagnostic_400_500_nm,459.0,useful_LP_over_S0_pair,0.5150592953075206,0.5208527117383057,-0.0057934164307851255
IAR-C2-OC80_minus_IAR4,diagnostic_400_500_nm,460.0,useful_LP_over_S0_pair,0.5139283040251373,0.5174280864674428,-0.0034997824423054213
IAR-C2-OC80_minus_IAR4,diagnostic_400_500_nm,461.0,useful_LP_over_S0_pair,0.5111553979845479,0.511360522939028,-0.00020512495448010704
IAR-C2-OC80_minus_IAR4,diagnostic_400_500_nm,462.0,useful_LP_over_S0_pair,0.5123950027833628,0.5111514377519688,0.0012435650313940005
IAR-C2-OC80_minus_IAR4,diagnostic_400_500_nm,463.0,useful_LP_over_S0_pair,0.5123898656965687,0.5099828099675534,0.0024070557290153394
IAR-C2-OC80_minus_IAR4,diagnostic_400_500_nm,464.0,useful_LP_over_S0_pair,0.5153675021422767,0.5119387913631972,0.003428710779079469
IAR-C2-OC80_minus_IAR4,diagnostic_400_500_nm,465.0,useful_LP_over_S0_pair,0.5163496262251144,0.512244832115733,0.00410479410938136
IAR-C2-OC80_minus_IAR4,diagnostic_400_500_nm,466.0,useful_LP_over_S0_pair,0.5137315050682328,0.5096276675991014,0.004103837469131455
IAR-C2-OC80_minus_IAR4,diagnostic_400_500_nm,467.0,useful_LP_over_S0_pair,0.5108062247325426,0.5098419712678816,0.0009642534646610024
IAR-C2-OC80_minus_IAR4,diagnostic_400_500_nm,468.0,useful_LP_over_S0_pair,0.5084235193248433,0.5120790019073084,-0.003655482582465064
IAR-C2-OC80_minus_IAR4,diagnostic_400_500_nm,469.0,useful_LP_over_S0_pair,0.5083676897209678,0.5149551822250711,-0.006587492504103287
IAR-C2-OC80_minus_IAR4,diagnostic_400_500_nm,470.0,useful_LP_over_S0_pair,0.5095618820177523,0.5163941397923645,-0.0068322577746121604
IAR-C2-OC80_minus_IAR4,diagnostic_400_500_nm,471.0,useful_LP_over_S0_pair,0.5100349160368433,0.5160659827333209,-0.006031066696477683
IAR-C2-OC80_minus_IAR4,diagnostic_400_500_nm,472.0,useful_LP_over_S0_pair,0.5101914844642339,0.5151862227185902,-0.004994738254356257
IAR-C2-OC80_minus_IAR4,diagnostic_400_500_nm,473.0,useful_LP_over_S0_pair,0.513026242667407,0.5167821716782051,-0.0037559290107980203
IAR-C2-OC80_minus_IAR4,diagnostic_400_500_nm,474.0,useful_LP_over_S0_pair,0.517439495565092,0.5202424094738677,-0.0028029139087757393
IAR-C2-OC80_minus_IAR4,diagnostic_400_500_nm,475.0,useful_LP_over_S0_pair,0.5216067003342724,0.5236427022243522,-0.002036001890079797
IAR-C2-OC80_minus_IAR4,diagnostic_400_500_nm,476.0,useful_LP_over_S0_pair,0.5286761155714863,0.5299501036436547,-0.001273988072168386
IAR-C2-OC80_minus_IAR4,diagnostic_400_500_nm,477.0,useful_LP_over_S0_pair,0.5348196963348566,0.5348105890610717,9.107273784891845e-06
IAR-C2-OC80_minus_IAR4,diagnostic_400_500_nm,478.0,useful_LP_over_S0_pair,0.5349483632905246,0.5348836129812765,6.475030924812941e-05
IAR-C2-OC80_minus_IAR4,diagnostic_400_500_nm,479.0,useful_LP_over_S0_pair,0.5372683412778096,0.5373357415491771,-6.740027136742377e-05
IAR-C2-OC80_minus_IAR4,diagnostic_400_500_nm,480.0,useful_LP_over_S0_pair,0.5387377325050048,0.5388300545937569,-9.23220887520948e-05
IAR-C2-OC80_minus_IAR4,diagnostic_400_500_nm,481.0,useful_LP_over_S0_pair,0.5379042888638179,0.5378709865252856,3.33023385322706e-05
IAR-C2-OC80_minus_IAR4,diagnostic_400_500_nm,482.0,useful_LP_over_S0_pair,0.5355578396610112,0.5352219636407196,0.00033587602029161445
IAR-C2-OC80_minus_IAR4,diagnostic_400_500_nm,483.0,useful_LP_over_S0_pair,0.5336876924482864,0.5328802060561213,0.0008074863921651021
IAR-C2-OC80_minus_IAR4,diagnostic_400_500_nm,484.0,useful_LP_over_S0_pair,0.5332161600462791,0.5319314629018986,0.0012846971443805089
IAR-C2-OC80_minus_IAR4,diagnostic_400_500_nm,485.0,useful_LP_over_S0_pair,0.5343745369780106,0.5330038053760552,0.0013707316019554439
IAR-C2-OC80_minus_IAR4,diagnostic_400_500_nm,486.0,useful_LP_over_S0_pair,0.5359203291147303,0.5350458942470706,0.0008744348676597014
IAR-C2-OC80_minus_IAR4,diagnostic_400_500_nm,487.0,useful_LP_over_S0_pair,0.5391971030205449,0.5377647277593506,0.0014323752611943297
IAR-C2-OC80_minus_IAR4,diagnostic_400_500_nm,488.0,useful_LP_over_S0_pair,0.5402701540993577,0.5387079823386353,0.001562171760722486
IAR-C2-OC80_minus_IAR4,diagnostic_400_500_nm,489.0,useful_LP_over_S0_pair,0.5433328671465992,0.5418984994758083,0.0014343676707909703
IAR-C2-OC80_minus_IAR4,diagnostic_400_500_nm,490.0,useful_LP_over_S0_pair,0.5431465043368816,0.5422234745736163,0.000923029763265304
IAR-C2-OC80_minus_IAR4,diagnostic_400_500_nm,491.0,useful_LP_over_S0_pair,0.5438535392586581,0.5432321123618387,0.0006214268968194325
IAR-C2-OC80_minus_IAR4,diagnostic_400_500_nm,492.0,useful_LP_over_S0_pair,0.5428168461227622,0.5422616042830687,0.0005552418396934655
IAR-C2-OC80_minus_IAR4,diagnostic_400_500_nm,493.0,useful_LP_over_S0_pair,0.5408972502678253,0.5405369829539333,0.0003602673138920487
IAR-C2-OC80_minus_IAR4,diagnostic_400_500_nm,494.0,useful_LP_over_S0_pair,0.5379527187274058,0.5376675302533436,0.0002851884740622257
IAR-C2-OC80_minus_IAR4,diagnostic_400_500_nm,495.0,useful_LP_over_S0_pair,0.534459532852919,0.5340361237334409,0.0004234091194781353
IAR-C2-OC80_minus_IAR4,diagnostic_400_500_nm,496.0,useful_LP_over_S0_pair,0.5316754268201171,0.530880959853647,0.0007944669664701198
IAR-C2-OC80_minus_IAR4,diagnostic_400_500_nm,497.0,useful_LP_over_S0_pair,0.5297855410791176,0.5283249222328686,0.001460618846248929
IAR-C2-OC80_minus_IAR4,diagnostic_400_500_nm,498.0,useful_LP_over_S0_pair,0.5261150424412163,0.5241195312873904,0.001995511153825902
IAR-C2-OC80_minus_IAR4,diagnostic_400_500_nm,499.0,useful_LP_over_S0_pair,0.5322712730056208,0.531029131963996,0.0012421410416247891
IAR-C2-OC80_minus_IAR4,diagnostic_400_500_nm,500.0,useful_LP_over_S0_pair,0.532908028533881,0.5319775008060625,0.000930527727818431
IAR-C2-OC80_minus_IAR4,diagnostic_400_500_nm,400.0,normal_5deg_DoLP,0.14210480093050523,0.07758098230460604,0.06452381862589919
IAR-C2-OC80_minus_IAR4,diagnostic_400_500_nm,401.0,normal_5deg_DoLP,0.22382878559348227,0.1305879950643888,0.09324079052909345
IAR-C2-OC80_minus_IAR4,diagnostic_400_500_nm,402.0,normal_5deg_DoLP,0.33840523843812403,0.2927007530551882,0.04570448538293581
IAR-C2-OC80_minus_IAR4,diagnostic_400_500_nm,403.0,normal_5deg_DoLP,0.318934296639047,0.3554469197374366,-0.036512623098389596
IAR-C2-OC80_minus_IAR4,diagnostic_400_500_nm,404.0,normal_5deg_DoLP,0.25883621883003666,0.3035193174266037,-0.04468309859656705
IAR-C2-OC80_minus_IAR4,diagnostic_400_500_nm,405.0,normal_5deg_DoLP,0.08854986119332052,0.09812066189645302,-0.009570800703132501
IAR-C2-OC80_minus_IAR4,diagnostic_400_500_nm,406.0,normal_5deg_DoLP,0.024718698601039226,0.05848541655145874,-0.03376671795041951
IAR-C2-OC80_minus_IAR4,diagnostic_400_500_nm,407.0,normal_5deg_DoLP,0.12152404622770142,0.12243593032759341,-0.0009118840998919853
IAR-C2-OC80_minus_IAR4,diagnostic_400_500_nm,408.0,normal_5deg_DoLP,0.2112501445942303,0.15010296782433075,0.06114717676989956
IAR-C2-OC80_minus_IAR4,diagnostic_400_500_nm,409.0,normal_5deg_DoLP,0.2534207062266276,0.21007863315781328,0.043342073068814324
IAR-C2-OC80_minus_IAR4,diagnostic_400_500_nm,410.0,normal_5deg_DoLP,0.24512616931152048,0.20754237951109433,0.03758378980042615
IAR-C2-OC80_minus_IAR4,diagnostic_400_500_nm,411.0,normal_5deg_DoLP,0.28138549873555224,0.2266584453653277,0.05472705337022454
IAR-C2-OC80_minus_IAR4,diagnostic_400_500_nm,412.0,normal_5deg_DoLP,0.38848715184045796,0.3284517865920758,0.060035365248382155
IAR-C2-OC80_minus_IAR4,diagnostic_400_500_nm,413.0,normal_5deg_DoLP,0.4305496180261312,0.3986443473732784,0.03190527065285276
IAR-C2-OC80_minus_IAR4,diagnostic_400_500_nm,414.0,normal_5deg_DoLP,0.3786304590010478,0.36034308443512264,0.018287374565925163
IAR-C2-OC80_minus_IAR4,diagnostic_400_500_nm,415.0,normal_5deg_DoLP,0.3548753891619256,0.3921125759725321,-0.03723718681060645
IAR-C2-OC80_minus_IAR4,diagnostic_400_500_nm,416.0,normal_5deg_DoLP,0.2395867498531191,0.2669214341470462,-0.02733468429392713
IAR-C2-OC80_minus_IAR4,diagnostic_400_500_nm,417.0,normal_5deg_DoLP,0.06826434338506725,0.05147489513774794,0.01678944824731931
IAR-C2-OC80_minus_IAR4,diagnostic_400_500_nm,418.0,normal_5deg_DoLP,0.01155726317589763,0.032894215168784956,-0.021336951992887328
IAR-C2-OC80_minus_IAR4,diagnostic_400_500_nm,419.0,normal_5deg_DoLP,0.1682064632593094,0.14371318780804215,0.024493275451267255
IAR-C2-OC80_minus_IAR4,diagnostic_400_500_nm,420.0,normal_5deg_DoLP,0.3497177072252436,0.3403361010427531,0.00938160618249051
IAR-C2-OC80_minus_IAR4,diagnostic_400_500_nm,421.0,normal_5deg_DoLP,0.3846153980284129,0.37898420632783186,0.0056311917005810175
IAR-C2-OC80_minus_IAR4,diagnostic_400_500_nm,422.0,normal_5deg_DoLP,0.3824750468021955,0.36790681209905113,0.01456823470314439
IAR-C2-OC80_minus_IAR4,diagnostic_400_500_nm,423.0,normal_5deg_DoLP,0.37694489708888923,0.3531674457676841,0.023777451321205123
IAR-C2-OC80_minus_IAR4,diagnostic_400_500_nm,424.0,normal_5deg_DoLP,0.3649047264875734,0.32753191468862125,0.03737281179895213
IAR-C2-OC80_minus_IAR4,diagnostic_400_500_nm,425.0,normal_5deg_DoLP,0.35034090891578495,0.29847164393907083,0.051869264976714125
IAR-C2-OC80_minus_IAR4,diagnostic_400_500_nm,426.0,normal_5deg_DoLP,0.3485910448905347,0.28432242068057734,0.06426862420995738
IAR-C2-OC80_minus_IAR4,diagnostic_400_500_nm,427.0,normal_5deg_DoLP,0.3709838990002146,0.30270972067842455,0.06827417832179006
IAR-C2-OC80_minus_IAR4,diagnostic_400_500_nm,428.0,normal_5deg_DoLP,0.2968850675249973,0.20347041699139484,0.09341465053360248
IAR-C2-OC80_minus_IAR4,diagnostic_400_500_nm,429.0,normal_5deg_DoLP,0.17163402740154665,0.06690590887291847,0.10472811852862818
IAR-C2-OC80_minus_IAR4,diagnostic_400_500_nm,430.0,normal_5deg_DoLP,0.0884045806966125,0.10282509408108734,-0.014420513384474837
IAR-C2-OC80_minus_IAR4,diagnostic_400_500_nm,431.0,normal_5deg_DoLP,0.09576035082772692,0.15725591721811583,-0.0614955663903889
IAR-C2-OC80_minus_IAR4,diagnostic_400_500_nm,432.0,normal_5deg_DoLP,0.052677624025365195,0.0622280098610543,-0.009550385835689103
IAR-C2-OC80_minus_IAR4,diagnostic_400_500_nm,433.0,normal_5deg_DoLP,0.04301654004499428,0.07846018420180727,-0.03544364415681299
IAR-C2-OC80_minus_IAR4,diagnostic_400_500_nm,434.0,normal_5deg_DoLP,0.24543097031698377,0.328702251900987,-0.08327128158400324
IAR-C2-OC80_minus_IAR4,diagnostic_400_500_nm,435.0,normal_5deg_DoLP,0.3607622297635137,0.48875868489419944,-0.12799645513068575
IAR-C2-OC80_minus_IAR4,diagnostic_400_500_nm,436.0,normal_5deg_DoLP,0.43200567220145025,0.5430780687461227,-0.11107239654467249
IAR-C2-OC80_minus_IAR4,diagnostic_400_500_nm,437.0,normal_5deg_DoLP,0.5096084510145618,0.5736245514907209,-0.06401610047615913
IAR-C2-OC80_minus_IAR4,diagnostic_400_500_nm,438.0,normal_5deg_DoLP,0.6014465831733062,0.6217619919529045,-0.020315408779598254
IAR-C2-OC80_minus_IAR4,diagnostic_400_500_nm,439.0,normal_5deg_DoLP,0.637373864606022,0.6497301845569801,-0.012356319950958095
IAR-C2-OC80_minus_IAR4,diagnostic_400_500_nm,440.0,normal_5deg_DoLP,0.645874493145239,0.6589993001556841,-0.01312480701044505
IAR-C2-OC80_minus_IAR4,diagnostic_400_500_nm,441.0,normal_5deg_DoLP,0.6187066335025982,0.6322815596234379,-0.013574926120839659
IAR-C2-OC80_minus_IAR4,diagnostic_400_500_nm,442.0,normal_5deg_DoLP,0.5586588393119424,0.5697510837721387,-0.011092244460196299
IAR-C2-OC80_minus_IAR4,diagnostic_400_500_nm,443.0,normal_5deg_DoLP,0.4841800648290079,0.4884526130978811,-0.004272548268873244
IAR-C2-OC80_minus_IAR4,diagnostic_400_500_nm,444.0,normal_5deg_DoLP,0.43801606032455853,0.4363676371445555,0.0016484231800030225
IAR-C2-OC80_minus_IAR4,diagnostic_400_500_nm,445.0,normal_5deg_DoLP,0.4033282205570744,0.3860043161249162,0.0173239044321582
IAR-C2-OC80_minus_IAR4,diagnostic_400_500_nm,446.0,normal_5deg_DoLP,0.3313874776331376,0.2808869157747919,0.05050056185834567
IAR-C2-OC80_minus_IAR4,diagnostic_400_500_nm,447.0,normal_5deg_DoLP,0.272007685518208,0.1833121920697957,0.08869549344841227
IAR-C2-OC80_minus_IAR4,diagnostic_400_500_nm,448.0,normal_5deg_DoLP,0.24124528764781464,0.15907367401756672,0.08217161363024791
IAR-C2-OC80_minus_IAR4,diagnostic_400_500_nm,449.0,normal_5deg_DoLP,0.20409097540209414,0.15889992652138205,0.0451910488807121
IAR-C2-OC80_minus_IAR4,diagnostic_400_500_nm,450.0,normal_5deg_DoLP,0.20368996486265184,0.11995391370452343,0.0837360511581284
IAR-C2-OC80_minus_IAR4,diagnostic_400_500_nm,451.0,normal_5deg_DoLP,0.28915430021913324,0.15402880631824978,0.13512549390088346
IAR-C2-OC80_minus_IAR4,diagnostic_400_500_nm,452.0,normal_5deg_DoLP,0.45214362552946846,0.3469667590799327,0.10517686644953578
IAR-C2-OC80_minus_IAR4,diagnostic_400_500_nm,453.0,normal_5deg_DoLP,0.6989985647198712,0.6569398917554138,0.04205867296445742
IAR-C2-OC80_minus_IAR4,diagnostic_400_500_nm,454.0,normal_5deg_DoLP,0.8115475500530742,0.7985125005828209,0.013035049470253357
IAR-C2-OC80_minus_IAR4,diagnostic_400_500_nm,455.0,normal_5deg_DoLP,0.8377324078936764,0.8365956323477141,0.0011367755459623652
IAR-C2-OC80_minus_IAR4,diagnostic_400_500_nm,456.0,normal_5deg_DoLP,0.8333924425578498,0.8396503569385233,-0.006257914380673468
IAR-C2-OC80_minus_IAR4,diagnostic_400_500_nm,457.0,normal_5deg_DoLP,0.811915889677454,0.823280446866868,-0.011364557189413982
IAR-C2-OC80_minus_IAR4,diagnostic_400_500_nm,458.0,normal_5deg_DoLP,0.7970608627385943,0.8060188656225072,-0.008958002883912908
IAR-C2-OC80_minus_IAR4,diagnostic_400_500_nm,459.0,normal_5deg_DoLP,0.7883610409928483,0.7843749235407702,0.003986117452078108
IAR-C2-OC80_minus_IAR4,diagnostic_400_500_nm,460.0,normal_5deg_DoLP,0.7791492877010635,0.7613742123734492,0.017775075327614354
IAR-C2-OC80_minus_IAR4,diagnostic_400_500_nm,461.0,normal_5deg_DoLP,0.7570375464675841,0.7299834536006963,0.02705409286688787
IAR-C2-OC80_minus_IAR4,diagnostic_400_500_nm,462.0,normal_5deg_DoLP,0.7377302530629206,0.7087098817679109,0.029020371295009673
IAR-C2-OC80_minus_IAR4,diagnostic_400_500_nm,463.0,normal_5deg_DoLP,0.7199154188607629,0.6905735586378162,0.029341860222946714
IAR-C2-OC80_minus_IAR4,diagnostic_400_500_nm,464.0,normal_5deg_DoLP,0.7208887389465473,0.6959317891921671,0.02495694975438012
IAR-C2-OC80_minus_IAR4,diagnostic_400_500_nm,465.0,normal_5deg_DoLP,0.7300639084472272,0.7073092383813363,0.022754670065890936
IAR-C2-OC80_minus_IAR4,diagnostic_400_500_nm,466.0,normal_5deg_DoLP,0.728828775622741,0.7074321602674392,0.021396615355301796
IAR-C2-OC80_minus_IAR4,diagnostic_400_500_nm,467.0,normal_5deg_DoLP,0.7016002785930129,0.6807496455320542,0.02085063306095869
IAR-C2-OC80_minus_IAR4,diagnostic_400_500_nm,468.0,normal_5deg_DoLP,0.6335405097561202,0.6150591700994246,0.018481339656695628
IAR-C2-OC80_minus_IAR4,diagnostic_400_500_nm,469.0,normal_5deg_DoLP,0.5164250275775261,0.5014115009054767,0.01501352667204936
IAR-C2-OC80_minus_IAR4,diagnostic_400_500_nm,470.0,normal_5deg_DoLP,0.4119014521652935,0.39447892305573945,0.017422529109554052
IAR-C2-OC80_minus_IAR4,diagnostic_400_500_nm,471.0,normal_5deg_DoLP,0.37532513119713395,0.35412819077474234,0.02119694042239162
IAR-C2-OC80_minus_IAR4,diagnostic_400_500_nm,472.0,normal_5deg_DoLP,0.386367827087891,0.371008558412139,0.015359268675752047
IAR-C2-OC80_minus_IAR4,diagnostic_400_500_nm,473.0,normal_5deg_DoLP,0.37282884009755285,0.36730419111881074,0.005524648978742108
IAR-C2-OC80_minus_IAR4,diagnostic_400_500_nm,474.0,normal_5deg_DoLP,0.2798869442006285,0.27306267225627895,0.006824271944349536
IAR-C2-OC80_minus_IAR4,diagnostic_400_500_nm,475.0,normal_5deg_DoLP,0.2138775133111649,0.19623676423907363,0.01764074907209126
IAR-C2-OC80_minus_IAR4,diagnostic_400_500_nm,476.0,normal_5deg_DoLP,0.23964475261659937,0.21204369640704773,0.02760105620955164
IAR-C2-OC80_minus_IAR4,diagnostic_400_500_nm,477.0,normal_5deg_DoLP,0.222043928828463,0.17867685758731613,0.04336707124114686
IAR-C2-OC80_minus_IAR4,diagnostic_400_500_nm,478.0,normal_5deg_DoLP,0.20355719910551787,0.15527564981941067,0.0482815492861072
IAR-C2-OC80_minus_IAR4,diagnostic_400_500_nm,479.0,normal_5deg_DoLP,0.18027819981026877,0.13860948339471618,0.04166871641555259
IAR-C2-OC80_minus_IAR4,diagnostic_400_500_nm,480.0,normal_5deg_DoLP,0.17599290392622965,0.11919666896844013,0.05679623495778953
IAR-C2-OC80_minus_IAR4,diagnostic_400_500_nm,481.0,normal_5deg_DoLP,0.20489243184190759,0.12924485648668407,0.07564757535522351
IAR-C2-OC80_minus_IAR4,diagnostic_400_500_nm,482.0,normal_5deg_DoLP,0.22583722660017033,0.15215931315206777,0.07367791344810257
IAR-C2-OC80_minus_IAR4,diagnostic_400_500_nm,483.0,normal_5deg_DoLP,0.23218017599010723,0.1677681982184706,0.06441197777163662
IAR-C2-OC80_minus_IAR4,diagnostic_400_500_nm,484.0,normal_5deg_DoLP,0.23627600041651398,0.18264401779227862,0.05363198262423535
IAR-C2-OC80_minus_IAR4,diagnostic_400_500_nm,485.0,normal_5deg_DoLP,0.25857641251904395,0.21743376404696982,0.041142648472074134
IAR-C2-OC80_minus_IAR4,diagnostic_400_500_nm,486.0,normal_5deg_DoLP,0.2941670593926615,0.27478998379493963,0.019377075597721893
IAR-C2-OC80_minus_IAR4,diagnostic_400_500_nm,487.0,normal_5deg_DoLP,0.3408047284731747,0.3465225268392932,-0.005717798366118465
IAR-C2-OC80_minus_IAR4,diagnostic_400_500_nm,488.0,normal_5deg_DoLP,0.29652587519427515,0.3155102839962118,-0.018984408801936636
IAR-C2-OC80_minus_IAR4,diagnostic_400_500_nm,489.0,normal_5deg_DoLP,0.24839129770047821,0.27617382443817806,-0.027782526737699847
IAR-C2-OC80_minus_IAR4,diagnostic_400_500_nm,490.0,normal_5deg_DoLP,0.2503272443218686,0.2939621048179661,-0.043634860496097494
IAR-C2-OC80_minus_IAR4,diagnostic_400_500_nm,491.0,normal_5deg_DoLP,0.4175444218445397,0.48602874219809405,-0.06848432035355434
IAR-C2-OC80_minus_IAR4,diagnostic_400_500_nm,492.0,normal_5deg_DoLP,0.4704896243275075,0.528352429554956,-0.057862805227448466
IAR-C2-OC80_minus_IAR4,diagnostic_400_500_nm,493.0,normal_5deg_DoLP,0.4492888596132716,0.5064305396429656,-0.057141680029694
IAR-C2-OC80_minus_IAR4,diagnostic_400_500_nm,494.0,normal_5deg_DoLP,0.3562958848961543,0.4303454966118263,-0.07404961171567198
IAR-C2-OC80_minus_IAR4,diagnostic_400_500_nm,495.0,normal_5deg_DoLP,0.21727180836087484,0.31502766370962754,-0.0977558553487527
IAR-C2-OC80_minus_IAR4,diagnostic_400_500_nm,496.0,normal_5deg_DoLP,0.11138443344913185,0.1982196835664604,-0.08683525011732854
IAR-C2-OC80_minus_IAR4,diagnostic_400_500_nm,497.0,normal_5deg_DoLP,0.1474365688000367,0.10117723946223527,0.04625932933780143
IAR-C2-OC80_minus_IAR4,diagnostic_400_500_nm,498.0,normal_5deg_DoLP,0.27457783828550447,0.1062363404893318,0.1683414977961727
IAR-C2-OC80_minus_IAR4,diagnostic_400_500_nm,499.0,normal_5deg_DoLP,0.3396541493830274,0.19619338850583706,0.14346076087719034
IAR-C2-OC80_minus_IAR4,diagnostic_400_500_nm,500.0,normal_5deg_DoLP,0.3004735284483029,0.1736177150301645,0.1268558134181384
IAR-C2-OC80_minus_IAR4,diagnostic_400_500_nm,400.0,normal_10deg_DoLP,0.08443812031918718,0.03465267144814711,0.04978544887104007
IAR-C2-OC80_minus_IAR4,diagnostic_400_500_nm,401.0,normal_10deg_DoLP,0.1285580952418787,0.08115874108739456,0.04739935415448414
IAR-C2-OC80_minus_IAR4,diagnostic_400_500_nm,402.0,normal_10deg_DoLP,0.21290148696482006,0.16863085162229807,0.044270635342521986
IAR-C2-OC80_minus_IAR4,diagnostic_400_500_nm,403.0,normal_10deg_DoLP,0.2602748475949421,0.21347152321855756,0.04680332437638457
IAR-C2-OC80_minus_IAR4,diagnostic_400_500_nm,404.0,normal_10deg_DoLP,0.25411978692222914,0.23057721944681778,0.023542567475411363
IAR-C2-OC80_minus_IAR4,diagnostic_400_500_nm,405.0,normal_10deg_DoLP,0.24320430664990286,0.24576044831418586,-0.0025561416642830015
IAR-C2-OC80_minus_IAR4,diagnostic_400_500_nm,406.0,normal_10deg_DoLP,0.29666874612906285,0.29531827367890573,0.0013504724501571252
IAR-C2-OC80_minus_IAR4,diagnostic_400_500_nm,407.0,normal_10deg_DoLP,0.3341846922442515,0.3361540459147115,-0.0019693536704599723
IAR-C2-OC80_minus_IAR4,diagnostic_400_500_nm,408.0,normal_10deg_DoLP,0.3589396458972579,0.35770927888361076,0.001230367013647149
IAR-C2-OC80_minus_IAR4,diagnostic_400_500_nm,409.0,normal_10deg_DoLP,0.3847249381908447,0.3883716095568661,-0.0036466713660214256
IAR-C2-OC80_minus_IAR4,diagnostic_400_500_nm,410.0,normal_10deg_DoLP,0.4107665639208324,0.4159671462120688,-0.005200582291236433
IAR-C2-OC80_minus_IAR4,diagnostic_400_500_nm,411.0,normal_10deg_DoLP,0.41415836623866437,0.4187609642660299,-0.004602598027365512
IAR-C2-OC80_minus_IAR4,diagnostic_400_500_nm,412.0,normal_10deg_DoLP,0.38304558884065765,0.3831420211492547,-9.643230859707197e-05
IAR-C2-OC80_minus_IAR4,diagnostic_400_500_nm,413.0,normal_10deg_DoLP,0.34357013341909237,0.3420212146052087,0.001548918813883693
IAR-C2-OC80_minus_IAR4,diagnostic_400_500_nm,414.0,normal_10deg_DoLP,0.2836985719939736,0.3009045157283415,-0.0172059437343679
IAR-C2-OC80_minus_IAR4,diagnostic_400_500_nm,415.0,normal_10deg_DoLP,0.2045649464551586,0.2583537293130839,-0.05378878285792532
IAR-C2-OC80_minus_IAR4,diagnostic_400_500_nm,416.0,normal_10deg_DoLP,0.1390354168237455,0.1944771004120212,-0.0554416835882757
IAR-C2-OC80_minus_IAR4,diagnostic_400_500_nm,417.0,normal_10deg_DoLP,0.10277624198859348,0.12544801503634237,-0.022671773047748894
IAR-C2-OC80_minus_IAR4,diagnostic_400_500_nm,418.0,normal_10deg_DoLP,0.09340517221571909,0.09771021452970487,-0.004305042313985777
IAR-C2-OC80_minus_IAR4,diagnostic_400_500_nm,419.0,normal_10deg_DoLP,0.14468579966337938,0.13232117088950948,0.012364628773869901
IAR-C2-OC80_minus_IAR4,diagnostic_400_500_nm,420.0,normal_10deg_DoLP,0.17627625407960834,0.16177829875827535,0.014497955321332995
IAR-C2-OC80_minus_IAR4,diagnostic_400_500_nm,421.0,normal_10deg_DoLP,0.1556984602682737,0.15206417509298123,0.003634285175292462
IAR-C2-OC80_minus_IAR4,diagnostic_400_500_nm,422.0,normal_10deg_DoLP,0.1492272670762449,0.1437757705566944,0.005451496519550486
IAR-C2-OC80_minus_IAR4,diagnostic_400_500_nm,423.0,normal_10deg_DoLP,0.14813873845865977,0.14263438795365904,0.005504350505000727
IAR-C2-OC80_minus_IAR4,diagnostic_400_500_nm,424.0,normal_10deg_DoLP,0.1476420885885152,0.13725007812361498,0.010392010464900236
IAR-C2-OC80_minus_IAR4,diagnostic_400_500_nm,425.0,normal_10deg_DoLP,0.14962152388123642,0.13218887692079068,0.017432646960445747
IAR-C2-OC80_minus_IAR4,diagnostic_400_500_nm,426.0,normal_10deg_DoLP,0.14261372773863454,0.12162940112043259,0.020984326618201946
IAR-C2-OC80_minus_IAR4,diagnostic_400_500_nm,427.0,normal_10deg_DoLP,0.13957702556156948,0.1183816864661976,0.021195339095371885
IAR-C2-OC80_minus_IAR4,diagnostic_400_500_nm,428.0,normal_10deg_DoLP,0.07015910423934317,0.044517232563439944,0.025641871675903226
IAR-C2-OC80_minus_IAR4,diagnostic_400_500_nm,429.0,normal_10deg_DoLP,0.04018360068792948,0.0433788523955604,-0.0031952517076309223
IAR-C2-OC80_minus_IAR4,diagnostic_400_500_nm,430.0,normal_10deg_DoLP,0.04782649143671728,0.0340263586053317,0.013800132831385578
IAR-C2-OC80_minus_IAR4,diagnostic_400_500_nm,431.0,normal_10deg_DoLP,0.06731922960048826,0.07350044112445765,-0.006181211523969388
IAR-C2-OC80_minus_IAR4,diagnostic_400_500_nm,432.0,normal_10deg_DoLP,0.0803972637455987,0.10650523179873903,-0.02610796805314032
IAR-C2-OC80_minus_IAR4,diagnostic_400_500_nm,433.0,normal_10deg_DoLP,0.07236189559794141,0.10879498155841401,-0.036433085960472594
IAR-C2-OC80_minus_IAR4,diagnostic_400_500_nm,434.0,normal_10deg_DoLP,0.011982725037440665,0.04816273932650132,-0.03618001428906066
IAR-C2-OC80_minus_IAR4,diagnostic_400_500_nm,435.0,normal_10deg_DoLP,0.04202560846494551,0.01676891977205435,0.02525668869289116
IAR-C2-OC80_minus_IAR4,diagnostic_400_500_nm,436.0,normal_10deg_DoLP,0.051824607911755215,0.07391238395645867,-0.02208777604470346
IAR-C2-OC80_minus_IAR4,diagnostic_400_500_nm,437.0,normal_10deg_DoLP,0.1060823134883412,0.09932872323356762,0.006753590254773581
IAR-C2-OC80_minus_IAR4,diagnostic_400_500_nm,438.0,normal_10deg_DoLP,0.1293877192067961,0.10927728231631713,0.020110436890478964
IAR-C2-OC80_minus_IAR4,diagnostic_400_500_nm,439.0,normal_10deg_DoLP,0.14164483142775633,0.1246760272207503,0.016968804207006027
IAR-C2-OC80_minus_IAR4,diagnostic_400_500_nm,440.0,normal_10deg_DoLP,0.13309061941221,0.13356915523253104,-0.0004785358203210355
IAR-C2-OC80_minus_IAR4,diagnostic_400_500_nm,441.0,normal_10deg_DoLP,0.08257500410566118,0.0993615321014682,-0.016786527995807016
IAR-C2-OC80_minus_IAR4,diagnostic_400_500_nm,442.0,normal_10deg_DoLP,0.016840113245670283,0.03043817593463614,-0.013598062688965858
IAR-C2-OC80_minus_IAR4,diagnostic_400_500_nm,443.0,normal_10deg_DoLP,0.11333705091942589,0.07391401844345963,0.03942303247596626
IAR-C2-OC80_minus_IAR4,diagnostic_400_500_nm,444.0,normal_10deg_DoLP,0.1705642030502739,0.1321256697565822,0.03843853329369171
IAR-C2-OC80_minus_IAR4,diagnostic_400_500_nm,445.0,normal_10deg_DoLP,0.21928723128440222,0.18738731001209122,0.031899921272311005
IAR-C2-OC80_minus_IAR4,diagnostic_400_500_nm,446.0,normal_10deg_DoLP,0.2821852031049671,0.2659836044949624,0.016201598610004697
IAR-C2-OC80_minus_IAR4,diagnostic_400_500_nm,447.0,normal_10deg_DoLP,0.3307108546145004,0.3443911619432905,-0.013680307328790109
IAR-C2-OC80_minus_IAR4,diagnostic_400_500_nm,448.0,normal_10deg_DoLP,0.36473509185509767,0.4155896922264058,-0.05085460037130812
IAR-C2-OC80_minus_IAR4,diagnostic_400_500_nm,449.0,normal_10deg_DoLP,0.38570359137520316,0.4704102204003785,-0.08470662902517534
IAR-C2-OC80_minus_IAR4,diagnostic_400_500_nm,450.0,normal_10deg_DoLP,0.3795214904299401,0.4808387335528009,-0.10131724312286078
IAR-C2-OC80_minus_IAR4,diagnostic_400_500_nm,451.0,normal_10deg_DoLP,0.36756481238750516,0.47014761812673,-0.10258280573922485
IAR-C2-OC80_minus_IAR4,diagnostic_400_500_nm,452.0,normal_10deg_DoLP,0.33766163065246896,0.4295552458851449,-0.09189361523267592
IAR-C2-OC80_minus_IAR4,diagnostic_400_500_nm,453.0,normal_10deg_DoLP,0.2667820437512527,0.3412086076209004,-0.07442656386964769
IAR-C2-OC80_minus_IAR4,diagnostic_400_500_nm,454.0,normal_10deg_DoLP,0.17014582619861596,0.22644543241996748,-0.05629960622135152
IAR-C2-OC80_minus_IAR4,diagnostic_400_500_nm,455.0,normal_10deg_DoLP,0.09676447833028709,0.1377345687220264,-0.04097009039173932
IAR-C2-OC80_minus_IAR4,diagnostic_400_500_nm,456.0,normal_10deg_DoLP,0.048434636975447504,0.07636672812836734,-0.027932091152919836
IAR-C2-OC80_minus_IAR4,diagnostic_400_500_nm,457.0,normal_10deg_DoLP,0.03238840348586701,0.04178230327902323,-0.009393899793156218
IAR-C2-OC80_minus_IAR4,diagnostic_400_500_nm,458.0,normal_10deg_DoLP,0.039088813116087855,0.01785730560238718,0.021231507513700676
IAR-C2-OC80_minus_IAR4,diagnostic_400_500_nm,459.0,normal_10deg_DoLP,0.050558623716546444,0.0280681630728659,0.022490460643680543
IAR-C2-OC80_minus_IAR4,diagnostic_400_500_nm,460.0,normal_10deg_DoLP,0.05521721533020937,0.03896056691466447,0.016256648415544896
IAR-C2-OC80_minus_IAR4,diagnostic_400_500_nm,461.0,normal_10deg_DoLP,0.05506695777733087,0.04714524259364603,0.007921715183684841
IAR-C2-OC80_minus_IAR4,diagnostic_400_500_nm,462.0,normal_10deg_DoLP,0.0696956272606502,0.06552694275104143,0.004168684509608778
IAR-C2-OC80_minus_IAR4,diagnostic_400_500_nm,463.0,normal_10deg_DoLP,0.05908863550507116,0.05005992381856647,0.009028711686504688
IAR-C2-OC80_minus_IAR4,diagnostic_400_500_nm,464.0,normal_10deg_DoLP,0.048353843313011347,0.039440427543760655,0.008913415769250692
IAR-C2-OC80_minus_IAR4,diagnostic_400_500_nm,465.0,normal_10deg_DoLP,0.03546139645410277,0.029420961303165034,0.006040435150937735
IAR-C2-OC80_minus_IAR4,diagnostic_400_500_nm,466.0,normal_10deg_DoLP,0.02715430819263554,0.026673084243744646,0.0004812239488908958
IAR-C2-OC80_minus_IAR4,diagnostic_400_500_nm,467.0,normal_10deg_DoLP,0.015974093736374203,0.02134245485759388,-0.005368361121219679
IAR-C2-OC80_minus_IAR4,diagnostic_400_500_nm,468.0,normal_10deg_DoLP,0.027576391315061313,0.01962317308260731,0.007953218232454002
IAR-C2-OC80_minus_IAR4,diagnostic_400_500_nm,469.0,normal_10deg_DoLP,0.06785205012850085,0.055219858317356235,0.01263219181114461
IAR-C2-OC80_minus_IAR4,diagnostic_400_500_nm,470.0,normal_10deg_DoLP,0.08690998615924862,0.07363414700809577,0.013275839151152852
IAR-C2-OC80_minus_IAR4,diagnostic_400_500_nm,471.0,normal_10deg_DoLP,0.077789346573438,0.06711107678926444,0.010678269784173564
IAR-C2-OC80_minus_IAR4,diagnostic_400_500_nm,472.0,normal_10deg_DoLP,0.06274895938608428,0.054540171951919535,0.008208787434164748
IAR-C2-OC80_minus_IAR4,diagnostic_400_500_nm,473.0,normal_10deg_DoLP,0.05440093866725662,0.04551573140068685,0.008885207266569772
IAR-C2-OC80_minus_IAR4,diagnostic_400_500_nm,474.0,normal_10deg_DoLP,0.07312358960833998,0.06235058567396177,0.01077300393437821
IAR-C2-OC80_minus_IAR4,diagnostic_400_500_nm,475.0,normal_10deg_DoLP,0.10463203643001641,0.09478540615796334,0.00984663027205307
IAR-C2-OC80_minus_IAR4,diagnostic_400_500_nm,476.0,normal_10deg_DoLP,0.10258046153732096,0.09370974004607714,0.008870721491243821
IAR-C2-OC80_minus_IAR4,diagnostic_400_500_nm,477.0,normal_10deg_DoLP,0.11909107253351432,0.11719052733213874,0.0019005452013755864
IAR-C2-OC80_minus_IAR4,diagnostic_400_500_nm,478.0,normal_10deg_DoLP,0.16460020189109684,0.1704775252809164,-0.005877323389819555
IAR-C2-OC80_minus_IAR4,diagnostic_400_500_nm,479.0,normal_10deg_DoLP,0.1834190167910512,0.20078617312837235,-0.017367156337321166
IAR-C2-OC80_minus_IAR4,diagnostic_400_500_nm,480.0,normal_10deg_DoLP,0.15751865955843614,0.18814097211936212,-0.030622312560925985
IAR-C2-OC80_minus_IAR4,diagnostic_400_500_nm,481.0,normal_10deg_DoLP,0.10235793334795601,0.14146680074598741,-0.039108867398031405
IAR-C2-OC80_minus_IAR4,diagnostic_400_500_nm,482.0,normal_10deg_DoLP,0.042727221761376576,0.08318440523892641,-0.040457183477549834
IAR-C2-OC80_minus_IAR4,diagnostic_400_500_nm,483.0,normal_10deg_DoLP,0.025156536117856114,0.025402244388909694,-0.0002457082710535796
IAR-C2-OC80_minus_IAR4,diagnostic_400_500_nm,484.0,normal_10deg_DoLP,0.07628603465240083,0.04036030289610217,0.03592573175629866
IAR-C2-OC80_minus_IAR4,diagnostic_400_500_nm,485.0,normal_10deg_DoLP,0.12880011974210862,0.09620388179449799,0.03259623794761063
IAR-C2-OC80_minus_IAR4,diagnostic_400_500_nm,486.0,normal_10deg_DoLP,0.1497902712801822,0.11881598162665727,0.030974289653524945
IAR-C2-OC80_minus_IAR4,diagnostic_400_500_nm,487.0,normal_10deg_DoLP,0.2086026279715147,0.190393381573374,0.0182092463981407
IAR-C2-OC80_minus_IAR4,diagnostic_400_500_nm,488.0,normal_10deg_DoLP,0.22064372422709713,0.21122988173504678,0.00941384249205035
IAR-C2-OC80_minus_IAR4,diagnostic_400_500_nm,489.0,normal_10deg_DoLP,0.23538125117677247,0.23331593905873077,0.002065312118041701
IAR-C2-OC80_minus_IAR4,diagnostic_400_500_nm,490.0,normal_10deg_DoLP,0.2025593858789964,0.21054213996955537,-0.007982754090558958
IAR-C2-OC80_minus_IAR4,diagnostic_400_500_nm,491.0,normal_10deg_DoLP,0.26952296941382536,0.2832579301426777,-0.01373496072885233
IAR-C2-OC80_minus_IAR4,diagnostic_400_500_nm,492.0,normal_10deg_DoLP,0.2898833477667897,0.3000514979262814,-0.010168150159491685
IAR-C2-OC80_minus_IAR4,diagnostic_400_500_nm,493.0,normal_10deg_DoLP,0.2811270496334832,0.28986904331301716,-0.008741993679533988
IAR-C2-OC80_minus_IAR4,diagnostic_400_500_nm,494.0,normal_10deg_DoLP,0.2506926178720395,0.26030422045472573,-0.00961160258268623
IAR-C2-OC80_minus_IAR4,diagnostic_400_500_nm,495.0,normal_10deg_DoLP,0.20698403545799776,0.21825435090488468,-0.01127031544688692
IAR-C2-OC80_minus_IAR4,diagnostic_400_500_nm,496.0,normal_10deg_DoLP,0.1691767503489717,0.18120965209458634,-0.012032901745614638
IAR-C2-OC80_minus_IAR4,diagnostic_400_500_nm,497.0,normal_10deg_DoLP,0.14380239434203448,0.1546149775012709,-0.010812583159236416
IAR-C2-OC80_minus_IAR4,diagnostic_400_500_nm,498.0,normal_10deg_DoLP,0.09530537822157825,0.10575008101880602,-0.01044470279722777
IAR-C2-OC80_minus_IAR4,diagnostic_400_500_nm,499.0,normal_10deg_DoLP,0.10918719398310736,0.11513838810913013,-0.0059511941260227685
IAR-C2-OC80_minus_IAR4,diagnostic_400_500_nm,500.0,normal_10deg_DoLP,0.17267396720566427,0.170386731510033,0.0022872356956312734
IAR-C2-OC80_minus_IAR4,diagnostic_400_500_nm,400.0,normal_20deg_DoLP,0.10935286908562002,0.10922491100436185,0.00012795808125816432
IAR-C2-OC80_minus_IAR4,diagnostic_400_500_nm,401.0,normal_20deg_DoLP,0.06923954230340834,0.0843357543227569,-0.015096212019348562
IAR-C2-OC80_minus_IAR4,diagnostic_400_500_nm,402.0,normal_20deg_DoLP,0.0364301678044412,0.02689941044430148,0.009530757360139721
IAR-C2-OC80_minus_IAR4,diagnostic_400_500_nm,403.0,normal_20deg_DoLP,0.09690504309442975,0.06689700701681844,0.030008036077611308
IAR-C2-OC80_minus_IAR4,diagnostic_400_500_nm,404.0,normal_20deg_DoLP,0.10746666589467627,0.08548537331768831,0.021981292576987957
IAR-C2-OC80_minus_IAR4,diagnostic_400_500_nm,405.0,normal_20deg_DoLP,0.11410993064827757,0.09407100841678831,0.02003892223148926
IAR-C2-OC80_minus_IAR4,diagnostic_400_500_nm,406.0,normal_20deg_DoLP,0.14177547960394235,0.11695532902655167,0.024820150577390676
IAR-C2-OC80_minus_IAR4,diagnostic_400_500_nm,407.0,normal_20deg_DoLP,0.18458964837790123,0.17335243023172558,0.011237218146175648
IAR-C2-OC80_minus_IAR4,diagnostic_400_500_nm,408.0,normal_20deg_DoLP,0.2249724450526387,0.21921773478601794,0.0057547102666207495
IAR-C2-OC80_minus_IAR4,diagnostic_400_500_nm,409.0,normal_20deg_DoLP,0.2497896551513516,0.25111842413122365,-0.0013287689798720526
IAR-C2-OC80_minus_IAR4,diagnostic_400_500_nm,410.0,normal_20deg_DoLP,0.2670437658114081,0.2726329515663777,-0.005589185754969583
IAR-C2-OC80_minus_IAR4,diagnostic_400_500_nm,411.0,normal_20deg_DoLP,0.24743407364891876,0.25871575196890867,-0.011281678319989913
IAR-C2-OC80_minus_IAR4,diagnostic_400_500_nm,412.0,normal_20deg_DoLP,0.23771468070336252,0.24101440113652864,-0.00329972043316612
IAR-C2-OC80_minus_IAR4,diagnostic_400_500_nm,413.0,normal_20deg_DoLP,0.2166131350772778,0.20618653996227887,0.010426595114998938
IAR-C2-OC80_minus_IAR4,diagnostic_400_500_nm,414.0,normal_20deg_DoLP,0.1657682606226684,0.166147039583712,-0.0003787789610436021
IAR-C2-OC80_minus_IAR4,diagnostic_400_500_nm,415.0,normal_20deg_DoLP,0.10503968414535567,0.12733593534291182,-0.022296251197556155
IAR-C2-OC80_minus_IAR4,diagnostic_400_500_nm,416.0,normal_20deg_DoLP,0.08063679645218148,0.09688490642101477,-0.016248109968833288
IAR-C2-OC80_minus_IAR4,diagnostic_400_500_nm,417.0,normal_20deg_DoLP,0.05046764436301278,0.05166168466153632,-0.0011940402985235396
IAR-C2-OC80_minus_IAR4,diagnostic_400_500_nm,418.0,normal_20deg_DoLP,0.02963753656036556,0.01705225100242951,0.01258528555793605
IAR-C2-OC80_minus_IAR4,diagnostic_400_500_nm,419.0,normal_20deg_DoLP,0.027891029600932128,0.0122503381728233,0.015640691428108828
IAR-C2-OC80_minus_IAR4,diagnostic_400_500_nm,420.0,normal_20deg_DoLP,0.04082059999206623,0.018198325639179804,0.022622274352886423
IAR-C2-OC80_minus_IAR4,diagnostic_400_500_nm,421.0,normal_20deg_DoLP,0.030594577135486536,0.01919868624070362,0.011395890894782917
IAR-C2-OC80_minus_IAR4,diagnostic_400_500_nm,422.0,normal_20deg_DoLP,0.03269901043900568,0.02502113996637328,0.007677870472632398
IAR-C2-OC80_minus_IAR4,diagnostic_400_500_nm,423.0,normal_20deg_DoLP,0.03750450181459518,0.02986269059474985,0.007641811219845328
IAR-C2-OC80_minus_IAR4,diagnostic_400_500_nm,424.0,normal_20deg_DoLP,0.04595621225274282,0.035011623957625984,0.010944588295116839
IAR-C2-OC80_minus_IAR4,diagnostic_400_500_nm,425.0,normal_20deg_DoLP,0.043640036242619064,0.03118241259856597,0.012457623644053093
IAR-C2-OC80_minus_IAR4,diagnostic_400_500_nm,426.0,normal_20deg_DoLP,0.03907323657637463,0.019740844222368832,0.0193323923540058
IAR-C2-OC80_minus_IAR4,diagnostic_400_500_nm,427.0,normal_20deg_DoLP,0.04465941949920861,0.024136677298974556,0.020522742200234055
IAR-C2-OC80_minus_IAR4,diagnostic_400_500_nm,428.0,normal_20deg_DoLP,0.03119423426828173,0.03921102773808085,-0.008016793469799117
IAR-C2-OC80_minus_IAR4,diagnostic_400_500_nm,429.0,normal_20deg_DoLP,0.04179653313892111,0.06505432257896934,-0.023257789440048235
IAR-C2-OC80_minus_IAR4,diagnostic_400_500_nm,430.0,normal_20deg_DoLP,0.04633555254410466,0.057872551510788454,-0.011536998966683795
IAR-C2-OC80_minus_IAR4,diagnostic_400_500_nm,431.0,normal_20deg_DoLP,0.03786118590857108,0.033212105333208765,0.004649080575362313
IAR-C2-OC80_minus_IAR4,diagnostic_400_500_nm,432.0,normal_20deg_DoLP,0.04037483418817007,0.026313659389880294,0.014061174798289774
IAR-C2-OC80_minus_IAR4,diagnostic_400_500_nm,433.0,normal_20deg_DoLP,0.07646513821419218,0.05854466517962687,0.017920473034565308
IAR-C2-OC80_minus_IAR4,diagnostic_400_500_nm,434.0,normal_20deg_DoLP,0.09399116222828731,0.07680825061820193,0.01718291161008538
IAR-C2-OC80_minus_IAR4,diagnostic_400_500_nm,435.0,normal_20deg_DoLP,0.13393707941474045,0.11773647716412315,0.0162006022506173
IAR-C2-OC80_minus_IAR4,diagnostic_400_500_nm,436.0,normal_20deg_DoLP,0.10600764138460407,0.08893710138247082,0.017070540002133247
IAR-C2-OC80_minus_IAR4,diagnostic_400_500_nm,437.0,normal_20deg_DoLP,0.08624653450231028,0.06712105631244095,0.01912547818986933
IAR-C2-OC80_minus_IAR4,diagnostic_400_500_nm,438.0,normal_20deg_DoLP,0.06264402307372761,0.04349192899744615,0.019152094076281462
IAR-C2-OC80_minus_IAR4,diagnostic_400_500_nm,439.0,normal_20deg_DoLP,0.043108115042141654,0.02183673822493302,0.021271376817208632
IAR-C2-OC80_minus_IAR4,diagnostic_400_500_nm,440.0,normal_20deg_DoLP,0.05610264920422563,0.026458993136000225,0.029643656068225402
IAR-C2-OC80_minus_IAR4,diagnostic_400_500_nm,441.0,normal_20deg_DoLP,0.07992642330577261,0.04118631122322011,0.0387401120825525
IAR-C2-OC80_minus_IAR4,diagnostic_400_500_nm,442.0,normal_20deg_DoLP,0.12010641565467026,0.07590266625400689,0.044203749400663364
IAR-C2-OC80_minus_IAR4,diagnostic_400_500_nm,443.0,normal_20deg_DoLP,0.1841602838423762,0.1459183856733997,0.038241898168976496
IAR-C2-OC80_minus_IAR4,diagnostic_400_500_nm,444.0,normal_20deg_DoLP,0.210024244772228,0.180655594534841,0.029368650237386995
IAR-C2-OC80_minus_IAR4,diagnostic_400_500_nm,445.0,normal_20deg_DoLP,0.22862590861997856,0.21127525938056946,0.0173506492394091
IAR-C2-OC80_minus_IAR4,diagnostic_400_500_nm,446.0,normal_20deg_DoLP,0.26126806748628606,0.26129915288669475,-3.1085400408692454e-05
IAR-C2-OC80_minus_IAR4,diagnostic_400_500_nm,447.0,normal_20deg_DoLP,0.2819930963804205,0.30367074870695066,-0.021677652326530128
IAR-C2-OC80_minus_IAR4,diagnostic_400_500_nm,448.0,normal_20deg_DoLP,0.3007145134776332,0.3407297072722251,-0.0400151937945919
IAR-C2-OC80_minus_IAR4,diagnostic_400_500_nm,449.0,normal_20deg_DoLP,0.3114623554397475,0.3615735564034063,-0.05011120096365884
IAR-C2-OC80_minus_IAR4,diagnostic_400_500_nm,450.0,normal_20deg_DoLP,0.2974723358212731,0.3445746078884999,-0.047102272067226836
IAR-C2-OC80_minus_IAR4,diagnostic_400_500_nm,451.0,normal_20deg_DoLP,0.28063779151954,0.3170349634704309,-0.03639717195089093
IAR-C2-OC80_minus_IAR4,diagnostic_400_500_nm,452.0,normal_20deg_DoLP,0.2385651992117591,0.2578303270350813,-0.01926512782332221
IAR-C2-OC80_minus_IAR4,diagnostic_400_500_nm,453.0,normal_20deg_DoLP,0.18369884106225937,0.1828878617437038,0.0008109793185555603
IAR-C2-OC80_minus_IAR4,diagnostic_400_500_nm,454.0,normal_20deg_DoLP,0.1270414525927907,0.11192386876146097,0.015117583831329731
IAR-C2-OC80_minus_IAR4,diagnostic_400_500_nm,455.0,normal_20deg_DoLP,0.08276098972211483,0.058315203646641174,0.02444578607547366
IAR-C2-OC80_minus_IAR4,diagnostic_400_500_nm,456.0,normal_20deg_DoLP,0.056631591034546035,0.028027572650948306,0.02860401838359773
IAR-C2-OC80_minus_IAR4,diagnostic_400_500_nm,457.0,normal_20deg_DoLP,0.0379588348237245,0.026247135093896704,0.011711699729827798
IAR-C2-OC80_minus_IAR4,diagnostic_400_500_nm,458.0,normal_20deg_DoLP,0.033793461917262735,0.054950310961143535,-0.0211568490438808
IAR-C2-OC80_minus_IAR4,diagnostic_400_500_nm,459.0,normal_20deg_DoLP,0.03377589421142699,0.05943282317519328,-0.02565692896376629
IAR-C2-OC80_minus_IAR4,diagnostic_400_500_nm,460.0,normal_20deg_DoLP,0.023671325235158306,0.039325637040566346,-0.01565431180540804
IAR-C2-OC80_minus_IAR4,diagnostic_400_500_nm,461.0,normal_20deg_DoLP,0.031602201227621834,0.0212376279135396,0.010364573314082234
IAR-C2-OC80_minus_IAR4,diagnostic_400_500_nm,462.0,normal_20deg_DoLP,0.02900142207803744,0.019621851805951135,0.009379570272086305
IAR-C2-OC80_minus_IAR4,diagnostic_400_500_nm,463.0,normal_20deg_DoLP,0.04871807239375594,0.028457432307569797,0.02026064008618614
IAR-C2-OC80_minus_IAR4,diagnostic_400_500_nm,464.0,normal_20deg_DoLP,0.05533812297271844,0.04091116348831594,0.0144269594844025
IAR-C2-OC80_minus_IAR4,diagnostic_400_500_nm,465.0,normal_20deg_DoLP,0.05307776822796892,0.039675111736207656,0.013402656491761263
IAR-C2-OC80_minus_IAR4,diagnostic_400_500_nm,466.0,normal_20deg_DoLP,0.05419263995665822,0.037182775785353644,0.017009864171304574
IAR-C2-OC80_minus_IAR4,diagnostic_400_500_nm,467.0,normal_20deg_DoLP,0.057201200018035615,0.038034670109674165,0.01916652990836145
IAR-C2-OC80_minus_IAR4,diagnostic_400_500_nm,468.0,normal_20deg_DoLP,0.0683702543701635,0.047775478670596117,0.020594775699567386
IAR-C2-OC80_minus_IAR4,diagnostic_400_500_nm,469.0,normal_20deg_DoLP,0.0852151342058418,0.06460705531721479,0.020608078888627007
IAR-C2-OC80_minus_IAR4,diagnostic_400_500_nm,470.0,normal_20deg_DoLP,0.10647829886374037,0.08726642934770085,0.019211869516039523
IAR-C2-OC80_minus_IAR4,diagnostic_400_500_nm,471.0,normal_20deg_DoLP,0.12765744069725793,0.11056645923751045,0.01709098145974748
IAR-C2-OC80_minus_IAR4,diagnostic_400_500_nm,472.0,normal_20deg_DoLP,0.14096469704036796,0.12668034095513742,0.014284356085230543
IAR-C2-OC80_minus_IAR4,diagnostic_400_500_nm,473.0,normal_20deg_DoLP,0.14045268696908722,0.12909221306697796,0.011360473902109258
IAR-C2-OC80_minus_IAR4,diagnostic_400_500_nm,474.0,normal_20deg_DoLP,0.14349771462354888,0.1337387588280562,0.009758955795492685
IAR-C2-OC80_minus_IAR4,diagnostic_400_500_nm,475.0,normal_20deg_DoLP,0.14182332767761502,0.13298236063738852,0.008840967040226494
IAR-C2-OC80_minus_IAR4,diagnostic_400_500_nm,476.0,normal_20deg_DoLP,0.12583843577404222,0.1171322643525964,0.008706171421445821
IAR-C2-OC80_minus_IAR4,diagnostic_400_500_nm,477.0,normal_20deg_DoLP,0.11281187663732596,0.10876694143947968,0.0040449351978462805
IAR-C2-OC80_minus_IAR4,diagnostic_400_500_nm,478.0,normal_20deg_DoLP,0.10165728052541013,0.09827680703105285,0.003380473494357286
IAR-C2-OC80_minus_IAR4,diagnostic_400_500_nm,479.0,normal_20deg_DoLP,0.07436744173921288,0.07456365995653438,-0.00019621821732150602
IAR-C2-OC80_minus_IAR4,diagnostic_400_500_nm,480.0,normal_20deg_DoLP,0.035679020384884144,0.042167885288547674,-0.00648886490366353
IAR-C2-OC80_minus_IAR4,diagnostic_400_500_nm,481.0,normal_20deg_DoLP,0.010783717115380093,0.016446476956749338,-0.005662759841369245
IAR-C2-OC80_minus_IAR4,diagnostic_400_500_nm,482.0,normal_20deg_DoLP,0.040093084474572833,0.029787835992480676,0.010305248482092157
IAR-C2-OC80_minus_IAR4,diagnostic_400_500_nm,483.0,normal_20deg_DoLP,0.07264224539774104,0.06006286963520653,0.012579375762534512
IAR-C2-OC80_minus_IAR4,diagnostic_400_500_nm,484.0,normal_20deg_DoLP,0.10081325307487028,0.08901150687832791,0.011801746196542368
IAR-C2-OC80_minus_IAR4,diagnostic_400_500_nm,485.0,normal_20deg_DoLP,0.11972763029023839,0.11338873902792546,0.0063388912623129345
IAR-C2-OC80_minus_IAR4,diagnostic_400_500_nm,486.0,normal_20deg_DoLP,0.11931562616406524,0.1193318147696179,-1.618860555266388e-05
IAR-C2-OC80_minus_IAR4,diagnostic_400_500_nm,487.0,normal_20deg_DoLP,0.12874917129779354,0.13258492047479095,-0.003835749176997416
IAR-C2-OC80_minus_IAR4,diagnostic_400_500_nm,488.0,normal_20deg_DoLP,0.1254111413006344,0.1366590819160303,-0.011247940615395885
IAR-C2-OC80_minus_IAR4,diagnostic_400_500_nm,489.0,normal_20deg_DoLP,0.13787064844066366,0.15421564585745684,-0.016344997416793183
IAR-C2-OC80_minus_IAR4,diagnostic_400_500_nm,490.0,normal_20deg_DoLP,0.10155449673779912,0.12144924504744317,-0.01989474830964405
IAR-C2-OC80_minus_IAR4,diagnostic_400_500_nm,491.0,normal_20deg_DoLP,0.12606135075544625,0.14758802517760106,-0.021526674422154807
IAR-C2-OC80_minus_IAR4,diagnostic_400_500_nm,492.0,normal_20deg_DoLP,0.14763105667542625,0.168194490704317,-0.020563434028890742
IAR-C2-OC80_minus_IAR4,diagnostic_400_500_nm,493.0,normal_20deg_DoLP,0.14600914046409288,0.1673236129316194,-0.02131447246752652
IAR-C2-OC80_minus_IAR4,diagnostic_400_500_nm,494.0,normal_20deg_DoLP,0.1282412847612899,0.15069691156639808,-0.02245562680510818
IAR-C2-OC80_minus_IAR4,diagnostic_400_500_nm,495.0,normal_20deg_DoLP,0.10392604858987811,0.12702749510480452,-0.023101446514926405
IAR-C2-OC80_minus_IAR4,diagnostic_400_500_nm,496.0,normal_20deg_DoLP,0.08289225576093913,0.10707321029869238,-0.02418095453775325
IAR-C2-OC80_minus_IAR4,diagnostic_400_500_nm,497.0,normal_20deg_DoLP,0.06646046289020102,0.09213433629737533,-0.025673873407174308
IAR-C2-OC80_minus_IAR4,diagnostic_400_500_nm,498.0,normal_20deg_DoLP,0.024274275274437332,0.05391418726072625,-0.029639911986288917
IAR-C2-OC80_minus_IAR4,diagnostic_400_500_nm,499.0,normal_20deg_DoLP,0.02619767209410407,0.06127182239615294,-0.03507415030204887
IAR-C2-OC80_minus_IAR4,diagnostic_400_500_nm,500.0,normal_20deg_DoLP,0.06288600256810305,0.09331535853432756,-0.03042935596622451
